Run ID,Event ID,Track ID,Particle Name,Start Energy [eV],Start X [mm],Start Y [mm],Start Z [mm],Start Time [ns],Energy Deposited [eV],Track Weight,End X [mm],End Y [mm],End Z [mm],Final Time [ns],Volume Name
0 0 13 phononTS 0.00401551 1.665 1.25719 -0.127681 3924.27 0.00401551 1 -9.90062 6.62439 0.25 36270.2
0 0 12 phononL 0.0043608 1.665 1.25719 -0.127681 3924.27 0.0043608 1 1.05964 -0.582981 -0.25 8482.14
0 0 17 phononTS 0.00201008 0.540165 -1.37892 -0.0252614 9338.19 0.00201008 1 1.22149 -0.0356817 0.25 30007.6
0 0 16 phononTS 0.00540739 0.540165 -1.37892 -0.0252614 9338.19 0.00540739 1 0.252688 0.779965 0.25 17345.9
0 0 14 phononTS 0.00334352 -0.605387 1.11277 -0.118349 1203.37 0.00334352 1 -5.6947 9.9421 -0.25 17859.2
0 0 25 phononTS 0.00375942 0.358854 1.18381 0.0352457 14120.9 0.00375942 1 0.244227 0.711525 0.25 14572.5
0 0 24 phononTF 0.0026544 0.358854 1.18381 0.0352457 14120.9 0.0026544 1 0.325828 9.53282 -0.25 80146.7
0 0 22 phononTS 0.00358587 0.553201 -0.676464 -0.0349261 2912.84 0.00358587 1 9.97696 9.17223 0.25 23092.7
0 0 27 phononTF 0.0026929 1.97138 0.641965 -0.119862 3456.47 0.0026929 1 -8.51474 4.97288 -0.25 45383.6
0 0 26 phononTS 0.00513794 1.97138 0.641965 -0.119862 3456.47 0.00513794 1 -0.228329 0.324968 0.25 19329.6
0 0 18 phononTS 0.007943 -0.0110036 -0.00530181 -0.0377922 7.48899 0.007943 1 6.69563 -0.934003 -0.25 15005
0 0 35 phononL 0.00452618 -0.30206 -0.572801 -0.157158 593.798 0.00452618 1 7.9262 8.67072 -0.25 27862.2
0 0 34 phononTF 0.00646124 -0.30206 -0.572801 -0.157158 593.798 0.00646124 1 4.67961 0.651031 0.25 7209.27
0 0 37 phononL 0.00399535 -2.70886 0.288136 -0.140863 7127.85 0.00399535 1 -9.55053 4.19338 0.25 49097.3
0 0 39 phononL 0.00137106 -1.92917 -2.35824 -0.0161294 73708.4 0.00137106 1 -1.79559 -1.99963 -0.25 74268.4
0 0 38 phononTS 0.00145148 -1.92917 -2.35824 -0.0161294 73708.4 0.00145148 1 -9.51378 -9.67395 0.25 101277
0 0 30 phononTS 0.0106033 -0.00374958 0.0109775 -0.0335785 16.7812 0.0106033 1 1.388 -1.57987 0.25 5397.36
0 0 47 phononTS 0.00257719 2.96235 -1.6027 -0.178377 36560.3 0.00257719 1 -7.60066 -7.48553 0.25 47736.4
0 0 46 phononTS 0.00159947 2.96235 -1.6027 -0.178377 36560.3 0.00159947 1 4.67411 4.41826 -0.25 91704.2
0 0 44 phononTF 0.00568013 0.0815728 0.0255867 -0.0532762 72.9685 0.00568013 1 9.11177 -3.47957 -0.25 9495.76
0 0 53 phononTF 0.00394596 2.13943 -2.32604 0.0130636 8191.26 0.00394596 1 1.38212 -0.775976 0.25 25607.3
0 0 52 phononTF 0.00166309 2.13943 -2.32604 0.0130636 8191.26 0.00166309 1 6.78213 -8.25841 0.25 24208.3
0 0 50 phononTS 0.00386167 0.783291 -0.079001 0.129075 2927.42 0.00386167 1 2.10932 -0.651296 0.25 31589
0 0 48 phononTS 0.00392396 -0.0712907 0.0791821 -0.0900016 95.1422 0.00392396 1 2.846 0.891506 -0.25 8157.66
0 0 57 phononTS 0.00609643 0.1597 0.138617 0.238803 443.366 0.00609643 1 0.0101942 1.42795 -0.25 1465.37
0 0 56 phononTF 0.00634355 0.1597 0.138617 0.238803 443.366 0.00634355 1 2.26958 -0.247307 -0.25 10942.2
0 0 54 phononTF 0.00577104 0.0100866 0.0640633 0.0318994 70.161 0.00577104 1 -3.54404 -2.47196 -0.25 3419.84
0 0 67 phononL 0.00291714 -9.58509 2.49712 0.0763222 23550.8 0.00291714 1 -6.98267 -3.27111 -0.25 37491.3
0 0 66 phononTS 0.000513082 -9.58509 2.49712 0.0763222 23550.8 0.000513082 1 4.19017 9.34463 -0.25 65065.1
0 0 64 phononL 0.00343463 -0.588152 1.60838 0.249835 572.993 0.00343463 1 3.36109 7.97959 -0.25 64998.9
0 0 71 phononTS 0.00325068 0.802459 0.89447 0.127369 2235.61 0.00325068 1 -1.87876 -3.85979 -0.25 35637.9
0 0 70 phononL 0.00420746 0.802459 0.89447 0.127369 2235.61 0.00420746 1 4.49796 2.89968 -0.25 26824.5
0 0 73 phononTS 0.0019138 8.03642 0.62495 0.188353 63611.6 0.0019138 1 -3.65205 1.97656 -0.25 76767.9
0 0 72 phononL 0.002069 8.03642 0.62495 0.188353 63611.6 0.002069 1 6.69186 -5.32143 -0.25 89767.9
0 0 79 phononTF 0.00351035 -1.09672 4.07807 0.042469 18936.5 0.00351035 1 4.21321 1.07411 -0.25 28029.9
0 0 78 phononTF 0.00267298 -1.09672 4.07807 0.042469 18936.5 0.00267298 1 -2.16893 2.00848 -0.25 27197.1
0 0 81 phononTS 0.00373648 0.891905 0.968595 -0.0646642 13724.5 0.00373648 1 9.09727 9.71056 0.25 39619.7
0 0 80 phononTF 0.0036454 0.891905 0.968595 -0.0646642 13724.5 0.0036454 1 -5.68209 -4.82864 -0.25 78867
0 0 85 phononTF 0.00398492 -3.09082 -4.96248 0.0947365 11072.2 0.00398492 1 -9.87354 -0.397873 -0.25 35979.4
0 0 84 phononTS 0.00303761 -3.09082 -4.96248 0.0947365 11072.2 0.00303761 1 -9.7388 -9.43487 0.25 20892.9
0 0 87 phononTF 0.00231927 -0.680268 -0.418238 -0.0767216 559.603 0.00231927 1 -9.98869 -8.16589 0.25 12142.1
0 0 86 phononTS 0.00511026 -0.680268 -0.418238 -0.0767216 559.603 0.00511026 1 -2.59674 7.14055 -0.25 4344.57
0 0 95 phononTS 0.00309787 -4.7252 -1.13017 -0.220982 31896.5 0.00309787 1 2.34428 6.88707 -0.25 77953.7
0 0 94 phononL 0.0028595 -4.7252 -1.13017 -0.220982 31896.5 0.0028595 1 -4.94722 0.640549 0.25 42667.1
0 0 97 phononTF 0.00340485 -0.189852 0.630164 0.0696368 9033.75 0.00340485 1 -3.63219 3.19234 -0.25 17755.2
0 0 96 phononTS 0.00233159 -0.189852 0.630164 0.0696368 9033.75 0.00233159 1 -9.98968 -2.22714 -0.25 23409.5
0 0 90 phononL 0.00223651 -0.0609152 -0.14807 0.187523 148.651 0.00223651 1 -3.96514 0.966877 -0.25 9911.77
0 0 101 phononL 0.00370958 -0.478432 -1.16739 -0.0383916 1929.02 0.00370958 1 -0.506712 -1.36012 0.25 4052.63
0 0 100 phononTF 0.00358473 -0.478432 -1.16739 -0.0383916 1929.02 0.00358473 1 -8.90817 -3.95342 0.25 17000.1
0 0 98 phononTF 0.00463153 0.00364781 -0.893748 0.0332689 1659.4 0.00463153 1 -2.01722 3.51002 0.25 3973.71
0 0 115 phononTF 0.00253783 0.600183 -0.295062 0.236213 573.812 0.00253783 1 -4.07429 -0.280789 -0.25 2284.71
0 0 114 phononTF 0.00478259 0.600183 -0.295062 0.236213 573.812 0.00478259 1 -3.0151 -3.63681 -0.25 23971.8
0 0 117 phononTS 0.00578739 -1.76492 -0.241831 0.114251 4249.23 0.00578739 1 -2.80041 3.53603 0.25 12666.5
0 0 116 phononL 0.00371493 -1.76492 -0.241831 0.114251 4249.23 0.00371493 1 5.52426 -3.08181 0.25 32313.6
0 0 119 phononTS 0.00294645 1.00643 3.44204 0.0326393 8923.46 0.00294645 1 8.55757 6.47035 0.25 35201.8
0 0 121 phononTS 0.00300114 -3.33977 -6.97995 -0.0303955 18841.4 0.00300114 1 3.80369 4.90956 -0.25 34042.3
0 0 120 phononTF 0.00164257 -3.33977 -6.97995 -0.0303955 18841.4 0.00164257 1 -3.63547 5.63172 0.25 34966.5
0 0 125 phononL 0.00608747 -2.9519 0.639399 -0.198039 17370.1 0.00608747 1 -1.83117 8.06607 -0.25 36672
0 0 124 phononTS 0.00191815 -2.9519 0.639399 -0.198039 17370.1 0.00191815 1 -2.66562 -0.744452 -0.25 17776.5
0 0 129 phononL 0.00226656 -0.345103 -1.85603 0.226057 5342 0.00226656 1 -5.47954 -1.08298 0.25 10961.6
0 0 128 phononTF 0.00219523 -0.345103 -1.85603 0.226057 5342 0.00219523 1 1.49083 -0.629508 -0.25 45365.6
0 0 126 phononL 0.0053628 -1.30709 -0.126435 0.071482 1962.42 0.0053628 1 -0.14393 -6.65128 0.25 14473.2
0 0 137 phononTF 0.0036136 -4.33558 0.491663 -0.20976 4025.77 0.0036136 1 -9.54261 3.87748 -0.25 11229.4
0 0 136 phononTS 0.0015365 -4.33558 0.491663 -0.20976 4025.77 0.0015365 1 4.14559 2.68735 0.25 59018.7
0 0 134 phononTS 0.00473673 -0.767947 -0.39692 -0.0436475 1154.98 0.00473673 1 -5.51872 -3.01581 -0.25 24979
0 0 139 phononTF 0.00705803 0.298654 -0.838412 -0.135655 1225.68 0.00705803 1 1.03334 -0.24486 -0.25 1757.02
0 0 141 phononL 0.0024423 7.26518 3.60068 0.122741 15294.1 0.0024423 1 6.91585 2.51048 -0.25 15843
0 0 140 phononTS 0.000766758 7.26518 3.60068 0.122741 15294.1 0.000766758 1 9.77464 -1.65653 0.25 27361.8
0 0 145 phononTF 0.00423229 0.513762 -0.458089 0.0396317 4542.59 0.00423229 1 1.45416 -6.77281 0.25 28420.7
0 0 144 phononTF 0.00543294 0.513762 -0.458089 0.0396317 4542.59 0.00543294 1 -1.02474 -2.34491 -0.25 5863.28
0 0 142 phononTF 0.000663146 -0.132376 -0.442238 -0.214738 300.742 0.000663146 1 3.01677 -10 0.0965155 14028.7
0 0 157 phononTS 0.00275811 0.479784 -3.66776 -0.172102 26406.4 0.00275811 1 -5.43402 0.962733 0.25 37441
0 0 156 phononTS 0.00249143 0.479784 -3.66776 -0.172102 26406.4 0.00249143 1 0.732153 -9.506 0.25 50652.3
0 0 154 phononL 0.00326981 1.18807 -0.365344 0.225666 2614.92 0.00326981 1 6.41307 5.51649 0.25 16240.9
0 0 159 phononL 0.00160889 4.5307 -1.93771 0.208684 4148.06 0.00160889 1 3.65032 -1.53761 0.25 4502.28
0 0 158 phononTS 0.00372119 4.5307 -1.93771 0.208684 4148.06 0.00372119 1 6.39842 -0.880819 0.25 4620.15
0 0 163 phononTF 0.00411534 0.444273 0.140681 -0.0469752 1156.69 0.00411534 1 -2.33851 7.00807 -0.25 4799.34
0 0 162 phononTF 0.00667986 0.444273 0.140681 -0.0469752 1156.69 0.00667986 1 -0.968838 -2.18682 -0.25 11316
0 0 160 phononTF 0.00568527 0.0145112 0.00285792 -0.0296626 29.606 0.00568527 1 -2.11206 -2.49514 -0.25 3643.19
0 0 167 phononTS 0.00484222 -0.367243 0.823881 -0.0543519 3180.3 0.00484222 1 -5.57546 5.84421 0.25 8279.19
0 0 166 phononL 0.00651931 -0.367243 0.823881 -0.0543519 3180.3 0.00651931 1 -0.0977971 -0.472715 -0.25 4372.9
0 0 171 phononTS 0.00504306 -0.14867 0.112533 -0.134575 588.147 0.00504306 1 -0.906257 1.84982 0.25 1738.45
0 0 170 phononL 0.00676067 -0.14867 0.112533 -0.134575 588.147 0.00676067 1 0.454534 3.12102 -0.25 14637.9
0 0 168 phononTF 0.0031141 0.0515026 -0.039088 -0.0604591 252.833 0.0031141 1 1.36089 0.627787 -0.25 6909.16
0 0 179 phononTF 0.00392612 0.587742 0.237496 0.0876927 233.4 0.00392612 1 8.43218 -9.52079 -0.25 11887.7
0 0 178 phononTS 0.00441598 0.587742 0.237496 0.0876927 233.4 0.00441598 1 0.653348 1.3454 0.25 3313.98
0 0 183 phononTF 0.00510846 0.0929937 0.312156 -0.0466806 906.175 0.00510846 1 -10 6.01987 0.000163467 15620.2
0 0 185 phononTS 0.00334112 -1.61855 -4.41818 -0.225889 5009.91 0.00334112 1 0.668842 -3.20945 -0.25 14412.7
0 0 184 phononTS 0.00238421 -1.61855 -4.41818 -0.225889 5009.91 0.00238421 1 -0.267341 -8.21733 -0.25 9519.11
0 0 180 phononTS 0.00330796 0.0256078 0.0349509 0.00215282 64.8572 0.00330796 1 -9.28079 -1.91949 -0.25 5172.9
0 0 187 phononTF 0.00930196 -0.0124534 -0.0478898 -0.0125957 93.9512 0.00930196 1 0.683367 2.89491 0.25 7164.12
0 0 186 phononTF 0.0101458 -0.0124534 -0.0478898 -0.0125957 93.9512 0.0101458 1 -0.0167795 -0.186304 0.25 178.811
0 0 191 phononTF 0.00548846 -0.00862926 -0.660588 0.242297 721.183 0.00548846 1 -0.00743704 -0.308832 -0.25 827.252
0 0 193 phononTS 0.00309036 4.34394 -0.478093 -0.0701211 2001.28 0.00309036 1 6.70292 -1.36458 0.25 3566.61
0 0 192 phononL 0.00262134 4.34394 -0.478093 -0.0701211 2001.28 0.00262134 1 5.65796 -2.42347 -0.25 23253.1
0 0 197 phononTF 0.00325725 -1.76544 0.14525 -0.134739 7469.19 0.00325725 1 -5.11195 5.62807 -0.25 12390.6
0 0 196 phononL 0.00358457 -1.76544 0.14525 -0.134739 7469.19 0.00358457 1 7.2324 5.54585 0.25 21664.9
0 0 199 phononTS 0.00184528 0.00315883 -1.13336 -0.0846559 1820.43 0.00184528 1 -8.24094 -8.62574 0.25 15290.2
0 0 198 phononTS 0.00564244 0.00315883 -1.13336 -0.0846559 1820.43 0.00564244 1 -8.82315 9.52383 0.25 26670.4
0 0 209 phononL 0.00219443 -7.88954 -5.28471 0.0557658 10054.1 0.00219443 1 -8.03423 -3.05979 -0.25 10480.3
0 0 208 phononTF 0.00241364 -7.88954 -5.28471 0.0557658 10054.1 0.00241364 1 1.74208 -9.80866 -0.25 14433.8
0 0 206 phononTS 0.0067185 0.221182 -0.00470084 0.124488 98.6524 0.0067185 1 0.199749 1.18495 -0.25 2038.1
0 0 211 phononL 0.00248821 -2.63463 -2.57915 -0.0382282 11718.6 0.00248821 1 4.98311 2.68366 -0.25 79157.2
0 0 210 phononL 0.00422325 -2.63463 -2.57915 -0.0382282 11718.6 0.00422325 1 0.304988 -3.14554 0.25 26537.1
0 0 217 phononTS 0.00340058 -0.99552 0.00726491 0.150368 2479.05 0.00340058 1 -1.39575 5.15838 0.25 57346.8
0 0 216 phononL 0.00369846 -0.99552 0.00726491 0.150368 2479.05 0.00369846 1 9.48621 9.49005 0.25 16748.5
0 0 214 phononTS 0.00730485 0.150793 -0.186629 0.00447006 461.23 0.00730485 1 -0.128324 4.01988 -0.25 19457.8
0 0 219 phononL 0.00280058 3.18621 0.0151465 -0.132693 3847.52 0.00280058 1 -0.173799 -4.10193 -0.25 75586.5
0 0 218 phononTS 0.00612023 3.18621 0.0151465 -0.132693 3847.52 0.00612023 1 0.162659 1.15103 0.25 7934.65
0 0 227 phononL 0.00244446 -2.44043 1.545 -0.178853 21231.2 0.00244446 1 -3.23333 -4.14623 0.25 33076.9
0 0 226 phononL 0.00305823 -2.44043 1.545 -0.178853 21231.2 0.00305823 1 -5.04004 6.86257 -0.25 31075.9
0 0 224 phononTS 0.00788343 -0.0408302 -0.130025 0.0678402 814.663 0.00788343 1 1.46518 1.52328 0.25 6806.48
0 0 233 phononTF 0.00487308 3.00872 -0.185963 -0.088937 11846 0.00487308 1 -9.90892 4.06601 0.25 27174.5
0 0 232 phononTS 0.00388206 3.00872 -0.185963 -0.088937 11846 0.00388206 1 1.63284 1.73959 0.25 49554
0 0 235 phononL 0.00340637 -3.76243 -0.191112 -0.162182 11919.1 0.00340637 1 -5.00873 -4.17975 -0.25 44066.4
0 0 234 phononTS 0.00425349 -3.76243 -0.191112 -0.162182 11919.1 0.00425349 1 8.29255 -3.69419 -0.25 43067.6
0 0 237 phononTF 0.00595535 -0.280746 0.49162 0.139771 619.866 0.00595535 1 -0.24701 0.498614 -0.25 13615.5
0 0 236 phononL 0.00312237 -0.280746 0.49162 0.139771 619.866 0.00312237 1 6.6157 -3.64701 0.25 8256.31
0 0 245 phononTF 0.00182259 -9.48182 -5.67795 -0.17023 27057.1 0.00182259 1 -0.524181 6.39999 -0.25 111408
0 0 244 phononTS 0.0042776 -9.48182 -5.67795 -0.17023 27057.1 0.0042776 1 -2.56468 -3.54132 0.25 39851.6
0 0 242 phononTF 0.00115764 -1.10765 -1.65942 -0.0302299 4725.62 0.00115764 1 -1.05777 -4.72265 -0.25 22011.7
0 0 240 phononTF 0.00445881 0.27744 -0.117062 0.105903 950.554 0.00445881 1 -0.942504 5.42653 0.25 35042.4
0 0 249 phononTS 0.00501908 0.366786 0.0662144 -0.0719566 1098.32 0.00501908 1 2.43819 4.98917 0.25 2899.99
0 0 248 phononTS 0.00449815 0.366786 0.0662144 -0.0719566 1098.32 0.00449815 1 -1.33651 -0.975937 0.25 15482
0 0 253 phononTS 0.00409417 -0.750686 0.546159 0.108947 6717.87 0.00409417 1 -1.88579 0.213472 -0.25 12383.5
0 0 252 phononTF 0.00375054 -0.750686 0.546159 0.108947 6717.87 0.00375054 1 3.29185 6.55244 -0.25 11031.7
0 0 255 phononTS 0.00349484 3.0113 -2.18947 -0.0449149 10254.1 0.00349484 1 9.64639 -5.79266 0.25 25689.1
0 0 254 phononTS 0.00342784 3.0113 -2.18947 -0.0449149 10254.1 0.00342784 1 -8.23702 -3.39211 -0.25 54206.7
0 1 13 phononTF 0.0030767 1.13939 1.28634 0.0395728 10950.3 0.0030767 1 -8.80517 1.07957 0.25 35180.2
0 1 12 phononTS 0.00339937 1.13939 1.28634 0.0395728 10950.3 0.00339937 1 5.98863 -6.80898 0.25 51910.6
0 1 15 phononTS 0.0046083 0.175743 0.311247 -0.0460654 626.654 0.0046083 1 -2.73768 5.5614 -0.25 31396
0 1 14 phononTS 0.00553829 0.175743 0.311247 -0.0460654 626.654 0.00553829 1 -2.18056 -1.80724 -0.25 24669.4
0 1 19 phononTF 0.00521257 -0.218165 0.171264 0.0343276 205.608 0.00521257 1 -1.95509 4.10769 -0.25 9987.61
0 1 18 phononTS 0.00509991 -0.218165 0.171264 0.0343276 205.608 0.00509991 1 -8.32995 2.9346 -0.25 28871.8
0 1 21 phononTF 0.00407849 -2.38545 -2.62572 0.247073 4441.76 0.00407849 1 -5.17737 -6.09748 -0.25 58994
0 1 20 phononL 0.00377085 -2.38545 -2.62572 0.247073 4441.76 0.00377085 1 1.70043 -5.8269 -0.25 37726.9
0 1 31 phononL 0.00406526 -2.67424 0.117703 -0.056955 4303.68 0.00406526 1 -9.07053 4.29344 -0.25 28374.8
0 1 30 phononTS 0.00262848 -2.67424 0.117703 -0.056955 4303.68 0.00262848 1 -1.07297 -0.96568 -0.25 5459.88
0 1 28 phononTF 0.0012611 -1.40654 1.25837 0.132995 3625.59 0.0012611 1 -9.31222 -2.24708 0.25 61633.5
0 1 35 phononTF 0.00619966 0.335562 0.0987277 0.214404 996.771 0.00619966 1 0.0792962 -0.443668 -0.25 1447.8
0 1 34 phononTF 0.00494536 0.335562 0.0987277 0.214404 996.771 0.00494536 1 4.88755 -10 -0.151822 26940
0 1 32 phononTF 0.00583087 0.0534676 -0.0266544 -0.0863842 624.057 0.00583087 1 -5.22604 2.59545 0.25 30869.3
0 1 37 phononTS 0.00495131 -0.0865908 -0.115513 0.0054981 388.061 0.00495131 1 -0.337574 -7.1112 -0.25 5545.43
0 1 39 phononTS 0.004292 -0.0756626 -0.109933 0.00358915 392.527 0.004292 1 5.68527 -4.44512 0.25 28419.8
0 1 41 phononTS 0.00477453 1.62967 0.87605 -0.0302009 4777.59 0.00477453 1 0.396883 4.29353 0.25 7387.22
0 1 40 phononTS 0.0034353 1.62967 0.87605 -0.0302009 4777.59 0.0034353 1 -2.18079 1.3393 -0.25 7856.85
0 1 49 phononTS 0.00300482 -2.88398 -0.521344 -0.110578 2150.69 0.00300482 1 6.50468 -7.62528 -0.25 34965.4
0 1 48 phononTS 0.00329857 -2.88398 -0.521344 -0.110578 2150.69 0.00329857 1 -9.87526 -9.3359 0.25 10438.1
0 1 46 phononTS 0.00322828 -1.27376 -0.572722 0.0936218 789.861 0.00322828 1 -9.65745 -5.96463 0.25 10019.3
0 1 51 phononL 0.00269074 1.81456 -0.477321 -0.185083 3438.87 0.00269074 1 6.66862 -2.06319 0.25 9613.72
0 1 50 phononTF 0.00415278 1.81456 -0.477321 -0.185083 3438.87 0.00415278 1 -2.52637 -7.64414 0.25 7337.59
0 1 53 phononTS 0.00753862 -0.0380522 0.0382062 -0.072662 76.0251 0.00753862 1 -0.805621 -0.751692 -0.25 900.9
0 1 55 phononTS 0.00425738 -0.205728 0.754814 -0.131917 9123.4 0.00425738 1 5.34448 0.895801 0.25 20538.6
0 1 54 phononTF 0.00422177 -0.205728 0.754814 -0.131917 9123.4 0.00422177 1 -6.63943 1.23349 0.25 24788.7
0 1 65 phononTS 0.00247267 -0.0772137 3.52723 0.170169 3240.24 0.00247267 1 9.52758 0.695457 0.25 46925.3
0 1 64 phononTF 0.00375234 -0.0772137 3.52723 0.170169 3240.24 0.00375234 1 9.82923 9.53141 0.25 12200.4
0 1 67 phononL 0.00341069 -5.14526 0.544104 -0.204569 17345.4 0.00341069 1 6.93214 -1.77757 0.25 47490
0 1 66 phononTS 0.00212718 -5.14526 0.544104 -0.204569 17345.4 0.00212718 1 2.94013 -6.21695 0.25 34908.6
0 1 69 phononTF 0.00261156 0.11047 -0.378292 0.116108 86.0325 0.00261156 1 -0.317454 10 0.217275 35843.8
0 1 68 phononL 0.00471255 0.11047 -0.378292 0.116108 86.0325 0.00471255 1 -1.01439 -10 -0.201171 21751.8
0 1 71 phononTS 0.00544324 0.0324449 -0.045236 0.00249731 54.1953 0.00544324 1 -3.87164 -7.72426 -0.25 13812.9
0 1 75 phononTF 0.00272179 0.291826 -2.66123 -0.208257 15543.3 0.00272179 1 6.28425 3.16294 0.25 29230.4
0 1 77 phononTF 0.00224816 1.10355 -3.25532 -0.154924 16194.1 0.00224816 1 -0.0814013 -1.48954 -0.25 24687.8
0 1 76 phononTF 0.00231095 1.10355 -3.25532 -0.154924 16194.1 0.00231095 1 6.43045 0.339749 -0.25 25079.4
0 1 72 phononL 0.00464385 0.0465048 -0.596885 0.0897409 1325.37 0.00464385 1 -5.92187 -10 0.197865 17123.4
0 1 85 phononL 0.00457062 -0.0722347 -0.000263401 -0.180015 163.877 0.00457062 1 -5.66076 1.32894 -0.25 6444.64
0 1 84 phononTS 0.00679132 -0.0722347 -0.000263401 -0.180015 163.877 0.00679132 1 0.931677 0.373832 0.25 1411.9
0 1 87 phononTS 0.0029609 0.296962 -0.28434 0.0965816 1217.91 0.0029609 1 2.30621 -6.3149 -0.25 14745.1
0 1 89 phononTS 0.00227937 -5.3193 0.872565 0.153593 10696.8 0.00227937 1 8.69666 5.11904 -0.25 44721.6
0 1 88 phononTS 0.00419237 -5.3193 0.872565 0.153593 10696.8 0.00419237 1 -5.61047 -2.38612 -0.25 54652.9
0 1 93 phononTS 0.00401521 -0.789552 -1.40508 0.114537 962.41 0.00401521 1 -9.12918 -9.94456 0.25 26803.7
0 1 92 phononTS 0.00470795 -0.789552 -1.40508 0.114537 962.41 0.00470795 1 6.50321 5.5221 0.25 22452.7
0 1 95 phononTS 0.00280725 2.27327 -0.196274 -0.0616951 1478.87 0.00280725 1 -9.00329 -7.05973 -0.25 31879.5
0 1 94 phononTF 0.00384595 2.27327 -0.196274 -0.0616951 1478.87 0.00384595 1 -4.03317 -9.22285 -0.25 7109.09
0 1 99 phononTS 0.00931389 0.0966252 0.0647437 -0.0647359 407.083 0.00931389 1 0.192979 0.761029 0.25 3204
0 1 103 phononTS 0.00344635 -7.95367 9.69065 0.118347 30067.6 0.00344635 1 -5.74859 7.5688 -0.25 49761.1
0 1 102 phononL 0.00119441 -7.95367 9.69065 0.118347 30067.6 0.00119441 1 -8.02191 -2.16253 -0.25 45277.5
0 1 100 phononTS 0.00203663 0.537711 0.0359612 0.0060188 2483.93 0.00203663 1 -3.71684 3.55327 -0.25 22258.1
0 1 111 phononTS 0.00442156 -2.00533 1.09795 -0.23325 1914.81 0.00442156 1 -6.98236 9.6358 -0.25 24542.8
0 1 110 phononTS 0.00199213 -2.00533 1.09795 -0.23325 1914.81 0.00199213 1 10 7.84937 -0.000260743 63928.2
0 1 108 phononTS 0.00291136 0.159141 0.587444 0.135318 833.667 0.00291136 1 -9.22868 -9.05845 0.25 4424.48
0 1 106 phononTF 0.00457166 -0.253742 0.158693 0.192476 493.066 0.00457166 1 -0.146669 -0.890884 -0.25 3545.12
0 1 104 phononL 0.0023507 -0.258271 0.14261 0.237529 468.715 0.0023507 1 -0.578661 -8.729 0.25 43684.4
0 1 127 phononL 0.00361006 0.36451 2.13297 0.184062 10134 0.00361006 1 0.964837 5.38299 -0.25 19910.8
0 1 126 phononTS 0.00254474 0.36451 2.13297 0.184062 10134 0.00254474 1 -7.42315 -0.904677 0.25 12928.6
0 1 124 phononTS 0.00549008 0.333452 -0.485792 -0.0996027 3099.25 0.00549008 1 5.9737 3.95897 -0.25 12154.8
0 1 122 phononL 0.009551 0.0548992 -0.0163342 -0.034304 71.5994 0.009551 1 0.157288 -0.370418 0.25 627.981
0 1 131 phononTS 0.00313215 -1.27952 -0.413381 -0.00512411 1680.67 0.00313215 1 8.5606 5.94332 -0.25 5580.24
0 1 130 phononTF 0.00641229 -1.27952 -0.413381 -0.00512411 1680.67 0.00641229 1 0.708355 0.465064 -0.25 3322.08
0 1 137 phononL 0.00333628 5.19811 5.22789 0.227503 11740.1 0.00333628 1 -2.97188 4.63043 -0.25 16958.9
0 1 136 phononL 0.00232617 5.19811 5.22789 0.227503 11740.1 0.00232617 1 -9.89268 -1.38819 -0.25 68435.4
0 1 134 phononTF 0.00512503 0.513187 0.68006 0.00407135 1696.98 0.00512503 1 1.15638 1.86489 0.25 11112.8
0 1 132 phononTS 0.0040322 0.0660202 0.334465 -0.128975 939.104 0.0040322 1 -2.39917 1.70427 -0.25 13319.1
0 1 118 phononTS 0.0016205 -0.000289738 0.000506279 -0.0234707 1.02706 0.0016205 1 0.914052 1.28022 -0.25 41545.6
0 1 149 phononTS 0.0012873 0.816922 -2.1142 -0.150793 15966.4 0.0012873 1 9.3188 9.9368 0.25 91854.2
0 1 148 phononTF 0.00322438 0.816922 -2.1142 -0.150793 15966.4 0.00322438 1 8.19986 -2.10814 -0.25 31068.6
0 1 146 phononTF 0.00168721 0.896751 -0.521106 -0.0383051 13593.1 0.00168721 1 7.36526 1.22556 -0.25 90117.8
0 1 144 phononL 0.00187416 0.395198 -0.855152 -0.0911265 5695.33 0.00187416 1 -0.647522 -7.62981 0.25 20738.8
0 1 142 phononTS 0.00408415 0.359629 -0.191214 -0.0738956 1174.42 0.00408415 1 1.8437 0.242918 -0.25 9095.27
0 1 151 phononTS 0.00363351 0.242746 1.15507 0.156882 2089.47 0.00363351 1 9.94822 -4.00492 -0.25 37843
0 1 150 phononTF 0.00631948 0.242746 1.15507 0.156882 2089.47 0.00631948 1 -3.04745 -3.58492 -0.25 8725.06
0 1 159 phononTF 0.00635156 0.116448 0.0536177 -0.133628 682.645 0.00635156 1 2.32728 -0.612342 -0.25 9377.67
0 1 158 phononTF 0.00531763 0.116448 0.0536177 -0.133628 682.645 0.00531763 1 -0.757577 -9.63137 -0.25 17684.5
0 1 163 phononTS 0.00135065 -0.520241 1.89797 -0.192718 9938.73 0.00135065 1 -9.84618 -9.02857 0.25 39348.9
0 1 162 phononL 0.00262441 -0.520241 1.89797 -0.192718 9938.73 0.00262441 1 1.55033 -2.89043 0.25 45468.1
0 1 160 phononTF 0.00366515 -0.109386 0.572497 -0.0130765 638.887 0.00366515 1 3.77129 -8.51905 0.25 5555.77
0 1 165 phononTS 0.00648199 0.314947 -1.13268 -0.184226 2962.67 0.00648199 1 -4.30668 -5.72001 0.25 9361.81
0 1 164 phononTF 0.00260789 0.314947 -1.13268 -0.184226 2962.67 0.00260789 1 9.02527 6.68608 0.25 57842.1
0 1 167 phononTS 0.00451796 0.0603213 -0.0852724 -0.199034 56.3037 0.00451796 1 -6.43678 -5.92331 -0.25 26070.7
0 1 169 phononTS 0.00310073 1.45057 -0.240309 -0.182421 5289.47 0.00310073 1 3.33483 8.18532 -0.25 101342
0 1 168 phononTF 0.00318139 1.45057 -0.240309 -0.182421 5289.47 0.00318139 1 9.11894 9.59129 0.25 26742.6
0 1 173 phononTS 0.00505018 -0.290163 -0.266189 -0.163592 1126.27 0.00505018 1 7.5279 4.86425 -0.25 33699.6
0 1 175 phononTS 0.00229793 -6.52704 2.52614 0.031946 9181.27 0.00229793 1 6.97747 4.53184 0.25 74793.4
0 1 174 phononTF 0.00421014 -6.52704 2.52614 0.031946 9181.27 0.00421014 1 -0.259089 7.3073 -0.25 17961.5
0 1 177 phononL 0.00673727 -0.0355789 -0.13409 -0.0938434 117.256 0.00673727 1 1.90664 -0.974857 0.25 2985.91
0 1 176 phononTF 0.00320938 -0.0355789 -0.13409 -0.0938434 117.256 0.00320938 1 -10 -9.8113 -0.189506 7915.29
0 1 187 phononTF 0.00552699 0.155097 -2.09295 0.200894 2196.1 0.00552699 1 -4.61125 -1.41038 -0.25 24366.4
0 1 186 phononTS 0.00265413 0.155097 -2.09295 0.200894 2196.1 0.00265413 1 6.08937 7.34592 -0.25 17760.1
0 1 191 phononTF 0.00440997 -0.253964 1.31918 -0.172776 2220.03 0.00440997 1 -3.71278 4.71937 0.25 8372.08
0 1 190 phononTS 0.00179038 -0.253964 1.31918 -0.172776 2220.03 0.00179038 1 9.80518 -0.633957 0.25 11838.3
0 1 188 phononTF 0.0058831 0.100313 -0.00201113 -0.0991402 1586.69 0.0058831 1 -0.0682399 -0.178391 0.25 2217.44
0 1 195 phononTF 0.00571319 0.0142437 0.177197 -0.22501 446.255 0.00571319 1 -1.04829 -9.3197 0.25 8471.95
0 1 197 phononTS 0.00365851 1.67165 1.69499 -0.009814 2519.35 0.00365851 1 4.78857 -3.53898 -0.25 11306
0 1 196 phononTF 0.00443711 1.67165 1.69499 -0.009814 2519.35 0.00443711 1 4.55954 -7.66997 0.25 19433
0 1 199 phononTS 0.00280516 -1.57816 -0.907539 0.219825 5165.38 0.00280516 1 0.699179 9.77839 -0.25 58849.1
0 1 198 phononTF 0.00395731 -1.57816 -0.907539 0.219825 5165.38 0.00395731 1 -6.19365 -1.63353 -0.25 16195.5
0 1 209 phononTF 0.00450799 -0.425837 -0.229919 -0.020155 1303.53 0.00450799 1 7.23393 -6.66147 0.25 10124.6
0 1 208 phononTS 0.00433167 -0.425837 -0.229919 -0.020155 1303.53 0.00433167 1 3.7187 2.55065 0.25 35017.7
0 1 206 phononTS 0.00481222 -0.0456873 0.0508407 0.0211784 168.363 0.00481222 1 9.85849 9.00502 0.25 24465.5
0 1 204 phononTS 0.00685162 -0.0448354 -0.0115422 -0.0449942 49.3719 0.00685162 1 3.22044 4.83518 0.25 16651.9
0 1 213 phononTS 0.00688529 -0.00521932 -0.0372513 -0.24076 561.825 0.00688529 1 0.185703 -0.271777 0.25 676.391
0 1 215 phononTS 0.00168315 -0.952199 1.13853 0.0693842 3648.3 0.00168315 1 -9.38866 -3.74781 -0.25 14752.5
0 1 217 phononTS 0.00278706 3.31857 0.741654 -0.182296 16537.8 0.00278706 1 9.81361 9.84405 0.25 41778.5
0 1 216 phononTS 0.00305374 3.31857 0.741654 -0.182296 16537.8 0.00305374 1 9.08041 -0.959708 -0.25 20934.4
0 1 219 phononTF 0.00741302 -0.326427 -0.335405 0.123217 669.354 0.00741302 1 -0.151781 -0.345839 0.25 962.368
0 1 218 phononTF 0.00358045 -0.326427 -0.335405 0.123217 669.354 0.00358045 1 -0.443235 1.58315 0.25 1390.18
0 1 221 phononTF 0.00754251 -0.197765 -0.121922 -0.193207 244.649 0.00754251 1 0.745535 -0.65873 -0.25 841.016
0 1 223 phononTS 0.00376169 -0.742673 1.48491 0.0293925 8941.19 0.00376169 1 0.402646 7.61881 -0.25 22741.4
0 1 222 phononTS 0.00237452 -0.742673 1.48491 0.0293925 8941.19 0.00237452 1 4.88407 7.39369 0.25 16577.2
0 1 233 phononTS 0.00256027 0.85093 1.73581 0.201784 12443.2 0.00256027 1 -0.978769 6.24631 0.25 14598.9
0 1 232 phononL 0.00493941 0.85093 1.73581 0.201784 12443.2 0.00493941 1 1.14785 -6.56165 0.25 50400.1
0 1 235 phononTS 0.00303246 2.29002 0.238426 0.0442516 11180.3 0.00303246 1 9.95665 4.57823 -0.25 16006.6
0 1 234 phononL 0.00367262 2.29002 0.238426 0.0442516 11180.3 0.00367262 1 -5.49529 -5.46825 0.25 40902.2
0 1 237 phononTF 0.00327664 3.27109 1.42974 -0.0231831 7989.88 0.00327664 1 -7.58131 4.5626 -0.25 10229.2
0 1 236 phononTF 0.0035489 3.27109 1.42974 -0.0231831 7989.88 0.0035489 1 1.07082 -2.2008 -0.25 11400.7
0 1 241 phononL 0.00400036 1.69245 1.22555 0.18215 4100.59 0.00400036 1 2.08507 2.14132 0.25 10378.6
0 1 240 phononTF 0.00539904 1.69245 1.22555 0.18215 4100.59 0.00539904 1 0.305975 -3.5044 -0.25 7750
0 1 238 phononTS 0.0056196 0.0582635 -0.017075 -0.00971567 67.7681 0.0056196 1 3.85302 -0.466785 0.25 2439.54
0 1 245 phononL 0.00279595 -0.0172423 -0.767421 0.171271 1635.54 0.00279595 1 -0.186215 -8.96816 0.25 5249.46
0 1 247 phononTF 0.00334546 0.545899 -5.4035 -0.118405 27176.7 0.00334546 1 -9.84834 -9.76927 0.25 39791.3
0 1 246 phononTS 0.00208295 0.545899 -5.4035 -0.118405 27176.7 0.00208295 1 -0.337241 -0.871637 0.25 52982.1
0 1 249 phononTS 0.00338202 -0.354288 0.118109 -0.128087 479.733 0.00338202 1 0.62264 -8.92831 0.25 50863.9
0 1 251 phononL 0.00344681 3.72292 -2.67436 -0.140089 7827.9 0.00344681 1 -0.931046 3.25677 -0.25 26342.4
0 1 250 phononTS 0.00405584 3.72292 -2.67436 -0.140089 7827.9 0.00405584 1 -8.65718 -6.78523 -0.25 29664.8
0 2 13 phononTS 0.00694887 0.0696612 0.0318365 0.0124756 471.416 0.00694887 1 2.30872 -1.30146 0.25 5945.59
0 2 15 phononL 0.00398724 -0.833261 -0.848805 -0.120195 4192.32 0.00398724 1 -2.06618 -2.75588 0.25 50270.6
0 2 14 phononTF 0.00414224 -0.833261 -0.848805 -0.120195 4192.32 0.00414224 1 -0.476128 2.23689 -0.25 7775.29
0 2 10 phononTF 0.0030796 0.0244709 -0.0159168 0.0195544 45.9984 0.0030796 1 5.30334 -9.70213 0.25 16751
0 2 19 phononTS 0.00633911 -0.575513 -1.58484 0.0807556 3582.57 0.00633911 1 -0.6187 -0.271496 -0.25 34332.4
0 2 18 phononTF 0.00298094 -0.575513 -1.58484 0.0807556 3582.57 0.00298094 1 -7.04602 -9.79954 0.25 12282.6
0 2 25 phononL 0.00361521 -1.28344 -0.781163 -0.0331603 9185.8 0.00361521 1 -8.05988 -4.43699 0.25 13551.9
0 2 24 phononTF 0.00248676 -1.28344 -0.781163 -0.0331603 9185.8 0.00248676 1 6.1088 5.39221 0.25 85005.5
0 2 22 phononTS 0.00461123 0.15325 0.0314257 -0.0926442 529.197 0.00461123 1 0.997551 -1.36657 -0.25 1645.27
0 2 20 phononTS 0.00502519 0.0283436 -0.00845435 0.01759 160.786 0.00502519 1 -3.81394 -9.47061 -0.25 19407.7
0 2 35 phononTF 0.00504563 -0.60577 -1.08829 0.0951718 1896.35 0.00504563 1 -8.52557 -2.78599 0.25 28924.7
0 2 34 phononTF 0.00415933 -0.60577 -1.08829 0.0951718 1896.35 0.00415933 1 -3.90733 5.32036 0.25 14796.6
0 2 37 phononTS 0.00421056 -1.9186 1.09365 0.0465961 1045.68 0.00421056 1 -5.61831 2.52186 -0.25 2201.04
0 2 36 phononL 0.00150556 -1.9186 1.09365 0.0465961 1045.68 0.00150556 1 -1.88436 9.91489 0.25 72489
0 2 41 phononTS 0.00379523 1.01027 1.25902 -0.107445 854.872 0.00379523 1 0.938811 -1.53291 0.25 47446.5
0 2 40 phononTS 0.00330989 1.01027 1.25902 -0.107445 854.872 0.00330989 1 -9.8473 8.83185 0.25 14296.3
0 2 45 phononTS 0.00303126 5.52002 2.24466 -0.20134 31243.2 0.00303126 1 5.42066 5.42524 -0.25 32687.5
0 2 44 phononTF 0.00176793 5.52002 2.24466 -0.20134 31243.2 0.00176793 1 10 -2.66729 0.0730923 34540.2
0 2 42 phononTS 0.00257214 4.76913 -0.464425 0.0623302 11134.6 0.00257214 1 -9.19289 9.02366 0.25 40496.7
0 2 49 phononTF 0.00867335 -0.0018997 0.0287902 -0.0422018 32.1697 0.00867335 1 -0.320172 0.323331 0.25 315.397
0 2 51 phononTS 0.00348497 1.55361 -0.783162 -0.2306 3989.83 0.00348497 1 4.75941 -4.46304 0.25 29809.4
0 2 50 phononL 0.00336015 1.55361 -0.783162 -0.2306 3989.83 0.00336015 1 -9.90474 -9.87428 0.25 17583.8
0 2 53 phononTS 0.00554427 -0.142997 -0.731651 0.123248 536.86 0.00554427 1 -0.0637406 -0.64222 0.25 571.927
0 2 55 phononTS 0.00343581 5.04607 2.66315 0.153452 11641.7 0.00343581 1 1.13481 0.982297 0.25 21025.4
0 2 54 phononTS 0.00337686 5.04607 2.66315 0.153452 11641.7 0.00337686 1 0.172912 -0.73358 -0.25 14128.6
0 2 65 phononTS 0.00218214 -2.73292 -1.56295 0.174322 3340.07 0.00218214 1 -7.77858 7.38975 0.25 10573.2
0 2 64 phononTF 0.00469445 -2.73292 -1.56295 0.174322 3340.07 0.00469445 1 3.13768 8.75327 0.25 57164.5
0 2 62 phononTF 0.00382249 0.123387 0.454588 0.123261 1482.73 0.00382249 1 5.14108 7.49558 0.25 10052.3
0 2 67 phononTS 0.00415798 -0.0175587 -0.820029 0.121171 6457.61 0.00415798 1 -1.6493 1.42303 -0.25 39657.5
0 2 66 phononTF 0.00425459 -0.0175587 -0.820029 0.121171 6457.61 0.00425459 1 -0.621931 -7.35966 -0.25 24055.9
0 2 71 phononTF 0.00386395 -0.0960214 0.467651 0.184998 2125.3 0.00386395 1 2.46007 2.65185 0.25 10637.3
0 2 73 phononTS 0.00340058 -3.70193 -0.722062 -0.141803 4566.81 0.00340058 1 -9.85144 -9.67669 0.25 17170.2
0 2 72 phononL 0.00196019 -3.70193 -0.722062 -0.141803 4566.81 0.00196019 1 -9.13321 -9.29749 0.25 19716.8
0 2 75 phononTF 0.00248074 -2.67017 3.13895 -0.195854 5424.63 0.00248074 1 6.33726 -3.82028 -0.25 22486
0 2 74 phononTS 0.00328912 -2.67017 3.13895 -0.195854 5424.63 0.00328912 1 2.0382 5.81759 0.25 32217.3
0 2 79 phononTS 0.00649051 -0.219263 0.0488724 -0.0360653 505.445 0.00649051 1 -4.70456 4.10492 -0.25 12084.6
0 2 78 phononTF 0.0113858 -0.219263 0.0488724 -0.0360653 505.445 0.0113858 1 -1.25971 1.17497 -0.25 4164.36
0 2 81 phononTF 0.00237571 -2.02006 8.89032 0.17474 15365.5 0.00237571 1 0.43706 2.84857 -0.25 20461.4
0 2 80 phononL 0.00371687 -2.02006 8.89032 0.17474 15365.5 0.00371687 1 -8.84403 -7.98128 0.25 23158.7
0 2 89 phononTF 0.00602513 -0.620987 -0.304487 -0.210688 1946.86 0.00602513 1 1.12635 -9.69055 -0.25 12883.6
0 2 88 phononTS 0.00466745 -0.620987 -0.304487 -0.210688 1946.86 0.00466745 1 -0.617402 -2.21181 -0.25 11673.2
0 2 93 phononTS 0.00499999 -2.02519 -3.37292 0.113562 11596 0.00499999 1 -5.64398 9.25189 -0.25 49523.6
0 2 92 phononTS 0.00316054 -2.02519 -3.37292 0.113562 11596 0.00316054 1 10 5.64577 -0.0655369 25825.6
0 2 95 phononTF 0.00749547 -0.562633 -1.01176 -0.167414 1061.81 0.00749547 1 -0.211759 -0.7851 -0.25 1254.67
0 2 94 phononTS 0.00416194 -0.562633 -1.01176 -0.167414 1061.81 0.00416194 1 -1.93545 -0.853074 -0.25 3658.25
0 2 99 phononTS 0.00552301 0.085456 -0.0609622 -0.213641 554.645 0.00552301 1 0.719145 5.48148 -0.25 12229.2
0 2 101 phononTF 0.00466262 -0.0982744 -0.141625 0.118999 710.968 0.00466262 1 -0.403543 -5.09349 0.25 7890.11
0 2 103 phononTS 0.00292375 0.439954 1.23747 -0.0618026 13574 0.00292375 1 -0.948956 5.97565 0.25 64308.1
0 2 102 phononTF 0.00300417 0.439954 1.23747 -0.0618026 13574 0.00300417 1 0.1977 0.253648 0.25 14290.5
0 2 96 phononTS 0.00586501 -0.00210815 -0.00783775 -0.0219186 19.8514 0.00586501 1 9.9273 -9.37958 -0.25 27843.8
0 2 111 phononL 0.00570305 -0.421149 0.623412 -0.0735253 1366.66 0.00570305 1 -3.3136 0.632681 -0.25 12162.3
0 2 113 phononTS 0.00414327 -4.92639 -3.16332 0.05663 7059.13 0.00414327 1 7.27358 -0.526418 0.25 28613.8
0 2 112 phononTS 0.00205514 -4.92639 -3.16332 0.05663 7059.13 0.00205514 1 9.66385 9.1596 0.25 35710.6
0 2 117 phononTS 0.00337826 0.196516 0.422675 0.0169801 569.131 0.00337826 1 -3.5809 -4.33669 -0.25 2894.25
0 2 116 phononL 0.00654323 0.196516 0.422675 0.0169801 569.131 0.00654323 1 0.799764 3.32764 -0.25 24637.4
0 2 114 phononTS 0.00399061 0.092307 0.0322039 0.00831857 251.054 0.00399061 1 2.96459 9.35079 0.25 32296.7
0 2 123 phononTS 0.00483694 1.37777 1.32258 -0.190546 3076.33 0.00483694 1 -4.97989 -5.13665 0.25 13645.1
0 2 122 phononTF 0.00313403 1.37777 1.32258 -0.190546 3076.33 0.00313403 1 -4.5015 1.41308 0.25 6429.64
0 2 125 phononTF 0.00310756 3.87326 -2.07812 -0.0490946 6819.62 0.00310756 1 8.26179 -0.365617 -0.25 17173.6
0 2 124 phononTS 0.00147663 3.87326 -2.07812 -0.0490946 6819.62 0.00147663 1 0.0551643 3.69757 0.25 45716.9
0 2 118 phononTF 0.00533038 0.0011715 0.052765 -0.0315933 45.1136 0.00533038 1 -2.12868 4.9716 0.25 27062.3
0 2 131 phononTS 0.00304488 -1.16803 -0.650051 -0.0735135 11548.3 0.00304488 1 -9.02171 0.53307 0.25 22767.3
0 2 130 phononTS 0.00164862 -1.16803 -0.650051 -0.0735135 11548.3 0.00164862 1 -4.56599 1.13859 0.25 16880
0 2 128 phononTS 0.00446437 -0.484099 0.34191 0.139424 2437.79 0.00446437 1 -0.343631 -0.119006 0.25 5038.02
0 2 135 phononTF 0.00386454 -0.110619 0.131849 0.23338 947.559 0.00386454 1 -1.25722 3.17339 0.25 2102.26
0 2 137 phononTS 0.00255506 9.05159 7.95423 -0.178862 16513.6 0.00255506 1 5.91599 9.94865 0.25 19163.6
0 2 136 phononL 0.00240869 9.05159 7.95423 -0.178862 16513.6 0.00240869 1 -4.43462 -5.71006 -0.25 41675.2
0 2 139 phononTS 0.00497172 -2.1067 0.393987 0.132563 2996.87 0.00497172 1 7.99329 1.95028 0.25 18153.7
0 2 138 phononTS 0.00348888 -2.1067 0.393987 0.132563 2996.87 0.00348888 1 -9.44712 -9.05265 -0.25 35313.6
0 2 151 phononTS 0.00539456 -0.564858 -0.315189 -0.215862 1905.09 0.00539456 1 2.71629 -1.39343 0.25 4692.81
0 2 150 phononTS 0.00514185 -0.564858 -0.315189 -0.215862 1905.09 0.00514185 1 -1.59894 1.36007 -0.25 2414.83
0 2 159 phononTS 0.00563235 9.4626 2.17038 0.0649066 22703.8 0.00563235 1 4.20644 -2.56065 -0.25 41841.9
0 2 158 phononTS 0.000882327 9.4626 2.17038 0.0649066 22703.8 0.000882327 1 9.06559 -6.97227 0.25 119242
0 2 156 phononTS 0.00680073 0.344629 0.0771306 -0.0670916 312.992 0.00680073 1 -0.414719 1.16153 0.25 5361.7
0 2 154 phononTS 0.00581378 0.00557316 -0.01185 -0.0350434 43.2189 0.00581378 1 -1.21959 -0.401039 -0.25 3614.82
0 2 161 phononTF 0.00596714 -2.15851 -2.31611 -0.198962 7047.72 0.00596714 1 -3.73849 -5.53559 0.25 9044.17
0 2 160 phononTS 0.0038114 -2.15851 -2.31611 -0.198962 7047.72 0.0038114 1 9.26725 9.81215 0.25 36057.4
0 2 167 phononTF 0.00313107 -0.672963 -1.03089 -0.0730743 4018.3 0.00313107 1 -6.03489 -4.47812 -0.25 16191.5
0 2 166 phononTS 0.00274096 -0.672963 -1.03089 -0.0730743 4018.3 0.00274096 1 8.20764 6.03361 -0.25 14057.5
0 2 169 phononL 0.00358506 0.632655 -0.0972461 0.047278 1637.28 0.00358506 1 1.90915 0.926371 -0.25 3753.44
0 2 168 phononTF 0.00889273 0.632655 -0.0972461 0.047278 1637.28 0.00889273 1 0.828437 -0.267335 0.25 2029.8
0 2 171 phononTS 0.00492348 -1.90656 -1.01963 0.22396 4443.26 0.00492348 1 -2.24152 0.678186 -0.25 7779.87
0 2 170 phononTS 0.00427052 -1.90656 -1.01963 0.22396 4443.26 0.00427052 1 -8.319 -7.16402 0.25 10772.9
0 2 179 phononTF 0.00177031 3.82147 4.4092 -0.0930007 17401.4 0.00177031 1 3.67885 7.25374 0.25 20262.2
0 2 178 phononTF 0.00383464 3.82147 4.4092 -0.0930007 17401.4 0.00383464 1 -5.61532 3.15425 -0.25 100378
0 2 183 phononTF 0.00381848 -1.01614 3.20387 -0.16586 7674.39 0.00381848 1 -9.69381 -9.70543 0.25 33762.9
0 2 182 phononTF 0.00339928 -1.01614 3.20387 -0.16586 7674.39 0.00339928 1 4.40299 -2.20843 0.25 27759
0 2 180 phononTS 0.00228417 -0.878877 1.53154 0.0600565 4343.62 0.00228417 1 9.27592 9.08377 0.25 49377.8
0 2 185 phononTS 0.00449911 0.588408 -0.160105 0.0541715 1747.23 0.00449911 1 -0.306241 -0.767132 0.25 2541.67
0 2 184 phononL 0.00307758 0.588408 -0.160105 0.0541715 1747.23 0.00307758 1 3.94522 7.19711 0.25 18423
0 2 191 phononTS 0.00376923 0.241391 1.86342 0.042782 3595.51 0.00376923 1 3.1312 8.49236 -0.25 93600.3
0 2 190 phononTS 0.0033437 0.241391 1.86342 0.042782 3595.51 0.0033437 1 6.65336 4.5163 -0.25 9693
0 2 193 phononTS 0.00321865 0.0969664 -0.00753875 -0.0275363 77.4096 0.00321865 1 1.26949 4.38055 0.25 18108.7
0 2 195 phononL 0.00345125 2.66214 -0.577389 -0.0304421 11764.8 0.00345125 1 2.78401 -0.393107 0.25 11803.9
0 2 194 phononTS 0.00360553 2.66214 -0.577389 -0.0304421 11764.8 0.00360553 1 1.8979 -6.21037 0.25 19182.2
0 2 197 phononTF 0.00647523 -0.514861 -0.399994 -0.220202 1011.91 0.00647523 1 -0.527744 0.489145 -0.25 1485.14
0 2 199 phononTF 0.00255228 -1.4992 9.96403 -0.23608 52128.1 0.00255228 1 -0.416425 -0.352491 -0.25 66686.2
0 2 198 phononTS 0.00358346 -1.4992 9.96403 -0.23608 52128.1 0.00358346 1 -2.85456 0.953749 -0.25 57945.1
0 2 205 phononTF 0.00311362 6.24085 -2.83387 0.00846514 7695.63 0.00311362 1 4.66554 -3.99047 0.25 9052.98
0 2 204 phononTF 0.00395652 6.24085 -2.83387 0.00846514 7695.63 0.00395652 1 8.5502 -3.68008 -0.25 17611.2
0 2 207 phononTS 0.00466137 2.55374 -1.75743 0.245165 10776 0.00466137 1 2.49255 -3.31253 -0.25 11421.2
0 2 206 phononTS 0.00200628 2.55374 -1.75743 0.245165 10776 0.00200628 1 -10 -3.16339 -0.150754 26561.2
0 2 213 phononTS 0.00256918 -0.83668 -4.2392 0.163013 16811.1 0.00256918 1 9.13549 9.02145 0.25 41503.4
0 2 212 phononTS 0.00320629 -0.83668 -4.2392 0.163013 16811.1 0.00320629 1 9.04811 9.00002 0.25 36687.9
0 2 210 phononTF 0.003112 -1.36668 -2.37742 -0.237307 9104.46 0.003112 1 -0.858256 -2.50802 0.25 16249
0 2 208 phononTS 0.00573981 -0.00461674 -0.019965 0.0112901 32.1921 0.00573981 1 -1.22726 1.51926 -0.25 1625.39
0 2 223 phononTS 0.00501138 -1.55758 -1.42957 0.183957 2309.24 0.00501138 1 -2.93489 -3.74956 -0.25 5384.23
0 2 222 phononTS 0.00395814 -1.55758 -1.42957 0.183957 2309.24 0.00395814 1 7.20167 -10 -0.0202982 29262.5
0 2 220 phononL 0.00921995 -0.00777606 0.0292364 -0.0205294 17.4305 0.00921995 1 -0.805651 0.291233 -0.25 624.465
0 2 218 phononTF 0.00312431 -0.00868317 0.0278697 -0.0193878 17.2155 0.00312431 1 -1.29038 -0.159174 0.25 898.331
0 2 225 phononTS 0.00568099 0.648069 -0.249423 -0.231045 864.857 0.00568099 1 0.973587 -0.516737 -0.25 1025.55
0 2 224 phononTS 0.00473018 0.648069 -0.249423 -0.231045 864.857 0.00473018 1 7.00244 3.0438 -0.25 21440.5
0 2 229 phononTS 0.00583554 0.0138803 0.0328537 -0.0224231 43.4188 0.00583554 1 7.74711 0.775228 0.25 15358.6
0 2 233 phononL 0.00352407 0.432934 0.476966 -0.117376 3738.62 0.00352407 1 -8.45098 10 -0.0748595 20483.7
0 2 232 phononL 0.00287185 0.432934 0.476966 -0.117376 3738.62 0.00287185 1 -9.82536 -1.53917 -0.25 33800.2
0 2 237 phononL 0.00350645 -1.15311 0.508087 -0.0776362 2366.25 0.00350645 1 -9.028 2.29177 0.25 15800.2
0 2 236 phononL 0.00358389 -1.15311 0.508087 -0.0776362 2366.25 0.00358389 1 9.45566 -8.20235 0.25 54549.4
0 2 234 phononL 0.00287281 -0.239151 0.0609513 -0.207164 2008.35 0.00287281 1 2.51208 -1.99175 -0.25 5710.93
0 2 243 phononTS 0.00262271 5.39609 2.29421 -0.149619 9878.29 0.00262271 1 6.03769 -1.36255 0.25 56880.8
0 2 242 phononTS 0.00489872 5.39609 2.29421 -0.149619 9878.29 0.00489872 1 9.18712 6.23044 0.25 34686.5
0 2 240 phononTS 0.0015556 0.42474 -0.121662 -0.243706 426.833 0.0015556 1 -9.84078 7.70803 -0.25 25259.8
0 2 238 phononTS 0.00776811 0.0919733 0.0424838 0.00729292 228.648 0.00776811 1 -0.325965 -0.361867 0.25 2501.32
0 3 17 phononTF 0.00217819 0.427463 0.140417 0.00448874 1469.93 0.00217819 1 7.82089 9.90469 -0.25 56512
0 3 16 phononTS 0.00514887 0.427463 0.140417 0.00448874 1469.93 0.00514887 1 0.549666 -1.00361 -0.25 1980.66
0 3 14 phononTS 0.00402945 -0.0856366 -0.274966 0.00796412 1263.36 0.00402945 1 0.960316 3.89796 -0.25 37204.8
0 3 12 phononTS 0.00774578 -0.0305668 0.00750959 -0.0346968 17.5461 0.00774578 1 -3.78902 -0.637441 0.25 2207.94
0 3 19 phononTF 0.00302813 -3.22441 6.11561 0.0571489 48864.8 0.00302813 1 3.83369 8.13015 0.25 112649
0 3 18 phononTF 0.00183186 -3.22441 6.11561 0.0571489 48864.8 0.00183186 1 -4.99459 6.72234 0.25 99282.1
0 3 23 phononTS 0.00870891 -0.0112675 0.0808666 -0.110238 190.157 0.00870891 1 0.575444 -0.0508703 -0.25 3814.49
0 3 27 phononTS 0.00283774 2.43697 3.51474 -0.157762 5600.62 0.00283774 1 -4.2462 3.12953 0.25 12035.7
0 3 26 phononTS 0.00280833 2.43697 3.51474 -0.157762 5600.62 0.00280833 1 1.05419 -3.61302 0.25 66698
0 3 24 phononTS 0.00235624 -0.301634 0.958268 0.0512799 2571.85 0.00235624 1 8.54759 -0.0692672 -0.25 6720.04
0 3 29 phononTS 0.00524986 -0.527339 0.0812859 -0.175368 1521.95 0.00524986 1 2.67059 8.163 -0.25 22625.3
0 3 31 phononTS 0.00168048 1.71592 2.55466 -0.159897 34152 0.00168048 1 -3.81182 -0.740685 0.25 87179.7
0 3 30 phononTS 0.00210559 1.71592 2.55466 -0.159897 34152 0.00210559 1 7.49269 9.43692 -0.25 57823.3
0 3 39 phononL 0.00521849 -0.458948 0.40603 -0.245507 627.669 0.00521849 1 2.6004 4.83908 -0.25 4344
0 3 38 phononTF 0.00625632 -0.458948 0.40603 -0.245507 627.669 0.00625632 1 -3.48546 9.17295 -0.25 28098.5
0 3 36 phononTS 0.00657365 0.101899 0.178912 0.0348624 149.538 0.00657365 1 -0.714798 -0.349213 0.25 3688.81
0 3 43 phononTF 0.00434644 0.103803 0.213278 -0.0428849 4003.42 0.00434644 1 -9.74427 5.91183 0.25 73992.7
0 3 42 phononTS 0.00415274 0.103803 0.213278 -0.0428849 4003.42 0.00415274 1 -0.645607 3.92212 -0.25 45188.3
0 3 45 phononTS 0.00195772 0.608772 1.65963 -0.0732595 2203.02 0.00195772 1 4.98026 0.837716 -0.25 5797.35
0 3 47 phononTF 0.00360845 -3.20117 -0.0767773 0.158401 20017.2 0.00360845 1 -3.10172 -1.78088 -0.25 22269.9
0 3 46 phononL 0.00277257 -3.20117 -0.0767773 0.158401 20017.2 0.00277257 1 3.6235 1.50314 0.25 46754.2
0 3 51 phononTS 0.00744482 -0.0101146 -0.0269112 -0.0287868 88.6929 0.00744482 1 7.47489 6.5242 0.25 18828.1
0 3 53 phononTF 0.00530768 0.605109 0.100384 0.0279852 1197.33 0.00530768 1 4.76273 1.94341 0.25 10007.3
0 3 57 phononTF 0.00203113 1.17582 -0.249992 0.0248379 15039 0.00203113 1 10 9.62886 0.242235 29569.1
0 3 56 phononTF 0.00162213 1.17582 -0.249992 0.0248379 15039 0.00162213 1 7.48394 9.26551 -0.25 24212.5
0 3 54 phononTS 0.00280286 -0.275385 -4.31906 0.00994968 7748.3 0.00280286 1 -0.637492 -6.59362 0.25 14223.9
0 3 59 phononL 0.00644795 0.038188 0.0346025 -0.0325346 24.0333 0.00644795 1 -0.557023 0.788968 -0.25 1412.1
0 3 61 phononTF 0.00473414 -0.0656208 0.3464 0.181012 1465.02 0.00473414 1 -1.05881 -1.88833 -0.25 18959
0 3 60 phononTF 0.00505337 -0.0656208 0.3464 0.181012 1465.02 0.00505337 1 8.45867 6.5514 0.25 28120
0 3 65 phononTS 0.00284003 0.379923 -0.24628 -0.166153 836.109 0.00284003 1 -7.86985 9.31562 -0.25 41835.5
0 3 67 phononL 0.00449242 0.155509 0.392447 -0.156581 3042.82 0.00449242 1 -2.68936 0.18208 -0.25 6614.8
0 3 66 phononL 0.00475602 0.155509 0.392447 -0.156581 3042.82 0.00475602 1 -2.02037 -2.11683 -0.25 5383.09
0 3 69 phononTF 0.00288658 0.298064 0.927355 0.168385 1599.93 0.00288658 1 2.68687 0.779328 0.25 34620.8
0 3 68 phononTS 0.00436204 0.298064 0.927355 0.168385 1599.93 0.00436204 1 -9.76886 8.99475 -0.25 17080.9
0 3 83 phononTS 0.00262665 -1.10314 1.39944 0.00376731 8087.98 0.00262665 1 -3.20176 5.66942 -0.25 67760.8
0 3 82 phononTF 0.00338878 -1.10314 1.39944 0.00376731 8087.98 0.00338878 1 0.518332 -7.92493 -0.25 27792.9
0 3 85 phononL 0.00313361 -3.93892 4.2283 0.121926 15872.7 0.00313361 1 3.34161 5.2444 0.25 18033.9
0 3 84 phononTS 0.00230322 -3.93892 4.2283 0.121926 15872.7 0.00230322 1 -6.25199 2.48547 -0.25 20823.4
0 3 91 phononTS 0.00479503 1.94205 -1.56579 -0.174912 5231.6 0.00479503 1 0.568685 0.130339 0.25 6250.2
0 3 90 phononTS 0.00294609 1.94205 -1.56579 -0.174912 5231.6 0.00294609 1 5.57287 -0.904303 -0.25 20341.3
0 3 93 phononTS 0.00214052 -6.91742 6.02883 -0.032496 41030.1 0.00214052 1 6.08844 -3.09326 -0.25 64480.8
0 3 92 phononL 0.00174555 -6.91742 6.02883 -0.032496 41030.1 0.00174555 1 1.0842 4.49544 -0.25 147301
0 3 86 phononL 0.00116733 -0.00582192 -0.0924197 0.109576 118.456 0.00116733 1 -2.49803 4.23597 0.25 50068
0 3 99 phononTS 0.0041058 1.66806 1.90356 0.0695032 8437.37 0.0041058 1 1.15093 -0.888419 -0.25 10696
0 3 98 phononTS 0.00111609 1.66806 1.90356 0.0695032 8437.37 0.00111609 1 5.30693 9.07603 -0.25 33920.3
0 3 96 phononTF 0.00636663 -0.0206035 0.0199294 -0.0256733 15.9529 0.00636663 1 -2.31422 0.878339 0.25 5712.78
0 3 101 phononTF 0.0056999 -0.0411382 -0.00759791 -0.0469312 24.3348 0.0056999 1 5.0934 -6.97732 -0.25 14172.9
0 3 103 phononTS 0.0033745 -1.6997 0.76842 -0.0801164 10587.8 0.0033745 1 -2.50844 4.98064 0.25 15227.5
0 3 102 phononTF 0.00140252 -1.6997 0.76842 -0.0801164 10587.8 0.00140252 1 -8.4013 2.99447 0.25 20944.4
0 3 113 phononL 0.00361894 -3.87039 6.14702 -0.223473 37038.3 0.00361894 1 -6.82238 4.71569 -0.25 38968
0 3 112 phononTF 0.00272558 -3.87039 6.14702 -0.223473 37038.3 0.00272558 1 -4.04431 5.92619 0.25 37147.5
0 3 110 phononTF 0.00397776 -0.307493 -0.0248603 -0.019655 1035.72 0.00397776 1 -0.618488 -0.29042 0.25 1627.17
0 3 108 phononTF 0.00270703 -0.300804 -0.031863 -0.026225 1034.47 0.00270703 1 -4.57401 -0.102843 0.25 23746.4
0 3 115 phononTF 0.00572408 -0.07404 -0.127743 -0.101932 290.882 0.00572408 1 3.86648 7.31601 -0.25 16801.2
0 3 117 phononTF 0.00389846 -0.995299 0.150223 0.0415906 2194.33 0.00389846 1 -2.69985 -3.10086 -0.25 33878.3
0 3 116 phononTF 0.00554345 -0.995299 0.150223 0.0415906 2194.33 0.00554345 1 3.36622 -10 -0.24398 25631.7
0 3 121 phononTF 0.00574255 0.30698 -0.802635 -0.184963 2747.56 0.00574255 1 1.30513 -1.95738 0.25 8135.89
0 3 120 phononTS 0.00165168 0.30698 -0.802635 -0.184963 2747.56 0.00165168 1 -9.92947 -9.1445 0.25 15229.7
0 3 118 phononTS 0.00510898 0.00508019 -0.0160122 0.0296192 78.3312 0.00510898 1 6.32699 -0.383117 0.25 14866.2
0 3 131 phononTS 0.00258538 0.563265 -0.310421 -0.00666017 2479.1 0.00258538 1 -8.1797 1.0508 -0.25 24421.6
0 3 130 phononL 0.00343743 0.563265 -0.310421 -0.00666017 2479.1 0.00343743 1 4.72457 9.27544 0.25 17583.2
0 3 133 phononTF 0.0037161 0.267091 -0.11158 0.186404 214.833 0.0037161 1 4.34287 5.86698 0.25 45031
0 3 132 phononL 0.00482223 0.267091 -0.11158 0.186404 214.833 0.00482223 1 -0.427988 1.8974 0.25 2711.03
0 3 135 phononL 0.00492369 0.413902 -0.464513 -0.157004 399.421 0.00492369 1 -1.14327 -3.04015 -0.25 9784.13
0 3 137 phononTF 0.00587756 0.734479 0.621713 -0.103233 2733.18 0.00587756 1 -1.16491 -3.63778 -0.25 27264.3
0 3 136 phononTF 0.00246202 0.734479 0.621713 -0.103233 2733.18 0.00246202 1 8.92883 8.73446 -0.25 12814.9
0 3 143 phononTF 0.007217 0.0149664 0.0448604 -0.0728387 146.537 0.007217 1 0.667269 -3.5818 -0.25 7705.43
0 3 142 phononTS 0.00809263 0.0149664 0.0448604 -0.0728387 146.537 0.00809263 1 -5.28811 -0.101367 0.25 23880.8
0 3 147 phononTS 0.00458215 -0.194969 -0.305473 -0.138303 559.94 0.00458215 1 4.3437 3.39106 0.25 10323.2
0 3 149 phononTS 0.00344471 -0.649971 -0.271538 0.0811152 917.252 0.00344471 1 1.7943 -0.246365 -0.25 9501.26
0 3 151 phononTS 0.0049611 8.52467 3.03038 0.112482 14386.2 0.0049611 1 9.99389 0.0717104 0.25 34364
0 3 150 phononTS 0.00108994 8.52467 3.03038 0.112482 14386.2 0.00108994 1 4.54157 2.68537 0.25 63965.5
0 3 153 phononTS 0.00575466 -0.955617 -1.32091 0.0534429 1590.59 0.00575466 1 -0.785914 -10 0.0189658 9371.86
0 3 152 phononTF 0.00581459 -0.955617 -1.32091 0.0534429 1590.59 0.00581459 1 2.00495 5.6846 0.25 19341.6
0 3 155 phononL 0.00311703 1.19652 0.183532 -0.201499 1969.96 0.00311703 1 -7.51263 -5.18577 0.25 7280.51
0 3 154 phononTS 0.0058652 1.19652 0.183532 -0.201499 1969.96 0.0058652 1 -0.38507 1.00386 0.25 6120.56
0 3 169 phononTS 0.00375689 9.33607 2.02983 0.145621 6882.25 0.00375689 1 -0.390275 -8.46028 -0.25 39207.1
0 3 168 phononTF 0.00233552 9.33607 2.02983 0.145621 6882.25 0.00233552 1 2.24483 2.36141 0.25 16545.1
0 3 171 phononTF 0.00226685 -2.10682 5.49448 0.147747 23230.4 0.00226685 1 6.59957 -2.02537 0.25 73948
0 3 170 phononTS 0.00344452 -2.10682 5.49448 0.147747 23230.4 0.00344452 1 9.66078 9.45721 0.25 52333.8
0 3 164 phononTS 0.00644561 0.0178257 0.0208565 0.0226117 38.925 0.00644561 1 -3.01447 0.14409 -0.25 15327.9
0 3 162 phononTF 0.00328687 0.0220184 0.0288545 0.019644 29.178 0.00328687 1 -2.3578 -1.88298 0.25 1693.87
0 3 160 phononTS 0.00307641 0.0233719 0.0291755 0.0182637 28.964 0.00307641 1 3.82558 -8.86795 -0.25 34129.8
0 3 177 phononTF 0.00307908 0.29792 -0.765613 0.190959 1641.63 0.00307908 1 0.627138 0.63555 -0.25 3495.04
0 3 179 phononTF 0.00193399 -8.41969 4.81034 -0.0166574 6429.08 0.00193399 1 5.10062 2.14261 0.25 29056.3
0 3 178 phononTS 0.00334958 -8.41969 4.81034 -0.0166574 6429.08 0.00334958 1 -4.11328 -1.73001 -0.25 32887.3
0 3 181 phononTS 0.0043385 -0.145483 1.43042 0.116266 1694.17 0.0043385 1 -9.53392 2.03238 0.25 34976.9
0 3 180 phononTS 0.00316378 -0.145483 1.43042 0.116266 1694.17 0.00316378 1 -0.937099 -6.47695 0.25 16270.1
0 3 183 phononTS 0.00583112 0.29632 -0.225174 -0.145429 526.341 0.00583112 1 4.36806 -6.87383 -0.25 22198.5
0 3 182 phononTS 0.00768633 0.29632 -0.225174 -0.145429 526.341 0.00768633 1 -2.3783 -4.66659 -0.25 8729.4
0 3 189 phononTF 0.00408762 0.190775 -0.00339612 -0.163991 570.085 0.00408762 1 1.74483 5.49264 0.25 7748.56
0 3 191 phononTS 0.00316985 -0.0362232 -1.03927 -0.175059 1642.21 0.00316985 1 -5.68872 -1.26894 -0.25 4934.24
0 3 190 phononTF 0.00447721 -0.0362232 -1.03927 -0.175059 1642.21 0.00447721 1 2.83909 2.7592 0.25 14211.3
0 3 193 phononTS 0.00426012 1.76163 2.11544 0.154981 12784.6 0.00426012 1 -4.48911 -3.34312 -0.25 44402.1
0 3 192 phononTF 0.00140971 1.76163 2.11544 0.154981 12784.6 0.00140971 1 -0.570486 -8.53132 -0.25 59454.3
0 3 197 phononTS 0.00281226 -0.44853 1.72906 0.149538 4637.81 0.00281226 1 9.25695 9.14574 0.25 59558.8
0 3 196 phononL 0.00489975 -0.44853 1.72906 0.149538 4637.81 0.00489975 1 -1.55218 2.50092 -0.25 4830.7
0 3 194 phononTS 0.00633095 -0.00761993 -0.0313343 -0.185684 321.719 0.00633095 1 -1.47548 -3.71863 0.25 10570.4
0 3 207 phononTF 0.00409156 0.00385305 -0.329314 -0.206519 835.247 0.00409156 1 -6.37792 -10 0.105856 47834.8
0 3 206 phononTS 0.00383644 0.00385305 -0.329314 -0.206519 835.247 0.00383644 1 3.67336 -2.76496 -0.25 31139.7
0 3 209 phononL 0.00419004 -2.08066 3.22942 -0.0811699 8804.12 0.00419004 1 0.708775 -5.81252 -0.25 27559.2
0 3 208 phononTF 0.00225454 -2.08066 3.22942 -0.0811699 8804.12 0.00225454 1 -0.202775 0.290146 -0.25 13086.8
0 3 213 phononTS 0.00445804 1.97781 -0.199978 0.22036 3747.74 0.00445804 1 2.50609 2.4124 0.25 27481.3
0 3 212 phononTS 0.00460633 1.97781 -0.199978 0.22036 3747.74 0.00460633 1 5.10443 -9.1269 -0.25 12485.3
0 3 215 phononTS 0.00440619 -0.0529318 0.299287 -0.247465 3467.21 0.00440619 1 -0.00649335 -1.21185 0.25 21684.1
0 3 214 phononTS 0.0037198 -0.0529318 0.299287 -0.247465 3467.21 0.0037198 1 1.34336 3.89616 -0.25 14642.3
0 3 219 phononTF 0.00778927 1.64563 0.311482 0.14779 2911.46 0.00778927 1 5.54141 2.88297 0.25 10402.4
0 3 218 phononTF 0.00220172 1.64563 0.311482 0.14779 2911.46 0.00220172 1 4.2107 6.84928 0.25 8138.39
0 3 216 phononTS 0.00631746 0.0644092 -0.00818715 0.0497003 368.614 0.00631746 1 -6.64671 -0.370626 0.25 18939.4
0 3 231 phononTF 0.00217164 0.0747123 -0.454485 0.061665 1038.19 0.00217164 1 -9.37487 -9.51008 0.25 5574.76
0 3 233 phononTS 0.00207663 6.95812 -0.929469 0.0741044 35650.7 0.00207663 1 5.61474 -2.1191 -0.25 36946.6
0 3 232 phononTS 0.00233701 6.95812 -0.929469 0.0741044 35650.7 0.00233701 1 4.00554 5.75468 -0.25 39113.9
0 3 235 phononTS 0.0024291 0.317707 4.12815 0.0528197 9336.07 0.0024291 1 -5.785 7.32363 -0.25 13729.6
0 3 234 phononTF 0.00226028 0.317707 4.12815 0.0528197 9336.07 0.00226028 1 7.24017 -1.1461 0.25 19145.5
0 3 226 phononTS 0.00513019 0.0911145 -0.0214769 -0.0396813 90.6306 0.00513019 1 -6.73252 -4.58422 0.25 15664.2
0 3 237 phononL 0.00308044 1.29052 1.13661 0.160774 4455.59 0.00308044 1 9.69365 9.967 0.25 57091.2
0 3 236 phononTF 0.00703116 1.29052 1.13661 0.160774 4455.59 0.00703116 1 2.19444 1.05182 0.25 6871.21
0 3 222 phononTS 0.0110898 -6.67449e-05 -0.00267733 -0.0267156 9.31918 0.0110898 1 0.291263 0.116982 -0.25 180.101
0 3 243 phononTS 0.00423526 0.867941 -0.891303 0.1895 4204.81 0.00423526 1 3.36034 1.29246 -0.25 7558.37
0 3 242 phononTS 0.00290036 0.867941 -0.891303 0.1895 4204.81 0.00290036 1 0.842999 -0.902377 -0.25 4315.84
0 3 240 phononTS 0.00345353 0.59689 -0.54744 -0.0871959 4149.24 0.00345353 1 0.197062 -1.26867 0.25 4358.53
0 3 245 phononTS 0.00459185 -0.224137 -0.117779 -0.0845112 316.65 0.00459185 1 3.43669 -3.89632 0.25 27440.1
0 3 247 phononTS 0.00611419 -0.351534 -0.108748 -0.15101 404.144 0.00611419 1 0.714584 -7.19869 -0.25 5728.15
0 3 246 phononL 0.00363355 -0.351534 -0.108748 -0.15101 404.144 0.00363355 1 4.30372 1.04456 0.25 2637.03
0 4 15 phononTS 0.00766271 -0.571758 0.185444 0.127915 715.068 0.00766271 1 -1.83262 -1.56292 -0.25 2187.42
0 4 14 phononTF 0.00171688 -0.571758 0.185444 0.127915 715.068 0.00171688 1 9.31581 8.06763 -0.25 32643.5
0 4 17 phononL 0.00661765 0.00237468 -0.00831706 -0.0360818 14.5903 0.00661765 1 5.34327 3.29915 -0.25 13475.7
0 4 23 phononL 0.00193447 2.92787 0.0211239 0.0260631 7018.8 0.00193447 1 -1.01717 -0.349821 -0.25 10074.4
0 4 22 phononTS 0.00204165 2.92787 0.0211239 0.0260631 7018.8 0.00204165 1 5.31033 -2.28853 0.25 42819
0 4 20 phononTS 0.00317241 1.65411 0.128292 0.127736 2520.89 0.00317241 1 9.58492 -7.51346 0.25 12962.7
0 4 25 phononTS 0.00598297 -2.08444 -1.68414 0.210521 4244.08 0.00598297 1 -3.02049 -1.15945 -0.25 6382.54
0 4 24 phononTF 0.00281445 -2.08444 -1.68414 0.210521 4244.08 0.00281445 1 -3.75158 0.416429 0.25 5160.1
0 4 27 phononTS 0.00349352 -0.74876 2.39693 0.0834866 1727.22 0.00349352 1 -9.62778 -9.62943 0.25 16942.5
0 4 26 phononTF 0.00503976 -0.74876 2.39693 0.0834866 1727.22 0.00503976 1 -2.96137 -1.48049 -0.25 11761.9
0 4 31 phononTS 0.00926384 -0.0095493 -0.00866399 -0.0201765 6.92964 0.00926384 1 -0.775663 -0.463524 -0.25 2726.34
0 4 33 phononTS 0.00564463 -0.226795 0.231622 -0.172593 2497.37 0.00564463 1 1.41592 0.67085 -0.25 3666.55
0 4 32 phononTF 0.00489357 -0.226795 0.231622 -0.172593 2497.37 0.00489357 1 1.84084 -7.08583 -0.25 23095.9
0 4 28 phononL 0.00726755 -0.000388543 -0.000905404 -0.0210254 2.52818 0.00726755 1 -1.18435 -1.7583 -0.25 2389.6
0 4 41 phononTF 0.00187989 -2.41239 -1.74287 -0.236203 2032.85 0.00187989 1 -9.81632 -9.65286 0.25 17165.9
0 4 40 phononL 0.00430546 -2.41239 -1.74287 -0.236203 2032.85 0.00430546 1 -5.45257 -4.82174 -0.25 38379.4
0 4 43 phononTS 0.00229542 -0.0352497 0.349301 0.0830217 148.766 0.00229542 1 6.6833 1.29886 -0.25 2318.53
0 4 42 phononTF 0.00509292 -0.0352497 0.349301 0.0830217 148.766 0.00509292 1 6.26947 -2.15702 -0.25 8197.83
0 4 45 phononTS 0.00512809 0.0603487 -0.472924 0.0243103 2536.39 0.00512809 1 4.36876 -8.46312 0.25 40213.2
0 4 47 phononTS 0.00446384 -0.205289 -4.20331 -0.163031 8602.11 0.00446384 1 -6.22165 -1.33479 0.25 40917.2
0 4 46 phononL 0.0027075 -0.205289 -4.20331 -0.163031 8602.11 0.0027075 1 -1.36039 -3.54358 -0.25 9645.69
0 4 51 phononTS 0.00489805 -0.395712 0.163847 -0.0205189 170.172 0.00489805 1 0.578053 0.304551 -0.25 1329.55
0 4 50 phononTS 0.00439946 -0.395712 0.163847 -0.0205189 170.172 0.00439946 1 5.98364 -6.10658 -0.25 11491.8
0 4 53 phononTS 0.00622385 1.15501 1.73431 -0.0976568 4326.43 0.00622385 1 -5.51567 -10 -0.160905 36524.8
0 4 52 phononL 0.00340497 1.15501 1.73431 -0.0976568 4326.43 0.00340497 1 -4.54497 7.41257 0.25 15048.6
0 4 63 phononTS 0.0026178 -1.02364 0.478174 -0.153644 4890.98 0.0026178 1 -8.74113 8.18485 0.25 16191.1
0 4 65 phononTS 0.00384892 -5.69577 5.52418 -0.146211 13640.8 0.00384892 1 -5.50253 5.69525 0.25 13735.3
0 4 64 phononTS 0.00173792 -5.69577 5.52418 -0.146211 13640.8 0.00173792 1 -9.24686 -9.8493 0.25 51476.8
0 4 67 phononTS 0.00745687 -0.0219292 -0.0619667 -0.125154 112.852 0.00745687 1 2.10992 1.34303 0.25 15109.5
0 4 69 phononTF 0.00211879 0.723802 0.179957 -0.245572 1685.44 0.00211879 1 -8.69338 6.8044 -0.25 34032.2
0 4 68 phononL 0.00524602 0.723802 0.179957 -0.245572 1685.44 0.00524602 1 2.64713 2.31165 0.25 2810.16
0 4 71 phononTF 0.00639533 -0.0344925 -0.108027 0.00625737 127.155 0.00639533 1 0.211809 -2.31505 0.25 7223.01
0 4 70 phononTF 0.00396317 -0.0344925 -0.108027 0.00625737 127.155 0.00396317 1 10 -6.90553 -0.16682 30558.7
0 4 73 phononTF 0.0067983 0.0122746 -0.0064885 -0.0131883 4.16677 0.0067983 1 -5.12111 0.621612 -0.25 17897.1
0 4 79 phononTS 0.00282231 -8.6356 6.76339 -0.0388317 26538 0.00282231 1 -1.15108 -0.97534 -0.25 44144.5
0 4 78 phononTF 0.000982888 -8.6356 6.76339 -0.0388317 26538 0.000982888 1 -8.16378 9.30238 -0.25 43762
0 4 76 phononTS 0.00311914 -4.7324 2.01164 0.0539204 11625.1 0.00311914 1 -9.45738 -4.89039 0.25 22044.1
0 4 81 phononTS 0.00255139 -0.619993 -1.2343 0.165334 1418.47 0.00255139 1 -9.16137 0.0172262 0.25 38252
0 4 80 phononTS 0.00422281 -0.619993 -1.2343 0.165334 1418.47 0.00422281 1 -9.61266 -9.18598 0.25 31862.9
0 4 89 phononTS 0.00311804 -0.432744 1.80663 -0.0917108 6105.47 0.00311804 1 5.77085 -9.51783 -0.25 12338.1
0 4 88 phononTF 0.00466373 -0.432744 1.80663 -0.0917108 6105.47 0.00466373 1 -1.38632 6.70585 -0.25 27460.7
0 4 86 phononL 0.00454248 -0.00258007 -0.666325 0.0811037 949.12 0.00454248 1 -3.9067 -0.628627 0.25 8989.93
0 4 91 phononTF 0.00447803 -0.0607905 -0.0508028 0.051776 127.865 0.00447803 1 0.825887 6.27663 0.25 4523.7
0 4 95 phononTS 0.0041974 -0.0665885 0.844115 -0.174982 1523.67 0.0041974 1 -9.68373 -9.51676 0.25 25085.6
0 4 94 phononL 0.00203845 -0.0665885 0.844115 -0.174982 1523.67 0.00203845 1 -6.65559 -2.99114 0.25 22283.2
0 4 97 phononTF 0.00519177 1.90868 -2.32986 0.000886944 5350.49 0.00519177 1 2.92159 -4.81885 0.25 8404.68
0 4 96 phononTF 0.00240123 1.90868 -2.32986 0.000886944 5350.49 0.00240123 1 6.82439 -1.93791 -0.25 8482.61
0 4 105 phononTF 0.00453751 1.25508 -0.459751 -0.0840697 14516.5 0.00453751 1 -5.10789 1.63584 0.25 18988.2
0 4 104 phononTS 0.00353233 1.25508 -0.459751 -0.0840697 14516.5 0.00353233 1 4.11495 -4.29498 0.25 47967.9
0 4 109 phononTS 0.00358758 -2.84558 -0.732082 -0.196584 5775.71 0.00358758 1 -1.40532 -8.58715 -0.25 9969.94
0 4 108 phononTS 0.00472454 -2.84558 -0.732082 -0.196584 5775.71 0.00472454 1 -6.92527 -2.57045 -0.25 22193.7
0 4 106 phononL 0.0041729 0.0849241 0.0198315 -0.0337613 439.567 0.0041729 1 5.24001 0.851999 0.25 2284.47
0 4 113 phononL 0.00354523 0.408489 -0.640624 0.143452 1013.25 0.00354523 1 -1.59188 3.98909 0.25 18237.7
0 4 115 phononTS 0.00339587 0.273474 -1.0131 -0.225446 1232.71 0.00339587 1 9.22996 -1.85245 -0.25 24406.2
0 4 114 phononTS 0.00326786 0.273474 -1.0131 -0.225446 1232.71 0.00326786 1 -5.23255 -1.83824 0.25 16460
0 4 117 phononTF 0.00309403 -0.492607 0.0665534 0.0488792 737.824 0.00309403 1 -4.53864 -2.90554 -0.25 13975.9
0 4 119 phononTS 0.00419759 -0.75734 -0.190662 -0.239349 4273.77 0.00419759 1 -0.50926 1.16141 -0.25 35308.5
0 4 118 phononTS 0.00206945 -0.75734 -0.190662 -0.239349 4273.77 0.00206945 1 -9.18685 2.44775 0.25 9726.16
0 4 125 phononL 0.0042522 0.221456 -0.0766188 0.176285 418.691 0.0042522 1 7.12487 -1.29291 0.25 44984
0 4 127 phononTS 0.0033533 2.54723 -4.45943 0.0326198 14200.8 0.0033533 1 4.02297 -3.84084 -0.25 65571.8
0 4 126 phononTF 0.00247693 2.54723 -4.45943 0.0326198 14200.8 0.00247693 1 -9.20313 4.83159 0.25 22915.7
0 4 131 phononTS 0.00240287 -2.05563 6.73579 0.138469 21343.8 0.00240287 1 -8.70773 -2.85162 0.25 79979.7
0 4 133 phononTF 0.00224431 0.382028 -4.51608 -0.064284 74259.7 0.00224431 1 4.08123 -8.71606 -0.25 87417.1
0 4 132 phononTS 0.00235156 0.382028 -4.51608 -0.064284 74259.7 0.00235156 1 -8.58993 -6.20813 0.25 89969.7
0 4 128 phononTF 0.00151064 -1.97796 3.70615 0.199918 9792.24 0.00151064 1 -5.90234 5.47887 0.25 13392.8
0 4 120 phononTS 0.0052701 -0.00302254 -0.000104901 -0.024893 0.621843 0.0052701 1 -0.0857456 -10 -0.215834 65931.3
0 4 141 phononL 0.00705161 0.00475492 0.00147759 -0.0247394 6.57678 0.00705161 1 -2.928 -1.83397 0.25 6806.39
0 4 147 phononTF 0.00222761 -0.22302 0.622325 0.119858 6536.35 0.00222761 1 9.47692 -3.91325 -0.25 31094.3
0 4 146 phononTF 0.00370216 -0.22302 0.622325 0.119858 6536.35 0.00370216 1 -9.82034 -9.45036 0.25 36932.4
0 4 144 phononTS 0.0111406 0.0338795 0.0322439 -0.0994085 410.793 0.0111406 1 -0.0839441 -0.21628 0.25 1530.66
0 4 142 phononTS 0.00365731 0.00941581 -0.00201038 -0.0492505 355.165 0.00365731 1 9.71492 -5.58713 -0.25 3896.81
0 4 153 phononTS 0.00700366 0.0447597 0.0721013 -0.0262177 104.51 0.00700366 1 0.445113 0.77973 -0.25 640.871
0 4 155 phononL 0.00443711 0.0635062 0.0961947 0.0151431 268.412 0.00443711 1 1.633 2.49044 0.25 35875.9
0 4 154 phononL 0.00370718 0.0635062 0.0961947 0.0151431 268.412 0.00370718 1 -4.54555 -0.042079 0.25 1185.92
0 4 150 phononTF 0.00418976 -0.0119168 0.0196211 -0.0375797 20.6655 0.00418976 1 4.5771 -9.78931 -0.25 7668.32
0 4 163 phononTS 0.00245061 -1.35446 3.28314 -0.173063 38123.6 0.00245061 1 2.14223 -4.20145 -0.25 57654.4
0 4 162 phononTS 0.00298345 -1.35446 3.28314 -0.173063 38123.6 0.00298345 1 6.36374 5.17675 0.25 81495.5
0 4 160 phononTS 0.0036967 0.323166 0.33235 0.186664 5463.2 0.0036967 1 -3.17063 1.07696 0.25 9202.94
0 4 165 phononL 0.00298549 -0.422001 2.14992 0.155453 6546.28 0.00298549 1 5.42329 9.63382 0.25 14260.9
0 4 164 phononTF 0.00492884 -0.422001 2.14992 0.155453 6546.28 0.00492884 1 1.77331 -5.36626 0.25 24090.6
0 4 171 phononTF 0.00213512 -3.92873 -1.55026 0.07298 8099.76 0.00213512 1 3.95595 -9.98147 0.25 44613.8
0 4 170 phononTS 0.00441857 -3.92873 -1.55026 0.07298 8099.76 0.00441857 1 -7.67613 0.282604 0.25 19700.4
0 4 173 phononTF 0.00335132 -0.347883 2.03679 0.237217 3432.56 0.00335132 1 1.52839 -1.36114 -0.25 27195.7
0 4 172 phononTS 0.00362902 -0.347883 2.03679 0.237217 3432.56 0.00362902 1 7.48218 5.12528 -0.25 18080.8
0 4 166 phononTS 0.0073151 0.0253837 0.00564763 -0.0158617 16.3401 0.0073151 1 1.32474 -3.94952 -0.25 16686.8
0 4 179 phononL 0.00522174 -0.0233801 0.0341022 -0.130994 109.23 0.00522174 1 -2.01848 -1.94191 -0.25 59087.9
0 4 178 phononTF 0.00876185 -0.0233801 0.0341022 -0.130994 109.23 0.00876185 1 0.00362145 0.0392943 -0.25 139.041
0 4 181 phononTS 0.00606946 -0.0337625 0.0418482 0.0653587 97.2553 0.00606946 1 -0.581533 -0.573034 -0.25 1026.96
0 4 180 phononTF 0.00484073 -0.0337625 0.0418482 0.0653587 97.2553 0.00484073 1 -5.61162 1.97952 -0.25 3156.91
0 4 187 phononL 0.00248131 -3.37916 1.66926 0.0940158 6932.48 0.00248131 1 -3.41759 0.464818 -0.25 8497.58
0 4 189 phononTF 0.00354649 -2.79005 -2.69858 0.110236 9142.6 0.00354649 1 -9.9138 2.76663 -0.25 47591.7
0 4 188 phononTF 0.00215423 -2.79005 -2.69858 0.110236 9142.6 0.00215423 1 -3.4908 -4.14155 -0.25 9879.53
0 4 184 phononTS 0.00167252 -0.0435729 0.761471 -0.111635 953.639 0.00167252 1 -1.34062 -8.80528 0.25 14578.9
0 4 193 phononTF 0.00615295 0.452653 -0.357036 -0.0592439 526.629 0.00615295 1 0.144466 -3.20974 0.25 10504.7
0 4 192 phononL 0.00333248 0.452653 -0.357036 -0.0592439 526.629 0.00333248 1 -6.33348 -0.731514 0.25 4475.4
0 4 195 phononTS 0.00210098 -2.1642 2.59489 0.0575774 17905.3 0.00210098 1 6.8914 6.38044 0.25 23848.3
0 4 194 phononTS 0.00315365 -2.1642 2.59489 0.0575774 17905.3 0.00315365 1 3.12624 3.41879 -0.25 19624.2
0 4 203 phononTF 0.00391639 0.610239 -0.124308 -0.0109959 799.712 0.00391639 1 -4.8717 -2.36472 0.25 41496.3
0 4 202 phononTF 0.00669391 0.610239 -0.124308 -0.0109959 799.712 0.00669391 1 -0.0462117 2.87464 0.25 5144.14
0 4 205 phononTF 0.00542455 1.12229 -0.3321 -0.227703 4393.19 0.00542455 1 -1.1991 4.93109 -0.25 22814.6
0 4 204 phononTS 0.00445893 1.12229 -0.3321 -0.227703 4393.19 0.00445893 1 0.0866034 5.94435 -0.25 46049.1
0 4 209 phononTS 0.00383425 -2.54144 1.09223 0.0638256 6280.73 0.00383425 1 -2.54575 -6.9484 0.25 50813
0 4 208 phononTS 0.00433659 -2.54144 1.09223 0.0638256 6280.73 0.00433659 1 -0.627316 -0.330246 0.25 10200.7
0 4 211 phononTF 0.00252076 -4.31343 3.72963 -0.220851 8828.82 0.00252076 1 6.62343 9.99495 -0.25 34261
0 4 213 phononTS 0.00189903 -3.38109 3.75922 -0.208507 9172.1 0.00189903 1 -9.99219 4.91959 -0.25 62970.3
0 4 212 phononTS 0.00250381 -3.38109 3.75922 -0.208507 9172.1 0.00250381 1 9.14335 -7.06961 0.25 72739.3
0 4 221 phononTS 0.00496225 0.0338177 -0.00320435 0.0365984 179.615 0.00496225 1 -8.59607 10 -0.239285 100887
0 4 223 phononTS 0.00573995 -0.864452 -1.22072 -0.13239 3621.36 0.00573995 1 -2.74744 0.98138 -0.25 9287.84
0 4 222 phononTS 0.00383629 -0.864452 -1.22072 -0.13239 3621.36 0.00383629 1 -6.31257 5.39661 -0.25 13179.1
0 4 218 phononTF 0.00294268 0.0243707 -0.00930083 0.0283889 178.117 0.00294268 1 -1.51412 5.5386 -0.25 34391.9
0 4 227 phononTS 0.00387148 1.07825 0.506066 -0.185313 7148.49 0.00387148 1 -3.29333 -9.85704 -0.25 15810.4
0 4 226 phononTF 0.00450518 1.07825 0.506066 -0.185313 7148.49 0.00450518 1 -6.60251 5.51252 0.25 36370.2
0 4 229 phononTS 0.00299251 -0.509284 3.30891 0.0480133 21184.4 0.00299251 1 -7.58532 6.92824 -0.25 34952.8
0 4 228 phononTS 0.0029718 -0.509284 3.30891 0.0480133 21184.4 0.0029718 1 -2.90723 -7.33462 0.25 48509.8
0 4 239 phononTS 0.00319681 0.108145 6.75934 -0.0692257 9797.81 0.00319681 1 0.30465 7.42944 -0.25 10034
0 4 238 phononTF 0.00198012 0.108145 6.75934 -0.0692257 9797.81 0.00198012 1 -1.27202 10 -0.105212 23997
0 4 236 phononL 0.00396167 0.105817 1.27681 -0.204647 1443.67 0.00396167 1 -9.30585 -2.5381 0.25 17031.1
0 4 234 phononTS 0.00761588 0.007058 -0.105742 -0.110711 150.512 0.00761588 1 0.855308 -3.19797 -0.25 5336.27
0 4 241 phononTS 0.00253545 2.68614 -1.41894 -0.154265 9492.18 0.00253545 1 9.87349 10 -0.0669742 23591.6
0 4 240 phononL 0.00486414 2.68614 -1.41894 -0.154265 9492.18 0.00486414 1 2.12193 0.068519 -0.25 12501.8
0 4 247 phononTF 0.00135755 0.165686 4.91884 -0.210743 25766.9 0.00135755 1 9.36786 9.41803 0.25 92916.9
0 4 246 phononTS 0.00169276 0.165686 4.91884 -0.210743 25766.9 0.00169276 1 -9.96947 -9.47568 0.25 46696.8
0 4 249 phononTF 0.00127763 -6.85911 2.02763 -0.0440265 25572.4 0.00127763 1 -3.23653 -4.00269 -0.25 46787.2
0 4 248 phononTS 0.00292065 -6.85911 2.02763 -0.0440265 25572.4 0.00292065 1 0.49744 2.2797 -0.25 47193.7
0 4 242 phononTF 0.00584223 -0.0514398 -0.329802 0.16752 180.112 0.00584223 1 0.728475 -8.63453 0.25 26503.4
0 5 17 phononL 0.00389573 -0.659484 -0.458156 0.0166809 618.601 0.00389573 1 -1.40484 2.89662 0.25 2616.04
0 5 16 phononTS 0.00375671 -0.659484 -0.458156 0.0166809 618.601 0.00375671 1 -0.859073 2.51466 -0.25 20499.9
0 5 14 phononTS 0.00640934 -0.0664496 0.0389269 0.0218458 167.749 0.00640934 1 3.84665 7.43403 0.25 14390.6
0 5 23 phononTS 0.00170848 5.61821 -8.85324 0.120812 48424.5 0.00170848 1 10 -4.62319 -0.20603 50699.6
0 5 25 phononTF 0.00162608 3.1911 -2.51759 -0.227082 59601.8 0.00162608 1 -0.672286 0.381603 0.25 65567.5
0 5 24 phononTF 0.00136207 3.1911 -2.51759 -0.227082 59601.8 0.00136207 1 1.48628 8.90588 0.25 106433
0 5 27 phononTF 0.00368365 0.268327 0.858203 0.0791632 1833.06 0.00368365 1 3.48414 -5.73098 0.25 23789.7
0 5 26 phononTF 0.00305879 0.268327 0.858203 0.0791632 1833.06 0.00305879 1 -4.18026 9.90455 -0.25 6095.58
0 5 29 phononL 0.00332367 -2.65401 -2.18901 0.106312 7318.13 0.00332367 1 6.69967 -8.59127 0.25 14857.3
0 5 28 phononTS 0.00310516 -2.65401 -2.18901 0.106312 7318.13 0.00310516 1 2.9186 -8.91293 -0.25 75907.4
0 5 33 phononL 0.00481316 -0.0332667 0.0707505 -0.076578 54.8287 0.00481316 1 2.13902 -5.43068 0.25 36606.7
0 5 35 phononTS 0.00416512 -0.380932 0.827988 0.246146 2637.82 0.00416512 1 9.90456 -0.548136 0.25 18823.6
0 5 34 phononTS 0.00498663 -0.380932 0.827988 0.246146 2637.82 0.00498663 1 2.1281 2.19687 -0.25 29295.7
0 5 30 phononTS 0.00548048 0.000473492 -0.00354768 -0.0271223 10.7553 0.00548048 1 0.184661 -10 0.0732254 10106.5
0 5 43 phononTF 0.0051724 -1.00714 -0.129712 -0.181745 6062.34 0.0051724 1 -1.87768 -2.08071 -0.25 8473.28
0 5 42 phononTF 0.00301247 -1.00714 -0.129712 -0.181745 6062.34 0.00301247 1 9.09101 9.8296 0.25 75669.1
0 5 45 phononTF 0.00708757 0.125803 0.130206 -0.108818 128.609 0.00708757 1 1.81116 1.0852 0.25 2412.05
0 5 44 phononL 0.00470673 0.125803 0.130206 -0.108818 128.609 0.00470673 1 0.707486 -2.35463 -0.25 9470.66
0 5 51 phononTF 0.00348695 0.425198 -0.220261 0.0235109 299.56 0.00348695 1 -3.38569 4.4543 -0.25 25515.6
0 5 50 phononL 0.00410998 0.425198 -0.220261 0.0235109 299.56 0.00410998 1 6.45216 0.185605 -0.25 44142.4
0 5 48 phononTF 0.00810312 0.0594956 -0.0671948 -0.169321 250.142 0.00810312 1 0.270217 -0.17403 -0.25 466.928
0 5 46 phononTS 0.00664481 -0.030956 -0.0178767 -0.0234444 25.9944 0.00664481 1 1.75023 -1.36718 -0.25 4049.31
0 5 55 phononTF 0.00373236 -1.64347 0.0262118 -0.23957 12136.8 0.00373236 1 -5.44973 0.730719 -0.25 33827.4
0 5 57 phononL 0.00337393 1.99947 -4.38835 -0.0642926 24487.5 0.00337393 1 -8.78668 -3.20001 0.25 99834.1
0 5 56 phononTF 0.00184518 1.99947 -4.38835 -0.0642926 24487.5 0.00184518 1 -6.54493 -9.55185 0.25 42316.8
0 5 59 phononL 0.00358128 -0.349433 0.056037 -0.22391 454.342 0.00358128 1 5.66956 -1.59845 -0.25 5500.27
0 5 61 phononTF 0.00212686 -3.9949 -3.33757 0.132016 40707.8 0.00212686 1 4.96934 -9.92337 0.25 112424
0 5 60 phononTS 0.00405742 -3.9949 -3.33757 0.132016 40707.8 0.00405742 1 9.09508 9.06991 0.25 67076.7
0 5 67 phononTS 0.00630733 -0.273125 -0.0513836 -0.159722 671.072 0.00630733 1 -0.912762 -0.292214 0.25 1265.13
0 5 66 phononTS 0.00346207 -0.273125 -0.0513836 -0.159722 671.072 0.00346207 1 -5.08278 1.32551 -0.25 11701.2
0 5 69 phononL 0.00501394 0.242757 -0.099622 -0.231173 2446.57 0.00501394 1 -9.60702 3.42299 -0.25 21196.7
0 5 68 phononL 0.00710325 0.242757 -0.099622 -0.231173 2446.57 0.00710325 1 -3.65263 0.384079 -0.25 12744.5
0 5 77 phononTS 0.00534612 0.132404 3.60553 -0.220348 10191.3 0.00534612 1 2.80578 6.6635 -0.25 38212.4
0 5 76 phononTF 0.0034189 0.132404 3.60553 -0.220348 10191.3 0.0034189 1 9.41383 -5.90779 -0.25 37380.3
0 5 79 phononTS 0.00304874 0.00607872 -0.236995 0.135999 200.004 0.00304874 1 -3.02723 -4.13049 -0.25 10358.1
0 5 78 phononTF 0.00229227 0.00607872 -0.236995 0.135999 200.004 0.00229227 1 -9.26304 -9.2366 0.25 10101
0 5 81 phononTS 0.00340488 -4.29673 3.5062 -0.0609168 6220.44 0.00340488 1 10 -6.20796 0.149974 37924.1
0 5 80 phononTF 0.00385035 -4.29673 3.5062 -0.0609168 6220.44 0.00385035 1 -5.40723 -1.17885 0.25 10189.7
0 5 87 phononTS 0.00399665 1.77081 2.50971 -0.103638 5783.49 0.00399665 1 0.929672 0.414432 -0.25 18925.1
0 5 86 phononTS 0.00323225 1.77081 2.50971 -0.103638 5783.49 0.00323225 1 -10 8.9272 -0.124569 27294.1
0 5 89 phononTS 0.00651889 -0.055477 0.257523 -0.105881 478.219 0.00651889 1 2.79683 2.35393 -0.25 12242.9
0 5 88 phononTS 0.00359922 -0.055477 0.257523 -0.105881 478.219 0.00359922 1 1.24623 10 0.237088 20669.2
0 5 82 phononTF 0.00444088 -0.0520364 -0.0308831 0.0131853 103.28 0.00444088 1 -0.869572 -3.02656 -0.25 1062.31
0 5 101 phononTF 0.00204603 7.90743 -0.0886576 -0.106591 16732.2 0.00204603 1 5.35982 0.958268 -0.25 34440.9
0 5 100 phononTS 0.0030184 7.90743 -0.0886576 -0.106591 16732.2 0.0030184 1 5.32443 -5.33781 -0.25 49834.2
0 5 98 phononTS 0.00648504 0.757642 -0.114253 -0.0222663 671.269 0.00648504 1 2.223 -0.448198 0.25 1373.44
0 5 107 phononTF 0.00189206 -2.23816 5.15571 0.0443513 25783.3 0.00189206 1 -5.80447 -6.51583 0.25 41635.9
0 5 106 phononTF 0.00219655 -2.23816 5.15571 0.0443513 25783.3 0.00219655 1 -7.39113 -9.76409 -0.25 33151.5
0 5 104 phononTS 0.00167226 -0.715599 3.24357 0.105764 18026 0.00167226 1 6.28727 -3.47769 -0.25 35990.2
0 5 102 phononTS 0.00264808 -1.59366 -1.17979 -0.187163 4493.66 0.00264808 1 -5.52188 -2.51102 -0.25 12071.8
0 5 117 phononTF 0.00243967 2.37978 -2.54265 -0.0902641 3945.31 0.00243967 1 4.41811 0.158134 -0.25 27429.4
0 5 116 phononTS 0.0033424 2.37978 -2.54265 -0.0902641 3945.31 0.0033424 1 -9.32989 -9.62482 0.25 22306.9
0 5 114 phononTS 0.00478253 -0.0681197 -0.330581 -0.204584 2511.11 0.00478253 1 9.61949 -4.99527 0.25 17800.4
0 5 119 phononL 0.0044954 1.06365 1.69927 0.246245 4453.42 0.0044954 1 9.47703 -3.83407 -0.25 64220.2
0 5 118 phononTS 0.00235072 1.06365 1.69927 0.246245 4453.42 0.00235072 1 5.99629 1.50108 -0.25 14308.1
0 5 110 phononL 0.00335133 0.00053782 0.00670346 -0.0255993 35.3274 0.00335133 1 2.39814 -5.25661 0.25 2765.18
0 5 121 phononTS 0.00395581 0.121924 0.090989 -0.0769901 214.935 0.00395581 1 0.552705 -0.624961 -0.25 8323.89
0 5 120 phononTF 0.00509343 0.121924 0.090989 -0.0769901 214.935 0.00509343 1 1.45046 0.975412 -0.25 498.114
0 5 129 phononTS 0.00223639 -4.15222 3.54406 0.194026 51076.3 0.00223639 1 -9.79385 -8.53088 0.25 87717.6
0 5 128 phononTS 0.00279583 -4.15222 3.54406 0.194026 51076.3 0.00279583 1 -5.95536 -9.3473 -0.25 72761.7
0 5 126 phononTF 0.00687875 -0.0300005 -0.0798036 -0.162442 508.041 0.00687875 1 -0.0314635 -0.141435 -0.25 526.361
0 5 133 phononTF 0.0106494 -0.541718 1.00734 0.129697 2514.15 0.0106494 1 -1.30474 1.01329 -0.25 4466.73
0 5 132 phononTF 0.00236526 -0.541718 1.00734 0.129697 2514.15 0.00236526 1 9.33305 -1.16096 -0.25 11054.8
0 5 130 phononTS 0.0012211 -0.100744 0.138653 -0.21385 543.926 0.0012211 1 -9.95319 -9.10749 0.25 28106
0 5 141 phononTF 0.00403568 -2.12156 -5.65109 0.079489 29074.7 0.00403568 1 9.30555 -10 -0.149652 83151.6
0 5 140 phononTS 0.0018604 -2.12156 -5.65109 0.079489 29074.7 0.0018604 1 -8.98586 6.90385 -0.25 75919.6
0 5 143 phononL 0.00212225 -8.92622 -2.35897 0.093579 7677.44 0.00212225 1 -5.91094 -2.9353 0.25 9823.87
0 5 142 phononTS 0.00178927 -8.92622 -2.35897 0.093579 7677.44 0.00178927 1 -0.107795 2.21004 -0.25 33006.8
0 5 145 phononTS 0.00338878 9.13024 1.91735 0.12659 32376.9 0.00338878 1 4.57612 6.51612 -0.25 36930.7
0 5 144 phononTS 0.00214953 9.13024 1.91735 0.12659 32376.9 0.00214953 1 6.33078 -8.06163 -0.25 43369.2
0 5 147 phononL 0.00611651 -0.748561 0.741746 -0.0512375 1603.12 0.00611651 1 -0.468336 -4.75165 0.25 9269.02
0 5 146 phononL 0.00536492 -0.748561 0.741746 -0.0512375 1603.12 0.00536492 1 1.02084 1.93134 0.25 6512.34
0 5 153 phononTF 0.00767271 -0.005607 -0.00915556 -0.0398699 38.8357 0.00767271 1 0.417102 -0.785115 -0.25 4649.44
0 5 155 phononL 0.00391964 0.055893 -0.603573 -0.209372 411.717 0.00391964 1 7.70789 -4.44103 -0.25 11060.8
0 5 154 phononTF 0.00298519 0.055893 -0.603573 -0.209372 411.717 0.00298519 1 5.22085 3.47814 -0.25 36118.3
0 5 150 phononTS 0.00463942 -0.00757812 -0.00845282 -0.0370334 38.4469 0.00463942 1 -4.48112 2.28969 0.25 33664.8
0 5 159 phononTS 0.002198 -0.0236204 2.41206 -0.13873 929.962 0.002198 1 -6.79316 -7.22364 0.25 27124.1
0 5 158 phononL 0.00395657 -0.0236204 2.41206 -0.13873 929.962 0.00395657 1 9.85369 -5.04908 -0.25 7155.89
0 5 156 phononTS 0.00642691 -0.117926 0.367497 0.17494 404.394 0.00642691 1 -1.99872 7.86751 -0.25 18534.9
0 5 171 phononTF 0.00282372 -1.48042 9.84984 0.193893 12096.3 0.00282372 1 0.560862 -0.277586 -0.25 17202.7
0 5 170 phononTS 0.00162707 -1.48042 9.84984 0.193893 12096.3 0.00162707 1 -1.84469 -2.14866 0.25 28790.5
0 5 173 phononTS 0.0016717 1.57951 -5.41499 0.0408741 26020.8 0.0016717 1 8.73247 -3.90979 0.25 30027
0 5 172 phononL 0.00235856 1.57951 -5.41499 0.0408741 26020.8 0.00235856 1 5.30784 -0.15698 0.25 101011
0 5 175 phononTS 0.00336552 0.191702 -1.72762 -0.0196921 1872.25 0.00336552 1 -9.63986 2.34843 0.25 36296.6
0 5 174 phononTS 0.00299665 0.191702 -1.72762 -0.0196921 1872.25 0.00299665 1 -4.29225 -10 -0.109422 52342.2
0 5 179 phononTF 0.00840062 -0.147258 0.457596 0.193231 488.905 0.00840062 1 -1.54783 0.53513 -0.25 2283.81
0 5 178 phononTS 0.00331864 -0.147258 0.457596 0.193231 488.905 0.00331864 1 9.88949 9.79026 0.25 21640.4
0 5 176 phononTF 0.0040988 -0.037518 0.0106125 -0.0789214 48.3752 0.0040988 1 7.20238 2.35051 0.25 53254.6
0 5 183 phononTS 0.00746413 -0.0316402 -0.132251 0.242858 1161.49 0.00746413 1 0.246102 -4.92312 -0.25 19239.9
0 5 182 phononL 0.0042162 -0.0316402 -0.132251 0.242858 1161.49 0.0042162 1 7.57203 0.724286 0.25 35714.2
0 5 189 phononTF 0.00263283 -8.36443 -0.527242 0.239174 24778.4 0.00263283 1 -9.47745 -9.61562 0.25 48010.2
0 5 188 phononTS 0.00210147 -8.36443 -0.527242 0.239174 24778.4 0.00210147 1 -2.5402 -5.99189 -0.25 48817
0 5 186 phononL 0.00252986 -1.91078 1.52002 0.0953082 11912.9 0.00252986 1 7.27307 2.35646 -0.25 33905.9
0 5 191 phononL 0.00471063 -5.72108 1.19083 0.181945 16812.7 0.00471063 1 -4.15203 1.12727 -0.25 22421.8
0 5 190 phononTF 0.000873312 -5.72108 1.19083 0.181945 16812.7 0.000873312 1 -6.32915 -7.93787 -0.25 21543.9
0 5 197 phononTS 0.0075711 0.0030556 0.000949462 -0.0240887 0.56144 0.0075711 1 -2.05858 -1.79291 -0.25 6903.85
0 5 201 phononL 0.00570663 -0.266907 -0.288071 -0.129691 375.901 0.00570663 1 0.191957 -8.13252 0.25 8531.08
0 5 200 phononTF 0.00451587 -0.266907 -0.288071 -0.129691 375.901 0.00451587 1 2.85104 6.30411 0.25 3310.36
0 5 198 phononTS 0.00412722 -0.0326938 -0.153918 -0.138598 234.789 0.00412722 1 9.99737 6.57064 -0.25 10946.7
0 5 209 phononTS 0.00353108 -1.28712 1.73186 0.0148173 5104.92 0.00353108 1 5.19406 4.46883 0.25 9064.75
0 5 208 phononTS 0.003551 -1.28712 1.73186 0.0148173 5104.92 0.003551 1 -9.30861 -7.87576 0.25 51345
0 5 206 phononTF 0.00113542 -0.478418 0.57608 0.246948 3515.54 0.00113542 1 -7.50257 7.436 -0.25 10574.8
0 5 204 phononTS 0.00623604 -0.44093 -0.0123437 0.186331 2036.27 0.00623604 1 6.35673 0.469113 -0.25 12836.6
0 5 213 phononTF 0.00442897 -0.253028 0.955849 0.0264923 749.086 0.00442897 1 1.33909 10 -0.098462 16500.9
0 5 212 phononTS 0.00515474 -0.253028 0.955849 0.0264923 749.086 0.00515474 1 -6.2975 1.21834 -0.25 21193.8
0 5 217 phononTS 0.00286002 5.24712 1.62879 0.135093 12381.9 0.00286002 1 1.85289 2.17602 -0.25 16217.7
0 5 216 phononTF 0.00258671 5.24712 1.62879 0.135093 12381.9 0.00258671 1 -7.51974 4.68788 -0.25 37089.3
0 5 214 phononTS 0.001744 1.22732 -0.342987 -0.0178219 1397.82 0.001744 1 8.96018 5.03339 0.25 17106.3
0 5 227 phononTS 0.0065714 -0.488988 -0.0418494 0.0934808 4745.76 0.0065714 1 0.198603 0.936108 0.25 8758.23
0 5 226 phononTS 0.00294118 -0.488988 -0.0418494 0.0934808 4745.76 0.00294118 1 -7.91349 1.1729 0.25 13282.4
0 5 229 phononTS 0.00178493 -9.82905 8.61975 0.0790249 19202.2 0.00178493 1 -0.504363 8.66623 -0.25 24920.1
0 5 228 phononL 0.00285474 -9.82905 8.61975 0.0790249 19202.2 0.00285474 1 5.96538 -1.17619 -0.25 57620.6
0 5 233 phononL 0.00212313 2.55105 -1.46705 0.107587 1523.27 0.00212313 1 1.96212 -0.633426 -0.25 4724.86
0 5 232 phononTF 0.0049588 2.55105 -1.46705 0.107587 1523.27 0.0049588 1 1.15 2.08097 -0.25 3094.73
0 5 235 phononL 0.00652741 -0.232187 -0.146788 -0.16514 324.259 0.00652741 1 -6.64491 1.22323 -0.25 14561.9
0 5 237 phononL 0.0022827 -2.23313 -3.18823 -0.017599 7025.45 0.0022827 1 9.13411 -7.27718 -0.25 24087.7
0 5 236 phononTF 0.00194023 -2.23313 -3.18823 -0.017599 7025.45 0.00194023 1 -2.60227 4.05425 0.25 40977.6
0 5 239 phononTS 0.00564686 -0.0678151 0.0470656 -0.0783853 32.8058 0.00564686 1 3.45833 1.40723 -0.25 8736.88
0 5 241 phononTF 0.00550906 -0.274824 0.170835 0.206786 563.939 0.00550906 1 -0.072022 -3.68255 -0.25 10334.6
0 5 243 phononTS 0.0035374 2.02769 -1.17293 -0.146068 14018 0.0035374 1 1.53929 -5.69675 0.25 27613.5
0 5 242 phononL 0.00237139 2.02769 -1.17293 -0.146068 14018 0.00237139 1 0.113748 -7.96153 0.25 57385
0 5 249 phononTF 0.00317964 0.219974 0.674556 -0.11723 571.099 0.00317964 1 -10 -2.4828 -0.245886 7625.31
0 5 251 phononTS 0.00523054 0.65883 0.0972947 0.202699 791.383 0.00523054 1 4.30227 -0.431811 0.25 5949.48
0 5 250 phononTF 0.00168972 0.65883 0.0972947 0.202699 791.383 0.00168972 1 -9.21293 -9.19787 0.25 14402.2
0 5 253 phononTS 0.00292621 -3.24268 2.40819 0.10574 7262.48 0.00292621 1 10 -9.06193 0.215206 32755.8
0 5 252 phononL 0.00290456 -3.24268 2.40819 0.10574 7262.48 0.00290456 1 -9.21287 -9.29869 -0.25 54750.9
0 5 257 phononL 0.00316439 -0.0343671 0.104431 -0.0864614 324.347 0.00316439 1 6.10132 1.9244 -0.25 30055
0 5 259 phononTS 0.00242502 0.805066 -0.204069 -0.0813038 2180.02 0.00242502 1 -2.43364 -0.229901 0.25 19962.7
0 5 261 phononTF 0.00152568 1.39273 -0.847034 -0.237965 3055.12 0.00152568 1 -0.0149155 -2.39876 -0.25 35913.8
0 5 260 phononTS 0.00368935 1.39273 -0.847034 -0.237965 3055.12 0.00368935 1 -5.99959 2.78839 0.25 21286.6
0 5 254 phononTF 0.00388309 -0.040684 0.102477 -0.0919778 323.408 0.00388309 1 7.99628 2.97588 0.25 37242.6
0 6 21 phononL 0.00826616 0.149516 -0.143878 -0.0266229 587.518 0.00826616 1 2.36646 -2.55686 0.25 8049.84
0 6 23 phononTS 0.00302097 0.118604 -1.77629 -0.180523 1890.4 0.00302097 1 -2.50809 -2.13774 0.25 9565.79
0 6 22 phononTS 0.002775 0.118604 -1.77629 -0.180523 1890.4 0.002775 1 -1.29668 -8.01305 -0.25 12202.3
0 6 25 phononTS 0.00140003 8.17487 7.50867 0.003058 14804.5 0.00140003 1 -7.30707 -2.76613 0.25 53817.4
0 6 24 phononTF 0.00320523 8.17487 7.50867 0.003058 14804.5 0.00320523 1 7.79809 6.0663 0.25 24055.9
0 6 29 phononTS 0.00274253 -3.53668 5.69006 -0.0601736 10916.4 0.00274253 1 -4.3863 3.26808 -0.25 16212.1
0 6 28 phononTF 0.00255151 -3.53668 5.69006 -0.0601736 10916.4 0.00255151 1 1.26295 1.96143 -0.25 12174.1
0 6 26 phononTS 0.00752262 0.350315 -0.0546388 0.0507168 924.888 0.00752262 1 0.858977 -0.829242 -0.25 13770.8
0 6 33 phononTS 0.00702723 -0.337425 -0.239337 -0.175694 1161.82 0.00702723 1 -2.52388 -3.87311 0.25 13676
0 6 32 phononTF 0.0066266 -0.337425 -0.239337 -0.175694 1161.82 0.0066266 1 1.18374 -1.18336 -0.25 3374.09
0 6 35 phononTS 0.00448148 -0.201513 0.0282107 0.238459 674.44 0.00448148 1 -6.17978 -0.0908176 -0.25 11516
0 6 34 phononTS 0.00422885 -0.201513 0.0282107 0.238459 674.44 0.00422885 1 1.10555 0.560554 -0.25 1107.37
0 6 12 phononL 0.00839789 -0.000305967 -8.12469e-05 -0.025119 0.155017 0.00839789 1 -0.0290118 0.760834 -0.25 2285.05
0 6 43 phononTF 0.00472614 -0.681042 -0.316883 -0.175722 1754.34 0.00472614 1 5.44107 -0.308879 -0.25 9286.18
0 6 42 phononTF 0.00297307 -0.681042 -0.316883 -0.175722 1754.34 0.00297307 1 0.975304 -3.36038 -0.25 6765.11
0 6 40 phononL 0.0045459 -0.44044 -0.236419 0.153068 1060.23 0.0045459 1 -4.4368 -3.61496 0.25 5357.07
0 6 47 phononL 0.00420325 1.78192 5.20889 -0.102252 5244.01 0.00420325 1 2.4947 5.75788 0.25 5371.77
0 6 46 phononTS 0.000825808 1.78192 5.20889 -0.102252 5244.01 0.000825808 1 9.12062 8.85376 0.25 22202
0 6 44 phononTF 0.00137204 1.65262 4.50206 0.231608 5154.29 0.00137204 1 8.7617 2.52258 -0.25 35951.9
0 6 49 phononTS 0.0050077 -0.553631 0.120247 0.13976 1861.18 0.0050077 1 1.29415 0.813613 -0.25 2588.79
0 6 48 phononTS 0.00488094 -0.553631 0.120247 0.13976 1861.18 0.00488094 1 3.98352 -0.0602337 -0.25 11651.9
0 6 57 phononTF 0.00441057 -0.0310556 -0.0231481 -0.0529539 173.177 0.00441057 1 6.38679 8.17268 -0.25 13826.4
0 6 59 phononTS 0.00380083 0.133429 -1.71573 0.0827387 1774.65 0.00380083 1 -6.75844 8.50754 0.25 11373.7
0 6 58 phononL 0.00461481 0.133429 -1.71573 0.0827387 1774.65 0.00461481 1 4.1376 -4.30341 0.25 4384.54
0 6 54 phononTF 0.00568633 0.0123373 0.0197484 -0.017232 51.1819 0.00568633 1 -2.45461 4.49807 -0.25 11258.5
0 6 61 phononTS 0.00364971 0.573049 -1.19093 -0.078163 4847.44 0.00364971 1 -2.13884 6.35918 -0.25 39225.2
0 6 60 phononTF 0.0052456 0.573049 -1.19093 -0.078163 4847.44 0.0052456 1 3.3187 -4.16907 -0.25 13080.9
0 6 65 phononL 0.00940417 0.0298781 -0.0068103 -0.0550392 41.1687 0.00940417 1 -0.396095 0.529706 0.25 1413.73
0 6 64 phononTS 0.0058361 0.0298781 -0.0068103 -0.0550392 41.1687 0.0058361 1 -0.22843 6.12605 0.25 8831.46
0 6 69 phononTS 0.00282641 -1.03796 -1.04631 -0.147908 4729.01 0.00282641 1 -0.343718 -4.76744 0.25 10723.4
0 6 68 phononTS 0.00495534 -1.03796 -1.04631 -0.147908 4729.01 0.00495534 1 -0.680865 10 0.180525 16678.2
0 6 71 phononTS 0.00441932 -1.67254 3.13061 -0.0721539 9285.26 0.00441932 1 8.11572 1.8492 -0.25 17101.8
0 6 70 phononL 0.00322211 -1.67254 3.13061 -0.0721539 9285.26 0.00322211 1 0.157288 2.27035 -0.25 27838
0 6 83 phononTS 0.00522034 -1.11273 4.95244 -0.2343 5391.4 0.00522034 1 0.373142 4.60529 0.25 21243.1
0 6 82 phononTS 0.00151381 -1.11273 4.95244 -0.2343 5391.4 0.00151381 1 1.35253 -3.57271 0.25 24441.5
0 6 85 phononTS 0.00262585 -1.30599 -6.97044 -0.0783066 21601.8 0.00262585 1 -4.13863 6.8899 0.25 152169
0 6 84 phononTS 0.00197782 -1.30599 -6.97044 -0.0783066 21601.8 0.00197782 1 -1.47306 -3.56463 0.25 46980.5
0 6 87 phononTS 0.00688397 -1.72985 -1.60719 -0.151394 4254.31 0.00688397 1 -1.39649 -5.08804 -0.25 11275.7
0 6 86 phononTF 0.00194959 -1.72985 -1.60719 -0.151394 4254.31 0.00194959 1 -9.44346 -9.55284 0.25 7485.19
0 6 76 phononL 0.00687333 -0.000203512 -0.000502257 -0.0259389 4.12983 0.00687333 1 -0.215889 1.22128 0.25 1643.56
0 6 89 phononTF 0.0046312 4.13736 3.09801 0.102945 2954.6 0.0046312 1 7.37241 6.92448 -0.25 17029
0 6 88 phononTS 0.00350919 4.13736 3.09801 0.102945 2954.6 0.00350919 1 8.65297 9.5627 0.25 7620.05
0 6 95 phononL 0.00620101 0.59158 -0.203094 -0.132091 516.022 0.00620101 1 1.35293 -3.47412 -0.25 8359.77
0 6 94 phononTF 0.00509689 0.59158 -0.203094 -0.132091 516.022 0.00509689 1 -0.687932 -5.98753 -0.25 45161.1
0 6 97 phononTS 0.00224345 1.99596 -2.03316 -0.124002 23123 0.00224345 1 6.15185 -4.40358 0.25 56471.1
0 6 96 phononL 0.00387191 1.99596 -2.03316 -0.124002 23123 0.00387191 1 -9.25816 -9.46183 0.25 39044.3
0 6 101 phononTF 0.00503827 -0.85689 0.458428 0.177919 586.033 0.00503827 1 -1.25127 9.92143 0.25 27842
0 6 100 phononTF 0.00289061 -0.85689 0.458428 0.177919 586.033 0.00289061 1 -9.69219 -5.17214 -0.25 33251
0 6 103 phononTS 0.0051378 0.333296 -1.14088 0.17655 3763.03 0.0051378 1 -2.22185 7.52109 0.25 14535.5
0 6 105 phononL 0.0024965 3.24081 -0.222427 -0.00481724 48830.3 0.0024965 1 5.73681 2.13296 -0.25 51555.3
0 6 104 phononTF 0.00162334 3.24081 -0.222427 -0.00481724 48830.3 0.00162334 1 -4.80944 -1.25581 0.25 55568.4
0 6 113 phononTS 0.00450755 -0.10667 -0.17408 0.14303 495.702 0.00450755 1 0.125165 1.39403 -0.25 5610.75
0 6 115 phononTF 0.00351342 -0.829108 -0.698034 0.197794 1334.26 0.00351342 1 3.6879 -5.1341 -0.25 4335.79
0 6 114 phononL 0.00477404 -0.829108 -0.698034 0.197794 1334.26 0.00477404 1 -1.73195 -1.58763 0.25 7610.05
0 6 119 phononTS 0.00391384 1.41574 -3.32702 0.215923 40020.1 0.00391384 1 1.89023 4.25487 -0.25 54856
0 6 118 phononTF 0.00269937 1.41574 -3.32702 0.215923 40020.1 0.00269937 1 -0.651005 -6.85788 0.25 59593.7
0 6 121 phononTF 0.003009 2.22908 1.65911 -0.0318988 5255.77 0.003009 1 6.23546 7.3953 -0.25 62473.4
0 6 120 phononTS 0.00337157 2.22908 1.65911 -0.0318988 5255.77 0.00337157 1 3.3163 -6.65276 -0.25 53357.3
0 6 123 phononTF 0.00704542 0.0166177 0.0407488 -0.036838 142.872 0.00704542 1 -1.4828 -0.878735 -0.25 2149.33
0 6 125 phononTS 0.00377558 0.020335 -0.462881 0.207787 1357.21 0.00377558 1 2.95684 -7.51129 -0.25 20873.4
0 6 124 phononTS 0.00395977 0.020335 -0.462881 0.207787 1357.21 0.00395977 1 9.60765 1.17479 -0.25 15133.2
0 6 129 phononL 0.0098416 0.0926233 -0.137071 0.0138675 254.849 0.0098416 1 0.679121 -1.44975 -0.25 3219.39
0 6 128 phononTF 0.0045053 0.0926233 -0.137071 0.0138675 254.849 0.0045053 1 -9.39346 4.05661 0.25 21936.2
0 6 135 phononTF 0.00189774 -0.488071 0.0952314 -0.159409 5459.06 0.00189774 1 -8.53748 -9.17581 0.25 14338.6
0 6 134 phononTS 0.0038149 -0.488071 0.0952314 -0.159409 5459.06 0.0038149 1 -7.05751 -3.69276 -0.25 14127.3
0 6 132 phononTS 0.00575804 -0.263651 0.417753 0.112108 811.134 0.00575804 1 -0.3049 -2.21631 -0.25 5247.79
0 6 137 phononTS 0.00461417 0.113635 -5.73427 0.0960924 9093.48 0.00461417 1 2.36662 -4.18887 -0.25 10652.8
0 6 136 phononTF 0.00279131 0.113635 -5.73427 0.0960924 9093.48 0.00279131 1 4.03373 -1.65734 -0.25 34008.8
0 6 149 phononTF 0.00338499 -8.25084 -2.59267 0.142746 26351.2 0.00338499 1 -9.42207 -9.64502 0.25 30598.2
0 6 148 phononTS 0.000637064 -8.25084 -2.59267 0.142746 26351.2 0.000637064 1 1.30828 -4.40696 -0.25 66253.6
0 6 146 phononL 0.00551766 -0.0501751 -0.254145 -0.0136727 919.244 0.00551766 1 5.57373 -5.75724 -0.25 14405.2
0 6 144 phononTS 0.00648246 -0.00308078 -0.0203583 -0.0448576 37.5487 0.00648246 1 4.26063 -2.99166 0.25 4849.98
0 6 151 phononL 0.00475227 -0.33726 -0.27678 0.0811592 396.222 0.00475227 1 2.14423 0.283774 0.25 3501.89
0 6 153 phononTF 0.00397345 -1.06607 -3.22736 -0.0850723 3391.91 0.00397345 1 -7.2426 -6.40163 -0.25 25189.8
0 6 155 phononTF 0.00215552 8.82569 -5.67947 -0.0956254 20115.7 0.00215552 1 10 -2.20052 0.192168 41538.2
0 6 154 phononTF 0.00178604 8.82569 -5.67947 -0.0956254 20115.7 0.00178604 1 -9.40985 9.80646 -0.25 55052.2
0 6 165 phononL 0.00535809 2.88812 -0.09757 0.0864816 9273.47 0.00535809 1 -1.02334 3.21561 0.25 20975.1
0 6 164 phononTS 0.00248639 2.88812 -0.09757 0.0864816 9273.47 0.00248639 1 -7.22943 9.97989 0.25 19530.2
0 6 167 phononTF 0.00194351 -9.81295 -3.40227 -0.0877754 5860.47 0.00194351 1 4.18339 -0.0975193 0.25 22808.3
0 6 166 phononTS 0.00176871 -9.81295 -3.40227 -0.0877754 5860.47 0.00176871 1 -9.8452 -9.09904 0.25 33900.1
0 6 169 phononL 0.00656531 -0.00327736 0.0640946 0.121512 318.638 0.00656531 1 1.46499 0.757156 0.25 1066.66
0 6 173 phononTF 0.00194237 3.41899 1.70834 -0.235587 26402.5 0.00194237 1 1.19799 2.6462 -0.25 29758.2
0 6 172 phononL 0.00342892 3.41899 1.70834 -0.235587 26402.5 0.00342892 1 7.04319 -9.4084 -0.25 64576.7
0 6 170 phononTF 0.00138705 5.9904 -0.862369 -0.0693116 22549.9 0.00138705 1 9.76715 -5.41894 0.25 44168.2
0 6 177 phononTS 0.00339474 3.5064 0.328343 0.0570303 1453.24 0.00339474 1 -1.12377 2.8283 0.25 13640.4
0 6 176 phononTF 0.00248689 3.5064 0.328343 0.0570303 1453.24 0.00248689 1 0.150489 -7.35054 -0.25 10251.7
0 6 179 phononL 0.00366356 5.79066 -5.31682 -0.189651 11672.2 0.00366356 1 4.89563 -2.84794 0.25 17599.9
0 6 178 phononTF 0.00289578 5.79066 -5.31682 -0.189651 11672.2 0.00289578 1 -0.488882 -4.21659 -0.25 30106.3
0 6 185 phononTS 0.00140026 -1.14101 4.66359 0.133292 16287.2 0.00140026 1 -2.8563 4.58141 0.25 24736.9
0 6 184 phononTF 0.00442939 -1.14101 4.66359 0.133292 16287.2 0.00442939 1 -0.0528563 4.292 0.25 16489.3
0 6 182 phononTS 0.00299807 -0.501136 0.955228 0.152798 2307.88 0.00299807 1 -0.237183 -1.6676 -0.25 5454.79
0 6 187 phononTS 0.00241649 4.14532 -0.70256 0.0370858 12461.1 0.00241649 1 8.58625 -9.17316 0.25 28795.3
0 6 186 phononTS 0.00366917 4.14532 -0.70256 0.0370858 12461.1 0.00366917 1 -4.50752 3.74035 -0.25 65717.7
0 6 205 phononTF 0.00388523 -2.16123 0.858667 -0.0180066 21457.9 0.00388523 1 -8.64253 5.57144 0.25 27016.3
0 6 204 phononTF 0.00237937 -2.16123 0.858667 -0.0180066 21457.9 0.00237937 1 5.3054 -4.16579 -0.25 37759.4
0 6 202 phononTS 0.00225602 1.08969 2.56969 -0.109093 10914.3 0.00225602 1 -4.32863 -2.15787 0.25 17395.7
0 6 200 phononTS 0.00321429 0.0897291 -0.027997 0.0516786 480.859 0.00321429 1 -2.90789 0.105293 0.25 22047.4
0 6 207 phononTS 0.00283443 0.322708 5.18088 -0.126089 9704.16 0.00283443 1 -0.905526 6.58817 -0.25 12196
0 6 206 phononTS 0.00274286 0.322708 5.18088 -0.126089 9704.16 0.00274286 1 9.46809 9.39477 0.25 68151
0 6 196 phononL 0.00348405 -0.00229784 0.0312532 0.00341199 171.738 0.00348405 1 -5.08111 4.63469 0.25 13570.9
0 6 194 phononTF 0.0077401 0.00637862 -0.000482153 -0.0162199 18.856 0.0077401 1 -1.41377 -0.840887 -0.25 5970.66
0 6 209 phononL 0.00743585 -0.0754156 -0.00592409 -0.0353553 59.2724 0.00743585 1 0.659837 2.00712 -0.25 16764.5
0 6 211 phononTF 0.00284697 -0.613946 0.314843 0.223824 1028.96 0.00284697 1 -2.87678 8.71949 0.25 28253.8
0 6 210 phononL 0.00472426 -0.613946 0.314843 0.223824 1028.96 0.00472426 1 4.46684 1.31474 0.25 3077.39
0 6 219 phononTS 0.00351445 -0.425939 -1.1251 -0.0459571 2488.04 0.00351445 1 6.43201 -7.67355 0.25 18130.2
0 6 221 phononTS 0.00353202 1.15253 -3.14024 0.0806872 5946.68 0.00353202 1 -1.38307 8.65499 0.25 19575.4
0 6 220 phononTS 0.00508311 1.15253 -3.14024 0.0806872 5946.68 0.00508311 1 -6.33107 2.80835 0.25 19192.6
0 6 225 phononTF 0.00149755 7.46224 -1.93927 0.00155601 22692.8 0.00149755 1 4.90832 -5.40005 0.25 24478.5
0 6 224 phononTS 0.00306828 7.46224 -1.93927 0.00155601 22692.8 0.00306828 1 -10 7.09311 0.178576 64013.5
0 6 222 phononTS 0.00238816 1.356 -2.91066 0.130122 12025.3 0.00238816 1 -0.765538 -2.07503 -0.25 23561.7
0 6 229 phononTS 0.00631874 1.19522 0.206864 0.201684 3307.66 0.00631874 1 1.96041 1.34149 0.25 27163.3
0 6 228 phononTS 0.00284165 1.19522 0.206864 0.201684 3307.66 0.00284165 1 8.48306 4.2144 0.25 9866.17
0 6 231 phononTF 0.00215344 -9.28173 7.81396 0.151814 7357.36 0.00215344 1 -10 -2.04171 0.129703 28211.8
0 6 230 phononTF 0.001455 -9.28173 7.81396 0.151814 7357.36 0.001455 1 -2.34233 0.154387 0.25 76472.7
0 6 235 phononTF 0.0058887 -0.213631 -0.174954 0.237389 893.519 0.0058887 1 0.883488 -0.259166 0.25 1626.12
0 6 237 phononTF 0.00241553 -1.18099 7.69642 0.236543 21237.2 0.00241553 1 7.92036 -6.82479 0.25 103179
0 6 236 phononTS 0.00263052 -1.18099 7.69642 0.236543 21237.2 0.00263052 1 -8.75989 3.68594 0.25 27418.2
0 6 241 phononL 0.00426282 -7.64498 -0.163732 0.155367 6327.51 0.00426282 1 2.41881 2.3612 -0.25 26578.7
0 6 240 phononTS 0.00177313 -7.64498 -0.163732 0.155367 6327.51 0.00177313 1 -6.46021 4.77102 0.25 10411.3
0 6 238 phononL 0.00436532 -0.215803 0.437834 -0.172623 573.248 0.00436532 1 1.95594 8.00441 0.25 13507.4
0 6 247 phononTS 0.00391382 -1.12995 0.747665 -0.0584516 7705.6 0.00391382 1 -2.15489 5.03483 0.25 33690.5
0 6 246 phononL 0.0031502 -1.12995 0.747665 -0.0584516 7705.6 0.0031502 1 -1.94108 2.05224 -0.25 49832.4
0 6 249 phononTF 0.00187355 -2.63829 1.18512 0.170931 4797.11 0.00187355 1 1.0743 -8.46583 -0.25 73290.9
0 6 251 phononL 0.00332934 -7.67846 2.3874 0.189019 13044.3 0.00332934 1 -3.43457 1.67783 0.25 15377.8
0 6 250 phononTF 0.00193771 -7.67846 2.3874 0.189019 13044.3 0.00193771 1 9.35696 9.31783 0.25 31987.7
0 6 257 phononL 0.00268927 -0.199219 -0.137362 -0.169834 681.187 0.00268927 1 4.51262 -4.66717 0.25 17125.2
0 6 256 phononTS 0.00387185 -0.199219 -0.137362 -0.169834 681.187 0.00387185 1 -7.22406 -8.92479 -0.25 22592.6
0 6 254 phononTF 0.00530707 -0.0128879 0.180503 0.0841752 245.344 0.00530707 1 9.42316 2.07076 -0.25 12054.3
0 6 259 phononTF 0.00146366 9.02824 -4.62717 -0.0250094 52912.7 0.00146366 1 0.36833 9.12123 0.25 86562
0 6 258 phononTS 0.00237782 9.02824 -4.62717 -0.0250094 52912.7 0.00237782 1 -9.94686 4.39051 -0.25 108861
0 7 15 phononTS 0.00515677 0.800854 0.671871 0.22822 5431.28 0.00515677 1 -0.838952 8.5194 0.25 27621.3
0 7 17 phononL 0.00341395 3.1816 -1.05979 -0.119182 39885.7 0.00341395 1 -0.497493 2.23751 0.25 103490
0 7 16 phononTF 0.00156168 3.1816 -1.05979 -0.119182 39885.7 0.00156168 1 6.09647 -8.48698 -0.25 53357.6
0 7 21 phononTF 0.00568127 -0.246958 -0.353362 0.209506 738.695 0.00568127 1 -3.25128 5.83562 0.25 18282
0 7 20 phononL 0.00179902 -0.246958 -0.353362 0.209506 738.695 0.00179902 1 -5.97935 10 0.0974469 19358
0 7 25 phononL 0.0017887 -9.72201 -6.11635 0.13576 9054.96 0.0017887 1 1.55555 -4.72604 0.25 39199.9
0 7 24 phononTS 0.0018341 -9.72201 -6.11635 0.13576 9054.96 0.0018341 1 -9.56048 -5.76917 -0.25 9998.8
0 7 27 phononL 0.00280922 1.5426 2.53418 -0.218722 2711.56 0.00280922 1 9.57891 0.997335 0.25 7257.05
0 7 26 phononTF 0.00495022 1.5426 2.53418 -0.218722 2711.56 0.00495022 1 9.70456 -9.6419 -0.25 23232.2
0 7 31 phononTS 0.00454732 1.86202 -0.475233 0.126515 4326.62 0.00454732 1 -8.78453 -8.05975 -0.25 57103.5
0 7 30 phononTS 0.00416957 1.86202 -0.475233 0.126515 4326.62 0.00416957 1 5.4175 -7.88578 -0.25 10533.9
0 7 35 phononTS 0.00520927 0.0865394 -0.296483 0.156898 816.051 0.00520927 1 8.79662 -8.1724 0.25 27125.3
0 7 34 phononTS 0.00682723 0.0865394 -0.296483 0.156898 816.051 0.00682723 1 2.22705 1.78953 0.25 6991.01
0 7 32 phononTF 0.00525531 -0.0100072 0.00837422 -0.00919323 29.2004 0.00525531 1 -6.6059 4.18265 -0.25 5351.64
0 7 43 phononL 0.0018316 -3.14972 0.129193 0.186328 8668.16 0.0018316 1 -6.27653 1.99797 -0.25 54791.6
0 7 42 phononTF 0.00377114 -3.14972 0.129193 0.186328 8668.16 0.00377114 1 -9.98975 8.16022 0.25 33361
0 7 45 phononTS 0.00314926 -0.0779956 0.281998 0.168793 397.195 0.00314926 1 8.47383 -10 -0.0736437 18139.6
0 7 44 phononL 0.00811353 -0.0779956 0.281998 0.168793 397.195 0.00811353 1 -0.772225 2.34307 0.25 3383.08
0 7 49 phononTF 0.00382016 1.48305 0.0304821 -0.00188089 9640.87 0.00382016 1 6.65773 5.83216 -0.25 13045.6
0 7 48 phononTS 0.00233337 1.48305 0.0304821 -0.00188089 9640.87 0.00233337 1 7.79429 -7.13958 -0.25 46512.2
0 7 46 phononTS 0.00588197 -0.0165983 0.479318 0.0893492 838.278 0.00588197 1 5.79396 -4.3564 -0.25 7789.82
0 7 55 phononTF 0.00436568 3.13062 -0.933595 0.15388 4282.83 0.00436568 1 2.97394 -8.77136 -0.25 29287.1
0 7 54 phononTF 0.00252968 3.13062 -0.933595 0.15388 4282.83 0.00252968 1 1.37255 2.02197 -0.25 43332.1
0 7 59 phononTS 0.00450649 -0.0420987 -0.179648 0.123802 513.942 0.00450649 1 6.19304 -7.67126 0.25 53423.6
0 7 58 phononTF 0.00419252 -0.0420987 -0.179648 0.123802 513.942 0.00419252 1 0.314904 3.32277 -0.25 2993.34
0 7 56 phononTS 0.00385979 -0.0753238 -0.223059 0.155856 507.13 0.00385979 1 -10 8.03916 0.0691371 15538.8
0 7 63 phononTS 0.00856109 0.0522779 0.152904 0.0226373 231.064 0.00856109 1 -1.38133 -0.335919 0.25 8125.17
0 7 62 phononTS 0.00661896 0.0522779 0.152904 0.0226373 231.064 0.00661896 1 -4.86895 0.6667 0.25 5921.56
0 7 60 phononTS 0.00342857 -0.0514262 -0.0240311 0.0277892 70.7305 0.00342857 1 -8.56393 -2.40088 -0.25 15254.5
0 7 73 phononTF 0.00372271 -9.06242 0.553038 0.182558 11504.3 0.00372271 1 5.7108 4.77306 0.25 39032.6
0 7 72 phononTS 0.0024678 -9.06242 0.553038 0.182558 11504.3 0.0024678 1 4.10518 -10 0.0240176 28600.3
0 7 70 phononTF 0.00469313 0.22334 0.249057 -0.124223 739.887 0.00469313 1 1.55328 -9.27191 0.25 31854.3
0 7 68 phononTS 0.00771668 0.00554178 0.011754 -0.0367694 16.6927 0.00771668 1 0.389352 0.173574 -0.25 126.961
0 7 75 phononTS 0.00764924 0.245359 0.0223367 -0.0765745 483.25 0.00764924 1 -0.0726307 -1.00747 -0.25 1179.73
0 7 74 phononTS 0.00614844 0.245359 0.0223367 -0.0765745 483.25 0.00614844 1 -3.99772 -2.11623 0.25 9403.64
0 7 81 phononTS 0.00313198 -2.48618 2.03397 0.0371757 9343.76 0.00313198 1 -5.69906 10 -0.00944294 26208.5
0 7 80 phononTS 0.00294811 -2.48618 2.03397 0.0371757 9343.76 0.00294811 1 -1.7223 -0.899524 0.25 30675.3
0 7 83 phononTS 0.00802965 -0.250195 0.289516 -0.162895 884.694 0.00802965 1 0.201273 0.174397 -0.25 1297.3
0 7 85 phononTS 0.00223233 -1.12117 -8.21036 0.215721 20575.5 0.00223233 1 -2.90413 -7.26597 0.25 40553.7
0 7 84 phononTF 0.00214957 -1.12117 -8.21036 0.215721 20575.5 0.00214957 1 -3.62451 -9.16674 0.25 63523.5
0 7 87 phononTF 0.0102073 0.00545013 0.00342001 -0.0355493 9.4522 0.0102073 1 1.8979 0.695326 -0.25 1113.75
0 7 89 phononTF 0.00573592 -1.88897 0.238129 0.108444 8921.17 0.00573592 1 1.20664 5.51315 0.25 15213.7
0 7 88 phononTS 0.00432316 -1.88897 0.238129 0.108444 8921.17 0.00432316 1 2.31164 9.23995 0.25 30133.5
0 7 99 phononL 0.00707328 0.230866 0.0325695 0.112401 388.759 0.00707328 1 0.908136 -0.0614692 -0.25 831.301
0 7 101 phononTF 0.00342976 -1.94414 0.436816 0.208476 4433.58 0.00342976 1 6.12349 1.34506 -0.25 26171.7
0 7 100 phononTF 0.00337275 -1.94414 0.436816 0.208476 4433.58 0.00337275 1 7.17469 6.59483 -0.25 18910.1
0 7 103 phononTS 0.00650367 0.00272505 0.127522 -0.100314 435.943 0.00650367 1 -2.67376 1.19278 0.25 9461.07
0 7 102 phononTS 0.00338649 0.00272505 0.127522 -0.100314 435.943 0.00338649 1 9.90079 -2.08633 -0.25 13933.9
0 7 109 phononTS 0.00280192 -0.814692 -2.7716 -0.197232 6393.61 0.00280192 1 5.03996 7.88557 -0.25 44102.9
0 7 108 phononTS 0.00282832 -0.814692 -2.7716 -0.197232 6393.61 0.00282832 1 -0.767841 -3.56214 -0.25 6530.09
0 7 111 phononTS 0.00270095 2.61648 0.392871 0.171993 4990.64 0.00270095 1 1.87379 -6.21826 0.25 6336
0 7 110 phononTF 0.00205261 2.61648 0.392871 0.171993 4990.64 0.00205261 1 -0.940604 9.72688 0.25 10171.5
0 7 113 phononTF 0.00273167 0.225938 -2.61685 0.0437936 576.146 0.00273167 1 4.55842 0.309165 0.25 13110.3
0 7 112 phononTF 0.00268358 0.225938 -2.61685 0.0437936 576.146 0.00268358 1 -5.98242 3.43311 0.25 15050.2
0 7 115 phononTS 0.00814636 -0.0101455 -0.00294522 -0.0281723 32.1265 0.00814636 1 0.185439 0.640811 0.25 2213.34
0 7 119 phononTS 0.00248298 -6.57825 2.33262 0.160762 29727 0.00248298 1 -7.75052 8.45895 -0.25 37935.5
0 7 118 phononTF 0.00422481 -6.57825 2.33262 0.160762 29727 0.00422481 1 -8.19384 6.15161 -0.25 41745.9
0 7 121 phononTF 0.00223329 -3.62497 0.770492 -0.0243769 1349.63 0.00223329 1 -6.12925 -8.09627 -0.25 15569.3
0 7 120 phononTF 0.00432336 -3.62497 0.770492 -0.0243769 1349.63 0.00432336 1 -8.23234 1.66382 0.25 88488.2
0 7 129 phononTS 0.00412465 0.621395 -0.386351 -0.00535297 5106.04 0.00412465 1 -2.76479 3.10383 0.25 59587.3
0 7 128 phononTS 0.00447745 0.621395 -0.386351 -0.00535297 5106.04 0.00447745 1 0.597971 -0.440668 -0.25 5152.51
0 7 131 phononTF 0.00587118 -0.404076 0.0325036 -0.242848 546.285 0.00587118 1 -4.71907 -9.48034 0.25 18054.9
0 7 133 phononTF 0.00236181 -6.73548 3.08395 0.19123 4783.13 0.00236181 1 4.07312 0.812636 -0.25 25660
0 7 132 phononTF 0.00254915 -6.73548 3.08395 0.19123 4783.13 0.00254915 1 -2.63891 7.95761 -0.25 12806.7
0 7 137 phononL 0.00434207 1.10138 0.259096 0.124667 909.1 0.00434207 1 0.926077 -0.708199 -0.25 1040.79
0 7 136 phononTF 0.00230128 1.10138 0.259096 0.124667 909.1 0.00230128 1 1.53235 0.505634 -0.25 1333.9
0 7 141 phononTF 0.0033155 -1.33033 -7.25447 -0.106099 6263.79 0.0033155 1 -5.30481 -7.59557 0.25 22489.6
0 7 140 phononTF 0.00218304 -1.33033 -7.25447 -0.106099 6263.79 0.00218304 1 -9.99516 3.58829 -0.25 21435.6
0 7 138 phononL 0.00515718 -0.350722 -0.0163109 -0.0948548 2685.24 0.00515718 1 -1.7625 1.24019 -0.25 3545.92
0 7 147 phononTF 0.00546892 0.244771 0.266254 -0.0778118 236.706 0.00546892 1 9.41626 9.17695 0.25 48776.4
0 7 146 phononL 0.00368552 0.244771 0.266254 -0.0778118 236.706 0.00368552 1 -7.63671 8.88783 -0.25 23165.8
0 7 149 phononTF 0.00384924 1.00701 -0.940197 0.126092 2912.67 0.00384924 1 4.45369 1.59055 0.25 4908.9
0 7 148 phononTS 0.00262398 1.00701 -0.940197 0.126092 2912.67 0.00262398 1 9.88686 9.82866 0.25 66711
0 7 151 phononTS 0.00359293 -2.50903 2.92955 -0.172622 5122.66 0.00359293 1 -2.08932 5.60525 0.25 6531.6
0 7 150 phononTF 0.00286645 -2.50903 2.92955 -0.172622 5122.66 0.00286645 1 -1.34957 -10 -0.104971 9684.06
0 7 163 phononTS 0.00330715 1.9471 -0.68229 -0.187711 23448.2 0.00330715 1 -9.27824 -9.45678 0.25 40584.2
0 7 162 phononTF 0.00246398 1.9471 -0.68229 -0.187711 23448.2 0.00246398 1 5.32916 2.66832 -0.25 46909.4
0 7 160 phononTS 0.00736614 -0.101357 0.0418527 0.212916 687.183 0.00736614 1 3.47518 2.95609 -0.25 12113.7
0 7 167 phononTF 0.00337591 -0.0562581 -0.118622 -0.241677 1490.06 0.00337591 1 1.37434 7.0234 0.25 19944.5
0 7 166 phononTF 0.00662666 -0.0562581 -0.118622 -0.241677 1490.06 0.00662666 1 -1.06316 0.485146 -0.25 17053.7
0 7 164 phononTS 0.00292583 0.13758 0.120252 0.0446603 724.11 0.00292583 1 1.98476 -10 -0.182997 3470.37
0 7 175 phononTS 0.00240483 2.0649 -1.34348 0.0678493 3351.33 0.00240483 1 3.1247 -0.967397 -0.25 8958.77
0 7 177 phononTF 0.00363429 6.38586 6.34956 -0.242254 10424.7 0.00363429 1 -0.0200067 5.266 0.25 41920
0 7 176 phononTF 0.0012036 6.38586 6.34956 -0.242254 10424.7 0.0012036 1 -9.53089 2.21492 -0.25 18307.7
0 7 172 phononL 0.00422541 0.393424 -0.192536 -0.182964 770.497 0.00422541 1 9.67041 -3.95794 -0.25 13223.3
0 7 181 phononTS 0.00430597 1.26584 0.154256 0.244776 4495.75 0.00430597 1 5.63733 -6.64502 -0.25 59312.3
0 7 180 phononTS 0.00339556 1.26584 0.154256 0.244776 4495.75 0.00339556 1 1.02186 5.17351 0.25 14701.3
0 7 178 phononTF 0.00470053 -0.034632 0.00487798 -0.0073942 337.111 0.00470053 1 9.9985 -9.1835 -0.25 9749.47
0 7 185 phononL 0.00359489 -0.558975 1.54427 -0.197516 2919.49 0.00359489 1 2.23349 8.38376 0.25 9013.98
0 7 184 phononTF 0.00482647 -0.558975 1.54427 -0.197516 2919.49 0.00482647 1 1.00118 5.02029 0.25 4429.15
0 7 189 phononL 0.00387185 -0.631802 0.559013 -0.0771961 1176.63 0.00387185 1 5.69547 4.65602 -0.25 13030.3
0 7 188 phononTS 0.00396427 -0.631802 0.559013 -0.0771961 1176.63 0.00396427 1 6.78428 -3.02857 -0.25 22111.1
0 7 186 phononTF 0.00266612 -0.253806 -0.616135 -0.206662 457.357 0.00266612 1 -3.14356 -5.26765 -0.25 68838.5
0 7 195 phononTS 0.00496241 -0.199957 -0.120363 -0.170067 599.091 0.00496241 1 -7.83827 7.09758 0.25 28833.3
0 7 194 phononTS 0.00355502 -0.199957 -0.120363 -0.170067 599.091 0.00355502 1 -5.92826 2.58088 0.25 19608.1
0 7 199 phononTF 0.00163516 -0.242109 -0.659176 -0.0207989 1698.26 0.00163516 1 9.71892 9.87949 0.25 17841.4
0 7 198 phononTF 0.00468773 -0.242109 -0.659176 -0.0207989 1698.26 0.00468773 1 -7.12627 8.65904 0.25 37586.2
0 7 196 phononTF 0.0051348 -0.040415 -0.500452 0.104953 1299.02 0.0051348 1 -0.0271043 -0.278131 0.25 2127.9
0 7 203 phononL 0.00216131 0.552792 -0.391059 -0.0838914 1253.66 0.00216131 1 -1.66798 4.25955 0.25 15478.4
0 7 205 phononTS 0.00310397 0.696752 -2.18898 0.0173645 9267.82 0.00310397 1 0.207503 9.0356 -0.25 18336
0 7 204 phononTF 0.00257767 0.696752 -2.18898 0.0173645 9267.82 0.00257767 1 6.25636 3.96986 0.25 34686.5
0 7 209 phononTS 0.00420441 -0.505705 -0.261656 -8.56045e-05 2643.73 0.00420441 1 -3.42396 3.3826 -0.25 17234.2
0 7 208 phononTF 0.00268497 -0.505705 -0.261656 -8.56045e-05 2643.73 0.00268497 1 1.74421 9.87011 -0.25 130102
0 7 206 phononTS 0.00762589 0.106769 -0.0907094 0.0464779 121.53 0.00762589 1 -1.85913 1.40834 0.25 4595.12
0 7 217 phononTF 0.00428129 0.601846 -0.966765 -0.229215 793.808 0.00428129 1 3.96507 -8.29741 -0.25 10792.8
0 7 216 phononTS 0.00293616 0.601846 -0.966765 -0.229215 793.808 0.00293616 1 -5.58903 5.99031 -0.25 13135.4
0 7 221 phononTS 0.00391445 3.82144 -0.922384 0.161909 6352.07 0.00391445 1 8.70113 0.263003 -0.25 9872.74
0 7 220 phononTF 0.00186652 3.82144 -0.922384 0.161909 6352.07 0.00186652 1 -9.42898 -9.20718 0.25 78368
0 7 218 phononL 0.00388508 -0.109126 0.537146 -0.0971358 1006.46 0.00388508 1 5.16486 -3.08267 -0.25 46098.5
0 7 212 phononTS 0.00665086 0.00836371 -0.0105984 -0.0296192 4.16984 0.00665086 1 -8.72604 -2.6735 0.25 15281.9
0 7 229 phononTF 0.00552887 -2.12726 0.985601 -0.159014 5269.42 0.00552887 1 -6.44032 -6.38849 0.25 16624.4
0 7 228 phononTF 0.00234977 -2.12726 0.985601 -0.159014 5269.42 0.00234977 1 5.17982 7.62613 0.25 27407.8
0 7 231 phononTF 0.0035201 -0.180271 0.612833 -0.0179093 1199.02 0.0035201 1 -9.47438 -3.46794 -0.25 18361.7
0 7 230 phononTS 0.00844739 -0.180271 0.612833 -0.0179093 1199.02 0.00844739 1 -0.035118 -0.718253 0.25 2656.02
0 7 239 phononTS 0.00239965 -7.38012 -6.93155 0.150296 20247 0.00239965 1 -7.13957 -6.17516 -0.25 73831.3
0 7 238 phononTF 0.00318626 -7.38012 -6.93155 0.150296 20247 0.00318626 1 -9.04232 -9.2189 0.25 36018.1
0 7 236 phononTF 0.00401269 -0.353171 0.933389 -0.200417 3146.43 0.00401269 1 -8.85976 -7.16611 -0.25 16976.6
0 7 234 phononTS 0.0026045 0.209956 1.10381 -0.191897 2512.33 0.0026045 1 0.550001 0.0216439 0.25 4146.76
0 7 232 phononTF 0.00202377 0.444508 0.240206 -0.0861049 1706.35 0.00202377 1 5.19172 5.9039 -0.25 105812
0 7 241 phononL 0.00990817 0.00896242 0.015226 -0.0520479 8.75724 0.00990817 1 0.0503863 0.23011 0.25 586.735
0 7 240 phononTF 0.00842211 0.00896242 0.015226 -0.0520479 8.75724 0.00842211 1 0.342376 -3.71783 0.25 2574.75
0 8 17 phononL 0.00106687 8.95982 8.31491 0.0789866 17188.5 0.00106687 1 2.91268 4.74807 0.25 28668.6
0 8 16 phononTS 0.0031515 8.95982 8.31491 0.0789866 17188.5 0.0031515 1 -1.86375 -3.07013 0.25 33499.8
0 8 14 phononTF 0.00353207 1.31412 -0.272095 0.00889581 3681.08 0.00353207 1 -0.202933 0.718357 0.25 4005.53
0 8 12 phononTF 0.00487784 -0.0993422 0.316752 0.0618344 206.682 0.00487784 1 -1.16475 -6.31334 -0.25 7425.99
0 8 19 phononL 0.00639539 -1.18305 -0.590545 0.0915017 2759.61 0.00639539 1 -9.4506 -2.23842 -0.25 12177.3
0 8 18 phononTS 0.00369105 -1.18305 -0.590545 0.0915017 2759.61 0.00369105 1 -2.53123 -0.392042 -0.25 3850.55
0 8 25 phononTF 0.00370676 0.0694553 0.0549784 -0.109007 344.67 0.00370676 1 -0.561037 0.337243 0.25 3818.75
0 8 27 phononL 0.0042405 0.842989 -0.252748 -0.23978 641.179 0.0042405 1 7.74644 -0.382417 -0.25 22993.3
0 8 26 phononTS 0.00302977 0.842989 -0.252748 -0.23978 641.179 0.00302977 1 -3.65035 -2.74864 0.25 47688.9
0 8 31 phononTF 0.00292914 -6.72188 7.42441 -0.0446782 50106.5 0.00292914 1 -9.36275 2.44697 0.25 60252.7
0 8 30 phononTS 0.00213239 -6.72188 7.42441 -0.0446782 50106.5 0.00213239 1 4.83395 -6.393 0.25 80693.1
0 8 33 phononTS 0.00403255 -0.00644335 -0.894564 0.0429265 1040.72 0.00403255 1 -1.25809 6.57181 0.25 135243
0 8 35 phononTS 0.00485537 -2.79011 -1.85574 -0.0479637 13908.4 0.00485537 1 -2.94275 -3.46268 0.25 14880.2
0 8 34 phononTF 0.000858944 -2.79011 -1.85574 -0.0479637 13908.4 0.000858944 1 -9.77048 7.42482 -0.25 43596.3
0 8 20 phononL 0.00724241 -0.000717952 0.0029217 -0.02995 3.3363 0.00724241 1 0.90485 0.448327 -0.25 1625.67
0 8 41 phononTS 0.00609237 -0.175934 -0.235616 0.242481 2815.47 0.00609237 1 0.482688 -1.86094 -0.25 5027.5
0 8 40 phononTF 0.00406158 -0.175934 -0.235616 0.242481 2815.47 0.00406158 1 -0.39787 1.08942 0.25 4891.68
0 8 43 phononTS 0.0046612 -0.309138 0.112404 0.0524455 1096.06 0.0046612 1 -8.57638 1.1973 0.25 11200.8
0 8 42 phononTS 0.00617408 -0.309138 0.112404 0.0524455 1096.06 0.00617408 1 -0.336804 0.147658 -0.25 1156.71
0 8 47 phononTS 0.00577635 0.156211 -0.270424 -0.174882 795.758 0.00577635 1 -4.35534 9.41021 0.25 12718.3
0 8 46 phononTS 0.00618538 0.156211 -0.270424 -0.174882 795.758 0.00618538 1 6.54169 -9.31681 0.25 21667.2
0 8 44 phononTF 0.0042609 -0.0449495 0.0228101 -0.0331154 80.7095 0.0042609 1 -2.80827 -8.58765 -0.25 31593.8
0 8 53 phononL 0.0070159 -0.00302189 -0.0598787 -0.0186776 60.7087 0.0070159 1 0.126154 0.834362 0.25 646.511
0 8 59 phononTS 0.00476847 -5.89138 -9.26287 0.177097 33793.7 0.00476847 1 -3.33706 -9.11461 0.25 34639.9
0 8 58 phononTF 0.000554971 -5.89138 -9.26287 0.177097 33793.7 0.000554971 1 0.915182 -6.58117 0.25 89923.9
0 8 56 phononTF 0.00288618 -2.54448 -4.49556 0.163068 6890.38 0.00288618 1 9.26846 -6.62244 -0.25 11293
0 8 54 phononTS 0.00195684 -0.116165 -0.602952 0.191309 379.096 0.00195684 1 7.34372 -9.48032 0.25 8469.09
0 8 63 phononTF 0.00313648 -0.934259 0.0153396 -0.0399898 2599.99 0.00313648 1 8.61468 7.98133 -0.25 11665
0 8 62 phononTS 0.00537046 -0.934259 0.0153396 -0.0399898 2599.99 0.00537046 1 -1.83683 0.29474 0.25 7364.44
0 8 60 phononTS 0.00314706 -0.591379 -0.0106588 0.117232 1085.89 0.00314706 1 3.35775 -0.137359 0.25 2749.66
0 8 73 phononL 0.00463202 -1.10375 0.299728 -0.121532 1331.53 0.00463202 1 -1.70207 1.97471 0.25 2365.7
0 8 72 phononTF 0.00371067 -1.10375 0.299728 -0.121532 1331.53 0.00371067 1 9.90871 9.92685 0.25 19093.4
0 8 70 phononTS 0.00453052 -0.280551 -0.447376 0.0420874 397.995 0.00453052 1 5.62015 -1.3508 -0.25 32263.5
0 8 68 phononTF 0.0060133 -0.00971738 -0.00409198 -4.86091e-05 62.7887 0.0060133 1 6.76183 0.355821 0.25 27491.7
0 8 75 phononTF 0.00137999 5.0735 -3.66399 0.246242 20275.1 0.00137999 1 1.94685 -3.70211 -0.25 43563
0 8 74 phononTS 0.00239615 5.0735 -3.66399 0.246242 20275.1 0.00239615 1 -1.77913 -9.91662 -0.25 70579.9
0 8 81 phononTS 0.00443409 0.0804639 0.00290481 -0.0966271 137.625 0.00443409 1 0.674151 -3.01972 -0.25 2090.18
0 8 83 phononL 0.00778639 -0.00130707 -0.127667 -0.153416 627.133 0.00778639 1 0.309759 0.194177 0.25 691.806
0 8 82 phononL 0.00320147 -0.00130707 -0.127667 -0.153416 627.133 0.00320147 1 -8.4045 3.18265 0.25 15988.2
0 8 89 phononTS 0.00235161 0.133921 -1.47728 -0.003467 14162.9 0.00235161 1 -1.92184 -0.135306 -0.25 17526
0 8 88 phononL 0.001809 0.133921 -1.47728 -0.003467 14162.9 0.001809 1 -9.16723 -9.54464 0.25 25233.4
0 8 91 phononTS 0.00266729 0.77244 0.431935 -0.0814072 4073.88 0.00266729 1 -4.22344 5.87848 0.25 24349.2
0 8 93 phononTF 0.003506 -2.98613 -2.25963 0.0429125 14990.4 0.003506 1 -1.66405 -9.98146 -0.25 20895.9
0 8 92 phononTF 0.00361252 -2.98613 -2.25963 0.0429125 14990.4 0.00361252 1 -3.08352 -2.25636 -0.25 15043.3
0 8 84 phononTS 0.000674815 0.193055 -0.229124 -0.113243 418.359 0.000674815 1 -1.19707 -4.89174 -0.25 6870.09
0 8 97 phononTF 0.00168162 2.40056 0.612661 -0.227518 1771.28 0.00168162 1 4.45134 1.07965 0.25 6892.93
0 8 96 phononTS 0.00204689 2.40056 0.612661 -0.227518 1771.28 0.00204689 1 -2.42373 -8.70106 -0.25 44364.1
0 8 94 phononTF 0.0105167 -0.0225913 0.0100527 -0.0239928 10.017 0.0105167 1 -0.0778681 -1.03627 -0.25 972.026
0 8 109 phononTF 0.00561618 1.59884 -0.66327 0.166715 4595 0.00561618 1 1.67161 -6.92456 0.25 14210.7
0 8 108 phononL 0.00408679 1.59884 -0.66327 0.166715 4595 0.00408679 1 -2.64421 6.16328 -0.25 25556.9
0 8 106 phononTS 0.00647812 0.00555564 0.0224171 -0.0481087 20.0766 0.00647812 1 0.744591 3.97085 -0.25 5375.58
0 8 113 phononTF 0.00269948 7.2625 1.2056 0.234315 10274.6 0.00269948 1 6.42758 -1.19202 0.25 17856.6
0 8 112 phononTF 0.00365435 7.2625 1.2056 0.234315 10274.6 0.00365435 1 6.31548 4.02156 -0.25 19212.3
0 8 115 phononL 0.00730239 -0.202282 0.0663051 0.113755 226.919 0.00730239 1 1.39597 1.64279 -0.25 6488.56
0 8 119 phononTS 0.00137979 1.79146 -0.278691 0.196684 11018.2 0.00137979 1 -9.14451 9.31432 -0.25 32827.8
0 8 118 phononTF 0.00228185 1.79146 -0.278691 0.196684 11018.2 0.00228185 1 -10 4.35757 -0.221421 55868
0 8 116 phononL 0.00355488 -0.0280519 -2.51296 0.14187 2322.04 0.00355488 1 -4.44202 3.4062 -0.25 22046.2
0 8 123 phononL 0.00540659 0.146512 1.14616 0.0497763 2093.88 0.00540659 1 0.385816 3.12007 -0.25 3397.32
0 8 122 phononTF 0.00188386 0.146512 1.14616 0.0497763 2093.88 0.00188386 1 0.140198 -10 -0.217021 14480.7
0 8 127 phononTS 0.00413977 1.09607 1.11756 -0.0514739 2659.51 0.00413977 1 -2.12491 5.95961 0.25 8483.83
0 8 126 phononTF 0.00303222 1.09607 1.11756 -0.0514739 2659.51 0.00303222 1 -5.0761 -1.84678 -0.25 19462.3
0 8 124 phononTS 0.00340673 1.07251 1.20612 -0.0461697 2337.53 0.00340673 1 -8.30644 -8.34264 -0.25 33451.8
0 8 137 phononTS 0.00419212 -2.56208 0.1093 0.213413 4703.05 0.00419212 1 9.97799 -2.21762 0.25 20368.4
0 8 136 phononTF 0.00439587 -2.56208 0.1093 0.213413 4703.05 0.00439587 1 -4.16228 6.13936 -0.25 32567
0 8 134 phononTS 0.00631197 0.00772035 0.00414631 -0.0185393 5.65967 0.00631197 1 6.15315 9.80838 0.25 42462.2
0 8 139 phononTS 0.00714676 0.0442557 0.0197232 -0.0540044 55.7699 0.00714676 1 0.0579332 0.274445 0.25 6886.34
0 8 143 phononTF 0.00395104 -1.09565 0.331197 -0.207593 1013.67 0.00395104 1 4.92124 -7.38724 -0.25 3119.25
0 8 142 phononTS 0.00495784 -1.09565 0.331197 -0.207593 1013.67 0.00495784 1 0.977787 -7.11268 0.25 4915.44
0 8 145 phononTF 0.00283999 -7.47947 1.08369 0.0869607 19474.4 0.00283999 1 -2.79088 4.67821 -0.25 29288.4
0 8 147 phononTS 0.00188822 -0.16021 2.53738 -0.137076 33543.8 0.00188822 1 -3.51769 9.44676 0.25 46056.3
0 8 146 phononTF 0.00259979 -0.16021 2.53738 -0.137076 33543.8 0.00259979 1 -3.40498 -2.89752 -0.25 55784.1
0 8 153 phononTF 0.00443748 -0.0536002 0.0773123 0.21663 1536.93 0.00443748 1 -0.211894 -0.952153 -0.25 2104.5
0 8 152 phononL 0.00358686 -0.0536002 0.0773123 0.21663 1536.93 0.00358686 1 4.3148 3.26616 -0.25 25867.7
0 8 155 phononTF 0.00408099 -0.22725 0.211105 -0.148774 883.801 0.00408099 1 8.23782 9.16425 0.25 9029.74
0 8 157 phononTF 0.00410651 0.333509 0.277105 -0.174074 1187.5 0.00410651 1 8.9811 5.38732 -0.25 4919.03
0 8 156 phononTS 0.0024207 0.333509 0.277105 -0.174074 1187.5 0.0024207 1 0.887784 9.69672 0.25 23501.2
0 8 148 phononTF 0.00735724 -0.00084271 0.0248342 0.0105154 34.3729 0.00735724 1 -0.713406 1.23876 -0.25 1158.33
0 8 163 phononTS 0.00492126 -0.328784 -0.300753 -0.247987 790.224 0.00492126 1 1.81607 2.28829 -0.25 6679.21
0 8 162 phononTS 0.00596838 -0.328784 -0.300753 -0.247987 790.224 0.00596838 1 4.81131 3.90935 0.25 10249.8
0 8 165 phononTS 0.0055383 -0.15032 -0.163924 -0.114995 303.555 0.0055383 1 -0.207775 -6.00545 -0.25 13628.8
0 8 167 phononTS 0.00541109 -2.14451 2.00335 -0.0346273 9106.24 0.00541109 1 -8.85959 3.11897 -0.25 25091.9
0 8 166 phononTF 0.00144561 -2.14451 2.00335 -0.0346273 9106.24 0.00144561 1 0.780189 2.03686 -0.25 63441.2
0 8 169 phononL 0.00482313 0.433711 0.0575836 0.202912 561.627 0.00482313 1 -1.56076 -5.56248 0.25 19933.8
0 8 171 phononL 0.00277387 -8.661 -3.47751 -0.148354 17848.6 0.00277387 1 -3.98079 3.14468 0.25 54254.7
0 8 170 phononTF 0.00277803 -8.661 -3.47751 -0.148354 17848.6 0.00277803 1 -0.0227037 2.13154 -0.25 96164.5
0 8 181 phononTF 0.00509557 -3.06907 2.80675 -0.0827418 8883.59 0.00509557 1 -3.45387 -0.115622 0.25 33762.4
0 8 180 phononTS 0.00207708 -3.06907 2.80675 -0.0827418 8883.59 0.00207708 1 -7.72677 -0.767029 -0.25 42212.2
0 8 183 phononL 0.00976469 -0.0487763 -0.031363 0.0713698 170.652 0.00976469 1 -0.00476946 0.102294 0.25 1365.67
0 8 185 phononTS 0.00268787 -0.775618 1.03749 0.0272735 2266.58 0.00268787 1 3.63772 7.84698 -0.25 21059.4
0 8 184 phononTF 0.00283583 -0.775618 1.03749 0.0272735 2266.58 0.00283583 1 10 -3.73825 0.206148 7376.09
0 8 191 phononTS 0.0022773 -9.54302 -2.34981 -0.0673832 27779.1 0.0022773 1 9.93076 -1.17152 0.25 42014.7
0 8 190 phononTF 0.0034298 -9.54302 -2.34981 -0.0673832 27779.1 0.0034298 1 -0.134065 5.18246 -0.25 50438
0 8 188 phononTF 0.00630999 -0.174901 -0.299161 0.233025 677.084 0.00630999 1 1.28219 0.895242 0.25 10991.9
0 8 193 phononTS 0.00599238 1.02988 4.18109 -0.233107 4266.58 0.00599238 1 1.15332 4.39902 -0.25 5107.82
0 8 192 phononTS 0.0023361 1.02988 4.18109 -0.233107 4266.58 0.0023361 1 -5.97971 -3.36156 0.25 42562.7
0 8 199 phononTF 0.0084671 0.147815 -0.0982537 -0.0716602 81.7117 0.0084671 1 1.54114 0.289495 0.25 1188.44
0 8 201 phononTF 0.00412228 -4.01693 0.662424 -0.0730585 15263.3 0.00412228 1 -7.01912 -6.27997 -0.25 22960
0 8 200 phononTF 0.0027728 -4.01693 0.662424 -0.0730585 15263.3 0.0027728 1 -3.10602 5.67076 -0.25 19111.1
0 8 205 phononTS 0.00190062 -7.07049 1.21399 0.241207 34313.8 0.00190062 1 -2.19139 -0.618662 0.25 58778.2
0 8 204 phononTF 0.00417403 -7.07049 1.21399 0.241207 34313.8 0.00417403 1 -9.78144 2.57653 -0.25 36369.8
0 8 202 phononTS 0.006217 -0.393727 0.235477 0.0999426 404.373 0.006217 1 -1.86269 0.132857 0.25 5866.84
0 8 211 phononTF 0.00480323 0.892914 0.445246 0.137298 1004.34 0.00480323 1 4.19743 8.1934 -0.25 18131.8
0 8 210 phononTS 0.0031626 0.892914 0.445246 0.137298 1004.34 0.0031626 1 2.42295 -8.88216 -0.25 22879.7
0 8 215 phononL 0.00383256 -1.85722 -3.72601 0.122793 8593.07 0.00383256 1 -9.13543 10 0.109241 36051.6
0 8 214 phononTF 0.00313439 -1.85722 -3.72601 0.122793 8593.07 0.00313439 1 -3.62495 -4.64541 0.25 22948.1
0 8 212 phononTS 0.00290507 -0.260504 0.488552 -0.242717 3479.58 0.00290507 1 -5.14835 -5.75844 -0.25 34181.4
0 8 219 phononTF 0.0019683 -0.776814 -4.76464 0.189318 5021.57 0.0019683 1 -0.440051 2.12446 -0.25 50440.9
0 8 218 phononTF 0.00437061 -0.776814 -4.76464 0.189318 5021.57 0.00437061 1 3.84858 -1.88741 0.25 11622.9
0 8 221 phononTS 0.00152696 -0.102272 0.0771165 -0.225792 42973.3 0.00152696 1 -4.92136 9.207 -0.25 52142.8
0 8 220 phononTS 0.00171481 -0.102272 0.0771165 -0.225792 42973.3 0.00171481 1 -7.68541 6.30913 -0.25 117916
0 8 229 phononTS 0.00540549 -0.0753932 0.429197 0.198107 659.742 0.00540549 1 9.61591 4.83389 -0.25 22687.1
0 8 231 phononL 0.00467355 1.00066 0.824913 0.177868 12179.1 0.00467355 1 -4.82582 -1.45751 -0.25 31147
0 8 230 phononL 0.00312857 1.00066 0.824913 0.177868 12179.1 0.00312857 1 -7.33936 5.31824 -0.25 32632.7
0 8 233 phononL 0.0038696 -0.97854 -1.48632 -0.181422 3452.67 0.0038696 1 7.0343 -1.02909 -0.25 42436.9
0 8 232 phononTS 0.00613512 -0.97854 -1.48632 -0.181422 3452.67 0.00613512 1 0.576438 -3.97134 -0.25 15477.8
0 8 235 phononTS 0.00937531 -0.0175651 0.0178691 0.0449301 254.763 0.00937531 1 0.173169 0.118022 0.25 784.168
0 8 234 phononTS 0.00378617 -0.0175651 0.0178691 0.0449301 254.763 0.00378617 1 0.888942 -7.58411 0.25 10710.2
0 8 239 phononL 0.00789754 0.0978573 -0.0510286 0.102875 141.133 0.00789754 1 0.134458 0.122067 0.25 166.325
0 8 241 phononTS 0.00352507 0.285898 -0.340798 -0.0540883 752.836 0.00352507 1 -8.85651 -0.906691 0.25 23064.1
0 8 240 phononTF 0.00442388 0.285898 -0.340798 -0.0540883 752.836 0.00442388 1 4.10272 -1.94309 0.25 37946.5
0 8 243 phononTF 0.0034318 0.155331 0.763306 -0.00139019 5489.55 0.0034318 1 5.24084 -1.56029 0.25 8818.4
0 8 242 phononTF 0.0048711 0.155331 0.763306 -0.00139019 5489.55 0.0048711 1 -0.598982 -9.77417 0.25 61597.5
0 9 13 phononTS 0.00936269 -0.108396 0.0140204 -0.106915 138.817 0.00936269 1 1.9421 -0.84834 -0.25 2433.1
0 9 15 phononTF 0.00618629 1.19762 0.561274 0.0849207 2205.69 0.00618629 1 0.36345 0.462916 0.25 2791.66
0 9 14 phononL 0.00203354 1.19762 0.561274 0.0849207 2205.69 0.00203354 1 -0.877412 -1.11607 0.25 18196.2
0 9 21 phononTS 0.00265052 -0.412327 1.90234 -0.130928 2171.34 0.00265052 1 -5.93256 5.61125 -0.25 47599.3
0 9 20 phononTS 0.00452448 -0.412327 1.90234 -0.130928 2171.34 0.00452448 1 1.7293 -7.17654 -0.25 34244.3
0 9 25 phononTS 0.00442843 0.379593 0.584533 0.124233 3374.47 0.00442843 1 2.06111 1.9226 -0.25 21844.7
0 9 24 phononTS 0.00313796 0.379593 0.584533 0.124233 3374.47 0.00313796 1 6.72352 -9.262 0.25 49244.4
0 9 22 phononTF 0.00341683 -0.0718768 0.0447333 0.134905 436.581 0.00341683 1 -3.83959 8.26169 0.25 4653.25
0 9 16 phononL 0.00458484 0.0140374 -0.0379393 -0.00642398 57.041 0.00458484 1 4.61524 6.61606 0.25 9414.03
0 9 31 phononTS 0.0053595 -0.249507 0.158417 0.0044492 586.13 0.0053595 1 0.286607 0.151327 0.25 700.139
0 9 33 phononTF 0.0049067 -1.44546 -0.00753847 0.162267 3893.28 0.0049067 1 2.16002 9.87384 0.25 18435.7
0 9 32 phononTS 0.00275694 -1.44546 -0.00753847 0.162267 3893.28 0.00275694 1 -3.58612 1.6299 0.25 7325.2
0 9 35 phononL 0.00253549 -8.0604 3.34154 0.240433 10773.4 0.00253549 1 -7.80712 2.11478 0.25 13930.5
0 9 34 phononTF 0.00233381 -8.0604 3.34154 0.240433 10773.4 0.00233381 1 -5.07995 -1.6809 -0.25 34432.6
0 9 41 phononTS 0.00715311 0.892322 -0.534857 0.0647196 1276.19 0.00715311 1 -0.409499 -4.00091 0.25 20517.3
0 9 43 phononTF 0.00276152 2.02309 -1.92635 0.114495 9987.86 0.00276152 1 7.98576 -9.90361 -0.25 90196.6
0 9 42 phononTS 0.00259887 2.02309 -1.92635 0.114495 9987.86 0.00259887 1 9.45216 9.66402 0.25 32196.9
0 9 45 phononTS 0.00240828 -2.62837 0.270172 -0.196773 8740.29 0.00240828 1 -8.62313 1.94242 -0.25 12350.1
0 9 47 phononTS 0.00281024 -4.28213 5.73674 0.123966 12079.3 0.00281024 1 -3.8913 -8.03542 0.25 36791.8
0 9 46 phononTS 0.00263877 -4.28213 5.73674 0.123966 12079.3 0.00263877 1 -5.04523 -1.44739 -0.25 47143.3
0 9 49 phononTS 0.00484407 0.710558 -1.82462 -0.18536 3906.63 0.00484407 1 -6.35843 8.51498 0.25 48911.9
0 9 48 phononL 0.00308408 0.710558 -1.82462 -0.18536 3906.63 0.00308408 1 -3.19254 -2.59408 0.25 27192.2
0 9 57 phononTS 0.00549676 0.640873 0.795702 -0.220395 1338.69 0.00549676 1 -6.58878 9.7038 0.25 12827.4
0 9 56 phononTS 0.00324837 0.640873 0.795702 -0.220395 1338.69 0.00324837 1 -8.03679 7.85132 -0.25 3895.73
0 9 59 phononTS 0.00427556 2.13995 0.486537 -0.246203 2525.5 0.00427556 1 6.15537 4.71065 -0.25 4569.29
0 9 58 phononL 0.00460819 2.13995 0.486537 -0.246203 2525.5 0.00460819 1 -3.98874 -7.89586 -0.25 24014.7
0 9 61 phononTF 0.00596816 1.57165 -0.0477027 -0.249313 3651.54 0.00596816 1 3.47842 -0.552976 -0.25 6503.5
0 9 60 phononTS 0.00271821 1.57165 -0.0477027 -0.249313 3651.54 0.00271821 1 6.91012 -9.31474 0.25 30619.6
0 9 63 phononTF 0.00607383 -0.0117838 -0.0157922 -0.0401629 17.4358 0.00607383 1 1.55518 0.248299 0.25 985.169
0 9 65 phononTS 0.0102294 -0.136106 -0.075221 -0.229759 616.372 0.0102294 1 -0.235757 0.133058 0.25 2997.33
0 9 64 phononTS 0.00582614 -0.136106 -0.075221 -0.229759 616.372 0.00582614 1 6.3851 -6.07279 0.25 19776.3
0 9 73 phononTF 0.00380799 -0.969693 -2.01211 -0.202092 10102.7 0.00380799 1 4.67502 0.499331 0.25 14583.1
0 9 72 phononL 0.00333661 -0.969693 -2.01211 -0.202092 10102.7 0.00333661 1 0.488177 -4.91017 0.25 14377.8
0 9 75 phononTS 0.00913263 -0.057271 0.302412 0.16317 300.035 0.00913263 1 -0.624073 0.623204 0.25 1661.73
0 9 77 phononL 0.00388699 0.740226 3.41888 -0.0688954 3515.59 0.00388699 1 0.252089 4.45133 -0.25 5059.61
0 9 76 phononTF 0.00217734 0.740226 3.41888 -0.0688954 3515.59 0.00217734 1 0.681022 6.06896 -0.25 7314.29
0 9 79 phononTF 0.00861114 -0.187019 -0.0602399 -0.0920901 143.548 0.00861114 1 -2.28641 3.07956 0.25 4264.41
0 9 81 phononTS 0.00434441 -5.34828 -8.75833 0.187761 6536.81 0.00434441 1 -9.48417 2.52859 -0.25 54906.1
0 9 80 phononTS 0.00124949 -5.34828 -8.75833 0.187761 6536.81 0.00124949 1 -0.0759396 -4.32533 -0.25 11004.9
0 9 87 phononTS 0.00372191 -0.0296254 0.0667042 -0.223389 124.531 0.00372191 1 -4.05587 9.59292 -0.25 28181.7
0 9 89 phononTS 0.00360719 -0.377312 -0.305533 -0.0688992 372.938 0.00360719 1 1.67629 3.77713 0.25 7803.36
0 9 88 phononTF 0.0035609 -0.377312 -0.305533 -0.0688992 372.938 0.0035609 1 -2.79447 -4.53765 0.25 43732.6
0 9 84 phononTS 0.00344999 -0.0201359 0.0588378 -0.225253 114.498 0.00344999 1 9.14709 8.36226 -0.25 32260.5
0 9 93 phononTS 0.00656666 -0.0155848 0.029596 0.00964577 12.6027 0.00656666 1 0.185892 -0.272988 -0.25 1893.33
0 9 99 phononTS 0.00192663 -1.96832 7.17187 0.0387837 6328.66 0.00192663 1 0.93858 -1.69491 -0.25 21487.9
0 9 98 phononTF 0.00298777 -1.96832 7.17187 0.0387837 6328.66 0.00298777 1 -9.35741 5.79397 0.25 51722.1
0 9 96 phononL 0.00303446 -0.526606 -0.285891 -0.0879229 1830.16 0.00303446 1 -1.74047 1.4957 0.25 82866
0 9 94 phononTF 0.00242699 0.266811 -0.0712546 -0.23906 455.277 0.00242699 1 6.33546 -5.30895 0.25 24934.2
0 9 103 phononTS 0.003022 -1.98032 3.91139 0.166545 5047.43 0.003022 1 -1.7361 -6.02379 0.25 25699.9
0 9 102 phononTS 0.0029387 -1.98032 3.91139 0.166545 5047.43 0.0029387 1 -2.54455 4.35518 -0.25 5589.95
0 9 107 phononTS 0.00400014 3.07964 -6.1525 -0.00536592 24291.5 0.00400014 1 7.33432 -3.69939 -0.25 32243.7
0 9 106 phononTF 0.00279943 3.07964 -6.1525 -0.00536592 24291.5 0.00279943 1 -9.17774 -2.81648 -0.25 47013.3
0 9 109 phononTF 0.00196554 -0.839518 -0.725772 0.0537987 953.429 0.00196554 1 -9.18186 -8.00223 -0.25 12833.4
0 9 108 phononTF 0.00474664 -0.839518 -0.725772 0.0537987 953.429 0.00474664 1 -1.90698 -3.2301 -0.25 16574.2
0 9 123 phononTS 0.0034588 0.397618 1.07248 0.0303858 2210.73 0.0034588 1 8.2485 6.31222 0.25 17979.3
0 9 122 phononTF 0.0035674 0.397618 1.07248 0.0303858 2210.73 0.0035674 1 8.86074 -8.93042 -0.25 30445.1
0 9 125 phononTF 0.00484203 -0.00474339 -0.102128 0.17015 29617.3 0.00484203 1 6.31329 -6.83099 -0.25 45900.6
0 9 124 phononL 0.00199298 -0.00474339 -0.102128 0.17015 29617.3 0.00199298 1 8.65651 -0.103996 0.25 47164.5
0 9 129 phononTS 0.00357961 0.149777 -0.717517 0.0227642 4077.33 0.00357961 1 -3.84644 9.50786 0.25 7083.34
0 9 131 phononTF 0.00410014 -4.11251 -1.84775 0.0460317 50500.3 0.00410014 1 5.64753 5.77881 0.25 67531.4
0 9 130 phononTS 0.00231064 -4.11251 -1.84775 0.0460317 50500.3 0.00231064 1 1.13733 5.57715 0.25 75232.5
0 9 133 phononTS 0.002434 -0.877059 0.0791734 -0.143587 2993.21 0.002434 1 0.40598 2.20988 0.25 25417
0 9 132 phononTF 0.00293463 -0.877059 0.0791734 -0.143587 2993.21 0.00293463 1 3.29136 -2.81824 0.25 63098.7
0 9 141 phononTS 0.00176737 0.358658 4.088 -0.125663 1681 0.00176737 1 0.363657 10 -0.131417 2693.06
0 9 140 phononTF 0.00214048 0.358658 4.088 -0.125663 1681 0.00214048 1 0.670836 3.47544 -0.25 2302.63
0 9 143 phononTF 0.00265049 1.00834 -2.03835 -0.241996 1980.3 0.00265049 1 -7.1763 8.62348 -0.25 15696.5
0 9 145 phononL 0.00371684 -3.20957 -6.52178 0.225391 55186.6 0.00371684 1 -1.28147 -8.17396 0.25 56353.8
0 9 144 phononTF 0.000443715 -3.20957 -6.52178 0.225391 55186.6 0.000443715 1 -3.47843 -8.22207 0.25 110511
0 9 151 phononTS 0.00307338 7.81486 -0.911911 -0.0279227 18590.9 0.00307338 1 -2.78423 -8.14691 0.25 42622.4
0 9 150 phononL 0.0020733 7.81486 -0.911911 -0.0279227 18590.9 0.0020733 1 7.93416 -5.44721 0.25 30083.1
0 9 148 phononTS 0.000821424 1.83204 0.965503 -0.108097 7937.55 0.000821424 1 -1.60866 -6.25539 0.25 40292
0 9 146 phononTF 0.0046799 0.419299 -0.320547 0.0182402 2055.32 0.0046799 1 -6.42564 -0.094066 0.25 8344.34
0 9 155 phononTS 0.00228401 1.0723 1.16497 0.00631447 18139.7 0.00228401 1 -0.405175 0.357555 0.25 19000.6
0 9 154 phononTF 0.00263346 1.0723 1.16497 0.00631447 18139.7 0.00263346 1 9.65374 5.3636 -0.25 45233.5
0 9 157 phononTF 0.0049646 2.2709 0.346791 -0.176781 14697.3 0.0049646 1 -3.09012 -2.33403 0.25 28654.5
0 9 156 phononTF 0.00188628 2.2709 0.346791 -0.176781 14697.3 0.00188628 1 -1.96114 -9.01567 0.25 44108.1
0 9 159 phononL 0.0131355 -0.00166399 0.0043915 -0.0395095 9.63573 0.0131355 1 0.0645944 0.0228252 -0.25 254.342
0 9 163 phononTS 0.00200458 -2.62486 1.08061 0.229733 14950.7 0.00200458 1 -5.25593 -0.0023031 0.25 20353.4
0 9 162 phononTS 0.00420071 -2.62486 1.08061 0.229733 14950.7 0.00420071 1 -6.84155 9.48611 -0.25 21158.5
0 9 160 phononTS 0.00963753 -0.0598036 0.160479 -0.220999 674.271 0.00963753 1 -1.13682 0.0560305 0.25 3504.42
0 9 171 phononL 0.00406356 -1.67432 -0.6778 0.0501204 7622.12 0.00406356 1 9.00637 5.10853 -0.25 22092.1
0 9 170 phononTF 0.00397868 -1.67432 -0.6778 0.0501204 7622.12 0.00397868 1 0.59953 -0.983438 -0.25 10164.8
0 9 173 phononTF 0.00263919 -0.411482 -3.4324 -0.0881607 22789.9 0.00263919 1 -6.53501 4.587 -0.25 40404.1
0 9 172 phononTF 0.00422225 -0.411482 -3.4324 -0.0881607 22789.9 0.00422225 1 -6.64419 1.1539 0.25 55806.2
0 9 177 phononTF 0.00483082 -0.640793 -0.62188 -0.0902213 1190.08 0.00483082 1 1.81719 -1.75824 0.25 31088.8
0 9 176 phononTS 0.00480719 -0.640793 -0.62188 -0.0902213 1190.08 0.00480719 1 4.66581 -1.86613 0.25 8862.34
0 9 179 phononTF 0.00230978 0.727802 -0.372443 0.0915117 13250.4 0.00230978 1 -0.408378 6.43759 0.25 40915.2
0 9 178 phononTF 0.00530362 0.727802 -0.372443 0.0915117 13250.4 0.00530362 1 -4.84328 -5.38391 0.25 34530.2
0 9 181 phononTF 0.00745927 -0.0546167 -0.0355153 -0.0680638 302.776 0.00745927 1 0.996847 -1.57351 0.25 11169
0 9 183 phononTS 0.00430275 -0.151287 -0.680059 0.000920545 2279.72 0.00430275 1 -0.0086207 -6.06703 -0.25 14136.3
0 9 182 phononL 0.00566934 -0.151287 -0.680059 0.000920545 2279.72 0.00566934 1 -0.0153191 -0.986472 0.25 2723.37
0 9 193 phononTS 0.0044843 -0.0353604 -0.298375 -0.0102807 2506.96 0.0044843 1 3.15169 4.6557 0.25 6543.42
0 9 192 phononTF 0.00601994 -0.0353604 -0.298375 -0.0102807 2506.96 0.00601994 1 4.34595 -3.39011 -0.25 6527.7
0 9 195 phononTF 0.0084657 -0.0212423 0.0215935 -0.0587762 133.118 0.0084657 1 -1.19272 -1.3672 0.25 3362.8
0 9 199 phononTF 0.00263484 -1.81687 4.57957 0.128129 6648.58 0.00263484 1 -0.892264 -1.09165 0.25 30859.4
0 9 198 phononTF 0.00244158 -1.81687 4.57957 0.128129 6648.58 0.00244158 1 1.33958 -4.59919 -0.25 10489.3
0 9 196 phononTF 0.002695 -1.38962 0.513511 -0.068597 3460.31 0.002695 1 -9.89707 -5.75056 0.25 110216
0 9 205 phononL 0.00484171 -0.566757 1.06113 -0.226168 1275.69 0.00484171 1 -2.29053 6.99209 0.25 63758.6
0 9 204 phononTS 0.00198405 -0.566757 1.06113 -0.226168 1275.69 0.00198405 1 1.23011 1.09939 -0.25 1733.69
0 9 202 phononTS 0.00382183 -0.291468 -0.149225 0.153497 613.19 0.00382183 1 -0.917336 -6.10521 -0.25 7492.05
0 9 207 phononTS 0.00412706 -0.106142 0.240787 -0.0793887 354.945 0.00412706 1 9.08476 8.48529 -0.25 9513.74
0 9 209 phononTF 0.00641416 -1.13546 -0.731345 0.245472 8734.23 0.00641416 1 -0.410945 0.0242049 -0.25 8935.95
0 9 208 phononTS 0.00362888 -1.13546 -0.731345 0.245472 8734.23 0.00362888 1 2.36078 -5.93439 0.25 29246.4
0 9 213 phononTS 0.00477625 -0.175302 0.18938 0.0931936 270.194 0.00477625 1 0.364141 3.05403 -0.25 11427.3
0 9 212 phononTS 0.00599647 -0.175302 0.18938 0.0931936 270.194 0.00599647 1 6.06681 -5.26781 -0.25 22140.1
0 9 215 phononL 0.00735382 -0.085449 -0.149026 0.109517 183.399 0.00735382 1 -1.00153 -0.911043 0.25 2856.85
0 9 214 phononTS 0.00679726 -0.085449 -0.149026 0.109517 183.399 0.00679726 1 0.183554 1.79261 -0.25 6657.84
0 9 221 phononL 0.00376509 0.0223324 -0.0317991 0.0462178 133.475 0.00376509 1 -8.53226 4.6448 0.25 17177.7
0 9 223 phononL 0.0048026 0.578723 1.31806 -0.0336172 2851.87 0.0048026 1 3.8574 -5.01721 -0.25 56102.6
0 9 225 phononTF 0.00340137 7.6625 9.18591 -0.0670941 24353.9 0.00340137 1 -9.88293 -9.73688 0.25 61125.1
0 9 224 phononTF 0.00246633 7.6625 9.18591 -0.0670941 24353.9 0.00246633 1 8.0886 8.51035 0.25 41308.1
0 9 229 phononTF 0.00605882 -0.0383842 -0.0296838 -0.127335 137.257 0.00605882 1 3.95693 -1.76299 -0.25 25406.1
0 9 228 phononTS 0.00452451 -0.0383842 -0.0296838 -0.127335 137.257 0.00452451 1 1.62331 -1.95486 -0.25 10118
0 9 233 phononTS 0.00352217 -0.0701022 -0.737701 -0.147177 8419.14 0.00352217 1 6.39138 3.49747 -0.25 40138.3
0 9 232 phononTF 0.00254687 -0.0701022 -0.737701 -0.147177 8419.14 0.00254687 1 -2.84059 -6.8057 -0.25 10994.2
0 9 230 phononL 0.00381789 1.87769 -0.198832 -0.128362 5506.08 0.00381789 1 0.0190434 -2.79021 0.25 11863.4
0 9 237 phononL 0.00569198 -0.0172878 -0.151377 0.0756141 222.472 0.00569198 1 6.18819 2.17058 0.25 17302.6
0 9 239 phononTF 0.00393357 -0.166001 -0.0629411 0.191833 2168.12 0.00393357 1 7.83101 1.22273 -0.25 18008.9
0 9 243 phononTS 0.00344835 -6.38527 2.15775 -0.127944 31422.5 0.00344835 1 -6.36637 3.2106 -0.25 31931.4
0 9 242 phononTF 0.00141286 -6.38527 2.15775 -0.127944 31422.5 0.00141286 1 8.52793 1.85149 0.25 68394.2
0 9 240 phononTS 0.00248968 -0.0121611 2.46206 0.065326 5723.35 0.00248968 1 4.41223 1.03067 0.25 14261.2
0 9 245 phononTS 0.00504024 -0.997531 -0.0921291 -0.132333 11862.1 0.00504024 1 -2.02563 -1.74911 -0.25 13224.4
0 9 244 phononTS 0.00341142 -0.997531 -0.0921291 -0.132333 11862.1 0.00341142 1 6.30614 9.1562 0.25 53257.9
0 10 17 phononTF 0.00346961 9.03246 -2.24433 0.155348 16459.5 0.00346961 1 9.00839 -1.83952 -0.25 22128.5
0 10 16 phononTF 0.00130069 9.03246 -2.24433 0.155348 16459.5 0.00130069 1 -9.70077 -9.99978 0.25 34904.2
0 10 19 phononTS 0.00240746 4.26394 -5.73943 -0.105932 13791.8 0.00240746 1 -1.63694 -1.04147 0.25 39529.2
0 10 18 phononTF 0.0037412 4.26394 -5.73943 -0.105932 13791.8 0.0037412 1 -5.38063 -7.62458 0.25 26758
0 10 21 phononTF 0.00418496 -0.151026 0.460725 0.219135 1378.18 0.00418496 1 7.85655 -1.69864 0.25 51164.8
0 10 20 phononTS 0.0061029 -0.151026 0.460725 0.219135 1378.18 0.0061029 1 7.09244 2.68158 0.25 9840.22
0 10 23 phononL 0.00470079 -0.21025 0.229139 -0.103518 871.349 0.00470079 1 -7.77207 0.911929 0.25 8119.37
0 10 27 phononTS 0.00189903 -3.40017 -8.02591 0.209363 25124.9 0.00189903 1 0.769986 -8.1078 0.25 25838.5
0 10 26 phononTS 0.00265301 -3.40017 -8.02591 0.209363 25124.9 0.00265301 1 -4.7503 -8.04621 0.25 27505.2
0 10 24 phononTF 0.000911579 -2.93369 1.22272 0.0418588 5220.97 0.000911579 1 -2.98422 -5.93747 0.25 20035.9
0 10 35 phononTF 0.00342191 -0.12907 0.257988 -0.0782436 112.102 0.00342191 1 0.176702 0.396237 0.25 450.406
0 10 34 phononTS 0.00486994 -0.12907 0.257988 -0.0782436 112.102 0.00486994 1 -9.0555 -3.05248 0.25 9433.79
0 10 37 phononL 0.0033179 1.21343 0.438008 0.00782767 1002.54 0.0033179 1 5.19042 -2.27919 -0.25 14520.1
0 10 39 phononTS 0.00373359 -2.44735 -3.3281 -0.169255 7452.51 0.00373359 1 -4.47016 -0.0891526 -0.25 9746.87
0 10 38 phononTF 0.000732404 -2.44735 -3.3281 -0.169255 7452.51 0.000732404 1 -9.59145 6.38956 0.25 68787.8
0 10 43 phononTF 0.00365457 -0.71904 0.624309 0.0101555 3806.38 0.00365457 1 -0.302001 -2.73247 -0.25 6444.8
0 10 45 phononL 0.00308241 0.105578 3.58299 -0.025596 7889.27 0.00308241 1 6.40666 4.87603 0.25 57670
0 10 44 phononTS 0.00277788 0.105578 3.58299 -0.025596 7889.27 0.00277788 1 0.131575 3.65499 -0.25 7936.58
0 10 47 phononL 0.00640728 0.285428 -0.314075 -0.164316 1022.88 0.00640728 1 1.35779 2.72061 0.25 6423.16
0 10 46 phononTS 0.00481929 0.285428 -0.314075 -0.164316 1022.88 0.00481929 1 7.04832 5.43349 -0.25 30805.5
0 10 49 phononTF 0.00506948 -0.0988665 0.00631644 -0.0484189 32.5108 0.00506948 1 -6.53191 -7.34718 -0.25 12147.4
0 10 48 phononTF 0.00723866 -0.0988665 0.00631644 -0.0484189 32.5108 0.00723866 1 -0.845376 -1.41626 -0.25 2489.83
0 10 57 phononTF 0.00294438 0.420621 0.00784475 0.0272913 4463.1 0.00294438 1 0.142507 1.32815 -0.25 28160.5
0 10 56 phononTF 0.0043507 0.420621 0.00784475 0.0272913 4463.1 0.0043507 1 7.09282 -0.955029 0.25 6663.79
0 10 54 phononL 0.00271438 1.04658 0.166484 -0.180331 1903.95 0.00271438 1 -8.34331 -5.70913 0.25 28605.5
0 10 59 phononTS 0.00641205 0.396807 -1.01161 0.0948052 985.97 0.00641205 1 -0.58476 -3.94055 -0.25 5556.6
0 10 58 phononTF 0.00373527 0.396807 -1.01161 0.0948052 985.97 0.00373527 1 -0.572234 -3.26845 -0.25 5590.35
0 10 65 phononTF 0.00511211 0.0416143 -0.726623 -0.170064 641.584 0.00511211 1 -3.07678 -1.01324 -0.25 3639.04
0 10 67 phononL 0.00420863 0.0762464 2.66157 0.110504 10489.8 0.00420863 1 3.34471 -2.42751 0.25 29436.5
0 10 66 phononTS 0.00155827 0.0762464 2.66157 0.110504 10489.8 0.00155827 1 -0.080457 2.51754 -0.25 12236
0 10 62 phononTS 0.00647665 0.00190346 -0.0124892 -0.0354114 13.4066 0.00647665 1 -0.0395841 -0.0634752 -0.25 200.143
0 10 69 phononTS 0.00378352 0.0635723 -0.192036 -0.0763316 994.358 0.00378352 1 3.72498 -1.46458 0.25 5428.3
0 10 73 phononTS 0.0034263 2.63691 -4.84761 -0.15968 14423.6 0.0034263 1 1.10531 4.86004 0.25 23201.5
0 10 72 phononTF 0.00206804 2.63691 -4.84761 -0.15968 14423.6 0.00206804 1 -3.73793 -6.86621 0.25 18651.2
0 10 70 phononTS 0.00346099 -0.0982233 -0.25138 -0.235683 1088.49 0.00346099 1 -7.81643 4.16825 0.25 28318.3
0 10 89 phononTF 0.00350749 5.55967 9.86765 -0.0975263 15412 0.00350749 1 7.57185 10 0.162261 17913.9
0 10 88 phononTF 0.00148211 5.55967 9.86765 -0.0975263 15412 0.00148211 1 9.57783 9.65114 0.25 20305.5
0 10 86 phononTS 0.00232804 -0.332543 -0.644569 0.0780155 3200.36 0.00232804 1 -1.09926 7.47498 0.25 17513.4
0 10 84 phononTF 0.00254206 -0.0483206 -0.206602 -0.158191 1311.86 0.00254206 1 2.98127 3.14883 0.25 16122.6
0 10 91 phononTS 0.00470068 0.0818344 -0.357713 -0.199722 371.168 0.00470068 1 0.250523 0.683653 0.25 1128.08
0 10 93 phononTF 0.00191869 2.10264 9.14184 0.204757 67249.8 0.00191869 1 -6.23665 -9.26659 0.25 77913.4
0 10 92 phononTS 0.00102858 2.10264 9.14184 0.204757 67249.8 0.00102858 1 8.15883 -5.44108 0.25 106177
0 10 97 phononL 0.00389678 1.02045 2.14577 -0.123326 6573.91 0.00389678 1 1.03421 2.87548 0.25 7409.68
0 10 96 phononTS 0.00345327 1.02045 2.14577 -0.123326 6573.91 0.00345327 1 6.00091 6.63693 -0.25 13334
0 10 99 phononTS 0.00391998 -0.0338316 -0.12622 -0.134101 499.895 0.00391998 1 -0.291549 3.51556 0.25 2087.18
0 10 101 phononTF 0.00218979 -2.58786 1.19339 -0.0234923 7680.55 0.00218979 1 9.96213 -4.7467 0.25 12788.2
0 10 100 phononTS 0.00493448 -2.58786 1.19339 -0.0234923 7680.55 0.00493448 1 -5.11244 -5.60915 -0.25 16564
0 10 107 phononTF 0.00942086 0.0185371 0.000705163 -0.0136522 37.8147 0.00942086 1 0.498893 0.704595 0.25 2088.7
0 10 109 phononTF 0.00654162 0.20781 -0.10606 -0.0766693 134.392 0.00654162 1 2.34618 1.285 -0.25 9030.22
0 10 108 phononTF 0.00659007 0.20781 -0.10606 -0.0766693 134.392 0.00659007 1 0.593565 -1.60333 0.25 6134.73
0 10 111 phononTS 0.00754032 -0.0431576 0.00352554 -0.0300684 111.739 0.00754032 1 -0.602969 1.47069 0.25 2758.68
0 10 115 phononTS 0.00553032 1.39458 1.12982 -0.247538 12340.1 0.00553032 1 -3.79543 -2.73688 -0.25 19475.6
0 10 114 phononTS 0.0010248 1.39458 1.12982 -0.247538 12340.1 0.0010248 1 6.4848 6.69259 0.25 21788.4
0 10 112 phononL 0.00331852 -1.52137 -0.655944 0.0361335 6186.81 0.00331852 1 8.78858 7.95364 -0.25 46592.5
0 10 119 phononTS 0.00662447 0.486147 0.00473917 0.0505668 804.628 0.00662447 1 -0.700248 -1.02042 -0.25 11985.6
0 10 121 phononTS 0.00536646 -6.66871 -3.80449 -0.226963 24475 0.00536646 1 9.74744 -10 0.167732 74145
0 10 120 phononL 0.00182285 -6.66871 -3.80449 -0.226963 24475 0.00182285 1 -5.17967 -4.35991 0.25 33184.2
0 10 125 phononTS 0.00504298 -0.132157 0.00835904 -0.165329 269.761 0.00504298 1 2.37598 -0.301301 -0.25 1622.61
0 10 124 phononL 0.00330917 -0.132157 0.00835904 -0.165329 269.761 0.00330917 1 -3.59374 -5.89182 -0.25 4648.47
0 10 122 phononTS 0.000724811 -0.131121 -0.0525561 -0.232035 259.858 0.000724811 1 -0.236448 -0.0384337 0.25 23284.4
0 10 137 phononTF 0.00240671 -3.99174 3.10061 0.11993 15474.4 0.00240671 1 -10 -4.99089 0.134611 28620.8
0 10 136 phononTF 0.00364687 -3.99174 3.10061 0.11993 15474.4 0.00364687 1 0.43648 0.984451 0.25 29612
0 10 134 phononTF 0.00422904 0.0791031 -0.0821571 -0.055528 55.4355 0.00422904 1 3.94507 -4.63538 0.25 10389.6
0 10 139 phononTS 0.00507065 -0.0566609 -0.69041 -0.219709 1329.45 0.00507065 1 -0.518554 8.06619 -0.25 14480.8
0 10 138 phononTF 0.00606009 -0.0566609 -0.69041 -0.219709 1329.45 0.00606009 1 -0.36551 1.32439 0.25 4105.35
0 10 143 phononTF 0.00280018 3.86915 -0.686821 0.0529282 2339.63 0.00280018 1 9.01001 9.57721 0.25 37886.6
0 10 142 phononTF 0.00286203 3.86915 -0.686821 0.0529282 2339.63 0.00286203 1 -9.16061 -9.65625 0.25 6009.56
0 10 140 phononTF 0.00589448 0.116736 0.0484823 -0.201085 246.847 0.00589448 1 -3.71953 -4.15522 0.25 9423.96
0 10 149 phononTS 0.00279696 -1.72926 1.24724 0.0580999 5698.47 0.00279696 1 -2.31713 -5.97269 -0.25 36472.6
0 10 148 phononTS 0.00254324 -1.72926 1.24724 0.0580999 5698.47 0.00254324 1 9.62099 9.44555 0.25 16904.1
0 10 151 phononTS 0.00179482 -0.268344 -6.80701 -0.12324 10222.2 0.00179482 1 6.49495 2.68005 -0.25 40961.4
0 10 150 phononTS 0.00280438 -0.268344 -6.80701 -0.12324 10222.2 0.00280438 1 -6.84744 -7.46613 -0.25 29070.7
0 10 153 phononTS 0.00159602 -7.16012 -7.72748 -0.202967 28261.2 0.00159602 1 9.35134 3.82336 -0.25 139187
0 10 155 phononTF 0.00179311 6.16661 -0.943812 0.167012 47478.9 0.00179311 1 -2.04001 -8.53613 0.25 64318
0 10 154 phononTS 0.00117144 6.16661 -0.943812 0.167012 47478.9 0.00117144 1 10 2.72241 -0.233426 68151.6
0 10 161 phononL 0.00396128 -0.0380629 -0.0120385 -0.000345927 69.7456 0.00396128 1 -8.17309 -4.74075 -0.25 27852.9
0 10 160 phononL 0.00580968 -0.0380629 -0.0120385 -0.000345927 69.7456 0.00580968 1 7.49771 -1.52174 -0.25 17252.5
0 10 165 phononTF 0.00521407 0.043246 0.635526 0.0473921 1539.26 0.00521407 1 5.38256 1.5373 0.25 42854.8
0 10 164 phononL 0.00624161 0.043246 0.635526 0.0473921 1539.26 0.00624161 1 -1.77429 2.55749 -0.25 2431.74
0 10 162 phononTS 0.00272516 -0.215054 -0.0696141 -0.200116 449.605 0.00272516 1 -9.29587 -9.49431 0.25 40545.5
0 10 156 phononL 0.00155336 -0.0330914 0.00240871 -0.0102905 39.852 0.00155336 1 9.69298 9.38735 0.25 16946.8
0 10 175 phononTS 0.00459382 4.74097 1.46452 -0.192481 18089.9 0.00459382 1 -6.35419 -6.58035 0.25 58661.3
0 10 174 phononL 0.00119845 4.74097 1.46452 -0.192481 18089.9 0.00119845 1 -1.8443 -7.37479 -0.25 61024.5
0 10 179 phononTS 0.00444432 -0.865201 -1.68232 -0.094333 6023.37 0.00444432 1 9.59112 4.61025 0.25 26900.9
0 10 181 phononTS 0.00122171 0.623317 -6.30128 -0.0588812 15901.9 0.00122171 1 -0.194327 -3.6385 -0.25 17199.9
0 10 180 phononTS 0.00271845 0.623317 -6.30128 -0.0588812 15901.9 0.00271845 1 -5.07601 -3.5595 -0.25 37488.9
0 10 176 phononTF 0.00274197 -0.271212 -0.0741681 -0.05127 340.395 0.00274197 1 -5.48069 -1.08319 -0.25 22523.1
0 10 185 phononTS 0.00286506 -2.4091 0.279633 -0.130149 10795.9 0.00286506 1 9.10973 9.93902 0.25 113760
0 10 184 phononTF 0.00625306 -2.4091 0.279633 -0.130149 10795.9 0.00625306 1 -3.08471 0.170987 0.25 13858.1
0 10 187 phononTS 0.00357577 -0.159438 -0.198325 -0.189336 412.713 0.00357577 1 -0.379213 -0.783263 -0.25 1676.61
0 10 186 phononTS 0.00467079 -0.159438 -0.198325 -0.189336 412.713 0.00467079 1 0.681262 -2.32452 -0.25 2593.85
0 10 195 phononTS 0.00361946 -0.215685 -1.0449 -0.0303031 4671.19 0.00361946 1 -3.83204 -6.684 -0.25 15863.9
0 10 194 phononTF 0.0022806 -0.215685 -1.0449 -0.0303031 4671.19 0.0022806 1 2.02744 1.36608 0.25 17793
0 10 192 phononL 0.00463479 -0.83152 0.238886 -0.0603898 494.72 0.00463479 1 -3.48406 7.16089 0.25 24246.4
0 10 190 phononTS 0.00536781 -0.139667 0.0916675 0.0708645 143.227 0.00536781 1 0.202977 -1.03167 -0.25 481.154
0 10 199 phononTS 0.00571514 0.0503824 -0.173136 -0.0171884 311.538 0.00571514 1 -5.12214 6.08389 -0.25 50061.3
0 10 198 phononL 0.00598315 0.0503824 -0.173136 -0.0171884 311.538 0.00598315 1 6.00618 -8.4329 0.25 58097.5
0 10 196 phononTS 0.0044564 0.144327 -0.0124174 -0.08072 84.7967 0.0044564 1 0.599958 -0.85297 0.25 1466.98
0 10 213 phononTF 0.00346074 1.11426 2.21605 0.0848023 6371.1 0.00346074 1 -8.49515 -3.29848 -0.25 44248.3
0 10 212 phononTF 0.00455946 1.11426 2.21605 0.0848023 6371.1 0.00455946 1 1.18048 2.33397 -0.25 6563.66
0 10 215 phononTF 0.00338703 -1.61631 1.66529 0.127889 9951.38 0.00338703 1 4.95693 -0.114872 -0.25 25027.6
0 10 214 phononTS 0.00373255 -1.61631 1.66529 0.127889 9951.38 0.00373255 1 -1.50996 1.81771 -0.25 10221.8
0 10 219 phononTF 0.00198126 -1.15249 4.74432 0.165293 6131.74 0.00198126 1 0.874431 6.72293 0.25 9003.13
0 10 218 phononTF 0.00338997 -1.15249 4.74432 0.165293 6131.74 0.00338997 1 -3.82275 6.33176 -0.25 7269
0 10 225 phononTS 0.00190878 -4.69032 2.47943 -0.233149 25892.1 0.00190878 1 9.73729 3.55486 0.25 65078.2
0 10 224 phononTS 0.00230255 -4.69032 2.47943 -0.233149 25892.1 0.00230255 1 -2.32815 -7.53116 -0.25 52456.5
0 10 222 phononTF 0.00486029 0.464842 2.07272 0.163174 3494.71 0.00486029 1 4.42635 6.2711 -0.25 27368.8
0 10 220 phononTS 0.00285781 -0.240311 0.165172 -0.118376 648.627 0.00285781 1 0.628323 -8.40571 0.25 5099.63
0 10 229 phononTF 0.0037954 -0.301667 -0.337558 -0.23675 1760.32 0.0037954 1 5.94477 -0.397447 0.25 15728.8
0 10 231 phononTS 0.00532867 3.13261 -0.94595 0.0919105 4623.25 0.00532867 1 9.08153 -7.4082 -0.25 23228.3
0 10 230 phononTF 0.00259182 3.13261 -0.94595 0.0919105 4623.25 0.00259182 1 -2.38729 -0.43111 0.25 7598.26
0 10 226 phononL 0.00444019 -0.0709511 0.00819475 -0.165446 454.982 0.00444019 1 -2.2227 -4.2812 0.25 15472.5
0 10 233 phononTF 0.00500307 2.4281 2.03319 0.13915 12095.3 0.00500307 1 -2.66755 -5.12041 -0.25 41084
0 10 232 phononTS 0.00265897 2.4281 2.03319 0.13915 12095.3 0.00265897 1 -9.69183 9.61848 -0.25 55421.8
0 10 237 phononTS 0.00862351 -0.175288 -0.115741 -0.143311 289.585 0.00862351 1 -0.608407 -0.0996712 -0.25 850.842
0 10 236 phononTF 0.00649249 -0.175288 -0.115741 -0.143311 289.585 0.00649249 1 -3.44982 8.37464 0.25 7020.89
0 10 241 phononTS 0.00567299 5.43599 -3.87526 0.0676653 24293.5 0.00567299 1 6.16382 -3.48802 0.25 27197.2
0 10 240 phononTS 0.000695631 5.43599 -3.87526 0.0676653 24293.5 0.000695631 1 -9.9155 -7.72639 0.25 38414
0 10 238 phononTF 0.00761526 -0.0416437 -0.127181 -0.131033 229.543 0.00761526 1 -1.90171 0.281401 0.25 5539.2
0 10 200 phononTF 0.0104735 -4.26244e-05 -1.70118e-05 -0.0250081 0.0250601 0.0104735 1 -1.01805 -0.225174 -0.25 1130.33
0 10 247 phononL 0.0027298 -0.463211 0.576816 0.119996 890.274 0.0027298 1 -2.36589 0.834451 -0.25 2553.99
0 10 246 phononTF 0.00330228 -0.463211 0.576816 0.119996 890.274 0.00330228 1 0.686017 -0.201851 0.25 10981.4
0 10 249 phononTF 0.00270694 -2.24522 0.850589 -0.203634 12652.3 0.00270694 1 6.10101 6.93485 0.25 89168.3
0 10 248 phononTF 0.00345679 -2.24522 0.850589 -0.203634 12652.3 0.00345679 1 -9.2268 -7.82833 -0.25 22743
0 10 251 phononTS 0.00810444 -0.00441839 0.0124153 -0.0285076 12.5151 0.00810444 1 -2.00481 -0.847276 -0.25 2949.81
0 10 255 phononTS 0.0026282 0.516202 -0.632849 0.138458 783.086 0.0026282 1 -0.660756 4.03899 -0.25 3955.81
0 10 254 phononL 0.00692608 0.516202 -0.632849 0.138458 783.086 0.00692608 1 1.31072 0.459601 -0.25 1161.97
0 10 252 phononTS 0.00549052 -0.00298098 -0.0483016 0.0894038 66.6332 0.00549052 1 7.0496 -4.82237 -0.25 24916
0 11 15 phononTF 0.0052365 -0.0349389 -0.0172371 -0.090031 166.948 0.0052365 1 -2.16286 -1.37153 0.25 25157.3
0 11 21 phononTS 0.00293976 2.05977 -0.12074 -0.231493 5334.84 0.00293976 1 -1.66026 3.78988 0.25 23244.4
0 11 20 phononTS 0.00224772 2.05977 -0.12074 -0.231493 5334.84 0.00224772 1 -7.76486 9.68878 -0.25 15083.1
0 11 18 phononTF 0.00687145 0.00938875 0.205351 0.0607847 331.472 0.00687145 1 1.12265 -5.95621 -0.25 42420.4
0 11 16 phononTF 0.000617668 -0.0431977 -0.0494827 -0.101459 171.455 0.000617668 1 3.00389 9.34653 -0.25 8095.92
0 11 23 phononTF 0.0057639 -0.839686 0.0163721 -0.0952569 2411.67 0.0057639 1 -3.09853 -5.05365 -0.25 30752
0 11 22 phononTF 0.00572014 -0.839686 0.0163721 -0.0952569 2411.67 0.00572014 1 -1.0084 0.018636 -0.25 2715.16
0 11 29 phononTS 0.00426391 -4.13094 4.27879 -0.235107 7212.42 0.00426391 1 -8.15489 1.98757 -0.25 18708.7
0 11 28 phononTF 0.00217088 -4.13094 4.27879 -0.235107 7212.42 0.00217088 1 -4.74258 6.81271 0.25 30076.7
0 11 31 phononTS 0.00306193 -2.42223 9.33905 -0.124725 8526.88 0.00306193 1 -0.977225 -3.50576 0.25 15996.1
0 11 30 phononTF 0.00179646 -2.42223 9.33905 -0.124725 8526.88 0.00179646 1 -7.82653 -7.97046 0.25 22716.2
0 11 35 phononTF 0.00398414 0.357375 -2.49373 0.240681 22332.6 0.00398414 1 3.79632 -5.17816 -0.25 34616
0 11 34 phononTS 0.00190114 0.357375 -2.49373 0.240681 22332.6 0.00190114 1 -0.488081 -8.89794 0.25 35569.5
0 11 32 phononTF 0.00441763 1.50343 -0.789315 -0.0185592 4884.79 0.00441763 1 -4.59441 1.39669 -0.25 31374.2
0 11 43 phononTS 0.00531049 -1.56179 0.575995 -0.0728972 1074.24 0.00531049 1 1.57156 -9.1262 0.25 38519.9
0 11 42 phononTS 0.00281331 -1.56179 0.575995 -0.0728972 1074.24 0.00281331 1 -5.74619 9.86611 -0.25 4616.77
0 11 40 phononTF 0.00563397 0.0459574 -0.0524164 0.0648129 111.85 0.00563397 1 0.698281 -0.0742666 0.25 238.672
0 11 45 phononL 0.00501378 0.0837235 0.00593822 -0.132412 176.174 0.00501378 1 0.112573 0.654296 -0.25 53315.4
0 11 49 phononL 0.00316406 0.892235 -0.134975 -0.218145 1670.34 0.00316406 1 2.86935 2.34178 -0.25 2237.91
0 11 48 phononTS 0.0046435 0.892235 -0.134975 -0.218145 1670.34 0.0046435 1 1.05254 -2.37541 -0.25 9540.05
0 11 46 phononL 0.00340276 0.0132157 -0.32432 -0.193318 492.775 0.00340276 1 4.34187 -2.1888 0.25 33411
0 11 53 phononL 0.00392019 7.6645 1.33631 0.147834 17686.3 0.00392019 1 -9.88671 -1.30117 0.25 58806.1
0 11 52 phononTF 0.00262442 7.6645 1.33631 0.147834 17686.3 0.00262442 1 -2.29953 0.424683 -0.25 21375.5
0 11 50 phononTF 0.0049593 -0.414101 -0.227383 -0.0663875 1940.53 0.0049593 1 -10 -5.98027 0.23304 16761.7
0 11 59 phononTS 0.00446328 0.514325 0.0945975 -0.140599 888.187 0.00446328 1 7.87678 0.105505 0.25 39992.1
0 11 61 phononTF 0.00302485 7.48342 -2.81467 -0.0325211 22010.8 0.00302485 1 5.6232 -0.964155 0.25 23582.7
0 11 60 phononTS 0.0018502 7.48342 -2.81467 -0.0325211 22010.8 0.0018502 1 7.89877 -3.33492 -0.25 22293.5
0 11 56 phononTF 0.00433328 0.00913223 0.0622102 -0.0289012 58.1695 0.00433328 1 4.07086 -5.03726 -0.25 11182.8
0 11 67 phononTS 0.00348923 1.83597 -0.605992 0.00325593 4315.3 0.00348923 1 4.50338 7.60965 0.25 34570
0 11 66 phononTF 0.00510859 1.83597 -0.605992 0.00325593 4315.3 0.00510859 1 1.76919 6.58956 -0.25 11101.6
0 11 69 phononTF 0.00676048 0.0751679 -0.0172566 0.184929 1407.38 0.00676048 1 -0.0145796 0.442023 0.25 2098.56
0 11 71 phononTF 0.00171023 5.40652 2.51148 -0.234244 4315.8 0.00171023 1 -1.10795 8.65831 -0.25 10794.5
0 11 70 phononTS 0.00362026 5.40652 2.51148 -0.234244 4315.8 0.00362026 1 4.69586 1.44561 0.25 28341.3
0 11 77 phononTS 0.00259976 -5.51828 -3.18393 0.12511 14037.5 0.00259976 1 7.56624 -6.31602 -0.25 75031.5
0 11 76 phononL 0.00176322 -5.51828 -3.18393 0.12511 14037.5 0.00176322 1 -4.42381 -4.50119 -0.25 64375.2
0 11 74 phononL 0.00296142 -5.3943 -2.80598 0.13677 7878.86 0.00296142 1 1.38584 -2.394 0.25 39244.5
0 11 72 phononTS 0.00519768 -0.262997 0.120373 0.0103473 1084.08 0.00519768 1 -6.55757 -5.44122 0.25 15575.7
0 11 81 phononL 0.00692945 0.536545 -0.367565 -0.0416047 476.456 0.00692945 1 -2.84503 -0.135144 -0.25 3725.64
0 11 83 phononTS 0.00300927 -0.643198 -0.894294 0.00768577 2421.2 0.00300927 1 -0.400654 3.27357 -0.25 4788.23
0 11 82 phononTS 0.00297135 -0.643198 -0.894294 0.00768577 2421.2 0.00297135 1 -1.71579 -1.87138 0.25 20894.2
0 11 87 phononTF 0.0053523 -0.106914 0.124394 -0.00848261 296.281 0.0053523 1 8.13683 2.43999 -0.25 18253
0 11 86 phononL 0.00574042 -0.106914 0.124394 -0.00848261 296.281 0.00574042 1 -0.436098 9.67217 -0.25 22034
0 11 95 phononTF 0.00302534 2.81429 1.39154 -0.219292 9806.62 0.00302534 1 -7.83619 4.44207 0.25 45938.5
0 11 94 phononTS 0.00303159 2.81429 1.39154 -0.219292 9806.62 0.00303159 1 9.03134 4.95903 -0.25 17563.6
0 11 92 phononL 0.0038084 0.205295 -0.704105 -0.0851252 1257.53 0.0038084 1 -8.44826 -9.89295 0.25 13543.4
0 11 97 phononTF 0.00324011 1.97736 -1.9603 0.193961 3698.62 0.00324011 1 3.30012 0.772971 -0.25 5913.67
0 11 99 phononTF 0.0023347 -1.4207 -6.76616 -0.098322 21330.6 0.0023347 1 4.32058 9.11674 0.25 66281.1
0 11 98 phononL 0.00245221 -1.4207 -6.76616 -0.098322 21330.6 0.00245221 1 -4.19514 -1.85866 0.25 25828.4
0 11 101 phononTF 0.00213564 -0.097097 -0.170585 0.180397 7156.91 0.00213564 1 7.25247 -5.42903 0.25 45902.2
0 11 100 phononTS 0.00312278 -0.097097 -0.170585 0.180397 7156.91 0.00312278 1 6.21613 -1.40887 -0.25 91788.4
0 11 111 phononTS 0.0047493 0.261041 0.208335 0.129942 126.811 0.0047493 1 -9.41616 -9.08284 -0.25 13899.5
0 11 110 phononTS 0.00525135 0.261041 0.208335 0.129942 126.811 0.00525135 1 0.989825 4.68887 -0.25 9145.58
0 11 119 phononTS 0.00161702 5.245 -4.29403 -0.113933 15717 0.00161702 1 -9.70864 -9.69669 0.25 22442.4
0 11 118 phononTS 0.00187556 5.245 -4.29403 -0.113933 15717 0.00187556 1 4.65975 -3.91818 0.25 15876.6
0 11 116 phononTS 0.00287315 1.3494 -2.0159 -0.214786 7458.83 0.00287315 1 2.89824 -9.66344 -0.25 21651.2
0 11 121 phononTF 0.00564179 1.68873 -4.7887 -0.226615 15858.2 0.00564179 1 7.63062 -9.21213 -0.25 53336.7
0 11 120 phononTF 0.00194694 1.68873 -4.7887 -0.226615 15858.2 0.00194694 1 -10 9.80325 -0.112966 24199.5
0 11 123 phononTS 0.00468631 0.663119 -0.472132 0.206316 5887.21 0.00468631 1 -2.26567 2.23236 0.25 9689.34
0 11 122 phononTS 0.00178498 0.663119 -0.472132 0.206316 5887.21 0.00178498 1 -9.94875 -9.03043 0.25 15088.6
0 11 131 phononTS 0.00618528 0.410249 0.776108 0.237336 1080.12 0.00618528 1 -0.0942967 0.282368 0.25 4813.91
0 11 130 phononTF 0.00306751 0.410249 0.776108 0.237336 1080.12 0.00306751 1 -3.64846 4.6016 -0.25 12424.1
0 11 133 phononTS 0.00355526 0.161183 -0.217836 -0.150031 1168.21 0.00355526 1 -8.148 -0.440161 -0.25 14554.4
0 11 132 phononL 0.00698151 0.161183 -0.217836 -0.150031 1168.21 0.00698151 1 0.833584 0.00575114 -0.25 3532.22
0 11 126 phononTF 0.0134982 0.00230304 -0.000698961 -0.0283146 1.28253 0.0134982 1 -0.22041 0.248084 0.25 963.965
0 11 141 phononTS 0.00569376 0.586496 1.08323 -0.0723677 858.565 0.00569376 1 -0.0232225 1.0452 0.25 3331.94
0 11 140 phononL 0.0019326 0.586496 1.08323 -0.0723677 858.565 0.0019326 1 0.10008 2.05472 0.25 11081.5
0 11 138 phononTS 0.00346195 -0.0290682 0.128396 0.0303765 123.076 0.00346195 1 6.91391 -9.89041 0.25 21615.3
0 11 136 phononTF 0.00473875 -0.0477733 0.103961 0.0522912 119.026 0.00473875 1 1.17632 3.36234 -0.25 2199.31
0 11 147 phononTS 0.00625247 0.897138 -0.755475 -0.0409074 10071.9 0.00625247 1 1.60942 -1.80861 0.25 11661.4
0 11 146 phononTF 0.0032421 0.897138 -0.755475 -0.0409074 10071.9 0.0032421 1 -3.00054 -0.0156843 0.25 13355.2
0 11 149 phononTS 0.00353425 2.49908 1.77691 -0.019957 3821.17 0.00353425 1 9.44973 9.59068 0.25 68804
0 11 148 phononTS 0.00232604 2.49908 1.77691 -0.019957 3821.17 0.00232604 1 7.54815 5.12481 -0.25 39649.8
0 11 142 phononTF 0.00252249 0.00768984 0.101689 -0.169055 116.058 0.00252249 1 2.58202 9.04724 -0.25 10214.6
0 11 155 phononTS 0.00595296 0.31977 -2.35494 -0.150188 9715.61 0.00595296 1 0.654676 -5.59775 -0.25 15546
0 11 154 phononTF 0.00226505 0.31977 -2.35494 -0.150188 9715.61 0.00226505 1 -0.687737 5.91083 0.25 44839.3
0 11 163 phononTF 0.00205848 2.11182 2.6843 -0.190517 8848.72 0.00205848 1 4.32186 -6.23534 0.25 31332.1
0 11 162 phononTF 0.00208524 2.11182 2.6843 -0.190517 8848.72 0.00208524 1 -1.98729 6.7904 -0.25 11625.6
0 11 165 phononTS 0.00151085 0.748934 0.944859 0.0558572 5178.99 0.00151085 1 5.85213 0.829781 0.25 14460.7
0 11 164 phononTF 0.00295941 0.748934 0.944859 0.0558572 5178.99 0.00295941 1 -7.10411 4.78577 -0.25 79922.9
0 11 158 phononTS 0.00691347 -0.0582044 0.00721842 0.230163 231.299 0.00691347 1 -4.8108 -1.84144 0.25 11234.6
0 11 169 phononTS 0.00322925 -2.30223 -3.9162 0.149194 46618.9 0.00322925 1 0.542226 -7.40717 -0.25 56952.9
0 11 168 phononTF 0.000856251 -2.30223 -3.9162 0.149194 46618.9 0.000856251 1 -0.456836 -9.98017 0.25 50359.1
0 11 166 phononTF 0.00340538 2.98714 -0.119397 -0.0915798 1488.78 0.00340538 1 3.61246 -7.16215 0.25 9735.84
0 11 175 phononTF 0.00619382 0.278925 0.554962 -0.103024 3380.97 0.00619382 1 2.96742 -0.0164246 0.25 18663.9
0 11 174 phononTS 0.00471261 0.278925 0.554962 -0.103024 3380.97 0.00471261 1 1.06668 0.744646 -0.25 3726.37
0 11 172 phononTS 0.00924352 0.00879309 -0.0066743 -0.0244306 3.08221 0.00924352 1 -0.685156 0.439681 0.25 1883.13
0 11 183 phononTF 0.00305342 0.218287 4.40473 0.00662594 5913.22 0.00305342 1 1.93725 -1.76815 -0.25 44441.6
0 11 182 phononTS 0.00278186 0.218287 4.40473 0.00662594 5913.22 0.00278186 1 8.03526 -4.06398 -0.25 9872.04
0 11 185 phononTF 0.0115932 0.00781265 -0.086595 -0.00851714 78.6618 0.0115932 1 0.0848115 0.0937708 0.25 552.588
0 11 184 phononTF 0.0045709 0.00781265 -0.086595 -0.00851714 78.6618 0.0045709 1 7.71206 -7.93116 0.25 17405.4
0 11 187 phononL 0.00318724 0.304902 -2.35054 0.0552672 9812.09 0.00318724 1 0.241215 -1.2231 0.25 10344.3
0 11 186 phononTS 0.00439929 0.304902 -2.35054 0.0552672 9812.09 0.00439929 1 0.207038 -1.69844 0.25 22775.4
0 11 193 phononTF 0.00683223 0.619039 0.72897 0.0295783 2168.16 0.00683223 1 1.19555 1.66838 -0.25 4018.68
0 11 192 phononTS 0.00109944 0.619039 0.72897 0.0295783 2168.16 0.00109944 1 -2.43547 -4.96153 0.25 45712.2
0 11 190 phononTF 0.00538159 0.00302016 -0.01757 -0.0316186 115.15 0.00538159 1 0.499917 0.896942 0.25 1990.92
0 11 197 phononTS 0.00200397 -1.01786 -1.28176 0.0152698 21391.3 0.00200397 1 -1.30985 -3.02743 0.25 28327.1
0 11 196 phononTF 0.00361485 -1.01786 -1.28176 0.0152698 21391.3 0.00361485 1 8.39074 -9.4602 -0.25 50497.2
0 11 194 phononTS 0.00187765 -0.739289 -0.619752 -0.217174 21196.5 0.00187765 1 -8.16138 -4.06202 -0.25 38098.9
0 11 205 phononTS 0.00907251 0.00887768 -0.000189741 -0.0125826 3.76695 0.00907251 1 2.63951 1.86411 0.25 3360.89
0 11 209 phononTF 0.00335095 -0.89485 6.79476 0.115328 8278.19 0.00335095 1 -2.77282 10 -0.239001 31683.9
0 11 208 phononL 0.00311502 -0.89485 6.79476 0.115328 8278.19 0.00311502 1 -0.973961 6.98682 -0.25 9272.81
0 11 211 phononTS 0.00428209 -0.371278 0.244563 0.101873 1478.3 0.00428209 1 5.85755 -8.13938 -0.25 29232.6
0 11 210 phononTS 0.00361638 -0.371278 0.244563 0.101873 1478.3 0.00361638 1 -5.73847 4.65272 0.25 26091.5
0 11 221 phononL 0.00355449 3.81035 -1.04334 0.0569329 4840.6 0.00355449 1 -7.35467 0.0125124 0.25 36286.7
0 11 220 phononTS 0.00346076 3.81035 -1.04334 0.0569329 4840.6 0.00346076 1 6.88952 5.52259 -0.25 11212.6
0 11 218 phononTS 0.00385605 0.0701248 -0.173578 0.165567 1551.81 0.00385605 1 -6.44527 2.59045 0.25 11384.8
0 11 216 phononTF 0.00889512 0.00882057 -0.0280943 -0.000939293 42.4065 0.00889512 1 1.21629 -1.86241 -0.25 4694.91
0 11 214 phononTS 0.0013907 0.012763 -0.0221405 0.00760033 25.5639 0.0013907 1 6.00477 3.67528 -0.25 5181.91
0 11 212 phononTS 0.0103633 -0.00261424 0.000538205 -0.0226375 2.77819 0.0103633 1 0.293499 -0.158365 0.25 763.02
0 11 225 phononTF 0.00341108 -0.164957 -0.451824 -0.0966218 286.813 0.00341108 1 1.90985 -0.357232 0.25 2185.05
0 11 224 phononTF 0.00664577 -0.164957 -0.451824 -0.0966218 286.813 0.00664577 1 1.94317 1.22091 -0.25 8536.91
0 11 229 phononL 0.00703825 1.11251 0.733511 -0.126947 1658.55 0.00703825 1 0.982356 -1.39153 -0.25 2561.14
0 11 228 phononL 0.00279439 1.11251 0.733511 -0.126947 1658.55 0.00279439 1 6.08519 2.21572 -0.25 3317.11
0 11 231 phononTS 0.00431178 -0.975644 -0.0970231 -0.0617489 3053.99 0.00431178 1 3.2537 -3.24879 -0.25 18343
0 11 230 phononTS 0.00491092 -0.975644 -0.0970231 -0.0617489 3053.99 0.00491092 1 0.463657 2.29244 0.25 18016.4
0 11 237 phononTS 0.00255306 0.469123 -0.737144 -0.0363561 988.037 0.00255306 1 3.94846 0.321049 0.25 3050.41
0 11 236 phononTF 0.00513477 0.469123 -0.737144 -0.0363561 988.037 0.00513477 1 2.22228 0.456235 -0.25 6727.65
0 11 234 phononL 0.00724139 0.224611 -0.133954 0.172167 350.01 0.00724139 1 -1.0061 0.827538 -0.25 4922.85
0 11 241 phononTF 0.00566187 -0.00121625 0.886822 -0.0414022 797.787 0.00566187 1 -2.44933 2.20402 0.25 4277.64
0 11 240 phononL 0.00244875 -0.00121625 0.886822 -0.0414022 797.787 0.00244875 1 -8.68882 -4.94183 -0.25 53350
0 11 243 phononTS 0.00479096 1.34608 2.89484 0.0784599 2075.65 0.00479096 1 5.02677 0.511347 -0.25 18321.3
0 11 242 phononTS 0.00238401 1.34608 2.89484 0.0784599 2075.65 0.00238401 1 7.69975 8.8434 -0.25 21930.7
0 12 19 phononTS 0.00371676 -1.34725 -2.05452 -0.138498 2899.07 0.00371676 1 9.38688 -6.48626 -0.25 31231
0 12 18 phononTF 0.00268784 -1.34725 -2.05452 -0.138498 2899.07 0.00268784 1 -1.94782 -8.62527 0.25 6155.44
0 12 16 phononTS 0.00538861 -0.0271745 -0.290519 0.00109791 686.995 0.00538861 1 0.923732 2.66435 0.25 4408.58
0 12 14 phononTF 0.00552201 0.0240403 -0.0245579 -0.0164947 48.9205 0.00552201 1 -8.64096 1.26172 0.25 31702.8
0 12 25 phononTF 0.00330137 -0.760498 -0.238438 0.109099 2790.17 0.00330137 1 4.27145 -9.87735 -0.25 45107
0 12 27 phononTS 0.00252476 -2.1109 -3.37705 -0.0205195 8551.47 0.00252476 1 -9.69078 -3.84866 -0.25 14513
0 12 26 phononTF 0.00441553 -2.1109 -3.37705 -0.0205195 8551.47 0.00441553 1 -5.15508 -1.78976 0.25 16553.2
0 12 22 phononTF 0.00589428 -0.0224114 0.0111743 -0.053342 63.6779 0.00589428 1 -3.43428 -1.92939 0.25 7817.13
0 12 29 phononTS 0.0033164 -6.0027 -7.02608 0.110737 53271.2 0.0033164 1 -9.89314 -2.31302 0.25 64457.9
0 12 28 phononTS 0.00261686 -6.0027 -7.02608 0.110737 53271.2 0.00261686 1 0.189695 -8.72752 0.25 99153.8
0 12 10 phononTF 0.00596765 -0.000603435 0.000406031 -0.0244154 0.365782 0.00596765 1 0.325238 -0.484766 0.25 1004.99
0 12 39 phononL 0.00270725 -0.143344 3.50732 -0.0248088 3356.76 0.00270725 1 -5.10221 7.07302 -0.25 14787.5
0 12 38 phononTS 0.00255703 -0.143344 3.50732 -0.0248088 3356.76 0.00255703 1 -3.00324 -6.03878 -0.25 37431.6
0 12 43 phononTS 0.00414002 -0.771689 0.0494977 0.127205 776.883 0.00414002 1 -0.779996 -9.45789 0.25 47711.5
0 12 42 phononTS 0.00398318 -0.771689 0.0494977 0.127205 776.883 0.00398318 1 9.89357 9.36807 0.25 21886.6
0 12 45 phononTF 0.00174449 9.80664 7.24208 -0.207114 35084.2 0.00174449 1 -0.939527 -0.370258 0.25 48337.1
0 12 44 phononTS 0.0012817 9.80664 7.24208 -0.207114 35084.2 0.0012817 1 10 7.16656 0.104567 80849
0 12 47 phononL 0.00378178 0.338469 -4.47265 -0.0505223 7261.16 0.00378178 1 0.136822 2.59168 -0.25 53447.8
0 12 46 phononTF 0.00270913 0.338469 -4.47265 -0.0505223 7261.16 0.00270913 1 -7.29634 0.238103 -0.25 45415
0 12 51 phononTF 0.00466973 -1.36962 -0.363683 -0.153511 8980.47 0.00466973 1 -5.95281 4.95174 -0.25 22551.1
0 12 50 phononTF 0.00524158 -1.36962 -0.363683 -0.153511 8980.47 0.00524158 1 5.50791 5.80076 -0.25 23198.3
0 12 48 phononTS 0.00635581 -0.28839 -0.0459401 -0.037625 459.998 0.00635581 1 -2.02097 -1.97002 -0.25 1858.19
0 12 57 phononTF 0.00383825 -6.2481 -0.0229738 -0.100393 21911 0.00383825 1 0.198769 3.72999 -0.25 79423.3
0 12 56 phononL 0.00121843 -6.2481 -0.0229738 -0.100393 21911 0.00121843 1 1.20435 -5.31758 -0.25 51562.7
0 12 54 phononTS 0.00509494 -0.578382 0.6969 -0.10306 2394.56 0.00509494 1 4.37139 2.43187 0.25 8727.8
0 12 59 phononTF 0.00414278 1.71979 2.08793 -0.0270353 9249.4 0.00414278 1 5.95663 2.69071 0.25 22229.1
0 12 61 phononTS 0.00175003 3.39354 9.01157 -0.210354 45838.2 0.00175003 1 8.27921 7.55007 0.25 50480.8
0 12 60 phononL 0.00280554 3.39354 9.01157 -0.210354 45838.2 0.00280554 1 3.2432 4.94408 0.25 52050.1
0 12 73 phononTF 0.0018526 -0.499202 -1.54434 0.132157 1475.47 0.0018526 1 9.88181 9.49808 0.25 13373.5
0 12 75 phononTS 0.00264963 -1.90415 2.13649 0.170464 6439.44 0.00264963 1 1.74191 -3.1661 -0.25 14264.7
0 12 74 phononTS 0.00149461 -1.90415 2.13649 0.170464 6439.44 0.00149461 1 -2.79398 4.74608 0.25 7545.27
0 12 70 phononTS 0.00724675 -0.478755 -0.226112 0.140093 1193.03 0.00724675 1 3.49085 -2.68086 0.25 11256.2
0 12 77 phononL 0.0025945 0.386816 -5.04464 -0.237809 16102.7 0.0025945 1 9.87344 -4.9124 -0.25 44878.8
0 12 76 phononTS 0.00295554 0.386816 -5.04464 -0.237809 16102.7 0.00295554 1 -1.64302 -0.198774 -0.25 27068.4
0 12 79 phononTS 0.00767937 0.203576 -0.252468 0.0262703 354.52 0.00767937 1 -1.26771 0.943404 -0.25 4595.31
0 12 83 phononTF 0.00154374 4.84846 -4.00006 0.11531 28684.5 0.00154374 1 2.81308 -8.88635 -0.25 145249
0 12 82 phononTF 0.00225932 4.84846 -4.00006 0.11531 28684.5 0.00225932 1 -9.52215 -4.18786 -0.25 37188.1
0 12 80 phononTS 0.00388575 1.08797 -3.04744 0.214471 7713.02 0.00388575 1 -2.78979 -9.78225 -0.25 40542.1
0 12 89 phononTF 0.00414624 1.42611 0.04093 -0.0748038 1371.03 0.00414624 1 -0.799897 0.373243 0.25 8559.37
0 12 88 phononTS 0.00463841 1.42611 0.04093 -0.0748038 1371.03 0.00463841 1 7.12196 5.46808 -0.25 32686.9
0 12 91 phononTS 0.00236518 0.30845 -0.19556 -0.0623362 225.372 0.00236518 1 2.2229 -7.75485 -0.25 14622.5
0 12 90 phononTS 0.00466959 0.30845 -0.19556 -0.0623362 225.372 0.00466959 1 -6.1425 -5.06637 0.25 22759.6
0 12 93 phononL 0.00523702 0.0705043 -0.312857 0.10329 249.28 0.00523702 1 -1.24978 -2.32043 0.25 6361.9
0 12 92 phononTS 0.00493351 0.0705043 -0.312857 0.10329 249.28 0.00493351 1 8.0711 -7.2561 -0.25 9296.25
0 12 99 phononTF 0.00451155 0.930479 2.21359 -0.222598 3149.25 0.00451155 1 3.28723 1.6516 -0.25 5681.13
0 12 98 phononTF 0.00212537 0.930479 2.21359 -0.222598 3149.25 0.00212537 1 -10 -5.86158 -0.0751627 5856.56
0 12 96 phononTS 0.00495465 0.191651 0.191131 -0.0736728 1243.64 0.00495465 1 -0.127811 -2.86976 -0.25 2346.18
0 12 103 phononL 0.00547375 -2.07546 2.31951 -0.0639523 10117.2 0.00547375 1 -0.79145 -1.50243 0.25 12619.6
0 12 102 phononTS 0.00134566 -2.07546 2.31951 -0.0639523 10117.2 0.00134566 1 -6.0151 0.755848 0.25 17889.9
0 12 105 phononTS 0.00485413 -0.579339 1.1182 -0.00401527 2323.02 0.00485413 1 -1.16491 -9.58926 -0.25 38414.7
0 12 104 phononL 0.0042595 -0.579339 1.1182 -0.00401527 2323.02 0.0042595 1 0.402485 -1.58481 -0.25 5213.16
0 12 113 phononTS 0.00999186 -0.00460832 -0.010603 -0.0360218 25.6309 0.00999186 1 -1.01219 -0.900317 0.25 1634.92
0 12 115 phononTS 0.00741446 -0.0222122 -0.0234075 -0.0746945 58.9006 0.00741446 1 -1.12097 0.510825 0.25 877.293
0 12 119 phononTS 0.00163587 0.286921 0.881244 -0.149186 4875.42 0.00163587 1 -6.91377 -1.08158 0.25 13667.2
0 12 118 phononTF 0.005188 0.286921 0.881244 -0.149186 4875.42 0.005188 1 -1.52823 -1.40148 0.25 8985.48
0 12 116 phononTS 0.00383338 0.349698 0.30027 -0.218623 4750.44 0.00383338 1 -0.298076 2.3684 -0.25 5591.9
0 12 123 phononTS 0.00569125 0.0499776 -0.0321605 -0.143316 114.125 0.00569125 1 1.72841 -9.18968 0.25 24054.6
0 12 129 phononL 0.00262157 -1.83588 -2.48067 0.192746 9321.3 0.00262157 1 1.94719 1.37323 -0.25 13606.9
0 12 128 phononTF 0.00293795 -1.83588 -2.48067 0.192746 9321.3 0.00293795 1 2.23594 -9.09416 -0.25 49778.3
0 12 126 phononTS 0.00258862 -1.10372 2.10613 0.0638355 5479.79 0.00258862 1 -6.56791 0.495843 0.25 25270.5
0 12 124 phononTF 0.00273964 -0.536319 0.8929 -0.180185 1374.62 0.00273964 1 5.527 -3.69868 0.25 28578.9
0 12 131 phononTF 0.0050758 1.29418 -0.296125 -0.0303527 4167.08 0.0050758 1 8.23527 -9.52852 0.25 12221.7
0 12 130 phononL 0.00455841 1.29418 -0.296125 -0.0303527 4167.08 0.00455841 1 1.64393 -6.87094 0.25 10351.1
0 12 147 phononL 0.00237909 2.05521 1.78209 0.127374 34442.3 0.00237909 1 6.01807 0.560979 0.25 41790.6
0 12 146 phononTF 0.00240815 2.05521 1.78209 0.127374 34442.3 0.00240815 1 10 -5.10305 0.164562 101849
0 12 144 phononL 0.00397372 1.07956 -2.73501 -0.0742967 6307.61 0.00397372 1 -7.77191 -1.57809 -0.25 30418
0 12 142 phononTS 0.00396463 -0.415857 0.3533 0.21402 1117.94 0.00396463 1 -6.46442 -3.25603 -0.25 20772.5
0 12 140 phononTF 0.00138888 0.140603 0.205155 0.0351568 470.297 0.00138888 1 -7.91116 -6.09023 0.25 25031.9
0 12 138 phononTF 0.00296632 -0.0220487 -0.00350976 -0.0183223 16.527 0.00296632 1 -7.34465 8.12299 0.25 47348.9
0 12 149 phononTS 0.00719256 0.0439074 0.0413306 0.0447714 80.2135 0.00719256 1 -0.778517 0.3538 -0.25 3888.86
0 12 153 phononTS 0.00255072 0.534744 8.86024 -0.242706 26955.5 0.00255072 1 -5.04374 4.66497 0.25 34998.4
0 12 152 phononTS 0.00190644 0.534744 8.86024 -0.242706 26955.5 0.00190644 1 9.05222 -4.72833 0.25 51032.1
0 12 155 phononTS 0.00505302 -1.40724 -0.904397 0.207756 10978.6 0.00505302 1 -0.82505 -3.17984 0.25 16420.7
0 12 154 phononTS 0.00205902 -1.40724 -0.904397 0.207756 10978.6 0.00205902 1 3.1266 3.78887 0.25 23079.9
0 12 134 phononL 0.0121675 -3.24103e-05 -0.000681221 -0.0251798 0.371383 0.0121675 1 -0.154619 -0.00110202 -0.25 1005.35
0 12 159 phononTS 0.00920372 0.031647 -0.0840419 -0.00945891 87.1027 0.00920372 1 -0.600956 -0.0606096 0.25 745.063
0 12 158 phononTF 0.00625124 0.031647 -0.0840419 -0.00945891 87.1027 0.00625124 1 1.29016 -6.06223 0.25 11139.6
0 12 163 phononTS 0.00256085 5.14372 2.53496 0.0835068 12933.7 0.00256085 1 5.69034 10 0.0828516 14984.3
0 12 162 phononTS 0.00482106 5.14372 2.53496 0.0835068 12933.7 0.00482106 1 9.21764 -2.02238 0.25 20230.3
0 12 160 phononTS 0.00300433 0.736813 0.322562 0.151357 722.748 0.00300433 1 -6.03008 -2.20923 -0.25 26814.2
0 12 171 phononTS 0.00757749 0.0167801 -0.353324 0.232604 887.982 0.00757749 1 1.64566 -1.24251 -0.25 4237.42
0 12 170 phononL 0.00528665 0.0167801 -0.353324 0.232604 887.982 0.00528665 1 -9.88408 -2.14602 0.25 38208.1
0 12 175 phononTF 0.00506536 0.0281756 0.00940219 -0.0693858 661.308 0.00506536 1 7.86832 -2.04569 0.25 37592.8
0 12 177 phononTS 0.00330075 -0.266904 -0.974055 -0.216433 1185.31 0.00330075 1 4.51074 -2.17734 -0.25 26946.8
0 12 176 phononTS 0.00385092 -0.266904 -0.974055 -0.216433 1185.31 0.00385092 1 1.47186 -0.585014 -0.25 11169.2
0 12 179 phononL 0.00281598 -0.0546216 -0.056445 0.216841 308.532 0.00281598 1 9.83976 9.09985 0.25 11006.2
0 12 178 phononTF 0.00770958 -0.0546216 -0.056445 0.216841 308.532 0.00770958 1 1.53947 1.22707 0.25 6620.9
0 12 181 phononTF 0.00992249 -0.00800495 0.0215702 -0.0331064 96.8472 0.00992249 1 0.256395 -0.138567 0.25 2347.49
0 12 180 phononTF 0.00540271 -0.00800495 0.0215702 -0.0331064 96.8472 0.00540271 1 -8.78818 3.81144 -0.25 16315.8
0 12 187 phononTS 0.00309373 -6.54466 2.02926 -0.102408 20180.7 0.00309373 1 -8.80664 2.6175 -0.25 21273.8
0 12 186 phononL 0.00325512 -6.54466 2.02926 -0.102408 20180.7 0.00325512 1 5.4578 -4.25719 -0.25 34590.3
0 12 184 phononTS 0.00575847 0.557793 -0.0934385 0.0750049 1675.97 0.00575847 1 1.98455 -4.34936 0.25 7370.38
0 12 191 phononTS 0.00551715 -0.191374 0.415944 0.107553 766.584 0.00551715 1 1.33417 -1.34374 -0.25 5972
0 12 195 phononTS 0.00257672 -1.82026 3.04797 -0.146278 36525.7 0.00257672 1 -3.83688 5.18585 0.25 60888.7
0 12 194 phononTS 0.00257043 -1.82026 3.04797 -0.146278 36525.7 0.00257043 1 -6.41766 3.75083 0.25 79112.5
0 12 192 phononL 0.00349996 -1.26834 2.23564 -0.140186 8112.53 0.00349996 1 -5.59082 -5.73164 0.25 46825.9
0 12 199 phononTS 0.0041472 -0.0610647 -3.48228 0.0529755 7137.09 0.0041472 1 5.97102 -10 0.0922422 14772
0 12 198 phononTS 0.00218532 -0.0610647 -3.48228 0.0529755 7137.09 0.00218532 1 -0.00886972 8.64611 -0.25 45665.5
0 12 196 phononTS 0.00295051 2.54809 -1.49614 -0.21566 5233.53 0.00295051 1 4.43934 -2.41246 0.25 6656.72
0 12 209 phononL 0.00346186 -2.94996 3.8241 0.186505 35598 0.00346186 1 -4.11608 1.13813 0.25 67154.1
0 12 208 phononTS 0.00262565 -2.94996 3.8241 0.186505 35598 0.00262565 1 -4.54548 8.10364 -0.25 38840.2
0 12 206 phononL 0.00495032 -0.145 0.454988 0.174574 1959.85 0.00495032 1 -0.906074 -5.86903 0.25 10747
0 12 211 phononTF 0.00509567 -0.239545 0.0210057 0.0615146 574.953 0.00509567 1 -6.86737 1.7604 -0.25 7502.85
0 12 215 phononTS 0.00419183 -1.18065 1.8763 -0.217406 12005 0.00419183 1 -8.53715 2.91813 -0.25 29820.3
0 12 214 phononTS 0.00269322 -1.18065 1.8763 -0.217406 12005 0.00269322 1 -0.115809 -6.97465 0.25 19537.7
0 12 212 phononTF 0.00440943 0.44106 -0.239646 0.0842608 1955.02 0.00440943 1 8.2111 3.74269 -0.25 8805.4
0 12 217 phononTS 0.00876241 -0.00652893 0.000163357 -0.0475258 10.9493 0.00876241 1 0.270766 0.842688 0.25 4131.31
0 12 219 phononTS 0.0122537 -0.163431 0.232114 -0.208575 342.658 0.0122537 1 -0.300712 0.158733 0.25 835.429
0 12 218 phononTF 0.00304022 -0.163431 0.232114 -0.208575 342.658 0.00304022 1 2.96111 3.48896 0.25 61455.9
0 12 225 phononTS 0.0048586 -0.846581 -0.669455 -0.229264 1808.91 0.0048586 1 -3.56126 -5.7653 -0.25 6807.4
0 12 227 phononTS 0.00310332 1.40195 4.83472 0.193744 28481.6 0.00310332 1 -4.00274 5.31502 0.25 32457.2
0 12 226 phononTS 0.0020022 1.40195 4.83472 0.193744 28481.6 0.0020022 1 10 2.86276 0.0861886 32133.2
0 12 229 phononTS 0.00664629 -0.238603 -0.120268 -0.0956064 540.672 0.00664629 1 6.85731 4.92348 0.25 34086.8
0 12 231 phononTS 0.00507834 -9.5578 1.24561 -0.199189 22027.4 0.00507834 1 -6.17689 1.98236 -0.25 25337.4
0 12 230 phononTS 0.00123244 -9.5578 1.24561 -0.199189 22027.4 0.00123244 1 2.76606 -9.64215 -0.25 35739
0 12 235 phononTS 0.00512728 -0.144996 -0.278372 0.0377836 193.756 0.00512728 1 2.28558 -3.76706 -0.25 5190.7
0 12 237 phononTS 0.00218102 6.60758 4.1694 -0.00423167 29418.8 0.00218102 1 -0.771143 6.46227 0.25 44740
0 12 236 phononTS 0.00153139 6.60758 4.1694 -0.00423167 29418.8 0.00153139 1 9.73005 -9.75837 0.25 42404.2
0 12 241 phononTF 0.00252466 -4.05103 6.83953 0.205402 7615.11 0.00252466 1 -5.30094 -10 -0.183199 32192.7
0 12 240 phononL 0.0027445 -4.05103 6.83953 0.205402 7615.11 0.0027445 1 -4.90174 3.73581 -0.25 9732.96
0 12 238 phononTF 0.00582091 0.0399032 0.33884 -0.122791 909.147 0.00582091 1 -0.660381 -0.291248 -0.25 2808.62
0 13 15 phononTF 0.00436789 -0.00365035 0.0974557 -0.17612 1067.85 0.00436789 1 -8.24261 -8.55334 -0.25 52632.9
0 13 14 phononL 0.00332615 -0.00365035 0.0974557 -0.17612 1067.85 0.00332615 1 3.62848 3.79001 -0.25 13734.3
0 13 17 phononTF 0.00358718 2.53544 -0.21358 -0.0947885 8510.24 0.00358718 1 0.948562 8.9293 0.25 41307.2
0 13 16 phononTS 0.00345157 2.53544 -0.21358 -0.0947885 8510.24 0.00345157 1 9.37353 -9.42486 0.25 12305.3
0 13 21 phononL 0.00670159 -0.0926459 -0.184505 -0.0215458 123.721 0.00670159 1 -0.879136 -0.527176 0.25 4166.09
0 13 20 phononTS 0.00445105 -0.0926459 -0.184505 -0.0215458 123.721 0.00445105 1 -5.1496 2.63949 -0.25 7437.7
0 13 23 phononTF 0.00695257 0.00801531 0.24762 -0.205705 1461.52 0.00695257 1 1.74054 2.89393 0.25 15941.3
0 13 22 phononTS 0.00374287 0.00801531 0.24762 -0.205705 1461.52 0.00374287 1 0.0405859 -3.21219 0.25 2305.09
0 13 29 phononTF 0.00296224 -2.94873 4.48242 -0.0733484 6825.85 0.00296224 1 1.15287 -2.89028 0.25 11356.8
0 13 28 phononTS 0.00420388 -2.94873 4.48242 -0.0733484 6825.85 0.00420388 1 -3.13023 8.75464 0.25 16755.8
0 13 26 phononL 0.0063079 -0.0521646 0.0507823 -0.245159 230.573 0.0063079 1 -4.12567 4.19442 0.25 19287.7
0 13 33 phononTS 0.00515329 -0.122668 -0.448148 0.0929031 792.385 0.00515329 1 -5.69157 2.64748 0.25 21369.1
0 13 35 phononTF 0.00153993 0.557432 5.7335 -0.249462 3082.96 0.00153993 1 0.153992 6.13231 -0.25 5362.77
0 13 34 phononTS 0.0013103 0.557432 5.7335 -0.249462 3082.96 0.0013103 1 9.80727 9.72953 0.25 99622.1
0 13 37 phononL 0.00374641 1.43415 1.87419 -0.130953 7508.74 0.00374641 1 1.86318 1.49792 0.25 9955.35
0 13 39 phononL 0.00393194 -4.19049 -1.20616 -0.0694536 30619.1 0.00393194 1 -4.17819 -0.965029 0.25 30663.3
0 13 38 phononTF 0.00139696 -4.19049 -1.20616 -0.0694536 30619.1 0.00139696 1 7.13907 -9.20075 0.25 55949.9
0 13 49 phononTS 0.00389874 0.953737 -0.838148 -0.200561 3797.78 0.00389874 1 -2.70165 2.98621 0.25 20327.4
0 13 48 phononL 0.00393877 0.953737 -0.838148 -0.200561 3797.78 0.00393877 1 -4.19132 7.20378 0.25 53312.5
0 13 53 phononTF 0.00183826 3.10355 -2.70477 -0.0229222 8065.06 0.00183826 1 6.92209 -5.75794 0.25 15407.1
0 13 55 phononTS 0.00168769 -4.28518 0.0552851 -0.0370773 26252.5 0.00168769 1 7.29161 1.30255 0.25 60396.7
0 13 54 phononTS 0.00368389 -4.28518 0.0552851 -0.0370773 26252.5 0.00368389 1 1.38704 -4.92406 -0.25 33228.2
0 13 50 phononTF 0.000592096 -0.30482 -0.111315 -0.213782 691.95 0.000592096 1 -4.30465 -8.8514 -0.25 8971.01
0 13 59 phononTF 0.00348058 -0.616346 1.62596 0.235193 9436.17 0.00348058 1 9.7374 8.1047 -0.25 21777
0 13 58 phononTF 0.00274094 -0.616346 1.62596 0.235193 9436.17 0.00274094 1 -4.37313 5.97877 -0.25 20857.4
0 13 61 phononTS 0.00415197 0.141901 -0.520081 -0.223397 3628.45 0.00415197 1 0.556379 -0.549366 0.25 11614.4
0 13 63 phononTS 0.00339711 -1.85964 -2.7796 0.0919568 4575.53 0.00339711 1 3.70732 5.51412 0.25 23558.8
0 13 62 phononTS 0.00134427 -1.85964 -2.7796 0.0919568 4575.53 0.00134427 1 -9.51908 -1.5536 0.25 27553.2
0 13 69 phononL 0.00465444 -0.190341 0.246833 -0.198422 920.291 0.00465444 1 7.4244 -0.87875 0.25 9058.9
0 13 68 phononTS 0.00423281 -0.190341 0.246833 -0.198422 920.291 0.00423281 1 -1.83118 5.52599 -0.25 32996.9
0 13 73 phononTF 0.00217615 0.766224 -3.71555 -0.0765943 6226.58 0.00217615 1 -9.53032 -9.02153 0.25 31861.3
0 13 72 phononTS 0.0029721 0.766224 -3.71555 -0.0765943 6226.58 0.0029721 1 10 0.563392 -0.0592161 27317.1
0 13 75 phononTF 0.00181997 -1.50457 4.98155 0.0215493 6070.54 0.00181997 1 9.90024 9.97481 0.25 34619.6
0 13 74 phononTF 0.00178118 -1.50457 4.98155 0.0215493 6070.54 0.00178118 1 1.32951 2.35614 -0.25 43984.8
0 13 77 phononTS 0.00403299 0.181481 -0.141745 0.0518804 1397.85 0.00403299 1 4.98438 -2.13898 -0.25 5448.37
0 13 79 phononTS 0.00729572 -1.05212 1.5424 0.00507735 4074.51 0.00729572 1 -0.565526 0.237698 -0.25 8779.69
0 13 78 phononTS 0.00335073 -1.05212 1.5424 0.00507735 4074.51 0.00335073 1 9.09479 9.52909 0.25 26412.5
0 13 83 phononTS 0.00579798 0.702901 0.160578 -0.0254324 1933.97 0.00579798 1 2.07934 -3.07341 -0.25 5962.28
0 13 82 phononTS 0.00353429 0.702901 0.160578 -0.0254324 1933.97 0.00353429 1 -1.03411 5.40543 0.25 32921
0 13 87 phononTS 0.00527544 -0.184734 -0.180768 -0.175214 3515.38 0.00527544 1 0.22236 0.402711 0.25 4766.32
0 13 86 phononTS 0.00315985 -0.184734 -0.180768 -0.175214 3515.38 0.00315985 1 5.14685 4.23755 0.25 39017.7
0 13 89 phononTF 0.00563742 0.235443 -0.106434 -0.0420921 354.307 0.00563742 1 -0.683661 1.0099 -0.25 716.236
0 13 88 phononTS 0.00620239 0.235443 -0.106434 -0.0420921 354.307 0.00620239 1 0.412265 0.561583 0.25 1014.45
0 13 99 phononTS 0.00242008 -2.46788 2.14947 0.180733 2648.97 0.00242008 1 5.1131 3.48884 -0.25 35219
0 13 101 phononTS 0.00264945 -7.73355 9.38027 0.0768381 11394.4 0.00264945 1 -6.89181 -6.86087 0.25 24979.5
0 13 100 phononTS 0.00203528 -7.73355 9.38027 0.0768381 11394.4 0.00203528 1 -8.45681 0.332417 -0.25 36596.2
0 13 103 phononTS 0.00484278 -0.0914831 -0.635594 -0.190425 709.68 0.00484278 1 -6.82884 -7.81373 -0.25 19441.6
0 13 102 phononTF 0.00212909 -0.0914831 -0.635594 -0.190425 709.68 0.00212909 1 -7.37425 -4.67629 0.25 119760
0 13 107 phononTS 0.00346589 -2.97492 -2.55649 0.0493609 5686.41 0.00346589 1 -2.94613 -2.58724 0.25 5724.92
0 13 109 phononTF 0.00216385 -3.20262 -8.97381 -0.139091 45180.4 0.00216385 1 -9.97227 -0.33072 0.25 101538
0 13 108 phononL 0.0028346 -3.20262 -8.97381 -0.139091 45180.4 0.0028346 1 8.0816 -4.64157 -0.25 52079.5
0 13 104 phononL 0.00215945 -0.292482 -0.400334 -0.12021 1060.85 0.00215945 1 0.519038 -6.71858 0.25 53115.6
0 13 113 phononTF 0.00691516 0.0235586 0.042943 -0.0563352 36.6879 0.00691516 1 1.67728 0.0591107 0.25 4256.32
0 13 117 phononTS 0.00232934 -0.466394 0.276033 0.18778 2347.04 0.00232934 1 5.53461 -10 0.126597 10222.5
0 13 116 phononTS 0.00460309 -0.466394 0.276033 0.18778 2347.04 0.00460309 1 -2.53956 3.35062 0.25 5943.09
0 13 114 phononTS 0.00396694 -0.453877 0.524543 -0.248475 581.19 0.00396694 1 -9.39602 1.47862 -0.25 10287.7
0 13 119 phononTF 0.00761829 0.00245091 -0.00285635 -0.0307683 19.7249 0.00761829 1 -2.52059 2.79042 0.25 15992.8
0 13 123 phononL 0.00396409 0.00545236 0.0958901 0.0154026 125.497 0.00396409 1 1.74201 -7.64491 0.25 27604.5
0 13 125 phononTS 0.00454167 0.267602 -0.433051 0.0715702 1709.42 0.00454167 1 7.75255 8.05869 0.25 43631.1
0 13 124 phononTS 0.0047654 0.267602 -0.433051 0.0715702 1709.42 0.0047654 1 5.11396 1.95753 -0.25 19440
0 13 127 phononTS 0.00366624 1.30141 2.02971 -0.216517 1649.08 0.00366624 1 5.44203 -0.720733 -0.25 51521.1
0 13 126 phononTS 0.00223641 1.30141 2.02971 -0.216517 1649.08 0.00223641 1 -5.21431 9.48294 -0.25 13199.1
0 13 133 phononTF 0.00582204 0.0364271 0.157651 0.163962 378.528 0.00582204 1 0.26484 -1.4186 -0.25 5005.99
0 13 132 phononTF 0.00535021 0.0364271 0.157651 0.163962 378.528 0.00535021 1 3.46682 -5.9894 -0.25 20280.7
0 13 137 phononTS 0.00383064 1.04751 -0.219745 -0.0689326 4603.21 0.00383064 1 2.21775 0.00353683 0.25 5820.73
0 13 139 phononTF 0.00474791 0.0861175 -0.978183 -0.0675022 8935.06 0.00474791 1 -3.4704 2.52283 -0.25 12253.4
0 13 138 phononTS 0.00321578 0.0861175 -0.978183 -0.0675022 8935.06 0.00321578 1 9.71119 -5.06804 -0.25 27638.7
0 13 141 phononL 0.00364096 5.58998 -2.2271 -0.122503 4220.52 0.00364096 1 6.15316 -8.28745 0.25 13867
0 13 140 phononTF 0.00156668 5.58998 -2.2271 -0.122503 4220.52 0.00156668 1 -9.96385 -9.05054 0.25 100257
0 13 149 phononL 0.00218676 9.52033 1.28837 0.24157 27372.5 0.00218676 1 -4.56484 -5.7356 -0.25 46142.1
0 13 148 phononTS 0.00170608 9.52033 1.28837 0.24157 27372.5 0.00170608 1 -0.589219 4.66922 0.25 40672.7
0 13 146 phononTS 0.00286246 -0.605678 -0.0255104 -0.217414 2056.47 0.00286246 1 -0.778603 -8.05245 0.25 35722.6
0 13 144 phononTS 0.00305209 -0.531017 -0.595771 -0.187111 1807.83 0.00305209 1 -1.70978 -5.77389 0.25 65470.6
0 13 151 phononL 0.00428206 1.15255 -0.0241047 -0.246772 5118.16 0.00428206 1 1.13746 5.5065 -0.25 7590.34
0 13 150 phononTS 0.00350287 1.15255 -0.0241047 -0.246772 5118.16 0.00350287 1 -0.152311 -8.93716 -0.25 14575.8
0 13 167 phononTS 0.00378196 3.20771 0.19994 0.190239 4565.93 0.00378196 1 4.76811 1.75308 0.25 31839.5
0 13 166 phononL 0.0033386 3.20771 0.19994 0.190239 4565.93 0.0033386 1 9.03298 -7.3013 0.25 36347.6
0 13 169 phononTF 0.00502306 0.515707 -0.349477 0.0640989 330.463 0.00502306 1 1.4228 -1.38232 0.25 745.111
0 13 168 phononTS 0.00220756 0.515707 -0.349477 0.0640989 330.463 0.00220756 1 0.206863 6.81499 -0.25 7471.39
0 13 171 phononTF 0.00759659 -0.106346 -0.144109 -0.0438931 141.037 0.00759659 1 -2.88246 1.23504 -0.25 2154.62
0 13 170 phononTS 0.00494329 -0.106346 -0.144109 -0.0438931 141.037 0.00494329 1 -3.12726 0.169996 -0.25 1932.95
0 13 173 phononTS 0.00853827 0.258639 0.610056 -0.112199 1730.62 0.00853827 1 0.223025 0.593179 0.25 2262.66
0 13 172 phononTF 0.00228143 0.258639 0.610056 -0.112199 1730.62 0.00228143 1 -2.81462 4.99062 -0.25 55123.8
0 13 181 phononTS 0.00363802 4.49492 5.82899 0.0162066 19136.4 0.00363802 1 9.94664 9.91242 0.25 25488.7
0 13 180 phononL 0.00234423 4.49492 5.82899 0.0162066 19136.4 0.00234423 1 0.568752 5.66238 0.25 23180.8
0 13 178 phononTF 0.00201849 1.5941 -0.409945 -0.151635 6458.18 0.00201849 1 -0.576246 7.56074 -0.25 13399.4
0 13 185 phononTS 0.00377222 -1.91853 -0.736804 -0.214443 3242.69 0.00377222 1 6.77285 1.77418 -0.25 9668.41
0 13 187 phononTF 0.0017003 4.24827 8.85261 0.148437 30021.6 0.0017003 1 -8.42471 4.97883 -0.25 85866.4
0 13 186 phononTF 0.00274549 4.24827 8.85261 0.148437 30021.6 0.00274549 1 8.97306 0.545666 0.25 55942.1
0 13 189 phononTS 0.00260507 0.857831 -0.130225 -0.095787 7312.91 0.00260507 1 4.10476 3.38692 -0.25 17026.4
0 13 188 phononTF 0.00496349 0.857831 -0.130225 -0.095787 7312.91 0.00496349 1 -2.72457 0.424195 -0.25 11952.9
0 13 191 phononL 0.00531338 0.111804 -0.198223 -0.00435614 1472.32 0.00531338 1 -1.06627 2.95198 -0.25 21857.3
0 13 190 phononTF 0.00929394 0.111804 -0.198223 -0.00435614 1472.32 0.00929394 1 0.195545 -0.323629 -0.25 5025.63
0 13 195 phononL 0.00840238 0.0125449 0.0499348 0.15873 272.707 0.00840238 1 -0.0971939 1.26402 0.25 803.333
0 13 194 phononTF 0.00072273 0.0125449 0.0499348 0.15873 272.707 0.00072273 1 -1.08494 -5.4041 -0.25 14407.2
0 13 192 phononL 0.00743527 0.13307 0.00302236 0.0140281 80.7075 0.00743527 1 -0.227027 -0.00746755 -0.25 1161.86
0 13 199 phononTS 0.0123442 0.00314301 0.00289523 -0.0257831 5.07815 0.0123442 1 0.0667286 -0.11396 -0.25 248.295
0 13 201 phononTF 0.00946022 -0.0984424 -0.0540075 -0.0128205 171.749 0.00946022 1 -0.0487057 -0.280439 -0.25 2445.34
0 13 200 phononTF 0.00462944 -0.0984424 -0.0540075 -0.0128205 171.749 0.00462944 1 1.7831 8.66744 0.25 16540.1
0 13 203 phononTF 0.00650194 -0.0246046 -0.0413032 -0.00812368 44.2609 0.00650194 1 -1.74063 -1.74614 -0.25 5738.04
0 13 202 phononTS 0.00756381 -0.0246046 -0.0413032 -0.00812368 44.2609 0.00756381 1 -2.07513 -2.08442 -0.25 5438.79
0 13 213 phononTS 0.00285233 2.7469 -3.06527 0.0737064 5901.56 0.00285233 1 -5.49299 -2.47528 0.25 38583.9
0 13 212 phononL 0.00419629 2.7469 -3.06527 0.0737064 5901.56 0.00419629 1 9.40637 9.36314 0.25 17492.4
0 13 210 phononL 0.00327337 -0.468653 -0.435672 0.0710037 1225.31 0.00327337 1 -6.67827 1.17476 -0.25 8498.54
0 13 217 phononTS 0.00338546 6.25912 -1.48713 -0.106636 23666.9 0.00338546 1 9.55577 0.505426 0.25 28808.8
0 13 216 phononTS 0.00189135 6.25912 -1.48713 -0.106636 23666.9 0.00189135 1 -8.3474 -4.16023 0.25 35368
0 13 219 phononTF 0.00374611 1.91409 -0.172609 -0.0998426 4378.99 0.00374611 1 6.64652 -5.15585 0.25 7038.3
0 13 218 phononTS 0.00208818 1.91409 -0.172609 -0.0998426 4378.99 0.00208818 1 -4.5717 -9.52521 -0.25 37931.6
0 13 221 phononL 0.0111335 -0.0124554 -0.0406805 0.0186814 53.9489 0.0111335 1 -0.0455894 -0.162707 0.25 725.258
0 13 220 phononTS 0.00606994 -0.0124554 -0.0406805 0.0186814 53.9489 0.00606994 1 -5.12334 1.83118 -0.25 9036.27
0 13 227 phononTF 0.00587569 0.0278136 -0.294703 -0.203221 2090.16 0.00587569 1 -2.75068 0.936597 -0.25 14645.9
0 13 226 phononTS 0.00381077 0.0278136 -0.294703 -0.203221 2090.16 0.00381077 1 -7.30494 4.97846 0.25 17193.5
0 13 235 phononTS 0.0031146 -6.97719 1.62083 0.0811031 11456.7 0.0031146 1 0.0124901 -2.0611 0.25 26144.3
0 13 234 phononTS 0.00362269 -6.97719 1.62083 0.0811031 11456.7 0.00362269 1 -7.78962 -3.13743 0.25 17656.8
0 13 232 phononTF 0.00240445 -0.49284 0.373417 0.0558512 553.634 0.00240445 1 9.96507 9.66401 0.25 59607
0 13 230 phononTF 0.00824818 0.00352107 0.118625 -0.0385539 115.018 0.00824818 1 0.257934 0.657068 -0.25 879.316
0 13 237 phononTS 0.00269454 0.350885 -0.909429 -0.194253 1207.24 0.00269454 1 -9.40489 -0.382311 0.25 39355.8
0 13 236 phononL 0.00399815 0.350885 -0.909429 -0.194253 1207.24 0.00399815 1 -1.46383 -4.2417 0.25 4201.52
0 13 243 phononTS 0.00212029 3.58969 -2.2378 -0.206093 4778.61 0.00212029 1 0.160258 0.915106 0.25 22130.1
0 13 242 phononTS 0.00165623 3.58969 -2.2378 -0.206093 4778.61 0.00165623 1 2.86683 -1.88127 -0.25 5064.08
0 13 240 phononTF 0.00407537 0.951734 -0.719946 -0.247955 2328.81 0.00407537 1 -9.1041 8.96516 0.25 14139.5
0 13 245 phononTS 0.0043399 0.348534 -0.320444 -0.0201491 984.021 0.0043399 1 7.4129 6.54936 0.25 31840.8
0 13 244 phononTS 0.007352 0.348534 -0.320444 -0.0201491 984.021 0.007352 1 -5.95216 -5.87665 -0.25 12786.3
0 14 17 phononTS 0.00994537 0.0506008 0.0996644 -0.105534 379.607 0.00994537 1 -0.704081 1.01094 -0.25 2617.52
0 14 16 phononTS 0.00494018 0.0506008 0.0996644 -0.105534 379.607 0.00494018 1 1.22042 0.565628 0.25 2950.07
0 14 21 phononTF 0.00391631 1.21936 -1.68225 0.0178904 9069.64 0.00391631 1 -4.17068 -1.29268 -0.25 15887.9
0 14 20 phononTS 0.00209454 1.21936 -1.68225 0.0178904 9069.64 0.00209454 1 1.33872 -9.82594 -0.25 25647.6
0 14 18 phononTF 0.00368879 0.153922 0.667624 -0.0905135 2466.22 0.00368879 1 -3.21939 -3.63669 0.25 6806.16
0 14 31 phononTF 0.00165915 1.98277 -2.81548 0.0134329 13214.6 0.00165915 1 6.50569 2.99306 -0.25 129371
0 14 30 phononTS 0.00466707 1.98277 -2.81548 0.0134329 13214.6 0.00466707 1 5.05456 2.37796 -0.25 18588.4
0 14 28 phononTS 0.00477319 0.12531 -0.0639378 0.128831 409.136 0.00477319 1 -2.86597 7.01741 0.25 20321.2
0 14 26 phononTS 0.00593619 -0.0164528 -0.00438508 0.0939237 165.91 0.00593619 1 2.39937 -0.604981 -0.25 2150.19
0 14 37 phononTS 0.00381343 -0.34629 -0.445377 -0.149523 27573.6 0.00381343 1 -3.13012 3.70229 -0.25 39081.3
0 14 36 phononTS 0.00250467 -0.34629 -0.445377 -0.149523 27573.6 0.00250467 1 0.753839 -5.14145 -0.25 56959.6
0 14 34 phononTF 0.00392333 -0.0152441 0.990566 0.0887713 3763.83 0.00392333 1 -0.977575 4.17879 0.25 20598.2
0 14 32 phononTF 0.00117254 -0.197535 0.721525 -0.132073 2329.69 0.00117254 1 4.45885 7.38728 0.25 33279.2
0 14 43 phononL 0.0020801 -0.419753 -6.12665 0.239279 31991.1 0.0020801 1 -6.79115 -5.51581 0.25 54287.4
0 14 42 phononTS 0.00230281 -0.419753 -6.12665 0.239279 31991.1 0.00230281 1 -0.720576 -0.458775 -0.25 78824.3
0 14 40 phononTS 0.00188716 3.57568 0.137374 -0.0772816 11970 0.00188716 1 -9.05329 -7.63088 0.25 31457.8
0 14 45 phononTF 0.00274597 0.594105 0.505181 0.197395 1831.82 0.00274597 1 -2.34521 -9.80138 0.25 22883.9
0 14 44 phononTS 0.00420879 0.594105 0.505181 0.197395 1831.82 0.00420879 1 -2.44501 -5.96826 0.25 25483.1
0 14 51 phononTS 0.00705326 -0.0187287 -0.0147599 -0.0547018 364.709 0.00705326 1 0.752631 0.910538 0.25 941.638
0 14 53 phononTF 0.00400403 4.91476 0.204903 0.188971 4630.48 0.00400403 1 -0.875167 7.6343 -0.25 31604.8
0 14 52 phononL 0.00403234 4.91476 0.204903 0.188971 4630.48 0.00403234 1 9.001 -8.25997 -0.25 25417.4
0 14 48 phononTS 0.0058908 0.0258551 0.00507028 -0.0505034 44.314 0.0058908 1 -6.96202 3.12238 0.25 38148.6
0 14 59 phononTS 0.00413411 2.80393 -3.10796 0.122681 7421.4 0.00413411 1 7.56633 -9.01245 0.25 33520.7
0 14 58 phononTF 0.0034389 2.80393 -3.10796 0.122681 7421.4 0.0034389 1 -8.79552 -3.38269 -0.25 10412.2
0 14 56 phononTS 0.000562278 1.67486 -3.6948 0.098226 5182.67 0.000562278 1 -8.26883 6.5232 -0.25 33939.3
0 14 61 phononTS 0.00495401 0.334862 0.058261 0.10977 1535.25 0.00495401 1 8.83427 -3.48856 -0.25 16553.3
0 14 63 phononTF 0.00419295 0.0938749 4.47737 -0.193218 11706.9 0.00419295 1 -6.63766 -5.67239 0.25 25287.3
0 14 62 phononL 0.0023961 0.0938749 4.47737 -0.193218 11706.9 0.0023961 1 -1.53934 4.67501 -0.25 53842.7
0 14 75 phononTF 0.00559583 0.717112 0.284382 0.0554012 714.53 0.00559583 1 -0.513315 1.18063 -0.25 5024.9
0 14 77 phononTS 0.00185254 0.493805 2.36503 0.0270289 3111.23 0.00185254 1 9.7869 2.82105 -0.25 4815.87
0 14 79 phononL 0.00378837 -4.77888 -7.32811 -0.0320211 19299.9 0.00378837 1 -3.07778 2.66233 -0.25 86611.5
0 14 78 phononTS 0.000648913 -4.77888 -7.32811 -0.0320211 19299.9 0.000648913 1 -8.45499 -4.66777 0.25 28182.3
0 14 72 phononTF 0.0043349 0.141644 0.0809893 -0.0510458 318.64 0.0043349 1 3.9369 4.78568 0.25 7724.37
0 14 81 phononTF 0.00477522 0.696543 1.82824 -0.216789 11301.5 0.00477522 1 7.98965 6.66476 -0.25 31575.7
0 14 80 phononTS 0.00142378 0.696543 1.82824 -0.216789 11301.5 0.00142378 1 6.37534 1.9788 -0.25 13898.9
0 14 83 phononTS 0.00555679 -2.03655 -1.26009 0.182117 4734.67 0.00555679 1 2.72555 2.50436 0.25 14330.1
0 14 82 phononTS 0.00338061 -2.03655 -1.26009 0.182117 4734.67 0.00338061 1 -2.09035 0.074501 -0.25 26824
0 14 85 phononTS 0.00324581 0.755031 0.571494 -0.164049 941.112 0.00324581 1 -6.19224 0.964455 0.25 14333.4
0 14 87 phononTF 0.00737183 0.884953 -1.33221 0.00523958 4185.17 0.00737183 1 2.49178 -0.142016 0.25 7116.12
0 14 86 phononTS 0.00170124 0.884953 -1.33221 0.00523958 4185.17 0.00170124 1 6.43027 -1.53364 -0.25 19704
0 14 89 phononTS 0.00774077 0.139906 -0.292936 -0.161809 1384.66 0.00774077 1 1.04299 -1.70204 -0.25 4662.83
0 14 88 phononTS 0.00180753 0.139906 -0.292936 -0.161809 1384.66 0.00180753 1 -0.332702 3.5791 0.25 9950.16
0 14 101 phononTF 0.006441 0.0501521 0.0610767 0.0288161 164.692 0.006441 1 -0.993943 -1.83339 0.25 15792.4
0 14 100 phononTF 0.00445382 0.0501521 0.0610767 0.0288161 164.692 0.00445382 1 3.17002 -2.86936 -0.25 9615.32
0 14 105 phononTF 0.00530304 -0.12946 0.381098 -0.0427854 3179.01 0.00530304 1 -0.958269 4.22395 -0.25 23744.5
0 14 104 phononL 0.00453124 -0.12946 0.381098 -0.0427854 3179.01 0.00453124 1 -0.119613 3.19624 0.25 7082.99
0 14 102 phononTF 0.00588907 0.0379381 0.118622 -0.171685 264.668 0.00588907 1 1.49454 -2.96241 -0.25 24304.4
0 14 96 phononTS 0.00461202 0.00287477 -0.00143771 -0.0257689 5.18157 0.00461202 1 -0.358275 -1.07364 0.25 6619.57
0 14 107 phononL 0.00512674 0.518753 0.390908 -0.0850317 1264.9 0.00512674 1 -5.82169 0.302802 0.25 9935.11
0 14 109 phononTS 0.00158502 4.33248 6.17191 -0.121166 21453 0.00158502 1 -1.40919 5.51405 -0.25 45694.5
0 14 108 phononTS 0.00180414 4.33248 6.17191 -0.121166 21453 0.00180414 1 9.20809 9.83594 0.25 34198.1
0 14 113 phononL 0.00349445 -0.991814 -0.1696 -0.111027 3545.22 0.00349445 1 3.83374 -3.65683 0.25 25410.3
0 14 112 phononTS 0.00501729 -0.991814 -0.1696 -0.111027 3545.22 0.00501729 1 -1.08194 0.0910219 -0.25 10306.4
0 14 115 phononTF 0.00191199 -0.447652 0.912969 0.238179 4554.17 0.00191199 1 -1.61379 0.851918 0.25 4883.68
0 14 114 phononTF 0.00435031 -0.447652 0.912969 0.238179 4554.17 0.00435031 1 3.81569 -3.20765 -0.25 16717.8
0 14 119 phononTS 0.00807138 0.174204 0.0698718 -0.0845658 246.688 0.00807138 1 -3.85601 -4.02281 0.25 7293.5
0 14 118 phononTS 0.00656306 0.174204 0.0698718 -0.0845658 246.688 0.00656306 1 4.00761 0.880552 -0.25 10136.4
0 14 129 phononTS 0.00318667 6.58376 -1.85924 -0.20399 34521.7 0.00318667 1 -0.505288 8.18657 -0.25 49943.8
0 14 128 phononTS 0.00352048 6.58376 -1.85924 -0.20399 34521.7 0.00352048 1 9.0754 -5.24548 0.25 47865.9
0 14 126 phononTF 0.00167283 -1.37864 -1.36095 -0.0134944 7036.11 0.00167283 1 -2.31606 -2.33245 -0.25 7591.26
0 14 131 phononTS 0.00391234 -3.41769 -1.01872 -0.0300283 16107.5 0.00391234 1 -4.46603 1.03707 0.25 79263.9
0 14 130 phononTF 0.00126692 -3.41769 -1.01872 -0.0300283 16107.5 0.00126692 1 5.52074 1.70383 -0.25 24845.8
0 14 122 phononTF 0.00409832 0.0458511 0.0379149 -0.159002 174.827 0.00409832 1 -7.72916 -8.31879 -0.25 38982
0 14 135 phononL 0.00337241 0.248404 -0.718338 0.084938 11438.1 0.00337241 1 6.68985 5.62593 -0.25 32526.4
0 14 134 phononL 0.00405079 0.248404 -0.718338 0.084938 11438.1 0.00405079 1 -8.51292 4.35979 0.25 16667.3
0 14 132 phononTF 0.00495268 -0.0433438 -0.0473321 -0.141703 178.041 0.00495268 1 -9.91406 0.739605 -0.25 17102.9
0 14 145 phononL 0.00677672 0.432153 0.26913 -0.00259406 1132.76 0.00677672 1 0.177512 0.89207 -0.25 5963.61
0 14 144 phononTS 0.00302393 0.432153 0.26913 -0.00259406 1132.76 0.00302393 1 -9.50955 -0.887625 0.25 34646.3
0 14 149 phononTF 0.00214181 0.289657 0.164726 0.197689 19869 0.00214181 1 2.33899 -5.0923 -0.25 30771.5
0 14 148 phononL 0.00333964 0.289657 0.164726 0.197689 19869 0.00333964 1 2.33775 6.89121 -0.25 42119.7
0 14 151 phononTF 0.00311067 -6.62231 1.21866 0.129865 8562.64 0.00311067 1 1.40149 -3.75953 -0.25 42609.4
0 14 150 phononL 0.00185639 -6.62231 1.21866 0.129865 8562.64 0.00185639 1 -1.60641 5.21228 0.25 27652.8
0 14 153 phononTF 0.0106338 0.00925017 -0.0128138 -0.00850029 25.0511 0.0106338 1 -0.324281 -0.471192 0.25 743.306
0 14 155 phononTS 0.00490033 -0.179211 1.26383 -0.168378 3157.57 0.00490033 1 -3.70254 4.84681 0.25 7278.37
0 14 154 phononTS 0.00278438 -0.179211 1.26383 -0.168378 3157.57 0.00278438 1 -0.378834 8.88322 -0.25 6093.46
0 14 161 phononTS 0.00741571 -0.214305 -0.0124284 -0.146237 169.34 0.00741571 1 1.02467 3.35856 0.25 4398.22
0 14 163 phononTF 0.00418815 6.5536 -6.01108 0.117162 26134.1 0.00418815 1 5.57507 -2.61279 -0.25 48483.6
0 14 162 phononTS 0.0024232 6.5536 -6.01108 0.117162 26134.1 0.0024232 1 2.9929 -5.64147 -0.25 29888.2
0 14 158 phononTS 0.00700793 -0.0182492 -0.00319874 -0.0379541 69.4483 0.00700793 1 0.703445 -1.26812 0.25 777.012
0 14 156 phononTS 0.00833859 -0.00570928 -0.00217054 -0.0235506 22.2349 0.00833859 1 3.76361 -0.689819 -0.25 4526.05
0 14 173 phononTS 0.00485301 -0.111589 0.238202 -0.113048 108.813 0.00485301 1 0.617039 1.92826 0.25 6380.16
0 14 177 phononL 0.0026594 1.38572 1.50521 0.174282 2636.05 0.0026594 1 -0.112053 2.69945 -0.25 30095.8
0 14 176 phononTF 0.00119195 1.38572 1.50521 0.174282 2636.05 0.00119195 1 5.79334 6.14232 0.25 51219.3
0 14 174 phononTF 0.00354827 -0.299448 0.689231 -0.172621 535.27 0.00354827 1 -8.95087 -2.72263 -0.25 9580.7
0 14 170 phononTS 0.00427711 0.0250783 0.110928 -0.0434408 87.266 0.00427711 1 -4.08016 -2.11744 -0.25 7038.44
0 14 179 phononL 0.00360381 -1.63199 0.0594341 0.238597 1341.56 0.00360381 1 4.16357 4.80194 0.25 31261.5
0 14 178 phononTS 0.00415318 -1.63199 0.0594341 0.238597 1341.56 0.00415318 1 4.88645 -7.48167 -0.25 67667.5
0 14 181 phononTF 0.00463822 -0.27122 1.42526 0.0480119 5856.77 0.00463822 1 -3.31504 0.716628 0.25 32903.3
0 14 180 phononTS 0.0035661 -0.27122 1.42526 0.0480119 5856.77 0.0035661 1 -1.33666 -8.58369 0.25 16590.6
0 14 185 phononTS 0.00551356 -0.283559 0.286604 0.0913223 304.775 0.00551356 1 1.75908 -1.00572 0.25 14127.8
0 14 184 phononTS 0.00556382 -0.283559 0.286604 0.0913223 304.775 0.00556382 1 -9.83889 6.79557 0.25 54403
0 14 191 phononTF 0.00381993 0.630059 1.11186 -0.011588 6172.78 0.00381993 1 0.392733 -0.100357 -0.25 13508.7
0 14 190 phononTF 0.00414778 0.630059 1.11186 -0.011588 6172.78 0.00414778 1 -10 -1.08406 0.178184 22544.1
0 14 188 phononL 0.0060642 -0.00367222 -0.0319784 -0.0310464 30.0686 0.0060642 1 1.08471 4.099 0.25 8092.35
0 14 186 phononTF 0.0100849 -0.00182863 -0.0106765 -0.0328502 15.0583 0.0100849 1 0.679944 0.371443 -0.25 5874.33
0 14 197 phononTF 0.00499553 0.69527 -0.441377 0.234047 2486.48 0.00499553 1 3.02727 -1.62241 0.25 3392.9
0 14 196 phononTS 0.00494767 0.69527 -0.441377 0.234047 2486.48 0.00494767 1 -3.99515 -4.55382 0.25 57810
0 14 201 phononL 0.00297713 6.67024 0.0351731 -0.209404 5649.32 0.00297713 1 -8.08452 -1.78533 -0.25 19802.4
0 14 200 phononTS 0.00324036 6.67024 0.0351731 -0.209404 5649.32 0.00324036 1 5.7751 0.966928 -0.25 6907.47
0 14 205 phononTS 0.00178772 -4.78905 7.08512 0.240481 3559.74 0.00178772 1 9.17961 -9.59171 -0.25 35452.3
0 14 207 phononL 0.00246054 -1.84381 5.04086 -0.1577 77959.1 0.00246054 1 -0.464615 6.34812 0.25 105148
0 14 206 phononTS 0.00178225 -1.84381 5.04086 -0.1577 77959.1 0.00178225 1 -0.093515 -9.14084 -0.25 135369
0 14 202 phononTS 0.0029805 -0.0631713 0.957765 -0.0565577 953.328 0.0029805 1 9.52382 3.36431 -0.25 16360
0 14 215 phononL 0.00489459 -0.123309 0.0186216 -0.00111146 972.558 0.00489459 1 -1.80072 4.15493 -0.25 6130.23
0 14 214 phononTS 0.00455732 -0.123309 0.0186216 -0.00111146 972.558 0.00455732 1 -2.24078 0.1755 -0.25 10324.5
0 14 212 phononTS 0.004739 0.195167 0.0285303 -0.0683467 564.672 0.004739 1 0.55749 -0.861149 -0.25 1063.94
0 14 221 phononTS 0.00600821 0.139218 -0.461167 0.233797 2843.03 0.00600821 1 -1.14421 -0.0184554 0.25 3879.43
0 14 220 phononL 0.00225774 0.139218 -0.461167 0.233797 2843.03 0.00225774 1 -1.57079 3.91085 -0.25 10319.6
0 14 218 phononTF 0.00869772 -0.0098094 0.104396 0.0684398 331.31 0.00869772 1 1.09275 -0.303296 0.25 6100.4
0 14 223 phononTS 0.00470916 3.56205 -1.15561 0.0771175 4709.29 0.00470916 1 -0.610433 -6.81783 -0.25 16124.5
0 14 222 phononTF 0.00223619 3.56205 -1.15561 0.0771175 4709.29 0.00223619 1 6.11141 -4.23425 0.25 19979.6
0 14 229 phononL 0.002221 0.206726 0.0639469 0.00782921 385.918 0.002221 1 8.85867 4.6408 0.25 25613.5
0 14 231 phononTF 0.00326216 4.13794 1.28763 -0.0757766 5509.74 0.00326216 1 9.74103 -8.4266 0.25 20060.5
0 14 230 phononTS 0.00272657 4.13794 1.28763 -0.0757766 5509.74 0.00272657 1 -7.40908 0.150841 0.25 23103.3
0 14 233 phononL 0.00260176 0.402528 2.29019 -0.0218372 3750.83 0.00260176 1 3.43134 4.31477 0.25 35015.7
0 14 235 phononTF 0.00164224 8.13419 1.29271 -0.19504 8857.71 0.00164224 1 -2.13003 0.585506 -0.25 27856.8
0 14 237 phononTF 0.000719433 3.79279 4.10929 0.122136 18380.1 0.000719433 1 -9.1747 -8.23017 0.25 65674.4
0 14 236 phononTS 0.000976301 3.79279 4.10929 0.122136 18380.1 0.000976301 1 3.81128 4.11528 -0.25 18444.1
0 14 241 phononTF 0.00613961 -0.102859 0.210083 -0.0322466 316.595 0.00613961 1 -0.0899066 0.22516 0.25 1575.84
0 14 245 phononTF 0.00222636 1.33659 -8.65802 -0.167665 46254.9 0.00222636 1 -6.02854 -8.9786 0.25 49803.4
0 14 244 phononTF 0.00329718 1.33659 -8.65802 -0.167665 46254.9 0.00329718 1 0.773968 4.03714 0.25 59759.9
0 14 242 phononTS 0.00311268 -1.53344 -0.81468 0.117366 1565.28 0.00311268 1 -1.92843 7.84115 0.25 39058.4
0 14 249 phononTF 0.00576009 -0.167126 -0.613435 -0.224851 2987.6 0.00576009 1 2.58313 -3.68204 0.25 11208.7
0 14 248 phononTS 0.00337799 -0.167126 -0.613435 -0.224851 2987.6 0.00337799 1 -4.8506 0.117885 0.25 11204.4
0 14 246 phononTF 0.00370803 -0.100473 -0.315556 -0.0321078 295.879 0.00370803 1 7.22634 -7.30482 -0.25 32650.5
0 15 17 phononTF 0.00474886 -1.98406 0.895703 -0.11526 2235.39 0.00474886 1 -1.78565 3.08422 -0.25 42784.4
0 15 16 phononTF 0.00270236 -1.98406 0.895703 -0.11526 2235.39 0.00270236 1 -0.17934 -0.42521 0.25 2958.27
0 15 19 phononTF 0.00285989 1.06992 1.09854 -0.00657629 2090.56 0.00285989 1 -8.15567 -3.85796 0.25 9095.54
0 15 18 phononTS 0.00372724 1.06992 1.09854 -0.00657629 2090.56 0.00372724 1 5.79083 8.20841 -0.25 11439.9
0 15 21 phononTS 0.00308327 -0.972499 0.726906 -0.0958732 2724.83 0.00308327 1 -9.39205 -9.54873 0.25 60370.6
0 15 20 phononL 0.00457756 -0.972499 0.726906 -0.0958732 2724.83 0.00457756 1 2.32925 -0.851525 0.25 7544.04
0 15 27 phononTS 0.00224013 5.8551 -6.24069 -0.175138 19644.4 0.00224013 1 7.31472 -5.06983 0.25 25289.6
0 15 26 phononTF 0.00211252 5.8551 -6.24069 -0.175138 19644.4 0.00211252 1 6.69641 2.61521 -0.25 46661.1
0 15 24 phononTF 0.00443871 1.10077 0.775918 0.0886213 2771.5 0.00443871 1 0.310331 0.430311 -0.25 3297.71
0 15 29 phononTS 0.00415486 0.395325 0.634827 -0.0406452 1610.4 0.00415486 1 -1.92911 1.74406 0.25 11302.4
0 15 28 phononTF 0.00345941 0.395325 0.634827 -0.0406452 1610.4 0.00345941 1 4.7502 2.89956 -0.25 16534.1
0 15 31 phononTS 0.00198244 4.16252 -1.51787 0.241483 11513 0.00198244 1 1.16828 3.34657 0.25 46665.8
0 15 30 phononTS 0.0030014 4.16252 -1.51787 0.241483 11513 0.0030014 1 9.4196 9.70584 0.25 23846.6
0 15 41 phononL 0.00324983 1.40452 -2.39833 -0.168578 2994.11 0.00324983 1 -5.84577 -8.50685 0.25 24375.7
0 15 40 phononTS 0.00446302 1.40452 -2.39833 -0.168578 2994.11 0.00446302 1 -0.407293 -5.24804 0.25 23789.6
0 15 38 phononTS 0.00387068 -0.0367846 -0.388857 0.0823136 320.67 0.00387068 1 -2.78041 -7.75172 0.25 26524.8
0 15 43 phononTS 0.00133325 -1.95258 -1.66864 -0.180496 994.551 0.00133325 1 9.37749 9.68811 0.25 42936.6
0 15 42 phononTF 0.00245762 -1.95258 -1.66864 -0.180496 994.551 0.00245762 1 9.56955 9.10455 0.25 8275.53
0 15 49 phononTS 0.00400727 -1.12933 3.40486 -0.116908 12849.4 0.00400727 1 4.49024 5.44318 0.25 20740.1
0 15 48 phononTS 0.00224115 -1.12933 3.40486 -0.116908 12849.4 0.00224115 1 8.18348 -3.81429 0.25 21760.5
0 15 46 phononTS 0.00608126 0.00518199 -0.323513 -0.17974 336.759 0.00608126 1 0.662104 -0.702854 0.25 609.446
0 15 51 phononTS 0.00354292 -0.438599 0.127781 0.178713 252.089 0.00354292 1 9.624 9.89962 0.25 21977.5
0 15 50 phononL 0.00327205 -0.438599 0.127781 0.178713 252.089 0.00327205 1 -9.19908 -9.40698 0.25 9653.11
0 15 61 phononTS 0.00366936 1.64401 -0.690448 0.202989 17714.7 0.00366936 1 8.86346 -0.842863 0.25 26156.5
0 15 60 phononTS 0.00238363 1.64401 -0.690448 0.202989 17714.7 0.00238363 1 -0.364859 -6.3864 -0.25 21533.2
0 15 58 phononTF 0.00223531 -0.696672 -0.253533 0.17757 1523.39 0.00223531 1 -8.46557 -7.13289 0.25 8853.09
0 15 56 phononTS 0.00595523 0.0260252 -0.16122 0.107477 286.358 0.00595523 1 -2.20416 -1.69666 -0.25 1290.85
0 15 65 phononTS 0.00546749 -0.555572 0.0378336 0.247596 1524.12 0.00546749 1 0.405074 -0.22441 -0.25 1915.88
0 15 64 phononL 0.00541943 -0.555572 0.0378336 0.247596 1524.12 0.00541943 1 -3.46558 -2.2819 -0.25 5767.67
0 15 69 phononTF 0.00430498 -0.0963703 -0.0269049 -0.143257 2116.71 0.00430498 1 -7.39637 6.38272 0.25 44567.4
0 15 68 phononTS 0.00203254 -0.0963703 -0.0269049 -0.143257 2116.71 0.00203254 1 -9.26945 3.84359 -0.25 8999.46
0 15 66 phononTS 0.00513831 0.0840086 -0.11189 -0.219838 270.073 0.00513831 1 4.85749 0.757446 0.25 2385.42
0 15 52 phononTS 0.00226213 0.00100794 -0.000485387 -0.0262694 1.29957 0.00226213 1 -8.53196 -2.09758 0.25 13164
0 15 85 phononTF 0.00462089 0.895323 0.0304927 0.174081 4647.41 0.00462089 1 -4.41669 2.96105 -0.25 13804
0 15 84 phononL 0.00337182 0.895323 0.0304927 0.174081 4647.41 0.00337182 1 3.30238 -1.19835 -0.25 18868.2
0 15 82 phononTS 0.00412644 0.232341 0.397568 0.00874189 2690.99 0.00412644 1 10 -7.99304 0.150856 58065.5
0 15 80 phononL 0.00577331 -0.0468012 0.0931994 0.0622435 288.287 0.00577331 1 -3.71433 2.5319 -0.25 4930.78
0 15 87 phononTS 0.00721718 0.0219207 -0.000565529 -0.185117 1014.51 0.00721718 1 -3.92527 0.331186 0.25 9243.91
0 15 86 phononTS 0.00298761 0.0219207 -0.000565529 -0.185117 1014.51 0.00298761 1 7.27647 2.46742 -0.25 25618.1
0 15 89 phononTF 0.00669297 0.366822 0.0917748 -0.169828 2543.41 0.00669297 1 0.158904 1.25799 -0.25 9075.04
0 15 88 phononTS 0.00687685 0.366822 0.0917748 -0.169828 2543.41 0.00687685 1 -1.33974 0.220785 0.25 21422.1
0 15 97 phononTS 0.00636969 -0.0342443 -0.0064792 -0.018105 45.0037 0.00636969 1 2.64446 6.026 -0.25 14256.5
0 15 96 phononTF 0.00956368 -0.0342443 -0.0064792 -0.018105 45.0037 0.00956368 1 0.892363 -0.441331 0.25 2917.87
0 15 94 phononTF 0.00636591 0.0089922 -0.00727978 -0.0155386 14.6378 0.00636591 1 -0.0993575 0.295135 0.25 237.864
0 15 101 phononTS 0.00369995 -1.16852 0.766088 -0.0123731 1939.96 0.00369995 1 1.60854 0.429968 0.25 53767.8
0 15 103 phononL 0.00286047 5.13507 4.75196 -0.0668068 44209.1 0.00286047 1 3.64821 -9.96488 -0.25 61575.6
0 15 102 phononTS 0.00190516 5.13507 4.75196 -0.0668068 44209.1 0.00190516 1 8.46139 -4.74777 0.25 120300
0 15 107 phononTS 0.00381516 -3.21249 1.3603 0.134019 7164.47 0.00381516 1 -6.71923 -8.73593 0.25 14217.8
0 15 106 phononTS 0.00447379 -3.21249 1.3603 0.134019 7164.47 0.00447379 1 -6.37231 3.24839 -0.25 13520.7
0 15 104 phononTF 0.00427744 0.00760511 -0.0168293 -0.0414674 13.6549 0.00427744 1 -0.0443975 0.629197 0.25 6123.47
0 15 111 phononTF 0.0056269 -0.0724439 -0.0142571 -0.024464 51.4349 0.0056269 1 -3.88315 1.55882 -0.25 9675.37
0 15 115 phononTF 0.00154602 -0.529683 0.777339 0.00829412 970.551 0.00154602 1 2.13381 -1.2985 0.25 70518.4
0 15 117 phononTF 0.00405431 1.07867 1.19418 -0.126507 3378.96 0.00405431 1 -0.245494 -5.90602 -0.25 18892.8
0 15 116 phononTS 0.00211048 1.07867 1.19418 -0.126507 3378.96 0.00211048 1 -6.7924 9.72825 0.25 11184.4
0 15 112 phononTF 0.00303452 0.162803 0.435351 -0.150878 672.156 0.00303452 1 6.08686 9.44753 0.25 9062.03
0 15 121 phononTS 0.00348804 -2.60267 2.00599 -0.1401 7340.2 0.00348804 1 -1.98919 0.135185 0.25 12605
0 15 120 phononTS 0.00521181 -2.60267 2.00599 -0.1401 7340.2 0.00521181 1 -5.12105 -7.08439 0.25 16584.7
0 15 118 phononTS 0.00284893 0.0844666 -0.0551038 0.101085 681.258 0.00284893 1 9.02941 2.86909 0.25 18730.9
0 15 125 phononL 0.00426137 0.189873 -0.0257701 -0.187599 1237.02 0.00426137 1 -5.48016 1.5703 0.25 8182.94
0 15 127 phononTS 0.00232127 1.53057 -0.865685 0.0926995 3524.8 0.00232127 1 -7.26157 5.82004 0.25 65734.5
0 15 129 phononTF 0.00379624 -0.0555788 -0.0393434 0.0178558 10970.5 0.00379624 1 -1.18828 -2.88128 -0.25 12645.7
0 15 128 phononTS 0.00291831 -0.0555788 -0.0393434 0.0178558 10970.5 0.00291831 1 -7.35948 1.31061 0.25 47021.3
0 15 133 phononTS 0.0057762 -0.515409 -0.783682 -0.173123 5355.39 0.0057762 1 3.90149 4.74792 -0.25 20877.6
0 15 132 phononTS 0.00479113 -0.515409 -0.783682 -0.173123 5355.39 0.00479113 1 2.43189 5.48103 0.25 9874.34
0 15 137 phononTS 0.00352955 -0.0173998 -0.137155 -0.0498381 93.1403 0.00352955 1 -4.06776 3.74535 -0.25 19780.3
0 15 136 phononTS 0.00578788 -0.0173998 -0.137155 -0.0498381 93.1403 0.00578788 1 -3.02257 1.22582 -0.25 5999.51
0 15 141 phononTS 0.0031252 1.86527 0.839804 0.0461705 21702.2 0.0031252 1 -2.00441 4.35042 -0.25 28054.5
0 15 140 phononTS 0.00118836 1.86527 0.839804 0.0461705 21702.2 0.00118836 1 3.19766 3.6593 0.25 24086.1
0 15 138 phononL 0.00299706 -2.25624 0.439335 -0.0870982 2287.47 0.00299706 1 -6.93376 -5.75341 0.25 9838.47
0 15 153 phononTS 0.00283818 -0.0488652 -0.532619 0.0846607 263.059 0.00283818 1 -2.12721 -2.29495 -0.25 4696.39
0 15 152 phononTS 0.00704095 -0.0488652 -0.532619 0.0846607 263.059 0.00704095 1 2.0546 1.45694 0.25 3951.12
0 15 150 phononTF 0.00136698 -0.0705442 -0.497463 0.0755222 258.364 0.00136698 1 -3.98713 -9.77209 -0.25 27127.3
0 15 148 phononTF 0.00686122 0.00610218 -0.192012 -0.09309 169.371 0.00686122 1 -1.0001 0.125871 0.25 10849.5
0 15 157 phononTS 0.00459534 0.949824 1.54533 0.0487477 2316.41 0.00459534 1 -2.73733 7.43069 0.25 14143.7
0 15 156 phononTS 0.00514825 0.949824 1.54533 0.0487477 2316.41 0.00514825 1 1.03912 0.0648802 0.25 2918.38
0 15 159 phononTS 0.00417548 -0.00956276 0.0197641 -0.204166 300.199 0.00417548 1 -7.68701 6.25006 0.25 18463
0 15 163 phononL 0.00372877 5.30046 1.80522 -0.230238 30659.8 0.00372877 1 -2.43492 -1.69152 -0.25 35622
0 15 162 phononTF 0.00242084 5.30046 1.80522 -0.230238 30659.8 0.00242084 1 -10 -8.43809 -0.168679 34822.3
0 15 160 phononTS 0.00246046 0.0158343 -0.703823 -0.144352 3941.43 0.00246046 1 -2.88136 3.46131 -0.25 6637.8
0 15 169 phononTS 0.00434932 0.187047 -0.134386 0.093774 1759.14 0.00434932 1 -10 0.0198089 0.173908 4639.32
0 15 168 phononTS 0.00394195 0.187047 -0.134386 0.093774 1759.14 0.00394195 1 5.41382 2.34313 -0.25 24708.6
0 15 166 phononTF 0.0055129 0.164937 -0.227443 -0.193142 376.34 0.0055129 1 -2.04549 -1.09984 -0.25 8312.83
0 15 175 phononTS 0.00447077 0.640276 -0.70689 0.159914 6398.73 0.00447077 1 -2.3452 9.52017 0.25 17241
0 15 174 phononTS 0.00550076 0.640276 -0.70689 0.159914 6398.73 0.00550076 1 1.0018 -0.562189 -0.25 6834.1
0 15 172 phononTF 0.0029229 -0.0682446 0.279181 0.0825675 435.354 0.0029229 1 -1.42141 7.20024 -0.25 11058.1
0 15 170 phononL 0.00595542 0.0111658 0.0187119 -0.0271687 65.7092 0.00595542 1 0.21118 -1.13947 0.25 1808.4
0 15 177 phononTS 0.00524129 0.20865 0.158497 -0.242606 294.86 0.00524129 1 0.639181 0.421578 0.25 2657.87
0 15 181 phononL 0.00202321 -3.45109 -8.16047 0.206035 42970.1 0.00202321 1 -4.05142 -8.14215 -0.25 43191
0 15 180 phononTF 0.00143718 -3.45109 -8.16047 0.206035 42970.1 0.00143718 1 3.88857 9.15136 0.25 88672.3
0 15 178 phononTS 0.00475357 -1.35469 -0.92638 0.160346 1433.33 0.00475357 1 -2.39131 -1.87379 0.25 7833.86
0 15 191 phononL 0.00576509 0.138577 0.39158 0.130181 815.212 0.00576509 1 -0.740936 4.2187 -0.25 9272.6
0 15 190 phononTS 0.0050525 0.138577 0.39158 0.130181 815.212 0.0050525 1 2.42455 3.27381 -0.25 17254.2
0 15 188 phononTS 0.00562851 -0.0256104 -0.0672482 -0.20415 222.915 0.00562851 1 2.58674 3.6991 -0.25 11494.7
0 15 197 phononTS 0.00505345 1.03366 0.584035 -0.0716967 10357.9 0.00505345 1 10 -2.95699 0.248149 22333.6
0 15 196 phononTF 0.00223866 1.03366 0.584035 -0.0716967 10357.9 0.00223866 1 0.757766 -9.21923 0.25 14960.8
0 15 194 phononTF 0.00548897 -0.222225 -0.228055 0.195165 767.65 0.00548897 1 -1.05436 2.28768 0.25 5536.17
0 15 199 phononTF 0.00346859 -3.9437 0.319465 -0.0424646 4184.89 0.00346859 1 3.6373 -0.548133 0.25 21216.8
0 15 198 phononL 0.00350563 -3.9437 0.319465 -0.0424646 4184.89 0.00350563 1 -8.97905 0.22345 -0.25 17198.2
0 15 205 phononTF 0.0037724 -0.592418 0.120499 -0.107093 349.286 0.0037724 1 5.00571 -0.145032 -0.25 2644.08
0 15 204 phononL 0.0054561 -0.592418 0.120499 -0.107093 349.286 0.0054561 1 8.44205 -1.37698 -0.25 7504.15
0 15 209 phononTF 0.00312699 -0.145382 0.0745981 -0.225477 434.633 0.00312699 1 -0.0683958 0.120603 0.25 3455.16
0 15 211 phononTS 0.00355718 -1.08635 -0.254101 -0.151455 1275.02 0.00355718 1 -7.32923 -6.14588 0.25 64006.8
0 15 210 phononL 0.00348682 -1.08635 -0.254101 -0.151455 1275.02 0.00348682 1 -1.88069 -3.08378 0.25 3181.72
0 15 213 phononTF 0.00275972 0.542091 -2.17062 0.0909256 2027.98 0.00275972 1 1.04897 -8.93679 -0.25 37831.5
0 15 212 phononTS 0.00619877 0.542091 -2.17062 0.0909256 2027.98 0.00619877 1 -1.37405 -6.61424 0.25 7641.73
0 15 217 phononTF 0.00646756 0.169553 -0.107993 0.0431211 687.084 0.00646756 1 1.642 3.43047 0.25 10522.4
0 15 219 phononTS 0.00403899 0.396605 0.567459 0.0117612 1921.29 0.00403899 1 -1.06248 -2.20595 -0.25 8981.76
0 15 218 phononTF 0.00367169 0.396605 0.567459 0.0117612 1921.29 0.00367169 1 1.61844 1.30092 -0.25 28490.2
0 15 223 phononL 0.00190005 9.71273 7.62639 0.0024471 32846.3 0.00190005 1 -4.91458 -2.10575 0.25 107061
0 15 222 phononTS 0.00248891 9.71273 7.62639 0.0024471 32846.3 0.00248891 1 -1.60075 1.39215 -0.25 112744
0 15 220 phononTS 0.00379549 0.515223 -0.1681 -0.0773132 1838.15 0.00379549 1 3.26596 -0.463195 0.25 38692.9
0 15 229 phononL 0.0047674 5.08891 -1.73 -0.118743 25151.4 0.0047674 1 5.33319 -0.508401 -0.25 25435.8
0 15 228 phononTS 0.00262965 5.08891 -1.73 -0.118743 25151.4 0.00262965 1 9.20423 -3.1087 0.25 27681.4
0 15 231 phononTS 0.00333716 0.144757 -0.073316 -0.00639479 806.811 0.00333716 1 10 1.61122 -0.214037 19866.9
0 15 233 phononL 0.00246237 2.48684 -1.90816 -0.0082609 3641.68 0.00246237 1 -7.35478 -2.50382 -0.25 33634.7
0 15 232 phononTS 0.00362084 2.48684 -1.90816 -0.0082609 3641.68 0.00362084 1 -10 -8.98621 -0.0186882 23606.4
0 15 239 phononL 0.003613 0.0841521 -1.1357 -0.0018513 15103.4 0.003613 1 4.34532 -0.930611 -0.25 57699.5
0 15 238 phononTS 0.0026479 0.0841521 -1.1357 -0.0018513 15103.4 0.0026479 1 -10 -7.58476 -0.230959 20519.8
0 15 241 phononTS 0.00210384 2.54643 3.07441 -0.169907 18096.1 0.00210384 1 -2.69664 -9.86882 -0.25 50637.6
0 15 240 phononTS 0.00486516 2.54643 3.07441 -0.169907 18096.1 0.00486516 1 -4.79924 7.49578 0.25 38845.6
0 15 253 phononTF 0.0018742 -3.20536 6.97028 -0.0227984 16949 0.0018742 1 4.2131 9.65874 -0.25 18993.2
0 15 252 phononTF 0.00297508 -3.20536 6.97028 -0.0227984 16949 0.00297508 1 -7.57274 4.3592 -0.25 43705.8
0 15 250 phononTS 0.00321823 -1.82873 -0.786703 0.245738 3631.22 0.00321823 1 -8.53471 -10 0.149018 150858
0 15 248 phononTF 0.000900713 -1.52384 -0.476247 -0.167818 3156.55 0.000900713 1 0.611135 0.440871 0.25 22426.3
0 15 246 phononTS 0.00324296 0.132022 0.0554428 0.203878 1298.86 0.00324296 1 -0.202711 0.0761289 0.25 1360.16
0 15 257 phononTS 0.00242919 2.16373 6.38176 0.0532802 13154.3 0.00242919 1 -4.9528 -8.98158 0.25 28306.4
0 15 256 phononTF 0.00229131 2.16373 6.38176 0.0532802 13154.3 0.00229131 1 -7.55754 -1.43429 0.25 39205.3
0 15 254 phononTF 0.00282306 0.430034 0.311855 0.22974 255.241 0.00282306 1 -9.25592 -9.84911 0.25 23582.9
0 15 259 phononTS 0.00271946 -0.845949 3.77023 -0.0974017 12137.4 0.00271946 1 -8.95506 -8.342 -0.25 33894.5
0 15 258 phononTS 0.00392266 -0.845949 3.77023 -0.0974017 12137.4 0.00392266 1 1.49354 7.37101 -0.25 18418.1
0 16 21 phononTS 0.00208186 5.06134 -4.09451 0.038884 26173 0.00208186 1 7.0475 6.49058 0.25 56791.7
0 16 20 phononTF 0.00234946 5.06134 -4.09451 0.038884 26173 0.00234946 1 -0.224024 0.701317 -0.25 33951
0 16 18 phononTF 0.00272829 5.77537 -7.6263 0.153119 21746.7 0.00272829 1 7.77774 8.07573 -0.25 43296.8
0 16 16 phononL 0.00240129 0.373672 -0.1483 -0.220504 1409.51 0.00240129 1 -3.03117 7.01247 -0.25 33436.2
0 16 23 phononTS 0.00334484 -2.35344 -1.54472 0.236595 3606.46 0.00334484 1 9.11262 1.67436 0.25 55189.2
0 16 22 phononTF 0.00333578 -2.35344 -1.54472 0.236595 3606.46 0.00333578 1 1.3221 3.61647 0.25 13032.7
0 16 29 phononTS 0.0021575 -2.39249 2.16898 0.0914556 3174.85 0.0021575 1 9.81428 9.29793 0.25 21767.2
0 16 28 phononTF 0.00167461 -2.39249 2.16898 0.0914556 3174.85 0.00167461 1 9.59443 9.75147 0.25 13095.9
0 16 26 phononTS 0.00333369 -0.883039 -0.438447 -0.0224517 1360.15 0.00333369 1 -8.25682 -2.10106 -0.25 24638.3
0 16 31 phononTS 0.00456009 0.448313 -0.0684535 0.175099 397.162 0.00456009 1 9.12833 9.1145 0.25 14250.6
0 16 33 phononL 0.00369218 -0.513821 -4.5994 0.235321 8900.26 0.00369218 1 -2.50531 0.536263 -0.25 11552
0 16 32 phononTF 0.00160722 -0.513821 -4.5994 0.235321 8900.26 0.00160722 1 -0.681483 -8.09859 -0.25 11594.2
0 16 41 phononL 0.0058599 1.28057 -0.708503 -0.193388 1117.23 0.0058599 1 1.24972 -0.325783 -0.25 1285.59
0 16 40 phononTS 0.00186942 1.28057 -0.708503 -0.193388 1117.23 0.00186942 1 -9.09086 -9.42568 0.25 23659
0 16 38 phononTS 0.00530561 0.0494673 0.136201 0.0772052 90.7931 0.00530561 1 -1.12584 -3.71835 0.25 3841.96
0 16 49 phononTS 0.00392618 0.508867 0.726031 0.0579689 2204.54 0.00392618 1 0.0137641 1.55954 0.25 5055.26
0 16 48 phononTS 0.00190005 0.508867 0.726031 0.0579689 2204.54 0.00190005 1 -2.16351 -9.25235 0.25 52712.6
0 16 51 phononTS 0.00283096 2.91308 0.613663 -0.152583 65996 0.00283096 1 -2.22021 -9.09461 0.25 121946
0 16 50 phononTS 0.00132141 2.91308 0.613663 -0.152583 65996 0.00132141 1 10 6.86436 0.0985827 102548
0 16 44 phononTF 0.00419077 -0.0153019 0.133808 -0.199943 522.811 0.00419077 1 9.04795 -3.46394 0.25 64933.5
0 16 42 phononTS 0.00213313 -0.0790256 0.0158121 -0.151988 324.932 0.00213313 1 5.47866 4.20053 0.25 11159.3
0 16 53 phononL 0.00593396 -0.100435 0.101294 0.0154724 63.5576 0.00593396 1 0.137471 0.92266 0.25 414.77
0 16 52 phononTS 0.00654809 -0.100435 0.101294 0.0154724 63.5576 0.00654809 1 -0.506168 2.6043 0.25 3371.7
0 16 61 phononTF 0.00472345 1.92806 -0.954616 -0.102758 5517.7 0.00472345 1 5.32916 5.58833 -0.25 11744.2
0 16 60 phononTF 0.00294401 1.92806 -0.954616 -0.102758 5517.7 0.00294401 1 1.58122 -3.50866 -0.25 12491.9
0 16 63 phononTS 0.0050274 -0.0424921 -0.180466 0.116286 3118.31 0.0050274 1 1.44119 6.99957 0.25 21177.3
0 16 62 phononTS 0.00361157 -0.0424921 -0.180466 0.116286 3118.31 0.00361157 1 0.957547 -0.628226 0.25 23348.4
0 16 65 phononL 0.00718137 0.140827 0.113146 0.169783 401.593 0.00718137 1 -4.8117 -0.944317 -0.25 5041.29
0 16 64 phononL 0.00380646 0.140827 0.113146 0.169783 401.593 0.00380646 1 -1.68588 8.46622 0.25 34194.3
0 16 67 phononTS 0.00807101 0.0610673 0.188281 0.0613448 561.32 0.00807101 1 2.26013 -1.64808 -0.25 4341.13
0 16 66 phononTS 0.00456375 0.0610673 0.188281 0.0613448 561.32 0.00456375 1 0.821303 -7.44197 0.25 32432.1
0 16 77 phononTS 0.00375163 -3.04146 -0.116942 0.205501 3759.05 0.00375163 1 -5.75908 -1.48633 -0.25 17219.4
0 16 79 phononTS 0.00147628 5.03028 -1.81219 -0.203349 35648.1 0.00147628 1 1.00973 -4.25265 0.25 40291
0 16 78 phononL 0.00312734 5.03028 -1.81219 -0.203349 35648.1 0.00312734 1 3.24408 -3.02902 0.25 93726.9
0 16 81 phononTF 0.00193065 -4.25469 1.60118 0.0705318 6290.81 0.00193065 1 6.45365 3.8735 -0.25 10692
0 16 80 phononTF 0.00458947 -4.25469 1.60118 0.0705318 6290.81 0.00458947 1 -3.09064 7.6021 -0.25 30160
0 16 87 phononTF 0.00466509 -1.43384 -0.616057 0.0950293 2424.93 0.00466509 1 6.09393 -1.50246 0.25 26814.5
0 16 86 phononTS 0.0031044 -1.43384 -0.616057 0.0950293 2424.93 0.0031044 1 -4.68152 -4.1979 0.25 6719.57
0 16 84 phononTS 0.00395384 -0.41045 -0.329083 -0.239419 991.938 0.00395384 1 4.51596 0.679088 0.25 28982.9
0 16 89 phononTS 0.0035278 -1.02957 -0.251775 -0.226893 906.193 0.0035278 1 5.27548 6.52109 0.25 10858.1
0 16 88 phononTF 0.00449725 -1.02957 -0.251775 -0.226893 906.193 0.00449725 1 -3.89732 0.844969 -0.25 2938.74
0 16 95 phononTS 0.00512795 0.357469 -0.919816 -0.0155317 948.983 0.00512795 1 4.42582 6.08859 0.25 23890.5
0 16 94 phononL 0.00615413 0.357469 -0.919816 -0.0155317 948.983 0.00615413 1 1.40218 -0.0109634 0.25 2739.17
0 16 97 phononTF 0.00328255 -0.112603 -0.215241 0.0681815 1281.09 0.00328255 1 3.2249 -2.27623 0.25 18529.8
0 16 96 phononTS 0.00364936 -0.112603 -0.215241 0.0681815 1281.09 0.00364936 1 3.30367 9.35782 0.25 38929.1
0 16 103 phononL 0.00372734 3.29375 0.852452 0.024711 1449.83 0.00372734 1 1.53886 2.91943 0.25 3451.45
0 16 102 phononTS 0.00236621 3.29375 0.852452 0.024711 1449.83 0.00236621 1 -8.75713 -3.3683 -0.25 16539.7
0 16 105 phononTF 0.00478209 -2.16757 1.91977 0.249066 6114.14 0.00478209 1 -10 7.3115 -0.052473 26626.6
0 16 107 phononTS 0.00114083 7.22945 4.90592 0.204242 14029.4 0.00114083 1 -10 5.01123 -0.0923368 20983
0 16 106 phononTS 0.00258922 7.22945 4.90592 0.204242 14029.4 0.00258922 1 5.00449 -9.5469 0.25 17699.4
0 16 98 phononTF 0.00441667 0.0390671 0.0655259 -0.0119412 54.9172 0.00441667 1 0.240893 2.27457 -0.25 5403.99
0 16 117 phononTF 0.00146568 7.22811 -0.262957 -0.146047 15396.6 0.00146568 1 4.74763 5.31885 0.25 18199.9
0 16 116 phononL 0.00267017 7.22811 -0.262957 -0.146047 15396.6 0.00267017 1 -1.86977 -3.75047 0.25 67383.1
0 16 114 phononTF 0.00288122 0.268091 2.68024 -0.0603634 10839.7 0.00288122 1 -9.51286 -9.76824 0.25 44421.5
0 16 112 phononTS 0.00778786 0.0331848 0.0325951 0.0149345 180.066 0.00778786 1 -1.10238 -4.09349 0.25 7563.08
0 16 110 phononL 0.00323113 -0.0319854 -0.0169732 -0.02715 105.06 0.00323113 1 9.56477 -2.55793 -0.25 18581.7
0 16 123 phononTS 0.0056012 0.886185 1.11169 0.150248 2810.18 0.0056012 1 2.23798 0.685697 0.25 5634.77
0 16 122 phononTS 0.00385012 0.886185 1.11169 0.150248 2810.18 0.00385012 1 5.17998 -9.35073 0.25 12595.3
0 16 120 phononTS 0.00338142 0.776589 0.36563 0.121813 1920.87 0.00338142 1 -8.3357 -3.30901 -0.25 56707.6
0 16 125 phononTF 0.00728335 -0.00234294 0.0530865 -0.0370753 49.0155 0.00728335 1 3.65982 -5.67464 0.25 8040.89
0 16 129 phononTF 0.00573791 -0.303894 -0.489317 0.0737887 913.424 0.00573791 1 -1.51233 -0.186839 -0.25 1541.97
0 16 133 phononTF 0.00158868 4.57184 3.91095 0.138365 20507.2 0.00158868 1 -8.99483 -0.30895 -0.25 26150.5
0 16 132 phononTF 0.00321205 4.57184 3.91095 0.138365 20507.2 0.00321205 1 5.6584 8.2776 -0.25 25383.2
0 16 130 phononTS 0.00130651 0.643987 4.16975 -0.138578 6180.2 0.00130651 1 -2.8021 5.68092 -0.25 8417.27
0 16 126 phononTF 0.00235994 -0.268876 -0.313978 0.14434 774.866 0.00235994 1 3.53179 3.20723 0.25 3756.56
0 16 141 phononTF 0.0112101 -0.00837534 0.00830449 -0.0206016 20.7384 0.0112101 1 -0.137959 -0.628494 -0.25 2626.7
0 16 145 phononTF 0.00485413 -0.32104 0.0480908 0.0758373 371.403 0.00485413 1 -1.56135 0.609818 0.25 4336.57
0 16 147 phononTS 0.00220203 4.16938 -1.39777 0.0790636 15738 0.00220203 1 9.0349 9.96061 0.25 57374.6
0 16 146 phononTS 0.00350455 4.16938 -1.39777 0.0790636 15738 0.00350455 1 -7.09602 -4.79114 -0.25 44300.5
0 16 151 phononTF 0.00157002 0.0300408 1.65185 0.119018 1845.83 0.00157002 1 -7.77536 -1.6548 0.25 10841.5
0 16 150 phononTS 0.00254903 0.0300408 1.65185 0.119018 1845.83 0.00254903 1 6.0643 -4.50481 -0.25 8346.74
0 16 148 phononL 0.00672388 0.31473 -0.0998387 0.13931 746.744 0.00672388 1 -0.357545 -1.91065 0.25 2520.44
0 16 155 phononTS 0.00287089 0.480364 0.490216 -0.140342 4712.82 0.00287089 1 9.6229 9.57426 0.25 24974.7
0 16 154 phononTS 0.00490419 0.480364 0.490216 -0.140342 4712.82 0.00490419 1 0.24506 4.90982 -0.25 7243.61
0 16 152 phononTF 0.00706507 0.265119 -0.132181 0.0678156 503.527 0.00706507 1 -2.14432 -3.38412 0.25 8757.09
0 16 159 phononL 0.00828857 -0.0735078 -0.00598147 -0.128414 112.674 0.00828857 1 -1.5022 -1.57622 0.25 11798.4
0 16 161 phononTS 0.00712595 0.891037 1.00519 -0.148372 1710.49 0.00712595 1 -0.338171 -1.04507 -0.25 5196.72
0 16 160 phononTS 0.0013735 0.891037 1.00519 -0.148372 1710.49 0.0013735 1 -9.9587 -2.71528 0.25 7611.33
0 16 169 phononTF 0.00177068 1.34222 -2.62319 -0.213267 6222.35 0.00177068 1 0.897035 4.77895 -0.25 21270.5
0 16 168 phononTS 0.00502368 1.34222 -2.62319 -0.213267 6222.35 0.00502368 1 8.75428 -4.54444 0.25 24154.6
0 16 166 phononL 0.00493576 0.939717 0.285543 0.191194 2842.62 0.00493576 1 -1.3902 4.44118 0.25 7178.63
0 16 173 phononTF 0.0036959 1.44351 -1.49425 -0.0739431 4511.24 0.0036959 1 1.32528 3.22739 -0.25 23074.9
0 16 172 phononL 0.00362013 1.44351 -1.49425 -0.0739431 4511.24 0.00362013 1 -8.4811 -10 0.162741 11925.3
0 16 175 phononTF 0.00425763 1.67487 0.857368 -0.162048 819.974 0.00425763 1 1.78794 -3.94741 -0.25 15106.9
0 16 174 phononTF 0.000648463 1.67487 0.857368 -0.162048 819.974 0.000648463 1 4.11002 -1.24868 -0.25 2554.07
0 16 177 phononTF 0.00667013 -0.0687927 0.0162109 -0.0495016 56.9434 0.00667013 1 -1.15193 -1.99865 0.25 1308.2
0 16 176 phononTS 0.00476304 -0.0687927 0.0162109 -0.0495016 56.9434 0.00476304 1 4.56289 -9.2462 0.25 22157.6
0 16 185 phononTS 0.00306132 1.20878 0.384555 0.0469591 5583.68 0.00306132 1 -1.56875 -3.66907 0.25 36841.8
0 16 184 phononTS 0.00412073 1.20878 0.384555 0.0469591 5583.68 0.00412073 1 -0.396836 -2.54659 -0.25 8869.36
0 16 182 phononTF 0.00572588 0.132204 -0.0363859 0.201118 731.113 0.00572588 1 2.99393 3.00152 0.25 6860.16
0 16 191 phononTS 0.0034249 -1.60642 -0.818601 0.131363 17789 0.0034249 1 -1.65346 -1.27501 -0.25 18644.1
0 16 190 phononTS 0.00274198 -1.60642 -0.818601 0.131363 17789 0.00274198 1 -0.826204 -0.258029 0.25 43642.8
0 16 188 phononTS 0.00442732 -0.783386 -0.861511 0.0437564 2498.76 0.00442732 1 4.70108 0.104693 -0.25 49258.6
0 16 186 phononTF 0.0069474 -0.0400505 0.00666665 0.0237094 177.482 0.0069474 1 -0.0726393 -3.29019 -0.25 14367.5
0 16 201 phononL 0.00204651 2.12965 6.32289 -0.00745737 14657 0.00204651 1 -1.61948 -2.062 -0.25 47020.1
0 16 203 phononTF 0.00451298 -1.15203 6.44943 -0.248773 21095 0.00451298 1 -7.35712 6.2465 -0.25 34021.5
0 16 202 phononTF 0.00123435 -1.15203 6.44943 -0.248773 21095 0.00123435 1 0.51509 7.73761 0.25 23956.3
0 16 198 phononTS 0.00515516 0.163751 0.178005 0.0687379 172.46 0.00515516 1 -2.75812 3.10612 0.25 4066.88
0 16 196 phononL 0.00369465 -0.00494546 0.0443901 -0.00937776 30.2678 0.00369465 1 -5.25386 -2.14148 -0.25 8484.89
0 16 205 phononTS 0.00264828 3.64489 0.854948 -0.0830614 19294.3 0.00264828 1 -2.59122 -10 0.118372 71686.9
0 16 204 phononTS 0.0032593 3.64489 0.854948 -0.0830614 19294.3 0.0032593 1 3.15072 1.14783 0.25 19804.3
0 16 207 phononL 0.00789834 -0.238011 1.17075 0.214178 3353.08 0.00789834 1 0.432795 3.3515 0.25 5238.98
0 16 206 phononTS 0.00222959 -0.238011 1.17075 0.214178 3353.08 0.00222959 1 -9.8548 -2.92003 0.25 27107.1
0 16 217 phononTS 0.00315616 0.881038 -0.147917 -0.0147385 3964.69 0.00315616 1 -10 -9.21998 0.00377077 9650.39
0 16 216 phononL 0.00214045 0.881038 -0.147917 -0.0147385 3964.69 0.00214045 1 4.08891 3.77274 0.25 16506.3
0 16 214 phononTS 0.00714862 -0.128929 0.0533088 -0.0545073 424.301 0.00714862 1 -1.81278 1.13905 -0.25 19768.4
0 16 221 phononTS 0.0012606 -9.58411 -2.44971 -0.0525708 16289.7 0.0012606 1 -8.19476 -3.07909 -0.25 17009.5
0 16 220 phononTS 0.00388382 -9.58411 -2.44971 -0.0525708 16289.7 0.00388382 1 -1.92293 -1.53888 0.25 26785.2
0 16 218 phononTS 0.00572374 -0.038127 -0.306914 -0.0505639 414.609 0.00572374 1 -5.99734 5.65226 0.25 6853.84
0 16 229 phononTS 0.00281218 -0.841165 -1.77708 0.180691 7640.37 0.00281218 1 -1.79137 3.21772 -0.25 23318.6
0 16 228 phononTS 0.00442602 -0.841165 -1.77708 0.180691 7640.37 0.00442602 1 8.5337 -7.05605 0.25 26884.9
0 16 231 phononTS 0.00495957 -0.124927 0.123352 -0.0816546 324.616 0.00495957 1 1.87745 -1.36092 0.25 2956.37
0 16 233 phononTF 0.00570657 0.311468 0.377396 -0.119541 787.724 0.00570657 1 -6.27313 -3.71606 0.25 21044.5
0 16 232 phononTS 0.00386403 0.311468 0.377396 -0.119541 787.724 0.00386403 1 -3.65871 -9.73913 -0.25 15133.8
0 16 224 phononTF 0.000799418 -0.0341301 -0.0168038 -0.0543504 93.0737 0.000799418 1 6.17194 0.147608 -0.25 2822.65
0 16 222 phononL 0.00311015 -0.00356494 0.000712962 -0.0395483 34.2341 0.00311015 1 -5.78565 -8.06061 -0.25 41750.7
0 16 239 phononTF 0.00668855 0.346639 -0.299397 0.191392 1090.55 0.00668855 1 1.16691 -1.22547 -0.25 2818.54
0 16 238 phononTF 0.00282843 0.346639 -0.299397 0.191392 1090.55 0.00282843 1 7.56028 -1.68398 0.25 21816.3
0 16 245 phononTS 0.00289776 3.34408 -2.93336 -0.0847171 19899.4 0.00289776 1 -8.41436 5.86897 -0.25 26909.2
0 16 244 phononTS 0.00172483 3.34408 -2.93336 -0.0847171 19899.4 0.00172483 1 -9.0274 -9.45825 0.25 26850.1
0 16 242 phononTS 0.00673125 0.0195022 -0.2125 0.21317 394.007 0.00673125 1 -4.26752 0.225547 -0.25 10483.9
0 16 247 phononTS 0.00434552 -2.00831 -1.69874 0.137873 1403.13 0.00434552 1 -4.99671 5.01248 -0.25 4610.16
0 16 246 phononL 0.00146345 -2.00831 -1.69874 0.137873 1403.13 0.00146345 1 2.69917 -5.18479 -0.25 8986.88
0 16 251 phononTS 0.00676307 -0.0413668 0.0100815 -0.235079 257.752 0.00676307 1 1.39819 -2.47641 0.25 2800.19
0 16 253 phononTF 0.00264744 -1.83149 2.94388 0.0780208 8983.92 0.00264744 1 -0.624364 0.399484 0.25 12269.4
0 16 252 phononTF 0.00365263 -1.83149 2.94388 0.0780208 8983.92 0.00365263 1 -1.59999 2.91446 -0.25 9054.3
0 16 255 phononL 0.00388687 2.47087 0.646678 -0.042347 7788.58 0.00388687 1 -6.49042 1.36651 -0.25 48379.4
0 16 254 phononTF 0.00539025 2.47087 0.646678 -0.042347 7788.58 0.00539025 1 3.67814 3.13677 -0.25 20153.9
0 17 17 phononTF 0.00712247 -0.757369 -0.0116472 0.00692588 2797.91 0.00712247 1 0.162058 -0.20966 -0.25 7160.77
0 17 16 phononTF 0.00533783 -0.757369 -0.0116472 0.00692588 2797.91 0.00533783 1 1.58011 4.61646 -0.25 34660
0 17 21 phononTS 0.00359569 0.54997 -2.28835 0.0300174 6001.36 0.00359569 1 4.72828 6.49505 0.25 49932.2
0 17 20 phononTF 0.00241361 0.54997 -2.28835 0.0300174 6001.36 0.00241361 1 9.3711 9.81415 0.25 34976.3
0 17 23 phononL 0.00291854 -5.48952 8.07942 0.0725714 45219.4 0.00291854 1 -6.002 8.10674 -0.25 45338.7
0 17 22 phononTF 0.00232406 -5.48952 8.07942 0.0725714 45219.4 0.00232406 1 10 0.843008 0.221107 58896.8
0 17 29 phononTS 0.00765168 -0.0208863 0.508852 0.0635876 221.965 0.00765168 1 0.505013 1.53691 0.25 2237.66
0 17 28 phononTS 0.00337527 -0.0208863 0.508852 0.0635876 221.965 0.00337527 1 -9.49848 -9.79596 0.25 95494
0 17 31 phononTF 0.00636284 0.452949 -0.28132 -0.151428 1502.77 0.00636284 1 1.19348 1.33916 -0.25 7107.49
0 17 30 phononTF 0.00416822 0.452949 -0.28132 -0.151428 1502.77 0.00416822 1 -3.69498 -8.4176 -0.25 39316.8
0 17 35 phononTF 0.00364892 3.52225 -0.755936 0.148829 8183.82 0.00364892 1 7.61426 2.49644 -0.25 17118
0 17 34 phononL 0.0020529 3.52225 -0.755936 0.148829 8183.82 0.0020529 1 7.85751 -7.21649 -0.25 25230.5
0 17 32 phononTS 0.00275334 0.288158 -0.348457 0.0467287 473.237 0.00275334 1 1.6126 -0.457566 -0.25 3439.23
0 17 37 phononTF 0.00766844 -0.00189195 -0.0187861 -0.00872055 37.1252 0.00766844 1 0.74315 -0.463378 -0.25 4826.4
0 17 39 phononTS 0.00536573 1.41004 0.46796 0.0543133 9931.33 0.00536573 1 0.652452 7.09525 -0.25 15883.6
0 17 38 phononL 0.00361437 1.41004 0.46796 0.0543133 9931.33 0.00361437 1 3.09414 4.82399 -0.25 23145.1
0 17 49 phononL 0.00405483 2.47225 -1.6253 0.229447 7771.04 0.00405483 1 2.93433 -8.53979 0.25 38457.1
0 17 48 phononL 0.00397587 2.47225 -1.6253 0.229447 7771.04 0.00397587 1 -2.39881 -1.43432 0.25 101411
0 17 46 phononL 0.00348318 0.522145 0.641854 -0.0322747 1148.92 0.00348318 1 -8.86063 -2.73993 -0.25 11093.8
0 17 44 phononTF 0.00566138 0.0394918 -0.010413 -0.114758 221.339 0.00566138 1 -0.626926 0.821271 -0.25 44132.8
0 17 42 phononTS 0.00253184 0.0106229 -0.0259971 -0.0669905 105.523 0.00253184 1 9.6864 0.806415 0.25 5620.51
0 17 55 phononTS 0.00486223 -0.218687 -0.146795 -0.206501 5607.21 0.00486223 1 8.00114 4.6351 -0.25 36270.7
0 17 54 phononTS 0.0040725 -0.218687 -0.146795 -0.206501 5607.21 0.0040725 1 1.45519 -0.0338686 0.25 19852.5
0 17 59 phononTS 0.00300894 0.924608 -0.57467 -0.0582197 17305.2 0.00300894 1 -3.98103 2.67045 0.25 21907.5
0 17 58 phononTF 0.00223132 0.924608 -0.57467 -0.0582197 17305.2 0.00223132 1 -9.40709 -8.21601 -0.25 23022.8
0 17 63 phononTF 0.00190884 0.150571 0.396912 -0.0406155 15001.2 0.00190884 1 0.670741 0.486966 -0.25 15101.5
0 17 62 phononTS 0.00473544 0.150571 0.396912 -0.0406155 15001.2 0.00473544 1 -8.70437 3.31184 -0.25 40608.9
0 17 60 phononTF 0.00269506 0.346668 -0.00918398 0.218301 222.546 0.00269506 1 2.78485 2.55391 0.25 38211.5
0 17 65 phononTS 0.00627626 -0.02139 0.0505665 -0.0590182 80.5461 0.00627626 1 -0.214043 -3.32477 -0.25 4007.55
0 17 64 phononTS 0.00874282 -0.02139 0.0505665 -0.0590182 80.5461 0.00874282 1 -0.292866 -0.218158 0.25 255.244
0 17 73 phononTS 0.00634263 0.0778018 -0.0259483 0.00746553 72.1136 0.00634263 1 -1.38978 1.24714 0.25 24446.1
0 17 75 phononTF 0.0038698 1.47834 -6.04609 -0.208725 22834.9 0.0038698 1 -3.36929 2.85388 0.25 41898.6
0 17 74 phononL 0.00352063 1.47834 -6.04609 -0.208725 22834.9 0.00352063 1 8.47656 2.98857 0.25 31896
0 17 77 phononTF 0.0042429 0.30006 -0.395132 0.18985 215.352 0.0042429 1 -5.83706 -9.97282 -0.25 35782.5
0 17 76 phononTS 0.00551877 0.30006 -0.395132 0.18985 215.352 0.00551877 1 -0.421605 -0.301347 0.25 937.275
0 17 79 phononL 0.00593526 0.399403 -0.330496 -0.0555858 959.476 0.00593526 1 7.83049 8.14869 -0.25 24373.9
0 17 81 phononTS 0.00255318 -1.83385 0.272412 -0.0249894 11201.3 0.00255318 1 9.74589 -7.21716 -0.25 34366.2
0 17 83 phononTF 0.00289444 0.757901 4.86438 -0.159763 64312.1 0.00289444 1 0.915301 9.9793 0.25 96909.8
0 17 82 phononTF 0.000939541 0.757901 4.86438 -0.159763 64312.1 0.000939541 1 0.600356 -9.82522 -0.25 85689.9
0 17 91 phononTS 0.00355735 -0.560167 -0.107011 -0.176574 1017.18 0.00355735 1 -9.769 -0.252584 -0.25 5605.78
0 17 93 phononTS 0.00340398 -1.66481 -2.74027 0.16765 7765.31 0.00340398 1 -0.563868 -0.286464 0.25 14754.1
0 17 92 phononTS 0.00314185 -1.66481 -2.74027 0.16765 7765.31 0.00314185 1 -0.17312 -2.27036 0.25 8710.32
0 17 99 phononTF 0.00490442 -1.91157 -3.91978 0.246286 8981.23 0.00490442 1 3.7933 7.39308 0.25 19178.6
0 17 98 phononTS 0.00125561 -1.91157 -3.91978 0.246286 8981.23 0.00125561 1 -0.556482 -8.42258 0.25 62490.1
0 17 96 phononTF 0.00389339 -0.791587 -0.243344 -0.15832 4254.69 0.00389339 1 9.41985 -1.46064 -0.25 9720.77
0 17 101 phononTS 0.0038199 1.13307 0.772234 -0.218799 4611.91 0.0038199 1 -1.76723 1.22407 -0.25 10527
0 17 100 phononTF 0.00453919 1.13307 0.772234 -0.218799 4611.91 0.00453919 1 1.6174 -7.35137 -0.25 22713
0 17 109 phononTS 0.00373261 -6.43125 8.13925 -0.228706 23218.8 0.00373261 1 -7.5901 4.77519 0.25 28260.4
0 17 108 phononTS 0.0021816 -6.43125 8.13925 -0.228706 23218.8 0.0021816 1 -3.55128 2.86084 0.25 63135.6
0 17 106 phononTF 0.00189882 0.183624 -0.0229276 0.220137 438.47 0.00189882 1 -5.98835 -3.49049 -0.25 9750.56
0 17 113 phononTF 0.00180302 -0.379409 -6.16027 -0.102541 7257.12 0.00180302 1 1.03821 5.33199 -0.25 57069.2
0 17 112 phononTS 0.00203003 -0.379409 -6.16027 -0.102541 7257.12 0.00203003 1 -9.77139 -8.23286 -0.25 19343.3
0 17 110 phononTF 0.00395677 0.00897135 0.224018 -0.0691444 800.074 0.00395677 1 7.60607 -6.19433 0.25 57725.6
0 17 119 phononTF 0.00303329 4.26698 -3.43347 0.237064 30032.2 0.00303329 1 4.07633 -7.12029 0.25 41377.2
0 17 118 phononTS 0.00281984 4.26698 -3.43347 0.237064 30032.2 0.00281984 1 4.15347 -2.46085 -0.25 31454.9
0 17 116 phononTS 0.00103527 -0.886452 -2.32143 0.231024 6574.83 0.00103527 1 -8.30531 -9.10613 0.25 19438.4
0 17 114 phononTS 0.00162913 -1.2816 -3.21259 -0.163542 5267.69 0.00162913 1 -10 -1.53785 -0.215939 62567.6
0 17 125 phononTF 0.00485194 -1.62473 0.898192 -0.0737165 750.013 0.00485194 1 2.22845 -7.9249 -0.25 38161.9
0 17 124 phononTS 0.00253336 -1.62473 0.898192 -0.0737165 750.013 0.00253336 1 9.67047 -7.01349 -0.25 43909.3
0 17 127 phononTF 0.0029946 -0.974386 2.78888 -0.187655 14580.8 0.0029946 1 -6.34453 0.680153 0.25 19465.4
0 17 126 phononTF 0.00472935 -0.974386 2.78888 -0.187655 14580.8 0.00472935 1 5.22425 3.11792 0.25 24424.9
0 17 131 phononTS 0.00471209 0.124826 -0.0197933 -0.0339259 317.94 0.00471209 1 -3.74476 -0.24045 0.25 30916
0 17 137 phononTS 0.00289307 -0.250903 1.50446 -0.0164051 10556.8 0.00289307 1 -4.95307 1.91932 0.25 79514.4
0 17 136 phononTF 0.00346901 -0.250903 1.50446 -0.0164051 10556.8 0.00346901 1 2.83427 6.47674 0.25 22975.5
0 17 134 phononTF 0.00344497 1.55901 0.0721114 -0.249157 5019.54 0.00344497 1 -0.964003 -1.75716 -0.25 41554.4
0 17 132 phononTS 0.00253943 0.200799 0.613953 0.212467 2120.45 0.00253943 1 -9.70116 -6.53437 0.25 7475.95
0 17 139 phononTF 0.00531386 -0.660224 -1.57621 0.101657 3958.03 0.00531386 1 5.81505 -6.25377 -0.25 29274.9
0 17 138 phononTS 0.00292639 -0.660224 -1.57621 0.101657 3958.03 0.00292639 1 8.481 -1.01017 0.25 29602.1
0 17 147 phononTF 0.00723068 -0.00982243 0.000195938 -0.0430736 29.4181 0.00723068 1 1.05801 -1.70212 0.25 1852.55
0 17 151 phononTS 0.00409234 -0.331417 0.0662917 -0.13831 341.96 0.00409234 1 -1.91179 -5.68572 0.25 5328.95
0 17 157 phononTS 0.00210119 -7.90372 0.626333 -0.0812644 49993 0.00210119 1 -9.90064 -9.33712 0.25 58923.5
0 17 156 phononTS 0.00307024 -7.90372 0.626333 -0.0812644 49993 0.00307024 1 -2.78489 2.89991 0.25 79651.9
0 17 154 phononTS 0.000773646 -1.97291 -3.39393 0.204574 8866.11 0.000773646 1 -6.82256 -0.976526 0.25 18100.4
0 17 152 phononTS 0.00237533 0.198656 0.0828258 -0.20205 3169.62 0.00237533 1 -7.00584 3.39953 -0.25 13798.9
0 17 161 phononTF 0.00406542 0.873551 -4.34507 -0.151474 11724 0.00406542 1 -3.82904 -3.53413 0.25 56066.3
0 17 160 phononTS 0.00176895 0.873551 -4.34507 -0.151474 11724 0.00176895 1 9.43793 6.79045 -0.25 75274.7
0 17 158 phononTS 0.00291643 1.27856 1.7826 0.0479127 1548.31 0.00291643 1 8.76458 3.58592 0.25 12648.8
0 17 165 phononTS 0.00336063 0.00918652 0.11522 -0.0698308 133.964 0.00336063 1 9.70336 -1.41383 -0.25 7396.81
0 17 167 phononL 0.00394842 -0.706732 2.36905 -0.191793 4606.01 0.00394842 1 -6.40583 -3.48149 0.25 24671.5
0 17 166 phononTS 0.00254324 -0.706732 2.36905 -0.191793 4606.01 0.00254324 1 6.44002 9.18315 -0.25 15119.3
0 17 162 phononL 0.00681672 0.000614631 0.122155 -0.0634887 132.598 0.00681672 1 0.385135 6.88584 0.25 13592.8
0 17 173 phononL 0.00587708 -0.77385 -0.375232 -0.160119 2106.41 0.00587708 1 3.87986 1.06818 0.25 12335.9
0 17 172 phononTF 0.00422902 -0.77385 -0.375232 -0.160119 2106.41 0.00422902 1 0.507133 4.97684 -0.25 22020.1
0 17 170 phononL 0.00775086 -0.0422297 0.0835479 0.0432306 100.221 0.00775086 1 2.68967 0.697485 0.25 13672.5
0 17 177 phononTF 0.00220909 -1.92015 0.455065 0.244856 11917.3 0.00220909 1 -1.08023 1.11746 -0.25 12350.9
0 17 176 phononTS 0.0062917 -1.92015 0.455065 0.244856 11917.3 0.0062917 1 -8.04966 4.14087 -0.25 33589.3
0 17 174 phononL 0.00515099 -0.332512 -0.244386 0.213738 422.626 0.00515099 1 2.22449 -0.382583 0.25 8522.09
0 17 183 phononL 0.00604755 -0.78448 0.78609 0.204608 4488.2 0.00604755 1 -1.54991 -2.62209 0.25 9808.06
0 17 182 phononTF 0.00426711 -0.78448 0.78609 0.204608 4488.2 0.00426711 1 -3.68904 10 0.231664 7376.57
0 17 180 phononTS 0.00542426 0.0363887 0.128984 -0.0425942 70.4383 0.00542426 1 -2.84425 -1.82131 0.25 5551.05
0 17 185 phononTF 0.00914279 0.00364313 -0.00274981 -0.0273471 2.29217 0.00914279 1 -0.194747 0.587982 -0.25 1187.51
0 17 187 phononTS 0.0036976 0.318443 0.0254781 0.128982 145.619 0.0036976 1 9.70677 9.15759 0.25 29865.3
0 17 189 phononTS 0.00257067 -0.765593 -2.96587 0.0317794 5134.54 0.00257067 1 9.23842 9.74431 0.25 23460.7
0 17 188 phononTS 0.00400572 -0.765593 -2.96587 0.0317794 5134.54 0.00400572 1 1.79407 8.23895 0.25 69003.9
0 17 199 phononTS 0.00385497 0.444223 -0.175372 0.158162 844.286 0.00385497 1 9.84605 5.16785 0.25 7027.88
0 17 198 phononTS 0.00384299 0.444223 -0.175372 0.158162 844.286 0.00384299 1 4.16779 -0.423596 0.25 12836.6
0 17 201 phononTF 0.00298048 0.253626 -4.1478 0.0329405 8764.24 0.00298048 1 2.48213 -4.22472 0.25 9186.97
0 17 200 phononL 0.0029362 0.253626 -4.1478 0.0329405 8764.24 0.0029362 1 -7.41502 -2.49483 -0.25 15294.6
0 17 207 phononTF 0.00332208 0.878446 -0.899146 -0.064053 2903.56 0.00332208 1 8.54261 9.99932 -0.25 23136.9
0 17 206 phononL 0.00288838 0.878446 -0.899146 -0.064053 2903.56 0.00288838 1 0.131536 -2.62098 0.25 9066.29
0 17 209 phononTF 0.00723513 -0.0412941 0.539756 -0.000420312 2478.99 0.00723513 1 -1.42305 -2.11689 -0.25 9272.38
0 17 208 phononTS 0.00494039 -0.0412941 0.539756 -0.000420312 2478.99 0.00494039 1 -0.877396 4.40427 0.25 4374.28
0 17 211 phononTS 0.008472 -0.528837 -0.267939 -0.0421094 826.31 0.008472 1 0.865708 -0.488539 -0.25 3430.19
0 17 210 phononL 0.00213769 -0.528837 -0.267939 -0.0421094 826.31 0.00213769 1 7.14549 -6.36029 0.25 31644.8
0 17 215 phononTS 0.00318577 0.00819748 0.249097 -0.181917 913.485 0.00318577 1 7.22886 -1.82358 0.25 14434
0 17 214 phononTF 0.0073613 0.00819748 0.249097 -0.181917 913.485 0.0073613 1 3.56925 -0.209962 0.25 20308.9
0 17 217 phononL 0.00366667 0.25404 -5.83735 0.167693 25506.2 0.00366667 1 0.105365 -5.75752 -0.25 26617.8
0 17 216 phononL 0.00335522 0.25404 -5.83735 0.167693 25506.2 0.00335522 1 -6.65592 -9.74747 0.25 31409.1
0 17 225 phononL 0.00608875 0.0301992 -0.0270503 -0.10498 723.218 0.00608875 1 0.449818 -0.149201 0.25 1707.56
0 17 229 phononTF 0.0029415 2.49384 -3.70315 -0.218856 8240.39 0.0029415 1 -4.92246 -1.23398 0.25 9858.97
0 17 228 phononTF 0.00281217 2.49384 -3.70315 -0.218856 8240.39 0.00281217 1 1.21232 -4.29576 -0.25 14125.9
0 17 226 phononTS 0.00444098 0.207514 0.238805 -0.216521 1144.09 0.00444098 1 5.79752 -7.2519 0.25 73925.4
0 17 235 phononTS 0.00521072 0.789166 1.37406 0.203221 2520.99 0.00521072 1 -0.233072 -7.33559 0.25 17701.1
0 17 234 phononL 0.00212303 0.789166 1.37406 0.203221 2520.99 0.00212303 1 -1.99174 8.68878 -0.25 24562.1
0 17 232 phononTS 0.0049514 -0.0952738 0.397601 -0.216852 904.206 0.0049514 1 4.40453 9.6174 0.25 17567.2
0 17 237 phononTS 0.00315862 1.54226 2.56529 -0.0722332 20011.2 0.00315862 1 1.54234 2.67297 -0.25 21139.4
0 17 236 phononL 0.0018781 1.54226 2.56529 -0.0722332 20011.2 0.0018781 1 -0.922423 -0.423438 -0.25 32760
0 17 243 phononL 0.00461345 0.109191 0.13243 -0.066083 251.814 0.00461345 1 -3.60161 -3.24736 0.25 2664.32
0 17 245 phononL 0.00479625 -0.97986 0.217952 0.197357 1785.05 0.00479625 1 7.64293 -2.88377 0.25 38703.3
0 17 244 phononTS 0.00432236 -0.97986 0.217952 0.197357 1785.05 0.00432236 1 -9.87623 8.49927 0.25 31352.4
0 17 247 phononTF 0.00195809 -0.433514 -1.8152 0.139822 9535.03 0.00195809 1 -10 9.12924 -0.196035 61897.3
0 17 246 phononTF 0.00379417 -0.433514 -1.8152 0.139822 9535.03 0.00379417 1 -3.0066 -1.16526 -0.25 12101.9
0 17 238 phononTF 0.00933754 0.00921924 -0.0118073 -0.0388122 25.2402 0.00933754 1 -1.5824 -0.691101 -0.25 1778.13
0 17 251 phononTF 0.00236854 1.48324 -7.56614 0.127222 31668.3 0.00236854 1 -0.41421 -1.62508 -0.25 112033
0 17 250 phononTF 0.00278825 1.48324 -7.56614 0.127222 31668.3 0.00278825 1 7.28322 -8.23906 0.25 52288.4
0 17 248 phononTF 0.00303343 -0.0717789 -0.373276 0.220765 79.5481 0.00303343 1 -4.856 1.2613 -0.25 35254.2
0 18 15 phononTS 0.00265929 -3.72437 -1.99688 -0.196292 9116.44 0.00265929 1 -3.4879 -1.39593 -0.25 10021.5
0 18 14 phononTS 0.00444537 -3.72437 -1.99688 -0.196292 9116.44 0.00444537 1 -2.22059 -1.19304 -0.25 24677.9
0 18 17 phononTS 0.00335294 0.11696 -0.371823 -0.0844128 374.854 0.00335294 1 2.63761 -2.24282 -0.25 17192.2
0 18 21 phononTF 0.000491464 -3.75355 7.71349 0.128261 30333.7 0.000491464 1 0.979176 7.60307 -0.25 33926.6
0 18 20 phononTS 0.00139568 -3.75355 7.71349 0.128261 30333.7 0.00139568 1 -7.95993 4.2209 -0.25 74885.3
0 18 18 phononTS 0.00210994 6.03564 -5.63841 -0.22914 5413.6 0.00210994 1 -3.16307 7.90493 0.25 23381.9
0 18 25 phononTS 0.00517517 0.573676 -0.0830159 -0.134059 1872.39 0.00517517 1 -0.697424 -2.23871 0.25 7422.56
0 18 24 phononTF 0.00521841 0.573676 -0.0830159 -0.134059 1872.39 0.00521841 1 5.1059 -4.29681 0.25 10688.3
0 18 27 phononTS 0.00219692 5.03763 -2.0423 0.217194 9993.6 0.00219692 1 -9.0786 -9.43063 0.25 59671.1
0 18 26 phononTS 0.00438633 5.03763 -2.0423 0.217194 9993.6 0.00438633 1 6.71749 -2.23502 -0.25 21726.9
0 18 35 phononTF 0.00668778 -0.372567 0.0893735 -0.225567 951.031 0.00668778 1 -0.261269 0.484797 -0.25 1822.03
0 18 37 phononTF 0.00293036 3.78173 -0.546799 0.0836534 6688.65 0.00293036 1 4.13001 -3.25163 0.25 7391.45
0 18 39 phononL 0.00238327 6.97604 -9.19679 0.0585169 18272.3 0.00238327 1 7.37134 -8.43046 0.25 18427
0 18 38 phononTS 0.00142724 6.97604 -9.19679 0.0585169 18272.3 0.00142724 1 1.30192 2.01013 0.25 25830.7
0 18 32 phononTS 0.0037857 0.0294758 -0.0603878 0.00803322 264.461 0.0037857 1 9.91693 9.82348 0.25 44445.5
0 18 30 phononL 0.00329846 0.0223092 -0.00367072 -0.0168393 31.5667 0.00329846 1 -1.12909 -3.10353 0.25 6332.17
0 18 28 phononTS 0.00438396 0.0151811 -0.0131139 -0.0221947 23.8634 0.00438396 1 2.29995 -0.687441 -0.25 671.355
0 18 51 phononTS 0.00254731 0.0843545 -2.10067 -0.198836 3374.16 0.00254731 1 3.69838 9.81651 0.25 28691.7
0 18 50 phononL 0.00379163 0.0843545 -2.10067 -0.198836 3374.16 0.00379163 1 2.10093 -4.82659 0.25 4591.13
0 18 53 phononTF 0.00439126 -1.38608 -0.63593 -0.112059 2311.32 0.00439126 1 -7.86846 -2.26637 -0.25 10240.6
0 18 52 phononTF 0.00192259 -1.38608 -0.63593 -0.112059 2311.32 0.00192259 1 -6.40918 -1.75441 -0.25 9674.97
0 18 46 phononTF 0.00142637 -0.132961 -0.155207 0.129101 1852.64 0.00142637 1 -0.184351 3.36845 -0.25 8669.88
0 18 57 phononTS 0.00310151 -0.872346 -2.60317 -0.152773 12432.8 0.00310151 1 -9.8545 -9.28297 0.25 21819.9
0 18 56 phononTF 0.00394912 -0.872346 -2.60317 -0.152773 12432.8 0.00394912 1 -0.75864 -2.78833 0.25 12555.2
0 18 54 phononTS 0.00190813 -2.71145 -1.45503 -0.00596613 8730.75 0.00190813 1 -10 -5.51529 -0.229585 56746.8
0 18 61 phononTS 0.00273174 -1.63288 -3.57453 -0.209011 8121.72 0.00273174 1 6.65913 -5.33385 -0.25 19244.1
0 18 60 phononTS 0.00368897 -1.63288 -3.57453 -0.209011 8121.72 0.00368897 1 8.77114 5.8483 -0.25 32990.6
0 18 63 phononTS 0.0041038 1.34134 3.7318 -0.148358 8717.67 0.0041038 1 -0.0578082 9.99968 -0.25 40177.3
0 18 62 phononL 0.00293994 1.34134 3.7318 -0.148358 8717.67 0.00293994 1 6.36823 2.47454 0.25 14029
0 18 69 phononTS 0.00611512 -0.484602 0.486373 0.0763146 2697.2 0.00611512 1 -0.336214 9.19452 0.25 11886.5
0 18 68 phononTF 0.00362311 -0.484602 0.486373 0.0763146 2697.2 0.00362311 1 -0.90526 -7.78953 0.25 11210.9
0 18 71 phononTS 0.0048037 0.077637 -0.0018578 0.15029 206.153 0.0048037 1 1.06992 0.215145 0.25 740.075
0 18 75 phononL 0.00333994 4.49831 4.48393 -0.106786 19288.8 0.00333994 1 5.90013 4.48613 -0.25 21455.5
0 18 74 phononTS 0.00153239 4.49831 4.48393 -0.106786 19288.8 0.00153239 1 8.71682 5.67919 0.25 25644.7
0 18 72 phononTF 0.003236 3.24138 -1.54291 0.238184 7482.67 0.003236 1 9.56462 9.86495 0.25 41330
0 18 81 phononTS 0.00286276 -8.31971 4.2879 -0.132221 15789.4 0.00286276 1 9.79906 9.99939 0.25 52897.3
0 18 80 phononTS 0.00196491 -8.31971 4.2879 -0.132221 15789.4 0.00196491 1 -5.49814 7.15906 -0.25 19259.1
0 18 78 phononTF 0.00620922 0.924435 0.253169 0.00864982 933.015 0.00620922 1 5.31024 -3.69842 0.25 10512.9
0 18 85 phononTF 0.00382715 -2.4745 0.612473 0.0271815 3222.57 0.00382715 1 2.30249 -2.81642 0.25 18647.3
0 18 84 phononTS 0.0028039 -2.4745 0.612473 0.0271815 3222.57 0.0028039 1 5.87355 2.99625 0.25 27921.7
0 18 89 phononTS 0.00272115 -8.3947 1.67697 -0.241972 12343.7 0.00272115 1 4.12855 5.24496 0.25 29225.6
0 18 88 phononTF 0.00236932 -8.3947 1.67697 -0.241972 12343.7 0.00236932 1 -7.97641 2.23771 0.25 12711.6
0 18 86 phononTS 0.00095144 -7.42814 2.02718 0.0560369 7089.68 0.00095144 1 -9.66871 -9.65488 0.25 70123
0 18 103 phononTS 0.00379089 0.797813 -0.275674 -0.121144 2200.47 0.00379089 1 6.52237 -0.324591 -0.25 9670.79
0 18 102 phononTF 0.0038612 0.797813 -0.275674 -0.121144 2200.47 0.0038612 1 6.0922 8.47319 -0.25 30431.4
0 18 100 phononTF 0.0037449 0.295774 -0.0837762 -0.192469 513.67 0.0037449 1 2.25807 0.944585 0.25 4057.14
0 18 105 phononTF 0.00360748 0.818643 0.0565306 -0.042311 702.394 0.00360748 1 5.18075 -5.266 -0.25 11453.8
0 18 104 phononTF 0.00271725 0.818643 0.0565306 -0.042311 702.394 0.00271725 1 -3.99724 8.92525 0.25 31022.5
0 18 107 phononTS 0.00353247 -0.909184 3.42118 -0.0440355 7240.18 0.00353247 1 9.88721 7.89221 0.25 50898
0 18 106 phononTS 0.00524104 -0.909184 3.42118 -0.0440355 7240.18 0.00524104 1 -2.51344 3.21822 -0.25 8745.5
0 18 113 phononTF 0.00695906 0.720389 0.882619 -0.206798 6518.94 0.00695906 1 4.34188 0.836277 0.25 14088.2
0 18 112 phononTS 0.00177707 0.720389 0.882619 -0.206798 6518.94 0.00177707 1 2.02745 3.69036 0.25 10449.5
0 18 110 phononL 0.00509003 0.3874 -0.0945962 -0.0659031 793.195 0.00509003 1 -8.26843 1.71253 -0.25 12948.2
0 18 117 phononTF 0.00254031 -6.66902 2.95752 0.0404137 25950.2 0.00254031 1 -4.66124 -4.36645 0.25 72177.1
0 18 116 phononTF 0.00232321 -6.66902 2.95752 0.0404137 25950.2 0.00232321 1 -8.62734 -10 0.184652 36908.8
0 18 119 phononTF 0.00529815 -0.012724 -0.0278579 -0.0801143 65.4689 0.00529815 1 6.49561 -3.44802 0.25 9245.03
0 18 123 phononTS 0.00421317 -0.281624 -2.22322 -0.0286107 3447.85 0.00421317 1 -0.417856 -3.04683 -0.25 10020.5
0 18 122 phononTS 0.00337364 -0.281624 -2.22322 -0.0286107 3447.85 0.00337364 1 7.35982 -3.64019 0.25 10418.3
0 18 120 phononTS 0.00261261 0.0230967 0.408371 0.0189101 968.472 0.00261261 1 -2.30515 -0.704568 0.25 3540.72
0 18 129 phononTF 0.00572383 -4.39283 -1.74821 0.187545 8555.23 0.00572383 1 0.648836 1.41412 -0.25 13333.4
0 18 128 phononTS 0.00262219 -4.39283 -1.74821 0.187545 8555.23 0.00262219 1 -6.15196 9.38372 0.25 22827
0 18 131 phononTS 0.00744006 0.0290043 0.0157064 0.0180232 166.918 0.00744006 1 -0.0978404 0.264354 -0.25 1114.28
0 18 130 phononTS 0.00801338 0.0290043 0.0157064 0.0180232 166.918 0.00801338 1 -1.76305 0.786689 -0.25 1812.27
0 18 141 phononL 0.00433186 2.72453 -0.903359 0.132168 4814.76 0.00433186 1 0.850242 9.25146 -0.25 37029
0 18 140 phononTF 0.00393909 2.72453 -0.903359 0.132168 4814.76 0.00393909 1 8.94539 -2.21655 0.25 12949.3
0 18 143 phononTS 0.00123325 4.87913 3.79962 -0.247102 7719.06 0.00123325 1 1.61063 -0.909975 -0.25 96019.6
0 18 142 phononTF 0.00268081 4.87913 3.79962 -0.247102 7719.06 0.00268081 1 -9.33345 9.32459 -0.25 86886
0 18 136 phononTS 0.00204672 -0.0272779 -0.0804528 0.228403 1014.96 0.00204672 1 10 1.49192 0.167372 11417.1
0 18 145 phononTS 0.00458425 -0.166849 0.0609849 0.0418001 4793.25 0.00458425 1 9.68267 -7.71242 -0.25 16628.5
0 18 144 phononTF 0.00288497 -0.166849 0.0609849 0.0418001 4793.25 0.00288497 1 -1.54748 0.235478 0.25 6193.46
0 18 149 phononTF 0.00437665 2.52074 -1.81547 0.134466 5098.41 0.00437665 1 2.54515 -2.13758 0.25 5157.91
0 18 148 phononL 0.00224933 2.52074 -1.81547 0.134466 5098.41 0.00224933 1 1.69469 -1.08374 -0.25 25754.2
0 18 146 phononTS 0.00588992 0.073599 0.11042 0.122732 226.159 0.00588992 1 9.62227 -6.03114 0.25 23094.6
0 18 151 phononTS 0.00315017 -0.659981 0.794239 0.170635 2529.89 0.00315017 1 1.07713 9.92797 -0.25 37185.6
0 18 155 phononTF 0.00132334 2.62815 7.98353 0.218514 9008.95 0.00132334 1 -5.14878 0.681451 -0.25 18923.3
0 18 154 phononL 0.00277822 2.62815 7.98353 0.218514 9008.95 0.00277822 1 0.27081 9.6617 0.25 14552.3
0 18 152 phononTS 0.00367038 0.578588 2.47306 0.133174 4849.03 0.00367038 1 1.98565 2.7143 0.25 5935.4
0 18 167 phononTS 0.00569692 0.210301 0.0670803 0.0962813 1372.82 0.00569692 1 0.201185 1.11654 0.25 1561.86
0 18 169 phononTS 0.00219944 -0.307645 -0.306217 -0.0294087 2288.09 0.00219944 1 -4.23393 7.17131 0.25 10960.1
0 18 168 phononTS 0.00264972 -0.307645 -0.306217 -0.0294087 2288.09 0.00264972 1 4.74876 9.89849 -0.25 42539.3
0 18 171 phononTS 0.00368892 -3.92655 -5.20651 0.219488 19397.8 0.00368892 1 3.93475 0.620516 0.25 30320.2
0 18 170 phononTS 0.00259843 -3.92655 -5.20651 0.219488 19397.8 0.00259843 1 -9.44986 1.52363 0.25 75814.2
0 18 173 phononTF 0.00507484 -0.193988 0.929883 0.0621914 191.198 0.00507484 1 7.84166 9.75164 0.25 36942.8
0 18 172 phononTS 0.00256164 -0.193988 0.929883 0.0621914 191.198 0.00256164 1 -10 1.5023 0.128936 2714.35
0 18 181 phononTS 0.00380818 -4.75686 -4.04418 -0.0783479 8844.96 0.00380818 1 6.17353 7.81343 -0.25 48985.2
0 18 180 phononTF 0.00314745 -4.75686 -4.04418 -0.0783479 8844.96 0.00314745 1 -4.14698 -8.37981 -0.25 11621.5
0 18 178 phononTF 0.00436494 -0.318485 -0.0780566 0.142771 389.892 0.00436494 1 -6.90433 -2.14722 0.25 15826.9
0 18 185 phononTS 0.00205881 -1.30059 -0.238515 -0.0457961 6447.28 0.00205881 1 3.93256 -4.42433 -0.25 25085.4
0 18 184 phononTS 0.00092122 -1.30059 -0.238515 -0.0457961 6447.28 0.00092122 1 -7.97601 -9.45018 -0.25 13549.6
0 18 182 phononTF 0.00547783 0.864149 1.51679 -0.155564 1291.4 0.00547783 1 -0.894758 -0.151385 0.25 13390.5
0 18 187 phononTS 0.00511815 -0.140674 0.198788 0.204379 443.596 0.00511815 1 -6.32482 2.59173 -0.25 28955.5
0 18 186 phononTS 0.00663777 -0.140674 0.198788 0.204379 443.596 0.00663777 1 5.88321 0.424056 -0.25 12940.7
0 18 197 phononTS 0.00248998 0.330126 2.35499 -0.0137193 28000.4 0.00248998 1 0.804478 2.62165 -0.25 28310.7
0 18 196 phononL 0.00269711 0.330126 2.35499 -0.0137193 28000.4 0.00269711 1 5.49711 5.42661 0.25 81967.8
0 18 194 phononL 0.00228851 0.639898 2.74188 0.0826222 11974.7 0.00228851 1 2.24823 1.10188 -0.25 14081.5
0 18 192 phononTS 0.00301383 0.0490222 -0.0690953 -0.136482 108.073 0.00301383 1 -5.94189 -1.30862 -0.25 19845.3
0 18 190 phononTF 0.00514849 0.0299518 -0.00929885 0.0615202 43.2782 0.00514849 1 5.68942 2.34212 0.25 7405.99
0 18 203 phononTS 0.00284148 0.497561 -7.27239 -0.156072 25105.5 0.00284148 1 0.728026 -7.72304 -0.25 30614.4
0 18 205 phononTF 0.00175516 -8.19637 -0.935514 0.0688033 51171.8 0.00175516 1 1.01488 -8.93563 -0.25 68381.1
0 18 204 phononTS 0.00141793 -8.19637 -0.935514 0.0688033 51171.8 0.00141793 1 9.16309 9.35912 0.25 92926.4
0 18 207 phononTS 0.00187835 -2.8522 3.91662 -0.130003 6685.1 0.00187835 1 6.50848 -3.95752 -0.25 29801.1
0 18 206 phononTS 0.00153562 -2.8522 3.91662 -0.130003 6685.1 0.00153562 1 -0.440549 3.55418 -0.25 9246.49
0 18 209 phononTF 0.00490986 -0.370006 -0.220284 -0.0957275 450.781 0.00490986 1 -4.11597 3.21493 -0.25 9570.24
0 18 208 phononTS 0.00729071 -0.370006 -0.220284 -0.0957275 450.781 0.00729071 1 0.98962 0.599731 0.25 2526.06
0 18 223 phononTF 0.00320844 7.60595 7.54671 0.126798 18762.7 0.00320844 1 8.35664 3.82223 -0.25 26974
0 18 222 phononTS 0.00256187 7.60595 7.54671 0.126798 18762.7 0.00256187 1 -1.33607 6.3266 -0.25 27571.3
0 18 220 phononTS 0.00118043 3.0666 2.39591 -0.221915 4835.11 0.00118043 1 4.17981 4.19485 0.25 7661.17
0 18 227 phononL 0.00261167 -0.293707 -0.78243 -0.164388 3537.72 0.00261167 1 -1.21482 6.7554 -0.25 37165.4
0 18 226 phononL 0.00423422 -0.293707 -0.78243 -0.164388 3537.72 0.00423422 1 5.68999 9.86207 -0.25 40894.3
0 18 224 phononTF 0.0045938 -0.00941203 -0.0965969 -0.0350451 829.495 0.0045938 1 -5.61265 -0.392257 -0.25 1968.68
0 18 229 phononTS 0.00596348 -0.143524 0.198802 0.0602976 1683.08 0.00596348 1 -2.27098 1.28504 -0.25 9009.23
0 18 228 phononTS 0.00482796 -0.143524 0.198802 0.0602976 1683.08 0.00482796 1 -0.558487 -10 -0.168784 35125
0 18 235 phononTS 0.00641672 0.0972921 -0.0743136 -0.166627 302.334 0.00641672 1 0.0509281 -10 -0.131853 29981.1
0 18 237 phononTF 0.00154929 -1.20979 1.45859 0.0680876 21587.7 0.00154929 1 2.7039 -2.6865 -0.25 25584.6
0 18 236 phononTS 0.0032523 -1.20979 1.45859 0.0680876 21587.7 0.0032523 1 -1.27677 1.16385 0.25 21661.5
0 18 232 phononL 0.003787 -0.032364 -0.137886 -0.0725119 211.72 0.003787 1 1.52096 -0.293085 0.25 1211.65
0 18 230 phononTS 0.00704312 -0.0494159 0.0189701 -0.0817682 85.543 0.00704312 1 -1.56923 -0.853654 -0.25 2066.76
0 18 243 phononTS 0.00233783 2.14289 -0.292761 -0.1756 3714.44 0.00233783 1 -2.94644 0.310739 0.25 52986.8
0 18 242 phononTF 0.00371067 2.14289 -0.292761 -0.1756 3714.44 0.00371067 1 -2.93157 5.02534 0.25 9775.15
0 18 247 phononTS 0.00116027 1.66208 -0.704239 0.137159 7270.18 0.00116027 1 2.0345 -1.24272 -0.25 7629.57
0 18 246 phononTF 0.00235464 1.66208 -0.704239 0.137159 7270.18 0.00235464 1 3.25078 -0.586263 -0.25 14821.2
0 18 244 phononTS 0.00237546 -3.64614 1.14068 -0.0566835 5196.21 0.00237546 1 -1.3972 -8.9728 -0.25 17763.7
0 18 251 phononL 0.00700608 0.0422725 0.207283 -0.0989023 1043.47 0.00700608 1 2.75967 -2.59831 -0.25 23579.4
0 18 250 phononTS 0.00529069 0.0422725 0.207283 -0.0989023 1043.47 0.00529069 1 0.772058 3.34021 -0.25 39194.6
0 18 253 phononL 0.00534943 -1.80708 -0.746913 -0.0563604 2633.75 0.00534943 1 -5.21702 -9.77928 0.25 18598.2
0 18 252 phononTF 0.00294117 -1.80708 -0.746913 -0.0563604 2633.75 0.00294117 1 -6.9311 -6.5716 -0.25 26801.7
0 18 261 phononTS 0.00441705 0.179676 -0.332163 0.0797203 505.04 0.00441705 1 -0.441126 1.10566 0.25 6283.67
0 18 260 phononTF 0.00677575 0.179676 -0.332163 0.0797203 505.04 0.00677575 1 -2.13084 2.55519 0.25 5025.49
0 18 265 phononTS 0.00309771 0.364848 -1.53224 -0.0335991 7962.49 0.00309771 1 5.31623 1.91421 0.25 22404.7
0 18 264 phononTF 0.00449167 0.364848 -1.53224 -0.0335991 7962.49 0.00449167 1 -2.96287 -3.50603 0.25 29605
0 18 262 phononL 0.00522399 0.163805 -0.264158 0.0658164 341.049 0.00522399 1 0.713394 -3.15467 0.25 3966.53
0 18 269 phononTF 0.00305786 -0.559765 5.06117 0.127905 7892.98 0.00305786 1 -9.55757 -5.26785 0.25 59459.8
0 18 268 phononTS 0.00212024 -0.559765 5.06117 0.127905 7892.98 0.00212024 1 -2.21889 4.41119 -0.25 9160.36
0 18 271 phononTF 0.00468232 0.112653 0.0438996 -0.0920177 680.188 0.00468232 1 -1.19738 10 -0.212339 36183.6
0 18 270 phononTF 0.00432233 0.112653 0.0438996 -0.0920177 680.188 0.00432233 1 -8.12542 7.52559 -0.25 16681.7
0 18 275 phononL 0.00300202 -2.41539 2.31813 0.127277 16291.1 0.00300202 1 -2.94128 3.35009 -0.25 16687.2
0 18 274 phononL 0.00419864 -2.41539 2.31813 0.127277 16291.1 0.00419864 1 7.95129 5.06147 0.25 48169.9
0 18 279 phononTS 0.00289534 -1.86157 1.35809 0.233324 11437.3 0.00289534 1 6.60653 -1.26825 0.25 69713
0 18 278 phononTS 0.00287137 -1.86157 1.35809 0.233324 11437.3 0.00287137 1 9.30478 6.38437 -0.25 40234.6
0 18 276 phononTS 0.0030042 0.0169408 2.33308 0.0239332 10597.8 0.0030042 1 9.80805 1.59729 0.25 33057.3
0 19 13 phononTF 0.00601646 0.11852 -0.0766663 0.195078 416.145 0.00601646 1 -2.98018 -2.08368 0.25 3185.18
0 19 15 phononL 0.00346518 -0.621978 -0.617723 -0.0663317 1339.3 0.00346518 1 -2.73034 -0.357161 -0.25 2478.3
0 19 14 phononTS 0.0015834 -0.621978 -0.617723 -0.0663317 1339.3 0.0015834 1 2.88278 1.3365 -0.25 22002.5
0 19 19 phononTF 0.00274837 2.62387 -0.36651 0.0215008 3422.5 0.00274837 1 9.41013 9.51269 0.25 18697.2
0 19 18 phononTS 0.0025686 2.62387 -0.36651 0.0215008 3422.5 0.0025686 1 1.27818 10 0.231707 5648.57
0 19 23 phononTS 0.00239445 -2.15453 0.652577 -0.154109 4500.16 0.00239445 1 9.55207 9.53948 0.25 30787.5
0 19 22 phononL 0.0021099 -2.15453 0.652577 -0.154109 4500.16 0.0021099 1 -5.58454 6.54769 -0.25 61917.2
0 19 20 phononTF 0.00266111 -1.76679 0.82819 0.13313 4343.54 0.00266111 1 -5.95114 10 0.0750391 76465.2
0 19 29 phononTF 0.00176663 -8.4493 -7.37757 -0.046051 26268.8 0.00176663 1 -9.13402 -3.6794 -0.25 49786.9
0 19 28 phononTS 0.00288918 -8.4493 -7.37757 -0.046051 26268.8 0.00288918 1 -7.89725 -7.0447 -0.25 27300.5
0 19 26 phononTF 0.00437283 2.48734 -0.958558 0.233373 2842.96 0.00437283 1 5.65828 -1.99238 0.25 43612.3
0 19 24 phononL 0.00707957 0.0642151 -0.00381582 -0.0322662 57.5446 0.00707957 1 -1.03997 1.77286 0.25 13144.5
0 19 33 phononL 0.0048688 0.842309 -0.283274 0.0897025 1359.55 0.0048688 1 3.57398 -0.247099 0.25 18549.2
0 19 32 phononL 0.00508019 0.842309 -0.283274 0.0897025 1359.55 0.00508019 1 9.81059 -0.80314 -0.25 21964
0 19 37 phononTF 0.00420246 0.253671 -1.21121 -0.225047 1036.33 0.00420246 1 -1.84915 6.89444 0.25 6091.98
0 19 36 phononTF 0.00483701 0.253671 -1.21121 -0.225047 1036.33 0.00483701 1 2.02469 -5.25419 0.25 7254.87
0 19 34 phononTS 0.00840075 0.0689466 -0.0419706 0.0281045 147.034 0.00840075 1 -0.441357 1.14596 -0.25 3913.7
0 19 45 phononTF 0.00373328 0.222229 -0.524784 -0.105311 833.276 0.00373328 1 -1.99444 8.41461 0.25 122310
0 19 44 phononL 0.00873636 0.222229 -0.524784 -0.105311 833.276 0.00873636 1 2.15054 -0.000485404 0.25 4054.01
0 19 49 phononTS 0.00338391 0.036649 -0.371293 0.134739 2073.92 0.00338391 1 3.30754 -3.08942 -0.25 31013.6
0 19 48 phononTS 0.00509967 0.036649 -0.371293 0.134739 2073.92 0.00509967 1 1.4894 -0.153892 -0.25 3175.01
0 19 46 phononTF 0.00271127 -0.0209123 -0.138941 0.152774 388.9 0.00271127 1 -9.06703 8.27862 0.25 9368.3
0 19 51 phononTF 0.00559212 -0.219321 0.149713 0.140976 343.109 0.00559212 1 -1.66519 -0.95282 -0.25 2718.43
0 19 55 phononTS 0.00380917 0.764274 0.847191 -0.229369 4518.55 0.00380917 1 -9.88246 -2.7837 0.25 8422.34
0 19 54 phononTS 0.00295593 0.764274 0.847191 -0.229369 4518.55 0.00295593 1 5.22958 7.23628 -0.25 24919.7
0 19 52 phononL 0.00284424 -0.620287 -0.224398 -0.110108 1395.2 0.00284424 1 3.00048 7.14568 -0.25 5475.18
0 19 61 phononTS 0.00659281 -0.00513148 0.123054 0.224594 880.312 0.00659281 1 -5.94415 -1.63562 -0.25 15069.9
0 19 60 phononTS 0.00784698 -0.00513148 0.123054 0.224594 880.312 0.00784698 1 0.398193 -0.595733 -0.25 4366.42
0 19 65 phononTS 0.00376938 0.39746 -0.257093 0.212861 1271.38 0.00376938 1 9.74227 -6.4495 0.25 26185.7
0 19 67 phononL 0.00428204 -0.51401 -1.32921 0.185316 1988.23 0.00428204 1 -4.34563 4.2066 0.25 27258.7
0 19 66 phononTS 0.00215282 -0.51401 -1.32921 0.185316 1988.23 0.00215282 1 -9.11913 5.7927 -0.25 46894.4
0 19 69 phononTS 0.00342124 0.206747 0.424965 -0.131312 1195.63 0.00342124 1 -0.0387548 5.76159 -0.25 6287.72
0 19 68 phononTS 0.00524734 0.206747 0.424965 -0.131312 1195.63 0.00524734 1 0.594052 1.9926 0.25 18681.4
0 19 71 phononTS 0.0065845 2.28899 -0.0202523 -0.196501 5077.65 0.0065845 1 4.80147 3.21103 -0.25 8893.67
0 19 70 phononTS 0.00260763 2.28899 -0.0202523 -0.196501 5077.65 0.00260763 1 -7.28339 -0.789944 -0.25 79472.9
0 19 85 phononTS 0.00205592 1.73328 -1.97482 -0.233894 1098.59 0.00205592 1 8.97293 -8.53196 0.25 28011.1
0 19 84 phononTF 0.00317937 1.73328 -1.97482 -0.233894 1098.59 0.00317937 1 9.40255 -4.77427 0.25 15200.6
0 19 87 phononTF 0.00374412 2.38339 -3.09544 -0.105998 3203.63 0.00374412 1 1.57463 -5.00254 -0.25 22356.5
0 19 86 phononL 0.00196826 2.38339 -3.09544 -0.105998 3203.63 0.00196826 1 -10 5.42483 0.208789 30597.8
0 19 91 phononTF 0.00491547 0.15006 0.123081 0.00125816 359.701 0.00491547 1 1.237 -0.823147 -0.25 18230.4
0 19 95 phononTF 0.00631669 -1.11945 0.820165 0.091677 1357.66 0.00631669 1 1.27777 2.27107 -0.25 2648.31
0 19 94 phononTS 0.00145463 -1.11945 0.820165 0.091677 1357.66 0.00145463 1 -8.16706 -6.97799 -0.25 22917.9
0 19 92 phononTF 0.00199146 -0.0514182 0.194604 0.151258 448.232 0.00199146 1 6.06046 2.38493 -0.25 69201.5
0 19 97 phononL 0.00502292 0.380383 -0.301117 -0.199452 2346.84 0.00502292 1 2.76073 5.3297 -0.25 28905.1
0 19 96 phononTS 0.0047311 0.380383 -0.301117 -0.199452 2346.84 0.0047311 1 1.7572 -2.826 0.25 9240.25
0 19 99 phononTS 0.00461084 0.0537615 0.0486122 -0.0452642 72.8085 0.00461084 1 7.36466 -3.64097 0.25 13427.4
0 19 103 phononTS 0.00424855 2.533 1.41701 -0.124973 3180.89 0.00424855 1 -9.83545 -9.43222 0.25 61826.4
0 19 102 phononTS 0.00322612 2.533 1.41701 -0.124973 3180.89 0.00322612 1 9.83552 9.8802 0.25 35025.6
0 19 105 phononTS 0.0046796 0.977034 0.548196 -0.172511 1349.28 0.0046796 1 7.09589 -5.14411 0.25 24061.8
0 19 104 phononTS 0.00336704 0.977034 0.548196 -0.172511 1349.28 0.00336704 1 -1.79642 -0.949452 -0.25 20944.2
0 19 109 phononTS 0.00595172 0.105568 0.225567 -0.13661 225.051 0.00595172 1 3.72097 2.01328 -0.25 13634.6
0 19 108 phononTF 0.00539694 0.105568 0.225567 -0.13661 225.051 0.00539694 1 -1.97695 9.58209 -0.25 14676.1
0 19 113 phononTS 0.00252244 0.239138 2.1676 -0.0796786 7993.78 0.00252244 1 -5.08897 0.0898828 0.25 30376.7
0 19 112 phononTF 0.00492836 0.239138 2.1676 -0.0796786 7993.78 0.00492836 1 6.7013 5.9818 -0.25 19063
0 19 117 phononTS 0.00426054 -0.1979 -2.93498 -0.214733 5175.15 0.00426054 1 -5.10543 -6.8566 0.25 36628.6
0 19 116 phononTF 0.00192303 -0.1979 -2.93498 -0.214733 5175.15 0.00192303 1 6.25643 7.10539 -0.25 17225.7
0 19 114 phononTS 0.00312772 0.336638 -1.35102 -0.24725 1156.65 0.00312772 1 3.26395 1.6892 0.25 13384.4
0 19 123 phononTS 0.00528532 -0.158551 -0.721875 -0.214222 1623.77 0.00528532 1 -7.99474 2.68871 0.25 9952.63
0 19 122 phononTF 0.00609524 -0.158551 -0.721875 -0.214222 1623.77 0.00609524 1 -6.90418 4.17102 0.25 17282.7
0 19 125 phononTS 0.00541691 0.677968 0.0206179 0.143175 5809.99 0.00541691 1 3.56557 -0.181256 -0.25 7736.43
0 19 124 phononTF 0.00424908 0.677968 0.0206179 0.143175 5809.99 0.00424908 1 0.596101 0.913168 0.25 8214.27
0 19 131 phononTS 0.00431963 -0.204236 1.97391 0.00492971 2349.59 0.00431963 1 8.31259 2.72633 0.25 32519.2
0 19 130 phononTF 0.00429728 -0.204236 1.97391 0.00492971 2349.59 0.00429728 1 -0.338156 3.08234 0.25 7364.2
0 19 133 phononTF 0.00338003 -1.35883 1.78357 0.052979 6147.95 0.00338003 1 9.22092 3.96164 0.25 86427.2
0 19 132 phononTF 0.0035912 -1.35883 1.78357 0.052979 6147.95 0.0035912 1 -0.137654 7.36485 0.25 79674
0 19 137 phononTF 0.00201631 1.4222 -1.99548 -0.0782296 10780.6 0.00201631 1 -9.22717 -9.04429 0.25 20253.8
0 19 136 phononTS 0.00543945 1.4222 -1.99548 -0.0782296 10780.6 0.00543945 1 -2.46085 0.125708 0.25 33763.6
0 19 134 phononTF 0.0115824 -0.0106559 0.034688 0.0701834 125.322 0.0115824 1 -0.329561 0.0549974 0.25 1524.22
0 19 149 phononTS 0.00347321 0.917003 0.875599 0.214058 2730.16 0.00347321 1 8.68203 2.20756 -0.25 5001.43
0 19 148 phononTS 0.00376694 0.917003 0.875599 0.214058 2730.16 0.00376694 1 -3.60447 -1.37535 0.25 6456.9
0 19 151 phononTF 0.0039578 0.4418 -0.280801 0.0261444 1174.92 0.0039578 1 -9.73623 -9.93498 0.25 33682
0 19 153 phononTS 0.00242461 1.22181 0.353104 0.162802 6330.03 0.00242461 1 4.92441 -6.26609 -0.25 16291.2
0 19 152 phononTF 0.00323318 1.22181 0.353104 0.162802 6330.03 0.00323318 1 9.3338 9.10186 0.25 14280.6
0 19 159 phononTS 0.00605144 -0.633457 -0.790851 -0.206108 800.375 0.00605144 1 0.965253 -3.35043 -0.25 3742.97
0 19 158 phononTS 0.00435723 -0.633457 -0.790851 -0.206108 800.375 0.00435723 1 0.0723098 10 -0.174903 36051.4
0 19 163 phononTS 0.00335446 2.46397 3.18713 -0.182189 4360.06 0.00335446 1 -9.23928 10 -0.155921 44235.3
0 19 162 phononTS 0.00352569 2.46397 3.18713 -0.182189 4360.06 0.00352569 1 4.36663 4.30002 -0.25 35140.3
0 19 160 phononTS 0.00703634 -0.031068 -0.00549001 -0.0417556 39.0542 0.00703634 1 -1.31001 -0.614592 -0.25 6198.29
0 19 167 phononTS 0.00630051 0.737132 0.905892 0.119901 1506.57 0.00630051 1 -0.341953 2.97653 0.25 5864.98
0 19 166 phononL 0.00192328 0.737132 0.905892 0.119901 1506.57 0.00192328 1 8.86717 9.86582 0.25 36266.1
0 19 164 phononTF 0.00289422 0.0942962 0.10474 0.0901402 589.996 0.00289422 1 4.21572 2.79287 -0.25 14276.4
0 19 171 phononTS 0.00570258 -0.408 -0.565747 0.00103563 854.128 0.00570258 1 -0.276563 2.88564 -0.25 18786.9
0 19 170 phononL 0.00300154 -0.408 -0.565747 0.00103563 854.128 0.00300154 1 -1.7551 -5.90151 0.25 19135.8
0 19 168 phononTS 0.00756185 -0.0667752 -0.0825049 0.0294706 129.718 0.00756185 1 -2.66271 -0.568727 -0.25 3962.75
0 19 179 phononL 0.00448853 -0.311825 -0.0807287 -0.246764 1629.36 0.00448853 1 10 4.24802 -0.194546 26506.7
0 19 181 phononL 0.00256241 1.69167 0.295536 -0.235487 3055.44 0.00256241 1 -6.53717 1.86137 -0.25 6951.85
0 19 183 phononTF 0.00229738 -1.67862 -1.27424 0.154155 21529.8 0.00229738 1 4.8222 3.32249 0.25 25157
0 19 182 phononTF 0.00153306 -1.67862 -1.27424 0.154155 21529.8 0.00153306 1 0.327743 8.38021 0.25 45579.8
0 19 176 phononTS 0.00700183 0.000353229 0.138173 -0.00730307 162.815 0.00700183 1 4.13378 1.89583 0.25 5632.54
0 19 187 phononTF 0.00748318 0.00011715 -0.080868 -0.0159988 83.572 0.00748318 1 0.204028 -1.53805 0.25 973.28
0 19 189 phononL 0.0030761 -0.339949 0.528739 0.160562 989.641 0.0030761 1 4.02789 -5.03389 -0.25 9227.87
0 19 188 phononTF 0.00422954 -0.339949 0.528739 0.160562 989.641 0.00422954 1 -3.46743 2.77042 -0.25 1926.76
0 19 184 phononTS 0.0044153 8.74995e-05 -0.0806641 -0.0162092 83.5397 0.0044153 1 -1.7353 2.25053 -0.25 11811
0 19 195 phononTF 0.00341588 0.372325 0.60573 -0.225527 2842.19 0.00341588 1 10 -8.26649 0.234648 12131.7
0 19 194 phononL 0.00346423 0.372325 0.60573 -0.225527 2842.19 0.00346423 1 -8.12491 -5.53758 0.25 12113.2
0 19 192 phononTS 0.00446907 0.22085 -0.0265583 0.186256 90.7178 0.00446907 1 -0.0195236 -1.00931 -0.25 2659.43
0 19 201 phononL 0.0038235 4.18196 6.7751 0.131787 16840.4 0.0038235 1 4.94237 3.318 0.25 18392.9
0 19 200 phononTF 0.00154007 4.18196 6.7751 0.131787 16840.4 0.00154007 1 -0.382636 3.23808 -0.25 27423.4
0 19 198 phononL 0.00439096 0.0567779 0.224099 -0.185372 240.397 0.00439096 1 -3.47462 -1.85837 -0.25 810.76
0 19 203 phononTS 0.00295902 0.769162 -0.473666 0.126176 426.496 0.00295902 1 1.388 -3.88752 -0.25 14336
0 19 207 phononTS 0.000803351 1.26984 5.97602 -0.243718 27145.4 0.000803351 1 -7.43349 9.14201 0.25 37084.9
0 19 206 phononTS 0.00194929 1.26984 5.97602 -0.243718 27145.4 0.00194929 1 0.206188 4.50949 0.25 45025.3
0 19 204 phononTF 0.00273944 -0.156646 2.21507 -0.0625217 21903.4 0.00273944 1 6.04882 8.71538 -0.25 25838.3
0 19 217 phononTS 0.00360419 -0.138188 1.41763 0.200461 2235.46 0.00360419 1 8.66371 1.80289 0.25 5921.56
0 19 216 phononTS 0.00404595 -0.138188 1.41763 0.200461 2235.46 0.00404595 1 9.88589 2.76106 0.25 7849.74
0 19 214 phononL 0.0060184 -0.186214 -0.116685 0.247441 817.817 0.0060184 1 -1.63983 -0.488181 -0.25 4441.5
0 19 212 phononTS 0.011081 -0.052213 -0.0116509 0.00682428 81.4515 0.011081 1 0.30782 0.454028 -0.25 956.228
0 19 210 phononTS 0.00491737 -0.00437243 -0.00402675 -0.0221515 10.9066 0.00491737 1 -4.98072 -0.329813 -0.25 4438.12
0 19 225 phononTF 0.00353377 0.345417 -0.378235 -0.0855803 498.837 0.00353377 1 -8.38745 -8.36499 0.25 42115.9
0 19 227 phononTF 0.0025054 1.00856 2.96891 -0.0125494 7746.02 0.0025054 1 -9.67581 9.43035 0.25 18109.3
0 19 226 phononTF 0.0031638 1.00856 2.96891 -0.0125494 7746.02 0.0031638 1 2.47125 3.21719 -0.25 8202.79
0 19 229 phononTS 0.00466771 -1.09775 1.27655 0.197523 2881.86 0.00466771 1 -3.01508 -4.38131 -0.25 10760
0 19 228 phononTF 0.00446274 -1.09775 1.27655 0.197523 2881.86 0.00446274 1 -4.33872 2.32776 0.25 66393.7
0 19 235 phononTS 0.00439005 -0.183609 -0.0244948 0.169645 496.522 0.00439005 1 -3.00399 0.253909 -0.25 5700.47
0 19 234 phononTF 0.0073729 -0.183609 -0.0244948 0.169645 496.522 0.0073729 1 1.92812 -0.519659 -0.25 5458.24
0 19 237 phononL 0.00226434 1.06809 2.5107 0.0785693 1412.64 0.00226434 1 -0.914624 7.75616 -0.25 42506.1
0 19 236 phononTF 0.00241249 1.06809 2.5107 0.0785693 1412.64 0.00241249 1 0.99151 7.19637 -0.25 17065.3
0 19 239 phononTF 0.0021376 -0.14711 0.712545 -0.142167 161.737 0.0021376 1 9.93522 -8.57982 -0.25 10120.4
0 19 238 phononL 0.00429267 -0.14711 0.712545 -0.142167 161.737 0.00429267 1 -3.02037 1.44954 0.25 9550.66
0 19 218 phononL 0.00621129 1.90799e-05 0.000187051 -0.0246031 0.199157 0.00621129 1 7.02964 -3.28024 0.25 14945.1
0 20 13 phononTS 0.00503427 0.315376 0.282898 -0.144076 951.295 0.00503427 1 -0.0705339 -1.06456 -0.25 1780.54
0 20 12 phononTF 0.00212287 0.315376 0.282898 -0.144076 951.295 0.00212287 1 -5.25285 -6.06946 -0.25 24969.6
0 20 15 phononTS 0.00493852 0.211891 -0.141775 0.21676 330.622 0.00493852 1 -5.93986 5.01278 0.25 5819.74
0 20 17 phononTS 0.00383345 0.892531 -1.21167 0.188661 3653.82 0.00383345 1 0.117821 0.160652 -0.25 73888.9
0 20 16 phononTS 0.0046632 0.892531 -1.21167 0.188661 3653.82 0.0046632 1 2.71114 -4.6123 0.25 12741
0 20 23 phononTF 0.00595672 0.0389426 0.213267 -0.0506854 731.037 0.00595672 1 0.73165 0.324677 0.25 968.53
0 20 22 phononTS 0.00165021 0.0389426 0.213267 -0.0506854 731.037 0.00165021 1 -5.40384 7.07126 -0.25 16915.7
0 20 27 phononL 0.00276021 -1.83364 4.41538 0.00690582 52570.7 0.00276021 1 -0.435205 -3.22502 -0.25 160869
0 20 26 phononTS 0.00127519 -1.83364 4.41538 0.00690582 52570.7 0.00127519 1 9.49208 -4.19608 -0.25 67761.7
0 20 24 phononTF 0.00153375 2.78601 -0.336305 -0.0456872 20431.5 0.00153375 1 2.67494 -9.11732 0.25 62328
0 20 31 phononTS 0.00136992 -1.52136 0.498073 -0.0987325 12403.7 0.00136992 1 -2.26105 0.814339 0.25 38167.1
0 20 30 phononTS 0.00213256 -1.52136 0.498073 -0.0987325 12403.7 0.00213256 1 -3.8596 0.319384 -0.25 13753.8
0 20 33 phononL 0.00333034 -4.92524 1.77359 -0.165371 5209.46 0.00333034 1 -4.60602 9.71336 -0.25 13459.2
0 20 32 phononTS 0.00194759 -4.92524 1.77359 -0.165371 5209.46 0.00194759 1 9.927 9.45107 0.25 22376.3
0 20 41 phononTS 0.00491319 -1.25778 -1.35141 -0.0421182 3758.69 0.00491319 1 -3.33034 -3.32876 -0.25 6601.36
0 20 40 phononTS 0.0027899 -1.25778 -1.35141 -0.0421182 3758.69 0.0027899 1 0.246312 9.37851 -0.25 39486.2
0 20 43 phononTS 0.00570963 0.00797799 -0.0200691 -0.0322926 35.7526 0.00570963 1 -3.76519 0.326642 0.25 5571.29
0 20 45 phononTS 0.0065584 0.202457 0.424705 -0.0742127 1238.3 0.0065584 1 0.70537 -0.192353 -0.25 7764.6
0 20 47 phononL 0.00420718 4.81784 -0.613177 -0.218932 37118.1 0.00420718 1 1.25799 -0.314737 0.25 40461.7
0 20 46 phononTF 0.00201724 4.81784 -0.613177 -0.218932 37118.1 0.00201724 1 -0.583499 0.0612895 -0.25 39049.4
0 20 55 phononTS 0.00302741 -7.42561 3.58678 -0.0725386 46365.3 0.00302741 1 -4.03945 8.06566 0.25 74421.2
0 20 54 phononTS 0.0012821 -7.42561 3.58678 -0.0725386 46365.3 0.0012821 1 -8.07068 9.71769 -0.25 109752
0 20 52 phononL 0.00366743 0.740065 3.27644 -0.220061 3575.27 0.00366743 1 2.84056 -5.82234 -0.25 45726.4
0 20 57 phononTF 0.00436687 -0.402934 0.396397 0.206115 729.984 0.00436687 1 -6.77044 -5.3224 0.25 23373.9
0 20 59 phononTF 0.00184728 2.83254 1.24886 -0.119657 19730.5 0.00184728 1 -2.02038 3.1154 0.25 63073.3
0 20 58 phononTS 0.00208636 2.83254 1.24886 -0.119657 19730.5 0.00208636 1 -1.13987 9.92403 -0.25 29779.7
0 20 61 phononTF 0.0041488 2.95487 -2.87692 0.0161639 5742.69 0.0041488 1 4.01104 9.38083 0.25 8705.62
0 20 60 phononTS 0.00258909 2.95487 -2.87692 0.0161639 5742.69 0.00258909 1 1.19369 5.55939 -0.25 16817
0 20 63 phononL 0.00790499 -0.07931 0.0446137 -0.0187008 58.0831 0.00790499 1 0.304227 0.623087 -0.25 706.238
0 20 67 phononTS 0.0034268 -1.11832 -1.27354 -0.0277331 9227.05 0.0034268 1 -5.31723 -1.92328 0.25 14075.9
0 20 69 phononTS 0.00230494 0.293333 4.63196 0.104715 82041.4 0.00230494 1 -0.0931046 6.12919 0.25 82645
0 20 68 phononTS 0.0018386 0.293333 4.63196 0.104715 82041.4 0.0018386 1 -9.19105 -9.68414 0.25 104348
0 20 71 phononL 0.00209666 0.166038 -0.594603 -0.0892652 2154.78 0.00209666 1 7.35645 -4.81115 -0.25 30407.7
0 20 70 phononTF 0.00383953 0.166038 -0.594603 -0.0892652 2154.78 0.00383953 1 9.83359 9.00484 0.25 20453.4
0 20 83 phononTF 0.00213701 -0.60419 0.0500208 -0.03104 1317.88 0.00213701 1 5.02578 10 0.0383371 26843.3
0 20 87 phononTF 0.00415019 -4.91741 -0.888383 0.0409718 7060.92 0.00415019 1 -1.5648 -0.217606 -0.25 28375.3
0 20 86 phononTF 0.00266763 -4.91741 -0.888383 0.0409718 7060.92 0.00266763 1 8.37896 3.87533 -0.25 72346.6
0 20 84 phononTF 0.00141463 -2.21325 0.137665 -0.119905 2617.07 0.00141463 1 -6.90338 2.30799 -0.25 10183.5
0 20 89 phononTF 0.00239392 -2.9638 2.18667 0.125382 9621.93 0.00239392 1 5.40374 10 0.239784 44600.2
0 20 88 phononTF 0.00362318 -2.9638 2.18667 0.125382 9621.93 0.00362318 1 -0.616884 8.77394 0.25 11784.1
0 20 91 phononTF 0.00587589 -0.316533 -0.135517 -0.00357893 945.705 0.00587589 1 -2.50575 -1.94565 -0.25 7734.65
0 20 90 phononTF 0.00492944 -0.316533 -0.135517 -0.00357893 945.705 0.00492944 1 -5.10102 -1.00289 0.25 4172.2
0 20 95 phononTF 0.00309983 -0.0280615 0.878552 -0.0254528 5123.26 0.00309983 1 8.53401 -0.879079 -0.25 12288
0 20 97 phononTF 0.0033363 0.713428 1.19334 -0.183083 5437.38 0.0033363 1 9.0903 1.88548 -0.25 51708.9
0 20 99 phononL 0.0019383 1.69508 -0.790194 0.125433 80154.8 0.0019383 1 -3.77499 -1.75741 -0.25 87334.6
0 20 98 phononTS 0.00242595 1.69508 -0.790194 0.125433 80154.8 0.00242595 1 0.180901 -1.41366 -0.25 93393.3
0 20 92 phononTS 0.00621305 -0.0294477 -0.065311 -0.134013 41.3583 0.00621305 1 -1.58918 0.857621 -0.25 6750.25
0 20 109 phononTF 0.00374273 -1.99469 2.27557 0.0373035 6497.6 0.00374273 1 -9.9999 1.43816 0.25 65015.9
0 20 108 phononTS 0.00169595 -1.99469 2.27557 0.0373035 6497.6 0.00169595 1 7.58531 5.93971 -0.25 41401.8
0 20 106 phononTS 0.00240802 -1.07925 2.20435 0.13836 4997.27 0.00240802 1 -1.47791 7.90303 -0.25 33103.2
0 20 104 phononL 0.0046364 -0.0159364 -0.223495 -0.245387 210.8 0.0046364 1 4.79394 1.12621 0.25 12899.6
0 20 115 phononL 0.00389722 -7.20593 -1.79408 0.0760286 22523.4 0.00389722 1 -10 1.78824 0.189784 45700.2
0 20 114 phononTF 0.00157502 -7.20593 -1.79408 0.0760286 22523.4 0.00157502 1 9.79674 -7.09114 -0.25 32339.2
0 20 112 phononTF 0.00305329 0.876293 -1.00377 -0.181 3116.81 0.00305329 1 -5.54715 0.511936 -0.25 7853.4
0 20 119 phononTS 0.00174098 3.78014 -8.22958 0.2059 5860.11 0.00174098 1 4.44401 1.38599 0.25 17085.1
0 20 118 phononTS 0.00211859 3.78014 -8.22958 0.2059 5860.11 0.00211859 1 -10 3.67764 -0.240799 39887.2
0 20 116 phononTS 0.00357261 -0.214493 -1.30392 -0.0808634 1291.21 0.00357261 1 0.872707 4.87483 -0.25 6131.49
0 20 125 phononTF 0.00381581 -0.193965 3.25018 -0.18991 13894.6 0.00381581 1 7.85855 8.47276 -0.25 18691.6
0 20 127 phononTF 0.00148832 -1.33311 4.1568 -0.137899 15737.3 0.00148832 1 -9.97069 -0.794557 0.25 50919.7
0 20 126 phononTS 0.00202598 -1.33311 4.1568 -0.137899 15737.3 0.00202598 1 9.9601 -4.10709 -0.25 25083.6
0 20 122 phononTS 0.00410339 0.0837576 0.110816 -0.191833 493.469 0.00410339 1 -0.32351 4.16558 -0.25 31968.1
0 20 129 phononTS 0.00366595 0.229486 0.229112 0.17646 1231.21 0.00366595 1 9.68904 9.6139 0.25 18574.3
0 20 128 phononTF 0.00786467 0.229486 0.229112 0.17646 1231.21 0.00786467 1 0.0767725 -0.126308 -0.25 8864.52
0 20 135 phononTF 0.00607517 -0.0742109 -0.311279 0.220767 731.678 0.00607517 1 1.75776 -2.91248 0.25 8702.84
0 20 137 phononTS 0.00518392 -0.0995658 -0.755217 0.114338 841.216 0.00518392 1 -0.48396 -5.58088 -0.25 53209.8
0 20 136 phononTS 0.00272652 -0.0995658 -0.755217 0.114338 841.216 0.00272652 1 -6.19835 -0.419621 -0.25 2353.79
0 20 143 phononTS 0.00263026 -4.03839 -4.91776 -0.230925 21692.2 0.00263026 1 -1.86938 -7.71179 -0.25 32327.9
0 20 142 phononTS 0.00336584 -4.03839 -4.91776 -0.230925 21692.2 0.00336584 1 3.99607 -2.5592 0.25 25410.3
0 20 140 phononTS 0.00273761 2.17686 -3.1337 -0.141076 7130.67 0.00273761 1 -6.58042 4.24863 0.25 39750.2
0 20 138 phononTF 0.00769892 -0.00183765 -0.0192302 0.0986124 133.88 0.00769892 1 0.305053 1.17403 0.25 6373.89
0 20 151 phononTS 0.0055239 -3.83299 -0.735398 0.136853 10652.9 0.0055239 1 -4.72684 -1.00268 0.25 14003.2
0 20 150 phononTS 0.00184755 -3.83299 -0.735398 0.136853 10652.9 0.00184755 1 8.7111 9.20732 0.25 60182.5
0 20 148 phononTS 0.00463368 0.347206 0.153788 0.14445 735.88 0.00463368 1 -9.95387 -4.49925 -0.25 48675.1
0 20 155 phononTS 0.00513107 0.158186 -0.461096 -0.217626 1216.84 0.00513107 1 8.53383 10 -0.230558 26763.5
0 20 154 phononTF 0.00396632 0.158186 -0.461096 -0.217626 1216.84 0.00396632 1 -0.124694 -0.513948 -0.25 1990.15
0 20 152 phononTF 0.00308403 0.0684204 -0.186589 -0.105373 318.226 0.00308403 1 -0.860169 -1.67686 0.25 34192.6
0 20 159 phononL 0.00574133 0.402446 -0.362456 -0.0570202 706.963 0.00574133 1 0.0402541 2.6511 0.25 8385.66
0 20 158 phononTS 0.0042944 0.402446 -0.362456 -0.0570202 706.963 0.0042944 1 2.56667 3.7093 0.25 77517.5
0 20 163 phononTS 0.00261351 8.32214 6.4467 0.192818 18700.7 0.00261351 1 9.39446 9.20418 0.25 23518.3
0 20 162 phononTF 0.00319345 8.32214 6.4467 0.192818 18700.7 0.00319345 1 8.20566 8.38208 0.25 69787
0 20 165 phononTF 0.00445292 -0.18347 0.0707152 0.0916279 1839.71 0.00445292 1 0.520018 0.62537 -0.25 3166.71
0 20 164 phononTS 0.0035561 -0.18347 0.0707152 0.0916279 1839.71 0.0035561 1 4.87321 0.305561 -0.25 3857.53
0 20 179 phononTS 0.00226325 4.272 0.510105 -0.146305 6039.37 0.00226325 1 -9.61025 -9.10952 0.25 23185.2
0 20 178 phononTF 0.00384461 4.272 0.510105 -0.146305 6039.37 0.00384461 1 1.91265 3.3014 -0.25 25971.4
0 20 176 phononL 0.00733794 0.216867 0.195063 0.154778 894.06 0.00733794 1 -1.79725 0.454385 -0.25 2399.38
0 20 174 phononTF 0.00445161 -0.0628853 0.018296 0.0229955 87.4784 0.00445161 1 1.1826 1.27915 -0.25 24577
0 20 183 phononL 0.0043669 0.0884542 -0.229129 0.188601 550.003 0.0043669 1 2.7128 8.59818 0.25 10894.5
0 20 187 phononTS 0.00294593 4.6736 -3.50617 -0.205144 7467.92 0.00294593 1 6.62435 -8.667 0.25 19005.4
0 20 186 phononTS 0.00311347 4.6736 -3.50617 -0.205144 7467.92 0.00311347 1 -10 8.92332 -0.120621 26604.9
0 20 184 phononTF 0.00620279 -0.129402 0.42251 -0.239747 1123.97 0.00620279 1 0.147205 2.62417 0.25 2164.48
0 20 189 phononTF 0.0071108 0.0354689 0.343861 -0.179422 534.45 0.0071108 1 -0.29131 0.17291 0.25 1028.75
0 20 188 phononTF 0.00461301 0.0354689 0.343861 -0.179422 534.45 0.00461301 1 -4.82793 10 0.12228 19203.2
0 20 195 phononL 0.00927684 -0.00112711 -0.091455 -0.0775903 256.781 0.00927684 1 -0.342045 0.0221655 0.25 2112.84
0 20 194 phononTF 0.0025723 -0.00112711 -0.091455 -0.0775903 256.781 0.0025723 1 -9.52179 5.30721 0.25 6976.51
0 20 197 phononTS 0.0020825 -2.43613 -3.34273 0.158677 19389.1 0.0020825 1 -4.18216 3.0328 -0.25 21835.2
0 20 196 phononTF 0.00309664 -2.43613 -3.34273 0.158677 19389.1 0.00309664 1 5.71093 -4.16991 -0.25 35971.9
0 20 199 phononTF 0.00325116 0.0525762 0.279185 -0.0467231 361.75 0.00325116 1 6.1716 6.22884 -0.25 11411.6
0 20 205 phononTS 0.00174813 7.75557 2.52426 -0.0416075 24318.3 0.00174813 1 -9.56469 -9.72425 0.25 131796
0 20 204 phononTS 0.00120293 7.75557 2.52426 -0.0416075 24318.3 0.00120293 1 -10 2.52701 0.129907 27357.8
0 20 202 phononTS 0.00233188 -4.86189 5.04519 0.163483 14312.5 0.00233188 1 -3.31027 0.99307 -0.25 24531.5
0 20 200 phononTS 0.00261355 -0.0534371 -0.656099 0.0994979 3808.22 0.00261355 1 9.17382 9.87836 0.25 9989.29
0 20 213 phononTF 0.00567659 0.346268 0.0371849 -0.247086 205.073 0.00567659 1 5.39071 -5.40335 0.25 12248.1
0 20 212 phononTF 0.00481543 0.346268 0.0371849 -0.247086 205.073 0.00481543 1 3.50999 0.0781372 -0.25 6554.15
0 20 215 phononTS 0.00576758 0.34569 0.162409 -0.0783938 300.258 0.00576758 1 2.45735 0.925621 0.25 7361.3
0 20 217 phononTS 0.00314882 5.44898 -2.13308 -0.0340644 4064.79 0.00314882 1 2.30934 7.78446 0.25 20222.9
0 20 216 phononTF 0.00224333 5.44898 -2.13308 -0.0340644 4064.79 0.00224333 1 10 0.148205 0.16895 29685.2
0 20 221 phononTS 0.00208742 3.65456 -2.2052 0.243005 2460.07 0.00208742 1 9.30029 8.98576 -0.25 20957.8
0 20 220 phononTF 0.00379802 3.65456 -2.2052 0.243005 2460.07 0.00379802 1 0.448507 -2.00106 -0.25 14108
0 20 218 phononTS 0.00396511 1.17658 -0.674179 0.23812 707.711 0.00396511 1 5.88648 -7.65632 0.25 49871.5
0 20 223 phononTF 0.002254 -1.03047 1.22082 0.163778 2173.66 0.002254 1 8.06363 2.50326 0.25 5964.75
0 20 222 phononTF 0.0044788 -1.03047 1.22082 0.163778 2173.66 0.0044788 1 0.469215 8.59217 0.25 7958.07
0 20 233 phononTS 0.00408331 0.516505 0.568082 0.183478 1045.24 0.00408331 1 8.52914 -9.26724 -0.25 49467.3
0 20 235 phononTS 0.000743519 -2.81389 2.41059 -0.0652387 8594.04 0.000743519 1 8.83877 -0.402799 0.25 20555.8
0 20 234 phononTS 0.0020649 -2.81389 2.41059 -0.0652387 8594.04 0.0020649 1 8.37139 0.578 -0.25 16941.5
0 20 230 phononTS 0.00401278 0.187852 0.362782 0.147705 658.203 0.00401278 1 -1.52372 3.62658 0.25 24064.7
0 20 228 phononTS 0.00581229 -0.0428822 0.0692074 0.0120133 86.9994 0.00581229 1 3.2121 7.31052 0.25 9154.44
0 20 243 phononTF 0.00384736 2.42108 7.50459 0.0254101 24604.7 0.00384736 1 7.28773 -0.814959 -0.25 51897.2
0 20 242 phononTS 0.00249472 2.42108 7.50459 0.0254101 24604.7 0.00249472 1 3.62579 5.09836 0.25 29860
0 20 240 phononL 0.00247293 0.52322 -1.22904 0.21674 3231.22 0.00247293 1 2.33079 -3.27495 0.25 20004.7
0 20 238 phononTS 0.00575569 0.232933 0.094849 0.0225529 412.15 0.00575569 1 1.24739 -1.59911 0.25 2946.35
0 20 247 phononL 0.00433566 -0.0348819 0.316245 -0.144287 2960.39 0.00433566 1 7.08179 0.614055 -0.25 31527
0 20 246 phononTS 0.00468866 -0.0348819 0.316245 -0.144287 2960.39 0.00468866 1 4.48405 -3.30788 -0.25 18172.8
0 20 249 phononL 0.00335962 0.367858 0.0829968 -0.0403851 716.557 0.00335962 1 -5.9211 5.60959 -0.25 38620.2
0 20 248 phononTF 0.00701784 0.367858 0.0829968 -0.0403851 716.557 0.00701784 1 -4.0863 -0.279045 -0.25 4771.95
0 20 257 phononTF 0.00553254 -0.0685449 0.649518 0.0955371 1114.98 0.00553254 1 4.04347 4.42409 -0.25 8232.58
0 20 259 phononTS 0.00302061 -1.34005 0.568602 -0.164804 2371.37 0.00302061 1 -5.36358 8.07988 0.25 12990
0 20 258 phononL 0.00183271 -1.34005 0.568602 -0.164804 2371.37 0.00183271 1 -8.56304 5.24576 -0.25 28522.8
0 20 254 phononTS 0.00621589 -0.0633411 0.101721 -0.0407018 348.543 0.00621589 1 0.416148 0.907675 0.25 900.964
0 20 252 phononTF 0.00951624 0.000806117 -0.00132149 -0.0223926 0.417049 0.00951624 1 0.352942 0.947666 -0.25 4318.53
0 20 265 phononTF 0.00392949 2.60492 -0.727432 0.127727 15144.4 0.00392949 1 4.57455 -0.335543 0.25 20526.9
0 20 267 phononTS 0.00202837 5.29382 -1.96759 0.0810874 28455.6 0.00202837 1 5.10065 9.32227 -0.25 30842.1
0 20 266 phononTF 0.0024071 5.29382 -1.96759 0.0810874 28455.6 0.0024071 1 -9.51136 -3.28525 0.25 86860.7
0 20 262 phononTS 0.00575765 0.013827 -0.017484 -0.0389285 15.0456 0.00575765 1 6.3971 -0.867084 0.25 9114.39
0 20 269 phononTF 0.00472454 0.15523 0.94667 0.188274 1047.34 0.00472454 1 2.40769 -9.5494 0.25 17511.5
0 20 271 phononL 0.00268394 2.87498 2.20969 -0.00162987 14154.9 0.00268394 1 3.03239 3.14757 0.25 17828.5
0 20 270 phononTS 0.00176235 2.87498 2.20969 -0.00162987 14154.9 0.00176235 1 -5.63492 -9.28761 0.25 24038.8
0 21 19 phononTF 0.00532031 0.445764 0.300617 -0.0413364 581.754 0.00532031 1 1.50642 -7.64039 -0.25 8812.62
0 21 21 phononTS 0.00155815 -4.59689 -1.46524 -0.153853 43647 0.00155815 1 -8.5623 6.86684 0.25 106603
0 21 20 phononTF 0.00326486 -4.59689 -1.46524 -0.153853 43647 0.00326486 1 0.224197 -2.14847 0.25 47354.3
0 21 16 phononTS 0.000576735 0.20841 -0.195926 -0.115484 151.529 0.000576735 1 0.0330416 -0.565308 0.25 321.562
0 21 25 phononTS 0.00214282 -5.41812 -6.66163 -0.213361 11555.8 0.00214282 1 -1.18146 2.98525 0.25 63471.8
0 21 24 phononTS 0.00266797 -5.41812 -6.66163 -0.213361 11555.8 0.00266797 1 0.51799 -9.57371 0.25 22650.5
0 21 22 phononTS 0.00387109 0.589156 0.0586299 -0.160616 2515.04 0.00387109 1 -4.38437 0.0365079 -0.25 8391.72
0 21 27 phononTS 0.0092015 0.0096312 0.0189767 -0.00895816 28.4504 0.0092015 1 -0.597263 -0.379879 -0.25 2917.69
0 21 29 phononTF 0.00575016 0.0532889 -0.00532175 0.0150004 121.946 0.00575016 1 -8.67077 8.03477 0.25 23734.5
0 21 31 phononL 0.00715681 0.410075 -0.439251 -0.0763608 894.673 0.00715681 1 1.32497 -2.05089 0.25 8285.76
0 21 30 phononTS 0.00284592 0.410075 -0.439251 -0.0763608 894.673 0.00284592 1 4.83802 -6.67341 -0.25 11963.3
0 21 33 phononTS 0.00558452 -0.123553 -0.251154 -0.161602 153.42 0.00558452 1 -0.384407 -0.393815 -0.25 741.924
0 21 35 phononTF 0.00221894 3.73537 -7.15907 0.158108 51099.7 0.00221894 1 10 5.32499 -0.21734 88659.2
0 21 34 phononTS 0.000926704 3.73537 -7.15907 0.158108 51099.7 0.000926704 1 -7.54135 9.65932 0.25 70783.5
0 21 43 phononTS 0.00465857 1.75332 -7.97919 0.184854 23826.8 0.00465857 1 8.96376 -7.50951 -0.25 58854
0 21 42 phononTS 0.00153794 1.75332 -7.97919 0.184854 23826.8 0.00153794 1 9.0678 -0.333429 -0.25 59954
0 21 40 phononTF 0.00432428 0.500443 -0.0104584 -0.204349 256.899 0.00432428 1 -9.18685 -9.07554 0.25 17328.7
0 21 45 phononTS 0.00209746 5.05165 -4.77408 0.131205 10813.5 0.00209746 1 10 8.59876 0.112405 14426.3
0 21 44 phononTS 0.00361177 5.05165 -4.77408 0.131205 10813.5 0.00361177 1 2.47566 2.41289 -0.25 19341.7
0 21 49 phononTS 0.00336717 -0.0352793 0.280361 -0.235611 1927.25 0.00336717 1 5.00739 -3.42201 -0.25 15718.6
0 21 48 phononL 0.00638511 -0.0352793 0.280361 -0.235611 1927.25 0.00638511 1 -3.45815 2.65747 -0.25 10102.6
0 21 51 phononTS 0.00408263 2.35383 -0.944709 -0.101694 4458.62 0.00408263 1 -9.75904 -7.77852 0.25 66133.8
0 21 50 phononTF 0.0038639 2.35383 -0.944709 -0.101694 4458.62 0.0038639 1 -0.604847 -8.30612 0.25 19796.3
0 21 59 phononTF 0.00526494 2.84612 -0.972312 -0.130569 6166.77 0.00526494 1 5.46652 -2.63023 0.25 30368.3
0 21 58 phononL 0.00394199 2.84612 -0.972312 -0.130569 6166.77 0.00394199 1 2.18731 -8.23073 0.25 14563.3
0 21 56 phononTS 0.00409247 -0.137126 -0.107667 -0.188299 318.304 0.00409247 1 1.8168 -6.50027 0.25 15996.5
0 21 63 phononTS 0.00328276 -0.716293 1.74899 -0.153211 2818.5 0.00328276 1 -8.86051 -3.38967 0.25 32471.8
0 21 62 phononTF 0.00359009 -0.716293 1.74899 -0.153211 2818.5 0.00359009 1 7.35916 -1.29448 -0.25 61711.9
0 21 67 phononL 0.00438134 -2.57776 -0.0120511 -0.0715309 9242.58 0.00438134 1 -7.4863 3.20657 -0.25 13847.7
0 21 66 phononL 0.00168693 -2.57776 -0.0120511 -0.0715309 9242.58 0.00168693 1 9.50287 -3.36464 -0.25 15766.5
0 21 64 phononTF 0.00780066 0.11164 -0.0714708 0.0304736 253.794 0.00780066 1 -1.9907 -2.15399 -0.25 11744.5
0 21 71 phononL 0.0065659 0.080194 -0.000982274 -0.0899227 222.848 0.0065659 1 0.775807 -2.17122 -0.25 6316.87
0 21 73 phononTF 0.00667035 0.0641717 0.143577 -0.213023 357.463 0.00667035 1 -0.427554 -3.10829 -0.25 3002.84
0 21 75 phononTF 0.00389589 -0.981286 -4.23931 0.0629853 2687.27 0.00389589 1 -9.78649 -9.57774 0.25 61826.6
0 21 74 phononTF 0.00242741 -0.981286 -4.23931 0.0629853 2687.27 0.00242741 1 6.27358 -4.41243 0.25 37255.6
0 21 81 phononTS 0.00272816 0.490862 0.864548 0.0749871 11206.7 0.00272816 1 -2.85629 -8.50147 0.25 36374.4
0 21 80 phononTS 0.00396359 0.490862 0.864548 0.0749871 11206.7 0.00396359 1 -4.79888 6.65846 -0.25 67065
0 21 78 phononTS 0.00741535 -0.0666086 0.00263519 -0.102657 482.373 0.00741535 1 -1.39743 -2.48634 -0.25 4627.03
0 21 76 phononTS 0.00663859 -0.00658378 -0.00139688 -0.0169697 12.7885 0.00663859 1 9.39 0.872455 -0.25 16114
0 21 97 phononTS 0.00348043 0.111958 -0.41081 -0.128666 1190.96 0.00348043 1 8.83136 -7.50359 0.25 14537.5
0 21 96 phononTS 0.00524088 0.111958 -0.41081 -0.128666 1190.96 0.00524088 1 -7.96373 -3.05597 -0.25 14909.1
0 21 94 phononTS 0.0011696 0.60154 -0.313359 -0.03093 352.158 0.0011696 1 1.38261 1.89589 0.25 6470.1
0 21 92 phononTF 0.00168504 0.0344151 -0.225958 -0.107712 255.012 0.00168504 1 -7.65277 1.48061 -0.25 5695.1
0 21 99 phononTS 0.00620502 -0.510077 0.374474 -0.0436818 2138.28 0.00620502 1 1.17991 -1.40213 -0.25 7582.54
0 21 101 phononL 0.00242337 -3.40645 -0.015988 0.176383 15507 0.00242337 1 3.95404 -5.42354 -0.25 26770.6
0 21 100 phononTF 0.0017538 -3.40645 -0.015988 0.176383 15507 0.0017538 1 7.12351 6.86267 0.25 62780.1
0 21 105 phononTF 0.00250932 -1.88137 2.55511 0.00126414 5078.51 0.00250932 1 9.51366 -5.2826 0.25 32175.2
0 21 104 phononL 0.00393714 -1.88137 2.55511 0.00126414 5078.51 0.00393714 1 8.83617 -4.44914 -0.25 16255.3
0 21 102 phononTS 0.00544474 0.0818651 0.120892 -0.109421 194.888 0.00544474 1 0.184393 0.740731 0.25 4618
0 21 111 phononTF 0.0056128 -0.283261 0.230139 -0.0632178 790.637 0.0056128 1 2.89564 -10 0.227816 5334.05
0 21 113 phononTS 0.00354679 1.24113 -0.583533 0.136681 6848.95 0.00354679 1 -7.84416 0.601636 0.25 42497.8
0 21 112 phononTS 0.001415 1.24113 -0.583533 0.136681 6848.95 0.001415 1 5.73486 -5.82438 -0.25 40663.4
0 21 115 phononTF 0.00414743 -0.207294 0.721867 0.105068 1088.7 0.00414743 1 0.649198 9.43559 -0.25 6370.23
0 21 114 phononL 0.00441228 -0.207294 0.721867 0.105068 1088.7 0.00441228 1 5.67711 -2.22577 -0.25 3099.62
0 21 106 phononL 0.00673711 0.00124361 0.00624868 -0.0230635 3.31246 0.00673711 1 2.53047 -2.03993 0.25 5004.19
0 21 119 phononTF 0.00767554 -0.00894267 0.0274011 -0.0506089 105.242 0.00767554 1 -0.942537 1.17807 -0.25 8071.5
0 21 121 phononTS 0.00938716 0.125385 0.108654 -0.115284 310.733 0.00938716 1 1.24781 0.0776772 -0.25 2868.51
0 21 120 phononTF 0.00504603 0.125385 0.108654 -0.115284 310.733 0.00504603 1 0.315979 -0.855998 0.25 1369.05
0 21 125 phononTS 0.00708207 0.0507589 0.192635 -0.000438897 1939.68 0.00708207 1 -0.951342 -2.4754 -0.25 5002.67
0 21 124 phononL 0.00212532 0.0507589 0.192635 -0.000438897 1939.68 0.00212532 1 5.74345 5.08373 -0.25 33108.9
0 21 122 phononTS 0.00524107 0.451451 -0.215978 0.214683 1332.82 0.00524107 1 -0.39411 -6.00341 -0.25 10915.3
0 21 133 phononTF 0.005429 -0.0182253 0.00717398 -0.0208414 22.6737 0.005429 1 -0.968181 -1.06388 0.25 9401.08
0 21 137 phononTS 0.00293458 -7.00222 -5.89267 -0.237502 33504.8 0.00293458 1 -3.77027 -8.64376 -0.25 82814
0 21 136 phononL 0.00152846 -7.00222 -5.89267 -0.237502 33504.8 0.00152846 1 6.50309 -1.27797 -0.25 42851.6
0 21 134 phononTS 0.00498711 1.59352 -0.368013 -0.120905 3012.75 0.00498711 1 3.71883 1.39351 -0.25 4046.18
0 21 139 phononTS 0.00478647 2.14625 1.68244 0.190238 7007.86 0.00478647 1 -0.637242 7.0486 0.25 11780.1
0 21 138 phononL 0.0028613 2.14625 1.68244 0.190238 7007.86 0.0028613 1 -7.18312 1.25283 0.25 8761.78
0 21 128 phononTS 0.00404374 0.00626635 -0.00351032 -0.0262026 6.31434 0.00404374 1 1.43626 -0.0694651 0.25 585.458
0 21 143 phononL 0.00395388 0.410044 -0.828186 -0.134662 258.224 0.00395388 1 -2.58471 1.38003 -0.25 13855.7
0 21 142 phononTS 0.00333525 0.410044 -0.828186 -0.134662 258.224 0.00333525 1 3.02938 -6.97741 -0.25 28587.1
0 21 147 phononTF 0.0021166 9.14945 -1.19925 -0.195578 11977.2 0.0021166 1 4.91408 -5.45963 0.25 38289.1
0 21 146 phononTS 0.00149368 9.14945 -1.19925 -0.195578 11977.2 0.00149368 1 6.56644 -0.576107 0.25 12893.2
0 21 144 phononTF 0.0102599 0.267446 -0.239019 -0.0135668 402.342 0.0102599 1 0.723793 -0.0146917 -0.25 3026.05
0 21 155 phononL 0.00508748 0.136315 0.0538857 -0.0302506 658.97 0.00508748 1 4.56151 4.57195 0.25 20534.4
0 21 157 phononTF 0.00375236 -2.53273 0.674839 -0.000110956 6900.35 0.00375236 1 -9.69383 5.0026 0.25 15593.6
0 21 156 phononTS 0.00324108 -2.53273 0.674839 -0.000110956 6900.35 0.00324108 1 -9.05162 6.56127 0.25 12284.1
0 21 161 phononTS 0.00820633 0.0759202 -0.164698 -0.170401 528.525 0.00820633 1 0.773039 -2.15174 0.25 8061.73
0 21 160 phononTF 0.00602609 0.0759202 -0.164698 -0.170401 528.525 0.00602609 1 -0.839408 0.981886 0.25 1819.95
0 21 163 phononL 0.00354429 -9.82142 4.50953 -0.098505 31165.4 0.00354429 1 -5.62701 9.57691 0.25 53467.5
0 21 162 phononTF 0.00231481 -9.82142 4.50953 -0.098505 31165.4 0.00231481 1 -9.25687 -9.69339 0.25 33794.2
0 21 171 phononTS 0.00237213 0.32379 -0.296516 0.122274 741.897 0.00237213 1 10 -1.31034 0.10574 7170
0 21 173 phononL 0.00232461 1.67356 -1.08716 -0.113934 7032.41 0.00232461 1 -9.35777 6.92548 -0.25 60662.9
0 21 172 phononTF 0.00271763 1.67356 -1.08716 -0.113934 7032.41 0.00271763 1 -9.78348 5.6728 -0.25 22125.1
0 21 168 phononL 0.00322142 0.239711 -0.457513 -0.156241 704.946 0.00322142 1 9.84883 9.6828 0.25 27102.1
0 21 166 phononTS 0.00776376 -0.0281171 -0.0392128 -0.113106 173.829 0.00776376 1 -0.747474 0.858123 0.25 928.034
0 21 175 phononTF 0.00636876 0.0115457 -0.0257391 -0.0427389 48.9791 0.00636876 1 0.00804232 -0.35293 -0.25 795.354
0 21 179 phononTF 0.003649 -1.29504 0.357331 0.0724037 2740.94 0.003649 1 -1.28455 -3.74907 -0.25 29811.5
0 21 178 phononTS 0.00282416 -1.29504 0.357331 0.0724037 2740.94 0.00282416 1 -5.96587 -8.80175 -0.25 6156.19
0 21 181 phononTF 0.00666974 -0.379161 -0.219617 -0.171899 1567.12 0.00666974 1 -1.50808 0.76058 0.25 2762.66
0 21 180 phononTF 0.00353117 -0.379161 -0.219617 -0.171899 1567.12 0.00353117 1 -4.88548 -7.14929 -0.25 11146.9
0 21 193 phononTS 0.00716712 0.0191375 -0.472501 -0.23642 351.239 0.00716712 1 1.0935 -1.55367 0.25 1636.2
0 21 192 phononTS 0.00289256 0.0191375 -0.472501 -0.23642 351.239 0.00289256 1 1.76005 -6.82107 -0.25 4650.33
0 21 195 phononTF 0.00294366 4.55006 -1.91901 0.0182756 5875.7 0.00294366 1 10 1.40194 -0.182607 7455.89
0 21 194 phononTS 0.00408308 4.55006 -1.91901 0.0182756 5875.7 0.00408308 1 1.41119 10 -0.221075 32536.5
0 21 203 phononTS 0.0033675 2.25909 -0.164073 0.193932 6325.68 0.0033675 1 3.80284 0.30102 0.25 10938.6
0 21 202 phononTS 0.00189326 2.25909 -0.164073 0.193932 6325.68 0.00189326 1 -8.60024 -3.74433 -0.25 13675.9
0 21 205 phononTS 0.00266352 -2.45272 1.69617 -0.218226 17284.3 0.00266352 1 -9.91393 -9.604 0.25 24751.3
0 21 204 phononTS 0.00145669 -2.45272 1.69617 -0.218226 17284.3 0.00145669 1 -8.27511 -6.77743 0.25 58477.8
0 21 209 phononTS 0.00511967 -3.08791 -4.51236 -0.177618 23079.1 0.00511967 1 -3.4247 -8.54035 -0.25 38594
0 21 208 phononTS 0.00112397 -3.08791 -4.51236 -0.177618 23079.1 0.00112397 1 -6.80688 0.134126 -0.25 30411
0 21 206 phononTF 0.00271911 0.355592 -0.859392 0.0583117 2777.89 0.00271911 1 -9.96595 -8.09954 0.25 39622.9
0 21 211 phononTF 0.00235621 -0.809878 -1.40477 -0.142548 438.671 0.00235621 1 7.38394 -6.10423 -0.25 3464.53
0 21 210 phononTF 0.00118282 -0.809878 -1.40477 -0.142548 438.671 0.00118282 1 2.6636 -9.37155 -0.25 4335.86
0 21 215 phononTS 0.00394713 -3.90087 3.80438 -0.218165 8960.62 0.00394713 1 3.90986 -5.7788 -0.25 27084.5
0 21 214 phononL 0.00332058 -3.90087 3.80438 -0.218165 8960.62 0.00332058 1 -0.59432 10 0.193021 18880.6
0 21 217 phononL 0.00547334 -0.10511 0.152121 0.0581447 148.006 0.00547334 1 -6.29509 4.23 -0.25 12974.1
0 21 216 phononTF 0.00352076 -0.10511 0.152121 0.0581447 148.006 0.00352076 1 9.50447 9.88088 0.25 18658.7
0 21 223 phononTS 0.00531272 -0.237099 -0.0824636 0.0872915 575.539 0.00531272 1 -3.27543 -0.0470666 0.25 26185.7
0 21 225 phononTF 0.00240087 -5.61495 -2.69142 0.193643 15824.9 0.00240087 1 -4.04808 6.33926 -0.25 69757.4
0 21 224 phononTS 0.00306433 -5.61495 -2.69142 0.193643 15824.9 0.00306433 1 -10 0.714858 0.00829223 61464.6
0 21 220 phononTF 0.00653063 0.00561759 -0.0157651 -0.00398967 231.978 0.00653063 1 -1.8131 0.967843 -0.25 3795.82
0 21 227 phononTF 0.0025578 -0.182079 1.37337 0.142088 575.152 0.0025578 1 9.03988 9.10603 0.25 6944.53
0 21 226 phononTF 0.00328592 -0.182079 1.37337 0.142088 575.152 0.00328592 1 -1.87536 6.68082 -0.25 71774.8
0 21 231 phononTF 0.00468318 0.00967704 0.010485 -0.0274272 5.55883 0.00468318 1 -3.62668 -4.85868 0.25 3965.13
0 21 230 phononTF 0.0113707 0.00967704 0.010485 -0.0274272 5.55883 0.0113707 1 -0.0200843 0.118577 -0.25 1393.41
0 21 235 phononTF 0.00613831 -0.0166697 0.0412245 -0.0340047 109.067 0.00613831 1 -1.43277 -6.70552 -0.25 5676.23
0 21 239 phononTF 0.00348594 9.25125 -4.40159 0.0656682 42391.1 0.00348594 1 8.44603 8.09967 -0.25 92963.8
0 21 238 phononTF 0.00199887 9.25125 -4.40159 0.0656682 42391.1 0.00199887 1 9.70098 -6.61291 -0.25 44469
0 21 236 phononTS 0.00534072 0.259456 -0.0883214 -0.0248419 1140.1 0.00534072 1 2.49884 1.44714 -0.25 24200.5
0 21 241 phononL 0.00303586 -0.596073 1.19913 0.246327 2245.52 0.00303586 1 8.35747 -3.70184 0.25 27620.3
0 21 243 phononL 0.00291296 6.08139 0.445955 0.152546 20678.2 0.00291296 1 9.56198 9.19674 0.25 27055.3
0 21 242 phononTF 0.00366578 6.08139 0.445955 0.152546 20678.2 0.00366578 1 8.64788 -4.62206 0.25 28179.3
0 22 17 phononTF 0.00519464 0.350127 -0.838378 0.0015595 924.572 0.00519464 1 7.28676 -5.41678 -0.25 14216.1
0 22 16 phononL 0.00317303 0.350127 -0.838378 0.0015595 924.572 0.00317303 1 0.232388 3.2533 -0.25 4379.12
0 22 19 phononTF 0.00272849 -0.776603 -0.99106 -0.0150973 1803.38 0.00272849 1 -8.88137 4.9547 -0.25 49899.8
0 22 18 phononTF 0.00230362 -0.776603 -0.99106 -0.0150973 1803.38 0.00230362 1 -9.68997 0.513886 0.25 9164.62
0 22 23 phononL 0.00452334 -2.98246 -0.284981 -0.225869 9434.82 0.00452334 1 4.0124 7.80931 -0.25 33559.4
0 22 22 phononTS 0.003881 -2.98246 -0.284981 -0.225869 9434.82 0.003881 1 -9.57849 7.84106 0.25 33372.2
0 22 20 phononTF 0.00524174 -0.24023 -0.116625 0.144483 1210.69 0.00524174 1 -2.83336 -2.05432 -0.25 4577.33
0 22 10 phononL 0.0122044 0.00167681 0.000158126 -0.0252556 1.75969 0.0122044 1 -0.447033 0.500625 -0.25 635.003
0 22 27 phononTF 0.00600262 0.0109134 0.0140765 -0.0518332 16.9205 0.00600262 1 1.16791 -0.489089 0.25 1669.07
0 22 29 phononTS 0.00370878 -0.00999885 0.438408 -0.0443085 886.997 0.00370878 1 9.57938 -2.89866 0.25 10538
0 22 28 phononTF 0.00424036 -0.00999885 0.438408 -0.0443085 886.997 0.00424036 1 -2.52864 -4.74637 -0.25 11258.1
0 22 33 phononTS 0.00502826 -0.0740195 -0.600283 0.180049 2014.02 0.00502826 1 3.01481 -0.492738 0.25 5288.13
0 22 37 phononTF 0.00132563 -1.80187 -8.10624 -0.145788 15080.1 0.00132563 1 -3.32302 6.37033 0.25 46976.8
0 22 36 phononTS 0.00357882 -1.80187 -8.10624 -0.145788 15080.1 0.00357882 1 -7.12469 -9.96261 0.25 20163.2
0 22 34 phononTS 0.00178838 2.39183 -7.86894 -0.217245 13703.4 0.00178838 1 3.0016 -9.23928 0.25 34821.3
0 22 30 phononTS 0.0063017 -0.0507913 -0.0455909 -0.0683447 110.491 0.0063017 1 -2.6585 1.76277 0.25 7553.42
0 22 43 phononTF 0.00647668 0.294106 -0.00257549 0.0194279 429.917 0.00647668 1 0.434252 0.338103 -0.25 9636.64
0 22 42 phononTF 0.00411422 0.294106 -0.00257549 0.0194279 429.917 0.00411422 1 7.92409 8.9334 0.25 19164.5
0 22 47 phononTF 0.00227672 0.12647 1.5992 0.232236 9286.82 0.00227672 1 -8.76864 1.30464 -0.25 29688.4
0 22 46 phononTF 0.00349629 0.12647 1.5992 0.232236 9286.82 0.00349629 1 3.49544 -5.40243 0.25 24052
0 22 44 phononTF 0.00340569 0.0688691 -0.26789 0.00801717 3133.97 0.00340569 1 -0.442502 1.77527 0.25 10367.6
0 22 51 phononL 0.00351173 0.235233 -0.34885 0.179863 682.46 0.00351173 1 -3.17272 -0.853921 0.25 3927.09
0 22 53 phononTS 0.00625728 0.385763 0.333708 0.151822 1335.74 0.00625728 1 4.01104 -3.57411 -0.25 13308.5
0 22 52 phononTS 0.00241722 0.385763 0.333708 0.151822 1335.74 0.00241722 1 8.20536 9.00584 -0.25 40376.6
0 22 57 phononTF 0.00508792 0.065374 -0.0265601 -0.0188823 68.8464 0.00508792 1 -3.17731 -4.16678 -0.25 14332.9
0 22 56 phononTF 0.00384637 0.065374 -0.0265601 -0.0188823 68.8464 0.00384637 1 0.436865 5.58532 0.25 18327.1
0 22 61 phononTF 0.0020436 -3.27352 -4.46487 -0.244353 13968.5 0.0020436 1 2.43326 -3.82693 0.25 19659
0 22 60 phononTS 0.00286437 -3.27352 -4.46487 -0.244353 13968.5 0.00286437 1 0.386955 -5.89343 -0.25 58523.6
0 22 58 phononTS 0.00185907 -2.03136 -1.70568 0.0954399 6107.54 0.00185907 1 4.87879 -8.11103 0.25 13348.5
0 22 73 phononTF 0.00288062 -0.883643 1.43304 -0.105771 763.098 0.00288062 1 -6.36609 6.02517 0.25 6785.12
0 22 75 phononTS 0.00266094 7.09538 -9.23566 -0.203089 57007.4 0.00266094 1 -9.08354 -7.8742 0.25 82476.5
0 22 74 phononTS 0.00066521 7.09538 -9.23566 -0.203089 57007.4 0.00066521 1 -8.22698 -5.1487 0.25 63109.9
0 22 70 phononTF 0.00581326 -0.06004 0.0774355 0.147306 497.678 0.00581326 1 0.331629 -0.494938 -0.25 1792.36
0 22 77 phononTF 0.00500836 0.0725782 -0.0799306 -0.0540392 283.194 0.00500836 1 7.81865 0.545274 0.25 8292.16
0 22 76 phononTS 0.00633874 0.0725782 -0.0799306 -0.0540392 283.194 0.00633874 1 5.39859 -1.39261 -0.25 32226
0 22 83 phononL 0.00409708 0.0678611 -0.128684 0.208804 518.532 0.00409708 1 8.43595 -0.639906 -0.25 2579.39
0 22 87 phononTS 0.00291746 -2.67561 -5.35022 -0.214568 26299.9 0.00291746 1 3.93788 -1.69309 0.25 41148.2
0 22 86 phononTF 0.00153712 -2.67561 -5.35022 -0.214568 26299.9 0.00153712 1 -9.77228 0.642253 -0.25 30888.3
0 22 84 phononTS 0.00200899 -2.48299 2.61659 -0.0598846 6990.16 0.00200899 1 9.48783 -6.12644 -0.25 25596.3
0 22 89 phononTF 0.00387566 -0.36936 0.0480992 -0.0662634 699.968 0.00387566 1 7.21587 -2.79353 -0.25 65554.9
0 22 91 phononTS 0.00204711 0.400046 0.198901 0.0615078 2945.73 0.00204711 1 4.99303 -9.91387 -0.25 67446.2
0 22 90 phononTF 0.00436917 0.400046 0.198901 0.0615078 2945.73 0.00436917 1 -0.727733 -3.26722 0.25 16837.6
0 22 78 phononTF 0.0046979 0.00148745 0.00368434 -0.0287662 12.2402 0.0046979 1 8.99396 -2.3883 -0.25 56265.8
0 22 99 phononTS 0.00872932 0.0756469 -0.0448642 -0.0595205 127.247 0.00872932 1 0.40546 0.239396 0.25 390.776
0 22 101 phononTF 0.00435427 0.935884 -3.70913 -0.0934607 8188.53 0.00435427 1 9.83389 -2.28128 0.25 12042.5
0 22 100 phononL 0.00401967 0.935884 -3.70913 -0.0934607 8188.53 0.00401967 1 -10 -0.460767 -0.19521 39299.3
0 22 96 phononTS 0.00618643 -0.000460988 0.0080281 -0.0419311 34.0335 0.00618643 1 9.41094 4.60742 0.25 17076.1
0 22 94 phononTS 0.00186786 -0.00745389 0.00140839 -0.0190894 10.5611 0.00186786 1 4.06141 1.55099 0.25 3069.63
0 22 107 phononTF 0.00246103 -3.39862 5.72916 -0.214666 18484.8 0.00246103 1 6.52136 5.06057 0.25 39079.1
0 22 106 phononTS 0.00447496 -3.39862 5.72916 -0.214666 18484.8 0.00447496 1 -1.03694 3.05698 0.25 42649.8
0 22 113 phononTF 0.00190833 -0.255041 -1.06719 0.0526494 19708.8 0.00190833 1 -4.77097 9.87882 0.25 23333.9
0 22 112 phononTF 0.00311987 -0.255041 -1.06719 0.0526494 19708.8 0.00311987 1 3.82521 1.549 -0.25 43735.7
0 22 115 phononTF 0.00169767 -0.328768 5.03014 -0.0718947 11938.3 0.00169767 1 -1.12419 4.10706 0.25 28414.3
0 22 114 phononTS 0.00230979 -0.328768 5.03014 -0.0718947 11938.3 0.00230979 1 9.91583 5.54827 -0.25 30446.4
0 22 108 phononTF 0.00835348 0.00992059 0.0367481 -0.0463288 48.9091 0.00835348 1 -0.0829231 0.146095 -0.25 1549.85
0 22 117 phononTS 0.00346602 -0.483809 0.50151 -0.201362 5582.31 0.00346602 1 -10 4.9536 -0.145209 17006.5
0 22 116 phononTS 0.00623101 -0.483809 0.50151 -0.201362 5582.31 0.00623101 1 -3.7336 6.4908 -0.25 13608.7
0 22 127 phononTF 0.00187207 -1.54746 -1.34749 -0.114371 16355 0.00187207 1 -3.64897 9.5255 0.25 41452.9
0 22 126 phononTS 0.00388937 -1.54746 -1.34749 -0.114371 16355 0.00388937 1 8.35901 6.23948 0.25 24715.2
0 22 129 phononTS 0.0025588 0.0994674 -0.12019 -0.0568918 1591.87 0.0025588 1 2.59953 0.352348 -0.25 36387.1
0 22 128 phononTS 0.00709899 0.0994674 -0.12019 -0.0568918 1591.87 0.00709899 1 -0.178476 1.22558 0.25 3971.85
0 22 131 phononTS 0.0060707 -0.236439 -0.187718 0.220214 382.55 0.0060707 1 -1.37728 -0.469992 -0.25 2865.97
0 22 130 phononTF 0.00418658 -0.236439 -0.187718 0.220214 382.55 0.00418658 1 0.569255 5.94947 -0.25 32685.3
0 22 135 phononL 0.00514565 -0.0796133 -0.0112894 0.0576916 998.464 0.00514565 1 -1.88794 2.68205 -0.25 10192.2
0 22 137 phononTF 0.0047075 -0.868437 2.87264 -0.0287775 1903.54 0.0047075 1 1.37174 7.48801 -0.25 18384.2
0 22 136 phononTF 0.00249053 -0.868437 2.87264 -0.0287775 1903.54 0.00249053 1 -6.30997 4.96088 0.25 18830.5
0 22 132 phononTF 0.00329717 0.0256437 0.102647 0.0156419 70.5829 0.00329717 1 -9.63557 -2.28553 0.25 8615.55
0 22 139 phononTF 0.00965102 -0.100084 -0.0139021 -0.00349252 199.243 0.00965102 1 1.95574 0.621163 -0.25 11158.9
0 22 141 phononTS 0.00576845 -2.73379 -0.475964 0.205054 5269.2 0.00576845 1 -3.04086 0.155092 0.25 11117.4
0 22 140 phononTS 0.00232873 -2.73379 -0.475964 0.205054 5269.2 0.00232873 1 -9.22878 -1.77039 -0.25 10963.6
0 22 157 phononL 0.00386703 -0.949951 -1.50977 0.0452956 5833.96 0.00386703 1 -5.41072 -8.67048 0.25 58720.6
0 22 156 phononTS 0.00437728 -0.949951 -1.50977 0.0452956 5833.96 0.00437728 1 6.58555 -5.40965 0.25 49593.8
0 22 154 phononL 0.00536633 -0.033617 0.0961964 0.0207019 77.6605 0.00536633 1 1.42493 -3.9753 -0.25 16291.1
0 22 161 phononTF 0.00473786 1.40346 -0.831671 -0.115468 4891.22 0.00473786 1 1.16679 -1.00389 -0.25 6026.61
0 22 163 phononTS 0.00161621 1.31912 -1.32544 -0.241716 7390.97 0.00161621 1 2.39462 0.320517 -0.25 8125.62
0 22 162 phononTF 0.00213179 1.31912 -1.32544 -0.241716 7390.97 0.00213179 1 -3.66338 -5.87936 0.25 58000.3
0 22 165 phononTS 0.00203245 9.75758 3.78952 -0.00178358 27339.6 0.00203245 1 -7.16232 2.38756 -0.25 104225
0 22 164 phononL 0.00214979 9.75758 3.78952 -0.00178358 27339.6 0.00214979 1 1.6821 7.06923 0.25 34605.4
0 22 169 phononTF 0.00492537 3.8663 -3.93514 -0.0768487 28106.7 0.00492537 1 2.67616 1.47807 0.25 68547.6
0 22 168 phononTS 0.00258776 3.8663 -3.93514 -0.0768487 28106.7 0.00258776 1 8.64567 -1.97499 0.25 64370.9
0 22 173 phononTS 0.00478838 -2.20307 -2.22767 -0.18346 19461.1 0.00478838 1 -10 -0.774291 0.23657 55239.7
0 22 172 phononTS 0.00259554 -2.20307 -2.22767 -0.18346 19461.1 0.00259554 1 -8.38375 -2.75238 -0.25 24636.2
0 22 170 phononTF 0.00228611 -0.042902 -0.116157 -0.097556 1506.03 0.00228611 1 7.56334 8.41252 -0.25 25267.2
0 22 177 phononTS 0.00315027 -3.11383 -9.56347 -0.224264 10157.7 0.00315027 1 -10 0.831155 -0.180467 44009.4
0 22 176 phononTS 0.00394683 -3.11383 -9.56347 -0.224264 10157.7 0.00394683 1 -6.15648 -3.79971 -0.25 20305.1
0 22 179 phononL 0.00328646 -0.461658 0.116374 0.0241959 2612.86 0.00328646 1 0.472929 -7.28684 -0.25 63542.1
0 22 181 phononTS 0.00309175 -2.16695 -0.481968 0.00938777 10236.7 0.00309175 1 -9.2323 -5.14171 0.25 70626.5
0 22 180 phononTF 0.00138652 -2.16695 -0.481968 0.00938777 10236.7 0.00138652 1 1.02175 -4.98264 0.25 28025
0 22 187 phononTS 0.00260226 0.273947 -5.68772 0.148866 22337.7 0.00260226 1 -8.76358 -6.19755 -0.25 32193.4
0 22 186 phononTS 0.00313505 0.273947 -5.68772 0.148866 22337.7 0.00313505 1 -0.595078 7.06063 -0.25 36589.4
0 22 189 phononTF 0.00970459 -0.0688201 0.0518446 0.0029112 104.345 0.00970459 1 -1.90983 0.62021 0.25 1333.01
0 22 191 phononTF 0.0037381 -0.873114 -1.28226 -0.24247 2835.78 0.0037381 1 -8.16305 9.18938 0.25 13871.9
0 22 190 phononTS 0.00168705 -0.873114 -1.28226 -0.24247 2835.78 0.00168705 1 6.68241 4.16058 0.25 32586.1
0 22 193 phononTF 0.00293244 -0.311552 0.234923 0.0184795 265.922 0.00293244 1 -6.10396 9.62743 -0.25 28617
0 22 192 phononTF 0.0054854 -0.311552 0.234923 0.0184795 265.922 0.0054854 1 6.30924 -4.45187 0.25 16331.9
0 22 201 phononTS 0.00572303 -0.012927 0.0662873 -0.0994187 142.897 0.00572303 1 -3.81044 -2.58512 0.25 25400
0 22 205 phononTF 0.00150645 -2.7104 -6.84539 0.156578 15349.1 0.00150645 1 9.89395 9.23079 0.25 30166.1
0 22 204 phononTS 0.00125265 -2.7104 -6.84539 0.156578 15349.1 0.00125265 1 -2.13263 -8.39567 -0.25 27804.7
0 22 202 phononTS 0.00409428 -1.67191 3.39117 -0.186499 4280.95 0.00409428 1 -6.71017 0.152332 0.25 12000.2
0 22 198 phononTF 0.00604546 0.0166751 0.0281698 -0.0425283 130.094 0.00604546 1 0.364445 0.209349 -0.25 2109.03
0 22 209 phononTF 0.00260112 1.47101 -1.34277 -0.0692209 5424.03 0.00260112 1 -9.73246 -9.3097 0.25 42739.6
0 22 208 phononTS 0.00343152 1.47101 -1.34277 -0.0692209 5424.03 0.00343152 1 1.50159 -1.69688 0.25 5730.62
0 22 211 phononTF 0.00545377 0.386694 -0.0360369 0.161319 648.592 0.00545377 1 -6.77494 1.59157 -0.25 16368.1
0 22 210 phononTS 0.00449947 0.386694 -0.0360369 0.161319 648.592 0.00449947 1 -7.36063 -1.3987 -0.25 90955.5
0 22 217 phononTS 0.00520018 -0.620472 0.462785 -0.120236 2728.23 0.00520018 1 -9.43701 -9.15572 0.25 57558
0 22 216 phononTS 0.00226362 -0.620472 0.462785 -0.120236 2728.23 0.00226362 1 0.647529 0.190801 -0.25 4253.91
0 22 219 phononTS 0.00293224 -0.0780799 0.0605665 0.0672285 176.232 0.00293224 1 0.207443 1.83086 -0.25 1128.05
0 22 221 phononL 0.00328791 -0.0713944 -0.414139 0.0321431 500.366 0.00328791 1 3.80537 3.50185 -0.25 10222.9
0 22 223 phononTS 0.00285118 -6.20035 -1.44609 0.176879 4311.86 0.00285118 1 -2.78836 6.68421 -0.25 18972.8
0 22 222 phononL 0.00235523 -6.20035 -1.44609 0.176879 4311.86 0.00235523 1 1.67164 -5.8223 0.25 69899.8
0 22 227 phononTS 0.00420121 -0.844042 -3.52299 0.215491 6906.34 0.00420121 1 7.22023 -9.47015 -0.25 39084.1
0 22 226 phononTS 0.00309759 -0.844042 -3.52299 0.215491 6906.34 0.00309759 1 -10 9.60747 -0.122408 19249.3
0 22 224 phononTS 0.00965091 -0.00154028 -0.0162894 -0.0389554 27.0568 0.00965091 1 -0.534929 0.533344 0.25 1314.29
0 22 235 phononTF 0.00470519 -0.544605 0.488018 0.090102 2140.69 0.00470519 1 -1.90146 6.68499 -0.25 7483
0 22 237 phononTS 0.00280069 -2.42229 -0.6981 -0.0130514 16890.7 0.00280069 1 9.19984 0.128193 0.25 24863.5
0 22 236 phononTS 0.00420499 -2.42229 -0.6981 -0.0130514 16890.7 0.00420499 1 6.26675 -4.18365 -0.25 107104
0 22 239 phononTS 0.00389115 -0.0666378 0.116222 -0.0345051 283.983 0.00389115 1 5.73145 5.00979 -0.25 13589.3
0 22 241 phononTS 0.00642335 -0.14363 0.443681 -0.234824 769.018 0.00642335 1 0.777985 0.0640513 0.25 7756.48
0 22 240 phononTS 0.00341693 -0.14363 0.443681 -0.234824 769.018 0.00341693 1 -3.91593 0.800379 0.25 14718.5
0 22 245 phononTS 0.00434542 1.82258 0.15998 -0.0854301 3805.79 0.00434542 1 8.63995 4.06421 -0.25 16336.2
0 22 244 phononL 0.00391589 1.82258 0.15998 -0.0854301 3805.79 0.00391589 1 4.06839 6.9581 -0.25 14310.4
0 22 247 phononTS 0.00424344 -0.518183 -2.39601 -0.159596 10025.5 0.00424344 1 -4.75 -0.176286 -0.25 32859.5
0 22 246 phononTS 0.00165715 -0.518183 -2.39601 -0.159596 10025.5 0.00165715 1 -0.80343 8.53155 0.25 15105.8
0 22 253 phononL 0.00293612 6.00206 2.43886 0.131983 13518.3 0.00293612 1 4.54602 -4.16473 0.25 18677.6
0 22 252 phononTF 0.00274238 6.00206 2.43886 0.131983 13518.3 0.00274238 1 -0.796966 -1.5956 -0.25 37206.9
0 22 250 phononTF 0.00421712 -0.204097 0.097134 0.22524 520.481 0.00421712 1 -0.467011 1.53273 -0.25 5339.46
0 22 255 phononTS 0.00311199 0.789894 -1.07175 0.222609 4118.2 0.00311199 1 4.75832 -3.87513 0.25 8606.14
0 22 254 phononTF 0.00328693 0.789894 -1.07175 0.222609 4118.2 0.00328693 1 -1.34213 -1.64104 0.25 14905.5
0 23 19 phononTS 0.00514788 -0.561678 -1.00288 0.0409098 1140.36 0.00514788 1 -1.26035 -2.35557 0.25 5247.95
0 23 18 phononTF 0.00502901 -0.561678 -1.00288 0.0409098 1140.36 0.00502901 1 2.36257 -3.90876 -0.25 26358.1
0 23 16 phononL 0.00369092 -0.119266 -0.121187 0.0346841 111.257 0.00369092 1 -3.01846 -5.3989 0.25 26990.1
0 23 14 phononL 0.00238287 -0.0394422 -0.0693137 -0.0911988 72.6368 0.00238287 1 6.14642 0.679589 -0.25 10081.4
0 23 27 phononTF 0.00324684 0.625359 -0.187661 -0.0815196 2533.47 0.00324684 1 -6.93706 9.04653 -0.25 23490.2
0 23 26 phononTS 0.00508391 0.625359 -0.187661 -0.0815196 2533.47 0.00508391 1 4.16549 4.21554 0.25 4754.52
0 23 24 phononTF 0.00273891 -0.0341279 0.284785 0.0416853 868.748 0.00273891 1 3.46825 2.97548 -0.25 58121.9
0 23 31 phononTS 0.00468637 4.46234 -1.29353 0.0520527 4953.55 0.00468637 1 10 -0.286625 -0.245895 12848.5
0 23 30 phononTS 0.00152214 4.46234 -1.29353 0.0520527 4953.55 0.00152214 1 5.03608 -4.77374 -0.25 30169.7
0 23 28 phononTS 0.00284591 0.415437 -2.9881 -0.102923 1967.12 0.00284591 1 -3.20939 6.23089 0.25 25927.9
0 23 20 phononTS 0.00539779 -0.00671161 0.0073991 -0.0292383 6.53043 0.00539779 1 -3.40125 -4.52988 0.25 9771.52
0 23 10 phononL 0.0102898 0.000206014 0.000100228 -0.0248401 0.0855232 0.0102898 1 -0.377843 0.251857 0.25 2044.07
0 23 37 phononTS 0.00384561 0.00199197 -0.0950426 -0.0435726 63.4286 0.00384561 1 4.65901 9.82291 -0.25 19387.3
0 23 39 phononTF 0.00344743 -0.343295 0.418223 -0.209251 1232.36 0.00344743 1 -8.30524 -3.33447 0.25 21861.5
0 23 41 phononTF 0.00275572 -1.48965 1.75112 -0.0688241 28977.5 0.00275572 1 7.08449 -7.92607 -0.25 90415.6
0 23 40 phononTF 0.00376323 -1.48965 1.75112 -0.0688241 28977.5 0.00376323 1 -1.28772 1.36319 -0.25 29154.8
0 23 34 phononTF 0.0110374 0.00207168 -0.00272602 -0.0350304 16.9416 0.0110374 1 0.497623 0.169067 0.25 2392.71
0 23 43 phononTS 0.00484601 -0.3601 0.163243 0.194995 316.838 0.00484601 1 3.86677 2.14677 0.25 27338.4
0 23 42 phononL 0.00306348 -0.3601 0.163243 0.194995 316.838 0.00306348 1 8.28837 4.59157 -0.25 16084.3
0 23 53 phononTS 0.00652717 0.165958 0.246853 -0.0995257 1580.34 0.00652717 1 2.65379 9.21284 -0.25 34587.4
0 23 52 phononTS 0.00346598 0.165958 0.246853 -0.0995257 1580.34 0.00346598 1 4.98896 10 -0.227239 24734.2
0 23 57 phononTS 0.00247751 2.7258 1.45839 0.220836 4686.79 0.00247751 1 -9.28639 -9.67886 0.25 34431.7
0 23 59 phononTS 0.00225739 4.40227 1.60319 0.0506872 7707.44 0.00225739 1 7.52452 10 -0.0298404 12058.2
0 23 58 phononTS 0.00433652 4.40227 1.60319 0.0506872 7707.44 0.00433652 1 5.24645 4.50829 0.25 20330.3
0 23 61 phononTF 0.00570763 0.953719 -1.03535 0.0842243 1380.04 0.00570763 1 2.88356 -0.816475 -0.25 2455.38
0 23 60 phononL 0.00303363 0.953719 -1.03535 0.0842243 1380.04 0.00303363 1 2.15643 -3.04895 -0.25 28226.9
0 23 63 phononTS 0.00471854 -1.66074 -0.637253 0.00311722 5083.5 0.00471854 1 -9.818 -9.99819 -0.25 28349.4
0 23 62 phononTS 0.0065545 -1.66074 -0.637253 0.00311722 5083.5 0.0065545 1 -0.761151 -1.35784 0.25 17392
0 23 67 phononL 0.00541197 0.645585 0.601545 -0.174319 2007.03 0.00541197 1 -1.05003 4.05933 0.25 4982.15
0 23 66 phononTF 0.00289739 0.645585 0.601545 -0.174319 2007.03 0.00289739 1 3.64888 0.774284 0.25 57000.7
0 23 71 phononTF 0.00495821 0.163546 0.356927 0.16214 546.735 0.00495821 1 -6.8552 -9.33258 -0.25 27784.1
0 23 70 phononTF 0.00536432 0.163546 0.356927 0.16214 546.735 0.00536432 1 2.8302 0.198812 0.25 10692.4
0 23 68 phononTS 0.00744983 0.00286495 -0.131505 0.0777826 375.588 0.00744983 1 -1.28723 0.72914 0.25 4218.82
0 23 75 phononTS 0.00618036 -0.0341206 -0.118996 0.00357957 170.085 0.00618036 1 -0.223636 1.05474 -0.25 1111.87
0 23 79 phononL 0.00353972 1.27438 1.2841 -0.031581 6384.78 0.00353972 1 1.5009 1.5081 -0.25 6639.04
0 23 78 phononTS 0.00287974 1.27438 1.2841 -0.031581 6384.78 0.00287974 1 5.76725 4.78616 0.25 33233
0 23 83 phononTF 0.00211789 -1.47584 1.78339 -0.187532 31329 0.00211789 1 7.86482 -1.66895 -0.25 69012.4
0 23 82 phononL 0.0026831 -1.47584 1.78339 -0.187532 31329 0.0026831 1 -1.68014 -6.49529 0.25 54816.8
0 23 80 phononTS 0.000912897 -0.903045 3.46233 0.214155 30192.3 0.000912897 1 7.92088 4.69085 0.25 55278.7
0 23 87 phononTS 0.00826678 -0.138554 -0.1316 0.051797 608.052 0.00826678 1 -1.27403 -0.481881 -0.25 4848.5
0 23 86 phononTS 0.00542932 -0.138554 -0.1316 0.051797 608.052 0.00542932 1 -0.754091 -1.11091 -0.25 1140.74
0 23 84 phononTF 0.00426356 -0.0175757 -0.0662832 0.071103 242.527 0.00426356 1 0.125613 4.33465 0.25 5213.15
0 23 99 phononL 0.00655478 0.101745 -0.210934 -0.168828 186.624 0.00655478 1 5.24548 3.12207 0.25 20727.6
0 23 101 phononTF 0.00321082 -1.58348 3.72983 -0.155689 3587 0.00321082 1 -7.93761 10 -0.0276839 21406.7
0 23 100 phononTF 0.00370324 -1.58348 3.72983 -0.155689 3587 0.00370324 1 0.0755426 -1.25326 -0.25 25384.1
0 23 103 phononL 0.00700113 -0.319932 0.522267 0.201738 1437.04 0.00700113 1 1.15915 3.83075 0.25 11379.4
0 23 102 phononTF 0.00616855 -0.319932 0.522267 0.201738 1437.04 0.00616855 1 -1.19127 -2.54879 -0.25 9361.23
0 23 107 phononL 0.00359213 -0.129187 0.146748 0.192998 124.433 0.00359213 1 6.51056 8.60693 -0.25 31107.7
0 23 109 phononL 0.00370732 -0.225873 -4.51273 -0.0343692 6778.73 0.00370732 1 -0.0183194 -4.80894 0.25 7889.62
0 23 108 phononTS 0.00244015 -0.225873 -4.51273 -0.0343692 6778.73 0.00244015 1 5.73457 -3.24888 0.25 28348.6
0 23 113 phononTS 0.00318984 -3.02941 -0.123722 -0.231813 11615.4 0.00318984 1 -4.04146 8.70558 -0.25 17838.4
0 23 112 phononTF 0.00277911 -3.02941 -0.123722 -0.231813 11615.4 0.00277911 1 -4.16805 3.59308 0.25 32155.2
0 23 110 phononL 0.0039485 -0.790755 -0.229634 -0.0442592 2573.02 0.0039485 1 -4.31608 9.07687 0.25 11944.6
0 23 92 phononTF 0.0122582 0.000211637 -0.000677094 -0.0243136 0.988852 0.0122582 1 -0.328824 -0.189393 -0.25 531.252
0 23 127 phononTS 0.00327146 5.25304 6.44547 0.207943 45414.7 0.00327146 1 7.44039 6.01844 -0.25 50906.6
0 23 126 phononTS 0.00181406 5.25304 6.44547 0.207943 45414.7 0.00181406 1 -5.40509 -7.24177 -0.25 78798.3
0 23 124 phononL 0.00201206 -1.36264 1.81968 -0.140266 7020.88 0.00201206 1 10 -1.63116 0.172557 18450.8
0 23 122 phononTS 0.00196454 -0.0769299 0.538959 -0.142027 4629.35 0.00196454 1 9.32779 9.40909 0.25 22880.7
0 23 120 phononTS 0.00409904 -0.496846 -0.361223 0.0974279 1590.59 0.00409904 1 1.44469 -2.42066 0.25 12124.9
0 23 131 phononL 0.00187455 0.146217 -0.454855 0.129263 282.123 0.00187455 1 -4.83075 -1.55561 -0.25 23724.9
0 23 133 phononTS 0.00243862 6.59243 -2.3646 0.0177988 16445.4 0.00243862 1 2.21461 -9.2334 0.25 40500.6
0 23 132 phononTF 0.00346079 6.59243 -2.3646 0.0177988 16445.4 0.00346079 1 3.99785 -8.35611 -0.25 20955.8
0 23 128 phononTF 0.00258489 -0.086844 0.112636 0.114071 81.0017 0.00258489 1 -5.59124 7.70261 -0.25 11532.1
0 23 116 phononTS 0.00817022 0.00143621 -0.00474658 -0.0324532 7.78794 0.00817022 1 -0.603153 0.0513374 -0.25 190.865
0 23 139 phononTF 0.00201993 -0.842634 -5.17358 0.204686 35370.2 0.00201993 1 -9.68081 -9.07048 0.25 100379
0 23 141 phononL 0.0025629 9.42167 6.37814 0.221456 52785.5 0.0025629 1 -5.14081 -5.67755 0.25 78123.6
0 23 140 phononTF 0.0018002 9.42167 6.37814 0.221456 52785.5 0.0018002 1 7.6339 4.42966 0.25 54099
0 23 136 phononTF 0.00260462 1.19409 0.0253566 -0.215421 1875.66 0.00260462 1 -6.71443 6.0147 -0.25 50151.7
0 23 145 phononTF 0.00485369 -3.61553 -0.701237 -0.065152 6568.34 0.00485369 1 -6.13532 -9.05555 -0.25 20271.3
0 23 144 phononTF 0.00333015 -3.61553 -0.701237 -0.065152 6568.34 0.00333015 1 2.30333 0.976929 0.25 15726.4
0 23 142 phononTS 0.00396294 -0.649089 -0.48072 0.236357 833.764 0.00396294 1 -10 -2.85745 0.099318 12735.2
0 23 153 phononTF 0.00373906 0.925055 0.815442 -0.0664944 10443.2 0.00373906 1 -4.20877 -3.52624 0.25 38277.9
0 23 152 phononTS 0.00493324 0.925055 0.815442 -0.0664944 10443.2 0.00493324 1 8.31447 -7.57526 -0.25 37646.2
0 23 157 phononTF 0.00269041 -4.64055 -0.486867 -0.087708 15196 0.00269041 1 -8.15768 2.24663 0.25 30137.3
0 23 156 phononTS 0.00206567 -4.64055 -0.486867 -0.087708 15196 0.00206567 1 -3.50801 8.67612 0.25 45159.2
0 23 154 phononL 0.00237725 -2.31985 -1.49362 -0.0132209 12567.3 0.00237725 1 -3.31179 -0.0429136 -0.25 29208.3
0 23 148 phononTS 0.00883862 -0.00630326 -0.0125714 -0.0323684 5.92752 0.00883862 1 -2.20711 -0.633884 -0.25 2573.55
0 23 163 phononL 0.00388557 -0.756315 0.323525 -0.086575 721.37 0.00388557 1 -2.53931 5.26035 -0.25 8830.92
0 23 162 phononTS 0.00824897 -0.756315 0.323525 -0.086575 721.37 0.00824897 1 -0.0108186 0.223515 0.25 1633.72
0 23 169 phononTS 0.00275765 -0.28322 4.40626 -0.138119 13443.8 0.00275765 1 7.31207 1.92885 0.25 40316.8
0 23 168 phononL 0.00186319 -0.28322 4.40626 -0.138119 13443.8 0.00186319 1 -1.07077 4.84624 -0.25 29718
0 23 166 phononTF 0.00235343 -1.77004 0.889582 -0.24893 7273.4 0.00235343 1 4.29205 -6.22672 0.25 33432.9
0 23 164 phononTF 0.00440347 -0.205946 -0.0324338 -0.17655 1415.32 0.00440347 1 7.54231 -9.44257 -0.25 14301.5
0 23 173 phononTS 0.00829253 -0.00412008 0.00197817 -0.0206363 1.81698 0.00829253 1 -3.549 -0.159426 0.25 14264.4
0 23 175 phononL 0.00702301 -0.770252 -0.393481 -0.201121 844.731 0.00702301 1 -0.806581 0.223021 0.25 9571.85
0 23 174 phononTF 0.00353573 -0.770252 -0.393481 -0.201121 844.731 0.00353573 1 -9.90153 4.22588 0.25 36393
0 23 179 phononTS 0.00429303 -2.84714 -0.74011 0.107769 2694.63 0.00429303 1 -4.10368 4.73206 -0.25 40835
0 23 178 phononTS 0.00238236 -2.84714 -0.74011 0.107769 2694.63 0.00238236 1 -0.851136 -2.47223 -0.25 63837.8
0 23 176 phononTF 0.00282408 -0.454841 -0.0861841 -0.106989 1505.75 0.00282408 1 0.933604 0.651892 0.25 2781.08
0 23 187 phononTS 0.00756665 -0.0189037 0.00873501 -0.083963 189.81 0.00756665 1 1.47191 -1.43193 0.25 4210.41
0 23 189 phononTS 0.00453456 0.0533968 0.0327636 0.0423206 401.834 0.00453456 1 -9.0775 -0.867124 -0.25 26852.3
0 23 191 phononTS 0.0044818 0.789525 -0.643873 -0.0878391 9518.36 0.0044818 1 5.28625 -2.46369 -0.25 13206
0 23 190 phononTS 0.00268718 0.789525 -0.643873 -0.0878391 9518.36 0.00268718 1 -3.36299 9.28485 0.25 61339.5
0 23 193 phononTS 0.00476703 -0.387484 -0.612967 0.120135 2800.61 0.00476703 1 -10 5.06511 -0.142095 35758.8
0 23 192 phononTF 0.00568508 -0.387484 -0.612967 0.120135 2800.61 0.00568508 1 9.04206 -3.52588 0.25 46018.8
0 23 199 phononTF 0.00488768 0.0966227 -0.212431 0.185499 150.082 0.00488768 1 -5.09977 -6.69547 0.25 13230.7
0 23 201 phononTF 0.00173357 -0.5148 1.72584 0.107922 3504.85 0.00173357 1 -1.17447 9.66497 -0.25 22162.9
0 23 200 phononTF 0.00481143 -0.5148 1.72584 0.107922 3504.85 0.00481143 1 7.85446 4.22119 -0.25 41036.4
0 23 203 phononTS 0.00482439 -0.101576 0.0378403 0.246103 529.772 0.00482439 1 3.5489 -2.94431 0.25 17820.1
0 23 205 phononTS 0.00244376 -0.240547 -4.72452 0.106709 8209.41 0.00244376 1 2.8185 -5.38771 0.25 16867.8
0 23 204 phononTS 0.00303522 -0.240547 -4.72452 0.106709 8209.41 0.00303522 1 6.69385 -3.91658 0.25 10096
0 23 213 phononTS 0.0020651 1.59248 -0.65777 -0.159571 19800 0.0020651 1 -5.1813 3.34368 -0.25 53605.7
0 23 212 phononTF 0.00243925 1.59248 -0.65777 -0.159571 19800 0.00243925 1 -9.72356 -9.55308 0.25 71856.7
0 23 215 phononTS 0.00334543 0.0244323 3.8383 -0.155697 30330.7 0.00334543 1 -3.11074 6.08084 0.25 35623
0 23 214 phononTS 0.0021226 0.0244323 3.8383 -0.155697 30330.7 0.0021226 1 10 -6.42348 -0.0787651 55452.1
0 23 208 phononTF 0.0062889 -0.112382 -0.038743 -0.213232 493.975 0.0062889 1 -0.351503 1.94188 0.25 5714.32
0 23 206 phononTF 0.00149211 -0.116985 -0.00523488 -0.172305 208.56 0.00149211 1 8.74916 3.00005 0.25 41530.7
0 23 225 phononTS 0.00365129 -2.24421 -6.11951 -0.0516134 10018.3 0.00365129 1 10 0.677396 0.0119525 59293.2
0 23 224 phononTS 0.00151954 -2.24421 -6.11951 -0.0516134 10018.3 0.00151954 1 -0.535354 9.89601 -0.25 23313.1
0 23 222 phononTF 0.00379705 -0.954766 0.398091 0.034446 2464.63 0.00379705 1 0.949181 -4.60381 -0.25 41682.4
0 23 231 phononTF 0.00119026 0.79605 1.01505 0.117319 1937.35 0.00119026 1 1.52104 -10 0.0113645 29613.7
0 23 230 phononTS 0.00227646 0.79605 1.01505 0.117319 1937.35 0.00227646 1 -6.06632 -5.26511 0.25 71619.8
0 23 233 phononTS 0.00266924 -0.540507 2.50726 0.129057 4937.5 0.00266924 1 2.29355 5.40771 -0.25 12118
0 23 232 phononTS 0.00302407 -0.540507 2.50726 0.129057 4937.5 0.00302407 1 -5.45594 3.53355 0.25 7457.54
0 23 226 phononTS 0.00571718 -0.0488569 -0.0982398 0.00312867 56.014 0.00571718 1 3.86472 -1.87231 -0.25 3693.55
0 23 235 phononTS 0.00445059 -0.394508 -0.727883 0.0397054 877.611 0.00445059 1 -0.24279 1.99202 -0.25 3804.54
0 23 234 phononTF 0.00369616 -0.394508 -0.727883 0.0397054 877.611 0.00369616 1 -1.206 -4.57963 0.25 9286.06
0 23 241 phononTF 0.0030625 1.0951 0.98275 -0.158516 2853.75 0.0030625 1 7.24092 -4.0011 -0.25 9627.34
0 23 240 phononTF 0.00495036 1.0951 0.98275 -0.158516 2853.75 0.00495036 1 -4.49118 8.43078 -0.25 17823.8
0 23 243 phononL 0.00319893 -0.333107 0.13131 0.0103774 5503.51 0.00319893 1 2.87942 1.88192 -0.25 6958.95
0 23 242 phononL 0.00411612 -0.333107 0.13131 0.0103774 5503.51 0.00411612 1 -6.71233 -0.572211 0.25 8121.25
0 23 245 phononTS 0.00308444 -0.232525 0.344113 -0.248131 1142.88 0.00308444 1 10 0.361252 0.232095 4470.52
0 23 244 phononTF 0.00624321 -0.232525 0.344113 -0.248131 1142.88 0.00624321 1 -1.69642 5.18132 0.25 16383.4
0 24 15 phononTS 0.0037301 -0.303936 -0.159786 -0.196133 1766.9 0.0037301 1 -1.53496 8.48077 0.25 18969.9
0 24 14 phononTS 0.00553105 -0.303936 -0.159786 -0.196133 1766.9 0.00553105 1 -1.27621 2.96083 0.25 16083
0 24 19 phononTF 0.00411845 2.19711 -2.36749 0.00653416 6353.62 0.00411845 1 2.43973 -2.32134 0.25 8245.9
0 24 18 phononTS 0.00315061 2.19711 -2.36749 0.00653416 6353.62 0.00315061 1 3.63621 -0.202457 -0.25 19042.3
0 24 16 phononL 0.00484068 0.0278812 -0.616274 0.00998865 2487.99 0.00484068 1 5.49698 4.7811 0.25 13424.3
0 24 25 phononL 0.00207743 -2.30641 0.013032 0.0263237 13116 0.00207743 1 -1.5846 -0.99145 -0.25 13720.7
0 24 27 phononTF 0.00362991 -3.69012 -4.51868 0.0950876 16591.1 0.00362991 1 2.19836 -2.7318 -0.25 24031.9
0 24 26 phononTS 0.0017997 -3.69012 -4.51868 0.0950876 16591.1 0.0017997 1 9.7543 -1.73946 0.25 21436
0 24 22 phononTF 0.00335769 0.303907 -0.0876886 0.00721672 1685.73 0.00335769 1 -0.692775 4.28775 -0.25 15258
0 24 31 phononTF 0.00361695 2.47634 0.280063 -0.134965 5312.09 0.00361695 1 -8.04299 8.80662 -0.25 47861.6
0 24 33 phononTS 0.00295947 1.2329 -1.58935 -0.23304 8231.15 0.00295947 1 -0.290687 -2.26689 -0.25 18023.9
0 24 32 phononTF 0.000922029 1.2329 -1.58935 -0.23304 8231.15 0.000922029 1 7.50204 -0.479427 0.25 42863.3
0 24 35 phononTS 0.00332746 -7.80619 -7.94093 0.0918989 28845.8 0.00332746 1 6.75346 -4.83208 -0.25 65003.2
0 24 34 phononTF 0.00227528 -7.80619 -7.94093 0.0918989 28845.8 0.00227528 1 1.98414 0.738679 -0.25 67659.2
0 24 41 phononTF 0.00204501 6.36406 3.53278 -0.0302755 7746.81 0.00204501 1 9.26872 9.97959 0.25 26224
0 24 40 phononTS 0.000971543 6.36406 3.53278 -0.0302755 7746.81 0.000971543 1 -9.82944 -9.71154 0.25 53850.3
0 24 43 phononL 0.0026163 8.40435 -6.04279 -0.199854 18880.3 0.0026163 1 9.36499 -6.246 -0.25 19053.2
0 24 42 phononL 0.00225471 8.40435 -6.04279 -0.199854 18880.3 0.00225471 1 7.86206 -2.10643 -0.25 26513.1
0 24 36 phononTF 0.00493118 0.10166 -0.0139468 -0.184435 385.588 0.00493118 1 3.44128 0.529846 -0.25 5603.77
0 24 49 phononTS 0.00494731 0.144556 -0.107235 -0.104328 318.579 0.00494731 1 10 -2.08178 0.0753629 11370
0 24 51 phononTF 0.00247382 0.160734 0.380884 0.113371 685.477 0.00247382 1 2.05825 1.40958 0.25 2340.57
0 24 50 phononTS 0.00414498 0.160734 0.380884 0.113371 685.477 0.00414498 1 -8.87061 5.47431 0.25 16657.5
0 24 55 phononTS 0.00474127 -0.745163 -1.3097 -0.0162317 2775.06 0.00474127 1 -0.402463 -1.1514 0.25 2919.28
0 24 54 phononTF 0.00291231 -0.745163 -1.3097 -0.0162317 2775.06 0.00291231 1 4.64398 5.94194 0.25 18806.8
0 24 52 phononL 0.00620518 -0.0201101 -0.333831 0.238543 974.118 0.00620518 1 -5.96861 -3.63049 0.25 11842.4
0 24 61 phononTS 0.0022576 1.56958 -3.64527 0.0237486 13728.5 0.0022576 1 2.37095 -10 0.026891 37803.2
0 24 63 phononTS 0.00148157 4.32454 -1.25616 -0.10524 39124.9 0.00148157 1 -9.77338 -9.82786 0.25 57789.8
0 24 62 phononTS 0.00152444 4.32454 -1.25616 -0.10524 39124.9 0.00152444 1 -0.569166 9.42187 -0.25 102863
0 24 65 phononTS 0.00284423 -0.4479 -5.71498 0.118256 27575.9 0.00284423 1 5.84471 -4.02122 0.25 44204
0 24 64 phononTF 0.00300893 -0.4479 -5.71498 0.118256 27575.9 0.00300893 1 -9.8786 -9.59815 0.25 69304.8
0 24 56 phononL 0.00476591 -0.020696 0.0321041 -0.0270481 76.6375 0.00476591 1 2.83815 2.91804 -0.25 8090.43
0 24 77 phononTF 0.00574147 -0.22541 2.70691 -0.117483 2864.53 0.00574147 1 0.938097 5.17122 0.25 4526.66
0 24 76 phononL 0.0026125 -0.22541 2.70691 -0.117483 2864.53 0.0026125 1 -4.36781 -3.21978 0.25 22211.4
0 24 79 phononTS 0.00195422 2.62226 -0.274014 -0.0770056 4010.02 0.00195422 1 -0.479459 -8.31777 0.25 8945.27
0 24 81 phononTS 0.00275808 3.51763 -0.122092 0.0262606 4898.22 0.00275808 1 4.368 8.15434 -0.25 16119.9
0 24 80 phononTS 0.00251208 3.51763 -0.122092 0.0262606 4898.22 0.00251208 1 4.70148 10 -0.166235 9557.03
0 24 85 phononTF 0.00270828 -9.10356 1.69582 0.0856537 18148.4 0.00270828 1 3.12935 3.2811 0.25 49723
0 24 84 phononTS 0.00113344 -9.10356 1.69582 0.0856537 18148.4 0.00113344 1 -1.53187 4.93846 -0.25 64942
0 24 82 phononTS 0.00353266 0.527077 0.57364 -0.125308 7196.39 0.00353266 1 -1.51792 6.41949 -0.25 11041.7
0 24 89 phononTF 0.00259867 -0.854317 -5.69607 -0.014804 13182.7 0.00259867 1 9.709 9.97364 -0.25 102105
0 24 88 phononTS 0.00207408 -0.854317 -5.69607 -0.014804 13182.7 0.00207408 1 -0.623217 -4.73517 -0.25 24226
0 24 86 phononTS 0.00346293 -0.169325 0.299815 0.0734851 1636.47 0.00346293 1 3.0162 0.417774 -0.25 31596.8
0 24 95 phononTS 0.00368835 -0.449372 -0.0351137 -0.027103 3680.42 0.00368835 1 -6.21994 1.40303 -0.25 20356.5
0 24 94 phononTS 0.00207065 -0.449372 -0.0351137 -0.027103 3680.42 0.00207065 1 -9.30455 0.220026 -0.25 37800.2
0 24 92 phononTF 0.00490362 -0.496419 0.0338821 0.159154 969.653 0.00490362 1 -9.23303 7.28091 0.25 28482.5
0 24 99 phononTF 0.00668697 0.979708 0.945393 0.0955089 1002.93 0.00668697 1 2.66792 -3.32293 -0.25 17122.5
0 24 98 phononTF 0.00265802 0.979708 0.945393 0.0955089 1002.93 0.00265802 1 2.01439 -0.401663 -0.25 9355.55
0 24 96 phononTS 0.00627874 -0.0611877 0.0233094 -0.0610574 149.593 0.00627874 1 -0.847302 1.81714 0.25 2355.38
0 24 109 phononTS 0.00285579 -0.203842 0.594478 0.225028 1470.98 0.00285579 1 -9.54167 5.75323 0.25 8464.71
0 24 108 phononL 0.00423663 -0.203842 0.594478 0.225028 1470.98 0.00423663 1 6.44896 -1.51783 0.25 15735
0 24 106 phononTS 0.00443508 -0.462354 -0.301975 -0.0901559 1038.14 0.00443508 1 3.04883 2.23259 0.25 16508
0 24 113 phononL 0.002811 5.72948 0.687122 0.206252 29269.5 0.002811 1 -3.81429 -9.17952 0.25 78144.1
0 24 112 phononTS 0.00411214 5.72948 0.687122 0.206252 29269.5 0.00411214 1 9.04986 0.714731 0.25 32624.4
0 24 110 phononTF 0.00622158 -0.0938842 0.0911967 -0.154917 258.011 0.00622158 1 -4.98757 -3.35352 0.25 15661.8
0 24 119 phononTS 0.00268911 2.03023 2.28236 -0.0250061 9699.14 0.00268911 1 2.21423 -7.03981 0.25 19049.2
0 24 118 phononTS 0.00167461 2.03023 2.28236 -0.0250061 9699.14 0.00167461 1 2.31645 1.42417 0.25 13732.6
0 24 116 phononL 0.00559482 1.36942 0.847719 0.160914 5558.49 0.00559482 1 -8.80016 4.01967 -0.25 19456.3
0 24 121 phononTS 0.00438175 -2.57264 1.1902 -0.0351805 4862.17 0.00438175 1 -2.19853 8.64029 0.25 33684.4
0 24 120 phononL 0.00232588 -2.57264 1.1902 -0.0351805 4862.17 0.00232588 1 0.768241 -4.51729 0.25 60109.5
0 24 129 phononTS 0.00230087 4.38738 -3.4011 0.240756 61219.3 0.00230087 1 -3.72909 -0.449075 -0.25 78696.4
0 24 128 phononTS 0.0023089 4.38738 -3.4011 0.240756 61219.3 0.0023089 1 -7.3374 -9.29955 0.25 107294
0 24 126 phononTF 0.00637524 0.234353 0.0620251 0.193856 395.156 0.00637524 1 2.5228 3.86118 0.25 22411.4
0 24 131 phononTS 0.00220988 0.456657 -0.240736 0.0906682 943.717 0.00220988 1 -1.3909 9.15694 0.25 3854.52
0 24 133 phononTS 0.00274829 2.71184 -3.5216 0.0685209 5456.27 0.00274829 1 1.9186 -6.06468 0.25 18786.9
0 24 135 phononTS 0.00314531 4.23209 -1.36837 0.238263 25530.2 0.00314531 1 -5.05235 2.40791 -0.25 46624.7
0 24 134 phononTS 0.00178565 4.23209 -1.36837 0.238263 25530.2 0.00178565 1 -1.85787 -7.83463 -0.25 74460.5
0 24 143 phononL 0.00455248 1.47506 -0.81919 0.0786438 6110.32 0.00455248 1 3.37308 -4.32768 0.25 14947.7
0 24 142 phononTS 0.00288102 1.47506 -0.81919 0.0786438 6110.32 0.00288102 1 -9.75987 -4.75709 -0.25 30854.9
0 24 145 phononTS 0.00304015 -3.04236 3.24549 0.0395657 6492.48 0.00304015 1 -2.40912 0.163112 -0.25 13938.7
0 24 144 phononTF 0.00253749 -3.04236 3.24549 0.0395657 6492.48 0.00253749 1 -10 9.23602 0.218939 25451.7
0 24 151 phononTS 0.00223614 -4.25631 0.554777 0.224294 8955 0.00223614 1 -9.08639 4.11556 -0.25 31486.9
0 24 150 phononTS 0.00374739 -4.25631 0.554777 0.224294 8955 0.00374739 1 -8.39946 -4.74411 0.25 12892.7
0 24 148 phononTS 0.0026959 0.142573 0.137653 0.131354 1823.91 0.0026959 1 -1.43359 -0.146008 0.25 11245.5
0 24 146 phononL 0.00496066 -0.148283 -0.0877473 -0.114605 61.2305 0.00496066 1 2.77273 5.64924 0.25 24765.2
0 24 136 phononTF 0.00459785 0.00240759 -0.00498077 -0.0215544 5.35288 0.00459785 1 1.78014 -5.42123 0.25 16231.9
0 24 163 phononTS 0.00420562 4.36764 2.08858 0.0948792 19393.6 0.00420562 1 9.28117 9.84981 0.25 25981.7
0 24 162 phononTS 0.00191975 4.36764 2.08858 0.0948792 19393.6 0.00191975 1 6.43027 -1.32903 0.25 23577.5
0 24 160 phononTS 0.00347948 -0.155964 0.170809 -0.206846 4251.2 0.00347948 1 10 -1.47732 0.158477 13896.1
0 24 169 phononTF 0.00290881 0.575001 -0.659534 0.170693 7412.2 0.00290881 1 4.97385 -10 0.0674345 32028.6
0 24 168 phononL 0.00507547 0.575001 -0.659534 0.170693 7412.2 0.00507547 1 -0.913794 -0.119565 0.25 56660.3
0 24 171 phononTS 0.00211452 3.35442 -1.86797 -0.00856182 22256.1 0.00211452 1 -9.02684 -9.84131 0.25 27914
0 24 173 phononTF 0.00202942 -7.36112 -9.59676 -0.204741 24785.4 0.00202942 1 -9.05038 -9.60036 0.25 42110.6
0 24 172 phononTF 0.000898096 -7.36112 -9.59676 -0.204741 24785.4 0.000898096 1 -6.77733 3.65808 -0.25 37450.3
0 24 164 phononTF 0.00514786 -0.0102167 -0.00713617 0.046963 104.428 0.00514786 1 -2.88073 -2.83448 -0.25 7399.13
0 24 177 phononL 0.0050232 0.290906 0.355906 -0.156329 560.435 0.0050232 1 -6.01256 -5.34004 -0.25 14143.1
0 24 179 phononTS 0.00225832 0.806979 -1.45578 0.0776223 4251.4 0.00225832 1 10 -4.19227 0.131414 20661.7
0 24 178 phononTS 0.00301715 0.806979 -1.45578 0.0776223 4251.4 0.00301715 1 0.130828 0.108944 0.25 4615.01
0 24 174 phononTF 0.00637077 -0.000939623 -0.0514021 -0.0534048 26.8657 0.00637077 1 3.13562 2.27508 -0.25 9004.39
0 24 187 phononTS 0.00386666 0.428367 -0.979549 0.190588 556.723 0.00386666 1 8.50842 -2.662 -0.25 7535.25
0 24 186 phononTF 0.00379998 0.428367 -0.979549 0.190588 556.723 0.00379998 1 8.29512 -0.28096 0.25 20669.1
0 24 189 phononTF 0.0037688 0.0950182 8.28256 0.130953 13254.4 0.0037688 1 2.77598 9.08409 0.25 30785.1
0 24 188 phononL 0.00189687 0.0950182 8.28256 0.130953 13254.4 0.00189687 1 2.80435 8.58305 -0.25 18547.9
0 24 182 phononTF 0.00387077 0.0195512 0.0793417 -0.00533329 59.0595 0.00387077 1 -6.44819 0.763718 0.25 16414.7
0 24 191 phononTS 0.00397611 -0.415532 -0.0719868 0.153298 797.795 0.00397611 1 -1.74824 2.66563 0.25 4840.12
0 24 193 phononTS 0.0028192 -2.10379 -2.37589 0.0813146 9869.2 0.0028192 1 9.98971 -4.18002 -0.25 30678.8
0 24 192 phononTS 0.00469674 -2.10379 -2.37589 0.0813146 9869.2 0.00469674 1 -9.76939 1.76351 0.25 41385
0 24 207 phononTF 0.00265592 5.1845 1.33946 -0.226679 7914.5 0.00265592 1 6.05194 3.21686 -0.25 13753.6
0 24 206 phononTF 0.00448156 5.1845 1.33946 -0.226679 7914.5 0.00448156 1 4.75564 -4.06754 -0.25 34351.1
0 24 204 phononTS 0.00756352 -0.158768 -0.182979 -0.000922808 268.114 0.00756352 1 2.18226 0.647486 0.25 3959.45
0 24 202 phononTS 0.00106607 -0.0246993 -0.00581516 -0.0486381 50.6061 0.00106607 1 -2.49477 0.31082 0.25 748.873
0 24 209 phononTF 0.0045843 -2.69905 -0.199237 0.132288 2388.99 0.0045843 1 -2.99392 3.27892 0.25 6123.63
0 24 211 phononTF 0.00180834 0.893763 9.72274 0.00531239 21527.7 0.00180834 1 -6.63456 -2.69177 0.25 72141.8
0 24 210 phononTS 0.00272441 0.893763 9.72274 0.00531239 21527.7 0.00272441 1 4.67861 -5.69808 0.25 51690.3
0 24 213 phononTS 0.00482384 0.774809 0.190579 -0.162617 2106.76 0.00482384 1 -9.86373 -6.05581 0.25 20978
0 24 212 phononL 0.0058072 0.774809 0.190579 -0.162617 2106.76 0.0058072 1 -5.42646 -0.962587 0.25 11388.3
0 24 217 phononTS 0.00484283 0.468407 -0.305622 0.176074 1184.36 0.00484283 1 0.885652 -3.89902 -0.25 11335.1
0 24 219 phononTF 0.00178529 0.607546 -0.375942 0.169939 1392.93 0.00178529 1 2.29553 9.54688 0.25 24749.4
0 24 218 phononTS 0.00455366 0.607546 -0.375942 0.169939 1392.93 0.00455366 1 1.00094 1.33269 0.25 16665.2
0 24 223 phononTS 0.00551716 -0.0306548 -0.795614 -0.0530557 8280.46 0.00551716 1 -5.2409 -8.28377 -0.25 17586.3
0 24 222 phononTF 0.00293523 -0.0306548 -0.795614 -0.0530557 8280.46 0.00293523 1 -10 1.98285 0.061145 89905.2
0 24 225 phononL 0.00407029 -2.11564 1.61411 -0.151354 14193.8 0.00407029 1 1.48876 4.89575 0.25 30058.4
0 24 224 phononTS 0.00264946 -2.11564 1.61411 -0.151354 14193.8 0.00264946 1 -2.22495 6.13941 0.25 32490.2
0 24 233 phononL 0.00592274 -0.0350836 -0.557932 -0.197744 1302.55 0.00592274 1 1.46847 -0.871443 -0.25 26412.6
0 24 235 phononTF 0.00398064 -2.92601 -4.75726 -0.152521 8037.92 0.00398064 1 0.608279 -2.61338 -0.25 10555.3
0 24 234 phononTS 0.00187161 -2.92601 -4.75726 -0.152521 8037.92 0.00187161 1 -2.65833 -4.0107 -0.25 8956.45
0 24 243 phononL 0.00254729 -9.60732 -1.43176 0.0731096 23816.8 0.00254729 1 -3.93494 -0.326406 -0.25 45764.4
0 24 242 phononTF 0.00253339 -9.60732 -1.43176 0.0731096 23816.8 0.00253339 1 -2.49806 5.3298 -0.25 39505.2
0 24 245 phononTF 0.00166465 -5.42455 3.05112 -0.0822502 16575.8 0.00166465 1 1.19396 -6.18705 -0.25 50289.1
0 24 244 phononTS 0.00222644 -5.42455 3.05112 -0.0822502 16575.8 0.00222644 1 4.60052 -4.68337 0.25 35947.6
0 24 238 phononTS 0.00659702 -0.0104032 0.191801 0.0770239 272.29 0.00659702 1 -0.0530654 4.56253 -0.25 13158.2
0 24 247 phononTF 0.00378497 -0.339968 -0.0664897 0.0485208 498.892 0.00378497 1 -2.12866 -9.66826 0.25 19539.6
0 24 249 phononL 0.00379318 -1.13263 1.50045 -0.143773 4875.93 0.00379318 1 -9.86414 -9.70015 0.25 46404.9
0 24 248 phononL 0.00416138 -1.13263 1.50045 -0.143773 4875.93 0.00416138 1 8.73903 7.30817 -0.25 17060.4
0 24 253 phononTF 0.00530596 1.50834 -1.04351 -0.0378389 3241.78 0.00530596 1 -1.32815 2.33775 0.25 9304.57
0 24 252 phononTF 0.00269064 1.50834 -1.04351 -0.0378389 3241.78 0.00269064 1 -3.82893 5.62904 0.25 29433.5
0 24 259 phononTS 0.00454551 2.38396 -0.954424 0.079331 1739.72 0.00454551 1 9.90763 -0.316933 -0.25 17681.1
0 24 258 phononTF 0.0018811 2.38396 -0.954424 0.079331 1739.72 0.0018811 1 -7.4506 -8.9291 -0.25 27663.2
0 24 256 phononTS 0.00243631 0.570744 -0.072095 -0.20552 426.497 0.00243631 1 4.75102 9.97639 -0.25 22356.7
0 24 254 phononTF 0.00516788 0.00584176 0.106083 0.00210819 105.04 0.00516788 1 -6.78655 5.17567 0.25 30895.3
0 24 267 phononTS 0.00458335 0.123056 -0.51534 0.0151608 854.646 0.00458335 1 -7.90506 3.83089 0.25 17793
0 24 269 phononTF 0.0040696 -0.648883 8.54442 0.180953 23536.2 0.0040696 1 -2.81929 -1.05283 -0.25 29945.6
0 24 268 phononTF 0.0016767 -0.648883 8.54442 0.180953 23536.2 0.0016767 1 0.311314 8.05696 0.25 30858.5
0 24 264 phononTF 0.00663565 0.248999 -0.0971085 0.0285801 276.718 0.00663565 1 0.0729379 -2.41536 0.25 4362.09
0 24 271 phononL 0.0031815 1.47089 -0.551427 0.0925325 5987.8 0.0031815 1 -1.17856 3.15394 0.25 56551.8
0 24 270 phononTS 0.00432716 1.47089 -0.551427 0.0925325 5987.8 0.00432716 1 -5.16045 5.26766 0.25 11947.8
0 24 277 phononTS 0.00648371 0.15593 -0.116799 -0.126757 247.922 0.00648371 1 0.956455 -0.877115 0.25 677.381
0 24 276 phononTF 0.00486855 0.15593 -0.116799 -0.126757 247.922 0.00486855 1 -2.90345 -4.31613 -0.25 8596.2
0 24 279 phononTS 0.00473798 1.66633 4.45294 -0.060165 34099.9 0.00473798 1 -6.97752 5.40219 0.25 68743.5
0 24 278 phononTF 0.00144685 1.66633 4.45294 -0.060165 34099.9 0.00144685 1 7.6366 -2.60253 0.25 39596.7
0 24 281 phononL 0.00563341 -0.00611664 -0.152331 -0.0183813 53.3291 0.00563341 1 0.761448 0.786235 -0.25 420.338
0 24 280 phononTS 0.00593273 -0.00611664 -0.152331 -0.0183813 53.3291 0.00593273 1 -1.13592 0.708332 0.25 4621.72
0 25 15 phononTS 0.00434218 -0.197633 -0.654823 -0.106734 5445.76 0.00434218 1 -3.05229 0.906899 -0.25 83727.6
0 25 14 phononTS 0.00452916 -0.197633 -0.654823 -0.106734 5445.76 0.00452916 1 1.22028 -7.64542 0.25 7568.02
0 25 17 phononL 0.00321371 5.11457 5.32084 -0.204598 43770.3 0.00321371 1 9.5286 2.49958 0.25 47094.5
0 25 16 phononTF 0.00265139 5.11457 5.32084 -0.204598 43770.3 0.00265139 1 9.2816 9.82419 0.25 45697
0 25 21 phononTS 0.00372899 -6.26476 1.48365 -0.224272 40385.5 0.00372899 1 -5.70856 4.74631 0.25 56228.9
0 25 20 phononL 0.00218853 -6.26476 1.48365 -0.224272 40385.5 0.00218853 1 -7.19829 1.66907 -0.25 42617.6
0 25 23 phononTS 0.00203069 -6.96683 3.67779 0.160009 17041.4 0.00203069 1 -6.95796 3.34208 0.25 35230.8
0 25 22 phononL 0.0015745 -6.96683 3.67779 0.160009 17041.4 0.0015745 1 3.11534 1.91068 0.25 71845.7
0 25 29 phononTS 0.00409891 0.929619 -0.970196 -0.134528 1013.95 0.00409891 1 4.52228 0.384214 -0.25 16120.9
0 25 28 phononTF 0.00415464 0.929619 -0.970196 -0.134528 1013.95 0.00415464 1 9.80201 2.85836 -0.25 54101.4
0 25 35 phononTF 0.000839553 -6.50313 9.55697 0.0916171 20755.8 0.000839553 1 -9.3164 7.75156 0.25 24499.8
0 25 34 phononTF 0.00136276 -6.50313 9.55697 0.0916171 20755.8 0.00136276 1 6.61176 -8.10319 0.25 42989.1
0 25 32 phononTF 0.0028458 0.919715 0.930687 0.141897 5423.55 0.0028458 1 -10 -0.619413 0.224217 31646.3
0 25 30 phononTF 0.00691255 1.18712 0.538073 -0.0493814 4235.11 0.00691255 1 -1.1972 2.99785 -0.25 20073.1
0 25 41 phononTS 0.00310138 2.00979 -1.31989 0.0108449 9899.9 0.00310138 1 2.07929 -3.84565 0.25 19177.2
0 25 40 phononTS 0.00304576 2.00979 -1.31989 0.0108449 9899.9 0.00304576 1 -1.21691 -6.88435 0.25 22604.8
0 25 38 phononTS 0.00360798 2.09724 0.128216 0.237179 5714.37 0.00360798 1 -9.22541 9.88603 -0.25 27964
0 25 45 phononTF 0.00234817 -2.59203 -3.76292 -0.236298 6567.01 0.00234817 1 -3.92818 0.430696 -0.25 49616.8
0 25 44 phononTF 0.000639874 -2.59203 -3.76292 -0.236298 6567.01 0.000639874 1 -10 4.74905 0.0430997 35658
0 25 42 phononTS 0.00457723 0.22079 1.08093 -0.0331788 1733.13 0.00457723 1 -2.02494 6.11871 -0.25 7604.62
0 25 57 phononTS 0.00311323 -0.645892 1.11074 0.0252767 5566.43 0.00311323 1 -2.17757 0.205756 0.25 41705.9
0 25 56 phononL 0.00492396 -0.645892 1.11074 0.0252767 5566.43 0.00492396 1 0.259057 2.2496 -0.25 6898.17
0 25 59 phononTF 0.00222296 -0.887709 -0.447715 -0.182381 5659.99 0.00222296 1 -3.30745 10 0.211568 18214
0 25 58 phononTS 0.00428779 -0.887709 -0.447715 -0.182381 5659.99 0.00428779 1 -8.40412 8.02304 -0.25 28460.7
0 25 61 phononTS 0.00399832 -0.401957 2.59332 -0.0447449 3531.33 0.00399832 1 0.747908 0.900001 -0.25 7224.08
0 25 60 phononTF 0.00348321 -0.401957 2.59332 -0.0447449 3531.33 0.00348321 1 -1.13175 0.867841 0.25 5045.84
0 25 67 phononTS 0.00274352 -3.83048 0.531981 -0.202625 17571.3 0.00274352 1 -5.87319 8.53988 0.25 28308.2
0 25 66 phononTS 0.00378481 -3.83048 0.531981 -0.202625 17571.3 0.00378481 1 -4.4472 -7.69102 -0.25 51382.4
0 25 64 phononTS 0.00438763 0.0356938 0.0902853 0.106812 109.688 0.00438763 1 -2.63309 -2.497 -0.25 8113.8
0 25 69 phononTS 0.00957271 -0.0151477 0.0556434 -0.0821934 118.09 0.00957271 1 1.56732 -0.0827422 0.25 5096.16
0 25 68 phononTS 0.00251645 -0.0151477 0.0556434 -0.0821934 118.09 0.00251645 1 0.570479 -3.17251 -0.25 1904.8
0 25 77 phononTS 0.00390347 -5.06658 0.0626865 -0.0426728 11765 0.00390347 1 -9.39189 -9.63735 0.25 33335.1
0 25 76 phononTS 0.00326545 -5.06658 0.0626865 -0.0426728 11765 0.00326545 1 -3.80332 -0.779267 0.25 12291.7
0 25 74 phononTS 0.00349807 -1.07794 0.505936 -0.215191 1827.36 0.00349807 1 8.5879 -10 -0.0518319 31878.6
0 25 79 phononTF 0.00570826 -0.589659 -2.82214 -0.183249 4859.95 0.00570826 1 -4.32298 -2.99139 0.25 18857.2
0 25 78 phononTS 0.00202527 -0.589659 -2.82214 -0.183249 4859.95 0.00202527 1 9.3846 -9.29374 -0.25 65214.7
0 25 83 phononTF 0.00439236 -1.42604 -0.337832 -0.00948185 1844.12 0.00439236 1 -9.30055 -4.74512 -0.25 43992.5
0 25 82 phononTF 0.0047787 -1.42604 -0.337832 -0.00948185 1844.12 0.0047787 1 7.02214 2.27961 -0.25 10918.8
0 25 85 phononTF 0.0037104 -0.0542066 0.0888804 0.150211 9733.09 0.0037104 1 -6.06676 8.67551 0.25 16712.8
0 25 84 phononTF 0.00237658 -0.0542066 0.0888804 0.150211 9733.09 0.00237658 1 4.69115 -7.70984 0.25 15768.4
0 25 93 phononTS 0.00215569 1.10903 -1.39264 -0.222889 6108.07 0.00215569 1 -1.33303 -1.39844 -0.25 8241.23
0 25 92 phononTF 0.00346398 1.10903 -1.39264 -0.222889 6108.07 0.00346398 1 -4.99703 -3.85123 -0.25 29830.9
0 25 90 phononTS 0.00205689 -1.21079 0.439346 -0.111684 1667.69 0.00205689 1 -3.20563 8.56326 0.25 26029.3
0 25 88 phononTF 0.00413732 -0.024726 -0.0960062 -0.029887 186.209 0.00413732 1 5.19471 -2.51144 0.25 31904
0 25 86 phononL 0.00465647 -0.0541895 -0.0230044 0.00501326 120.063 0.00465647 1 -2.58161 -9.55414 -0.25 19855.5
0 25 105 phononTS 0.00434029 1.47678 4.08766 -0.0693144 7444.53 0.00434029 1 9.33066 9.05717 0.25 11129.5
0 25 104 phononTS 0.00386544 1.47678 4.08766 -0.0693144 7444.53 0.00386544 1 -7.75555 0.0193896 -0.25 10837.6
0 25 102 phononTF 0.00473148 -0.0774376 0.452097 0.182847 319.581 0.00473148 1 0.0612505 1.38897 0.25 3312.06
0 25 113 phononTS 0.00764569 0.277519 -1.7865 0.20848 3037.52 0.00764569 1 -3.67769 -2.15512 0.25 12053.9
0 25 112 phononTS 0.00239014 0.277519 -1.7865 0.20848 3037.52 0.00239014 1 -2.99606 2.60202 -0.25 25827.3
0 25 110 phononTF 0.00208697 -0.137414 -0.922302 -0.177717 1877.51 0.00208697 1 -4.50381 9.56877 -0.25 49594.4
0 25 108 phononTS 0.0031218 -0.00704404 -0.0455221 0.0124994 164.665 0.0031218 1 -1.82011 0.237344 -0.25 1870.17
0 25 106 phononL 0.00336193 0.0027863 0.0114878 -0.0572265 44.6538 0.00336193 1 0.749015 6.7594 -0.25 40114.6
0 25 121 phononTS 0.00772473 0.00574629 0.00119967 -0.0279074 4.72874 0.00772473 1 -2.65546 1.48275 -0.25 6409.96
0 25 123 phononTF 0.00554734 0.142223 -0.135354 -0.00300753 102.917 0.00554734 1 7.44085 -1.0865 0.25 15789.2
0 25 127 phononTF 0.00300297 0.674474 -0.65874 0.00391594 1802.53 0.00300297 1 -0.691955 -4.00788 -0.25 3392.09
0 25 126 phononTF 0.00443682 0.674474 -0.65874 0.00391594 1802.53 0.00443682 1 -0.361284 -0.715667 0.25 3546.51
0 25 124 phononTF 0.00383256 0.471969 0.076861 0.206409 509.669 0.00383256 1 -0.73793 -0.901539 -0.25 843.718
0 25 118 phononTF 0.00590748 0.00095084 0.002018 -0.0269904 2.01038 0.00590748 1 -3.16748 -1.69192 -0.25 6391.94
0 25 135 phononTF 0.00433039 2.87599 0.748618 0.241935 4901.6 0.00433039 1 -6.08316 6.64055 -0.25 28180.1
0 25 134 phononTS 0.00199421 2.87599 0.748618 0.241935 4901.6 0.00199421 1 -8.38026 9.44329 0.25 26000.9
0 25 137 phononL 0.00242232 0.0618406 0.174105 -0.024515 1911.97 0.00242232 1 1.06966 -3.89722 0.25 19125.9
0 25 139 phononTS 0.0017171 -0.107516 -0.264654 0.149405 2141.11 0.0017171 1 3.54715 -0.799579 -0.25 37323.2
0 25 141 phononTF 0.00206041 1.81176 1.30083 -0.157989 7315.23 0.00206041 1 9.98498 3.19751 -0.25 18241.6
0 25 140 phononTS 0.00257871 1.81176 1.30083 -0.157989 7315.23 0.00257871 1 6.51206 -5.33657 -0.25 18154.4
0 25 143 phononTS 0.0039787 3.60115 3.05706 0.00261731 13143.3 0.0039787 1 7.63583 -3.56571 -0.25 51465.6
0 25 145 phononTF 0.0011877 -6.67793 2.98352 -0.0670822 42258.8 0.0011877 1 -6.68834 5.2724 0.25 42654.6
0 25 144 phononTF 0.00210721 -6.67793 2.98352 -0.0670822 42258.8 0.00210721 1 8.4015 -8.46916 0.25 60472.8
0 25 128 phononL 0.00240691 -0.00852538 0.0297021 -0.0412598 29.7837 0.00240691 1 8.56324 -9.02111 0.25 5494.83
0 25 147 phononTS 0.0055619 -0.0197612 0.0270637 -0.0668137 72.2041 0.0055619 1 -7.04034 1.30566 -0.25 41792.6
0 25 153 phononTS 0.00398844 2.96993 4.18984 0.189937 17994.4 0.00398844 1 9.2174 9.41342 0.25 64324.9
0 25 152 phononTF 0.00205473 2.96993 4.18984 0.189937 17994.4 0.00205473 1 2.84154 9.53925 -0.25 28896.4
0 25 150 phononTS 0.00265987 -0.138799 0.337591 0.0124262 282.577 0.00265987 1 3.07872 2.81621 -0.25 99831.4
0 25 148 phononTF 0.00460966 -0.0911984 -0.00831816 0.0691572 189.422 0.00460966 1 -4.57087 3.49838 0.25 2943.27
0 25 161 phononTF 0.00502755 0.0456664 2.19947 -0.163893 2304.85 0.00502755 1 -10 -2.70643 -0.137415 17735.8
0 25 160 phononTS 0.00246451 0.0456664 2.19947 -0.163893 2304.85 0.00246451 1 6.57932 -3.23235 0.25 129302
0 25 158 phononL 0.00709507 0.0240196 0.28162 0.214909 476.25 0.00709507 1 0.128141 -1.33937 -0.25 11181
0 25 169 phononTS 0.00528652 1.59877 0.9167 -0.17018 2241.07 0.00528652 1 5.75743 8.16524 0.25 23985.2
0 25 168 phononL 0.00478115 1.59877 0.9167 -0.17018 2241.07 0.00478115 1 1.15505 -4.16698 -0.25 4067.56
0 25 166 phononTS 0.00349453 -0.0299825 -0.222427 0.0712813 655.983 0.00349453 1 0.293231 2.59318 0.25 2722.88
0 25 173 phononL 0.00355501 1.67401 3.84185 0.0886734 27321.1 0.00355501 1 0.550333 9.01555 0.25 35769.5
0 25 172 phononL 0.00229687 1.67401 3.84185 0.0886734 27321.1 0.00229687 1 2.8848 -5.17261 -0.25 36391.1
0 25 170 phononTS 0.00249697 0.479855 0.533646 -0.239249 803.504 0.00249697 1 -9.80155 3.57486 0.25 23117.3
0 25 175 phononTF 0.00306141 -0.294652 2.04366 0.128978 5206.89 0.00306141 1 -3.64583 0.28792 -0.25 26810.7
0 25 174 phononTS 0.00322143 -0.294652 2.04366 0.128978 5206.89 0.00322143 1 0.578917 1.57559 0.25 48730.4
0 25 185 phononTF 0.00205869 -2.70097 9.01649 -0.0679716 28556.8 0.00205869 1 9.52259 -10 -0.0751053 82054
0 25 184 phononTF 0.0017378 -2.70097 9.01649 -0.0679716 28556.8 0.0017378 1 -4.39304 -5.49874 0.25 35828
0 25 182 phononTS 0.00269627 -6.44279 3.06759 -0.079343 8125.27 0.00269627 1 6.75307 -0.698571 -0.25 17396.3
0 25 180 phononTS 0.000767317 -6.54716 2.63261 0.180377 8004.29 0.000767317 1 3.10693 6.19377 -0.25 19224
0 25 178 phononTS 0.00335431 -0.433923 0.165318 -0.170939 2446.6 0.00335431 1 2.30126 4.23496 -0.25 68759.8
0 25 176 phononTF 0.00755136 -0.00106925 0.0052861 -0.0223413 9.93256 0.00755136 1 -1.58604 1.03134 -0.25 6805.32
0 25 191 phononTF 0.00340785 0.224998 -0.28231 0.139684 195.452 0.00340785 1 -7.87866 -8.45574 0.25 110362
0 25 193 phononTS 0.00393722 0.332139 0.329934 -0.2371 2832.35 0.00393722 1 5.60152 2.66418 0.25 16342.4
0 25 195 phononTF 0.0022295 -0.201118 -0.429398 0.0172509 5406.38 0.0022295 1 0.927702 8.73014 0.25 39762.8
0 25 194 phononL 0.00288901 -0.201118 -0.429398 0.0172509 5406.38 0.00288901 1 5.8269 -1.17435 0.25 10606.8
0 25 199 phononTS 0.00178594 3.65893 0.409262 0.168545 25982.3 0.00178594 1 -8.82023 -9.66636 0.25 44182.5
0 25 198 phononTF 0.00379513 3.65893 0.409262 0.168545 25982.3 0.00379513 1 -6.37421 -4.69835 -0.25 47750
0 25 196 phononTF 0.00745087 0.165865 0.00563019 0.152046 310.807 0.00745087 1 -8.38133 2.32204 0.25 28078
0 25 203 phononL 0.00673937 0.0152879 -0.130109 0.163205 2103.72 0.00673937 1 5.48565 -1.69321 -0.25 9043.87
0 25 202 phononTS 0.00316864 0.0152879 -0.130109 0.163205 2103.72 0.00316864 1 0.338698 2.84994 -0.25 52762.3
0 25 205 phononTS 0.00225955 2.05803 7.22618 -0.170895 8479.97 0.00225955 1 9.61228 -5.7879 -0.25 52491.2
0 25 204 phononTS 0.00378881 2.05803 7.22618 -0.170895 8479.97 0.00378881 1 10 6.73319 -0.133613 16924.9
0 25 215 phononTF 0.00153987 8.61323 -3.59712 0.0243162 8853.14 0.00153987 1 9.32899 -2.08707 0.25 12519.5
0 25 214 phononL 0.00431695 8.61323 -3.59712 0.0243162 8853.14 0.00431695 1 2.66232 6.00181 0.25 41260.8
0 25 212 phononTS 0.00564059 0.0637751 0.0818565 -0.218848 534.942 0.00564059 1 -4.69496 -8.27315 -0.25 12021.7
0 25 217 phononTS 0.00821747 0.00660116 -0.0277323 -0.01593 6.87139 0.00821747 1 0.279561 -0.507659 -0.25 1111.81
0 25 221 phononTS 0.002714 0.630823 0.184937 -0.0569135 686.486 0.002714 1 -4.57828 9.91017 0.25 7962.06
0 25 220 phononTF 0.00368239 0.630823 0.184937 -0.0569135 686.486 0.00368239 1 -6.4546 4.19617 0.25 28381.5
0 25 223 phononL 0.00352356 -3.76078 -2.36984 -0.162374 5597.01 0.00352356 1 -3.83224 -1.78701 -0.25 5904.72
0 25 222 phononTS 0.00329273 -3.76078 -2.36984 -0.162374 5597.01 0.00329273 1 -2.23955 -4.21527 -0.25 8109.11
0 25 231 phononTS 0.0029143 4.8501 -3.43543 -0.0144673 15278.1 0.0029143 1 7.27963 -9.98769 -0.25 17788.6
0 25 230 phononL 0.00202293 4.8501 -3.43543 -0.0144673 15278.1 0.00202293 1 -3.03958 -0.85138 -0.25 35663.8
0 25 228 phononTF 0.00255523 3.00459 -1.59291 -0.0277105 2698.5 0.00255523 1 -8.71077 9.68316 0.25 82636.1
0 25 226 phononTF 0.00860812 -0.0156843 0.00915823 -0.0431209 72.4677 0.00860812 1 0.621135 0.0191962 0.25 800.654
0 25 237 phononTF 0.00535198 2.4357 0.587894 0.23582 1972.85 0.00535198 1 1.41545 0.364229 -0.25 3895.69
0 25 236 phononL 0.00290591 2.4357 0.587894 0.23582 1972.85 0.00290591 1 -0.010506 4.38435 -0.25 22017.9
0 25 234 phononTS 0.00614187 0.132954 0.148252 -0.150601 310.236 0.00614187 1 7.02507 -0.835766 0.25 10948.3
0 25 239 phononTF 0.00407833 0.477975 -0.622773 0.228384 1542.52 0.00407833 1 -6.68939 4.07387 -0.25 9204.4
0 25 241 phononTF 0.00381849 -0.865917 -4.62241 -0.0255298 7372.52 0.00381849 1 -5.74484 -6.79831 -0.25 34742
0 25 240 phononTF 0.00230402 -0.865917 -4.62241 -0.0255298 7372.52 0.00230402 1 10 -6.29439 0.0488492 32544.3
0 25 249 phononTS 0.00224527 1.10167 -0.0837916 0.173018 5024.8 0.00224527 1 0.567021 -5.04098 0.25 50186
0 25 253 phononTS 0.00276898 -5.86865 3.38371 0.175114 19703.2 0.00276898 1 -4.95709 -1.44631 0.25 21754
0 25 252 phononTF 0.00278114 -5.86865 3.38371 0.175114 19703.2 0.00278114 1 -5.62924 10 0.241713 56848
0 25 250 phononTS 0.00115844 2.79847 1.38931 0.149878 11831.1 0.00115844 1 9.05949 9.84434 0.25 56249.6
0 25 255 phononTS 0.00275038 -3.07404 0.226545 0.19824 2434.45 0.00275038 1 -3.56619 -3.32711 0.25 9665.92
0 25 254 phononTF 0.00371795 -3.07404 0.226545 0.19824 2434.45 0.00371795 1 9.95942 9.77059 0.25 52668.7
0 25 259 phononTF 0.00352502 -0.558012 -2.27054 0.0886197 6442.97 0.00352502 1 1.41603 -0.899158 -0.25 78053.9
0 25 258 phononL 0.00396716 -0.558012 -2.27054 0.0886197 6442.97 0.00396716 1 -2.24538 -8.8821 -0.25 37083.6
0 25 261 phononTS 0.00450003 -4.63675 -2.14845 0.134257 20293.7 0.00450003 1 -7.98008 0.650048 -0.25 29711.6
0 25 260 phononTS 0.00285128 -4.63675 -2.14845 0.134257 20293.7 0.00285128 1 -5.7361 0.398726 -0.25 37364.6
0 25 267 phononTF 0.00423127 0.106569 -1.15303 0.223712 3442.21 0.00423127 1 -2.81424 -1.88287 -0.25 6569.26
0 25 266 phononTS 0.00639577 0.106569 -1.15303 0.223712 3442.21 0.00639577 1 0.191542 -0.660773 -0.25 6974.7
0 25 271 phononTS 0.00333938 -5.42392 0.728548 -0.0191917 47289.6 0.00333938 1 1.70275 8.57774 -0.25 61176.5
0 25 270 phononTF 0.0010708 -5.42392 0.728548 -0.0191917 47289.6 0.0010708 1 3.78308 2.96651 0.25 60832
0 25 275 phononTS 0.00215959 -1.44449 -7.24635 0.120746 13197.7 0.00215959 1 5.34658 -8.84281 -0.25 19271.8
0 25 274 phononTS 0.00220392 -1.44449 -7.24635 0.120746 13197.7 0.00220392 1 -8.29651 0.251641 0.25 121120
0 25 272 phononTS 0.00226769 1.89807 -1.46187 -0.0631402 6754.12 0.00226769 1 1.17936 -3.95166 0.25 68977.9
0 25 279 phononTS 0.00488353 4.31953 1.25412 0.154964 28167.8 0.00488353 1 6.37417 -6.16424 0.25 75157.2
0 25 278 phononTS 0.00168811 4.31953 1.25412 0.154964 28167.8 0.00168811 1 -6.83653 8.90294 0.25 46799.7
0 25 276 phononL 0.00285576 -0.880551 1.07235 0.0391687 2376.98 0.00285576 1 -9.12522 -9.65183 0.25 73720.6
0 26 19 phononTS 0.00348859 -0.272604 -0.608752 0.200984 428.344 0.00348859 1 -8.10401 -6.78391 -0.25 14497.7
0 26 18 phononTS 0.00502322 -0.272604 -0.608752 0.200984 428.344 0.00502322 1 -4.54684 -1.86072 -0.25 2648.54
0 26 21 phononTF 0.00852898 -0.236862 0.224642 0.0795857 692.723 0.00852898 1 -0.863052 -0.197481 0.25 1880.13
0 26 20 phononTF 0.00283237 -0.236862 0.224642 0.0795857 692.723 0.00283237 1 0.177615 -3.16331 -0.25 61589.9
0 26 27 phononTF 0.00258514 -5.66014 -6.20069 -0.116672 73712.4 0.00258514 1 -5.64313 -6.58917 -0.25 73966.1
0 26 26 phononTS 0.00174554 -5.66014 -6.20069 -0.116672 73712.4 0.00174554 1 9.2886 9.01398 0.25 87998.2
0 26 24 phononTF 0.00361521 6.5089 3.69746 -0.166822 10104.5 0.00361521 1 7.753 3.6389 -0.25 17246.3
0 26 29 phononTS 0.00525771 1.06769 0.740458 0.149303 1035.3 0.00525771 1 0.73251 1.42987 0.25 4549.1
0 26 28 phononTF 0.00379508 1.06769 0.740458 0.149303 1035.3 0.00379508 1 0.57742 0.736304 0.25 1526.9
0 26 35 phononTS 0.00591626 1.74921 -0.259885 -0.0222708 3476.62 0.00591626 1 2.60487 -0.0764425 -0.25 19948.5
0 26 34 phononTS 0.00442453 1.74921 -0.259885 -0.0222708 3476.62 0.00442453 1 -1.0458 -9.93171 -0.25 15896.9
0 26 39 phononL 0.00245918 -1.3086 -1.9166 0.0275764 10071.9 0.00245918 1 -9.12586 9.74763 -0.25 18468.5
0 26 38 phononTF 0.0030887 -1.3086 -1.9166 0.0275764 10071.9 0.0030887 1 -10 -1.23076 0.0780952 20132.8
0 26 36 phononTF 0.00306414 0.199192 -0.0985504 -0.15175 3905.39 0.00306414 1 0.107641 -3.81035 0.25 4599.15
0 26 30 phononTF 0.0048757 -0.00238735 0.00731568 -0.0232293 3.66197 0.0048757 1 -8.80832 10 -0.179777 34573.9
0 26 41 phononTF 0.0064717 -0.308667 -0.249555 0.0722933 1120.2 0.0064717 1 -9.63005 3.39912 -0.25 38304
0 26 43 phononTF 0.00461134 4.59338 1.82857 0.0749543 28340.9 0.00461134 1 5.11165 7.46599 0.25 36396.2
0 26 42 phononTS 0.00136822 4.59338 1.82857 0.0749543 28340.9 0.00136822 1 7.8798 -9.18088 0.25 90545.4
0 26 49 phononL 0.00348546 1.75643 2.28024 -0.00627235 4556.73 0.00348546 1 -6.3354 -6.3937 0.25 29440
0 26 48 phononTF 0.00318419 1.75643 2.28024 -0.00627235 4556.73 0.00318419 1 -3.05773 -2.28885 0.25 14225.3
0 26 53 phononL 0.00438164 -0.385666 -1.81408 0.214305 4215.42 0.00438164 1 -10 3.19197 0.0812565 24442.1
0 26 52 phononL 0.0041397 -0.385666 -1.81408 0.214305 4215.42 0.0041397 1 -3.77075 0.71767 -0.25 30969.4
0 26 50 phononTS 0.00677588 0.00481388 0.296571 0.0916084 309.587 0.00677588 1 -0.171881 0.41189 0.25 364.043
0 26 57 phononTS 0.00564853 0.294097 -0.564002 0.149462 757.237 0.00564853 1 -1.43456 1.71312 -0.25 4222.25
0 26 56 phononTF 0.00437734 0.294097 -0.564002 0.149462 757.237 0.00437734 1 2.21715 1.38019 0.25 20122.4
0 26 59 phononTF 0.00400807 -0.362724 0.357869 0.153498 3522.28 0.00400807 1 -1.392 -7.40815 0.25 5838.83
0 26 58 phononTF 0.00381129 -0.362724 0.357869 0.153498 3522.28 0.00381129 1 -8.49553 0.0649036 0.25 9429.79
0 26 67 phononL 0.00271694 -2.88781 -2.1418 -0.152789 34459.5 0.00271694 1 -2.24093 0.872597 -0.25 64306.8
0 26 66 phononL 0.00368069 -2.88781 -2.1418 -0.152789 34459.5 0.00368069 1 -7.47847 -5.71977 -0.25 70724.1
0 26 64 phononTS 0.00520278 -0.352033 0.192051 0.193812 475.136 0.00520278 1 0.514643 2.76464 0.25 43954.2
0 26 69 phononTF 0.00369985 -1.08711 -3.54798 0.0753542 5491.36 0.00369985 1 4.14154 7.8169 0.25 37449.9
0 26 68 phononTF 0.00266712 -1.08711 -3.54798 0.0753542 5491.36 0.00266712 1 -0.892141 -2.15094 0.25 6079.55
0 26 75 phononTF 0.00394696 -0.00166763 -0.35938 -0.218032 1327.55 0.00394696 1 2.00544 8.54826 -0.25 11506.2
0 26 74 phononTS 0.00480627 -0.00166763 -0.35938 -0.218032 1327.55 0.00480627 1 1.4952 -1.35488 -0.25 2161.33
0 26 72 phononTF 0.00366305 0.0365843 0.0430205 -0.0196078 20.9886 0.00366305 1 -6.47239 0.505409 0.25 4566.29
0 26 81 phononL 0.00484319 1.94274 -0.0353866 -0.152642 5873.42 0.00484319 1 5.04933 -2.91668 0.25 25039.7
0 26 80 phononTF 0.00237298 1.94274 -0.0353866 -0.152642 5873.42 0.00237298 1 -0.749241 -3.77852 -0.25 11740.1
0 26 78 phononTF 0.00400247 0.0125219 -0.793228 0.147408 2122.22 0.00400247 1 -0.11288 -5.30783 -0.25 7979.52
0 26 83 phononTF 0.00369269 0.127208 -0.0252982 0.205177 202.775 0.00369269 1 -1.28609 0.673878 -0.25 21984.5
0 26 85 phononTF 0.00213904 -2.53107 -0.706503 0.0959142 3579.38 0.00213904 1 6.18024 -9.50411 -0.25 10496.7
0 26 87 phononTS 0.00298719 -3.96194 1.95932 -0.228292 26958.2 0.00298719 1 -3.35412 2.23725 0.25 27672.5
0 26 86 phononL 0.00273135 -3.96194 1.95932 -0.228292 26958.2 0.00273135 1 -4.9985 -1.19216 -0.25 49604.6
0 26 97 phononTS 0.00291185 -0.211033 -0.33498 0.235914 394.306 0.00291185 1 2.95902 2.05193 -0.25 3911.9
0 26 96 phononTS 0.00472888 -0.211033 -0.33498 0.235914 394.306 0.00472888 1 1.0388 -2.36322 0.25 3806.13
0 26 94 phononTF 0.00633352 -0.00972217 0.0398526 -0.216084 153.799 0.00633352 1 4.55626 -1.10426 0.25 3925.97
0 26 101 phononTF 0.00363392 -0.139047 1.4684 -0.0753733 1454.09 0.00363392 1 -4.33909 -3.6123 -0.25 38102.3
0 26 100 phononTF 0.00550254 -0.139047 1.4684 -0.0753733 1454.09 0.00550254 1 2.03124 -7.24404 -0.25 20861.6
0 26 98 phononTF 0.0061444 0.00415883 0.00499651 -0.0427996 18.7807 0.0061444 1 -0.626193 -0.700145 -0.25 3783.26
0 26 107 phononTF 0.00599123 1.14811 0.395621 -0.0508235 2600.06 0.00599123 1 2.24012 4.89655 -0.25 16203.1
0 26 106 phononL 0.00371494 1.14811 0.395621 -0.0508235 2600.06 0.00371494 1 -5.99162 -3.8586 0.25 13399.9
0 26 113 phononTS 0.00382968 -8.77712 0.396687 0.0367005 23853.9 0.00382968 1 -3.35841 0.744893 0.25 98198.6
0 26 112 phononTS 0.000959744 -8.77712 0.396687 0.0367005 23853.9 0.000959744 1 -7.44861 8.42887 0.25 74446.7
0 26 110 phononTS 0.00247122 0.926947 -6.19407 0.086596 12151.6 0.00247122 1 -0.026179 -8.76393 0.25 34375.7
0 26 108 phononTF 0.00331304 0.076922 -2.34105 0.0178885 7057.34 0.00331304 1 -5.00373 -5.38073 -0.25 31830.1
0 26 117 phononTS 0.00480517 0.481461 3.03543 0.0822479 3350.81 0.00480517 1 0.560351 2.97211 -0.25 3531.26
0 26 116 phononTF 0.00446137 0.481461 3.03543 0.0822479 3350.81 0.00446137 1 3.6436 -5.05441 0.25 46849.9
0 26 114 phononTF 0.00366997 0.0761609 0.0653363 -0.0943155 95.8001 0.00366997 1 -7.01043 7.81619 0.25 30380.6
0 26 125 phononTF 0.00417935 -0.331383 0.494223 -0.137214 832.322 0.00417935 1 2.64668 2.99728 -0.25 2412.59
0 26 127 phononTS 0.00443702 -0.0751161 -1.52505 0.0468392 26398.6 0.00443702 1 -1.204 1.65775 -0.25 30226.9
0 26 126 phononL 0.00312255 -0.0751161 -1.52505 0.0468392 26398.6 0.00312255 1 8.55014 5.83092 -0.25 61764.8
0 26 131 phononL 0.00346362 -3.02086 -1.61927 0.132583 11550.8 0.00346362 1 -4.6662 -2.35014 -0.25 12100.1
0 26 130 phononTS 0.0015758 -3.02086 -1.61927 0.132583 11550.8 0.0015758 1 -3.39805 -4.96438 -0.25 16982
0 26 128 phononTF 0.00393461 0.0319081 0.222543 -0.200905 1670.76 0.00393461 1 -1.63622 -7.12482 -0.25 18347.6
0 26 137 phononTS 0.00402099 0.5743 -0.48923 -0.127871 816.97 0.00402099 1 6.31957 2.92707 -0.25 44456.8
0 26 139 phononTF 0.00272493 -7.35055 0.79318 -0.182372 24301 0.00272493 1 -8.53181 0.841867 -0.25 30466.3
0 26 138 phononTS 0.00275693 -7.35055 0.79318 -0.182372 24301 0.00275693 1 2.02072 5.16452 0.25 107037
0 26 141 phononTF 0.00312838 -1.5889 0.135123 -0.0833721 2161.35 0.00312838 1 -2.34679 1.17623 -0.25 3065.19
0 26 143 phononTS 0.00153516 -9.09504 0.942277 0.147555 17180.3 0.00153516 1 -8.97215 4.71584 0.25 17893.9
0 26 142 phononTF 0.00290656 -9.09504 0.942277 0.147555 17180.3 0.00290656 1 4.85521 5.49061 -0.25 29932.3
0 26 147 phononTF 0.00259571 0.160911 -2.79734 -0.13939 4091.4 0.00259571 1 9.47581 -3.07868 -0.25 6601.14
0 26 146 phononL 0.00421799 0.160911 -2.79734 -0.13939 4091.4 0.00421799 1 -5.33841 4.93765 0.25 56354
0 26 149 phononTF 0.00280278 6.6289 -2.4246 0.00390537 17833.9 0.00280278 1 4.86442 8.27988 0.25 24811.6
0 26 148 phononTF 0.00309456 6.6289 -2.4246 0.00390537 17833.9 0.00309456 1 5.49325 -8.90572 0.25 19841.3
0 26 157 phononL 0.00442931 0.59803 1.59443 0.233139 9494.74 0.00442931 1 6.93924 -0.287143 0.25 21387.7
0 26 156 phononTS 0.004481 0.59803 1.59443 0.233139 9494.74 0.004481 1 1.9408 1.43204 -0.25 10660.8
0 26 154 phononTF 0.00480468 0.518742 -0.345357 -0.156395 1711.3 0.00480468 1 -7.14404 1.08227 -0.25 69237.4
0 26 161 phononL 0.00338771 3.07296 -2.33524 0.0750353 11448.7 0.00338771 1 2.12234 3.02346 -0.25 22064.5
0 26 160 phononTS 0.00505393 3.07296 -2.33524 0.0750353 11448.7 0.00505393 1 9.00969 -2.32427 -0.25 18603.4
0 26 163 phononL 0.00539412 -0.296229 0.0531158 -0.22575 748.714 0.00539412 1 -4.88575 -4.37306 0.25 9186.26
0 26 167 phononTF 0.00337025 1.12035 -1.07876 -0.211396 6424.38 0.00337025 1 8.82401 -9.17647 0.25 26307.3
0 26 166 phononTS 0.000975198 1.12035 -1.07876 -0.211396 6424.38 0.000975198 1 -6.62345 -4.43257 -0.25 21588.7
0 26 164 phononL 0.00530807 -0.760436 -0.0983413 0.238669 1619.24 0.00530807 1 4.32118 -0.674509 -0.25 8054.52
0 26 173 phononTF 0.00417933 -0.194335 0.429789 -0.232321 10332.3 0.00417933 1 -0.191022 5.67985 -0.25 46499.9
0 26 172 phononTS 0.00198796 -0.194335 0.429789 -0.232321 10332.3 0.00198796 1 0.827315 0.496577 -0.25 11942.4
0 26 170 phononTS 0.00429106 0.106669 0.242632 -0.232027 6019.1 0.00429106 1 2.85785 -4.95772 -0.25 36883.9
0 26 175 phononL 0.00304635 -2.09043 -3.54612 0.230029 14782.1 0.00304635 1 -3.70599 -2.94048 0.25 15826.3
0 26 174 phononTS 0.00294227 -2.09043 -3.54612 0.230029 14782.1 0.00294227 1 -0.847945 -8.20663 -0.25 42796
0 26 187 phononTS 0.00455615 -0.323815 0.22241 0.235422 482.756 0.00455615 1 -1.51576 3.43671 -0.25 1732.48
0 26 189 phononTS 0.00307444 4.4817 -6.09761 -0.0818331 22479.2 0.00307444 1 2.73217 7.66869 0.25 116670
0 26 188 phononL 0.0019541 4.4817 -6.09761 -0.0818331 22479.2 0.0019541 1 3.49268 -2.92776 -0.25 71871.8
0 26 184 phononTF 0.00402684 -0.236217 0.160827 0.10396 438.072 0.00402684 1 1.23147 8.24483 0.25 37416.8
0 26 182 phononL 0.00867051 0.0152208 0.0205848 0.00353479 45.7962 0.00867051 1 1.5446 -0.864734 -0.25 4335.41
0 26 193 phononTS 0.0015591 8.73529 -0.205248 0.0998404 15274 0.0015591 1 5.47542 1.76083 0.25 17363.2
0 26 192 phononTS 0.00175644 8.73529 -0.205248 0.0998404 15274 0.00175644 1 8.82994 9.99034 -0.25 24804.8
0 26 195 phononTF 0.00421649 0.912278 -0.391991 -0.213628 5873 0.00421649 1 0.216451 8.79795 -0.25 51868.9
0 26 194 phononL 0.00310094 0.912278 -0.391991 -0.213628 5873 0.00310094 1 -9.62086 8.95403 0.25 19696.6
0 26 201 phononTS 0.00535718 1.17885 -2.63171 -0.00612238 10212.3 0.00535718 1 0.449765 -3.31177 0.25 15516.8
0 26 200 phononTS 0.000213332 1.17885 -2.63171 -0.00612238 10212.3 0.000213332 1 3.00237 10 -0.216545 21904.3
0 26 198 phononTS 0.00339505 0.461018 0.0070235 0.127913 179.574 0.00339505 1 6.54105 6.0924 0.25 6157.67
0 26 205 phononTS 0.00317223 -0.72882 2.84089 0.0164149 23661.6 0.00317223 1 8.50619 10 0.218078 33457.3
0 26 204 phononTS 0.00347737 -0.72882 2.84089 0.0164149 23661.6 0.00347737 1 9.64098 6.43908 -0.25 33270.2
0 26 202 phononL 0.00604198 -0.177564 0.319571 -0.222708 432.157 0.00604198 1 1.9195 1.09426 -0.25 11963.8
0 26 217 phononL 0.00331131 0.150465 -1.73856 0.136098 11001.1 0.00331131 1 4.19242 -3.19091 -0.25 17919
0 26 216 phononTF 0.00535323 0.150465 -1.73856 0.136098 11001.1 0.00535323 1 -1.90472 -8.11908 0.25 40917.9
0 26 214 phononTS 0.0055465 0.128288 -0.0443471 -0.0496771 301.783 0.0055465 1 9.60377 9.8525 0.25 13981.2
0 26 219 phononTS 0.00651755 -0.0230836 0.0699356 -0.0132803 55.0977 0.00651755 1 -3.26808 -1.21575 0.25 18024
0 26 221 phononTF 0.00329743 0.211743 -1.53765 0.226734 1218.71 0.00329743 1 4.55175 -5.61209 0.25 7831.22
0 26 220 phononTS 0.00672986 0.211743 -1.53765 0.226734 1218.71 0.00672986 1 -2.31218 -6.01292 -0.25 19153.1
0 26 225 phononL 0.00292391 0.134763 0.625717 -0.199623 1142.3 0.00292391 1 3.08022 -9.51145 0.25 19285
0 26 224 phononTF 0.0042692 0.134763 0.625717 -0.199623 1142.3 0.0042692 1 -2.76613 -9.45605 0.25 32591.1
0 26 227 phononTS 0.0041323 -0.125437 -0.0410279 -0.0175048 75.9287 0.0041323 1 7.64075 -1.72314 -0.25 8499.16
0 26 229 phononL 0.00526629 -0.11112 -0.89716 0.0843729 7823.51 0.00526629 1 -2.4613 -1.40311 0.25 12596.7
0 26 231 phononL 0.0020136 -2.43392 -4.96675 0.2274 24330.2 0.0020136 1 -1.24185 -2.22875 0.25 25239.5
0 26 230 phononTS 0.00204571 -2.43392 -4.96675 0.2274 24330.2 0.00204571 1 8.50426 -0.668975 -0.25 66232.1
0 26 237 phononTS 0.00306019 -2.61534 -0.00590186 -0.118323 3477.13 0.00306019 1 -6.37602 -5.93011 -0.25 13347
0 26 236 phononTS 0.00590875 -2.61534 -0.00590186 -0.118323 3477.13 0.00590875 1 -0.432946 -6.95836 0.25 33966.2
0 26 239 phononTS 0.00217057 -1.86146 -0.213951 -0.215929 9029.95 0.00217057 1 -7.45661 -4.1618 -0.25 26272.4
0 26 238 phononTF 0.00474528 -1.86146 -0.213951 -0.215929 9029.95 0.00474528 1 -8.84971 -4.41542 0.25 25431.8
0 26 232 phononL 0.00900096 0.00907959 0.0108632 -0.0345347 10.8154 0.00900096 1 0.434108 -0.185864 -0.25 499.603
0 26 245 phononTS 0.00331019 -1.7136 -1.89192 -0.104552 4765.35 0.00331019 1 2.4233 0.715445 -0.25 60937.6
0 26 247 phononL 0.00272144 1.22451 -1.6103 0.0273881 5998.46 0.00272144 1 -0.333025 -5.6691 -0.25 30985.1
0 26 246 phononL 0.00180733 1.22451 -1.6103 0.0273881 5998.46 0.00180733 1 3.89514 0.675253 0.25 27062.2
0 26 242 phononL 0.00307116 -0.482967 -0.489447 -0.232594 1551.04 0.00307116 1 -4.43236 -5.20569 0.25 16832.8
0 26 253 phononTF 0.00226265 3.82972 1.64181 -0.0304091 18783.6 0.00226265 1 6.59608 3.66722 -0.25 35373.8
0 26 252 phononTF 0.00297921 3.82972 1.64181 -0.0304091 18783.6 0.00297921 1 7.62725 -8.38929 0.25 52170.9
0 26 250 phononTF 0.00241097 1.55499 3.49207 -0.125276 4336.04 0.00241097 1 8.58654 -0.7615 0.25 26501
0 26 255 phononTS 0.00623757 -0.0396554 0.128674 -0.0301477 207.262 0.00623757 1 -0.196717 0.187095 -0.25 334.969
0 26 259 phononTF 0.00193688 -5.93873 -3.86452 0.201403 11160.9 0.00193688 1 -7.77029 9.59174 -0.25 61907.4
0 26 258 phononTF 0.00443072 -5.93873 -3.86452 0.201403 11160.9 0.00443072 1 1.79225 -2.58099 0.25 40965.2
0 26 256 phononTF 0.00523115 0.112332 0.0921674 0.246378 596.773 0.00523115 1 -0.088011 -0.569868 0.25 748.182
0 27 15 phononTS 0.00211006 4.0293 -3.48907 -0.000906287 11352.9 0.00211006 1 9.77544 -3.91909 -0.25 50640.6
0 27 14 phononTS 0.00340602 4.0293 -3.48907 -0.000906287 11352.9 0.00340602 1 0.279152 -5.06524 0.25 13576.7
0 27 19 phononTS 0.00243474 -0.164608 0.364706 -0.162444 1483.97 0.00243474 1 4.38388 9.24476 0.25 34453.1
0 27 21 phononTS 0.00275337 3.93076 1.51026 0.145477 4233.53 0.00275337 1 -1.19974 3.70135 0.25 41777.4
0 27 20 phononTS 0.00339241 3.93076 1.51026 0.145477 4233.53 0.00339241 1 5.11655 4.06151 0.25 18513.1
0 27 16 phononTS 0.0040881 -0.209695 0.175668 -0.0959755 1170.86 0.0040881 1 -5.79725 -3.17877 -0.25 15300.5
0 27 10 phononL 0.00740474 -0.0309343 -0.0251565 -0.0286199 93.2059 0.00740474 1 -1.40754 0.438219 0.25 5464.33
0 27 23 phononTS 0.00453521 0.0136722 -0.0409913 -0.0773266 65.9869 0.00453521 1 5.39805 -0.585476 0.25 9584.38
0 27 25 phononTF 0.00615411 0.37072 0.310027 0.178238 1707.07 0.00615411 1 -7.69007 -9.44538 0.25 34577.9
0 27 24 phononTF 0.00497198 0.37072 0.310027 0.178238 1707.07 0.00497198 1 -8.20349 6.21988 0.25 13402.9
0 27 33 phononTF 0.00544094 0.850954 -1.04283 0.204693 1860.66 0.00544094 1 2.84422 -0.575582 -0.25 7988.21
0 27 32 phononTS 0.00214807 0.850954 -1.04283 0.204693 1860.66 0.00214807 1 3.16895 -0.396998 0.25 2837.69
0 27 30 phononL 0.0053714 -0.0830038 -0.150172 -0.0742916 286.199 0.0053714 1 -2.56574 -0.270163 0.25 1634.2
0 27 28 phononTF 0.00744085 -0.0487053 -0.00494088 0.00955719 71.0961 0.00744085 1 0.0485383 0.118484 0.25 987.94
0 27 41 phononTS 0.00322295 -1.03076 -1.11813 -0.0129702 4216.25 0.00322295 1 -1.91033 -3.50265 0.25 18437.2
0 27 40 phononL 0.00473019 -1.03076 -1.11813 -0.0129702 4216.25 0.00473019 1 8.47943 0.735464 0.25 20010.9
0 27 47 phononTS 0.00280525 -1.57178 4.30884 0.156404 11486.7 0.00280525 1 -4.29888 -1.68272 -0.25 26527.3
0 27 46 phononTS 0.00379058 -1.57178 4.30884 0.156404 11486.7 0.00379058 1 8.92747 -1.41917 -0.25 16023
0 27 44 phononTF 0.00301925 0.670525 2.4762 -0.12309 1565.91 0.00301925 1 -2.09064 2.4919 -0.25 2061.78
0 27 42 phononTS 0.00618481 0.0127489 0.0285405 -0.00669164 57.6522 0.00618481 1 -2.81545 1.36901 0.25 6915.23
0 27 51 phononTF 0.00483497 -0.505231 0.281291 -0.177446 1617.65 0.00483497 1 2.97409 -2.14239 0.25 10813.5
0 27 53 phononTF 0.00358758 -0.902052 -9.87214 -0.207137 47052.4 0.00358758 1 5.76821 -0.00513552 0.25 53433.6
0 27 52 phononTF 0.00198064 -0.902052 -9.87214 -0.207137 47052.4 0.00198064 1 10 -5.67717 -0.249607 86479.7
0 27 48 phononTF 0.00381508 0.0206097 0.250871 -0.198293 925.433 0.00381508 1 -3.98491 5.00978 -0.25 11440
0 27 57 phononTF 0.00534636 -0.206403 0.363707 0.140702 673.149 0.00534636 1 -1.54559 1.60272 -0.25 2424.66
0 27 59 phononL 0.00268912 -6.95238 -6.78404 0.111119 15177.7 0.00268912 1 -7.46299 -5.26673 0.25 15418.9
0 27 58 phononTS 0.00190232 -6.95238 -6.78404 0.111119 15177.7 0.00190232 1 5.62687 -9.83621 0.25 24818.3
0 27 54 phononTS 0.00467958 -0.230861 -0.105516 -0.0179011 368.966 0.00467958 1 -0.829171 4.66409 -0.25 17387
0 27 71 phononL 0.00278214 0.353908 -9.97891 0.0729686 17359.7 0.00278214 1 0.0695633 -7.23607 0.25 19946.8
0 27 70 phononTF 0.0019712 0.353908 -9.97891 0.0729686 17359.7 0.0019712 1 8.07739 -0.0757709 0.25 34883.6
0 27 68 phononTS 0.0081085 0.257756 0.082393 0.19904 458.972 0.0081085 1 -0.385965 -0.136684 0.25 4853.95
0 27 75 phononTS 0.00360173 -0.362833 0.34775 0.0112468 706.086 0.00360173 1 -3.70589 4.11875 -0.25 10605.9
0 27 77 phononTS 0.00301745 -5.61472 -0.0231014 -0.00391686 105680 0.00301745 1 0.150054 4.93097 -0.25 124231
0 27 76 phononTS 0.00253607 -5.61472 -0.0231014 -0.00391686 105680 0.00253607 1 10 -3.43064 -0.0619816 165015
0 27 72 phononTS 0.00907908 0.0278108 0.0502107 -0.0161066 71.4999 0.00907908 1 -0.241681 -0.485806 -0.25 468.006
0 27 81 phononTS 0.00810295 0.00288502 0.0206863 -0.0802013 274.319 0.00810295 1 1.48264 -1.27585 0.25 4551.53
0 27 80 phononTS 0.00728415 0.00288502 0.0206863 -0.0802013 274.319 0.00728415 1 -1.25345 1.61808 0.25 5053.61
0 27 83 phononTF 0.00421526 -0.340486 -0.355587 0.142265 3872.15 0.00421526 1 4.86304 7.65377 0.25 18896.7
0 27 82 phononL 0.0029508 -0.340486 -0.355587 0.142265 3872.15 0.0029508 1 0.759826 4.93952 0.25 9663.31
0 27 87 phononTS 0.00183712 6.14312 6.5634 0.104224 26723.6 0.00183712 1 -5.92597 -3.06728 -0.25 38316.4
0 27 86 phononTF 0.00426924 6.14312 6.5634 0.104224 26723.6 0.00426924 1 9.09477 3.83226 -0.25 31841.9
0 27 84 phononTS 0.0057956 -0.281723 0.0123083 0.104236 1151.33 0.0057956 1 2.62297 -2.49355 0.25 20195.2
0 27 93 phononTS 0.00572184 0.970114 0.980121 0.142336 2343.09 0.00572184 1 -3.45031 7.43112 0.25 11234.7
0 27 92 phononTS 0.00371232 0.970114 0.980121 0.142336 2343.09 0.00371232 1 -9.18798 -9.96224 0.25 79750.3
0 27 95 phononTS 0.00474509 0.0415441 -0.0954672 -0.108997 273.457 0.00474509 1 3.44872 8.9816 0.25 38112.3
0 27 97 phononTF 0.00408976 -0.431415 0.0625304 -0.0618919 601.813 0.00408976 1 -1.25056 7.42449 0.25 7583.54
0 27 96 phononL 0.00369014 -0.431415 0.0625304 -0.0618919 601.813 0.00369014 1 -0.488106 1.5239 0.25 1770.66
0 27 103 phononTS 0.00279074 -5.69931 -3.59641 -0.185892 29154.6 0.00279074 1 -6.32592 -4.21672 0.25 29562.4
0 27 102 phononL 0.00206951 -5.69931 -3.59641 -0.185892 29154.6 0.00206951 1 6.86004 1.08649 -0.25 55610.5
0 27 100 phononTS 0.00421239 0.924556 0.692137 0.0758005 1866.06 0.00421239 1 0.710563 2.30923 -0.25 2717.82
0 27 109 phononL 0.00490801 0.0241368 1.04403 0.224725 6753.44 0.00490801 1 -1.14963 -2.46576 0.25 15438
0 27 108 phononTS 0.00305848 0.0241368 1.04403 0.224725 6753.44 0.00305848 1 -4.21604 -5.5342 0.25 21190.3
0 27 106 phononL 0.00245642 0.0701994 -0.484943 -0.164255 5286.87 0.00245642 1 -7.23964 -9.39942 -0.25 13182.5
0 27 104 phononTF 0.00563788 -0.020381 0.0321778 -0.00412423 85.4577 0.00563788 1 3.116 -0.737459 -0.25 2716.1
0 27 121 phononTS 0.00387515 -0.334404 0.0487973 0.165469 817.672 0.00387515 1 8.80383 8.22113 -0.25 21277.7
0 27 120 phononL 0.00364539 -0.334404 0.0487973 0.165469 817.672 0.00364539 1 8.97198 -8.42844 0.25 34219
0 27 123 phononTS 0.00296923 -2.80981 5.77506 -0.102831 14507.2 0.00296923 1 -5.29499 6.44747 0.25 29711
0 27 122 phononTF 0.00296063 -2.80981 5.77506 -0.102831 14507.2 0.00296063 1 -1.99505 -10 -0.239209 35930.6
0 27 129 phononTS 0.00414091 -0.887264 2.4008 -0.0209826 3096.37 0.00414091 1 -1.21282 -5.30657 -0.25 20173.7
0 27 131 phononTF 0.00256829 -8.49907 6.42643 -0.156275 23516.8 0.00256829 1 2.35714 -0.597946 -0.25 67719.5
0 27 130 phononTF 0.00128542 -8.49907 6.42643 -0.156275 23516.8 0.00128542 1 -4.15584 7.6053 -0.25 26801.3
0 27 126 phononTF 0.00244209 0.042185 1.51884 -0.15274 1636.59 0.00244209 1 -8.97379 -9.28448 0.25 58123
0 27 135 phononTF 0.00270797 4.35475 0.805717 -0.0237881 7111.89 0.00270797 1 1.02367 -0.629527 -0.25 13577.9
0 27 134 phononTS 0.00174902 4.35475 0.805717 -0.0237881 7111.89 0.00174902 1 -8.53388 -5.77393 -0.25 71690.3
0 27 132 phononTS 0.00957649 0.245638 -0.185954 -0.0658577 390.346 0.00957649 1 -0.0437625 0.497933 0.25 1822.8
0 27 147 phononTS 0.00286792 4.25908 -2.45865 -0.21331 12777.3 0.00286792 1 -7.77496 3.88918 -0.25 48097.8
0 27 146 phononTS 0.00278244 4.25908 -2.45865 -0.21331 12777.3 0.00278244 1 0.602089 -0.041797 -0.25 14663.9
0 27 144 phononTF 0.00269534 0.586593 -0.265491 -0.118669 2457.36 0.00269534 1 -8.07878 8.95059 -0.25 54529.9
0 27 142 phononTF 0.00526782 0.125358 -0.0438127 -0.0803743 123.205 0.00526782 1 0.767322 -0.79912 -0.25 7251.66
0 27 149 phononTF 0.00251167 -6.17982 4.29952 -0.150294 31380.3 0.00251167 1 9.50894 9.22408 0.25 66076.7
0 27 151 phononTF 0.00283634 6.94874 -7.45366 0.192698 61498.5 0.00283634 1 6.71365 -6.14078 -0.25 64643.7
0 27 150 phononTS 0.00115109 6.94874 -7.45366 0.192698 61498.5 0.00115109 1 -3.7989 -8.8943 0.25 69693
0 27 153 phononTF 0.00378158 8.28946 8.43835 0.196192 30074.1 0.00378158 1 4.23324 9.72597 -0.25 35077.6
0 27 152 phononTS 0.00205288 8.28946 8.43835 0.196192 30074.1 0.00205288 1 -5.59682 6.31494 -0.25 40334.5
0 27 159 phononTS 0.00689465 0.268381 -0.12847 0.140698 601.154 0.00689465 1 -0.493347 3.27141 0.25 9434.81
0 27 158 phononL 0.00491772 0.268381 -0.12847 0.140698 601.154 0.00491772 1 3.11121 -2.1113 -0.25 2609.5
0 27 156 phononTF 0.00423452 0.232015 -0.0829687 0.138137 588.238 0.00423452 1 3.54767 -9.27192 0.25 34038.5
0 27 163 phononL 0.00448941 2.20282 -1.22035 -0.209392 2837.98 0.00448941 1 -2.39727 -0.818256 -0.25 8275.38
0 27 162 phononTF 0.00340431 2.20282 -1.22035 -0.209392 2837.98 0.00340431 1 -9.92604 -6.41609 -0.25 22323.8
0 27 160 phononL 0.00462684 0.334269 -0.0473322 -0.0901038 424.226 0.00462684 1 2.00623 9.75639 -0.25 9751.47
0 27 173 phononTF 0.00301144 1.79417 -0.741195 0.165372 1808.29 0.00301144 1 4.00853 0.438192 -0.25 3877.9
0 27 172 phononL 0.00481734 1.79417 -0.741195 0.165372 1808.29 0.00481734 1 2.06148 1.47624 0.25 5771.74
0 27 170 phononTS 0.00996368 0.0468368 -0.0304972 -0.0387232 111.411 0.00996368 1 0.486216 0.073744 0.25 722.209
0 27 177 phononTF 0.0040838 -0.321933 -0.234462 0.153618 1543.34 0.0040838 1 0.442099 8.63325 -0.25 10016.4
0 27 176 phononL 0.00834721 -0.321933 -0.234462 0.153618 1543.34 0.00834721 1 0.793021 1.26017 0.25 6075.94
0 27 174 phononTF 0.00336173 -0.336424 -0.15048 -0.178921 659.735 0.00336173 1 1.38716 2.92582 -0.25 11819.3
0 27 183 phononTS 0.00584986 0.0342052 -0.175843 -0.193228 252.457 0.00584986 1 7.61464 5.60324 0.25 20332.3
0 27 182 phononTF 0.00652539 0.0342052 -0.175843 -0.193228 252.457 0.00652539 1 -3.43641 -3.19147 0.25 6139.34
0 27 185 phononTF 0.00360564 2.09897 0.0355637 -0.143912 6369.38 0.00360564 1 8.2297 -8.11634 -0.25 24003.2
0 27 184 phononTS 0.00507829 2.09897 0.0355637 -0.143912 6369.38 0.00507829 1 1.80843 -3.30315 -0.25 8523.63
0 27 178 phononTF 0.00615222 -0.00198859 0.00256292 -0.0208284 2.5114 0.00615222 1 -4.14944 5.70072 -0.25 14293.8
0 27 191 phononTF 0.00703727 -0.00153134 -0.00293725 -0.0585691 36.9797 0.00703727 1 -0.194052 -0.276702 -0.25 1121
0 27 193 phononL 0.00360383 0.319299 0.0412414 0.0499397 3268.97 0.00360383 1 -9.02804 6.37266 0.25 7452.29
0 27 195 phononTS 0.00225334 5.98331 -6.44627 0.131565 19082.3 0.00225334 1 1.21497 -2.25315 0.25 24612.2
0 27 194 phononTS 0.00244666 5.98331 -6.44627 0.131565 19082.3 0.00244666 1 -0.799587 -8.98132 -0.25 31284.4
0 27 197 phononTS 0.00555133 0.181518 -0.235209 0.0724935 820.823 0.00555133 1 1.85869 5.81723 0.25 5458.82
0 27 199 phononTF 0.00369182 -1.8478 2.21088 0.18893 5569.44 0.00369182 1 5.45857 7.89827 -0.25 36563.4
0 27 198 phononTF 0.00371429 -1.8478 2.21088 0.18893 5569.44 0.00371429 1 -3.08299 -1.92404 0.25 51402.6
0 27 207 phononTS 0.00223249 -0.297859 2.42629 -0.063689 9949.97 0.00223249 1 -1.78554 9.15787 -0.25 18611.8
0 27 206 phononL 0.00363461 -0.297859 2.42629 -0.063689 9949.97 0.00363461 1 -1.66127 1.05597 0.25 16779.7
0 27 204 phononTS 0.00337157 -0.0572157 0.682927 -0.0528884 6050.55 0.00337157 1 7.57923 -6.57806 -0.25 26660.4
0 27 202 phononL 0.00620332 0.0013583 -0.00575572 -0.0271654 9.61039 0.00620332 1 1.09539 -9.03354 -0.25 20380.3
0 27 209 phononTS 0.00518891 -0.587827 -0.0969386 -0.0632602 1658.48 0.00518891 1 -2.01799 -1.03659 -0.25 11467.9
0 27 208 phononTS 0.00496685 -0.587827 -0.0969386 -0.0632602 1658.48 0.00496685 1 -4.77175 6.98673 -0.25 29292.7
0 27 219 phononTF 0.00511855 -0.504576 -1.52445 -0.211473 4923.78 0.00511855 1 4.15825 -2.7267 0.25 12880.2
0 27 218 phononTS 0.00506057 -0.504576 -1.52445 -0.211473 4923.78 0.00506057 1 3.02213 -0.508055 0.25 6878.38
0 27 216 phononTS 0.00439733 0.103901 -0.152724 -0.211293 605.453 0.00439733 1 2.03085 -1.60398 -0.25 11759.4
0 27 223 phononTS 0.0025024 0.341471 0.0722563 -0.115056 334.173 0.0025024 1 2.1708 0.593798 0.25 2328.29
0 27 225 phononTF 0.00485467 -2.14832 0.857995 -0.156766 9448.23 0.00485467 1 -2.8645 -1.35071 -0.25 10334.1
0 27 224 phononL 0.00338198 -2.14832 0.857995 -0.156766 9448.23 0.00338198 1 7.49673 -6.30139 -0.25 41000.5
0 27 227 phononTF 0.00260594 0.605885 -0.315014 -0.0742573 303.693 0.00260594 1 -7.80024 5.13105 -0.25 56697.6
0 27 229 phononTS 0.00324061 2.76759 -2.61142 0.239016 5698.24 0.00324061 1 -1.59289 -0.779678 0.25 13784.4
0 27 228 phononTF 0.00287435 2.76759 -2.61142 0.239016 5698.24 0.00287435 1 9.82055 9.65705 0.25 29027.7
0 27 237 phononL 0.0048854 -0.446588 -2.49944 0.159086 10191.1 0.0048854 1 3.98805 -9.72469 -0.25 42758.6
0 27 236 phononTS 0.00162256 -0.446588 -2.49944 0.159086 10191.1 0.00162256 1 9.42501 10 0.0353238 41016.3
0 27 234 phononTS 0.000371238 -0.592959 -2.5082 -0.136898 6814.06 0.000371238 1 3.3614 -9.20525 0.25 28738.6
0 27 232 phononTS 0.00246502 0.562999 0.85227 -0.0614645 1572.12 0.00246502 1 -6.69606 4.35272 0.25 9936.2
0 27 239 phononTS 0.00377956 -0.854813 -1.83428 -0.198841 1924.68 0.00377956 1 0.409697 -5.21394 -0.25 12246.5
0 27 238 phononTF 0.00202888 -0.854813 -1.83428 -0.198841 1924.68 0.00202888 1 1.37096 -0.325385 0.25 2999.77
0 27 243 phononTS 0.00393656 -0.65763 0.0696837 -0.131463 2222.01 0.00393656 1 3.09797 1.63037 -0.25 11852.6
0 27 242 phononL 0.00669494 -0.65763 0.0696837 -0.131463 2222.01 0.00669494 1 2.67342 -2.46782 -0.25 13027
0 27 240 phononL 0.00616686 -0.0333595 -0.0216925 -0.0527049 6.83283 0.00616686 1 0.603615 -0.0111702 0.25 3973.9
0 28 21 phononTF 0.00245953 2.28468 -0.304651 0.226029 3037.47 0.00245953 1 8.75751 -7.12265 0.25 17149
0 28 20 phononTS 0.00365972 2.28468 -0.304651 0.226029 3037.47 0.00365972 1 -6.37482 9.97644 -0.25 17927.4
0 28 23 phononTS 0.00416078 -0.347611 0.194274 0.213314 618.198 0.00416078 1 -6.44398 -5.11518 0.25 11905.9
0 28 25 phononTS 0.00130068 -5.97294 3.05587 0.205856 16556.5 0.00130068 1 -0.558473 8.40771 -0.25 24757.4
0 28 24 phononTF 0.00305987 -5.97294 3.05587 0.205856 16556.5 0.00305987 1 0.463518 -2.15446 -0.25 21116.2
0 28 29 phononTF 0.00328895 -0.595642 -5.08189 0.22571 15884.3 0.00328895 1 8.95674 -4.28367 -0.25 41207.5
0 28 28 phononTF 0.00205169 -0.595642 -5.08189 0.22571 15884.3 0.00205169 1 2.43543 -0.998447 -0.25 47676.1
0 28 26 phononTS 0.00566653 0.0739474 -0.177386 -0.0863545 436.77 0.00566653 1 -8.29042 1.17877 0.25 17832.5
0 28 33 phononTF 0.00309265 0.866057 -3.10566 -0.207137 18713.3 0.00309265 1 5.36345 -3.58553 -0.25 25222.4
0 28 32 phononTS 0.00294266 0.866057 -3.10566 -0.207137 18713.3 0.00294266 1 -4.73877 -3.20877 -0.25 78154.5
0 28 39 phononTS 0.00204418 -6.10305 7.91972 -0.17574 21307.6 0.00204418 1 4.6746 -0.356309 0.25 36792
0 28 38 phononTF 0.00467647 -6.10305 7.91972 -0.17574 21307.6 0.00467647 1 2.24025 10 -0.205007 49465.2
0 28 36 phononTS 0.0015985 0.345533 -0.278503 -0.0861006 1494.44 0.0015985 1 -10 -2.22452 -0.0858963 43521.1
0 28 34 phononTF 0.00207055 -0.142113 -0.024642 -0.141353 83.7682 0.00207055 1 -9.45291 -9.52881 0.25 35546
0 28 47 phononTS 0.00369133 -0.75369 -1.07709 -0.04483 12119.9 0.00369133 1 1.83229 4.31222 -0.25 17188.7
0 28 46 phononTS 0.00340216 -0.75369 -1.07709 -0.04483 12119.9 0.00340216 1 -7.14221 8.70887 -0.25 19064.7
0 28 49 phononTS 0.00341233 -0.401798 -0.0546269 -0.242279 2703.62 0.00341233 1 -1.22353 0.436383 -0.25 25671.9
0 28 48 phononTS 0.00441609 -0.401798 -0.0546269 -0.242279 2703.62 0.00441609 1 9.01717 9.40356 0.25 11242.4
0 28 51 phononTS 0.00308313 1.30931 -0.359115 -0.156045 1962.08 0.00308313 1 7.31125 0.516278 0.25 25930.3
0 28 50 phononTS 0.00774828 1.30931 -0.359115 -0.156045 1962.08 0.00774828 1 1.95214 0.421088 -0.25 4780.09
0 28 40 phononTF 0.00181409 0.014519 0.00572956 -0.0252541 18.7865 0.00181409 1 4.66956 5.17823 -0.25 3786.2
0 28 59 phononL 0.00282197 0.28163 4.33228 0.201143 8720.28 0.00282197 1 2.70729 7.37803 0.25 21453.3
0 28 58 phononTS 0.00515529 0.28163 4.33228 0.201143 8720.28 0.00515529 1 -7.69097 10 0.246405 25546.8
0 28 56 phononTS 0.00507042 0.311528 -0.176357 -0.0460159 783.932 0.00507042 1 6.953 -2.8998 0.25 22964.9
0 28 63 phononTS 0.00456321 0.280512 -0.269058 0.149534 505.407 0.00456321 1 -0.40592 -8.57626 -0.25 14147.9
0 28 62 phononL 0.00181213 0.280512 -0.269058 0.149534 505.407 0.00181213 1 -2.83835 -8.60492 -0.25 26546.9
0 28 60 phononL 0.00314698 0.4933 -0.557905 0.109085 292.611 0.00314698 1 -2.19281 -4.57269 -0.25 52347.6
0 28 71 phononTS 0.00363134 -1.68967 -0.250059 -0.212744 6990.22 0.00363134 1 -7.59815 -1.25862 0.25 33407.3
0 28 70 phononTS 0.00263419 -1.68967 -0.250059 -0.212744 6990.22 0.00263419 1 7.8011 9.78595 0.25 39811.1
0 28 68 phononTF 0.00188068 0.254842 0.867436 -0.231696 1860.37 0.00188068 1 3.86131 0.452152 -0.25 135804
0 28 66 phononTF 0.00465055 0.0335712 0.166708 -0.129673 203.692 0.00465055 1 7.87149 -9.27502 -0.25 60736.2
0 28 75 phononL 0.00361023 1.67575 -0.819476 0.0471323 3016.99 0.00361023 1 0.0702419 9.50123 -0.25 44782.6
0 28 79 phononTS 0.0041829 -2.19874 -0.658276 -0.0418157 9949.02 0.0041829 1 2.35321 1.75326 -0.25 11522.2
0 28 78 phononTS 0.00174799 -2.19874 -0.658276 -0.0418157 9949.02 0.00174799 1 -8.47566 5.35855 0.25 20882.8
0 28 76 phononTS 0.000215274 0.273126 -1.41054 0.179022 7963.32 0.000215274 1 5.6814 -10 -0.156202 45303
0 28 72 phononTS 0.00253961 0.622749 -0.336653 -0.213138 1948.32 0.00253961 1 -2.25207 8.1625 0.25 30367.9
0 28 85 phononTS 0.00432039 -0.599933 0.484267 -0.106566 4648.19 0.00432039 1 8.76871 1.66558 0.25 10419.6
0 28 84 phononTF 0.00584768 -0.599933 0.484267 -0.106566 4648.19 0.00584768 1 2.85027 -3.67907 0.25 12391.4
0 28 89 phononTF 0.00446926 0.45514 -1.30595 -0.0375601 3481.7 0.00446926 1 3.81476 -0.826941 0.25 22922.2
0 28 88 phononL 0.00375743 0.45514 -1.30595 -0.0375601 3481.7 0.00375743 1 0.660084 -1.53432 0.25 47947.4
0 28 93 phononTF 0.00285376 -3.49252 -6.09847 0.00874423 29602 0.00285376 1 -1.25518 -8.25881 0.25 71944.2
0 28 92 phononTS 0.00160725 -3.49252 -6.09847 0.00874423 29602 0.00160725 1 -3.80581 2.49435 0.25 75860.3
0 28 90 phononL 0.00164638 -5.59474 0.956839 0.0727163 20450.5 0.00164638 1 1.38685 -0.41426 -0.25 44990.8
0 28 97 phononTS 0.00476478 4.33654 0.227651 0.0579988 8823.43 0.00476478 1 8.98718 -4.99559 0.25 21819.1
0 28 96 phononTS 0.00256946 4.33654 0.227651 0.0579988 8823.43 0.00256946 1 2.6827 -0.938744 0.25 9633.8
0 28 101 phononTS 0.00112593 5.32839 -1.86267 -0.196487 19933.9 0.00112593 1 4.87392 -2.04447 -0.25 20330.5
0 28 100 phononTS 0.00236212 5.32839 -1.86267 -0.196487 19933.9 0.00236212 1 2.97736 7.73866 -0.25 33724.2
0 28 98 phononTF 0.00372004 -0.344921 0.335662 -0.208575 3230.56 0.00372004 1 -2.35378 -2.94941 0.25 13030.9
0 28 109 phononTS 0.00303972 -0.321847 1.60656 0.246768 12447.7 0.00303972 1 -10 1.9122 -0.00536207 16955.8
0 28 108 phononL 0.00473672 -0.321847 1.60656 0.246768 12447.7 0.00473672 1 -2.48909 4.71374 0.25 24656
0 28 111 phononL 0.00426448 -0.13786 -0.291254 -0.0408505 417.597 0.00426448 1 -1.24276 -5.48496 0.25 47824.4
0 28 115 phononTF 0.00245526 5.10963 -1.64714 -0.0992528 6914.2 0.00245526 1 0.307461 2.1119 0.25 14838
0 28 114 phononTS 0.00203351 5.10963 -1.64714 -0.0992528 6914.2 0.00203351 1 -9.6462 -9.59266 0.25 65171.6
0 28 112 phononTF 0.00242977 0.599973 -1.62705 0.136787 4691.06 0.00242977 1 -6.44125 1.61704 -0.25 20814.3
0 28 121 phononTS 0.00364383 -0.191694 0.166593 -0.221407 1632.68 0.00364383 1 -8.92926 -7.01788 0.25 9014.3
0 28 120 phononL 0.00772799 -0.191694 0.166593 -0.221407 1632.68 0.00772799 1 -0.0937825 -0.0967938 -0.25 2244.32
0 28 125 phononTF 0.0029646 0.950434 -1.22697 -0.131967 2540.82 0.0029646 1 -2.86903 9.32334 -0.25 27240.1
0 28 124 phononTS 0.00352801 0.950434 -1.22697 -0.131967 2540.82 0.00352801 1 -8.05171 -2.29761 0.25 6807.79
0 28 122 phononTF 0.00318908 0.657335 -0.942276 -0.199325 2495.6 0.00318908 1 4.4941 -7.98959 -0.25 28796.2
0 28 133 phononTF 0.00272305 -6.30699 -3.52828 -0.0386504 54959 0.00272305 1 -4.21313 -2.10676 -0.25 87130.8
0 28 132 phononTF 0.00204025 -6.30699 -3.52828 -0.0386504 54959 0.00204025 1 9.46043 9.8801 0.25 66584.7
0 28 130 phononTS 0.00209556 1.95094 -2.64776 -0.235213 7554.82 0.00209556 1 5.33275 -3.83205 -0.25 13339.3
0 28 128 phononTF 0.00110712 -0.459186 -0.348956 -0.0812317 5675.26 0.00110712 1 -2.98421 8.90713 0.25 41020.1
0 28 126 phononTF 0.00315873 0.458545 -0.505748 -0.0330816 2165.62 0.00315873 1 -3.34969 5.69702 0.25 43554.7
0 28 141 phononTF 0.00332788 0.467329 0.0404002 -0.0391925 658.694 0.00332788 1 2.85381 1.05745 -0.25 22677.9
0 28 140 phononTF 0.00659512 0.467329 0.0404002 -0.0391925 658.694 0.00659512 1 0.00662322 5.17516 -0.25 6927.61
0 28 143 phononTF 0.00352911 0.282736 -9.7373 0.127611 16254.8 0.00352911 1 0.428061 -7.64283 0.25 23714.9
0 28 142 phononTS 0.00185114 0.282736 -9.7373 0.127611 16254.8 0.00185114 1 2.02691 -0.139123 0.25 89964
0 28 147 phononTS 0.00407474 0.0339363 -0.112258 -0.0242678 176.365 0.00407474 1 -0.324288 -1.03096 -0.25 810.941
0 28 146 phononTF 0.00576971 0.0339363 -0.112258 -0.0242678 176.365 0.00576971 1 0.7335 -2.64968 -0.25 1374.78
0 28 149 phononTS 0.0040115 1.69329 -0.572846 0.162842 4253.97 0.0040115 1 7.95366 -2.14805 -0.25 7863.09
0 28 148 phononTS 0.00338088 1.69329 -0.572846 0.162842 4253.97 0.00338088 1 -1.90052 -6.22059 0.25 38878.9
0 28 157 phononTS 0.0028195 6.70122 4.88696 -0.247765 13898.6 0.0028195 1 6.90719 5.37955 0.25 14229.7
0 28 156 phononTS 0.00227087 6.70122 4.88696 -0.247765 13898.6 0.00227087 1 9.85273 6.83007 -0.25 15976.2
0 28 154 phononTF 0.00161131 6.77172 0.55451 0.0556441 7280.01 0.00161131 1 9.78399 9.90928 0.25 17982.3
0 28 159 phononTS 0.00214361 -2.16177 0.114249 -0.248076 7583.11 0.00214361 1 6.11956 -3.32834 -0.25 30551.2
0 28 161 phononL 0.00282544 5.01062 4.14675 0.246016 16925.8 0.00282544 1 4.77773 5.94621 -0.25 23717.2
0 28 160 phononTS 0.0027766 5.01062 4.14675 0.246016 16925.8 0.0027766 1 5.81783 4.56282 -0.25 22475.8
0 28 165 phononTS 0.00285896 -1.67578 -0.927383 0.00786849 9411.1 0.00285896 1 7.36509 -2.01725 -0.25 22525.7
0 28 164 phononTF 0.00461541 -1.67578 -0.927383 0.00786849 9411.1 0.00461541 1 0.798127 -3.40647 -0.25 19284.3
0 28 162 phononTS 0.00288325 -0.010583 -0.0103858 0.237592 789.78 0.00288325 1 1.75661 -9.39154 0.25 7391.77
0 28 177 phononTF 0.00292341 3.53724 -3.53173 0.0529836 15949 0.00292341 1 -9.57151 -9.62827 0.25 26977.3
0 28 176 phononTS 0.00153719 3.53724 -3.53173 0.0529836 15949 0.00153719 1 -4.74211 -5.80005 -0.25 47560.4
0 28 174 phononL 0.00402924 -0.0624292 -4.87363 -0.107395 13574.1 0.00402924 1 6.2611 -2.95889 -0.25 29568.1
0 28 181 phononTS 0.00520612 -0.706017 0.141597 -0.226929 1592.15 0.00520612 1 1.3258 1.13739 -0.25 10452.3
0 28 180 phononTF 0.00439071 -0.706017 0.141597 -0.226929 1592.15 0.00439071 1 1.92168 -3.88489 0.25 7641.78
0 28 183 phononTS 0.00412414 2.48455 -3.75416 -0.218027 25877.1 0.00412414 1 3.32115 -6.13051 0.25 37284.5
0 28 182 phononL 0.002063 2.48455 -3.75416 -0.218027 25877.1 0.002063 1 10 -5.45171 -0.0348168 70937.2
0 28 185 phononTF 0.00336217 0.0842145 0.144146 0.038043 306.755 0.00336217 1 5.09063 -2.99195 -0.25 16711.8
0 28 187 phononTS 0.00442463 -0.0660598 -0.361607 0.214022 736.463 0.00442463 1 10 -6.13835 -0.0309732 31604.8
0 28 186 phononL 0.00420123 -0.0660598 -0.361607 0.214022 736.463 0.00420123 1 2.06109 8.89977 -0.25 26334.4
0 28 191 phononTF 0.0071161 0.0395438 -0.102872 0.0819723 153.16 0.0071161 1 -4.37854 -4.08305 -0.25 12160.8
0 28 193 phononL 0.004253 1.48246 2.64962 -0.166837 24646.9 0.004253 1 -0.763366 -5.32766 0.25 55144.6
0 28 192 phononTS 0.00229526 1.48246 2.64962 -0.166837 24646.9 0.00229526 1 -10 -6.9088 -0.224254 30912.2
0 28 197 phononL 0.00320248 -2.06453 -0.715762 -0.000232777 4136.83 0.00320248 1 0.694769 -9.4534 0.25 64191.9
0 28 196 phononL 0.00435067 -2.06453 -0.715762 -0.000232777 4136.83 0.00435067 1 -2.17367 -4.63744 0.25 14298.9
0 28 194 phononTS 0.00397967 -0.0159953 -0.0974492 -0.0787008 189.353 0.00397967 1 -1.85655 -0.403432 0.25 4704.36
0 28 203 phononTF 0.00583922 -0.39457 1.46625 0.0743372 1723.07 0.00583922 1 -1.34525 0.100588 -0.25 2403.37
0 28 202 phononTS 0.00421087 -0.39457 1.46625 0.0743372 1723.07 0.00421087 1 -5.8754 6.71468 -0.25 9054.99
0 28 205 phononTF 0.00538939 0.414151 -0.646764 0.0438249 2660.13 0.00538939 1 0.167855 -0.786109 -0.25 2834.85
0 28 204 phononL 0.00402705 0.414151 -0.646764 0.0438249 2660.13 0.00402705 1 -6.61152 -6.07721 0.25 65287.7
0 28 209 phononTF 0.00553427 -0.2242 0.046503 -0.168427 217.776 0.00553427 1 2.96847 1.37843 0.25 8443.44
0 28 211 phononTS 0.00423657 0.157038 -0.0133329 -0.0659429 3075.18 0.00423657 1 5.0001 -0.483101 -0.25 18926.3
0 28 210 phononL 0.00257366 0.157038 -0.0133329 -0.0659429 3075.18 0.00257366 1 -1.34949 -4.81686 0.25 4565.84
0 28 213 phononTS 0.00338558 -1.36277 -3.04782 0.0181105 12444.6 0.00338558 1 -9.51844 -3.79932 -0.25 34847.7
0 28 212 phononTF 0.00348915 -1.36277 -3.04782 0.0181105 12444.6 0.00348915 1 -4.04304 0.808177 -0.25 27770.9
0 28 221 phononTF 0.00764312 0.00649939 -0.0252259 -0.0296434 36.1742 0.00764312 1 -0.22737 -3.89373 0.25 12921.5
0 28 223 phononTF 0.00571108 -0.0534526 -0.0764897 0.00996504 193.764 0.00571108 1 8.98547 -3.06137 -0.25 8900.33
0 28 225 phononTS 0.00582794 -1.17305 0.135617 0.118363 3905.17 0.00582794 1 -4.73156 -9.63385 0.25 26248.2
0 28 227 phononTS 0.00254929 4.24437 -1.62045 0.0418206 11081.1 0.00254929 1 -6.78617 -5.17701 0.25 38008.1
0 28 226 phononTF 0.00317587 4.24437 -1.62045 0.0418206 11081.1 0.00317587 1 5.08505 -1.40078 0.25 25396
0 28 231 phononTF 0.00468842 1.14522 -1.3389 -0.171482 4527.16 0.00468842 1 -5.72594 3.86665 0.25 16558.8
0 28 230 phononL 0.00285029 1.14522 -1.3389 -0.171482 4527.16 0.00285029 1 2.59752 -8.52794 0.25 13385.3
0 28 233 phononTF 0.00615812 -0.373258 0.562161 0.00169132 921.22 0.00615812 1 -4.75768 2.7635 -0.25 5314.79
0 28 232 phononL 0.00571959 -0.373258 0.562161 0.00169132 921.22 0.00571959 1 -1.29776 -4.77346 -0.25 19066.6
0 28 241 phononTS 0.00249197 2.10184 5.4535 0.0183136 20295.1 0.00249197 1 1.67129 4.94331 -0.25 21764
0 28 240 phononTF 0.0021039 2.10184 5.4535 0.0183136 20295.1 0.0021039 1 0.436641 8.27955 0.25 45461.2
0 28 238 phononTS 0.00288818 1.20195 -1.62478 0.178469 6371.79 0.00288818 1 -2.94781 -9.27947 0.25 10248
0 28 236 phononL 0.00696672 0.0586975 -0.285027 -0.201942 589.605 0.00696672 1 1.47625 2.93192 -0.25 8565.49
0 28 234 phononTS 0.00801928 -0.00121674 -0.0484419 -0.0321346 85.7464 0.00801928 1 0.862351 -0.02813 0.25 3028.96
0 28 247 phononTS 0.00843626 0.00310585 0.00638807 -0.0618844 37.9133 0.00843626 1 0.40315 0.172157 -0.25 270.223
0 28 246 phononTF 0.00911658 0.00310585 0.00638807 -0.0618844 37.9133 0.00911658 1 -0.0223666 0.18726 0.25 921.039
0 28 251 phononTF 0.00392764 -2.32661 1.60618 0.214371 36352.7 0.00392764 1 -7.81436 3.16498 0.25 56864.9
0 28 250 phononL 0.00314829 -2.32661 1.60618 0.214371 36352.7 0.00314829 1 -8.98165 1.43492 0.25 74178.1
0 28 253 phononTS 0.00377444 -0.213804 0.445772 -0.169589 1064.55 0.00377444 1 -2.86035 -0.164589 0.25 4253.95
0 28 255 phononTS 0.00531853 3.26823 2.44688 0.0153071 23905.1 0.00531853 1 8.71168 7.84007 0.25 40278.4
0 28 254 phononTS 0.00124358 3.26823 2.44688 0.0153071 23905.1 0.00124358 1 -0.899089 7.0496 0.25 27154.1
0 28 261 phononTS 0.00415047 1.09481 -0.250673 -0.210148 1162.13 0.00415047 1 -5.82787 3.02772 0.25 6783.87
0 28 260 phononTS 0.00574775 1.09481 -0.250673 -0.210148 1162.13 0.00574775 1 -2.69716 -2.71318 0.25 9401.55
0 28 258 phononTF 0.00537302 0.0407751 -0.242 0.176496 320.859 0.00537302 1 -2.40068 -0.828727 0.25 1392.2
0 28 265 phononTS 0.00452263 0.0125295 -0.22398 -0.182495 842.673 0.00452263 1 -9.05347 -9.44639 0.25 18585.3
0 28 264 phononTF 0.00388258 0.0125295 -0.22398 -0.182495 842.673 0.00388258 1 0.76763 9.68804 -0.25 8210.78
0 28 267 phononTS 0.00535277 -0.126946 -0.020509 -0.147562 376.936 0.00535277 1 1.56948 1.28966 0.25 2266.5
0 28 266 phononL 0.00423679 -0.126946 -0.020509 -0.147562 376.936 0.00423679 1 -1.93466 4.72068 -0.25 4808.66
0 29 15 phononL 0.00354085 -1.4296 1.72219 -0.165785 8342.55 0.00354085 1 -1.34758 1.75443 -0.25 8355.79
0 29 14 phononTS 0.00180745 -1.4296 1.72219 -0.165785 8342.55 0.00180745 1 5.5262 0.0572611 -0.25 87852.2
0 29 21 phononL 0.00243076 4.12533 2.1887 0.216811 8211.17 0.00243076 1 -2.94253 -0.65388 -0.25 13094.7
0 29 20 phononL 0.00263036 4.12533 2.1887 0.216811 8211.17 0.00263036 1 2.92926 -4.42511 -0.25 41586.2
0 29 23 phononTS 0.00200233 2.22099 7.30422 0.12808 7398.11 0.00200233 1 0.82104 9.72543 0.25 16878.5
0 29 25 phononTF 0.00216554 2.65512 -5.17344 0.125527 24527.5 0.00216554 1 9.72279 -8.72092 0.25 55327.2
0 29 24 phononTS 0.000339187 2.65512 -5.17344 0.125527 24527.5 0.000339187 1 9.17273 -6.11313 -0.25 28227.8
0 29 16 phononL 0.00369236 -0.00712577 -0.147978 -0.114657 158.238 0.00369236 1 -2.30117 9.7718 0.25 9885.86
0 29 27 phononTF 0.00439881 -0.440957 0.327478 0.0329206 573.096 0.00439881 1 -10 2.27612 0.241661 28720.9
0 29 29 phononTS 0.00543288 0.760602 0.0120301 0.138771 1464.13 0.00543288 1 2.02697 -2.05393 0.25 5308.5
0 29 28 phononL 0.00181792 0.760602 0.0120301 0.138771 1464.13 0.00181792 1 -3.2101 -0.282691 0.25 6500.04
0 29 35 phononTS 0.00264396 0.746862 2.6456 0.166991 2264.95 0.00264396 1 -0.0190142 -0.642738 -0.25 30879.8
0 29 34 phononTS 0.00554798 0.746862 2.6456 0.166991 2264.95 0.00554798 1 0.674629 4.71055 0.25 6332.42
0 29 32 phononTF 0.00891969 0.0354329 -0.0255383 -0.0189113 7.40256 0.00891969 1 0.703085 1.67058 0.25 2602.99
0 29 39 phononL 0.0051222 0.0423035 1.01738 -0.178003 6397.13 0.0051222 1 1.90169 9.74558 0.25 29643.7
0 29 38 phononL 0.00248841 0.0423035 1.01738 -0.178003 6397.13 0.00248841 1 -2.56035 10 -0.128404 14740
0 29 36 phononTF 0.00269115 1.22395 0.824571 -0.21581 2331.97 0.00269115 1 3.78919 3.09309 -0.25 14940.6
0 29 45 phononTS 0.00468213 0.00393219 -0.0882208 -0.0124762 90.0036 0.00468213 1 -3.93315 -2.39221 0.25 12225.3
0 29 44 phononTF 0.0120091 0.00393219 -0.0882208 -0.0124762 90.0036 0.0120091 1 -0.569071 0.262372 -0.25 1404.25
0 29 51 phononTS 0.0050803 -0.103235 0.452484 -0.0670363 350.534 0.0050803 1 5.13558 0.573538 0.25 2862.48
0 29 53 phononTS 0.00305059 2.61869 -0.027515 0.141788 1912.65 0.00305059 1 4.12367 -1.95821 -0.25 14892.8
0 29 52 phononTS 0.0033039 2.61869 -0.027515 0.141788 1912.65 0.0033039 1 4.11124 -2.87622 -0.25 42260.5
0 29 48 phononTS 0.00156671 0.00104057 0.137508 0.0992037 87.0334 0.00156671 1 -10 -6.26063 -0.22699 16239.3
0 29 55 phononTS 0.00451158 -0.0389485 -0.272209 -0.0691944 183.112 0.00451158 1 -1.02111 -2.14517 -0.25 71145.2
0 29 57 phononTF 0.00554627 -0.880256 -0.168427 0.159986 803.607 0.00554627 1 10 -0.894632 -0.222281 25759.8
0 29 56 phononTS 0.00139924 -0.880256 -0.168427 0.159986 803.607 0.00139924 1 -9.26987 8.43323 0.25 25724.6
0 29 63 phononTS 0.00704841 0.189603 0.235763 -0.12565 735.875 0.00704841 1 2.14852 3.40568 0.25 13688.4
0 29 62 phononTF 0.00406868 0.189603 0.235763 -0.12565 735.875 0.00406868 1 6.2667 1.63275 0.25 9523.89
0 29 65 phononTS 0.00455495 0.371075 0.0872321 -0.130753 595.461 0.00455495 1 2.52411 3.58469 0.25 25449
0 29 64 phononTS 0.0028135 0.371075 0.0872321 -0.130753 595.461 0.0028135 1 -1.37223 -0.0627361 -0.25 1567.94
0 29 71 phononTF 0.00654979 -0.71543 0.628934 0.0931894 2338.77 0.00654979 1 1.51797 1.65458 -0.25 8738.46
0 29 70 phononTS 0.00303397 -0.71543 0.628934 0.0931894 2338.77 0.00303397 1 -7.86568 -4.21775 -0.25 27842.4
0 29 73 phononL 0.00311359 -2.25017 0.961372 0.0626043 4627.77 0.00311359 1 -1.2658 5.2254 -0.25 5696.72
0 29 72 phononTF 0.00480617 -2.25017 0.961372 0.0626043 4627.77 0.00480617 1 1.19137 -4.65647 0.25 31977.7
0 29 75 phononL 0.00468308 0.278394 0.376378 0.0159003 895.496 0.00468308 1 -0.361675 -1.30933 0.25 1531.3
0 29 74 phononTS 0.00489122 0.278394 0.376378 0.0159003 895.496 0.00489122 1 -1.30213 -4.34723 -0.25 7920.12
0 29 85 phononL 0.00455665 -0.0281014 -0.0174777 0.0119931 44.3809 0.00455665 1 8.24644 -0.480239 0.25 39203
0 29 93 phononTS 0.00236971 0.145917 2.30687 0.156987 12021.6 0.00236971 1 0.183182 2.35522 0.25 12043.7
0 29 92 phononL 0.00373787 0.145917 2.30687 0.156987 12021.6 0.00373787 1 4.11418 6.43038 -0.25 27718.1
0 29 90 phononL 0.00216088 -0.809868 -1.28248 -0.016011 1754.42 0.00216088 1 8.64747 1.72098 0.25 82596.2
0 29 88 phononTS 0.00273547 -0.0364741 -0.355709 0.00381652 295.599 0.00273547 1 9.80297 -5.78428 0.25 11804
0 29 95 phononTS 0.00179572 -3.35031 2.23018 -0.230878 17132.8 0.00179572 1 -0.0773019 -9.30024 0.25 122023
0 29 94 phononTS 0.00404852 -3.35031 2.23018 -0.230878 17132.8 0.00404852 1 -8.37232 9.92225 0.25 28089.1
0 29 82 phononTF 0.00802163 -0.0154735 -0.00977211 -0.0181991 25.4972 0.00802163 1 -2.42661 -0.673487 -0.25 3055.18
0 29 99 phononTS 0.00421733 -0.12518 0.775282 0.149298 1689.64 0.00421733 1 6.19106 -2.68938 0.25 10796.7
0 29 101 phononTS 0.00284579 0.929535 3.35328 -0.134156 13250.1 0.00284579 1 3.58447 5.23408 -0.25 41388.4
0 29 100 phononTS 0.00272274 0.929535 3.35328 -0.134156 13250.1 0.00272274 1 2.13232 3.75134 -0.25 13914.3
0 29 103 phononTF 0.00388532 0.355343 0.370842 0.083737 2482.17 0.00388532 1 -2.34255 0.792184 -0.25 4590.38
0 29 102 phononL 0.00312122 0.355343 0.370842 0.083737 2482.17 0.00312122 1 9.85297 3.74934 -0.25 42768.4
0 29 109 phononTS 0.0019424 -2.60794 0.181282 0.00991899 2677.42 0.0019424 1 5.53621 10 -0.0629199 34371.4
0 29 108 phononTS 0.00473039 -2.60794 0.181282 0.00991899 2677.42 0.00473039 1 -5.2711 -8.54069 0.25 15563.6
0 29 106 phononTS 0.00444989 -0.187202 0.173333 0.0350961 739.162 0.00444989 1 -2.35326 -9.12847 -0.25 46993.3
0 29 113 phononL 0.0033375 -1.39127 0.495413 0.176971 15524.1 0.0033375 1 -6.39169 7.93494 0.25 20281.6
0 29 112 phononL 0.00249548 -1.39127 0.495413 0.176971 15524.1 0.00249548 1 -3.96365 -2.02 0.25 40493
0 29 117 phononTF 0.00324488 -0.0567649 5.53316 0.244801 6362.39 0.00324488 1 9.88704 9.44262 0.25 16057.9
0 29 116 phononTF 0.00239496 -0.0567649 5.53316 0.244801 6362.39 0.00239496 1 -3.50119 -5.21575 -0.25 15668.7
0 29 114 phononTS 0.00192783 -0.0357992 -0.0763333 0.248483 3707.31 0.00192783 1 7.23053 7.10645 -0.25 20476.9
0 29 129 phononTF 0.00235569 1.03094 -2.45713 0.103699 8967.35 0.00235569 1 -9.31866 -2.32626 0.25 20045.1
0 29 128 phononL 0.00338139 1.03094 -2.45713 0.103699 8967.35 0.00338139 1 -0.9861 7.714 -0.25 16285.7
0 29 131 phononTS 0.00239614 2.08577 -0.806967 0.0441906 10556 0.00239614 1 4.37482 -4.90899 -0.25 61796.2
0 29 130 phononTS 0.00238823 2.08577 -0.806967 0.0441906 10556 0.00238823 1 9.37114 -9.76538 0.25 37883.7
0 29 133 phononTS 0.00518883 -1.22703 0.635961 0.221702 575.732 0.00518883 1 -10 4.88659 -0.232567 12693.8
0 29 132 phononTS 0.00334059 -1.22703 0.635961 0.221702 575.732 0.00334059 1 -9.81753 -1.8193 -0.25 8642.81
0 29 135 phononTS 0.00532262 0.483786 -0.0776567 0.135297 4556.79 0.00532262 1 2.38133 -1.31286 -0.25 7592.43
0 29 134 phononTS 0.00497813 0.483786 -0.0776567 0.135297 4556.79 0.00497813 1 1.59935 4.00281 0.25 16885.6
0 29 141 phononTF 0.00512635 -0.142117 0.00716464 0.101972 262.039 0.00512635 1 0.360696 -2.06497 0.25 9848.08
0 29 140 phononTF 0.00492591 -0.142117 0.00716464 0.101972 262.039 0.00492591 1 -2.49706 -4.06068 0.25 4669.92
0 29 143 phononTF 0.00480843 -0.100314 -0.790372 -0.199669 3362.34 0.00480843 1 -2.41685 9.68488 -0.25 34257.1
0 29 142 phononTS 0.00370513 -0.100314 -0.790372 -0.199669 3362.34 0.00370513 1 1.32639 -5.73204 0.25 5314.16
0 29 145 phononTF 0.00619849 -0.0197153 0.0308432 -0.0315677 119.687 0.00619849 1 3.27164 0.243436 0.25 11262.6
0 29 151 phononTS 0.00469788 -0.586036 -0.082093 0.198799 3903.42 0.00469788 1 -0.577342 -0.0845982 0.25 3912.84
0 29 150 phononTS 0.00236782 -0.586036 -0.082093 0.198799 3903.42 0.00236782 1 9.81812 9.07243 0.25 34954.8
0 29 148 phononL 0.00148652 -0.482192 0.322881 0.122677 2912.24 0.00148652 1 -2.15101 4.37171 0.25 9145.39
0 29 146 phononTF 0.00356448 -0.365616 -0.848423 -0.00278875 1202.85 0.00356448 1 8.30801 0.5166 0.25 22407.6
0 29 161 phononTS 0.00384332 -0.737192 5.14318 0.222797 18586.4 0.00384332 1 9.77349 9.41865 0.25 40837.8
0 29 160 phononL 0.00319092 -0.737192 5.14318 0.222797 18586.4 0.00319092 1 -5.30792 6.46001 0.25 69695.5
0 29 158 phononTS 0.00190157 0.373784 -0.73148 0.154644 3582.17 0.00190157 1 -2.4999 7.85873 0.25 93631
0 29 156 phononTS 0.00317458 -0.289697 0.118391 0.121503 488.676 0.00317458 1 9.98259 4.89152 -0.25 20435.8
0 29 163 phononTF 0.00334129 -2.75345 -4.0679 -0.223042 4606.66 0.00334129 1 -1.64743 -7.95281 0.25 8032.6
0 29 162 phononTS 0.00380546 -2.75345 -4.0679 -0.223042 4606.66 0.00380546 1 -3.43668 -5.10496 0.25 5762.93
0 29 167 phononL 0.00279685 3.85005 -1.56617 -0.0412779 26450.8 0.00279685 1 9.5873 -0.451213 -0.25 60910.9
0 29 166 phononTF 0.00171871 3.85005 -1.56617 -0.0412779 26450.8 0.00171871 1 -9.33376 6.10491 0.25 50916.6
0 29 169 phononTS 0.00478488 0.230538 0.271383 0.0575342 549.029 0.00478488 1 2.90572 1.31958 -0.25 20845.9
0 29 171 phononTS 0.00423307 -6.06229 8.35927 -0.0443199 28926.3 0.00423307 1 -9.82258 -3.61238 0.25 47480.8
0 29 170 phononTS 0.00227226 -6.06229 8.35927 -0.0443199 28926.3 0.00227226 1 9.10469 9.66183 0.25 35770
0 29 183 phononTS 0.0040629 -1.44393 -0.810797 -0.245342 6179.59 0.0040629 1 3.44993 7.44474 0.25 34448
0 29 182 phononTF 0.00246983 -1.44393 -0.810797 -0.245342 6179.59 0.00246983 1 2.43622 -8.72273 -0.25 97321.5
0 29 185 phononTS 0.00334906 -0.156086 0.378193 0.0333257 852.759 0.00334906 1 0.520322 -0.119657 -0.25 1153.99
0 29 187 phononTF 0.00327363 -0.624557 3.43647 -0.248377 8723.03 0.00327363 1 3.46049 6.60257 0.25 44954.7
0 29 186 phononTS 0.00291032 -0.624557 3.43647 -0.248377 8723.03 0.00291032 1 -0.0303065 6.04127 0.25 9468.81
0 29 178 phononTS 0.00202647 -0.0397166 0.184997 -0.0135152 232.019 0.00202647 1 -3.84317 -9.31904 0.25 4345.57
0 29 189 phononTS 0.00643599 0.0218989 0.0672782 -0.118828 22.0741 0.00643599 1 3.2188 1.77124 -0.25 9268.69
0 29 188 phononL 0.00403599 0.0218989 0.0672782 -0.118828 22.0741 0.00403599 1 3.02267 -7.3219 0.25 21218
0 29 199 phononTS 0.00152037 6.78185 2.60255 0.0810724 12038 0.00152037 1 9.57499 9.91476 0.25 22211.3
0 29 198 phononTS 0.0033417 6.78185 2.60255 0.0810724 12038 0.0033417 1 8.96148 8.39037 0.25 31410.8
0 29 201 phononTF 0.00413158 6.44724 5.94339 -0.0919859 17892.5 0.00413158 1 6.826 5.99928 -0.25 17969.2
0 29 200 phononTS 0.00288403 6.44724 5.94339 -0.0919859 17892.5 0.00288403 1 5.36828 2.84827 0.25 25891.2
0 29 203 phononTS 0.00552762 0.0110459 0.036869 0.0213605 42.3357 0.00552762 1 -0.363143 -2.22093 -0.25 1665.05
0 29 205 phononTF 0.00490143 -1.42545 2.44552 0.141084 9390.15 0.00490143 1 5.13297 6.02864 0.25 21641.8
0 29 204 phononL 0.0030378 -1.42545 2.44552 0.141084 9390.15 0.0030378 1 3.80664 7.90924 -0.25 25094.1
0 29 209 phononTS 0.00358845 -0.0354212 -1.93613 -0.0602994 1901.36 0.00358845 1 2.61595 2.85665 -0.25 5252.66
0 29 208 phononL 0.00223706 -0.0354212 -1.93613 -0.0602994 1901.36 0.00223706 1 3.09562 1.11511 -0.25 115858
0 29 206 phononTF 0.00495487 0.245475 0.11876 0.0786278 449.217 0.00495487 1 -0.529947 -2.95021 0.25 6992.98
0 29 211 phononTF 0.00576037 0.00771724 0.00869098 -0.0505535 15.432 0.00576037 1 1.10546 -1.58952 0.25 8863.85
0 29 213 phononTS 0.0066065 -2.35975 0.104193 0.0380031 4333.59 0.0066065 1 -1.64534 -2.30572 -0.25 7476.91
0 29 212 phononL 0.00328633 -2.35975 0.104193 0.0380031 4333.59 0.00328633 1 -5.32876 9.76646 -0.25 31669.2
0 29 223 phononTF 0.00385427 -1.01693 -0.241876 -0.0724197 7733.57 0.00385427 1 -9.37886 0.175813 -0.25 113632
0 29 222 phononTS 0.00434964 -1.01693 -0.241876 -0.0724197 7733.57 0.00434964 1 -2.65646 5.4821 0.25 27766.8
0 29 220 phononTF 0.00353973 0.390573 0.250579 -0.231936 620.709 0.00353973 1 0.136809 0.230793 -0.25 664.529
0 29 218 phononTF 0.0108515 0.00552634 -0.00622772 0.0197477 28.8254 0.0108515 1 0.608774 -0.406795 0.25 904.044
0 29 231 phononTS 0.00474347 -0.0979946 1.31144 0.130676 2802.47 0.00474347 1 10 1.97977 0.0925407 10379.1
0 29 230 phononTS 0.0029386 -0.0979946 1.31144 0.130676 2802.47 0.0029386 1 -5.94942 0.75855 0.25 4790.75
0 29 228 phononTS 0.00421315 0.0581905 4.70953e-06 -0.0240657 159.678 0.00421315 1 7.18167 0.0733226 0.25 17111.8
0 29 233 phononTS 0.00418 0.21017 -0.11029 -0.176507 1110.47 0.00418 1 9.50353 1.44293 0.25 16855
0 29 232 phononL 0.00434052 0.21017 -0.11029 -0.176507 1110.47 0.00434052 1 1.84106 -9.2243 -0.25 13164.5
0 29 237 phononTF 0.00405826 0.181588 0.204479 -0.188014 3705.83 0.00405826 1 7.65446 -8.82861 -0.25 27686.5
0 29 236 phononTS 0.00400365 0.181588 0.204479 -0.188014 3705.83 0.00400365 1 3.77384 7.94578 0.25 6891.73
0 29 239 phononL 0.00423516 -0.482184 -0.860508 0.0345938 1613.82 0.00423516 1 -1.33089 -0.902002 -0.25 1749.57
0 29 241 phononTS 0.00209734 -2.33734 7.40147 -0.182379 27612.2 0.00209734 1 -1.22574 -3.52864 -0.25 55211
0 29 240 phononTS 0.00216042 -2.33734 7.40147 -0.182379 27612.2 0.00216042 1 -8.99991 10 -0.0700612 30940.6
0 29 247 phononTS 0.00276214 6.01247 -1.30384 -0.0575387 49487.9 0.00276214 1 -10 -9.34837 0.132625 77369.4
0 29 246 phononL 0.00208647 6.01247 -1.30384 -0.0575387 49487.9 0.00208647 1 1.823 -8.85399 -0.25 93314.5
0 29 249 phononTF 0.00360687 -4.64957 -0.18654 -0.113202 18667.4 0.00360687 1 -9.18733 -9.74121 0.25 50769
0 29 248 phononL 0.00371547 -4.64957 -0.18654 -0.113202 18667.4 0.00371547 1 -9.81625 3.29355 0.25 34355.3
0 29 257 phononTF 0.00447645 0.349587 -0.444473 0.113621 811.153 0.00447645 1 9.96437 9.63583 0.25 20055.8
0 29 256 phononTF 0.00508201 0.349587 -0.444473 0.113621 811.153 0.00508201 1 2.62332 -4.11028 0.25 7642.54
0 29 254 phononTS 0.00498474 -0.143148 0.00830219 -0.123559 337.533 0.00498474 1 -7.23057 -4.67447 0.25 35739.9
0 29 252 phononTS 0.00327472 0.00131952 0.0083459 -0.00479429 35.2201 0.00327472 1 -2.0702 2.41549 -0.25 11432.7
0 29 261 phononTF 0.00545219 1.03045 -3.847 -0.228406 7724.26 0.00545219 1 -0.658203 -9.05319 -0.25 24812.4
0 29 260 phononTF 0.0027759 1.03045 -3.847 -0.228406 7724.26 0.0027759 1 -1.28845 5.16111 -0.25 20270.1
0 29 258 phononTS 0.0054524 0.00685733 -0.127256 0.0175298 238.343 0.0054524 1 0.209158 -0.608432 0.25 2638.84
0 30 17 phononL 0.00327608 -0.0923125 -6.20851 0.225811 15290.4 0.00327608 1 -8.98432 2.44505 0.25 34372.4
0 30 16 phononTF 0.00284699 -0.0923125 -6.20851 0.225811 15290.4 0.00284699 1 0.538012 -7.35046 -0.25 33245.2
0 30 21 phononL 0.00254232 1.08847 2.03658 0.00244483 2379.42 0.00254232 1 1.7897 9.71507 0.25 12322.9
0 30 20 phononTS 0.00295032 1.08847 2.03658 0.00244483 2379.42 0.00295032 1 5.25059 -1.50658 -0.25 8369.78
0 30 18 phononTS 0.00338752 0.86229 2.00391 -0.0289409 1841.35 0.00338752 1 4.78229 3.91801 0.25 105840
0 30 27 phononL 0.00381442 -2.19609 -0.654555 -0.191359 2335.87 0.00381442 1 -8.17325 -2.86066 0.25 8236.09
0 30 26 phononTS 0.0030906 -2.19609 -0.654555 -0.191359 2335.87 0.0030906 1 -3.157 -5.51666 0.25 24581.5
0 30 24 phononTF 0.00475945 -0.212919 0.134488 -0.0271949 395.776 0.00475945 1 7.20896 0.479714 0.25 8665.45
0 30 22 phononTS 0.00365616 -0.0855061 0.044002 -0.0549588 317.916 0.00365616 1 -8.21148 9.20896 -0.25 14590.6
0 30 35 phononL 0.00278445 2.34224 -1.82552 -0.00492999 10274.2 0.00278445 1 -8.19125 7.22437 -0.25 41680.4
0 30 34 phononL 0.00396042 2.34224 -1.82552 -0.00492999 10274.2 0.00396042 1 -1.50414 -1.59141 -0.25 38220.3
0 30 32 phononTS 0.00481033 -0.159081 0.28227 0.220295 1769.87 0.00481033 1 -1.82539 1.33661 0.25 7411.04
0 30 41 phononTS 0.00162349 -2.95253 8.13298 0.178762 12608.3 0.00162349 1 0.205666 9.75918 -0.25 21759.6
0 30 40 phononTS 0.00227762 -2.95253 8.13298 0.178762 12608.3 0.00227762 1 5.76572 1.13903 -0.25 21656.9
0 30 38 phononTF 0.00252037 1.76133 2.78726 0.249531 3234.67 0.00252037 1 9.75014 10 -0.10074 66294
0 30 43 phononTF 0.00426289 5.37327 9.98754 -0.234773 19604.4 0.00426289 1 8.55103 -0.591719 -0.25 64112.6
0 30 42 phononTF 0.00256626 5.37327 9.98754 -0.234773 19604.4 0.00256626 1 3.10817 1.59878 0.25 66966.5
0 30 47 phononTF 0.00585585 -0.302244 -0.154366 0.23045 4040.78 0.00585585 1 0.700581 -1.38626 -0.25 8020.16
0 30 49 phononL 0.00303703 -0.0869308 -4.88595 0.139955 24243.7 0.00303703 1 -3.14793 3.52024 -0.25 54505.6
0 30 48 phononTF 0.00120968 -0.0869308 -4.88595 0.139955 24243.7 0.00120968 1 1.30588 -9.60914 -0.25 25397.4
0 30 44 phononTF 0.00825848 -0.0093638 0.0461694 -0.11887 194.809 0.00825848 1 0.887923 1.64971 -0.25 2444.98
0 30 55 phononTF 0.00309341 -7.01357 2.66071 -0.0708135 17856.7 0.00309341 1 -1.31343 4.56066 0.25 22626.1
0 30 54 phononTS 0.0029599 -7.01357 2.66071 -0.0708135 17856.7 0.0029599 1 -9.18462 -2.67523 0.25 43058.5
0 30 57 phononTS 0.00333403 -5.21674 -2.71248 -0.197985 10694.7 0.00333403 1 0.650422 3.99481 0.25 18978.6
0 30 56 phononTF 0.00215744 -5.21674 -2.71248 -0.197985 10694.7 0.00215744 1 0.424635 5.34687 -0.25 16629.9
0 30 63 phononTS 0.00639207 -0.0523493 0.101916 -0.0164418 324.05 0.00639207 1 -0.459946 0.881782 0.25 637.941
0 30 65 phononTF 0.00523181 1.58751 -0.887767 -0.204706 4914.63 0.00523181 1 2.18009 1.77275 -0.25 6996.66
0 30 64 phononL 0.00394426 1.58751 -0.887767 -0.204706 4914.63 0.00394426 1 6.83767 0.553261 -0.25 13062.9
0 30 67 phononTS 0.00312221 5.72424 -0.0682894 0.249613 12161.7 0.00312221 1 -9.72736 -9.93411 0.25 27860.6
0 30 66 phononL 0.00197888 5.72424 -0.0682894 0.249613 12161.7 0.00197888 1 -3.92778 -2.19011 -0.25 18400.8
0 30 58 phononL 0.00577883 -0.00314425 -0.00559246 -0.0255975 2.85901 0.00577883 1 1.65321 0.16473 0.25 2851.39
0 30 77 phononTS 0.00230617 1.76229 5.12297 0.0617575 8139.12 0.00230617 1 4.97854 8.19858 -0.25 15637.1
0 30 76 phononTF 0.00254143 1.76229 5.12297 0.0617575 8139.12 0.00254143 1 9.64992 9.2533 0.25 12603.8
0 30 74 phononTF 0.00258442 -0.824018 -0.81854 -0.243877 801.195 0.00258442 1 2.21682 8.83526 0.25 12801.8
0 30 79 phononTF 0.00379481 0.415791 0.0252391 -0.15948 878.214 0.00379481 1 6.69974 -2.25349 -0.25 3870.51
0 30 78 phononL 0.00494727 0.415791 0.0252391 -0.15948 878.214 0.00494727 1 -0.828669 9.87632 -0.25 29879.2
0 30 87 phononTS 0.00354199 -2.90695 3.6293 0.113822 3664.47 0.00354199 1 -2.30868 2.40663 0.25 4630.8
0 30 86 phononTF 0.00232274 -2.90695 3.6293 0.113822 3664.47 0.00232274 1 -10 2.57685 0.193343 41128
0 30 89 phononTS 0.00453198 0.116422 -0.565711 -0.0921395 381.297 0.00453198 1 -4.91476 8.76316 0.25 7442.66
0 30 88 phononTS 0.00289158 0.116422 -0.565711 -0.0921395 381.297 0.00289158 1 -3.84434 -8.54937 -0.25 30265
0 30 82 phononL 0.00448056 -0.00117573 0.0183319 -0.0352702 23.6993 0.00448056 1 -9.13931 -4.67162 0.25 73924.8
0 30 91 phononTS 0.00384307 -2.85483 0.991115 -0.205053 11942.1 0.00384307 1 -0.673646 0.789311 0.25 13504.4
0 30 90 phononTF 0.00458495 -2.85483 0.991115 -0.205053 11942.1 0.00458495 1 0.204104 -4.09043 0.25 22571.9
0 30 99 phononTS 0.00279082 5.73408 -9.3851 0.147561 51590.3 0.00279082 1 3.85239 6.65324 -0.25 70839.4
0 30 98 phononTS 0.00123222 5.73408 -9.3851 0.147561 51590.3 0.00123222 1 4.85648 -9.82148 0.25 53421.1
0 30 96 phononTF 0.00286226 -2.91372 1.38162 -0.169363 8448.4 0.00286226 1 -2.94735 2.46961 0.25 82894.3
0 30 101 phononTF 0.00498907 0.222468 -1.3479 -0.219524 2484.41 0.00498907 1 2.51439 -1.61433 -0.25 7609.74
0 30 100 phononTS 0.00359791 0.222468 -1.3479 -0.219524 2484.41 0.00359791 1 10 4.82524 -0.0515318 11464.8
0 30 105 phononTS 0.00677015 0.317842 0.0463575 0.00170337 183.121 0.00677015 1 1.1821 -2.9035 -0.25 3438.32
0 30 104 phononTF 0.0041344 0.317842 0.0463575 0.00170337 183.121 0.0041344 1 -1.72257 -1.68422 0.25 12995.4
0 30 109 phononTS 0.00277488 3.09165 -2.39085 -0.201487 5604.92 0.00277488 1 9.91685 -7.40484 0.25 66423.8
0 30 108 phononTF 0.00191889 3.09165 -2.39085 -0.201487 5604.92 0.00191889 1 -0.263254 4.75183 0.25 8722
0 30 106 phononTS 0.00338514 2.86167 -2.22115 0.190375 5519.04 0.00338514 1 -8.61826 8.80953 0.25 62257
0 30 121 phononTF 0.00704815 0.324567 -0.877144 -0.150451 3354.22 0.00704815 1 0.994297 -0.988696 0.25 4017.21
0 30 120 phononTS 0.00420044 0.324567 -0.877144 -0.150451 3354.22 0.00420044 1 -0.640421 -2.33492 0.25 12211
0 30 125 phononTS 0.00400323 0.563271 0.404319 -0.0154063 284.775 0.00400323 1 0.878399 0.622201 0.25 377.97
0 30 124 phononL 0.00345597 0.563271 0.404319 -0.0154063 284.775 0.00345597 1 8.15223 -9.53251 0.25 22735.3
0 30 127 phononTF 0.0033819 0.821381 0.548929 -0.228089 3409.69 0.0033819 1 1.4339 7.06878 -0.25 6589.66
0 30 129 phononL 0.00347619 -7.27904 -7.30415 0.215744 35372.1 0.00347619 1 -6.96841 -7.09896 -0.25 35450.2
0 30 128 phononTF 0.00141765 -7.27904 -7.30415 0.215744 35372.1 0.00141765 1 -10 -5.88973 0.233901 37291.1
0 30 133 phononTF 0.00171182 4.42608 -3.73315 -0.145879 13751.9 0.00171182 1 7.37044 -4.88106 0.25 21110.3
0 30 132 phononTF 0.00581039 4.42608 -3.73315 -0.145879 13751.9 0.00581039 1 5.24612 -2.35269 0.25 14883.4
0 30 135 phononTS 0.00203847 1.22794 -3.82187 -0.114071 7108.72 0.00203847 1 -9.95869 6.28911 0.25 36404.9
0 30 134 phononTF 0.00303009 1.22794 -3.82187 -0.114071 7108.72 0.00303009 1 -4.34502 -5.61739 0.25 17984
0 30 141 phononTS 0.00277767 -4.02753 1.3894 0.00239266 3726.25 0.00277767 1 -4.26991 1.98494 0.25 4810.43
0 30 140 phononTS 0.00236707 -4.02753 1.3894 0.00239266 3726.25 0.00236707 1 3.82377 -4.46577 -0.25 19290.6
0 30 138 phononTF 0.00170829 -3.01546 1.43203 -0.0756912 3472.44 0.00170829 1 9.14457 -9.73097 -0.25 21261.6
0 30 136 phononTS 0.00411799 -0.815175 -0.110867 -0.18184 1788.76 0.00411799 1 -0.35017 0.495065 -0.25 4526.95
0 30 151 phononTF 0.00353729 -6.82905 6.95602 0.23787 9706.43 0.00353729 1 -10 7.54223 0.0399285 16819.6
0 30 150 phononTS 0.00220892 -6.82905 6.95602 0.23787 9706.43 0.00220892 1 -5.83628 -3.867 -0.25 32255.7
0 30 148 phononTF 0.00321022 -1.96728 1.83322 -0.111595 5745.71 0.00321022 1 -3.35682 -4.90398 -0.25 25730.4
0 30 155 phononL 0.00489257 0.0171877 0.557509 0.148396 1017.32 0.00489257 1 2.29438 -4.77376 -0.25 8934.49
0 30 154 phononTS 0.00635416 0.0171877 0.557509 0.148396 1017.32 0.00635416 1 -2.71511 -3.14846 0.25 18706.2
0 30 152 phononTF 0.00458554 -0.064481 -0.202922 0.0313435 320.742 0.00458554 1 -7.88335 -2.41373 0.25 25486.8
0 30 159 phononTS 0.00817486 0.0154929 0.421534 -0.119101 646.158 0.00817486 1 0.0680869 -0.41182 -0.25 3767.46
0 30 158 phononTF 0.00370151 0.0154929 0.421534 -0.119101 646.158 0.00370151 1 0.633366 1.49333 0.25 17785.4
0 30 161 phononTS 0.00294648 4.80847 3.01715 0.0853567 12097.1 0.00294648 1 -10 4.37754 -0.244657 35900.9
0 30 160 phononTS 0.0028567 4.80847 3.01715 0.0853567 12097.1 0.0028567 1 6.65535 -9.84541 -0.25 26036.2
0 30 165 phononTS 0.00329933 1.53159 1.1732 -0.239392 16585.2 0.00329933 1 0.838639 1.09967 0.25 17192.5
0 30 164 phononTF 0.00380429 1.53159 1.1732 -0.239392 16585.2 0.00380429 1 9.33383 9.27177 0.25 23690.9
0 30 167 phononTF 0.00381225 -3.09215 1.83337 0.193272 21552.4 0.00381225 1 9.83103 7.91642 0.25 40642.9
0 30 166 phononTS 0.00244614 -3.09215 1.83337 0.193272 21552.4 0.00244614 1 2.2903 7.01501 0.25 51129.6
0 30 177 phononTS 0.00254633 -1.09326 8.06049 -0.131301 18272.3 0.00254633 1 -4.96373 6.20946 -0.25 24286.5
0 30 176 phononTF 0.00351721 -1.09326 8.06049 -0.131301 18272.3 0.00351721 1 0.0612561 10 0.137218 21929.6
0 30 179 phononTS 0.00242987 0.0935807 0.764767 0.211314 1717.28 0.00242987 1 -3.48676 10 -0.0902258 47624
0 30 178 phononTS 0.00417474 0.0935807 0.764767 0.211314 1717.28 0.00417474 1 -3.05238 5.38944 -0.25 8637.1
0 30 181 phononTS 0.00652154 -0.347078 0.00396953 -0.0560561 670.185 0.00652154 1 0.655502 -1.83625 -0.25 3443.54
0 30 180 phononTF 0.0048302 -0.347078 0.00396953 -0.0560561 670.185 0.0048302 1 -9.82361 -9.4023 0.25 24454.2
0 30 187 phononTF 0.00259452 1.04153 0.707785 0.133943 5116.94 0.00259452 1 -9.08176 -8.67578 0.25 19143.4
0 30 189 phononTS 0.00304256 3.56506 2.5268 0.216645 68374.2 0.00304256 1 -2.34119 -5.30252 -0.25 117704
0 30 188 phononTS 0.00237252 3.56506 2.5268 0.216645 68374.2 0.00237252 1 -3.21871 4.20764 -0.25 122782
0 30 184 phononTS 0.00061142 0.314916 -0.503518 0.129169 990.176 0.00061142 1 -7.04256 -7.35414 0.25 25927.1
0 30 193 phononL 0.0020775 -0.353404 0.0833134 -0.107457 5810.53 0.0020775 1 9.71002 9.03589 0.25 41359.7
0 30 192 phononTF 0.00585305 -0.353404 0.0833134 -0.107457 5810.53 0.00585305 1 0.657432 -5.12082 0.25 21048
0 30 190 phononTF 0.0025754 0.626578 -0.268551 0.11928 1697.03 0.0025754 1 9.45036 9.46796 0.25 42943.1
0 30 199 phononL 0.00460672 1.70562 3.05552 -0.0436762 15726 0.00460672 1 2.22366 2.32912 0.25 46182.8
0 30 198 phononTF 0.00187704 1.70562 3.05552 -0.0436762 15726 0.00187704 1 9.85832 9.13518 0.25 22474.2
0 30 196 phononL 0.00227356 -0.455148 0.269142 0.069717 2983.25 0.00227356 1 -8.85758 3.6685 0.25 41734.8
0 30 194 phononTF 0.00624043 -0.128445 -0.0677508 0.229325 1078.32 0.00624043 1 -2.55558 0.0830501 -0.25 1943.86
0 30 211 phononTF 0.00374527 -1.12861 -2.07378 0.147398 6693.3 0.00374527 1 -2.5067 5.58261 0.25 18481
0 30 210 phononTF 0.00506061 -1.12861 -2.07378 0.147398 6693.3 0.00506061 1 -5.09115 -9.36551 -0.25 10760.4
0 30 208 phononL 0.00382491 0.0152229 -0.00906872 -0.0339947 20.143 0.00382491 1 5.83983 9.47796 -0.25 16015.2
0 30 213 phononTS 0.00595281 0.391799 -0.0940307 -0.0807107 317.63 0.00595281 1 0.429335 0.771826 -0.25 6557.6
0 30 215 phononTS 0.00431909 0.401285 0.163021 -0.142336 430.846 0.00431909 1 5.1925 1.88363 -0.25 6391
0 30 214 phononTS 0.00603598 0.401285 0.163021 -0.142336 430.846 0.00603598 1 1.48993 4.13627 -0.25 8410.08
0 30 217 phononTF 0.00652159 -0.00473531 0.0501438 0.106758 278.524 0.00652159 1 2.31934 -1.05167 -0.25 2937.89
0 30 216 phononTF 0.00842526 -0.00473531 0.0501438 0.106758 278.524 0.00842526 1 2.03374 -0.19485 -0.25 3385.05
0 30 231 phononTS 0.00375365 4.68689 9.14387 0.0598822 9371.45 0.00375365 1 2.31446 -7.08364 0.25 44366.2
0 30 230 phononTF 0.00282838 4.68689 9.14387 0.0598822 9371.45 0.00282838 1 4.45456 9.95123 0.25 10147.9
0 30 228 phononTF 0.00430609 0.0837699 0.0657417 0.164664 668.102 0.00430609 1 -5.41192 3.68469 -0.25 4057.99
0 30 226 phononTS 0.00377785 -0.00825834 0.170691 0.0899434 243.152 0.00377785 1 -0.672557 2.76713 0.25 8220.27
0 30 235 phononTS 0.00219316 4.51169 1.79369 -0.201233 14650.2 0.00219316 1 9.14292 8.06625 -0.25 20421.3
0 30 234 phononTS 0.00148407 4.51169 1.79369 -0.201233 14650.2 0.00148407 1 9.47932 9.08506 0.25 39644.5
0 30 232 phononTF 0.00587827 -0.499385 -1.96903 -0.223992 4771.67 0.00587827 1 -0.424523 -2.8137 -0.25 7185.93
0 30 237 phononL 0.00781197 0.0249053 -0.147552 -0.103868 305.611 0.00781197 1 2.41193 0.907553 0.25 7098.23
0 30 236 phononTF 0.00628003 0.0249053 -0.147552 -0.103868 305.611 0.00628003 1 2.88493 -4.2773 -0.25 16498.9
0 30 220 phononL 0.00825689 -0.00152564 0.000599876 -0.0252879 1.82937 0.00825689 1 -0.743096 -0.0284986 0.25 8518.97
0 30 243 phononTF 0.00441092 0.025506 0.00530597 0.218531 539.73 0.00441092 1 0.0919954 3.2196 -0.25 12779.3
0 30 242 phononTF 0.00232948 0.025506 0.00530597 0.218531 539.73 0.00232948 1 -7.54387 -10 -0.014581 3160.33
0 30 247 phononTS 0.00276258 4.27919 -0.798951 -0.114404 7988.52 0.00276258 1 -5.87429 5.2482 -0.25 28817.4
0 30 246 phononTS 0.00285463 4.27919 -0.798951 -0.114404 7988.52 0.00285463 1 8.74459 -3.43927 0.25 75975.8
0 30 244 phononTS 0.00343469 0.0610712 -0.0577723 0.0445679 122.297 0.00343469 1 -5.80052 -2.75303 0.25 50509
0 30 253 phononTS 0.00479653 0.134619 0.415266 -0.020286 503.564 0.00479653 1 6.17238 -0.339996 0.25 12941.7
0 30 252 phononTS 0.00530182 0.134619 0.415266 -0.020286 503.564 0.00530182 1 -3.34848 2.16921 -0.25 27634.1
0 30 250 phononTF 0.00213146 -0.0236764 -0.153249 0.045343 113.969 0.00213146 1 -9.4306 -6.46781 -0.25 19985.4
0 30 248 phononTF 0.00446716 -0.0427896 -0.157884 0.0937083 86.1564 0.00446716 1 2.98246 1.91753 0.25 5162.88
0 30 257 phononTF 0.00350884 -0.385445 1.37965 0.0856184 2524.85 0.00350884 1 5.85848 9.46669 -0.25 13247.8
0 30 256 phononL 0.00647993 -0.385445 1.37965 0.0856184 2524.85 0.00647993 1 1.95611 -4.99231 -0.25 39171.9
0 30 261 phononTS 0.00339921 -0.205424 -0.156535 0.127158 2225.02 0.00339921 1 7.10057 -5.6976 -0.25 77489.7
0 30 263 phononTS 0.00344107 0.13452 0.224715 0.170052 3141.01 0.00344107 1 -6.14183 7.10156 0.25 17458.1
0 30 262 phononTS 0.00437428 0.13452 0.224715 0.170052 3141.01 0.00437428 1 -1.85218 -2.2348 -0.25 5390.25
0 30 258 phononL 0.00302101 0.0292299 -0.00635836 -0.0323171 63.8982 0.00302101 1 3.01556 -1.66366 0.25 2082.26
0 31 15 phononTF 0.00587731 1.51989 -0.642887 0.0185769 2763.86 0.00587731 1 9.21377 -1.58521 -0.25 12212.9
0 31 14 phononTS 0.00359599 1.51989 -0.642887 0.0185769 2763.86 0.00359599 1 1.37471 -5.86626 -0.25 12071.6
0 31 19 phononTS 0.00567775 0.0321954 0.0576995 -0.205589 285.864 0.00567775 1 -4.38525 6.7412 -0.25 29344.5
0 31 18 phononTS 0.00498327 0.0321954 0.0576995 -0.205589 285.864 0.00498327 1 -3.60601 9.15778 0.25 13886.7
0 31 21 phononTS 0.00571089 -1.13907 -4.57492 -0.0230084 12949.6 0.00571089 1 -7.58967 -5.71522 0.25 42702.6
0 31 20 phononTS 0.00228919 -1.13907 -4.57492 -0.0230084 12949.6 0.00228919 1 -5.06573 -8.73717 -0.25 23803
0 31 27 phononTS 0.0022432 3.23868 2.59841 0.206178 9181.54 0.0022432 1 1.06674 -2.8845 0.25 17205
0 31 29 phononTF 0.00244427 7.23179 8.22768 0.124014 100675 0.00244427 1 -8.88776 -10 -0.112375 130267
0 31 28 phononTS 0.00207686 7.23179 8.22768 0.124014 100675 0.00207686 1 9.97242 -9.17122 -0.25 142337
0 31 24 phononTS 0.00402719 1.04907 0.199364 -0.233417 1867.49 0.00402719 1 -9.23507 -9.36854 0.25 21020.5
0 31 22 phononTS 0.00299686 0.302469 -0.0503349 -0.0531763 365.631 0.00299686 1 -2.78859 9.39258 -0.25 19645.7
0 31 35 phononTS 0.00485155 -0.987995 0.251872 -0.236972 1227.46 0.00485155 1 5.73195 10 -0.158345 25524.5
0 31 37 phononTS 0.00438285 -2.78577 2.61128 -0.0662179 6152.4 0.00438285 1 -7.65216 5.20699 -0.25 15597.2
0 31 36 phononTF 0.00206082 -2.78577 2.61128 -0.0662179 6152.4 0.00206082 1 -1.64769 -8.32552 -0.25 23323.3
0 31 32 phononTS 0.00481756 -0.236165 0.103426 -0.227052 418.736 0.00481756 1 7.67292 5.1336 0.25 15432.3
0 31 39 phononTS 0.00958587 0.00139236 0.0042087 -0.0250338 5.96268 0.00958587 1 -0.351703 1.92 0.25 4969.19
0 31 45 phononTF 0.00557939 -0.708127 -1.29738 -0.236825 5454.76 0.00557939 1 -5.12212 1.37601 0.25 13564.6
0 31 44 phononTF 0.00304398 -0.708127 -1.29738 -0.236825 5454.76 0.00304398 1 -7.01195 9.80536 -0.25 46368
0 31 49 phononTS 0.00325005 -0.15091 -5.26246 -0.0312935 21815.9 0.00325005 1 -10 4.0444 -0.0316432 45720.3
0 31 48 phononTF 0.00356584 -0.15091 -5.26246 -0.0312935 21815.9 0.00356584 1 9.83796 6.82965 0.25 40581.4
0 31 46 phononL 0.00207133 -0.710465 0.121803 0.0740669 1790.11 0.00207133 1 -2.46755 0.509046 -0.25 55954.9
0 31 40 phononTS 0.00631451 0.0029392 0.00787389 -0.0323848 9.69462 0.00631451 1 0.617337 3.15161 -0.25 8616.25
0 31 57 phononTS 0.00301611 -0.983168 -0.00487168 -0.194466 6678.49 0.00301611 1 -2.88699 -1.63393 0.25 52364.5
0 31 56 phononTS 0.00531545 -0.983168 -0.00487168 -0.194466 6678.49 0.00531545 1 -4.15694 -1.29104 -0.25 24870.2
0 31 59 phononTS 0.00120108 1.11585 -7.28435 -0.133079 22430.1 0.00120108 1 -1.29026 -2.15052 0.25 48153
0 31 58 phononTF 0.00336383 1.11585 -7.28435 -0.133079 22430.1 0.00336383 1 8.58687 5.30123 0.25 68303.4
0 31 63 phononTS 0.00430552 0.402027 0.0821241 0.00378108 2280.28 0.00430552 1 0.163395 -3.9351 -0.25 12241
0 31 67 phononTF 0.0026319 5.35057 -8.01357 0.0696961 61781.2 0.0026319 1 4.00963 -10 -0.0758196 63616.5
0 31 66 phononTF 0.00200451 5.35057 -8.01357 0.0696961 61781.2 0.00200451 1 2.90713 -6.20811 0.25 64678.8
0 31 64 phononTS 0.00261423 2.95265 0.469556 -0.0889699 15321.4 0.00261423 1 7.19802 -5.63218 -0.25 33202.4
0 31 69 phononL 0.00272273 -4.04988 2.5064 -0.125057 9023.89 0.00272273 1 -9.64724 -9.08468 0.25 18006
0 31 68 phononTS 0.00395251 -4.04988 2.5064 -0.125057 9023.89 0.00395251 1 5.99284 -1.37888 -0.25 27151.9
0 31 75 phononTF 0.00275618 0.415845 0.061288 -0.211095 6161.2 0.00275618 1 3.76874 -0.340075 0.25 26038.1
0 31 74 phononTS 0.00400725 0.415845 0.061288 -0.211095 6161.2 0.00400725 1 9.94929 1.69011 -0.25 18828.5
0 31 72 phononTF 0.00283423 0.596347 -0.545654 0.00571794 552.828 0.00283423 1 1.04285 1.33522 -0.25 2238.76
0 31 70 phononTF 0.00334322 0.0261301 0.102494 -0.0312533 102.38 0.00334322 1 -10 9.73252 -0.147127 40693.6
0 31 83 phononL 0.00502566 -0.0497084 0.164411 0.0570936 328.612 0.00502566 1 4.27471 -3.75869 -0.25 35554.7
0 31 85 phononTF 0.00435598 0.231641 -0.0392388 0.00689227 4037.78 0.00435598 1 0.386029 -0.0362118 -0.25 4176.08
0 31 84 phononTS 0.0038114 0.231641 -0.0392388 0.00689227 4037.78 0.0038114 1 -4.28757 -9.85935 -0.25 19421.7
0 31 91 phononL 0.00162744 -2.96023 2.25708 0.16052 3270.98 0.00162744 1 -5.60303 1.06564 0.25 26231.5
0 31 90 phononTS 0.00344598 -2.96023 2.25708 0.16052 3270.98 0.00344598 1 -3.89554 4.47604 0.25 20997.2
0 31 88 phononTF 0.0043836 0.535247 0.575723 -0.0769681 575.144 0.0043836 1 -0.303638 -5.61057 0.25 2727.74
0 31 95 phononTF 0.00252507 2.76826 1.22725 -0.0626166 9026.51 0.00252507 1 -4.12168 4.58772 0.25 24976.5
0 31 94 phononTS 0.00332225 2.76826 1.22725 -0.0626166 9026.51 0.00332225 1 5.12511 -5.39703 0.25 19912.7
0 31 92 phononTF 0.00183606 -0.75955 -0.624852 0.125496 2273.13 0.00183606 1 -10 3.0711 -0.0642434 5488.49
0 31 99 phononL 0.00371561 8.2498 0.0329892 0.0874555 15510.9 0.00371561 1 2.72277 5.39019 0.25 45527.6
0 31 98 phononTF 0.000938128 8.2498 0.0329892 0.0874555 15510.9 0.000938128 1 4.08989 6.31945 0.25 19222.1
0 31 103 phononTF 0.00566827 -0.111098 0.596805 0.10484 719.81 0.00566827 1 1.63826 -6.32458 -0.25 17668.8
0 31 102 phononTF 0.00270959 -0.111098 0.596805 0.10484 719.81 0.00270959 1 4.98623 4.72182 0.25 7558.97
0 31 100 phononTF 0.00401031 0.0283187 -0.0422583 -0.0908152 150.342 0.00401031 1 2.27082 10 0.170525 13779.4
0 31 107 phononTF 0.00565172 0.136634 0.34411 -0.0063131 295.969 0.00565172 1 4.06666 -2.64115 -0.25 9806.21
0 31 109 phononTS 0.00317996 -2.59641 -1.44998 0.0348888 15889.1 0.00317996 1 -1.67352 10 -0.220706 32355.9
0 31 108 phononTF 0.00363206 -2.59641 -1.44998 0.0348888 15889.1 0.00363206 1 -0.384609 -6.15211 0.25 40970.8
0 31 113 phononTF 0.00749079 0.00974507 0.0833128 0.0850909 110.714 0.00749079 1 2.76244 2.10518 0.25 18228.3
0 31 115 phononTS 0.00403414 -0.00263861 -0.100302 0.059049 324.582 0.00403414 1 1.53627 6.33269 -0.25 40739.8
0 31 114 phononTS 0.00333665 -0.00263861 -0.100302 0.059049 324.582 0.00333665 1 -2.3219 -0.89256 0.25 1066.76
0 31 110 phononTS 0.00663304 0.0189379 0.00762724 -0.024349 32.2506 0.00663304 1 0.385821 0.529076 -0.25 833.991
0 31 127 phononTS 0.00358835 -0.172618 0.196643 -0.187791 520.157 0.00358835 1 3.1663 -4.22086 0.25 9755
0 31 131 phononL 0.00395202 -1.66301 6.23077 0.217981 31034.5 0.00395202 1 0.773185 4.87794 0.25 32161.1
0 31 130 phononTS 0.000928204 -1.66301 6.23077 0.217981 31034.5 0.000928204 1 8.98252 5.19883 0.25 58327.7
0 31 133 phononL 0.0032016 8.3823 -2.35509 -0.0745966 17539.5 0.0032016 1 8.80338 -0.22342 0.25 21691.9
0 31 132 phononTF 0.00170374 8.3823 -2.35509 -0.0745966 17539.5 0.00170374 1 9.94232 8.83207 0.25 59570.5
0 31 124 phononTS 0.00142619 -0.112515 0.0221435 -0.128908 229.924 0.00142619 1 -3.69829 -9.92738 0.25 39813.7
0 31 122 phononL 0.00851479 0.00872626 0.0158366 -0.0264419 23.5699 0.00851479 1 0.932799 0.446718 0.25 1200.04
0 31 141 phononTS 0.00382524 1.50069 9.08437 0.0386599 38564.8 0.00382524 1 7.17295 10 -0.12796 42263.5
0 31 140 phononTS 0.00223467 1.50069 9.08437 0.0386599 38564.8 0.00223467 1 4.55256 8.87872 0.25 40523.3
0 31 143 phononTS 0.00281231 -0.188932 0.889708 -0.219577 1496.82 0.00281231 1 -7.08168 2.52091 -0.25 35557.8
0 31 142 phononL 0.00391979 -0.188932 0.889708 -0.219577 1496.82 0.00391979 1 6.4491 -1.32765 -0.25 9781.46
0 31 145 phononTF 0.0075783 -0.467031 0.176316 -0.0802551 326.375 0.0075783 1 1.60385 0.025576 0.25 8938.57
0 31 144 phononTF 0.0049237 -0.467031 0.176316 -0.0802551 326.375 0.0049237 1 -3.8655 0.805961 0.25 66112.6
0 31 151 phononTS 0.00513159 -0.901052 -0.383171 -0.00793684 1379.18 0.00513159 1 3.89258 -8.37015 0.25 20646.2
0 31 150 phononTF 0.00198587 -0.901052 -0.383171 -0.00793684 1379.18 0.00198587 1 6.04309 -3.34448 0.25 36558.9
0 31 148 phononTS 0.00619558 -0.100395 -0.126243 0.0373 889.684 0.00619558 1 1.30945 -2.811 0.25 10516.8
0 31 146 phononTF 0.00723344 0.0073697 -0.00966013 -0.036899 23.7939 0.00723344 1 1.36136 2.22118 0.25 19904.9
0 31 159 phononTF 0.00191143 7.49932 6.44307 0.0745629 42285.1 0.00191143 1 -7.18558 -4.97876 -0.25 50853.3
0 31 158 phononTF 0.00386184 7.49932 6.44307 0.0745629 42285.1 0.00386184 1 4.22396 10 -0.141489 96700.1
0 31 156 phononTS 0.00511718 0.230872 -0.134494 0.0793272 388.5 0.00511718 1 -0.489453 -1.5347 0.25 1603.2
0 31 154 phononTS 0.00860252 0.0105502 0.00646215 0.00221194 21.3086 0.00860252 1 -0.104745 -0.0979952 0.25 725.554
0 31 163 phononTS 0.00747093 0.00299557 0.250707 0.0706624 177.408 0.00747093 1 1.30864 1.46125 -0.25 1554.53
0 31 162 phononTS 0.00363393 0.00299557 0.250707 0.0706624 177.408 0.00363393 1 -2.77907 0.949448 0.25 18675.9
0 31 165 phononTS 0.0104217 -0.00900136 0.00815176 -0.0300021 17.724 0.0104217 1 0.111504 -0.0562955 -0.25 1242.42
0 31 164 phononTS 0.0100458 -0.00900136 0.00815176 -0.0300021 17.724 0.0100458 1 0.605421 -0.0120374 0.25 3897.16
0 31 179 phononTS 0.00190627 5.16973 -2.97009 -0.104854 19952.9 0.00190627 1 0.446454 7.1958 -0.25 47028.8
0 31 178 phononTS 0.00171568 5.16973 -2.97009 -0.104854 19952.9 0.00171568 1 6.7123 4.70239 -0.25 21977.4
0 31 176 phononTF 0.00228932 9.3419 -1.28394 0.0244232 15588.3 0.00228932 1 9.97771 -0.0466683 -0.25 19309.2
0 31 174 phononTS 0.00157587 1.5237 -0.498631 -0.0326316 3637.47 0.00157587 1 2.76134 -8.5849 0.25 8073.9
0 31 181 phononTF 0.00201107 -3.51335 3.23435 0.0311743 8384.49 0.00201107 1 1.08116 -2.27089 -0.25 15251.3
0 31 180 phononTS 0.00347473 -3.51335 3.23435 0.0311743 8384.49 0.00347473 1 -0.30399 -7.92941 -0.25 18855.4
0 31 185 phononTF 0.0033389 0.222859 0.213465 -0.0409305 149.041 0.0033389 1 0.442517 7.98693 -0.25 12745.7
0 31 187 phononL 0.00477784 0.44756 1.29603 0.0381864 1375.35 0.00477784 1 -4.73967 -10 0.181717 19904.1
0 31 186 phononTS 0.00323186 0.44756 1.29603 0.0381864 1375.35 0.00323186 1 4.85015 4.81467 0.25 7342.14
0 31 182 phononTF 0.00554041 0.0180911 0.0124967 -0.0393169 38.124 0.00554041 1 -1.52956 0.495942 -0.25 2801.61
0 31 191 phononTF 0.00884176 0.0768684 0.178371 -0.10067 223.232 0.00884176 1 0.641562 1.80693 -0.25 4293.92
0 31 193 phononTS 0.00377439 -0.142113 -0.134449 -0.137449 364.993 0.00377439 1 0.826716 0.812933 -0.25 996.733
0 31 192 phononTS 0.00281484 -0.142113 -0.134449 -0.137449 364.993 0.00281484 1 6.81514 8.69174 0.25 51259.5
0 31 197 phononL 0.00960728 -0.0370319 0.0591694 -0.209476 329.832 0.00960728 1 0.606341 0.0842522 -0.25 834.448
0 31 196 phononTS 0.0044505 -0.0370319 0.0591694 -0.209476 329.832 0.0044505 1 -1.71127 -6.71476 -0.25 4595.01
0 31 199 phononTF 0.00483829 -0.0351042 0.254223 -0.132837 2674.68 0.00483829 1 5.5779 4.98792 0.25 19895.3
0 31 198 phononTS 0.00409515 -0.0351042 0.254223 -0.132837 2674.68 0.00409515 1 8.11833 -7.71778 -0.25 18975
0 31 209 phononTS 0.00295619 -0.676966 -0.518909 0.212094 2377.99 0.00295619 1 9.01516 9.21382 0.25 11682
0 31 208 phononTS 0.00297272 -0.676966 -0.518909 0.212094 2377.99 0.00297272 1 3.48011 -5.62091 -0.25 5710.65
0 31 206 phononTS 0.00602357 0.0321123 -0.0375613 0.0147654 17.0529 0.00602357 1 0.318771 -1.38254 0.25 15410.4
0 31 211 phononTF 0.00775904 -0.21102 0.0904983 0.0705762 353.614 0.00775904 1 0.218341 0.680629 0.25 2336.52
0 31 210 phononTS 0.00505923 -0.21102 0.0904983 0.0705762 353.614 0.00505923 1 -6.05188 2.61627 -0.25 41233.1
0 31 217 phononTF 0.00256297 -4.92538 6.48809 0.208027 18397.2 0.00256297 1 -3.78869 8.47672 -0.25 24109.7
0 31 216 phononTF 0.00131794 -4.92538 6.48809 0.208027 18397.2 0.00131794 1 9.89929 9.09623 0.25 46186.7
0 31 221 phononTS 0.00313544 -7.53955 -1.51816 -0.21575 10840.4 0.00313544 1 -9.8416 1.59332 -0.25 18828.4
0 31 220 phononTF 0.00121149 -7.53955 -1.51816 -0.21575 10840.4 0.00121149 1 -8.90853 1.79965 -0.25 98396.6
0 31 223 phononTF 0.00325077 -0.166589 -6.71213 0.110381 21003.6 0.00325077 1 8.96651 -2.359 -0.25 28946.6
0 31 222 phononTF 0.00106378 -0.166589 -6.71213 0.110381 21003.6 0.00106378 1 -9.64846 -9.83438 0.25 35218.7
0 31 212 phononL 0.00555864 0.0425786 0.0134199 0.0865075 208.207 0.00555864 1 -4.50255 0.747166 0.25 4631.38
0 31 233 phononTF 0.00323287 0.0552197 -6.28515 -0.106966 6902.28 0.00323287 1 -4.16903 -3.03471 -0.25 15721.4
0 31 232 phononTS 0.00299684 0.0552197 -6.28515 -0.106966 6902.28 0.00299684 1 5.26311 1.7438 0.25 23005.6
0 31 230 phononTS 0.00212368 -1.05147 -0.161254 -0.119269 3527.33 0.00212368 1 -0.752283 -3.03552 -0.25 46703.1
0 31 239 phononTF 0.00667202 1.2836 2.2785 0.0386366 3254.71 0.00667202 1 -0.440128 3.84157 0.25 46908.2
0 31 238 phononTS 0.00214735 1.2836 2.2785 0.0386366 3254.71 0.00214735 1 8.42023 3.95406 -0.25 45439.5
0 31 236 phononTS 0.00779357 -0.077012 -0.00883468 0.0131625 268.748 0.00779357 1 -2.44753 -5.25917 -0.25 18909.4
0 31 234 phononTF 0.00554784 0.0107964 0.00834613 -0.0100217 8.47428 0.00554784 1 1.41577 0.795468 -0.25 3079.97
0 31 241 phononTS 0.00726742 -0.158129 0.153415 0.222422 404.603 0.00726742 1 4.21122 -0.627474 0.25 5696.17
0 31 240 phononTS 0.00518064 -0.158129 0.153415 0.222422 404.603 0.00518064 1 -4.1338 -1.53313 0.25 12396.1
0 31 245 phononTF 0.00299498 0.778116 1.10962 -0.184341 5716.36 0.00299498 1 -0.575902 4.81967 0.25 43342.6
0 31 244 phononL 0.00394521 0.778116 1.10962 -0.184341 5716.36 0.00394521 1 8.32813 1.88957 -0.25 24770.2
0 31 242 phononTS 0.00187188 0.743687 1.10241 -0.171547 5712.08 0.00187188 1 -9.44758 -9.2625 0.25 16029.8
0 32 17 phononL 0.00499675 -0.1862 0.410566 0.179163 14030.4 0.00499675 1 -1.98898 -7.47681 -0.25 29358.2
0 32 16 phononTS 0.00133827 -0.1862 0.410566 0.179163 14030.4 0.00133827 1 8.47892 4.93295 0.25 20598.7
0 32 14 phononTS 0.00362796 0.0390201 -0.518375 0.0542775 798.922 0.00362796 1 -7.19083 4.0189 0.25 37443.7
0 32 19 phononTS 0.00269689 0.518261 -0.232177 0.0427374 2073.14 0.00269689 1 9.85076 -7.13703 -0.25 30675.1
0 32 21 phononTS 0.00396377 5.55929 -3.38256 0.00817421 9815.56 0.00396377 1 5.03424 -6.00286 0.25 17837.3
0 32 20 phononTS 0.00246826 5.55929 -3.38256 0.00817421 9815.56 0.00246826 1 6.0235 -0.273711 0.25 11328.8
0 32 27 phononTS 0.00438814 0.173304 0.468107 -0.197364 1116.43 0.00438814 1 -8.95012 -5.2432 -0.25 7554.65
0 32 26 phononTF 0.00280808 0.173304 0.468107 -0.197364 1116.43 0.00280808 1 -9.22773 -7.36884 -0.25 11860.1
0 32 31 phononTF 0.0044134 0.535919 0.914054 0.145187 2750.02 0.0044134 1 0.826287 3.52634 0.25 13929.9
0 32 30 phononTS 0.00448517 0.535919 0.914054 0.145187 2750.02 0.00448517 1 -0.800616 9.42266 0.25 35763.4
0 32 28 phononTF 0.00244506 0.0322799 -0.375839 -0.212383 473.704 0.00244506 1 -2.14382 1.03235 -0.25 8821.96
0 32 33 phononTS 0.00576687 0.0749518 -0.00747687 -0.0127826 116.381 0.00576687 1 2.94418 -2.05325 0.25 14111.7
0 32 32 phononTS 0.00590697 0.0749518 -0.00747687 -0.0127826 116.381 0.00590697 1 5.95564 1.50403 -0.25 7515.57
0 32 41 phononTS 0.00393937 0.175182 0.47472 0.0883287 865.706 0.00393937 1 -5.76986 5.31124 -0.25 27811.6
0 32 43 phononTS 0.00241947 -0.652648 0.301037 0.0559309 1018.52 0.00241947 1 -4.62622 1.76964 0.25 5042.76
0 32 42 phononTF 0.00489674 -0.652648 0.301037 0.0559309 1018.52 0.00489674 1 -5.41196 -2.54595 -0.25 4379.27
0 32 38 phononTF 0.00521822 0.00515094 0.0169017 -0.0355672 31.438 0.00521822 1 -8.28004 -4.66906 0.25 11227.5
0 32 47 phononL 0.00511886 -0.672144 -0.43382 -0.114928 886.981 0.00511886 1 8.94062 -7.47492 -0.25 16330.9
0 32 46 phononTS 0.00204376 -0.672144 -0.43382 -0.114928 886.981 0.00204376 1 8.54226 1.3207 -0.25 75399.7
0 32 44 phononL 0.0035811 -0.618754 -0.341616 -0.156916 837.76 0.0035811 1 1.27434 -5.90185 -0.25 20825.6
0 32 53 phononTF 0.00174524 2.27826 -0.967095 0.192308 10456.8 0.00174524 1 -6.6423 2.25205 -0.25 23369.1
0 32 52 phononTS 0.00414722 2.27826 -0.967095 0.192308 10456.8 0.00414722 1 -4.3575 7.01698 -0.25 18579.6
0 32 50 phononTS 0.00300326 -0.90962 0.872618 0.17963 1045.94 0.00300326 1 -5.42993 -0.152997 -0.25 6418.2
0 32 55 phononL 0.00480938 0.33138 1.8578 0.135707 3158.56 0.00480938 1 -8.26721 8.47351 -0.25 32066.4
0 32 57 phononTS 0.00223531 7.59192 5.31907 -0.139615 27590.8 0.00223531 1 -4.7071 -4.5219 0.25 42107.3
0 32 56 phononTS 0.00241443 7.59192 5.31907 -0.139615 27590.8 0.00241443 1 3.44212 -7.68869 -0.25 34068.8
0 32 59 phononL 0.00621523 -0.00655408 0.0578566 0.00680104 37.9894 0.00621523 1 0.420065 -3.45084 0.25 11709.6
0 32 63 phononTF 0.00390831 -1.73202 -0.326606 0.0345576 32400.6 0.00390831 1 0.0722415 -1.08265 -0.25 41966.2
0 32 62 phononTS 0.00153791 -1.73202 -0.326606 0.0345576 32400.6 0.00153791 1 4.17476 5.11346 0.25 114683
0 32 60 phononTS 0.00479635 0.163661 -0.150869 0.181455 2028.02 0.00479635 1 4.86305 -3.05221 -0.25 7802.41
0 32 73 phononTS 0.00128915 -2.66461 -4.84556 -0.0931922 66267.7 0.00128915 1 -9.40377 -1.21123 0.25 70647.3
0 32 72 phononTF 0.00286124 -2.66461 -4.84556 -0.0931922 66267.7 0.00286124 1 -7.61364 4.13094 0.25 90633.8
0 32 70 phononTF 0.00496841 -0.0463107 0.657681 -0.129425 2660.14 0.00496841 1 -7.63323 -4.83396 0.25 18066.2
0 32 79 phononTF 0.00253301 1.67806 2.64816 0.179142 13425 0.00253301 1 9.98126 1.04924 0.25 45645.7
0 32 78 phononL 0.0041962 1.67806 2.64816 0.179142 13425 0.0041962 1 0.999269 0.691921 0.25 16547.8
0 32 81 phononTF 0.0032014 -5.98126 6.48102 0.190127 10418.6 0.0032014 1 -8.85233 7.12443 -0.25 106313
0 32 80 phononTS 0.00230895 -5.98126 6.48102 0.190127 10418.6 0.00230895 1 9.26571 -7.73408 0.25 47676.4
0 32 83 phononL 0.00301852 1.06731 -0.358901 0.037167 3362.24 0.00301852 1 1.27338 -6.22816 -0.25 6926.46
0 32 82 phononTF 0.00409109 1.06731 -0.358901 0.037167 3362.24 0.00409109 1 3.15121 -6.40714 -0.25 37203.9
0 32 91 phononL 0.00356823 -0.471445 0.232106 -0.0882814 334.376 0.00356823 1 5.7152 0.721011 -0.25 9590.76
0 32 93 phononTS 0.00189503 0.368804 -8.27401 0.154809 50358.5 0.00189503 1 -5.02163 -8.99453 0.25 86060.4
0 32 92 phononTS 0.00356201 0.368804 -8.27401 0.154809 50358.5 0.00356201 1 0.378778 -9.57405 0.25 50912.5
0 32 95 phononL 0.00344763 0.0435774 -0.461674 0.203659 235.596 0.00344763 1 3.75632 3.8689 -0.25 25946.3
0 32 94 phononTS 0.00266053 0.0435774 -0.461674 0.203659 235.596 0.00266053 1 -6.75409 2.64189 -0.25 27910.1
0 32 97 phononTS 0.00532722 1.2547 0.255789 0.125442 1369.24 0.00532722 1 2.28476 -2.90821 0.25 38976.8
0 32 96 phononTF 0.00446475 1.2547 0.255789 0.125442 1369.24 0.00446475 1 -4.16736 6.29222 0.25 19266.8
0 32 103 phononTS 0.00130662 6.90695 -6.54891 -0.0154558 83566.1 0.00130662 1 4.2087 -6.05802 -0.25 87290.6
0 32 102 phononTS 0.00325647 6.90695 -6.54891 -0.0154558 83566.1 0.00325647 1 1.00662 8.09351 -0.25 129999
0 32 100 phononTS 0.00173628 1.39952 -0.255441 -0.232755 17645 0.00173628 1 9.26082 8.15135 0.25 28889.9
0 32 98 phononTS 0.00248744 1.2581 1.63257 -0.190839 6656.48 0.00248744 1 8.3198 -2.01827 -0.25 93636.5
0 32 113 phononTS 0.00336064 9.63987 -3.00596 -0.0961278 26179.1 0.00336064 1 8.02819 -5.37053 0.25 29975.2
0 32 112 phononTF 0.00212224 9.63987 -3.00596 -0.0961278 26179.1 0.00212224 1 -9.80206 -9.47129 0.25 48874.3
0 32 110 phononTF 0.00203496 1.17071 0.306017 0.155781 2195.33 0.00203496 1 -10 -7.13384 -0.089404 4606.6
0 32 115 phononTS 0.00286668 -2.22588 -4.37603 -0.00343826 7003.73 0.00286668 1 8.00893 3.08199 0.25 23848.8
0 32 114 phononTS 0.00415538 -2.22588 -4.37603 -0.00343826 7003.73 0.00415538 1 -0.125229 -7.83461 -0.25 21248.5
0 32 117 phononL 0.00760427 -0.658856 1.91364 -0.0867477 7006.01 0.00760427 1 0.10623 1.55772 -0.25 9280.25
0 32 116 phononTS 0.00322782 -0.658856 1.91364 -0.0867477 7006.01 0.00322782 1 5.61047 9.78344 -0.25 24845.5
0 32 119 phononTF 0.00770803 -0.0215015 0.0180937 -0.0215516 4.61789 0.00770803 1 -4.63286 -1.55505 -0.25 21637.4
0 32 121 phononTS 0.0045072 2.34892 -3.36745 0.00996138 19020.2 0.0045072 1 -2.82491 -2.6023 -0.25 21816.8
0 32 120 phononTS 0.0028394 2.34892 -3.36745 0.00996138 19020.2 0.0028394 1 3.06621 0.891595 0.25 78616.1
0 32 133 phononTS 0.00378956 -1.45519 3.11751 0.19144 5265.88 0.00378956 1 4.39047 9.45239 0.25 35003.2
0 32 132 phononTS 0.00192653 -1.45519 3.11751 0.19144 5265.88 0.00192653 1 -2.20599 -2.73483 0.25 8310.3
0 32 135 phononTS 0.00540559 -0.172426 0.177511 -0.225248 604.682 0.00540559 1 -8.04545 9.42663 0.25 53693.3
0 32 137 phononTS 0.00259744 -0.87328 1.72297 0.222672 4281.85 0.00259744 1 -0.233941 1.40568 -0.25 4953.37
0 32 139 phononTS 0.00278082 -6.7249 -1.56556 0.0992779 15115.5 0.00278082 1 9.87755 9.43441 0.25 31744.9
0 32 138 phononTF 0.00323 -6.7249 -1.56556 0.0992779 15115.5 0.00323 1 -6.57682 -0.781157 0.25 26764.3
0 32 143 phononL 0.00484743 -0.0227674 -0.0680767 -0.0987086 714.243 0.00484743 1 -2.94778 2.66535 0.25 8179.23
0 32 145 phononTS 0.00495787 -0.40529 1.48006 0.204065 3997.12 0.00495787 1 -7.52468 7.15548 0.25 12280.5
0 32 144 phononTS 0.00391266 -0.40529 1.48006 0.204065 3997.12 0.00391266 1 0.183757 8.71355 -0.25 32511.3
0 32 140 phononTS 0.00353029 0.00814647 -0.0406386 0.0130395 100.517 0.00353029 1 -9.03482 -6.8613 -0.25 80770.1
0 32 155 phononTS 0.00403252 -9.11639 -2.5856 -0.244419 17692.7 0.00403252 1 -7.34244 -2.18591 -0.25 21029.4
0 32 154 phononTS 0.00190524 -9.11639 -2.5856 -0.244419 17692.7 0.00190524 1 -9.11443 -2.63796 -0.25 17701.9
0 32 152 phononL 0.00399117 0.195302 -0.345073 0.0305504 5621.03 0.00399117 1 -1.35165 -6.12347 0.25 17681.2
0 32 159 phononTS 0.00302632 -0.389096 -5.26108 -0.148681 5463.45 0.00302632 1 -1.76211 2.06305 -0.25 28086.2
0 32 158 phononTS 0.00262394 -0.389096 -5.26108 -0.148681 5463.45 0.00262394 1 -2.20283 -3.8281 0.25 23697.8
0 32 156 phononTS 0.00323387 1.10173 -0.0547896 0.0477746 3259.62 0.00323387 1 4.52539 -9.82471 -0.25 39201.2
0 32 163 phononTF 0.00526629 -0.338273 -0.431405 -0.0571896 2298.76 0.00526629 1 8.62829 7.74247 -0.25 47056.5
0 32 162 phononTS 0.00489439 -0.338273 -0.431405 -0.0571896 2298.76 0.00489439 1 -7.42345 7.26174 -0.25 16061.3
0 32 165 phononTF 0.00394011 3.38423 -4.25036 0.0282 2849.52 0.00394011 1 0.936112 9.9121 -0.25 19309.6
0 32 164 phononTS 0.00256342 3.38423 -4.25036 0.0282 2849.52 0.00256342 1 -8.86958 -4.79119 -0.25 32653.8
0 32 167 phononTF 0.00652833 0.129151 0.0483742 0.0662475 291.846 0.00652833 1 0.304195 0.720769 0.25 5997.12
0 32 166 phononTF 0.00699914 0.129151 0.0483742 0.0662475 291.846 0.00699914 1 3.85497 0.761729 0.25 3819.52
0 32 175 phononTS 0.00640186 1.40686 -0.763798 0.0362781 4030.15 0.00640186 1 0.290867 -1.46803 -0.25 13122.7
0 32 174 phononTS 0.00367978 1.40686 -0.763798 0.0362781 4030.15 0.00367978 1 -2.20749 1.16887 0.25 51640.2
0 32 172 phononL 0.00576667 -0.0533027 0.0694147 -0.0482901 82.3642 0.00576667 1 -2.52865 3.67518 0.25 4721.97
0 32 181 phononTF 0.00348325 -8.33609 -1.28324 -0.238053 11702.2 0.00348325 1 -10 9.06424 -0.0978453 118720
0 32 180 phononTS 0.00179648 -8.33609 -1.28324 -0.238053 11702.2 0.00179648 1 -9.38932 -9.88191 0.25 18218.8
0 32 183 phononTF 0.0034436 -3.30196 6.2947 0.0265044 14603.2 0.0034436 1 -7.2738 9.90761 0.25 22138.6
0 32 182 phononTS 0.000816868 -3.30196 6.2947 0.0265044 14603.2 0.000816868 1 10 1.05806 -0.168915 125053
0 32 185 phononL 0.00535988 1.24651 -0.0709459 -0.200662 3845.23 0.00535988 1 -6.55542 -7.47556 0.25 17198.7
0 32 184 phononTS 0.00441955 1.24651 -0.0709459 -0.200662 3845.23 0.00441955 1 2.96265 -3.77604 -0.25 6275.35
0 32 191 phononTS 0.00464269 -0.272231 -0.807299 -0.0411552 1045.95 0.00464269 1 3.11023 -9.85868 0.25 22281.2
0 32 193 phononTS 0.00307947 -2.05186 0.35944 -0.150707 3160.08 0.00307947 1 -2.39906 -0.335144 0.25 3553.26
0 32 192 phononTS 0.00291008 -2.05186 0.35944 -0.150707 3160.08 0.00291008 1 -5.797 -6.26923 0.25 10096.2
0 32 188 phononTF 0.00868523 0.0119732 0.00445915 -0.0403305 16.8687 0.00868523 1 0.158511 -0.979944 -0.25 1925.52
0 32 199 phononTF 0.00416107 2.53306 2.16328 -0.0970436 2240.8 0.00416107 1 0.454037 0.666774 0.25 11965.8
0 32 198 phononTS 0.00137447 2.53306 2.16328 -0.0970436 2240.8 0.00137447 1 -8.11506 -4.32932 0.25 18547.7
0 32 196 phononTF 0.00514084 0.372877 0.108905 -0.199303 397.012 0.00514084 1 -2.24436 -4.66082 -0.25 7946.57
0 32 203 phononTF 0.00458754 1.50898 -7.99839 0.195818 15951.4 0.00458754 1 -5.17982 -8.88817 0.25 57446.2
0 32 202 phononTS 0.00154832 1.50898 -7.99839 0.195818 15951.4 0.00154832 1 0.73521 10 -0.231372 19643.8
0 32 205 phononTF 0.00315324 1.95003 -0.340574 -0.0485579 1830.06 0.00315324 1 -1.376 4.9236 -0.25 18920.6
0 32 204 phononTS 0.00474947 1.95003 -0.340574 -0.0485579 1830.06 0.00474947 1 -9.45912 1.63375 -0.25 7876.82
0 32 215 phononTS 0.00115375 -1.90633 -1.68345 -0.181388 71630.8 0.00115375 1 9.8837 -3.56723 0.25 141742
0 32 214 phononTS 0.00271393 -1.90633 -1.68345 -0.181388 71630.8 0.00271393 1 1.69535 -2.64924 -0.25 74352.8
0 32 217 phononTS 0.00398867 -7.77762 1.29747 0.0148909 31826 0.00398867 1 -4.98752 1.58608 0.25 37240.4
0 32 216 phononTF 0.00233044 -7.77762 1.29747 0.0148909 31826 0.00233044 1 5.66311 -10 -0.0947107 47658.1
0 32 221 phononL 0.00353568 -2.22913 -0.377121 -0.155468 7037.1 0.00353568 1 -6.87599 -4.21592 0.25 34619.6
0 32 223 phononTF 0.00339836 -4.55559 -1.60401 -0.0761883 27419.1 0.00339836 1 6.36148 -6.8196 -0.25 35008.8
0 32 222 phononTF 0.00371627 -4.55559 -1.60401 -0.0761883 27419.1 0.00371627 1 8.73298 -0.805508 -0.25 45777.5
0 32 227 phononL 0.00418363 3.9137 -8.96092 0.166046 15516.9 0.00418363 1 -9.93697 -9.70116 0.25 52429.5
0 32 226 phononTF 0.00105744 3.9137 -8.96092 0.166046 15516.9 0.00105744 1 8.2061 -4.43859 -0.25 29225.7
0 32 224 phononTF 0.00107898 -0.0620006 -9.31069 -0.148062 4453.68 0.00107898 1 0.0959866 -9.77759 0.25 21510.5
0 32 229 phononTS 0.00574957 0.0256051 -0.001151 0.00450651 18.9753 0.00574957 1 -4.45256 4.79388 -0.25 11660.7
0 32 233 phononTF 0.00188095 -0.450166 -0.261814 0.186171 9305.53 0.00188095 1 5.66357 -6.3018 -0.25 25201.3
0 32 232 phononTS 0.00409605 -0.450166 -0.261814 0.186171 9305.53 0.00409605 1 -9.79481 -9.98883 0.25 28572.9
0 32 230 phononTF 0.00345616 -0.530266 0.711157 0.142691 4709.52 0.00345616 1 -4.21401 9.60759 -0.25 43604.7
0 32 243 phononL 0.00747022 -0.0660792 -0.159569 0.0995031 398.061 0.00747022 1 2.04922 -5.79854 -0.25 8044.66
0 32 242 phononTF 0.00406535 -0.0660792 -0.159569 0.0995031 398.061 0.00406535 1 -8.01815 2.24632 0.25 46082.8
0 32 240 phononTS 0.00891643 0.00255972 0.00358066 -0.0210398 2.60732 0.00891643 1 -1.04361 0.942189 -0.25 1388.77
0 32 245 phononTS 0.00433432 0.205144 -0.0485596 0.0429222 63.7148 0.00433432 1 9.88212 9.32631 0.25 68573.1
0 32 244 phononTS 0.00932325 0.205144 -0.0485596 0.0429222 63.7148 0.00932325 1 0.768841 0.584396 0.25 6242.9
0 32 249 phononTS 0.00466312 -0.517579 -0.109644 0.0711768 272.832 0.00466312 1 -6.7276 0.604827 0.25 5190.1
0 32 248 phononL 0.00396474 -0.517579 -0.109644 0.0711768 272.832 0.00396474 1 7.90542 -7.27056 -0.25 31034.6
0 32 246 phononTS 0.00594606 0.000917557 -0.00462151 -0.0369229 36.2573 0.00594606 1 0.584989 0.225564 0.25 759.086
0 32 255 phononTS 0.00561697 -0.289121 -0.522365 -0.0913835 759.331 0.00561697 1 -2.02812 0.069436 -0.25 3918.76
0 32 257 phononTF 0.00153118 -9.75932 8.25176 0.0270831 32950.2 0.00153118 1 -10 6.56016 -0.203764 33997
0 32 256 phononL 0.00178842 -9.75932 8.25176 0.0270831 32950.2 0.00178842 1 -0.203261 9.95645 -0.25 56997.1
0 32 252 phononTF 0.00202291 -0.432404 -0.346882 -0.119314 675.34 0.00202291 1 9.39025 -5.30643 -0.25 4354.82
0 32 261 phononTS 0.00687772 0.0302764 0.493161 -0.016445 2306.29 0.00687772 1 -2.91416 -3.90558 0.25 25048.7
0 32 260 phononTF 0.00210577 0.0302764 0.493161 -0.016445 2306.29 0.00210577 1 -2.73774 -9.7408 0.25 17019.4
0 32 263 phononTF 0.00415907 0.168139 0.63986 -0.00471248 835.783 0.00415907 1 9.26969 9.69589 0.25 10939.7
0 32 262 phononTS 0.00574875 0.168139 0.63986 -0.00471248 835.783 0.00574875 1 -1.08148 4.89714 0.25 8221.25
0 33 17 phononTS 0.00375194 -2.46438 -0.861228 0.0115353 3927.55 0.00375194 1 -8.04644 2.40599 0.25 7705.32
0 33 16 phononTF 0.00591686 -2.46438 -0.861228 0.0115353 3927.55 0.00591686 1 1.7517 -3.52451 0.25 9218.1
0 33 19 phononL 0.00280379 0.829495 -2.69846 0.175661 1216.91 0.00280379 1 10 -2.52469 -0.1828 26960.1
0 33 18 phononTS 0.00398028 0.829495 -2.69846 0.175661 1216.91 0.00398028 1 -9.35334 -0.363894 -0.25 21472
0 33 23 phononTS 0.00711904 0.0484648 0.0882861 -0.0654513 167.003 0.00711904 1 0.0402427 -0.0457845 -0.25 4980.03
0 33 22 phononTF 0.00255997 0.0484648 0.0882861 -0.0654513 167.003 0.00255997 1 0.363653 -2.40894 -0.25 1628.26
0 33 25 phononL 0.00290755 -0.208514 -1.44228 0.198497 1157.57 0.00290755 1 -10 -8.14156 -0.245575 55252.3
0 33 27 phononL 0.00486758 -1.15185 -0.34573 -0.0186917 2747.4 0.00486758 1 -0.13817 1.19412 0.25 3348.81
0 33 26 phononTF 0.00192816 -1.15185 -0.34573 -0.0186917 2747.4 0.00192816 1 -4.16932 2.07652 -0.25 17244.3
0 33 35 phononTS 0.00302757 -2.4413 -0.206133 0.0934718 6465.11 0.00302757 1 -9.05023 1.85722 -0.25 9853.11
0 33 37 phononTF 0.00194791 -2.56657 9.13603 -0.230499 37729.6 0.00194791 1 0.358035 -4.24636 -0.25 52263.1
0 33 36 phononTF 0.00214893 -2.56657 9.13603 -0.230499 37729.6 0.00214893 1 -0.705189 -5.30968 -0.25 159640
0 33 39 phononL 0.00280263 -0.561296 -0.873413 -0.232985 1078.09 0.00280263 1 -2.16125 -4.41294 -0.25 23993.6
0 33 38 phononTS 0.0048098 -0.561296 -0.873413 -0.232985 1078.09 0.0048098 1 3.90422 5.28193 -0.25 6797.58
0 33 41 phononL 0.00718077 0.0739109 0.0520593 0.0157297 169.111 0.00718077 1 3.12491 2.23994 -0.25 6112.28
0 33 40 phononTS 0.00731903 0.0739109 0.0520593 0.0157297 169.111 0.00731903 1 -1.92531 -5.71108 -0.25 17182.6
0 33 45 phononTS 0.00534677 0.226476 -0.31095 0.0471041 405.983 0.00534677 1 -4.34354 4.50969 0.25 58138.8
0 33 44 phononTS 0.00512465 0.226476 -0.31095 0.0471041 405.983 0.00512465 1 2.41184 -3.7456 0.25 42135.9
0 33 47 phononTS 0.00190325 -1.84608 -3.65281 -0.139842 47394.5 0.00190325 1 9.21345 9.65345 0.25 58991.8
0 33 46 phononTS 0.00289373 -1.84608 -3.65281 -0.139842 47394.5 0.00289373 1 -1.87487 4.30171 -0.25 63470.1
0 33 51 phononTF 0.0029557 -2.13375 -5.35702 -0.0153109 10814.1 0.0029557 1 1.09285 7.49676 0.25 27624.8
0 33 50 phononTS 0.00297938 -2.13375 -5.35702 -0.0153109 10814.1 0.00297938 1 -0.840542 -8.08963 -0.25 28874
0 33 53 phononTS 0.00584115 -2.88991 -1.31404 -0.121532 14271.4 0.00584115 1 -4.2905 0.365599 -0.25 15128.1
0 33 52 phononTS 0.00194962 -2.88991 -1.31404 -0.121532 14271.4 0.00194962 1 -9.82166 -9.28808 0.25 28779.6
0 33 61 phononTF 0.0090707 0.00568291 0.000963531 -0.0178781 6.74041 0.0090707 1 0.131005 0.0827829 0.25 84.8134
0 33 63 phononL 0.00591831 0.121884 -0.0161064 0.0223964 66.3966 0.00591831 1 0.703547 -0.0541634 -0.25 139.607
0 33 65 phononTS 0.00597027 0.957324 0.603631 0.0218557 3041.47 0.00597027 1 -0.73867 6.3331 0.25 9322.06
0 33 64 phononTF 0.00201795 0.957324 0.603631 0.0218557 3041.47 0.00201795 1 -8.76923 2.06411 0.25 30511.7
0 33 67 phononTS 0.00619003 0.00443732 -0.015309 -0.0586783 82.1665 0.00619003 1 5.64645 0.163022 -0.25 5501.52
0 33 69 phononTF 0.00426546 0.0456952 -0.0643071 -0.0642974 126.305 0.00426546 1 -1.43705 1.96372 -0.25 5369.8
0 33 71 phononTF 0.00357476 1.79004 -2.16047 0.141831 4747.85 0.00357476 1 -7.5183 7.52973 0.25 96522.3
0 33 70 phononTS 0.00491018 1.79004 -2.16047 0.141831 4747.85 0.00491018 1 -0.180628 1.08465 0.25 7583.46
0 33 77 phononTS 0.00701124 -1.00634 -2.26041 -0.170148 3969.7 0.00701124 1 0.645058 -3.2342 0.25 4790.18
0 33 76 phononTF 0.000898962 -1.00634 -2.26041 -0.170148 3969.7 0.000898962 1 4.81578 -0.00290437 -0.25 15672.2
0 33 74 phononTF 0.00863652 0.00149693 0.0110623 0.005054 94.946 0.00863652 1 0.034679 1.06108 0.25 1341.27
0 33 72 phononTF 0.00575424 -0.0266789 -0.00665438 -0.0151807 28.7455 0.00575424 1 -0.0489419 -0.0289998 -0.25 1653.3
0 33 85 phononL 0.00535207 1.1498 -0.375269 -0.042571 1249.49 0.00535207 1 -5.3871 -2.5076 -0.25 60363
0 33 84 phononTS 0.004441 1.1498 -0.375269 -0.042571 1249.49 0.004441 1 -5.98792 -8.93698 0.25 33527.2
0 33 82 phononTS 0.00287295 -0.0281634 0.130315 0.136303 541.432 0.00287295 1 -4.6143 -3.72034 0.25 12471.5
0 33 91 phononL 0.00376088 -0.0789086 0.388238 0.229472 1938.29 0.00376088 1 3.49493 2.34842 0.25 21844.9
0 33 90 phononTF 0.00519184 -0.0789086 0.388238 0.229472 1938.29 0.00519184 1 4.54971 1.85156 -0.25 5139.94
0 33 88 phononTS 0.00314098 -0.0841636 0.0624507 -0.237207 327.113 0.00314098 1 0.698392 -0.332454 0.25 1432.54
0 33 93 phononTF 0.00536532 -0.476847 0.349193 0.214677 840.136 0.00536532 1 -0.339651 1.31126 0.25 2306.65
0 33 92 phononTF 0.00512491 -0.476847 0.349193 0.214677 840.136 0.00512491 1 7.93836 -1.69443 0.25 21246.1
0 33 95 phononL 0.00469808 -0.00717225 -0.0356331 0.00443149 106.697 0.00469808 1 -4.08851 -1.83118 -0.25 8001.3
0 33 97 phononTS 0.00502745 -0.654662 0.523724 -0.15559 1179.61 0.00502745 1 -5.83198 -4.36104 0.25 60674.7
0 33 96 phononL 0.00479023 -0.654662 0.523724 -0.15559 1179.61 0.00479023 1 -1.40287 -6.54007 0.25 25898.7
0 33 107 phononTS 0.00440594 0.154117 0.0668321 -0.0792911 187.347 0.00440594 1 -4.10464 3.49441 -0.25 6230.11
0 33 111 phononTS 0.00357994 -2.4126 4.65202 0.167357 32535.8 0.00357994 1 -4.07383 1.71324 0.25 40219.1
0 33 110 phononTS 0.00214584 -2.4126 4.65202 0.167357 32535.8 0.00214584 1 -0.420803 6.90164 0.25 118850
0 33 108 phononTS 0.00405078 -0.112742 2.98146 -0.180638 3062.56 0.00405078 1 4.0376 -1.0306 0.25 8617.45
0 33 104 phononL 0.00462596 0.0911605 0.00608486 0.0263665 90.3305 0.00462596 1 4.05053 -1.80432 -0.25 16816.8
0 33 117 phononTF 0.00548301 -1.96925 0.00479259 -0.0762325 10997.2 0.00548301 1 0.147168 -0.93327 -0.25 12400.9
0 33 116 phononTF 0.00158561 -1.96925 0.00479259 -0.0762325 10997.2 0.00158561 1 2.41499 -0.994853 -0.25 21990.2
0 33 114 phononTS 0.0027222 -0.0513394 -1.56057 0.0475414 3805.74 0.0027222 1 8.91315 1.10105 -0.25 67736.9
0 33 112 phononTF 0.00379266 0.124673 -0.157862 -0.229006 181.62 0.00379266 1 0.580808 -2.80923 0.25 42864.4
0 33 127 phononL 0.00306633 -0.811904 1.12601 0.241321 3343.58 0.00306633 1 6.23638 5.73178 -0.25 20805.1
0 33 129 phononTS 0.00324365 2.52911 2.6659 -0.101043 4564.51 0.00324365 1 -10 8.28332 -0.242096 33983.9
0 33 128 phononTS 0.00215682 2.52911 2.6659 -0.101043 4564.51 0.00215682 1 -0.0722771 -1.16755 0.25 6805.37
0 33 133 phononTS 0.00137073 2.36731 -2.13065 0.239982 14717.4 0.00137073 1 5.48649 8.77789 -0.25 32361.9
0 33 132 phononL 0.00296371 2.36731 -2.13065 0.239982 14717.4 0.00296371 1 -6.24271 -5.81469 0.25 34756.5
0 33 130 phononTS 0.00250657 -0.924331 2.70172 -0.000518192 10749.9 0.00250657 1 10 7.78324 0.163023 23901.3
0 33 135 phononL 0.00446348 0.148226 2.4417 0.0350526 15433.4 0.00446348 1 7.90049 4.89539 0.25 42684.2
0 33 134 phononL 0.00287893 0.148226 2.4417 0.0350526 15433.4 0.00287893 1 -0.277824 0.524845 -0.25 26293
0 33 139 phononTS 0.00361818 1.59787 -1.89562 0.134363 4121.81 0.00361818 1 1.71562 7.34303 -0.25 13302.8
0 33 138 phononTF 0.00372568 1.59787 -1.89562 0.134363 4121.81 0.00372568 1 -2.40262 -5.60232 -0.25 67985.4
0 33 136 phononTF 0.00589351 0.0167061 -0.0688217 -0.0412778 37.2912 0.00589351 1 -8.14267 -3.10077 -0.25 4280.9
0 33 141 phononTS 0.00394223 -0.0810403 0.134615 0.043208 2674.94 0.00394223 1 5.46681 4.60817 0.25 12520.6
0 33 140 phononTS 0.0055917 -0.0810403 0.134615 0.043208 2674.94 0.0055917 1 -5.36442 -4.22646 -0.25 9101.47
0 33 147 phononTF 0.0070295 -0.229384 -0.418935 0.221663 1184.99 0.0070295 1 -1.22892 -0.270873 0.25 1501.35
0 33 146 phononTF 0.00547812 -0.229384 -0.418935 0.221663 1184.99 0.00547812 1 -3.78412 8.24959 -0.25 39128.6
0 33 153 phononTF 0.00217826 4.06611 -1.20554 0.0974894 11331.8 0.00217826 1 -1.24851 -9.78286 -0.25 58913.5
0 33 152 phononTS 0.00237938 4.06611 -1.20554 0.0974894 11331.8 0.00237938 1 -5.75846 7.00512 -0.25 72304.9
0 33 150 phononL 0.0027184 4.96758 -0.41863 0.0513662 11068.6 0.0027184 1 -6.94966 -1.40048 -0.25 34045.5
0 33 148 phononTS 0.00661381 -0.326727 0.135892 0.00726968 247.977 0.00661381 1 -2.22774 3.70191 -0.25 3032.57
0 33 155 phononTF 0.00560084 -0.0295488 0.0475914 -0.0579029 298.115 0.00560084 1 -5.56942 -5.00851 0.25 16828.9
0 33 157 phononL 0.00383294 0.449394 0.240484 0.0939962 2091.96 0.00383294 1 4.43175 2.36999 0.25 16328.7
0 33 156 phononTS 0.00708523 0.449394 0.240484 0.0939962 2091.96 0.00708523 1 1.19316 -0.691903 -0.25 3522.5
0 33 169 phononTF 0.00162645 2.83 -6.26484 -0.0226881 48944.1 0.00162645 1 1.53265 9.77119 -0.25 68050.1
0 33 168 phononTS 0.00335488 2.83 -6.26484 -0.0226881 48944.1 0.00335488 1 1.12731 -5.15551 0.25 49711.5
0 33 166 phononTS 0.00270475 -0.848932 1.5877 0.0777355 9604.55 0.00270475 1 -4.03228 -1.01234 -0.25 39769.6
0 33 164 phononL 0.00662811 -0.162128 0.156608 -0.0961466 235.803 0.00662811 1 -3.05814 1.77556 -0.25 4948.59
0 33 175 phononTS 0.00402507 -0.36721 0.0597861 -0.00782104 745.75 0.00402507 1 -0.231721 4.58638 -0.25 1517.84
0 33 177 phononTF 0.00249734 -2.55104 4.28977 -0.0802199 5124.57 0.00249734 1 -1.77094 -9.97085 -0.25 13359.2
0 33 176 phononTF 0.00464879 -2.55104 4.28977 -0.0802199 5124.57 0.00464879 1 -9.15239 5.40835 -0.25 26148.5
0 33 179 phononTS 0.00253364 -0.786191 2.2029 -0.160998 1324.66 0.00253364 1 -0.726289 3.75231 -0.25 1847.72
0 33 178 phononTS 0.00198921 -0.786191 2.2029 -0.160998 1324.66 0.00198921 1 -1.49349 2.59693 -0.25 1848.86
0 33 183 phononTS 0.00264711 -9.7144 -5.32788 -0.0589874 21974.4 0.00264711 1 -2.67486 -4.84534 -0.25 80940.4
0 33 182 phononTF 0.00199749 -9.7144 -5.32788 -0.0589874 21974.4 0.00199749 1 -7.66342 8.3118 -0.25 37614.2
0 33 180 phononTS 0.00289165 -3.7177 0.168413 -0.123901 6970.62 0.00289165 1 -5.15774 8.55339 -0.25 15170.7
0 33 189 phononTF 0.00238692 -0.317825 0.194224 0.0724547 889.065 0.00238692 1 -10 7.69315 -0.0580879 17689.7
0 33 193 phononTF 0.00205202 -0.715019 1.45017 -0.166044 6718.28 0.00205202 1 -4.03912 -7.49099 -0.25 32240.4
0 33 192 phononTS 0.00258405 -0.715019 1.45017 -0.166044 6718.28 0.00258405 1 8.01662 2.94458 0.25 21422.1
0 33 190 phononTS 0.00452053 -0.0711853 -0.0742016 -0.125207 2534.93 0.00452053 1 -9.32704 -9.88129 0.25 25604.5
0 33 186 phononTS 0.00720298 -0.0224324 0.0256065 0.047244 47.3604 0.00720298 1 -0.177206 3.83943 0.25 10338.8
0 33 184 phononL 0.0107062 0.00169883 -0.00313415 -0.025978 5.78253 0.0107062 1 -0.449007 -0.230558 0.25 2327.62
0 33 203 phononTS 0.00392594 0.784651 2.4449 0.0295014 20605.7 0.00392594 1 9.69518 -7.05158 0.25 94998.9
0 33 202 phononTS 0.00505154 0.784651 2.4449 0.0295014 20605.7 0.00505154 1 1.30895 9.42401 -0.25 24728.7
0 33 200 phononTS 0.00141564 0.882496 -0.24482 -0.0395566 586.387 0.00141564 1 -2.99971 -4.90146 -0.25 38734.9
0 33 205 phononTF 0.0030389 0.994306 -1.36372 0.155217 6754.7 0.0030389 1 1.04204 1.12766 -0.25 8778.42
0 33 204 phononTF 0.00502389 0.994306 -1.36372 0.155217 6754.7 0.00502389 1 8.42741 -2.28764 -0.25 25324.1
0 33 207 phononTF 0.00706572 0.342898 0.379871 -0.0549441 441.674 0.00706572 1 -1.47445 1.00317 0.25 1899.13
0 33 206 phononL 0.00537845 0.342898 0.379871 -0.0549441 441.674 0.00537845 1 -7.42509 -2.50612 0.25 38966.6
0 33 217 phononTF 0.00217977 -0.479938 0.142223 -0.188238 1201.5 0.00217977 1 6.05434 0.987338 0.25 13438.9
0 33 216 phononTF 0.00583871 -0.479938 0.142223 -0.188238 1201.5 0.00583871 1 -0.299716 -6.04801 0.25 15565.2
0 33 214 phononTS 0.00433611 -0.214582 0.11085 0.0616286 610.235 0.00433611 1 2.14634 0.833271 -0.25 6080.92
0 33 223 phononTF 0.00352872 -0.0444914 0.472227 -0.233971 9960.98 0.00352872 1 -10 5.41655 -0.203476 21963.1
0 33 222 phononTF 0.00398518 -0.0444914 0.472227 -0.233971 9960.98 0.00398518 1 -3.7537 -2.29115 -0.25 23832.8
0 33 220 phononTF 0.00153941 0.577022 0.869114 -0.00352595 6245.78 0.00153941 1 -8.21674 3.06171 -0.25 48961.7
0 33 218 phononTF 0.00390746 0.511451 0.101599 0.0885795 481.096 0.00390746 1 1.45268 -1.73066 -0.25 7089.43
0 33 225 phononTS 0.00482386 1.31718 -1.06264 -0.0423044 14072.3 0.00482386 1 -1.22857 3.38285 0.25 63818.2
0 33 224 phononL 0.00386547 1.31718 -1.06264 -0.0423044 14072.3 0.00386547 1 4.70313 -0.0816445 -0.25 23788.7
0 33 231 phononL 0.00410459 0.0286344 0.116128 -0.239247 157.541 0.00410459 1 -0.0704376 0.23845 -0.25 537.603
0 33 230 phononTF 0.0052507 0.0286344 0.116128 -0.239247 157.541 0.0052507 1 -3.72201 -0.435554 -0.25 11665
0 33 233 phononL 0.00599837 -0.279466 -0.109096 -0.185119 3576.92 0.00599837 1 3.2684 -0.629207 0.25 22722.4
0 33 232 phononTF 0.00509681 -0.279466 -0.109096 -0.185119 3576.92 0.00509681 1 9.18478 -5.53768 0.25 22986.7
0 33 237 phononTS 0.00458176 -0.393857 0.0104312 -0.197051 286.064 0.00458176 1 -9.71861 -9.7633 0.25 45475.6
0 33 236 phononTF 0.00459912 -0.393857 0.0104312 -0.197051 286.064 0.00459912 1 -0.194186 0.0225673 0.25 7582.31
0 33 241 phononTS 0.00330461 -2.73059 -0.954457 -0.198736 39033.3 0.00330461 1 -0.988924 2.25294 -0.25 49161.4
0 33 240 phononTS 0.00216638 -2.73059 -0.954457 -0.198736 39033.3 0.00216638 1 0.426248 5.26569 0.25 71108.2
0 33 238 phononTF 0.0042154 0.400799 0.590092 -0.0769718 3571.61 0.0042154 1 -1.76909 9.24547 -0.25 19734.5
0 34 15 phononL 0.00511011 0.952358 1.47812 -0.140977 9954.6 0.00511011 1 -9.67801 -9.57781 0.25 31112.8
0 34 14 phononTF 0.00163556 0.952358 1.47812 -0.140977 9954.6 0.00163556 1 9.10541 9.97713 0.25 35876.8
0 34 19 phononTS 0.00234143 6.73283 4.65945 0.0203174 10854.2 0.00234143 1 -8.44388 4.53979 0.25 68080.6
0 34 18 phononTS 0.00160905 6.73283 4.65945 0.0203174 10854.2 0.00160905 1 9.43637 9.40013 0.25 76250.4
0 34 16 phononTF 0.00135414 4.15466 2.80268 -0.0259733 7849.96 0.00135414 1 2.77229 1.05437 -0.25 41394.1
0 34 23 phononTF 0.00386156 0.440718 -0.452574 0.135861 7816.38 0.00386156 1 -1.27676 8.44019 -0.25 20812.4
0 34 25 phononTF 0.00292035 0.0184124 -1.96448 0.086355 17555.4 0.00292035 1 5.45642 8.52886 -0.25 39735.6
0 34 24 phononTF 0.00307941 0.0184124 -1.96448 0.086355 17555.4 0.00307941 1 -1.53609 -7.33482 0.25 61114.4
0 34 20 phononTF 0.00412024 -0.00297859 -0.0293795 -0.237455 117.302 0.00412024 1 -2.60218 2.83548 0.25 39886.7
0 34 29 phononTS 0.0069528 0.000711715 0.000738231 -0.0267313 3.96516 0.0069528 1 1.86125 -2.11021 -0.25 11349.3
0 34 35 phononTS 0.00154672 -4.05242 -5.58739 -0.0620569 39664.8 0.00154672 1 8.19488 -6.63354 0.25 62423.5
0 34 34 phononTS 0.00355524 -4.05242 -5.58739 -0.0620569 39664.8 0.00355524 1 1.71944 5.0493 -0.25 66559
0 34 32 phononTS 0.00313601 -1.68288 2.05194 0.133505 6091.47 0.00313601 1 -10 -2.40212 -0.238575 13401.5
0 34 30 phononTS 0.00473115 0.220399 -0.0617966 0.0146898 787.385 0.00473115 1 -5.05754 -2.22878 -0.25 35050.3
0 34 39 phononTF 0.00468234 0.170468 0.362465 0.146429 584.655 0.00468234 1 -1.82708 5.2345 -0.25 6055.01
0 34 38 phononTF 0.00462712 0.170468 0.362465 0.146429 584.655 0.00462712 1 1.72522 8.53837 -0.25 57755.3
0 34 36 phononTS 0.00638529 0.115334 0.0295405 0.0478805 393.408 0.00638529 1 1.70907 -3.93586 0.25 3687.62
0 34 43 phononTS 0.0044126 0.0115832 0.0135437 0.00982956 22.6425 0.0044126 1 -1.04245 0.651676 0.25 60981.2
0 34 45 phononTF 0.00372288 0.151674 -0.648911 0.155815 1410.2 0.00372288 1 -0.493824 0.879224 0.25 3806.99
0 34 47 phononTS 0.00483232 0.490984 -0.681264 0.191947 2071.01 0.00483232 1 9.57463 9.8955 0.25 11052.8
0 34 46 phononTF 0.00372087 0.490984 -0.681264 0.191947 2071.01 0.00372087 1 4.68503 -9.27604 0.25 18085.6
0 34 51 phononTS 0.00524427 0.515934 -0.0423304 0.194011 1290.86 0.00524427 1 -8.15307 9.13305 0.25 36327.2
0 34 53 phononTF 0.00290755 7.17481 1.27183 -0.151317 10390.7 0.00290755 1 6.2751 -9.5759 0.25 44850.8
0 34 52 phononTS 0.00321378 7.17481 1.27183 -0.151317 10390.7 0.00321378 1 -9.55628 0.289499 -0.25 18399.9
0 34 55 phononTF 0.00532911 -3.16221 -0.869748 -0.0433717 12904.8 0.00532911 1 -3.2983 -2.07808 0.25 35062.8
0 34 54 phononTS 0.00260427 -3.16221 -0.869748 -0.0433717 12904.8 0.00260427 1 6.35807 -9.6871 0.25 69977.4
0 34 69 phononTF 0.00146871 7.51165 -3.27643 0.0947508 21524.2 0.00146871 1 8.51365 0.28838 -0.25 23823.5
0 34 68 phononTF 0.00345539 7.51165 -3.27643 0.0947508 21524.2 0.00345539 1 4.85788 -6.605 -0.25 110052
0 34 66 phononTS 0.00327158 -2.08995 -1.03431 0.129614 3213.44 0.00327158 1 -4.38232 8.61268 -0.25 14821
0 34 71 phononTF 0.00532236 -0.230219 -0.0266164 -0.211129 379.244 0.00532236 1 4.95591 -8.43553 0.25 22359.4
0 34 70 phononTS 0.00617777 -0.230219 -0.0266164 -0.211129 379.244 0.00617777 1 -2.39159 -1.21383 -0.25 3313.01
0 34 77 phononTS 0.00472409 0.00493595 0.263476 -0.0671632 166.587 0.00472409 1 -7.44901 3.53221 -0.25 27100
0 34 79 phononL 0.00543809 -1.12577 -1.88079 -0.223076 5174.03 0.00543809 1 1.36131 -2.74403 -0.25 12005
0 34 78 phononTS 0.0023575 -1.12577 -1.88079 -0.223076 5174.03 0.0023575 1 -3.15991 -1.58798 -0.25 7558.83
0 34 81 phononTS 0.00278028 0.434529 -2.50531 0.10835 1468.99 0.00278028 1 -2.85662 7.15108 -0.25 38265.1
0 34 80 phononTF 0.00358644 0.434529 -2.50531 0.10835 1468.99 0.00358644 1 3.71866 -1.30377 0.25 3782.65
0 34 83 phononTS 0.00505176 0.383225 -0.318194 0.0637966 1375.28 0.00505176 1 -3.42633 2.96182 0.25 5662.16
0 34 82 phononL 0.00362023 0.383225 -0.318194 0.0637966 1375.28 0.00362023 1 -7.30117 4.25618 0.25 21147.7
0 34 89 phononTS 0.00344996 -1.5819 0.558779 -0.139501 2025.19 0.00344996 1 0.277824 0.734005 0.25 5580.98
0 34 88 phononTF 0.00368655 -1.5819 0.558779 -0.139501 2025.19 0.00368655 1 -2.23578 -2.1992 -0.25 3028.39
0 34 91 phononTS 0.00268981 -0.879968 4.3817 0.0216584 2852.48 0.00268981 1 2.03589 -9.8728 0.25 34198.9
0 34 90 phononTS 0.00240168 -0.879968 4.3817 0.0216584 2852.48 0.00240168 1 -9.29845 -9.01142 0.25 32090.6
0 34 93 phononL 0.00379398 -0.0762183 0.182786 -0.225511 5912.83 0.00379398 1 7.82385 6.66822 0.25 32316.1
0 34 95 phononTS 0.00391621 -1.20427 -4.52233 0.16273 27361.3 0.00391621 1 -1.32376 -1.18066 -0.25 41901.2
0 34 94 phononTF 0.000897964 -1.20427 -4.52233 0.16273 27361.3 0.000897964 1 6.87197 1.29285 -0.25 33589.5
0 34 101 phononL 0.00566846 0.755916 0.120479 0.186214 637.61 0.00566846 1 -1.29798 -0.431861 -0.25 6161.3
0 34 100 phononTS 0.00503315 0.755916 0.120479 0.186214 637.61 0.00503315 1 1.74287 -3.05601 0.25 4762.39
0 34 105 phononL 0.00276467 0.35246 0.181221 0.197642 1195.1 0.00276467 1 2.74467 -5.78156 0.25 13386.2
0 34 104 phononL 0.00609212 0.35246 0.181221 0.197642 1195.1 0.00609212 1 5.19244 -9.4047 -0.25 28483.8
0 34 102 phononL 0.0041217 -0.159621 0.31138 0.0650335 832.969 0.0041217 1 -9.71678 -9.15698 0.25 17945.8
0 34 111 phononTS 0.00514435 -0.347784 -0.184149 -0.18039 5669.05 0.00514435 1 -4.69918 3.30104 -0.25 25856.9
0 34 110 phononTS 0.00438458 -0.347784 -0.184149 -0.18039 5669.05 0.00438458 1 5.04734 6.28542 -0.25 27311.1
0 34 113 phononTF 0.00581114 0.317248 0.029989 0.172339 1676.68 0.00581114 1 -1.68331 1.13365 0.25 2446.02
0 34 112 phononTF 0.00521101 0.317248 0.029989 0.172339 1676.68 0.00521101 1 -1.02874 -0.234585 -0.25 2805.11
0 34 115 phononTF 0.00230349 0.447856 -0.674746 0.0761204 1591.98 0.00230349 1 1.269 -1.24183 -0.25 10782.1
0 34 117 phononTS 0.00763529 -0.811148 -3.27703 0.145277 7098.78 0.00763529 1 -0.187877 -2.59363 -0.25 12271.8
0 34 116 phononTF 0.0015711 -0.811148 -3.27703 0.145277 7098.78 0.0015711 1 1.97371 -5.75821 0.25 11910.3
0 34 125 phononTS 0.00446225 0.0861384 0.730908 -0.0617702 2073.06 0.00446225 1 -1.9016 -8.87982 -0.25 55487.9
0 34 124 phononTS 0.00464662 0.0861384 0.730908 -0.0617702 2073.06 0.00464662 1 -2.31023 2.67273 0.25 12322.3
0 34 127 phononL 0.00333722 -1.6555 -1.10057 -0.0339261 14321.8 0.00333722 1 -1.92168 -0.591072 -0.25 15861.2
0 34 126 phononTS 0.0030164 -1.6555 -1.10057 -0.0339261 14321.8 0.0030164 1 -8.09515 -8.27878 -0.25 88918.8
0 34 129 phononTS 0.00328567 0.0466555 -0.627469 -0.00199062 764.121 0.00328567 1 -5.31098 6.2893 0.25 13864.8
0 34 128 phononL 0.00353423 0.0466555 -0.627469 -0.00199062 764.121 0.00353423 1 -0.910175 -2.30179 0.25 1432.84
0 34 135 phononL 0.0021956 1.48907 0.490841 0.192154 1442.99 0.0021956 1 -8.19652 -5.85571 -0.25 40920.5
0 34 134 phononTF 0.00371842 1.48907 0.490841 0.192154 1442.99 0.00371842 1 -7.9838 1.22691 0.25 12284.7
0 34 132 phononTF 0.00538265 0.430168 0.470463 0.222738 1002.33 0.00538265 1 0.955076 -0.143544 -0.25 3054.69
0 34 139 phononTS 0.00486352 0.238684 0.379043 -0.0801492 444.588 0.00486352 1 0.792073 -0.642916 0.25 1426.73
0 34 138 phononTF 0.00744429 0.238684 0.379043 -0.0801492 444.588 0.00744429 1 2.26581 -0.106338 0.25 7049.88
0 34 141 phononTS 0.00408374 -0.130769 -0.107289 -0.198593 878.982 0.00408374 1 -1.80429 -2.33623 -0.25 10161.2
0 34 143 phononTF 0.00317245 2.45962 -2.08726 -0.198036 5860.93 0.00317245 1 -7.7036 -1.41225 0.25 11842.3
0 34 142 phononTS 0.00350878 2.45962 -2.08726 -0.198036 5860.93 0.00350878 1 -6.8232 -0.586825 0.25 76472.9
0 34 155 phononTS 0.00342003 0.0749709 -0.234556 -0.187584 7905.9 0.00342003 1 -0.685965 -4.94543 -0.25 40648.3
0 34 154 phononTS 0.00558794 0.0749709 -0.234556 -0.187584 7905.9 0.00558794 1 -2.77098 -3.9106 0.25 14263.4
0 34 159 phononTS 0.0034379 0.687418 2.2323 0.216773 5143.54 0.0034379 1 -9.34208 6.21857 -0.25 24477.6
0 34 158 phononTF 0.00172647 0.687418 2.2323 0.216773 5143.54 0.00172647 1 5.07347 -6.26296 -0.25 68099.2
0 34 156 phononTS 0.00246669 0.216636 0.577993 -0.132936 550.582 0.00246669 1 3.88624 6.2922 0.25 48812.3
0 34 165 phononTF 0.00241282 2.04267 2.07013 -0.0232617 2697.49 0.00241282 1 -3.59374 -1.69576 -0.25 10843.5
0 34 164 phononL 0.00454846 2.04267 2.07013 -0.0232617 2697.49 0.00454846 1 -3.10802 9.01415 0.25 25134.1
0 34 162 phononTF 0.00140606 -0.384159 0.595522 0.0124218 1445.85 0.00140606 1 -5.88733 -9.50365 0.25 11910.7
0 34 160 phononL 0.00513962 0.122201 0.239752 -0.0551886 181.45 0.00513962 1 -3.09804 0.983226 0.25 8305.91
0 34 169 phononTS 0.00539121 0.00637695 0.00173043 -0.00822721 9.34594 0.00539121 1 -1.18528 -5.75988 0.25 14724.2
0 34 171 phononTS 0.00483394 0.151707 0.0701646 -0.0764391 122.803 0.00483394 1 -1.62898 3.75819 -0.25 6855.14
0 34 175 phononTS 0.00201907 2.02136 -1.8811 0.0770366 12921.7 0.00201907 1 6.12821 3.04775 0.25 20590.2
0 34 174 phononTF 0.00430106 2.02136 -1.8811 0.0770366 12921.7 0.00430106 1 9.2304 -1.25274 -0.25 24506.1
0 34 172 phononTF 0.00158448 -0.0951665 0.091713 -0.242705 941.958 0.00158448 1 9.26696 9.41087 0.25 7136.68
0 34 177 phononTS 0.00119813 5.53196 3.67478 -0.0767348 26728.7 0.00119813 1 9.29194 9.94443 0.25 96443.2
0 34 176 phononTF 0.00358273 5.53196 3.67478 -0.0767348 26728.7 0.00358273 1 -1.84059 6.38541 0.25 47618.9
0 34 185 phononTS 0.00345244 -9.16854 -1.84039 0.230796 20474 0.00345244 1 -8.59071 1.19539 0.25 29099.6
0 34 184 phononTS 0.0023517 -9.16854 -1.84039 0.230796 20474 0.0023517 1 6.77486 6.82837 0.25 25354.5
0 34 182 phononL 0.00407781 1.28419 -1.03373 0.156787 4499.83 0.00407781 1 -7.46552 -4.75141 -0.25 19584.5
0 34 187 phononTF 0.0052328 0.029695 0.0146323 -0.0145683 34.0491 0.0052328 1 -6.20302 -4.48025 0.25 16515.2
0 34 189 phononTS 0.0071039 0.0472346 -0.00951938 0.0132248 47.8209 0.0071039 1 -0.623926 0.919092 -0.25 3696.11
0 34 188 phononTS 0.00727005 0.0472346 -0.00951938 0.0132248 47.8209 0.00727005 1 2.37517 2.9347 -0.25 11316.7
0 34 195 phononTF 0.00415474 0.608997 -0.927369 0.152738 4101.83 0.00415474 1 -2.0573 4.73732 0.25 22215.2
0 34 197 phononTS 0.00428052 -2.08236 -2.21151 -0.0931483 11728.9 0.00428052 1 8.40727 6.78299 -0.25 47029.6
0 34 196 phononTS 0.0020951 -2.08236 -2.21151 -0.0931483 11728.9 0.0020951 1 9.10805 5.67709 0.25 20291.5
0 34 199 phononTS 0.00492918 -0.558604 -0.76837 0.150549 799.805 0.00492918 1 -1.66786 -2.07125 0.25 7759.59
0 34 198 phononTF 0.00432253 -0.558604 -0.76837 0.150549 799.805 0.00432253 1 2.70271 10 -0.207684 22181.4
0 34 203 phononTF 0.00552417 0.793403 -0.448229 0.0624236 1461.82 0.00552417 1 1.25143 -1.98091 0.25 26153.6
0 34 202 phononTS 0.00423728 0.793403 -0.448229 0.0624236 1461.82 0.00423728 1 -0.216493 0.887748 -0.25 10040.5
0 34 200 phononL 0.00242294 0.220189 -0.313137 0.00494429 217.04 0.00242294 1 3.69998 3.31042 -0.25 9815.14
0 34 217 phononTF 0.00289411 -4.15674 8.34605 -0.0306145 32970.4 0.00289411 1 5.23278 10 0.154701 117419
0 34 216 phononTS 0.00111309 -4.15674 8.34605 -0.0306145 32970.4 0.00111309 1 8.05006 7.0412 -0.25 44684.2
0 34 214 phononTS 0.00281993 2.73886 -4.26053 -0.16881 6487.71 0.00281993 1 -3.81584 5.8778 -0.25 53731.5
0 34 212 phononTF 0.00216326 2.05918 -0.788623 0.107288 1166.03 0.00216326 1 -6.30997 9.07739 -0.25 58761.3
0 34 221 phononTS 0.00696941 0.809383 0.470707 0.0434973 1456.34 0.00696941 1 5.51956 1.48042 0.25 7931.97
0 34 220 phononTF 0.00518063 0.809383 0.470707 0.0434973 1456.34 0.00518063 1 9.37139 9.9996 0.25 34826.1
0 34 223 phononTF 0.00448102 0.353346 -0.219865 0.00558204 558.426 0.00448102 1 -4.18946 -5.49947 -0.25 15119.5
0 34 222 phononTF 0.00606317 0.353346 -0.219865 0.00558204 558.426 0.00606317 1 -0.108345 0.351201 -0.25 2240.46
0 34 227 phononL 0.00608941 0.263831 0.336088 0.138933 1804.23 0.00608941 1 3.83158 1.05864 0.25 7339.23
0 34 226 phononTS 0.00331768 0.263831 0.336088 0.138933 1804.23 0.00331768 1 1.5043 8.47052 0.25 19875.6
0 34 229 phononTS 0.00475038 0.0994961 0.660563 0.0607786 673.851 0.00475038 1 -0.990212 -7.19271 -0.25 11219.5
0 34 228 phononTF 0.00367748 0.0994961 0.660563 0.0607786 673.851 0.00367748 1 -10 6.67936 -0.140085 11315.4
0 34 235 phononTS 0.00509311 0.195247 0.0861121 0.150205 99.1326 0.00509311 1 7.40129 10 -0.20177 4591.16
0 34 234 phononTS 0.00392719 0.195247 0.0861121 0.150205 99.1326 0.00392719 1 -7.62403 -3.38755 -0.25 8269.17
0 34 239 phononTS 0.00286031 -8.02871 -3.12458 -0.0713363 28532.3 0.00286031 1 7.91699 0.822138 -0.25 48018.6
0 34 238 phononTF 0.00172016 -8.02871 -3.12458 -0.0713363 28532.3 0.00172016 1 8.90714 -7.44759 -0.25 38897
0 34 236 phononL 0.0042629 -1.64023 0.635908 0.0737571 6495.83 0.0042629 1 -2.15105 8.88264 -0.25 10021.8
0 34 241 phononL 0.0098607 -0.0125105 -0.0074113 -0.211446 339.566 0.0098607 1 0.335183 0.924538 -0.25 1418.5
0 34 240 phononTF 0.00337623 -0.0125105 -0.0074113 -0.211446 339.566 0.00337623 1 -7.39939 8.69757 0.25 9067.8
0 34 247 phononTS 0.00502519 -0.0381189 -0.62248 -0.228101 619.114 0.00502519 1 1.99027 -1.71165 0.25 2041.67
0 34 249 phononTS 0.0045742 0.257679 -0.939208 0.165735 3727.86 0.0045742 1 -4.84559 9.07412 -0.25 19253.5
0 34 248 phononTS 0.00416501 0.257679 -0.939208 0.165735 3727.86 0.00416501 1 9.73614 2.53656 0.25 11314.4
0 34 244 phononTF 0.00615662 0.0381618 -0.0419758 -0.0440247 48.2787 0.00615662 1 8.0934 -0.378326 -0.25 21934.1
0 34 251 phononTS 0.00499451 -1.70689 2.17911 -0.179688 4578.07 0.00499451 1 0.131245 1.17183 0.25 16383.3
0 34 250 phononTS 0.00183312 -1.70689 2.17911 -0.179688 4578.07 0.00183312 1 -2.40966 1.56189 -0.25 14576.1
0 35 19 phononTS 0.00317747 0.216456 5.51608 -0.114887 16640.6 0.00317747 1 6.54142 -1.01789 -0.25 31428.4
0 35 18 phononTS 0.00326022 0.216456 5.51608 -0.114887 16640.6 0.00326022 1 -8.64205 5.7437 -0.25 77465.3
0 35 16 phononTS 0.00460568 -0.0486666 -0.0411772 -0.0986622 725.137 0.00460568 1 0.270763 0.0506571 -0.25 5562.05
0 35 25 phononTS 0.00248037 -0.162029 0.347315 -0.146639 579.371 0.00248037 1 -5.98789 -7.56798 -0.25 11653.5
0 35 24 phononL 0.00353129 -0.162029 0.347315 -0.146639 579.371 0.00353129 1 -4.2944 -1.63137 0.25 8260.91
0 35 27 phononTS 0.00326801 3.06015 -0.69143 -0.0474071 7488.33 0.00326801 1 3.95493 -0.7403 -0.25 7787.5
0 35 26 phononL 0.00383518 3.06015 -0.69143 -0.0474071 7488.33 0.00383518 1 0.203649 2.014 -0.25 8708.09
0 35 29 phononL 0.00302137 0.0846875 1.90969 0.235597 1275.91 0.00302137 1 1.58699 7.14033 -0.25 39472.9
0 35 28 phononL 0.00298338 0.0846875 1.90969 0.235597 1275.91 0.00298338 1 9.86201 2.66156 0.25 15853
0 35 35 phononL 0.00377056 -0.493221 -0.332826 -0.0800606 1185.46 0.00377056 1 -1.19 -3.31912 0.25 7547.27
0 35 37 phononTS 0.0031018 -6.9986 -4.20541 0.127598 25064.5 0.0031018 1 -6.33487 -2.12651 -0.25 29563.9
0 35 36 phononTS 0.00235629 -6.9986 -4.20541 0.127598 25064.5 0.00235629 1 -6.63579 -4.90654 0.25 25942.1
0 35 41 phononL 0.00300774 4.21579 -3.27235 -0.141054 14986.4 0.00300774 1 9.82079 -1.0968 -0.25 86196.4
0 35 43 phononTS 0.00158025 1.97944 -1.63787 0.105089 28769.2 0.00158025 1 7.8199 -8.63539 -0.25 60560.5
0 35 42 phononTS 0.00172308 1.97944 -1.63787 0.105089 28769.2 0.00172308 1 3.65979 -10 0.035113 35515.1
0 35 38 phononL 0.0027139 -0.168285 -1.09563 0.125477 5300.8 0.0027139 1 5.8241 8.81853 0.25 36014
0 35 30 phononTF 0.00412664 -0.000129471 0.00209135 -0.0274413 13.3569 0.00412664 1 7.8504 4.07185 0.25 13744.4
0 35 45 phononTF 0.00259366 0.137609 0.601849 0.139952 1150.61 0.00259366 1 -9.42958 -3.30278 0.25 21665.9
0 35 49 phononTF 0.0030955 -3.47082 -1.34857 0.114592 10463.1 0.0030955 1 -3.78502 6.72603 -0.25 23417.7
0 35 48 phononTS 0.00349559 -3.47082 -1.34857 0.114592 10463.1 0.00349559 1 -4.57144 5.75675 0.25 14102.9
0 35 46 phononTF 0.00325887 0.22474 1.4744 0.116843 2023.69 0.00325887 1 6.10213 -2.1157 -0.25 68632
0 35 59 phononTF 0.00490203 -2.56675 -2.91171 -0.231268 11169.6 0.00490203 1 3.2061 6.19578 -0.25 48322.8
0 35 58 phononTS 0.00233335 -2.56675 -2.91171 -0.231268 11169.6 0.00233335 1 -7.85833 -3.6001 0.25 50248.2
0 35 61 phononTS 0.00343994 1.77752 -0.138492 -0.0232499 2170.24 0.00343994 1 5.09254 -0.415894 0.25 7010.05
0 35 60 phononL 0.00531585 1.77752 -0.138492 -0.0232499 2170.24 0.00531585 1 0.292078 -4.69207 0.25 11564.1
0 35 54 phononL 0.00595614 0.00357901 0.00325378 -0.0251175 2.17251 0.00595614 1 1.51379 -0.317072 -0.25 790.32
0 35 65 phononTS 0.00255477 0.539047 5.57463 0.134384 18241.3 0.00255477 1 0.944092 7.83944 0.25 23451.3
0 35 64 phononTF 0.00394297 0.539047 5.57463 0.134384 18241.3 0.00394297 1 8.4957 -9.53889 -0.25 35673.5
0 35 62 phononTS 0.00432 0.350347 0.547275 0.0242302 1338.31 0.00432 1 -0.374063 9.26764 -0.25 24088.9
0 35 71 phononTS 0.00263703 1.60702 -0.479868 0.195515 5572.33 0.00263703 1 5.34782 7.34957 0.25 14577.1
0 35 70 phononTF 0.00510326 1.60702 -0.479868 0.195515 5572.33 0.00510326 1 -9.39088 4.90585 -0.25 16739.1
0 35 68 phononTF 0.00448935 0.155621 -0.118668 -0.147311 110.105 0.00448935 1 -6.76145 8.64144 -0.25 10788.6
0 35 73 phononTS 0.00349435 4.51719 2.71238 -0.0829387 3273.95 0.00349435 1 9.82634 9.31143 0.25 10908.6
0 35 72 phononTS 0.00115186 4.51719 2.71238 -0.0829387 3273.95 0.00115186 1 -9.65685 9.05089 0.25 51187
0 35 79 phononL 0.00716118 0.00814013 -0.069264 -0.0770744 47.4335 0.00716118 1 -0.776353 0.100055 -0.25 469.342
0 35 81 phononTS 0.00353574 -1.31911 -0.156183 -0.0142446 3976.36 0.00353574 1 9.62609 -9.91197 0.25 23922.5
0 35 80 phononTS 0.00626497 -1.31911 -0.156183 -0.0142446 3976.36 0.00626497 1 -1.42624 0.344202 -0.25 4212.72
0 35 85 phononTF 0.00534837 -0.161312 0.211704 0.195417 284.224 0.00534837 1 1.80103 -2.83332 0.25 4027.63
0 35 89 phononTS 0.00325315 4.67097 3.89964 -0.162403 29351.7 0.00325315 1 9.07181 9.89533 0.25 36067.4
0 35 88 phononL 0.00266801 4.67097 3.89964 -0.162403 29351.7 0.00266801 1 0.225612 5.44229 0.25 79502.8
0 35 86 phononTS 0.0025448 0.355999 4.638 -0.0588561 5452.78 0.0025448 1 -4.73962 2.35212 0.25 7471.94
0 35 93 phononTF 0.00735743 -0.418538 0.426016 -0.00617741 1467.26 0.00735743 1 -2.54446 -7.5756 -0.25 19021.9
0 35 92 phononL 0.00341814 -0.418538 0.426016 -0.00617741 1467.26 0.00341814 1 -7.91939 2.58854 -0.25 5207.34
0 35 99 phononL 0.00209702 -4.14156 -4.24451 -0.135412 22118.9 0.00209702 1 -0.22706 -6.40875 -0.25 28013.4
0 35 98 phononTF 0.00229132 -4.14156 -4.24451 -0.135412 22118.9 0.00229132 1 -9.81089 -5.15129 0.25 26047.4
0 35 96 phononTS 0.00258342 -6.02431 -0.0694592 -0.0322263 14231.9 0.00258342 1 -2.39684 -5.63221 -0.25 21375.3
0 35 94 phononTF 0.00434754 0.0199177 -0.256824 0.015651 422.879 0.00434754 1 5.59757 5.87307 0.25 42580.7
0 35 109 phononTS 0.00221696 -0.261112 -8.00276 0.122454 11535.5 0.00221696 1 1.67209 -9.51585 -0.25 12859.9
0 35 108 phononTS 0.00107208 -0.261112 -8.00276 0.122454 11535.5 0.00107208 1 -7.96928 -8.96025 0.25 21173.2
0 35 106 phononTS 0.00545686 -0.844927 0.0149211 -0.00400645 2051.46 0.00545686 1 -0.779983 -2.84666 0.25 7907.12
0 35 111 phononTF 0.00333717 1.29419 3.88101 0.17162 5131.91 0.00333717 1 6.32725 3.53367 0.25 20778.1
0 35 110 phononTS 0.00369037 1.29419 3.88101 0.17162 5131.91 0.00369037 1 1.12947 2.54963 0.25 37339.9
0 35 113 phononL 0.00576931 0.264314 -0.656129 0.0159707 2713.9 0.00576931 1 -4.08091 4.39566 -0.25 26199.7
0 35 112 phononTS 0.00343799 0.264314 -0.656129 0.0159707 2713.9 0.00343799 1 4.06732 -5.10567 0.25 33947
0 35 117 phononTF 0.00327993 0.303642 -0.456653 0.153402 946.265 0.00327993 1 1.25197 6.44734 0.25 50390.7
0 35 116 phononTF 0.00566638 0.303642 -0.456653 0.153402 946.265 0.00566638 1 4.13302 3.1688 -0.25 20536.8
0 35 121 phononTF 0.00733452 0.0325382 0.215735 0.12275 404.523 0.00733452 1 0.0528058 0.269288 0.25 429.135
0 35 125 phononL 0.00298012 -0.467354 -0.0374786 -0.0739341 2954.87 0.00298012 1 4.62737 -1.49386 -0.25 12240.9
0 35 124 phononL 0.00347606 -0.467354 -0.0374786 -0.0739341 2954.87 0.00347606 1 -5.2917 -5.02065 0.25 26656.8
0 35 122 phononTS 0.00271996 0.314728 -0.688873 -0.132658 2744.44 0.00271996 1 -1.74592 4.84434 -0.25 13551.3
0 35 127 phononTS 0.00442988 -0.15134 -0.407448 -0.00528886 4208.63 0.00442988 1 -1.35949 2.88062 -0.25 51075.5
0 35 126 phononTS 0.00314488 -0.15134 -0.407448 -0.00528886 4208.63 0.00314488 1 -8.22773 -4.67072 -0.25 31092.4
0 35 137 phononTF 0.00533738 0.669668 0.329556 -0.151866 1223.13 0.00533738 1 -6.32513 -4.17671 0.25 30898
0 35 139 phononL 0.00485613 0.13918 0.444808 -0.161731 1890.41 0.00485613 1 0.579479 -9.35983 0.25 29400.1
0 35 138 phononTS 0.00312424 0.13918 0.444808 -0.161731 1890.41 0.00312424 1 9.31278 5.6603 -0.25 27890.1
0 35 134 phononTF 0.00417493 0.163312 0.141182 0.141304 285.363 0.00417493 1 -6.27999 4.0026 0.25 24130.6
0 35 141 phononTS 0.00388085 0.30942 -1.71822 -0.114025 6811.2 0.00388085 1 -9.04981 -9.85895 0.25 13608.2
0 35 140 phononTF 0.00557641 0.30942 -1.71822 -0.114025 6811.2 0.00557641 1 6.36344 -5.95301 -0.25 21715.9
0 35 149 phononTF 0.00183744 7.06358 9.87868 0.0908584 25017.4 0.00183744 1 9.47506 -7.17916 0.25 40639.1
0 35 148 phononL 0.00256432 7.06358 9.87868 0.0908584 25017.4 0.00256432 1 -1.45058 -0.113135 -0.25 49042.9
0 35 153 phononTS 0.00672102 -1.72803 -1.29405 0.204079 4967.61 0.00672102 1 1.10343 -1.96964 0.25 24659.1
0 35 152 phononTF 0.00190607 -1.72803 -1.29405 0.204079 4967.61 0.00190607 1 5.23957 5.86838 0.25 29248.3
0 35 155 phononTS 0.00505596 -1.01772 0.178223 0.0363456 1242.69 0.00505596 1 7.24169 -1.06437 -0.25 35387.7
0 35 157 phononL 0.00263465 5.29868 -0.395224 -0.181992 41410.3 0.00263465 1 3.71804 -3.56615 -0.25 44901.2
0 35 156 phononTS 0.000815258 5.29868 -0.395224 -0.181992 41410.3 0.000815258 1 -8.97759 -5.50119 0.25 65424.7
0 35 159 phononL 0.00356485 -1.82832 2.49217 0.177398 5717.11 0.00356485 1 9.78453 9.76621 0.25 22819.4
0 35 158 phononTS 0.00230043 -1.82832 2.49217 0.177398 5717.11 0.00230043 1 -10 8.82439 0.187344 43758
0 35 165 phononTF 0.00371245 0.197229 -1.47575 -0.0861753 4039.31 0.00371245 1 9.62644 7.72252 0.25 25457.3
0 35 164 phononTS 0.00218613 0.197229 -1.47575 -0.0861753 4039.31 0.00218613 1 -6.60676 -0.838371 -0.25 16481.2
0 35 162 phononTS 0.00461542 -0.0857639 0.175437 -0.0616048 121.582 0.00461542 1 8.20095 -8.50893 0.25 6589.7
0 35 167 phononTS 0.00213614 0.883664 0.432421 -0.152301 1657.86 0.00213614 1 -9.51745 -9.5004 0.25 26564.8
0 35 169 phononTS 0.00195453 2.85605 1.54057 0.169194 10619.1 0.00195453 1 4.20671 10 0.20089 29762.4
0 35 168 phononL 0.00500998 2.85605 1.54057 0.169194 10619.1 0.00500998 1 -2.98315 2.28528 -0.25 35728.6
0 35 177 phononTF 0.00301792 0.403404 0.163667 -0.152309 4062.4 0.00301792 1 6.18168 -3.93725 0.25 22512.7
0 35 176 phononL 0.00254817 0.403404 0.163667 -0.152309 4062.4 0.00254817 1 -7.14703 2.59079 0.25 31609.8
0 35 174 phononTS 0.00275278 -0.269318 -0.135132 -0.192832 803.63 0.00275278 1 0.887842 1.84122 -0.25 58383.3
0 35 181 phononTS 0.00434434 -0.349095 0.267586 0.0152153 6256.08 0.00434434 1 -7.01255 5.14257 -0.25 44905.8
0 35 180 phononTF 0.00357722 -0.349095 0.267586 0.0152153 6256.08 0.00357722 1 -7.14901 4.81213 0.25 21819.1
0 35 178 phononTS 0.00341996 -0.0651195 0.0112478 -0.0714693 52.3989 0.00341996 1 -8.09595 -8.39196 -0.25 31997.8
0 35 185 phononTS 0.00310487 8.12129 -1.74448 -0.0956822 5234.27 0.00310487 1 4.68591 -6.72838 0.25 10471.7
0 35 184 phononTS 0.00283195 8.12129 -1.74448 -0.0956822 5234.27 0.00283195 1 -0.719642 3.32887 -0.25 18487.6
0 35 182 phononTS 0.00619328 0.31266 0.0194325 -0.214717 235.875 0.00619328 1 7.01741 -1.54292 0.25 16932.7
0 35 195 phononTF 0.00486569 0.180072 0.285129 -0.115645 777.778 0.00486569 1 6.46488 0.171912 0.25 23240.6
0 35 194 phononTF 0.00478439 0.180072 0.285129 -0.115645 777.778 0.00478439 1 -2.91381 4.96683 0.25 10805.7
0 35 199 phononL 0.00281793 0.954624 0.0537716 0.186505 1789.4 0.00281793 1 -0.995566 -1.72301 0.25 38316.9
0 35 198 phononTF 0.00492295 0.954624 0.0537716 0.186505 1789.4 0.00492295 1 1.16485 0.233684 -0.25 5880
0 35 201 phononTF 0.00352458 1.83873 -0.568551 0.126349 11208 0.00352458 1 7.35851 2.48316 0.25 39369.5
0 35 200 phononTS 0.00353598 1.83873 -0.568551 0.126349 11208 0.00353598 1 10 9.131 0.0784276 24169.4
0 35 207 phononTF 0.00698244 -0.187255 -0.108706 -0.196941 580.62 0.00698244 1 1.30813 0.671829 -0.25 2106.58
0 35 211 phononTS 0.00332278 0.405498 2.80479 -0.0638708 19104 0.00332278 1 1.67163 9.92299 0.25 29430.4
0 35 210 phononTS 0.0017469 0.405498 2.80479 -0.0638708 19104 0.0017469 1 0.300436 2.86213 -0.25 20676.3
0 35 208 phononTF 0.00311774 -0.192036 2.3703 0.0672945 12019.1 0.00311774 1 2.8626 -0.867186 0.25 24351.8
0 35 204 phononTF 0.00363749 0.00478523 -0.00308406 -0.0292948 12.0394 0.00363749 1 2.78948 -2.50962 -0.25 1681.55
0 35 213 phononTF 0.00558749 -0.740301 0.347841 0.148511 1316.57 0.00558749 1 -6.19428 -2.66943 0.25 14387.5
0 35 212 phononTF 0.00448239 -0.740301 0.347841 0.148511 1316.57 0.00448239 1 7.50458 -6.247 -0.25 9884.15
0 35 219 phononTF 0.00299822 1.64122 3.53583 -0.185527 5872.57 0.00299822 1 -5.09629 2.66008 0.25 37677.8
0 35 218 phononTF 0.00332321 1.64122 3.53583 -0.185527 5872.57 0.00332321 1 9.93382 9.86095 0.25 21092.6
0 35 216 phononTF 0.00534309 0.371971 0.740606 -0.0341953 673.711 0.00534309 1 -1.10004 3.11921 -0.25 2133.38
0 35 223 phononTF 0.00236875 1.42492 0.317154 0.0709403 2226.7 0.00236875 1 4.21326 7.52845 0.25 18069.9
0 35 222 phononTS 0.00747899 1.42492 0.317154 0.0709403 2226.7 0.00747899 1 1.54013 -2.00095 -0.25 3482.33
0 35 225 phononTF 0.00463807 0.0179196 0.0503088 -0.0158376 108.85 0.00463807 1 5.13492 9.93694 -0.25 8528.02
0 35 227 phononTS 0.00749615 -0.0163221 -0.0120847 0.00340091 149.922 0.00749615 1 -3.31619 -0.094916 -0.25 7541.79
0 35 226 phononTS 0.00593538 -0.0163221 -0.0120847 0.00340091 149.922 0.00593538 1 -3.17243 -9.12135 -0.25 20146.9
0 35 237 phononTF 0.00525763 -0.0455031 -0.0350736 -0.0574588 138.198 0.00525763 1 8.41846 -0.703914 -0.25 10387
0 35 236 phononTS 0.00656591 -0.0455031 -0.0350736 -0.0574588 138.198 0.00656591 1 -0.650934 1.11256 0.25 6405.8
0 35 234 phononTF 0.00655831 -0.0469615 -0.000992079 -0.0348711 123.034 0.00655831 1 -0.801232 4.6831 0.25 4988.72
0 35 241 phononTF 0.00399082 2.23292 1.10921 0.139358 4131.94 0.00399082 1 2.87186 -0.797395 0.25 24498.2
0 35 240 phononTS 0.00271336 2.23292 1.10921 0.139358 4131.94 0.00271336 1 -5.78853 9.33394 -0.25 17147.6
0 35 238 phononTF 0.00740973 0.0955387 0.0567257 -0.0152943 221.058 0.00740973 1 3.17167 -3.12315 0.25 11952.4
0 35 247 phononTS 0.00410304 4.41961 -0.390009 -0.146365 5404.67 0.00410304 1 -0.194216 1.73141 -0.25 27814.9
0 35 246 phononTS 0.00293126 4.41961 -0.390009 -0.146365 5404.67 0.00293126 1 4.41588 -0.392638 -0.25 5422.76
0 35 244 phononTF 0.00340745 0.322854 0.278967 0.234569 838.481 0.00340745 1 9.39044 5.96059 -0.25 8237.6
0 35 249 phononTF 0.0069283 -1.23071 -0.644543 -0.00372141 2155.14 0.0069283 1 -0.762847 -0.871647 -0.25 3762.75
0 35 248 phononL 0.0029433 -1.23071 -0.644543 -0.00372141 2155.14 0.0029433 1 -2.4904 -7.70389 -0.25 15991.2
0 35 255 phononTF 0.00470873 -0.276815 0.37695 -0.235822 810.226 0.00470873 1 -1.89672 3.185 -0.25 7012.54
0 35 254 phononTF 0.00403746 -0.276815 0.37695 -0.235822 810.226 0.00403746 1 -8.00004 5.5037 0.25 33444.7
0 35 257 phononTF 0.00231382 0.182636 -0.673625 0.0103222 1598.86 0.00231382 1 -1.14658 -8.03806 -0.25 17586.7
0 35 256 phononTS 0.00449695 0.182636 -0.673625 0.0103222 1598.86 0.00449695 1 -9.80507 -6.86765 -0.25 31475.8
0 35 259 phononTS 0.00340095 -1.36844 0.546676 -0.145473 2060.57 0.00340095 1 1.81692 2.98368 0.25 6104.37
0 35 258 phononTF 0.00405599 -1.36844 0.546676 -0.145473 2060.57 0.00405599 1 -7.50481 -9.00532 -0.25 18344.3
0 36 17 phononTS 0.00381666 0.328031 0.0888044 -0.171546 609.475 0.00381666 1 -0.000554331 3.25941 -0.25 4353.26
0 36 16 phononTS 0.00565283 0.328031 0.0888044 -0.171546 609.475 0.00565283 1 4.9779 10 0.0686066 22203.6
0 36 14 phononTF 0.00641856 0.08985 -0.0120766 -0.0477263 226.952 0.00641856 1 1.59874 -6.02301 0.25 4388.76
0 36 21 phononTS 0.00266638 6.37023 2.52251 -0.159113 6755.74 0.00266638 1 8.69773 -8.4806 0.25 64920.1
0 36 20 phononTS 0.00298635 6.37023 2.52251 -0.159113 6755.74 0.00298635 1 3.47228 1.74514 -0.25 8032.08
0 36 18 phononTS 0.00549823 -0.204336 0.070005 0.0343569 141.186 0.00549823 1 -9.54801 -0.00721537 -0.25 7539.75
0 36 27 phononTF 0.0053947 0.729457 1.90399 0.172065 14006.1 0.0053947 1 -4.49007 -3.47995 -0.25 42134.4
0 36 26 phononTS 0.00382563 0.729457 1.90399 0.172065 14006.1 0.00382563 1 -8.50296 -0.337261 0.25 19296.9
0 36 29 phononL 0.00325839 2.88112 -0.23092 0.247375 15545.2 0.00325839 1 -4.84484 3.37105 0.25 33983
0 36 28 phononTS 0.00212029 2.88112 -0.23092 0.247375 15545.2 0.00212029 1 2.88343 -5.78228 -0.25 30561.6
0 36 31 phononTF 0.00795007 0.06143 0.168285 0.08847 253.866 0.00795007 1 -0.630404 0.853359 0.25 7207.53
0 36 30 phononTF 0.00393941 0.06143 0.168285 0.08847 253.866 0.00393941 1 -5.16493 -3.1181 -0.25 19455.8
0 36 33 phononTS 0.00697674 0.0218542 0.0386376 -0.0762785 35.1761 0.00697674 1 -0.0958651 -0.171696 0.25 2785.52
0 36 35 phononTS 0.00402731 -1.22017 -3.13874 0.0519593 12720.5 0.00402731 1 1.63786 5.55771 -0.25 20422.8
0 36 34 phononL 0.00189026 -1.22017 -3.13874 0.0519593 12720.5 0.00189026 1 3.99714 -3.48839 -0.25 30057.4
0 36 45 phononTF 0.00275541 0.23788 -0.634574 -0.0310633 3678.32 0.00275541 1 9.85078 9.72401 0.25 22272.5
0 36 47 phononTS 0.00609545 2.25746 -3.51979 -0.0623419 12909.2 0.00609545 1 8.25304 -9.77232 -0.25 41044.4
0 36 46 phononTS 0.00162132 2.25746 -3.51979 -0.0623419 12909.2 0.00162132 1 1.08969 6.96445 0.25 28158
0 36 42 phononTS 0.00122764 0.0242665 -0.253041 -0.074726 317.91 0.00122764 1 -7.23537 9.57171 -0.25 44331.5
0 36 49 phononL 0.008386 0.0219445 0.0873956 -0.0219823 85.8876 0.008386 1 0.381738 0.146927 -0.25 196.847
0 36 48 phononTS 0.0027418 0.0219445 0.0873956 -0.0219823 85.8876 0.0027418 1 -4.10231 -5.58099 0.25 61761.3
0 36 51 phononTF 0.007932 0.24768 -0.0564074 0.0475674 109.169 0.007932 1 0.833062 0.267906 -0.25 1506.89
0 36 50 phononTS 0.00364757 0.24768 -0.0564074 0.0475674 109.169 0.00364757 1 -4.53834 6.93246 0.25 9408.61
0 36 59 phononTF 0.00375789 0.555624 0.575787 -0.0379928 3459.34 0.00375789 1 8.07577 -10 -0.158269 11600.5
0 36 58 phononTS 0.00591268 0.555624 0.575787 -0.0379928 3459.34 0.00591268 1 -4.08423 2.97119 0.25 10665.2
0 36 56 phononTS 0.00564741 0.625545 0.196021 0.120171 683.824 0.00564741 1 8.10136 6.75417 -0.25 24341
0 36 54 phononTS 0.00388631 -0.00432529 -0.0309609 -0.0213842 59.7582 0.00388631 1 0.873953 4.47749 -0.25 4440.14
0 36 52 phononTS 0.00358097 -0.00901721 0.00313121 -0.0221321 5.44829 0.00358097 1 -1.5688 -0.754757 0.25 554.088
0 36 69 phononL 0.00255008 1.39132 0.0374643 0.0381356 4820.98 0.00255008 1 -3.72187 2.38438 0.25 26802.7
0 36 68 phononTS 0.00583763 1.39132 0.0374643 0.0381356 4820.98 0.00583763 1 3.26873 -1.00294 0.25 5235.7
0 36 73 phononTF 0.00415905 0.566217 1.08722 0.191121 1068.24 0.00415905 1 1.71499 -5.13409 0.25 11882.2
0 36 72 phononTS 0.00222056 0.566217 1.08722 0.191121 1068.24 0.00222056 1 -1.04751 -7.15799 -0.25 7675.75
0 36 70 phononTS 0.00449596 0.540198 1.06279 0.177747 1064.12 0.00449596 1 1.34311 1.53344 -0.25 1853.71
0 36 79 phononTS 0.00626045 0.032844 0.653891 -0.0436729 1064.81 0.00626045 1 -1.81933 -5.10345 -0.25 4978.33
0 36 78 phononTS 0.00112491 0.032844 0.653891 -0.0436729 1064.81 0.00112491 1 -6.7053 5.15064 -0.25 8940.1
0 36 85 phononL 0.00390438 1.90395 -2.40592 0.0593361 8160.99 0.00390438 1 -3.95008 1.40732 0.25 11925.7
0 36 84 phononTS 0.00293092 1.90395 -2.40592 0.0593361 8160.99 0.00293092 1 0.567237 2.0429 -0.25 24406.1
0 36 82 phononTF 0.00226066 1.66874 -0.183585 -0.0925219 3011.95 0.00226066 1 -2.59407 -0.303022 -0.25 11087.4
0 36 80 phononL 0.00448453 0.00876508 -0.244947 0.191378 775.205 0.00448453 1 -3.05743 -0.665822 0.25 27620.1
0 36 74 phononTS 0.00541626 0.0191164 -0.000116406 -0.00321949 26.0303 0.00541626 1 9.69959 -2.84688 0.25 45135.2
0 36 89 phononTS 0.00683588 0.0624056 -0.561063 -0.221497 414.801 0.00683588 1 -1.86804 -5.70719 0.25 8071.77
0 36 88 phononL 0.00365213 0.0624056 -0.561063 -0.221497 414.801 0.00365213 1 4.8218 -3.91994 0.25 2383.5
0 36 93 phononTF 0.00424157 0.370263 -1.03354 0.143648 1897.88 0.00424157 1 9.25777 -7.22861 -0.25 85146
0 36 95 phononTF 0.00339352 -5.15273 -5.74153 0.174934 9805.13 0.00339352 1 -1.25631 7.7392 -0.25 79518.9
0 36 94 phononTS 0.00150024 -5.15273 -5.74153 0.174934 9805.13 0.00150024 1 1.82028 9.93052 -0.25 43689.1
0 36 90 phononTF 0.00274786 0.652104 -0.136678 -0.172244 1136.87 0.00274786 1 -3.38914 10 0.0201259 17011.6
0 36 99 phononTF 0.00440706 -0.488526 0.353378 0.0132051 878.936 0.00440706 1 -0.929267 3.62215 0.25 1448.09
0 36 101 phononL 0.00465399 -0.564767 0.0452605 -0.147737 1080.23 0.00465399 1 0.77041 4.70131 -0.25 56038.3
0 36 100 phononTF 0.00386542 -0.564767 0.0452605 -0.147737 1080.23 0.00386542 1 -6.50794 -1.95913 0.25 12484.5
0 36 103 phononTS 0.0056146 0.0436013 0.222224 -0.219406 5358.44 0.0056146 1 1.87579 -3.60783 0.25 8667.64
0 36 105 phononL 0.00164752 -8.15775 -8.51013 0.213966 14214.4 0.00164752 1 4.20574 -8.77583 0.25 52413.4
0 36 104 phononTF 0.00266076 -8.15775 -8.51013 0.213966 14214.4 0.00266076 1 5.25429 -9.21103 -0.25 30125.2
0 36 121 phononTF 0.00299731 -6.54995 0.372496 -0.0437699 6145.28 0.00299731 1 3.63031 10 0.0731567 8754.68
0 36 120 phononTS 0.00147543 -6.54995 0.372496 -0.0437699 6145.28 0.00147543 1 -6.0913 -2.69926 -0.25 7255.55
0 36 118 phononTS 0.00422265 -1.48708 -0.106969 -0.166524 3125.68 0.00422265 1 7.04656 9.8971 0.25 36185.5
0 36 116 phononTS 0.00530073 -0.162329 -0.00262128 -0.0154604 418.438 0.00530073 1 -0.191188 1.48902 0.25 2811.73
0 36 114 phononTF 0.0136711 -0.00316306 -0.0012862 -0.0209568 26.4303 0.0136711 1 -0.0349328 0.0545646 -0.25 399.412
0 36 125 phononTF 0.00589535 0.142093 -0.081734 -0.128006 93.2589 0.00589535 1 -4.66382 -6.12212 0.25 3226.25
0 36 124 phononTS 0.00320643 0.142093 -0.081734 -0.128006 93.2589 0.00320643 1 4.02043 1.44554 0.25 5568.85
0 36 129 phononTS 0.00404565 -0.147213 -0.165027 0.122433 859.576 0.00404565 1 -0.583204 -9.95443 0.25 14974.5
0 36 133 phononTS 0.0019441 -1.01125 2.61213 -0.0573836 8475.13 0.0019441 1 -6.89857 9.06095 -0.25 39808.9
0 36 132 phononTS 0.00411132 -1.01125 2.61213 -0.0573836 8475.13 0.00411132 1 -2.4445 3.65295 0.25 14596.5
0 36 130 phononL 0.00248488 -2.11482 3.81631 0.000283111 7316.63 0.00248488 1 1.29992 3.63266 0.25 9824.3
0 36 135 phononTS 0.00458317 -6.59495 1.28331 0.228083 15867 0.00458317 1 -4.14494 8.42218 0.25 41788.2
0 36 134 phononTF 0.00228011 -6.59495 1.28331 0.228083 15867 0.00228011 1 9.38601 -1.8639 -0.25 21534.4
0 36 143 phononTF 0.0068246 0.44488 0.12402 0.0570517 2250.05 0.0068246 1 -1.15201 -2.19338 0.25 5810.74
0 36 142 phononTF 0.00409834 0.44488 0.12402 0.0570517 2250.05 0.00409834 1 3.88784 -4.47377 -0.25 19743.9
0 36 149 phononTF 0.00254697 2.43319 2.06913 -0.0439662 4295.48 0.00254697 1 -2.48632 10 0.0203652 17663.6
0 36 148 phononTS 0.00366308 2.43319 2.06913 -0.0439662 4295.48 0.00366308 1 -5.45262 1.72511 -0.25 9496.92
0 36 146 phononTF 0.00105063 1.25193 0.366855 -0.00558153 2713.1 0.00105063 1 2.91609 -5.95051 0.25 53571.6
0 36 144 phononTS 0.00359482 0.814232 -0.255122 0.199458 861.614 0.00359482 1 -8.42974 2.39899 0.25 54565.4
0 36 138 phononTS 0.00942802 -0.0011323 0.002186 -0.0217574 5.14884 0.00942802 1 -0.219122 0.444004 -0.25 1796.44
0 36 155 phononTS 0.00189657 -7.47929 9.92824 -0.148762 49391.1 0.00189657 1 -2.98004 7.9206 -0.25 128170
0 36 154 phononTS 0.00144812 -7.47929 9.92824 -0.148762 49391.1 0.00144812 1 -5.78158 0.858443 -0.25 92880.5
0 36 152 phononTF 0.00238266 0.957344 -1.00963 0.10938 3108.53 0.00238266 1 10 -7.68742 0.0881273 32258.6
0 36 157 phononL 0.00470085 -0.000701821 -0.021486 0.10534 335.465 0.00470085 1 5.86104 -2.78129 0.25 2347.35
0 36 156 phononL 0.00531445 -0.000701821 -0.021486 0.10534 335.465 0.00531445 1 6.12661 4.55716 -0.25 7067.55
0 36 161 phononTS 0.00664426 -0.0178042 -0.00679236 -0.114832 217.653 0.00664426 1 -1.1896 1.85206 -0.25 21936.1
0 36 163 phononTS 0.00415664 -0.502212 -0.232655 -0.227862 2943.51 0.00415664 1 -8.57003 -1.21918 0.25 38697.7
0 36 165 phononTF 0.00279073 -0.324366 1.65666 -0.227348 11764.5 0.00279073 1 -1.61799 -10 0.242141 14488.6
0 36 164 phononTF 0.00230994 -0.324366 1.65666 -0.227348 11764.5 0.00230994 1 9.37994 -4.17291 -0.25 26741.9
0 36 169 phononTS 0.00529743 0.0507855 0.0578329 -0.0191739 393.205 0.00529743 1 2.80403 -1.85768 -0.25 4180.44
0 36 171 phononTS 0.00264243 3.66736 -1.6569 0.028082 35136.7 0.00264243 1 1.17818 -8.72247 0.25 61726.9
0 36 170 phononTS 0.00188537 3.66736 -1.6569 0.028082 35136.7 0.00188537 1 8.04684 9.43 0.25 43145.5
0 36 177 phononL 0.00213865 0.116154 5.02154 0.141533 28808.3 0.00213865 1 9.00764 -1.84445 -0.25 67202.7
0 36 176 phononTS 0.0017175 0.116154 5.02154 0.141533 28808.3 0.0017175 1 9.44529 9.6821 0.25 43540.1
0 36 174 phononTF 0.0030464 0.388957 -0.0404948 -0.068632 480.383 0.0030464 1 7.22772 -4.62823 0.25 34812.8
0 36 179 phononTS 0.00691371 0.440672 0.35097 0.140205 1809.84 0.00691371 1 0.966193 0.794958 0.25 9941.42
0 36 178 phononTF 0.00447261 0.440672 0.35097 0.140205 1809.84 0.00447261 1 0.125173 2.15271 -0.25 8632.53
0 36 187 phononTF 0.00726888 -0.0967003 0.104407 -0.0571171 413.739 0.00726888 1 0.523521 2.19951 -0.25 10461.3
0 36 189 phononL 0.00291456 -4.78961 1.47446 0.150579 16707.9 0.00291456 1 3.49962 -7.49117 -0.25 29561
0 36 188 phononL 0.00381272 -4.78961 1.47446 0.150579 16707.9 0.00381272 1 9.97632 9.9256 -0.25 37278
0 36 184 phononTF 0.00395791 -0.000498514 0.00915113 -0.0354128 3.61172 0.00395791 1 -6.63529 -1.73984 -0.25 25862.9
0 36 195 phononTS 0.00357006 -0.455319 -3.83253 -0.13605 11112.7 0.00357006 1 -0.400026 -6.46852 0.25 16107
0 36 194 phononTS 0.00312992 -0.455319 -3.83253 -0.13605 11112.7 0.00312992 1 -0.58693 -5.56908 -0.25 135265
0 36 192 phononTS 0.00176529 0.583328 -0.200154 0.221428 2311.96 0.00176529 1 -2.56638 -9.02029 -0.25 27447.6
0 36 197 phononTF 0.00540683 0.39998 -0.101457 0.201279 602.354 0.00540683 1 0.938227 -0.0214879 0.25 752.401
0 36 196 phononTS 0.00512974 0.39998 -0.101457 0.201279 602.354 0.00512974 1 1.9175 7.02965 -0.25 7362.87
0 36 205 phononTS 0.00425625 -0.665785 0.932772 -0.0294801 4110.16 0.00425625 1 -2.47572 -3.43538 0.25 10733
0 36 204 phononTS 0.00505853 -0.665785 0.932772 -0.0294801 4110.16 0.00505853 1 2.32801 -0.0555852 -0.25 7252.23
0 36 209 phononTF 0.0035631 -0.84927 -0.857084 -0.0385417 6245.97 0.0035631 1 -1.65976 3.76117 -0.25 83255.1
0 36 208 phononL 0.00459809 -0.84927 -0.857084 -0.0385417 6245.97 0.00459809 1 -0.768649 -1.69308 0.25 8466.77
0 36 211 phononTF 0.00366136 -0.333579 0.129802 0.141644 2170.97 0.00366136 1 -3.9539 5.72732 0.25 9556.4
0 36 210 phononTS 0.0062969 -0.333579 0.129802 0.141644 2170.97 0.0062969 1 -0.116182 -5.20374 -0.25 11177.8
0 36 217 phononTS 0.00214372 2.71183 -6.87676 -0.205294 24586.1 0.00214372 1 -5.32274 -6.10831 -0.25 92779.8
0 36 216 phononL 0.00370192 2.71183 -6.87676 -0.205294 24586.1 0.00370192 1 -5.12962 1.17634 0.25 66044.2
0 36 214 phononTF 0.00598968 -0.00128003 0.69649 0.178292 1218.52 0.00598968 1 4.35594 -3.74861 0.25 18956.7
0 36 212 phononTS 0.00398003 0.0269141 0.00648778 -0.0370875 53.9088 0.00398003 1 -9.88858 -9.42032 0.25 55563.9
0 36 225 phononTS 0.00371472 1.65383 0.654465 0.185463 2508.6 0.00371472 1 -6.13011 0.816793 0.25 5950.03
0 36 224 phononTS 0.00443383 1.65383 0.654465 0.185463 2508.6 0.00443383 1 2.84799 -3.02197 -0.25 36683.2
0 36 227 phononTF 0.00207811 1.8572 -0.439107 0.0867765 2684.23 0.00207811 1 -8.63225 0.915758 0.25 13929
0 36 226 phononTS 0.00420353 1.8572 -0.439107 0.0867765 2684.23 0.00420353 1 -6.45793 1.95104 0.25 5275.41
0 36 229 phononL 0.00607415 0.624272 0.435605 -0.118256 1464.4 0.00607415 1 -3.352 4.2613 -0.25 13307.8
0 36 231 phononTS 0.00210757 4.45184 1.07086 0.180694 5619.47 0.00210757 1 -5.45021 6.75527 0.25 24670.2
0 36 230 phononL 0.00378034 4.45184 1.07086 0.180694 5619.47 0.00378034 1 6.37142 -8.29222 -0.25 16936.8
0 36 239 phononTS 0.00394655 -0.49906 -2.21354 0.158638 3714.21 0.00394655 1 0.69725 -6.03871 0.25 7026.94
0 36 238 phononTF 0.00358779 -0.49906 -2.21354 0.158638 3714.21 0.00358779 1 6.73339 -1.65572 -0.25 8512.8
0 36 236 phononTS 0.00222886 -0.615024 -0.234399 -0.078336 1311.13 0.00222886 1 2.9628 -6.21006 0.25 5963.58
0 36 241 phononTS 0.00333792 1.87623 0.408322 -0.0952926 4830.08 0.00333792 1 0.450332 6.92392 0.25 35440.3
0 36 240 phononTF 0.00345716 1.87623 0.408322 -0.0952926 4830.08 0.00345716 1 -2.98274 -6.00846 0.25 16194.5
0 36 245 phononTF 0.00424098 -0.12566 0.154761 -0.229727 189.23 0.00424098 1 2.16009 1.19065 -0.25 10216.4
0 36 244 phononTS 0.00967886 -0.12566 0.154761 -0.229727 189.23 0.00967886 1 0.139146 -2.16025 0.25 3573.4
0 36 242 phononTS 0.00126095 -0.0427679 0.036081 -0.142048 63.8954 0.00126095 1 3.76593 -1.05237 0.25 25400.4
0 37 19 phononL 0.00345575 -3.45004 9.11696 -0.140137 21154 0.00345575 1 -9.94184 -6.26658 0.25 42317.3
0 37 18 phononTS 0.0026582 -3.45004 9.11696 -0.140137 21154 0.0026582 1 4.07774 6.37541 0.25 53212.3
0 37 16 phononTS 0.00452316 0.0554351 0.166444 -0.14318 68.9097 0.00452316 1 -8.52654 8.28911 -0.25 37111.3
0 37 21 phononTS 0.00364496 4.39653 5.94927 -0.162627 24490 0.00364496 1 9.4738 9.30634 0.25 26592.5
0 37 20 phononL 0.00379573 4.39653 5.94927 -0.162627 24490 0.00379573 1 7.38245 3.81466 0.25 39903.7
0 37 25 phononTS 0.0037164 -0.0488868 -0.801045 -0.0608069 1389.93 0.0037164 1 -7.69762 -3.99226 -0.25 44253.7
0 37 24 phononTS 0.00722531 -0.0488868 -0.801045 -0.0608069 1389.93 0.00722531 1 0.39137 0.230512 -0.25 6209.62
0 37 27 phononL 0.00644508 0.0622001 -0.0462952 0.127439 128.174 0.00644508 1 -2.65612 -3.38788 0.25 5801.8
0 37 31 phononL 0.00241384 3.69833 -2.36165 -0.192733 9668.15 0.00241384 1 7.724 -1.25126 0.25 15436.9
0 37 30 phononTF 0.00315607 3.69833 -2.36165 -0.192733 9668.15 0.00315607 1 -1.62872 -8.10684 0.25 67834.3
0 37 28 phononTS 0.00243627 1.41904 1.87952 -0.0535352 4900.99 0.00243627 1 -4.24297 6.11937 -0.25 15875.6
0 37 39 phononTS 0.00474642 -3.12146 1.08598 0.139772 5069.46 0.00474642 1 10 6.97526 -0.103349 30208.1
0 37 38 phononTS 0.00162343 -3.12146 1.08598 0.139772 5069.46 0.00162343 1 7.519 -8.28026 0.25 37570.9
0 37 36 phononTF 0.00310468 -2.12701 0.782994 -0.098132 3275.81 0.00310468 1 0.170079 5.83662 -0.25 21009.8
0 37 43 phononTS 0.00403204 3.93116 0.798417 0.11098 49353.8 0.00403204 1 0.0626534 3.53077 -0.25 51449.5
0 37 42 phononTF 0.000648617 3.93116 0.798417 0.11098 49353.8 0.000648617 1 5.32402 -9.66307 -0.25 66594.2
0 37 40 phononTS 0.00195931 4.10432 0.327374 -0.0694665 49138.5 0.00195931 1 7.74063 5.8759 -0.25 67184
0 37 45 phononTS 0.0078796 0.363743 0.108792 0.19701 372.837 0.0078796 1 1.99388 0.233516 -0.25 4170.82
0 37 44 phononTF 0.00166078 0.363743 0.108792 0.19701 372.837 0.00166078 1 -2.69859 1.93491 0.25 12157.5
0 37 53 phononL 0.00306372 6.35619 -3.50905 0.117886 16500.8 0.00306372 1 9.47415 -6.29256 0.25 19456.4
0 37 52 phononTS 0.0023793 6.35619 -3.50905 0.117886 16500.8 0.0023793 1 1.89617 -3.09264 -0.25 17413.6
0 37 50 phononTF 0.00392531 0.734118 -0.450368 0.201557 1623.62 0.00392531 1 9.29219 9.62759 0.25 41516.1
0 37 57 phononL 0.00589566 0.516652 -1.63293 0.167284 2913.7 0.00589566 1 6.21168 -2.12481 0.25 11928.9
0 37 56 phononTS 0.00360163 0.516652 -1.63293 0.167284 2913.7 0.00360163 1 -9.91221 -9.30219 0.25 71095.3
0 37 59 phononTS 0.00508231 0.138935 0.285016 0.0185937 1950.89 0.00508231 1 2.53865 0.174954 -0.25 12234.7
0 37 61 phononL 0.003345 2.598 1.50012 0.12082 4052.4 0.003345 1 5.91141 -6.39268 -0.25 22320.6
0 37 60 phononTS 0.00369465 2.598 1.50012 0.12082 4052.4 0.00369465 1 6.82028 1.96932 0.25 28254.3
0 37 65 phononTS 0.00490941 0.501778 0.260277 -0.211995 238.367 0.00490941 1 -1.59663 4.25136 0.25 6919.5
0 37 64 phononTF 0.00486588 0.501778 0.260277 -0.211995 238.367 0.00486588 1 -10 0.0535844 -0.00778838 18447.5
0 37 67 phononTF 0.00912536 0.243715 -0.291264 -0.247715 644.472 0.00912536 1 0.222098 0.321386 0.25 1159.29
0 37 66 phononTF 0.00437519 0.243715 -0.291264 -0.247715 644.472 0.00437519 1 0.408171 -1.82306 0.25 1691.99
0 37 79 phononTS 0.00483889 0.610694 1.33731 0.194779 2159.01 0.00483889 1 -2.57177 3.57801 0.25 11367.5
0 37 78 phononTF 0.00368883 0.610694 1.33731 0.194779 2159.01 0.00368883 1 -5.02491 -3.41287 -0.25 25328.7
0 37 76 phononL 0.00395015 0.246351 0.135961 0.167956 418.798 0.00395015 1 8.38788 -6.198 -0.25 5212.63
0 37 74 phononTF 0.00691337 0.0186994 0.0209368 -0.0266186 49.749 0.00691337 1 6.92672 -1.9563 0.25 8664.53
0 37 72 phononL 0.00687242 0.0188316 0.0300442 -0.0121894 34.825 0.00687242 1 -2.8326 -0.433363 -0.25 2857.76
0 37 85 phononTF 0.00252638 1.6209 0.219481 -0.00349144 8547.69 0.00252638 1 4.38999 -9.93905 0.25 22316.4
0 37 84 phononL 0.00553966 1.6209 0.219481 -0.00349144 8547.69 0.00553966 1 3.05324 -8.87665 -0.25 29882.9
0 37 87 phononTF 0.00581526 -0.040178 -0.0244629 -0.217906 373.641 0.00581526 1 -1.46792 -1.07068 -0.25 10656.3
0 37 86 phononTF 0.00535406 -0.040178 -0.0244629 -0.217906 373.641 0.00535406 1 -1.44484 -9.01113 0.25 13286
0 37 93 phononTS 0.00455323 1.55046 0.385978 -0.0948158 1823.01 0.00455323 1 -8.3568 -6.07053 -0.25 5691.27
0 37 95 phononTS 0.00185752 1.3003 0.0686844 0.186167 2496.18 0.00185752 1 3.01009 4.97475 0.25 13605
0 37 94 phononL 0.00295164 1.3003 0.0686844 0.186167 2496.18 0.00295164 1 3.89438 -5.53734 0.25 26852.6
0 37 97 phononTF 0.00405498 5.15294 1.82483 -0.119717 18581.2 0.00405498 1 9.60227 9.75407 0.25 38900.4
0 37 96 phononTF 0.00165471 5.15294 1.82483 -0.119717 18581.2 0.00165471 1 -6.7913 -0.875347 0.25 51040.1
0 37 88 phononL 0.00716876 -0.0022348 -0.0133593 -0.0343608 27.3627 0.00716876 1 -0.762903 0.28634 -0.25 215.564
0 37 103 phononL 0.00264543 -1.93562 1.11163 0.0588004 22996.8 0.00264543 1 4.65551 5.68964 -0.25 57662
0 37 102 phononTS 0.00279894 -1.93562 1.11163 0.0588004 22996.8 0.00279894 1 -0.243648 -4.29635 0.25 25816.7
0 37 100 phononTS 0.00584103 -0.199161 -0.284126 0.100032 854.244 0.00584103 1 -1.54631 -0.0150431 0.25 31861.8
0 37 109 phononTS 0.00458136 -5.33892 1.37048 0.0278368 11162.8 0.00458136 1 -5.36219 -9.09808 0.25 29226.4
0 37 108 phononTS 0.00131558 -5.33892 1.37048 0.0278368 11162.8 0.00131558 1 2.4152 3.20332 -0.25 18751.8
0 37 106 phononTS 0.00474762 -0.730071 -0.120148 0.0966979 1610.11 0.00474762 1 2.22679 10 0.214003 14228.2
0 37 104 phononTS 0.0106244 0.0766214 0.00543426 -0.0231463 73.5769 0.0106244 1 0.267861 0.559152 0.25 1716.6
0 37 121 phononTS 0.00380344 -0.0851215 -0.460102 0.227092 167.87 0.00380344 1 1.53012 4.38574 0.25 24989.3
0 37 120 phononL 0.00344821 -0.0851215 -0.460102 0.227092 167.87 0.00344821 1 -3.96592 -7.30972 0.25 3172.7
0 37 123 phononTF 0.00439578 -0.0148289 -0.0282408 0.0839643 90.0972 0.00439578 1 0.690139 1.63983 0.25 535.805
0 37 125 phononL 0.00473034 0.831944 -0.0646899 0.134023 399.115 0.00473034 1 -1.56262 0.532695 -0.25 5935.99
0 37 127 phononTF 0.00108222 2.66092 4.81054 -0.042592 10284.6 0.00108222 1 9.93157 9.3044 0.25 22690.2
0 37 126 phononTS 0.00405853 2.66092 4.81054 -0.042592 10284.6 0.00405853 1 2.5267 -8.9539 0.25 39930.5
0 37 133 phononTF 0.00202994 -4.9577 -4.59739 0.190321 23907 0.00202994 1 -10 3.86517 0.0370822 27860.4
0 37 132 phononTS 0.0021338 -4.9577 -4.59739 0.190321 23907 0.0021338 1 1.36945 4.03284 -0.25 37358
0 37 135 phononTS 0.00309813 0.596021 -0.787036 -0.121612 13045.1 0.00309813 1 5.27665 -1.01215 0.25 49956
0 37 134 phononTS 0.00232927 0.596021 -0.787036 -0.121612 13045.1 0.00232927 1 -9.30331 8.70337 -0.25 24570.3
0 37 139 phononL 0.00320604 0.581047 0.0290726 0.184226 959.461 0.00320604 1 1.71528 -3.08566 -0.25 2376.22
0 37 138 phononL 0.00316479 0.581047 0.0290726 0.184226 959.461 0.00316479 1 1.65204 -1.55929 0.25 15825.8
0 37 136 phononTF 0.00339101 0.0873579 0.800885 0.226008 793.326 0.00339101 1 9.77604 -3.26593 0.25 16982.9
0 37 145 phononTS 0.00270425 0.33901 0.598607 -0.226374 7396.3 0.00270425 1 1.68964 -1.83805 -0.25 12473.7
0 37 144 phononL 0.00419612 0.33901 0.598607 -0.226374 7396.3 0.00419612 1 6.05018 -2.35846 0.25 26461.2
0 37 151 phononTF 0.00176496 0.534488 -1.75541 -0.171911 11895.5 0.00176496 1 9.98726 -5.59339 -0.25 23691.1
0 37 150 phononTF 0.00530551 0.534488 -1.75541 -0.171911 11895.5 0.00530551 1 8.64772 -8.5007 0.25 18988.7
0 37 148 phononTF 0.00244857 0.175287 -0.13539 -0.0876747 1568.93 0.00244857 1 0.49575 8.89581 0.25 7061.27
0 37 146 phononTF 0.00490222 -0.280078 -0.063643 -0.21428 697.27 0.00490222 1 1.57546 -2.75952 0.25 7681.5
0 37 153 phononTF 0.0021879 3.6955 -1.85215 -0.0371377 5191.35 0.0021879 1 9.95627 9.17438 0.25 32328.9
0 37 152 phononTS 0.00351243 3.6955 -1.85215 -0.0371377 5191.35 0.00351243 1 1.4969 -9.62153 -0.25 18847.6
0 37 159 phononTS 0.00351428 -2.03486 -3.44925 0.206204 9379.64 0.00351428 1 -0.563242 -6.38216 -0.25 31584.3
0 37 161 phononL 0.00348002 1.57377 -8.00962 0.109525 15813 0.00348002 1 -0.923142 -7.84428 0.25 43716.5
0 37 160 phononTS 0.00197926 1.57377 -8.00962 0.109525 15813 0.00197926 1 10 -4.36557 -0.00125839 19129.2
0 37 156 phononL 0.00409401 0.11206 -0.0932351 -0.123015 111.585 0.00409401 1 0.832562 -2.07357 -0.25 33189.8
0 37 165 phononTF 0.00309431 -1.68929 -0.00189777 0.170804 1318.07 0.00309431 1 -8.72501 7.92963 -0.25 11318.9
0 37 164 phononTF 0.00220061 -1.68929 -0.00189777 0.170804 1318.07 0.00220061 1 6.08326 9.12705 -0.25 125049
0 37 162 phononTS 0.000387668 -1.69182 0.0904644 0.205708 1306.69 0.000387668 1 -6.08611 -8.01846 -0.25 21743.1
0 37 173 phononTS 0.00312841 2.19544 1.9244 -0.209208 15635.5 0.00312841 1 2.63122 5.62462 -0.25 18063.9
0 37 172 phononTF 0.00251469 2.19544 1.9244 -0.209208 15635.5 0.00251469 1 9.61115 9.10462 0.25 70537.2
0 37 170 phononTS 0.00354266 0.231483 -0.943439 -0.0918687 1356.54 0.00354266 1 1.80388 -2.80354 0.25 2907.11
0 37 177 phononTF 0.00575046 0.00727552 -0.0201056 -0.0725735 54.2001 0.00575046 1 -4.96044 -2.59521 -0.25 5005.27
0 37 181 phononTF 0.00265897 -5.68643 6.05827 -0.211979 26727.9 0.00265897 1 10 5.49662 0.156233 81127.1
0 37 180 phononTS 0.00238497 -5.68643 6.05827 -0.211979 26727.9 0.00238497 1 -9.6589 -2.67392 -0.25 110517
0 37 178 phononL 0.00412881 -2.46296 2.64448 0.102862 7117.51 0.00412881 1 -2.69524 2.95492 0.25 7751.42
0 37 174 phononL 0.00170625 -0.000986901 -0.0119678 -0.0757908 52.6814 0.00170625 1 1.06502 6.00538 0.25 35511.8
0 37 185 phononTF 0.0099647 -0.0812384 -0.0115384 0.208045 358.095 0.0099647 1 -0.190898 0.122053 0.25 1243.76
0 37 189 phononTF 0.00305201 0.449106 1.86398 -0.231631 10147.2 0.00305201 1 -1.04795 -6.17195 -0.25 65018.7
0 37 188 phononTF 0.00252729 0.449106 1.86398 -0.231631 10147.2 0.00252729 1 -2.75958 -6.61571 0.25 73520
0 37 186 phononL 0.00135113 1.92432 1.47114 0.0752617 9817.38 0.00135113 1 -6.34426 10 -0.013246 56044.2
0 37 193 phononTF 0.0045057 -2.52192 2.34754 -0.243337 5423.16 0.0045057 1 -6.19841 -0.838902 0.25 42706.7
0 37 192 phononTF 0.00300695 -2.52192 2.34754 -0.243337 5423.16 0.00300695 1 10 -0.389558 0.0306836 12391.1
0 37 190 phononL 0.00260272 -0.0463034 0.644848 0.0819783 1898.04 0.00260272 1 -9.14032 -9.30389 0.25 7541.06
0 37 199 phononL 0.00459094 0.101105 -0.0361928 0.0783056 85.5685 0.00459094 1 1.69505 -2.53411 -0.25 33301
0 37 203 phononTF 0.00369576 7.84798 -8.35762 0.049293 27499 0.00369576 1 1.3287 8.75524 -0.25 115674
0 37 202 phononTS 0.00206386 7.84798 -8.35762 0.049293 27499 0.00206386 1 -7.9317 1.90498 0.25 65676.3
0 37 200 phononTS 0.00638431 0.0978006 -0.0902463 -0.244293 747.419 0.00638431 1 -0.757768 1.15539 0.25 4591.37
0 37 209 phononTS 0.00233301 -1.99998 2.7323 0.151592 6351.73 0.00233301 1 9.66517 -5.39556 0.25 82470.1
0 37 208 phononTS 0.0055852 -1.99998 2.7323 0.151592 6351.73 0.0055852 1 -0.0102218 -1.76205 0.25 16665
0 37 206 phononL 0.00602669 0.254844 0.122414 0.0965714 612.841 0.00602669 1 5.40872 8.34003 0.25 30648.9
0 37 215 phononL 0.00213059 -7.15705 0.055088 0.228782 10145.2 0.00213059 1 -9.69687 -9.09816 0.25 30545.5
0 37 214 phononTF 0.00289109 -7.15705 0.055088 0.228782 10145.2 0.00289109 1 -6.32717 9.63348 -0.25 52169.3
0 37 212 phononL 0.00525447 -0.107898 0.377663 0.22745 1110.95 0.00525447 1 6.14298 10 0.111962 18857.1
0 37 210 phononTF 0.00329142 0.0243723 -0.00522329 -0.0189509 7.02776 0.00329142 1 1.82492 -1.6079 -0.25 4297.75
0 37 225 phononTS 0.00360665 -0.682277 2.50708 -0.142836 2917.57 0.00360665 1 2.58484 9.4781 -0.25 84534.7
0 37 224 phononL 0.00246338 -0.682277 2.50708 -0.142836 2917.57 0.00246338 1 5.84265 5.11144 0.25 16227.4
0 37 229 phononTS 0.00462161 -1.591 -0.679481 -0.0411068 6562.43 0.00462161 1 2.6011 -2.70517 -0.25 8232.42
0 37 228 phononTS 0.00476594 -1.591 -0.679481 -0.0411068 6562.43 0.00476594 1 -3.83646 -1.44996 0.25 11478.6
0 37 226 phononTS 0.00392761 -0.137016 0.444368 0.0712082 1025.1 0.00392761 1 1.37229 -9.11824 -0.25 7183.78
0 37 231 phononTS 0.00530705 0.467692 -0.184909 -0.0383494 641.923 0.00530705 1 9.01297 -4.09896 0.25 35601.9
0 37 230 phononTS 0.00821027 0.467692 -0.184909 -0.0383494 641.923 0.00821027 1 1.22912 -2.27491 0.25 7931.46
0 37 235 phononL 0.00750528 0.197601 -0.095434 -0.152583 1279.11 0.00750528 1 2.3552 -2.08606 -0.25 7372.12
0 37 237 phononTS 0.00314133 -2.09271 -5.4347 -0.00641649 17098.6 0.00314133 1 -7.80979 -7.56297 0.25 36389.1
0 37 236 phononTF 0.00386401 -2.09271 -5.4347 -0.00641649 17098.6 0.00386401 1 -2.53765 3.50699 0.25 20169.6
0 37 239 phononTF 0.00310755 0.131936 -2.9591 -0.222859 6967.99 0.00310755 1 -10 5.72284 0.181378 31111.4
0 37 238 phononTS 0.00536518 0.131936 -2.9591 -0.222859 6967.99 0.00536518 1 -8.44536 -9.84 0.25 30236.4
0 37 247 phononTF 0.00348007 0.514009 -0.27911 0.238659 3609.71 0.00348007 1 5.80219 5.8142 0.25 9675.17
0 37 251 phononTF 0.00321359 4.14515 2.08914 0.0338709 22269.3 0.00321359 1 9.89062 9.2952 0.25 25356.7
0 37 250 phononL 0.00197321 4.14515 2.08914 0.0338709 22269.3 0.00197321 1 5.8903 -3.71631 0.25 50400.1
0 37 248 phononTF 0.00111569 -0.594328 3.49955 -0.17179 15485.7 0.00111569 1 4.05336 9.93562 0.25 43121.6
0 37 253 phononTS 0.00482791 -3.97896 -2.03123 0.206287 4194 0.00482791 1 -1.11331 2.15112 -0.25 8514.24
0 37 252 phononTF 0.00214828 -3.97896 -2.03123 0.206287 4194 0.00214828 1 -9.8001 -9.42122 0.25 22249.8
0 37 242 phononL 0.00322127 0.0275316 0.0494709 -0.0228153 121.454 0.00322127 1 -7.57113 -6.28149 0.25 8633.33
0 37 257 phononTS 0.00415511 4.17967 4.72458 -0.00519614 28687 0.00415511 1 -5.79763 3.93269 -0.25 97325.4
0 37 256 phononTS 0.00193624 4.17967 4.72458 -0.00519614 28687 0.00193624 1 -7.92149 -5.65236 -0.25 75381.4
0 37 261 phononTF 0.00429379 0.135758 -1.40916 -0.106024 9036.58 0.00429379 1 1.50984 0.832622 0.25 13850.5
0 37 260 phononTS 0.00308066 0.135758 -1.40916 -0.106024 9036.58 0.00308066 1 -7.14177 0.0576883 0.25 37847
0 37 258 phononTS 0.00326834 -0.866958 -2.27663 -0.0138927 5475.52 0.00326834 1 -4.22196 -8.85438 0.25 18391.6
0 38 19 phononTF 0.00315652 -3.84009 9.5455 -0.00365858 30081 0.00315652 1 -5.99647 -2.01789 0.25 37737.2
0 38 18 phononL 0.00201234 -3.84009 9.5455 -0.00365858 30081 0.00201234 1 -0.0969494 -1.27949 -0.25 39272.6
0 38 16 phononTS 0.00514062 0.974376 0.84478 0.157215 1821.11 0.00514062 1 -9.9136 -9.02099 0.25 34618.1
0 38 21 phononL 0.00231645 0.0686388 0.550407 0.235126 2099.35 0.00231645 1 -7.32154 9.02949 -0.25 24800.5
0 38 20 phononTF 0.00511742 0.0686388 0.550407 0.235126 2099.35 0.00511742 1 2.78664 0.347603 0.25 20295.8
0 38 23 phononL 0.00506079 0.00441947 0.138915 0.086515 99.4275 0.00506079 1 1.03438 -5.78777 -0.25 3026.68
0 38 22 phononTS 0.00651483 0.00441947 0.138915 0.086515 99.4275 0.00651483 1 -3.80723 -2.97891 0.25 12713.4
0 38 31 phononTF 0.00253028 0.576695 -1.4026 0.179424 4721.83 0.00253028 1 -2.13108 7.77735 -0.25 37790.2
0 38 33 phononTS 0.00399012 0.475281 -8.83095 -0.154979 17528.5 0.00399012 1 0.261337 -10 0.0422106 20359.6
0 38 32 phononTS 0.00186811 0.475281 -8.83095 -0.154979 17528.5 0.00186811 1 7.81893 -5.58352 0.25 31436.4
0 38 37 phononTS 0.00205401 0.162972 -8.96433 -0.00606138 46852.3 0.00205401 1 4.50319 4.78628 0.25 61853.6
0 38 36 phononTF 0.00185811 0.162972 -8.96433 -0.00606138 46852.3 0.00185811 1 -4.10765 -4.45008 -0.25 69460.6
0 38 34 phononTS 0.00183079 -8.36953 1.39411 -0.0609264 20132.4 0.00183079 1 -9.99912 3.9809 0.25 23344
0 38 26 phononTS 0.00648898 0.0212849 -0.00977544 0.00704395 30.1694 0.00648898 1 -2.47331 1.78423 0.25 4361.12
0 38 41 phononTS 0.00353337 -4.06981 -7.45601 0.0110097 13729.1 0.00353337 1 -9.11605 -9.44654 0.25 20163.2
0 38 40 phononTS 0.00197242 -4.06981 -7.45601 0.0110097 13729.1 0.00197242 1 -1.10125 -8.40686 0.25 21123.9
0 38 38 phononTF 0.00605023 -0.31859 -0.212967 0.150453 396.536 0.00605023 1 2.46541 2.83671 0.25 27502.3
0 38 49 phononTF 0.00388502 -1.18303 2.35516 -0.203539 14676.7 0.00388502 1 2.1307 4.1418 0.25 17889.2
0 38 48 phononTS 0.00164356 -1.18303 2.35516 -0.203539 14676.7 0.00164356 1 -0.187868 -6.58408 0.25 48717.6
0 38 46 phononTS 0.00323365 -0.525506 1.59862 0.0155754 4365.02 0.00323365 1 3.27013 -6.10711 0.25 7532.04
0 38 44 phononTS 0.00666647 -0.214326 0.0101222 0.0674049 575.981 0.00666647 1 -1.85092 8.23415 -0.25 15020.9
0 38 53 phononL 0.00605319 -0.45197 0.486321 -0.10573 2857.02 0.00605319 1 8.69232 9.88162 0.25 46542.4
0 38 52 phononL 0.00180518 -0.45197 0.486321 -0.10573 2857.02 0.00180518 1 -6.9888 5.76701 0.25 24078.5
0 38 50 phononTF 0.00532631 0.111117 0.212815 -0.116805 198.593 0.00532631 1 7.13846 -8.56533 -0.25 27626
0 38 63 phononTS 0.00506106 -0.31171 0.640375 0.106108 3241.39 0.00506106 1 4.6547 0.975031 0.25 21481.3
0 38 62 phononTS 0.00294031 -0.31171 0.640375 0.106108 3241.39 0.00294031 1 3.1651 4.77927 -0.25 30170.5
0 38 60 phononTF 0.0061889 -0.152243 -0.353454 -0.050786 1880.32 0.0061889 1 0.527462 -0.405087 -0.25 12166.8
0 38 58 phononL 0.00596132 0.0127614 -0.0160746 0.0282354 173.151 0.00596132 1 -0.242781 -0.432093 0.25 2536.5
0 38 69 phononTS 0.0033048 0.105614 0.355795 -0.186577 290.444 0.0033048 1 -1.1976 3.62668 -0.25 3329.83
0 38 68 phononTS 0.00335344 0.105614 0.355795 -0.186577 290.444 0.00335344 1 -4.09411 3.30404 -0.25 28829.5
0 38 71 phononTF 0.00575117 -0.0705852 -1.15499 0.24397 3118.29 0.00575117 1 -5.76268 6.57741 0.25 42042.8
0 38 70 phononTS 0.00290956 -0.0705852 -1.15499 0.24397 3118.29 0.00290956 1 2.06777 3.25399 0.25 10922.5
0 38 64 phononL 0.00606139 -0.00130752 -0.0120684 -0.0146855 10.5112 0.00606139 1 -2.64401 0.0928023 -0.25 11978
0 38 75 phononL 0.00640216 -0.00903197 -0.147344 -0.109982 220.901 0.00640216 1 0.947026 1.1778 -0.25 5278.77
0 38 79 phononTF 0.00363257 0.0510216 -1.7355 -0.205092 4805.18 0.00363257 1 3.21387 1.37094 0.25 16521.9
0 38 78 phononTS 0.00271683 0.0510216 -1.7355 -0.205092 4805.18 0.00271683 1 9.57067 9.08211 0.25 23824.6
0 38 76 phononTS 0.00256755 0.491762 -0.0837956 -0.0168705 2483.39 0.00256755 1 2.98556 -10 -0.132054 6611.33
0 38 83 phononTS 0.00247002 -0.0979414 0.508067 -0.00555996 830.958 0.00247002 1 -2.55818 -0.70228 -0.25 3679.08
0 38 82 phononTF 0.00648364 -0.0979414 0.508067 -0.00555996 830.958 0.00648364 1 -0.123183 0.893155 0.25 1241.96
0 38 80 phononL 0.00289873 0.0185462 0.357247 -0.00582545 809.941 0.00289873 1 -4.96406 8.08413 0.25 27389.5
0 38 91 phononTF 0.00347781 0.00163186 0.0175048 -0.029387 9.78349 0.00347781 1 -4.71221 -4.52626 -0.25 48336.9
0 38 95 phononTS 0.00346251 -0.177622 -1.81914 -0.0575791 12253.7 0.00346251 1 -8.3527 -5.85001 0.25 41074.9
0 38 94 phononTF 0.003677 -0.177622 -1.81914 -0.0575791 12253.7 0.003677 1 -0.405231 -6.96342 0.25 15780.2
0 38 92 phononTF 0.00391374 0.157962 0.113818 0.0582293 85.2184 0.00391374 1 8.14736 -3.10194 -0.25 14387.2
0 38 99 phononL 0.00770364 0.880189 0.899367 -0.047015 3858.56 0.00770364 1 2.91086 -0.648761 -0.25 6456.81
0 38 98 phononTS 0.00130504 0.880189 0.899367 -0.047015 3858.56 0.00130504 1 -9.4117 -3.87368 0.25 24333.3
0 38 101 phononTF 0.00210325 0.934359 -0.525645 -0.24869 1686.42 0.00210325 1 0.934384 -0.52035 -0.25 1687.35
0 38 100 phononTS 0.00495067 0.934359 -0.525645 -0.24869 1686.42 0.00495067 1 4.03725 5.5059 -0.25 33166.8
0 38 111 phononTS 0.00545323 -0.348197 0.657358 0.110981 1214.15 0.00545323 1 -6.79425 -0.473711 -0.25 10007.4
0 38 110 phononTS 0.00643483 -0.348197 0.657358 0.110981 1214.15 0.00643483 1 1.92768 0.748387 -0.25 27049.6
0 38 108 phononTS 0.00526792 0.0459615 -0.0525065 -0.0292222 47.081 0.00526792 1 -4.26055 7.26364 -0.25 5305.6
0 38 117 phononTS 0.00273609 1.65856 -0.464073 -0.157071 7200.36 0.00273609 1 -10 7.24054 -0.244085 54628.1
0 38 116 phononTS 0.00301661 1.65856 -0.464073 -0.157071 7200.36 0.00301661 1 1.92057 8.6771 -0.25 22170
0 38 114 phononL 0.00596497 -0.556206 0.106793 0.0090099 938.3 0.00596497 1 -1.47274 -2.5974 -0.25 8589.57
0 38 119 phononTF 0.00313549 1.37069 8.78945 -0.0964738 28897.1 0.00313549 1 -9.87458 -4.23672 -0.25 77526.1
0 38 118 phononTF 0.00235502 1.37069 8.78945 -0.0964738 28897.1 0.00235502 1 0.25697 -4.065 -0.25 48829.7
0 38 123 phononTF 0.00471908 -0.562651 -0.679363 -0.199758 5073.35 0.00471908 1 5.60614 10 -0.109476 20312.2
0 38 125 phononTF 0.00152588 0.00772448 2.03806 -0.176899 7978.49 0.00152588 1 -3.45013 6.23015 -0.25 14753.5
0 38 124 phononTS 0.00336984 0.00772448 2.03806 -0.176899 7978.49 0.00336984 1 -10 0.022627 0.248308 21997.6
0 38 129 phononTS 0.00274308 1.7408 8.1356 0.154374 51228.2 0.00274308 1 7.77549 8.5011 0.25 107033
0 38 128 phononTS 0.00268305 1.7408 8.1356 0.154374 51228.2 0.00268305 1 -6.6383 1.44134 0.25 72831.1
0 38 131 phononTS 0.00257492 1.40698 5.10991 -0.107185 4638.7 0.00257492 1 -6.40036 1.32915 -0.25 27247.9
0 38 130 phononTS 0.00190647 1.40698 5.10991 -0.107185 4638.7 0.00190647 1 -10 3.2918 -0.142615 17788.2
0 38 141 phononTF 0.0030024 5.44248 0.256445 0.028866 15166.4 0.0030024 1 -2.90016 1.83397 -0.25 18729.4
0 38 140 phononTS 0.00245391 5.44248 0.256445 0.028866 15166.4 0.00245391 1 -0.291172 -2.31843 0.25 127488
0 38 138 phononTS 0.00253517 0.329313 -0.402797 0.0430729 11458.4 0.00253517 1 -8.49326 6.44723 0.25 47528.7
0 38 143 phononTF 0.00285474 0.639564 2.11795 0.096404 1909.13 0.00285474 1 -6.821 3.30475 -0.25 28708
0 38 142 phononTF 0.00583936 0.639564 2.11795 0.096404 1909.13 0.00583936 1 1.25808 -3.8799 0.25 21781.1
0 38 145 phononTF 0.00233627 -4.02256 -1.40732 -0.116599 1616.1 0.00233627 1 6.62212 1.99584 -0.25 22570.6
0 38 144 phononTF 0.00213862 -4.02256 -1.40732 -0.116599 1616.1 0.00213862 1 1.56544 2.29299 0.25 4552.06
0 38 149 phononTS 0.00591634 0.0271502 -0.0964022 -0.0699354 333.655 0.00591634 1 1.93987 2.60489 0.25 10099.6
0 38 151 phononTS 0.00398487 -0.369483 0.470181 0.209767 2448.25 0.00398487 1 -1.00099 0.836773 -0.25 4047.11
0 38 150 phononTF 0.00281161 -0.369483 0.470181 0.209767 2448.25 0.00281161 1 -0.264962 5.66051 -0.25 8710.12
0 38 153 phononTS 0.00250758 5.59993 1.37785 -0.160168 5502.98 0.00250758 1 -5.39582 -6.86189 0.25 25743.2
0 38 152 phononTS 0.0028357 5.59993 1.37785 -0.160168 5502.98 0.0028357 1 8.49439 3.69781 0.25 16824.3
0 38 157 phononTS 0.00573598 0.0528012 -0.0291404 -0.0840234 66.5182 0.00573598 1 -0.701765 0.517543 -0.25 3516.5
0 38 161 phononTF 0.00342432 4.94727 9.38691 0.200079 22103.2 0.00342432 1 9.49742 8.8361 -0.25 26033.2
0 38 160 phononTS 0.00166327 4.94727 9.38691 0.200079 22103.2 0.00166327 1 -7.4819 -5.50876 0.25 65451.6
0 38 158 phononTS 0.00420317 0.837059 -1.78886 -0.186886 1608.39 0.00420317 1 9.9775 9.99197 0.25 18065.2
0 38 163 phononTS 0.00971547 -0.186561 0.101964 0.0448435 579.127 0.00971547 1 -0.164046 -0.789634 0.25 2487.99
0 38 162 phononTF 0.00716101 -0.186561 0.101964 0.0448435 579.127 0.00716101 1 -0.300109 0.595218 0.25 1509.71
0 38 175 phononTS 0.00574327 0.0328243 -0.0435992 -0.116299 262.906 0.00574327 1 -8.82474 -5.67809 0.25 19017
0 38 179 phononTS 0.00505172 0.889856 0.552824 0.215764 1304.93 0.00505172 1 -3.8107 -7.11019 0.25 11315
0 38 178 phononTS 0.00284082 0.889856 0.552824 0.215764 1304.93 0.00284082 1 5.69514 -3.13258 -0.25 35853.6
0 38 176 phononTF 0.00513959 -0.15261 -0.143201 -0.177019 555.066 0.00513959 1 -7.41396 6.36046 -0.25 31520.6
0 38 172 phononTS 0.0029138 -0.0203372 0.0135566 -0.0116548 80.801 0.0029138 1 -4.4713 -4.59311 -0.25 4020.1
0 38 181 phononTS 0.00685821 0.269193 -0.170853 -0.081084 426.113 0.00685821 1 2.52781 1.41638 -0.25 6508.07
0 38 183 phononTS 0.00445387 0.960811 -0.318044 0.062708 3898.02 0.00445387 1 0.175468 9.68089 0.25 36476.4
0 38 182 phononTF 0.00447112 0.960811 -0.318044 0.062708 3898.02 0.00447112 1 0.120771 -1.43547 -0.25 4938.47
0 38 185 phononTS 0.00229992 0.418821 -0.275236 0.063204 309.37 0.00229992 1 0.315088 -0.0510676 -0.25 950.227
0 38 184 phononTS 0.00600015 0.418821 -0.275236 0.063204 309.37 0.00600015 1 -4.9849 -8.28089 -0.25 42036.9
0 38 191 phononTS 0.00618253 -0.00223198 0.00818835 -0.002665 25.1651 0.00618253 1 -0.372781 4.79036 0.25 2744.88
0 38 195 phononL 0.00776818 0.300119 0.289958 0.156464 873.991 0.00776818 1 0.627424 0.975138 0.25 4974.35
0 38 197 phononTF 0.00123497 -6.482 -1.52378 -0.179835 29232 0.00123497 1 -1.61121 -9.39864 -0.25 34615.1
0 38 196 phononTS 0.0018159 -6.482 -1.52378 -0.179835 29232 0.0018159 1 4.42772 -6.95442 -0.25 61941.9
0 38 192 phononTS 0.00601457 -0.0210281 0.0517548 -0.0220808 67.3293 0.00601457 1 3.44716 4.44569 -0.25 13791.1
0 38 188 phononL 0.0024612 0.00699055 0.00379818 -0.0108099 15.6882 0.0024612 1 2.65466 -4.75248 -0.25 33999.2
0 38 201 phononL 0.00586059 -0.443159 0.300503 0.231793 510.273 0.00586059 1 -2.9446 -0.214592 -0.25 12267.6
0 38 203 phononTS 0.00463446 4.24784 1.07975 0.19673 5295.77 0.00463446 1 9.40039 9.04828 0.25 16367.4
0 38 202 phononTS 0.00124732 4.24784 1.07975 0.19673 5295.77 0.00124732 1 5.5985 -9.20171 0.25 65730.8
0 38 207 phononTS 0.00434801 3.13804 -2.8178 -0.0807703 6783.01 0.00434801 1 0.864257 -1.18901 -0.25 11595.7
0 38 206 phononL 0.00185835 3.13804 -2.8178 -0.0807703 6783.01 0.00185835 1 -4.10848 0.641101 0.25 52463.5
0 38 211 phononL 0.0019537 9.18479 1.01332 0.0543193 23082.3 0.0019537 1 -6.16529 1.34429 -0.25 55767.6
0 38 210 phononTF 0.00432065 9.18479 1.01332 0.0543193 23082.3 0.00432065 1 8.90397 -0.195772 0.25 26657.7
0 38 208 phononL 0.00278406 -0.0597433 0.083978 0.16141 4263.44 0.00278406 1 -1.51707 7.7494 0.25 17896.4
0 38 223 phononTS 0.00502604 0.43211 2.35745 0.0564767 3774.83 0.00502604 1 9.10096 3.87171 -0.25 33856.3
0 38 222 phononTS 0.00335023 0.43211 2.35745 0.0564767 3774.83 0.00335023 1 4.0443 -8.03927 -0.25 61913.3
0 38 227 phononTS 0.00224771 1.61318 -3.99528 -0.248207 22397.6 0.00224771 1 -6.4272 8.9996 0.25 52558.3
0 38 226 phononTF 0.00188226 1.61318 -3.99528 -0.248207 22397.6 0.00188226 1 5.27284 -4.17467 -0.25 90301.5
0 38 224 phononTS 0.00387828 -1.45699 0.796471 0.0530888 1835.43 0.00387828 1 -3.11397 5.93168 -0.25 7050.79
0 38 231 phononTF 0.00509 -1.24486 -4.58727 -0.0102603 10077.7 0.00509 1 -0.300483 -4.24732 0.25 11618.5
0 38 230 phononTS 0.00234793 -1.24486 -4.58727 -0.0102603 10077.7 0.00234793 1 -1.33064 9.59653 -0.25 17892.5
0 38 233 phononL 0.00497008 -1.8954 0.260579 0.0740175 2573.84 0.00497008 1 -2.27697 2.22603 0.25 5192.39
0 38 232 phononTF 0.00398008 -1.8954 0.260579 0.0740175 2573.84 0.00398008 1 -0.366993 -1.55142 -0.25 3888.44
0 38 216 phononTS 0.00543357 0.00207348 0.00195746 -0.0245778 1.56693 0.00543357 1 -5.03392 -5.78674 -0.25 22090.2
0 38 239 phononTS 0.00272053 -3.51233 2.44847 0.249853 34563.3 0.00272053 1 7.62031 -9.9398 -0.25 61404.2
0 38 238 phononTS 0.0019026 -3.51233 2.44847 0.249853 34563.3 0.0019026 1 -8.91932 -2.84253 0.25 55531.8
0 38 236 phononTF 0.00326783 0.717082 -2.10585 0.223208 5436.97 0.00326783 1 0.627295 -2.11362 0.25 5871.47
0 38 241 phononTF 0.00500207 0.301085 0.715864 -0.235537 949.597 0.00500207 1 0.305331 0.634276 -0.25 1929.93
0 38 240 phononTF 0.0030808 0.301085 0.715864 -0.235537 949.597 0.0030808 1 -6.08446 -1.88501 0.25 13636.2
0 38 249 phononTS 0.00362653 5.08674 7.14871 -0.143453 15908 0.00362653 1 4.84492 5.81781 -0.25 56741.7
0 38 248 phononTS 0.00213297 5.08674 7.14871 -0.143453 15908 0.00213297 1 9.33537 -1.33208 -0.25 32105.3
0 38 246 phononL 0.00337577 0.527774 0.555132 -0.240925 985.833 0.00337577 1 5.10895 5.42952 0.25 7302.02
0 38 251 phononTF 0.00336988 -0.719444 -1.03435 -0.241441 9847.79 0.00336988 1 -2.81767 -7.11207 -0.25 54903.2
0 38 250 phononTF 0.00336648 -0.719444 -1.03435 -0.241441 9847.79 0.00336648 1 -2.81683 4.24977 0.25 15739.1
0 38 253 phononTF 0.00624407 0.020406 0.0279672 0.0750991 114.71 0.00624407 1 1.26992 -1.31516 0.25 2937.58
0 38 255 phononTS 0.00513104 -0.0696793 -0.602284 0.23135 773.949 0.00513104 1 7.28484 1.44829 0.25 16290.8
0 38 254 phononTF 0.00590417 -0.0696793 -0.602284 0.23135 773.949 0.00590417 1 -9.07485 -3.9267 -0.25 7180.45
0 39 13 phononTF 0.00485684 -0.629365 -0.315317 0.0491043 692.755 0.00485684 1 -5.50599 -0.755237 -0.25 84752.7
0 39 12 phononL 0.00484156 -0.629365 -0.315317 0.0491043 692.755 0.00484156 1 -6.6674 -4.21993 -0.25 6453.22
0 39 15 phononTF 0.00291153 0.130275 0.482264 -0.0218119 2187.72 0.00291153 1 -9.47733 -9.02618 0.25 9951.99
0 39 14 phononTS 0.00436697 0.130275 0.482264 -0.0218119 2187.72 0.00436697 1 7.74574 -10 -0.0363145 41258.5
0 39 21 phononTS 0.00349326 -0.178759 -0.590149 0.107459 2379 0.00349326 1 1.80533 -6.43553 0.25 27157.6
0 39 20 phononTS 0.00352184 -0.178759 -0.590149 0.107459 2379 0.00352184 1 -1.50212 8.1697 -0.25 4923.54
0 39 25 phononTS 0.00368574 -0.821375 0.0586813 0.0378714 1575.28 0.00368574 1 2.1679 2.21471 -0.25 21999.3
0 39 24 phononTF 0.00461346 -0.821375 0.0586813 0.0378714 1575.28 0.00461346 1 5.60752 1.6965 0.25 6152.5
0 39 27 phononTF 0.00621432 0.76366 -0.442149 -0.0864495 1026.51 0.00621432 1 1.70576 6.87269 0.25 11978.7
0 39 26 phononTS 0.00522656 0.76366 -0.442149 -0.0864495 1026.51 0.00522656 1 1.78389 3.66027 0.25 4833.6
0 39 31 phononTF 0.00293086 -0.697199 -0.31778 -0.0319767 1517.4 0.00293086 1 -2.5672 -6.41829 0.25 9375.92
0 39 30 phononTF 0.00355922 -0.697199 -0.31778 -0.0319767 1517.4 0.00355922 1 -2.08636 10 0.236484 8294.27
0 39 28 phononTS 0.00655111 -0.121557 0.340017 -0.0726233 332.233 0.00655111 1 -6.73066 3.5553 0.25 13629.8
0 39 37 phononL 0.00248643 -6.17287 4.75854 -0.157472 31557.1 0.00248643 1 3.97896 -5.04103 0.25 84993.3
0 39 36 phononTS 0.00115397 -6.17287 4.75854 -0.157472 31557.1 0.00115397 1 -10 5.0143 -0.249786 127653
0 39 34 phononTS 0.00646906 -0.325196 -0.368191 -0.020043 861.302 0.00646906 1 6.84752 1.69337 0.25 26727.6
0 39 32 phononTF 0.0104831 0.0245967 0.012721 -0.078144 72.1348 0.0104831 1 0.27202 0.37161 0.25 1155.33
0 39 51 phononL 0.00259195 4.79725 0.409254 -0.093679 7623.63 0.00259195 1 -7.42458 -8.10017 -0.25 24571.1
0 39 50 phononL 0.00459854 4.79725 0.409254 -0.093679 7623.63 0.00459854 1 5.7721 9.63901 -0.25 34695.3
0 39 53 phononTF 0.00404712 -4.39393 1.14841 0.0745938 7797.32 0.00404712 1 -10 -1.16282 0.0147152 78570.7
0 39 52 phononTS 0.00114904 -4.39393 1.14841 0.0745938 7797.32 0.00114904 1 -9.877 3.93803 0.25 37272.4
0 39 46 phononL 0.00433578 0.0433604 0.0429233 -0.012991 159.88 0.00433578 1 -3.56728 -4.27113 -0.25 15500.9
0 39 55 phononTF 0.00625513 -0.0724509 0.267611 -0.077169 210.464 0.00625513 1 1.61405 0.618343 -0.25 1431.75
0 39 54 phononTS 0.00570155 -0.0724509 0.267611 -0.077169 210.464 0.00570155 1 -2.60132 0.784319 0.25 15876.6
0 39 63 phononTS 0.00427653 -0.559489 -0.142694 -0.0175547 1522.84 0.00427653 1 -1.03446 1.74065 -0.25 2652.85
0 39 62 phononTS 0.00391739 -0.559489 -0.142694 -0.0175547 1522.84 0.00391739 1 8.82816 3.38488 -0.25 62110.4
0 39 60 phononTS 0.00265872 0.00569857 -0.0962441 0.16466 888.12 0.00265872 1 8.68837 -5.7334 -0.25 76188.2
0 39 58 phononTS 0.00707874 0.053911 -0.0642036 -0.0870521 122.28 0.00707874 1 -0.0318618 -0.170324 -0.25 164.805
0 39 65 phononTF 0.00451518 -0.477982 -0.385211 -0.0389373 807.166 0.00451518 1 -2.57595 -5.52547 0.25 4977.64
0 39 64 phononL 0.00465242 -0.477982 -0.385211 -0.0389373 807.166 0.00465242 1 4.78392 3.96274 -0.25 12984.9
0 39 77 phononTS 0.00461662 0.996845 -1.52298 -0.173999 16629.4 0.00461662 1 1.19847 -8.12843 -0.25 38437.8
0 39 76 phononTS 0.00221719 0.996845 -1.52298 -0.173999 16629.4 0.00221719 1 -9.99147 4.01619 -0.25 20285.8
0 39 74 phononTS 0.00251982 -0.240829 -1.11825 -0.15664 3511.05 0.00251982 1 1.248 -3.83265 0.25 29333
0 39 72 phononTS 0.00322356 -0.0975813 0.344441 0.219844 989.668 0.00322356 1 1.79605 -1.63732 -0.25 37716.2
0 39 70 phononTF 0.00526354 0.0696693 0.0366761 0.00839954 289.647 0.00526354 1 7.43158 -7.95161 0.25 20419.1
0 39 79 phononTF 0.00232943 -0.237572 1.45164 -0.00928517 980.606 0.00232943 1 -0.146374 3.21165 -0.25 1469.45
0 39 81 phononTS 0.00333651 1.03087 -2.53656 0.243589 10193.3 0.00333651 1 -0.443591 -9.62491 -0.25 14037.4
0 39 80 phononTS 0.00145607 1.03087 -2.53656 0.243589 10193.3 0.00145607 1 -9.01308 6.61155 -0.25 30211.9
0 39 91 phononL 0.00134971 -3.99955 -1.60566 -0.141393 40220.5 0.00134971 1 -8.52312 2.36252 -0.25 65347.1
0 39 90 phononTS 0.00164498 -3.99955 -1.60566 -0.141393 40220.5 0.00164498 1 -3.37975 -2.81161 -0.25 40850.4
0 39 88 phononTS 0.00396818 -3.60091 1.95778 -0.217845 7205.01 0.00396818 1 7.3258 -3.84844 -0.25 32961.8
0 39 86 phononTF 0.00292323 0.205359 -0.636529 0.184124 3518.49 0.00292323 1 8.45766 -2.07927 0.25 15245
0 39 93 phononTF 0.00426306 -0.140011 -1.66344 -0.194375 2053.06 0.00426306 1 1.61233 -2.0892 -0.25 4964.28
0 39 92 phononTF 0.00265041 -0.140011 -1.66344 -0.194375 2053.06 0.00265041 1 -0.838509 -5.04436 0.25 106292
0 39 95 phononTF 0.0058947 9.58114e-05 0.000343008 0.0791535 53.8748 0.0058947 1 2.14682 2.33066 0.25 1777.47
0 39 97 phononTS 0.00466063 -0.2542 -0.452542 0.103386 1350.28 0.00466063 1 -0.176836 -0.26163 -0.25 1858.31
0 39 99 phononTS 0.00368128 0.902663 2.36192 -0.2178 8454.77 0.00368128 1 -8.53656 7.08421 -0.25 61317
0 39 98 phononTF 0.00319187 0.902663 2.36192 -0.2178 8454.77 0.00319187 1 5.67992 -5.62121 -0.25 36628
0 39 38 phononL 0.00521467 6.64976e-06 -6.15374e-06 -0.0249861 0.024593 0.00521467 1 1.7916 -2.36582 0.25 23614.1
0 39 113 phononTF 0.0022003 -5.72751 -2.79272 -0.00473432 7851.28 0.0022003 1 9.52672 9.29342 0.25 26333.8
0 39 112 phononTS 0.00313957 -5.72751 -2.79272 -0.00473432 7851.28 0.00313957 1 -2.54828 -2.78256 -0.25 50767.7
0 39 110 phononTF 0.00523816 0.0351365 -0.667437 0.0293461 365.091 0.00523816 1 8.78003 -4.45426 -0.25 61695.8
0 39 115 phononTF 0.00614618 0.0570546 -0.13355 0.00482497 74.1227 0.00614618 1 1.3494 -0.639512 -0.25 426.525
0 39 114 phononTS 0.00751716 0.0570546 -0.13355 0.00482497 74.1227 0.00751716 1 1.23267 -0.137729 0.25 1858.22
0 39 119 phononTF 0.0053863 -0.273975 -0.0438913 -0.183998 186.801 0.0053863 1 4.69405 3.66192 -0.25 10507.2
0 39 121 phononTS 0.00337526 -2.02165 3.67948 0.0412725 4171.39 0.00337526 1 -9.4935 -2.26737 -0.25 19026.3
0 39 120 phononTF 0.00323911 -2.02165 3.67948 0.0412725 4171.39 0.00323911 1 3.86181 -10 0.084659 29061.9
0 39 125 phononTS 0.00405892 4.45377 -3.08715 0.1728 9795.62 0.00405892 1 1.19909 -9.87143 0.25 31750.6
0 39 124 phononTS 0.00331848 4.45377 -3.08715 0.1728 9795.62 0.00331848 1 4.27311 -3.15466 0.25 9836.87
0 39 122 phononTS 0.00746298 -0.199644 -0.185933 0.0220226 299.459 0.00746298 1 -1.10214 -3.51608 0.25 4953.07
0 39 129 phononTS 0.00604004 0.00935083 0.0379119 -0.0407427 53.5072 0.00604004 1 -6.5187 3.932 0.25 31808.7
0 39 131 phononTF 0.00645936 -0.266404 -0.500328 -0.165167 883.964 0.00645936 1 2.35353 1.38926 -0.25 4226.47
0 39 133 phononTF 0.0042048 -1.93824 1.76564 -0.221134 14327.6 0.0042048 1 4.73358 -7.12339 0.25 32114.7
0 39 132 phononTS 0.00199949 -1.93824 1.76564 -0.221134 14327.6 0.00199949 1 -1.01052 2.29679 -0.25 18024.6
0 39 139 phononTS 0.00349721 -2.40088 -1.92096 0.18058 4621.51 0.00349721 1 -1.5849 -4.07291 0.25 8974.22
0 39 138 phononTF 0.00438635 -2.40088 -1.92096 0.18058 4621.51 0.00438635 1 -3.95165 2.24432 0.25 27442.3
0 39 136 phononTS 0.0030685 -0.47941 0.162336 -0.0735996 1119.28 0.0030685 1 -0.915467 -2.53083 -0.25 7093.96
0 39 134 phononTS 0.00439898 -0.0198589 0.0332785 -0.0116255 26.8062 0.00439898 1 -3.93853 8.02854 0.25 31044.8
0 39 147 phononTS 0.00519775 -0.254086 -3.17275 -0.0587662 3084.09 0.00519775 1 -6.00785 -4.99109 -0.25 12128.1
0 39 146 phononL 0.00455749 -0.254086 -3.17275 -0.0587662 3084.09 0.00455749 1 -8.04443 2.36141 -0.25 25276.4
0 39 144 phononTS 0.00236172 0.0808304 0.0142387 0.126369 178.711 0.00236172 1 5.0275 -5.97124 -0.25 27769.6
0 39 153 phononL 0.00975543 0.0549838 -0.00966073 -0.021555 75.4752 0.00975543 1 -0.114504 -0.222151 0.25 1251.51
0 39 155 phononTF 0.00428458 -0.183143 0.462441 0.00853534 10758 0.00428458 1 -9.718 -9.20386 0.25 36246
0 39 154 phononTS 0.00293417 -0.183143 0.462441 0.00853534 10758 0.00293417 1 2.22896 10 0.17455 29562.5
0 39 157 phononL 0.00404094 0.221471 -0.149354 -0.203835 85.934 0.00404094 1 -7.12836 -2.10544 0.25 19976.8
0 39 156 phononTS 0.00361622 0.221471 -0.149354 -0.203835 85.934 0.00361622 1 -1.11147 10 -0.158785 18899.7
0 39 159 phononTF 0.00349075 -2.25211 -1.62255 -0.0344981 4051.8 0.00349075 1 9.07343 -6.02422 -0.25 32313
0 39 158 phononL 0.00461307 -2.25211 -1.62255 -0.0344981 4051.8 0.00461307 1 -1.75503 -3.99828 0.25 14058.7
0 39 165 phononL 0.00286845 -9.85653 4.85783 -0.171546 10375 0.00286845 1 -9.62883 4.46337 0.25 10460.9
0 39 164 phononTF 0.00180983 -9.85653 4.85783 -0.171546 10375 0.00180983 1 -1.62545 -2.67905 -0.25 45155
0 39 169 phononTS 0.00356705 -0.172064 1.86844 -0.080511 9223.11 0.00356705 1 2.28987 0.103631 -0.25 11078.1
0 39 168 phononTF 0.00346546 -0.172064 1.86844 -0.080511 9223.11 0.00346546 1 -2.13074 -2.58857 -0.25 13062.1
0 39 166 phononTS 0.00224369 0.149411 0.0337704 -0.0127548 3783.68 0.00224369 1 -5.7333 -7.87319 0.25 41175
0 39 173 phononTS 0.00527036 -0.480523 -0.022361 -0.0527215 2262.22 0.00527036 1 4.5853 -0.385453 0.25 11751.2
0 39 172 phononTS 0.0043361 -0.480523 -0.022361 -0.0527215 2262.22 0.0043361 1 1.22164 -3.6641 0.25 34429.5
0 39 177 phononTF 0.00174594 3.07689 -5.23727 0.137341 13338 0.00174594 1 0.376135 -2.68674 0.25 37427
0 39 176 phononTS 0.00136154 3.07689 -5.23727 0.137341 13338 0.00136154 1 1.65255 -7.95576 0.25 27036.6
0 39 179 phononL 0.00262634 -0.689171 -0.270993 0.0448694 2681.06 0.00262634 1 -5.57857 2.2052 -0.25 5387
0 39 178 phononTS 0.00319619 -0.689171 -0.270993 0.0448694 2681.06 0.00319619 1 1.84199 3.96272 0.25 38809.5
0 39 191 phononTS 0.00314304 9.38962 -0.77141 -0.106389 15783.4 0.00314304 1 -0.558237 0.878775 0.25 23391.2
0 39 190 phononTS 0.00158825 9.38962 -0.77141 -0.106389 15783.4 0.00158825 1 8.89066 -0.561353 -0.25 16444.2
0 39 195 phononTF 0.00242269 -3.9829 1.48309 0.135278 10240.8 0.00242269 1 1.91396 4.24264 -0.25 22883.6
0 39 197 phononTS 0.00256235 -8.39903 -0.159799 -0.104366 12558.5 0.00256235 1 -9.86481 -7.95076 -0.25 52874.7
0 39 196 phononTS 0.00267705 -8.39903 -0.159799 -0.104366 12558.5 0.00267705 1 -5.92803 -6.82311 0.25 47750.1
0 39 199 phononTS 0.00368597 0.883507 -1.85423 0.0708899 9567.06 0.00368597 1 -3.11982 -7.21224 0.25 24071.9
0 39 198 phononTS 0.00325015 0.883507 -1.85423 0.0708899 9567.06 0.00325015 1 -9.60033 0.633216 -0.25 21113.5
0 39 201 phononTS 0.00593864 -0.157565 -0.0652189 0.0287466 56.4877 0.00593864 1 -1.62364 5.63035 0.25 11073.9
0 39 200 phononTF 0.00740042 -0.157565 -0.0652189 0.0287466 56.4877 0.00740042 1 2.14505 0.205713 -0.25 2489.55
0 39 205 phononTF 0.00646072 0.00378028 -0.478573 0.189273 3777.47 0.00646072 1 1.67716 -2.16967 0.25 13519.3
0 39 204 phononTF 0.00195037 0.00378028 -0.478573 0.189273 3777.47 0.00195037 1 -2.21191 -5.64934 0.25 11979
0 39 209 phononTS 0.00500893 0.368129 0.490396 -0.221101 4557.53 0.00500893 1 -9.44845 5.77788 0.25 27166.2
0 39 211 phononTF 0.00113999 -7.69903 -8.46023 -0.172579 14671.3 0.00113999 1 -2.21473 8.45123 -0.25 38722.3
0 39 210 phononTS 0.00168238 -7.69903 -8.46023 -0.172579 14671.3 0.00168238 1 -8.32022 8.03658 0.25 22048.2
0 39 206 phononTF 0.00974802 -0.0622556 0.0444962 0.0148795 49.2252 0.00974802 1 -0.371908 -0.368303 -0.25 733.03
0 39 219 phononTF 0.0038254 2.78104 -0.995175 0.213995 6184.23 0.0038254 1 -6.88826 -6.60921 -0.25 44499.1
0 39 218 phononTS 0.0020273 2.78104 -0.995175 0.213995 6184.23 0.0020273 1 4.38458 -2.44728 -0.25 21766.1
0 39 216 phononTS 0.00288262 0.919513 0.762719 0.111312 4741.8 0.00288262 1 -3.9229 -9.70064 0.25 44207
0 39 225 phononTF 0.0016675 -5.20401 -0.850275 -0.195361 28406.6 0.0016675 1 9.1309 -2.16829 -0.25 36054.1
0 39 224 phononTS 0.00369799 -5.20401 -0.850275 -0.195361 28406.6 0.00369799 1 -9.83973 8.90414 0.25 40742.9
0 39 222 phononTS 0.00282875 0.120854 0.131505 -0.147837 2394.7 0.00282875 1 -0.357746 -4.57884 -0.25 31266.4
0 39 220 phononTF 0.00504268 -0.189119 0.365749 0.136238 566.333 0.00504268 1 -2.88379 -2.78928 0.25 5964.5
0 39 229 phononTS 0.00297247 -1.67509 6.70371 0.133696 48737.2 0.00297247 1 -8.95963 -9.51133 -0.25 73707.9
0 39 228 phononTF 0.00192235 -1.67509 6.70371 0.133696 48737.2 0.00192235 1 -2.50734 -6.92777 -0.25 61201.8
0 39 233 phononTF 0.00184265 -0.362342 2.74795 0.210144 6502.98 0.00184265 1 9.96509 -0.0831852 -0.25 35253.4
0 39 235 phononL 0.00222088 -8.34475 7.93545 0.177126 20615.4 0.00222088 1 -1.41017 1.07552 -0.25 49823.9
0 39 234 phononTF 0.00212275 -8.34475 7.93545 0.177126 20615.4 0.00212275 1 -7.47458 8.54997 -0.25 22127.6
0 39 230 phononTS 0.00353653 -0.988392 1.38635 0.226416 5318.4 0.00353653 1 5.99068 -1.59088 0.25 16726
0 39 241 phononTF 0.00438261 -0.107573 -0.0917316 -0.129151 91.4519 0.00438261 1 4.685 4.7564 -0.25 4651.14
0 39 243 phononTS 0.00531383 -0.977393 0.0742557 0.10081 4731.78 0.00531383 1 9.2411 9.57123 0.25 26273.8
0 39 242 phononTS 0.00291649 -0.977393 0.0742557 0.10081 4731.78 0.00291649 1 -0.0037902 -5.86988 -0.25 35175.2
0 39 238 phononL 0.0087567 0.00498224 0.0174035 -0.0245466 35.212 0.0087567 1 -0.330047 -0.904693 -0.25 1323.2
0 39 247 phononTS 0.00663127 0.15927 0.0686687 -0.0213874 249.014 0.00663127 1 1.25617 2.95676 0.25 4209.77
0 39 249 phononTF 0.00349889 0.218077 0.0681344 -0.0312075 285.214 0.00349889 1 2.30721 -6.9813 0.25 9711.86
0 39 248 phononTF 0.00490959 0.218077 0.0681344 -0.0312075 285.214 0.00490959 1 -3.59042 6.6532 0.25 19462.2
0 39 251 phononL 0.00318992 0.409501 0.519287 0.0537401 2020.1 0.00318992 1 0.0208087 3.68325 -0.25 30543.3
0 39 250 phononL 0.00512225 0.409501 0.519287 0.0537401 2020.1 0.00512225 1 -2.23489 2.87406 -0.25 40533.3
0 40 15 phononTF 0.00557094 1.18592 -2.30632 0.193652 1674.61 0.00557094 1 0.482907 -0.164539 -0.25 2596.84
0 40 14 phononTS 0.00204415 1.18592 -2.30632 0.193652 1674.61 0.00204415 1 3.95298 9.65944 0.25 43796.5
0 40 12 phononTS 0.00581342 -0.0715595 0.0296494 0.0743211 225.565 0.00581342 1 -3.3621 -3.40404 0.25 25428.9
0 40 19 phononTS 0.0039172 -0.0107596 -0.291842 -0.0482763 186.665 0.0039172 1 1.85609 9.37311 0.25 6625.43
0 40 21 phononTF 0.00459003 1.38372 1.57807 0.115659 4614.17 0.00459003 1 1.53646 9.07593 -0.25 16796.9
0 40 20 phononTS 0.00213984 1.38372 1.57807 0.115659 4614.17 0.00213984 1 3.42772 9.51863 0.25 17869.4
0 40 23 phononTS 0.00954575 -0.202723 -0.144534 -0.0394411 405.263 0.00954575 1 -0.404089 -1.1858 0.25 2219.37
0 40 22 phononTF 0.00412166 -0.202723 -0.144534 -0.0394411 405.263 0.00412166 1 3.60737 -5.30078 0.25 21917.5
0 40 27 phononL 0.00564377 -0.00488212 0.0420491 -0.0464428 154.511 0.00564377 1 -1.14831 0.0784572 0.25 480.719
0 40 29 phononL 0.0051691 -0.220836 2.43774 0.0498488 3481.61 0.0051691 1 -0.347976 0.985262 -0.25 4211.19
0 40 28 phononL 0.00340753 -0.220836 2.43774 0.0498488 3481.61 0.00340753 1 -3.21037 9.53281 0.25 22496.8
0 40 33 phononTF 0.0030823 5.41017 8.97359 -0.199193 20801.2 0.0030823 1 7.14005 1.81632 0.25 63881.6
0 40 32 phononTF 0.0016778 5.41017 8.97359 -0.199193 20801.2 0.0016778 1 -9.39865 -9.08029 0.25 69958.2
0 40 30 phononTF 0.0055618 -0.213675 0.380047 0.0525192 1231.41 0.0055618 1 0.824208 0.0306973 0.25 3806.91
0 40 45 phononTS 0.00555072 0.174107 -0.00692174 -0.194976 609.182 0.00555072 1 3.68081 1.78614 -0.25 19359
0 40 47 phononTS 0.00288968 1.72501 1.43334 0.213572 5187.84 0.00288968 1 1.08217 1.03117 0.25 5455.28
0 40 46 phononTF 0.00464476 1.72501 1.43334 0.213572 5187.84 0.00464476 1 -10 3.40332 0.247874 39681.2
0 40 42 phononTF 0.0039368 0.075866 -0.0517474 -0.0515004 59.2946 0.0039368 1 1.24828 5.53458 -0.25 2191.89
0 40 49 phononTF 0.00615202 -0.0907176 0.0691306 -0.0803814 126.514 0.00615202 1 0.369313 -0.898376 0.25 3288.3
0 40 53 phononTS 0.00299396 -0.830003 -3.55584 -0.236905 6551.86 0.00299396 1 2.85821 3.27092 -0.25 50105.5
0 40 52 phononTS 0.00215625 -0.830003 -3.55584 -0.236905 6551.86 0.00215625 1 6.9628 -3.79543 0.25 28216.7
0 40 50 phononTS 0.00470287 -1.15384 0.853573 0.0854009 2128.42 0.00470287 1 -8.58405 0.212551 0.25 10648.9
0 40 63 phononTF 0.00259971 -8.21362 6.78364 -0.039657 64356.7 0.00259971 1 -9.26553 -8.00537 -0.25 73448.3
0 40 62 phononTS 0.00102748 -8.21362 6.78364 -0.039657 64356.7 0.00102748 1 9.39927 -0.0278763 0.25 119283
0 40 60 phononTS 0.00157423 1.58058 1.44977 -0.184628 15435.9 0.00157423 1 8.04462 1.10012 0.25 25481.9
0 40 65 phononTS 0.00366997 0.0577561 -0.203157 0.220626 1727.51 0.00366997 1 7.91656 9.97344 -0.25 52402.5
0 40 67 phononTF 0.00173352 0.0358702 3.5659 -0.128686 33284.3 0.00173352 1 -9.88495 2.96388 0.25 41788.5
0 40 66 phononTF 0.00298023 0.0358702 3.5659 -0.128686 33284.3 0.00298023 1 -9.54789 7.626 -0.25 145294
0 40 56 phononTS 0.00538895 -0.00189537 0.000871522 -0.0247927 1.0915 0.00538895 1 -0.138637 4.55326 -0.25 5063.8
0 40 71 phononTS 0.00326304 -3.33574 -0.131607 -0.0331839 5628.74 0.00326304 1 6.24998 -8.87749 -0.25 13308.1
0 40 70 phononTS 0.0038714 -3.33574 -0.131607 -0.0331839 5628.74 0.0038714 1 -6.44133 2.02567 -0.25 38960.5
0 40 75 phononTS 0.0038546 3.64359 -5.18793 0.0130766 10483.6 0.0038546 1 4.92835 -7.82281 0.25 19170.4
0 40 74 phononTF 0.00208179 3.64359 -5.18793 0.0130766 10483.6 0.00208179 1 3.08704 -2.5826 0.25 11878.2
0 40 72 phononTS 0.00276633 -1.23429 -1.03999 0.244356 2721.88 0.00276633 1 -0.504339 1.67738 0.25 19947.1
0 40 81 phononTF 0.00146524 6.63614 -3.41497 0.126977 17227.7 0.00146524 1 4.52901 -2.4806 -0.25 81998.9
0 40 80 phononTF 0.00347166 6.63614 -3.41497 0.126977 17227.7 0.00347166 1 9.53633 9.27317 0.25 116235
0 40 78 phononTF 0.0022833 1.96003 -1.71489 -0.0678409 3887.43 0.0022833 1 -5.38777 -5.56435 0.25 18722.9
0 40 76 phononL 0.00655707 -0.113943 0.0520133 -0.128832 726.266 0.00655707 1 -1.04938 -3.78985 0.25 10248.8
0 40 91 phononTF 0.00371367 1.62337 0.916652 -0.202122 10131.6 0.00371367 1 6.55729 10 -0.186106 13231.2
0 40 90 phononTF 0.00320013 1.62337 0.916652 -0.202122 10131.6 0.00320013 1 -0.335177 2.10161 -0.25 22839.8
0 40 88 phononTS 0.00133964 0.289777 3.32574 -0.237477 7866.8 0.00133964 1 -1.88499 4.36691 -0.25 10632.7
0 40 86 phononTS 0.00653969 -0.047504 0.050881 0.0325 206.395 0.00653969 1 -0.351019 2.52141 -0.25 13114.8
0 40 95 phononTS 0.00560998 -0.885416 -0.401941 -0.188607 2316.67 0.00560998 1 -0.378225 -1.12337 0.25 5726.86
0 40 97 phononTF 0.00342557 -3.51075 3.12416 -0.230571 8804.14 0.00342557 1 -9.24378 -8.09432 -0.25 46147.3
0 40 96 phononTF 0.00222788 -3.51075 3.12416 -0.230571 8804.14 0.00222788 1 8.34698 1.75934 0.25 42120.9
0 40 92 phononL 0.00464569 -0.082935 -0.0436371 -0.0469667 209.11 0.00464569 1 6.66477 0.0196004 0.25 7354.94
0 40 105 phononTS 0.00349651 -0.694393 -0.510529 -0.167592 1890.1 0.00349651 1 -2.51067 9.1714 -0.25 47785.3
0 40 104 phononTS 0.00368341 -0.694393 -0.510529 -0.167592 1890.1 0.00368341 1 -1.30968 -1.03167 0.25 2105.14
0 40 102 phononTF 0.000349441 -0.58536 -0.600397 -0.124575 1874.02 0.000349441 1 -9.5717 -9.44966 0.25 33599.6
0 40 100 phononTS 0.0047868 -0.0944318 -0.10053 0.0739002 280.928 0.0047868 1 0.353353 -0.219076 0.25 568.808
0 40 107 phononTS 0.0045603 0.428251 -0.183756 0.0140384 2029.57 0.0045603 1 -9.11564 -4.40647 0.25 68481.6
0 40 106 phononTF 0.0042465 0.428251 -0.183756 0.0140384 2029.57 0.0042465 1 8.7935 1.21874 0.25 28348.2
0 40 117 phononTS 0.00743908 0.0525916 -0.0990117 0.150086 391.969 0.00743908 1 -0.133507 -3.58612 0.25 11482.7
0 40 121 phononTF 0.00167095 3.65662 3.69576 -0.00220598 27337.4 0.00167095 1 5.67191 5.1192 -0.25 36941.3
0 40 120 phononTS 0.00257011 3.65662 3.69576 -0.00220598 27337.4 0.00257011 1 9.24367 9.37885 0.25 30374.1
0 40 118 phononTF 0.00181009 0.704899 -0.869283 0.0963218 1597.15 0.00181009 1 3.38698 -0.499753 0.25 22019.4
0 40 114 phononTF 0.00641082 -0.00462052 -0.00102604 -0.0216996 2.59208 0.00641082 1 1.20637 -3.36716 -0.25 10610.6
0 40 125 phononTS 0.00436033 -0.0172266 -0.140495 -0.242242 528.241 0.00436033 1 -1.44 -2.35316 0.25 40610.7
0 40 124 phononTS 0.00702387 -0.0172266 -0.140495 -0.242242 528.241 0.00702387 1 -3.0089 -2.6574 -0.25 13304.3
0 40 129 phononTF 0.00460042 0.701065 0.703635 0.087117 8090.49 0.00460042 1 3.49619 -0.824101 0.25 17680.2
0 40 128 phononTS 0.00340881 0.701065 0.703635 0.087117 8090.49 0.00340881 1 7.8275 4.87064 0.25 45049.1
0 40 131 phononL 0.00540259 -1.98397 1.44646 0.143057 9335.81 0.00540259 1 0.573969 -7.53482 -0.25 20496.6
0 40 130 phononTS 0.00206166 -1.98397 1.44646 0.143057 9335.81 0.00206166 1 1.02872 1.31631 0.25 25064.7
0 40 139 phononTS 0.00765555 0.215975 0.129036 0.179177 239.246 0.00765555 1 -0.993015 -0.665681 0.25 2251.4
0 40 138 phononTS 0.00622977 0.215975 0.129036 0.179177 239.246 0.00622977 1 -1.02993 2.10966 -0.25 9428.55
0 40 141 phononTS 0.00268704 -0.319061 0.254486 -0.0869 5113.5 0.00268704 1 -2.50705 -1.61952 -0.25 25214.3
0 40 143 phononTF 0.00334908 7.08871 7.70299 -0.164972 18742.4 0.00334908 1 -3.93818 -2.09447 -0.25 61393.4
0 40 142 phononTF 0.0020763 7.08871 7.70299 -0.164972 18742.4 0.0020763 1 4.4281 4.38288 0.25 59626.4
0 40 147 phononTF 0.00550154 -4.11347 1.60317 -0.0632374 21700 0.00550154 1 -3.53509 2.1169 -0.25 24449.3
0 40 146 phononTS 0.00226614 -4.11347 1.60317 -0.0632374 21700 0.00226614 1 7.51737 4.78053 -0.25 69894.1
0 40 149 phononTF 0.00168531 -2.03569 -2.91733 0.109652 3741.73 0.00168531 1 -7.54724 -2.1524 -0.25 43056.2
0 40 148 phononTS 0.00357245 -2.03569 -2.91733 0.109652 3741.73 0.00357245 1 -5.19535 -8.21296 0.25 18894.3
0 40 151 phononTF 0.00723325 0.114332 0.0771363 -0.147148 123.617 0.00723325 1 1.23384 1.79179 0.25 3286.9
0 40 150 phononTS 0.0064343 0.114332 0.0771363 -0.147148 123.617 0.0064343 1 -0.454003 -2.43303 0.25 3524.57
0 40 161 phononTS 0.00469455 0.118353 -0.0623573 -0.213417 1063.17 0.00469455 1 2.2558 7.92163 0.25 6382.31
0 40 160 phononTS 0.00283747 0.118353 -0.0623573 -0.213417 1063.17 0.00283747 1 4.94137 -1.21187 0.25 12187.1
0 40 163 phononTS 0.00230376 8.54434 7.91065 -0.0194899 33809.7 0.00230376 1 -6.44339 5.34688 0.25 115397
0 40 162 phononTS 0.00254471 8.54434 7.91065 -0.0194899 33809.7 0.00254471 1 -9.73187 -9.0805 0.25 64014.3
0 40 165 phononTF 0.00286478 -1.09386 -3.10242 0.0774201 10176.6 0.00286478 1 3.2067 -9.42044 0.25 15922.2
0 40 164 phononTF 0.00279724 -1.09386 -3.10242 0.0774201 10176.6 0.00279724 1 0.0105377 9.98726 -0.25 46386.3
0 40 171 phononTS 0.00467909 0.93731 -1.2135 -0.0888062 2943.56 0.00467909 1 -8.08597 9.1195 -0.25 11878.8
0 40 173 phononTS 0.00228624 -4.72813 0.0139508 0.146146 7192.8 0.00228624 1 5.31428 9.33999 0.25 30909.5
0 40 172 phononTS 0.00177642 -4.72813 0.0139508 0.146146 7192.8 0.00177642 1 8.76802 4.06377 0.25 29730
0 40 175 phononTS 0.00253789 -9.22431 7.36436 0.12021 12321.7 0.00253789 1 -9.11975 -9.52324 0.25 24193.2
0 40 174 phononTS 0.00185108 -9.22431 7.36436 0.12021 12321.7 0.00185108 1 1.59285 7.49855 -0.25 35261.4
0 40 177 phononTF 0.00473202 0.478639 0.0180707 -0.130877 505.472 0.00473202 1 3.29259 9.08129 -0.25 37634.2
0 40 179 phononTS 0.00289345 1.57146 4.21063 -0.218991 23188.7 0.00289345 1 -1.58148 -4.41608 0.25 54327.4
0 40 178 phononTF 0.00522411 1.57146 4.21063 -0.218991 23188.7 0.00522411 1 2.17592 5.46988 -0.25 26196.6
0 40 185 phononTS 0.00336546 1.52205 3.2802 0.0101137 5072.48 0.00336546 1 7.86101 2.90386 -0.25 18059.8
0 40 184 phononL 0.00379374 1.52205 3.2802 0.0101137 5072.48 0.00379374 1 -10 -1.0379 0.186759 94204.7
0 40 182 phononTF 0.004026 -0.418166 -0.12085 0.017126 294.547 0.004026 1 -0.225592 9.97531 0.25 27271.8
0 40 180 phononTS 0.00697425 -0.0204025 -0.0725222 0.102134 82.9289 0.00697425 1 1.9723 -3.05251 -0.25 9986.84
0 40 195 phononTS 0.00521237 -0.0433225 -0.23304 -0.0286807 249.038 0.00521237 1 10 2.24647 0.159579 14001.5
0 40 194 phononTS 0.00394819 -0.0433225 -0.23304 -0.0286807 249.038 0.00394819 1 0.463736 0.985373 -0.25 760.594
0 40 199 phononTS 0.00304652 2.54004 0.972375 -0.016962 9231.96 0.00304652 1 6.87838 -6.29338 0.25 52732.9
0 40 198 phononL 0.00367769 2.54004 0.972375 -0.016962 9231.96 0.00367769 1 -1.5926 -10 -0.216358 57746.2
0 40 196 phononTF 0.00165528 0.678999 1.16283 -0.182659 4610.54 0.00165528 1 8.52052 -2.51004 0.25 28651.3
0 40 201 phononTF 0.00506847 0.202966 -0.230553 -0.139457 1670.27 0.00506847 1 -3.99897 2.53865 0.25 15776.5
0 40 200 phononL 0.00557175 0.202966 -0.230553 -0.139457 1670.27 0.00557175 1 5.56276 -6.15215 -0.25 22662.6
0 40 209 phononL 0.00417579 3.68463 0.833278 0.129763 3203.54 0.00417579 1 4.42538 -2.12343 -0.25 5719.38
0 40 208 phononL 0.00401809 3.68463 0.833278 0.129763 3203.54 0.00401809 1 4.60679 4.04457 0.25 15712.5
0 40 211 phononTS 0.00409316 0.0783579 -1.92006 0.12295 3543.11 0.00409316 1 7.90385 -1.89961 -0.25 19179.3
0 40 210 phononL 0.00324781 0.0783579 -1.92006 0.12295 3543.11 0.00324781 1 2.65919 -7.48735 0.25 39089.8
0 40 213 phononTF 0.00476375 0.379829 0.274929 0.0789245 835.203 0.00476375 1 5.76981 -3.12076 0.25 13232.1
0 40 212 phononTF 0.00684646 0.379829 0.274929 0.0789245 835.203 0.00684646 1 2.33523 1.69978 0.25 3364.23
0 40 215 phononL 0.00753136 0.0318543 0.00404441 -0.0374681 10.1272 0.00753136 1 -1.70184 4.5649 0.25 10153.6
0 40 217 phononL 0.00851392 0.879222 0.819174 0.00281137 2777.9 0.00851392 1 1.38324 0.94741 0.25 3127.14
0 40 216 phononTS 0.00278833 0.879222 0.819174 0.00281137 2777.9 0.00278833 1 1.96905 -8.46724 0.25 10243.1
0 40 225 phononL 0.00237301 7.76757 -3.46313 0.0108024 7599.19 0.00237301 1 1.41941 0.507429 -0.25 23778.6
0 40 224 phononTS 0.00254597 7.76757 -3.46313 0.0108024 7599.19 0.00254597 1 -9.72304 -5.35909 0.25 23335.6
0 40 227 phononTS 0.00298934 -0.395801 0.203807 0.0984507 4204.18 0.00298934 1 10 9.0527 -0.0340849 14043.9
0 40 226 phononTS 0.00376898 -0.395801 0.203807 0.0984507 4204.18 0.00376898 1 2.13665 -2.00932 0.25 16197.2
0 40 220 phononL 0.00680146 -0.120293 0.0461839 -0.068434 127.452 0.00680146 1 -0.405274 -5.55179 0.25 7880.88
0 40 235 phononTS 0.00383848 0.698745 0.310808 0.0738051 3376.56 0.00383848 1 3.11821 2.57272 -0.25 4546.06
0 40 234 phononL 0.00337215 0.698745 0.310808 0.0738051 3376.56 0.00337215 1 1.45214 -0.416992 0.25 6380.25
0 40 232 phononTS 0.0120163 -0.00667597 0.000870014 -0.00605726 22.941 0.0120163 1 0.220052 -0.0899152 -0.25 466.986
0 40 237 phononTF 0.0052584 0.111842 0.0561153 -0.0956161 66.1656 0.0052584 1 -3.10619 -1.22617 -0.25 4668.39
0 40 239 phononTS 0.00338257 -0.924969 1.60063 0.223563 7044.07 0.00338257 1 -8.51801 5.49725 -0.25 81108.5
0 40 238 phononTS 0.00229862 -0.924969 1.60063 0.223563 7044.07 0.00229862 1 -10 7.83717 0.0182171 31510.1
0 40 247 phononL 0.00376772 -0.632446 -0.146 -0.0510298 2004.2 0.00376772 1 8.1011 0.255986 -0.25 63651.2
0 40 246 phononTF 0.00439648 -0.632446 -0.146 -0.0510298 2004.2 0.00439648 1 -10 -6.83957 -0.0679123 27986.2
0 40 244 phononTS 0.00250039 -0.327803 -0.806959 0.00319037 1150.16 0.00250039 1 -2.27275 -3.88718 0.25 52264.9
0 40 249 phononTS 0.00388542 5.58764 1.2333 0.0455173 4688.79 0.00388542 1 -9.37092 -2.46897 0.25 124750
0 40 248 phononTS 0.00308736 5.58764 1.2333 0.0455173 4688.79 0.00308736 1 8.62689 9.13634 -0.25 39967.8
0 40 240 phononTS 0.00620064 4.36661e-06 0.00748848 -0.030274 11.4037 0.00620064 1 2.12127 2.31925 -0.25 3196.42
0 41 15 phononTS 0.00467053 -0.632526 1.01081 0.0353663 961.999 0.00467053 1 -1.18978 1.39961 -0.25 27394.8
0 41 14 phononTS 0.00453652 -0.632526 1.01081 0.0353663 961.999 0.00453652 1 3.59679 4.02061 0.25 25105.8
0 41 17 phononL 0.00300865 0.400296 -3.03433 0.137656 28814.5 0.00300865 1 -1.47003 -1.84995 0.25 33262.8
0 41 16 phononTF 0.00257043 0.400296 -3.03433 0.137656 28814.5 0.00257043 1 1.8243 0.206939 -0.25 30871.4
0 41 21 phononTF 0.00455985 -0.751115 -1.13635 0.114279 755.523 0.00455985 1 -1.3323 -8.74912 -0.25 7025.05
0 41 20 phononTS 0.00268108 -0.751115 -1.13635 0.114279 755.523 0.00268108 1 -6.30208 -0.728091 0.25 2270.01
0 41 18 phononTS 0.00426329 -0.35509 -0.142485 -0.195994 423.104 0.00426329 1 -0.274402 -3.51576 0.25 4603.41
0 41 27 phononTS 0.00394402 -0.0795193 -0.0888438 0.047531 110.774 0.00394402 1 4.42915 9.61102 0.25 10694.3
0 41 33 phononTF 0.00344559 -1.96498 -6.02068 0.120425 17774.4 0.00344559 1 4.06476 -6.96509 0.25 20692.7
0 41 32 phononTS 0.00194959 -1.96498 -6.02068 0.120425 17774.4 0.00194959 1 7.64052 -0.546213 -0.25 26295.3
0 41 30 phononTS 0.00214874 0.954874 0.661215 0.158719 6611.4 0.00214874 1 -4.09526 5.92253 0.25 63919.4
0 41 28 phononTS 0.00327223 -0.0666064 -0.0596049 -0.0708996 165.635 0.00327223 1 0.166789 -1.83919 -0.25 705.091
0 41 35 phononTF 0.00293097 1.95108 -3.83395 -0.053784 8580.39 0.00293097 1 3.65196 2.59698 -0.25 24550.3
0 41 37 phononTS 0.00362892 -0.945595 -3.21139 0.0553106 25721.2 0.00362892 1 -0.581667 4.52869 0.25 58433.3
0 41 36 phononTS 0.00239838 -0.945595 -3.21139 0.0553106 25721.2 0.00239838 1 -9.09162 -9.28376 0.25 38840.9
0 41 39 phononTF 0.0123452 -0.0134935 -0.00444108 -0.00860075 10.5108 0.0123452 1 0.045471 -0.0105863 -0.25 1274.43
0 41 41 phononTF 0.00435028 0.110873 -1.25038 -0.125058 1443.7 0.00435028 1 -5.32257 -9.5576 0.25 14626.5
0 41 40 phononTF 0.00445805 0.110873 -1.25038 -0.125058 1443.7 0.00445805 1 -9.22953 -9.76767 0.25 21551.7
0 41 51 phononTF 0.00424216 0.226096 0.10183 -0.0637122 3385.32 0.00424216 1 -0.0186312 1.21537 -0.25 4516.05
0 41 50 phononL 0.00431151 0.226096 0.10183 -0.0637122 3385.32 0.00431151 1 8.08729 5.21522 -0.25 17198.8
0 41 53 phononTF 0.00676312 -0.0776462 0.66844 0.248688 461.318 0.00676312 1 0.663693 1.16857 -0.25 1220.33
0 41 52 phononTF 0.00277073 -0.0776462 0.66844 0.248688 461.318 0.00277073 1 1.68371 -6.40416 0.25 7548.33
0 41 57 phononTS 0.00296908 1.75595 1.41643 0.0511288 2479.43 0.00296908 1 -0.189396 6.73662 -0.25 18291.3
0 41 56 phononTS 0.00631979 1.75595 1.41643 0.0511288 2479.43 0.00631979 1 1.00242 5.70957 0.25 9752.16
0 41 61 phononTF 0.00454846 -0.642035 -0.0492322 0.100115 771.583 0.00454846 1 3.13332 -0.334282 -0.25 7317.02
0 41 60 phononL 0.00547168 -0.642035 -0.0492322 0.100115 771.583 0.00547168 1 -2.8413 -6.20619 -0.25 48458.5
0 41 58 phononTS 0.00420047 0.0337535 0.1154 0.0416908 195.498 0.00420047 1 9.15042 6.92661 0.25 11787.3
0 41 44 phononTF 0.00432336 -0.000449768 0.000452198 -0.0250191 0.646785 0.00432336 1 9.72746 -0.927865 0.25 26131.5
0 41 65 phononL 0.00445883 0.138418 0.773209 0.209423 1041.63 0.00445883 1 -3.24627 -7.55278 -0.25 12335.3
0 41 67 phononTF 0.0037274 2.02773 -0.738102 0.0322577 5388.53 0.0037274 1 2.50129 1.37634 0.25 6933.64
0 41 66 phononTS 0.00320283 2.02773 -0.738102 0.0322577 5388.53 0.00320283 1 -9.51372 -9.87022 0.25 27838.4
0 41 71 phononTF 0.0035374 -1.89203 -2.94621 0.0409185 4809.67 0.0035374 1 -9.93938 6.49948 0.25 81951
0 41 73 phononL 0.00243417 -1.83651 -3.53333 0.132544 5258.34 0.00243417 1 4.11773 -0.997753 -0.25 25318.6
0 41 72 phononTF 0.00144046 -1.83651 -3.53333 0.132544 5258.34 0.00144046 1 3.73742 -2.57272 -0.25 43460.8
0 41 79 phononTF 0.00353049 -0.348469 -3.37188 0.124715 12912.3 0.00353049 1 9.6351 -5.45273 -0.25 39896
0 41 78 phononTS 0.00212042 -0.348469 -3.37188 0.124715 12912.3 0.00212042 1 -9.81263 -9.51483 0.25 20597.7
0 41 76 phononTS 0.0024162 -1.07038 0.748354 -0.246229 3962.38 0.0024162 1 -6.11284 0.341229 0.25 11909.9
0 41 81 phononTF 0.00329633 2.27734 -0.101292 0.188822 1170.47 0.00329633 1 7.1993 -6.46708 0.25 6869.01
0 41 80 phononTS 0.00347769 2.27734 -0.101292 0.188822 1170.47 0.00347769 1 2.5113 7.61362 -0.25 13212.1
0 41 89 phononTS 0.00514553 0.132778 1.52344 -0.178373 2102.98 0.00514553 1 9.05869 0.838395 0.25 27633.2
0 41 88 phononTS 0.00326889 0.132778 1.52344 -0.178373 2102.98 0.00326889 1 -3.03924 4.47234 0.25 7316.18
0 41 93 phononTS 0.00376313 -0.453002 -1.91577 -0.115653 2069.4 0.00376313 1 8.79926 -0.72691 0.25 5204.55
0 41 92 phononTS 0.00545719 -0.453002 -1.91577 -0.115653 2069.4 0.00545719 1 -4.16183 -1.6308 -0.25 8322.37
0 41 95 phononTF 0.00355085 -0.0528761 -0.270357 -0.0160073 226.086 0.00355085 1 7.55001 2.63635 0.25 30394.5
0 41 94 phononTS 0.00341283 -0.0528761 -0.270357 -0.0160073 226.086 0.00341283 1 7.44858 -8.38046 0.25 13081.1
0 41 103 phononTS 0.00182246 -0.716456 -0.329637 -0.045132 2860.12 0.00182246 1 0.0869618 -1.87505 0.25 29880.8
0 41 102 phononTF 0.0016833 -0.716456 -0.329637 -0.045132 2860.12 0.0016833 1 1.06356 -1.29436 0.25 15778.6
0 41 105 phononTF 0.00208163 -9.08766 -3.57155 -0.0513405 16274.9 0.00208163 1 -1.43247 -8.07985 0.25 22067.9
0 41 104 phononTS 0.0034194 -9.08766 -3.57155 -0.0513405 16274.9 0.0034194 1 -9.0729 -6.05378 0.25 31129.4
0 41 107 phononTS 0.00420188 -0.936202 -1.4691 -0.192433 2022.01 0.00420188 1 4.94315 4.43793 0.25 93217.7
0 41 106 phononTF 0.00181779 -0.936202 -1.4691 -0.192433 2022.01 0.00181779 1 8.59948 -9.27615 0.25 29260.3
0 41 109 phononTS 0.00237465 3.96503 6.05609 -0.0437349 4425.92 0.00237465 1 3.29114 8.09534 0.25 5996.34
0 41 108 phononTF 0.00350257 3.96503 6.05609 -0.0437349 4425.92 0.00350257 1 3.20506 -4.70688 -0.25 24445.3
0 41 111 phononTS 0.00941604 0.116903 0.145624 -0.000727359 50.8873 0.00941604 1 0.650095 -0.598501 -0.25 1281.41
0 41 110 phononTS 0.00581355 0.116903 0.145624 -0.000727359 50.8873 0.00581355 1 -0.938615 -0.289148 0.25 13750.3
0 41 119 phononTS 0.00625556 -0.210418 -0.0183209 -0.0120928 260.276 0.00625556 1 -0.459805 -0.528295 -0.25 7770.03
0 41 121 phononTF 0.00487434 -0.0348736 0.0141599 -0.110841 614.524 0.00487434 1 1.49827 6.95265 -0.25 21370.9
0 41 120 phononTS 0.00492217 -0.0348736 0.0141599 -0.110841 614.524 0.00492217 1 1.19229 -0.857286 0.25 11353
0 41 127 phononTS 0.00153911 0.759596 0.637672 0.231229 1110.79 0.00153911 1 -2.12117 -6.64398 0.25 15344.5
0 41 126 phononTF 0.00599892 0.759596 0.637672 0.231229 1110.79 0.00599892 1 2.30292 0.762043 0.25 4843.04
0 41 124 phononL 0.00379282 0.208365 0.051672 0.168776 216.614 0.00379282 1 6.68653 6.92019 -0.25 84315
0 41 131 phononTF 0.00648021 -0.325112 0.533421 -0.0422098 2248.55 0.00648021 1 -5.03873 5.7959 0.25 31092.2
0 41 130 phononTS 0.00175466 -0.325112 0.533421 -0.0422098 2248.55 0.00175466 1 -4.20249 -7.05578 -0.25 125537
0 41 128 phononTF 0.00267774 0.403939 0.0383503 -0.233 604.181 0.00267774 1 10 2.83268 -0.174311 6743.02
0 41 139 phononL 0.00709678 0.513114 0.145235 0.0760582 794.82 0.00709678 1 -4.47133 0.930462 -0.25 9629.33
0 41 138 phononTS 0.00354866 0.513114 0.145235 0.0760582 794.82 0.00354866 1 1.89797 0.369104 0.25 5280.53
0 41 136 phononTF 0.0054588 0.105594 -0.0447938 -0.00439093 135.565 0.0054588 1 -1.25112 -2.8287 -0.25 4025.74
0 41 141 phononTS 0.00488214 -0.280148 0.033284 0.101428 1283.97 0.00488214 1 0.496557 9.76909 -0.25 43089.1
0 41 143 phononTF 0.00529577 -0.00733607 0.0251781 -0.205457 3272.18 0.00529577 1 1.11281 -1.57246 0.25 3939.58
0 41 142 phononTF 0.0024475 -0.00733607 0.0251781 -0.205457 3272.18 0.0024475 1 1.2344 0.626288 -0.25 49498.7
0 41 149 phononTF 0.00488268 0.420452 0.515704 -0.199259 437.686 0.00488268 1 2.94166 3.54601 0.25 15605
0 41 148 phononTF 0.00345244 0.420452 0.515704 -0.199259 437.686 0.00345244 1 -0.262142 0.66532 -0.25 18614
0 41 151 phononTS 0.00504089 -0.19169 0.026856 -0.0506871 525.516 0.00504089 1 -5.88324 6.78654 0.25 23325.7
0 41 153 phononTF 0.00373622 -0.371455 1.74033 -0.0162481 1338.62 0.00373622 1 -6.43635 -3.83683 0.25 31100.8
0 41 152 phononL 0.0030403 -0.371455 1.74033 -0.0162481 1338.62 0.0030403 1 1.51978 -0.584132 0.25 21520.9
0 41 144 phononTF 0.00747574 -0.000725214 -0.00424214 -0.0262965 1.97603 0.00747574 1 -1.14615 -0.467334 0.25 3700.87
0 41 165 phononTS 0.00449165 -0.330199 1.31747 -0.116465 3015.95 0.00449165 1 8.96677 1.28769 0.25 45647.3
0 41 164 phononL 0.00361393 -0.330199 1.31747 -0.116465 3015.95 0.00361393 1 -2.50675 -5.83472 0.25 9204.26
0 41 167 phononTF 0.0028485 1.7565 -7.0493 -0.173146 25703.6 0.0028485 1 1.0107 -7.95823 0.25 31276.6
0 41 166 phononTS 0.00200681 1.7565 -7.0493 -0.173146 25703.6 0.00200681 1 3.253 0.330573 0.25 30060.8
0 41 160 phononTF 0.00452315 0.00312385 0.00957635 0.0307193 222.093 0.00452315 1 1.49721 -3.17851 0.25 3557.92
0 41 175 phononTS 0.00957623 0.349548 -0.0292562 0.0363821 1632.85 0.00957623 1 -0.0634162 1.44812 0.25 6479.91
0 41 174 phononTS 0.00158085 0.349548 -0.0292562 0.0363821 1632.85 0.00158085 1 -2.26955 -0.925753 0.25 6981.14
0 41 172 phononTF 0.00123847 0.130396 -0.0113129 -0.107722 999.332 0.00123847 1 -0.69209 -9.40351 0.25 9983.87
0 41 170 phononTF 0.00246001 0.0673296 0.00142124 -0.0567121 134.364 0.00246001 1 -0.690575 -1.33179 -0.25 13672.4
0 41 179 phononTS 0.00207612 7.05635 3.45114 -0.191342 33390.5 0.00207612 1 -1.80928 -0.951957 0.25 46261.4
0 41 178 phononTS 0.0018698 7.05635 3.45114 -0.191342 33390.5 0.0018698 1 9.06485 -7.8693 0.25 41713.6
0 41 176 phononTF 0.00301494 5.0568 4.75778 0.200363 23474.1 0.00301494 1 8.95225 -0.999739 0.25 49195
0 41 185 phononL 0.00393477 -3.35391 0.120978 0.102883 9262.36 0.00393477 1 6.12942 -5.54117 0.25 76881.9
0 41 187 phononTS 0.00157722 9.48272 -2.75837 -0.0471395 25693.5 0.00157722 1 -7.57222 -7.16969 -0.25 68274.4
0 41 186 phononTF 0.00288286 9.48272 -2.75837 -0.0471395 25693.5 0.00288286 1 9.38478 0.355904 -0.25 30930.1
0 41 189 phononTS 0.00278508 -2.36012 -4.04245 0.249377 19304 0.00278508 1 -0.834946 -6.46905 0.25 26107.3
0 41 188 phononL 0.00316773 -2.36012 -4.04245 0.249377 19304 0.00316773 1 -8.6417 -2.0224 0.25 69979.7
0 41 193 phononL 0.00217242 -5.16957 -8.1742 -0.226756 55505.1 0.00217242 1 -0.452598 -9.2023 -0.25 75439.6
0 41 192 phononTS 0.00420509 -5.16957 -8.1742 -0.226756 55505.1 0.00420509 1 -6.24747 3.302 -0.25 85693.7
0 41 195 phononTS 0.00536993 -0.243168 -0.661541 0.241084 830.742 0.00536993 1 -1.24516 5.23661 -0.25 17824
0 41 194 phononTF 0.00290372 -0.243168 -0.661541 0.241084 830.742 0.00290372 1 0.0954638 -0.0304603 -0.25 1309.22
0 41 205 phononTS 0.00243284 0.592474 1.16562 0.111699 2850.41 0.00243284 1 -7.89524 1.19712 0.25 17994.6
0 41 204 phononTS 0.00356886 0.592474 1.16562 0.111699 2850.41 0.00356886 1 0.464338 0.963124 -0.25 2939.79
0 41 209 phononTS 0.0045641 0.434947 -1.74233 0.158939 1898.69 0.0045641 1 -1.07242 -3.83662 -0.25 3775.76
0 41 208 phononTS 0.00486988 0.434947 -1.74233 0.158939 1898.69 0.00486988 1 0.041603 -0.235742 -0.25 11290.2
0 41 206 phononTF 0.0012778 0.0752259 -0.82791 -0.0897033 1183.95 0.0012778 1 -3.738 -3.81033 0.25 12088
0 41 215 phononTF 0.00490261 -3.79864 2.47844 -0.0576775 8808.36 0.00490261 1 -1.69991 8.97826 0.25 17938.3
0 41 214 phononTS 0.00196964 -3.79864 2.47844 -0.0576775 8808.36 0.00196964 1 -10 8.40319 0.236332 31821.7
0 41 212 phononTS 0.00472072 0.0632259 -0.0469483 -0.0545076 50.8159 0.00472072 1 9.30653 -9.7663 -0.25 43193.9
0 41 217 phononTS 0.00505103 0.404854 0.421537 0.0394453 189.087 0.00505103 1 2.74399 -0.856355 0.25 15775.4
0 41 216 phononTS 0.00394824 0.404854 0.421537 0.0394453 189.087 0.00394824 1 -1.8906 8.76569 0.25 24323.7
0 41 225 phononTF 0.00345652 4.38127 -2.60708 0.183802 17300.3 0.00345652 1 10 -2.34673 -0.0604786 22839.7
0 41 224 phononTF 0.00379417 4.38127 -2.60708 0.183802 17300.3 0.00379417 1 7.5219 0.905479 0.25 54372.1
0 41 227 phononL 0.00176335 2.35311 -1.01484 -0.133386 3197.1 0.00176335 1 -6.32825 -3.47011 -0.25 17954.8
0 41 226 phononTF 0.00461681 2.35311 -1.01484 -0.133386 3197.1 0.00461681 1 -0.976073 -2.89442 -0.25 26607.1
0 41 233 phononL 0.00558982 0.679778 -0.5191 0.0844098 1887.81 0.00558982 1 7.2931 -2.4634 0.25 23408.6
0 41 235 phononTS 0.00305322 0.0664442 -0.209031 -0.161956 2733.09 0.00305322 1 7.9635 -9.16227 -0.25 8893.92
0 41 234 phononTF 0.00353161 0.0664442 -0.209031 -0.161956 2733.09 0.00353161 1 -2.46681 0.618018 -0.25 7454.01
0 41 230 phononTF 0.00179984 0.71195 -0.494212 0.0706351 1883.13 0.00179984 1 8.42328 -8.82141 0.25 39036.6
0 41 237 phononTS 0.00407157 0.88638 0.846508 0.074734 2264 0.00407157 1 -9.53229 -9.42942 0.25 14189.5
0 41 236 phononTS 0.00553914 0.88638 0.846508 0.074734 2264 0.00553914 1 -0.230526 -0.809983 0.25 6298.3
0 41 241 phononL 0.00485388 0.472267 -0.284886 -0.0215714 298.741 0.00485388 1 2.74532 9.31655 -0.25 39813.6
0 41 243 phononTS 0.0013958 2.82659 1.86609 0.155869 3197.66 0.0013958 1 0.603907 1.11328 0.25 10026.9
0 41 242 phononL 0.00387349 2.82659 1.86609 0.155869 3197.66 0.00387349 1 5.92121 -0.758571 -0.25 35800.7
0 41 247 phononTS 0.00308751 2.37485 -0.0774531 -0.0125349 5113.3 0.00308751 1 2.65988 7.58875 0.25 31308.9
0 41 246 phononTF 0.00329519 2.37485 -0.0774531 -0.0125349 5113.3 0.00329519 1 9.79777 2.55312 0.25 10628.3
0 41 249 phononTS 0.00302354 -0.82675 0.456165 0.131582 5457.37 0.00302354 1 5.19852 2.26062 -0.25 7917.87
0 41 248 phononTS 0.00294996 -0.82675 0.456165 0.131582 5457.37 0.00294996 1 2.87801 8.04441 -0.25 12283.7
0 41 255 phononTS 0.00393676 0.818569 0.633918 -0.0557554 1430.68 0.00393676 1 -2.33676 -5.43314 -0.25 47465.7
0 41 254 phononTS 0.00599862 0.818569 0.633918 -0.0557554 1430.68 0.00599862 1 1.54086 -6.75344 0.25 16216.5
0 41 257 phononTS 0.00353811 -2.2845 -0.820552 0.184971 3457.35 0.00353811 1 -7.34922 4.49677 0.25 45498.9
0 41 256 phononTS 0.00358742 -2.2845 -0.820552 0.184971 3457.35 0.00358742 1 9.02887 9.34411 0.25 27298.1
0 41 259 phononTS 0.00358097 0.00368792 -0.339812 -0.0832531 517.899 0.00358097 1 4.15321 8.07942 -0.25 3919.33
0 41 258 phononL 0.00794765 0.00368792 -0.339812 -0.0832531 517.899 0.00794765 1 0.575157 0.255971 0.25 1195.31
0 42 13 phononTS 0.00469009 0.00836386 -0.0588742 0.0679578 87.9705 0.00469009 1 8.5066 0.426916 0.25 8404.78
0 42 17 phononTS 0.00169578 6.46707 6.93345 0.0397279 31748.4 0.00169578 1 5.31285 2.68152 -0.25 33898.1
0 42 16 phononTS 0.00224145 6.46707 6.93345 0.0397279 31748.4 0.00224145 1 9.65242 9.45954 0.25 47714.7
0 42 14 phononL 0.00489855 -0.318877 0.938976 -0.0208176 3942.93 0.00489855 1 -2.65147 -0.431553 0.25 5333.62
0 42 21 phononL 0.003469 -2.10947 -0.0114114 0.100769 7994.94 0.003469 1 -6.52897 -9.56956 -0.25 34401.1
0 42 20 phononTF 0.00345583 -2.10947 -0.0114114 0.100769 7994.94 0.00345583 1 5.59915 1.43856 0.25 46318.9
0 42 23 phononTS 0.00581406 -0.381526 -0.129364 0.15817 1787.95 0.00581406 1 4.43746 -1.89242 0.25 14172.5
0 42 22 phononTS 0.00363879 -0.381526 -0.129364 0.15817 1787.95 0.00363879 1 0.189148 -9.37195 -0.25 39954.9
0 42 27 phononL 0.00424342 -0.0414203 0.220171 -0.169377 141.789 0.00424342 1 -6.36532 -0.263822 -0.25 11381.1
0 42 29 phononTS 0.00507337 -0.0948289 0.941038 0.23908 3282.42 0.00507337 1 3.02945 9.39462 0.25 15773.9
0 42 28 phononTF 0.00404381 -0.0948289 0.941038 0.23908 3282.42 0.00404381 1 -10 -7.59422 -0.112006 8776.42
0 42 31 phononTS 0.00904939 -0.0326203 -0.210099 -0.126069 249.766 0.00904939 1 -0.987052 0.764928 -0.25 4246.55
0 42 30 phononTS 0.00225716 -0.0326203 -0.210099 -0.126069 249.766 0.00225716 1 8.64872 0.238612 0.25 12310
0 42 37 phononTS 0.00663261 -1.50811 -0.272484 0.140285 3401.42 0.00663261 1 -0.831505 -0.380279 -0.25 5190.33
0 42 36 phononTF 0.00372462 -1.50811 -0.272484 0.140285 3401.42 0.00372462 1 -7.58838 -6.33613 -0.25 17152.4
0 42 41 phononL 0.00316213 -0.882614 0.418748 -0.172951 4087.29 0.00316213 1 7.95898 -0.581782 -0.25 22290.3
0 42 40 phononL 0.0040995 -0.882614 0.418748 -0.172951 4087.29 0.0040995 1 -1.03767 0.413352 0.25 4248.2
0 42 43 phononL 0.00307669 1.54178 -1.88358 0.164915 2769.17 0.00307669 1 -9.91095 5.80941 -0.25 36992
0 42 42 phononTS 0.00262562 1.54178 -1.88358 0.164915 2769.17 0.00262562 1 -8.14331 -8.6828 -0.25 12677.3
0 42 49 phononTS 0.00369577 0.125925 -0.348125 0.0194878 1154.73 0.00369577 1 8.32413 1.79942 -0.25 24712.7
0 42 53 phononTS 0.00169837 7.54548 -1.85859 0.182611 12296.3 0.00169837 1 8.81055 -9.38515 0.25 21717.7
0 42 52 phononTS 0.00307946 7.54548 -1.85859 0.182611 12296.3 0.00307946 1 2.25172 7.63509 -0.25 31479.4
0 42 50 phononTF 0.00454467 0.760925 -0.374041 -0.231864 5850.72 0.00454467 1 -2.66905 5.2104 0.25 8404.41
0 42 55 phononTS 0.00426968 0.103299 -0.0548862 0.21081 4114.04 0.00426968 1 8.43033 9.86019 -0.25 29525.3
0 42 54 phononTS 0.00354403 0.103299 -0.0548862 0.21081 4114.04 0.00354403 1 9.43404 9.55257 0.25 71132.4
0 42 59 phononTS 0.00416684 0.0699971 0.545385 -0.105069 4573.93 0.00416684 1 6.08415 1.97883 -0.25 36013.8
0 42 58 phononTF 0.00325262 0.0699971 0.545385 -0.105069 4573.93 0.00325262 1 -9.69816 -9.82742 0.25 28018.2
0 42 63 phononTF 0.00376115 -0.55819 0.212804 0.0714244 2224.33 0.00376115 1 0.872818 -9.69896 -0.25 15917
0 42 62 phononTS 0.00543949 -0.55819 0.212804 0.0714244 2224.33 0.00543949 1 -0.962404 -4.84825 0.25 11064.6
0 42 60 phononTS 0.000854283 0.326971 0.127948 0.16327 1011.72 0.000854283 1 -2.2437 -5.21098 -0.25 23053
0 42 75 phononTS 0.00210608 6.12003 -0.507802 0.167912 5436.5 0.00210608 1 5.82704 9.08097 -0.25 19005.5
0 42 74 phononTF 0.00420628 6.12003 -0.507802 0.167912 5436.5 0.00420628 1 2.75347 -3.15211 -0.25 45900.9
0 42 77 phononL 0.00566089 -0.41764 0.00572471 -0.106187 2432.64 0.00566089 1 -4.90666 9.00749 0.25 14097.3
0 42 76 phononTS 0.00280278 -0.41764 0.00572471 -0.106187 2432.64 0.00280278 1 -8.56612 7.29661 0.25 8963.05
0 42 79 phononTS 0.00477111 0.474223 -2.35555 -0.060401 5373.87 0.00477111 1 -6.35418 -2.32765 -0.25 52910.1
0 42 78 phononL 0.00259352 0.474223 -2.35555 -0.060401 5373.87 0.00259352 1 3.30302 -1.92617 0.25 14410.3
0 42 87 phononTS 0.00339784 -7.48793 -4.33507 0.246899 32039.7 0.00339784 1 9.17836 8.45832 0.25 56771.2
0 42 86 phononTS 0.00319371 -7.48793 -4.33507 0.246899 32039.7 0.00319371 1 -0.926067 2.09867 0.25 41948.4
0 42 84 phononTF 0.00314075 -1.70899 -0.0496106 -0.0589444 5471.33 0.00314075 1 -5.80691 9.66694 -0.25 19253.5
0 42 89 phononTF 0.00282423 1.31986 0.753883 -0.183539 4496.09 0.00282423 1 2.35743 4.75192 -0.25 6077.33
0 42 91 phononTF 0.00288489 -0.710423 -5.94837 0.0585647 23527.9 0.00288489 1 -8.64769 -9.69235 0.25 57185.6
0 42 90 phononTS 0.00156491 -0.710423 -5.94837 0.0585647 23527.9 0.00156491 1 6.65613 3.65063 -0.25 39095.9
0 42 97 phononTF 0.00390425 -3.53311 -3.13376 0.14522 5543.93 0.00390425 1 -7.94906 5.50751 0.25 18903.1
0 42 96 phononTS 0.00283587 -3.53311 -3.13376 0.14522 5543.93 0.00283587 1 0.541193 6.85634 -0.25 48751.9
0 42 99 phononTS 0.00257156 -1.62286 4.35827 -0.0609062 69798.9 0.00257156 1 -2.90699 1.40646 -0.25 115017
0 42 98 phononTS 0.00197233 -1.62286 4.35827 -0.0609062 69798.9 0.00197233 1 -2.7025 3.28496 0.25 80443.6
0 42 92 phononL 0.0030849 0.133241 0.204594 0.14484 700.538 0.0030849 1 -0.0391432 -1.50235 0.25 1197.94
0 42 103 phononTS 0.00417163 0.919593 -0.36192 0.00523481 1034.21 0.00417163 1 4.77869 1.43734 -0.25 17351.1
0 42 102 phononTS 0.00605474 0.919593 -0.36192 0.00523481 1034.21 0.00605474 1 -3.19514 -6.01723 -0.25 9495.49
0 42 105 phononL 0.00470971 2.004 0.907106 0.0503543 8984.24 0.00470971 1 7.01761 5.89231 0.25 18086.4
0 42 104 phononTF 0.00332949 2.004 0.907106 0.0503543 8984.24 0.00332949 1 -3.10997 6.27424 -0.25 16764.2
0 42 113 phononTF 0.00251899 9.93657 6.10587 0.239446 8609.79 0.00251899 1 8.24117 4.28662 -0.25 13495
0 42 112 phononTS 0.00265227 9.93657 6.10587 0.239446 8609.79 0.00265227 1 4.74321 -9.24251 0.25 15024.1
0 42 110 phononL 0.00243391 0.502186 -0.746373 -0.112929 3256.22 0.00243391 1 9.62323 9.45402 -0.25 17239
0 42 108 phononTF 0.00264759 0.497254 -0.491107 0.226798 3017.18 0.00264759 1 0.174022 -7.63744 0.25 36744.7
0 42 117 phononTF 0.0025629 0.461903 0.671593 -0.208444 2411.13 0.0025629 1 8.61065 3.65639 0.25 28280.1
0 42 121 phononTS 0.00300104 9.82766 -3.70301 0.163809 19603.4 0.00300104 1 7.04864 -0.844641 -0.25 22521.6
0 42 120 phononTF 0.00128143 9.82766 -3.70301 0.163809 19603.4 0.00128143 1 7.24162 5.30508 0.25 51788.9
0 42 118 phononTS 0.00261742 0.0873676 1.68668 -0.0222212 2660.68 0.00261742 1 2.2678 -7.32844 0.25 22197.2
0 42 125 phononTF 0.0071312 0.268751 -0.0911897 -0.247623 1294.59 0.0071312 1 -1.28284 -1.16212 -0.25 3670.79
0 42 127 phononTS 0.00386865 -5.09804 -2.9273 -0.132187 18667.6 0.00386865 1 0.478579 -1.49699 -0.25 25451.7
0 42 126 phononTF 0.00180236 -5.09804 -2.9273 -0.132187 18667.6 0.00180236 1 -4.75657 -2.9274 0.25 42489.6
0 42 122 phononTF 0.00624196 -0.00558638 -0.0151697 -0.0192265 23.9235 0.00624196 1 -0.693395 -1.89776 -0.25 3454.95
0 42 135 phononTS 0.0101309 0.000206478 -0.00170898 -0.0234221 1.46701 0.0101309 1 -0.260456 1.42667 -0.25 2746.28
0 42 139 phononTF 0.00276212 -3.85268 1.37604 -0.194916 5328.05 0.00276212 1 -4.97872 0.859872 0.25 20867.6
0 42 138 phononTS 0.00513123 -3.85268 1.37604 -0.194916 5328.05 0.00513123 1 6.47262 -5.69025 0.25 55027.8
0 42 141 phononL 0.0026153 -2.2598 3.43095 -0.114632 3974.4 0.0026153 1 -7.70737 -3.57036 0.25 50696.6
0 42 140 phononTS 0.00373513 -2.2598 3.43095 -0.114632 3974.4 0.00373513 1 -3.09426 -9.31102 -0.25 15647.7
0 42 149 phononTS 0.00480902 0.049455 0.358897 0.0470827 3571.95 0.00480902 1 -6.00082 -5.35125 0.25 46352.8
0 42 148 phononTS 0.0025344 0.049455 0.358897 0.0470827 3571.95 0.0025344 1 7.51016 10 -0.20468 65370.2
0 42 151 phononL 0.00384639 0.0226505 0.559664 -0.0544796 816.647 0.00384639 1 -3.16858 5.94241 0.25 28026.8
0 42 150 phononL 0.00498222 0.0226505 0.559664 -0.0544796 816.647 0.00498222 1 1.30693 1.32392 -0.25 2197.42
0 42 153 phononTF 0.00579614 -0.027634 -0.110603 -0.0254795 52.9367 0.00579614 1 2.89999 7.12939 -0.25 8215.38
0 42 155 phononL 0.00422426 0.737863 -1.07589 0.114057 4132.5 0.00422426 1 -1.15737 1.15925 0.25 5109.07
0 42 154 phononTF 0.00363813 0.737863 -1.07589 0.114057 4132.5 0.00363813 1 -2.34455 6.19254 -0.25 14482.9
0 42 163 phononTS 0.00284683 -0.0697732 1.36606 0.0812692 3521.18 0.00284683 1 1.41924 -2.38971 -0.25 61005.6
0 42 162 phononTS 0.0034166 -0.0697732 1.36606 0.0812692 3521.18 0.0034166 1 -9.915 -9.99916 0.25 9354.26
0 42 160 phononL 0.00165421 1.62453 -0.440231 -0.0794188 1731.77 0.00165421 1 -0.0130034 -1.92741 -0.25 32032.3
0 42 158 phononTS 0.00301551 1.09222 -0.0890246 0.0870401 809.088 0.00301551 1 -0.70096 4.43157 -0.25 22985
0 42 167 phononTS 0.00208685 -0.783871 -6.89029 -0.0557213 14829.5 0.00208685 1 -6.69438 -3.25102 -0.25 18110
0 42 166 phononTS 0.00163553 -0.783871 -6.89029 -0.0557213 14829.5 0.00163553 1 3.98602 -2.09536 -0.25 25524.8
0 42 169 phononTF 0.00317914 -0.380237 0.528088 0.00449012 5448.5 0.00317914 1 6.90154 9.46166 0.25 38098.5
0 42 168 phononTS 0.00367845 -0.380237 0.528088 0.00449012 5448.5 0.00367845 1 0.330476 3.68089 -0.25 15778
0 42 179 phononTF 0.00250007 0.215271 1.0161 0.14685 1470.98 0.00250007 1 -1.02803 8.79357 -0.25 4591.36
0 42 181 phononL 0.00192715 -4.96331 -0.807423 0.0606273 17664.8 0.00192715 1 -6.26015 -10 -0.220047 23078.9
0 42 180 phononTF 0.00287645 -4.96331 -0.807423 0.0606273 17664.8 0.00287645 1 -9.51498 -9.33057 0.25 39229.7
0 42 185 phononTF 0.00657427 -1.62068 -0.60785 0.111768 2321.33 0.00657427 1 -1.79056 -2.80192 -0.25 5968.61
0 42 184 phononTF 0.00255644 -1.62068 -0.60785 0.111768 2321.33 0.00255644 1 -9.49518 -0.277207 -0.25 6359.9
0 42 182 phononTS 0.00843218 0.0273958 -0.00549625 -0.0219652 146.462 0.00843218 1 -0.157546 0.0199537 0.25 889.365
0 42 189 phononTF 0.00463357 2.37631 0.818832 0.227865 4029.32 0.00463357 1 2.44631 0.329691 -0.25 36990.3
0 42 188 phononTF 0.00391268 2.37631 0.818832 0.227865 4029.32 0.00391268 1 -2.97126 4.47389 -0.25 43297.7
0 42 193 phononTF 0.00305154 0.657451 -2.17678 0.102884 5038.9 0.00305154 1 -0.160031 1.83318 -0.25 20642.1
0 42 192 phononTF 0.00337535 0.657451 -2.17678 0.102884 5038.9 0.00337535 1 -7.64394 -2.35573 -0.25 22276
0 42 190 phononTF 0.00647283 -0.120615 0.0623412 0.0154004 71.4255 0.00647283 1 -0.0267269 -0.484066 -0.25 8442.47
0 42 199 phononTF 0.00243046 -1.53148 -2.12934 -0.132819 5209.72 0.00243046 1 1.06746 -3.21813 -0.25 14071.7
0 42 201 phononTS 0.00371795 -0.862056 -2.24179 -0.0310317 5644.8 0.00371795 1 0.420115 2.3826 -0.25 16150.9
0 42 200 phononTF 0.00149418 -0.862056 -2.24179 -0.0310317 5644.8 0.00149418 1 -5.3119 5.16778 -0.25 22919.6
0 42 203 phononTS 0.0038839 0.328909 -0.80306 0.183491 1525.39 0.0038839 1 -1.43795 2.37533 0.25 3205.32
0 42 202 phononTF 0.00764944 0.328909 -0.80306 0.183491 1525.39 0.00764944 1 -0.667553 -1.59715 0.25 8060.93
0 42 194 phononTS 0.00603056 0.0117733 -0.0218271 -0.0495657 55.6597 0.00603056 1 0.527807 0.436481 0.25 1137.81
0 42 205 phononTF 0.00567411 -0.170466 0.0717283 0.00104673 297.382 0.00567411 1 4.1262 -0.637696 -0.25 25502.6
0 42 209 phononTF 0.00394924 -3.29545 -3.42074 -0.0179769 7952.63 0.00394924 1 -3.72176 7.81435 0.25 20543.6
0 42 208 phononTF 0.00252584 -3.29545 -3.42074 -0.0179769 7952.63 0.00252584 1 5.68779 -2.77113 -0.25 14571.2
0 42 206 phononTS 0.0054332 -0.262647 0.120798 0.236931 382.575 0.0054332 1 -3.52148 -4.45341 -0.25 20898
0 42 225 phononL 0.00262321 -2.71357 1.14341 -0.0250066 12254.1 0.00262321 1 2.3667 8.27232 0.25 71292.1
0 42 224 phononTF 0.00251952 -2.71357 1.14341 -0.0250066 12254.1 0.00251952 1 -7.65167 3.74011 -0.25 14583.2
0 42 222 phononTS 0.00257642 -2.22752 -0.641201 0.209157 3281.91 0.00257642 1 -5.47379 -6.81229 0.25 11575
0 42 227 phononL 0.00749359 1.81411 0.0840186 -0.165816 2823.29 0.00749359 1 4.14144 -2.97883 0.25 7531.96
0 42 226 phononTS 0.000656659 1.81411 0.0840186 -0.165816 2823.29 0.000656659 1 0.0833209 -0.753108 0.25 38490.9
0 42 218 phononTS 0.00868732 0.0114807 0.00929741 -0.0251327 135.335 0.00868732 1 0.0591253 -0.146849 0.25 1511.48
0 42 231 phononTS 0.00166253 -6.10052 -7.5939 0.0995244 19728.4 0.00166253 1 -4.64859 -1.45559 0.25 87418.5
0 42 230 phononL 0.00322088 -6.10052 -7.5939 0.0995244 19728.4 0.00322088 1 2.29482 -3.75512 -0.25 32366.1
0 42 228 phononTF 0.00382158 0.944445 -0.194989 0.10518 891.933 0.00382158 1 -5.82616 -4.73637 0.25 12077.6
0 42 237 phononTS 0.00303205 2.47538 -2.32514 -0.186405 12540.3 0.00303205 1 -9.60863 0.813682 0.25 45956.1
0 42 236 phononL 0.00325615 2.47538 -2.32514 -0.186405 12540.3 0.00325615 1 6.34863 0.905012 0.25 27950.7
0 42 234 phononTS 0.0058082 0.328112 -0.328788 -0.0932523 1972.11 0.0058082 1 0.154784 0.279647 0.25 9855.18
0 42 232 phononTF 0.00441143 0.0179626 0.00198481 -0.0268734 91.9829 0.00441143 1 -7.67668 3.86949 0.25 16762.6
0 42 243 phononTF 0.00583065 -0.00402855 0.0370267 -0.0867834 24.6703 0.00583065 1 -2.3999 -0.235893 -0.25 5230.36
0 42 245 phononTS 0.00370175 -0.434998 -1.22756 0.242713 596.473 0.00370175 1 -4.41137 9.17417 -0.25 13677.5
0 42 244 phononTF 0.00355021 -0.434998 -1.22756 0.242713 596.473 0.00355021 1 -0.158264 -2.85951 -0.25 1959.19
0 42 251 phononL 0.00162606 -0.993971 6.06328 0.15578 11335.5 0.00162606 1 -3.2162 5.16938 -0.25 19673.3
0 42 250 phononTS 0.00464953 -0.993971 6.06328 0.15578 11335.5 0.00464953 1 0.723983 0.50743 -0.25 79407.2
0 42 248 phononTS 0.00402614 0.157226 0.380576 -0.201835 1575.07 0.00402614 1 -9.52928 -9.02573 0.25 17461.9
0 42 255 phononL 0.0028804 2.56247 -0.0366457 -0.190893 5130.54 0.0028804 1 4.37034 6.03203 0.25 13485.2
0 42 254 phononTS 0.00276336 2.56247 -0.0366457 -0.190893 5130.54 0.00276336 1 10 8.1786 -0.24768 20428.3
0 42 252 phononTF 0.00363772 0.143994 -0.330275 0.2064 333.704 0.00363772 1 -0.384149 -2.48834 0.25 2205.39
0 42 238 phononTF 0.00364236 -0.00189322 -0.00514353 -0.0201586 6.72157 0.00364236 1 6.70301 10 -0.0718872 13685.4
0 42 261 phononTF 0.00248503 1.08313 2.7118 0.197588 3237.35 0.00248503 1 2.84855 3.97343 -0.25 6873.39
0 42 260 phononTS 0.0031078 1.08313 2.7118 0.197588 3237.35 0.0031078 1 -5.62659 9.62255 0.25 9973.27
0 42 263 phononTS 0.00414349 1.17643 1.33714 -0.119612 6912.15 0.00414349 1 6.27029 -1.97316 -0.25 19736.2
0 42 262 phononTF 0.00146693 1.17643 1.33714 -0.119612 6912.15 0.00146693 1 0.120717 3.41383 0.25 16184.2
0 42 267 phononTF 0.00276237 0.291935 -1.04209 -0.0880888 10525.4 0.00276237 1 -4.38294 -1.55893 -0.25 64495
0 42 266 phononTF 0.00342483 0.291935 -1.04209 -0.0880888 10525.4 0.00342483 1 0.280746 8.3116 -0.25 71849.7
0 42 269 phononTF 0.0014986 -5.47917 4.19389 -0.0699476 11140.6 0.0014986 1 0.0012169 8.69605 -0.25 14152.2
0 42 268 phononTF 0.00347399 -5.47917 4.19389 -0.0699476 11140.6 0.00347399 1 -6.49201 -0.708114 -0.25 76505.8
0 43 13 phononTS 0.00953793 -0.0848982 0.041472 -0.140189 131.717 0.00953793 1 -0.19106 -0.340714 0.25 1589.68
0 43 15 phononTF 0.00385825 0.153212 1.13474 -0.1239 2776.41 0.00385825 1 1.01563 1.06976 -0.25 3816.8
0 43 14 phononTS 0.00248318 0.153212 1.13474 -0.1239 2776.41 0.00248318 1 -1.94466 0.740034 0.25 4413.27
0 43 19 phononTS 0.00492744 0.338466 1.14353 0.00498044 4432.24 0.00492744 1 -0.351544 0.423695 -0.25 4976.9
0 43 18 phononTS 0.00465054 0.338466 1.14353 0.00498044 4432.24 0.00465054 1 8.52885 2.92868 -0.25 13648.4
0 43 21 phononTF 0.00887234 -0.565597 -0.395658 0.144791 1120.17 0.00887234 1 -0.0813216 -0.483363 -0.25 3464.45
0 43 20 phononTF 0.00338129 -0.565597 -0.395658 0.144791 1120.17 0.00338129 1 -1.21855 -0.587767 0.25 11909.3
0 43 27 phononTF 0.00553584 -1.23903 0.0470697 -0.205394 2688.97 0.00553584 1 -2.81065 4.16626 0.25 7800.02
0 43 26 phononTF 0.00457327 -1.23903 0.0470697 -0.205394 2688.97 0.00457327 1 -1.08176 -0.0223136 0.25 2793.19
0 43 31 phononTS 0.00528081 -0.0464837 -0.607912 -0.0616918 2310.49 0.00528081 1 -1.4692 1.37823 0.25 15232.3
0 43 30 phononTS 0.00717627 -0.0464837 -0.607912 -0.0616918 2310.49 0.00717627 1 -0.805166 -0.650109 0.25 3870.93
0 43 35 phononTF 0.00286839 -2.52479 0.510166 -0.131233 44285.4 0.00286839 1 8.81929 -5.26883 0.25 65912.4
0 43 34 phononTF 0.00152765 -2.52479 0.510166 -0.131233 44285.4 0.00152765 1 -8.50753 -6.12521 -0.25 46552.4
0 43 32 phononTS 0.00287675 -3.09333 -5.71273 -0.00335243 18726.9 0.00287675 1 -6.67754 -9.08284 0.25 21195
0 43 41 phononTS 0.00275697 -7.76338 -0.526043 -0.074643 7563.28 0.00275697 1 -5.19632 4.23114 0.25 14815.9
0 43 40 phononTS 0.00218744 -7.76338 -0.526043 -0.074643 7563.28 0.00218744 1 -9.65491 -9.7049 0.25 10367.1
0 43 38 phononTS 0.00360439 0.139625 -0.944126 -0.00129241 2704.28 0.00360439 1 -1.83027 -3.78919 -0.25 57256.6
0 43 43 phononTS 0.0030024 -2.08354 -5.40973 0.170663 8098.69 0.0030024 1 -7.45572 -10 0.192633 34600.2
0 43 42 phononL 0.00429627 -2.08354 -5.40973 0.170663 8098.69 0.00429627 1 -8.6387 2.0482 -0.25 23771.8
0 43 51 phononTS 0.00338827 -1.60897 -0.63651 -0.0957006 1277.2 0.00338827 1 -6.89661 -5.64339 -0.25 21202.4
0 43 50 phononTF 0.0029874 -1.60897 -0.63651 -0.0957006 1277.2 0.0029874 1 -1.76144 4.34803 -0.25 17973.2
0 43 55 phononTS 0.00398875 0.144046 0.0127511 0.146612 303.65 0.00398875 1 -2.60065 2.34398 0.25 3957.83
0 43 57 phononTF 0.00376315 -4.479 1.63132 0.0255911 2796.65 0.00376315 1 -3.84595 5.84136 -0.25 20470.4
0 43 56 phononTF 0.00197277 -4.479 1.63132 0.0255911 2796.65 0.00197277 1 -2.84635 0.854877 -0.25 10853.2
0 43 52 phononTF 0.00478525 -0.0517337 0.0875249 0.152781 149.239 0.00478525 1 1.37667 1.91667 -0.25 1579.73
0 43 65 phononTS 0.00301313 2.16868 0.397818 0.0160098 3002.21 0.00301313 1 -0.732506 0.517168 -0.25 5166.1
0 43 67 phononTS 0.0020608 4.96902 -2.77238 0.144129 18337.4 0.0020608 1 6.07707 3.31358 -0.25 42737.3
0 43 66 phononL 0.00364129 4.96902 -2.77238 0.144129 18337.4 0.00364129 1 -6.54367 7.86242 -0.25 37126.5
0 43 71 phononTF 0.00751974 1.33502 0.666224 0.108621 3207.79 0.00751974 1 1.14311 3.48826 -0.25 14911.8
0 43 70 phononTS 0.00180548 1.33502 0.666224 0.108621 3207.79 0.00180548 1 -8.53862 5.8057 -0.25 23254.8
0 43 68 phononTS 0.00416201 -0.0333514 0.196224 -0.195646 871.673 0.00416201 1 0.510806 -8.21164 0.25 9816.16
0 43 60 phononL 0.00491014 -0.00709926 0.017567 -0.0265796 26.7375 0.00491014 1 1.06779 8.13598 -0.25 13138.6
0 43 73 phononTS 0.00269991 4.45232 -2.58651 0.163525 5334.12 0.00269991 1 8.9106 0.00073787 0.25 17195.9
0 43 72 phononL 0.0039364 4.45232 -2.58651 0.163525 5334.12 0.0039364 1 1.42383 0.763321 -0.25 7880.65
0 43 79 phononTF 0.00520148 2.2641 2.26817 0.153438 13176.9 0.00520148 1 3.59409 2.79709 0.25 21906.3
0 43 81 phononTS 0.00111206 7.25654 2.51542 0.18946 17760 0.00111206 1 -9.25731 -7.0851 -0.25 46964.3
0 43 80 phononTF 0.00229692 7.25654 2.51542 0.18946 17760 0.00229692 1 -5.889 -3.77926 -0.25 54666.8
0 43 83 phononL 0.00196882 2.38009 -4.68492 -0.0708418 3947.91 0.00196882 1 1.17511 -5.3098 0.25 4213.98
0 43 82 phononTS 0.00150115 2.38009 -4.68492 -0.0708418 3947.91 0.00150115 1 3.18622 1.4119 -0.25 9105.57
0 43 89 phononTS 0.00203164 0.31451 4.78663 0.242892 16364.6 0.00203164 1 0.141516 -8.46975 0.25 53771.3
0 43 88 phononTS 0.00223519 0.31451 4.78663 0.242892 16364.6 0.00223519 1 9.01452 9.35719 0.25 22231.9
0 43 86 phononTF 0.0012562 1.38015 -2.10472 0.080937 6205.2 0.0012562 1 -4.58481 9.47563 -0.25 52713.4
0 43 91 phononTS 0.00312227 6.86844 -4.09071 -0.0248425 7115.84 0.00312227 1 5.32553 5.62745 -0.25 32596.3
0 43 90 phononTF 0.00252871 6.86844 -4.09071 -0.0248425 7115.84 0.00252871 1 -8.50855 10 0.0921125 31156.1
0 43 103 phononTS 0.00288644 -1.86597 0.332896 0.206627 6382.54 0.00288644 1 8.19367 3.1855 -0.25 26077.7
0 43 102 phononL 0.00277721 -1.86597 0.332896 0.206627 6382.54 0.00277721 1 8.97596 5.50038 -0.25 19298.4
0 43 105 phononTS 0.0029287 4.78389 -3.47817 0.136842 11534.4 0.0029287 1 -3.81514 -7.23388 -0.25 82536.6
0 43 104 phononTF 0.00236314 4.78389 -3.47817 0.136842 11534.4 0.00236314 1 8.47325 9.89811 0.25 16768
0 43 98 phononTS 0.00631819 -0.0176564 0.00930139 -0.0367132 10.6611 0.00631819 1 -0.50471 -0.0951711 -0.25 162.539
0 43 111 phononTS 0.00376145 4.16995 -3.96071 -0.0177391 9996.03 0.00376145 1 9.01648 9.7722 0.25 24644.5
0 43 110 phononTS 0.00434146 4.16995 -3.96071 -0.0177391 9996.03 0.00434146 1 0.232917 10 -0.0758589 50839.7
0 43 113 phononTF 0.00662 0.707341 -1.34704 0.161933 3040.17 0.00662 1 -0.333774 -2.53076 0.25 5861.08
0 43 112 phononTS 0.00343563 0.707341 -1.34704 0.161933 3040.17 0.00343563 1 -3.40417 -0.456361 -0.25 6083.03
0 43 115 phononTS 0.00606946 0.354628 0.541697 0.174096 971.102 0.00606946 1 0.035841 3.47417 -0.25 6272.47
0 43 117 phononTF 0.00280357 4.30441 7.78265 0.0206344 10221 0.00280357 1 4.66046 6.89265 -0.25 10982.6
0 43 116 phononL 0.00183172 4.30441 7.78265 0.0206344 10221 0.00183172 1 0.901547 4.98418 0.25 14520
0 43 121 phononL 0.00505822 0.13253 -0.109696 0.213018 246.917 0.00505822 1 -7.78032 8.20935 0.25 20685.4
0 43 120 phononTS 0.00373992 0.13253 -0.109696 0.213018 246.917 0.00373992 1 0.908893 0.115041 -0.25 4026.29
0 43 123 phononTS 0.00900265 0.0619367 -0.208403 -0.0396058 111.282 0.00900265 1 -0.193919 -1.15142 0.25 688.048
0 43 122 phononTS 0.000972445 0.0619367 -0.208403 -0.0396058 111.282 0.000972445 1 9.55836 -8.04592 -0.25 4602.85
0 43 133 phononTS 0.00482186 0.40062 -0.423274 0.153945 4969.79 0.00482186 1 2.18312 -1.64748 0.25 5804.96
0 43 132 phononL 0.00478499 0.40062 -0.423274 0.153945 4969.79 0.00478499 1 0.32405 5.12935 -0.25 9591.81
0 43 130 phononTS 0.00273503 -0.0416386 0.0309233 -0.0234116 1108.23 0.00273503 1 -2.15525 -6.07526 -0.25 15359.8
0 43 128 phononTF 0.0052534 0.00691373 0.018737 -0.0202284 3.93179 0.0052534 1 9.4118 4.36392 -0.25 6633.7
0 43 137 phononTS 0.00740457 -0.0459922 0.0365414 0.0232996 76.1317 0.00740457 1 -1.94637 3.05248 -0.25 6750.01
0 43 136 phononTS 0.0063498 -0.0459922 0.0365414 0.0232996 76.1317 0.0063498 1 0.596825 0.705644 0.25 430.009
0 43 139 phononTF 0.00260377 -2.85155 -3.83765 -0.0383172 9638.36 0.00260377 1 8.74347 -8.61143 -0.25 19010.8
0 43 138 phononL 0.00335666 -2.85155 -3.83765 -0.0383172 9638.36 0.00335666 1 2.09871 -2.16154 0.25 11416.4
0 43 145 phononL 0.00389526 0.080209 -0.216566 0.150618 876.919 0.00389526 1 3.82594 -6.41117 -0.25 4176.75
0 43 147 phononTS 0.00440364 -1.91927 -1.38743 0.191832 3409.53 0.00440364 1 -2.52567 -4.54727 -0.25 16836.6
0 43 146 phononTS 0.00293178 -1.91927 -1.38743 0.191832 3409.53 0.00293178 1 2.7792 -7.6751 -0.25 35570.4
0 43 151 phononTS 0.00536748 0.129748 0.266891 -0.00554275 1010.11 0.00536748 1 -0.633035 8.1425 0.25 8613.45
0 43 153 phononTF 0.00309114 1.08673 4.06147 0.161075 17881.8 0.00309114 1 -9.06904 -4.95703 0.25 79490.6
0 43 152 phononL 0.0021509 1.08673 4.06147 0.161075 17881.8 0.0021509 1 6.29278 -6.75689 0.25 39356
0 43 155 phononTS 0.00422906 -0.0384552 0.0852929 -0.0225236 68.5584 0.00422906 1 3.66947 4.50847 -0.25 5336.21
0 43 157 phononTF 0.00518118 0.0392632 0.0601499 0.0755683 974.397 0.00518118 1 9.5511 -1.32774 0.25 26922.2
0 43 156 phononTS 0.00424709 0.0392632 0.0601499 0.0755683 974.397 0.00424709 1 -0.757841 -8.71205 0.25 12500.8
0 43 159 phononTF 0.00508717 0.422366 -1.64154 0.112339 1814.3 0.00508717 1 6.01364 0.881401 -0.25 9975.76
0 43 158 phononTS 0.00403719 0.422366 -1.64154 0.112339 1814.3 0.00403719 1 5.30754 7.04497 -0.25 29061.2
0 43 171 phononL 0.00291369 0.616778 -0.658023 0.218107 730.38 0.00291369 1 -1.88622 0.597167 -0.25 15632.9
0 43 170 phononL 0.00286436 0.616778 -0.658023 0.218107 730.38 0.00286436 1 -7.81386 -7.80024 0.25 8253.53
0 43 168 phononL 0.00768124 0.0633854 0.13874 -0.158929 191.963 0.00768124 1 -1.93611 1.39832 0.25 7475.58
0 43 173 phononTS 0.00357423 0.133717 0.948326 0.198824 1223.69 0.00357423 1 9.43106 1.68188 -0.25 20595.4
0 43 172 phononTF 0.00513618 0.133717 0.948326 0.198824 1223.69 0.00513618 1 6.53331 -3.05975 0.25 7411.13
0 43 177 phononTF 0.00217621 -0.678519 -5.78035 -0.108218 31886 0.00217621 1 -0.33319 -5.61752 -0.25 33274.3
0 43 176 phononL 0.0026841 -0.678519 -5.78035 -0.108218 31886 0.0026841 1 -0.942003 -10 0.188699 117446
0 43 174 phononTF 0.00492967 0.00592391 -0.179384 -0.169079 111.498 0.00492967 1 -3.47454 -6.78099 0.25 11503
0 43 181 phononTF 0.00494163 0.00956338 -0.123422 -0.0307195 78.0436 0.00494163 1 -4.65276 -7.41971 -0.25 10485.1
0 43 183 phononTS 0.00589534 -1.97467 -0.897487 -0.0864636 2972.34 0.00589534 1 -1.21349 -2.40578 0.25 7360.32
0 43 185 phononTS 0.00207364 0.234812 -7.25564 0.243005 7428.24 0.00207364 1 -6.19719 -5.70524 0.25 57990
0 43 184 phononTS 0.00222785 0.234812 -7.25564 0.243005 7428.24 0.00222785 1 -6.92744 -2.34844 0.25 12683.9
0 43 191 phononTF 0.00592479 0.103884 0.341692 -0.207445 3138.09 0.00592479 1 -2.6862 -1.85548 0.25 13603.3
0 43 190 phononTF 0.00243922 0.103884 0.341692 -0.207445 3138.09 0.00243922 1 2.93753 0.911968 0.25 16711
0 43 188 phononTS 0.00463028 0.0215524 -0.350501 0.187853 989.023 0.00463028 1 -1.01868 0.113138 0.25 25879.4
0 43 186 phononTF 0.0046757 -0.0392238 -0.00536587 0.0620761 99.4217 0.0046757 1 -3.04411 6.77666 0.25 12231.5
0 43 201 phononTS 0.00322752 -6.62986 -0.591507 0.147173 8179.82 0.00322752 1 -3.71605 -0.935265 -0.25 17393.4
0 43 200 phononTF 0.00291918 -6.62986 -0.591507 0.147173 8179.82 0.00291918 1 -2.95588 -9.2333 -0.25 23636.6
0 43 198 phononTS 0.00554558 0.164379 -0.0843092 0.0502026 444.038 0.00554558 1 0.0340787 -8.49558 -0.25 5217.68
0 43 203 phononTS 0.00517625 0.000802093 -0.0182282 -0.0124952 8.60644 0.00517625 1 10 4.07355 -0.0737817 17707.7
0 43 205 phononTF 0.00498833 0.390464 0.15398 -0.174272 700.846 0.00498833 1 1.35348 6.43068 -0.25 10042.6
0 43 207 phononL 0.00379172 -0.761726 4.04303 -0.227652 12979.3 0.00379172 1 -0.726413 4.05971 -0.25 12984.3
0 43 206 phononTS 0.00323338 -0.761726 4.04303 -0.227652 12979.3 0.00323338 1 -8.79468 8.935 -0.25 24277.9
0 43 211 phononTS 0.0040536 0.496174 -0.388481 -0.112808 1668.39 0.0040536 1 -2.25568 -8.08213 -0.25 48438.4
0 43 210 phononTS 0.00310413 0.496174 -0.388481 -0.112808 1668.39 0.00310413 1 3.4474 -3.28037 -0.25 9700.39
0 43 215 phononTF 0.00570091 0.65944 1.5905 -0.199442 3633.1 0.00570091 1 4.50383 -10 0.0917807 27209.6
0 43 214 phononTS 0.00389673 0.65944 1.5905 -0.199442 3633.1 0.00389673 1 -5.43232 6.51345 -0.25 27837.6
0 43 217 phononL 0.00152173 1.80597 -2.08107 -0.168491 4396.37 0.00152173 1 2.373 -2.65929 0.25 8999.21
0 43 216 phononTF 0.00399255 1.80597 -2.08107 -0.168491 4396.37 0.00399255 1 -0.35445 -3.70081 0.25 5459.43
0 43 225 phononTF 0.00450945 0.136342 0.0655923 -0.033134 455.604 0.00450945 1 2.31296 9.63079 0.25 33766.7
0 43 224 phononTF 0.00600184 0.136342 0.0655923 -0.033134 455.604 0.00600184 1 -5.6389 -2.0175 -0.25 7138.38
0 43 227 phononTF 0.0041081 0.597608 -0.103363 -0.219094 1717.51 0.0041081 1 0.0526661 4.14006 -0.25 35053.8
0 43 229 phononTF 0.00251507 5.29111 1.54773 -0.164324 14012.2 0.00251507 1 3.75218 9.94549 0.25 62420.3
0 43 228 phononTS 0.00335767 5.29111 1.54773 -0.164324 14012.2 0.00335767 1 9.69223 -6.85904 -0.25 45179
0 43 235 phononL 0.00470632 4.64817 -0.505369 0.220024 15417.8 0.00470632 1 8.43892 -7.21334 0.25 22911.5
0 43 234 phononTS 0.00288989 4.64817 -0.505369 0.220024 15417.8 0.00288989 1 9.93262 9.6734 0.25 29868.5
0 43 237 phononL 0.00449962 0.842216 0.536222 0.0915849 2016.74 0.00449962 1 1.56444 1.71369 0.25 3189.06
0 43 236 phononTF 0.00423896 0.842216 0.536222 0.0915849 2016.74 0.00423896 1 7.92904 -8.71798 0.25 13013.8
0 43 239 phononL 0.00811412 -0.0472043 0.102401 0.157035 227.121 0.00811412 1 0.184496 -4.06008 0.25 4479.03
0 43 238 phononTS 0.00435638 -0.0472043 0.102401 0.157035 227.121 0.00435638 1 -2.48085 -9.17511 -0.25 21633.6
0 43 243 phononTS 0.00790786 -0.105327 -0.0782468 0.0156443 134.458 0.00790786 1 3.12991 -0.525547 0.25 6871.95
0 43 245 phononTS 0.00213023 -9.00842 -5.89796 -0.196468 42625.3 0.00213023 1 1.14221 -2.58099 -0.25 53985.2
0 43 244 phononTF 0.00321845 -9.00842 -5.89796 -0.196468 42625.3 0.00321845 1 8.52866 -1.65164 -0.25 59502.6
0 43 247 phononTF 0.00698944 0.0330839 -0.0668835 -0.0163739 47.325 0.00698944 1 1.82805 2.11242 0.25 9436.72
0 43 246 phononTS 0.00640834 0.0330839 -0.0668835 -0.0163739 47.325 0.00640834 1 -5.5565 -2.91933 0.25 12813.1
0 44 11 phononTF 0.00422564 -0.571203 -0.314224 -0.00338422 1007.74 0.00422564 1 -3.12932 0.359378 -0.25 7004.63
0 44 13 phononL 0.00468221 -1.30876 -0.844542 0.197096 1502.64 0.00468221 1 1.44635 1.31979 0.25 5417.87
0 44 12 phononTF 0.00125873 -1.30876 -0.844542 0.197096 1502.64 0.00125873 1 6.06918 0.0100187 0.25 51808.8
0 44 15 phononTF 0.00320786 0.246438 0.224072 0.0446683 874.307 0.00320786 1 3.276 -1.07138 -0.25 6333.9
0 44 14 phononTF 0.0039053 0.246438 0.224072 0.0446683 874.307 0.0039053 1 -3.38037 6.17202 -0.25 46172.6
0 44 19 phononTF 0.00639704 -0.036305 0.0375322 -0.0567882 36.1898 0.00639704 1 7.55696 0.708785 -0.25 17893.2
0 44 21 phononTS 0.00371827 0.240755 0.0876935 0.114525 808.154 0.00371827 1 -3.38196 3.92094 -0.25 20366.2
0 44 23 phononTF 0.00645916 -0.252785 -0.0576667 0.148818 1261.18 0.00645916 1 -1.66343 -2.3323 0.25 5687.44
0 44 22 phononTS 0.00274572 -0.252785 -0.0576667 0.148818 1261.18 0.00274572 1 -1.28218 -10 0.0247859 2952.73
0 44 27 phononL 0.00376027 1.23833 -0.597957 -0.167656 2292.57 0.00376027 1 -0.108915 -8.60833 -0.25 12398.3
0 44 26 phononTS 0.0033168 1.23833 -0.597957 -0.167656 2292.57 0.0033168 1 0.298166 3.44405 -0.25 22975.7
0 44 29 phononTF 0.00376629 -0.374749 -0.0772705 -0.075472 569.301 0.00376629 1 -7.4645 -1.30943 0.25 19328.4
0 44 31 phononTS 0.00244716 -2.45502 -2.71871 0.0731644 19411.5 0.00244716 1 -2.90867 9.46232 -0.25 27641
0 44 30 phononTS 0.00646404 -2.45502 -2.71871 0.0731644 19411.5 0.00646404 1 -2.7642 -0.661975 0.25 25845.5
0 44 41 phononL 0.00315461 -0.00660111 -0.103925 -0.07419 30.7716 0.00315461 1 -2.62266 -2.15098 0.25 23101.2
0 44 43 phononTF 0.00305061 6.24651 8.03033 -0.239917 22560.1 0.00305061 1 4.09892 -9.63289 0.25 37367.7
0 44 42 phononTS 0.00138648 6.24651 8.03033 -0.239917 22560.1 0.00138648 1 -0.23783 0.788245 0.25 40518.3
0 44 53 phononTF 0.00129437 -4.33876 -5.86615 -0.20497 83404.3 0.00129437 1 -1.89151 -4.6315 -0.25 133943
0 44 52 phononTS 0.00230854 -4.33876 -5.86615 -0.20497 83404.3 0.00230854 1 -3.62598 -4.80674 -0.25 161919
0 44 50 phononTF 0.00227866 -5.3715 -9.20974 -0.0770835 26191.6 0.00227866 1 7.20696 2.11116 -0.25 51279
0 44 48 phononTS 0.0025123 1.40717 1.57915 -0.198738 4659.24 0.0025123 1 9.45766 1.05714 0.25 23243.1
0 44 55 phononL 0.00344531 1.70787 -1.55175 -0.0275671 1681.84 0.00344531 1 1.4986 -5.07318 0.25 19853.2
0 44 54 phononTS 0.00223946 1.70787 -1.55175 -0.0275671 1681.84 0.00223946 1 -10 -3.05243 -0.111304 40027.8
0 44 57 phononTF 0.00693098 -0.753328 -0.0861364 0.236206 1897.56 0.00693098 1 1.6075 0.501575 -0.25 5380.9
0 44 56 phononL 0.0025583 -0.753328 -0.0861364 0.236206 1897.56 0.0025583 1 -1.31307 -1.4614 -0.25 63085.3
0 44 63 phononTF 0.00609917 0.128484 -0.13776 -0.0719638 161 0.00609917 1 -1.52321 -3.93465 0.25 2546.44
0 44 65 phononTF 0.00510305 -0.316974 -1.14194 0.0859956 1040.13 0.00510305 1 1.13835 -4.24122 -0.25 14423.1
0 44 64 phononTS 0.00233973 -0.316974 -1.14194 0.0859956 1040.13 0.00233973 1 9.94127 -4.48196 -0.25 21189.1
0 44 60 phononTF 0.00525355 0.00372028 -0.036899 -0.0309164 37.4612 0.00525355 1 0.299735 -8.88053 0.25 7786.27
0 44 69 phononTS 0.00311368 6.86278 -0.74899 -0.241429 13649.3 0.00311368 1 9.81898 9.2287 -0.25 29630.4
0 44 68 phononTF 0.00524788 6.86278 -0.74899 -0.241429 13649.3 0.00524788 1 7.07609 -0.622065 -0.25 14246.7
0 44 66 phononTF 0.00307937 -0.0668855 -0.00708355 0.0799208 110.998 0.00307937 1 -2.21769 -1.71929 -0.25 26897.8
0 44 75 phononTS 0.00465272 -0.00483515 0.331205 -0.109693 386.375 0.00465272 1 -1.43459 5.10858 0.25 8813.44
0 44 74 phononTS 0.00421659 -0.00483515 0.331205 -0.109693 386.375 0.00421659 1 -1.53114 -4.86124 0.25 30653.6
0 44 77 phononL 0.00564827 2.80202 -2.80771 -0.0158703 8489.44 0.00564827 1 5.25522 -8.23859 0.25 31965.9
0 44 76 phononTS 0.00319988 2.80202 -2.80771 -0.0158703 8489.44 0.00319988 1 2.72358 5.05291 0.25 13273.4
0 44 85 phononTS 0.00248993 2.15619 2.47882 -0.0537938 4841.89 0.00248993 1 1.741 1.52026 0.25 33291
0 44 84 phononTS 0.00404095 2.15619 2.47882 -0.0537938 4841.89 0.00404095 1 7.64126 8.34253 -0.25 7232.48
0 44 89 phononL 0.00368856 -6.55689 3.83238 0.246161 12446.5 0.00368856 1 -3.62638 -2.33976 0.25 47151.4
0 44 88 phononTS 0.00332534 -6.55689 3.83238 0.246161 12446.5 0.00332534 1 10 8.14802 -0.160448 33342.4
0 44 86 phononTS 0.00532497 0.0194639 -0.371712 0.19499 1435.93 0.00532497 1 0.330592 1.42731 0.25 2736.94
0 44 93 phononTS 0.00418758 -3.47094 4.33399 0.0506186 11129.8 0.00418758 1 -6.96444 1.56719 -0.25 24029.1
0 44 92 phononTS 0.00517472 -3.47094 4.33399 0.0506186 11129.8 0.00517472 1 -10 6.50985 -0.167851 35051.8
0 44 90 phononTF 0.000790535 -2.91678 2.35943 -0.0568306 6567.02 0.000790535 1 6.51639 8.19761 -0.25 34357.6
0 44 97 phononTS 0.00488022 0.774039 2.69967 0.231527 11327 0.00488022 1 0.25687 4.12996 -0.25 13675.2
0 44 96 phononTF 0.00392507 0.774039 2.69967 0.231527 11327 0.00392507 1 9.30201 5.101 -0.25 30348.2
0 44 94 phononTS 0.00304925 -0.00525673 0.488941 0.205408 636.38 0.00304925 1 -4.74675 1.86165 -0.25 7018.08
0 44 105 phononTF 0.0046196 0.181287 0.445666 0.240825 368.111 0.0046196 1 -1.74698 2.62188 0.25 19256
0 44 104 phononTS 0.00372146 0.181287 0.445666 0.240825 368.111 0.00372146 1 0.656023 9.05357 0.25 48471.1
0 44 107 phononTS 0.00343075 0.0356495 -0.111075 0.103805 201.62 0.00343075 1 -8.3333 -2.80935 -0.25 33976.5
0 44 106 phononTF 0.00288396 0.0356495 -0.111075 0.103805 201.62 0.00288396 1 4.22424 -6.2829 0.25 35647.8
0 44 113 phononTS 0.00336289 0.452356 0.308307 -0.0947098 4920.5 0.00336289 1 2.62411 6.93003 -0.25 29672.8
0 44 112 phononL 0.00383077 0.452356 0.308307 -0.0947098 4920.5 0.00383077 1 3.12895 10 0.125627 15951.1
0 44 110 phononTS 0.00278963 1.44336 -1.04946 -0.188077 1737.75 0.00278963 1 4.71097 -3.49232 0.25 14568.7
0 44 108 phononTF 0.00548335 0.0714382 0.0423549 -0.0170476 64.1789 0.00548335 1 5.26483 7.07162 -0.25 42520.9
0 44 123 phononTS 0.00239448 8.33709 -3.87709 0.0505147 18158.5 0.00239448 1 9.391 0.0685165 -0.25 42626.5
0 44 122 phononTS 0.00305691 8.33709 -3.87709 0.0505147 18158.5 0.00305691 1 -3.23694 -0.421678 0.25 40297.5
0 44 120 phononTF 0.00495508 -0.0358328 -0.110887 0.102563 150.22 0.00495508 1 2.89497 0.563814 -0.25 13321.3
0 44 127 phononTF 0.00326989 0.5124 0.611625 -0.0523355 1683.23 0.00326989 1 -9.20312 -8.88371 0.25 20869.5
0 44 126 phononTF 0.00313379 0.5124 0.611625 -0.0523355 1683.23 0.00313379 1 1.50778 -8.11876 -0.25 28855.1
0 44 124 phononTF 0.00300657 0.0570336 0.78769 -0.206656 1137.65 0.00300657 1 9.37369 -2.58829 -0.25 4682.31
0 44 129 phononTS 0.00597441 0.0417023 0.0928386 -0.139241 57.1695 0.00597441 1 -5.48044 -2.22854 0.25 8461.32
0 44 131 phononTS 0.00518912 0.231173 -3.98188 0.0603856 8521.82 0.00518912 1 -2.28018 -5.32299 0.25 27813.9
0 44 130 phononTS 0.00236807 0.231173 -3.98188 0.0603856 8521.82 0.00236807 1 7.48232 -3.23917 0.25 42889.7
0 44 139 phononTS 0.00505635 -1.15542 0.579082 -0.230249 2564.28 0.00505635 1 1.04671 -6.28551 0.25 22651.4
0 44 138 phononTF 0.00247786 -1.15542 0.579082 -0.230249 2564.28 0.00247786 1 -4.57961 1.96376 -0.25 5506.65
0 44 136 phononTS 0.00589944 0.0678137 0.0654686 0.221423 254.064 0.00589944 1 6.1569 -0.283988 -0.25 30556.4
0 44 141 phononTF 0.0062364 -0.0454944 0.260076 -0.126253 225.795 0.0062364 1 -0.900908 -2.29255 0.25 5220.6
0 44 143 phononL 0.00392088 -0.010962 0.258126 -0.0445565 294.689 0.00392088 1 -6.90678 -0.657821 0.25 40640.3
0 44 145 phononTF 0.00280074 -1.10815 -0.00703679 -0.134848 806.634 0.00280074 1 -1.93621 5.13764 0.25 3598.29
0 44 144 phononL 0.00387177 -1.10815 -0.00703679 -0.134848 806.634 0.00387177 1 -9.22664 -3.31236 0.25 14154.9
0 44 149 phononTS 0.00252156 -6.77718 -4.64863 0.108195 8111.55 0.00252156 1 -7.77619 -6.60144 -0.25 11372.9
0 44 148 phononTS 0.00304623 -6.77718 -4.64863 0.108195 8111.55 0.00304623 1 -0.56897 -2.58641 0.25 21796.9
0 44 146 phononTS 0.00114522 -1.53847 1.83682 -0.0695853 4211.22 0.00114522 1 -8.92963 9.60124 -0.25 8868.78
0 44 157 phononTF 0.00442704 0.244597 -0.174432 -0.166189 172.202 0.00442704 1 8.99079 6.91267 0.25 17429.3
0 44 159 phononTS 0.00519997 -0.076149 -0.64922 0.0180495 1656.29 0.00519997 1 -6.704 3.20604 -0.25 25973.5
0 44 158 phononTS 0.00419834 -0.076149 -0.64922 0.0180495 1656.29 0.00419834 1 -0.0811356 -0.0493951 -0.25 4928.8
0 44 163 phononL 0.00331492 2.06837 -1.087 0.117478 3103.51 0.00331492 1 -7.35686 -1.10204 -0.25 15434.2
0 44 165 phononTS 0.00264902 6.87178 5.65612 -0.10218 12802 0.00264902 1 -2.84822 7.68774 0.25 22803.8
0 44 164 phononL 0.00311672 6.87178 5.65612 -0.10218 12802 0.00311672 1 -8.73815 5.77516 -0.25 35173.2
0 44 167 phononL 0.00411975 -0.023226 -0.0380349 -0.112586 64.8801 0.00411975 1 -7.04318 3.60602 -0.25 3953.62
0 44 169 phononTF 0.0049675 -0.293589 0.408912 0.0269135 895.11 0.0049675 1 -9.92472 8.31583 0.25 21046.7
0 44 168 phononTS 0.00407534 -0.293589 0.408912 0.0269135 895.11 0.00407534 1 1.70592 -4.4679 -0.25 5151.78
0 44 175 phononTS 0.00424295 1.10439 0.127955 -0.0730665 15761.5 0.00424295 1 -2.11074 -2.5535 -0.25 19721.6
0 44 174 phononTS 0.00199963 1.10439 0.127955 -0.0730665 15761.5 0.00199963 1 4.94294 2.52178 0.25 23164.8
0 44 172 phononTS 0.00518356 -0.177535 -0.55714 0.062158 970.435 0.00518356 1 5.02831 4.97153 0.25 53958.5
0 44 179 phononTS 0.00201702 -0.107647 -4.53674 -0.124247 7704.67 0.00201702 1 -0.278856 -5.70185 0.25 8305.19
0 44 178 phononTS 0.004046 -0.107647 -4.53674 -0.124247 7704.67 0.004046 1 -1.30557 -7.80847 -0.25 11077
0 44 176 phononTS 0.00630863 -0.238517 -0.056783 -0.0176057 584.769 0.00630863 1 -4.75619 4.01243 0.25 13417
0 44 189 phononTS 0.0058009 0.199028 -0.11711 -0.138101 138.486 0.0058009 1 0.557027 6.00407 0.25 16799.1
0 44 188 phononTS 0.00566575 0.199028 -0.11711 -0.138101 138.486 0.00566575 1 -0.640915 -1.98817 -0.25 3242.79
0 44 195 phononTS 0.0033686 3.71693 1.77198 -0.104139 12512.2 0.0033686 1 7.13776 5.22003 0.25 14610.6
0 44 194 phononTS 0.00579841 3.71693 1.77198 -0.104139 12512.2 0.00579841 1 3.02776 4.80084 -0.25 20005
0 44 192 phononL 0.00397544 -0.297291 -0.0389303 -0.220088 819.193 0.00397544 1 5.27514 0.0870272 0.25 3169.14
0 44 190 phononTF 0.00477391 -0.0499579 -0.105703 -0.124546 151.795 0.00477391 1 6.93763 6.43484 0.25 39055.8
0 44 197 phononL 0.00470101 1.25606 -0.896759 0.215426 2389.06 0.00470101 1 9.04583 9.37864 0.25 14815.1
0 44 199 phononTF 0.00238507 5.68926 -2.9749 -0.215391 22526.8 0.00238507 1 -8.76036 -1.76093 -0.25 48346
0 44 198 phononTS 0.00161308 5.68926 -2.9749 -0.215391 22526.8 0.00161308 1 9.55705 4.96228 0.25 59707.8
0 44 205 phononL 0.0065143 0.348481 0.176455 0.106088 393.895 0.0065143 1 -5.94752 -2.71756 0.25 18973.2
0 44 209 phononTF 0.00220099 2.98381 3.79774 -0.0914128 60159 0.00220099 1 9.42319 9.63253 0.25 89545.8
0 44 208 phononL 0.00359535 2.98381 3.79774 -0.0914128 60159 0.00359535 1 -7.32074 -9.29605 0.25 87327.7
0 44 206 phononTS 0.00122342 -1.71059 6.22031 0.169451 45733.9 0.00122342 1 -1.0654 6.66962 -0.25 46146.9
0 44 211 phononTF 0.00672503 0.00931484 -0.131792 -0.116102 1607.43 0.00672503 1 0.195909 2.18182 0.25 4375.37
0 44 210 phononTS 0.00337019 0.00931484 -0.131792 -0.116102 1607.43 0.00337019 1 9.56667 9.0816 0.25 10586
0 44 213 phononTF 0.0028771 -0.150244 0.524142 -0.134235 3954.33 0.0028771 1 9.32783 9.84098 0.25 21427
0 44 215 phononTS 0.0033489 -4.66905 -0.878367 0.0403843 9339.4 0.0033489 1 -9.53371 -9.79659 0.25 18384.9
0 44 214 phononTF 0.00268998 -4.66905 -0.878367 0.0403843 9339.4 0.00268998 1 -7.8923 -1.74182 -0.25 29318.8
0 44 225 phononTS 0.0032253 -0.0764928 4.23155 0.0677293 14611.4 0.0032253 1 5.8843 9.77083 -0.25 72324.2
0 44 224 phononTF 0.00286973 -0.0764928 4.23155 0.0677293 14611.4 0.00286973 1 0.608043 7.05117 0.25 16206.9
0 44 227 phononTS 0.0060911 -0.143671 -2.74414 -0.159062 7760 0.0060911 1 -2.576 -3.3114 0.25 18041.7
0 44 226 phononL 0.00301447 -0.143671 -2.74414 -0.159062 7760 0.00301447 1 -2.74843 10 -0.018657 16218.4
0 44 229 phononTF 0.00572277 0.245105 0.141253 0.0218871 299.099 0.00572277 1 -2.0484 1.41507 0.25 14551.8
0 44 231 phononL 0.00439273 -1.19459 -0.978714 0.155983 4803.85 0.00439273 1 6.48939 -3.95747 0.25 11706.2
0 44 230 phononTF 0.00368986 -1.19459 -0.978714 0.155983 4803.85 0.00368986 1 0.417105 -2.92945 0.25 13860.5
0 44 233 phononTS 0.0129316 -0.00499474 -0.0229873 -0.0416939 33.8973 0.0129316 1 -0.211341 -0.160038 0.25 310.589
0 44 235 phononTS 0.00589499 -0.0206977 -0.211174 -0.219622 366.786 0.00589499 1 -0.69862 -1.96013 0.25 7159.14
0 44 234 phononTF 0.00597015 -0.0206977 -0.211174 -0.219622 366.786 0.00597015 1 1.84222 -0.400416 0.25 8076.28
0 44 241 phononTS 0.00575466 -0.25587 -0.137652 0.0614497 744.299 0.00575466 1 0.122525 -0.811472 -0.25 1082.17
0 44 243 phononTF 0.00334482 -1.95882 1.18844 0.107605 5410.89 0.00334482 1 -0.232864 2.28308 0.25 7353.51
0 44 242 phononTF 0.00477026 -1.95882 1.18844 0.107605 5410.89 0.00477026 1 -4.51864 5.1492 0.25 15229
0 44 238 phononTF 0.00757657 0.00410036 0.0125093 -0.0199128 80.0309 0.00757657 1 0.126526 -1.59134 -0.25 2581.65
0 44 247 phononTS 0.00442839 -0.0796093 1.03482 0.164147 1684.94 0.00442839 1 -0.159419 9.48529 -0.25 19905.5
0 44 246 phononTS 0.00538567 -0.0796093 1.03482 0.164147 1684.94 0.00538567 1 -7.8449 9.16481 0.25 14835.2
0 44 244 phononL 0.00765077 -0.069651 -0.0194922 0.0724327 190.937 0.00765077 1 -0.1917 0.261251 0.25 4276.89
0 45 11 phononTF 0.00654274 0.0208068 0.00801693 -0.0197373 15.5225 0.00654274 1 1.64662 -1.16443 -0.25 3229.95
0 45 15 phononTF 0.0032923 0.148772 1.75965 0.0161512 1242.91 0.0032923 1 9.85004 9.05466 0.25 32772.7
0 45 17 phononTF 0.00246127 -5.63104 -7.00148 -0.105364 17554.8 0.00246127 1 9.96821 -8.54684 0.25 66112.1
0 45 16 phononTF 0.00254574 -5.63104 -7.00148 -0.105364 17554.8 0.00254574 1 3.24856 5.17362 0.25 85402.1
0 45 19 phononTS 0.00554707 -1.47012 -1.24539 -0.0236548 1973.56 0.00554707 1 -9.31588 5.7348 -0.25 42584.5
0 45 18 phononL 0.00349247 -1.47012 -1.24539 -0.0236548 1973.56 0.00349247 1 -5.86325 -0.659542 -0.25 10506.7
0 45 23 phononTF 0.0045774 0.125619 -0.139148 0.0439358 2359.45 0.0045774 1 -9.33296 9.46324 -0.25 16294.6
0 45 22 phononTF 0.00524913 0.125619 -0.139148 0.0439358 2359.45 0.00524913 1 -0.293064 -0.127205 -0.25 2986.98
0 45 25 phononTS 0.0065609 0.0153195 -0.125928 -0.0463834 109.479 0.0065609 1 -3.51387 4.67827 -0.25 9091.12
0 45 27 phononTF 0.00312373 3.59762 1.35446 -0.137078 7298.89 0.00312373 1 8.24079 5.34735 0.25 10166.3
0 45 26 phononTF 0.00453192 3.59762 1.35446 -0.137078 7298.89 0.00453192 1 3.60767 1.54557 0.25 7709.38
0 45 33 phononTF 0.00504613 -3.23835 -0.886222 0.141989 4580.44 0.00504613 1 7.7039 7.26444 -0.25 26286.9
0 45 32 phononTF 0.0033699 -3.23835 -0.886222 0.141989 4580.44 0.0033699 1 -1.25607 -2.59426 0.25 35357.9
0 45 39 phononTS 0.00435915 0.119328 1.66994 0.0821322 8352.25 0.00435915 1 -7.2363 1.50638 0.25 15075.5
0 45 38 phononTF 0.00321274 0.119328 1.66994 0.0821322 8352.25 0.00321274 1 7.24717 7.07549 0.25 22675
0 45 41 phononTF 0.00299495 -9.52937 -1.52105 0.0373303 27289.5 0.00299495 1 3.84705 7.05154 -0.25 48725.8
0 45 40 phononTS 0.00211287 -9.52937 -1.52105 0.0373303 27289.5 0.00211287 1 -8.70053 -1.61403 -0.25 37834.7
0 45 43 phononL 0.00397034 -6.51724 4.27516 0.00716511 48789 0.00397034 1 -5.69539 1.61123 -0.25 82898.5
0 45 45 phononTF 0.00110307 8.02902 -9.01092 -0.230306 72123.6 0.00110307 1 -10 5.21275 -0.0761042 104420
0 45 44 phononTS 0.00152777 8.02902 -9.01092 -0.230306 72123.6 0.00152777 1 5.17061 9.50719 -0.25 85353.4
0 45 49 phononL 0.0018661 -0.880132 1.59533 0.0951966 3519.93 0.0018661 1 -1.31156 1.30909 -0.25 3874.45
0 45 51 phononTS 0.00326898 -1.76151 -0.584239 0.00689685 33733.2 0.00326898 1 3.87582 9.68605 -0.25 70429.1
0 45 50 phononTS 0.00198394 -1.76151 -0.584239 0.00689685 33733.2 0.00198394 1 -0.257756 9.72686 0.25 50224.6
0 45 53 phononTS 0.00364334 1.38343 -0.958618 0.0644188 2475.23 0.00364334 1 9.42413 3.86182 0.25 16975.1
0 45 52 phononTS 0.0034762 1.38343 -0.958618 0.0644188 2475.23 0.0034762 1 -1.30076 4.28329 0.25 28172.9
0 45 63 phononTF 0.00282556 3.52154 2.82674 0.233789 7228.07 0.00282556 1 -0.149802 3.42182 0.25 26927.4
0 45 62 phononTS 0.00358115 3.52154 2.82674 0.233789 7228.07 0.00358115 1 5.10705 -0.678281 -0.25 9925.74
0 45 60 phononL 0.00125853 1.84963 1.99692 -0.219546 3935.32 0.00125853 1 -7.99587 -8.38757 -0.25 12011.7
0 45 67 phononTS 0.00383252 1.24953 -9.29337 -0.0257688 15514.7 0.00383252 1 7.49046 8.65914 -0.25 33251.7
0 45 66 phononTS 0.00178759 1.24953 -9.29337 -0.0257688 15514.7 0.00178759 1 -0.222982 5.14854 0.25 45145.1
0 45 73 phononTS 0.00232168 -4.65033 -9.88736 0.0197023 18970.6 0.00232168 1 -5.69886 -9.48428 0.25 19610.7
0 45 72 phononTF 0.0009798 -4.65033 -9.88736 0.0197023 18970.6 0.0009798 1 0.560381 -4.14886 -0.25 62778.4
0 45 70 phononTF 0.00184288 -0.124547 1.998 0.185656 6220.88 0.00184288 1 -6.82473 3.05903 -0.25 37041
0 45 68 phononTS 0.00258344 -0.0111926 2.71607 0.1172 6038.27 0.00258344 1 9.93425 1.28701 0.25 53108.7
0 45 77 phononTS 0.0051809 -0.0384254 0.215257 -0.20363 359.866 0.0051809 1 2.11356 -5.2614 -0.25 37172.5
0 45 76 phononTF 0.00553088 -0.0384254 0.215257 -0.20363 359.866 0.00553088 1 -1.38218 -2.66376 -0.25 24701.5
0 45 79 phononTF 0.00458097 3.3008 8.62082 -0.0564739 6695.81 0.00458097 1 -0.347665 2.42472 0.25 13322.3
0 45 78 phononTF 0.00145145 3.3008 8.62082 -0.0564739 6695.81 0.00145145 1 9.47111 9.30598 0.25 8262.96
0 45 89 phononTS 0.00327837 -0.106581 0.179036 0.106131 2472.5 0.00327837 1 1.62769 -9.47283 -0.25 22056.8
0 45 88 phononTS 0.00427494 -0.106581 0.179036 0.106131 2472.5 0.00427494 1 4.95285 0.379601 -0.25 33052.3
0 45 91 phononL 0.00395644 2.55827 -0.110725 0.171464 4658.09 0.00395644 1 2.16673 -7.49895 -0.25 67118.1
0 45 90 phononL 0.00275958 2.55827 -0.110725 0.171464 4658.09 0.00275958 1 -3.61489 -8.21545 -0.25 66777.9
0 45 93 phononTF 0.00188564 -3.86453 2.52562 -0.177067 4231.21 0.00188564 1 -9.45254 -0.700574 -0.25 12892.7
0 45 92 phononTS 0.00363351 -3.86453 2.52562 -0.177067 4231.21 0.00363351 1 -8.88768 -1.07778 0.25 18250.6
0 45 97 phononTS 0.00581487 -0.0996141 -0.743081 -0.206554 1645.34 0.00581487 1 0.0307667 -0.744629 -0.25 1856.15
0 45 96 phononTS 0.0030696 -0.0996141 -0.743081 -0.206554 1645.34 0.0030696 1 3.67489 -2.4254 -0.25 28218.9
0 45 94 phononTS 0.00445843 -0.00517334 -0.0264958 0.0809668 610.579 0.00445843 1 3.26247 -7.08208 -0.25 21669.3
0 45 101 phononTS 0.00750413 -0.0304944 0.0200101 0.113282 38.0503 0.00750413 1 -1.20129 1.34248 -0.25 12240.9
0 45 100 phononTS 0.00780978 -0.0304944 0.0200101 0.113282 38.0503 0.00780978 1 -3.35585 0.127661 0.25 9751.39
0 45 103 phononTF 0.00734733 -0.0209004 -0.139718 0.0480713 60.1988 0.00734733 1 2.49108 -8.36982 0.25 16010.6
0 45 102 phononTS 0.00602366 -0.0209004 -0.139718 0.0480713 60.1988 0.00602366 1 -0.0312715 0.327331 0.25 7610.18
0 45 115 phononL 0.00600253 -0.11465 0.684002 -0.150568 7028.6 0.00600253 1 1.80798 -0.294703 -0.25 24582.8
0 45 117 phononTF 0.00253073 0.699018 1.38302 0.0398806 14906.3 0.00253073 1 -8.65609 -3.00917 0.25 36941.8
0 45 116 phononTS 0.00124226 0.699018 1.38302 0.0398806 14906.3 0.00124226 1 -4.79199 2.39778 0.25 71467.8
0 45 112 phononTS 0.00567868 0.108671 -0.0700658 -0.0785148 264.962 0.00567868 1 1.35182 -0.205277 -0.25 9053.62
0 45 121 phononTF 0.0022462 -0.235242 -0.0114277 -0.0530737 2151.31 0.0022462 1 -7.23078 7.57634 0.25 49740.5
0 45 120 phononTS 0.00301608 -0.235242 -0.0114277 -0.0530737 2151.31 0.00301608 1 -5.4899 4.53461 0.25 8964.65
0 45 118 phononTF 0.00498707 -0.939914 0.284503 -0.0914176 1005.8 0.00498707 1 1.21225 2.19838 -0.25 4343.78
0 45 127 phononTF 0.00822308 0.0233145 -0.284537 -0.0614817 359.514 0.00822308 1 1.84065 0.681529 0.25 7440.57
0 45 126 phononTF 0.00701394 0.0233145 -0.284537 -0.0614817 359.514 0.00701394 1 1.75474 -0.0553582 -0.25 3150.08
0 45 129 phononTF 0.00663034 0.0982587 -0.00535966 -0.031185 115.116 0.00663034 1 -1.25325 1.28819 -0.25 2556.88
0 45 131 phononTS 0.00295951 -4.46817 -2.02225 -0.0128468 4184.17 0.00295951 1 1.21887 3.5442 -0.25 25968.4
0 45 130 phononTF 0.00348577 -4.46817 -2.02225 -0.0128468 4184.17 0.00348577 1 -8.14588 -3.86764 -0.25 26194.4
0 45 135 phononTS 0.00656783 -0.0219414 -0.00841201 0.0973503 83.8414 0.00656783 1 -0.642874 1.41273 0.25 1084.48
0 45 139 phononTF 0.0043321 0.521014 1.45678 -0.0488871 1719.54 0.0043321 1 -10 3.37151 0.201863 26049.5
0 45 141 phononL 0.00169537 -9.56634 -9.60706 0.204933 9961.02 0.00169537 1 -1.84557 3.24353 -0.25 68712
0 45 140 phononTF 0.00192855 -9.56634 -9.60706 0.204933 9961.02 0.00192855 1 -10 -6.85587 0.220408 17072.5
0 45 136 phononTS 0.0047331 0.127542 0.292937 -0.0625115 1185.95 0.0047331 1 -0.0876289 -7.79918 0.25 50183.9
0 45 143 phononTS 0.00412803 -0.0633285 -0.061988 0.131593 736.022 0.00412803 1 1.24041 2.19828 -0.25 47120
0 45 142 phononTF 0.00440369 -0.0633285 -0.061988 0.131593 736.022 0.00440369 1 -4.92199 9.01264 0.25 9174.16
0 45 153 phononTF 0.00771179 0.0353475 -0.0415588 0.126611 725.763 0.00771179 1 -0.0931698 -0.224116 -0.25 1003.53
0 45 152 phononTF 0.00727897 0.0353475 -0.0415588 0.126611 725.763 0.00727897 1 -2.4706 7.89306 0.25 17723.4
0 45 150 phononTF 0.00135012 0.0590538 -0.0677519 -0.0353132 83.388 0.00135012 1 -5.13283 -1.33462 -0.25 4658.75
0 45 161 phononTS 0.00262438 2.86555 1.79498 0.074924 3409.85 0.00262438 1 7.82632 6.76097 0.25 11015.6
0 45 160 phononTS 0.0044441 2.86555 1.79498 0.074924 3409.85 0.0044441 1 2.13906 2.3855 -0.25 6321.79
0 45 158 phononTF 0.00135057 1.93569 0.810471 0.120884 1627.7 0.00135057 1 9.55336 -5.57596 -0.25 21318.4
0 45 163 phononTF 0.00605004 0.577381 -0.248998 -0.207857 1976.49 0.00605004 1 -2.08256 -1.95032 0.25 13127.1
0 45 162 phononL 0.00413653 0.577381 -0.248998 -0.207857 1976.49 0.00413653 1 8.30889 -5.77612 -0.25 10274.4
0 45 165 phononTF 0.0047294 1.83657 -0.767505 0.0728027 2553.72 0.0047294 1 3.27129 4.66606 -0.25 25598.7
0 45 164 phononTS 0.00168794 1.83657 -0.767505 0.0728027 2553.72 0.00168794 1 -6.2483 -4.79526 0.25 21003.3
0 45 171 phononTS 0.00637525 -0.0298649 -0.0604562 0.0124374 83.6668 0.00637525 1 -3.34706 0.682076 0.25 5053.18
0 45 170 phononTF 0.00304508 -0.0298649 -0.0604562 0.0124374 83.6668 0.00304508 1 9.96753 -9.8342 0.25 5326.24
0 45 173 phononTF 0.0032747 -0.372514 -1.21428 -0.182157 2884.86 0.0032747 1 7.23909 1.68348 -0.25 11423.7
0 45 175 phononTS 0.00223346 -3.96058 3.06792 0.0785061 19247.3 0.00223346 1 -4.92767 0.968423 0.25 24470.6
0 45 174 phononTS 0.00169637 -3.96058 3.06792 0.0785061 19247.3 0.00169637 1 -6.02013 -9.17424 -0.25 26652.3
0 45 166 phononTF 0.00528442 -0.0045808 -0.0162847 0.00070583 19.7062 0.00528442 1 -3.83181 -5.20402 0.25 9895.34
0 45 181 phononTF 0.008506 -0.186357 0.157135 -0.0491417 1653.2 0.008506 1 0.672081 0.154537 0.25 10861.9
0 45 180 phononTF 0.00534357 -0.186357 0.157135 -0.0491417 1653.2 0.00534357 1 6.74436 3.35626 0.25 15051.7
0 45 178 phononTS 0.0106643 0.00389748 0.000755495 -0.0368434 8.36662 0.0106643 1 0.521928 -0.427655 0.25 2498.07
0 45 187 phononTS 0.00319532 0.0661685 -0.267893 0.210747 121.983 0.00319532 1 -8.95219 2.41291 -0.25 59401.5
0 45 186 phononTS 0.00737298 0.0661685 -0.267893 0.210747 121.983 0.00737298 1 2.11431 5.87572 0.25 21584.7
0 45 184 phononTS 0.00593743 -0.009301 0.00307483 0.00239269 83.6086 0.00593743 1 -6.161 -3.55685 -0.25 21378.6
0 45 191 phononL 0.00265379 2.98943 2.90046 -0.182461 15965.5 0.00265379 1 -8.78104 5.40549 0.25 51963.5
0 45 193 phononTS 0.00317525 -2.05724 3.03334 -0.0388805 25531.9 0.00317525 1 10 7.07355 0.197656 80910.2
0 45 192 phononTS 0.00149587 -2.05724 3.03334 -0.0388805 25531.9 0.00149587 1 5.70651 7.25442 0.25 72874.2
0 45 188 phononL 0.00230361 -0.00613471 0.437084 0.199436 700.559 0.00230361 1 0.971787 -0.714316 0.25 14995.9
0 45 205 phononL 0.00605215 -0.0213152 0.0325828 0.140437 399.154 0.00605215 1 1.18073 -2.32901 -0.25 7432.92
0 45 204 phononTS 0.00525104 -0.0213152 0.0325828 0.140437 399.154 0.00525104 1 -0.687964 2.32246 0.25 3858.39
0 45 207 phononTF 0.00389254 0.168686 -4.08591 0.0700048 7983.84 0.00389254 1 1.67056 5.56101 -0.25 14707.8
0 45 206 phononTF 0.00380692 0.168686 -4.08591 0.0700048 7983.84 0.00380692 1 0.390728 -5.90677 -0.25 23469.9
0 45 200 phononTF 0.00339701 -0.000774554 0.001763 -0.0221978 11.5185 0.00339701 1 0.998193 8.97817 0.25 21178.8
0 45 211 phononTF 0.00414535 0.400926 0.0868024 0.23512 598.28 0.00414535 1 -2.48307 1.04295 -0.25 31219.6
0 45 213 phononTF 0.00277851 -5.60245 -0.908224 0.0742648 46732.5 0.00277851 1 -0.140523 -0.796388 0.25 64101.4
0 45 212 phononTF 0.00292998 -5.60245 -0.908224 0.0742648 46732.5 0.00292998 1 -5.34335 7.95951 -0.25 57224.2
0 45 208 phononTS 0.0052846 0.054978 0.122231 0.0142618 152.121 0.0052846 1 4.86933 3.19777 -0.25 6351.16
0 45 223 phononTS 0.00545557 0.334951 -0.42679 -0.0346034 1120.35 0.00545557 1 -4.12835 2.91842 0.25 26076.7
0 45 222 phononTS 0.00539708 0.334951 -0.42679 -0.0346034 1120.35 0.00539708 1 1.7186 -0.251073 -0.25 3727.63
0 45 220 phononTS 0.0059612 0.056877 -0.00993588 -0.0533122 67.4904 0.0059612 1 1.98633 0.373299 -0.25 14383.2
0 45 225 phononTF 0.00321769 0.0247218 0.850011 -0.224058 4916.13 0.00321769 1 -6.58708 -9.75834 -0.25 33271.7
0 45 227 phononTS 0.00236388 -0.935898 2.23563 -0.231496 6870.85 0.00236388 1 2.32865 8.96851 0.25 8854.79
0 45 229 phononL 0.00298782 1.58607 1.91743 0.171221 11560.6 0.00298782 1 3.6998 -7.57423 0.25 28361
0 45 228 phononTF 0.00135625 1.58607 1.91743 0.171221 11560.6 0.00135625 1 4.1911 5.02366 0.25 101112
0 45 216 phononTS 0.00340519 -0.00641405 0.000303122 -0.0237045 4.21308 0.00340519 1 8.08489 -2.28871 -0.25 4269.25
0 45 233 phononTS 0.00324002 -4.82297 -8.57851 -0.0778297 7893.68 0.00324002 1 1.58106 -4.06881 0.25 17319.3
0 45 232 phononTF 0.00236748 -4.82297 -8.57851 -0.0778297 7893.68 0.00236748 1 9.66777 -7.42092 0.25 96037.5
0 45 230 phononTS 0.00861056 0.0041721 0.009491 -0.032803 9.4072 0.00861056 1 0.389473 1.19063 0.25 1347.79
0 45 241 phononTS 0.00412032 4.22304 -1.90557 0.126895 9322.72 0.00412032 1 9.39456 -1.4071 -0.25 26046.3
0 45 240 phononTF 0.00146747 4.22304 -1.90557 0.126895 9322.72 0.00146747 1 5.20008 -9.39422 -0.25 22115.4
0 45 238 phononTS 0.00355388 0.365525 0.195262 0.175589 3522.4 0.00355388 1 2.7435 -3.7863 -0.25 12359
0 45 243 phononTF 0.00455787 0.0613586 0.116831 -0.0912367 93.7743 0.00455787 1 -0.427344 6.83158 0.25 35824.6
0 45 245 phononTF 0.00600791 -0.301939 0.367276 0.0627818 1388.42 0.00600791 1 -0.392258 0.39035 0.25 1425.13
0 45 247 phononTF 0.00302746 -2.57343 4.16922 -0.247 29494 0.00302746 1 -0.406772 9.64927 0.25 36601.7
0 45 246 phononTF 0.00047655 -2.57343 4.16922 -0.247 29494 0.00047655 1 9.27971 -7.08036 -0.25 38902.6
0 45 249 phononL 0.00297387 0.338693 -1.58974 0.195585 3153.39 0.00297387 1 2.9619 2.83643 -0.25 42210.1
0 45 248 phononTS 0.00675394 0.338693 -1.58974 0.195585 3153.39 0.00675394 1 0.462017 -0.718167 -0.25 3706.26
0 46 17 phononTS 0.00401414 -1.41843 1.34187 0.199476 15633.4 0.00401414 1 -5.40796 4.31577 -0.25 39594.5
0 46 16 phononTS 0.00208036 -1.41843 1.34187 0.199476 15633.4 0.00208036 1 -7.23809 0.0897139 0.25 22278.1
0 46 14 phononTF 0.00266987 0.444922 -0.563536 -0.103106 1561.33 0.00266987 1 -7.95553 -5.47134 -0.25 14751.1
0 46 19 phononTF 0.00360086 2.55586 4.21826 0.148862 7473.31 0.00360086 1 2.47153 9.07435 0.25 12200.1
0 46 18 phononL 0.00329882 2.55586 4.21826 0.148862 7473.31 0.00329882 1 8.38445 5.09627 0.25 23437.2
0 46 29 phononL 0.00381148 6.13203 -0.25902 0.141805 14748.1 0.00381148 1 6.26207 1.00368 -0.25 15020.7
0 46 28 phononTS 0.000997458 6.13203 -0.25902 0.141805 14748.1 0.000997458 1 5.94917 1.81801 0.25 35213.6
0 46 26 phononTS 0.0034239 5.05272 2.88299 0.0629966 11433.7 0.0034239 1 8.85446 5.37918 0.25 40212.4
0 46 24 phononTF 0.00126831 3.55113 0.910809 0.0843261 5642.6 0.00126831 1 -8.00243 9.83253 -0.25 11321.1
0 46 22 phononTS 0.0051175 -0.0498585 0.105726 -0.15313 365.214 0.0051175 1 -7.71261 -4.62714 0.25 8823.76
0 46 31 phononTS 0.00587608 0.289093 -0.00137761 0.18229 1208.28 0.00587608 1 2.1871 0.170608 0.25 23827.8
0 46 30 phononTS 0.00254692 0.289093 -0.00137761 0.18229 1208.28 0.00254692 1 -3.06346 1.12288 -0.25 2866.55
0 46 37 phononTS 0.00319677 0.852184 2.08379 0.207534 3589.76 0.00319677 1 5.56314 3.38001 0.25 5173.91
0 46 36 phononTF 0.00387882 0.852184 2.08379 0.207534 3589.76 0.00387882 1 2.50398 3.36593 0.25 15260.4
0 46 34 phononTS 0.00379804 0.149521 -0.603344 -0.108113 1395.25 0.00379804 1 -9.96647 -9.99837 0.25 28024.3
0 46 39 phononTS 0.00247167 0.253406 -0.415724 -0.199724 1223.33 0.00247167 1 -7.08561 4.53353 0.25 17822.3
0 46 43 phononL 0.00404554 3.1006 2.01774 0.0171303 7831.24 0.00404554 1 -6.72869 6.07105 -0.25 27569.7
0 46 42 phononTF 0.00226588 3.1006 2.01774 0.0171303 7831.24 0.00226588 1 -9.1799 -9.24238 0.25 38130
0 46 40 phononTS 0.00288928 0.483769 -0.918688 0.0942714 1651.37 0.00288928 1 9.07647 9.17774 0.25 11461.3
0 46 53 phononTF 0.0041182 2.20577 -0.439502 0.115441 2214.18 0.0041182 1 -3.46654 -5.66656 0.25 6364.12
0 46 52 phononTS 0.00332117 2.20577 -0.439502 0.115441 2214.18 0.00332117 1 -0.169621 -4.23034 0.25 9131.32
0 46 50 phononTS 0.00571998 -0.0915923 0.0188381 0.173993 588.531 0.00571998 1 -4.62953 -0.527324 0.25 22169.1
0 46 57 phononTS 0.00281953 -1.44791 1.38559 0.0685862 4831.4 0.00281953 1 4.25473 -0.0241722 0.25 8791.93
0 46 56 phononTF 0.00374755 -1.44791 1.38559 0.0685862 4831.4 0.00374755 1 -4.94863 -3.44711 0.25 20478
0 46 59 phononTF 0.00154826 -5.76024 -7.77418 -0.138468 8894.6 0.00154826 1 3.97807 5.18323 0.25 36658.3
0 46 58 phononTF 0.00312978 -5.76024 -7.77418 -0.138468 8894.6 0.00312978 1 -9.08412 -9.31859 0.25 11239.7
0 46 67 phononTS 0.00329007 2.29682 3.82726 -0.112185 5494.02 0.00329007 1 0.88756 -3.75791 -0.25 40355.6
0 46 66 phononTF 0.00224589 2.29682 3.82726 -0.112185 5494.02 0.00224589 1 1.12746 -0.99021 -0.25 34912
0 46 64 phononL 0.00256635 0.367845 0.963332 -0.00396774 2620.19 0.00256635 1 -3.52012 3.48619 0.25 20987.2
0 46 62 phononTS 0.00368696 0.0409435 0.209635 0.0129538 583.82 0.00368696 1 2.98077 -1.99788 -0.25 1760.07
0 46 69 phononTF 0.00547781 -0.225481 -0.0658767 0.213999 4519.48 0.00547781 1 5.65745 -0.531474 -0.25 31680.1
0 46 68 phononTS 0.00352506 -0.225481 -0.0658767 0.213999 4519.48 0.00352506 1 -6.49984 -4.29623 0.25 11956
0 46 75 phononTF 0.00505291 0.816686 1.15493 -0.167838 2474.13 0.00505291 1 6.91887 -0.869541 0.25 27220.5
0 46 74 phononTS 0.00373766 0.816686 1.15493 -0.167838 2474.13 0.00373766 1 -8.26657 -4.61036 0.25 27920.3
0 46 79 phononTS 0.00450541 -0.794655 0.681556 -0.156106 1904.29 0.00450541 1 -1.37932 -6.17097 0.25 7153.27
0 46 78 phononTF 0.00378112 -0.794655 0.681556 -0.156106 1904.29 0.00378112 1 -1.44163 1.77973 0.25 37936
0 46 76 phononTF 0.00350135 -0.845754 0.686144 -0.145734 1875.82 0.00350135 1 -2.44076 4.93165 0.25 7022.07
0 46 83 phononTS 0.00374567 0.15678 -0.088487 0.149469 1223.59 0.00374567 1 10 4.15923 0.0483287 26939.4
0 46 82 phononTS 0.00584677 0.15678 -0.088487 0.149469 1223.59 0.00584677 1 3.65697 3.25415 0.25 8273.95
0 46 85 phononTF 0.00332239 0.604039 1.12369 0.11931 5083.91 0.00332239 1 4.16525 -5.66806 -0.25 7853.92
0 46 87 phononTS 0.00420827 2.21861 4.42169 0.121867 15451.2 0.00420827 1 2.54175 0.998143 0.25 18802.1
0 46 86 phononTS 0.000987437 2.21861 4.42169 0.121867 15451.2 0.000987437 1 -7.88468 9.64263 0.25 39780.4
0 46 93 phononTF 0.00746633 -0.0383834 0.0343996 -0.0271182 69.2516 0.00746633 1 -0.305311 -0.601222 0.25 639.037
0 46 95 phononL 0.00709094 -0.155141 -0.109919 0.0550725 331.496 0.00709094 1 -0.205691 -0.610541 -0.25 8381.25
0 46 94 phononL 0.00638222 -0.155141 -0.109919 0.0550725 331.496 0.00638222 1 0.883932 -0.745113 0.25 610.344
0 46 101 phononTF 0.00280172 -3.92691 2.11554 -0.164151 8285.85 0.00280172 1 -7.52537 2.14791 0.25 44230.3
0 46 100 phononTS 0.00227562 -3.92691 2.11554 -0.164151 8285.85 0.00227562 1 -5.54406 2.76939 0.25 10912.7
0 46 98 phononTS 0.00493006 0.000990112 0.1999 -0.0260914 327.777 0.00493006 1 4.7099 -9.35546 0.25 50019.7
0 46 103 phononTS 0.00447668 0.310035 0.699876 -0.0253689 2974.27 0.00447668 1 -0.0912994 1.00325 -0.25 12492
0 46 102 phononTF 0.00377194 0.310035 0.699876 -0.0253689 2974.27 0.00377194 1 -0.375478 0.51132 0.25 3536.85
0 46 109 phononTS 0.00285561 4.24238 5.07861 -0.175569 30848.7 0.00285561 1 2.6536 3.11826 -0.25 37883.1
0 46 108 phononTS 0.00401658 4.24238 5.07861 -0.175569 30848.7 0.00401658 1 -4.25794 -7.39653 0.25 61251.5
0 46 106 phononTS 0.0055364 -0.0978306 -0.0454556 0.201529 977.217 0.0055364 1 -0.0597583 -0.151589 0.25 1001.45
0 46 115 phononTS 0.00331894 0.0629461 -0.257984 -0.146554 1097.9 0.00331894 1 -1.70522 -6.7501 -0.25 9746.35
0 46 114 phononTS 0.00425369 0.0629461 -0.257984 -0.146554 1097.9 0.00425369 1 -1.67725 6.35362 -0.25 6165.59
0 46 112 phononTF 0.00450816 -0.0237903 0.0897237 -0.0601965 110.828 0.00450816 1 -6.65494 1.54193 -0.25 30493.6
0 46 117 phononTF 0.0055445 -2.37909 -3.53017 0.0579004 7775.23 0.0055445 1 -4.76676 -3.37826 -0.25 9762.33
0 46 116 phononTF 0.00272186 -2.37909 -3.53017 0.0579004 7775.23 0.00272186 1 -9.23905 -9.72495 0.25 10130.4
0 46 129 phononTS 0.00317221 5.63648 0.651859 -0.149584 11763.8 0.00317221 1 0.125269 0.36081 0.25 43761.4
0 46 128 phononTF 0.00244412 5.63648 0.651859 -0.149584 11763.8 0.00244412 1 4.78111 3.11461 0.25 28255
0 46 133 phononTS 0.00616024 0.423678 0.130326 0.131886 2460.64 0.00616024 1 2.03891 0.197359 0.25 3124.41
0 46 132 phononTS 0.00426997 0.423678 0.130326 0.131886 2460.64 0.00426997 1 -4.20651 7.38856 -0.25 19464.1
0 46 130 phononTS 0.00262429 0.316355 0.24285 0.171916 1121.04 0.00262429 1 0.874093 0.207916 0.25 1788.49
0 46 139 phononL 0.00540433 0.0581302 0.265493 0.237778 597.97 0.00540433 1 2.89744 7.67569 -0.25 21587.3
0 46 141 phononL 0.00190948 -1.73714 -2.77333 -0.0489369 26874.1 0.00190948 1 9.43701 9.49537 0.25 43780.8
0 46 140 phononTF 0.00277181 -1.73714 -2.77333 -0.0489369 26874.1 0.00277181 1 1.16465 -4.2027 -0.25 37926
0 46 136 phononL 0.00731215 0.014668 0.0390167 -0.0952119 140.755 0.00731215 1 -0.20058 0.763444 0.25 934.992
0 46 143 phononTS 0.00574533 1.30768 -0.12172 0.249215 3735.45 0.00574533 1 -6.37773 -6.35649 -0.25 22542.7
0 46 142 phononTF 0.00418693 1.30768 -0.12172 0.249215 3735.45 0.00418693 1 -4.7833 -2.7482 0.25 14608.3
0 46 151 phononTF 0.00187816 2.5423 0.0835081 -0.16548 20823.6 0.00187816 1 6.70458 7.78048 -0.25 36194.3
0 46 150 phononTS 0.00165394 2.5423 0.0835081 -0.16548 20823.6 0.00165394 1 -2.86036 3.16772 -0.25 47683.3
0 46 148 phononTS 0.00459534 -1.63045 3.37416 -0.00290743 8224.16 0.00459534 1 -9.41088 -9.84401 0.25 29755.2
0 46 157 phononTS 0.00342351 -2.6284 1.78276 0.0591874 34842.1 0.00342351 1 -6.02577 0.0251544 0.25 43779
0 46 156 phononTS 0.00207419 -2.6284 1.78276 0.0591874 34842.1 0.00207419 1 7.82733 7.54582 0.25 98413.3
0 46 159 phononTF 0.00327966 8.26264 0.495384 -0.0376598 15741.9 0.00327966 1 6.10485 -8.44798 0.25 30321.1
0 46 158 phononTF 0.00158895 8.26264 0.495384 -0.0376598 15741.9 0.00158895 1 4.79348 -3.30226 -0.25 94590.4
0 46 161 phononTS 0.00259409 -0.0369506 -1.63427 -0.232257 7691.26 0.00259409 1 0.348836 -2.5339 -0.25 9110.55
0 46 160 phononTS 0.00289978 -0.0369506 -1.63427 -0.232257 7691.26 0.00289978 1 -1.79581 -6.73383 -0.25 9924.57
0 46 144 phononTF 0.00198964 0.0038829 -0.00233363 -0.0199058 7.182 0.00198964 1 -6.56122 -3.48462 -0.25 27200.2
0 46 169 phononL 0.00187058 -0.0980047 0.471307 0.222939 1645.18 0.00187058 1 -7.27493 6.95837 -0.25 7394.12
0 46 168 phononL 0.00488826 -0.0980047 0.471307 0.222939 1645.18 0.00488826 1 -3.6518 -2.17953 -0.25 3749.55
0 46 166 phononTS 0.00381105 0.599936 0.347048 0.0514572 1044.76 0.00381105 1 8.69793 -10 0.110819 37855.5
0 46 171 phononTS 0.00433625 -0.14029 -0.504834 -0.0693357 22877.7 0.00433625 1 -7.66596 6.77429 -0.25 84512.3
0 46 170 phononTS 0.0019146 -0.14029 -0.504834 -0.0693357 22877.7 0.0019146 1 -5.42124 9.42486 -0.25 31349.9
0 46 173 phononTS 0.00549821 0.121702 0.00920142 -0.0404443 558.112 0.00549821 1 0.74274 -9.45134 -0.25 11848.9
0 46 172 phononTF 0.00739094 0.121702 0.00920142 -0.0404443 558.112 0.00739094 1 2.16939 -2.63763 -0.25 6835.62
0 46 187 phononTF 0.0034 1.28466 -2.30591 -0.0528143 5864.68 0.0034 1 8.82198 0.344688 0.25 35623.1
0 46 186 phononL 0.00256639 1.28466 -2.30591 -0.0528143 5864.68 0.00256639 1 -9.84415 -8.41476 0.25 14400.5
0 46 189 phononTF 0.00380942 -2.09177 0.582968 0.0397252 1923.96 0.00380942 1 -6.10406 8.69696 -0.25 8278.5
0 46 191 phononTF 0.00290508 -2.74925 1.90183 0.0419928 2414.02 0.00290508 1 -5.79816 -2.0936 0.25 22231.2
0 46 190 phononTF 0.00152437 -2.74925 1.90183 0.0419928 2414.02 0.00152437 1 4.27191 1.4082 0.25 26466.2
0 46 193 phononTF 0.00524165 0.286746 1.0719 0.0640586 1274.55 0.00524165 1 0.0237098 -0.480804 0.25 4830.46
0 46 192 phononTS 0.00346821 0.286746 1.0719 0.0640586 1274.55 0.00346821 1 3.70168 6.85911 -0.25 18202.6
0 46 197 phononTF 0.00684444 -0.171931 -0.528014 0.198798 2018.81 0.00684444 1 -0.430533 -0.276329 -0.25 2475.81
0 46 196 phononTF 0.00336259 -0.171931 -0.528014 0.198798 2018.81 0.00336259 1 1.59641 -2.02772 -0.25 6001.02
0 46 201 phononL 0.00322366 -0.272372 -0.123182 -0.0108584 303.71 0.00322366 1 0.98628 3.63623 -0.25 9092.51
0 46 203 phononTF 0.00317761 -9.65525 -3.18045 -0.0697771 21630.5 0.00317761 1 -10 7.15461 -0.124562 66842.2
0 46 202 phononTF 0.0025751 -9.65525 -3.18045 -0.0697771 21630.5 0.0025751 1 -9.86401 -3.81704 -0.25 24591.2
0 46 198 phononTS 0.00815414 0.0128837 -0.010349 -0.061044 24.4526 0.00815414 1 1.03028 1.10581 0.25 3938.14
0 46 207 phononTF 0.00467917 0.724058 0.253283 0.0842409 1055.76 0.00467917 1 -5.50633 1.5542 0.25 34597.5
0 46 209 phononL 0.004068 3.45792 4.9107 -0.202032 10545.6 0.004068 1 6.33397 0.865205 -0.25 38475.3
0 46 208 phononTS 0.00157786 3.45792 4.9107 -0.202032 10545.6 0.00157786 1 4.33783 0.554977 -0.25 42195
0 46 204 phononTF 0.00441399 0.13663 -0.00254813 -0.0536789 258.574 0.00441399 1 3.73077 5.74372 0.25 8485.03
0 46 215 phononTF 0.00351689 -1.19133 1.17759 0.0900908 5709.6 0.00351689 1 -1.27475 2.57364 -0.25 8157.83
0 46 214 phononTF 0.00427556 -1.19133 1.17759 0.0900908 5709.6 0.00427556 1 -3.06793 8.23998 0.25 21552.1
0 46 219 phononTS 0.00270123 -2.90976 6.1521 0.226374 26907 0.00270123 1 -6.12382 8.26587 -0.25 49124.1
0 46 218 phononTF 0.00396068 -2.90976 6.1521 0.226374 26907 0.00396068 1 -4.09799 6.64008 0.25 27972.2
0 46 216 phononTF 0.00633757 0.309112 -0.0284659 0.0656959 170.899 0.00633757 1 2.84884 0.437551 0.25 1975.16
0 46 210 phononTF 0.00674349 -0.00132716 0.00236144 -0.0263795 0.836316 0.00674349 1 -0.40922 0.0752339 0.25 7265.93
0 46 225 phononL 0.00741546 0.0353483 -0.0369624 0.000926228 93.5143 0.00741546 1 0.11987 0.28819 0.25 1473.13
0 46 231 phononTS 0.00186458 -6.69909 3.62339 -0.0345749 33113.2 0.00186458 1 10 3.89897 -0.0307918 35971.6
0 46 230 phononTS 0.00261555 -6.69909 3.62339 -0.0345749 33113.2 0.00261555 1 -8.21068 -6.12806 -0.25 73341.4
0 46 228 phononTS 0.00256189 0.446569 0.56048 -0.227737 7806.16 0.00256189 1 -3.85757 9.0163 0.25 52633
0 46 226 phononTS 0.00602624 0.549272 0.0343247 0.0654827 751.358 0.00602624 1 4.59839 0.846933 -0.25 3976.4
0 46 235 phononTS 0.00725614 0.338487 -0.0807625 -0.176091 974.957 0.00725614 1 0.266392 0.442605 -0.25 1660.92
0 46 234 phononTF 0.00417459 0.338487 -0.0807625 -0.176091 974.957 0.00417459 1 -6.88068 1.90622 -0.25 28067.2
0 46 232 phononTF 0.00284629 -0.101678 0.00894934 0.000586916 95.1686 0.00284629 1 5.07863 -8.73225 -0.25 30832.7
0 46 243 phononTF 0.00381718 -0.912613 0.00142824 0.0678254 797.375 0.00381718 1 -4.11286 -2.74702 -0.25 7679.53
0 46 242 phononTS 0.00304674 -0.912613 0.00142824 0.0678254 797.375 0.00304674 1 -9.9844 8.6922 0.25 14754
0 46 247 phononTS 0.00435391 -0.377721 1.72691 0.0216236 3307.54 0.00435391 1 -1.11455 1.78287 -0.25 3833.79
0 46 246 phononTF 0.00271631 -0.377721 1.72691 0.0216236 3307.54 0.00271631 1 -9.97219 -9.06622 0.25 27215.6
0 46 249 phononTS 0.00152719 -0.291816 -4.90987 -0.0039276 5857.75 0.00152719 1 0.646594 -4.79185 0.25 6894.05
0 46 248 phononTF 0.00387852 -0.291816 -4.90987 -0.0039276 5857.75 0.00387852 1 -2.7508 -9.04229 0.25 15180.7
0 46 253 phononTS 0.00883839 0.120741 -0.66596 -0.192804 1221.62 0.00883839 1 2.56593 -1.08979 -0.25 5227.42
0 46 255 phononTS 0.00283779 -3.18692 -5.29871 -0.134603 4483.72 0.00283779 1 -5.32174 0.125991 0.25 12326.9
0 46 254 phononTS 0.00126017 -3.18692 -5.29871 -0.134603 4483.72 0.00126017 1 -2.80766 -4.80258 0.25 4672.82
0 46 257 phononTS 0.00343135 0.903567 4.00675 -0.242529 23760.8 0.00343135 1 -0.104486 8.00829 -0.25 30674
0 46 256 phononTF 0.00335649 0.903567 4.00675 -0.242529 23760.8 0.00335649 1 -3.73345 -2.84652 0.25 32871.3
0 46 263 phononL 0.00275736 -4.93842 -1.35706 0.205579 10748.4 0.00275736 1 -0.334098 3.95756 -0.25 51295.8
0 46 262 phononTS 0.00240048 -4.93842 -1.35706 0.205579 10748.4 0.00240048 1 0.453858 4.41333 -0.25 35342.1
0 46 260 phononTF 0.00428946 -1.22824 0.313575 -0.0731633 1702.36 0.00428946 1 -6.19345 -3.44317 -0.25 16596.4
0 46 258 phononTS 0.0054243 -0.01102 -0.0724459 -0.0523296 72.6908 0.0054243 1 -1.32489 -0.944246 0.25 5766.57
0 47 19 phononTS 0.00279186 -5.71574 -1.52474 0.237323 11952.1 0.00279186 1 6.49368 10 0.123962 24265.3
0 47 18 phononL 0.00438199 -5.71574 -1.52474 0.237323 11952.1 0.00438199 1 -4.66253 -2.89639 0.25 15261.7
0 47 21 phononL 0.00311022 -0.342061 2.66217 -0.096215 2121.53 0.00311022 1 -1.54539 6.82911 0.25 12294.7
0 47 20 phononTS 0.00359093 -0.342061 2.66217 -0.096215 2121.53 0.00359093 1 -6.17517 4.48549 0.25 38436.3
0 47 23 phononL 0.00672715 0.753349 0.00557501 0.0317682 674.061 0.00672715 1 -0.192513 -0.221195 0.25 10041
0 47 22 phononL 0.00395159 0.753349 0.00557501 0.0317682 674.061 0.00395159 1 3.07451 1.56169 0.25 4656.24
0 47 12 phononL 0.00592755 -0.00269117 -0.000397156 -0.0216168 4.91914 0.00592755 1 -1.70084 -8.77929 -0.25 21453.1
0 47 25 phononTS 0.00658563 -0.0334001 0.0458558 -0.0386291 153.059 0.00658563 1 -0.292753 -4.49801 -0.25 2563.72
0 47 27 phononL 0.00478356 3.62675 -2.07278 -0.151224 9160.01 0.00478356 1 -6.27495 0.805605 0.25 18051.6
0 47 26 phononTS 0.00396338 3.62675 -2.07278 -0.151224 9160.01 0.00396338 1 -9.62113 -0.189189 0.25 29648.9
0 47 31 phononTF 0.00660271 -0.0231704 -0.0327715 0.00873703 51.5586 0.00660271 1 -1.08002 -1.02976 -0.25 2383.43
0 47 30 phononL 0.00953367 -0.0231704 -0.0327715 0.00873703 51.5586 0.00953367 1 -0.186916 -0.655743 -0.25 2262.97
0 47 33 phononTS 0.00354725 -0.0266026 0.179242 -0.0980841 12322.4 0.00354725 1 2.76027 -1.41239 -0.25 16525.7
0 47 32 phononL 0.00339308 -0.0266026 0.179242 -0.0980841 12322.4 0.00339308 1 -0.64715 2.08776 -0.25 13285.2
0 47 39 phononTF 0.00406506 3.45499 -0.148321 0.216452 4053.71 0.00406506 1 -1.6302 0.711871 0.25 24832.6
0 47 38 phononTS 0.00233394 3.45499 -0.148321 0.216452 4053.71 0.00233394 1 2.80716 -0.0506597 0.25 39121.3
0 47 36 phononTS 0.00754187 -0.0523038 -0.146361 -0.174881 196.183 0.00754187 1 -0.344573 0.88033 -0.25 3493.25
0 47 41 phononL 0.00582882 -0.563435 0.854673 -0.105597 2745.15 0.00582882 1 0.369922 5.81064 0.25 7419.31
0 47 40 phononTF 0.00396053 -0.563435 0.854673 -0.105597 2745.15 0.00396053 1 1.79085 6.13477 0.25 20366.9
0 47 49 phononTF 0.00315544 -0.121714 -0.0303239 0.0976349 517.273 0.00315544 1 10 7.18901 -0.0827083 36786.4
0 47 51 phononTF 0.0033662 4.37854 -2.05905 -0.114566 11832.5 0.0033662 1 -3.1633 -7.21634 0.25 69039.3
0 47 50 phononTS 0.00414864 4.37854 -2.05905 -0.114566 11832.5 0.00414864 1 -2.06724 1.73291 0.25 17143.9
0 47 57 phononTF 0.00794585 0.097074 0.0199445 0.0753934 91.3471 0.00794585 1 -0.412152 0.139067 0.25 5145.37
0 47 56 phononTS 0.00283775 0.097074 0.0199445 0.0753934 91.3471 0.00283775 1 10 6.94868 -0.00298132 20288.2
0 47 54 phononTS 0.00537797 0.0335664 -0.0250897 -0.00544944 21.9783 0.00537797 1 1.89322 3.18713 0.25 1209.7
0 47 59 phononTF 0.00367542 1.6479 0.286687 -0.12113 9054.88 0.00367542 1 0.658573 -2.89945 -0.25 14243.1
0 47 58 phononL 0.00458606 1.6479 0.286687 -0.12113 9054.88 0.00458606 1 -2.53565 8.51778 -0.25 28067.2
0 47 69 phononTF 0.00490513 0.302206 -0.0821694 -0.067327 201.854 0.00490513 1 -1.50141 0.606805 0.25 2939.61
0 47 71 phononTS 0.00371876 0.546178 0.721423 -0.172845 2911.17 0.00371876 1 -2.09056 0.426002 0.25 40883
0 47 70 phononTS 0.00521288 0.546178 0.721423 -0.172845 2911.17 0.00521288 1 -2.29178 0.598669 0.25 4063.12
0 47 66 phononTF 0.00494425 -0.00772676 0.0133452 -0.0471501 46.3645 0.00494425 1 1.19832 -1.49193 0.25 9154.47
0 47 75 phononTF 0.00489321 0.226272 -0.0839492 -0.0253051 829.726 0.00489321 1 5.4432 -6.9251 0.25 23724.5
0 47 74 phononTF 0.00538494 0.226272 -0.0839492 -0.0253051 829.726 0.00538494 1 -1.57342 -0.416487 -0.25 2474.2
0 47 77 phononTS 0.00355487 -0.395898 -0.374333 0.0284159 301.24 0.00355487 1 -7.97168 -8.64625 0.25 21363.5
0 47 76 phononL 0.00376055 -0.395898 -0.374333 0.0284159 301.24 0.00376055 1 2.29608 -7.0813 -0.25 99110.5
0 47 81 phononTS 0.00484706 -0.0300448 -0.193067 0.124313 304.687 0.00484706 1 -2.66406 -8.60756 0.25 65856.6
0 47 85 phononTF 0.00311616 -2.08623 0.417328 0.0979773 6213.67 0.00311616 1 3.84615 6.05061 0.25 20134.7
0 47 84 phononTF 0.000957315 -2.08623 0.417328 0.0979773 6213.67 0.000957315 1 6.40977 -9.84206 -0.25 37702.6
0 47 82 phononTS 0.00414714 -0.0180683 2.55745 0.220214 3803.74 0.00414714 1 -7.77795 -0.0704571 0.25 43928.3
0 47 91 phononTF 0.00651837 1.48713 3.63636 0.0370184 9890.33 0.00651837 1 1.23524 0.598512 -0.25 18678.1
0 47 90 phononTS 0.000630025 1.48713 3.63636 0.0370184 9890.33 0.000630025 1 -6.86415 -3.416 -0.25 80847.8
0 47 88 phononL 0.00742397 0.0172643 -0.212548 0.117519 585.717 0.00742397 1 0.490582 0.336193 -0.25 820.851
0 47 86 phononTF 0.0064706 0.0200409 -0.0422657 0.0160796 158.07 0.0064706 1 -0.314939 -2.60607 -0.25 9752.74
0 47 93 phononTF 0.00382668 -0.424062 -0.252979 -0.217758 636.711 0.00382668 1 9.6145 4.98213 0.25 7055.8
0 47 95 phononTF 0.00575514 0.708458 -2.07527 0.0770104 6949.63 0.00575514 1 0.998293 -2.09124 -0.25 7628.23
0 47 94 phononTF 0.002754 0.708458 -2.07527 0.0770104 6949.63 0.002754 1 -9.72216 3.2485 0.25 22282.3
0 47 105 phononTS 0.00202949 0.28411 -0.520521 0.0371226 1984.38 0.00202949 1 -5.78973 -10 0.0521134 20811.1
0 47 104 phononTF 0.00487878 0.28411 -0.520521 0.0371226 1984.38 0.00487878 1 10 -9.40813 -0.216923 14563.2
0 47 102 phononTF 0.00668388 0.168121 0.289058 -0.214725 102.013 0.00668388 1 1.09826 3.99476 -0.25 7504.27
0 47 109 phononL 0.00311929 0.247479 0.389103 0.126423 526.826 0.00311929 1 -1.71907 4.90712 -0.25 27571.4
0 47 111 phononL 0.00407008 -1.17172 -1.45382 -0.188296 1848.75 0.00407008 1 3.58119 -0.718302 0.25 4266.39
0 47 110 phononTF 0.00494106 -1.17172 -1.45382 -0.188296 1848.75 0.00494106 1 -0.694018 2.209 0.25 17985.2
0 47 117 phononTF 0.00182833 3.35791 -2.06141 -0.233378 7921.47 0.00182833 1 9.86682 0.31093 -0.25 13570.2
0 47 116 phononTS 0.00376292 3.35791 -2.06141 -0.233378 7921.47 0.00376292 1 -4.50946 -7.6004 -0.25 15660.5
0 47 114 phononTF 0.00438977 -0.308247 -0.0231982 -0.000460787 889.653 0.00438977 1 0.916294 -0.832077 0.25 3108.19
0 47 112 phononL 0.00431033 -0.114456 -0.0903339 0.171669 712.24 0.00431033 1 -8.66002 4.5007 -0.25 9477.07
0 47 123 phononTS 0.00348945 0.01207 0.0246215 -0.220398 120.312 0.00348945 1 9.82998 9.58836 0.25 6357.76
0 47 122 phononTF 0.0058908 0.01207 0.0246215 -0.220398 120.312 0.0058908 1 0.130729 0.356018 0.25 990.559
0 47 120 phononTS 0.005931 -0.0212709 0.0171565 -0.0360689 83.9227 0.005931 1 9.01365 2.10992 -0.25 18594.6
0 47 127 phononTF 0.00278176 -4.41967 4.77368 0.200144 12150.5 0.00278176 1 -6.00496 1.38046 0.25 33322
0 47 126 phononTF 0.00436433 -4.41967 4.77368 0.200144 12150.5 0.00436433 1 -3.89283 -4.39873 -0.25 38100.6
0 47 129 phononL 0.00280714 2.21335 -2.54269 0.21797 5166.04 0.00280714 1 -5.99494 -5.21708 0.25 62008.9
0 47 128 phononTF 0.00285494 2.21335 -2.54269 0.21797 5166.04 0.00285494 1 -9.25348 -1.20012 0.25 41397.2
0 47 139 phononTF 0.00327159 2.04556 -7.33424 0.241017 5860.1 0.00327159 1 -3.03603 -8.15951 0.25 7878.64
0 47 138 phononTF 0.00240688 2.04556 -7.33424 0.241017 5860.1 0.00240688 1 0.496194 -9.00818 0.25 33821
0 47 136 phononTS 0.00301623 1.44053 -1.44371 -0.200312 3793.44 0.00301623 1 1.31935 -1.37127 0.25 3943.89
0 47 134 phononTS 0.00228777 -0.10493 -0.856455 0.184334 2718.74 0.00228777 1 -3.41373 -2.85197 0.25 35135.7
0 47 132 phononTF 0.00447207 0.116268 -0.102248 0.226493 439.047 0.00447207 1 -8.19473 3.88042 0.25 14725.4
0 47 141 phononL 0.00564601 0.372457 0.33108 0.12029 375.469 0.00564601 1 -0.518688 2.82099 -0.25 8252
0 47 140 phononTF 0.00492078 0.372457 0.33108 0.12029 375.469 0.00492078 1 -2.58488 4.24613 -0.25 8453.6
0 47 151 phononL 0.00369726 3.10877 0.212645 -0.18068 2799.68 0.00369726 1 9.81693 -1.60094 0.25 10465.9
0 47 150 phononTF 0.00280321 3.10877 0.212645 -0.18068 2799.68 0.00280321 1 9.33191 5.34533 -0.25 7241.3
0 47 153 phononL 0.00494858 0.510239 0.118679 0.121632 1032.91 0.00494858 1 8.63318 3.74602 0.25 8074.93
0 47 152 phononL 0.00580421 0.510239 0.118679 0.121632 1032.91 0.00580421 1 6.63167 -0.343693 0.25 21872.5
0 47 161 phononTF 0.00464245 4.02874 3.69854 -0.00804275 4566.18 0.00464245 1 -2.81298 -6.50459 -0.25 11488.4
0 47 160 phononTF 0.00212873 4.02874 3.69854 -0.00804275 4566.18 0.00212873 1 2.44904 -3.79021 0.25 11887.5
0 47 163 phononTF 0.00655686 -0.0472364 -0.0663463 -0.145688 362.752 0.00655686 1 -1.79552 3.3611 0.25 19229.2
0 47 162 phononL 0.00747809 -0.0472364 -0.0663463 -0.145688 362.752 0.00747809 1 -0.252383 -2.25217 0.25 1790.38
0 47 165 phononTF 0.00441911 0.252739 0.7104 -0.210751 525.995 0.00441911 1 -5.32928 8.09066 0.25 61289.8
0 47 164 phononTS 0.00511145 0.252739 0.7104 -0.210751 525.995 0.00511145 1 3.96306 -0.680994 -0.25 17417.5
0 47 167 phononTF 0.00160127 0.760221 5.48357 -0.0494007 13908.5 0.00160127 1 1.20064 7.0461 0.25 14481.4
0 47 166 phononTF 0.00402887 0.760221 5.48357 -0.0494007 13908.5 0.00402887 1 8.78598 -0.294019 0.25 40773.8
0 47 171 phononTF 0.00666041 0.0171788 0.0203264 -0.0230925 107.433 0.00666041 1 1.60853 -2.30267 0.25 9695.05
0 47 175 phononTF 0.00358243 0.462548 0.248823 -0.063189 923.517 0.00358243 1 0.444705 -6.9094 0.25 3816.23
0 47 174 phononTS 0.00411063 0.462548 0.248823 -0.063189 923.517 0.00411063 1 -6.76864 4.21273 -0.25 11742.9
0 47 172 phononTF 0.00561285 -0.0535498 0.088424 0.0431392 148.855 0.00561285 1 -4.17974 0.617623 -0.25 19094.4
0 47 181 phononTS 0.00364258 0.850554 -1.35282 -0.206366 29024.3 0.00364258 1 -9.66137 -1.28452 -0.25 36051.5
0 47 180 phononTF 0.00233323 0.850554 -1.35282 -0.206366 29024.3 0.00233323 1 -5.57177 -7.661 -0.25 41482.5
0 47 183 phononL 0.00271259 -0.547815 -4.12667 -0.222389 15963.9 0.00271259 1 -0.394081 -2.02755 0.25 18644.2
0 47 182 phononTS 0.0032305 -0.547815 -4.12667 -0.222389 15963.9 0.0032305 1 -1.00913 -2.05487 -0.25 55071.3
0 47 185 phononTF 0.003593 0.0624943 -0.868586 -0.0284423 713.526 0.003593 1 1.76377 -8.12012 0.25 33955.3
0 47 184 phononTF 0.00568798 0.0624943 -0.868586 -0.0284423 713.526 0.00568798 1 0.253418 -0.300077 -0.25 1269.06
0 47 191 phononTF 0.00848189 0.0249186 0.0889393 -0.128034 244.815 0.00848189 1 -2.11183 0.471375 -0.25 2052.22
0 47 193 phononL 0.00653973 -0.626417 1.00148 0.0209864 915.66 0.00653973 1 -1.04827 1.51911 0.25 7713.31
0 47 192 phononTF 0.00274106 -0.626417 1.00148 0.0209864 915.66 0.00274106 1 4.77566 9.68828 0.25 7341.12
0 47 197 phononL 0.00529442 0.918589 -0.85554 -0.138552 1361.85 0.00529442 1 9.03449 9.24501 0.25 31302.6
0 47 196 phononTS 0.00204822 0.918589 -0.85554 -0.138552 1361.85 0.00204822 1 8.52519 8.20159 0.25 9833.22
0 47 199 phononL 0.00416741 0.281279 1.34866 0.16695 2165.48 0.00416741 1 2.08605 -3.92372 0.25 34678.6
0 47 198 phononTF 0.00378634 0.281279 1.34866 0.16695 2165.48 0.00378634 1 4.56687 -1.56179 0.25 39103.1
0 47 209 phononTF 0.00366629 -0.370817 -0.480511 0.243351 249.369 0.00366629 1 -4.33296 -4.7537 0.25 5052.8
0 47 211 phononTF 0.00166539 0.129981 -5.86392 0.106588 8790.99 0.00166539 1 6.31857 -0.18414 0.25 12863.8
0 47 210 phononTS 0.00181016 0.129981 -5.86392 0.106588 8790.99 0.00181016 1 -10 -8.3201 0.122527 19547.4
0 47 219 phononTF 0.00230818 4.32399 9.85577 0.036834 24890.6 0.00230818 1 6.89906 8.69615 0.25 26287.9
0 47 218 phononTS 0.00198841 4.32399 9.85577 0.036834 24890.6 0.00198841 1 4.16714 4.63338 0.25 28713.4
0 47 216 phononTS 0.00183377 5.22403 5.9401 -0.122372 9873.07 0.00183377 1 -9.76794 7.15214 -0.25 12603.1
0 47 214 phononL 0.00361084 0.409334 -0.745209 0.201203 1089.28 0.00361084 1 2.87137 5.06197 0.25 29375.3
0 47 212 phononTF 0.0038674 0.223283 -0.0220131 -0.0483813 183.901 0.0038674 1 8.28238 -8.35866 -0.25 18208.4
0 47 221 phononTS 0.00497785 0.0617219 0.117224 0.213582 415.345 0.00497785 1 4.90872 -1.57503 -0.25 26986.2
0 47 220 phononTS 0.00482684 0.0617219 0.117224 0.213582 415.345 0.00482684 1 -2.35755 4.06142 -0.25 11709
0 47 225 phononL 0.00367014 -0.000614133 -0.000548018 -0.0222834 6.97918 0.00367014 1 3.99438 2.87165 -0.25 17990.6
0 47 227 phononTS 0.00376467 -0.253577 -0.236282 0.10059 256.842 0.00376467 1 9.67063 2.22189 0.25 72066.5
0 47 226 phononTS 0.00596638 -0.253577 -0.236282 0.10059 256.842 0.00596638 1 5.79693 -7.181 -0.25 4543.94
0 47 222 phononTF 0.00315354 0.00234512 -0.00348111 -0.0259901 6.38089 0.00315354 1 -5.96257 -0.705254 0.25 6867.37
0 47 231 phononTF 0.00640921 -0.239382 -0.122059 0.10896 514.52 0.00640921 1 3.16194 -5.35848 -0.25 6116.62
0 47 230 phononTF 0.00513086 -0.239382 -0.122059 0.10896 514.52 0.00513086 1 0.230317 -5.09678 -0.25 46487.7
0 47 235 phononTS 0.00319238 6.55262 -1.8906 -0.0779464 11968.2 0.00319238 1 3.42665 -5.79858 0.25 17346.3
0 47 234 phononL 0.00178305 6.55262 -1.8906 -0.0779464 11968.2 0.00178305 1 -1.70727 6.82587 -0.25 55743.7
0 47 232 phononTF 0.00423943 -0.0968583 -0.207404 -0.150425 227.83 0.00423943 1 -1.38892 -0.211354 -0.25 2455.97
0 48 17 phononTS 0.00353078 4.6281 1.45035 -0.161062 15119.4 0.00353078 1 5.98936 -0.376372 0.25 67224.1
0 48 16 phononL 0.00202063 4.6281 1.45035 -0.161062 15119.4 0.00202063 1 -5.61381 -4.91069 -0.25 58366.3
0 48 14 phononTF 0.00270278 4.08811 -1.43259 -0.154787 10679.1 0.00270278 1 9.30948 9.90878 0.25 30041.3
0 48 12 phononTS 0.00694184 0.0469809 0.0507541 -0.00671428 67.874 0.00694184 1 1.68317 -5.63418 0.25 42604
0 48 23 phononTS 0.00488871 1.32359 2.43807 0.10919 2487.59 0.00488871 1 0.067207 6.64245 -0.25 25724.6
0 48 22 phononTF 0.000967012 1.32359 2.43807 0.10919 2487.59 0.000967012 1 -1.83522 -3.40597 -0.25 59539.5
0 48 25 phononTF 0.00477332 -0.106265 0.483309 0.0892468 594.266 0.00477332 1 -1.03433 -4.74706 0.25 29061.2
0 48 24 phononTF 0.00442449 -0.106265 0.483309 0.0892468 594.266 0.00442449 1 -0.333118 1.25804 -0.25 2413.69
0 48 27 phononTF 0.00438553 2.49628 -2.96256 -0.243423 8385.58 0.00438553 1 -2.47683 -0.775779 -0.25 9861.97
0 48 26 phononTF 0.00253335 2.49628 -2.96256 -0.243423 8385.58 0.00253335 1 9.19701 -6.87579 0.25 24586.1
0 48 35 phononTS 0.00170523 1.06513 4.47714 0.047675 22088.7 0.00170523 1 0.727082 5.39468 -0.25 33159.7
0 48 34 phononTS 0.00169291 1.06513 4.47714 0.047675 22088.7 0.00169291 1 2.64107 6.0371 0.25 23900.2
0 48 32 phononTS 0.0044565 -5.29615 -2.44925 -0.186133 9758.17 0.0044565 1 -5.65336 4.17485 0.25 127395
0 48 30 phononTF 0.00594815 -0.0115333 -0.0531625 0.185442 608.079 0.00594815 1 -1.09584 -1.44852 0.25 2706.11
0 48 37 phononL 0.00341213 -1.27126 -0.180705 -0.177974 3100.47 0.00341213 1 -9.78536 -9.12828 0.25 41253.4
0 48 36 phononTS 0.00608269 -1.27126 -0.180705 -0.177974 3100.47 0.00608269 1 -1.51487 8.81834e-05 -0.25 3866.8
0 48 49 phononTF 0.00192651 5.8785 2.78532 0.214471 20168.2 0.00192651 1 5.43257 9.60172 -0.25 23229.5
0 48 48 phononTF 0.00383532 5.8785 2.78532 0.214471 20168.2 0.00383532 1 8.36383 -1.57163 -0.25 27485.6
0 48 46 phononTS 0.00219825 3.85056 2.00953 0.0529348 14351.3 0.00219825 1 3.79551 0.851138 0.25 15202.1
0 48 53 phononTF 0.0068785 1.0563 0.632982 0.0244153 3511.86 0.0068785 1 -2.06703 -0.802146 -0.25 8321.37
0 48 52 phononTS 0.00217019 1.0563 0.632982 0.0244153 3511.86 0.00217019 1 -5.76935 2.01376 -0.25 12387.2
0 48 50 phononTS 0.00471954 0.132661 0.0305484 -0.0120514 132.566 0.00471954 1 -0.104978 -0.559402 -0.25 729.222
0 48 61 phononTF 0.0053081 0.0476398 0.369494 -0.160891 288.088 0.0053081 1 -1.61239 3.04629 -0.25 7022.41
0 48 60 phononL 0.00322557 0.0476398 0.369494 -0.160891 288.088 0.00322557 1 -0.419458 5.07214 0.25 11649
0 48 63 phononTF 0.00526205 0.0960363 -0.0021945 -0.15236 268.356 0.00526205 1 -9.38599 -5.67119 -0.25 76867.1
0 48 65 phononTS 0.00263491 -1.45233 -4.65576 -0.241881 19305.8 0.00263491 1 -8.20835 1.22095 -0.25 66219.9
0 48 64 phononTS 0.00253268 -1.45233 -4.65576 -0.241881 19305.8 0.00253268 1 6.58006 2.1127 0.25 30753.5
0 48 67 phononTF 0.004495 0.00348199 -0.0402209 -0.107244 218.119 0.004495 1 1.2977 3.80635 -0.25 13178.5
0 48 69 phononTS 0.00895954 0.0853307 0.00382423 -0.183242 307.559 0.00895954 1 0.812435 0.58162 -0.25 4353.57
0 48 68 phononTF 0.00328201 0.0853307 0.00382423 -0.183242 307.559 0.00328201 1 8.45543 -4.28407 0.25 19654.9
0 48 75 phononTF 0.00284314 -0.220885 3.29313 0.101859 8187.96 0.00284314 1 6.88942 7.49108 -0.25 16962.6
0 48 74 phononTS 0.00293057 -0.220885 3.29313 0.101859 8187.96 0.00293057 1 -1.0102 3.30821 0.25 8533.25
0 48 72 phononTS 0.00240574 0.396366 0.453689 0.0847559 5256.66 0.00240574 1 -4.13577 -5.21991 0.25 75108.4
0 48 70 phononTS 0.0057496 -0.0496618 0.207119 -0.126548 608.656 0.0057496 1 -0.157804 -6.31851 -0.25 15286.1
0 48 83 phononTS 0.00402699 -1.54576 3.0771 0.0848805 7464.51 0.00402699 1 -2.19731 2.92997 -0.25 13737.4
0 48 82 phononTS 0.00227633 -1.54576 3.0771 0.0848805 7464.51 0.00227633 1 9.52678 9.4429 0.25 21167.3
0 48 85 phononL 0.00262841 2.92782 2.82617 0.090904 13910.1 0.00262841 1 0.872331 -8.09721 -0.25 57832.7
0 48 84 phononTF 0.0048499 2.92782 2.82617 0.090904 13910.1 0.0048499 1 5.75576 2.68506 -0.25 15858.4
0 48 78 phononTS 0.00232247 -0.074307 -0.0529048 -0.0217147 180.825 0.00232247 1 1.24634 8.44422 -0.25 64735.9
0 48 89 phononTS 0.00436441 0.240635 0.0838473 -0.154129 299.994 0.00436441 1 -8.63637 7.05943 -0.25 58834.7
0 48 88 phononTS 0.00789458 0.240635 0.0838473 -0.154129 299.994 0.00789458 1 0.0188306 -0.835692 -0.25 1282.68
0 48 93 phononTF 0.00472468 -0.170272 -0.246211 0.0560195 1529.67 0.00472468 1 -8.93828 -1.71583 0.25 49421.8
0 48 92 phononTF 0.00370903 -0.170272 -0.246211 0.0560195 1529.67 0.00370903 1 -4.70943 -7.99397 -0.25 6410.03
0 48 95 phononTS 0.00231066 0.351427 -0.363514 -0.0143235 632.551 0.00231066 1 9.8624 -0.273081 0.25 4718.48
0 48 94 phononTS 0.00441915 0.351427 -0.363514 -0.0143235 632.551 0.00441915 1 -0.644986 2.81904 0.25 15591.6
0 48 103 phononL 0.00217283 -1.14676 -6.08577 -0.0622336 30942.9 0.00217283 1 -5.17017 9.36229 -0.25 94534.8
0 48 102 phononTF 0.00370228 -1.14676 -6.08577 -0.0622336 30942.9 0.00370228 1 -1.18228 -0.968198 -0.25 42084.4
0 48 100 phononTF 0.00490597 0.470735 -0.161025 0.147186 4311.53 0.00490597 1 -1.25037 1.29451 -0.25 5033.37
0 48 107 phononTS 0.00249389 -0.0167292 -2.932 -0.0197653 4332.05 0.00249389 1 0.948206 5.51047 -0.25 15242.3
0 48 106 phononTF 0.0040886 -0.0167292 -2.932 -0.0197653 4332.05 0.0040886 1 8.01993 6.47929 -0.25 15043.4
0 48 109 phononL 0.00347014 -0.953645 0.953679 -0.0209059 2277.41 0.00347014 1 -6.52362 2.80005 0.25 18789.5
0 48 108 phononTS 0.00191473 -0.953645 0.953679 -0.0209059 2277.41 0.00191473 1 -3.83582 7.64916 0.25 24160.5
0 48 113 phononTS 0.00904677 -0.0443519 -0.0515848 -0.00838465 66.7515 0.00904677 1 0.286747 -0.213983 0.25 2063.75
0 48 115 phononTS 0.00319076 -0.0535332 -0.520505 0.0667042 189.902 0.00319076 1 5.19118 -1.60024 0.25 1751.7
0 48 114 phononTS 0.00495793 -0.0535332 -0.520505 0.0667042 189.902 0.00495793 1 -2.84152 5.9698 0.25 6016.67
0 48 121 phononTF 0.00223025 8.43799 -1.13852 -0.0594662 13637 0.00223025 1 3.20211 5.74289 0.25 31988.5
0 48 120 phononTF 0.00310834 8.43799 -1.13852 -0.0594662 13637 0.00310834 1 5.55811 -9.72992 -0.25 17084
0 48 118 phononTS 0.00408412 -0.170115 -0.00458462 -0.113419 1216.39 0.00408412 1 8.21901 -6.97108 -0.25 17044
0 48 125 phononTS 0.00319795 0.994427 4.79095 -0.0819372 13604.1 0.00319795 1 -5.07638 0.572974 -0.25 21335.7
0 48 124 phononL 0.00472373 0.994427 4.79095 -0.0819372 13604.1 0.00472373 1 2.0766 3.99688 0.25 18059
0 48 127 phononL 0.00249399 -1.58152 -0.595033 -0.0783601 7008.08 0.00249399 1 4.35615 -9.40498 0.25 80373.7
0 48 126 phononL 0.00553899 -1.58152 -0.595033 -0.0783601 7008.08 0.00553899 1 -0.680069 -0.40108 0.25 7536.23
0 48 137 phononTF 0.005923 -0.269984 -0.637614 -0.0431167 1062.34 0.005923 1 -2.05724 -6.15046 -0.25 10992.6
0 48 136 phononL 0.00272127 -0.269984 -0.637614 -0.0431167 1062.34 0.00272127 1 -8.48625 0.823283 0.25 10103.1
0 48 134 phononTS 0.00898984 -0.0571639 0.0750947 -0.0698902 155.4 0.00898984 1 0.37777 0.482258 -0.25 1716.66
0 48 132 phononTF 0.00221573 -0.0531992 -0.00185834 -0.00713461 57.6232 0.00221573 1 6.54206 -4.0781 -0.25 21631
0 48 145 phononTS 0.00436654 -0.678567 0.0594791 0.186103 2516.53 0.00436654 1 -3.82931 0.577664 -0.25 5257.82
0 48 144 phononTS 0.00271686 -0.678567 0.0594791 0.186103 2516.53 0.00271686 1 -1.70929 0.0224732 -0.25 3220.62
0 48 142 phononTS 0.00619733 -0.0254498 -0.103903 0.0753016 461.535 0.00619733 1 1.57632 -5.11099 -0.25 5153.68
0 48 147 phononTS 0.00290776 -0.69213 1.67339 0.0343749 20007.2 0.00290776 1 9.27504 9.41653 0.25 34569.7
0 48 146 phononTS 0.00187145 -0.69213 1.67339 0.0343749 20007.2 0.00187145 1 -9.05439 -9.42342 0.25 128751
0 48 149 phononTF 0.00357955 0.972698 0.383527 -0.0258468 3696.75 0.00357955 1 0.712791 -6.11592 0.25 13904.9
0 48 148 phononTS 0.00660151 0.972698 0.383527 -0.0258468 3696.75 0.00660151 1 -1.90516 -4.14784 -0.25 12071.8
0 48 155 phononTS 0.00607078 -0.554326 0.0908041 0.243515 467.713 0.00607078 1 0.399609 2.72882 0.25 5007.02
0 48 154 phononTS 0.00362529 -0.554326 0.0908041 0.243515 467.713 0.00362529 1 4.24296 1.37128 0.25 39178.4
0 48 159 phononTS 0.00609331 0.0968974 0.203338 0.0685569 188.621 0.00609331 1 -1.77385 2.52377 -0.25 17733.4
0 48 158 phononTF 0.00479665 0.0968974 0.203338 0.0685569 188.621 0.00479665 1 -2.78283 -5.06268 -0.25 28509.8
0 48 156 phononTF 0.00580819 0.0445583 0.0551944 -0.00215018 99.0732 0.00580819 1 1.72691 -1.9476 -0.25 8301.72
0 48 165 phononTS 0.00454605 -0.677145 1.24231 -0.0726894 1845.92 0.00454605 1 -9.88701 8.59893 -0.25 14598.6
0 48 164 phononL 0.00287418 -0.677145 1.24231 -0.0726894 1845.92 0.00287418 1 2.39915 -2.88139 0.25 39995.5
0 48 169 phononL 0.00430459 -1.14708 0.597026 0.2092 4088.79 0.00430459 1 0.605111 1.06957 0.25 10041.1
0 48 168 phononTS 0.00145685 -1.14708 0.597026 0.2092 4088.79 0.00145685 1 -5.90091 -9.06313 -0.25 72069.3
0 48 166 phononTF 0.00396285 -0.639061 1.22499 -0.217555 2286.3 0.00396285 1 9.26491 9.51289 0.25 46761.6
0 48 177 phononTS 0.00105185 4.15951 -6.97471 0.179995 13298.9 0.00105185 1 -2.859 8.72042 0.25 43308.7
0 48 176 phononTF 0.00282553 4.15951 -6.97471 0.179995 13298.9 0.00282553 1 8.70759 -9.25584 -0.25 34377.4
0 48 174 phononTS 0.00390138 -0.980211 -2.58305 -0.00930393 4419.83 0.00390138 1 -1.43363 -2.78624 0.25 9888.51
0 48 172 phononTF 0.00423351 -0.24196 0.0661521 -0.107161 464.071 0.00423351 1 -4.80586 2.21662 -0.25 5117.54
0 48 179 phononL 0.00455863 0.0295201 0.0303815 0.000356008 64.8521 0.00455863 1 -7.86602 7.07886 -0.25 17231
0 48 183 phononTF 0.0043488 1.01699 3.33921 -0.0444976 7768.86 0.0043488 1 -4.53086 3.33928 -0.25 9426.15
0 48 182 phononL 0.00239711 1.01699 3.33921 -0.0444976 7768.86 0.00239711 1 7.76412 3.51683 0.25 14046
0 48 180 phononTF 0.00306379 1.1634 1.63229 0.00338294 3851.5 0.00306379 1 6.33427 -6.80197 -0.25 72509.1
0 48 197 phononTS 0.00339307 -0.0338839 -0.644566 -0.114194 3883.52 0.00339307 1 -3.084 -1.56551 -0.25 7547.65
0 48 196 phononTS 0.00387892 -0.0338839 -0.644566 -0.114194 3883.52 0.00387892 1 3.60135 5.48073 0.25 28730.8
0 48 199 phononTF 0.0043155 -0.968625 -2.31628 0.000785777 6860.03 0.0043155 1 -5.9381 -5.9348 -0.25 64107.8
0 48 198 phononTS 0.0042468 -0.968625 -2.31628 0.000785777 6860.03 0.0042468 1 -8.20815 2.43114 -0.25 13077.7
0 48 203 phononTS 0.0048017 9.83416 -9.6216 0.00610132 15447.8 0.0048017 1 5.75545 -0.637311 0.25 35881.7
0 48 202 phononTF 0.000958778 9.83416 -9.6216 0.00610132 15447.8 0.000958778 1 4.83535 -1.49436 -0.25 32915.6
0 48 205 phononTS 0.00368137 2.84758 -6.34533 -0.143774 18342.5 0.00368137 1 4.94873 3.84031 0.25 39808.8
0 48 204 phononTF 0.00252848 2.84758 -6.34533 -0.143774 18342.5 0.00252848 1 -4.54144 9.3747 -0.25 95342.8
0 48 209 phononTF 0.00540404 -0.495531 -0.373965 -0.100241 1159.49 0.00540404 1 -4.52186 -7.34922 -0.25 22341.5
0 48 208 phononTF 0.0050704 -0.495531 -0.373965 -0.100241 1159.49 0.0050704 1 -1.30328 0.0240615 0.25 4001.08
0 48 213 phononTF 0.0043528 0.724335 -0.639459 0.105961 1365.1 0.0043528 1 4.57127 1.80296 0.25 8823.36
0 48 212 phononTS 0.00201572 0.724335 -0.639459 0.105961 1365.1 0.00201572 1 -2.07792 -6.81033 0.25 6950.21
0 48 210 phononTS 0.00255924 0.717772 -0.61638 0.11665 1358.53 0.00255924 1 0.889841 -5.1559 -0.25 79727.4
0 48 215 phononTF 0.0104446 -0.00148947 -0.00168378 -0.0235835 1.56149 0.0104446 1 0.230921 0.238476 0.25 547.128
0 48 219 phononL 0.00303002 -0.389498 4.17426 -0.24931 2910.4 0.00303002 1 -0.797908 6.49036 -0.25 4805.2
0 48 218 phononTS 0.00180959 -0.389498 4.17426 -0.24931 2910.4 0.00180959 1 9.05399 8.79803 0.25 7475.26
0 48 223 phononTF 0.00308655 0.684712 -0.252751 0.230052 1474.58 0.00308655 1 7.39032 8.94327 -0.25 10742.3
0 48 222 phononTS 0.00617735 0.684712 -0.252751 0.230052 1474.58 0.00617735 1 3.15733 -3.55129 -0.25 16393
0 48 220 phononTS 0.00557593 -0.0157007 0.0391215 -0.142704 100.935 0.00557593 1 -1.11487 0.0417472 0.25 3686.53
0 48 231 phononTF 0.00549589 -0.14686 -0.488614 0.14216 1073.34 0.00549589 1 -0.875542 -5.94561 0.25 9231.55
0 48 230 phononTS 0.00335909 -0.14686 -0.488614 0.14216 1073.34 0.00335909 1 -7.95002 -6.33591 -0.25 7805.2
0 48 235 phononTF 0.00369124 -6.97228 8.63701 -0.176914 39110.9 0.00369124 1 1.04279 6.48415 0.25 52319.9
0 48 234 phononTS 0.00216403 -6.97228 8.63701 -0.176914 39110.9 0.00216403 1 3.87687 7.56876 -0.25 43714.1
0 48 232 phononTF 0.00241778 0.648024 -0.282944 0.13835 1300.1 0.00241778 1 2.76065 -4.60251 0.25 6301.44
0 48 237 phononTS 0.00218947 1.79869 3.07572 0.156423 1259.11 0.00218947 1 2.45363 8.4615 0.25 2418.31
0 48 236 phononTS 0.00339791 1.79869 3.07572 0.156423 1259.11 0.00339791 1 9.41685 -7.07629 0.25 17069.8
0 48 241 phononTF 0.00342009 -1.06687 -5.03487 0.220688 5053.45 0.00342009 1 -9.18238 -7.27859 0.25 18663.3
0 48 240 phononTS 0.00118781 -1.06687 -5.03487 0.220688 5053.45 0.00118781 1 1.11069 -1.31903 -0.25 18237.1
0 48 238 phononTS 0.00132639 -1.25688 -4.54352 -0.235292 4975.22 0.00132639 1 -4.06686 -9.68393 -0.25 25188.7
0 48 247 phononL 0.00367061 -0.797255 3.67465 -0.145061 9578.2 0.00367061 1 9.54292 6.95245 -0.25 31677.2
0 48 246 phononTF 0.00296827 -0.797255 3.67465 -0.145061 9578.2 0.00296827 1 -9.78297 -9.12166 0.25 22308.5
0 48 244 phononTF 0.0075753 -0.13077 -0.0306788 0.229909 176.092 0.0075753 1 3.90292 0.824014 0.25 10047
0 48 251 phononTF 0.00869504 -0.191437 -0.122006 -0.131139 401.848 0.00869504 1 0.312875 0.252613 -0.25 914.348
0 48 253 phononTS 0.00282095 -4.157 -0.134804 0.237963 11503.4 0.00282095 1 -9.69077 5.92325 -0.25 14664.7
0 48 252 phononTS 0.00294564 -4.157 -0.134804 0.237963 11503.4 0.00294564 1 -5.31685 0.25673 -0.25 12140.8
0 48 248 phononL 0.00666232 0.0111495 -0.0270645 -0.0599738 78.25 0.00666232 1 -7.15323 -0.572459 -0.25 8719.62
0 49 13 phononL 0.0120276 0.0861344 0.0215043 -0.0765362 108.426 0.0120276 1 0.415198 -0.415448 0.25 961.031
0 49 15 phononTS 0.00170078 -2.57465 -3.18108 0.0726171 68593.9 0.00170078 1 7.41924 5.18546 -0.25 95607.7
0 49 14 phononTS 0.00239412 -2.57465 -3.18108 0.0726171 68593.9 0.00239412 1 -1.39525 -6.074 -0.25 73710.2
0 49 17 phononTS 0.0029047 -0.332331 -4.13949 0.0519139 9021.69 0.0029047 1 0.0538334 10 0.197473 14281.8
0 49 16 phononTS 0.002541 -0.332331 -4.13949 0.0519139 9021.69 0.002541 1 7.33175 -0.515759 -0.25 36208.6
0 49 25 phononTS 0.00596953 0.161174 -0.188304 0.0961948 251.136 0.00596953 1 -1.2195 -1.93263 0.25 2115.89
0 49 24 phononTF 0.00454265 0.161174 -0.188304 0.0961948 251.136 0.00454265 1 -0.13997 8.63209 -0.25 7445.16
0 49 29 phononTF 0.00411417 -0.117644 -0.831685 0.0691691 1046.18 0.00411417 1 -3.08824 6.25991 -0.25 11864
0 49 28 phononTS 0.00383302 -0.117644 -0.831685 0.0691691 1046.18 0.00383302 1 3.67146 8.11322 0.25 18687.1
0 49 31 phononTS 0.00244929 1.84572 8.35504 -0.146915 37519.2 0.00244929 1 -5.4038 -3.61427 -0.25 58359.1
0 49 30 phononL 0.00260473 1.84572 8.35504 -0.146915 37519.2 0.00260473 1 8.65141 2.32791 -0.25 41084.4
0 49 33 phononTF 0.00544169 -2.04549 1.5312 0.169078 1480.39 0.00544169 1 3.36548 5.53849 0.25 13074.3
0 49 32 phononL 0.00314101 -2.04549 1.5312 0.169078 1480.39 0.00314101 1 5.51873 7.54711 0.25 46126.1
0 49 41 phononTS 0.00511574 -2.26635 1.04574 0.152635 2184.99 0.00511574 1 -7.68773 -1.41401 -0.25 5872.04
0 49 40 phononTS 0.00159295 -2.26635 1.04574 0.152635 2184.99 0.00159295 1 6.13725 6.13255 -0.25 11551.8
0 49 38 phononTS 0.00375631 -0.121999 0.324526 -0.00307172 937.32 0.00375631 1 -0.0394992 -7.59999 0.25 22579.5
0 49 43 phononTS 0.00199413 -1.40923 1.59935 -0.161663 4880.42 0.00199413 1 -9.72966 -8.81642 -0.25 26043.3
0 49 42 phononL 0.00500287 -1.40923 1.59935 -0.161663 4880.42 0.00500287 1 0.652072 -1.90989 -0.25 13020.1
0 49 45 phononTF 0.00382657 -2.14181 -0.97132 0.208855 7264.31 0.00382657 1 -8.80744 8.07114 -0.25 36998.3
0 49 44 phononTF 0.00361162 -2.14181 -0.97132 0.208855 7264.31 0.00361162 1 4.17154 4.75404 0.25 56565
0 49 57 phononL 0.003232 -0.142293 -0.108432 -0.151427 7470.5 0.003232 1 0.269727 5.78445 0.25 25975
0 49 56 phononTF 0.00417967 -0.142293 -0.108432 -0.151427 7470.5 0.00417967 1 -1.27944 -1.00908 0.25 8012.4
0 49 54 phononTS 0.00165772 1.02742 1.14372 0.213155 5364.16 0.00165772 1 -8.53843 -4.94494 -0.25 66978.3
0 49 59 phononTS 0.00708597 0.970188 0.513056 0.105282 3038.1 0.00708597 1 2.37734 8.43142 -0.25 22274.5
0 49 58 phononTF 0.00339369 0.970188 0.513056 0.105282 3038.1 0.00339369 1 0.2133 1.20656 -0.25 58923.7
0 49 65 phononL 0.00536759 1.55471 1.00925 -0.108829 6485.17 0.00536759 1 1.05117 10 -0.0445972 24608.6
0 49 64 phononTF 0.00156659 1.55471 1.00925 -0.108829 6485.17 0.00156659 1 -10 -7.88166 0.180153 63905.2
0 49 62 phononTF 0.00703301 0.212246 0.37685 0.110965 461.558 0.00703301 1 -1.8004 -0.313776 0.25 4590.43
0 49 69 phononTF 0.00294299 -2.41614 -5.56112 0.207074 6475.44 0.00294299 1 -6.53922 -9.87895 -0.25 11095.3
0 49 68 phononTF 0.00349025 -2.41614 -5.56112 0.207074 6475.44 0.00349025 1 -1.84269 -5.00141 -0.25 7329.26
0 49 66 phononTS 0.00435415 -0.00216515 -0.657363 -0.249925 994.604 0.00435415 1 0.484574 -0.299813 0.25 1720.15
0 49 77 phononTF 0.00396112 -0.573259 -0.548317 0.156542 1835.84 0.00396112 1 -8.18722 -0.190615 -0.25 58763.1
0 49 79 phononTS 0.00265386 -0.595748 -2.61086 -0.101796 13787.1 0.00265386 1 0.589216 -3.52205 0.25 14507.7
0 49 78 phononTF 0.00250487 -0.595748 -2.61086 -0.101796 13787.1 0.00250487 1 9.59554 2.02968 -0.25 40300.7
0 49 74 phononTS 0.0053783 0.0951469 -0.0851231 0.0247711 107.319 0.0053783 1 -1.79719 -2.92934 -0.25 7124.78
0 49 81 phononTS 0.00278449 0.792237 -0.45963 0.181641 6986.93 0.00278449 1 1.19819 -0.517821 -0.25 7147.42
0 49 80 phononTS 0.00543208 0.792237 -0.45963 0.181641 6986.93 0.00543208 1 9.18164 6.30033 -0.25 19810.4
0 49 87 phononTF 0.00216835 7.14162 -2.21333 -0.236093 13756.3 0.00216835 1 0.437418 -8.06179 -0.25 22060
0 49 86 phononTF 0.0019585 7.14162 -2.21333 -0.236093 13756.3 0.0019585 1 -4.95618 -8.97781 0.25 41606
0 49 89 phononTS 0.00510709 -0.657312 0.695498 -0.0158796 3203.12 0.00510709 1 6.93356 6.95783 0.25 25766
0 49 88 phononL 0.00327892 -0.657312 0.695498 -0.0158796 3203.12 0.00327892 1 -7.53462 4.02413 0.25 23930.4
0 49 82 phononTF 0.00499171 0.0139432 -0.0573395 -0.0190966 55.8962 0.00499171 1 -4.57345 0.9703 -0.25 50043.4
0 49 97 phononTF 0.00242841 0.0932587 0.797449 -0.162585 1508.56 0.00242841 1 -9.06779 -9.99762 0.25 6930.65
0 49 99 phononTF 0.00219351 -0.952182 -3.81606 -0.0376006 6030.52 0.00219351 1 -9.7993 -9.17669 0.25 25436.9
0 49 98 phononL 0.00354509 -0.952182 -3.81606 -0.0376006 6030.52 0.00354509 1 -7.71518 7.30975 -0.25 12884.9
0 49 94 phononTF 0.00371967 -0.0782397 0.0152073 -0.0279315 42.4634 0.00371967 1 -9.24915 9.93692 -0.25 13664
0 49 92 phononTS 0.00568281 -0.0615315 0.00178367 -0.0166839 39.8587 0.00568281 1 4.62776 -9.07468 0.25 9365.55
0 49 105 phononTF 0.00236788 -3.94618 -0.368707 0.0239511 1961.93 0.00236788 1 1.86488 2.04785 -0.25 3170.16
0 49 104 phononL 0.00366496 -3.94618 -0.368707 0.0239511 1961.93 0.00366496 1 -5.19988 2.89754 -0.25 16620.7
0 49 102 phononTF 0.00668843 0.0648174 -0.0348186 -0.197029 373.787 0.00668843 1 2.14387 -1.27015 0.25 4895.13
0 49 107 phononTS 0.00385749 -1.05991 1.55394 0.0524828 1210.36 0.00385749 1 -0.142288 7.37967 -0.25 8812.66
0 49 106 phononL 0.00542151 -1.05991 1.55394 0.0524828 1210.36 0.00542151 1 6.12183 -4.72537 0.25 11333.5
0 49 113 phononTF 0.00852383 0.00371162 0.002559 0.01504 40.7941 0.00852383 1 -0.83198 0.141598 0.25 10143.1
0 49 115 phononTS 0.00636931 -0.152374 0.55342 -0.16013 1438.75 0.00636931 1 2.82121 -2.48752 -0.25 5679.3
0 49 114 phononTS 0.003866 -0.152374 0.55342 -0.16013 1438.75 0.003866 1 -4.23518 -0.814948 0.25 3896.71
0 49 119 phononTS 0.0053782 -0.485117 1.51357 -0.246317 1999.52 0.0053782 1 -1.16859 7.95747 0.25 22913.1
0 49 118 phononTF 0.0022513 -0.485117 1.51357 -0.246317 1999.52 0.0022513 1 5.00908 -8.91613 -0.25 8682.38
0 49 116 phononL 0.00436035 -0.150964 0.949915 -0.174083 1498.92 0.00436035 1 3.78791 -1.66027 -0.25 15388.1
0 49 125 phononTF 0.00734276 -1.43681 -0.254116 -0.153899 2291.83 0.00734276 1 0.0354567 -6.38068 -0.25 14470.3
0 49 124 phononTS 0.000658475 -1.43681 -0.254116 -0.153899 2291.83 0.000658475 1 3.61051 -9.4416 -0.25 34394.3
0 49 122 phononL 0.0079577 -0.0920001 0.0692436 -0.0154957 153.265 0.0079577 1 -0.609774 -2.21247 0.25 3158.96
0 49 120 phononTS 0.00545235 -0.0045391 0.012542 -0.0138398 10.1056 0.00545235 1 -3.20069 0.318595 -0.25 6389.09
0 49 139 phononL 0.00479499 -0.840073 -0.948012 -0.219351 4507.75 0.00479499 1 -4.6063 -8.11231 0.25 27946.7
0 49 138 phononTS 0.00347574 -0.840073 -0.948012 -0.219351 4507.75 0.00347574 1 2.18662 -7.8128 -0.25 9885.58
0 49 136 phononTF 0.00367104 -0.508937 -0.904972 -0.236413 927.815 0.00367104 1 -0.588299 -4.31286 -0.25 4959.82
0 49 141 phononTS 0.00467307 -0.366077 1.29921 -0.0617381 3873.08 0.00467307 1 0.925631 2.59816 0.25 5250.68
0 49 140 phononL 0.00558503 -0.366077 1.29921 -0.0617381 3873.08 0.00558503 1 -0.599082 6.78738 0.25 38233.9
0 49 145 phononL 0.0041244 -0.231672 -0.555521 0.135467 1476.31 0.0041244 1 3.47885 -4.23319 -0.25 3023.73
0 49 147 phononTS 0.003683 0.0833175 -0.0402743 0.0609953 2043.87 0.003683 1 0.436032 -2.29994 -0.25 4752.26
0 49 146 phononTF 0.0033725 0.0833175 -0.0402743 0.0609953 2043.87 0.0033725 1 -4.9799 -5.01407 0.25 5607.3
0 49 142 phononL 0.0060649 0.0298136 0.127075 -0.134844 207.112 0.0060649 1 8.56531 1.48722 0.25 14593.9
0 49 155 phononTF 0.00571478 -1.36546 -0.00986111 -0.140358 2322.16 0.00571478 1 3.44619 -6.73447 0.25 22309.9
0 49 154 phononTS 0.00549307 -1.36546 -0.00986111 -0.140358 2322.16 0.00549307 1 -5.45324 3.19009 -0.25 27538.7
0 49 152 phononTF 0.0033246 -0.0736279 0.106285 -0.0696457 198.502 0.0033246 1 -1.25534 -1.43902 -0.25 782.092
0 49 157 phononL 0.00251128 2.88772 -2.07431 0.184362 4106.55 0.00251128 1 -0.739897 5.93486 -0.25 12558
0 49 156 phononTF 0.0053724 2.88772 -2.07431 0.184362 4106.55 0.0053724 1 5.86962 -7.38122 -0.25 8702.65
0 49 161 phononTS 0.00587969 0.286505 0.150959 -0.087134 271.902 0.00587969 1 -3.17874 0.0769513 -0.25 39105.6
0 49 163 phononTS 0.00149532 4.8099 2.6273 0.180317 15732.5 0.00149532 1 -7.31109 -9.75878 0.25 31466.9
0 49 162 phononTF 0.00285456 4.8099 2.6273 0.180317 15732.5 0.00285456 1 6.45762 8.22731 -0.25 18753.7
0 49 167 phononL 0.00299933 -0.102626 1.51182 0.246686 1975.92 0.00299933 1 3.8387 9.1534 -0.25 8427.18
0 49 169 phononTF 0.00367713 -5.56557 4.29488 0.194847 18399.4 0.00367713 1 4.74695 8.37633 0.25 41155.8
0 49 168 phononL 0.00241951 -5.56557 4.29488 0.194847 18399.4 0.00241951 1 8.44847 0.843908 -0.25 87412.8
0 49 164 phononTS 0.00497156 -0.0290132 -0.0854846 0.0454239 148.832 0.00497156 1 8.70728 -7.17979 -0.25 39465.8
0 49 179 phononTS 0.00393689 -0.0696913 -1.16502 -0.228588 8228.98 0.00393689 1 0.473473 -1.94783 0.25 9261.91
0 49 178 phononTF 0.0037375 -0.0696913 -1.16502 -0.228588 8228.98 0.0037375 1 -7.97475 -5.90228 0.25 36351.1
0 49 176 phononTS 0.00380087 -0.302183 0.340645 0.221696 2006.13 0.00380087 1 -2.87524 -9.63979 0.25 15185.4
0 49 181 phononL 0.00558178 -0.0565177 0.0364047 0.0349121 200.285 0.00558178 1 -0.379743 1.17918 0.25 579.727
0 49 183 phononTF 0.00366694 -0.386743 0.856693 0.0164981 1435.66 0.00366694 1 5.04113 -5.27752 0.25 25264.1
0 49 182 phononL 0.00502017 -0.386743 0.856693 0.0164981 1435.66 0.00502017 1 1.163 3.94144 0.25 12452.2
0 49 187 phononTS 0.00410352 -0.584906 -0.658441 -0.0246706 1874.49 0.00410352 1 -7.39873 -10 -0.151536 9752.65
0 49 189 phononTF 0.00475252 0.170319 1.26422 0.0280064 11385.3 0.00475252 1 -0.556301 -0.33922 0.25 12927.7
0 49 188 phononTF 0.0023707 0.170319 1.26422 0.0280064 11385.3 0.0023707 1 4.13246 -7.02485 -0.25 31218.2
0 49 191 phononL 0.00283766 0.414065 -3.19815 -0.18282 3617.02 0.00283766 1 7.71367 1.77454 0.25 16791.8
0 49 195 phononTF 0.00199306 -1.44064 -1.40807 0.118557 5838.26 0.00199306 1 -5.49362 -9.33947 0.25 12559
0 49 194 phononTS 0.00178813 -1.44064 -1.40807 0.118557 5838.26 0.00178813 1 2.30736 -9.0748 0.25 31024.6
0 49 192 phononTF 0.00122392 -0.354027 -2.5115 -0.0329075 5623.86 0.00122392 1 -0.337423 -3.14844 -0.25 36735.2
0 49 203 phononTF 0.00289928 -9.46512 -5.21545 -0.097526 21558.2 0.00289928 1 -9.10663 -9.15687 0.25 40385.8
0 49 202 phononTF 0.00303561 -9.46512 -5.21545 -0.097526 21558.2 0.00303561 1 8.90788 -3.70458 0.25 62208.5
0 49 207 phononTS 0.00219765 -3.52777 1.81735 -0.226998 89214.5 0.00219765 1 4.15255 -1.67352 -0.25 133056
0 49 206 phononTF 0.00317916 -3.52777 1.81735 -0.226998 89214.5 0.00317916 1 8.35895 0.533467 0.25 192609
0 49 204 phononTF 0.00125633 -2.0977 -0.238807 -0.0782132 14642.6 0.00125633 1 -4.84849 -1.06414 -0.25 15659.2
0 49 198 phononTS 0.00872812 0.0190058 -0.0122973 -0.0194816 27.3395 0.00872812 1 0.63995 1.04931 -0.25 3871.95
0 49 215 phononTF 0.00371685 -1.55806 -3.37848 -0.0361192 2964.13 0.00371685 1 1.67564 9.67262 -0.25 31543.7
0 49 214 phononTS 0.00289316 -1.55806 -3.37848 -0.0361192 2964.13 0.00289316 1 0.481213 -10 0.234137 47669.6
0 49 217 phononTF 0.00201617 2.54198 0.122319 -0.223679 12033.4 0.00201617 1 6.06071 -1.94104 0.25 18501.8
0 49 216 phononTS 0.00276626 2.54198 0.122319 -0.223679 12033.4 0.00276626 1 -9.01548 -9.33252 0.25 17412.3
0 49 210 phononTF 0.0077675 0.0154936 -0.0254559 -0.0421199 90.7062 0.0077675 1 1.17061 1.04207 -0.25 6961.19
0 49 223 phononTS 0.00430871 -0.0402656 0.146965 -0.0924795 1409.92 0.00430871 1 0.362931 3.66816 -0.25 15427.6
0 49 225 phononTS 0.00438192 1.53502 -2.13623 -0.0765918 3317.26 0.00438192 1 -1.66065 -5.11478 0.25 10347.7
0 49 224 phononTF 0.00164522 1.53502 -2.13623 -0.0765918 3317.26 0.00164522 1 9.44278 -7.81837 0.25 8512.62
0 49 220 phononTS 0.00130117 -0.132566 0.409258 -0.0555204 1152.36 0.00130117 1 9.51093 9.7762 0.25 26272.2
0 49 227 phononTF 0.00514689 1.2683 1.48481 -0.233551 3265.8 0.00514689 1 6.93972 -2.23229 -0.25 8187.58
0 49 229 phononTF 0.00261024 3.84001 -1.17103 0.198689 7530.45 0.00261024 1 -8.63743 5.47949 0.25 53881.5
0 49 228 phononTF 0.00151023 3.84001 -1.17103 0.198689 7530.45 0.00151023 1 -7.60101 5.79379 0.25 20300.6
0 49 239 phononTF 0.00355364 -0.147025 -0.805964 0.0994815 2146.96 0.00355364 1 -1.39826 4.95619 -0.25 14496.5
0 49 238 phononTF 0.00342786 -0.147025 -0.805964 0.0994815 2146.96 0.00342786 1 8.19312 -5.41019 0.25 71120.1
0 49 241 phononTF 0.00416511 0.458676 -0.117022 0.229469 591.933 0.00416511 1 8.79435 -0.00921457 0.25 7453.93
0 49 240 phononL 0.00363651 0.458676 -0.117022 0.229469 591.933 0.00363651 1 -3.87332 -9.74374 0.25 7770.51
0 49 245 phononL 0.00537684 -2.14072 0.852477 0.0521614 3421.92 0.00537684 1 2.61995 -0.680421 0.25 13209.4
0 49 244 phononTF 0.00243808 -2.14072 0.852477 0.0521614 3421.92 0.00243808 1 4.99413 3.13997 -0.25 8259.26
0 49 242 phononTS 0.00293452 -0.156364 0.00551337 -0.0969967 888.071 0.00293452 1 4.60278 9.78824 0.25 52049.4
0 49 251 phononTS 0.00174616 1.15741 -0.592356 -0.0511653 2197.47 0.00174616 1 6.81354 0.994539 -0.25 24533.8
0 49 250 phononTF 0.00216134 1.15741 -0.592356 -0.0511653 2197.47 0.00216134 1 -5.81088 0.441495 -0.25 4752.12
0 49 248 phononTS 0.00352541 1.02107 -0.909094 -0.157057 2091.69 0.00352541 1 0.902589 7.68414 -0.25 4027.14
0 49 253 phononTS 0.00470307 -0.0124732 -0.223697 -0.143087 112.416 0.00470307 1 -1.29109 1.61878 -0.25 2761.35
0 49 255 phononTF 0.00159144 7.69923 -1.81358 -0.0171082 11175.6 0.00159144 1 0.84424 8.12849 -0.25 16117.3
0 49 254 phononTF 0.00267078 7.69923 -1.81358 -0.0171082 11175.6 0.00267078 1 -8.61428 9.06165 0.25 53661.3
0 49 257 phononTS 0.00469593 0.31463 0.168158 -0.125807 649.793 0.00469593 1 0.536644 1.17733 0.25 2788.35
0 49 259 phononTF 0.00335073 -0.0333073 0.882254 0.151468 2046.51 0.00335073 1 0.0198522 -1.78615 0.25 27857.3
0 49 258 phononTS 0.00287308 -0.0333073 0.882254 0.151468 2046.51 0.00287308 1 4.39804 -8.75998 0.25 8778.81
