Run ID,Event ID,Track ID,Particle Name,Start Energy [eV],Start X [mm],Start Y [mm],Start Z [mm],Start Time [ns],Energy Deposited [eV],Track Weight,End X [mm],End Y [mm],End Z [mm],Final Time [ns],Volume Name
0 6 2 phononTS 0.00160768 -1.35743 2.42846 -0.0193456 2448.95 0.00069486 1 0.0791665 -0.232505 0.05 17640.4
0 6 4 phononL 0.00045129 0.0791665 -0.232505 0.049999 17640.4 0.00034743 1 0.0638063 -0.174126 0.05 17695.5
0 8 2 phononTS 0.00228802 0.154402 -0.233275 -0.000647267 92.2238 0.00069486 1 0.114772 -0.222403 0.05 115.487
0 39 12 phononTF 0.00145158 -0.0450689 -1.11737 0.0277347 7792.8 0.00069486 1 -0.0912407 -0.253167 0.05 10239.3
0 44 19 phononTS 0.00125919 -0.376401 0.0761303 0.049999 11844.6 0.00069486 1 -0.0340161 -0.122249 0.05 11998.4
0 48 3 phononTS 0.00168346 -0.0716044 -0.206569 0.0368408 190.564 0.00069486 1 -0.0544972 -0.170051 0.05 204.603
0 48 2 phononTS 0.00231654 -0.0716044 -0.206569 0.0368408 190.564 0.00104229 1 -0.0518836 -0.258688 0.05 209.126
0 48 26 phononTF 0.000440472 -0.0518836 -0.258688 0.049999 209.126 0.00034743 1 -0.0580824 -0.167462 0.05 19268.8
0 49 24 phononTS 0.00139225 -0.140469 0.0673689 0.049999 44299.2 0.00104229 1 -0.0392232 -0.243418 0.05 50294.9
0 59 1 phononL 0.004 1.23737 0.512262 0.0222805 0 0.00173715 1 -0.0656498 -0.293202 0.05 5223.51
0 59 2 phononTF 0.00059299 -0.0656498 -0.293202 0.049999 5223.51 0.00034743 1 -0.0686725 -0.278473 0.05 5322.16
0 70 3 phononTS 0.00132999 1.25252 1.76378 0.0267893 826.097 0.00069486 1 -0.109392 -0.172472 0.05 8942.55
0 71 2 phononTF 0.00203606 0.155906 -0.493904 -0.0326415 33.9465 0.00104229 1 -0.104896 -0.22733 0.05 9678.11
0 85 4 phononTS 0.00038472 -0.168366 0.0247771 0.049999 10737.9 0.00034743 1 -0.0745382 -0.269971 0.05 10947
0 94 2 phononTS 0.000625074 -0.264972 0.0374482 0.049999 1909.89 0.00034743 1 -0.0794481 -0.126681 0.05 2308.21
0 102 1 phononTF 0.004 0.320268 0.00924653 0.0161224 0 0.00104229 1 0.060596 -0.146937 0.05 199.287
0 127 2 phononTS 0.00157756 -0.616758 1.01308 -0.0491229 814.537 0.00069486 1 -0.0683251 -0.236763 0.05 12997.8
0 160 3 phononTS 0.0023761 -0.655743 -2.00722 -0.0133802 10715.7 0.00104229 1 0.0601398 -0.189636 0.05 12271.8
0 160 6 phononTS 0.000773613 0.0601398 -0.189636 0.049999 12271.8 0.00034743 1 0.112684 -0.160933 0.05 12573
0 161 2 phononTF 0.00215425 2.24368 2.18121 0.0336212 54.9817 0.00138972 1 0.0488523 -0.204365 0.05 2773.74
0 169 1 phononL 0.004 0.112372 -0.120004 0.00410594 0 0.00069486 1 0.0773001 -0.172057 0.05 14.2418
0 169 2 phononTS 0.00288865 0.0773001 -0.172057 0.049999 14.2418 0.00138972 1 0.0609412 -0.169314 0.05 18.8699
0 170 2 phononTF 0.00183495 -1.51646 2.31159 0.0140135 1277.23 0.00069486 1 -0.116809 -0.179459 0.05 7638.14
0 176 6 phononTF 0.000466076 -1.45082 0.0618248 0.049999 14477.7 0.00034743 1 -0.0788124 -0.244115 0.05 18300.7
0 182 1 phononTS 0.004 -0.0511198 -1.11142 0.0201043 0 0.00208458 1 0.0189678 -0.185576 0.05 2113.81
0 182 7 phononTS 0.00075382 0.0189678 -0.185576 0.049998 2113.81 0.00034743 1 0.0254832 -0.158966 0.05 2178.61
0 183 4 phononTS 0.0010357 2.14407 -0.00300969 0.049999 15795.7 0.00069486 1 0.0844065 -0.245313 0.05 23628.3
0 187 4 phononTF 0.000772338 0.00843542 0.104159 0.049999 4611.43 0.00034743 1 -0.0567091 -0.239785 0.05 4731.89
0 187 24 phononTF 0.000409071 -0.0567091 -0.239785 0.049998 4731.89 0.00034743 1 0.0123207 -0.189889 0.05 4797.96
0 222 2 phononTF 0.00305199 0.92649 -2.29907 -0.0112173 157.7 0.00104229 1 -0.0995073 -0.210651 0.05 20174.2
0 222 5 phononL 0.000594802 -0.0995073 -0.210651 0.049999 20174.2 0.00034743 1 -0.0708102 -0.153266 0.05 20225.4
0 229 2 phononTF 0.00116169 2.21692 -0.780376 -0.0107174 2050.17 0.00034743 1 0.0253736 -0.170255 0.05 18132.2
0 229 24 phononTF 0.000672924 0.0253736 -0.170255 0.049999 18132.2 0.00034743 1 0.0179083 -0.184818 0.05 18348.4
0 234 4 phononTS 0.000403362 1.48575 0.105113 0.049999 13986.2 0.00034743 1 0.10673 -0.197477 0.05 20766.7
0 237 4 phononTS 0.00112315 1.08748 1.83718 0.0245643 9973.93 0.00034743 1 0.0636596 -0.140163 0.05 34500.3
0 240 3 phononTF 0.00170059 -0.920114 2.07401 0.026864 134.763 0.00069486 1 -0.100781 -0.137522 0.05 13459.4
0 248 2 phononTS 0.000874771 -0.635088 0.437376 -0.032653 1009.72 0.00034743 1 -0.0500961 -0.210444 0.05 1825.32
0 249 2 phononTS 0.00229718 -0.476511 1.5231 -0.00323569 309.576 0.00138972 1 -0.107295 -0.164798 0.05 4524.16
0 254 2 phononTF 0.000395693 1.44155 1.48087 0.0331959 3836.76 0.00034743 1 0.0485942 -0.179223 0.05 15326.5
0 284 4 phononTS 0.00101332 -0.972666 0.0175175 0.049999 1187.17 0.00069486 1 -0.0512565 -0.290508 0.05 8605.38
0 287 16 phononTS 0.000543918 1.08315 0.0892056 0.049999 24861.8 0.00034743 1 -0.0979557 -0.214662 0.05 55908.6
0 287 4 phononTS 0.00126801 -0.578561 0.0757214 0.049999 8398.34 0.00069486 1 -0.0321034 -0.174981 0.05 9351.16
0 309 2 phononTS 0.00171156 0.438828 0.321675 -0.0484347 80.9781 0.00034743 1 0.0669177 -0.129499 0.05 909.982
0 309 24 phononTF 0.00118534 0.0669177 -0.129499 0.049999 909.982 0.00069486 1 -0.0512521 -0.13943 0.05 15116
0 310 1 phononTS 0.004 1.48965 -1.44115 0.0189788 0 0.00138972 1 -0.0508243 -0.114332 0.05 1445.97
0 313 2 phononTS 0.0021618 1.56293 2.14444 0.0169106 5491.24 0.00069486 1 -0.0860573 -0.157249 0.05 15703
0 338 19 phononTS 0.000380734 -1.50413 0.0976474 0.049999 3437.73 0.00034743 1 0.10906 -0.199954 0.05 21619.1
0 346 6 phononTS 0.000367357 -0.591547 0.0877827 0.049999 5963.59 0.00034743 1 -0.0344079 -0.112479 0.05 7295.32
0 367 2 phononTF 0.00182803 -2.08392 -2.32742 -0.0476657 1923.41 0.00104229 1 -0.0623126 -0.115407 0.05 17657.5
0 369 2 phononL 0.00178917 -0.860281 -1.98216 -0.0381015 1176.41 0.00069486 1 -0.0636256 -0.287157 0.05 7439.9
0 372 1 phononTS 0.004 0.721183 -0.529361 0.0389641 0 0.00208458 1 0.0812929 -0.266229 0.05 2419.99
0 385 4 phononTS 0.000966765 0.0912793 0.0845032 0.049999 22884.2 0.00069486 1 0.0356386 -0.14459 0.05 70695.6
0 386 3 phononTS 0.00189667 -0.2908 2.20853 0.0248803 11403.9 0.00069486 1 -0.110851 -0.222616 0.05 23587.1
0 394 8 phononTF 0.000655655 -1.46631 0.0708329 0.049999 47555.9 0.00034743 1 0.0789831 -0.282602 0.05 63402.4
0 407 2 phononL 0.00245283 -1.70577 2.06974 -0.00845136 1674.34 0.00138972 1 0.0777898 -0.246965 0.05 6449.53
0 412 3 phononL 0.00162992 1.58932 2.06126 0.0378907 17266.1 0.00069486 1 -0.0835569 -0.164113 0.05 35716.3
0 426 15 phononTS 0.000359335 -0.0824145 0.0584991 0.049999 30798 0.00034743 1 0.0466438 -0.179566 0.05 30925.9
0 435 4 phononL 0.00051765 -0.726651 0.0839479 0.049999 9414.45 0.00034743 1 0.0530293 -0.148842 0.05 13200.3
0 438 2 phononTF 0.00203045 -1.0305 2.43765 0.0122003 5338.83 0.00069486 1 -0.0791232 -0.198666 0.05 18244.6
0 438 25 phononTF 0.000730589 -0.0791232 -0.198666 0.049999 18244.6 0.00034743 1 -0.0873496 -0.184677 0.05 18309
0 443 2 phononL 0.00271919 -1.46706 -1.78173 0.00233513 5047.91 0.00104229 1 -0.0765262 -0.226217 0.05 11356.2
0 456 2 phononTF 0.00124368 -1.21431 -2.4203 0.00348276 10787.5 0.00034743 1 -0.0332351 -0.301 0.05 15514.8
0 460 4 phononTS 0.00108453 -1.42598 -0.229538 0.0177929 70428.1 0.00034743 1 -0.0539433 -0.123093 0.05 72564.3
0 471 7 phononTF 0.000661212 0.733017 -0.00994547 0.049999 47430.9 0.00034743 1 -0.0442913 -0.268731 0.05 57990
0 488 15 phononL 0.00101332 -0.180959 1.51147 0.0123075 1878.02 0.00069486 1 -0.0583725 -0.236792 0.05 132785
0 499 3 phononL 0.00174184 0.571034 1.3496 0.0343162 3614.92 0.00034743 1 0.104859 -0.221154 0.05 13742
0 519 16 phononL 0.0013045 1.99141 0.964752 -0.0382595 38637.6 0.00069486 1 0.0302407 -0.284895 0.05 66916.8
0 524 2 phononTF 0.00144637 2.24626 1.30937 -0.0421905 8292.17 0.00069486 1 -0.0226335 -0.228823 0.05 64856.4
0 527 3 phononTF 0.00212448 0.319666 2.33173 -0.0296072 713.226 0.00104229 1 0.0350833 -0.170042 0.05 10138.4
0 534 2 phononTS 0.00274137 0.355554 -0.588798 0.0178193 1298.35 0.00104229 1 0.0407077 -0.252896 0.05 25205.1
0 540 2 phononL 0.00230329 2.05609 -2.47658 -0.0299842 747.682 0.00138972 1 -0.0204348 -0.170797 0.05 20407.5
0 541 3 phononTF 0.00129831 1.84114 0.308334 0.0448511 1179.61 0.00069486 1 0.0229031 -0.197987 0.05 70026
0 544 2 phononTS 0.000958667 2.48405 -2.15983 -0.0334843 551.072 0.00034743 1 -0.0413719 -0.281952 0.05 28085
0 555 3 phononTF 0.00271006 0.893526 -0.859444 0.0267433 141.17 0.00208458 1 -0.0630732 -0.144511 0.05 3531.49
0 557 3 phononTF 0.0024977 1.32312 -1.52383 0.0499597 11160.3 0.00034743 1 0.0313942 -0.295604 0.05 21708.1
0 557 6 phononTF 0.00208072 0.0313942 -0.295604 0.049999 21708.1 0.00104229 1 -0.0918439 -0.273439 0.05 21785
0 571 9 phononL 0.00059701 -1.01942 0.034248 0.049998 4554.66 0.00034743 1 -0.0704003 -0.158858 0.05 10967.7
0 573 2 phononTF 0.00215833 -0.577568 -1.83387 0.0204277 5159.64 0.00104229 1 -0.0855054 -0.19973 0.05 25339.1
0 576 3 phononL 0.0018624 -1.63207 1.58434 0.00525845 2337.23 0.00138972 1 -0.049272 -0.235742 0.05 30919.2
0 586 2 phononTF 0.00290271 0.82933 -2.20004 0.0255164 10081.2 0.00138972 1 0.0522777 -0.206557 0.05 42607.6
0 586 22 phononTF 0.000403179 0.0522777 -0.206557 0.049998 42607.6 0.00034743 1 -0.0322907 -0.221288 0.05 42873.2
0 600 2 phononTF 0.00231815 0.0200191 -0.781357 0.0396962 4419.71 0.00138972 1 -0.0771387 -0.124454 0.05 12898.6
0 605 15 phononTS 0.00133642 0.654382 1.62044 -0.000339627 14203.4 0.00069486 1 -0.0233985 -0.190266 0.05 24226.1
0 613 12 phononTF 0.000414549 -1.18541 0.042374 0.049999 35743.8 0.00034743 1 -0.048925 -0.135991 0.05 37239.2
0 620 3 phononTF 0.00227073 2.1687 -2.09698 0.00487312 9026.67 0.00034743 1 0.117167 -0.191683 0.05 12642.4
0 620 7 phononL 0.000613936 0.117167 -0.191683 0.049999 12642.4 0.00034743 1 -0.0564749 -0.138687 0.05 12698.6
0 628 3 phononTS 0.00132286 -2.02493 -0.242336 -0.00868943 223.889 0.00069486 1 0.0345174 -0.2734 0.05 26151.8
0 644 2 phononL 0.00261335 0.113701 -1.64871 0.03351 3042.43 0.00138972 1 -0.0438368 -0.121894 0.05 19865.9
0 644 20 phononL 0.000372373 -0.0438368 -0.121894 0.049998 19865.9 0.00034743 1 0.0593111 -0.266603 0.05 20240.1
0 665 3 phononTF 0.00189371 1.62164 -0.990033 0.0435548 34676.9 0.00069486 1 -0.107237 -0.179037 0.05 45676.9
0 673 2 phononL 0.00203892 -1.13501 1.94359 0.0226194 599.312 0.00104229 1 -0.03412 -0.214842 0.05 5067.86
0 675 2 phononTF 0.00161774 0.983866 -0.626743 -0.0438391 2114.05 0.00104229 1 0.104274 -0.250232 0.05 4677.75
0 684 1 phononL 0.004 0.473871 -0.0635166 0.0249966 0 0.00138972 1 -0.11917 -0.198685 0.05 362.928
0 692 15 phononTS 0.00159754 -0.924442 2.31249 -0.0224611 14506.3 0.00069486 1 0.0538001 -0.196814 0.05 40789
0 698 3 phononTS 0.00259163 0.555545 -0.14547 0.0112632 1684.23 0.00069486 1 -0.082938 -0.202951 0.05 15486.1
0 698 4 phononTS 0.000883468 -0.082938 -0.202951 0.049999 15486.1 0.00034743 1 0.113828 -0.210573 0.05 15650.7
0 717 3 phononTS 0.0020779 -0.0139962 1.39736 -0.0188795 5772.33 0.00104229 1 0.0804197 -0.13709 0.05 11362.7
0 722 5 phononTF 0.000366275 -0.0374877 0.0207404 0.049999 12541.6 0.00034743 1 0.0886112 -0.131719 0.05 22712.8
0 730 4 phononTF 0.000670552 -0.590465 0.0863597 0.049999 14006.9 0.00034743 1 0.0625423 -0.151673 0.05 15794.8
0 739 3 phononL 0.00193424 -1.30727 -0.383437 -0.0228428 236.913 0.00069486 1 0.0898287 -0.174817 0.05 6017.77
0 740 4 phononTF 0.000647337 -0.998006 -1.9513 -0.0238659 18382.8 0.00034743 1 0.113515 -0.168516 0.05 22322.7
0 751 3 phononTF 0.0012095 0.460316 2.47721 0.0452489 1395.66 0.00034743 1 -0.0379387 -0.150494 0.05 7026.45
0 753 3 phononTF 0.00248387 1.41867 1.21584 0.0414482 15385.8 0.00104229 1 0.0981373 -0.210748 0.05 49488.7
0 762 20 phononL 0.000643923 0.60616 0.0491497 0.049999 19713.9 0.00034743 1 0.024034 -0.230917 0.05 20063.6
0 766 6 phononTS 0.000514762 1.94302 0.0477341 0.049999 8526.22 0.00034743 1 -0.0946369 -0.172651 0.05 17797.4
0 770 5 phononTS 0.000381829 -0.465117 0.0226268 0.049999 9968.7 0.00034743 1 0.0418035 -0.151941 0.05 10796.3
0 776 22 phononTF 0.000856268 -0.694926 0.0971295 0.049999 22132.4 0.00034743 1 -0.0978924 -0.159917 0.05 22794.5
0 785 2 phononTF 0.0014246 -0.337499 -2.23174 0.040541 3.93315 0.00034743 1 -0.116758 -0.218717 0.05 11642.8
0 790 27 phononL 0.000531227 -1.04358 0.0772423 0.049998 16591.2 0.00034743 1 -0.0608434 -0.165236 0.05 25258.8
0 797 3 phononTS 0.00208659 0.119657 1.20489 -0.0313782 3.77847 0.00104229 1 0.0679769 -0.203735 0.05 1939.87
0 800 24 phononTF 0.000863887 0.544594 0.0269948 0.049999 27464.8 0.00069486 1 0.0395833 -0.176796 0.05 27934.5
0 805 1 phononTF 0.004 0.952656 2.26476 0.0307114 0 0.00069486 1 0.0830274 -0.2349 0.05 13448.4
0 805 4 phononL 0.000782256 0.0830274 -0.2349 0.049999 13448.4 0.00069486 1 -0.0362467 -0.167375 0.05 13494.6
0 809 5 phononL 0.000545989 -0.0258057 0.0786571 0.049999 35201.6 0.00034743 1 0.0663089 -0.263732 0.05 35288.1
0 828 3 phononL 0.00278869 -1.89071 0.573307 0.0155509 118.208 0.00138972 1 0.0430355 -0.287844 0.05 23017.7
0 829 3 phononTF 0.00194464 -2.04642 1.28605 0.0281851 8263.57 0.00069486 1 -0.0643721 -0.217871 0.05 42071.5
0 832 3 phononTS 0.00167079 0.700105 0.948558 -0.0175114 1519.83 0.00034743 1 0.0417027 -0.146139 0.05 23743
0 832 4 phononTS 0.000767186 0.0417027 -0.146139 0.049999 23743 0.00034743 1 0.0806232 -0.130846 0.05 25860.2
0 835 4 phononL 0.0022525 -1.68669 -1.22085 0.0246247 5248.89 0.00034743 1 0.107825 -0.231092 0.05 19668
0 846 2 phononTF 0.00219464 1.97255 -1.80275 -0.00468573 8764.02 0.00104229 1 -0.0978609 -0.20267 0.05 36372
0 853 3 phononTS 0.00177205 -1.3776 -1.83804 -0.0159879 19.4169 0.00104229 1 0.0154611 -0.187378 0.05 3800.35
0 872 2 phononTS 0.000699808 0.550493 -0.936012 0.0244724 5605.22 0.00034743 1 -0.0591552 -0.169229 0.05 7414.75
0 888 3 phononL 0.0015641 1.54364 0.945185 -0.0215725 11235.1 0.00034743 1 -0.0453151 -0.192845 0.05 13715.2
0 888 5 phononTF 0.000782019 -0.0453151 -0.192845 0.049999 13715.2 0.00034743 1 0.0621717 -0.190041 0.05 13791
0 893 5 phononTS 0.000623654 1.18906 0.000547001 0.049999 525.545 0.00034743 1 -0.0492321 -0.2748 0.05 5032.84
0 903 5 phononL 0.00156191 2.46129 2.4394 0.0371072 21515.1 0.00034743 1 -0.063115 -0.207535 0.05 24497.8
0 905 1 phononTS 0.004 -0.0296841 0.175739 0.0242868 0 0.00208458 1 -0.0224291 -0.167286 0.05 193.502
0 931 13 phononTF 0.000802384 2.08348 0.0243438 0.049999 23745.1 0.00034743 1 -0.0438903 -0.26608 0.05 25520.3
0 933 3 phononTS 0.00177829 2.32588 -1.65945 0.0309936 3873.44 0.00104229 1 0.0808017 -0.152241 0.05 31288.9
0 933 4 phononTS 0.000357618 0.0808017 -0.152241 0.049999 31288.9 0.00034743 1 0.0606545 -0.218393 0.05 31551.8
0 940 3 phononTS 0.00192666 2.20454 -0.346883 -0.021554 4491.43 0.00104229 1 -0.03144 -0.205037 0.05 7553.37
0 949 4 phononTS 0.00102462 0.0950613 0.235008 -0.0147594 50592.5 0.00034743 1 0.0888224 -0.237149 0.05 50759.3
0 952 9 phononL 0.000842615 -0.31709 -0.0100157 0.049999 68.7398 0.00034743 1 -0.0405315 -0.181876 0.05 233.177
0 953 2 phononTF 0.00160508 0.439667 1.52128 0.0373194 4802.3 0.00069486 1 -0.057044 -0.241874 0.05 11515.4
0 956 19 phononTF 0.000360979 -0.822841 0.0300386 0.049999 9664.97 0.00034743 1 -0.0776787 -0.169374 0.05 10087.4
0 957 19 phononTS 0.000452952 -1.7716 0.0827584 0.049999 1337.72 0.00034743 1 -0.0837824 -0.134892 0.05 19435.1
0 959 4 phononTS 0.000893844 -2.49008 0.0356013 0.049999 28912.6 0.00069486 1 -0.111029 -0.187268 0.05 31176.3
0 964 5 phononTF 0.00122262 2.00918 1.12643 -0.0281261 2205.8 0.00069486 1 -0.070625 -0.113795 0.05 26274.4
0 964 9 phononTS 0.000367373 -0.070625 -0.113795 0.049999 26274.4 0.00034743 1 -0.0971183 -0.201185 0.05 26446.2
0 968 7 phononTS 0.000523935 -0.0871091 0.102492 0.049998 21974 0.00034743 1 -0.0489299 -0.117406 0.05 22095.5
0 984 4 phononTF 0.00111843 -0.579443 -1.83963 -0.00739356 13657.3 0.00069486 1 -0.0574657 -0.150175 0.05 17633.6
0 988 2 phononTS 0.000979718 -1.41172 0.100999 0.049999 2260.65 0.00034743 1 0.0886229 -0.205803 0.05 18692.6
0 990 4 phononTS 0.00037492 0.394861 0.00236867 0.049999 5898 0.00034743 1 -0.0388462 -0.16066 0.05 6157.43
0 992 23 phononTS 0.00061232 -1.24282 0.0737572 0.049999 57709.2 0.00034743 1 -0.0510038 -0.11285 0.05 67363.1
0 996 2 phononL 0.00244819 -2.33876 2.42075 -0.0326748 12456 0.00069486 1 -0.0758626 -0.129625 0.05 16838.4
0 996 16 phononTF 0.000484394 -0.0758626 -0.129625 0.049999 16838.4 0.00034743 1 0.0828773 -0.20907 0.05 16927.2
0 1004 3 phononTF 0.00278653 -0.127665 -1.82031 0.00426007 3702.44 0.00138972 1 0.100456 -0.173329 0.05 13691.3
0 1012 2 phononL 0.00279755 -0.230041 -2.39091 0.00869305 7928.39 0.00138972 1 -0.0740908 -0.172799 0.05 13533
0 1015 1 phononTF 0.004 -1.88751 -2.48117 -0.0380463 0 0.00104229 1 -0.115094 -0.195865 0.05 9631.82
0 1015 2 phononTS 0.00183155 -0.115094 -0.195865 0.049999 9631.82 0.00138972 1 -0.0736444 -0.176986 0.05 9770.15
0 1022 5 phononTF 0.000593811 -0.21728 0.030126 0.049999 8726.57 0.00034743 1 -0.0256645 -0.208211 0.05 9832.99
0 1036 5 phononTF 0.00103221 2.37343 -1.14786 -0.0197064 8527.38 0.00069486 1 -0.117567 -0.179381 0.05 13601.5
0 1049 6 phononTS 0.000394717 -0.112308 0.0998624 0.049999 20024.3 0.00034743 1 -0.0362501 -0.11389 0.05 20246.8
0 1064 5 phononTS 0.00138754 -2.00573 -1.51649 0.037389 18148.4 0.00034743 1 -0.0763904 -0.198564 0.05 26948.2
0 1064 6 phononTS 0.000676948 -0.0763904 -0.198564 0.049999 26948.2 0.00034743 1 0.0357549 -0.219046 0.05 27644.2
0 1065 3 phononL 0.00207586 -1.0126 -0.665586 0.0302494 10.3862 0.00104229 1 -0.0966251 -0.183236 0.05 19416.1
0 1077 1 phononTS 0.004 -0.0958596 0.0260466 0.00831226 0 0.00173715 1 -0.110788 -0.208701 0.05 269.515
0 1077 9 phononL 0.00100598 -0.110788 -0.208701 0.049999 269.515 0.00034743 1 0.0307573 -0.287731 0.05 475.844
0 1081 16 phononTS 0.00121392 -1.54905 0.0921592 0.049998 17923.8 0.00034743 1 0.0891425 -0.241999 0.05 19085.3
0 1082 3 phononTF 0.0012099 -0.867326 -2.04918 -0.0420362 7432.79 0.00034743 1 -0.0610705 -0.16297 0.05 12518.2
0 1088 15 phononL 0.00055639 1.10783 0.0308191 0.049999 812.02 0.00034743 1 -0.0850819 -0.202962 0.05 5175.2
0 1094 2 phononL 0.00148735 -0.297621 -1.24483 0.00944079 2682.52 0.00104229 1 -0.0383438 -0.175784 0.05 27679.7
0 1095 1 phononTS 0.004 0.0794539 -0.841444 -0.0275455 0 0.00069486 1 -0.0948051 -0.194608 0.05 2530.7
0 1095 4 phononTS 0.00263936 -0.0948051 -0.194608 0.049998 2530.7 0.00138972 1 -0.0922702 -0.191333 0.05 2598.33
0 1103 13 phononTS 0.000414833 -0.373656 0.0990422 0.049999 46243.5 0.00034743 1 0.0335607 -0.217846 0.05 46498.2
0 1111 3 phononTS 0.00094692 -1.27445 -0.00366383 0.049999 17887 0.00034743 1 -0.0569914 -0.168802 0.05 23047.9
0 1113 3 phononTF 0.00244213 -0.887518 -0.0810766 -0.0474601 8417.17 0.00138972 1 -0.043286 -0.114102 0.05 16540.5
0 1125 3 phononTS 0.00147667 -0.258973 -1.49782 -0.0319592 21051.1 0.00034743 1 0.0691236 -0.143619 0.05 30070.2
0 1143 8 phononTS 0.000544589 1.85288 0.0774769 0.049999 17433.2 0.00034743 1 -0.0580409 -0.281858 0.05 83902.2
0 1145 13 phononTF 0.000519155 -1.37935 0.0884225 0.049999 9092.93 0.00034743 1 0.0944709 -0.265518 0.05 38914.3
0 1167 1 phononTF 0.004 -0.183781 0.588887 0.0343825 0 0.00034743 1 -0.0399117 -0.114553 0.05 2573.22
0 1174 2 phononTF 0.000708242 0.0148737 0.00251102 0.049999 152.555 0.00034743 1 0.0658358 -0.255397 0.05 17852.6
0 1180 2 phononTS 0.00147976 -0.70615 -2.05887 -0.024044 7262.95 0.00034743 1 -0.0946562 -0.165149 0.05 53968.9
0 1186 2 phononTF 0.00181134 -1.66972 -2.13589 -0.0322011 6021.78 0.00069486 1 -0.0275026 -0.108835 0.05 20868.9
0 1189 3 phononTS 0.00305765 2.38683 1.48242 -0.00866918 6532.66 0.00069486 1 0.0496476 -0.143472 0.05 22535.9
0 1193 2 phononTS 0.00088281 -1.36939 -0.183457 0.0404584 1406.05 0.00069486 1 0.0553856 -0.210417 0.05 9547.62
0 1198 2 phononTS 0.000829687 1.94669 1.86953 -0.00149395 5112.95 0.00034743 1 0.0351938 -0.221107 0.05 23461.6
0 1200 22 phononTS 0.00129079 0.686741 -1.68238 -0.0293904 42840.1 0.00034743 1 0.0999764 -0.248387 0.05 45581.7
0 1207 11 phononTS 0.000417205 -1.9392 -0.009768 0.049999 4717.32 0.00034743 1 0.0552333 -0.101017 0.05 17420.5
0 1211 2 phononTS 0.00177398 -1.28105 0.554908 -0.0376808 3599.15 0.00069486 1 0.115218 -0.16996 0.05 36501
0 1219 17 phononTS 0.000890867 2.41657 0.00199873 0.049999 13780.6 0.00034743 1 0.0779967 -0.24278 0.05 14726.1
0 1238 1 phononTF 0.004 -0.738294 -2.05414 -0.025352 0 0.00173715 1 0.0931056 -0.252772 0.05 14111.3
0 1251 8 phononTF 0.000546373 -1.08185 0.0597289 0.049999 3683.77 0.00034743 1 0.0626366 -0.11253 0.05 19378.4
0 1258 9 phononTF 0.000844786 0.174301 0.0271975 0.049999 14702.7 0.00034743 1 0.0424545 -0.129566 0.05 14809.4
0 1267 2 phononTS 0.00129128 -2.08644 -1.10787 -0.0396298 6904.01 0.00034743 1 0.0645557 -0.165025 0.05 15148.1
0 1272 25 phononTF 0.000396965 -0.323973 0.0390613 0.049999 14615.6 0.00034743 1 0.0821465 -0.256491 0.05 15437.7
0 1273 3 phononTS 0.00157002 2.45639 -1.78542 0.0215832 5971.08 0.00069486 1 0.0518398 -0.109752 0.05 17001.6
0 1273 4 phononTF 0.00038683 0.0518398 -0.109752 0.049999 17001.6 0.00034743 1 -0.0255349 -0.234662 0.05 17081.1
0 1288 2 phononTS 0.00163391 0.665018 -0.891534 -0.0185648 788.181 0.00069486 1 0.03219 -0.100543 0.05 1093.77
0 1288 26 phononTF 0.000409293 0.03219 -0.100543 0.049999 1093.77 0.00034743 1 0.0617093 -0.234862 0.05 2088.89
0 1306 15 phononTS 0.000543715 2.19327 0.100217 0.049999 11363.5 0.00034743 1 -0.105728 -0.172952 0.05 18055.9
0 1321 23 phononTS 0.000548156 0.0904234 -0.00918075 0.049999 7177.87 0.00034743 1 -0.0561909 -0.155654 0.05 7789.47
0 1323 4 phononL 0.00108378 2.20531 -1.40315 0.0102908 8816.98 0.00034743 1 -0.0718854 -0.180176 0.05 15531.2
0 1323 2 phononL 0.00159604 1.43171 -1.86717 0.017678 5211.96 0.00069486 1 -0.0478013 -0.170404 0.05 12221.2
0 1327 2 phononTS 0.00262409 1.09508 -1.03929 -0.0301465 1362.57 0.00069486 1 0.0723867 -0.202206 0.05 7859.86
0 1335 1 phononL 0.004 0.168796 -0.781177 0.00721907 0 0.00138972 1 0.110051 -0.179522 0.05 408.309
0 1340 2 phononTS 0.00105239 1.02326 2.13378 -0.0393349 268.161 0.00069486 1 0.0363631 -0.305902 0.05 13380.4
0 1341 3 phononTF 0.00221374 -0.615008 2.37013 -0.0182527 720.955 0.00104229 1 0.0682361 -0.152883 0.05 2952.28
0 1363 24 phononTS 0.000466291 -0.219892 0.00751157 0.049999 7126.57 0.00034743 1 -0.11296 -0.239188 0.05 7248.67
0 1365 3 phononTF 0.00157913 -2.23355 0.929717 -0.0486236 2539.49 0.00034743 1 0.0178336 -0.163306 0.05 14116.1
0 1373 5 phononTF 0.00253881 -0.581583 1.71466 -0.0388885 14768.4 0.00069486 1 0.0597626 -0.246116 0.05 27063.3
0 1373 9 phononL 0.00120453 0.0597626 -0.246116 0.049999 27063.3 0.00069486 1 -0.0768935 -0.181616 0.05 27117.2
0 1374 2 phononTF 0.00128553 -2.14354 -1.54641 -0.0271243 2409.82 0.00034743 1 -0.029271 -0.224638 0.05 6090.5
0 1389 2 phononTS 0.00219758 -0.478562 -1.76935 0.0411896 830.085 0.00104229 1 0.0348594 -0.263808 0.05 7329.64
0 1406 2 phononTF 0.00173671 0.701401 1.72026 0.0152436 11618 0.00034743 1 -0.028575 -0.205091 0.05 60900.5
0 1429 2 phononTS 0.0015483 0.929232 -0.401222 0.00928805 15.3358 0.00069486 1 -0.110794 -0.21099 0.05 634.076
0 1436 4 phononTF 0.000649645 -0.607294 0.10111 0.049999 36510.3 0.00034743 1 0.0590843 -0.21346 0.05 43850.3
0 1437 3 phononTS 0.00154802 2.05816 1.54644 -0.0460101 1983.2 0.00069486 1 0.103377 -0.204241 0.05 17534.3
0 1440 4 phononTS 0.000463943 1.43216 -0.00820881 0.049999 1195.6 0.00034743 1 0.0554794 -0.282067 0.05 7174.89
0 1442 1 phononTS 0.004 -0.242411 -0.752738 0.0311248 0 0.00138972 1 -0.0308164 -0.276045 0.05 2298.52
0 1442 3 phononTS 0.000715929 -0.0308164 -0.276045 0.049999 2298.52 0.00069486 1 0.0600001 -0.261992 0.05 2454.09
0 1449 2 phononTS 0.00197995 -2.34643 1.85714 -0.0444825 4845.48 0.00069486 1 0.0186427 -0.154271 0.05 33755.6
0 1449 16 phononTS 0.000973919 0.0186427 -0.154271 0.049999 33755.6 0.00034743 1 -0.11507 -0.232602 0.05 34210.6
0 1454 2 phononL 0.00244491 0.88344 -1.17095 -0.0137729 5908.68 0.00173715 1 -0.018087 -0.183886 0.05 13718.9
0 1485 3 phononTF 0.00170681 -0.508744 -2.40119 -0.0491539 5819.23 0.00034743 1 0.0260218 -0.282092 0.05 23110.7
0 1487 3 phononTS 0.00182715 2.12172 0.950455 -0.0325749 9041.07 0.00104229 1 0.0724102 -0.191311 0.05 12960.7
0 1503 5 phononTF 0.00104512 0.553041 1.11838 0.00176466 4478.7 0.00069486 1 -0.10976 -0.162987 0.05 18156.6
0 1505 1 phononTF 0.004 -0.796608 -1.13342 0.0241985 0 0.00208458 1 -0.063164 -0.244697 0.05 6264.22
0 1516 5 phononTS 0.00046584 0.0268304 0.0506413 0.049999 4203.66 0.00034743 1 -0.086884 -0.143931 0.05 4727.13
0 1518 1 phononTF 0.004 0.0885988 -0.516557 -0.00197915 0 0.00208458 1 -0.119365 -0.180466 0.05 4118.25
0 1522 3 phononL 0.00196831 -0.0938876 -0.28409 0.00987121 4206.66 0.00104229 1 -0.0789338 -0.271501 0.05 4215.38
0 1534 2 phononL 0.00309237 -0.00150716 1.60663 0.0293976 413.338 0.00069486 1 0.0613158 -0.159948 0.05 25944.2
0 1541 16 phononTS 0.00093321 1.12634 -0.00655926 0.049998 6290.27 0.00034743 1 0.0499797 -0.225328 0.05 8101.07
0 1543 3 phononTF 0.00278525 1.70668 -1.23347 0.0226944 2465.25 0.00069486 1 0.0712676 -0.192226 0.05 13036.5
0 1547 5 phononTF 0.000649093 -0.905552 0.093312 0.049999 11815.6 0.00034743 1 0.0422508 -0.108975 0.05 23550.9
0 1558 3 phononTF 0.00299407 -0.243091 0.0924044 0.049999 9566.82 0.00104229 1 0.0566061 -0.158757 0.05 10672.4
0 1561 3 phononL 0.00166427 -0.0616425 0.365241 -0.0496619 551.587 0.00069486 1 -0.0394731 -0.206005 0.05 10206
0 1575 23 phononTF 0.000815573 0.185214 0.0949677 0.049998 21406.6 0.00034743 1 0.107593 -0.247102 0.05 21833.1
0 1609 3 phononTF 0.000794449 -0.728618 -0.790445 0.0400783 825.583 0.00034743 1 -0.107229 -0.177571 0.05 9813.44
0 1611 3 phononL 0.00235163 0.830149 2.14756 0.0273627 651.762 0.00138972 1 0.0417189 -0.17283 0.05 4965.98
0 1619 2 phononTS 0.00150337 2.4063 1.93272 -0.00687459 10244.1 0.00069486 1 0.0364256 -0.306105 0.05 17647.5
0 1620 3 phononTS 0.00162403 2.34298 1.41756 -0.0235799 1613.95 0.00034743 1 -0.0467802 -0.123723 0.05 51961
0 1620 6 phononTS 0.000414006 -0.0467802 -0.123723 0.049999 51961 0.00034743 1 -0.0593257 -0.237252 0.05 52211.6
0 1627 2 phononL 0.00313025 -0.585742 -0.539236 -0.017848 48.6118 0.00138972 1 -0.0582203 -0.186778 0.05 951.915
0 1636 2 phononTS 0.000671674 -1.63592 0.0131722 0.049999 1376.52 0.00034743 1 -0.045374 -0.142316 0.05 32364
0 1640 2 phononTF 0.00213382 -1.88235 -0.656847 0.045613 1640.05 0.00104229 1 0.0796653 -0.283578 0.05 3139.03
0 1640 21 phononTS 0.000720094 0.0796653 -0.283578 0.049999 3139.03 0.00034743 1 0.0478247 -0.276457 0.05 3201.32
0 1643 16 phononTS 0.00068472 0.160277 0.0257591 0.049999 14851.2 0.00034743 1 0.0213281 -0.138151 0.05 14966.9
0 1645 2 phononTF 0.00101731 -1.2639 1.5947 -0.0140515 1805.74 0.00034743 1 0.0189023 -0.237305 0.05 10706.9
0 1645 26 phononTS 0.000445645 0.0189023 -0.237305 0.049999 10706.9 0.00034743 1 0.0427339 -0.128194 0.05 11223.9
0 1647 2 phononTF 0.00228385 0.589465 0.763676 -0.0321851 2218.09 0.00069486 1 0.0282305 -0.141419 0.05 12885.2
0 1661 2 phononL 0.00258254 -2.39903 2.25007 0.0349076 1086.44 0.00034743 1 -0.0192037 -0.246272 0.05 16043.9
0 1664 3 phononL 0.00179841 -0.981335 -2.41419 0.0317091 7884.53 0.00069486 1 0.0961853 -0.137515 0.05 17514.2
0 1665 3 phononTS 0.0014511 -1.96695 2.44265 0.00505761 21949 0.00069486 1 -0.0172452 -0.227859 0.05 47832.5
0 1671 4 phononTS 0.000601467 1.44372 -1.13449 0.0462115 12804.4 0.00034743 1 -0.0595472 -0.109396 0.05 31048.5
0 1672 1 phononL 0.004 -1.44216 -0.75494 -0.00925861 0 0.00138972 1 -0.0823545 -0.205127 0.05 2328.78
0 1680 3 phononTS 0.00229108 -1.59241 1.55969 -0.0223438 4066.41 0.00104229 1 0.0627335 -0.210562 0.05 15027.8
0 1681 3 phononTS 0.00155478 -0.0190392 -2.22746 -0.000135648 13210.3 0.00069486 1 0.0856076 -0.173418 0.05 14007.4
0 1686 4 phononTF 0.00168039 1.27954 0.0241269 0.049999 56433.1 0.00034743 1 -0.0619598 -0.23595 0.05 99102.8
0 1709 3 phononTF 0.00133852 -2.07972 -2.36415 0.0382679 625.855 0.00034743 1 0.0226693 -0.17509 0.05 64470.5
0 1734 4 phononTS 0.000937059 2.34739 0.0353964 0.049999 50156.2 0.00034743 1 -0.0377203 -0.226226 0.05 51252.6
0 1735 17 phononTF 0.000969407 2.14932 -1.15249 0.0347658 14361.5 0.00069486 1 0.0393038 -0.208477 0.05 29240.4
0 1738 3 phononTF 0.0023752 0.959981 1.88334 0.00570493 13875.3 0.00138972 1 0.105527 -0.158942 0.05 22411.1
0 1747 18 phononTF 0.00101677 1.40745 -2.18525 0.000592738 7689.5 0.00069486 1 0.0417142 -0.256947 0.05 35196.5
0 1749 3 phononTF 0.00249481 -0.0305207 -0.21701 -0.0179012 140.645 0.00069486 1 -0.0628032 -0.14353 0.05 231.706
0 1749 2 phononTS 0.00150519 -0.0305207 -0.21701 -0.0179012 140.645 0.00069486 1 -0.015952 -0.221582 0.05 161.905
0 1756 2 phononTF 0.00268011 -0.230803 0.271456 -0.0224761 4675.89 0.00138972 1 -0.109321 -0.178788 0.05 4854.64
0 1756 4 phononTS 0.000347792 -0.109321 -0.178788 0.049999 4854.64 0.00034743 1 -0.0415459 -0.218619 0.05 5210.08
0 1762 13 phononTS 0.000616372 -2.23754 0.0493733 0.049999 12366.7 0.00034743 1 -0.0835267 -0.144005 0.05 14830.1
0 1780 14 phononTS 0.00110441 -1.71951 0.0117033 0.049999 40596 0.00034743 1 -0.100204 -0.183296 0.05 83130.4
0 1780 18 phononTS 0.000700943 -0.100204 -0.183296 0.049998 83130.4 0.00034743 1 -0.051018 -0.279829 0.05 83213
0 1789 5 phononTS 0.001539 -2.29039 -2.25348 -0.0272379 10857.6 0.00069486 1 -0.0944107 -0.166042 0.05 18145.3
0 1795 1 phononTS 0.004 0.333818 -1.07317 0.00247784 0 0.00069486 1 0.0615153 -0.279774 0.05 10465.9
0 1795 2 phononTS 0.00270999 0.0615153 -0.279774 0.049999 10465.9 0.00138972 1 0.0767876 -0.262443 0.05 10527.8
0 1804 2 phononTF 0.00157474 -1.77871 0.895939 0.000738923 1700.36 0.00069486 1 -0.094565 -0.183411 0.05 36168.6
0 1813 5 phononTS 0.000910495 -0.150446 2.24979 0.0497465 28884.4 0.00069486 1 -0.0216058 -0.253488 0.05 44423.1
0 1832 1 phononTF 0.004 -0.969482 -0.744704 0.0192845 0 0.00208458 1 -0.0373946 -0.11439 0.05 1043.62
0 1838 19 phononTS 0.00046655 -1.73825 0.085264 0.049998 9264.79 0.00034743 1 0.115462 -0.178163 0.05 62402.8
0 1851 1 phononTF 0.004 0.276254 -0.764642 0.00098325 0 0.00069486 1 0.115007 -0.17868 0.05 3135.19
0 1881 1 phononL 0.004 0.740878 -1.1238 0.0316811 0 0.00173715 1 -0.0438764 -0.109196 0.05 6263.7
0 1881 2 phononTS 0.000790898 -0.0438764 -0.109196 0.049999 6263.7 0.00034743 1 0.057678 -0.20873 0.05 6442.96
0 1887 2 phononTS 0.00200771 -2.21458 2.10478 0.00232227 1136.94 0.00069486 1 0.095284 -0.251495 0.05 10220.3
0 1889 2 phononTS 0.00155987 -0.521269 1.84424 0.040492 11118.1 0.00034743 1 -0.0529873 -0.14291 0.05 47097
0 1889 4 phononTS 0.000593597 -0.0529873 -0.14291 0.049999 47097 0.00034743 1 0.106723 -0.211273 0.05 47158.3
0 1893 4 phononTS 0.000791573 -0.246018 0.0149245 0.049999 12733 0.00034743 1 0.0483486 -0.164923 0.05 13561.3
0 1898 3 phononTS 0.00254828 -1.49051 -2.384 0.0464355 830.131 0.00138972 1 -0.111759 -0.166319 0.05 12401
0 1912 2 phononTS 0.00257584 -0.737872 -0.892568 -0.0491394 2456.34 0.00138972 1 -0.0555155 -0.106105 0.05 4844.85
0 1929 4 phononTS 0.000367806 -1.93805 0.00827896 0.049999 194.152 0.00034743 1 0.0759775 -0.279604 0.05 7533.59
0 1930 2 phononTF 0.00205647 2.45115 1.33196 -0.0242001 4803.61 0.00104229 1 -0.0677484 -0.187645 0.05 12900.5
0 1947 3 phononTS 0.00190644 0.844437 2.47155 0.0355687 4514.47 0.00104229 1 0.0274616 -0.17794 0.05 6227.94
0 1947 4 phononTS 0.000601079 0.0274616 -0.17794 0.049999 6227.94 0.00034743 1 -0.0653959 -0.230168 0.05 6372.72
0 1953 7 phononTF 0.000667213 -0.37967 0.00419323 0.049998 9044.02 0.00034743 1 0.0647843 -0.194286 0.05 9215.46
0 1958 16 phononTS 0.000745241 1.41189 0.0830506 0.049999 12634.8 0.00034743 1 0.0839861 -0.183958 0.05 18778
0 1961 3 phononTS 0.00280545 0.372387 -0.495327 0.0148813 6854.49 0.00104229 1 0.0901 -0.269385 0.05 7988.84
0 1961 8 phononTF 0.000894097 0.0901 -0.269385 0.049999 7988.84 0.00034743 1 0.106113 -0.231148 0.05 8165.65
0 1961 20 phononTF 0.000384482 0.106113 -0.231148 0.049999 8165.65 0.00034743 1 -0.101628 -0.150024 0.05 107083
0 1972 5 phononTS 0.00041261 -1.55787 0.041762 0.049999 19763.8 0.00034743 1 0.0488467 -0.106983 0.05 40297.4
0 1975 6 phononTS 0.000604454 -0.0523137 0.00240292 0.049999 5216.22 0.00034743 1 0.0384468 -0.293937 0.05 5413.8
0 1975 2 phononL 0.00142516 -0.675389 0.616124 0.0101607 2487.08 0.00069486 1 0.021214 -0.16681 0.05 9601.99
0 1977 4 phononTF 0.00094122 -0.469375 1.57711 -0.0150628 4223.95 0.00034743 1 -0.0811802 -0.150024 0.05 30038.3
0 1980 3 phononTS 0.00241398 -0.349375 -1.30796 0.00288157 4885.05 0.00034743 1 0.0967961 -0.235557 0.05 14742.7
0 1980 4 phononTS 0.00139457 0.0967961 -0.235557 0.049999 14742.7 0.00034743 1 -0.0835968 -0.207857 0.05 14930.5
0 1980 14 phononL 0.000813856 -0.0835968 -0.207857 0.049999 14930.5 0.00034743 1 0.0579942 -0.126266 0.05 42963
0 1989 3 phononTF 0.00343622 0.339898 -0.394258 -0.0368906 8331.14 0.00104229 1 0.016758 -0.178011 0.05 8702.14
0 1993 3 phononTF 0.00260064 -2.41865 -0.648179 0.0495272 1805.26 0.00138972 1 -0.0347341 -0.28084 0.05 9931.83
0 1993 6 phononTS 0.000461646 -0.0347341 -0.28084 0.049999 9931.83 0.00034743 1 -0.0339111 -0.274919 0.05 10003.1
0 1999 1 phononL 0.004 -2.42401 -1.13228 0.00168362 0 0.00104229 1 0.111602 -0.209459 0.05 9164.22
0 1999 5 phononTS 0.000596124 0.111602 -0.209459 0.049999 9164.22 0.00034743 1 0.109427 -0.191068 0.05 9220.7
0 2017 4 phononTS 0.00107052 -2.2561 0.00332684 0.049999 7317.73 0.00034743 1 -0.0583979 -0.183976 0.05 15062.5
0 2022 2 phononL 0.00275759 -1.903 0.783268 0.0466573 18971.7 0.00138972 1 -0.0820725 -0.154491 0.05 20904
0 2022 17 phononTS 0.000738407 -0.0820725 -0.154491 0.049998 20904 0.00034743 1 -0.0312112 -0.156368 0.05 24458.5
0 2025 2 phononTS 0.000917318 1.19446 1.71565 0.0158387 6492.75 0.00034743 1 0.0528577 -0.159796 0.05 33781.7
0 2026 2 phononTF 0.00249365 -0.565164 2.36597 -0.0114886 1375.22 0.00034743 1 0.0523505 -0.251088 0.05 12974.5
0 2029 3 phononTS 0.00208634 0.407312 -0.984129 0.0306592 1635.12 0.00034743 1 0.0384801 -0.214306 0.05 4727.05
0 2029 6 phononTF 0.000820937 0.0384801 -0.214306 0.049998 4727.05 0.00034743 1 -0.0256348 -0.19009 0.05 13898.6
0 2029 4 phononTS 0.000702306 0.0384801 -0.214306 0.049998 4727.05 0.00034743 1 -0.0394674 -0.129986 0.05 4804.44
0 2039 12 phononTS 0.000679217 1.52359 0.0542745 0.049999 4867.72 0.00034743 1 -0.07042 -0.20028 0.05 31937.2
0 2057 1 phononTS 0.004 0.122739 -0.303329 -0.0304326 0 0.00208458 1 -0.0645129 -0.17584 0.05 149.87
0 2057 2 phononTF 0.000372786 -0.0645129 -0.17584 0.049999 149.87 0.00034743 1 0.0653535 -0.22549 0.05 15519.6
0 2081 3 phononTS 0.00245682 0.203932 -1.57625 -0.00644929 11097.5 0.00138972 1 -0.046264 -0.292669 0.05 23376.8
0 2089 3 phononTF 0.00127734 -1.7825 2.33984 -0.0140339 719.848 0.00069486 1 0.0637283 -0.218471 0.05 104750
0 2090 13 phononTS 0.00043231 -0.167572 0.027939 0.049999 5960.7 0.00034743 1 -0.0188835 -0.247357 0.05 16751.1
0 2130 3 phononTF 0.00200082 1.09344 -1.38551 0.0342395 10440.3 0.00104229 1 0.0562477 -0.151175 0.05 12245.1
0 2148 2 phononTF 0.00224919 -0.772547 2.0351 0.0252891 1859.46 0.00069486 1 -0.0572525 -0.289738 0.05 8607.65
0 2148 18 phononTS 0.000994791 -0.0572525 -0.289738 0.049999 8607.65 0.00034743 1 -0.0133799 -0.210226 0.05 8711.14
0 2155 2 phononTS 0.0020127 1.04246 -1.40464 -0.0174674 716.583 0.00034743 1 0.0739579 -0.130244 0.05 30786.7
0 2168 11 phononTF 0.000688664 1.12299 0.0131035 0.049999 10400.7 0.00034743 1 -0.0913582 -0.174857 0.05 20205.7
0 2175 11 phononTS 0.000684412 1.70565 0.071089 0.049999 653.967 0.00034743 1 -0.026209 -0.189475 0.05 3078.73
0 2178 2 phononTS 0.00057639 0.290607 0.0989694 0.049999 3068.85 0.00034743 1 -0.0322984 -0.206886 0.05 5227.55
0 2180 2 phononTF 0.00120456 -1.50503 -1.09929 -0.0166108 15678.9 0.00034743 1 0.0649158 -0.225658 0.05 27443
0 2180 26 phononTS 0.000609197 0.0649158 -0.225658 0.049999 27443 0.00034743 1 -0.0373933 -0.242302 0.05 28813.9
0 2191 2 phononTS 0.00154023 -0.224631 0.688563 0.0474628 6124.48 0.00069486 1 -0.0293974 -0.261534 0.05 16581
0 2201 5 phononTS 0.00267034 -0.696561 -1.39217 -0.0205344 6521.42 0.00138972 1 0.0385969 -0.232117 0.05 22903.5
0 2207 2 phononTS 0.00157291 -1.6938 -0.66941 0.00372045 5705.83 0.00069486 1 -0.0255614 -0.145491 0.05 36608.2
0 2212 1 phononTS 0.004 -1.18229 -0.431256 -0.0333196 0 0.00173715 1 -0.0325736 -0.244319 0.05 6063.27
0 2223 5 phononTS 0.000985517 -1.86777 1.85009 0.0182818 8761.1 0.00034743 1 -0.0228097 -0.180033 0.05 32896
0 2223 6 phononTS 0.000402617 -0.0228097 -0.180033 0.049999 32896 0.00034743 1 -0.0160322 -0.183707 0.05 33033.5
0 2230 4 phononL 0.00160799 -1.35231 2.43344 0.0448406 5958.41 0.00069486 1 -0.0518577 -0.131167 0.05 60190.4
0 2250 1 phononL 0.004 0.181726 -0.264063 -0.0356935 0 0.00138972 1 0.0805686 -0.186844 0.05 28.0318
0 2251 3 phononL 0.00247994 -1.50944 1.73898 0.0379567 7.45239 0.00069486 1 0.0321921 -0.138547 0.05 13033.9
0 2255 3 phononL 0.00313484 -2.24642 -2.33139 0.00142785 627.085 0.00173715 1 -0.0329999 -0.245204 0.05 7356.99
0 2256 4 phononTS 0.00105094 1.81952 1.25474 0.0166745 10294.5 0.00034743 1 0.0926117 -0.132655 0.05 67258.7
0 2265 4 phononTF 0.00108543 0.901866 0.0631544 0.049999 13285.7 0.00069486 1 -0.0527652 -0.282986 0.05 52281.4
0 2268 3 phononTS 0.00219785 0.100005 0.440493 0.000541895 929.334 0.00138972 1 -0.0615439 -0.203728 0.05 3679.43
0 2289 4 phononTS 0.0018853 2.11768 -2.20397 -0.0152687 7935.21 0.00034743 1 -0.020874 -0.256505 0.05 15087.7
0 2289 21 phononTS 0.00148037 -0.020874 -0.256505 0.049999 15087.7 0.00069486 1 0.019133 -0.242657 0.05 15305.1
0 2289 25 phononTS 0.000435008 0.019133 -0.242657 0.049999 15305.1 0.00034743 1 -0.119804 -0.197002 0.05 15393.6
0 2296 3 phononL 0.00240035 -0.629818 -1.07375 0.0381337 880.983 0.00138972 1 0.0814767 -0.188444 0.05 1368.76
0 2299 2 phononTS 0.0010864 1.30595 0.872856 -0.0473047 559.987 0.00069486 1 0.0411943 -0.146833 0.05 26903.8
0 2301 1 phononTS 0.004 0.744304 -0.799863 0.00759527 0 0.00173715 1 0.0604018 -0.209985 0.05 7949.16
0 2303 2 phononTF 0.00184121 -1.21971 -0.368223 0.0361448 2256.6 0.00104229 1 -0.0857733 -0.238773 0.05 28002.9
0 2309 19 phononTS 0.000553674 -0.700161 0.0187474 0.049998 16748.6 0.00034743 1 -0.0482168 -0.162226 0.05 46205.7
0 2310 16 phononTS 0.00127502 -1.45262 0.025257 0.049999 21543.6 0.00069486 1 0.0323414 -0.229996 0.05 24423
0 2314 3 phononTF 0.00161686 -0.726697 2.4873 -0.0307317 1187.9 0.00069486 1 -0.0595325 -0.288535 0.05 7158.94
0 2328 2 phononTS 0.0021952 -2.21536 2.38646 -0.0402785 2573.96 0.00104229 1 -0.0801055 -0.164775 0.05 16456.8
0 2328 24 phononL 0.000427189 -0.0801055 -0.164775 0.049999 16456.8 0.00034743 1 0.0638364 -0.231217 0.05 16562.1
0 2339 3 phononTS 0.000362968 0.47877 0.0904272 0.049999 347.83 0.00034743 1 -0.0556631 -0.139298 0.05 5338.43
0 2341 3 phononL 0.00169667 -2.43081 -2.3778 0.0372146 1072.38 0.00069486 1 0.0348239 -0.225547 0.05 15903.9
0 2349 7 phononTS 0.000821568 -1.49409 0.0927877 0.049999 2400.29 0.00069486 1 0.0330285 -0.295818 0.05 3955.67
0 2351 4 phononTF 0.001213 -1.39105 2.10813 0.04281 14760.5 0.00069486 1 0.0804633 -0.12548 0.05 43845.6
0 2356 27 phononTF 0.000382912 -2.02956 0.105115 0.049999 2375.58 0.00034743 1 0.0806954 -0.233659 0.05 30122.7
0 2359 4 phononTS 0.000726564 -1.69485 0.0112077 0.049999 13812.3 0.00034743 1 0.0859882 -0.177191 0.05 94511.4
0 2366 2 phononTS 0.00174947 1.27761 0.492269 0.0330682 2725.12 0.00104229 1 0.0241615 -0.149838 0.05 18084.3
0 2367 2 phononL 0.000730305 0.0740357 -1.38844 0.0288311 3.02902 0.00034743 1 -0.0723388 -0.166625 0.05 13446.8
0 2373 27 phononL 0.000469561 -0.515665 0.0143468 0.049999 72228 0.00034743 1 0.0414836 -0.157499 0.05 72786.9
0 2403 2 phononTF 0.00157732 -0.597366 -1.58054 0.0198346 477.331 0.00069486 1 0.0364971 -0.281098 0.05 9119.92
0 2428 3 phononTF 0.00171991 2.39609 -2.08214 0.00877928 654.219 0.00069486 1 -0.0434645 -0.181406 0.05 5717.45
0 2429 10 phononTS 0.000395212 0.0231484 0.0677813 0.049999 1720.96 0.00034743 1 0.0468924 -0.106963 0.05 1879.51
0 2432 3 phononTS 0.00171192 2.1538 0.246292 0.0139568 4233.62 0.00069486 1 -0.0479493 -0.129338 0.05 9123.58
0 2432 4 phononTF 0.000918769 -0.0479493 -0.129338 0.049999 9123.58 0.00034743 1 0.0795221 -0.12047 0.05 9278.01
0 2434 2 phononTF 0.000822402 2.1403 -0.271305 -0.0396033 3240.46 0.00034743 1 0.0348725 -0.0996332 0.05 11900.6
0 2437 7 phononTS 0.000504924 -1.88765 0.0953751 0.049999 14938.3 0.00034743 1 0.0169876 -0.222714 0.05 16171.3
0 2446 1 phononTS 0.004 0.306853 0.504313 0.0306325 0 0.00173715 1 0.111869 -0.213016 0.05 8332.72
0 2457 5 phononTS 0.000715976 0.110604 0.0471226 0.049998 28518.8 0.00034743 1 -0.0489496 -0.120001 0.05 50094.6
0 2462 2 phononTF 0.000863792 1.55276 2.10369 -0.0216433 6236.64 0.00034743 1 0.0459775 -0.267174 0.05 35697.4
0 2481 3 phononTS 0.00186307 -1.78412 -2.22037 0.0347001 3686.36 0.00034743 1 -0.0530609 -0.260668 0.05 23697.9
0 2491 3 phononTS 0.00220132 -1.54926 0.87074 0.00140483 4711.69 0.00104229 1 -0.0931237 -0.207035 0.05 15459.3
0 2500 3 phononTF 0.0029212 1.28691 -1.4952 -0.0412784 5280.43 0.00069486 1 0.0396665 -0.278925 0.05 6475.08
0 2506 2 phononL 0.00164094 -2.19299 0.80803 -0.044916 344.375 0.00104229 1 -0.0205642 -0.206898 0.05 8530.62
0 2510 2 phononTS 0.000635739 0.818726 -0.957617 -0.030782 1545.17 0.00034743 1 0.0837497 -0.232863 0.05 3119.63
0 2515 4 phononTS 0.00127033 -0.246032 -2.15724 -0.0128382 11540.3 0.00104229 1 0.0365206 -0.129496 0.05 13829.3
0 2519 2 phononTS 0.00163442 -2.26324 1.38395 -0.015366 352.472 0.00104229 1 0.0383128 -0.276584 0.05 23544.6
0 2525 7 phononTF 0.000431641 1.67333 -0.00377202 0.049999 15336 0.00034743 1 0.0219624 -0.257363 0.05 63002.8
0 2531 8 phononL 0.000476338 0.383931 0.0971096 0.049999 18684.6 0.00034743 1 -0.0689669 -0.270816 0.05 19662.2
0 2536 17 phononTS 0.000557641 -0.196553 0.0386266 0.049999 27722.1 0.00034743 1 0.045305 -0.114317 0.05 29798.2
0 2540 19 phononTS 0.000360761 -0.380877 0.0570164 0.049999 19994.8 0.00034743 1 -0.107585 -0.22434 0.05 20202.3
0 2542 1 phononTS 0.004 1.12526 -1.44556 0.0198671 0 0.00138972 1 -0.0301156 -0.288473 0.05 6056.58
0 2546 12 phononTF 0.00143311 -0.371477 0.793316 -0.0402471 10360.7 0.00104229 1 -0.0673195 -0.289071 0.05 16914.9
0 2561 4 phononTF 0.000620779 -0.192572 0.0249275 0.049999 27216.2 0.00034743 1 0.0651647 -0.220633 0.05 27735.2
0 2570 2 phononTS 0.0010868 2.20568 -2.14136 0.0137545 28810.9 0.00069486 1 0.105174 -0.203699 0.05 35280.8
0 2572 2 phononTF 0.00146391 -0.180353 -0.926858 -0.0130107 12296.8 0.00069486 1 0.108967 -0.203725 0.05 17502.9
0 2583 3 phononTS 0.00260736 0.52051 -0.889326 -0.0414419 15829.5 0.00138972 1 -0.085494 -0.120525 0.05 18193.8
0 2589 24 phononTF 0.000405607 2.28307 0.027899 0.049999 22977 0.00034743 1 -0.0817214 -0.233046 0.05 27937.4
0 2593 2 phononL 0.000607716 -1.66289 0.0336388 0.049999 2800.3 0.00034743 1 0.0395992 -0.171327 0.05 6424.15
0 2614 4 phononTF 0.00145099 0.591866 -1.50356 0.00738664 39214.9 0.00104229 1 -0.103965 -0.194412 0.05 64834.3
0 2615 28 phononL 0.000605435 0.90679 0.0806265 0.049999 29359.5 0.00034743 1 0.0604732 -0.154161 0.05 30898.2
0 2619 5 phononTS 0.000355656 -0.857658 0.0677247 0.049999 11217.5 0.00034743 1 0.0956615 -0.205155 0.05 11684.8
0 2626 1 phononL 0.004 2.44024 1.6097 -0.0327251 0 0.00138972 1 0.0438326 -0.187513 0.05 6098.6
0 2626 4 phononTF 0.000347711 0.0438326 -0.187513 0.049999 6098.6 0.00034743 1 -0.0940203 -0.184116 0.05 6167.61
0 2626 3 phononTF 0.000627165 0.0438326 -0.187513 0.049999 6098.6 0.00034743 1 -0.0441876 -0.193568 0.05 15834.7
0 2643 4 phononTS 0.000910952 1.41907 1.37101 0.0283914 7702.01 0.00034743 1 0.107719 -0.174975 0.05 28871.2
0 2646 6 phononTS 0.000905179 -1.64058 0.0973315 0.049999 54592.4 0.00034743 1 0.0585866 -0.286935 0.05 100557
0 2648 8 phononTS 0.000385749 -0.556954 0.0510644 0.049999 20367.5 0.00034743 1 0.0418 -0.287546 0.05 61262.8
0 2649 4 phononTS 0.000366171 -0.278434 0.0764751 0.049999 468.896 0.00034743 1 0.0957928 -0.218116 0.05 987.67
0 2650 4 phononTF 0.00132381 1.29769 -0.982821 0.0166729 10404.9 0.00034743 1 0.0767001 -0.286831 0.05 29670.4
0 2650 2 phononTF 0.00125353 0.759331 -0.982851 -0.0324752 8796.72 0.00069486 1 0.114915 -0.183521 0.05 10427.3
0 2656 3 phononTS 0.0022748 -1.11277 0.716891 -0.0280334 330.154 0.00104229 1 -0.0217965 -0.206517 0.05 32250.3
0 2658 2 phononTF 0.00194357 2.40638 1.22141 -0.0200184 20101.5 0.00138972 1 0.0366249 -0.19216 0.05 37517.1
0 2664 1 phononL 0.004 -0.755361 0.268921 0.0014981 0 0.00138972 1 -0.0862373 -0.216058 0.05 1241.59
0 2664 2 phononTF 0.00101702 -0.0862373 -0.216058 0.049998 1241.59 0.00034743 1 0.0761641 -0.160315 0.05 1505.27
0 2710 3 phononTS 0.00135352 2.23321 -0.503937 0.0462562 5043.19 0.00104229 1 0.0343401 -0.135741 0.05 30878.2
0 2716 21 phononTF 0.000384043 1.42044 0.0572998 0.049999 7023.79 0.00034743 1 0.0575065 -0.238978 0.05 29652.7
0 2723 2 phononTF 0.0020787 0.1171 2.43638 0.049469 6515.35 0.00069486 1 0.0921025 -0.188199 0.05 26076.8
0 2731 4 phononL 0.00137984 0.229533 -0.00186057 0.049999 12533.8 0.00069486 1 0.0173746 -0.158155 0.05 12636.1
0 2731 2 phononTS 0.00174553 -0.948348 1.29193 0.0013832 4855.24 0.00034743 1 -0.0753978 -0.165643 0.05 43101.4
0 2742 9 phononTF 0.000440164 1.68101 0.0678684 0.049999 29925.2 0.00034743 1 -0.0462038 -0.147234 0.05 42183.4
0 2752 1 phononL 0.004 -0.696507 0.0592311 -0.0035343 0 0.00138972 1 0.0419777 -0.230677 0.05 5437.77
0 2752 4 phononTF 0.000790445 0.0419777 -0.230677 0.049999 5437.77 0.00069486 1 0.0647877 -0.202225 0.05 5496.42
0 2760 7 phononTS 0.0011819 -0.0206397 0.02532 0.049999 18699.8 0.00069486 1 0.0459779 -0.116064 0.05 18788.9
0 2765 20 phononTF 0.000749871 -2.07264 0.00899134 0.049999 14689.2 0.00034743 1 0.0564411 -0.22139 0.05 22696.5
0 2774 24 phononTF 0.000826459 -0.555576 0.0294583 0.049999 3248.78 0.00034743 1 -0.0963783 -0.196797 0.05 3448.03
0 2784 17 phononTS 0.000378849 -1.00951 0.0382359 0.049999 22170.4 0.00034743 1 -0.0263943 -0.160608 0.05 63975.8
0 2802 5 phononTF 0.0004167 2.29742 0.0272147 0.049998 9437.45 0.00034743 1 0.106791 -0.251678 0.05 23466.1
0 2806 3 phononTS 0.00194049 -2.20725 -1.18389 -0.0194715 10815.7 0.00069486 1 -0.0623373 -0.233384 0.05 85917.3
0 2827 4 phononTS 0.000737223 0.975796 0.533376 -0.0108374 21355.5 0.00034743 1 0.0698501 -0.232303 0.05 26588.8
0 2838 1 phononTF 0.004 1.51474 -0.205418 -0.0282696 0 0.00034743 1 -0.0103404 -0.203117 0.05 23564.2
0 2838 7 phononTS 0.000890353 -0.0103404 -0.203117 0.049999 23564.2 0.00034743 1 0.0188434 -0.250272 0.05 46553.5
0 2838 6 phononTS 0.000691749 -0.0103404 -0.203117 0.049999 23564.2 0.00034743 1 0.0496734 -0.261596 0.05 23855
0 2838 3 phononTS 0.00188775 -0.0103404 -0.203117 0.049999 23564.2 0.00034743 1 0.0229473 -0.216165 0.05 23627
0 2843 5 phononL 0.00196961 -0.0139795 2.19637 -0.00901186 19044.4 0.00104229 1 0.0779657 -0.251571 0.05 33075.4
0 2846 26 phononTS 0.000490663 0.424938 0.0294761 0.049999 15016.2 0.00034743 1 0.0413616 -0.233918 0.05 15789.5
0 2851 3 phononTS 0.00210975 -0.93948 1.75396 0.0390212 10395.2 0.00069486 1 0.0313949 -0.134131 0.05 20381
0 2855 4 phononTS 0.00192108 0.981996 -2.32472 0.0154219 12664.5 0.00069486 1 0.0327239 -0.175199 0.05 16423.7
0 2857 10 phononTS 0.000389312 0.877831 0.0879405 0.049999 1137.09 0.00034743 1 -0.0510368 -0.0987875 0.05 11509.5
0 2885 3 phononTS 0.00233341 -0.923535 0.471149 -0.00343086 3227.67 0.00069486 1 0.0989575 -0.226825 0.05 5069.17
0 2888 7 phononTF 0.000661131 0.555789 0.0755335 0.049999 7657.23 0.00034743 1 0.0394206 -0.250051 0.05 20411.1
0 2889 3 phononL 0.00180049 0.0137023 -1.37454 -0.0456492 7582.89 0.00034743 1 0.0745014 -0.174209 0.05 10925.5
0 2893 1 phononTF 0.004 2.16049 -0.0903445 0.0169304 0 0.00104229 1 0.0986169 -0.154004 0.05 8503.23
0 2893 5 phononTF 0.000415837 0.0986169 -0.154004 0.049998 8503.23 0.00034743 1 0.101634 -0.145886 0.05 8564.56
0 2894 3 phononL 0.00174632 -0.539127 1.88693 -0.0019051 2122.01 0.00104229 1 0.0560474 -0.220431 0.05 31581.5
0 2899 2 phononTS 0.00196522 0.967099 1.77529 0.00453346 1264.99 0.00069486 1 -0.0688158 -0.114102 0.05 14768
0 2905 1 phononTS 0.004 -0.0558702 0.733876 -0.0260966 0 0.00173715 1 -0.087189 -0.153558 0.05 2296.01
0 2907 7 phononTF 0.000497201 -1.8376 0.077395 0.049999 7224.72 0.00034743 1 0.0536799 -0.131749 0.05 15753.9
0 2911 4 phononL 0.000781209 -1.31889 -0.591417 0.0186344 78620.6 0.00034743 1 -0.0411855 -0.207453 0.05 88712.5
0 2916 7 phononTF 0.000435694 -1.03607 0.103919 0.049999 9311.67 0.00034743 1 0.0554769 -0.140845 0.05 25925.2
0 2919 3 phononTF 0.00190872 0.83279 -1.18581 -0.0073801 13085.4 0.00034743 1 -0.064901 -0.150328 0.05 21714.5
0 2927 1 phononTS 0.004 0.391922 -0.797789 0.0283984 0 0.00138972 1 -0.0399035 -0.263936 0.05 3366.19
0 2927 3 phononTS 0.00045469 -0.0399035 -0.263936 0.049999 3366.19 0.00034743 1 0.0390942 -0.256872 0.05 3639.78
0 2936 7 phononTF 0.000601028 -0.145662 0.0121222 0.049999 14511.5 0.00034743 1 0.0465983 -0.265656 0.05 14710.2
0 2939 16 phononL 0.00051509 -2.06021 -0.00943957 0.049999 24030.4 0.00034743 1 0.0704018 -0.28316 0.05 31528.2
0 2954 2 phononTF 0.00168087 -1.71321 -2.11007 0.0365948 9795.09 0.00069486 1 -0.0321141 -0.112824 0.05 12280.3
0 2966 9 phononTS 0.000416791 1.5041 0.0598654 0.049999 546.095 0.00034743 1 0.104962 -0.202053 0.05 8574.45
0 2970 2 phononTS 0.00219905 -0.378319 0.0883852 -0.0252818 2678.92 0.00069486 1 -0.0635272 -0.113999 0.05 3046.52
0 3002 1 phononTS 0.004 0.689014 0.231164 0.0332433 0 0.00138972 1 0.0727413 -0.285451 0.05 1141.4
0 3008 2 phononL 0.00228895 -0.97682 -2.30868 0.0103147 5924.2 0.00104229 1 -0.0717233 -0.267412 0.05 11638.8
0 3021 14 phononTS 0.000687183 0.774576 0.0466771 0.049999 29318.7 0.00034743 1 0.101353 -0.228399 0.05 31700.1
0 3023 26 phononTF 0.000478351 -2.25219 0.0841589 0.049999 4543.44 0.00034743 1 0.0520243 -0.191603 0.05 31600.9
0 3027 2 phononTS 0.00206186 1.00174 0.633808 -0.00586817 14637.1 0.00034743 1 0.0321937 -0.266731 0.05 19546.6
0 3027 20 phononTS 0.00140568 0.0321937 -0.266731 0.049999 19546.6 0.00069486 1 -0.0810276 -0.178755 0.05 37687.2
0 3031 19 phononTS 0.000535215 0.966697 0.0551815 0.049999 31593.3 0.00034743 1 -0.077957 -0.227153 0.05 32155
0 3041 4 phononL 0.00203743 0.827851 1.33705 0.0316469 14335.5 0.00034743 1 0.110574 -0.225281 0.05 33945
0 3042 23 phononTS 0.00126542 -1.89008 0.0418658 0.049999 36723.2 0.00069486 1 -0.109905 -0.24389 0.05 39595.5
0 3045 16 phononL 0.00105355 1.23648 0.105041 0.049999 16363.5 0.00034743 1 0.0301817 -0.105479 0.05 21441.6
0 3057 5 phononTF 0.00175177 0.508968 -0.586896 -0.00679617 30533.4 0.00104229 1 -0.0993806 -0.200528 0.05 31444.6
0 3060 3 phononTS 0.00162386 -2.48795 0.590824 -0.022942 5338.16 0.00034743 1 0.074502 -0.210233 0.05 14554.2
0 3071 3 phononL 0.00283385 1.30359 2.2929 -0.0447948 3004.68 0.00104229 1 -0.0723977 -0.175338 0.05 20161.9
0 3071 4 phononTS 0.000742831 -0.0723977 -0.175338 0.049998 20161.9 0.00034743 1 0.0426806 -0.134352 0.05 20447.4
0 3074 2 phononTS 0.00254203 -1.99777 0.279716 0.00657784 2736.92 0.00104229 1 -0.0290442 -0.122711 0.05 4252.35
0 3074 17 phononTF 0.0010974 -0.0290442 -0.122711 0.049999 4252.35 0.00034743 1 -0.0373788 -0.271796 0.05 4339.38
0 3084 7 phononTF 0.000483913 -0.185296 -0.00172613 0.049999 2751.8 0.00034743 1 -0.0741772 -0.192943 0.05 3970.89
0 3085 3 phononTF 0.00138152 1.80316 1.02486 -0.0212305 3825.69 0.00104229 1 -0.0375855 -0.143444 0.05 5669.41
0 3103 9 phononL 0.000659752 -0.381785 0.0875579 0.049999 259.498 0.00034743 1 0.0388035 -0.28306 0.05 28502.4
0 3106 4 phononTS 0.00140518 0.27235 0.00109048 0.049999 4808.94 0.00034743 1 -0.0603226 -0.167155 0.05 5131.6
0 3107 5 phononTS 0.000449937 -2.32966 0.0397346 0.049999 1874.4 0.00034743 1 -0.110183 -0.218632 0.05 5252.32
0 3110 3 phononL 0.00222353 -0.735358 -1.14765 0.028557 2861.48 0.00138972 1 0.0284739 -0.28298 0.05 4970.32
0 3130 3 phononTS 0.00206435 2.02256 -1.61707 -0.0144049 4905.63 0.00069486 1 -0.0460742 -0.11672 0.05 6683.04
0 3133 4 phononTF 0.00140797 0.144515 -2.02293 -0.0317963 1553.07 0.00069486 1 0.0395783 -0.134233 0.05 28236.6
0 3135 22 phononTF 0.00093217 -2.0188 0.0656084 0.049998 45470.6 0.00069486 1 0.0846439 -0.239494 0.05 62698.2
0 3136 2 phononTS 0.00205415 1.39735 0.089443 -0.0248982 1833.56 0.00104229 1 0.0341326 -0.287373 0.05 2677.8
0 3147 2 phononTF 0.00150436 -0.383499 -0.96153 -0.0264156 5565.49 0.00069486 1 0.0567136 -0.188466 0.05 15019.1
0 3162 1 phononTS 0.004 0.585366 0.138713 -0.00789692 0 0.00138972 1 0.0534481 -0.178044 0.05 1627.62
0 3162 4 phononL 0.00168623 0.0534481 -0.178044 0.049999 1627.62 0.00034743 1 0.0989616 -0.212578 0.05 2233.04
0 3167 24 phononTS 0.000391774 2.03033 0.0701916 0.049999 15386.1 0.00034743 1 -0.0928014 -0.138624 0.05 19815
0 3178 3 phononTS 0.0023494 -0.909511 -1.36606 -0.00765025 8624.92 0.00069486 1 0.0677536 -0.226199 0.05 15540.8
0 3191 2 phononTF 0.00120017 1.30805 -0.822348 -0.0072134 5924.97 0.00069486 1 0.0174098 -0.229184 0.05 7760.72
0 3201 3 phononTF 0.00129685 -0.0401057 -2.23454 -0.0177803 563.746 0.00069486 1 -0.0927105 -0.237202 0.05 2845.93
0 3213 4 phononTS 0.000769862 0.234744 -1.10461 -0.00548801 3865.98 0.00034743 1 -0.0404357 -0.194752 0.05 27704.3
0 3231 2 phononL 0.00278076 0.539513 -0.381212 -0.0274698 4381.93 0.00173715 1 -0.020102 -0.193575 0.05 17057.4
0 3240 2 phononL 0.00191601 -1.9808 -0.928751 -0.00549505 3011.4 0.00069486 1 -0.0617275 -0.240737 0.05 23563.5
0 3240 20 phononL 0.00101446 -0.0617275 -0.240737 0.049999 23563.5 0.00069486 1 0.0227505 -0.234314 0.05 23730.7
0 3258 3 phononTS 0.0012676 2.11085 -2.13006 0.0438931 2359.62 0.00069486 1 0.0460088 -0.0999452 0.05 13063.2
0 3264 2 phononTF 0.00241257 0.477427 -1.42527 -0.0280164 1880.96 0.00104229 1 -0.0278896 -0.152017 0.05 6408.18
0 3268 3 phononTS 0.000613747 -0.56663 0.105756 0.049999 1635.23 0.00034743 1 -0.0216824 -0.207138 0.05 2317.41
0 3277 3 phononL 0.00278768 1.94965 -1.81379 -0.0406163 2637 0.00104229 1 -0.107515 -0.21739 0.05 21176.1
0 3279 1 phononTS 0.004 -0.270362 -0.23847 -0.0225349 0 0.00173715 1 -0.109161 -0.176842 0.05 260.866
0 3280 4 phononTF 0.000471982 -1.80316 0.0505516 0.049998 22239.7 0.00034743 1 0.0847897 -0.229519 0.05 28239.5
0 3299 3 phononTF 0.00196515 -0.413744 -2.25393 0.00761981 2113 0.00069486 1 -0.108884 -0.192611 0.05 34985.1
0 3311 5 phononTF 0.00307649 0.119565 -0.13829 -0.0426374 10322.3 0.00138972 1 0.0480253 -0.297608 0.05 10650.2
0 3311 10 phononTS 0.000907301 0.0480253 -0.297608 0.049999 10650.2 0.00034743 1 -0.117949 -0.199768 0.05 25302.3
0 3317 2 phononTS 0.00238694 0.339132 0.688952 0.0386812 1115.82 0.00138972 1 -0.0632726 -0.23128 0.05 3773.13
0 3321 17 phononL 0.00158368 -1.08148 2.04636 -0.00873961 16727 0.00104229 1 -0.0948457 -0.218635 0.05 36383.3
0 3334 1 phononTS 0.004 -0.00570148 2.28197 0.00974606 0 0.00104229 1 0.0907277 -0.133036 0.05 19314.2
0 3339 4 phononTS 0.00123678 0.74464 -0.00894578 0.049999 30991.1 0.00069486 1 0.0240754 -0.136925 0.05 37881.4
0 3349 5 phononTS 0.000752666 -2.04229 -0.0101268 0.049998 7108.54 0.00034743 1 0.0882878 -0.131364 0.05 10968.8
0 3350 2 phononTS 0.000465383 -1.46357 1.36043 -0.0448368 3191.84 0.00034743 1 -0.0308837 -0.241073 0.05 16699.6
0 3354 5 phononTS 0.00199017 -1.16048 -0.804449 0.0192394 20117.3 0.00104229 1 -0.0339155 -0.237306 0.05 21564.6
0 3366 9 phononTS 0.000505641 -2.38721 0.000368898 0.049999 7033.15 0.00034743 1 -0.0301562 -0.224247 0.05 42459
0 3391 7 phononTS 0.00101798 0.347133 0.0480849 0.049999 11345.6 0.00069486 1 0.0419568 -0.22623 0.05 27970.9
0 3391 2 phononTF 0.000544565 -0.285557 -2.25134 -0.0322704 7580.93 0.00034743 1 0.0568465 -0.237931 0.05 55337
0 3397 2 phononTS 0.00192422 0.39586 -0.41171 -0.0101398 8438.85 0.00138972 1 -0.0494837 -0.105274 0.05 10556.7
0 3402 2 phononTS 0.00150842 -2.18008 -0.982607 -0.044116 4425.89 0.00104229 1 0.0964058 -0.265868 0.05 79088.7
0 3406 2 phononTS 0.00181326 1.50547 -0.642107 0.0474923 1201.84 0.00104229 1 -0.0653994 -0.226184 0.05 2089.87
0 3428 3 phononTF 0.00293886 0.320533 1.84478 5.38854e-05 132.259 0.00104229 1 0.0888307 -0.131742 0.05 2965.76
0 3428 6 phononTS 0.000494792 0.0888307 -0.131742 0.049999 2965.76 0.00034743 1 0.0454992 -0.174902 0.05 3035.25
0 3428 4 phononTF 0.00049169 0.0888307 -0.131742 0.049999 2965.76 0.00034743 1 0.0616233 -0.161531 0.05 3024.43
0 3433 3 phononTS 0.002429 -2.15933 1.24931 0.000896522 17416.8 0.00034743 1 -0.0519779 -0.286693 0.05 28750.7
0 3434 2 phononTF 0.00195737 0.771401 2.05574 -0.0253649 15860.3 0.00069486 1 -0.0607625 -0.187496 0.05 37221.8
0 3434 18 phononTF 0.000917912 -0.0607625 -0.187496 0.049998 37221.8 0.00069486 1 0.0364758 -0.193459 0.05 37286.5
0 3439 1 phononTF 0.004 0.176125 -0.669793 0.0250826 0 0.00208458 1 0.0138062 -0.228256 0.05 605.571
0 3440 3 phononTF 0.00268933 -1.4401 1.42233 -0.0306514 2223.52 0.00138972 1 0.0777346 -0.131763 0.05 5576.75
0 3447 3 phononTF 0.00113377 2.23603 -0.797588 -0.0108816 7463.9 0.00069486 1 -0.0306798 -0.11248 0.05 9008.72
0 3452 22 phononTS 0.000426891 -1.1516 0.0800323 0.049999 671.03 0.00034743 1 0.10442 -0.202959 0.05 42983.7
0 3454 19 phononTS 0.0015487 2.095 -0.587541 0.0403301 10869.1 0.00069486 1 -0.0927379 -0.234 0.05 15213.1
0 3459 3 phononTF 0.00135086 1.78743 -1.43031 0.042082 12230.2 0.00034743 1 -0.0955814 -0.217895 0.05 16184.4
0 3459 4 phononTS 0.000484063 -0.0955814 -0.217895 0.049999 16184.4 0.00034743 1 -0.078891 -0.20349 0.05 16246.3
0 3463 3 phononTS 0.000584579 -0.556044 0.0029961 0.049999 4905.41 0.00034743 1 0.102803 -0.156392 0.05 20760.6
0 3465 4 phononTS 0.000381516 -0.0192793 -0.00312944 0.049999 5476.6 0.00034743 1 -0.0230592 -0.252805 0.05 5703.17
0 3473 16 phononTF 0.00137061 1.91281 -0.615075 0.0419234 17257.9 0.00034743 1 -0.0735191 -0.233509 0.05 60156.5
0 3473 26 phononTF 0.000563627 -0.0735191 -0.233509 0.049999 60156.5 0.00034743 1 -0.0345597 -0.279202 0.05 60225.8
0 3491 1 phononTS 0.004 0.109425 -1.34465 0.0337371 0 0.00173715 1 -0.0720294 -0.146724 0.05 5064.45
0 3510 5 phononTF 0.00055058 0.911124 0.0414328 0.049999 1458.49 0.00034743 1 0.0356342 -0.237456 0.05 6545.9
0 3541 1 phononL 0.004 -0.72564 1.98311 -0.0270739 0 0.00104229 1 0.0822642 -0.156557 0.05 19246.9
0 3541 5 phononTF 0.000356738 0.0822642 -0.156557 0.049999 19246.9 0.00034743 1 0.0897766 -0.135088 0.05 19437.5
0 3562 6 phononTS 0.000503817 0.719999 0.00757926 0.049999 3165.83 0.00034743 1 0.0651116 -0.185669 0.05 3778.06
0 3616 2 phononTS 0.00196971 -0.808418 1.75577 0.0367168 5311.99 0.00104229 1 0.038922 -0.21444 0.05 6551.06
0 3617 3 phononTF 0.0017807 -2.00765 -1.46749 -0.0334262 10727.8 0.00069486 1 -0.06434 -0.169727 0.05 71210.5
0 3645 17 phononTS 0.000552898 -0.247662 -0.000609093 0.049999 7752.84 0.00034743 1 0.114004 -0.176877 0.05 43648.7
0 3651 3 phononTS 0.00228052 1.12791 1.93232 0.000373541 4759.71 0.00173715 1 0.0226546 -0.200294 0.05 25347.5
0 3661 2 phononTS 0.001121 -1.42225 0.494294 0.0339072 64.3743 0.00069486 1 -0.0393471 -0.264846 0.05 14535.9
0 3662 2 phononTF 0.00137289 0.320648 2.49957 0.00690585 2725.58 0.00034743 1 -0.0162651 -0.206394 0.05 41421.1
0 3662 23 phononTF 0.000486984 -0.0162651 -0.206394 0.049999 41421.1 0.00034743 1 -0.0905777 -0.154476 0.05 41589.4
0 3665 2 phononTS 0.00215287 2.00486 1.08283 -0.00757947 1156.8 0.00069486 1 -0.0318139 -0.295342 0.05 5572.74
0 3674 6 phononTS 0.000466989 0.398267 0.0430857 0.049999 33165.2 0.00034743 1 0.107175 -0.209086 0.05 33655.2
0 3674 2 phononTS 0.00127462 -0.633066 -0.471338 -0.017208 1830.53 0.00034743 1 -0.0562942 -0.250801 0.05 3906.38
0 3678 1 phononL 0.004 0.529685 -0.271518 -0.0187671 0 0.00243201 1 0.0980512 -0.204169 0.05 5347.95
0 3678 23 phononL 0.000377681 0.0980512 -0.204169 0.049999 5347.95 0.00034743 1 -0.0786799 -0.192047 0.05 5709.73
0 3680 2 phononTF 0.00264904 -1.66514 -1.06462 -0.0293841 840.012 0.00104229 1 0.0652444 -0.198328 0.05 7044.41
0 3687 5 phononTS 0.000468917 2.3763 0.0255367 0.049999 2738.66 0.00034743 1 0.0621911 -0.288985 0.05 29015.3
0 3689 4 phononTF 0.002077 1.31441 1.62048 0.0105466 8457.12 0.00034743 1 -0.010973 -0.208562 0.05 15708
0 3689 11 phononTS 0.000786488 -0.010973 -0.208562 0.049999 15708 0.00034743 1 -0.0126802 -0.222837 0.05 15767.4
0 3692 18 phononTS 0.000393923 -0.130743 0.103434 0.049998 13101.1 0.00034743 1 0.0655586 -0.218703 0.05 38241.7
0 3703 7 phononTF 0.000451305 -2.07876 0.0604748 0.049999 34435.2 0.00034743 1 -0.0811241 -0.275038 0.05 46129.7
0 3706 5 phononTF 0.000934994 1.26106 0.0824416 0.049999 2277.19 0.00069486 1 0.111889 -0.186302 0.05 13513.2
0 3710 23 phononTS 0.000895834 2.31034 0.0700824 0.049998 11065.1 0.00034743 1 0.0885302 -0.153404 0.05 12035.1
0 3713 13 phononTS 0.00117262 1.62721 0.434024 0.0306384 50366.9 0.00034743 1 -0.104126 -0.232324 0.05 56928.2
0 3729 3 phononTF 0.00272156 1.28113 -0.679975 0.0318204 8.39023 0.00138972 1 0.102312 -0.158558 0.05 5573.04
0 3729 10 phononL 0.000443578 0.102312 -0.158558 0.049999 5573.04 0.00034743 1 0.0596391 -0.174914 0.05 8119.43
0 3736 6 phononL 0.000872369 0.228727 0.00730391 0.049999 95.0959 0.00034743 1 0.106153 -0.247826 0.05 1025.33
0 3748 3 phononTF 0.00326084 -0.558317 0.453629 -0.0435741 4287.11 0.00069486 1 -0.108423 -0.202518 0.05 5641.07
0 3750 3 phononTS 0.00133016 0.482448 0.491237 -0.0316771 12.918 0.00104229 1 -0.081604 -0.237442 0.05 12647.1
0 3751 18 phononTF 0.000357581 2.09808 0.1058 0.049999 53991.2 0.00034743 1 -0.0530397 -0.147902 0.05 56110.6
0 3760 1 phononTS 0.004 -0.868454 -1.48726 0.0288511 0 0.00208458 1 0.078607 -0.118823 0.05 3288.55
0 3771 26 phononTS 0.000474988 -1.7324 0.0775183 0.049999 3717.27 0.00034743 1 -0.0695143 -0.227484 0.05 13584.5
0 3776 1 phononTS 0.004 -0.0310706 -1.53451 0.0159855 0 0.00104229 1 0.0717053 -0.197414 0.05 6223.01
0 3776 7 phononTS 0.000407525 0.0717053 -0.197414 0.049999 6223.01 0.00034743 1 0.0671463 -0.193799 0.05 6280.81
0 3781 3 phononTS 0.0021799 -2.1079 2.05302 -0.0363775 2758.16 0.00069486 1 0.0946671 -0.178648 0.05 18284.4
0 3781 8 phononTS 0.000398023 0.0946671 -0.178648 0.049999 18284.4 0.00034743 1 0.0358029 -0.283476 0.05 19343.3
0 3784 3 phononL 0.00314751 2.15911 -1.98765 0.0470411 5.3227 0.00138972 1 0.0632781 -0.14435 0.05 5672.74
0 3800 1 phononTS 0.004 -1.06571 -0.225665 -0.0231877 0 0.00138972 1 0.094945 -0.170821 0.05 2528.76
0 3802 3 phononTF 0.00143739 2.0416 -1.79237 -0.00831258 20328.4 0.00034743 1 0.0326372 -0.209636 0.05 101383
0 3805 2 phononTF 0.00226382 -0.502414 -0.651775 0.0409482 7696.42 0.00138972 1 -0.0746633 -0.230228 0.05 8357.55
0 3809 3 phononTF 0.00106638 -1.37861 1.84264 -0.0214889 1953.98 0.00034743 1 0.047974 -0.283106 0.05 75169.5
0 3809 5 phononL 0.000638047 0.047974 -0.283106 0.049999 75169.5 0.00034743 1 0.0737881 -0.280675 0.05 94073.7
0 3812 1 phononTS 0.004 0.022205 -0.676193 -0.00557193 0 0.00243201 1 0.0571251 -0.263047 0.05 1575.61
0 3845 4 phononTF 0.00108089 1.75054 1.92157 -0.0159823 6422.77 0.00034743 1 -0.0805822 -0.238832 0.05 8427.57
0 3854 16 phononTS 0.00109943 -0.196306 -1.68118 -0.00483817 7970.89 0.00069486 1 0.0448009 -0.102814 0.05 16515
0 3856 19 phononTF 0.000852997 -2.04154 0.0280858 0.049999 3449.24 0.00034743 1 -0.110496 -0.199606 0.05 13539.5
0 3859 2 phononTF 0.0010139 1.81506 1.53396 -0.0276296 231.834 0.00069486 1 -0.0785449 -0.239136 0.05 27681.1
0 3861 3 phononTS 0.00260181 -0.591348 -0.720876 -0.0344409 5579.14 0.00104229 1 -0.0246771 -0.161319 0.05 6228.27
0 3861 4 phononTS 0.000583686 -0.0246771 -0.161319 0.049999 6228.27 0.00034743 1 0.0530475 -0.271456 0.05 6843.63
0 3874 1 phononTF 0.004 0.162249 -0.498171 -0.0300485 0 0.00138972 1 -0.105125 -0.177601 0.05 637.181
0 3876 6 phononTS 0.000963744 0.142278 0.0761717 0.049999 18407.2 0.00034743 1 -0.0389133 -0.213551 0.05 19130.1
0 3882 8 phononTS 0.000591235 -1.08371 0.0236132 0.049999 7632.75 0.00034743 1 -0.0319174 -0.217913 0.05 8315.21
0 3898 8 phononTS 0.000615278 0.288387 0.0925874 0.049999 49210 0.00034743 1 -0.104647 -0.145118 0.05 52015.3
0 3900 24 phononTS 0.000968916 -2.27972 0.0746822 0.049999 8941.66 0.00034743 1 0.118752 -0.220984 0.05 10681.1
0 3919 3 phononTS 0.00219083 -0.658382 1.87131 0.0118526 2364.25 0.00138972 1 0.0852195 -0.271265 0.05 13007.8
0 3930 5 phononTS 0.00143234 -2.28375 -0.843067 -0.0257382 8690.97 0.00069486 1 0.0804569 -0.250254 0.05 13202.4
0 3930 10 phononTS 0.000379588 0.0804569 -0.250254 0.049999 13202.4 0.00034743 1 0.075886 -0.257098 0.05 13259.9
0 3931 2 phononL 0.00238504 0.614535 0.562553 -0.0353255 25.6089 0.00104229 1 0.0244001 -0.158044 0.05 696.823
0 3932 2 phononL 0.00261968 -2.39562 -1.67729 -0.0369349 21263.6 0.00173715 1 -0.0303844 -0.296924 0.05 24050
0 3953 3 phononL 0.00177131 2.33042 -0.705875 -0.0312902 289.339 0.00069486 1 0.0355053 -0.181081 0.05 2131.05
0 3956 15 phononTS 0.000606793 0.0119182 0.0794805 0.049999 1657.44 0.00034743 1 -0.0234508 -0.26069 0.05 2177.94
0 3967 3 phononTS 0.00231537 0.460042 -0.825547 0.016295 5743.58 0.00138972 1 -0.0617736 -0.17601 0.05 8065.27
0 3968 1 phononL 0.004 -0.562055 -0.681277 0.0292818 0 0.00208458 1 0.0173327 -0.245309 0.05 1306.47
0 3968 4 phononTS 0.000925399 0.0173327 -0.245309 0.049998 1306.47 0.00034743 1 0.037405 -0.166125 0.05 1389.53
0 3970 22 phononTS 0.00055657 -0.268091 0.0276391 0.049999 2576.87 0.00034743 1 0.0338708 -0.240792 0.05 3468.44
0 3977 2 phononTS 0.00151875 -0.657089 -1.57702 -0.0456357 811.576 0.00104229 1 0.0292526 -0.111553 0.05 9207.44
0 3978 13 phononTF 0.000488789 0.010537 -2.49091 -0.0406889 53335.4 0.00034743 1 0.0443844 -0.168165 0.05 78127.4
0 3982 3 phononTS 0.00149123 -1.99783 -2.20757 0.0495643 14310.9 0.00034743 1 0.0708395 -0.110614 0.05 36771.2
0 3986 2 phononL 0.0028073 0.327073 1.76551 0.015593 4421.92 0.00069486 1 0.0489053 -0.223823 0.05 6562.59
0 3999 1 phononTS 0.004 -0.17207 -0.591543 -0.0309845 0 0.00138972 1 0.0338684 -0.196827 0.05 405.877
0 3999 14 phononTF 0.000602124 0.0338684 -0.196827 0.049999 405.877 0.00034743 1 -0.0631546 -0.127171 0.05 644.593
0 3999 6 phononTF 0.000393639 0.0338684 -0.196827 0.049999 405.877 0.00034743 1 0.100855 -0.203204 0.05 531.838
0 4000 2 phononTS 0.00225273 0.935379 -0.383563 0.0125674 9215.74 0.00069486 1 0.062192 -0.151219 0.05 10957.2
0 4004 3 phononL 0.00147857 0.693503 -0.119584 0.00578682 905.169 0.00104229 1 0.0560884 -0.260491 0.05 26679.4
0 4010 4 phononTS 0.000806279 1.2419 1.78491 -0.0140444 30378.7 0.00034743 1 -0.0344166 -0.250383 0.05 37935.3
0 4013 7 phononTF 0.000472745 2.14893 0.0792406 0.049999 3817.07 0.00034743 1 -0.0789296 -0.250246 0.05 78016
0 4014 19 phononTF 0.000378301 -1.44621 0.00385865 0.049999 1640.18 0.00034743 1 0.0650673 -0.209193 0.05 12640.6
0 4030 3 phononTS 0.00235215 2.3091 -0.227997 -0.0484473 5761.51 0.00104229 1 -0.0956001 -0.145217 0.05 12531.4
0 4030 4 phononTS 0.000728753 -0.0956001 -0.145217 0.049998 12531.4 0.00034743 1 -0.0997684 -0.185873 0.05 12959.3
0 4031 3 phononTS 0.00241387 0.0223769 -1.55082 0.0251104 1240.39 0.00138972 1 0.105458 -0.188052 0.05 9450.78
0 4034 21 phononTF 0.000485248 -0.677468 -0.000533532 0.049999 13338.1 0.00034743 1 0.0785306 -0.28059 0.05 21952
0 4047 2 phononTS 0.00291808 -0.409971 -0.18786 0.0480955 65.9099 0.00173715 1 0.0718968 -0.264482 0.05 3505
0 4054 2 phononTS 0.00207419 -2.11773 -1.47509 0.00704446 10385 0.00069486 1 0.0971172 -0.164665 0.05 34161.3
0 4059 1 phononTS 0.004 0.885733 -1.12966 -0.0231096 0 0.00277944 1 0.0785073 -0.264252 0.05 3755.15
0 4060 3 phononTF 0.0025869 -0.410342 -1.44676 -0.0378048 2312.75 0.00069486 1 -0.0475562 -0.2544 0.05 4177.82
0 4060 9 phononL 0.000501016 -0.0475562 -0.2544 0.049999 4177.82 0.00034743 1 -0.107514 -0.219785 0.05 4222.62
0 4060 4 phononTS 0.000678251 -0.0475562 -0.2544 0.049999 4177.82 0.00034743 1 -0.0166724 -0.209636 0.05 4243.92
0 4065 1 phononTS 0.004 0.321728 -0.652866 0.00939577 0 0.00243201 1 -0.0334259 -0.306912 0.05 22499.9
0 4086 3 phononTF 0.00281318 2.14032 1.67686 0.0304396 3751.92 0.00104229 1 0.0506306 -0.210717 0.05 12672.9
0 4086 8 phononTF 0.000663605 0.0506306 -0.210717 0.049999 12672.9 0.00034743 1 0.0515793 -0.267859 0.05 12741.3
0 4088 18 phononL 0.000718922 2.38843 0.0670431 0.049999 4044.95 0.00034743 1 -0.01692 -0.189586 0.05 26309.6
0 4101 4 phononTF 0.000883468 1.87418 0.0271241 0.049999 23867.4 0.00069486 1 -0.0717644 -0.278758 0.05 55697.5
0 4125 2 phononTS 0.00169469 -1.59754 1.99598 -0.0273509 2420.52 0.00034743 1 0.0779452 -0.1752 0.05 15793.4
0 4125 21 phononL 0.000619029 0.0779452 -0.1752 0.049998 15793.4 0.00034743 1 -0.0713688 -0.278301 0.05 15887.7
0 4130 1 phononL 0.004 0.527634 -1.5477 -0.0383298 0 0.00243201 1 0.0368556 -0.249316 0.05 2344.71
0 4135 18 phononTS 0.0010466 1.78332 0.0909313 0.049999 4607.72 0.00034743 1 0.0943859 -0.251928 0.05 11953
0 4139 2 phononTS 0.00176657 1.28902 2.04377 0.0203428 2196.21 0.00104229 1 0.0215438 -0.19948 0.05 10976.5
0 4142 4 phononTS 0.000353376 -1.16457 0.0803553 0.049999 3125.25 0.00034743 1 -0.0711085 -0.229535 0.05 33551
0 4143 3 phononTS 0.00262695 0.676593 -0.943727 -0.0291745 1129.6 0.00104229 1 0.0311077 -0.168539 0.05 5733.83
0 4150 3 phononTS 0.00232953 -0.181467 -1.3504 -0.02045 173.136 0.00069486 1 -0.0378955 -0.232094 0.05 5303.24
0 4152 2 phononTF 0.00212291 -0.719618 -2.12485 0.0224163 3024.06 0.00069486 1 -0.0380348 -0.229542 0.05 18543.9
0 4152 19 phononTS 0.00101485 -0.0380348 -0.229542 0.049999 18543.9 0.00034743 1 -0.0174358 -0.196449 0.05 18618.1
0 4161 3 phononTS 0.00290085 -2.21541 1.20729 0.00457851 2198.68 0.00069486 1 -0.0879514 -0.185168 0.05 25379.9
0 4161 8 phononTS 0.00105876 -0.0879514 -0.185168 0.049999 25379.9 0.00069486 1 0.114825 -0.201524 0.05 25503.4
0 4161 4 phononTF 0.000465945 -0.0879514 -0.185168 0.049999 25379.9 0.00034743 1 -0.0259388 -0.176995 0.05 25443.8
0 4167 3 phononTS 0.00127993 -1.64579 1.29686 -0.0169532 4886.02 0.00034743 1 0.0287985 -0.147756 0.05 57282.2
0 4167 5 phononTS 0.000579151 0.0287985 -0.147756 0.049999 57282.2 0.00034743 1 0.0647694 -0.115369 0.05 57346
0 4171 26 phononTS 0.000366562 1.58794 0.0207858 0.049999 26418.5 0.00034743 1 0.0298349 -0.15358 0.05 98697.1
0 4176 3 phononTF 0.000993533 0.478517 1.60629 0.0299864 8837.26 0.00034743 1 -0.0555275 -0.24172 0.05 17395
0 4189 9 phononTS 0.00050575 -0.151016 0.0590933 0.049999 2336.47 0.00034743 1 -0.06759 -0.288732 0.05 2617.29
0 4198 3 phononTS 0.00279158 -0.754031 -1.84086 0.0409419 1025.6 0.00173715 1 -0.0596835 -0.22726 0.05 11746.7
0 4199 2 phononTS 0.000551886 -1.056 -1.24111 -0.0283155 1.39086 0.00034743 1 -0.0598618 -0.213033 0.05 27500.1
0 4202 5 phononTS 0.000757655 -0.157376 -0.00203457 0.049999 6202.73 0.00034743 1 -0.0639307 -0.191295 0.05 6430.92
0 4234 3 phononTS 0.00189753 0.602262 -0.771744 -0.0471696 402.596 0.00034743 1 -0.0771073 -0.154003 0.05 25010.1
0 4234 2 phononL 0.00210247 0.602262 -0.771744 -0.0471696 402.596 0.00104229 1 -0.0395497 -0.26271 0.05 7593.46
0 4236 3 phononTS 0.00226677 -0.831523 -2.0716 -0.0453385 1674.06 0.00034743 1 0.105962 -0.187295 0.05 20030.4
0 4236 4 phononTS 0.0016079 0.105962 -0.187295 0.049999 20030.4 0.00104229 1 0.0738956 -0.128671 0.05 20114.5
0 4237 17 phononTS 0.000586955 -1.89812 0.0762639 0.049999 15433.7 0.00034743 1 0.0257284 -0.18498 0.05 58011.6
0 4241 2 phononL 0.00151563 1.62152 -2.00366 0.0264275 774.523 0.00034743 1 0.0391413 -0.275931 0.05 16711.9
0 4250 3 phononTF 0.0016572 0.735296 -1.45101 0.0129417 4672.13 0.00034743 1 0.084883 -0.277102 0.05 19141.4
0 4260 5 phononTF 0.000584068 1.44069 0.013736 0.049999 9675.17 0.00034743 1 -0.0708411 -0.23175 0.05 15455.7
0 4261 2 phononTS 0.00215671 0.196451 2.1472 -0.0203958 194.307 0.00034743 1 0.0621683 -0.240273 0.05 12781
0 4261 5 phononTS 0.00138412 0.0621683 -0.240273 0.049999 12781 0.00069486 1 0.0252575 -0.153894 0.05 13004.6
0 4267 6 phononTF 0.000492836 -1.67642 0.0990287 0.049999 24361.1 0.00034743 1 0.064878 -0.204832 0.05 28088
0 4269 2 phononTS 0.00151436 -0.637268 -2.1635 0.0125292 11955.8 0.00069486 1 -0.0100405 -0.203137 0.05 58607
0 4271 2 phononTF 0.00174133 1.23786 -2.383 0.00132433 4855.7 0.00138972 1 0.0506049 -0.275016 0.05 32888.6
0 4287 1 phononTF 0.004 -0.00285862 -0.168807 -0.0175431 0 0.00173715 1 0.0724676 -0.135761 0.05 60.5196
0 4296 20 phononTS 0.000384407 -0.310264 0.0555517 0.049999 20334.1 0.00034743 1 -0.0477321 -0.190397 0.05 20560.8
0 4303 2 phononTF 0.00166683 0.559377 -0.4521 -0.023373 4934.07 0.00069486 1 0.0457652 -0.259507 0.05 32949.9
0 4305 4 phononTF 0.000679624 1.65719 0.0584325 0.049999 10604.4 0.00034743 1 0.0995879 -0.26395 0.05 13733.5
0 4316 2 phononTF 0.00123038 -0.356231 2.49856 0.0135581 8385.34 0.00069486 1 0.0332627 -0.143178 0.05 18477.7
0 4319 1 phononTS 0.004 -0.29571 -0.893722 0.0204186 0 0.00208458 1 -0.0421434 -0.220205 0.05 1059.92
0 4321 7 phononTS 0.000521906 1.75301 0.00132005 0.049999 8048.99 0.00034743 1 -0.0627109 -0.120534 0.05 21157.7
0 4331 4 phononTS 0.00042162 -1.22834 0.0647552 0.049999 7975.54 0.00034743 1 -0.0456675 -0.299718 0.05 16986.7
0 4341 2 phononTS 0.00176749 -2.1645 -2.20452 -0.0395752 5913.98 0.00034743 1 0.0304722 -0.221803 0.05 9622.15
0 4341 4 phononTF 0.000548112 0.0304722 -0.221803 0.049999 9622.15 0.00034743 1 0.0327441 -0.252428 0.05 9682.66
0 4344 2 phononTS 0.00159175 1.20749 0.0376462 0.049999 898.413 0.00069486 1 -0.100312 -0.164795 0.05 20252.5
0 4350 5 phononTS 0.000587512 0.473868 0.10225 0.049999 1861.64 0.00034743 1 0.0255727 -0.20846 0.05 2644.17
0 4352 30 phononTS 0.000583216 1.88036 0.105108 0.049999 32368.7 0.00034743 1 -0.0549128 -0.166408 0.05 41524.3
0 4360 2 phononTF 0.00257807 -1.26656 -1.42556 0.00549334 13768.6 0.00104229 1 -0.0321385 -0.284846 0.05 18707.9
0 4366 1 phononTS 0.004 -0.327003 -0.241161 -0.00910005 0 0.00138972 1 -0.0637256 -0.207622 0.05 1508.28
0 4377 2 phononTF 0.0018199 1.09964 -0.522688 -0.0043277 4815.76 0.00034743 1 0.0467336 -0.20661 0.05 16843.2
0 4378 5 phononTS 0.00114676 1.85112 -1.36058 0.0499725 7055.81 0.00069486 1 0.0716371 -0.171609 0.05 9972.85
0 4378 2 phononTS 0.000968735 1.68392 -0.699104 0.0429256 5810.17 0.00034743 1 0.0866228 -0.196296 0.05 14714.2
0 4379 1 phononTF 0.004 0.364524 -0.335248 -0.016888 0 0.00173715 1 0.105189 -0.15508 0.05 166.09
0 4379 8 phononTF 0.000451917 0.105189 -0.15508 0.049999 166.09 0.00034743 1 -0.0242617 -0.214976 0.05 62446.8
0 4384 7 phononTF 0.00092627 1.88485 0.0459676 0.049998 22772.3 0.00034743 1 0.106846 -0.160191 0.05 25124.5
0 4388 22 phononL 0.000348168 0.521636 0.0442077 0.049999 5867.83 0.00034743 1 -0.0996577 -0.172435 0.05 6121.64
0 4389 21 phononTF 0.000552992 1.74434 0.0368379 0.049999 32383.7 0.00034743 1 0.0738906 -0.194366 0.05 83462.6
0 4390 10 phononTF 0.000381785 -1.99672 0.0366634 0.049999 12530.7 0.00034743 1 0.0366304 -0.124819 0.05 16499.6
0 4396 3 phononTF 0.0015426 2.22711 2.31471 -0.0375081 6305.89 0.00069486 1 0.0542378 -0.214657 0.05 19675.2
0 4417 1 phononTF 0.004 0.698097 -0.769066 0.023441 0 0.00138972 1 -0.0322286 -0.224826 0.05 3388.01
0 4422 12 phononTF 0.000351799 0.687945 0.00271776 0.049999 37633.7 0.00034743 1 -0.0871735 -0.138694 0.05 66155.8
0 4423 3 phononTF 0.00156985 -1.88718 -0.597666 0.0075457 753.726 0.00104229 1 0.0437779 -0.19754 0.05 13670.4
0 4425 4 phononTS 0.00183794 1.07338 0.0205423 0.049998 26496.1 0.00069486 1 -0.0403389 -0.113846 0.05 26922.6
0 4428 13 phononTS 0.000373755 -1.64239 0.0293188 0.049999 18071.9 0.00034743 1 -0.104491 -0.234493 0.05 24317.3
0 4430 26 phononTS 0.00036364 1.91038 -0.00421125 0.049999 8932.02 0.00034743 1 0.0380919 -0.180791 0.05 31942.4
0 4433 3 phononTS 0.0028472 0.0646505 0.443935 -0.0184287 7941.41 0.00138972 1 0.0403681 -0.198407 0.05 10969.8
0 4433 9 phononTS 0.000401065 0.0403681 -0.198407 0.049999 10969.8 0.00034743 1 0.0626864 -0.177891 0.05 11465.6
0 4447 3 phononTS 0.00261877 1.1211 -0.192688 -0.0214476 84.6661 0.00138972 1 0.103859 -0.204303 0.05 2613.18
0 4449 1 phononL 0.004 0.488447 -0.0378435 -0.0238388 0 0.00069486 1 -0.0873492 -0.14208 0.05 8112.86
0 4467 2 phononTS 0.00213908 -0.54245 1.56555 0.0320628 2629.83 0.00104229 1 0.112529 -0.167445 0.05 9803.04
0 4467 24 phononTS 0.000790155 0.112529 -0.167445 0.049999 9803.04 0.00034743 1 0.0657399 -0.14873 0.05 9871.26
0 4468 2 phononTF 0.00150399 -0.824157 -0.360292 0.0457323 29.6689 0.00069486 1 0.029619 -0.174273 0.05 4813.13
0 4476 3 phononL 0.0024527 0.371218 0.338607 -0.0483762 40.7754 0.00104229 1 -0.0950666 -0.173379 0.05 30762.9
0 4476 2 phononTS 0.0015473 0.371218 0.338607 -0.0483762 40.7754 0.00069486 1 0.0975084 -0.234671 0.05 28045.8
0 4490 3 phononTS 0.0026749 -0.507782 0.828704 0.0266989 79.799 0.00069486 1 0.0180376 -0.209108 0.05 27035.6
0 4490 5 phononTF 0.000432688 0.0180376 -0.209108 0.049999 27035.6 0.00034743 1 0.0164497 -0.158497 0.05 27111.8
0 4504 2 phononTS 0.00237338 -0.350198 0.375493 0.0163053 261.062 0.00069486 1 -0.0709387 -0.111128 0.05 41573.5
0 4504 23 phononTS 0.000593948 1.56628 0.082981 0.049999 45660.8 0.00034743 1 0.0365388 -0.235582 0.05 55985.6
0 4506 11 phononTF 0.000574125 -0.631027 0.0031657 0.049999 1969.2 0.00034743 1 -0.0944499 -0.142147 0.05 2349.91
0 4543 3 phononTS 0.0027693 0.387266 2.16751 0.0497537 13952.1 0.00069486 1 0.10392 -0.180455 0.05 25525.1
0 4543 4 phononTF 0.000641233 0.10392 -0.180455 0.049999 25525.1 0.00034743 1 0.0891086 -0.22871 0.05 25589.5
0 4543 2 phononTF 0.0012307 0.387266 2.16751 0.0497537 13952.1 0.00034743 1 -0.0422903 -0.106017 0.05 23104.6
0 4543 29 phononTS 0.000833283 -0.0422903 -0.106017 0.049999 23104.6 0.00034743 1 0.0899696 -0.201605 0.05 23196.7
0 4558 5 phononTF 0.000444856 1.26764 0.0839238 0.049999 7470.87 0.00034743 1 -0.0449279 -0.173431 0.05 74548.6
0 4564 23 phononTS 0.000399496 0.0649794 0.0333158 0.049999 2557.37 0.00034743 1 -0.0642288 -0.145431 0.05 2667.81
0 4576 4 phononTS 0.000869294 -0.132652 -0.00904258 0.049999 14414.5 0.00069486 1 -0.0776525 -0.148795 0.05 14504.6
0 4585 3 phononTS 0.00209992 0.301558 -1.97373 0.0383453 5136.73 0.00069486 1 0.0980428 -0.18913 0.05 9913.55
0 4591 3 phononL 0.0019869 -1.99175 -1.9369 0.000204199 9378.57 0.00069486 1 0.057257 -0.105825 0.05 28536.4
0 4599 5 phononTS 0.00185816 0.978809 -1.97186 0.0209269 19347.7 0.00104229 1 -0.0592409 -0.140518 0.05 27663.7
0 4603 12 phononTS 0.000988342 -2.49767 -0.00794681 0.049999 3089.64 0.00034743 1 -0.0191922 -0.228336 0.05 79894.9
0 4612 22 phononTF 0.00071254 -0.946694 0.431293 0.000978619 2538.26 0.00034743 1 -0.0200263 -0.185378 0.05 4169.72
0 4630 11 phononTS 0.00050795 1.10859 0.0146395 0.049998 7921.01 0.00034743 1 -0.0456406 -0.2189 0.05 12928.9
0 4638 2 phononTS 0.00100668 -0.376619 -0.0103274 0.049999 58.4917 0.00069486 1 -0.035871 -0.263972 0.05 559.597
0 4644 2 phononTS 0.00128022 1.18049 -0.400038 -0.0333496 342.887 0.00034743 1 0.11442 -0.17352 0.05 10230.1
0 4652 3 phononL 0.00241587 2.02563 -2.31324 -0.0330221 8918.34 0.00104229 1 0.0765367 -0.237794 0.05 26619.5
0 4652 4 phononTF 0.000750081 0.0765367 -0.237794 0.049999 26619.5 0.00034743 1 0.102821 -0.224276 0.05 26781
0 4663 2 phononL 0.00136034 1.02695 -1.62627 0.0181587 1869.05 0.00069486 1 -0.0615962 -0.115317 0.05 21902.1
0 4685 8 phononTS 0.000375072 1.20843 0.0044054 0.049999 44554.4 0.00034743 1 0.0514613 -0.270031 0.05 78112.1
0 4689 3 phononL 0.00266249 -0.733352 -0.920272 -0.0286853 1312.98 0.00138972 1 0.037489 -0.250773 0.05 3443.97
0 4689 2 phononTF 0.00133751 -0.733352 -0.920272 -0.0286853 1312.98 0.00069486 1 -0.0371391 -0.2965 0.05 8336.52
0 4696 3 phononTS 0.00161834 2.25308 2.30441 0.0486347 263.902 0.00069486 1 0.0245821 -0.23214 0.05 3480.61
0 4701 2 phononL 0.00159833 0.910337 -1.2591 -0.00474892 5339.2 0.00069486 1 -0.0599112 -0.164837 0.05 59879.4
0 4701 23 phononTS 0.000462882 -0.0599112 -0.164837 0.049999 59879.4 0.00034743 1 0.055647 -0.180987 0.05 59987.9
0 4710 2 phononTS 0.00145017 1.8942 -0.498428 0.0252527 40.3214 0.00034743 1 0.0923181 -0.258333 0.05 16345.6
0 4721 25 phononTS 0.000464359 -0.0856737 0.01702 0.049999 14216.6 0.00034743 1 0.0396306 -0.272643 0.05 14448.1
0 4727 3 phononTS 0.00176252 1.98264 -1.79348 0.0098575 8797.77 0.00034743 1 -0.0852063 -0.250919 0.05 16705.2
0 4737 2 phononTF 0.00232477 1.84482 1.08529 0.00985517 4390.95 0.00138972 1 0.0376519 -0.211033 0.05 13132.9
0 4747 2 phononTS 0.000649169 2.33698 1.78261 -0.0116351 6738.27 0.00034743 1 -0.0320131 -0.134261 0.05 14712.6
0 4754 9 phononTF 0.000455089 0.24807 0.0317581 0.049999 16559.5 0.00034743 1 0.0370118 -0.182798 0.05 16865.1
0 4755 3 phononTS 0.00247748 2.47347 1.82898 -0.0195453 9698.6 0.00138972 1 0.0534409 -0.103524 0.05 21949.6
0 4755 7 phononTF 0.000399874 0.0534409 -0.103524 0.049999 21949.6 0.00034743 1 -0.0192309 -0.222951 0.05 22076
0 4760 5 phononTS 0.000461589 -0.0117441 0.0351529 0.049998 7942.92 0.00034743 1 0.0530152 -0.106173 0.05 8049.67
0 4763 2 phononTS 0.00180834 -2.25012 -1.60606 0.0386666 2989.34 0.00104229 1 0.106608 -0.253333 0.05 38101.2
0 4763 4 phononTS 0.000579732 0.106608 -0.253333 0.049999 38101.2 0.00034743 1 -0.0393141 -0.301237 0.05 38206.8
0 4765 22 phononL 0.00111783 1.20284 1.31598 0.0111623 15134.2 0.00034743 1 0.0338692 -0.209924 0.05 59008.6
0 4770 1 phononTF 0.004 0.867503 -2.18259 0.0174495 0 0.00138972 1 0.0514454 -0.23641 0.05 19815.8
0 4773 2 phononTF 0.00257004 -0.442216 0.638738 0.018715 843.965 0.00138972 1 0.0438708 -0.248496 0.05 3062.62
0 4782 4 phononTS 0.000505691 0.948393 0.0136059 0.049999 43321.3 0.00034743 1 -0.0616605 -0.210694 0.05 48031
0 4783 3 phononTS 0.00230901 1.32903 -2.14714 -0.0382764 4162.49 0.00138972 1 -0.0669395 -0.201114 0.05 34208.5
0 4798 4 phononTS 0.00087118 0.92999 -2.36025 0.0398054 17772.4 0.00034743 1 -0.0336842 -0.204028 0.05 20725.8
0 4803 28 phononTF 0.000919832 -0.0323563 0.00702838 0.049999 7753.41 0.00034743 1 -0.0252773 -0.205989 0.05 7851.3
0 4804 19 phononTS 0.000383606 0.25625 0.00293038 0.049999 23066.8 0.00034743 1 0.0481496 -0.258808 0.05 23327.4
0 4809 14 phononTS 0.000492419 -0.266102 0.10068 0.049999 4111.13 0.00034743 1 -0.0988978 -0.193221 0.05 4289.65
0 4821 29 phononL 0.00056411 1.44867 -0.00841383 0.049999 4929.42 0.00034743 1 0.0353282 -0.245964 0.05 6923.05
0 4839 2 phononTS 0.00208425 -1.34756 -1.22702 -0.049582 782.166 0.00104229 1 0.0882378 -0.197962 0.05 5787.64
0 4840 3 phononTF 0.00132064 0.630553 1.61756 0.00157133 62.8586 0.00069486 1 0.116167 -0.213734 0.05 5053.77
0 4846 6 phononTF 0.000701712 -0.79312 0.0569768 0.049999 9856.58 0.00034743 1 0.0753795 -0.250096 0.05 19280.3
0 4855 1 phononL 0.004 0.420022 -0.711952 -0.0011238 0 0.00173715 1 0.0601039 -0.118829 0.05 6182.02
0 4858 3 phononTF 0.00177324 -1.72027 0.0837824 -0.0442023 966.418 0.00069486 1 0.0787871 -0.2101 0.05 11754.9
0 4864 3 phononL 0.00199561 0.805851 -0.531869 -0.00852125 670.984 0.00104229 1 0.0570583 -0.164222 0.05 1348.9
0 4868 4 phononL 0.000769327 0.374669 -1.2455 0.0264724 23828.4 0.00034743 1 -0.068945 -0.254808 0.05 59723.3
0 4870 3 phononTF 0.00224144 -0.715282 1.3533 0.0207732 3322.39 0.00034743 1 -0.020883 -0.135664 0.05 9116.29
0 4873 2 phononTS 0.0025075 0.188592 1.63256 0.0495199 3201.51 0.00104229 1 0.0175159 -0.224348 0.05 12051.8
0 4882 17 phononTS 0.00161197 0.807251 0.224114 0.0453378 21133.3 0.00104229 1 -0.0484451 -0.213724 0.05 56216.4
0 4887 3 phononTS 0.00193212 2.21312 1.49608 -0.0107645 1461.47 0.00069486 1 -0.0996348 -0.152602 0.05 15907.2
0 4888 7 phononTF 0.000792832 -0.340626 0.0203488 0.049999 11586.1 0.00069486 1 -0.0307851 -0.269001 0.05 12613.4
0 4908 5 phononTS 0.00109873 1.88883 -2.47919 0.0217074 55382.7 0.00034743 1 -0.0710552 -0.110649 0.05 65554.4
0 4908 6 phononTS 0.000347929 -0.0710552 -0.110649 0.049999 65554.4 0.00034743 1 0.0261703 -0.141442 0.05 65709.4
0 4918 1 phononTF 0.004 -0.684545 0.96613 0.00279707 0 0.00173715 1 0.10963 -0.18655 0.05 4376.29
0 4918 3 phononTS 0.000720581 0.10963 -0.18655 0.049999 4376.29 0.00034743 1 -0.051413 -0.294651 0.05 4478.27
0 4921 2 phononTS 0.0026244 -1.45551 -1.02944 0.0334709 3306.46 0.00104229 1 0.0729029 -0.132278 0.05 7778.95
0 4937 1 phononL 0.004 0.888465 -0.805411 0.00320838 0 0.00138972 1 -0.0398872 -0.272919 0.05 2439.09
0 4937 3 phononTS 0.000723179 -0.0398872 -0.272919 0.049999 2439.09 0.00034743 1 0.0526386 -0.101694 0.05 2650.37
0 4945 2 phononL 0.00116719 0.0626498 -0.723778 -0.0488018 5222.8 0.00069486 1 0.0542157 -0.119581 0.05 8762.73
0 4952 7 phononTS 0.000403757 -1.77669 0.0172771 0.049999 17784.6 0.00034743 1 -0.0660456 -0.130869 0.05 30865.6
0 4961 2 phononTS 0.0017119 2.35948 2.17899 -0.00142728 4782.94 0.00034743 1 0.0528552 -0.251577 0.05 25589.8
0 4966 7 phononTF 0.00239902 0.806366 0.0990525 0.049999 68.5583 0.00104229 1 0.0475738 -0.146384 0.05 47484.4
0 4982 1 phononL 0.004 -0.764389 -1.86314 0.0213241 0 0.00138972 1 0.0781942 -0.23587 0.05 13428.2
0 4995 15 phononTF 0.00132284 0.606951 0.0372429 0.049999 8603.95 0.00069486 1 0.0554179 -0.290863 0.05 19888.3
0 4997 3 phononTF 0.0026438 2.18776 0.807534 0.00617287 7771.07 0.00104229 1 0.0632116 -0.169968 0.05 34818.4
0 5005 1 phononTS 0.004 0.102339 -0.489487 0.00569206 0 0.00208458 1 0.0470275 -0.166026 0.05 168.031
0 5025 2 phononTS 0.00211605 -1.29061 -1.95012 -0.00368693 6828.93 0.00104229 1 -0.0384589 -0.224228 0.05 8200.63
0 5044 2 phononTS 0.0029884 -0.997876 -1.53545 0.00645612 1067.28 0.00104229 1 -0.0300623 -0.275952 0.05 20174.6
0 5060 1 phononL 0.004 -1.27226 -2.1515 -0.0340716 0 0.00138972 1 0.0756892 -0.253817 0.05 17076.1
0 5060 6 phononTS 0.000581279 0.0756892 -0.253817 0.049999 17076.1 0.00034743 1 0.0284 -0.231891 0.05 17761.5
0 5068 4 phononTF 0.000692593 0.914152 -0.961997 0.0355736 15732.6 0.00034743 1 -0.0240006 -0.124682 0.05 50006.2
0 5069 6 phononTF 0.000452277 -0.153909 0.00652922 0.049999 8067.68 0.00034743 1 0.0852892 -0.216663 0.05 8197.9
0 5071 24 phononTS 0.000402816 -2.26452 0.0552718 0.049999 33807.8 0.00034743 1 -0.02599 -0.282543 0.05 42201.5
0 5098 3 phononTS 0.00146033 0.663266 -0.593229 0.0336846 1066.19 0.00069486 1 0.0902136 -0.239982 0.05 14646.3
0 5106 12 phononTF 0.000537093 -1.3918 0.838511 0.0182141 6041.56 0.00034743 1 -0.0602518 -0.28298 0.05 13174.3
0 5109 3 phononTS 0.00209698 0.721389 -1.27507 0.0401429 7664.18 0.00069486 1 0.0673528 -0.227011 0.05 11227
0 5110 8 phononL 0.000422914 0.685849 0.0632294 0.049999 940.683 0.00034743 1 0.0587201 -0.290017 0.05 4573.99
0 5113 2 phononTS 0.00193605 1.8707 -0.723179 0.0113407 11587.9 0.00034743 1 0.0474496 -0.298169 0.05 12750.9
0 5121 2 phononTS 0.000443146 0.199327 0.0611839 0.049999 1650.55 0.00034743 1 -0.102038 -0.223794 0.05 8752.88
0 5134 4 phononL 0.000508779 0.510906 0.0228815 0.049999 8138.1 0.00034743 1 0.067072 -0.190676 0.05 11964.1
0 5135 2 phononTS 0.00138212 1.36161 1.63773 -0.0122882 7691.22 0.00069486 1 -0.0459886 -0.114172 0.05 41473.6
0 5136 2 phononTF 0.00147773 -2.40397 1.9703 0.0423779 3064.73 0.00034743 1 0.0238128 -0.147585 0.05 4877.9
0 5140 4 phononTS 0.000477807 -0.74628 0.0876258 0.049998 17492.4 0.00034743 1 0.067127 -0.133835 0.05 48108.5
0 5142 3 phononL 0.00154886 2.46971 -1.13183 0.0281229 544.296 0.00069486 1 -0.0625823 -0.218593 0.05 7480.84
0 5151 2 phononTS 0.00199183 0.300459 1.21583 0.0128314 8027.36 0.00034743 1 -0.035873 -0.173435 0.05 23170.3
0 5156 2 phononL 0.00221655 -0.428605 0.567016 -0.0352661 5696.7 0.00069486 1 -0.0138937 -0.206561 0.05 6612.79
0 5158 2 phononTF 0.0021055 -1.68281 0.337489 0.040888 6.99072 0.00104229 1 -0.0597963 -0.16954 0.05 12019.3
0 5190 7 phononTF 0.00035728 0.103583 0.0381696 0.049998 11479.4 0.00034743 1 0.0656081 -0.157305 0.05 22236.1
0 5201 18 phononL 0.000504744 -1.99403 0.0353721 0.049999 32660.8 0.00034743 1 -0.0574995 -0.178538 0.05 34773.5
0 5203 3 phononTS 0.00266373 2.31396 -1.34991 0.0337565 6343.96 0.00138972 1 0.089943 -0.260109 0.05 9749.5
0 5204 5 phononTS 0.000395 -2.03326 0.0477511 0.049999 14712.8 0.00034743 1 -0.0609929 -0.193062 0.05 84348.9
0 5209 25 phononTS 0.00035189 -1.21039 -0.00786608 0.049999 12276.6 0.00034743 1 -0.0705103 -0.20433 0.05 13448.8
0 5209 22 phononTF 0.00102486 -1.21039 -0.00786608 0.049999 12276.6 0.00069486 1 -0.0879746 -0.139176 0.05 13189
0 5211 8 phononTS 0.000864903 -2.03817 0.0331779 0.049999 35131.1 0.00034743 1 -0.0911666 -0.253636 0.05 71823.1
0 5211 19 phononTS 0.000353075 -0.0911666 -0.253636 0.049998 71823.1 0.00034743 1 -0.0466468 -0.255858 0.05 71891.3
0 5212 15 phononTS 0.000810028 -0.717997 0.0707474 0.049998 110649 0.00034743 1 0.0348456 -0.30644 0.05 141362
0 5213 3 phononTS 0.00207542 2.0397 -2.48413 -0.0209013 0.513255 0.00034743 1 -0.105074 -0.196917 0.05 19602.4
0 5213 4 phononTS 0.00143215 -0.105074 -0.196917 0.049998 19602.4 0.00104229 1 -0.101214 -0.171414 0.05 26492.2
0 5219 2 phononL 0.000596668 -0.401612 0.0741771 0.049999 59.3461 0.00034743 1 0.0448622 -0.264517 0.05 1395.52
0 5224 3 phononTS 0.00249118 0.989488 1.98743 -0.0447232 3319.54 0.00104229 1 0.0864143 -0.191223 0.05 10683
0 5239 2 phononTS 0.00223825 -0.332919 -1.16689 -0.0464446 9629.63 0.00104229 1 -0.0502538 -0.254767 0.05 15033.4
0 5244 2 phononTF 0.00075538 0.0775195 0.0833115 0.049999 947.164 0.00069486 1 0.075596 -0.25565 0.05 1103.38
0 5246 26 phononTS 0.000462426 0.0718874 0.0966663 0.049999 666.896 0.00034743 1 0.0726694 -0.259967 0.05 11640.4
0 5250 3 phononTF 0.00202696 0.942312 -1.52029 0.0141622 754.916 0.00104229 1 0.0640055 -0.105642 0.05 20740.3
0 5252 3 phononTF 0.00224789 -2.42873 2.44383 -0.0253991 7299.05 0.00104229 1 0.0219229 -0.26721 0.05 25666.7
0 5269 2 phononTF 0.00200727 -0.0190137 1.43743 0.00993022 1369.88 0.00104229 1 0.0673226 -0.214204 0.05 11089.1
0 5287 10 phononTS 0.000389419 0.884995 0.0513352 0.049998 7173.53 0.00034743 1 0.0456943 -0.111992 0.05 8097.05
0 5292 3 phononL 0.00204758 0.226165 -1.23506 -0.00601166 358.033 0.00104229 1 -0.0295373 -0.259824 0.05 7836.91
0 5296 24 phononTS 0.000831996 2.19658 0.0496079 0.049998 30244.1 0.00034743 1 0.0680056 -0.235625 0.05 57453.3
0 5296 32 phononTS 0.000455143 0.0680056 -0.235625 0.049999 57453.3 0.00034743 1 0.0379464 -0.273836 0.05 103958
0 5297 3 phononL 0.00183279 -0.224188 -0.405389 0.028761 3071.07 0.00104229 1 -0.0448954 -0.261925 0.05 3250.47
0 5299 2 phononTF 0.00215775 -0.621356 -1.20311 -0.0342559 9.25121 0.00173715 1 -0.0692576 -0.224335 0.05 38627.8
0 5300 2 phononTS 0.00207305 1.15675 1.4486 0.0126258 3036.49 0.00104229 1 0.0795926 -0.275401 0.05 45422.6
0 5313 4 phononTS 0.00225203 0.364134 0.0968415 0.049999 1602.71 0.00104229 1 0.0593554 -0.173395 0.05 1948.43
0 5342 2 phononTF 0.00244234 2.32673 2.3649 0.0286226 1327.5 0.00138972 1 -0.0412959 -0.17459 0.05 10505
0 5346 1 phononTS 0.004 0.10495 -0.20601 -0.000413967 0 0.00173715 1 -0.051821 -0.140582 0.05 121.175
0 5348 2 phononTF 0.00195282 -0.312608 1.4019 -0.0160741 5436.85 0.00104229 1 -0.068698 -0.158994 0.05 8088.46
0 5351 2 phononTS 0.00289029 2.18742 0.310537 0.0191849 233.426 0.00069486 1 0.0209354 -0.242071 0.05 10342
0 5351 16 phononL 0.00123076 0.0209354 -0.242071 0.049999 10342 0.00069486 1 0.0292463 -0.233286 0.05 10389.9
0 5353 4 phononTS 0.000463122 -0.837229 0.0471653 0.049999 62999.1 0.00034743 1 -0.0824659 -0.195254 0.05 63576.9
0 5355 6 phononTF 0.000403536 -0.616518 0.0703773 0.049999 33542.5 0.00034743 1 0.0517306 -0.267983 0.05 33789.6
0 5397 2 phononTS 0.000499756 -1.37193 2.46301 -0.0389186 60.7251 0.00034743 1 -0.0768593 -0.268782 0.05 11101.6
0 5400 3 phononL 0.00150414 -0.780192 -2.49293 0.0444965 3794.92 0.00034743 1 0.0582511 -0.287503 0.05 10186
0 5400 5 phononTF 0.000769405 0.0582511 -0.287503 0.049998 10186 0.00034743 1 0.0481399 -0.287787 0.05 10278.2
0 5405 2 phononL 0.00254805 -1.92005 1.50303 0.0320237 17772.5 0.00173715 1 0.0939018 -0.238791 0.05 29604
0 5409 3 phononTS 0.00200793 -1.40831 -1.98099 -0.00228226 2950.87 0.00069486 1 0.0420861 -0.122972 0.05 8810.87
0 5410 1 phononTS 0.004 -0.295919 -0.62867 0.0365946 0 0.00173715 1 -0.0796032 -0.265099 0.05 802.98
0 5410 5 phononTS 0.00117647 -0.0796032 -0.265099 0.049999 802.98 0.00069486 1 -0.104081 -0.145334 0.05 894.568
0 5411 2 phononTF 0.00206138 2.18996 -0.698188 -0.00401138 3777.33 0.00069486 1 -0.0998743 -0.256806 0.05 10407.3
0 5426 2 phononTF 0.00120118 0.956496 1.75691 0.0160662 25112.1 0.00069486 1 0.101898 -0.18153 0.05 50631.6
0 5428 14 phononTS 0.000566783 -0.591525 0.0606897 0.049999 45.208 0.00034743 1 0.0321536 -0.247765 0.05 25251.1
0 5428 4 phononTF 0.000349704 -0.591525 0.0606897 0.049999 45.208 0.00034743 1 -0.04275 -0.197833 0.05 348.607
0 5445 3 phononTF 0.00210155 0.0435543 0.0971361 -0.0427446 1741.91 0.00104229 1 -0.0303621 -0.156987 0.05 1997.38
0 5445 21 phononL 0.000480047 0.03215 0.0607455 0.049999 1775.36 0.00034743 1 0.0515867 -0.122674 0.05 1828.37
0 5455 2 phononL 0.00176779 -0.481239 1.76681 -0.0201817 3221.8 0.00104229 1 0.0503965 -0.298826 0.05 39464.6
0 5456 7 phononTS 0.00112803 0.0861643 0.0199851 0.049999 3901.48 0.00069486 1 -0.0999822 -0.20164 0.05 23572
0 5467 1 phononTS 0.004 0.356617 -1.44042 0.0316048 0 0.00138972 1 -0.0962584 -0.179359 0.05 10355.2
0 5467 14 phononTS 0.000523703 -0.0962584 -0.179359 0.049999 10355.2 0.00034743 1 -0.0817717 -0.194071 0.05 10417.1
0 5475 5 phononTF 0.000446028 1.64047 0.0490479 0.049999 49848 0.00034743 1 0.0687189 -0.24133 0.05 69231
0 5480 3 phononTS 0.0021319 -1.20946 -2.21444 0.0285417 2111.18 0.00104229 1 0.0893386 -0.139376 0.05 21261.2
0 5482 2 phononTF 0.00170787 1.46395 -1.46077 0.0253612 8827.97 0.00104229 1 0.0376117 -0.284419 0.05 14004.8
0 5485 1 phononL 0.004 0.673531 -0.0949234 0.0128191 0 0.00173715 1 0.04059 -0.269538 0.05 1219.81
0 5485 12 phononL 0.000668214 0.04059 -0.269538 0.049999 1219.81 0.00034743 1 0.0360299 -0.287686 0.05 1380.29
0 5486 2 phononL 0.00320101 -2.47702 -1.5512 0.0423604 2349.49 0.00138972 1 -0.113896 -0.165624 0.05 8032.29
0 5492 3 phononTS 0.00237181 -2.3845 -0.497423 -0.0401688 8742.42 0.00104229 1 0.0987034 -0.135707 0.05 13770.9
0 5492 4 phononTF 0.000683728 0.0987034 -0.135707 0.049999 13770.9 0.00034743 1 0.0517981 -0.193126 0.05 14002.9
0 5549 18 phononTS 0.000769139 0.153791 0.0979085 0.049999 15409.3 0.00034743 1 -0.0717971 -0.174229 0.05 18978.5
0 5559 3 phononTS 0.00333841 -0.435671 -1.68566 -0.0303851 1656.24 0.00104229 1 -0.0400183 -0.281238 0.05 4660.52
0 5559 2 phononTF 0.000661589 -0.435671 -1.68566 -0.0303851 1656.24 0.00034743 1 0.0551909 -0.289634 0.05 13680.5
0 5568 5 phononTF 0.00178215 -1.14981 -0.60921 -0.0416844 574.541 0.00104229 1 -0.0721257 -0.166515 0.05 6792.95
0 5571 27 phononTF 0.000673943 -0.18029 0.00987474 0.049998 26386.6 0.00034743 1 -0.0208729 -0.170938 0.05 27184.6
0 5581 3 phononTS 0.00344678 0.0790618 -0.305501 0.0325148 1466.14 0.00173715 1 0.0436494 -0.284909 0.05 4040.59
0 5582 3 phononTF 0.00189576 0.609656 2.19704 0.0327394 7112.12 0.00104229 1 -0.0979712 -0.260461 0.05 16838.2
0 5587 7 phononTS 0.000547942 -0.0118179 0.0339991 0.049999 15291.4 0.00034743 1 -0.0553764 -0.184916 0.05 20010.4
0 5587 5 phononTF 0.000750307 -0.0118179 0.0339991 0.049999 15291.4 0.00034743 1 0.0172904 -0.154314 0.05 15670.7
0 5597 6 phononTS 0.000430581 2.03683 0.0985871 0.049999 2479.63 0.00034743 1 0.0278948 -0.292063 0.05 9541.73
0 5605 5 phononTF 0.000721915 2.08623 0.0262146 0.049999 25057.3 0.00034743 1 -0.0710096 -0.14824 0.05 51494.2
0 5609 2 phononTS 0.00160026 -0.0406029 -1.73249 0.00482393 7681.7 0.00034743 1 -0.0738107 -0.223163 0.05 27599.5
0 5616 20 phononL 0.00151184 0.0712447 -0.933472 0.0136191 46018.4 0.00069486 1 -0.0748688 -0.172889 0.05 48501.5
0 5618 3 phononTF 0.00151606 -2.30573 1.89106 0.0346436 8.12783 0.00069486 1 0.0934928 -0.21476 0.05 41158.2
0 5618 4 phononTF 0.000432151 0.0934928 -0.21476 0.049999 41158.2 0.00034743 1 0.108557 -0.187306 0.05 41218.2
0 5620 4 phononTS 0.00115773 0.614316 2.29877 0.0163363 16937 0.00069486 1 0.0923202 -0.194328 0.05 37239.5
0 5629 3 phononTS 0.00209923 0.416987 2.35631 -0.0357407 3020.68 0.00034743 1 -0.0811679 -0.218798 0.05 22260.7
0 5648 13 phononTS 0.000661153 1.23064 1.93913 -0.00022032 40115.1 0.00034743 1 -0.0636627 -0.108495 0.05 48204.4
0 5651 3 phononL 0.00333085 0.0913812 -0.224915 -0.010845 4027.93 0.00173715 1 0.0669853 -0.175332 0.05 4047.63
0 5655 2 phononTF 0.00237503 -2.40706 1.9389 -0.0219612 1179.58 0.00069486 1 -0.0219493 -0.241363 0.05 29427.4
0 5655 19 phononTF 0.000485403 -0.0219493 -0.241363 0.049999 29427.4 0.00034743 1 -0.110271 -0.172222 0.05 42929.6
0 5655 15 phononTF 0.000981134 -0.0219493 -0.241363 0.049999 29427.4 0.00034743 1 0.112324 -0.160858 0.05 46399.8
0 5664 1 phononTS 0.004 0.117164 -0.93917 -0.026844 0 0.00173715 1 0.0565859 -0.215812 0.05 1571.02
0 5664 2 phononTF 0.000825977 0.0565859 -0.215812 0.049999 1571.02 0.00034743 1 0.0874363 -0.237435 0.05 1630.33
0 5664 27 phononTF 0.000358918 0.0874363 -0.237435 0.049999 1630.33 0.00034743 1 0.0713438 -0.234641 0.05 1697.13
0 5681 2 phononTS 0.00114862 -0.793742 1.29466 -0.0448773 8476.94 0.00069486 1 -0.104477 -0.173107 0.05 49525
0 5685 2 phononTF 0.00171341 -2.32131 0.714999 0.0480898 362.507 0.00034743 1 0.0339935 -0.235211 0.05 44272
0 5685 21 phononTS 0.000630805 0.0339935 -0.235211 0.049999 44272 0.00034743 1 -0.103967 -0.217239 0.05 65624.5
0 5689 2 phononTS 0.00171811 1.45056 0.746942 -0.033734 1144.33 0.00034743 1 0.0565746 -0.125478 0.05 9585.75
0 5689 20 phononTF 0.000599776 0.0565746 -0.125478 0.049998 9585.75 0.00034743 1 0.0591661 -0.12338 0.05 9644.25
0 5693 3 phononTS 0.00221727 2.10721 0.0274912 0.049999 7972.65 0.00138972 1 0.0255756 -0.115719 0.05 10715.1
0 5705 2 phononL 0.00128407 1.13914 2.41508 -0.000390042 3962.01 0.00034743 1 0.0359787 -0.128384 0.05 8165.81
0 5708 28 phononTS 0.000516001 -1.19821 0.0182896 0.049999 21647.4 0.00034743 1 -0.0870134 -0.153568 0.05 22282.8
0 5718 8 phononTS 0.000357058 -2.08335 0.0703371 0.049999 17176.5 0.00034743 1 0.114858 -0.225008 0.05 59284.9
0 5744 3 phononTF 0.00228801 0.440794 -1.30355 -0.00315548 3862.16 0.00138972 1 0.0540123 -0.240966 0.05 13298.7
0 5749 4 phononTS 0.00113239 0.0810461 -1.62315 -0.0286153 16539.9 0.00069486 1 0.0400661 -0.251821 0.05 39992.8
0 5750 1 phononTS 0.004 -1.0926 -0.897251 -0.0170521 0 0.00173715 1 -0.049019 -0.171514 0.05 3267.66
0 5750 4 phononTF 0.000874405 -0.049019 -0.171514 0.049999 3267.66 0.00069486 1 0.0848611 -0.144843 0.05 3346.13
0 5756 1 phononTF 0.004 -0.0161994 -1.72316 0.0269512 0 0.00208458 1 -0.0576604 -0.167951 0.05 9384.77
0 5760 2 phononTF 0.00275507 -1.86822 1.59465 0.0364031 19050.5 0.00138972 1 0.0212719 -0.259112 0.05 27837.1
0 5785 5 phononTF 0.000946326 0.540191 0.000320625 0.049999 25818 0.00034743 1 0.06991 -0.220108 0.05 26825.3
0 5792 3 phononTS 0.00195202 1.50154 1.71401 0.00315488 1464.45 0.00069486 1 -0.0582228 -0.167939 0.05 14676
0 5792 5 phononTF 0.00118782 -0.0582228 -0.167939 0.049999 14676 0.00034743 1 -0.0713899 -0.12468 0.05 14896.5
0 5792 2 phononTF 0.00204798 1.50154 1.71401 0.00315488 1464.45 0.00104229 1 0.0542846 -0.180135 0.05 23000
0 5794 3 phononTS 0.00126903 -2.02537 -2.02309 -0.00605785 1467.73 0.00034743 1 0.0478653 -0.136727 0.05 16979.4
0 5794 8 phononL 0.000468123 0.0478653 -0.136727 0.049999 16979.4 0.00034743 1 0.0515222 -0.275858 0.05 17712.5
0 5798 1 phononTS 0.004 -0.705984 -0.563388 0.0127822 0 0.00034743 1 -0.0804656 -0.207259 0.05 2524
0 5800 2 phononTS 0.00212032 1.56706 -1.33332 -0.0311865 37.2757 0.00104229 1 0.0911402 -0.265557 0.05 24697.8
0 5802 1 phononTS 0.004 -0.472242 0.486347 -0.00279727 0 0.00138972 1 0.0698231 -0.149333 0.05 2630.22
0 5807 1 phononTS 0.004 -1.39399 -0.866247 -0.012268 0 0.00138972 1 -0.0871608 -0.14179 0.05 11160.3
0 5823 2 phononL 0.00135866 -0.750651 0.0410259 0.049998 368.306 0.00069486 1 -0.0347692 -0.240999 0.05 3402.1
0 5830 9 phononTS 0.000508533 -1.28564 0.077203 0.049999 16090.3 0.00034743 1 0.070816 -0.137429 0.05 29010.4
0 5834 3 phononL 0.00126734 -0.0231091 0.742566 -0.02205 1295.6 0.00069486 1 -0.0634292 -0.268799 0.05 8666.99
0 5839 5 phononTS 0.00118249 -0.0359405 -1.74492 0.0297203 14766.9 0.00034743 1 0.0822686 -0.246313 0.05 66079.8
0 5839 6 phononTS 0.000584123 0.0822686 -0.246313 0.049999 66079.8 0.00034743 1 0.0592155 -0.166961 0.05 66153.2
0 5847 3 phononL 0.00210775 -0.466144 -1.82609 -0.0227736 1394.76 0.00034743 1 0.0820929 -0.234163 0.05 28145.5
0 5847 5 phononTS 0.000971614 0.0820929 -0.234163 0.049999 28145.5 0.00034743 1 -0.0476598 -0.123149 0.05 28240.2
0 5851 2 phononTS 0.000513707 -0.533112 -0.731438 -0.0326679 1071.66 0.00034743 1 0.0976253 -0.188364 0.05 16106.3
0 5857 4 phononTS 0.00121759 -0.23424 -1.08262 0.00554396 32702.8 0.00069486 1 0.0510068 -0.132181 0.05 64615
0 5863 2 phononTS 0.00244143 -1.1519 -1.72739 -0.00723788 8630.37 0.00069486 1 -0.0440393 -0.154435 0.05 35752
0 5871 5 phononTF 0.00223798 -0.341046 -2.23751 0.00359413 3040.07 0.00104229 1 0.0871195 -0.158388 0.05 11892
0 5875 2 phononTF 0.00128607 -0.307318 -0.581918 -0.00687263 6.84391 0.00034743 1 0.0950354 -0.165271 0.05 3098.99
0 5875 5 phononTS 0.000735239 0.0950354 -0.165271 0.049998 3098.99 0.00034743 1 0.0863353 -0.242694 0.05 3297.13
0 5886 6 phononL 0.000829937 0.462523 0.038409 0.049999 40788.2 0.00034743 1 -0.0996152 -0.15781 0.05 66930.9
0 5892 1 phononTS 0.004 -0.890519 -1.24189 -0.000866377 0 0.00173715 1 0.0678518 -0.255199 0.05 13017.2
0 5911 3 phononTF 0.00261008 -2.44168 2.25651 0.0297834 9832.97 0.00138972 1 -0.0230439 -0.164351 0.05 19616.3
0 5913 3 phononTS 0.00253772 -0.992885 1.38678 -0.0182371 2500.54 0.00104229 1 0.0506864 -0.230713 0.05 3724
0 5913 4 phononTS 0.000476035 0.0506864 -0.230713 0.049999 3724 0.00034743 1 0.0541431 -0.189696 0.05 3790.08
0 5917 6 phononTS 0.000934841 -1.16919 0.00123002 0.049999 23285.4 0.00034743 1 -0.0497188 -0.170489 0.05 26118.7
0 5917 12 phononTF 0.000427034 -0.0497188 -0.170489 0.049999 26118.7 0.00034743 1 0.0816883 -0.174689 0.05 26186.1
0 5917 4 phononTF 0.000692917 -0.592955 -1.47028 0.00671397 16191.4 0.00034743 1 0.0248245 -0.216432 0.05 26711.4
0 5919 1 phononTF 0.004 1.92921 -1.35723 -0.0233543 0 0.00173715 1 0.0745521 -0.272871 0.05 4631.57
0 5926 1 phononTS 0.004 1.1146 -1.45499 0.0279829 0 0.00104229 1 -0.0650423 -0.228441 0.05 4194.15
0 5935 13 phononTS 0.00141775 -0.817272 1.09202 -0.00826424 6577.8 0.00069486 1 0.0910131 -0.173328 0.05 10875.8
0 5937 4 phononTS 0.000617523 -1.32865 0.0394102 0.049999 7854.62 0.00034743 1 0.0629177 -0.115201 0.05 46489.8
0 5939 20 phononTF 0.000640324 -1.73376 0.074874 0.049999 7546.67 0.00034743 1 0.0879193 -0.204961 0.05 23576.1
0 5940 6 phononTS 0.00048226 1.15786 -0.0013883 0.049999 20634.3 0.00034743 1 0.0972753 -0.234767 0.05 21181.8
0 5945 2 phononTS 0.00194863 -0.0565833 -0.0910828 0.0357219 16.5663 0.00069486 1 0.0885002 -0.212705 0.05 126.285
0 5947 5 phononTS 0.000998685 -0.811143 0.0101118 0.049999 57704.7 0.00034743 1 -0.0653089 -0.23477 0.05 58116.1
0 5991 5 phononTF 0.00034997 0.00252338 0.0712832 0.049999 591.257 0.00034743 1 0.0329089 -0.189202 0.05 816.695
0 6000 2 phononL 0.00178901 1.68007 2.44512 0.049873 13336.3 0.00069486 1 -0.0862317 -0.267854 0.05 26235.2
0 6000 22 phononTS 0.00068038 -0.0862317 -0.267854 0.049999 26235.2 0.00034743 1 0.0556268 -0.240894 0.05 26327.1
0 6001 3 phononTS 0.00272075 0.378594 -1.29995 0.0449694 1650.79 0.00069486 1 0.115216 -0.190351 0.05 6073.65
0 6001 4 phononTS 0.00126504 0.115216 -0.190351 0.049999 6073.65 0.00069486 1 0.0652889 -0.269211 0.05 6153.4
0 6006 3 phononTF 0.000526255 -0.449442 0.0846816 0.049999 617.574 0.00034743 1 -0.0810618 -0.267509 0.05 1028.27
0 6025 3 phononTF 0.00260103 0.47654 -1.4146 0.0471162 4825.13 0.00138972 1 0.0227904 -0.248577 0.05 18306
0 6025 7 phononTF 0.000419879 0.0227904 -0.248577 0.049999 18306 0.00034743 1 0.0303154 -0.267758 0.05 18369.6
0 6029 3 phononTF 0.0017787 1.44345 2.4324 -0.0348352 6100.3 0.00069486 1 0.0572352 -0.104693 0.05 19655
0 6034 7 phononTF 0.00128408 1.54436 0.092815 0.049999 6669.21 0.00069486 1 0.0722311 -0.159345 0.05 7644.4
0 6046 1 phononTS 0.004 0.054043 0.142886 0.00778345 0 0.00208458 1 0.0942899 -0.158319 0.05 134.156
0 6049 2 phononTS 0.00184551 1.58442 -2.2357 -0.0468251 742.096 0.00104229 1 0.0550084 -0.132971 0.05 7110.74
0 6051 3 phononTS 0.00139629 -0.627305 -0.894242 -0.0414646 7980.53 0.00069486 1 0.0769083 -0.22224 0.05 11109.2
0 6051 4 phononTF 0.000436026 0.0769083 -0.22224 0.049999 11109.2 0.00034743 1 -0.0685667 -0.216023 0.05 11497.7
0 6052 21 phononTF 0.000398573 -0.205565 0.0547224 0.049999 4311.57 0.00034743 1 -0.0175867 -0.213313 0.05 32371.6
0 6065 2 phononTS 0.00186971 0.75535 -0.189116 -0.0443448 2589.72 0.00034743 1 0.0232651 -0.178958 0.05 8795.89
0 6073 2 phononTF 0.00203201 -0.354177 -1.82167 -0.0225443 6609.96 0.00034743 1 -0.0948466 -0.252878 0.05 23226.5
0 6075 4 phononTF 0.000757722 -1.21427 0.0249678 0.049999 17944.2 0.00034743 1 -0.0381469 -0.242188 0.05 75745.7
0 6084 1 phononTS 0.004 -0.401364 -0.498319 -0.0160192 0 0.00138972 1 -0.0475659 -0.256743 0.05 1118.69
0 6086 3 phononTF 0.00305753 -1.44836 -0.763982 0.0012466 17.9074 0.00208458 1 -0.0206632 -0.162407 0.05 13921.3
0 6090 4 phononTF 0.000366803 -1.52076 0.0223923 0.049999 571.235 0.00034743 1 -0.0464004 -0.193869 0.05 47479.9
0 6108 3 phononL 0.00240203 -0.133314 -0.262682 0.0155313 908.712 0.00138972 1 -0.0933931 -0.209791 0.05 922.445
0 6115 3 phononL 0.00191432 -1.12601 -1.63683 0.00175682 125.581 0.00034743 1 -0.0568532 -0.224452 0.05 3379.52
0 6118 3 phononTF 0.00100907 2.26485 -0.637458 0.028592 1556.03 0.00034743 1 -0.10538 -0.251584 0.05 38999.2
0 6121 2 phononTS 0.00200344 -0.00350192 0.774403 -0.0231329 5894.98 0.00034743 1 -0.0991426 -0.259105 0.05 8020.81
0 6121 11 phononL 0.000725062 -0.0991426 -0.259105 0.049999 8020.81 0.00034743 1 -0.0955578 -0.136951 0.05 8170.79
0 6126 3 phononTF 0.00155125 -0.916202 -2.22262 0.00177661 6.6985 0.00104229 1 0.0400604 -0.213311 0.05 1224.26
0 6130 2 phononTS 0.00293798 -0.15321 0.0829864 0.049999 6630.42 0.00138972 1 -0.0395433 -0.157387 0.05 7208.51
0 6135 5 phononTF 0.00128855 1.02763 -1.01182 0.0450725 9483.07 0.00069486 1 0.0416554 -0.293727 0.05 53435.8
0 6137 2 phononTF 0.00219162 0.148554 -0.143051 -0.0099783 2813.86 0.00104229 1 0.0208037 -0.239939 0.05 3034.08
0 6138 2 phononTF 0.00136911 -1.42443 2.47813 -0.0198443 5223.55 0.00069486 1 -0.0233303 -0.19027 0.05 23830.9
0 6165 3 phononTF 0.00332388 -0.264813 -0.420358 0.0350137 2230.3 0.00173715 1 -0.0881104 -0.239548 0.05 20979.3
0 6165 4 phononTS 0.000354674 -0.0881104 -0.239548 0.049999 20979.3 0.00034743 1 -0.104673 -0.254266 0.05 21040.7
0 6172 3 phononL 0.00312622 -0.416008 0.793368 -0.0399951 9773.11 0.00104229 1 0.0576292 -0.165537 0.05 12903.7
0 6188 7 phononTS 0.000463171 0.592036 0.066603 0.049999 24296.4 0.00034743 1 -0.054227 -0.258112 0.05 40788.1
0 6194 2 phononTF 0.000454396 1.13127 0.0702999 0.049999 411.757 0.00034743 1 0.0840026 -0.174817 0.05 2539.78
0 6206 1 phononL 0.004 -1.08632 -1.73042 -0.0038267 0 0.00138972 1 0.0543501 -0.291723 0.05 2459.76
0 6206 21 phononL 0.000627859 0.0543501 -0.291723 0.049999 2459.76 0.00034743 1 -0.053892 -0.267175 0.05 2511.57
0 6206 2 phononTF 0.000764375 0.0543501 -0.291723 0.049999 2459.76 0.00034743 1 -0.0444255 -0.219155 0.05 2532.88
0 6218 22 phononTF 0.000639626 0.0273404 0.00033385 0.049999 7903.1 0.00034743 1 0.027489 -0.186679 0.05 7980.29
0 6222 3 phononTF 0.000808111 1.00296 0.0434327 0.049998 1588.26 0.00034743 1 0.0351775 -0.302075 0.05 11525.9
0 6223 3 phononTS 0.00230036 -2.18042 -1.66037 -0.00808224 10867.1 0.00104229 1 0.051978 -0.202566 0.05 21512.4
0 6224 4 phononTF 0.000462502 1.18427 0.035469 0.049999 9217.6 0.00034743 1 0.0217304 -0.227599 0.05 33588.9
0 6242 1 phononTS 0.004 -0.450977 -0.571878 -0.0319497 0 0.00104229 1 0.0758953 -0.114741 0.05 688.329
0 6242 5 phononTF 0.000980225 0.0758953 -0.114741 0.049999 688.329 0.00069486 1 0.0879926 -0.134176 0.05 752.053
0 6244 3 phononTS 0.00258931 -1.2985 -1.1607 -0.0458606 8.53988 0.00173715 1 0.0370226 -0.289716 0.05 2423
0 6251 4 phononTF 0.000404589 -0.371029 0.0871283 0.049999 49507.1 0.00034743 1 0.0457369 -0.226899 0.05 58373.2
0 6266 4 phononL 0.000424167 -1.87079 0.0992392 0.049999 7419.43 0.00034743 1 -0.0709593 -0.141608 0.05 10907.1
0 6269 8 phononTS 0.000743503 -0.197036 -0.00369535 0.049999 6425.65 0.00034743 1 -0.0585184 -0.200692 0.05 6537.21
0 6280 9 phononTS 0.000531829 1.10747 0.0306587 0.049999 22642 0.00034743 1 0.0902584 -0.205984 0.05 57962.5
0 6286 2 phononTF 0.000917769 0.0418459 1.97193 0.00724973 9855.66 0.00069486 1 0.0233251 -0.152102 0.05 27828.4
0 6301 22 phononTF 0.000350145 -1.5169 0.0253092 0.049999 2566.47 0.00034743 1 0.0560183 -0.295057 0.05 28580.2
0 6302 2 phononTS 0.00156041 -1.66569 -1.52806 0.049132 42955.1 0.00104229 1 0.0965197 -0.182987 0.05 60960.2
0 6303 2 phononL 0.00201254 -2.17543 1.39167 0.0192636 6167.78 0.00104229 1 -0.0254783 -0.204035 0.05 27849.7
0 6307 7 phononL 0.000912251 -1.10138 1.63036 0.0274084 7381.97 0.00034743 1 0.0460676 -0.245277 0.05 16555.3
0 6321 30 phononTS 0.000597411 -0.0715083 0.0704332 0.049999 40205 0.00034743 1 0.0879279 -0.124491 0.05 40431.4
0 6323 3 phononTS 0.00192562 -0.032281 0.01146 0.049999 272.854 0.00069486 1 -0.0728599 -0.228086 0.05 386.478
0 6329 2 phononTS 0.00145611 1.77452 -1.06275 -0.0366373 7339.96 0.00069486 1 -0.0500308 -0.232373 0.05 12027.6
0 6340 19 phononL 0.000611874 -2.27457 0.0842059 0.049999 8463.06 0.00034743 1 -0.0610552 -0.25824 0.05 24162.6
0 6342 3 phononTS 0.001341 -0.855113 -1.90153 0.0310771 8004.21 0.00069486 1 -0.0720608 -0.219078 0.05 13550.1
0 6350 19 phononTS 0.00050878 0.100304 0.0121195 0.049999 1178.35 0.00034743 1 0.0390209 -0.107478 0.05 1273.35
0 6354 2 phononTS 0.00270435 2.046 -0.436941 0.0208899 1843.29 0.00138972 1 0.0964265 -0.140688 0.05 14867
0 6358 3 phononTS 0.00296422 -1.11969 1.57502 -0.0398429 273.069 0.00138972 1 0.0429305 -0.194955 0.05 16381.7
0 6358 4 phononTS 0.00106473 0.0429305 -0.194955 0.049999 16381.7 0.00034743 1 0.0907299 -0.243126 0.05 16450.9
0 6358 21 phononTS 0.00067596 0.0907299 -0.243126 0.049999 16450.9 0.00034743 1 -0.0984163 -0.140905 0.05 16651.9
0 6359 16 phononL 0.00122018 -0.867054 0.0691111 0.049999 22053.9 0.00034743 1 0.0564273 -0.188298 0.05 26753.5
0 6361 4 phononTS 0.00134807 1.39662 0.0123923 0.049999 4079.62 0.00034743 1 -0.0417137 -0.28885 0.05 11038.2
0 6361 10 phononTF 0.00081399 -0.0417137 -0.28885 0.049999 11038.2 0.00034743 1 0.0612463 -0.211982 0.05 11115.7
0 6372 4 phononTF 0.00133209 -1.50098 1.92014 0.0202838 16335.5 0.00069486 1 -0.0610641 -0.165725 0.05 84490.5
0 6397 3 phononTF 0.00252211 -0.337825 -2.00963 -0.0301588 9850.31 0.00104229 1 0.0942301 -0.242945 0.05 13875.5
0 6398 3 phononTS 0.00324951 -0.11331 -0.887448 0.0330188 7980.74 0.00069486 1 0.0336287 -0.30513 0.05 8490.98
0 6398 6 phononTF 0.0010224 0.0336287 -0.30513 0.049999 8490.98 0.00069486 1 -0.0628167 -0.174231 0.05 8576.78
0 6400 17 phononTF 0.00105811 1.39736 0.0264276 0.049999 4504.3 0.00069486 1 0.017539 -0.210726 0.05 18854.2
0 6403 3 phononTF 0.000600889 -2.2474 0.0370409 0.049999 657.736 0.00034743 1 0.0893972 -0.129807 0.05 14256.4
0 6408 3 phononTS 0.00253813 -0.137794 0.128629 -0.0480864 3423.69 0.00034743 1 -0.034494 -0.109924 0.05 4038.41
0 6421 3 phononTF 0.0020281 -1.39428 -1.28437 -0.0356239 1587.31 0.00104229 1 -0.0749814 -0.243896 0.05 44625
0 6421 6 phononTS 0.00051196 -0.0749814 -0.243896 0.049999 44625 0.00034743 1 0.0642274 -0.234815 0.05 47513.7
0 6423 2 phononTS 0.00188064 0.435052 -0.978496 0.0239724 3806.43 0.00069486 1 0.101301 -0.254366 0.05 25106.1
0 6423 21 phononTF 0.000614864 0.101301 -0.254366 0.049999 25106.1 0.00034743 1 0.0994336 -0.220996 0.05 25171.3
0 6428 1 phononTS 0.004 -1.39387 -0.814346 -0.0154348 0 0.00069486 1 -0.0240614 -0.213663 0.05 5255.2
0 6428 2 phononTF 0.0015806 -0.0240614 -0.213663 0.049999 5255.2 0.00034743 1 -0.100787 -0.232695 0.05 5637.18
0 6429 2 phononTF 0.00267271 -0.413516 -0.00729946 0.049999 7591.16 0.00069486 1 -0.104888 -0.175206 0.05 8345.69
0 6432 3 phononTS 0.00238547 -2.41102 -2.3427 0.00299624 5.40631 0.00104229 1 -0.105085 -0.253968 0.05 23924.5
0 6434 24 phononL 0.000697958 0.24125 0.0349264 0.049999 22342 0.00034743 1 0.0520887 -0.251382 0.05 23009.4
0 6444 3 phononL 0.00249855 2.22424 -1.20411 -0.0141526 5083.74 0.00104229 1 0.096584 -0.212663 0.05 7999.95
0 6444 6 phononL 0.000842255 0.096584 -0.212663 0.049999 7999.95 0.00034743 1 -0.0411449 -0.179738 0.05 8155.47
0 6444 2 phononTS 0.00150145 2.22424 -1.20411 -0.0141526 5083.74 0.00069486 1 0.0435367 -0.277556 0.05 21860.9
0 6472 29 phononTS 0.00049264 -0.315478 0.0224599 0.049999 3312.88 0.00034743 1 -0.0413372 -0.231138 0.05 3454.25
0 6474 4 phononTF 0.0011383 -0.027771 0.00841502 0.049999 18756.5 0.00034743 1 0.0441881 -0.290028 0.05 37432.7
0 6498 4 phononTS 0.000968716 -1.31913 0.0219176 0.049999 4856.67 0.00069486 1 0.0351975 -0.235108 0.05 9887.45
0 6509 3 phononTF 0.00258405 1.67804 0.29305 0.0344197 3055.36 0.00034743 1 -0.110636 -0.167225 0.05 9668.41
0 6530 1 phononTS 0.004 -0.403525 -0.316714 0.0199212 0 0.00104229 1 -0.022587 -0.241992 0.05 564.161
0 6530 9 phononTF 0.000592615 -0.022587 -0.241992 0.049999 564.161 0.00034743 1 -0.0561421 -0.241097 0.05 622.636
0 6531 25 phononTF 0.000360164 -2.07522 0.0249168 0.049999 14693.9 0.00034743 1 -0.0572948 -0.154087 0.05 95372.1
0 6542 10 phononTF 0.000421584 -0.346901 0.042195 0.049999 36344.4 0.00034743 1 0.0892782 -0.268784 0.05 36599.8
0 6543 2 phononTS 0.00176327 -0.576436 0.357014 0.0491496 5015.77 0.00069486 1 0.0369743 -0.227216 0.05 10962.7
0 6543 24 phononTS 0.000767955 0.0369743 -0.227216 0.049999 10962.7 0.00034743 1 0.0378157 -0.0989902 0.05 11105.1
0 6550 3 phononTF 0.00103024 -1.43185 0.536816 0.0113547 8691.83 0.00034743 1 0.0157077 -0.20935 0.05 29730
0 6553 3 phononL 0.00219641 -0.990129 -1.97556 -0.0239628 1136.83 0.00104229 1 -0.0691261 -0.277357 0.05 7161
0 6557 1 phononTS 0.004 0.606134 -1.70866 -0.0151953 0 0.00173715 1 0.102352 -0.234188 0.05 3500.02
0 6557 7 phononL 0.0005333 0.102352 -0.234188 0.049999 3500.02 0.00034743 1 0.0435442 -0.158792 0.05 3551.14
0 6563 3 phononTF 0.00149826 -0.12538 1.54883 -0.0344083 3271.79 0.00069486 1 -0.0450847 -0.278713 0.05 29695.8
0 6563 4 phononTF 0.000573139 -0.0450847 -0.278713 0.049999 29695.8 0.00034743 1 -0.0716794 -0.259089 0.05 29757.4
0 6566 2 phononL 0.00136273 -1.85874 0.937518 -0.0459832 15029 0.00069486 1 -0.0776363 -0.117877 0.05 45958.7
0 6566 18 phononL 0.000486299 -0.0776363 -0.117877 0.049999 45958.7 0.00034743 1 -0.0799698 -0.228065 0.05 46127
0 6572 3 phononTS 0.00331785 0.790527 1.81102 -0.0469195 1589.48 0.00138972 1 0.108893 -0.206447 0.05 5104.77
0 6572 2 phononTS 0.000682153 0.790527 1.81102 -0.0469195 1589.48 0.00034743 1 0.0658028 -0.106855 0.05 83016.2
0 6573 14 phononTS 0.000639633 1.87077 -0.00326426 0.049999 2254.84 0.00034743 1 0.0342787 -0.210659 0.05 8847.45
0 6593 1 phononTS 0.004 1.30048 1.58598 -0.0174014 0 0.00104229 1 0.0629951 -0.126677 0.05 2766.11
0 6601 1 phononTF 0.004 -0.433481 0.503312 0.0118884 0 0.00138972 1 -0.0793339 -0.266755 0.05 2921.08
0 6605 1 phononTS 0.004 0.524854 -1.49169 0.0188265 0 0.00243201 1 0.11006 -0.18642 0.05 8250.87
0 6616 27 phononL 0.000640674 0.0189455 0.0830762 0.049999 64039.4 0.00034743 1 -0.0989436 -0.152484 0.05 64324.7
0 6619 6 phononTS 0.000571633 1.61017 0.0394964 0.049999 18616.8 0.00034743 1 0.0402003 -0.303477 0.05 36449.9
0 6633 2 phononTS 0.00232265 -1.53102 -1.55923 0.00601925 10561.4 0.00104229 1 -0.0298954 -0.285258 0.05 41060.2
0 6633 7 phononL 0.000711788 -0.0298954 -0.285258 0.049999 41060.2 0.00034743 1 0.037082 -0.300872 0.05 41163.8
0 6635 3 phononTF 0.00169022 -1.51754 -1.08118 0.0309612 168.945 0.00069486 1 -0.0749017 -0.220647 0.05 29393.9
0 6635 2 phononTF 0.00230978 -1.51754 -1.08118 0.0309612 168.945 0.00104229 1 0.0541675 -0.152781 0.05 6917.75
0 6637 3 phononTS 0.00263952 0.705315 2.21328 -0.00484213 13408 0.00138972 1 -0.0360432 -0.0955721 0.05 18934.7
0 6637 7 phononTS 0.000372547 -0.0360432 -0.0955721 0.049999 18934.7 0.00034743 1 -0.0283822 -0.101241 0.05 18993.1
0 6637 25 phononTF 0.000714927 -1.46351 0.0830709 0.049999 34160.9 0.00034743 1 0.0456954 -0.183363 0.05 35755.8
0 6654 2 phononTF 0.000540192 -2.20982 0.021292 0.049999 887.446 0.00034743 1 -0.0483968 -0.176078 0.05 13170.9
0 6656 2 phononL 0.00192853 0.927114 0.730691 0.0030691 22873.9 0.00104229 1 0.0590526 -0.222951 0.05 27196.6
0 6657 2 phononTS 0.002589 1.18987 -1.9338 -0.0356348 1777.68 0.00138972 1 -0.0980586 -0.264528 0.05 11734.8
0 6676 32 phononTS 0.000358202 -0.81458 0.096116 0.049999 36357.5 0.00034743 1 0.0700192 -0.267237 0.05 159847
0 6680 3 phononTS 0.00253126 -0.509859 -0.616609 0.0247149 247.336 0.00173715 1 0.0308888 -0.215787 0.05 944.526
0 6685 3 phononTF 0.00250294 2.34033 -1.17796 -0.0172801 6088.28 0.00138972 1 0.0648263 -0.250362 0.05 11524.8
0 6696 4 phononTS 0.00206888 2.33558 0.068462 0.049999 1242.22 0.00034743 1 0.0687643 -0.266162 0.05 5087.45
0 6696 14 phononTF 0.000382381 0.0687643 -0.266162 0.049999 5087.45 0.00034743 1 0.0280529 -0.205571 0.05 5260.06
0 6696 12 phononTF 0.000588779 0.0687643 -0.266162 0.049999 5087.45 0.00034743 1 0.020693 -0.202928 0.05 5151.9
0 6699 2 phononL 0.00187465 1.89372 -1.50315 -0.0127618 5535.57 0.00104229 1 -0.0239013 -0.219104 0.05 9755.58
0 6707 2 phononTS 0.00227818 2.47628 2.04299 0.0238657 8782.22 0.00104229 1 0.0193257 -0.245385 0.05 17388.7
0 6707 20 phononTS 0.000456436 0.0193257 -0.245385 0.049999 17388.7 0.00034743 1 0.108267 -0.187025 0.05 17470.9
0 6711 2 phononTF 0.00181161 -0.293919 0.029172 0.049999 4854.99 0.00104229 1 -0.0825197 -0.146339 0.05 5014.23
0 6722 1 phononL 0.004 -0.116451 -0.25201 0.0331147 0 0.00104229 1 -0.0805391 -0.181598 0.05 77.0074
0 6729 18 phononTS 0.00036727 -2.48713 0.0303662 0.049999 21691.8 0.00034743 1 -0.107715 -0.243351 0.05 35727.3
0 6736 2 phononTF 0.00246557 -2.39443 -2.29538 0.00462304 8516.56 0.00138972 1 -0.0820156 -0.258171 0.05 32101.5
0 6744 2 phononTS 0.00116421 -0.931983 -1.13349 -0.0263606 12061 0.00069486 1 0.0417333 -0.254586 0.05 34268.4
0 6757 4 phononTS 0.000990601 0.48998 0.536898 -0.0337581 9973.49 0.00034743 1 0.0683816 -0.179394 0.05 15506.2
0 6764 1 phononTS 0.004 -0.0482849 -0.336902 -0.0349727 0 0.00243201 1 -0.0895195 -0.208077 0.05 289.148
0 6765 21 phononTF 0.00046396 1.86038 0.0289097 0.049999 4746.64 0.00034743 1 0.0523441 -0.106599 0.05 12927.5
0 6768 3 phononTF 0.000351504 -0.00513936 0.0960249 0.049999 6799.81 0.00034743 1 0.00965892 -0.207503 0.05 6947.56
0 6792 1 phononTF 0.004 -1.23973 -0.396987 0.0254097 0 0.00208458 1 0.0192213 -0.209129 0.05 2160.55
0 6799 10 phononTF 0.000424841 0.370798 0.0238194 0.049999 3694.07 0.00034743 1 -0.050242 -0.133288 0.05 3913.8
0 6804 3 phononL 0.0019203 0.647144 -2.43235 -0.0459855 6402.1 0.00069486 1 0.11843 -0.194233 0.05 21055.5
0 6812 3 phononTS 0.00183256 -0.160713 -0.740247 -0.0170317 5439.19 0.00069486 1 0.0415843 -0.168846 0.05 5690.79
0 6815 2 phononTS 0.00127875 -0.44538 0.0402135 0.049999 1747.78 0.00034743 1 -0.0348645 -0.237997 0.05 21231.2
0 6829 3 phononTS 0.00190339 1.13869 0.96956 0.0213551 2080.24 0.00069486 1 -0.056098 -0.293228 0.05 9094.09
0 6830 2 phononTS 0.00154933 0.867925 -0.383746 -0.041459 38.854 0.00034743 1 -0.0441562 -0.213504 0.05 12735.2
0 6830 25 phononTF 0.000592785 -0.0441562 -0.213504 0.049999 12735.2 0.00034743 1 0.0263401 -0.197977 0.05 12800.1
0 6836 2 phononTS 0.00139452 -1.05163 1.12486 0.041966 2756.46 0.00069486 1 -0.0895731 -0.143761 0.05 22716.2
0 6842 2 phononTF 0.00187146 0.372654 1.00568 0.0381915 2694.85 0.00104229 1 -0.0592349 -0.123841 0.05 13406.2
0 6853 3 phononTF 0.00279202 1.95505 -1.88154 -0.00124659 47.9549 0.00104229 1 -0.0334183 -0.287317 0.05 39705.7
0 6865 3 phononTS 0.00308468 -0.922963 -2.06635 0.00394006 12123.3 0.00138972 1 0.016426 -0.212322 0.05 18768.9
0 6867 5 phononTS 0.00164762 -1.83761 -2.33779 -0.0270185 18501.2 0.00069486 1 -0.0593171 -0.134601 0.05 28455.8
0 6868 2 phononTS 0.000825697 0.0965179 -0.984217 -0.0357536 1840.05 0.00034743 1 -0.0693877 -0.271683 0.05 15566.1
0 6877 3 phononTS 0.00290701 0.258559 -2.47317 0.0238638 17506 0.00173715 1 0.0605503 -0.252404 0.05 21508.6
0 6877 2 phononTF 0.00109299 0.258559 -2.47317 0.0238638 17506 0.00069486 1 0.0657427 -0.247215 0.05 28889.5
0 6880 2 phononTF 0.00153819 -2.37344 -1.61402 0.0457065 12682.5 0.00069486 1 0.055905 -0.210246 0.05 39375.6
0 6889 10 phononTS 0.000704784 -1.70923 -0.00180874 0.049999 14033.9 0.00034743 1 -0.0486662 -0.175969 0.05 33129.9
0 6890 3 phononTS 0.00143761 -0.871575 -0.690411 0.0123119 9293.85 0.00104229 1 -0.0407074 -0.256012 0.05 9914.58
0 6891 18 phononTF 0.00115892 -0.782678 -2.01317 0.000198575 22546.8 0.00069486 1 -0.0493392 -0.274045 0.05 55049.1
0 6896 4 phononTS 0.000406341 -0.713899 -0.00323765 0.049999 27905.1 0.00034743 1 -0.063416 -0.295331 0.05 31309
0 6900 1 phononTS 0.004 -0.07827 -0.437359 -0.0393662 0 0.00173715 1 -0.0453438 -0.1221 0.05 232.442
0 6913 4 phononTF 0.00122118 -1.03622 0.100105 0.049999 12210.2 0.00069486 1 0.0341377 -0.298371 0.05 40491.8
0 6919 5 phononTF 0.00150348 -1.79304 -1.85466 0.0494853 30131.2 0.00069486 1 -0.106669 -0.246755 0.05 31545.5
0 6926 13 phononTF 0.000661738 -2.4222 0.0977198 0.049999 25983.2 0.00034743 1 -0.0652071 -0.142321 0.05 35349.3
0 6927 4 phononL 0.00087124 -2.11763 0.0385866 0.049999 39672.1 0.00034743 1 0.0990069 -0.231291 0.05 48635.4
0 6929 19 phononTS 0.000743439 -1.6617 0.0166889 0.049998 14050.8 0.00034743 1 0.0208422 -0.154527 0.05 31318.8
0 6931 3 phononL 0.00177766 1.39559 2.44487 0.0078492 5398.53 0.00069486 1 0.0255453 -0.128058 0.05 11556.2
0 6939 4 phononTF 0.000376314 -0.175639 0.00399118 0.049999 39522.9 0.00034743 1 -0.0607086 -0.238822 0.05 50715.8
0 6942 26 phononTF 0.000569255 -1.31968 0.0651227 0.049999 64580 0.00034743 1 0.0622126 -0.141696 0.05 73025.1
0 6949 3 phononTS 0.00216269 0.846213 -1.0646 -0.0326698 3046.83 0.00104229 1 -0.049723 -0.235293 0.05 12770.9
0 6949 2 phononTS 0.00183731 0.846213 -1.0646 -0.0326698 3046.83 0.00069486 1 0.0364017 -0.254012 0.05 25016.5
0 6958 4 phononTS 0.000484738 2.04509 0.0987303 0.049999 11028.3 0.00034743 1 0.0987387 -0.154547 0.05 17782
0 6959 4 phononTS 0.000670047 -1.64422 0.0241647 0.049999 18306.8 0.00034743 1 -0.0469049 -0.198973 0.05 22005.4
0 6961 1 phononTS 0.004 -0.405714 -2.48771 0.0310442 0 0.00173715 1 -0.09543 -0.187585 0.05 17199.4
0 6962 5 phononTF 0.000836312 2.2724 0.00170416 0.049999 13074 0.00034743 1 0.0546195 -0.238628 0.05 27409.4
0 6962 25 phononTF 0.000665266 1.12456 0.0781017 0.049999 30951.1 0.00034743 1 -0.0353497 -0.279346 0.05 39786.7
0 6968 3 phononL 0.00195054 0.23767 -1.17452 0.00310061 7456.55 0.00104229 1 -0.0284639 -0.165621 0.05 15780.8
0 6970 3 phononTF 0.00237837 1.56878 -1.38545 0.00775007 2481.12 0.00069486 1 0.0465164 -0.253758 0.05 7460.79
0 6974 1 phononL 0.004 0.0152002 -0.819562 -0.0283315 0 0.00208458 1 0.0726158 -0.285744 0.05 513.046
0 6982 15 phononTS 0.000387573 -0.403659 0.0300828 0.049999 9261.67 0.00034743 1 0.0808526 -0.158861 0.05 24384.9
0 6987 7 phononTS 0.000531755 0.899736 0.029612 0.049999 12410.7 0.00034743 1 0.0299227 -0.251325 0.05 22451.1
0 7000 3 phononTS 0.00195594 -0.521561 -1.50034 0.035398 10114.2 0.00104229 1 -0.062523 -0.2423 0.05 14060.3
0 7015 3 phononTS 0.00341375 0.00360213 0.0436818 0.049999 1092.96 0.00138972 1 0.0696263 -0.129218 0.05 1299.18
0 7024 2 phononTS 0.00124508 -1.29049 0.559152 0.0138135 2021.17 0.00069486 1 0.0398609 -0.251945 0.05 56767.9
0 7026 7 phononTS 0.000612974 -0.0941346 0.0398883 0.049999 9228.22 0.00034743 1 -0.0727032 -0.19549 0.05 10897.7
0 7029 3 phononL 0.00169743 1.81259 -1.20577 0.0271581 23771.3 0.00104229 1 0.104748 -0.202819 0.05 28274.9
0 7035 3 phononTS 0.00210361 2.13236 -1.09689 0.00867039 3372.55 0.00069486 1 0.0860979 -0.173209 0.05 10044.7
0 7044 1 phononTF 0.004 0.742472 -0.217755 -0.0218274 0 0.00208458 1 -0.0305315 -0.273047 0.05 3674.61
0 7060 3 phononL 0.00199092 -1.39331 -1.20104 0.0388135 559.984 0.00104229 1 0.066667 -0.114764 0.05 30316.4
0 7063 15 phononTF 0.000391959 -1.50923 0.0723893 0.049999 21191 0.00034743 1 0.0618412 -0.1117 0.05 34686.6
0 7065 7 phononTF 0.000756145 0.113867 0.0195503 0.049998 22639.3 0.00034743 1 0.0479723 -0.288509 0.05 22751.8
0 7067 3 phononTF 0.00253898 0.155551 0.84905 0.0465306 6739.13 0.00104229 1 0.0200623 -0.177603 0.05 21142.5
0 7093 2 phononTF 0.00125936 -1.80132 1.78418 0.0303916 38.1837 0.00034743 1 -0.0905552 -0.213772 0.05 17135.2
0 7113 3 phononTF 0.00232619 -0.455827 -2.37717 0.048942 6695.62 0.00104229 1 -0.0597845 -0.206787 0.05 28708.6
0 7119 5 phononTS 0.00130778 -0.807464 -0.651487 -0.0190692 10157.6 0.00069486 1 -0.0571837 -0.187022 0.05 15416.2
0 7119 4 phononTS 0.00094335 -0.807464 -0.651487 -0.0190692 10157.6 0.00034743 1 -0.0536534 -0.162342 0.05 54269.9
0 7121 26 phononTF 0.000527587 -0.139585 -0.00884868 0.049999 8828.76 0.00034743 1 -0.049117 -0.138397 0.05 9046.17
0 7136 3 phononTF 0.00102573 -1.33095 0.0274823 0.049999 873.739 0.00034743 1 -0.0449029 -0.289207 0.05 2429.2
0 7137 3 phononTF 0.00218569 0.483902 1.61529 -0.0391909 29010.8 0.00069486 1 -0.0493021 -0.291178 0.05 32151.4
0 7137 8 phononTF 0.000394546 -0.0493021 -0.291178 0.049999 32151.4 0.00034743 1 -0.0471397 -0.296432 0.05 32219.6
0 7147 4 phononTS 0.000898178 0.331843 -1.64006 -0.0415656 11194.5 0.00034743 1 -0.108734 -0.238304 0.05 12344
0 7147 22 phononTF 0.000374108 -0.108734 -0.238304 0.049998 12344 0.00034743 1 -0.0855064 -0.126967 0.05 12551.6
0 7157 9 phononTS 0.000414316 -1.26015 -0.0104542 0.049999 26915.4 0.00034743 1 0.0432689 -0.181101 0.05 48591.1
0 7163 17 phononTF 0.000471636 -1.00698 0.0733136 0.049999 16085.5 0.00034743 1 -0.0626178 -0.242756 0.05 23162.6
0 7165 2 phononTS 0.00232467 0.929048 0.49199 -0.00952834 5173.47 0.00069486 1 0.0321715 -0.102527 0.05 6586.01
0 7165 19 phononTF 0.000504585 0.0321715 -0.102527 0.049999 6586.01 0.00034743 1 -0.0288183 -0.104986 0.05 6663.53
0 7166 4 phononTF 0.000510477 2.15848 -0.549076 0.00420032 26927.5 0.00034743 1 0.052513 -0.275796 0.05 82614.5
0 7178 2 phononTF 0.0013994 -0.94892 -1.88556 -0.0262633 466.322 0.00104229 1 -0.0797373 -0.250686 0.05 5202.72
0 7181 1 phononTS 0.004 -0.314909 -0.998674 0.0139477 0 0.00138972 1 0.0159618 -0.205744 0.05 1908
0 7181 8 phononL 0.000371509 0.0159618 -0.205744 0.049998 1908 0.00034743 1 0.0261265 -0.155575 0.05 2177.65
0 7209 3 phononTS 0.0023603 1.55456 1.28202 -0.0160641 195.47 0.00069486 1 -0.0582393 -0.270435 0.05 6060.31
0 7209 4 phononTF 0.000841178 -0.0582393 -0.270435 0.049999 6060.31 0.00034743 1 -0.106508 -0.227032 0.05 6196.27
0 7212 5 phononTF 0.000937651 -2.06749 0.0249987 0.049998 16505.1 0.00034743 1 0.0707343 -0.114367 0.05 73696.9
0 7212 2 phononTS 0.00249413 2.04729 -1.70653 -0.0446576 12161.6 0.00138972 1 -0.037991 -0.237985 0.05 17333.1
0 7217 2 phononTS 0.000673178 0.950613 -2.1929 -0.0406118 8784.86 0.00034743 1 0.0447748 -0.108077 0.05 30632.4
0 7218 3 phononTS 0.001741 2.02617 -1.04436 -0.0445326 4474.73 0.00104229 1 0.0794844 -0.271584 0.05 29363.9
0 7225 8 phononTS 0.000550523 0.234229 0.063427 0.049999 6903.6 0.00034743 1 -0.0236126 -0.191283 0.05 15085.5
0 7255 5 phononTS 0.000520362 -1.46164 0.0931326 0.049999 9396.85 0.00034743 1 -0.0778645 -0.282028 0.05 15795.1
0 7258 1 phononTS 0.004 0.307029 -0.758183 0.00662002 0 0.00208458 1 -0.0800933 -0.237056 0.05 1453.36
0 7262 26 phononTF 0.000505144 0.893196 0.035542 0.049999 6828.56 0.00034743 1 0.0590881 -0.270939 0.05 7817.08
0 7269 3 phononTS 0.0018974 -0.913022 -1.03476 0.017663 3047.19 0.00034743 1 0.0751984 -0.130136 0.05 6349.86
0 7270 2 phononTF 0.00116785 0.0886274 0.755897 -0.0466217 2464 0.00069486 1 0.117714 -0.186655 0.05 3441.28
0 7280 3 phononTF 0.00151658 1.74621 -0.481501 0.0144797 8615.91 0.00104229 1 -0.0651161 -0.265843 0.05 40334.6
0 7289 3 phononTF 0.00304248 0.946711 -1.69562 0.0181501 30416.3 0.00034743 1 -0.0344362 -0.134251 0.05 68355.6
0 7289 6 phononTF 0.00151281 -0.0344362 -0.134251 0.049999 68355.6 0.00104229 1 -0.0554181 -0.136275 0.05 68535
0 7289 4 phononL 0.000543564 -0.0344362 -0.134251 0.049999 68355.6 0.00034743 1 -0.0328745 -0.20008 0.05 68533
0 7310 1 phononTF 0.004 0.981399 -0.282591 -0.0359117 0 0.00138972 1 0.0265189 -0.274607 0.05 3450.47
0 7313 4 phononTF 0.000957086 0.0522449 0.0133521 0.049999 49683.2 0.00069486 1 0.070768 -0.137023 0.05 49827.6
0 7314 3 phononL 0.00258857 -0.0428927 -0.931966 0.0302285 31.3867 0.00069486 1 -0.0440058 -0.158153 0.05 2408.62
0 7328 2 phononL 0.00151605 2.13567 1.90111 -0.0458935 1510.25 0.00069486 1 -0.0877735 -0.254176 0.05 22486.5
0 7334 20 phononTF 0.000434214 -0.99793 0.00739072 0.049999 15297.1 0.00034743 1 -0.0464859 -0.217969 0.05 21125.5
0 7341 2 phononTF 0.00113551 0.740189 -1.39202 -0.00623802 3396.96 0.00034743 1 0.041389 -0.187549 0.05 8376.59
0 7341 31 phononTS 0.000410213 0.041389 -0.187549 0.049999 8376.59 0.00034743 1 0.0991534 -0.235548 0.05 8447.99
0 7343 1 phononTS 0.004 -1.07171 -0.736057 -0.0175154 0 0.00173715 1 -0.0930014 -0.212287 0.05 2896.91
0 7343 3 phononL 0.00103013 -0.0930014 -0.212287 0.049999 2896.91 0.00034743 1 -0.0914489 -0.154941 0.05 3001.84
0 7344 3 phononTF 0.00318483 -0.806998 -1.49651 -0.0238596 6101.13 0.00173715 1 -0.0307462 -0.302016 0.05 27283.4
0 7356 1 phononL 0.004 -0.130357 -0.0452451 -0.0293961 0 0.00173715 1 -0.0462279 -0.133255 0.05 26.4706
0 7357 5 phononTS 0.000781615 -2.45103 0.0303525 0.049999 19357.5 0.00034743 1 0.0578554 -0.197205 0.05 28850.9
0 7363 3 phononTF 0.00133188 0.356437 -1.47051 0.0364465 4863.58 0.00034743 1 -0.043578 -0.163194 0.05 9453.52
0 7368 4 phononTF 0.000543092 0.136844 0.0709331 0.049999 1383.51 0.00034743 1 0.103204 -0.246667 0.05 2481.07
0 7370 2 phononTS 0.00166486 -1.85212 1.36589 0.0444253 3645.93 0.00104229 1 -0.0863513 -0.190725 0.05 55422.3
0 7378 23 phononTS 0.000659413 -1.33048 0.0645475 0.049999 24732.2 0.00034743 1 0.0434655 -0.216021 0.05 144313
0 7383 3 phononTS 0.00257643 0.825726 -1.90536 0.0277763 6356.13 0.00138972 1 0.0745286 -0.280099 0.05 11781.1
0 7393 2 phononTS 0.00245752 0.395274 -0.48737 0.0260873 8276.27 0.00138972 1 0.0619408 -0.274446 0.05 9134.22
0 7394 2 phononTF 0.0010429 -2.3977 1.48154 -0.0381757 6.31479 0.00034743 1 0.0520406 -0.177637 0.05 3366.33
0 7394 19 phononTF 0.000446518 0.0520406 -0.177637 0.049999 3366.33 0.00034743 1 0.0394246 -0.212785 0.05 3433.08
0 7419 2 phononTS 0.00100287 1.07238 0.0106628 0.049999 6639.59 0.00034743 1 -0.0747457 -0.175555 0.05 10950.2
0 7420 17 phononL 0.00155883 1.97992 -2.06003 0.0231506 12274.4 0.00034743 1 0.0300016 -0.229335 0.05 23626.1
0 7421 12 phononL 0.000879573 2.44176 0.0885278 0.049999 5909.31 0.00034743 1 -0.030562 -0.103699 0.05 19859.5
0 7422 3 phononTF 0.00201015 -0.677649 -2.12278 -0.0299093 5398.21 0.00138972 1 -0.0512496 -0.182225 0.05 18857.1
0 7425 3 phononTS 0.0013963 -0.844069 1.67749 0.0144018 4737.55 0.00069486 1 0.0271658 -0.148221 0.05 22916.5
0 7427 4 phononTS 0.000498994 -1.84794 0.100596 0.049999 35.6909 0.00034743 1 -0.0953721 -0.169975 0.05 13096
0 7435 4 phononTF 0.000713206 1.47884 -1.32579 0.0126594 20418.4 0.00034743 1 -0.0204773 -0.148711 0.05 26818.5
0 7440 2 phononL 0.00161867 -0.655863 0.346116 0.0207254 49.0891 0.00069486 1 0.060837 -0.1268 0.05 13009.7
0 7454 2 phononTS 0.00217502 -1.13365 -0.460586 -0.0255496 11921.6 0.00104229 1 -0.0281535 -0.254865 0.05 12908.9
0 7462 2 phononTS 0.00168945 -1.6576 -1.34251 0.0412181 8765.03 0.00069486 1 -0.0181529 -0.242904 0.05 10425.5
0 7470 3 phononTF 0.00220271 -0.376918 -0.841199 0.0207337 3668.23 0.00138972 1 -0.0260761 -0.201966 0.05 5169.42
0 7470 2 phononL 0.00179729 -0.376918 -0.841199 0.0207337 3668.23 0.00069486 1 -0.0634702 -0.225751 0.05 10499.1
0 7477 7 phononL 0.00122604 1.66562 0.00654301 0.049999 28059.1 0.00069486 1 0.0620931 -0.228211 0.05 79150
0 7499 3 phononTS 0.00227449 -0.997174 -2.22931 -0.0460359 2512.45 0.00104229 1 -0.0818781 -0.274387 0.05 6859.48
0 7501 18 phononTF 0.000529042 0.665102 0.0470386 0.049999 20955.4 0.00034743 1 0.0656695 -0.187126 0.05 21171.2
0 7514 3 phononTS 0.00107873 -1.19228 -1.00299 0.0138033 986.698 0.00069486 1 -0.0609705 -0.271148 0.05 22480.4
0 7529 22 phononTS 0.000354558 0.994733 0.0813975 0.049999 7046.27 0.00034743 1 0.033982 -0.143502 0.05 7609.27
0 7532 5 phononTF 0.00128455 0.504535 0.0269195 0.049999 3747.12 0.00034743 1 0.0599202 -0.11437 0.05 39369.5
0 7536 20 phononTF 0.00123261 -0.59646 1.8445 -0.0357119 14209.8 0.00069486 1 -0.0784361 -0.144565 0.05 49667
0 7575 4 phononTF 0.000648996 1.48659 0.00762592 0.049999 13552.9 0.00034743 1 -0.0627453 -0.198805 0.05 15556.6
0 7576 5 phononTS 0.00210824 0.549263 -1.06624 -0.00165654 2281.33 0.00104229 1 0.0575322 -0.169426 0.05 4261.53
0 7576 4 phononTF 0.000754387 0.549263 -1.06624 -0.00165654 2281.33 0.00034743 1 -0.0219144 -0.200537 0.05 8521.74
0 7577 17 phononL 0.00126774 -1.2589 0.0154061 0.049999 90634.3 0.00069486 1 -0.0261906 -0.109476 0.05 100074
0 7580 4 phononTS 0.000430344 1.33496 0.0204361 0.049998 16600.4 0.00034743 1 -0.0725616 -0.250907 0.05 73707.3
0 7582 7 phononTS 0.000503803 -1.06645 0.0493627 0.049999 13654.6 0.00034743 1 -0.0560774 -0.261202 0.05 14329.9
0 7585 17 phononTF 0.0009882 -2.43619 0.0946774 0.049998 24716.2 0.00069486 1 -0.0456705 -0.13255 0.05 32991.7
0 7595 1 phononTS 0.004 -0.180168 -1.38397 -0.000504195 0 0.00208458 1 -0.0709375 -0.138946 0.05 666.923
0 7599 3 phononTS 0.00249255 -0.0627247 1.29911 -0.0148721 70.8984 0.00034743 1 -0.108052 -0.17916 0.05 5541.94
0 7599 4 phononTF 0.00177978 -0.108052 -0.17916 0.049999 5541.94 0.00104229 1 0.0294112 -0.238079 0.05 5622.85
0 7602 2 phononTF 0.000846941 -0.605453 -2.12708 0.0438889 9617.44 0.00034743 1 -0.0425783 -0.108334 0.05 33393.4
0 7617 1 phononL 0.004 -0.215219 -0.606887 0.0107329 0 0.00104229 1 -0.114734 -0.235175 0.05 2006.53
0 7617 4 phononTF 0.000652863 -0.114734 -0.235175 0.049999 2006.53 0.00034743 1 -0.111571 -0.162135 0.05 2071.96
0 7617 2 phononTF 0.0006159 -0.114734 -0.235175 0.049999 2006.53 0.00034743 1 0.025342 -0.190589 0.05 2093.07
0 7649 18 phononTF 0.00135747 -0.935994 -0.67581 0.0219113 35127.8 0.00034743 1 0.0810325 -0.185861 0.05 36590.4
0 7666 3 phononTS 0.000842379 1.01329 -1.42746 -0.0427218 3797.38 0.00034743 1 0.0802876 -0.167069 0.05 6287.47
0 7673 11 phononTS 0.000502522 -0.415939 0.0216467 0.049999 799.663 0.00034743 1 -0.109614 -0.162331 0.05 1002.96
0 7679 10 phononTF 0.000447111 -1.14013 0.0868009 0.049999 507.003 0.00034743 1 -0.0633014 -0.211032 0.05 5177.26
0 7687 1 phononTS 0.004 0.457765 -0.72435 0.0145422 0 0.00243201 1 -0.0380978 -0.191625 0.05 7388.82
0 7702 2 phononTF 0.00106537 1.79535 0.0997869 0.049999 643.624 0.00034743 1 -0.041776 -0.171229 0.05 24031.9
0 7705 2 phononTF 0.000907714 -0.471506 0.338766 0.036401 6264.68 0.00069486 1 0.0643607 -0.200672 0.05 10760.8
0 7706 3 phononTS 0.00272654 0.764837 -0.55955 -0.0234132 3147.18 0.00069486 1 0.0179677 -0.210431 0.05 6809.64
0 7708 4 phononTS 0.00057339 -1.90268 0.0197276 0.049999 8519.58 0.00034743 1 -0.0949555 -0.211855 0.05 13610.3
0 7708 2 phononL 0.00149919 -2.1712 -0.750316 -0.0432399 3855.76 0.00034743 1 0.0328068 -0.29941 0.05 12036.4
0 7718 14 phononTF 0.000373906 -2.35261 0.0705832 0.049999 19608.9 0.00034743 1 0.0418775 -0.154026 0.05 34731.8
0 7727 1 phononL 0.004 -0.432216 -0.189722 0.0229522 0 0.00138972 1 -0.0680972 -0.251075 0.05 2408.81
0 7728 3 phononTF 0.00268568 -1.86579 2.08597 0.00632362 2699.81 0.00104229 1 0.0462837 -0.205516 0.05 15844.8
0 7732 4 phononL 0.000698502 -0.0117716 0.050412 0.049999 22738.3 0.00034743 1 -0.0812066 -0.140405 0.05 22793.7
0 7735 4 phononTF 0.00153345 0.714232 0.0774137 0.049998 4797.29 0.00104229 1 0.0283668 -0.122386 0.05 6810.71
0 7743 3 phononTS 0.00279798 -1.87209 -1.8054 -0.00771399 2982.11 0.00138972 1 -0.0425951 -0.200439 0.05 7047.3
0 7744 3 phononTF 0.00258128 -0.735413 -0.894999 0.0148431 2507.86 0.00069486 1 -0.0414615 -0.128634 0.05 5097.17
0 7744 4 phononL 0.00129843 -0.0414615 -0.128634 0.049999 5097.17 0.00034743 1 -0.0679448 -0.154389 0.05 5151.85
0 7753 3 phononTS 0.00177619 -2.00459 2.38638 0.0155238 7449.56 0.00104229 1 0.075894 -0.119026 0.05 9082.41
0 7759 16 phononTF 0.000489498 -0.828374 0.0215533 0.049999 30469 0.00034743 1 -0.0631022 -0.190408 0.05 32369
0 7761 3 phononTF 0.0022284 1.48559 -1.30501 0.0447257 1094.13 0.00069486 1 -0.0182745 -0.250268 0.05 26032.4
0 7769 4 phononTF 0.000890058 2.33376 0.0654573 0.049999 26237.6 0.00034743 1 -0.0444992 -0.158657 0.05 40784.5
0 7769 9 phononTS 0.000379678 -0.0444992 -0.158657 0.049999 40784.5 0.00034743 1 -0.0667967 -0.13626 0.05 40847.3
0 7770 2 phononTF 0.00144842 0.835447 0.277467 -0.0145995 4462.81 0.00034743 1 0.0601714 -0.10709 0.05 5085.53
0 7771 2 phononTF 0.00174984 0.541956 -0.700166 -0.0257403 7216.43 0.00104229 1 -0.0763298 -0.175514 0.05 15319.6
0 7772 4 phononTS 0.000461892 1.88982 0.0676216 0.049999 7570 0.00034743 1 -0.0275697 -0.139984 0.05 14093.1
0 7783 21 phononTF 0.00117845 -1.7875 0.0775265 0.049999 10239.2 0.00069486 1 0.0490062 -0.297694 0.05 19767.3
0 7784 8 phononTS 0.000505166 1.74847 0.0627089 0.049999 36742.9 0.00034743 1 0.114776 -0.231961 0.05 38443.9
0 7786 2 phononTS 0.00180041 2.00201 -1.62615 0.0214995 1947.99 0.00069486 1 0.0791533 -0.181257 0.05 37037.8
0 7788 1 phononTS 0.004 1.22039 -2.18787 -0.0324307 0 0.00208458 1 0.0581076 -0.288832 0.05 17546.5
0 7790 2 phononTF 0.00204374 0.48112 -0.252248 0.0430954 354.82 0.00069486 1 -0.0338379 -0.159201 0.05 675.48
0 7791 24 phononTS 0.00114272 -2.47179 0.0690588 0.049999 17020 0.00034743 1 -0.0646408 -0.112549 0.05 29062
0 7794 3 phononL 0.00189412 -1.84465 -1.69356 0.0291929 17247.1 0.00069486 1 0.0849055 -0.273286 0.05 33235.3
0 7797 3 phononTS 0.00134444 1.57277 2.10673 -0.0437337 13770.4 0.00104229 1 -0.0704493 -0.152432 0.05 28380.8
0 7811 1 phononTF 0.004 0.181845 -1.27577 0.0218631 0 0.00173715 1 0.0139792 -0.205913 0.05 4101.93
0 7819 3 phononL 0.00211712 -1.56879 -1.40575 -0.0355843 1625.37 0.00138972 1 0.0253445 -0.22341 0.05 22897.6
0 7825 21 phononTF 0.000593668 -1.09494 0.068831 0.049999 39032.7 0.00034743 1 0.0448587 -0.138251 0.05 41114.2
0 7829 1 phononTF 0.004 0.784322 -0.490267 0.0133176 0 0.00173715 1 0.0356918 -0.302169 0.05 2197.98
0 7829 11 phononL 0.000419803 0.0356918 -0.302169 0.049999 2197.98 0.00034743 1 0.038119 -0.294498 0.05 2297.63
0 7841 19 phononTS 0.000662352 1.52569 0.0678253 0.049999 4924.59 0.00034743 1 0.0412698 -0.22381 0.05 11567.5
0 7849 1 phononTS 0.004 -0.643663 -0.760753 -0.012133 0 0.00069486 1 -0.0821317 -0.209309 0.05 6479.8
0 7849 2 phononTS 0.00243572 -0.0821317 -0.209309 0.049999 6479.8 0.00138972 1 0.0161615 -0.233425 0.05 6681.3
0 7852 2 phononL 0.00250554 0.091328 -0.488379 -0.0148723 768.121 0.00104229 1 -0.0192486 -0.236487 0.05 899.324
0 7852 14 phononTF 0.000493685 -0.0192486 -0.236487 0.049999 899.324 0.00034743 1 -0.0686123 -0.277641 0.05 973.444
0 7855 2 phononTF 0.00148592 1.71451 1.56956 0.00977327 507.042 0.00069486 1 -0.0346556 -0.169482 0.05 5763.27
0 7856 3 phononTS 0.00183331 0.310474 -1.27479 0.0457447 10497.8 0.00104229 1 -0.10146 -0.213493 0.05 31600.3
0 7858 5 phononL 0.000989104 1.57729 0.0116766 0.049999 17986.1 0.00069486 1 0.0611631 -0.141954 0.05 30467.3
0 7867 1 phononTS 0.004 -0.230081 -0.517588 0.0182016 0 0.00208458 1 0.0435311 -0.266373 0.05 2643.16
0 7867 2 phononTF 0.000461923 0.0435311 -0.266373 0.049999 2643.16 0.00034743 1 0.106843 -0.241103 0.05 2899.4
0 7876 4 phononTF 0.000637596 -0.0953576 0.012653 0.049998 4138.93 0.00034743 1 0.0563327 -0.263175 0.05 4931.28
0 7889 5 phononTF 0.00120936 -1.82657 0.467764 0.0408947 36540.2 0.00069486 1 0.0265078 -0.277086 0.05 38781
0 7889 7 phononTF 0.000421448 0.0265078 -0.277086 0.049999 38781 0.00034743 1 0.027866 -0.205182 0.05 38854.9
0 7892 6 phononTS 0.000623301 2.4752 0.0755516 0.049999 6556.41 0.00034743 1 0.0770302 -0.170092 0.05 7315.31
0 7896 3 phononTS 0.00247868 -0.0437228 -1.88021 -0.0215375 12065.2 0.00138972 1 0.0658669 -0.253984 0.05 17998.4
0 7898 2 phononTS 0.00162637 -2.28465 -1.11575 -0.0286964 1151.49 0.00069486 1 0.0848573 -0.135574 0.05 14044.1
0 7915 3 phononL 0.00186289 -0.93182 -1.9187 -0.0371321 7682.61 0.00104229 1 -0.0327544 -0.184092 0.05 13553.7
0 7929 4 phononTS 0.00112398 1.28641 0.0781405 0.049999 11989.6 0.00069486 1 -0.052993 -0.211065 0.05 16541.5
0 7943 2 phononTS 0.0016157 0.203639 -0.386738 0.0477864 273.306 0.00034743 1 0.080838 -0.267363 0.05 43047.6
0 7950 9 phononTS 0.000415642 1.632 0.0294931 0.049999 40901.2 0.00034743 1 0.0930717 -0.24727 0.05 100799
0 7952 5 phononL 0.00132147 1.63304 0.817165 0.0156577 15970.6 0.00069486 1 -0.0698584 -0.146181 0.05 37401
0 7968 2 phononTF 0.00246294 -0.331991 0.497083 -0.0134671 1788.86 0.00034743 1 0.0295183 -0.17295 0.05 2221.89
0 7971 4 phononTS 0.00104655 -2.14823 1.53972 -0.0444809 2857.64 0.00069486 1 -0.083921 -0.20505 0.05 27891.2
0 7982 2 phononTF 0.00196465 -1.19982 1.79864 0.00853906 10136 0.00034743 1 -0.0285343 -0.21461 0.05 18066.2
0 7982 22 phononTS 0.000360164 -0.0285343 -0.21461 0.049999 18066.2 0.00034743 1 -0.0625527 -0.258136 0.05 18132.3
0 7982 20 phononTS 0.000488792 -0.0285343 -0.21461 0.049999 18066.2 0.00034743 1 -0.0351226 -0.193325 0.05 18124.8
0 7992 4 phononTS 0.00075529 1.08803 0.0825695 0.049999 14886.8 0.00034743 1 0.03879 -0.133338 0.05 16457.7
0 7997 3 phononTF 0.0022845 -0.0206796 2.10551 0.0164332 33216.4 0.00104229 1 -0.0604074 -0.131724 0.05 44910.7
0 8007 3 phononTS 0.00185219 1.28629 1.55178 -0.0281637 2871.24 0.00104229 1 0.113193 -0.162051 0.05 9071.54
0 8009 2 phononTF 0.00261822 -2.29988 2.09665 -0.00767241 8824.21 0.00173715 1 -0.0689698 -0.162843 0.05 25997.6
0 8010 3 phononTF 0.00299832 -0.516688 0.448159 0.011679 140.012 0.00034743 1 -0.0705816 -0.264893 0.05 1479.93
0 8010 4 phononTF 0.00140707 -0.0705816 -0.264893 0.049999 1479.93 0.00069486 1 0.0752564 -0.128616 0.05 1691.21
0 8027 30 phononTS 0.00035234 -0.0429777 0.0600572 0.049999 32641.6 0.00034743 1 0.0757044 -0.228536 0.05 32775
0 8032 3 phononTS 0.0023986 -1.07973 1.98284 0.0175745 1277.02 0.00104229 1 0.0570814 -0.185432 0.05 26805.1
0 8047 4 phononTS 0.00064534 -2.0953 0.106242 0.049999 7559.36 0.00034743 1 0.0344477 -0.29191 0.05 9958.9
0 8054 14 phononTS 0.000756677 2.37327 -2.36849 -0.029014 13665 0.00034743 1 0.098399 -0.234664 0.05 18535.8
0 8067 2 phononTF 0.00222583 -0.42088 2.26325 0.0283691 1776.85 0.00138972 1 0.0397223 -0.198028 0.05 10104.7
0 8074 4 phononTS 0.00119311 -1.26391 0.0402821 0.049999 24549.3 0.00034743 1 -0.0978253 -0.261775 0.05 34012.2
0 8077 2 phononTS 0.00203799 0.799907 -0.652733 0.0415385 19635.8 0.00104229 1 -0.0333434 -0.207638 0.05 22692.3
0 8081 2 phononTF 0.00251122 -2.07398 2.16591 -0.00367381 4002.85 0.00138972 1 -0.0303564 -0.160551 0.05 9055.65
0 8091 3 phononL 0.0018964 -0.850625 -0.974219 0.033525 2674.16 0.00069486 1 -0.0688938 -0.262619 0.05 4528.94
0 8092 8 phononTF 0.0004725 -2.15157 0.0761914 0.049999 8271.01 0.00034743 1 -0.0653238 -0.146462 0.05 12901.8
0 8093 7 phononTS 0.000660675 1.5285 0.0730177 0.049999 30671.9 0.00034743 1 0.05914 -0.119985 0.05 51447.2
0 8097 3 phononTS 0.00147957 0.436412 -0.809451 0.0121375 1266.56 0.00069486 1 -0.052473 -0.267318 0.05 44385.4
0 8131 1 phononTF 0.004 -2.49083 -2.25154 0.00469203 0 0.00138972 1 -0.0654339 -0.231142 0.05 15028.4
0 8133 1 phononTS 0.004 0.260186 -0.306526 0.012468 0 0.00104229 1 -0.0807065 -0.121826 0.05 615.325
0 8141 3 phononTS 0.00231231 2.42185 1.17371 -0.0179003 1775.51 0.00069486 1 -0.0362946 -0.225005 0.05 7200.93
0 8143 24 phononTF 0.000639947 -1.40289 0.0859606 0.049999 7704.47 0.00034743 1 -0.0659577 -0.226143 0.05 15014.8
0 8149 2 phononTS 0.0011624 -2.30623 -0.462276 0.0262322 9338.28 0.00069486 1 0.0754227 -0.169949 0.05 12448.5
0 8151 8 phononTS 0.000472688 -0.550784 0.0110694 0.049999 4350.46 0.00034743 1 -0.0692955 -0.275114 0.05 5511.16
0 8151 20 phononTF 0.00105434 2.16959 1.45656 -0.0352312 37750.3 0.00069486 1 -0.0657008 -0.24258 0.05 40559.4
0 8160 3 phononTF 0.00264049 -0.968938 1.23238 0.012915 9549.54 0.00069486 1 0.0806773 -0.270714 0.05 11562.7
0 8160 7 phononTS 0.000913008 0.0806773 -0.270714 0.049999 11562.7 0.00069486 1 0.0664201 -0.275257 0.05 11623.3
0 8161 9 phononL 0.000588957 -0.163558 0.0319282 0.049999 1028.02 0.00034743 1 0.0739679 -0.163673 0.05 2758.43
0 8165 2 phononTF 0.00232774 2.0979 -0.879341 0.0347864 5446.71 0.00069486 1 0.0412927 -0.117053 0.05 13310.4
0 8165 4 phononTS 0.000389105 0.0412927 -0.117053 0.049999 13310.4 0.00034743 1 0.0763997 -0.14683 0.05 13599.5
0 8168 1 phononTS 0.004 -0.0584523 -0.252677 -0.0361966 0 0.00243201 1 -0.0493176 -0.257087 0.05 26.5727
0 8169 9 phononTS 0.000530757 0.661213 0.0275468 0.049999 1378.51 0.00034743 1 -0.0481158 -0.177702 0.05 43283.7
0 8171 3 phononTS 0.00186768 -0.105805 -1.65174 0.00509482 2294.97 0.00104229 1 0.0195779 -0.174566 0.05 8512.41
0 8175 6 phononTF 0.00114501 -0.20416 0.0217673 0.049999 14916.8 0.00069486 1 -0.0280084 -0.162007 0.05 15074.2
0 8175 12 phononTS 0.000411175 -0.0280084 -0.162007 0.049999 15074.2 0.00034743 1 0.0613259 -0.184376 0.05 15150.3
0 8177 19 phononL 0.000409799 -0.789979 0.0932648 0.049999 14146.7 0.00034743 1 -0.0502192 -0.222047 0.05 14838.5
0 8184 2 phononTS 0.00255593 0.959814 0.89829 0.0392089 8481.67 0.00173715 1 -0.0783701 -0.144368 0.05 39931.5
0 8185 18 phononTF 0.00076728 -0.306475 0.0584548 0.049999 27538.4 0.00069486 1 0.0486424 -0.282406 0.05 39279.5
0 8187 4 phononTS 0.000861747 2.08581 -1.31951 0.0417025 3416.97 0.00034743 1 0.0494361 -0.272106 0.05 19579.3
0 8188 6 phononTF 0.000516551 -0.0447392 0.0841459 0.049999 11360.5 0.00034743 1 -0.0687376 -0.236577 0.05 11612.1
0 8194 3 phononTS 0.0014388 0.813719 2.15493 0.0390687 174.871 0.00034743 1 -0.0242816 -0.173354 0.05 2246.13
0 8201 2 phononTS 0.00121644 0.314361 -0.165279 -0.00723904 2569.26 0.00034743 1 -0.0190692 -0.171931 0.05 2690.44
0 8227 2 phononTF 0.0024194 0.568777 -0.469611 -0.0280888 3303.99 0.00104229 1 -0.0764112 -0.133743 0.05 3880.69
0 8236 1 phononL 0.004 -0.135958 -1.84498 -0.00132698 0 0.00069486 1 -0.0410608 -0.28228 0.05 7815.36
0 8236 7 phononTS 0.00107596 -0.0410608 -0.28228 0.049999 7815.36 0.00034743 1 -0.0475564 -0.269423 0.05 7873.13
0 8236 4 phononTS 0.000462252 -0.0410608 -0.28228 0.049999 7815.36 0.00034743 1 0.0331676 -0.292971 0.05 7902.85
0 8237 3 phononTF 0.0030717 0.986877 -1.38758 0.0331193 2450.22 0.00173715 1 0.083656 -0.237601 0.05 20209.8
0 8237 2 phononTF 0.000928299 0.986877 -1.38758 0.0331193 2450.22 0.00034743 1 -0.0672734 -0.284151 0.05 10683.3
0 8245 2 phononTS 0.00270914 1.00443 1.58518 0.0234256 4677.95 0.00104229 1 0.0354479 -0.278948 0.05 11412.7
0 8270 2 phononTS 0.00117422 -0.23699 -1.08043 -0.0361179 20774.9 0.00034743 1 -0.0649822 -0.161186 0.05 27322
0 8281 2 phononL 0.00141219 -0.41213 1.59599 -0.0105362 5242.24 0.00069486 1 0.0500376 -0.20718 0.05 15303.6
0 8288 1 phononTS 0.004 0.163701 0.261248 0.00225504 0 0.00173715 1 0.0395073 -0.206528 0.05 791.728
0 8288 3 phononTF 0.000930485 0.0395073 -0.206528 0.049999 791.728 0.00034743 1 -0.0707961 -0.281004 0.05 1033.66
0 8289 5 phononTS 0.000965341 -2.37914 1.92294 -0.0470329 17988.9 0.00034743 1 0.0772398 -0.223485 0.05 74503.9
0 8297 3 phononTF 0.00317898 0.244374 -1.55619 0.0180839 11867.5 0.00069486 1 0.0841847 -0.266309 0.05 21227.7
0 8297 4 phononTS 0.00182281 0.0841847 -0.266309 0.049998 21227.7 0.00104229 1 0.105416 -0.148488 0.05 21888.4
0 8300 2 phononTF 0.00225674 1.11251 0.983604 0.0172421 3278.62 0.00069486 1 0.0622374 -0.198014 0.05 9479.57
0 8314 3 phononTF 0.00239461 -0.256673 -0.109926 -0.0379434 16222.9 0.00104229 1 -0.0458321 -0.174152 0.05 16482.4
0 8314 5 phononTF 0.000489677 -0.0458321 -0.174152 0.049999 16482.4 0.00034743 1 -0.0338207 -0.119367 0.05 16551.1
0 8319 15 phononTF 0.000844111 -0.413496 0.0114294 0.049998 10844.9 0.00034743 1 -0.0504366 -0.185364 0.05 11222.7
0 8325 2 phononTS 0.00125728 -1.82692 -2.211 -0.0154073 5411.05 0.00069486 1 0.0642278 -0.273456 0.05 28941.4
0 8330 1 phononL 0.004 -0.101432 -0.214132 -0.019746 0 0.00138972 1 -0.0741522 -0.180174 0.05 305.993
0 8330 16 phononTS 0.00104049 -0.0741522 -0.180174 0.049999 305.993 0.00069486 1 -0.0616555 -0.222391 0.05 369.101
0 8344 3 phononTF 0.00132143 -1.56573 -0.885017 0.0365422 3404.15 0.00069486 1 0.0363894 -0.204695 0.05 54162.5
0 8344 4 phononTS 0.000399994 0.0363894 -0.204695 0.049999 54162.5 0.00034743 1 0.0341277 -0.0934611 0.05 54414.7
0 8344 19 phononTS 0.000736413 -0.855721 0.0435133 0.049999 13962.3 0.00034743 1 0.0522131 -0.188289 0.05 25044.8
0 8347 4 phononTS 0.000655072 2.16168 1.95504 -0.0334008 4736.76 0.00034743 1 -0.0952066 -0.234386 0.05 46813.6
0 8352 2 phononTF 0.00176896 -0.00229795 -1.72096 0.00212618 28.67 0.00034743 1 -0.0400923 -0.270856 0.05 20970.6
0 8352 25 phononTF 0.00129337 -0.0400923 -0.270856 0.049999 20970.6 0.00034743 1 0.0538706 -0.155399 0.05 21443.3
0 8352 29 phononTS 0.000571292 0.0538706 -0.155399 0.049999 21443.3 0.00034743 1 0.0431466 -0.287499 0.05 51306.7
0 8370 3 phononTF 0.00339544 -0.190913 0.211334 0.00730946 565.071 0.00173715 1 0.0612609 -0.287022 0.05 1794.27
0 8378 3 phononTF 0.00229666 1.2138 -2.36271 -0.0173826 2732.92 0.00104229 1 -0.0373993 -0.235837 0.05 10403.5
0 8385 16 phononTS 0.00128617 0.300396 0.018451 0.049999 20286.8 0.00069486 1 0.108691 -0.214242 0.05 21452.6
0 8385 22 phononTS 0.000531173 0.108691 -0.214242 0.049998 21452.6 0.00034743 1 0.076066 -0.182074 0.05 21765.6
0 8419 5 phononTS 0.000385132 -0.263888 0.0497046 0.049999 11754 0.00034743 1 0.0476413 -0.185276 0.05 12935.4
0 8425 21 phononTF 0.000375787 -2.12728 1.06916 -0.0395299 26970.9 0.00034743 1 -0.088901 -0.129977 0.05 53743
0 8433 4 phononTF 0.000671956 -0.572338 -0.709726 -0.00950167 15983.9 0.00034743 1 -0.0824042 -0.272649 0.05 18226.7
0 8436 4 phononL 0.000818192 0.102378 0.0431265 0.049999 4896.87 0.00034743 1 -0.0931439 -0.189296 0.05 5003.39
0 8436 2 phononL 0.000809369 0.102378 0.0431265 0.049999 4896.87 0.00069486 1 -0.0127744 -0.184414 0.05 5410.11
0 8439 3 phononTF 0.00251451 -0.292119 -0.877668 0.0402864 11565.2 0.00069486 1 -0.0870883 -0.13523 0.05 13940.8
0 8447 3 phononL 0.00263896 -2.46081 -1.24543 0.00577449 11674.5 0.00173715 1 -0.0376925 -0.292876 0.05 38024.7
0 8448 1 phononTS 0.004 -0.0584034 -0.592287 0.00429979 0 0.00208458 1 0.0418349 -0.24808 0.05 480.295
0 8455 10 phononTS 0.000527573 -0.181262 0.0886686 0.049999 27895.7 0.00034743 1 0.0612743 -0.238027 0.05 30349.3
0 8457 1 phononTF 0.004 -0.754072 -0.723103 -0.0164177 0 0.00208458 1 -0.108287 -0.239917 0.05 1733.47
0 8460 2 phononTS 0.0010225 0.857563 -1.42416 0.021789 19.2349 0.00034743 1 0.0942525 -0.18934 0.05 5592.52
0 8462 3 phononTS 0.00247169 0.99251 0.601078 -0.0367436 16.9144 0.00138972 1 -0.044672 -0.272874 0.05 18105.6
0 8464 4 phononL 0.000967972 -1.48249 2.04726 -0.0238462 6614.71 0.00034743 1 -0.0585036 -0.166291 0.05 91816.1
0 8476 5 phononTS 0.000505399 -0.623672 0.019438 0.049999 16364.2 0.00034743 1 0.0952772 -0.160192 0.05 17145.8
0 8498 3 phononTF 0.00267865 0.654108 -2.04703 0.0485321 2506.76 0.00138972 1 -0.0804792 -0.198927 0.05 9156.05
0 8501 4 phononTS 0.000639792 -0.148187 0.0641307 0.049999 1091.67 0.00034743 1 -0.109771 -0.194499 0.05 1374.08
0 8509 2 phononTS 0.00173496 1.93583 -0.752793 0.00582265 4.65263 0.00104229 1 -0.0306648 -0.17691 0.05 13732.6
0 8511 2 phononTS 0.00273795 1.94058 -2.18792 0.0116697 2282.92 0.00138972 1 0.0726359 -0.187995 0.05 10653.1
0 8524 2 phononL 0.00141657 2.06935 0.873295 0.0472416 4333.98 0.00069486 1 0.0851031 -0.27989 0.05 19265.2
0 8532 4 phononTS 0.00140228 -0.586372 0.611833 0.0237726 4993.25 0.00069486 1 -0.0466644 -0.215781 0.05 11039.9
0 8535 9 phononTS 0.000402052 2.38752 -0.00119981 0.049999 10171.1 0.00034743 1 0.0493195 -0.123482 0.05 44801.3
0 8544 2 phononTS 0.00113025 0.663408 1.4536 0.00760476 1385.89 0.00034743 1 -0.110315 -0.169403 0.05 48558.7
0 8575 3 phononTF 0.00188146 1.47404 1.09247 0.00884952 569.602 0.00104229 1 -0.0395324 -0.264785 0.05 6992.11
0 8582 2 phononTS 0.00222594 1.08026 2.28256 0.016223 21922.1 0.00069486 1 0.059731 -0.234908 0.05 31715.9
0 8582 22 phononTS 0.000432713 0.059731 -0.234908 0.049999 31715.9 0.00034743 1 -0.0302808 -0.198646 0.05 32186.4
0 8583 2 phononTF 0.00125223 0.265277 -1.94562 0.0293335 151.125 0.00034743 1 0.100566 -0.179532 0.05 34980
0 8590 5 phononTF 0.00122337 0.0630593 -0.934714 -0.0496377 27484.4 0.00069486 1 0.0743693 -0.240458 0.05 47590.8
0 8598 15 phononTS 0.0011826 2.25814 -0.00989506 0.049999 6020.54 0.00034743 1 -0.0890967 -0.158311 0.05 9965.24
0 8607 2 phononTS 0.00143204 -1.05619 0.99096 -0.0252298 892.704 0.00069486 1 0.0555476 -0.241954 0.05 22359.7
0 8608 25 phononTF 0.000454924 0.639804 0.0932805 0.049999 19568.5 0.00034743 1 0.0620556 -0.288812 0.05 26843.7
0 8631 3 phononTF 0.00214428 0.44439 -0.375469 -0.0428831 664.503 0.00034743 1 0.046722 -0.100331 0.05 1015.21
0 8642 5 phononTS 0.000463953 0.097448 0.00191971 0.049999 5611.14 0.00034743 1 0.0327159 -0.305528 0.05 9968.56
0 8644 3 phononTS 0.00178411 0.264815 -1.71396 0.0267539 9228.19 0.00069486 1 0.028275 -0.197339 0.05 9981.92
0 8644 4 phononTF 0.000522975 0.028275 -0.197339 0.049999 9981.92 0.00034743 1 0.0309917 -0.246468 0.05 10043.6
0 8652 2 phononTS 0.00133011 -0.632127 -1.86723 0.0164261 625.775 0.00034743 1 -0.0312835 -0.156035 0.05 4954.01
0 8657 2 phononTS 0.00183721 -1.07177 0.231761 0.0101714 92.9848 0.00034743 1 0.0961026 -0.14222 0.05 39430.8
0 8661 1 phononTF 0.004 -0.164436 2.32579 -0.00265788 0 0.00138972 1 0.0222003 -0.195123 0.05 31600.5
0 8661 14 phononTS 0.000383663 0.0222003 -0.195123 0.049999 31600.5 0.00034743 1 -0.0170216 -0.223383 0.05 31666.3
0 8662 22 phononTF 0.000461732 2.09311 0.0833577 0.049999 56780 0.00034743 1 -0.088652 -0.273549 0.05 58507.8
0 8678 5 phononTS 0.000432563 0.292457 0.104602 0.049999 5685.12 0.00034743 1 0.0934811 -0.201268 0.05 6220.73
0 8680 18 phononTS 0.000553891 1.87715 0.062477 0.049999 11199.5 0.00034743 1 -0.103791 -0.208741 0.05 27555.8
0 8685 23 phononTS 0.000722905 -0.0465805 0.00192771 0.049999 12826.7 0.00034743 1 0.0422992 -0.152771 0.05 24058
0 8689 3 phononTF 0.00104116 -0.137738 -1.5453 0.0140297 257.693 0.00069486 1 -0.0330289 -0.250538 0.05 9592.99
0 8702 2 phononL 0.00143946 0.145629 2.16322 0.034326 2489.05 0.00104229 1 0.113154 -0.192495 0.05 10752.2
0 8708 3 phononTS 0.00314592 -0.215472 -0.104116 -0.0453922 14729.6 0.00173715 1 0.0593695 -0.12004 0.05 19212.3
0 8713 3 phononTF 0.00186858 -0.945007 1.44335 -0.0141488 8188.94 0.00034743 1 -0.0376524 -0.16871 0.05 25279.9
0 8714 2 phononL 0.00169162 -2.32468 -0.669336 -0.0403464 1996.35 0.00069486 1 -0.0991886 -0.256935 0.05 8760.97
0 8718 3 phononTF 0.00255367 0.767371 -0.562822 0.00956776 3898.47 0.00069486 1 0.110845 -0.188709 0.05 6767.75
0 8718 4 phononTS 0.000755355 0.110845 -0.188709 0.049999 6767.75 0.00034743 1 0.0929162 -0.175611 0.05 6825.06
0 8723 3 phononTS 0.00271605 -0.281132 -0.731796 -0.0148997 4587.97 0.00138972 1 -0.0421421 -0.271381 0.05 5666.42
0 8737 1 phononTS 0.004 0.366404 -0.128631 0.0278507 0 0.00138972 1 0.0798952 -0.271531 0.05 2338.17
0 8737 2 phononTS 0.000745171 0.0798952 -0.271531 0.049999 2338.17 0.00034743 1 0.0243293 -0.207544 0.05 2413.01
0 8744 2 phononTF 0.00239243 0.128875 -1.17541 0.00926727 3208.16 0.00138972 1 0.116956 -0.223783 0.05 6120.42
0 8752 4 phononTS 0.000505201 0.865149 -0.00206973 0.049999 12233.2 0.00034743 1 -0.0244248 -0.152712 0.05 46722.2
0 8756 6 phononTS 0.00144581 0.587179 0.0296846 0.049999 23486.8 0.00069486 1 -0.0501457 -0.215196 0.05 34232.4
0 8758 2 phononTF 0.00179269 -2.1968 -1.40714 0.0293055 2332.02 0.00104229 1 -0.0760845 -0.220236 0.05 11188.1
0 8763 18 phononTF 0.000645094 -0.0474685 0.0426956 0.049999 27948.9 0.00034743 1 -0.0399817 -0.138392 0.05 28025.7
0 8769 2 phononTF 0.00143591 -2.25794 -1.59563 0.0198625 17253.4 0.00034743 1 0.0942445 -0.175129 0.05 19148.3
0 8772 2 phononTS 0.00199672 0.932238 -1.84702 -0.0207485 13166.5 0.00104229 1 0.0277214 -0.278819 0.05 21733.9
0 8779 5 phononTS 0.00205294 2.44056 -2.38491 0.0394457 5186.19 0.00104229 1 -0.0194546 -0.20254 0.05 23412.6
0 8782 4 phononTF 0.000471286 -1.96568 -0.00651053 0.049999 30385.2 0.00034743 1 0.115184 -0.20314 0.05 36188.7
0 8787 1 phononTF 0.004 -0.388655 -1.50473 0.0200777 0 0.00104229 1 -0.0371856 -0.263184 0.05 5955.94
0 8787 2 phononTF 0.00151853 -0.0371856 -0.263184 0.049999 5955.94 0.00034743 1 -0.0647011 -0.137729 0.05 6203.29
0 8787 21 phononL 0.000914148 -0.0647011 -0.137729 0.049999 6203.29 0.00069486 1 0.0449152 -0.241006 0.05 6258.63
0 8791 2 phononTS 0.00168862 -1.53874 0.725749 0.043768 12622.1 0.00104229 1 0.0482469 -0.278515 0.05 38128.7
0 8794 2 phononTF 0.00160312 0.0721798 0.350422 -0.0170467 6986.75 0.00104229 1 -0.0649564 -0.259127 0.05 7453.35
0 8795 29 phononTS 0.000510344 0.14558 -0.00424915 0.049999 17001.2 0.00034743 1 0.0469937 -0.137766 0.05 17147.7
0 8799 2 phononTS 0.000473393 -0.844642 -2.30081 -0.0493854 656.056 0.00034743 1 -0.0508911 -0.272696 0.05 8912.82
0 8803 2 phononTS 0.0012999 -0.204231 1.09471 0.0393633 3649.9 0.00034743 1 0.0998127 -0.234742 0.05 7027.63
0 8803 18 phononTS 0.000817619 0.0998127 -0.234742 0.049999 7027.63 0.00069486 1 0.051929 -0.284862 0.05 7215.72
0 8806 1 phononL 0.004 -1.57227 -1.83681 -0.00929767 0 0.00208458 1 -0.0651043 -0.127903 0.05 7514.85
0 8811 3 phononTS 0.00181915 1.00496 -0.411265 0.0146637 1246.28 0.00069486 1 0.0723361 -0.132594 0.05 22891.8
0 8813 2 phononTF 0.00179344 -0.190509 -0.0900523 0.0365957 5434.4 0.00104229 1 -0.113937 -0.179419 0.05 5726.87
0 8816 3 phononTF 0.00242507 -0.0940109 -1.4283 0.0412261 593.058 0.00138972 1 -0.0653072 -0.289415 0.05 2424.33
0 8816 5 phononTS 0.000512414 -0.0653072 -0.289415 0.049999 2424.33 0.00034743 1 -0.0790834 -0.261289 0.05 2487.1
0 8833 2 phononTF 0.001964 0.231851 1.90287 0.00671144 1205.08 0.00104229 1 0.0803613 -0.209938 0.05 17735
0 8838 3 phononTS 0.00192221 0.962068 -0.532659 0.010509 3198.61 0.00034743 1 0.0239421 -0.245559 0.05 4937.6
0 8838 5 phononTF 0.00120846 0.0239421 -0.245559 0.049999 4937.6 0.00069486 1 -0.0337132 -0.263725 0.05 4998.86
0 8839 5 phononTF 0.0008182 -2.03403 -0.816444 0.0307605 25140.5 0.00034743 1 0.0386553 -0.207454 0.05 56891.3
0 8840 2 phononTS 0.000352164 1.94056 0.0688941 0.049999 7142.02 0.00034743 1 0.0532482 -0.164637 0.05 7758.9
0 8844 5 phononTS 0.00123799 1.14575 -1.44397 -0.0212383 30023.5 0.00104229 1 0.0302713 -0.26468 0.05 37272.7
0 8846 1 phononTS 0.004 0.457559 -0.551939 -0.031806 0 0.00138972 1 0.0542232 -0.128342 0.05 775.206
0 8846 2 phononTS 0.00153754 0.0542232 -0.128342 0.049999 775.206 0.00104229 1 0.0673515 -0.184978 0.05 958.317
0 8851 20 phononTF 0.000673512 0.0350882 0.0184776 0.049999 50488.9 0.00034743 1 -0.0405372 -0.0988467 0.05 50634
0 8867 20 phononL 0.000364013 -1.08885 0.0266852 0.049999 7840.67 0.00034743 1 -0.0864021 -0.191461 0.05 8457.3
0 8870 7 phononTS 0.000354119 2.444 0.0808417 0.049999 4044.06 0.00034743 1 0.0520999 -0.15821 0.05 4939.99
0 8870 6 phononTS 0.000381762 2.444 0.0808417 0.049999 4044.06 0.00034743 1 0.078861 -0.158859 0.05 8715.34
0 8874 2 phononL 0.00170592 2.10866 2.01719 -0.0123299 5225.77 0.00069486 1 0.04537 -0.192557 0.05 24286
0 8889 15 phononTS 0.000498586 -0.272423 0.0862443 0.049999 5240.29 0.00034743 1 -0.082652 -0.232539 0.05 7050.6
0 8889 5 phononTS 0.000872853 -0.298013 0.0746056 0.049999 5182.83 0.00034743 1 -0.0780537 -0.116122 0.05 5495.78
0 8895 19 phononTS 0.000756583 -1.69956 1.46332 -0.0210699 56295.7 0.00034743 1 0.0614481 -0.245986 0.05 66678.3
0 8901 2 phononTF 0.0023633 2.24369 -1.65052 0.00459933 4096.03 0.00069486 1 -0.0318738 -0.105991 0.05 13145.6
0 8901 9 phononTS 0.000960628 -0.0318738 -0.105991 0.049999 13145.6 0.00034743 1 -0.0386171 -0.117156 0.05 13201.5
0 8914 6 phononTF 0.000786633 0.694432 0.0522552 0.049999 42024 0.00034743 1 0.0360747 -0.147151 0.05 53993.7
0 8917 3 phononTF 0.00224034 0.758104 1.2198 -0.0476144 913.631 0.00138972 1 -0.0474563 -0.288745 0.05 8449.23
0 8937 2 phononTS 0.00227521 -0.513127 -0.821196 -0.0242556 11381.5 0.00069486 1 0.0630752 -0.256867 0.05 17766.3
0 8937 19 phononTF 0.0011717 0.0630752 -0.256867 0.049999 17766.3 0.00034743 1 -0.0470809 -0.223673 0.05 17837.8
0 8937 26 phononTF 0.000591271 -0.0470809 -0.223673 0.049999 17837.8 0.00034743 1 0.0392471 -0.294597 0.05 21737.1
0 8949 5 phononTF 0.000518223 0.195365 0.0916177 0.049999 1667.99 0.00034743 1 0.0342285 -0.154052 0.05 2622.29
0 8955 1 phononL 0.004 -0.432213 -0.689833 -0.0129137 0 0.00173715 1 -0.0785424 -0.122129 0.05 608.312
0 8962 4 phononL 0.000472072 -1.83136 0.0988799 0.049999 8812.82 0.00034743 1 -0.0786217 -0.147143 0.05 19555
0 8965 3 phononL 0.00169413 1.01155 -1.97326 -0.007965 4205 0.00034743 1 -0.105555 -0.208295 0.05 6943.42
0 8978 2 phononTS 0.00251709 1.43668 -1.36231 -0.0215058 11293.1 0.00138972 1 -0.0578549 -0.230268 0.05 28514.1
0 8979 2 phononTS 0.00158787 -0.0275034 2.11578 -0.00796788 3673.09 0.00034743 1 -0.0834246 -0.183007 0.05 7808.67
0 8979 24 phononTS 0.000732111 -0.0834246 -0.183007 0.049999 7808.67 0.00034743 1 -0.0607818 -0.11591 0.05 9503.45
0 8998 1 phononTS 0.004 -1.36315 1.20152 -0.0325926 0 0.00173715 1 -0.0909197 -0.273937 0.05 16074.7
0 9033 1 phononTF 0.004 0.40802 -1.33048 -0.0212101 0 0.00243201 1 0.0788689 -0.144019 0.05 2036.22
0 9038 3 phononTS 0.0028334 -1.65395 -2.18114 0.0479424 6543.62 0.00069486 1 -0.108184 -0.205526 0.05 26303
0 9047 3 phononTF 0.00241093 0.11111 1.73918 -0.0111142 11168.1 0.00069486 1 -0.0478994 -0.147926 0.05 31429.3
0 9050 3 phononTF 0.00192239 2.23047 2.18366 -0.0232653 7476.41 0.00069486 1 0.0422813 -0.246329 0.05 23591.7
0 9058 2 phononTF 0.00217692 0.392595 -1.16443 -0.0201582 6242.34 0.00104229 1 -0.0598762 -0.257197 0.05 60207
0 9058 17 phononTF 0.000521065 -0.0598762 -0.257197 0.049999 60207 0.00034743 1 0.0665014 -0.280982 0.05 60504.9
0 9078 3 phononTF 0.00184664 2.3265 0.482064 0.033006 3.93627 0.00104229 1 -0.105732 -0.190768 0.05 23795.4
0 9082 1 phononTF 0.004 -0.642301 -0.0780706 -0.00769058 0 0.00104229 1 0.0362677 -0.200997 0.05 2916.72
0 9082 6 phononTS 0.000396515 0.0362677 -0.200997 0.049999 2916.72 0.00034743 1 -0.115534 -0.200211 0.05 3087.77
0 9083 2 phononTS 0.00232977 -0.758272 1.4198 -0.0316886 1005.55 0.00104229 1 0.102778 -0.245148 0.05 8587.42
0 9099 3 phononTF 0.000975787 -1.42029 -0.747688 0.0201559 16371.9 0.00069486 1 0.0293419 -0.121833 0.05 36695.5
0 9107 6 phononTF 0.000421096 -1.50292 0.0931439 0.049999 43335.4 0.00034743 1 0.040498 -0.175692 0.05 123034
0 9107 2 phononTS 0.00169746 2.25839 2.49413 0.0472309 6156.78 0.00069486 1 -0.0699873 -0.147921 0.05 13149.3
0 9177 17 phononTS 0.000588666 -1.02792 0.105124 0.049999 43288.8 0.00034743 1 -0.053096 -0.128009 0.05 81031.5
0 9185 18 phononTF 0.00122662 0.861231 -1.04246 -0.00854387 5267.6 0.00104229 1 -0.0784992 -0.242126 0.05 45465
0 9191 1 phononTF 0.004 2.42356 1.59199 -0.0152247 0 0.00069486 1 -0.0615995 -0.203735 0.05 19034.9
0 9191 7 phononL 0.000518257 -0.0615995 -0.203735 0.049999 19034.9 0.00034743 1 -0.0701822 -0.194954 0.05 19076.5
0 9196 22 phononTS 0.000504608 -1.88045 0.10313 0.049999 4402.45 0.00034743 1 0.0154746 -0.181503 0.05 13253.5
0 9196 5 phononTS 0.000461015 -1.65065 0.0961716 0.049999 4315.38 0.00034743 1 -0.0737825 -0.222667 0.05 16186.6
0 9202 1 phononTS 0.004 1.6887 -1.56625 -0.0389731 0 0.00173715 1 -0.0888251 -0.231295 0.05 8927.47
0 9202 5 phononL 0.00153799 -0.0888251 -0.231295 0.049999 8927.47 0.00104229 1 0.116404 -0.215151 0.05 24504.9
0 9209 2 phononTF 0.00204966 1.11546 -2.35048 0.022767 1560.55 0.00138972 1 0.102308 -0.222289 0.05 6954.34
0 9237 2 phononL 0.00118052 2.24205 -0.485258 -0.0361311 75.6905 0.00034743 1 -0.0427678 -0.195741 0.05 5293.87
0 9240 12 phononTS 0.00231878 0.545856 2.23142 0.0301514 10981.1 0.00069486 1 0.0491727 -0.184522 0.05 17290.3
0 9240 16 phononL 0.00034953 0.0491727 -0.184522 0.049999 17290.3 0.00034743 1 -0.0338782 -0.249504 0.05 17866.4
0 9245 1 phononTS 0.004 -0.392737 -1.2867 0.00858799 0 0.00173715 1 -0.054438 -0.183168 0.05 5470.29
0 9245 4 phononTF 0.000447466 -0.054438 -0.183168 0.049999 5470.29 0.00034743 1 -0.0968236 -0.242831 0.05 5540.28
0 9253 3 phononTF 0.00232776 0.157327 -1.32342 0.0135935 210.556 0.00069486 1 0.0877464 -0.126827 0.05 7743.03
0 9259 3 phononTS 0.0019841 -0.325781 -1.90307 0.00721356 848.16 0.00034743 1 -0.0468384 -0.290673 0.05 7927.08
0 9259 4 phononL 0.00117076 -0.0468384 -0.290673 0.049999 7927.08 0.00069486 1 -0.037978 -0.298545 0.05 8158.94
0 9260 6 phononTS 0.000487275 -1.96749 -0.00704519 0.049999 5359.49 0.00034743 1 -0.0927884 -0.239701 0.05 6319.32
0 9263 3 phononL 0.00205904 0.996411 2.07902 -0.00349397 23401 0.00069486 1 0.0440994 -0.158793 0.05 27051.8
0 9269 18 phononTF 0.000916278 -1.45558 1.11081 0.0253855 26620 0.00034743 1 0.0768979 -0.225679 0.05 72414.3
0 9272 9 phononTS 0.000392816 -0.263454 0.0969255 0.049998 6595.15 0.00034743 1 -0.103583 -0.183359 0.05 81124.6
0 9272 2 phononTS 0.00239411 2.24893 -0.808561 -0.00719019 1264 0.00069486 1 0.0374725 -0.266684 0.05 31965.5
0 9272 22 phononL 0.000501942 0.0374725 -0.266684 0.049999 31965.5 0.00034743 1 0.0476206 -0.258277 0.05 32728.1
0 9276 3 phononTS 0.00120729 -1.37526 1.69594 0.0273358 13588.1 0.00069486 1 -0.104939 -0.256347 0.05 23927.2
0 9286 1 phononTF 0.004 -0.165779 -0.124111 0.00284269 0 0.00104229 1 -0.0337333 -0.101882 0.05 176.386
0 9286 13 phononTS 0.000476311 0.295279 0.0892685 0.049999 2063.48 0.00034743 1 0.0599307 -0.246233 0.05 9181.43
0 9286 3 phononL 0.000597222 -0.0337333 -0.101882 0.049999 176.386 0.00034743 1 -0.0709991 -0.252718 0.05 237.638
0 9296 3 phononTS 0.000718545 0.13846 0.0113909 0.049999 2462.1 0.00034743 1 0.0676407 -0.160246 0.05 2626.63
0 9298 4 phononTS 0.000885158 -0.140149 0.00758737 0.049999 9518.89 0.00069486 1 0.0668394 -0.18163 0.05 9874.16
0 9304 1 phononTF 0.004 0.704738 -1.51292 -0.0294572 0 0.00208458 1 -0.0403209 -0.241745 0.05 5176.4
0 9304 3 phononTS 0.000899379 -0.0403209 -0.241745 0.049998 5176.4 0.00034743 1 -0.0783811 -0.281761 0.05 5258.45
0 9306 5 phononTF 0.000637266 -1.99589 0.82436 -0.0292161 20750.3 0.00034743 1 -0.06897 -0.219273 0.05 45887.6
0 9311 27 phononTS 0.000469086 -0.3905 0.0761698 0.049998 12227 0.00034743 1 -0.0604667 -0.24093 0.05 29985.4
0 9324 3 phononTS 0.00142071 0.105784 -0.549633 0.0144707 16587.3 0.00069486 1 0.115426 -0.196283 0.05 17088.4
0 9335 8 phononTS 0.000413263 -2.42816 0.103867 0.049999 2.71455 0.00034743 1 -0.0250576 -0.195812 0.05 134186
0 9336 3 phononTS 0.00158417 -0.554234 -1.4826 0.00507731 5645.93 0.00104229 1 -0.0573033 -0.165756 0.05 51326.9
0 9339 12 phononTF 0.000629644 -1.97829 0.105974 0.049999 24839.7 0.00034743 1 -0.0776695 -0.211177 0.05 45424.3
0 9340 2 phononTS 0.00147826 -0.924293 1.55862 -0.044559 7453.61 0.00069486 1 0.0891516 -0.17578 0.05 31853.6
0 9342 2 phononTS 0.00163891 -1.56386 0.00762254 0.049999 2447.35 0.00069486 1 0.115284 -0.193322 0.05 3065.9
0 9346 10 phononTF 0.000365496 -0.466458 0.0317829 0.049999 6350.84 0.00034743 1 -0.100937 -0.24268 0.05 10011.3
0 9351 3 phononTF 0.00320068 1.3702 -1.13731 0.0433466 8607.3 0.00104229 1 -0.0648183 -0.118939 0.05 22063.6
0 9351 4 phononTS 0.000352839 -0.0648183 -0.118939 0.049999 22063.6 0.00034743 1 0.0170303 -0.154596 0.05 22433.8
0 9352 2 phononTS 0.00240161 -0.02636 -1.09737 -0.0206306 9001.93 0.00104229 1 0.0410829 -0.22109 0.05 9535.97
0 9369 17 phononTF 0.000782979 2.05804 0.104978 0.049999 13499.6 0.00034743 1 -0.112183 -0.223103 0.05 41385.7
0 9372 1 phononTS 0.004 0.213163 -0.411986 -0.0324536 0 0.00173715 1 0.0967081 -0.251019 0.05 218.774
0 9375 24 phononTS 0.00104017 -0.475592 0.0271692 0.049999 6673.22 0.00069486 1 -0.0593137 -0.227947 0.05 10623.6
0 9401 1 phononL 0.004 0.17799 -0.36519 -0.0245066 0 0.00138972 1 0.066505 -0.276624 0.05 283.769
0 9406 1 phononTS 0.004 -2.12559 -2.31832 -0.0284205 0 0.00138972 1 -0.0730549 -0.23384 0.05 25965.2
0 9406 6 phononTS 0.000355789 -0.0730549 -0.23384 0.049999 25965.2 0.00034743 1 -0.111888 -0.229695 0.05 26031.5
0 9406 5 phononTF 0.000730423 -0.0730549 -0.23384 0.049999 25965.2 0.00034743 1 -0.0388331 -0.160189 0.05 26091.1
0 9406 3 phononL 0.00055904 -0.0730549 -0.23384 0.049999 25965.2 0.00034743 1 -0.0403356 -0.23753 0.05 26497.9
0 9421 2 phononTF 0.00169818 0.616739 2.41876 0.00870537 1172.95 0.00069486 1 -0.0608335 -0.272652 0.05 6941.58
0 9440 14 phononTS 0.00097083 -0.28218 -2.15919 0.0455758 8947.77 0.00034743 1 0.0583323 -0.190182 0.05 15870
0 9442 8 phononL 0.000460953 -0.173763 0.0362706 0.049999 1502.41 0.00034743 1 -0.00441413 -0.199736 0.05 1608.07
0 9455 25 phononTS 0.000358153 -0.42464 0.0433871 0.049999 44375.9 0.00034743 1 0.0876594 -0.159687 0.05 74886.2
0 9457 3 phononTF 0.00230408 -1.27958 -0.518095 0.0198257 9828.25 0.00104229 1 -0.044292 -0.234574 0.05 17287.5
0 9457 9 phononL 0.000858589 -0.044292 -0.234574 0.049999 17287.5 0.00034743 1 0.0990714 -0.180563 0.05 24038.5
0 9457 2 phononTF 0.00169592 -1.27958 -0.518095 0.0198257 9828.25 0.00104229 1 0.0401883 -0.211876 0.05 30672
0 9464 4 phononL 0.00116429 -0.00375517 0.0824217 0.049999 46863.1 0.00069486 1 0.063381 -0.170341 0.05 65853.5
0 9471 2 phononTS 0.00245754 -0.493115 0.0617606 0.049999 4713.17 0.00138972 1 0.0595922 -0.150655 0.05 5198.44
0 9480 23 phononTF 0.00130865 -0.573935 0.0398976 0.049998 42944.2 0.00034743 1 -0.0673309 -0.2235 0.05 43433
0 9488 2 phononTS 0.00135949 2.02855 -0.992513 -0.033192 1489.17 0.00069486 1 -0.0738153 -0.148558 0.05 21100.3
0 9505 1 phononTF 0.004 0.0688401 -0.659294 0.0182692 0 0.00208458 1 -0.0214385 -0.266472 0.05 618.145
0 9533 3 phononTF 0.00272398 0.315943 0.292389 0.0397065 2030.99 0.00138972 1 -0.0119472 -0.21304 0.05 3297.98
0 9535 3 phononTF 0.00155364 -1.41754 -1.57671 0.0366421 10708.9 0.00104229 1 -0.103363 -0.168611 0.05 34600.6
0 9537 4 phononTF 0.00142984 -1.17034 -0.623276 0.0177958 19061.1 0.00069486 1 0.0558207 -0.245067 0.05 34972.1
0 9538 4 phononTS 0.00120104 0.824212 -1.74969 0.0100289 13686 0.00069486 1 0.0704124 -0.247371 0.05 33144.5
0 9548 2 phononL 0.00215715 0.991848 -1.77959 0.0155321 20578.5 0.00069486 1 0.0516066 -0.24746 0.05 39352.3
0 9548 23 phononTS 0.000810948 0.0516066 -0.24746 0.049999 39352.3 0.00069486 1 -0.0200718 -0.229382 0.05 39427.4
0 9573 22 phononTS 0.000941792 0.222669 -0.00889096 0.049999 20176.4 0.00034743 1 -0.0146932 -0.224791 0.05 21200.6
0 9573 30 phononTF 0.000501147 -0.0146932 -0.224791 0.049999 21200.6 0.00034743 1 0.0465874 -0.265012 0.05 21441.3
0 9574 2 phononTF 0.00149078 -2.47013 -1.46872 0.0152181 1277.88 0.00069486 1 -0.114392 -0.206728 0.05 18288
0 9589 2 phononTF 0.00211486 -2.39053 0.617923 -0.0136682 1971.18 0.00069486 1 0.0752026 -0.139767 0.05 33389.2
0 9589 20 phononTF 0.000562861 0.0752026 -0.139767 0.049999 33389.2 0.00034743 1 -0.0267608 -0.113233 0.05 33455.6
0 9608 2 phononTS 0.00181166 -0.12445 1.84491 0.0218904 7701.02 0.00104229 1 -0.0481399 -0.223431 0.05 19400.2
0 9618 6 phononTS 0.00137883 -0.987095 -0.00881189 0.049999 2876.35 0.00069486 1 -0.0615369 -0.252106 0.05 4685.18
0 9633 1 phononTS 0.004 0.108473 -1.90464 -0.0127684 0 0.00173715 1 0.102603 -0.164536 0.05 5600.41
0 9649 3 phononL 0.00221906 0.34335 -1.33555 -0.0288636 18770.1 0.00069486 1 0.0286762 -0.261596 0.05 52579
0 9671 6 phononTS 0.000481586 1.87271 0.0647849 0.049999 3151.63 0.00034743 1 -0.0413031 -0.207447 0.05 24055.4
0 9673 2 phononTF 0.00216862 0.135512 1.55555 -0.00260717 5094.21 0.00069486 1 -0.0395834 -0.302537 0.05 14820.8
0 9677 3 phononTF 0.00237377 0.105799 -2.04864 -0.00568275 4925.6 0.00138972 1 0.0570771 -0.149367 0.05 7340.97
0 9677 2 phononTF 0.00162623 0.105799 -2.04864 -0.00568275 4925.6 0.00104229 1 -0.0753937 -0.229401 0.05 36328.5
0 9678 1 phononL 0.004 0.0858687 -0.134595 -0.031233 0 0.00138972 1 -0.0402109 -0.154519 0.05 28.8404
0 9678 2 phononTF 0.00138958 -0.0402109 -0.154519 0.049999 28.8404 0.00069486 1 0.0294221 -0.0978173 0.05 198.422
0 9682 3 phononTF 0.00165206 -1.88924 2.05943 0.0123558 6248.81 0.00034743 1 0.0481151 -0.131074 0.05 13287.8
0 9689 3 phononTF 0.00184189 2.15182 -2.49273 -0.014155 2441.81 0.00069486 1 0.0945913 -0.236182 0.05 64301.6
0 9698 2 phononTS 0.00152077 -2.43997 1.94947 0.00474896 4755.88 0.00069486 1 -0.0459493 -0.178663 0.05 12747.2
0 9698 18 phononTF 0.000678856 -0.0459493 -0.178663 0.049999 12747.2 0.00034743 1 0.0213314 -0.190963 0.05 12912.7
0 9715 3 phononTF 0.00251778 -0.947317 -1.46126 -0.0209589 11502.9 0.00138972 1 0.0658649 -0.256705 0.05 13347.9
0 9722 19 phononTF 0.00062723 0.918351 0.0840597 0.049999 2840.5 0.00034743 1 -0.117537 -0.184115 0.05 19718
0 9724 18 phononTF 0.000527519 -0.483908 0.0916292 0.049999 3641.8 0.00034743 1 0.100037 -0.25482 0.05 9121.58
0 9738 5 phononTS 0.000990295 -1.22975 -1.8338 0.0296032 9847.71 0.00034743 1 0.0421792 -0.181031 0.05 13223.6
0 9749 4 phononL 0.00156826 -1.03172 -1.56543 0.0292257 9654.65 0.00104229 1 -0.116318 -0.220825 0.05 22654.4
0 9766 16 phononTF 0.000938398 -2.47912 0.059598 0.049999 48068.1 0.00034743 1 0.0591833 -0.163959 0.05 107666
0 9802 3 phononTF 0.00149493 0.383621 1.65337 -0.0218143 12656.9 0.00069486 1 -0.0785097 -0.263938 0.05 34725.7
0 9824 2 phononTS 0.00233864 -0.353211 2.34032 0.00896289 8311.08 0.00138972 1 0.0962632 -0.183937 0.05 11807.8
0 9848 2 phononTF 0.00183722 -1.15113 1.87585 0.0175862 11386.4 0.00069486 1 -0.107492 -0.21397 0.05 14032.4
0 9860 1 phononL 0.004 -0.277421 -0.538756 0.0345361 0 0.00173715 1 -0.0930028 -0.20291 0.05 753.112
0 9907 2 phononTS 0.00147853 1.29658 -1.1713 -0.0221622 9363 0.00069486 1 -0.0544545 -0.223043 0.05 19896
0 9909 3 phononL 0.00235359 -0.900605 -0.657756 0.0319808 3475.89 0.00138972 1 -0.0591121 -0.270986 0.05 3856.12
0 9910 3 phononTS 0.00200868 2.13647 0.761367 -0.0403267 3159.19 0.00104229 1 -0.103929 -0.168483 0.05 13218.9
0 9924 3 phononL 0.00137348 -1.08602 -2.12118 0.0305723 2138.85 0.00034743 1 -0.0311225 -0.215629 0.05 8545.43
0 9924 6 phononTF 0.000887021 -0.0311225 -0.215629 0.049999 8545.43 0.00034743 1 0.0192316 -0.211699 0.05 8629.99
0 9936 7 phononTF 0.000462931 -0.0777841 0.0972369 0.049999 5692.49 0.00034743 1 -0.0452067 -0.159253 0.05 54044.6
0 9939 3 phononTF 0.00169808 -0.909781 2.19232 0.0111562 10932.1 0.00104229 1 0.0903957 -0.247737 0.05 16991.5
0 9950 3 phononTS 0.00189857 0.591799 0.912575 0.0324092 12063.5 0.00069486 1 0.0315744 -0.250601 0.05 29986.9
0 9950 4 phononTS 0.000704475 0.0315744 -0.250601 0.049999 29986.9 0.00034743 1 0.0124636 -0.213573 0.05 30050.6
0 9951 26 phononTS 0.000384466 1.01164 0.0413152 0.049999 10071.2 0.00034743 1 0.0395796 -0.27534 0.05 10642.4
0 9965 2 phononTS 0.00263458 -1.43976 -0.982017 0.0324309 1531.96 0.00104229 1 -0.0291918 -0.180298 0.05 7173.3
0 9987 16 phononTF 0.00104144 -1.69977 0.295018 0.0463312 6814.41 0.00069486 1 -0.0501854 -0.117414 0.05 17478
0 9989 2 phononTS 0.00281255 -0.12491 -1.00581 -0.0294775 2198.04 0.00034743 1 -0.0851801 -0.149165 0.05 19250.6
0 9994 2 phononTS 0.000492198 1.33634 -0.75902 -0.0392459 905.85 0.00034743 1 0.0580069 -0.206329 0.05 19638.2
0 9999 12 phononTF 0.000358827 0.192015 0.102396 0.049999 1227.31 0.00034743 1 -0.0643479 -0.230103 0.05 1531.96
