Run ID,Event ID,Particle Name,Start Energy [eV],Start X [mm],Start Y [mm],Start Z [mm],Start Time [ns]
0 0 phononL 0.004 -1.11407 0.35502 0.0396758 0
0 1 phononL 0.004 0.501506 -1.45882 -0.0389293 0
0 2 phononL 0.004 1.13339 0.935134 -0.0369877 0
0 3 phononL 0.004 0.374111 1.16456 -0.0388137 0
0 4 phononL 0.004 -0.519883 -0.0582988 -0.0376907 0
0 5 phononL 0.004 0.361151 1.29046 -0.0331301 0
0 6 phononL 0.004 0.9125 0.372718 -0.0317338 0
0 7 phononL 0.004 -0.29009 -1.29915 0.00924658 0
0 8 phononL 0.004 -0.832601 0.565981 0.0386914 0
0 9 phononL 0.004 0.0289518 0.248718 -0.0394669 0
0 10 phononL 0.004 -0.411258 -0.740818 -0.0111164 0
0 11 phononL 0.004 -0.668678 0.638093 0.0126557 0
0 12 phononL 0.004 -0.368606 -1.41095 0.0207462 0
0 13 phononL 0.004 -1.05705 -1.38609 -0.00453591 0
0 14 phononL 0.004 -1.32223 -1.04089 0.0316169 0
0 15 phononL 0.004 0.733155 0.284984 0.0157757 0
0 16 phononL 0.004 0.738232 -1.0641 -0.0153518 0
0 17 phononL 0.004 -0.342243 -1.34237 -0.034751 0
0 18 phononL 0.004 0.522654 -1.45481 0.0119534 0
0 19 phononL 0.004 -0.752516 1.37766 -0.037175 0
0 20 phononL 0.004 1.46938 0.350412 0.012388 0
0 21 phononL 0.004 -0.626672 -0.686655 0.0362305 0
0 22 phononL 0.004 -0.951937 -0.518946 -0.0161313 0
0 23 phononL 0.004 -0.50007 -0.824636 -0.0210955 0
0 24 phononL 0.004 -1.28386 -0.927759 -0.00862955 0
0 25 phononL 0.004 0.886802 0.288515 0.0192509 0
0 26 phononL 0.004 -1.13915 1.18484 -0.0101569 0
0 27 phononL 0.004 1.26445 0.404439 0.00697552 0
0 28 phononL 0.004 -1.28843 0.701839 0.00935566 0
0 29 phononL 0.004 0.235899 0.693083 -0.0378006 0
0 30 phononL 0.004 1.08925 1.17136 -0.00747058 0
0 31 phononL 0.004 -0.896691 0.71963 0.0229938 0
0 32 phononL 0.004 -0.785379 0.2232 0.0113041 0
0 33 phononL 0.004 -0.783335 -1.13052 0.00437815 0
0 34 phononL 0.004 -0.4361 0.0838975 0.000861428 0
0 35 phononL 0.004 0.336491 -0.280739 0.0156925 0
0 36 phononL 0.004 0.126517 -0.663745 0.0192521 0
0 37 phononL 0.004 0.283153 0.804341 0.0268522 0
0 38 phononL 0.004 1.41917 0.601075 -0.0237208 0
0 39 phononL 0.004 0.853987 0.722861 -0.0140942 0
0 40 phononL 0.004 -0.725084 0.641214 0.0208198 0
0 41 phononL 0.004 0.0578315 -0.17295 -0.0328146 0
0 42 phononL 0.004 0.00989785 0.611102 -0.0264869 0
0 43 phononL 0.004 0.694712 0.0193555 0.0369787 0
0 44 phononL 0.004 -0.357773 -0.436967 0.0323786 0
0 45 phononL 0.004 -0.551148 0.759831 0.0341676 0
0 46 phononL 0.004 0.384793 -0.100322 0.0249305 0
0 47 phononL 0.004 1.08919 -0.639029 -0.0376636 0
0 48 phononL 0.004 -0.415451 -1.0028 0.00103395 0
0 49 phononL 0.004 -1.11349 1.1469 0.0153601 0
0 50 phononL 0.004 0.391619 1.29244 0.00782674 0
0 51 phononL 0.004 0.240397 0.987298 0.0145706 0
0 52 phononL 0.004 1.07609 -1.47667 -0.00180823 0
0 53 phononL 0.004 1.47732 -0.892608 0.0065597 0
0 54 phononL 0.004 0.734678 0.746228 0.0309685 0
0 55 phononL 0.004 -0.539677 -0.0631834 -0.011614 0
0 56 phononL 0.004 -1.10402 0.926384 -0.0188427 0
0 57 phononL 0.004 -0.0135507 -0.938639 0.00587396 0
0 58 phononL 0.004 0.501564 0.458618 -0.0356586 0
0 59 phononL 0.004 -1.09753 -0.40187 -0.0137573 0
0 60 phononL 0.004 -1.40342 -0.862318 0.0351676 0
0 61 phononL 0.004 -0.120332 1.43426 -0.0305906 0
0 62 phononL 0.004 1.03107 -1.45831 0.0128812 0
0 63 phononL 0.004 -1.24113 -0.91834 -0.0379995 0
0 64 phononL 0.004 -0.0895048 1.50529 0.0242255 0
0 65 phononL 0.004 -0.0631818 -1.22324 -0.0186487 0
0 66 phononL 0.004 0.0610161 -0.736639 -0.0356544 0
0 67 phononL 0.004 1.0546 0.681451 0.0265603 0
0 68 phononL 0.004 0.403477 -0.383139 0.00920473 0
0 69 phononL 0.004 0.827445 -0.425027 0.0101244 0
0 70 phononL 0.004 -1.04364 -0.911915 -0.0165768 0
0 71 phononL 0.004 0.525855 -1.20387 -0.0113393 0
0 72 phononL 0.004 -0.249242 -1.46514 0.0172878 0
0 73 phononL 0.004 0.719098 -1.40964 0.00856088 0
0 74 phononL 0.004 -0.113854 -0.758995 -0.0157117 0
0 75 phononL 0.004 0.293723 0.421607 0.0340422 0
0 76 phononL 0.004 0.981003 -1.11543 0.00361729 0
0 77 phononL 0.004 -0.471767 -1.26805 0.0240941 0
0 78 phononL 0.004 -1.00318 -0.0272438 0.0113867 0
0 79 phononL 0.004 -0.577936 -0.359805 0.0345824 0
0 80 phononL 0.004 -1.42843 -0.852928 0.0159766 0
0 81 phononL 0.004 0.101368 0.945079 -0.00768164 0
0 82 phononL 0.004 0.105003 -0.122116 0.0282697 0
0 83 phononL 0.004 0.0694359 -0.306384 -0.0202802 0
0 84 phononL 0.004 -1.01388 1.09594 -0.0179407 0
0 85 phononL 0.004 0.919845 -0.641641 0.00951618 0
0 86 phononL 0.004 1.15156 1.37422 0.0143964 0
0 87 phononL 0.004 1.3394 -0.391793 0.0311911 0
0 88 phononL 0.004 -0.283979 1.23011 -0.030299 0
0 89 phononL 0.004 -0.373243 0.989832 0.00551439 0
0 90 phononL 0.004 0.343417 -0.438888 -0.0206307 0
0 91 phononL 0.004 1.11628 0.153168 -0.0226567 0
0 92 phononL 0.004 0.127908 1.27015 -0.00614541 0
0 93 phononL 0.004 0.344332 -1.27391 -0.0267575 0
0 94 phononL 0.004 -0.0264396 1.24335 -0.0144901 0
0 95 phononL 0.004 1.16365 -0.488202 -0.0279639 0
0 96 phononL 0.004 1.16067 -1.03233 -0.0289865 0
0 97 phononL 0.004 1.08982 -0.568644 0.0340883 0
0 98 phononL 0.004 0.35512 -0.972192 0.0331816 0
0 99 phononL 0.004 -0.203391 1.29359 -0.00557985 0
0 100 phononL 0.004 0.921586 -1.09765 0.0346372 0
0 101 phononL 0.004 0.689285 0.0526864 0.015997 0
0 102 phononL 0.004 0.0417498 -0.650842 0.0154843 0
0 103 phononL 0.004 0.649871 0.242103 0.0389659 0
0 104 phononL 0.004 0.724994 0.780566 -0.036285 0
0 105 phononL 0.004 -0.019289 -0.53299 -0.0360666 0
0 106 phononL 0.004 -1.19677 1.19686 0.00804928 0
0 107 phononL 0.004 -0.630211 0.694124 0.0204042 0
0 108 phononL 0.004 1.25122 -0.444017 -0.0355946 0
0 109 phononL 0.004 0.377778 -1.12049 -0.00850078 0
0 110 phononL 0.004 -0.87317 1.16188 -0.0354054 0
0 111 phononL 0.004 0.923226 0.722181 -0.00574858 0
0 112 phononL 0.004 -0.439091 1.20117 0.038607 0
0 113 phononL 0.004 0.465922 -0.798698 0.00250279 0
0 114 phononL 0.004 -0.578241 -0.463717 0.00891532 0
0 115 phononL 0.004 0.397545 -0.15785 -0.0283046 0
0 116 phononL 0.004 0.431603 -0.295691 0.0304296 0
0 117 phononL 0.004 -0.671706 -0.872484 -0.0170835 0
0 118 phononL 0.004 -1.00216 -0.095276 -0.0379166 0
0 119 phononL 0.004 -0.21011 -0.0764927 -0.0126447 0
0 120 phononL 0.004 -1.25642 1.49911 -0.0116168 0
0 121 phononL 0.004 0.0446079 -0.998048 -0.0344113 0
0 122 phononL 0.004 0.479891 0.93953 -0.0284612 0
0 123 phononL 0.004 0.742491 0.345627 -0.0357597 0
0 124 phononL 0.004 0.945722 -0.328514 0.0326084 0
0 125 phononL 0.004 0.97306 1.49594 0.0192597 0
0 126 phononL 0.004 -0.171064 1.46059 0.0166835 0
0 127 phononL 0.004 -0.977772 -1.43777 -0.000928967 0
0 128 phononL 0.004 -1.21712 -1.00506 -0.0217947 0
0 129 phononL 0.004 1.30547 -1.21643 -0.0381306 0
0 130 phononL 0.004 1.11427 0.383477 -0.0276952 0
0 131 phononL 0.004 0.847875 1.30504 -0.0312771 0
0 132 phononL 0.004 -0.0711316 -0.51559 -0.0365261 0
0 133 phononL 0.004 -1.43799 -0.649083 0.0274241 0
0 134 phononL 0.004 0.840333 -0.16711 0.0149943 0
0 135 phononL 0.004 0.759259 -0.107411 0.0269824 0
0 136 phononL 0.004 0.580178 -0.663512 -0.0145645 0
0 137 phononL 0.004 -1.03533 -1.29533 0.0390321 0
0 138 phononL 0.004 0.78673 -1.2907 -0.0235535 0
0 139 phononL 0.004 0.961968 0.364307 -0.027798 0
0 140 phononL 0.004 -0.196934 -1.4225 -0.0352902 0
0 141 phononL 0.004 1.35062 0.215864 -0.0109273 0
0 142 phononL 0.004 0.779777 -1.3961 -0.0248939 0
0 143 phononL 0.004 0.170851 -1.43649 0.0251964 0
0 144 phononL 0.004 -0.987051 0.411294 -0.031325 0
0 145 phononL 0.004 -0.437346 0.836897 0.0266527 0
0 146 phononL 0.004 0.810867 0.582658 0.0337163 0
0 147 phononL 0.004 1.16492 -0.904417 0.00593454 0
0 148 phononL 0.004 1.39472 1.29134 -0.0241238 0
0 149 phononL 0.004 -0.727113 -0.0184871 0.0112384 0
0 150 phononL 0.004 -0.876662 0.554527 0.0121439 0
0 151 phononL 0.004 0.275665 -1.22782 -0.0116177 0
0 152 phononL 0.004 -0.549596 0.829811 -0.0357284 0
0 153 phononL 0.004 0.828191 -1.28456 -0.0142456 0
0 154 phononL 0.004 0.243556 0.971104 -0.0335477 0
0 155 phononL 0.004 1.35493 -0.873668 0.0377021 0
0 156 phononL 0.004 0.996484 0.596949 0.0243587 0
0 157 phononL 0.004 0.828793 -1.09123 0.0200316 0
0 158 phononL 0.004 1.26141 -1.4144 -0.0103611 0
0 159 phononL 0.004 1.33233 1.31787 -0.0141518 0
0 160 phononL 0.004 -0.501182 -0.689346 0.0139783 0
0 161 phononL 0.004 0.427718 0.393892 -0.0274296 0
0 162 phononL 0.004 0.186473 1.30624 0.0273844 0
0 163 phononL 0.004 0.423559 -1.381 -0.0093056 0
0 164 phononL 0.004 -0.746072 0.0156771 -0.0227591 0
0 165 phononL 0.004 1.31446 1.33414 0.0376098 0
0 166 phononL 0.004 -0.811547 0.113125 0.0124494 0
0 167 phononL 0.004 0.0958969 -1.23855 0.0201651 0
0 168 phononL 0.004 1.09716 -0.853381 -0.0199877 0
0 169 phononL 0.004 0.995735 -0.468334 0.0346398 0
0 170 phononL 0.004 -0.439041 -0.436467 0.0199819 0
0 171 phononL 0.004 -0.533788 0.876222 -0.0371974 0
0 172 phononL 0.004 -0.578054 -0.575541 0.0262038 0
0 173 phononL 0.004 -0.492162 -1.10176 -0.0209859 0
0 174 phononL 0.004 0.638526 -0.753741 0.0135678 0
0 175 phononL 0.004 0.739829 0.825101 0.00401287 0
0 176 phononL 0.004 0.242488 -0.096213 -0.0236344 0
0 177 phononL 0.004 -0.233179 -0.213637 0.0275429 0
0 178 phononL 0.004 1.25132 0.270384 -0.00158092 0
0 179 phononL 0.004 0.206272 0.824456 -0.00288789 0
0 180 phononL 0.004 -1.19146 0.122622 0.0141532 0
0 181 phononL 0.004 -0.019267 -0.766317 0.000496896 0
0 182 phononL 0.004 1.37604 -0.613353 0.0377135 0
0 183 phononL 0.004 0.078842 0.542678 0.0264785 0
0 184 phononL 0.004 -0.35303 -0.472226 -0.0214636 0
0 185 phononL 0.004 -0.341896 1.22832 0.0123829 0
0 186 phononL 0.004 -0.376458 0.597892 -0.0378811 0
0 187 phononL 0.004 0.638219 0.993872 -0.0343299 0
0 188 phononL 0.004 -1.28007 0.842694 0.0368051 0
0 189 phononL 0.004 -0.737919 0.0485656 -0.0325087 0
0 190 phononL 0.004 -0.43762 -1.41217 -0.0175664 0
0 191 phononL 0.004 -0.935028 0.172072 -0.0191772 0
0 192 phononL 0.004 1.09725 -0.123249 0.0079192 0
0 193 phononL 0.004 -0.26694 -1.16957 0.0136821 0
0 194 phononL 0.004 1.00399 1.33754 -0.010548 0
0 195 phononL 0.004 -0.646835 1.05163 0.000424023 0
0 196 phononL 0.004 1.13599 0.201647 0.0258415 0
0 197 phononL 0.004 -0.572322 1.21556 -0.00668522 0
0 198 phononL 0.004 0.458211 0.485655 -0.00670444 0
0 199 phononL 0.004 1.46651 1.02139 0.00788836 0
0 200 phononL 0.004 0.50455 0.508386 0.029437 0
0 201 phononL 0.004 -0.832134 0.236304 -0.0359764 0
0 202 phononL 0.004 -0.549857 -0.87262 0.0297196 0
0 203 phononL 0.004 1.1401 0.77198 -0.0327845 0
0 204 phononL 0.004 1.18123 0.861512 0.038491 0
0 205 phononL 0.004 -1.05995 -0.472232 -0.0188094 0
0 206 phononL 0.004 1.2609 -0.222055 0.0335854 0
0 207 phononL 0.004 -0.432711 -1.08682 -0.013978 0
0 208 phononL 0.004 0.267374 1.25831 0.0361557 0
0 209 phononL 0.004 0.254752 -1.05989 -0.0199266 0
0 210 phononL 0.004 1.07804 -0.34418 -0.0208579 0
0 211 phononL 0.004 0.788866 0.741079 -0.0076467 0
0 212 phononL 0.004 0.52652 -0.362494 0.0111567 0
0 213 phononL 0.004 -1.10038 -1.42987 0.0160907 0
0 214 phononL 0.004 -1.10639 -0.961759 -0.0118267 0
0 215 phononL 0.004 0.216144 -1.32494 0.000150035 0
0 216 phononL 0.004 0.0818816 -0.122188 -0.0206629 0
0 217 phononL 0.004 -1.00202 -0.84375 0.0246012 0
0 218 phononL 0.004 0.619317 0.453666 -0.0126629 0
0 219 phononL 0.004 0.0807182 0.129362 -0.0194485 0
0 220 phononL 0.004 1.08222 -1.12555 0.0301689 0
0 221 phononL 0.004 1.48488 0.244131 -0.0357342 0
0 222 phononL 0.004 0.300812 -1.2638 0.00634898 0
0 223 phononL 0.004 0.41164 0.884345 0.0205781 0
0 224 phononL 0.004 0.811688 0.796969 -0.0124397 0
0 225 phononL 0.004 -1.23142 -1.0066 -0.0328208 0
0 226 phononL 0.004 0.753828 0.822279 0.0264574 0
0 227 phononL 0.004 1.05144 -0.502789 0.0105965 0
0 228 phononL 0.004 -0.136616 1.39356 -0.00874426 0
0 229 phononL 0.004 -0.266504 0.915349 -0.0142849 0
0 230 phononL 0.004 1.39298 -1.27659 0.00205002 0
0 231 phononL 0.004 -1.36322 0.49645 0.00634418 0
0 232 phononL 0.004 -1.48859 0.377614 0.0310949 0
0 233 phononL 0.004 -0.649558 -1.39682 0.0144947 0
0 234 phononL 0.004 -1.39854 0.899881 -0.0136596 0
0 235 phononL 0.004 0.947458 -0.846355 0.0160885 0
0 236 phononL 0.004 1.24119 -0.180615 0.0343901 0
0 237 phononL 0.004 -1.35664 -1.47357 -0.0310925 0
0 238 phononL 0.004 0.167834 0.455126 -0.00481376 0
0 239 phononL 0.004 -0.779312 -0.620995 0.0165488 0
0 240 phononL 0.004 -0.990654 0.673991 -0.00792537 0
0 241 phononL 0.004 1.24175 0.117328 -0.0100454 0
0 242 phononL 0.004 0.327806 -1.00225 0.00358979 0
0 243 phononL 0.004 -1.3539 -0.732477 0.0237685 0
0 244 phononL 0.004 0.574565 -0.82753 -0.0117204 0
0 245 phononL 0.004 -1.38635 0.778625 0.00793523 0
0 246 phononL 0.004 0.494882 0.400838 -0.037779 0
0 247 phononL 0.004 -0.684334 -0.118757 -0.0231176 0
0 248 phononL 0.004 1.22124 0.0692135 -0.0170039 0
0 249 phononL 0.004 0.413792 -0.789063 0.0147566 0
0 250 phononL 0.004 -1.30223 -0.0449758 -0.0237149 0
0 251 phononL 0.004 1.16539 -0.968863 0.0286859 0
0 252 phononL 0.004 1.2177 0.0408054 0.0366457 0
0 253 phononL 0.004 0.365996 -0.647046 -0.0277686 0
0 254 phononL 0.004 0.353577 -0.715797 -0.0211689 0
0 255 phononL 0.004 0.770576 -1.32331 0.034885 0
0 256 phononL 0.004 0.662275 1.13966 0.0323348 0
0 257 phononL 0.004 -0.814128 -0.451172 -0.000961248 0
0 258 phononL 0.004 0.341897 -0.629414 0.0108751 0
0 259 phononL 0.004 0.305503 0.383867 -0.0349997 0
0 260 phononL 0.004 -0.618284 -0.27151 0.0150537 0
0 261 phononL 0.004 0.442221 -0.677357 -0.0273865 0
0 262 phononL 0.004 0.845213 0.495757 -0.0219749 0
0 263 phononL 0.004 -0.757921 -0.774565 -0.019032 0
0 264 phononL 0.004 0.633826 1.28885 0.0267572 0
0 265 phononL 0.004 1.3295 0.531012 -0.0355845 0
0 266 phononL 0.004 0.600323 -1.30227 -0.00314419 0
0 267 phononL 0.004 -0.319975 -0.0659813 0.00690018 0
0 268 phononL 0.004 1.01996 -0.476861 -0.0377157 0
0 269 phononL 0.004 -0.921785 -0.503086 0.0315257 0
0 270 phononL 0.004 -0.102473 -1.31351 -0.0393811 0
0 271 phononL 0.004 -0.901622 -0.466817 -0.00751473 0
0 272 phononL 0.004 -0.686469 0.882171 0.0290905 0
0 273 phononL 0.004 0.906762 -1.42942 -0.0337492 0
0 274 phononL 0.004 0.0714257 -0.939478 -0.0389614 0
0 275 phononL 0.004 0.0474511 0.00602133 -0.0395517 0
0 276 phononL 0.004 -0.81213 -0.574226 -0.00112211 0
0 277 phononL 0.004 1.46779 -0.393383 -0.0318423 0
0 278 phononL 0.004 -0.268005 -0.958739 -0.0030729 0
0 279 phononL 0.004 0.647292 0.543066 0.0363802 0
0 280 phononL 0.004 -0.317542 0.730245 -0.0136991 0
0 281 phononL 0.004 -0.452024 1.04397 -0.00210661 0
0 282 phononL 0.004 1.34921 0.303844 0.0028875 0
0 283 phononL 0.004 -0.969903 -0.0382684 0.015066 0
0 284 phononL 0.004 -0.380183 0.718284 -0.0335195 0
0 285 phononL 0.004 1.41555 -1.33189 -0.0384211 0
0 286 phononL 0.004 0.302444 0.213946 0.0332686 0
0 287 phononL 0.004 -1.09322 -1.2662 0.0044695 0
0 288 phononL 0.004 0.650636 0.499581 -0.0351362 0
0 289 phononL 0.004 0.461872 -1.03745 -0.014941 0
0 290 phononL 0.004 -0.112232 -1.41461 -0.00713994 0
0 291 phononL 0.004 -1.15794 -0.624905 0.0325622 0
0 292 phononL 0.004 -1.17455 1.50364 0.0213663 0
0 293 phononL 0.004 -1.33405 0.258051 -0.0291677 0
0 294 phononL 0.004 -0.1603 0.185812 0.0249995 0
0 295 phononL 0.004 -0.143642 0.55737 0.0196691 0
0 296 phononL 0.004 -1.41353 0.514871 -0.0110589 0
0 297 phononL 0.004 0.687567 0.151989 -0.00382164 0
0 298 phononL 0.004 0.66162 1.02378 -0.03845 0
0 299 phononL 0.004 0.514786 -0.350136 -0.0282475 0
0 300 phononL 0.004 -0.313328 0.678111 -0.0023828 0
0 301 phononL 0.004 1.22106 -1.04944 -0.0268405 0
0 302 phononL 0.004 -0.841276 -0.617216 0.030471 0
0 303 phononL 0.004 0.37446 -1.04873 -0.0270653 0
0 304 phononL 0.004 -0.540473 0.693161 -0.0095323 0
0 305 phononL 0.004 -0.325677 0.00267424 0.0350278 0
0 306 phononL 0.004 -1.39983 -0.0201395 0.0237221 0
0 307 phononL 0.004 1.10107 0.623565 0.00603127 0
0 308 phononL 0.004 1.46068 0.188763 0.0387207 0
0 309 phononL 0.004 1.21235 0.624467 -0.000388778 0
0 310 phononL 0.004 -0.77604 0.317623 0.0208808 0
0 311 phononL 0.004 -1.45145 -0.248085 0.0254422 0
0 312 phononL 0.004 0.713105 -0.641032 -0.0150142 0
0 313 phononL 0.004 1.37645 -1.47359 0.0164071 0
0 314 phononL 0.004 -0.0286052 0.593883 0.00670442 0
0 315 phononL 0.004 0.650087 -1.32613 0.0340006 0
0 316 phononL 0.004 0.837485 0.181015 -0.0204468 0
0 317 phononL 0.004 0.767152 0.459039 0.0111102 0
0 318 phononL 0.004 -1.44568 -0.378909 -0.025443 0
0 319 phononL 0.004 -0.675083 0.472673 0.0158265 0
0 320 phononL 0.004 -1.45277 -0.815525 -0.00568679 0
0 321 phononL 0.004 -0.237016 0.337901 -0.0275028 0
0 322 phononL 0.004 -0.301412 -1.12624 0.0160589 0
0 323 phononL 0.004 -0.617319 -1.14452 -0.0172627 0
0 324 phononL 0.004 1.47902 -0.0369569 0.029532 0
0 325 phononL 0.004 -1.07317 0.495273 -0.0151002 0
0 326 phononL 0.004 0.614934 1.29601 -0.0378321 0
0 327 phononL 0.004 -0.624938 0.105886 -0.0168222 0
0 328 phononL 0.004 -0.861391 -1.49569 0.00493829 0
0 329 phononL 0.004 -1.096 1.14036 0.0287774 0
0 330 phononL 0.004 -1.36818 1.00531 0.027021 0
0 331 phononL 0.004 1.34472 1.00331 0.0257315 0
0 332 phononL 0.004 0.70846 -1.25067 -0.00923175 0
0 333 phononL 0.004 -1.48467 -0.0187518 0.0328176 0
0 334 phononL 0.004 0.915007 -1.33511 -0.00882904 0
0 335 phononL 0.004 -0.0295343 1.30465 0.000872767 0
0 336 phononL 0.004 -1.30056 -1.28467 -0.0361748 0
0 337 phononL 0.004 -1.10515 -0.761852 -0.0338832 0
0 338 phononL 0.004 -0.464375 -1.14328 -0.00872408 0
0 339 phononL 0.004 0.593149 0.104199 -0.0241909 0
0 340 phononL 0.004 1.40398 1.48469 -0.000184492 0
0 341 phononL 0.004 0.83634 0.822403 -0.0222002 0
0 342 phononL 0.004 1.30469 0.940333 -0.0382357 0
0 343 phononL 0.004 1.4385 1.43348 0.0163942 0
0 344 phononL 0.004 1.46065 0.251193 0.00257688 0
0 345 phononL 0.004 0.773005 0.436814 -0.0142304 0
0 346 phononL 0.004 -0.736285 1.10611 -0.011593 0
0 347 phononL 0.004 -0.990807 0.813975 0.0229404 0
0 348 phononL 0.004 -0.829591 0.810502 0.00742253 0
0 349 phononL 0.004 0.0149602 -0.454986 0.0130745 0
0 350 phononL 0.004 -0.548046 -0.291392 0.0185552 0
0 351 phononL 0.004 1.0209 0.494362 -0.0297234 0
0 352 phononL 0.004 0.0899111 1.49335 0.0196831 0
0 353 phononL 0.004 0.508831 -0.00980766 -0.0127468 0
0 354 phononL 0.004 -1.01576 -0.0228388 0.00482495 0
0 355 phononL 0.004 0.720083 0.499022 0.0141127 0
0 356 phononL 0.004 0.996169 0.756708 -0.0125261 0
0 357 phononL 0.004 -0.770272 -1.29195 0.0144198 0
0 358 phononL 0.004 0.473467 -1.45291 -0.0306336 0
0 359 phononL 0.004 -0.759853 0.874795 0.0093784 0
0 360 phononL 0.004 0.518749 -1.12809 0.0368107 0
0 361 phononL 0.004 0.87219 -0.115636 -0.0280867 0
0 362 phononL 0.004 0.338423 -0.32666 -0.0211358 0
0 363 phononL 0.004 -0.487358 0.174442 -0.016582 0
0 364 phononL 0.004 -1.505 1.21117 0.00400643 0
0 365 phononL 0.004 1.46838 -0.990674 -0.0270544 0
0 366 phononL 0.004 0.472001 0.932783 -0.000381778 0
0 367 phononL 0.004 0.385277 1.16931 -0.0317521 0
0 368 phononL 0.004 0.235145 -1.37782 0.000150521 0
0 369 phononL 0.004 -0.219806 -0.0456702 -0.0340533 0
0 370 phononL 0.004 0.300963 0.583014 -0.0246323 0
0 371 phononL 0.004 1.33793 0.746844 -0.00747535 0
0 372 phononL 0.004 0.474017 1.00623 0.0376296 0
0 373 phononL 0.004 1.42704 0.900741 0.0136378 0
0 374 phononL 0.004 0.437266 -0.4247 0.0208852 0
0 375 phononL 0.004 -1.46425 1.41823 0.032911 0
0 376 phononL 0.004 0.479365 0.500856 -0.0305612 0
0 377 phononL 0.004 0.206511 -0.3656 -0.0299245 0
0 378 phononL 0.004 -0.669404 -0.226379 -0.0266413 0
0 379 phononL 0.004 1.03177 0.157181 0.0267871 0
0 380 phononL 0.004 0.629896 0.665926 -0.02513 0
0 381 phononL 0.004 -1.07734 0.490318 -0.00169355 0
0 382 phononL 0.004 0.242937 -0.710352 0.00452978 0
0 383 phononL 0.004 -1.06581 -0.889087 0.00223952 0
0 384 phononL 0.004 -0.0186351 0.614741 -0.0340772 0
0 385 phononL 0.004 1.06598 1.17288 0.000659318 0
0 386 phononL 0.004 1.23218 0.470218 0.0350894 0
0 387 phononL 0.004 -1.15937 1.05957 -0.0201577 0
0 388 phononL 0.004 0.810491 -0.0283798 0.0267386 0
0 389 phononL 0.004 -0.331469 -1.26809 0.0293151 0
0 390 phononL 0.004 -1.35949 1.27012 -0.0282969 0
0 391 phononL 0.004 0.162828 -0.963219 0.0184298 0
0 392 phononL 0.004 0.155023 -1.00866 -0.0230796 0
0 393 phononL 0.004 -0.0477907 0.49517 -0.000475036 0
0 394 phononL 0.004 1.22785 -0.338248 -0.0323993 0
0 395 phononL 0.004 0.885003 -1.02556 0.0160269 0
0 396 phononL 0.004 0.856976 -0.883715 -0.0217389 0
0 397 phononL 0.004 0.0185461 -0.472139 0.000487885 0
0 398 phononL 0.004 -0.898404 0.66355 0.00555575 0
0 399 phononL 0.004 -1.36264 0.211694 0.0262929 0
0 400 phononL 0.004 -1.47504 0.811225 0.00389463 0
0 401 phononL 0.004 0.0229677 1.35756 0.00499083 0
0 402 phononL 0.004 0.200908 -0.59557 -0.00695293 0
0 403 phononL 0.004 -1.45552 0.356363 -0.00974259 0
0 404 phononL 0.004 -1.03693 -0.40767 -0.0282431 0
0 405 phononL 0.004 0.0868689 0.392232 -0.00881724 0
0 406 phononL 0.004 1.44627 1.295 0.0217369 0
0 407 phononL 0.004 -0.9947 -0.0860604 -0.0128575 0
0 408 phononL 0.004 -0.416796 -1.43567 0.0114945 0
0 409 phononL 0.004 0.458247 1.35539 0.0342105 0
0 410 phononL 0.004 0.316737 -0.908522 -0.025626 0
0 411 phononL 0.004 1.40547 0.864181 0.0291859 0
0 412 phononL 0.004 -1.47448 -0.71198 -0.0301729 0
0 413 phononL 0.004 0.617479 -0.472582 -0.0246547 0
0 414 phononL 0.004 0.228328 -0.0152701 -0.0215975 0
0 415 phononL 0.004 1.11534 -0.904511 0.039519 0
0 416 phononL 0.004 1.12498 -0.787377 -0.021673 0
0 417 phononL 0.004 1.37095 -1.18201 -0.0124852 0
0 418 phononL 0.004 1.07507 0.400366 -0.021292 0
0 419 phononL 0.004 -1.05159 -0.938145 -0.0345437 0
0 420 phononL 0.004 0.118861 -1.17112 -0.0367079 0
0 421 phononL 0.004 0.565584 -0.205725 0.0253134 0
0 422 phononL 0.004 -1.1594 -0.410879 -0.00975094 0
0 423 phononL 0.004 0.765176 0.675055 0.0385515 0
0 424 phononL 0.004 1.15347 1.28782 0.0337018 0
0 425 phononL 0.004 1.38493 -0.738066 0.0300998 0
0 426 phononL 0.004 -1.22108 1.01765 -0.0381019 0
0 427 phononL 0.004 -0.224898 -0.303078 0.0212814 0
0 428 phononL 0.004 -0.669719 -0.621425 0.034695 0
0 429 phononL 0.004 -0.139165 -0.504135 -0.0281059 0
0 430 phononL 0.004 -1.06313 0.995894 0.0019876 0
0 431 phononL 0.004 1.46683 0.99803 -0.0060064 0
0 432 phononL 0.004 0.928028 -0.898478 0.0368059 0
0 433 phononL 0.004 -0.62892 -0.534572 0.0376607 0
0 434 phononL 0.004 -1.06123 1.14744 0.0292396 0
0 435 phononL 0.004 -0.72205 0.156001 -0.0299926 0
0 436 phononL 0.004 -0.626969 0.905721 -0.0238475 0
0 437 phononL 0.004 -0.640789 0.112635 0.025278 0
0 438 phononL 0.004 0.925385 -0.923989 0.0252912 0
0 439 phononL 0.004 0.519191 -1.39397 0.0228294 0
0 440 phononL 0.004 0.0423309 -0.317445 0.019463 0
0 441 phononL 0.004 -0.966223 -1.41971 -0.0101919 0
0 442 phononL 0.004 -0.539471 -1.2553 -0.0159862 0
0 443 phononL 0.004 -0.912075 1.41709 -0.0268183 0
0 444 phononL 0.004 -1.41438 -1.06615 -0.00375314 0
0 445 phononL 0.004 0.38272 0.714483 -0.000783501 0
0 446 phononL 0.004 0.908519 0.585581 0.0173266 0
0 447 phononL 0.004 -0.403182 -0.250163 0.0271944 0
0 448 phononL 0.004 -1.44854 -1.07369 -0.0192465 0
0 449 phononL 0.004 0.0901137 -0.664083 -0.019773 0
0 450 phononL 0.004 1.47186 -1.01874 -0.00136275 0
0 451 phononL 0.004 1.26852 -1.47686 -0.00441772 0
0 452 phononL 0.004 1.17523 -1.07633 0.0219653 0
0 453 phononL 0.004 0.834532 0.583324 -0.00604718 0
0 454 phononL 0.004 0.761998 -0.5586 -0.0340435 0
0 455 phononL 0.004 0.574412 -1.31998 -0.0334604 0
0 456 phononL 0.004 0.534959 0.288048 -0.0288418 0
0 457 phononL 0.004 0.250709 0.458841 -0.0118474 0
0 458 phononL 0.004 0.088777 -0.706783 -0.0355683 0
0 459 phononL 0.004 -1.22432 0.116781 -0.000274476 0
0 460 phononL 0.004 -1.48905 -1.09471 0.0380325 0
0 461 phononL 0.004 0.664436 1.11376 0.0289481 0
0 462 phononL 0.004 -0.2255 0.267555 0.00520918 0
0 463 phononL 0.004 1.42617 -0.152947 -0.00293619 0
0 464 phononL 0.004 -0.472162 -0.677278 0.0289584 0
0 465 phononL 0.004 -0.691633 -1.49142 -0.0171376 0
0 466 phononL 0.004 -0.2188 1.31234 0.00530342 0
0 467 phononL 0.004 1.50615 0.123323 -0.00428576 0
0 468 phononL 0.004 -0.34859 0.421059 0.0286916 0
0 469 phononL 0.004 0.181745 1.4712 0.0107554 0
0 470 phononL 0.004 -0.276806 -0.8299 0.0163623 0
0 471 phononL 0.004 -1.15156 -1.47534 0.0228202 0
0 472 phononL 0.004 -0.516059 0.893393 0.0143234 0
0 473 phononL 0.004 0.520979 0.491183 -0.0256039 0
0 474 phononL 0.004 0.0987277 0.770362 0.0390464 0
0 475 phononL 0.004 -0.545801 0.85491 0.0196812 0
0 476 phononL 0.004 1.22536 0.046342 -0.00113338 0
0 477 phononL 0.004 1.10896 -0.445233 0.0243999 0
0 478 phononL 0.004 1.2908 0.513792 -0.0103678 0
0 479 phononL 0.004 0.978704 0.986764 -0.0153549 0
0 480 phononL 0.004 -1.19962 -0.680121 -0.00168423 0
0 481 phononL 0.004 0.273609 1.00205 0.0124539 0
0 482 phononL 0.004 1.03865 0.625912 0.0160186 0
0 483 phononL 0.004 -0.00273647 0.405693 -0.00348948 0
0 484 phononL 0.004 1.34504 1.35378 0.0237091 0
0 485 phononL 0.004 0.316325 -0.0694003 -0.00978066 0
0 486 phononL 0.004 -0.415037 -1.17102 0.00728646 0
0 487 phononL 0.004 0.0481085 -0.646707 0.0222763 0
0 488 phononL 0.004 0.212704 0.775479 0.0335938 0
0 489 phononL 0.004 -0.244654 -0.959158 -0.0188933 0
0 490 phononL 0.004 -1.15988 -0.0473623 0.0125799 0
0 491 phononL 0.004 1.03647 0.238067 0.00887297 0
0 492 phononL 0.004 -0.658451 -0.575709 0.0054355 0
0 493 phononL 0.004 -0.540909 1.18917 -0.000371038 0
0 494 phononL 0.004 1.1083 -0.558082 -0.0173895 0
0 495 phononL 0.004 0.813036 0.0755814 -0.000655845 0
0 496 phononL 0.004 1.12149 -1.46812 0.0377349 0
0 497 phononL 0.004 -0.264728 0.883308 -0.000892648 0
0 498 phononL 0.004 -0.0355454 -0.291582 0.00140463 0
0 499 phononL 0.004 -0.528137 1.0136 -0.0391615 0
0 500 phononL 0.004 -0.0628927 -0.95633 0.0314919 0
0 501 phononL 0.004 -1.39912 -0.520074 -0.039574 0
0 502 phononL 0.004 0.0369114 -0.274613 0.00537333 0
0 503 phononL 0.004 -0.283846 0.208745 0.0285767 0
0 504 phononL 0.004 -0.552346 0.867201 -0.0272575 0
0 505 phononL 0.004 -1.05632 -1.33659 -0.0191028 0
0 506 phononL 0.004 0.831194 0.247607 0.0277956 0
0 507 phononL 0.004 -0.702677 1.24785 -0.0284543 0
0 508 phononL 0.004 -0.381097 0.0660699 0.0165955 0
0 509 phononL 0.004 0.192105 0.249758 -0.0212156 0
0 510 phononL 0.004 0.0795448 -1.489 0.0159552 0
0 511 phononL 0.004 -0.0379788 -1.42983 0.0170863 0
0 512 phononL 0.004 0.872545 0.925611 -0.0260712 0
0 513 phononL 0.004 0.0509874 1.48041 -0.0119525 0
0 514 phononL 0.004 0.0660926 0.741404 -0.0298009 0
0 515 phononL 0.004 0.47935 0.798244 -0.0378449 0
0 516 phononL 0.004 1.33411 0.861103 0.0336303 0
0 517 phononL 0.004 -0.0125337 -0.764961 0.022062 0
0 518 phononL 0.004 -0.924839 0.87522 -0.00806138 0
0 519 phononL 0.004 0.693357 -1.44934 -0.0111346 0
0 520 phononL 0.004 -0.792254 0.737255 0.0180945 0
0 521 phononL 0.004 0.576223 1.26899 0.00683312 0
0 522 phononL 0.004 0.846571 -1.38907 -0.0179901 0
0 523 phononL 0.004 -0.415732 -0.869541 -0.0106832 0
0 524 phononL 0.004 -1.33211 0.831452 -3.60422e-05 0
0 525 phononL 0.004 0.745783 -0.0298689 -0.00859072 0
0 526 phononL 0.004 0.499728 -0.309398 -0.0304296 0
0 527 phononL 0.004 -0.969183 0.328516 -0.0155952 0
0 528 phononL 0.004 1.48341 -1.31926 -0.0259615 0
0 529 phononL 0.004 0.976642 -1.16895 -0.00634457 0
0 530 phononL 0.004 -1.19378 0.932436 -0.0113001 0
0 531 phononL 0.004 1.49066 -0.109329 -0.0358461 0
0 532 phononL 0.004 0.664842 -0.720376 -0.0336332 0
0 533 phononL 0.004 -1.43448 1.48792 -0.0189967 0
0 534 phononL 0.004 -1.18118 -0.228003 0.0288754 0
0 535 phononL 0.004 0.361419 0.643109 0.0305387 0
0 536 phononL 0.004 1.29189 -0.88751 -0.00823355 0
0 537 phononL 0.004 -0.808578 -0.397245 -0.0375214 0
0 538 phononL 0.004 -1.49117 -0.646168 0.00874965 0
0 539 phononL 0.004 -0.170041 -1.23225 -0.0329755 0
0 540 phononL 0.004 1.27132 0.653097 -0.028396 0
0 541 phononL 0.004 -0.203833 1.41984 -0.0306412 0
0 542 phononL 0.004 1.02702 -0.282952 -0.00245075 0
0 543 phononL 0.004 0.884299 -1.33683 0.03529 0
0 544 phononL 0.004 0.261414 0.867981 -0.0280185 0
0 545 phononL 0.004 0.233779 0.216688 -0.00314946 0
0 546 phononL 0.004 1.20224 0.260003 0.00354218 0
0 547 phononL 0.004 1.48636 0.540113 -0.0275384 0
0 548 phononL 0.004 1.14833 -0.918572 -0.00856208 0
0 549 phononL 0.004 0.708365 -0.248932 -0.0217602 0
0 550 phononL 0.004 -0.567723 -0.203363 0.0146951 0
0 551 phononL 0.004 -0.973614 -0.349851 0.015632 0
0 552 phononL 0.004 0.0322785 -0.959067 -0.00220879 0
0 553 phononL 0.004 -0.293394 -0.671702 -0.0120309 0
0 554 phononL 0.004 -1.22158 0.552701 -0.0357725 0
0 555 phononL 0.004 -1.1331 0.59298 0.00872553 0
0 556 phononL 0.004 0.39953 -0.583454 0.0344037 0
0 557 phononL 0.004 0.124453 -0.230794 0.00920576 0
0 558 phononL 0.004 1.29089 -1.19901 -0.0392405 0
0 559 phononL 0.004 -1.37771 0.477284 0.0113219 0
0 560 phononL 0.004 0.65356 1.10596 -0.0028552 0
0 561 phononL 0.004 0.178043 0.161824 -0.0138838 0
0 562 phononL 0.004 0.146787 1.26395 0.0213146 0
0 563 phononL 0.004 -0.636404 1.5042 0.0122659 0
0 564 phononL 0.004 -1.33765 -0.53935 0.00635136 0
0 565 phononL 0.004 0.159579 -1.09578 -0.0286945 0
0 566 phononL 0.004 -0.256016 -0.236805 0.00224549 0
0 567 phononL 0.004 0.705438 -0.287731 0.00512247 0
0 568 phononL 0.004 -0.697943 -0.964035 0.0260618 0
0 569 phononL 0.004 -0.321388 0.801057 -0.00933854 0
0 570 phononL 0.004 -0.240559 -1.06132 -0.0340171 0
0 571 phononL 0.004 0.630276 -1.48843 0.00773113 0
0 572 phononL 0.004 0.476374 -0.929063 0.00289358 0
0 573 phononL 0.004 -1.4523 -0.0831593 0.00448424 0
0 574 phononL 0.004 -1.37454 0.227069 -0.0339093 0
0 575 phononL 0.004 0.862945 1.17609 -0.00403601 0
0 576 phononL 0.004 -1.31778 0.626534 -0.0164233 0
0 577 phononL 0.004 -0.56966 -1.22622 0.038992 0
0 578 phononL 0.004 1.47956 0.782108 0.0171059 0
0 579 phononL 0.004 0.308248 0.0850617 0.0351828 0
0 580 phononL 0.004 1.47101 0.107142 -0.000605142 0
0 581 phononL 0.004 -1.23903 -0.497325 -0.0257335 0
0 582 phononL 0.004 -1.31042 -1.00721 0.0313313 0
0 583 phononL 0.004 -0.837965 0.542112 0.0389607 0
0 584 phononL 0.004 -0.373833 -0.787185 0.0142313 0
0 585 phononL 0.004 -0.949235 -1.13987 -0.00210404 0
0 586 phononL 0.004 0.700301 -0.437241 -0.0147653 0
0 587 phononL 0.004 1.26408 -1.35268 0.0285344 0
0 588 phononL 0.004 -0.49402 -0.596755 0.00391843 0
0 589 phononL 0.004 0.658069 -0.74739 -0.0198771 0
0 590 phononL 0.004 0.0106529 -1.42209 -0.0371009 0
0 591 phononL 0.004 0.754269 1.32894 -0.00586771 0
0 592 phononL 0.004 1.01591 -1.15303 -0.0193308 0
0 593 phononL 0.004 0.756056 -1.21085 0.0278958 0
0 594 phononL 0.004 -1.04012 -0.84119 0.0341319 0
0 595 phononL 0.004 -0.898431 -1.28946 0.0322934 0
0 596 phononL 0.004 1.00187 1.29127 0.0369089 0
0 597 phononL 0.004 -0.080234 0.12474 -0.0229093 0
0 598 phononL 0.004 -1.32749 1.20781 -0.00638948 0
0 599 phononL 0.004 0.513059 0.917693 0.0348188 0
0 600 phononL 0.004 0.67413 0.00921735 -0.0036634 0
0 601 phononL 0.004 -0.55379 0.816898 -0.00465081 0
0 602 phononL 0.004 1.49712 1.3635 0.0123441 0
0 603 phononL 0.004 0.241098 1.1998 0.00302698 0
0 604 phononL 0.004 -0.577906 1.37134 0.0236244 0
0 605 phononL 0.004 -1.00393 0.0372191 -0.019879 0
0 606 phononL 0.004 -0.56618 -0.323423 0.0338039 0
0 607 phononL 0.004 1.47664 -0.738238 -0.0363712 0
0 608 phononL 0.004 1.13023 -1.35323 -0.0242635 0
0 609 phononL 0.004 -0.835769 0.874957 0.0132257 0
0 610 phononL 0.004 -1.12002 1.0621 0.000693439 0
0 611 phononL 0.004 -0.47672 -0.329291 -0.0333944 0
0 612 phononL 0.004 -0.181486 -0.302008 0.0117088 0
0 613 phononL 0.004 0.018457 -0.69837 -0.00298997 0
0 614 phononL 0.004 1.39774 -0.697419 0.0164526 0
0 615 phononL 0.004 -1.35636 -0.440965 0.0155769 0
0 616 phononL 0.004 -0.440955 1.01758 0.0306325 0
0 617 phononL 0.004 1.3665 1.13523 -0.0322215 0
0 618 phononL 0.004 -1.27692 0.583037 -0.00797113 0
0 619 phononL 0.004 -1.02513 0.169717 0.0320076 0
0 620 phononL 0.004 -0.969117 -0.000697415 0.0309281 0
0 621 phononL 0.004 -0.833792 0.706266 -0.0190941 0
0 622 phononL 0.004 -1.25003 0.651119 -0.0225886 0
0 623 phononL 0.004 0.676117 0.584375 0.0207551 0
0 624 phononL 0.004 -0.208924 0.776393 -0.000471095 0
0 625 phononL 0.004 0.92003 0.735109 0.0374968 0
0 626 phononL 0.004 -0.688495 1.3605 0.00746902 0
0 627 phononL 0.004 0.176286 -0.730982 -0.014552 0
0 628 phononL 0.004 0.157905 -1.1897 -0.037707 0
0 629 phononL 0.004 0.939202 0.254697 0.0195615 0
0 630 phononL 0.004 0.375898 0.411602 -0.00708649 0
0 631 phononL 0.004 1.13825 0.463579 -0.0226406 0
0 632 phononL 0.004 -0.67618 -1.11664 0.0310164 0
0 633 phononL 0.004 -0.316482 -0.15982 -0.0113375 0
0 634 phononL 0.004 -0.591539 -1.00662 -0.0146462 0
0 635 phononL 0.004 0.47676 -1.14596 0.0131196 0
0 636 phononL 0.004 -0.806504 0.820127 8.72205e-05 0
0 637 phononL 0.004 -1.08132 -0.441803 0.0162712 0
0 638 phononL 0.004 -0.758714 -1.474 0.0135927 0
0 639 phononL 0.004 0.748258 -0.131336 0.0167283 0
0 640 phononL 0.004 0.916742 -1.48603 -0.0327647 0
0 641 phononL 0.004 0.925847 -0.0299079 -0.00903819 0
0 642 phononL 0.004 0.125689 1.1431 0.0189597 0
0 643 phononL 0.004 -0.0163783 -0.256145 -0.0119829 0
0 644 phononL 0.004 -0.938308 0.887269 6.62929e-05 0
0 645 phononL 0.004 -1.24061 0.743919 -0.00837491 0
0 646 phononL 0.004 -1.4064 1.23398 -0.000224411 0
0 647 phononL 0.004 0.280417 -1.16609 0.0234284 0
0 648 phononL 0.004 1.45017 0.251834 -0.0264539 0
0 649 phononL 0.004 0.91218 -1.075 -0.0244833 0
0 650 phononL 0.004 0.998378 0.600627 0.0125552 0
0 651 phononL 0.004 -0.545562 0.55124 -0.00640187 0
0 652 phononL 0.004 -0.768339 0.577927 0.00475015 0
0 653 phononL 0.004 -1.46661 -0.789512 -0.0117825 0
0 654 phononL 0.004 0.30573 0.813158 0.0267656 0
0 655 phononL 0.004 -0.388249 1.48014 0.0320072 0
0 656 phononL 0.004 -0.570715 0.783052 -0.0357111 0
0 657 phononL 0.004 1.10132 -0.772554 0.00716988 0
0 658 phononL 0.004 -1.00395 0.543044 0.0236417 0
0 659 phononL 0.004 -1.30881 1.24172 0.0144239 0
0 660 phononL 0.004 -0.654253 -1.32578 -0.0152713 0
0 661 phononL 0.004 -1.25576 -1.11738 -3.53249e-05 0
0 662 phononL 0.004 -1.39209 1.28727 0.0307059 0
0 663 phononL 0.004 0.532948 0.791627 0.0126573 0
0 664 phononL 0.004 -0.085678 0.0738656 0.000528534 0
0 665 phononL 0.004 0.133072 -1.19602 0.0146954 0
0 666 phononL 0.004 0.872546 0.130403 -0.00559047 0
0 667 phononL 0.004 -0.742549 -0.194577 0.0396034 0
0 668 phononL 0.004 -0.0460928 -0.576053 -0.00449441 0
0 669 phononL 0.004 -1.19804 0.924667 -0.0287469 0
0 670 phononL 0.004 -0.0149088 0.741568 0.00889101 0
0 671 phononL 0.004 1.00149 -1.34488 -0.00350481 0
0 672 phononL 0.004 0.259343 0.645561 0.034814 0
0 673 phononL 0.004 -0.829878 -0.972356 -0.0350664 0
0 674 phononL 0.004 0.804038 -0.10869 -0.0307802 0
0 675 phononL 0.004 0.377498 -0.285939 0.0246643 0
0 676 phononL 0.004 0.608987 0.778138 -0.0165627 0
0 677 phononL 0.004 -0.00963369 1.31106 0.00111707 0
0 678 phononL 0.004 -0.722198 1.20248 0.0355061 0
0 679 phononL 0.004 -1.06611 0.933645 0.0377734 0
0 680 phononL 0.004 0.855857 1.07495 -0.0394533 0
0 681 phononL 0.004 -0.993294 -0.274517 0.0163235 0
0 682 phononL 0.004 -0.786441 -0.838912 -0.0224259 0
0 683 phononL 0.004 -1.08535 0.401099 -0.0385712 0
0 684 phononL 0.004 0.606352 -1.50279 -0.0223506 0
0 685 phononL 0.004 -0.865393 -0.0459083 0.0232032 0
0 686 phononL 0.004 -0.142215 1.34932 -0.0133936 0
0 687 phononL 0.004 1.42975 -0.905243 -0.0234423 0
0 688 phononL 0.004 -1.21084 1.45008 0.0107155 0
0 689 phononL 0.004 1.30785 -0.659141 0.0283079 0
0 690 phononL 0.004 0.720387 0.158724 -0.0178505 0
0 691 phononL 0.004 1.29817 -0.248613 -0.0352886 0
0 692 phononL 0.004 0.207353 0.236535 -0.0244725 0
0 693 phononL 0.004 -1.0728 -1.2667 -0.011474 0
0 694 phononL 0.004 1.11654 -0.976099 -0.0129885 0
0 695 phononL 0.004 -1.0553 0.547083 0.0120709 0
0 696 phononL 0.004 -1.19131 0.4235 -0.0140679 0
0 697 phononL 0.004 -1.40887 0.594134 -0.0387404 0
0 698 phononL 0.004 0.720601 -0.583973 0.013998 0
0 699 phononL 0.004 1.40747 0.0942138 -0.0134417 0
0 700 phononL 0.004 -0.107192 -1.17654 -0.0154358 0
0 701 phononL 0.004 -1.24934 -0.528748 -0.00430002 0
0 702 phononL 0.004 0.00113334 -1.29017 0.00682006 0
0 703 phononL 0.004 -1.16404 1.23634 -0.0130664 0
0 704 phononL 0.004 1.14446 1.30975 -0.0188963 0
0 705 phononL 0.004 -1.29046 -0.477122 0.00467457 0
0 706 phononL 0.004 -1.05728 -1.41327 -0.0269342 0
0 707 phononL 0.004 -0.718877 -0.27798 -0.0376386 0
0 708 phononL 0.004 0.660221 -0.92565 0.00973417 0
0 709 phononL 0.004 0.123082 0.92877 -0.039913 0
0 710 phononL 0.004 -0.0357115 1.47838 -0.0320039 0
0 711 phononL 0.004 0.682295 -0.851549 0.0385405 0
0 712 phononL 0.004 0.619545 1.07742 -0.00683595 0
0 713 phononL 0.004 1.21502 -0.949752 0.0299126 0
0 714 phononL 0.004 0.648138 1.01982 0.00936373 0
0 715 phononL 0.004 0.662533 -1.21123 0.0253622 0
0 716 phononL 0.004 0.121778 -0.852583 0.0397252 0
0 717 phononL 0.004 0.499892 1.20354 -0.024022 0
0 718 phononL 0.004 0.613631 1.4784 0.0374847 0
0 719 phononL 0.004 1.43447 -1.00783 0.0105968 0
0 720 phononL 0.004 1.42119 0.394648 -0.0268748 0
0 721 phononL 0.004 -0.389756 -1.00506 -0.0329277 0
0 722 phononL 0.004 0.467266 1.24816 -0.00403554 0
0 723 phononL 0.004 0.46218 0.358083 0.000758784 0
0 724 phononL 0.004 -0.233519 1.03677 -0.0243964 0
0 725 phononL 0.004 -0.526165 1.48687 -0.00765653 0
0 726 phononL 0.004 -0.711588 0.142909 0.0219107 0
0 727 phononL 0.004 0.936775 -0.866776 0.0306713 0
0 728 phononL 0.004 -0.248214 0.375046 -0.0362908 0
0 729 phononL 0.004 -0.60282 -1.05727 0.0178873 0
0 730 phononL 0.004 1.45469 0.649366 0.0207575 0
0 731 phononL 0.004 -0.933849 0.622248 -0.029936 0
0 732 phononL 0.004 0.897212 1.07655 -0.0375054 0
0 733 phononL 0.004 1.20612 0.700027 0.0318977 0
0 734 phononL 0.004 -0.06083 0.31006 -0.0178856 0
0 735 phononL 0.004 -1.03949 -1.23826 -0.0160275 0
0 736 phononL 0.004 0.219107 -1.07635 -0.00618269 0
0 737 phononL 0.004 -1.4437 0.224327 -0.0327426 0
0 738 phononL 0.004 0.964999 -0.163449 0.00288707 0
0 739 phononL 0.004 -0.296382 -0.394819 0.0207399 0
0 740 phononL 0.004 1.21055 -0.997338 -0.0216026 0
0 741 phononL 0.004 0.117392 -0.155368 0.0279535 0
0 742 phononL 0.004 -0.868691 0.83795 0.0112305 0
0 743 phononL 0.004 -0.798069 -0.923859 0.0245514 0
0 744 phononL 0.004 -1.35695 0.0769336 0.0292262 0
0 745 phononL 0.004 0.413141 -1.1103 0.00352935 0
0 746 phononL 0.004 0.168718 0.582823 0.0033114 0
0 747 phononL 0.004 1.48378 -0.816034 0.0140272 0
0 748 phononL 0.004 0.30314 -0.783134 -0.0242934 0
0 749 phononL 0.004 0.308383 0.757354 0.0170312 0
0 750 phononL 0.004 -0.472495 1.34397 0.00204831 0
0 751 phononL 0.004 0.252982 -0.0287705 0.0225861 0
0 752 phononL 0.004 -1.17143 0.149626 -0.0181262 0
0 753 phononL 0.004 1.16443 1.01493 -0.02537 0
0 754 phononL 0.004 0.244773 1.00953 -0.00612294 0
0 755 phononL 0.004 -0.293603 1.4004 -0.0219944 0
0 756 phononL 0.004 1.01087 0.967324 0.0255963 0
0 757 phononL 0.004 -1.41149 -1.13695 -0.0248139 0
0 758 phononL 0.004 -0.33548 0.413211 -0.0236631 0
0 759 phononL 0.004 -0.795035 -0.221238 0.00160243 0
0 760 phononL 0.004 0.650056 -1.28958 -0.0149867 0
0 761 phononL 0.004 1.1499 -0.533455 0.0109075 0
0 762 phononL 0.004 -0.422649 -1.06457 0.000563643 0
0 763 phononL 0.004 1.06418 -0.064322 -0.0216385 0
0 764 phononL 0.004 1.16652 1.48553 -0.0280304 0
0 765 phononL 0.004 -0.913178 0.537321 -0.0370459 0
0 766 phononL 0.004 1.07528 0.389759 0.0338843 0
0 767 phononL 0.004 0.75516 0.75713 0.0370938 0
0 768 phononL 0.004 0.800543 -0.682955 -0.0144447 0
0 769 phononL 0.004 1.49101 -0.632181 0.0307653 0
0 770 phononL 0.004 -0.491054 0.138446 0.00454224 0
0 771 phononL 0.004 -0.460809 -1.05859 0.0399846 0
0 772 phononL 0.004 -0.629826 0.836349 0.0352603 0
0 773 phononL 0.004 -1.35904 -0.825814 -0.026205 0
0 774 phononL 0.004 1.42142 0.286321 0.00583514 0
0 775 phononL 0.004 0.0650672 0.195822 -0.01585 0
0 776 phononL 0.004 -0.380778 -0.717711 -0.0119446 0
0 777 phononL 0.004 -0.527674 -0.887226 0.00490885 0
0 778 phononL 0.004 -0.49158 -0.439054 -0.0398859 0
0 779 phononL 0.004 -0.0401511 0.894059 0.0379302 0
0 780 phononL 0.004 -0.678346 0.850272 -0.017008 0
0 781 phononL 0.004 -0.583797 -0.8736 -0.0349919 0
0 782 phononL 0.004 0.0620986 -0.0197913 -0.00671826 0
0 783 phononL 0.004 0.226297 -0.836688 0.0304719 0
0 784 phononL 0.004 0.587384 -0.141208 -0.0377824 0
0 785 phononL 0.004 -0.172275 0.224482 -0.013936 0
0 786 phononL 0.004 -1.14705 0.858876 -0.000806945 0
0 787 phononL 0.004 -1.16694 -1.21264 0.011328 0
0 788 phononL 0.004 0.168559 -0.279142 -0.0126978 0
0 789 phononL 0.004 0.520309 0.318003 0.0256108 0
0 790 phononL 0.004 0.0107598 -0.659611 0.0387427 0
0 791 phononL 0.004 0.837069 -0.551713 -0.00236806 0
0 792 phononL 0.004 -0.259917 1.25614 -0.0236295 0
0 793 phononL 0.004 -0.43606 1.14062 -0.0171584 0
0 794 phononL 0.004 0.0368437 -1.50041 -0.000604916 0
0 795 phononL 0.004 -0.102902 -0.144329 0.0211103 0
0 796 phononL 0.004 1.24241 -1.47789 -0.020414 0
0 797 phononL 0.004 0.497485 0.957717 0.00239335 0
0 798 phononL 0.004 0.146382 -0.622668 0.0351466 0
0 799 phononL 0.004 -1.26131 -0.179023 0.0264359 0
0 800 phononL 0.004 -0.385894 0.781828 0.0310293 0
0 801 phononL 0.004 -0.597161 1.35808 0.0224925 0
0 802 phononL 0.004 -1.42885 0.382098 0.0283001 0
0 803 phononL 0.004 -0.378842 -0.888309 0.0243562 0
0 804 phononL 0.004 -0.887262 1.06314 0.0385207 0
0 805 phononL 0.004 0.411945 0.319522 -0.0273952 0
0 806 phononL 0.004 -1.19597 -0.600178 -0.0381487 0
0 807 phononL 0.004 0.811415 -1.37842 0.012139 0
0 808 phononL 0.004 0.541556 -0.290171 0.0126555 0
0 809 phononL 0.004 -0.181109 -0.503914 0.00811578 0
0 810 phononL 0.004 -0.445822 -1.00091 -0.0173097 0
0 811 phononL 0.004 0.274986 -0.280446 0.00776301 0
0 812 phononL 0.004 -0.111937 0.517719 -0.0129566 0
0 813 phononL 0.004 0.317753 -0.749743 -0.0285679 0
0 814 phononL 0.004 -1.42197 0.40854 0.037347 0
0 815 phononL 0.004 -0.135661 -0.0432032 -0.0204804 0
0 816 phononL 0.004 -0.398422 0.583571 0.0375934 0
0 817 phononL 0.004 0.390722 0.948945 -0.0265013 0
0 818 phononL 0.004 0.850543 1.30221 0.00571997 0
0 819 phononL 0.004 -0.42321 1.45685 -0.0339023 0
0 820 phononL 0.004 1.34933 1.30563 -0.0124791 0
0 821 phononL 0.004 0.635288 -0.108915 -0.0193805 0
0 822 phononL 0.004 0.105229 -1.36384 0.0374448 0
0 823 phononL 0.004 -0.366607 0.741447 0.00713781 0
0 824 phononL 0.004 -0.921549 -1.47815 0.0277791 0
0 825 phononL 0.004 0.726764 0.542292 -0.0124365 0
0 826 phononL 0.004 0.988626 0.359154 0.0351494 0
0 827 phononL 0.004 0.287568 1.42286 -0.0112506 0
0 828 phononL 0.004 -0.684939 -1.18782 0.00928945 0
0 829 phononL 0.004 -1.10812 -0.597309 -0.018147 0
0 830 phononL 0.004 0.309212 1.44688 0.0299218 0
0 831 phononL 0.004 0.246661 0.403179 0.0209184 0
0 832 phononL 0.004 0.406498 0.701481 0.0196619 0
0 833 phononL 0.004 -0.756548 -0.181298 -0.00690715 0
0 834 phononL 0.004 0.0813283 -1.24489 0.01031 0
0 835 phononL 0.004 -1.18447 0.88415 0.0167222 0
0 836 phononL 0.004 -0.422406 -0.0568222 0.015952 0
0 837 phononL 0.004 -1.42987 1.21481 0.0127729 0
0 838 phononL 0.004 1.01022 0.00435941 -0.0308079 0
0 839 phononL 0.004 1.05224 0.0712161 -0.0223458 0
0 840 phononL 0.004 1.35309 1.45686 -0.030117 0
0 841 phononL 0.004 0.929336 1.24681 -0.0292366 0
0 842 phononL 0.004 1.31019 0.533787 -0.0375213 0
0 843 phononL 0.004 0.817901 -0.209358 0.0214471 0
0 844 phononL 0.004 0.384059 0.777726 -0.0197553 0
0 845 phononL 0.004 1.12145 -0.163031 0.00610979 0
0 846 phononL 0.004 1.01024 -1.23212 0.0176421 0
0 847 phononL 0.004 -1.16648 0.258262 -0.0229173 0
0 848 phononL 0.004 1.46803 0.162002 -0.0348492 0
0 849 phononL 0.004 -0.0376634 -0.0454937 0.00183808 0
0 850 phononL 0.004 1.14071 1.42156 -0.0159067 0
0 851 phononL 0.004 0.122564 0.561878 0.0249596 0
0 852 phononL 0.004 0.456426 1.32046 0.0163821 0
0 853 phononL 0.004 -0.452255 -0.0980737 0.0199946 0
0 854 phononL 0.004 0.406207 0.466615 -0.0242113 0
0 855 phononL 0.004 0.40077 -1.1792 0.0312647 0
0 856 phononL 0.004 -1.28114 -0.497211 -0.0145879 0
0 857 phononL 0.004 0.81296 1.32171 -0.0370384 0
0 858 phononL 0.004 -1.4267 -0.536738 0.0283709 0
0 859 phononL 0.004 -0.8087 0.62428 0.0100097 0
0 860 phononL 0.004 -1.18357 -0.330703 -0.00417854 0
0 861 phononL 0.004 -1.34985 0.352633 -0.0307833 0
0 862 phononL 0.004 -1.15861 0.556038 -0.0186063 0
0 863 phononL 0.004 1.42845 0.812538 0.0397801 0
0 864 phononL 0.004 0.411551 -1.34996 -0.0357998 0
0 865 phononL 0.004 -1.45977 0.217265 0.0167595 0
0 866 phononL 0.004 0.319179 1.17226 -0.0270008 0
0 867 phononL 0.004 -1.28449 -0.483977 -0.0259567 0
0 868 phononL 0.004 1.27104 -0.419123 0.00512429 0
0 869 phononL 0.004 0.693489 -0.783394 0.030065 0
0 870 phononL 0.004 -1.10251 0.832518 -0.00213142 0
0 871 phononL 0.004 -1.08598 1.08224 -0.00823683 0
0 872 phononL 0.004 0.250882 -1.09817 -0.0385747 0
0 873 phononL 0.004 -0.401761 -0.749222 -0.0291676 0
0 874 phononL 0.004 0.776981 -0.774664 0.00580234 0
0 875 phononL 0.004 0.779309 1.34311 0.00302905 0
0 876 phononL 0.004 1.32219 0.132599 0.00474683 0
0 877 phononL 0.004 -0.620976 0.367625 -0.0161086 0
0 878 phononL 0.004 0.936969 1.42727 -0.0244108 0
0 879 phononL 0.004 -1.20322 1.19878 -0.0121881 0
0 880 phononL 0.004 -0.696418 -1.43566 -0.0154131 0
0 881 phononL 0.004 1.25084 0.695584 0.0349676 0
0 882 phononL 0.004 -0.132686 -0.826765 0.0283855 0
0 883 phononL 0.004 1.36942 0.841532 0.0300416 0
0 884 phononL 0.004 -1.36016 -0.0903583 -0.00488078 0
0 885 phononL 0.004 -0.662493 -0.342786 0.0177315 0
0 886 phononL 0.004 0.983906 1.04408 -0.0303712 0
0 887 phononL 0.004 1.3695 -1.1551 -0.0145306 0
0 888 phononL 0.004 -1.41523 -1.44312 -0.0107611 0
0 889 phononL 0.004 -1.23635 -0.479434 -0.00142231 0
0 890 phononL 0.004 1.41693 -0.217624 0.0328476 0
0 891 phononL 0.004 -0.0775822 0.696171 0.00384525 0
0 892 phononL 0.004 -1.17384 -1.36764 -0.0287624 0
0 893 phononL 0.004 -0.662817 0.821695 -0.0378339 0
0 894 phononL 0.004 0.276098 -1.41821 0.0035513 0
0 895 phononL 0.004 1.45439 -0.0105075 0.00393792 0
0 896 phononL 0.004 -1.06232 -0.328174 -0.00486788 0
0 897 phononL 0.004 1.01319 -0.666417 0.0126845 0
0 898 phononL 0.004 -0.949977 0.755908 -0.0383247 0
0 899 phononL 0.004 -0.463232 -0.229923 -0.0380205 0
0 900 phononL 0.004 -0.230953 1.01106 0.032917 0
0 901 phononL 0.004 0.58541 0.923936 -0.00590204 0
0 902 phononL 0.004 -0.413329 -1.48301 -0.02559 0
0 903 phononL 0.004 -1.17174 0.128348 -0.0100269 0
0 904 phononL 0.004 -1.02639 -1.18889 0.00594699 0
0 905 phononL 0.004 1.08137 -0.420677 -0.0272512 0
0 906 phononL 0.004 1.31633 0.104354 -0.00163104 0
0 907 phononL 0.004 1.17267 -1.10814 -0.0222971 0
0 908 phononL 0.004 0.777131 0.905584 -0.0347931 0
0 909 phononL 0.004 1.28449 -1.35749 0.0178594 0
0 910 phononL 0.004 0.734034 0.606578 -0.0155022 0
0 911 phononL 0.004 -0.0580738 0.626647 -0.0167696 0
0 912 phononL 0.004 1.38576 1.01106 0.0025074 0
0 913 phononL 0.004 -0.577801 -1.34923 -0.000700563 0
0 914 phononL 0.004 0.120944 0.567762 -0.0242248 0
0 915 phononL 0.004 -0.243139 -1.167 -0.0376802 0
0 916 phononL 0.004 0.487898 1.1467 0.019381 0
0 917 phononL 0.004 1.39742 -0.292263 0.0256213 0
0 918 phononL 0.004 -1.06525 0.857719 0.0143836 0
0 919 phononL 0.004 0.150862 0.526518 -0.0261799 0
0 920 phononL 0.004 -1.38818 0.718466 -0.0394488 0
0 921 phononL 0.004 0.61224 0.771057 -0.0395026 0
0 922 phononL 0.004 1.46411 0.189829 0.0238067 0
0 923 phononL 0.004 1.18526 0.454183 -0.0296854 0
0 924 phononL 0.004 -0.624189 0.511441 0.0199521 0
0 925 phononL 0.004 -0.115195 0.538965 -0.0355407 0
0 926 phononL 0.004 -0.75843 -0.10803 -0.00616214 0
0 927 phononL 0.004 0.76298 -0.201852 0.0190732 0
0 928 phononL 0.004 -1.27039 -0.211321 0.0306743 0
0 929 phononL 0.004 1.3105 1.13035 -0.0195995 0
0 930 phononL 0.004 0.0289223 -0.661298 0.0109116 0
0 931 phononL 0.004 0.236927 0.329329 -0.0281767 0
0 932 phononL 0.004 -0.450733 -0.66163 0.00783471 0
0 933 phononL 0.004 0.830433 -0.246923 -0.00608286 0
0 934 phononL 0.004 1.4868 -0.122818 -0.00891447 0
0 935 phononL 0.004 0.112115 1.35237 -0.0167863 0
0 936 phononL 0.004 0.497045 -0.953786 -0.0296456 0
0 937 phononL 0.004 0.45443 0.574463 -0.0272321 0
0 938 phononL 0.004 0.859871 -0.588952 -0.0386229 0
0 939 phononL 0.004 -1.4193 -0.132703 0.0248715 0
0 940 phononL 0.004 -0.95833 1.003 -0.00249661 0
0 941 phononL 0.004 -0.457146 0.901071 0.0253398 0
0 942 phononL 0.004 1.26943 -0.525189 0.0244981 0
0 943 phononL 0.004 -0.293082 0.96448 0.00817926 0
0 944 phononL 0.004 -0.529306 -0.960092 -0.0106913 0
0 945 phononL 0.004 0.0360691 1.49365 0.0243663 0
0 946 phononL 0.004 -0.236196 0.769467 0.000513631 0
0 947 phononL 0.004 1.05616 -0.0913547 0.00159701 0
0 948 phononL 0.004 0.108359 1.43276 0.0272071 0
0 949 phononL 0.004 0.504898 -0.151305 -0.0353886 0
0 950 phononL 0.004 1.46079 1.05829 -0.00400337 0
0 951 phononL 0.004 0.00318979 -1.21272 -0.0154453 0
0 952 phononL 0.004 -1.43041 -1.10892 0.0194778 0
0 953 phononL 0.004 -0.715088 0.604135 -0.0394342 0
0 954 phononL 0.004 -0.708727 0.966609 -0.0141582 0
0 955 phononL 0.004 0.860651 0.243476 0.0265744 0
0 956 phononL 0.004 -1.3499 0.834111 -0.0299929 0
0 957 phononL 0.004 -1.05395 0.125856 0.0044098 0
0 958 phononL 0.004 -1.45622 0.20238 -0.00711949 0
0 959 phononL 0.004 -0.725772 0.573966 0.0234824 0
0 960 phononL 0.004 -0.210697 -0.740029 0.0368824 0
0 961 phononL 0.004 -1.11896 0.0131987 0.0349071 0
0 962 phononL 0.004 0.988134 -0.00587532 0.0142742 0
0 963 phononL 0.004 -1.0303 -0.849265 0.0178537 0
0 964 phononL 0.004 -0.783917 0.810418 -0.0200815 0
0 965 phononL 0.004 0.687434 0.601177 0.00764478 0
0 966 phononL 0.004 0.155383 0.608968 0.00107033 0
0 967 phononL 0.004 -0.85571 -1.05548 -0.0260934 0
0 968 phononL 0.004 0.819025 -0.231039 0.0399643 0
0 969 phononL 0.004 -1.49566 -0.122932 0.0399768 0
0 970 phononL 0.004 1.30017 -0.944147 -0.0182016 0
0 971 phononL 0.004 -0.709328 1.50699 0.0303297 0
0 972 phononL 0.004 -1.32326 -0.0938916 0.00492157 0
0 973 phononL 0.004 1.1105 0.403883 -0.0208513 0
0 974 phononL 0.004 0.731766 -1.48635 0.00506594 0
0 975 phononL 0.004 -1.48286 -1.14302 0.0155589 0
0 976 phononL 0.004 0.726791 -1.1283 0.00135551 0
0 977 phononL 0.004 -0.761873 0.0799109 -0.019309 0
0 978 phononL 0.004 -0.221984 -0.776184 0.0293555 0
0 979 phononL 0.004 -0.220134 0.229303 -0.014345 0
0 980 phononL 0.004 0.163245 0.60487 0.00707351 0
0 981 phononL 0.004 -1.45992 -1.3554 -0.00695941 0
0 982 phononL 0.004 -0.237348 0.629463 0.0388412 0
0 983 phononL 0.004 -1.48665 1.35592 0.0378128 0
0 984 phononL 0.004 -1.20123 -0.442812 0.0172452 0
0 985 phononL 0.004 0.445621 0.947638 0.0187617 0
0 986 phononL 0.004 -0.326404 1.30729 -0.0314999 0
0 987 phononL 0.004 1.03653 0.326824 -0.0206266 0
0 988 phononL 0.004 -1.45523 -1.05821 0.026765 0
0 989 phononL 0.004 0.739594 -0.277802 0.0124743 0
0 990 phononL 0.004 -0.970303 0.919569 -0.00183121 0
0 991 phononL 0.004 0.0756806 0.0651324 0.0350548 0
0 992 phononL 0.004 -0.781879 0.572855 -0.0256056 0
0 993 phononL 0.004 -0.998548 -0.11786 0.0024231 0
0 994 phononL 0.004 -1.25522 1.44002 0.0399861 0
0 995 phononL 0.004 1.13788 1.49096 0.0158083 0
0 996 phononL 0.004 -0.126831 -1.49379 -0.0309486 0
0 997 phononL 0.004 0.878938 -0.681143 -0.0322562 0
0 998 phononL 0.004 1.36965 0.119891 -0.0244796 0
0 999 phononL 0.004 -1.03838 -1.25824 0.029377 0
0 1000 phononL 0.004 0.143683 -1.02856 0.0294322 0
0 1001 phononL 0.004 -1.43076 0.683797 0.0396215 0
0 1002 phononL 0.004 -0.497245 -1.42452 -0.0108027 0
0 1003 phononL 0.004 0.339425 -1.41725 -0.0369308 0
0 1004 phononL 0.004 0.781404 1.08739 0.0316656 0
0 1005 phononL 0.004 1.44897 0.667098 0.00309442 0
0 1006 phononL 0.004 -0.752457 0.429738 -0.0118632 0
0 1007 phononL 0.004 -1.19548 -1.11974 0.0112468 0
0 1008 phononL 0.004 -1.25781 -0.315517 -0.00966059 0
0 1009 phononL 0.004 -0.317206 -0.249038 -0.0272105 0
0 1010 phononL 0.004 1.16533 0.601594 0.0395995 0
0 1011 phononL 0.004 -0.682677 -0.32673 -0.015247 0
0 1012 phononL 0.004 0.498283 -0.606363 -0.00893287 0
0 1013 phononL 0.004 -1.20029 -0.00939813 0.0187017 0
0 1014 phononL 0.004 0.92077 0.94256 -0.0084766 0
0 1015 phononL 0.004 -0.389966 0.964085 0.0105264 0
0 1016 phononL 0.004 -0.320047 1.23388 -0.030133 0
0 1017 phononL 0.004 1.10834 0.194843 0.0364744 0
0 1018 phononL 0.004 1.18199 -0.515871 -0.0386305 0
0 1019 phononL 0.004 0.684898 -0.60067 0.0240802 0
0 1020 phononL 0.004 0.353684 -0.0491418 -0.0140169 0
0 1021 phononL 0.004 -1.04676 0.714232 -0.0209688 0
0 1022 phononL 0.004 0.919647 0.264161 0.0106247 0
0 1023 phononL 0.004 -0.455372 0.0368091 -0.0124578 0
0 1024 phononL 0.004 1.45648 -1.1431 -0.0228193 0
0 1025 phononL 0.004 -1.35947 -0.91721 -0.0372 0
0 1026 phononL 0.004 -0.468829 1.27768 -0.0131499 0
0 1027 phononL 0.004 -1.04479 1.2646 -0.0329342 0
0 1028 phononL 0.004 1.48196 -1.02077 -0.0352325 0
0 1029 phononL 0.004 -0.663703 0.0335679 -0.00427267 0
0 1030 phononL 0.004 -0.48906 0.794154 -0.0363573 0
0 1031 phononL 0.004 -0.295652 0.939371 -0.0173459 0
0 1032 phononL 0.004 1.35218 -1.31288 0.0010535 0
0 1033 phononL 0.004 0.966353 1.17501 -0.025396 0
0 1034 phononL 0.004 -1.34291 0.209952 -0.007818 0
0 1035 phononL 0.004 0.556026 0.0211946 -0.0218409 0
0 1036 phononL 0.004 -0.173987 1.04056 0.0244212 0
0 1037 phononL 0.004 0.606038 -1.10504 0.0294034 0
0 1038 phononL 0.004 0.540923 1.12609 0.011464 0
0 1039 phononL 0.004 -1.41612 0.584672 -0.0151705 0
0 1040 phononL 0.004 -1.17543 -0.998154 0.00331353 0
0 1041 phononL 0.004 0.940595 0.795096 -0.0357556 0
0 1042 phononL 0.004 1.0534 -1.16966 -0.0295662 0
0 1043 phononL 0.004 1.32496 -1.07186 0.00418136 0
0 1044 phononL 0.004 -0.818061 -0.444423 0.0339425 0
0 1045 phononL 0.004 -1.20346 0.278565 0.0070846 0
0 1046 phononL 0.004 -0.997916 -0.590941 0.022414 0
0 1047 phononL 0.004 -0.540719 -1.08767 0.014959 0
0 1048 phononL 0.004 -0.531121 -1.35579 0.0235508 0
0 1049 phononL 0.004 -0.482867 0.405372 0.0236842 0
0 1050 phononL 0.004 -1.1131 0.588793 -0.0193641 0
0 1051 phononL 0.004 -0.679218 -0.268187 -0.0310026 0
0 1052 phononL 0.004 -0.104591 1.40734 -0.0251994 0
0 1053 phononL 0.004 1.48843 -0.209266 -0.0391648 0
0 1054 phononL 0.004 -0.494215 1.16287 0.00716525 0
0 1055 phononL 0.004 -1.35201 -0.34902 -0.000163018 0
0 1056 phononL 0.004 0.274759 -0.510288 0.0357682 0
0 1057 phononL 0.004 1.3044 -0.00307923 0.0310978 0
0 1058 phononL 0.004 0.81116 0.478893 -0.0124257 0
0 1059 phononL 0.004 -0.655792 1.07777 -0.0386224 0
0 1060 phononL 0.004 -0.796824 -0.913538 0.0196092 0
0 1061 phononL 0.004 -1.13968 -0.79651 -0.031313 0
0 1062 phononL 0.004 0.123906 0.737666 0.0357719 0
0 1063 phononL 0.004 0.615002 1.11614 -0.00531996 0
0 1064 phononL 0.004 -0.215764 1.3323 0.00139681 0
0 1065 phononL 0.004 1.24634 -0.65215 0.000790355 0
0 1066 phononL 0.004 1.1505 1.49386 0.0123051 0
0 1067 phononL 0.004 -0.513614 0.915503 0.0375305 0
0 1068 phononL 0.004 0.0753002 0.196048 -0.0376716 0
0 1069 phononL 0.004 -1.18258 -0.983335 -0.03969 0
0 1070 phononL 0.004 0.153287 -1.16052 0.0170936 0
0 1071 phononL 0.004 -1.20272 -1.0961 0.0158543 0
0 1072 phononL 0.004 1.11918 -0.34109 0.00030494 0
0 1073 phononL 0.004 1.26301 1.25472 -0.00469894 0
0 1074 phononL 0.004 -0.76645 1.04306 0.00695286 0
0 1075 phononL 0.004 -0.595827 1.44974 -0.00149244 0
0 1076 phononL 0.004 -1.41752 0.771122 0.0124854 0
0 1077 phononL 0.004 -0.135758 -0.263057 0.0226198 0
0 1078 phononL 0.004 -1.36629 0.537572 -0.00323262 0
0 1079 phononL 0.004 -0.190894 0.210368 -0.00437589 0
0 1080 phononL 0.004 -0.998812 -0.555637 0.0067601 0
0 1081 phononL 0.004 -0.00282944 0.448133 0.00933427 0
0 1082 phononL 0.004 1.41256 -1.3468 -0.0346882 0
0 1083 phononL 0.004 -1.13701 1.18994 0.0299553 0
0 1084 phononL 0.004 0.611953 -1.37397 -0.0268046 0
0 1085 phononL 0.004 1.39371 0.0286596 -0.0067012 0
0 1086 phononL 0.004 -0.131768 1.07665 0.00219235 0
0 1087 phononL 0.004 -1.10001 -0.588559 -0.0170503 0
0 1088 phononL 0.004 0.047972 1.06993 0.00838428 0
0 1089 phononL 0.004 0.186716 -1.05524 -0.0234915 0
0 1090 phononL 0.004 0.552614 0.987246 -0.0102371 0
0 1091 phononL 0.004 1.10602 -0.688243 -0.0103473 0
0 1092 phononL 0.004 -0.208384 -0.0263839 0.0377367 0
0 1093 phononL 0.004 0.411293 0.21446 0.0214387 0
0 1094 phononL 0.004 1.06495 1.07709 0.0394724 0
0 1095 phononL 0.004 -0.147593 0.990142 -0.0221782 0
0 1096 phononL 0.004 -0.862735 -1.13683 0.0247348 0
0 1097 phononL 0.004 0.888181 -1.20378 0.0103848 0
0 1098 phononL 0.004 -0.730985 0.349283 0.0343403 0
0 1099 phononL 0.004 0.685318 0.0386165 -0.0388232 0
0 1100 phononL 0.004 -1.21383 0.305651 0.0229003 0
0 1101 phononL 0.004 -1.0475 -0.66908 0.0298228 0
0 1102 phononL 0.004 0.368954 -0.558456 -0.0152884 0
0 1103 phononL 0.004 0.660509 1.20425 0.0251471 0
0 1104 phononL 0.004 0.14851 0.244938 -0.00226317 0
0 1105 phononL 0.004 -0.851676 0.3804 -0.00248934 0
0 1106 phononL 0.004 -1.46371 0.253333 0.00615145 0
0 1107 phononL 0.004 0.0690395 -0.617497 -0.00546964 0
0 1108 phononL 0.004 0.815296 -1.01157 -0.0194936 0
0 1109 phononL 0.004 0.334191 -0.219586 -0.00990597 0
0 1110 phononL 0.004 0.727201 0.434694 -0.0225843 0
0 1111 phononL 0.004 1.44044 -1.4947 -0.0113148 0
0 1112 phononL 0.004 -0.421682 0.14876 -0.00194997 0
0 1113 phononL 0.004 -0.870298 -0.811101 -0.0188929 0
0 1114 phononL 0.004 0.762162 -1.04565 0.0124674 0
0 1115 phononL 0.004 0.0860598 0.510055 0.0374959 0
0 1116 phononL 0.004 -0.432777 -0.46869 -0.00743824 0
0 1117 phononL 0.004 0.161555 -0.411274 -0.0390922 0
0 1118 phononL 0.004 0.528921 0.0838396 0.039638 0
0 1119 phononL 0.004 1.39268 -1.20045 -0.0237766 0
0 1120 phononL 0.004 0.755424 1.46227 -0.0217653 0
0 1121 phononL 0.004 -0.344778 -1.50187 0.0336586 0
0 1122 phononL 0.004 1.30307 0.42832 0.00797487 0
0 1123 phononL 0.004 -0.195673 0.265657 -0.0176828 0
0 1124 phononL 0.004 0.90629 -0.749387 0.000300871 0
0 1125 phononL 0.004 -1.33238 -0.453697 0.00344525 0
0 1126 phononL 0.004 0.655695 1.33709 0.0357019 0
0 1127 phononL 0.004 -0.00296562 -0.738422 0.00653056 0
0 1128 phononL 0.004 -0.00958849 -0.614948 0.0350781 0
0 1129 phononL 0.004 -0.687236 0.637026 -0.031603 0
0 1130 phononL 0.004 -0.169453 -0.251714 -0.0241359 0
0 1131 phononL 0.004 1.15714 1.44898 0.0312515 0
0 1132 phononL 0.004 0.307924 0.787003 0.00950557 0
0 1133 phononL 0.004 -1.25176 -1.36303 0.00619569 0
0 1134 phononL 0.004 0.75547 -1.24873 -0.0395504 0
0 1135 phononL 0.004 -0.501135 0.690607 -0.00536616 0
0 1136 phononL 0.004 1.48109 1.23616 -0.0283931 0
0 1137 phononL 0.004 0.759625 -1.26018 0.0391102 0
0 1138 phononL 0.004 -0.74514 1.30161 0.0251653 0
0 1139 phononL 0.004 1.18397 -1.30259 -0.00871814 0
0 1140 phononL 0.004 1.33896 0.177244 -0.024695 0
0 1141 phononL 0.004 -0.589588 -0.0470115 -0.000538911 0
0 1142 phononL 0.004 -0.696508 1.12947 0.0272919 0
0 1143 phononL 0.004 -1.29479 1.17827 0.0207385 0
0 1144 phononL 0.004 0.94742 -0.663545 0.0273839 0
0 1145 phononL 0.004 0.206642 0.0438566 0.0156054 0
0 1146 phononL 0.004 -0.112715 -1.44067 0.0370832 0
0 1147 phononL 0.004 0.0864267 -1.01443 0.0216262 0
0 1148 phononL 0.004 -0.924562 0.915217 -0.0169895 0
0 1149 phononL 0.004 -1.07336 -0.850835 -0.0274025 0
0 1150 phononL 0.004 0.396084 0.417701 -0.0299408 0
0 1151 phononL 0.004 -0.693278 -1.15755 -0.0257089 0
0 1152 phononL 0.004 -1.2908 -1.12735 -0.0263157 0
0 1153 phononL 0.004 -0.805817 0.924877 -0.0247831 0
0 1154 phononL 0.004 0.565436 0.569458 0.0261109 0
0 1155 phononL 0.004 0.874608 1.32151 0.034511 0
0 1156 phononL 0.004 1.46666 -1.402 0.0308461 0
0 1157 phononL 0.004 1.30475 -1.33391 0.0030229 0
0 1158 phononL 0.004 -0.688487 -1.34498 0.0344638 0
0 1159 phononL 0.004 1.32552 -0.870171 0.0208278 0
0 1160 phononL 0.004 0.0214981 0.471361 0.0343346 0
0 1161 phononL 0.004 1.18866 1.50123 0.0208866 0
0 1162 phononL 0.004 0.373586 1.28437 0.0282328 0
0 1163 phononL 0.004 -0.638458 0.186837 0.0222304 0
0 1164 phononL 0.004 -0.430656 -1.16393 0.0166043 0
0 1165 phononL 0.004 -1.32397 -0.875778 -0.0339527 0
0 1166 phononL 0.004 0.56715 -0.587202 0.0232749 0
0 1167 phononL 0.004 -0.685396 -1.07982 -0.00285452 0
0 1168 phononL 0.004 -0.102492 1.16834 0.0198422 0
0 1169 phononL 0.004 0.0624525 0.807989 -0.0312209 0
0 1170 phononL 0.004 -0.0303372 -0.0861706 -0.0347966 0
0 1171 phononL 0.004 0.529076 -0.659316 -0.0355588 0
0 1172 phononL 0.004 0.515712 0.416805 0.015065 0
0 1173 phononL 0.004 -1.48964 -0.354305 0.0249368 0
0 1174 phononL 0.004 1.24231 -1.41276 0.0190815 0
0 1175 phononL 0.004 1.2364 -0.765133 0.00920672 0
0 1176 phononL 0.004 -1.30718 0.779046 -0.0331773 0
0 1177 phononL 0.004 1.0223 1.4674 -0.0148605 0
0 1178 phononL 0.004 1.28651 0.949885 0.0332973 0
0 1179 phononL 0.004 -1.36039 1.33561 -0.028262 0
0 1180 phononL 0.004 0.287819 0.73778 -0.0321244 0
0 1181 phononL 0.004 1.43102 0.145294 0.0172315 0
0 1182 phononL 0.004 0.573011 -0.313332 0.00286035 0
0 1183 phononL 0.004 -0.793473 -1.37212 -0.0128765 0
0 1184 phononL 0.004 0.378495 -0.447283 -0.0143309 0
0 1185 phononL 0.004 -1.15911 -1.18582 0.0116681 0
0 1186 phononL 0.004 0.583328 -0.358131 0.0359853 0
0 1187 phononL 0.004 -0.763397 -0.95537 -0.00283976 0
0 1188 phononL 0.004 0.566024 -1.41602 -0.013178 0
0 1189 phononL 0.004 -1.48756 -1.42857 0.0212827 0
0 1190 phononL 0.004 0.963517 -1.01155 -0.00818333 0
0 1191 phononL 0.004 1.38177 -1.30628 -0.0396177 0
0 1192 phononL 0.004 0.364972 -0.427785 -0.0120162 0
0 1193 phononL 0.004 -0.335154 -1.06153 0.0107522 0
0 1194 phononL 0.004 -0.502341 0.222766 0.0361471 0
0 1195 phononL 0.004 -0.646442 -0.827926 0.00950653 0
0 1196 phononL 0.004 -1.13236 0.0739911 0.0350823 0
0 1197 phononL 0.004 0.341106 -0.843876 -0.018893 0
0 1198 phononL 0.004 -0.595436 -0.128931 -0.0118722 0
0 1199 phononL 0.004 -1.42881 0.253974 0.0217754 0
0 1200 phononL 0.004 -0.20429 -1.19526 0.00243066 0
0 1201 phononL 0.004 -0.64261 1.25994 -0.0210458 0
0 1202 phononL 0.004 -0.746069 -0.397074 -0.0329404 0
0 1203 phononL 0.004 0.561803 -0.484792 -0.0186468 0
0 1204 phononL 0.004 -0.203635 0.460609 -0.00357197 0
0 1205 phononL 0.004 1.46926 -0.504264 -0.0356836 0
0 1206 phononL 0.004 -1.01027 -1.38054 -0.0139271 0
0 1207 phononL 0.004 0.474742 -1.17219 -0.0217676 0
0 1208 phononL 0.004 -1.14455 1.14711 -0.0311581 0
0 1209 phononL 0.004 1.095 -0.228252 -0.0332379 0
0 1210 phononL 0.004 -0.321791 -0.0105419 -0.00595283 0
0 1211 phononL 0.004 0.611415 0.936912 -0.0343117 0
0 1212 phononL 0.004 -0.786056 0.490914 -0.00227709 0
0 1213 phononL 0.004 -0.786274 -0.332906 -0.00683417 0
0 1214 phononL 0.004 0.192802 1.28777 0.00947313 0
0 1215 phononL 0.004 0.808007 0.438217 -0.0395656 0
0 1216 phononL 0.004 -0.687703 -1.15607 -0.0299664 0
0 1217 phononL 0.004 -0.544151 1.50258 -0.0298886 0
0 1218 phononL 0.004 -1.11232 -0.116934 0.00304298 0
0 1219 phononL 0.004 -1.24666 -1.40102 -0.0271723 0
0 1220 phononL 0.004 -0.819913 1.24129 0.0188308 0
0 1221 phononL 0.004 -0.953778 -0.567681 0.0188093 0
0 1222 phononL 0.004 1.00804 -1.01107 0.0038172 0
0 1223 phononL 0.004 0.893936 0.935986 0.00710099 0
0 1224 phononL 0.004 -0.877215 1.07243 -0.0091604 0
0 1225 phononL 0.004 -0.489122 -1.43734 -0.00462882 0
0 1226 phononL 0.004 -0.560658 -1.1383 0.0263296 0
0 1227 phononL 0.004 1.40663 0.189449 -0.0310082 0
0 1228 phononL 0.004 1.22493 0.26702 -0.0162971 0
0 1229 phononL 0.004 -1.2843 1.27865 -0.010871 0
0 1230 phononL 0.004 -0.910594 -0.932772 -0.0328641 0
0 1231 phononL 0.004 -0.48755 0.408234 0.0247055 0
0 1232 phononL 0.004 1.02902 -0.118969 -0.0289227 0
0 1233 phononL 0.004 -1.08222 -0.927534 -0.00173393 0
0 1234 phononL 0.004 0.41047 -0.636318 -0.000297567 0
0 1235 phononL 0.004 -0.26834 -1.26018 -0.0328922 0
0 1236 phononL 0.004 -0.134168 -0.734888 0.0192807 0
0 1237 phononL 0.004 -0.917006 -1.24676 0.0250234 0
0 1238 phononL 0.004 1.20555 1.07566 0.0242102 0
0 1239 phononL 0.004 0.801494 0.649352 0.00363773 0
0 1240 phononL 0.004 -0.241235 0.407822 0.0174506 0
0 1241 phononL 0.004 0.445419 1.27724 -0.0140576 0
0 1242 phononL 0.004 -0.101841 -1.2387 0.0145438 0
0 1243 phononL 0.004 -0.666588 -0.945774 0.00494687 0
0 1244 phononL 0.004 1.34282 1.44076 -0.0321976 0
0 1245 phononL 0.004 1.24329 0.419093 0.0131681 0
0 1246 phononL 0.004 -0.342594 1.12998 0.0128372 0
0 1247 phononL 0.004 -0.699817 -0.539102 -0.0334927 0
0 1248 phononL 0.004 -0.772956 -1.18684 0.0330717 0
0 1249 phononL 0.004 1.48286 0.40436 0.0266137 0
0 1250 phononL 0.004 -0.679353 0.341512 0.00110057 0
0 1251 phononL 0.004 -0.00901553 1.4701 -0.0269312 0
0 1252 phononL 0.004 -1.40177 -0.0423281 0.0286255 0
0 1253 phononL 0.004 0.274494 -1.33394 -0.00192438 0
0 1254 phononL 0.004 0.112521 0.418312 0.0380708 0
0 1255 phononL 0.004 -0.642888 -0.702825 0.0100109 0
0 1256 phononL 0.004 -0.219331 -0.809355 0.0282643 0
0 1257 phononL 0.004 -0.0919944 0.212478 -0.0251387 0
0 1258 phononL 0.004 -0.482066 -1.14097 -0.0303471 0
0 1259 phononL 0.004 -1.29492 -0.682534 0.00539106 0
0 1260 phononL 0.004 -1.47331 1.2711 0.0378513 0
0 1261 phononL 0.004 0.572063 0.547947 -0.0381376 0
0 1262 phononL 0.004 0.818886 0.99728 0.00232611 0
0 1263 phononL 0.004 0.663273 -0.218887 0.0170403 0
0 1264 phononL 0.004 -1.04287 -0.0912582 -0.00113532 0
0 1265 phononL 0.004 -0.568274 0.32607 0.0380368 0
0 1266 phononL 0.004 1.42007 0.738419 0.0213574 0
0 1267 phononL 0.004 1.08802 0.104889 0.0370065 0
0 1268 phononL 0.004 1.0006 -0.0134392 0.0144617 0
0 1269 phononL 0.004 -0.869627 -0.362474 0.0176672 0
0 1270 phononL 0.004 -1.28161 0.298834 0.00384862 0
0 1271 phononL 0.004 1.26803 -0.129678 0.0194838 0
0 1272 phononL 0.004 1.16407 -0.1918 -0.021801 0
0 1273 phononL 0.004 -0.694812 0.132864 0.0353195 0
0 1274 phononL 0.004 -0.978015 -0.373245 -0.00751228 0
0 1275 phononL 0.004 1.1292 0.422764 0.00375624 0
0 1276 phononL 0.004 -0.0110301 0.185402 0.00628387 0
0 1277 phononL 0.004 -0.600938 1.26801 0.0160209 0
0 1278 phononL 0.004 0.51809 0.0704635 0.000561696 0
0 1279 phononL 0.004 -0.596083 0.445539 0.0366831 0
0 1280 phononL 0.004 0.0231662 -0.224994 0.000176613 0
0 1281 phononL 0.004 0.136568 0.269347 -0.0126383 0
0 1282 phononL 0.004 0.813906 0.616363 0.0174137 0
0 1283 phononL 0.004 -0.230062 0.84469 0.0261158 0
0 1284 phononL 0.004 -1.14986 1.34138 -0.0341314 0
0 1285 phononL 0.004 0.437274 -0.398852 0.00851615 0
0 1286 phononL 0.004 -1.17547 1.18211 0.0176384 0
0 1287 phononL 0.004 -0.729511 -0.982305 -0.00825947 0
0 1288 phononL 0.004 1.41148 -0.0884832 -0.0163633 0
0 1289 phononL 0.004 -0.707232 -0.0221567 -0.00779317 0
0 1290 phononL 0.004 0.496422 1.12892 -0.0237756 0
0 1291 phononL 0.004 -0.751511 0.364281 0.028885 0
0 1292 phononL 0.004 1.42093 1.32452 -0.00615283 0
0 1293 phononL 0.004 1.28683 0.29652 0.0264705 0
0 1294 phononL 0.004 0.736866 -0.021375 -0.033762 0
0 1295 phononL 0.004 -1.50171 -0.431864 0.00426364 0
0 1296 phononL 0.004 -1.05694 0.107447 0.0109262 0
0 1297 phononL 0.004 -0.934111 -0.81941 0.00163047 0
0 1298 phononL 0.004 0.75684 -0.490832 0.00286719 0
0 1299 phononL 0.004 0.198744 -0.0890479 0.00562703 0
0 1300 phononL 0.004 -0.795193 -0.9747 0.00595101 0
0 1301 phononL 0.004 0.0943439 -0.31319 -0.0165731 0
0 1302 phononL 0.004 1.02453 -1.25107 -0.0322318 0
0 1303 phononL 0.004 -0.920383 -0.187446 -0.0231562 0
0 1304 phononL 0.004 0.460266 -0.757427 0.0306311 0
0 1305 phononL 0.004 -0.211762 -1.47524 0.0337627 0
0 1306 phononL 0.004 1.40858 -0.4646 -0.0293353 0
0 1307 phononL 0.004 0.704708 -0.0592777 -0.0367969 0
0 1308 phononL 0.004 -0.701288 -0.313276 0.0170624 0
0 1309 phononL 0.004 -1.0008 -0.873003 0.0154617 0
0 1310 phononL 0.004 0.567052 0.704994 -0.0218719 0
0 1311 phononL 0.004 -0.539512 -0.814955 -0.0185645 0
0 1312 phononL 0.004 -0.241604 0.605222 -0.0275823 0
0 1313 phononL 0.004 0.371951 0.973337 -0.0233573 0
0 1314 phononL 0.004 1.07415 -0.401452 -0.0265712 0
0 1315 phononL 0.004 -0.0987991 0.120145 0.0184377 0
0 1316 phononL 0.004 -0.463684 -1.2381 0.0185998 0
0 1317 phononL 0.004 -1.44819 0.733484 -0.0307115 0
0 1318 phononL 0.004 0.0906307 0.954044 0.0241886 0
0 1319 phononL 0.004 0.286767 -0.0942342 -0.0212217 0
0 1320 phononL 0.004 -0.833406 -0.933173 -0.0284786 0
0 1321 phononL 0.004 -0.75121 0.604065 -0.0158074 0
0 1322 phononL 0.004 0.00495092 0.304734 -0.0222546 0
0 1323 phononL 0.004 0.870049 -0.421241 -0.00276253 0
0 1324 phononL 0.004 -0.33311 -1.31268 -0.0217353 0
0 1325 phononL 0.004 0.386947 -0.840258 0.0261713 0
0 1326 phononL 0.004 0.933095 -0.706421 0.0106862 0
0 1327 phononL 0.004 0.206873 -0.969391 -0.00331038 0
0 1328 phononL 0.004 1.01199 1.04996 0.0229592 0
0 1329 phononL 0.004 1.40827 1.00491 0.0200026 0
0 1330 phononL 0.004 -0.835541 -0.204205 -0.0191516 0
0 1331 phononL 0.004 -0.00318379 0.798051 -0.00209069 0
0 1332 phononL 0.004 -0.153087 0.369546 0.0341763 0
0 1333 phononL 0.004 -1.27181 0.205804 -0.0100547 0
0 1334 phononL 0.004 0.998357 -0.0226581 -0.0115948 0
0 1335 phononL 0.004 -1.25767 -1.10017 -0.0350444 0
0 1336 phononL 0.004 0.84032 -0.809183 -0.0121896 0
0 1337 phononL 0.004 -1.06313 0.581118 0.0191594 0
0 1338 phononL 0.004 0.532317 -0.524076 0.0337828 0
0 1339 phononL 0.004 1.32262 1.07928 0.00613769 0
0 1340 phononL 0.004 1.23252 -0.740764 0.0201617 0
0 1341 phononL 0.004 0.808494 0.441161 0.0273568 0
0 1342 phononL 0.004 0.733832 0.548176 0.0320127 0
0 1343 phononL 0.004 -0.737282 -0.19639 -0.0142243 0
0 1344 phononL 0.004 -1.40041 0.324852 -0.0169534 0
0 1345 phononL 0.004 -0.326817 -0.972115 0.0140025 0
0 1346 phononL 0.004 -0.240646 0.691578 -0.000855082 0
0 1347 phononL 0.004 -1.12357 0.503213 0.0245107 0
0 1348 phononL 0.004 0.172533 0.961462 -0.0229152 0
0 1349 phononL 0.004 0.937208 1.26759 -0.0307417 0
0 1350 phononL 0.004 -0.158446 0.529447 -0.0376423 0
0 1351 phononL 0.004 0.311926 1.08271 -0.0303962 0
0 1352 phononL 0.004 -0.743318 -1.07142 -0.0140878 0
0 1353 phononL 0.004 0.144406 -1.44139 -0.00593246 0
0 1354 phononL 0.004 0.657906 1.35638 0.0318746 0
0 1355 phononL 0.004 -1.07246 -1.41236 -0.0133608 0
0 1356 phononL 0.004 1.36768 0.567226 -0.0125967 0
0 1357 phononL 0.004 -0.101877 -0.975247 -0.00685206 0
0 1358 phononL 0.004 0.535095 -0.672337 -0.00734632 0
0 1359 phononL 0.004 -0.0845113 -1.2804 0.00377356 0
0 1360 phononL 0.004 0.49882 0.474374 -0.0320809 0
0 1361 phononL 0.004 -0.498311 -0.582332 0.0338341 0
0 1362 phononL 0.004 0.565567 -0.962118 -0.0200802 0
0 1363 phononL 0.004 0.0924903 -0.409543 -0.0262705 0
0 1364 phononL 0.004 1.31294 -1.20558 0.00469121 0
0 1365 phononL 0.004 1.43322 0.541654 0.0131477 0
0 1366 phononL 0.004 -0.317455 0.866002 -0.00475933 0
0 1367 phononL 0.004 -1.36779 0.233218 -0.00730204 0
0 1368 phononL 0.004 0.737279 0.0660123 0.0351171 0
0 1369 phononL 0.004 -1.12733 1.37593 0.00348508 0
0 1370 phononL 0.004 -0.72544 1.32557 0.0249395 0
0 1371 phononL 0.004 -0.42377 -0.323832 0.0347971 0
0 1372 phononL 0.004 -0.962899 -0.539199 -0.018981 0
0 1373 phononL 0.004 0.495959 -1.37296 0.0245299 0
0 1374 phononL 0.004 1.39048 -0.846923 -0.00679226 0
0 1375 phononL 0.004 0.429035 -0.637984 0.0159098 0
0 1376 phononL 0.004 1.43469 1.50533 0.0227383 0
0 1377 phononL 0.004 0.859496 -1.19195 0.0248545 0
0 1378 phononL 0.004 0.0279556 -1.30115 0.0241028 0
0 1379 phononL 0.004 -0.58819 1.25332 -0.00801698 0
0 1380 phononL 0.004 0.233785 -0.969281 0.0188375 0
0 1381 phononL 0.004 -1.01256 0.390236 -0.039324 0
0 1382 phononL 0.004 0.812841 0.845627 0.0276974 0
0 1383 phononL 0.004 1.22271 0.575067 -0.011515 0
0 1384 phononL 0.004 0.360562 -0.403427 -0.0227766 0
0 1385 phononL 0.004 0.183028 0.840359 -0.00341149 0
0 1386 phononL 0.004 -0.0513431 0.932253 0.016474 0
0 1387 phononL 0.004 -0.777373 1.1204 0.0239431 0
0 1388 phononL 0.004 1.25564 0.0915409 0.0372104 0
0 1389 phononL 0.004 1.34925 0.0435195 -0.0100645 0
0 1390 phononL 0.004 1.14678 -1.39014 0.0339666 0
0 1391 phononL 0.004 0.691088 0.878208 0.0368678 0
0 1392 phononL 0.004 -0.881243 1.21427 -0.0128832 0
0 1393 phononL 0.004 -1.17057 1.2481 -0.01478 0
0 1394 phononL 0.004 -0.395509 0.215331 0.0375882 0
0 1395 phononL 0.004 -0.793555 -0.803939 0.025524 0
0 1396 phononL 0.004 -0.805672 -1.34548 -0.00444523 0
0 1397 phononL 0.004 -1.48743 -1.00336 -0.0045304 0
0 1398 phononL 0.004 -1.08394 -0.867905 0.0111782 0
0 1399 phononL 0.004 0.588283 0.0090084 0.0120112 0
0 1400 phononL 0.004 -0.624553 -1.14801 -0.00113718 0
0 1401 phononL 0.004 -0.668087 -0.388903 -0.00180055 0
0 1402 phononL 0.004 -1.02283 0.528131 0.00716452 0
0 1403 phononL 0.004 -0.250042 1.1362 0.00948737 0
0 1404 phononL 0.004 -1.22921 0.821951 -0.0324583 0
0 1405 phononL 0.004 -1.49814 1.50384 0.0246279 0
0 1406 phononL 0.004 0.840371 -1.34252 0.00682514 0
0 1407 phononL 0.004 0.940432 -0.281748 0.00716628 0
0 1408 phononL 0.004 0.111251 0.0872673 0.0174065 0
0 1409 phononL 0.004 0.120097 -0.195152 0.0329135 0
0 1410 phononL 0.004 -0.520254 -0.0104577 0.0321637 0
0 1411 phononL 0.004 -0.697012 0.43015 0.0185739 0
0 1412 phononL 0.004 0.479113 0.51544 -0.00552284 0
0 1413 phononL 0.004 -0.906737 -1.38852 0.0389176 0
0 1414 phononL 0.004 0.213852 -0.917587 -0.0223662 0
0 1415 phononL 0.004 0.87108 0.40128 -0.00338303 0
0 1416 phononL 0.004 0.16516 -0.305552 0.018786 0
0 1417 phononL 0.004 0.813377 0.022023 -0.00929835 0
0 1418 phononL 0.004 0.612629 -1.46377 -0.0247018 0
0 1419 phononL 0.004 0.607426 0.67691 0.0263434 0
0 1420 phononL 0.004 -0.209837 1.04572 -0.00519152 0
0 1421 phononL 0.004 -1.1209 -0.977878 -0.0319822 0
0 1422 phononL 0.004 1.00551 -1.16284 -0.0204921 0
0 1423 phononL 0.004 -0.315142 1.36171 0.0233361 0
0 1424 phononL 0.004 1.50102 -0.241671 0.0396858 0
0 1425 phononL 0.004 -0.328426 1.44691 -0.024156 0
0 1426 phononL 0.004 0.580583 -1.25454 -0.0128792 0
0 1427 phononL 0.004 -0.245955 -0.990268 -0.0205649 0
0 1428 phononL 0.004 -1.45193 -1.18214 -0.0257306 0
0 1429 phononL 0.004 0.900169 -0.995153 -0.0219663 0
0 1430 phononL 0.004 -0.780202 1.05349 0.0381126 0
0 1431 phononL 0.004 0.804521 0.527827 -0.00948525 0
0 1432 phononL 0.004 0.821713 1.43122 0.0283767 0
0 1433 phononL 0.004 1.01639 1.0433 0.0340267 0
0 1434 phononL 0.004 -0.470415 -0.308229 0.00572701 0
0 1435 phononL 0.004 -1.49322 -0.328574 -0.000396648 0
0 1436 phononL 0.004 1.4455 -0.766157 -0.0182615 0
0 1437 phononL 0.004 0.6645 -1.34769 0.00637884 0
0 1438 phononL 0.004 -1.48471 0.221428 0.00100009 0
0 1439 phononL 0.004 -1.17216 0.909062 -0.00337972 0
0 1440 phononL 0.004 -0.949548 0.57669 -0.00278958 0
0 1441 phononL 0.004 1.47666 -0.392976 0.0149217 0
0 1442 phononL 0.004 0.648974 1.28602 0.012062 0
0 1443 phononL 0.004 1.12615 1.0588 0.0211325 0
0 1444 phononL 0.004 0.0694483 0.143981 0.0203376 0
0 1445 phononL 0.004 -0.358282 -1.31335 -0.0351732 0
0 1446 phononL 0.004 1.22507 -0.948589 0.034405 0
0 1447 phononL 0.004 0.38706 -1.14785 -0.0282524 0
0 1448 phononL 0.004 -0.708563 0.398057 0.0392777 0
0 1449 phononL 0.004 1.38802 -1.11757 0.00219406 0
0 1450 phononL 0.004 -0.272034 0.890666 0.018458 0
0 1451 phononL 0.004 0.452245 -0.557352 -0.0164357 0
0 1452 phononL 0.004 -0.479322 1.40178 0.0215712 0
0 1453 phononL 0.004 -0.747335 1.33692 0.0103379 0
0 1454 phononL 0.004 -0.112221 1.26289 -0.0105446 0
0 1455 phononL 0.004 0.397707 0.341792 0.0195589 0
0 1456 phononL 0.004 -0.0102831 0.837657 -0.0125723 0
0 1457 phononL 0.004 0.482524 -0.536035 -0.039588 0
0 1458 phononL 0.004 0.279907 -1.23885 0.0314736 0
0 1459 phononL 0.004 -1.15826 -1.37146 -0.0398807 0
0 1460 phononL 0.004 -0.745396 -0.142062 0.0291552 0
0 1461 phononL 0.004 0.81389 0.343803 -0.0390062 0
0 1462 phononL 0.004 -0.47771 1.31878 0.0282577 0
0 1463 phononL 0.004 -0.608178 1.22397 0.0289056 0
0 1464 phononL 0.004 0.635633 0.686917 -0.026761 0
0 1465 phononL 0.004 -0.331684 -0.601103 -0.0356767 0
0 1466 phononL 0.004 -0.896666 1.1243 -0.00533275 0
0 1467 phononL 0.004 0.975556 0.792354 0.03977 0
0 1468 phononL 0.004 0.56996 0.440841 0.0163113 0
0 1469 phononL 0.004 -1.33082 -0.767707 -0.0368256 0
0 1470 phononL 0.004 -1.15324 -0.905054 -0.0397804 0
0 1471 phononL 0.004 -0.396187 -0.441091 -0.015608 0
0 1472 phononL 0.004 0.621164 -0.00370536 -0.0385961 0
0 1473 phononL 0.004 1.30814 -1.26421 -0.00754224 0
0 1474 phononL 0.004 -0.515108 -0.744996 0.0337393 0
0 1475 phononL 0.004 0.9158 -1.43938 -0.0287436 0
0 1476 phononL 0.004 0.886909 -1.20261 -0.00968593 0
0 1477 phononL 0.004 -0.132225 -0.273611 0.0179803 0
0 1478 phononL 0.004 0.11171 -0.94538 -0.026436 0
0 1479 phononL 0.004 -1.20098 1.42849 -0.0351227 0
0 1480 phononL 0.004 -0.599113 0.992445 0.0312161 0
0 1481 phononL 0.004 -0.419482 0.505351 -0.00910365 0
0 1482 phononL 0.004 0.874243 -0.909796 0.000195562 0
0 1483 phononL 0.004 -0.556399 -0.0307919 -0.00939257 0
0 1484 phononL 0.004 0.221416 -0.783249 -0.0136316 0
0 1485 phononL 0.004 0.401157 -0.479873 -0.00927603 0
0 1486 phononL 0.004 0.699113 1.10594 0.00413826 0
0 1487 phononL 0.004 0.749027 0.54757 0.0311383 0
0 1488 phononL 0.004 -0.850215 -0.934761 -0.0396772 0
0 1489 phononL 0.004 -1.31333 -0.640826 0.0190303 0
0 1490 phononL 0.004 1.31264 0.0573963 -0.0204158 0
0 1491 phononL 0.004 0.102603 -0.539896 -0.0225214 0
0 1492 phononL 0.004 1.03692 0.83097 0.0246057 0
0 1493 phononL 0.004 -1.35407 0.791471 -0.0145163 0
0 1494 phononL 0.004 0.542136 -0.770721 0.0235133 0
0 1495 phononL 0.004 -0.303225 1.10128 0.0181081 0
0 1496 phononL 0.004 -0.67956 -0.219755 0.0290601 0
0 1497 phononL 0.004 -0.0457601 -0.203907 -0.00407758 0
0 1498 phononL 0.004 -1.18005 0.731861 -0.0222835 0
0 1499 phononL 0.004 -0.67434 0.670315 -0.0192831 0
0 1500 phononL 0.004 -1.20166 -1.36797 0.00959999 0
0 1501 phononL 0.004 0.77543 0.318115 -0.0351023 0
0 1502 phononL 0.004 -0.188619 1.50371 0.0361278 0
0 1503 phononL 0.004 -1.25057 -1.17952 -0.0254832 0
0 1504 phononL 0.004 -0.859092 -0.358631 -0.012015 0
0 1505 phononL 0.004 0.875873 0.740721 -0.0311742 0
0 1506 phononL 0.004 0.949378 0.35384 0.00327955 0
0 1507 phononL 0.004 0.00923504 0.663797 0.0344708 0
0 1508 phononL 0.004 0.698926 0.727054 0.00382201 0
0 1509 phononL 0.004 -0.915012 0.0508366 0.0206292 0
0 1510 phononL 0.004 1.45698 0.369614 0.0200381 0
0 1511 phononL 0.004 0.543508 -0.845257 0.00013503 0
0 1512 phononL 0.004 -0.191558 -1.27513 -0.0177852 0
0 1513 phononL 0.004 0.400316 -0.1266 0.0268251 0
0 1514 phononL 0.004 0.500004 -0.349917 0.0194475 0
0 1515 phononL 0.004 -0.909846 -0.89282 0.0217229 0
0 1516 phononL 0.004 1.18298 -0.789437 -0.0167736 0
0 1517 phononL 0.004 -0.542394 -0.730406 0.0121896 0
0 1518 phononL 0.004 1.06135 -1.29529 0.0180342 0
0 1519 phononL 0.004 1.11361 0.396846 0.0391089 0
0 1520 phononL 0.004 1.3894 1.1102 0.0237552 0
0 1521 phononL 0.004 -0.964833 0.873753 -0.00721269 0
0 1522 phononL 0.004 0.916353 -1.18811 -0.0152616 0
0 1523 phononL 0.004 -0.07778 -0.599678 -0.00020857 0
0 1524 phononL 0.004 0.170389 -0.0729492 0.00674839 0
0 1525 phononL 0.004 1.11321 0.205848 0.0188108 0
0 1526 phononL 0.004 -0.143469 -1.1864 -0.0316003 0
0 1527 phononL 0.004 -0.542441 0.132768 0.0382669 0
0 1528 phononL 0.004 0.530562 -0.0688458 0.0142653 0
0 1529 phononL 0.004 -0.705467 -1.02052 -0.0368635 0
0 1530 phononL 0.004 1.34088 -1.03577 -0.00305616 0
0 1531 phononL 0.004 -0.0535678 -1.23332 -0.0369127 0
0 1532 phononL 0.004 -1.35683 0.528174 0.0363546 0
0 1533 phononL 0.004 0.619748 -0.423548 -0.0266762 0
0 1534 phononL 0.004 -0.0774039 0.205489 0.0192608 0
0 1535 phononL 0.004 0.768289 -1.06656 0.00198463 0
0 1536 phononL 0.004 0.51317 -1.41406 0.0338264 0
0 1537 phononL 0.004 0.916068 1.21091 -0.017641 0
0 1538 phononL 0.004 -0.78814 -1.02592 -0.0222498 0
0 1539 phononL 0.004 1.09586 0.466704 -0.0296044 0
0 1540 phononL 0.004 -1.03774 -0.357047 0.00141745 0
0 1541 phononL 0.004 -0.926466 -0.540375 0.014698 0
0 1542 phononL 0.004 -0.842407 0.745438 0.00197888 0
0 1543 phononL 0.004 -1.28576 0.645821 0.0285242 0
0 1544 phononL 0.004 0.407992 -0.0849648 -0.0378974 0
0 1545 phononL 0.004 -1.23191 0.937911 -0.0243315 0
0 1546 phononL 0.004 0.44522 1.42565 -0.020512 0
0 1547 phononL 0.004 1.18645 -0.453942 -0.015629 0
0 1548 phononL 0.004 -0.0281748 0.693563 -0.0166339 0
0 1549 phononL 0.004 0.281712 1.07182 -0.0119447 0
0 1550 phononL 0.004 -0.101427 -0.0197628 -0.0332594 0
0 1551 phononL 0.004 -1.11795 -1.43856 -0.0152366 0
0 1552 phononL 0.004 -0.442913 -0.642975 0.00101712 0
0 1553 phononL 0.004 0.694048 0.731401 -0.0135765 0
0 1554 phononL 0.004 1.07929 -1.38048 -0.0045036 0
0 1555 phononL 0.004 0.658782 1.06405 0.0155169 0
0 1556 phononL 0.004 -0.255206 0.224291 -0.033319 0
0 1557 phononL 0.004 1.1636 1.21091 0.0294297 0
0 1558 phononL 0.004 -1.45827 -0.201686 -0.0323453 0
0 1559 phononL 0.004 0.902935 -0.678331 -0.0112684 0
0 1560 phononL 0.004 0.362632 0.935 0.0174528 0
0 1561 phononL 0.004 -1.41349 0.544686 0.0261471 0
0 1562 phononL 0.004 0.36371 1.37482 0.0255781 0
0 1563 phononL 0.004 -0.639203 0.793831 0.0185001 0
0 1564 phononL 0.004 -0.964899 0.466639 0.0214822 0
0 1565 phononL 0.004 -0.866865 1.41304 -0.0229577 0
0 1566 phononL 0.004 -0.167997 0.886029 0.011245 0
0 1567 phononL 0.004 -0.811561 -0.756452 -0.0323211 0
0 1568 phononL 0.004 0.703007 -0.540959 0.0238556 0
0 1569 phononL 0.004 -1.17466 -1.37379 0.0152911 0
0 1570 phononL 0.004 -1.32035 0.215104 0.0219121 0
0 1571 phononL 0.004 0.619446 1.13575 -0.0204422 0
0 1572 phononL 0.004 0.528973 0.808057 0.0279697 0
0 1573 phononL 0.004 -0.627629 -1.0161 -0.00946946 0
0 1574 phononL 0.004 -1.4531 0.232006 0.0215427 0
0 1575 phononL 0.004 0.270763 0.759007 0.0226068 0
0 1576 phononL 0.004 1.3662 0.579254 0.0268884 0
0 1577 phononL 0.004 0.0177582 -0.396047 -0.00874643 0
0 1578 phononL 0.004 0.361831 -0.442921 -0.0233912 0
0 1579 phononL 0.004 0.616401 0.149906 0.0128276 0
0 1580 phononL 0.004 0.915742 -0.143396 0.00089207 0
0 1581 phononL 0.004 -1.44462 1.13772 0.0206492 0
0 1582 phononL 0.004 -1.01582 0.278099 0.00260059 0
0 1583 phononL 0.004 1.0057 -1.38128 -0.0248181 0
0 1584 phononL 0.004 -0.587109 -0.787537 0.0396879 0
0 1585 phononL 0.004 1.47263 1.19736 -0.0130874 0
0 1586 phononL 0.004 -1.22154 0.339035 0.0279731 0
0 1587 phononL 0.004 -0.269274 1.31075 0.013933 0
0 1588 phononL 0.004 0.907778 -0.0882683 -0.0389131 0
0 1589 phononL 0.004 0.164282 -0.545842 -0.0200331 0
0 1590 phononL 0.004 0.593613 -0.941624 0.0106994 0
0 1591 phononL 0.004 -0.200541 0.486188 -0.00685619 0
0 1592 phononL 0.004 -0.725085 -0.885835 -0.000978552 0
0 1593 phononL 0.004 -0.969461 -0.769497 0.0367503 0
0 1594 phononL 0.004 0.172291 1.00344 0.0305183 0
0 1595 phononL 0.004 -0.912164 -1.00441 0.0136472 0
0 1596 phononL 0.004 -0.657211 1.24189 0.00230551 0
0 1597 phononL 0.004 0.628409 -0.678332 -0.0330799 0
0 1598 phononL 0.004 -1.19864 -1.47693 -0.0201833 0
0 1599 phononL 0.004 0.243448 -0.265442 -0.0343983 0
0 1600 phononL 0.004 -1.12469 -1.45017 0.0138557 0
0 1601 phononL 0.004 -0.485861 0.305054 -0.00222646 0
0 1602 phononL 0.004 -1.4928 0.487704 0.000876164 0
0 1603 phononL 0.004 1.13642 0.607969 0.0337432 0
0 1604 phononL 0.004 -1.05652 -0.131187 0.0106111 0
0 1605 phononL 0.004 1.29902 0.264458 -0.0263146 0
0 1606 phononL 0.004 0.227091 0.326229 0.0147513 0
0 1607 phononL 0.004 1.30705 0.115466 -0.0167095 0
0 1608 phononL 0.004 -0.567739 0.511222 0.00907917 0
0 1609 phononL 0.004 0.106827 0.95992 0.036721 0
0 1610 phononL 0.004 0.938734 0.772028 -0.00263079 0
0 1611 phononL 0.004 1.10804 0.00763488 -0.0368649 0
0 1612 phononL 0.004 0.734254 0.316274 -0.0334899 0
0 1613 phononL 0.004 -0.581209 0.822113 0.0206176 0
0 1614 phononL 0.004 -0.366144 0.801074 0.0048427 0
0 1615 phononL 0.004 -0.196654 1.20863 -0.0277574 0
0 1616 phononL 0.004 0.73005 0.443855 0.0313714 0
0 1617 phononL 0.004 0.431304 -1.17841 -0.020952 0
0 1618 phononL 0.004 -0.774511 1.21664 0.00664875 0
0 1619 phononL 0.004 0.157085 -0.988662 0.0193014 0
0 1620 phononL 0.004 -1.42934 0.832442 0.0180153 0
0 1621 phononL 0.004 0.864198 -1.33924 0.031408 0
0 1622 phononL 0.004 1.26372 1.18019 0.0176019 0
0 1623 phononL 0.004 -0.884533 -0.240242 0.010587 0
0 1624 phononL 0.004 -0.975442 -0.330956 0.0156798 0
0 1625 phononL 0.004 1.46474 -1.15123 -0.0232965 0
0 1626 phononL 0.004 -0.88541 0.642765 -0.0280522 0
0 1627 phononL 0.004 0.661811 -1.47622 -0.0379824 0
0 1628 phononL 0.004 -0.421566 -0.840743 0.0331519 0
0 1629 phononL 0.004 -0.9697 -0.057096 -0.0354609 0
0 1630 phononL 0.004 1.00391 -0.486617 0.0112808 0
0 1631 phononL 0.004 -1.01579 0.750913 0.00800638 0
0 1632 phononL 0.004 0.687348 1.10912 -0.0291058 0
0 1633 phononL 0.004 -0.335485 -0.914946 0.0325162 0
0 1634 phononL 0.004 -0.987078 0.757226 0.0327621 0
0 1635 phononL 0.004 0.143865 -0.902255 0.0189197 0
0 1636 phononL 0.004 1.14202 1.17678 0.0351026 0
0 1637 phononL 0.004 0.444386 0.600587 0.0300208 0
0 1638 phononL 0.004 -0.967551 -1.29729 0.00686442 0
0 1639 phononL 0.004 -0.140955 0.510609 -0.0056478 0
0 1640 phononL 0.004 -0.168887 -1.19755 0.00248457 0
0 1641 phononL 0.004 -0.843763 0.82215 -0.0306508 0
0 1642 phononL 0.004 0.982351 -1.30429 -0.0327741 0
0 1643 phononL 0.004 0.0474444 -0.898144 0.0280619 0
0 1644 phononL 0.004 -0.620704 -0.678185 0.0330197 0
0 1645 phononL 0.004 1.3589 -1.10098 0.0184151 0
0 1646 phononL 0.004 0.76516 -1.05593 -0.0361523 0
0 1647 phononL 0.004 1.29232 1.246 0.00137732 0
0 1648 phononL 0.004 1.30883 0.0019477 -0.0278662 0
0 1649 phononL 0.004 -0.151577 -1.05166 -0.0223488 0
0 1650 phononL 0.004 0.74826 0.134635 -0.0143979 0
0 1651 phononL 0.004 0.0454493 0.415175 -0.00168044 0
0 1652 phononL 0.004 1.19203 -1.43108 -0.0347847 0
0 1653 phononL 0.004 1.23722 1.32093 -0.0166546 0
0 1654 phononL 0.004 -1.41536 0.411499 -0.0171143 0
0 1655 phononL 0.004 -0.937492 -0.646029 -0.00274026 0
0 1656 phononL 0.004 -0.100741 1.21454 0.0329389 0
0 1657 phononL 0.004 0.842626 -0.230691 0.0133821 0
0 1658 phononL 0.004 -0.899333 0.800848 0.0287052 0
0 1659 phononL 0.004 -0.273496 -0.871332 -0.0246051 0
0 1660 phononL 0.004 -0.954439 1.27705 -0.00232094 0
0 1661 phononL 0.004 -1.11846 1.23119 -0.017772 0
0 1662 phononL 0.004 1.22808 0.841917 0.022172 0
0 1663 phononL 0.004 -0.893054 1.09796 -0.0186847 0
0 1664 phononL 0.004 -0.000536028 0.491708 0.00672086 0
0 1665 phononL 0.004 -0.25853 -1.43033 -0.0353162 0
0 1666 phononL 0.004 0.708933 0.95439 -0.0349374 0
0 1667 phononL 0.004 0.202587 0.833226 0.034407 0
0 1668 phononL 0.004 -0.198877 -1.23148 -0.0260496 0
0 1669 phononL 0.004 -0.280818 -1.32087 -0.0265527 0
0 1670 phononL 0.004 -1.33033 -0.217883 0.0333671 0
0 1671 phononL 0.004 -1.48319 -0.198628 -0.0190793 0
0 1672 phononL 0.004 -1.44363 -0.177432 0.0182452 0
0 1673 phononL 0.004 -1.3068 0.513687 -0.0327176 0
0 1674 phononL 0.004 -1.1175 -0.431384 0.0385782 0
0 1675 phononL 0.004 0.842566 1.03301 0.0363921 0
0 1676 phononL 0.004 -0.221208 -0.830086 -0.0235121 0
0 1677 phononL 0.004 -0.456605 0.44187 0.0344485 0
0 1678 phononL 0.004 0.965852 0.26455 0.0243291 0
0 1679 phononL 0.004 -0.187938 0.645454 -0.00309379 0
0 1680 phononL 0.004 -0.179527 -1.23484 0.0147464 0
0 1681 phononL 0.004 -1.1132 -1.50687 0.00957149 0
0 1682 phononL 0.004 0.609389 1.46524 0.0325691 0
0 1683 phononL 0.004 -0.442724 -1.02051 -0.0228343 0
0 1684 phononL 0.004 -1.41021 0.41995 -0.0124582 0
0 1685 phononL 0.004 -1.08173 1.44247 0.0185376 0
0 1686 phononL 0.004 1.24234 0.412622 -0.0273439 0
0 1687 phononL 0.004 1.07816 -0.575272 0.0220837 0
0 1688 phononL 0.004 0.25308 0.0288806 -0.0380651 0
0 1689 phononL 0.004 -0.788293 0.366359 0.0204424 0
0 1690 phononL 0.004 0.0560634 -0.768952 0.00257304 0
0 1691 phononL 0.004 1.1157 1.15026 0.03329 0
0 1692 phononL 0.004 0.128803 0.0561454 -0.0266011 0
0 1693 phononL 0.004 0.317297 -1.29626 -0.0150238 0
0 1694 phononL 0.004 -0.551782 0.582573 -0.0345713 0
0 1695 phononL 0.004 0.189592 -1.03149 0.0131926 0
0 1696 phononL 0.004 1.48064 -1.3628 0.0296598 0
0 1697 phononL 0.004 -0.95118 1.17146 0.0271423 0
0 1698 phononL 0.004 0.576531 -1.17406 0.0171302 0
0 1699 phononL 0.004 0.0679242 1.38664 -0.0175082 0
0 1700 phononL 0.004 -0.33377 -0.127739 0.031222 0
0 1701 phononL 0.004 -0.89182 -1.33751 0.0341586 0
0 1702 phononL 0.004 -1.31184 0.383951 0.00907171 0
0 1703 phononL 0.004 0.331306 0.537167 0.0245161 0
0 1704 phononL 0.004 -1.41902 -0.468258 0.0335416 0
0 1705 phononL 0.004 1.01824 0.897077 0.0116191 0
0 1706 phononL 0.004 0.48531 -0.731309 0.0261919 0
0 1707 phononL 0.004 0.967662 -0.139851 0.0367587 0
0 1708 phononL 0.004 -0.574469 -1.38964 -0.0299634 0
0 1709 phononL 0.004 -1.29302 0.372388 0.00595147 0
0 1710 phononL 0.004 -0.899178 -0.517579 0.0148159 0
0 1711 phononL 0.004 1.20638 -0.839804 -0.018985 0
0 1712 phononL 0.004 0.475956 0.524694 0.00525222 0
0 1713 phononL 0.004 0.791641 -0.0270118 0.0302915 0
0 1714 phononL 0.004 0.115401 0.466825 -0.0342683 0
0 1715 phononL 0.004 0.00271353 0.236994 0.0354723 0
0 1716 phononL 0.004 1.38828 -1.04246 -0.0276208 0
0 1717 phononL 0.004 -0.119018 1.4942 -0.0330288 0
0 1718 phononL 0.004 0.530479 -0.528539 -0.00252781 0
0 1719 phononL 0.004 -0.0265247 -0.725101 0.0246582 0
0 1720 phononL 0.004 -0.819369 0.209848 -0.00540679 0
0 1721 phononL 0.004 0.100686 -0.919266 -0.0353124 0
0 1722 phononL 0.004 -0.996438 -0.198159 -0.0364586 0
0 1723 phononL 0.004 -1.31729 -0.33464 -0.0228244 0
0 1724 phononL 0.004 1.30467 0.862378 8.60069e-05 0
0 1725 phononL 0.004 1.42885 1.32754 -0.0273817 0
0 1726 phononL 0.004 0.509859 -0.172436 0.035422 0
0 1727 phononL 0.004 1.42551 -0.146362 -0.0160462 0
0 1728 phononL 0.004 0.699508 0.251969 0.000256346 0
0 1729 phononL 0.004 0.544937 -1.21051 -0.0197356 0
0 1730 phononL 0.004 -0.883103 0.228722 -0.0224496 0
0 1731 phononL 0.004 0.173042 -1.45232 0.0311908 0
0 1732 phononL 0.004 -1.3486 -0.450331 0.0130575 0
0 1733 phononL 0.004 0.0143831 -0.745576 -0.0194293 0
0 1734 phononL 0.004 1.32618 -0.771265 0.00200357 0
0 1735 phononL 0.004 -1.16018 -1.05054 0.0298141 0
0 1736 phononL 0.004 -1.21632 -0.187648 0.0331177 0
0 1737 phononL 0.004 0.367285 1.12317 0.026321 0
0 1738 phononL 0.004 -1.08764 0.209825 0.0374508 0
0 1739 phononL 0.004 0.766955 -0.0142013 -0.0133042 0
0 1740 phononL 0.004 1.47534 0.438376 0.00961948 0
0 1741 phononL 0.004 0.942854 -1.08498 0.0151581 0
0 1742 phononL 0.004 -0.358506 -0.935545 -0.0359218 0
0 1743 phononL 0.004 0.0669447 1.0381 -0.025153 0
0 1744 phononL 0.004 -1.16551 1.42809 0.00937471 0
0 1745 phononL 0.004 -0.0786947 1.32902 0.00944609 0
0 1746 phononL 0.004 0.12519 0.137578 0.034327 0
0 1747 phononL 0.004 1.48468 1.19103 -0.035362 0
0 1748 phononL 0.004 1.42652 1.01222 -0.0247872 0
0 1749 phononL 0.004 0.157687 1.06918 0.0325131 0
0 1750 phononL 0.004 -0.328886 0.176304 -0.00774832 0
0 1751 phononL 0.004 0.845013 -0.988889 -0.0103964 0
0 1752 phononL 0.004 0.866971 1.40015 0.0171773 0
0 1753 phononL 0.004 -0.757817 1.15847 0.00576381 0
0 1754 phononL 0.004 -0.969965 -0.319329 -0.0185434 0
0 1755 phononL 0.004 -0.302853 -0.298741 -0.0373491 0
0 1756 phononL 0.004 -0.276145 -0.573538 0.012981 0
0 1757 phononL 0.004 1.20665 -1.12387 0.0136453 0
0 1758 phononL 0.004 -0.685465 -0.0486194 -0.0173942 0
0 1759 phononL 0.004 -1.19719 1.07289 -0.0292819 0
0 1760 phononL 0.004 1.24573 0.420615 -0.000716226 0
0 1761 phononL 0.004 -0.229112 1.20714 -0.0155768 0
0 1762 phononL 0.004 0.484043 0.082228 0.0140671 0
0 1763 phononL 0.004 -0.37394 1.27094 0.0361596 0
0 1764 phononL 0.004 0.660983 -0.204974 -0.0331779 0
0 1765 phononL 0.004 -0.254019 0.513269 0.00360433 0
0 1766 phononL 0.004 -0.376255 0.844235 0.0273003 0
0 1767 phononL 0.004 0.136973 -0.632784 0.00364584 0
0 1768 phononL 0.004 1.44923 -1.01624 0.0174595 0
0 1769 phononL 0.004 0.788611 0.162189 0.0234473 0
0 1770 phononL 0.004 -0.704718 0.285613 0.00577994 0
0 1771 phononL 0.004 0.703465 -0.368876 -0.0118478 0
0 1772 phononL 0.004 0.150039 0.140044 0.019594 0
0 1773 phononL 0.004 0.538656 -1.36635 -0.0229985 0
0 1774 phononL 0.004 -0.506643 1.10368 -0.00416471 0
0 1775 phononL 0.004 0.736042 -0.219313 0.0247321 0
0 1776 phononL 0.004 0.445629 1.21551 -0.0352409 0
0 1777 phononL 0.004 1.4877 1.25069 -0.0306347 0
0 1778 phononL 0.004 0.329 -0.946572 -0.0257229 0
0 1779 phononL 0.004 -1.45246 -1.14533 0.015768 0
0 1780 phononL 0.004 1.25286 0.880769 0.0354491 0
0 1781 phononL 0.004 0.835284 -0.616956 -0.0104418 0
0 1782 phononL 0.004 0.268365 -0.238364 0.0137693 0
0 1783 phononL 0.004 0.228789 -0.921593 -0.0124357 0
0 1784 phononL 0.004 -0.345254 -0.574223 -0.0217047 0
0 1785 phononL 0.004 1.29151 -0.151805 0.00309057 0
0 1786 phononL 0.004 1.30299 -1.38289 0.00479054 0
0 1787 phononL 0.004 0.38744 0.0386008 -0.0234488 0
0 1788 phononL 0.004 -1.46969 0.350392 0.0285815 0
0 1789 phononL 0.004 1.26756 -1.43423 0.0334218 0
0 1790 phononL 0.004 -0.435331 -1.29937 0.010776 0
0 1791 phononL 0.004 -0.766659 -0.234547 -0.00399341 0
0 1792 phononL 0.004 0.201134 1.05927 -0.0358766 0
0 1793 phononL 0.004 0.642924 -0.647675 -0.0255843 0
0 1794 phononL 0.004 -0.420756 1.24621 0.0217251 0
0 1795 phononL 0.004 -0.54522 1.31017 0.0125695 0
0 1796 phononL 0.004 -0.857837 -0.0466047 -0.0366947 0
0 1797 phononL 0.004 0.412711 0.932019 0.00605335 0
0 1798 phononL 0.004 -0.782374 0.149639 0.0370301 0
0 1799 phononL 0.004 -0.758384 0.969646 0.0131497 0
0 1800 phononL 0.004 -0.596954 0.345128 -0.00468163 0
0 1801 phononL 0.004 -1.27023 -0.599221 0.0142445 0
0 1802 phononL 0.004 0.190511 -0.568781 -0.0190391 0
0 1803 phononL 0.004 0.672475 -1.20613 0.026368 0
0 1804 phononL 0.004 0.737703 -1.12084 -0.0338537 0
0 1805 phononL 0.004 1.41166 1.27374 0.0375831 0
0 1806 phononL 0.004 1.21272 -1.04989 0.0290026 0
0 1807 phononL 0.004 0.50748 -0.791543 -0.0383734 0
0 1808 phononL 0.004 0.114897 0.077869 -0.0328763 0
0 1809 phononL 0.004 0.225483 -1.01998 0.0217293 0
0 1810 phononL 0.004 -0.800115 0.425269 0.0246414 0
0 1811 phononL 0.004 0.8774 0.107016 0.00914809 0
0 1812 phononL 0.004 1.44454 0.544279 0.0181468 0
0 1813 phononL 0.004 -0.192036 1.14021 0.00225297 0
0 1814 phononL 0.004 -0.0302472 0.801233 -0.0252724 0
0 1815 phononL 0.004 -0.403154 0.0931956 -0.00455591 0
0 1816 phononL 0.004 -0.769752 0.513991 -0.0231949 0
0 1817 phononL 0.004 1.31727 0.162995 0.0390123 0
0 1818 phononL 0.004 0.52028 -1.2281 0.031793 0
0 1819 phononL 0.004 1.47147 -0.861624 -0.00175452 0
0 1820 phononL 0.004 -0.573818 1.36088 0.0348536 0
0 1821 phononL 0.004 0.902826 0.179065 0.0267214 0
0 1822 phononL 0.004 -0.862118 0.352411 0.0232798 0
0 1823 phononL 0.004 -0.336958 1.50452 0.00405301 0
0 1824 phononL 0.004 0.693091 1.08063 0.0399656 0
0 1825 phononL 0.004 -0.0690828 -0.515176 0.00839838 0
0 1826 phononL 0.004 1.4883 0.650387 -0.00804264 0
0 1827 phononL 0.004 0.699478 -1.25294 -0.0153455 0
0 1828 phononL 0.004 -0.768284 0.557437 0.00200807 0
0 1829 phononL 0.004 -0.364868 -1.15622 -0.00308128 0
0 1830 phononL 0.004 1.35574 1.41419 0.0199176 0
0 1831 phononL 0.004 -0.52074 1.13214 -0.0137914 0
0 1832 phononL 0.004 0.616927 -1.41619 -0.0131902 0
0 1833 phononL 0.004 0.587069 -0.966551 0.0238633 0
0 1834 phononL 0.004 0.99048 0.849313 0.00831614 0
0 1835 phononL 0.004 1.01914 -0.740747 -0.0390709 0
0 1836 phononL 0.004 1.29822 -0.710383 0.00915055 0
0 1837 phononL 0.004 -0.891571 -0.481778 0.00855239 0
0 1838 phononL 0.004 0.489408 0.722109 -0.000269952 0
0 1839 phononL 0.004 1.43751 0.948766 -0.0374999 0
0 1840 phononL 0.004 0.253807 -1.26123 0.0124247 0
0 1841 phononL 0.004 1.33118 -0.575002 0.0330356 0
0 1842 phononL 0.004 1.24532 -0.360571 0.0339518 0
0 1843 phononL 0.004 1.4216 0.997163 0.017372 0
0 1844 phononL 0.004 0.281691 0.820355 -0.0111823 0
0 1845 phononL 0.004 1.43911 -1.35991 0.0123701 0
0 1846 phononL 0.004 1.01071 0.93219 -0.0167447 0
0 1847 phononL 0.004 -1.14454 -0.107769 -0.0118877 0
0 1848 phononL 0.004 1.23794 -0.691264 0.0215732 0
0 1849 phononL 0.004 -0.185269 -1.24817 -0.0129703 0
0 1850 phononL 0.004 -0.670139 -1.37276 -0.0101452 0
0 1851 phononL 0.004 -0.348559 0.101937 0.000743384 0
0 1852 phononL 0.004 -0.14481 1.24028 -0.0288199 0
0 1853 phononL 0.004 -1.01461 -0.458585 0.0314169 0
0 1854 phononL 0.004 -0.287301 -0.0795551 -0.00879203 0
0 1855 phononL 0.004 -0.986865 0.602524 0.034452 0
0 1856 phononL 0.004 0.391062 0.102402 0.0345827 0
0 1857 phononL 0.004 0.559871 -0.996505 -0.00230348 0
0 1858 phononL 0.004 1.28692 -0.970125 -0.0147608 0
0 1859 phononL 0.004 0.42871 0.888709 -0.0177927 0
0 1860 phononL 0.004 1.15376 -1.2825 -0.0222233 0
0 1861 phononL 0.004 0.699253 -1.33005 -0.0222997 0
0 1862 phononL 0.004 -1.30552 1.22347 0.00366774 0
0 1863 phononL 0.004 -0.354766 0.126827 0.0366511 0
0 1864 phononL 0.004 -0.0167026 0.477537 0.029798 0
0 1865 phononL 0.004 1.16713 -1.36914 0.0138255 0
0 1866 phononL 0.004 1.45959 -1.05954 0.00363884 0
0 1867 phononL 0.004 -0.0268099 0.945625 0.0286728 0
0 1868 phononL 0.004 -1.21612 -1.34665 -0.00878106 0
0 1869 phononL 0.004 -0.0697106 -1.43133 0.00979729 0
0 1870 phononL 0.004 0.811227 1.17592 0.0132262 0
0 1871 phononL 0.004 0.0926918 0.795892 -0.0239917 0
0 1872 phononL 0.004 -1.35656 -0.422258 -0.0351829 0
0 1873 phononL 0.004 0.932588 1.29229 -0.0399045 0
0 1874 phononL 0.004 0.178242 -0.62472 0.00613727 0
0 1875 phononL 0.004 0.581488 0.517652 0.0141785 0
0 1876 phononL 0.004 -1.031 -0.0278473 -0.00585923 0
0 1877 phononL 0.004 0.207615 1.18091 0.0302173 0
0 1878 phononL 0.004 1.21335 1.04772 0.0095882 0
0 1879 phononL 0.004 1.48128 -1.13479 0.0181856 0
0 1880 phononL 0.004 -0.853993 -0.170932 0.032135 0
0 1881 phononL 0.004 0.610368 -0.217118 -0.0177354 0
0 1882 phononL 0.004 0.96975 1.24503 -0.00348869 0
0 1883 phononL 0.004 -1.39885 0.543945 0.0032987 0
0 1884 phononL 0.004 0.517377 0.297591 -0.0303979 0
0 1885 phononL 0.004 -1.48229 -1.04959 0.0135627 0
0 1886 phononL 0.004 -1.29267 -0.157301 -0.0140755 0
0 1887 phononL 0.004 -0.462594 -1.42484 0.0143462 0
0 1888 phononL 0.004 -1.35479 -1.17358 -0.0257466 0
0 1889 phononL 0.004 1.00149 -0.0837298 -0.00824842 0
0 1890 phononL 0.004 -0.249651 0.482936 0.00879517 0
0 1891 phononL 0.004 1.21242 -0.541681 0.0348213 0
0 1892 phononL 0.004 -0.344922 -1.41617 -0.0277206 0
0 1893 phononL 0.004 0.108292 0.287699 0.000679557 0
0 1894 phononL 0.004 -0.342667 0.212119 -0.0210162 0
0 1895 phononL 0.004 1.21642 -0.350558 -0.0247924 0
0 1896 phononL 0.004 0.524191 -0.585078 0.0211185 0
0 1897 phononL 0.004 -0.0947336 0.493801 -0.0260064 0
0 1898 phononL 0.004 -0.824994 0.220706 -0.00324805 0
0 1899 phononL 0.004 0.64032 -1.05596 -0.0291259 0
0 1900 phononL 0.004 -1.43265 0.939655 0.00387482 0
0 1901 phononL 0.004 -1.17228 0.906611 -0.0368315 0
0 1902 phononL 0.004 1.43661 -0.803211 0.0208396 0
0 1903 phononL 0.004 1.01082 -1.36016 -0.0217052 0
0 1904 phononL 0.004 0.802118 -0.215947 -0.025294 0
0 1905 phononL 0.004 -0.514489 -0.11116 -0.0244367 0
0 1906 phononL 0.004 0.968177 0.593025 0.0206776 0
0 1907 phononL 0.004 0.822776 0.78417 -0.0266693 0
0 1908 phononL 0.004 -0.796749 -0.0941367 -0.033732 0
0 1909 phononL 0.004 1.04036 0.934091 0.0119547 0
0 1910 phononL 0.004 -0.0846556 -0.786477 0.00700087 0
0 1911 phononL 0.004 -1.10409 1.20525 -0.0365553 0
0 1912 phononL 0.004 -0.917591 -0.0352031 0.0231103 0
0 1913 phononL 0.004 0.675534 0.307257 0.027994 0
0 1914 phononL 0.004 0.413075 -0.875189 -0.00873571 0
0 1915 phononL 0.004 -1.00957 -0.233996 -0.0216113 0
0 1916 phononL 0.004 -1.37464 -0.823178 -0.000337764 0
0 1917 phononL 0.004 -0.802161 1.04409 0.0258245 0
0 1918 phononL 0.004 -0.968435 -1.45102 -0.0307001 0
0 1919 phononL 0.004 -0.445513 0.835952 0.00937861 0
0 1920 phononL 0.004 -1.03373 0.961739 -0.0113904 0
0 1921 phononL 0.004 0.725537 0.939003 0.0295584 0
0 1922 phononL 0.004 0.896929 -1.30534 -0.0304952 0
0 1923 phononL 0.004 -0.949403 0.628355 -0.0198483 0
0 1924 phononL 0.004 0.269829 0.543946 0.023024 0
0 1925 phononL 0.004 -0.688173 -0.12332 0.0119775 0
0 1926 phononL 0.004 0.139598 0.676907 0.0136957 0
0 1927 phononL 0.004 -0.253092 0.81654 -0.0327403 0
0 1928 phononL 0.004 0.161187 -1.12104 0.00938218 0
0 1929 phononL 0.004 1.1363 -0.158997 0.0326288 0
0 1930 phononL 0.004 -1.04567 1.15918 -0.0300068 0
0 1931 phononL 0.004 -0.471507 1.08823 0.0390985 0
0 1932 phononL 0.004 -1.05207 -1.07656 0.0139649 0
0 1933 phononL 0.004 1.00824 -1.30138 -0.0290551 0
0 1934 phononL 0.004 -0.0183233 0.0440144 0.0090862 0
0 1935 phononL 0.004 -0.324671 1.14449 0.00615618 0
0 1936 phononL 0.004 -0.907393 -0.737357 0.0394122 0
0 1937 phononL 0.004 -0.0923463 0.867668 0.0306552 0
0 1938 phononL 0.004 0.429708 -0.0132749 0.0322313 0
0 1939 phononL 0.004 -0.277389 0.0519889 -0.0284641 0
0 1940 phononL 0.004 0.721907 0.24916 -0.0215291 0
0 1941 phononL 0.004 1.22651 -0.0874543 -0.0196519 0
0 1942 phononL 0.004 -0.312441 0.170392 0.028146 0
0 1943 phononL 0.004 -1.36644 0.843424 -0.0194341 0
0 1944 phononL 0.004 1.44021 1.47898 0.0333069 0
0 1945 phononL 0.004 -0.498575 0.793032 0.00434262 0
0 1946 phononL 0.004 -1.15202 0.804584 0.00531825 0
0 1947 phononL 0.004 -0.869743 -0.947278 0.011024 0
0 1948 phononL 0.004 1.39353 -0.619839 0.0344816 0
0 1949 phononL 0.004 0.488632 0.202764 0.00865889 0
0 1950 phononL 0.004 0.883086 0.58095 0.0108251 0
0 1951 phononL 0.004 -0.899244 -0.902956 -0.0297299 0
0 1952 phononL 0.004 -0.265869 -0.239916 0.00619219 0
0 1953 phononL 0.004 1.35032 -0.0567143 -0.0363973 0
0 1954 phononL 0.004 -0.428499 -0.481124 -0.0243787 0
0 1955 phononL 0.004 -1.12365 -0.845504 -0.0145202 0
0 1956 phononL 0.004 -0.706633 -1.2465 -0.0168153 0
0 1957 phononL 0.004 -1.49652 1.13383 -0.0299939 0
0 1958 phononL 0.004 1.07776 0.850314 -0.038047 0
0 1959 phononL 0.004 -0.115649 -1.39755 -0.00439833 0
0 1960 phononL 0.004 0.11513 -0.151851 0.035118 0
0 1961 phononL 0.004 -0.700302 -0.122797 -0.0136294 0
0 1962 phononL 0.004 -0.543776 -1.14481 0.0293664 0
0 1963 phononL 0.004 1.19154 -1.26083 -0.0106081 0
0 1964 phononL 0.004 -1.30745 -0.171498 -0.0362511 0
0 1965 phononL 0.004 -0.506689 1.1363 0.00346084 0
0 1966 phononL 0.004 1.05773 -0.425053 0.00169408 0
0 1967 phononL 0.004 -0.538784 -1.14551 0.0167265 0
0 1968 phononL 0.004 -0.0980395 1.09164 -0.0315698 0
0 1969 phononL 0.004 1.39722 0.1828 -0.0326884 0
0 1970 phononL 0.004 -0.480429 -0.0603813 -0.0260807 0
0 1971 phononL 0.004 0.093821 0.328487 0.00640019 0
0 1972 phononL 0.004 -0.000455466 -0.202715 0.0215701 0
0 1973 phononL 0.004 -0.0487285 -1.35877 6.65279e-05 0
0 1974 phononL 0.004 0.266521 -1.25579 -0.0358375 0
0 1975 phononL 0.004 0.932175 -0.347477 0.0075652 0
0 1976 phononL 0.004 0.869039 0.278246 -0.038353 0
0 1977 phononL 0.004 0.578161 -0.761542 -0.0113767 0
0 1978 phononL 0.004 1.26759 0.753462 0.0114886 0
0 1979 phononL 0.004 0.907056 0.0776717 -0.033357 0
0 1980 phononL 0.004 0.476069 -1.37821 0.0133899 0
0 1981 phononL 0.004 0.521467 -1.22173 -0.00855795 0
0 1982 phononL 0.004 0.172694 -0.446544 0.0217352 0
0 1983 phononL 0.004 -1.24913 0.218458 0.0350624 0
0 1984 phononL 0.004 0.41884 -0.844775 -0.0293811 0
0 1985 phononL 0.004 -0.874803 1.22281 0.0077601 0
0 1986 phononL 0.004 1.37525 1.0156 0.0321431 0
0 1987 phononL 0.004 0.474286 0.532306 0.0111808 0
0 1988 phononL 0.004 0.745519 0.622825 0.00187611 0
0 1989 phononL 0.004 1.08242 -1.15829 -0.00466822 0
0 1990 phononL 0.004 -1.1596 1.50521 0.0120435 0
0 1991 phononL 0.004 -0.894588 0.0513049 0.0393123 0
0 1992 phononL 0.004 0.203307 -1.14493 0.0218989 0
0 1993 phononL 0.004 -0.412537 0.659289 0.0168664 0
0 1994 phononL 0.004 0.747865 0.07387 -0.00126401 0
0 1995 phononL 0.004 0.134617 1.46644 -0.0337906 0
0 1996 phononL 0.004 0.371829 0.810217 -0.0205727 0
0 1997 phononL 0.004 -0.504161 1.15482 -0.0200026 0
0 1998 phononL 0.004 0.842672 0.73686 -0.0220264 0
0 1999 phononL 0.004 1.30312 0.635313 -0.00809707 0
0 2000 phononL 0.004 -1.15462 0.632326 -0.0229463 0
0 2001 phononL 0.004 0.204567 1.40792 0.0329349 0
0 2002 phononL 0.004 1.4447 0.100688 0.00949033 0
0 2003 phononL 0.004 -0.423983 -0.736735 -0.0061484 0
0 2004 phononL 0.004 0.848592 1.02111 0.010136 0
0 2005 phononL 0.004 -0.364337 -0.698312 0.0376145 0
0 2006 phononL 0.004 1.4682 -0.295833 0.0275726 0
0 2007 phononL 0.004 0.770258 -0.593941 0.010949 0
0 2008 phononL 0.004 -0.958396 -1.39576 -0.0141896 0
0 2009 phononL 0.004 -0.560883 -0.940476 0.0233105 0
0 2010 phononL 0.004 -1.27176 0.803582 -0.0328397 0
0 2011 phononL 0.004 0.155385 1.11272 0.024336 0
0 2012 phononL 0.004 0.719904 1.14506 -0.029947 0
0 2013 phononL 0.004 0.318729 0.778146 0.0299015 0
0 2014 phononL 0.004 -0.804368 -1.21965 0.0335048 0
0 2015 phononL 0.004 0.766129 0.63178 0.0336679 0
0 2016 phononL 0.004 -0.800039 1.03763 0.00902068 0
0 2017 phononL 0.004 -0.739433 1.13861 -0.0383294 0
0 2018 phononL 0.004 1.31791 0.860305 -0.0185875 0
0 2019 phononL 0.004 0.135084 -0.286403 0.0152978 0
0 2020 phononL 0.004 -0.195006 1.07976 -0.0277537 0
0 2021 phononL 0.004 0.506037 0.598676 -0.0386575 0
0 2022 phononL 0.004 -1.13033 0.0379458 0.029843 0
0 2023 phononL 0.004 -0.144518 -0.726554 0.0350903 0
0 2024 phononL 0.004 0.267621 -1.28226 -0.0367516 0
0 2025 phononL 0.004 0.267584 -0.528819 -0.0179315 0
0 2026 phononL 0.004 1.0632 1.17537 -0.0031819 0
0 2027 phononL 0.004 -0.0289349 -0.61842 -0.00188274 0
0 2028 phononL 0.004 -0.552845 0.866022 -0.0068225 0
0 2029 phononL 0.004 -0.610223 0.589922 0.0181963 0
0 2030 phononL 0.004 0.674392 -0.147537 0.0309941 0
0 2031 phononL 0.004 0.852061 -0.506441 0.0138864 0
0 2032 phononL 0.004 0.478418 0.389453 0.0375069 0
0 2033 phononL 0.004 0.488881 0.0885464 0.0342622 0
0 2034 phononL 0.004 -0.289178 -0.857692 0.0137586 0
0 2035 phononL 0.004 0.35932 0.981536 -0.0121093 0
0 2036 phononL 0.004 0.764561 -0.10712 -0.00192995 0
0 2037 phononL 0.004 0.140632 0.82713 -0.015627 0
0 2038 phononL 0.004 0.934839 0.829681 -0.0399931 0
0 2039 phononL 0.004 -0.356651 0.341441 0.03452 0
0 2040 phononL 0.004 -0.263372 -0.892437 0.0155059 0
0 2041 phononL 0.004 -0.0868035 0.507633 0.0198303 0
0 2042 phononL 0.004 0.0135815 1.4301 0.0312472 0
0 2043 phononL 0.004 0.0215138 -0.135561 0.00160404 0
0 2044 phononL 0.004 -0.399444 -0.460751 0.00807159 0
0 2045 phononL 0.004 0.4174 0.658292 0.00431927 0
0 2046 phononL 0.004 -1.40237 -1.49678 0.0254273 0
0 2047 phononL 0.004 -0.198407 0.631214 0.00168873 0
0 2048 phononL 0.004 0.426213 0.137911 0.0170331 0
0 2049 phononL 0.004 0.961762 0.867295 -0.0131109 0
0 2050 phononL 0.004 -0.827115 1.41384 -0.00958371 0
0 2051 phononL 0.004 1.3691 1.03966 0.00705765 0
0 2052 phononL 0.004 -0.494521 -0.892752 -0.0276527 0
0 2053 phononL 0.004 -0.850004 -0.25649 -0.00243649 0
0 2054 phononL 0.004 1.02457 -0.166064 0.0333576 0
0 2055 phononL 0.004 0.232045 -0.22995 -0.0304052 0
0 2056 phononL 0.004 -0.166707 -0.71848 0.038988 0
0 2057 phononL 0.004 1.08723 -0.15314 0.00473889 0
0 2058 phononL 0.004 1.01983 0.758176 0.00367974 0
0 2059 phononL 0.004 -0.474554 -0.71927 0.00043524 0
0 2060 phononL 0.004 -1.34312 0.462709 -0.000857723 0
0 2061 phononL 0.004 0.82813 1.00969 -0.0344569 0
0 2062 phononL 0.004 1.26768 0.306116 0.0123198 0
0 2063 phononL 0.004 1.16761 0.636617 0.00893892 0
0 2064 phononL 0.004 1.47757 -1.33745 0.0164938 0
0 2065 phononL 0.004 0.898072 -1.35484 0.0344507 0
0 2066 phononL 0.004 -0.274909 -0.861841 0.0180688 0
0 2067 phononL 0.004 0.89951 -0.5844 -0.00201045 0
0 2068 phononL 0.004 -1.02961 0.55894 -0.0123667 0
0 2069 phononL 0.004 0.343257 -0.694634 -0.0120056 0
0 2070 phononL 0.004 -1.1334 1.10374 0.00266182 0
0 2071 phononL 0.004 1.38856 0.0407803 -0.011334 0
0 2072 phononL 0.004 0.898019 0.305597 -0.00390384 0
0 2073 phononL 0.004 -0.374367 0.348071 0.00937061 0
0 2074 phononL 0.004 1.13292 -1.3009 0.021411 0
0 2075 phononL 0.004 -0.694444 -1.37325 -0.014952 0
0 2076 phononL 0.004 1.19324 1.34796 0.00652371 0
0 2077 phononL 0.004 -0.957146 1.02192 -0.0264503 0
0 2078 phononL 0.004 -0.530845 -0.39193 0.0181123 0
0 2079 phononL 0.004 -0.513915 -0.258441 0.0297358 0
0 2080 phononL 0.004 0.676294 0.260018 -0.022837 0
0 2081 phononL 0.004 -0.29671 1.07562 0.0291596 0
0 2082 phononL 0.004 0.946082 0.212021 -0.0211487 0
0 2083 phononL 0.004 1.48783 1.36218 0.00297215 0
0 2084 phononL 0.004 -1.41236 -0.0809396 -0.03672 0
0 2085 phononL 0.004 -1.10998 0.0868963 0.026467 0
0 2086 phononL 0.004 -0.727447 0.174476 0.0315593 0
0 2087 phononL 0.004 0.0323819 -1.41384 -0.0116309 0
0 2088 phononL 0.004 -0.87727 0.542667 -0.0329859 0
0 2089 phononL 0.004 1.3815 0.357983 0.0194041 0
0 2090 phononL 0.004 -0.683177 0.20011 0.0205022 0
0 2091 phononL 0.004 0.0231489 0.963098 0.0351796 0
0 2092 phononL 0.004 0.905421 0.363348 0.0166766 0
0 2093 phononL 0.004 -0.848284 1.15747 -0.0127489 0
0 2094 phononL 0.004 -0.878134 1.1403 -0.0315541 0
0 2095 phononL 0.004 -0.152234 -1.48133 0.0301986 0
0 2096 phononL 0.004 1.27885 0.297973 0.00249219 0
0 2097 phononL 0.004 0.107324 -0.217931 -0.0120237 0
0 2098 phononL 0.004 0.48635 0.562414 0.0111361 0
0 2099 phononL 0.004 0.946896 -0.760253 0.00515971 0
0 2100 phononL 0.004 1.01745 0.896016 -0.0308261 0
0 2101 phononL 0.004 1.41572 1.36162 -0.0335188 0
0 2102 phononL 0.004 0.0145526 1.00398 -0.0117943 0
0 2103 phononL 0.004 0.117679 1.40636 0.0197327 0
0 2104 phononL 0.004 -1.05383 0.0307163 0.0243032 0
0 2105 phononL 0.004 1.27694 1.20405 -0.0104535 0
0 2106 phononL 0.004 1.36653 1.2255 0.0054845 0
0 2107 phononL 0.004 1.23106 -0.529856 -0.0193091 0
0 2108 phononL 0.004 1.18386 -0.168141 -0.0192635 0
0 2109 phononL 0.004 1.23359 0.24942 0.00671063 0
0 2110 phononL 0.004 -0.952913 -0.214623 0.0142876 0
0 2111 phononL 0.004 -0.480081 -1.47903 -0.0332546 0
0 2112 phononL 0.004 0.400049 1.46421 0.00756673 0
0 2113 phononL 0.004 0.544237 -0.53626 0.0262105 0
0 2114 phononL 0.004 0.571457 -0.711597 0.00667187 0
0 2115 phononL 0.004 -0.467228 1.15177 -0.00227354 0
0 2116 phononL 0.004 -0.274478 0.729864 -0.00220569 0
0 2117 phononL 0.004 -1.49468 0.560987 0.0100939 0
0 2118 phononL 0.004 0.746548 -1.1184 -0.0113221 0
0 2119 phononL 0.004 0.884493 0.819671 0.0394398 0
0 2120 phononL 0.004 -1.19181 -1.40195 0.0200787 0
0 2121 phononL 0.004 0.142629 1.169 0.0374506 0
0 2122 phononL 0.004 1.22627 -0.175604 -0.0189857 0
0 2123 phononL 0.004 0.215702 -0.232781 -0.000546253 0
0 2124 phononL 0.004 -1.25818 0.85463 0.0380671 0
0 2125 phononL 0.004 -1.11935 -0.27868 -0.0273338 0
0 2126 phononL 0.004 -0.549356 0.536174 0.00124059 0
0 2127 phononL 0.004 1.06729 0.0952105 0.00862969 0
0 2128 phononL 0.004 1.1508 -0.0275917 0.0110775 0
0 2129 phononL 0.004 -1.01855 0.71321 0.00554345 0
0 2130 phononL 0.004 -1.04978 1.36386 -0.0299219 0
0 2131 phononL 0.004 -0.504164 -0.278132 0.0152156 0
0 2132 phononL 0.004 -0.0278508 -0.0564277 0.00504662 0
0 2133 phononL 0.004 0.634856 -0.972915 -0.0392098 0
0 2134 phononL 0.004 1.3897 -0.101155 0.0321807 0
0 2135 phononL 0.004 1.41487 0.00111249 -0.0213496 0
0 2136 phononL 0.004 1.15448 0.453825 -0.0227694 0
0 2137 phononL 0.004 0.927831 1.2526 0.0087374 0
0 2138 phononL 0.004 0.140456 1.16087 -0.0395923 0
0 2139 phononL 0.004 0.0545568 0.908553 0.00639032 0
0 2140 phononL 0.004 -1.01401 1.4613 0.0268974 0
0 2141 phononL 0.004 -0.655866 0.529945 0.00397678 0
0 2142 phononL 0.004 0.687566 0.73679 -0.00557801 0
0 2143 phononL 0.004 -1.11603 -0.197739 0.0215857 0
0 2144 phononL 0.004 -1.21103 1.36433 0.00941941 0
0 2145 phononL 0.004 1.111 1.15029 0.00731306 0
0 2146 phononL 0.004 0.4458 0.708844 -0.00410644 0
0 2147 phononL 0.004 -0.260226 0.076429 -0.00822475 0
0 2148 phononL 0.004 0.386433 -1.46133 0.0224586 0
0 2149 phononL 0.004 0.600821 -0.12267 0.0149657 0
0 2150 phononL 0.004 -0.401784 -0.44608 0.0192833 0
0 2151 phononL 0.004 -0.046873 0.018829 0.0381174 0
0 2152 phononL 0.004 1.08707 -0.6628 -0.0288779 0
0 2153 phononL 0.004 -0.587006 0.757368 -0.0348487 0
0 2154 phononL 0.004 -0.121202 -0.510221 -0.0224699 0
0 2155 phononL 0.004 -1.12933 1.50728 0.0020423 0
0 2156 phononL 0.004 0.954979 -0.400556 0.0366779 0
0 2157 phononL 0.004 -0.970232 -1.32552 0.0238546 0
0 2158 phononL 0.004 1.24216 0.226883 -0.00294978 0
0 2159 phononL 0.004 0.320519 0.761565 0.0243232 0
0 2160 phononL 0.004 -1.45716 -1.13298 0.0150522 0
0 2161 phononL 0.004 -0.855193 0.506157 0.032871 0
0 2162 phononL 0.004 -1.17343 -0.336266 0.0222289 0
0 2163 phononL 0.004 1.3906 -0.413466 0.0344546 0
0 2164 phononL 0.004 0.472991 0.584217 0.0168949 0
0 2165 phononL 0.004 1.40795 -1.21412 -0.0326333 0
0 2166 phononL 0.004 0.837382 -0.223932 0.00207729 0
0 2167 phononL 0.004 -1.44895 -1.08234 0.00687153 0
0 2168 phononL 0.004 -0.265319 -0.836317 -0.0223202 0
0 2169 phononL 0.004 0.461856 0.428901 -0.0111757 0
0 2170 phononL 0.004 0.194988 -0.0923255 -0.00770473 0
0 2171 phononL 0.004 -0.933855 1.29925 -0.0379408 0
0 2172 phononL 0.004 0.806056 -1.08651 0.0369628 0
0 2173 phononL 0.004 1.18382 -1.07067 0.0264084 0
0 2174 phononL 0.004 1.50414 -0.0410162 0.0101499 0
0 2175 phononL 0.004 1.39976 -1.0883 -0.0106365 0
0 2176 phononL 0.004 1.20353 -0.495112 -0.0378574 0
0 2177 phononL 0.004 -1.44101 -0.894244 -0.0263285 0
0 2178 phononL 0.004 1.22582 0.36717 -0.0351516 0
0 2179 phononL 0.004 0.223003 0.124574 0.000277425 0
0 2180 phononL 0.004 -1.20813 0.81548 -0.0123914 0
0 2181 phononL 0.004 -1.2193 0.99275 0.0327868 0
0 2182 phononL 0.004 0.0666609 0.806825 -0.00365637 0
0 2183 phononL 0.004 0.71285 -0.647248 0.0298298 0
0 2184 phononL 0.004 -0.197154 0.720034 -0.0222712 0
0 2185 phononL 0.004 0.265082 -0.904042 0.0311902 0
0 2186 phononL 0.004 0.196784 1.26896 0.0291508 0
0 2187 phononL 0.004 -0.352666 0.797908 0.0325424 0
0 2188 phononL 0.004 -0.827578 1.38682 0.00941957 0
0 2189 phononL 0.004 -0.757809 1.46411 0.0261116 0
0 2190 phononL 0.004 -0.720184 -0.389685 -0.0323735 0
0 2191 phononL 0.004 0.872928 1.00422 -0.00624637 0
0 2192 phononL 0.004 -1.0518 1.50083 0.0374499 0
0 2193 phononL 0.004 0.538882 -0.0331703 -0.0101138 0
0 2194 phononL 0.004 -0.443936 1.13636 0.0129758 0
0 2195 phononL 0.004 0.0460161 1.42499 -0.0270968 0
0 2196 phononL 0.004 0.0714858 -0.626747 0.0352478 0
0 2197 phononL 0.004 0.970419 0.618612 -0.0323775 0
0 2198 phononL 0.004 0.0865797 -0.527074 -0.0122338 0
0 2199 phononL 0.004 -0.684421 0.92626 -0.024371 0
0 2200 phononL 0.004 -0.820048 -0.401633 0.0109967 0
0 2201 phononL 0.004 0.791112 -1.21835 -0.0116751 0
0 2202 phononL 0.004 -0.908464 -0.439666 -0.0118509 0
0 2203 phononL 0.004 -1.06001 -0.370074 0.0291797 0
0 2204 phononL 0.004 -0.359877 -1.09932 -0.00980938 0
0 2205 phononL 0.004 -0.302916 -1.30358 -0.0320421 0
0 2206 phononL 0.004 -0.387519 0.838251 0.00959592 0
0 2207 phononL 0.004 -0.252572 -0.562404 -0.00964895 0
0 2208 phononL 0.004 -0.917657 -1.23548 0.0260423 0
0 2209 phononL 0.004 -0.440327 -0.48234 0.0200618 0
0 2210 phononL 0.004 0.00888046 0.9861 0.0357861 0
0 2211 phononL 0.004 0.395617 1.04327 0.000159972 0
0 2212 phononL 0.004 0.0477158 -1.34383 0.00989689 0
0 2213 phononL 0.004 -0.77658 0.244482 -0.023583 0
0 2214 phononL 0.004 -1.10947 0.241076 0.0137973 0
0 2215 phononL 0.004 0.779732 0.33107 -0.033797 0
0 2216 phononL 0.004 0.942435 -0.590001 0.0173291 0
0 2217 phononL 0.004 1.21631 -1.4931 0.0269398 0
0 2218 phononL 0.004 1.2492 -0.998178 0.0379213 0
0 2219 phononL 0.004 1.48742 -1.01663 -0.0215469 0
0 2220 phononL 0.004 1.09722 0.494105 -0.0100632 0
0 2221 phononL 0.004 -0.0559658 1.06585 0.0171845 0
0 2222 phononL 0.004 0.0742716 0.916313 0.0327182 0
0 2223 phononL 0.004 1.02105 0.219108 0.036443 0
0 2224 phononL 0.004 -1.49013 1.04713 -0.0252746 0
0 2225 phononL 0.004 -0.535818 -1.36825 0.030841 0
0 2226 phononL 0.004 0.916758 -0.787223 -0.00722716 0
0 2227 phononL 0.004 1.50181 1.02854 -0.0187771 0
0 2228 phononL 0.004 -0.700434 0.8793 0.0240205 0
0 2229 phononL 0.004 -0.658379 -1.14501 -0.0289854 0
0 2230 phononL 0.004 -0.929383 1.19686 0.0116503 0
0 2231 phononL 0.004 -0.651278 -1.3754 0.00557091 0
0 2232 phononL 0.004 0.697668 0.994786 0.019643 0
0 2233 phononL 0.004 -0.323208 -0.925519 -0.0114021 0
0 2234 phononL 0.004 1.20911 -1.34665 -0.00875679 0
0 2235 phononL 0.004 -0.942289 -0.89994 -0.038552 0
0 2236 phononL 0.004 -0.999334 -0.371233 0.0372311 0
0 2237 phononL 0.004 -0.412336 -1.36829 -0.0181924 0
0 2238 phononL 0.004 -1.19 -0.768125 -0.00786978 0
0 2239 phononL 0.004 0.0217481 -1.25969 -0.0327156 0
0 2240 phononL 0.004 1.19304 0.20273 0.0279736 0
0 2241 phononL 0.004 -0.569017 -0.030014 -0.0188526 0
0 2242 phononL 0.004 0.63955 -1.37632 -0.0211037 0
0 2243 phononL 0.004 0.734165 0.592364 -0.00975107 0
0 2244 phononL 0.004 -0.141795 0.496698 -0.0304552 0
0 2245 phononL 0.004 -0.181337 0.674799 -0.00756397 0
0 2246 phononL 0.004 -0.0657692 -1.23346 -0.022908 0
0 2247 phononL 0.004 0.71157 -0.188727 -0.0311485 0
0 2248 phononL 0.004 -0.597847 -1.01234 0.00177079 0
0 2249 phononL 0.004 -1.27384 -0.831308 0.0329219 0
0 2250 phononL 0.004 1.30414 0.082008 -0.0154426 0
0 2251 phononL 0.004 -1.31853 -0.589556 0.0376053 0
0 2252 phononL 0.004 0.72515 0.241925 -0.0112541 0
0 2253 phononL 0.004 -1.41731 0.697303 0.0303079 0
0 2254 phononL 0.004 -1.35435 1.23587 -0.0153934 0
0 2255 phononL 0.004 0.0276825 0.621776 0.00772779 0
0 2256 phononL 0.004 -0.937177 0.163711 0.0285588 0
0 2257 phononL 0.004 -0.636095 -0.0423056 -0.00213031 0
0 2258 phononL 0.004 -1.14526 -0.781137 -0.0245329 0
0 2259 phononL 0.004 0.492752 -0.686965 -0.031116 0
0 2260 phononL 0.004 -0.245661 -0.930017 0.00615476 0
0 2261 phononL 0.004 0.965327 -0.140809 -0.0103486 0
0 2262 phononL 0.004 0.85583 -0.847914 -0.0265832 0
0 2263 phononL 0.004 -1.10507 0.673477 -0.0333259 0
0 2264 phononL 0.004 -1.49712 0.28073 -0.0118839 0
0 2265 phononL 0.004 0.779332 0.0920063 0.00813688 0
0 2266 phononL 0.004 1.34895 0.406424 0.0201053 0
0 2267 phononL 0.004 0.148315 -0.628571 -0.0296894 0
0 2268 phononL 0.004 0.527779 -0.778032 0.00490533 0
0 2269 phononL 0.004 1.45881 -0.407047 0.0211786 0
0 2270 phononL 0.004 0.0760824 -0.787217 0.00160748 0
0 2271 phononL 0.004 -0.816274 0.0494741 0.0346183 0
0 2272 phononL 0.004 0.165722 -0.154104 0.0140934 0
0 2273 phononL 0.004 1.01786 0.356116 -0.012334 0
0 2274 phononL 0.004 0.521186 -0.89271 0.010682 0
0 2275 phononL 0.004 1.1 0.712656 -0.0287876 0
0 2276 phononL 0.004 1.42099 -0.0144328 0.0115272 0
0 2277 phononL 0.004 0.106278 0.861417 -0.0019632 0
0 2278 phononL 0.004 0.818323 1.07125 0.0137304 0
0 2279 phononL 0.004 0.327991 -0.23896 -0.0339389 0
0 2280 phononL 0.004 1.38443 0.100119 -0.0317586 0
0 2281 phononL 0.004 -0.619249 -1.18977 0.0280528 0
0 2282 phononL 0.004 -1.32234 0.260619 0.0274979 0
0 2283 phononL 0.004 -0.245841 -0.129152 0.0025012 0
0 2284 phononL 0.004 -0.823885 0.772893 -0.00226155 0
0 2285 phononL 0.004 0.690242 0.845456 -0.00229163 0
0 2286 phononL 0.004 0.0460734 0.423666 -0.000423301 0
0 2287 phononL 0.004 0.239476 1.21795 0.0344834 0
0 2288 phononL 0.004 0.195157 0.796044 -0.031512 0
0 2289 phononL 0.004 -0.138993 0.88998 -0.0249139 0
0 2290 phononL 0.004 -1.36198 1.4939 0.0347415 0
0 2291 phononL 0.004 -0.198357 0.262998 -0.00170576 0
0 2292 phononL 0.004 -1.06501 -1.49716 -0.00424235 0
0 2293 phononL 0.004 0.858042 -0.269991 -0.0265899 0
0 2294 phononL 0.004 -0.397015 1.13935 0.000983835 0
0 2295 phononL 0.004 0.574008 0.211681 0.00576157 0
0 2296 phononL 0.004 0.823598 1.49244 -0.0321847 0
0 2297 phononL 0.004 0.190658 -1.21112 -0.00768425 0
0 2298 phononL 0.004 1.1382 -1.28258 0.017807 0
0 2299 phononL 0.004 -1.17463 -1.3283 0.0277816 0
0 2300 phononL 0.004 -1.317 0.270761 -0.036438 0
0 2301 phononL 0.004 0.869236 -0.905046 -0.00356609 0
0 2302 phononL 0.004 0.202709 -0.176371 -0.0137808 0
0 2303 phononL 0.004 0.00500287 1.10867 0.0338481 0
0 2304 phononL 0.004 0.756505 0.950675 -0.0327357 0
0 2305 phononL 0.004 -0.475647 0.762671 0.0265412 0
0 2306 phononL 0.004 -0.350444 0.838137 0.0273995 0
0 2307 phononL 0.004 1.5015 1.16881 -0.0221847 0
0 2308 phononL 0.004 -0.550477 -0.98567 0.0253252 0
0 2309 phononL 0.004 1.19791 0.653332 0.0224963 0
0 2310 phononL 0.004 -1.19049 -0.678519 0.0240526 0
0 2311 phononL 0.004 1.04177 -1.35365 0.0354086 0
0 2312 phononL 0.004 -1.09346 1.41769 0.017105 0
0 2313 phononL 0.004 1.49226 1.09852 -0.0390055 0
0 2314 phononL 0.004 0.758896 0.557069 -0.00339556 0
0 2315 phononL 0.004 0.389046 -1.28364 -0.0376397 0
0 2316 phononL 0.004 0.393511 -0.86427 0.0144733 0
0 2317 phononL 0.004 -1.31853 -1.37686 0.0277129 0
0 2318 phononL 0.004 1.15335 1.26825 0.0339075 0
0 2319 phononL 0.004 -1.43482 -0.37497 -0.00163171 0
0 2320 phononL 0.004 -0.983401 0.804649 0.0222837 0
0 2321 phononL 0.004 1.06049 -0.119714 -0.0299976 0
0 2322 phononL 0.004 0.390718 0.302639 -0.0306267 0
0 2323 phononL 0.004 -0.240569 0.296918 -0.013036 0
0 2324 phononL 0.004 -1.0596 -0.258851 -0.0142157 0
0 2325 phononL 0.004 1.06301 0.0899508 0.0207207 0
0 2326 phononL 0.004 0.571863 0.986302 0.0344324 0
0 2327 phononL 0.004 -1.07533 -0.326369 -0.0282569 0
0 2328 phononL 0.004 0.874482 0.362071 0.0142509 0
0 2329 phononL 0.004 1.242 -0.362828 0.0316838 0
0 2330 phononL 0.004 0.540664 -0.195089 -0.0357414 0
0 2331 phononL 0.004 0.647887 1.27899 -0.0336373 0
0 2332 phononL 0.004 -1.45201 1.15853 -0.0387645 0
0 2333 phononL 0.004 -1.2581 -0.716641 -0.0246646 0
0 2334 phononL 0.004 -0.798278 1.32391 0.0366533 0
0 2335 phononL 0.004 -0.403661 -0.616559 0.00150485 0
0 2336 phononL 0.004 -1.45455 1.17649 0.0188865 0
0 2337 phononL 0.004 -0.827191 -1.35979 -0.034197 0
0 2338 phononL 0.004 -0.592165 1.21678 -0.0152333 0
0 2339 phononL 0.004 0.702669 0.87416 -0.0336425 0
0 2340 phononL 0.004 -0.911883 1.28506 0.0197412 0
0 2341 phononL 0.004 -0.484107 -0.528947 -0.0308546 0
0 2342 phononL 0.004 -0.381194 -0.232143 -0.0340379 0
0 2343 phononL 0.004 -0.173246 -1.08317 -0.0302258 0
0 2344 phononL 0.004 0.203691 0.911374 0.0036527 0
0 2345 phononL 0.004 0.516997 -0.122215 -0.0368725 0
0 2346 phononL 0.004 -0.215723 -0.0379103 0.0121774 0
0 2347 phononL 0.004 0.309768 -1.39325 -0.0138654 0
0 2348 phononL 0.004 -0.69523 0.136918 -0.00662465 0
0 2349 phononL 0.004 -0.228212 1.40837 -0.0162369 0
0 2350 phononL 0.004 1.3577 1.17461 -0.03187 0
0 2351 phononL 0.004 1.26804 0.296522 0.0056939 0
0 2352 phononL 0.004 -0.451874 -0.685125 -0.00274586 0
0 2353 phononL 0.004 -1.00078 0.564965 -0.0120929 0
0 2354 phononL 0.004 1.48114 -0.202772 0.0110971 0
0 2355 phononL 0.004 1.37983 -1.27741 0.00703729 0
0 2356 phononL 0.004 -1.13272 -1.30487 0.00316039 0
0 2357 phononL 0.004 1.3528 1.3674 0.0222304 0
0 2358 phononL 0.004 1.2413 -0.353469 0.00174554 0
0 2359 phononL 0.004 0.783317 -0.330459 -0.00429581 0
0 2360 phononL 0.004 1.09504 0.978106 0.021973 0
0 2361 phononL 0.004 -0.508644 1.02384 -0.0172496 0
0 2362 phononL 0.004 -0.912924 -0.144575 -0.0218249 0
0 2363 phononL 0.004 -0.354214 0.040246 0.0290087 0
0 2364 phononL 0.004 -0.0871479 0.624005 0.00664889 0
0 2365 phononL 0.004 0.301627 -0.103159 0.0173709 0
0 2366 phononL 0.004 0.825212 1.0848 0.00178808 0
0 2367 phononL 0.004 1.12828 -0.445856 -0.0182758 0
0 2368 phononL 0.004 -1.3223 0.535777 0.005908 0
0 2369 phononL 0.004 0.53037 1.49968 -0.022607 0
0 2370 phononL 0.004 1.33622 0.449196 0.0111729 0
0 2371 phononL 0.004 0.606835 -0.357609 0.0365122 0
0 2372 phononL 0.004 1.21207 0.987394 -0.0167706 0
0 2373 phononL 0.004 -0.321748 -1.2307 -0.000579456 0
0 2374 phononL 0.004 -1.07752 -0.503278 -0.0363297 0
0 2375 phononL 0.004 0.570282 1.32009 0.037994 0
0 2376 phononL 0.004 -0.949038 -0.75042 -0.0184525 0
0 2377 phononL 0.004 0.845185 -0.157286 -0.0314263 0
0 2378 phononL 0.004 1.22031 -1.02562 0.0298373 0
0 2379 phononL 0.004 1.26714 -0.442265 0.0285614 0
0 2380 phononL 0.004 -0.0724557 0.772263 -0.00215592 0
0 2381 phononL 0.004 0.903476 1.06114 0.0136243 0
0 2382 phononL 0.004 1.25898 0.422523 -0.019837 0
0 2383 phononL 0.004 -0.00342288 -0.992263 0.0149302 0
0 2384 phononL 0.004 -1.18419 0.754137 0.0296266 0
0 2385 phononL 0.004 0.751762 1.30045 0.0182962 0
0 2386 phononL 0.004 -0.0810555 0.496225 0.0218952 0
0 2387 phononL 0.004 -0.011893 -0.924849 0.0380769 0
0 2388 phononL 0.004 0.411695 -0.458591 -0.0118043 0
0 2389 phononL 0.004 0.85443 0.549006 -0.0218634 0
0 2390 phononL 0.004 0.510845 -1.24273 0.00688081 0
0 2391 phononL 0.004 -0.514502 0.834341 -0.000377799 0
0 2392 phononL 0.004 -1.29627 0.107118 -0.0274887 0
0 2393 phononL 0.004 0.0913482 -1.06414 -0.0199144 0
0 2394 phononL 0.004 -0.602506 -0.978007 0.00910449 0
0 2395 phononL 0.004 -1.16046 0.343411 0.0141307 0
0 2396 phononL 0.004 -0.842769 -1.46041 0.0387211 0
0 2397 phononL 0.004 0.881633 -0.0606114 0.0307599 0
0 2398 phononL 0.004 -0.475318 -0.0315337 0.0256254 0
0 2399 phononL 0.004 0.200884 0.468647 0.0191902 0
0 2400 phononL 0.004 -1.46086 -0.690263 0.0104874 0
0 2401 phononL 0.004 0.122019 0.156301 -0.0127006 0
0 2402 phononL 0.004 0.371094 -0.340769 0.0301991 0
0 2403 phononL 0.004 -1.17283 1.38236 -0.000460335 0
0 2404 phononL 0.004 -1.5046 -0.637709 -0.0192334 0
0 2405 phononL 0.004 -0.152963 1.48289 -0.0123051 0
0 2406 phononL 0.004 -1.17876 1.28737 0.0154002 0
0 2407 phononL 0.004 -0.03101 -1.1069 0.0365179 0
0 2408 phononL 0.004 -0.445076 0.0607514 -0.00140106 0
0 2409 phononL 0.004 0.601986 -1.06121 0.0231807 0
0 2410 phononL 0.004 -0.736987 -0.941635 0.00615822 0
0 2411 phononL 0.004 -0.171704 -1.07752 0.0245343 0
0 2412 phononL 0.004 1.09711 -1.45575 -0.000900987 0
0 2413 phononL 0.004 -0.818798 -0.220238 -0.0332935 0
0 2414 phononL 0.004 0.309283 1.22488 -0.0132978 0
0 2415 phononL 0.004 1.20057 0.575673 0.00747651 0
0 2416 phononL 0.004 -1.41014 -0.718152 0.0156648 0
0 2417 phononL 0.004 0.135469 -0.412923 -0.032494 0
0 2418 phononL 0.004 -0.297124 1.47307 -0.0374418 0
0 2419 phononL 0.004 0.990005 1.17557 -1.8968e-05 0
0 2420 phononL 0.004 0.796144 1.30889 -0.0260317 0
0 2421 phononL 0.004 0.820753 -1.47899 -0.00488765 0
0 2422 phononL 0.004 0.633386 0.192523 -0.00846999 0
0 2423 phononL 0.004 -0.846158 -0.135267 0.00310366 0
0 2424 phononL 0.004 -1.27105 -0.935593 0.0178432 0
0 2425 phononL 0.004 -0.392394 -0.942234 0.0132941 0
0 2426 phononL 0.004 0.344079 -0.0595974 0.0286493 0
0 2427 phononL 0.004 1.15182 0.167805 0.0359941 0
0 2428 phononL 0.004 1.31874 1.2853 0.003592 0
0 2429 phononL 0.004 0.00125968 -0.558485 0.0147839 0
0 2430 phononL 0.004 -1.11922 0.342339 0.0199853 0
0 2431 phononL 0.004 1.24458 -0.556987 -0.0119557 0
0 2432 phononL 0.004 0.684355 0.41663 0.023368 0
0 2433 phononL 0.004 0.740174 -0.0702323 -0.00858665 0
0 2434 phononL 0.004 -0.1695 -0.563087 0.0399008 0
0 2435 phononL 0.004 -0.235892 0.590762 0.00682249 0
0 2436 phononL 0.004 0.45739 1.34903 -0.0398337 0
0 2437 phononL 0.004 -0.186475 -0.530708 0.0338438 0
0 2438 phononL 0.004 1.27152 0.0342906 0.00274159 0
0 2439 phononL 0.004 -0.31149 -0.16004 0.0131246 0
0 2440 phononL 0.004 0.871545 0.403582 0.0314388 0
0 2441 phononL 0.004 0.470251 -0.729685 -0.0357324 0
0 2442 phononL 0.004 0.950514 -0.278087 0.0165834 0
0 2443 phononL 0.004 0.619491 -0.826669 -0.0291616 0
0 2444 phononL 0.004 -0.727423 0.577394 0.00474032 0
0 2445 phononL 0.004 1.18889 -0.274197 -0.0152878 0
0 2446 phononL 0.004 0.084495 -0.187371 -0.0239703 0
0 2447 phononL 0.004 1.50199 1.22598 -0.0167816 0
0 2448 phononL 0.004 -1.29929 -1.1126 0.00762469 0
0 2449 phononL 0.004 1.03654 1.15715 -0.0117732 0
0 2450 phononL 0.004 -0.367367 -1.4797 -0.00281515 0
0 2451 phononL 0.004 0.324911 1.13908 0.00174631 0
0 2452 phononL 0.004 -1.31482 -0.126761 0.00899195 0
0 2453 phononL 0.004 0.794841 0.359539 0.0244311 0
0 2454 phononL 0.004 1.19378 1.26148 -0.00965829 0
0 2455 phononL 0.004 -0.312662 1.30709 0.0327571 0
0 2456 phononL 0.004 -1.10851 -0.216095 0.0284984 0
0 2457 phononL 0.004 -0.152343 -1.19974 0.00484471 0
0 2458 phononL 0.004 -0.572966 0.662176 0.013682 0
0 2459 phononL 0.004 0.904664 1.37453 -0.012251 0
0 2460 phononL 0.004 0.481746 -0.0544596 0.00708717 0
0 2461 phononL 0.004 0.826541 0.302446 0.0153758 0
0 2462 phononL 0.004 0.89727 -0.701111 0.0154927 0
0 2463 phononL 0.004 1.41983 0.506101 -0.0280258 0
0 2464 phononL 0.004 0.716746 0.878907 -0.022969 0
0 2465 phononL 0.004 0.976453 -0.176485 -0.0312161 0
0 2466 phononL 0.004 -0.494198 0.455257 -0.0276002 0
0 2467 phononL 0.004 -0.662059 0.221401 0.0339222 0
0 2468 phononL 0.004 -1.42164 0.157225 0.00490055 0
0 2469 phononL 0.004 -1.25254 0.0813153 -0.0252095 0
0 2470 phononL 0.004 1.08696 0.127731 0.00821603 0
0 2471 phononL 0.004 0.924648 0.695819 -0.0327062 0
0 2472 phononL 0.004 -1.47864 -0.342631 -0.0286543 0
0 2473 phononL 0.004 1.45644 1.42129 0.0211102 0
0 2474 phononL 0.004 -1.49221 -0.233554 0.0160151 0
0 2475 phononL 0.004 1.01631 0.411091 0.0396487 0
0 2476 phononL 0.004 -0.649839 1.35948 0.0257482 0
0 2477 phononL 0.004 -0.147112 -0.971308 0.0296231 0
0 2478 phononL 0.004 1.41048 0.0646648 -0.0361203 0
0 2479 phononL 0.004 0.913886 -1.48275 -0.0167091 0
0 2480 phononL 0.004 -0.574446 -1.42219 -0.00724008 0
0 2481 phononL 0.004 0.642783 -1.10241 -0.0144974 0
0 2482 phononL 0.004 -0.151281 0.749304 -0.00203916 0
0 2483 phononL 0.004 0.744889 -0.0833935 -0.019662 0
0 2484 phononL 0.004 0.938131 -1.4238 -0.0305841 0
0 2485 phononL 0.004 -0.026369 -1.32653 -0.00375892 0
0 2486 phononL 0.004 0.666926 -1.43651 0.0291875 0
0 2487 phononL 0.004 -0.233733 1.05711 0.0382731 0
0 2488 phononL 0.004 1.06507 -0.904405 0.0206303 0
0 2489 phononL 0.004 -0.487133 0.623462 -0.0197073 0
0 2490 phononL 0.004 -0.730407 0.534667 -0.00654282 0
0 2491 phononL 0.004 0.764199 -0.697449 0.0124418 0
0 2492 phononL 0.004 0.601736 1.50032 -0.00683058 0
0 2493 phononL 0.004 -0.697098 -1.17507 -0.0218348 0
0 2494 phononL 0.004 -0.888379 -1.35655 0.0244511 0
0 2495 phononL 0.004 0.107098 1.4762 0.0185543 0
0 2496 phononL 0.004 -1.16338 0.10308 -0.0387164 0
0 2497 phononL 0.004 0.8754 0.549625 -0.0391058 0
0 2498 phononL 0.004 -0.038058 -0.159614 -0.0346096 0
0 2499 phononL 0.004 -0.156495 0.869058 0.0280616 0
0 2500 phononL 0.004 -0.108568 -0.282986 0.0127261 0
0 2501 phononL 0.004 -0.479173 1.29398 -0.02003 0
0 2502 phononL 0.004 0.0718667 1.19177 0.0398069 0
0 2503 phononL 0.004 1.06 -1.02562 0.017947 0
0 2504 phononL 0.004 0.16694 1.39235 0.0115813 0
0 2505 phononL 0.004 0.562609 0.21578 0.0144355 0
0 2506 phononL 0.004 -0.129628 -1.04162 0.0231088 0
0 2507 phononL 0.004 -0.654278 1.50393 -0.0234052 0
0 2508 phononL 0.004 1.00876 0.219953 0.0313989 0
0 2509 phononL 0.004 -0.158007 1.49007 0.00245125 0
0 2510 phononL 0.004 1.4742 -0.00973489 -0.0232331 0
0 2511 phononL 0.004 0.341104 1.33361 0.0384188 0
0 2512 phononL 0.004 -0.409893 0.728395 -0.0179925 0
0 2513 phononL 0.004 -1.14153 0.545418 0.0399916 0
0 2514 phononL 0.004 0.905804 -1.38095 -0.00678281 0
0 2515 phononL 0.004 0.0253593 -0.752457 -0.0261897 0
0 2516 phononL 0.004 -0.119844 -0.262277 0.0307442 0
0 2517 phononL 0.004 0.431666 -1.42162 0.0198012 0
0 2518 phononL 0.004 0.79258 -0.0940522 -0.0262839 0
0 2519 phononL 0.004 -0.369758 -1.26936 -0.0200177 0
0 2520 phononL 0.004 0.896922 0.0199369 0.00892253 0
0 2521 phononL 0.004 1.16262 -0.599872 -0.00856658 0
0 2522 phononL 0.004 -1.50673 -0.206762 -0.00148585 0
0 2523 phononL 0.004 -0.526231 0.560518 -0.015991 0
0 2524 phononL 0.004 -0.262554 -0.376518 0.0203939 0
0 2525 phononL 0.004 -0.0256291 -0.432003 -0.00157473 0
0 2526 phononL 0.004 0.519839 -0.465698 -0.00268901 0
0 2527 phononL 0.004 -0.331859 -1.36157 0.0179819 0
0 2528 phononL 0.004 -1.20597 0.850577 0.0036691 0
0 2529 phononL 0.004 -0.411212 -1.42481 0.0111791 0
0 2530 phononL 0.004 -0.823596 -1.4556 0.0361289 0
0 2531 phononL 0.004 0.0961225 1.44393 -0.0183321 0
0 2532 phononL 0.004 0.643216 -0.77358 -0.00472617 0
0 2533 phononL 0.004 0.824948 -1.20641 -0.00161261 0
0 2534 phononL 0.004 -1.07172 0.438821 -0.0278403 0
0 2535 phononL 0.004 -1.46908 1.1191 -0.00694774 0
0 2536 phononL 0.004 -0.641747 -0.195075 0.0144938 0
0 2537 phononL 0.004 1.33326 1.25024 -0.00446814 0
0 2538 phononL 0.004 0.124436 1.35925 0.0332046 0
0 2539 phononL 0.004 -0.346235 1.08429 0.00670848 0
0 2540 phononL 0.004 -1.3461 0.718012 0.0152987 0
0 2541 phononL 0.004 -1.0719 1.14583 0.0138196 0
0 2542 phononL 0.004 1.42037 -0.969306 -0.0106159 0
0 2543 phononL 0.004 -0.738035 0.614142 0.0181633 0
0 2544 phononL 0.004 -1.3132 -0.748584 0.00871558 0
0 2545 phononL 0.004 -1.43858 -0.248612 0.0278346 0
0 2546 phononL 0.004 -1.31617 -0.364886 -0.0244673 0
0 2547 phononL 0.004 -0.91885 -1.26651 0.00613366 0
0 2548 phononL 0.004 0.781974 -0.684698 -0.00825666 0
0 2549 phononL 0.004 0.697971 -1.06098 0.0341577 0
0 2550 phononL 0.004 0.0570955 1.45761 0.0107359 0
0 2551 phononL 0.004 1.42043 -1.21755 0.0372394 0
0 2552 phononL 0.004 -1.22869 -0.616816 0.0216188 0
0 2553 phononL 0.004 -0.386963 -0.130762 -0.0387003 0
0 2554 phononL 0.004 0.475202 0.701848 0.00963999 0
0 2555 phononL 0.004 -0.947237 -1.25759 0.0271578 0
0 2556 phononL 0.004 0.587373 -0.141132 -0.0103574 0
0 2557 phononL 0.004 0.762723 -1.21606 0.0118396 0
0 2558 phononL 0.004 1.33756 -0.399487 0.0120353 0
0 2559 phononL 0.004 0.819697 0.458414 0.0211533 0
0 2560 phononL 0.004 0.28214 -1.14379 0.0362839 0
0 2561 phononL 0.004 1.24668 -1.20832 -0.0373441 0
0 2562 phononL 0.004 1.00355 1.49832 -0.0102345 0
0 2563 phononL 0.004 0.0679774 -1.31358 0.0314638 0
0 2564 phononL 0.004 -0.651218 -0.634045 0.00734656 0
0 2565 phononL 0.004 -0.791566 -0.429413 0.00702299 0
0 2566 phononL 0.004 0.329291 -1.07803 0.0275557 0
0 2567 phononL 0.004 -0.188772 -0.962627 0.0255524 0
0 2568 phononL 0.004 1.08463 1.26723 -0.00524324 0
0 2569 phononL 0.004 -0.352334 -0.958659 0.0363516 0
0 2570 phononL 0.004 -0.256722 0.572159 -0.00795535 0
0 2571 phononL 0.004 0.444914 -0.412572 -0.0292656 0
0 2572 phononL 0.004 0.448796 1.37177 0.0336925 0
0 2573 phononL 0.004 1.45793 -0.67455 -0.023653 0
0 2574 phononL 0.004 1.47804 -1.45203 -0.0202418 0
0 2575 phononL 0.004 1.42 0.993399 0.0309158 0
0 2576 phononL 0.004 -1.14582 -1.34734 0.00596631 0
0 2577 phononL 0.004 -0.203734 0.592434 0.00655335 0
0 2578 phononL 0.004 -0.486717 0.0604966 -0.0175394 0
0 2579 phononL 0.004 1.21902 0.691047 0.000363578 0
0 2580 phononL 0.004 1.48215 1.02613 -0.0291767 0
0 2581 phononL 0.004 -0.57909 -1.05075 0.0399374 0
0 2582 phononL 0.004 1.49569 1.0334 -0.0120542 0
0 2583 phononL 0.004 0.450171 0.695367 0.0211909 0
0 2584 phononL 0.004 -0.752157 -1.32929 0.0187926 0
0 2585 phononL 0.004 -0.32798 -0.764202 -0.0204822 0
0 2586 phononL 0.004 -1.12975 -0.640677 0.00247317 0
0 2587 phononL 0.004 -0.481771 0.820248 -0.0257945 0
0 2588 phononL 0.004 -0.777738 0.248454 -0.0216628 0
0 2589 phononL 0.004 -0.400004 -0.175681 0.0324085 0
0 2590 phononL 0.004 1.13878 -1.4263 0.0287583 0
0 2591 phononL 0.004 0.241095 1.30674 -0.032381 0
0 2592 phononL 0.004 -0.219568 0.508635 0.0144151 0
0 2593 phononL 0.004 -0.579003 0.00957823 0.00697093 0
0 2594 phononL 0.004 1.39322 -0.0214779 -0.00645447 0
0 2595 phononL 0.004 -0.186499 -0.329227 0.0118867 0
0 2596 phononL 0.004 0.376084 1.06533 -0.0241308 0
0 2597 phononL 0.004 -0.320564 0.471147 -0.00618081 0
0 2598 phononL 0.004 1.36271 -0.523236 0.0148186 0
0 2599 phononL 0.004 -0.759267 0.946962 -0.016175 0
0 2600 phononL 0.004 -0.182808 -0.283309 -0.0226708 0
0 2601 phononL 0.004 -0.515488 1.00946 -0.017223 0
0 2602 phononL 0.004 -0.288454 0.829119 0.0123123 0
0 2603 phononL 0.004 1.25489 1.32875 -0.0253288 0
0 2604 phononL 0.004 -0.721516 0.0994404 -0.0167934 0
0 2605 phononL 0.004 -1.40737 0.981825 -0.0024336 0
0 2606 phononL 0.004 -1.4342 -0.891838 0.0366259 0
0 2607 phononL 0.004 1.14533 -1.20367 0.0166149 0
0 2608 phononL 0.004 0.216333 0.0661168 0.00245557 0
0 2609 phononL 0.004 0.475431 -0.755831 -0.0137034 0
0 2610 phononL 0.004 -0.556115 1.14377 -0.0362554 0
0 2611 phononL 0.004 0.987635 -0.103891 0.0227758 0
0 2612 phononL 0.004 1.26912 1.07683 -0.0269553 0
0 2613 phononL 0.004 0.620704 0.851306 0.0213529 0
0 2614 phononL 0.004 0.125311 -0.861606 -0.0180059 0
0 2615 phononL 0.004 -0.331502 -0.805709 0.0270601 0
0 2616 phononL 0.004 0.8852 1.02698 0.0188984 0
0 2617 phononL 0.004 1.43814 0.766351 -0.0222782 0
0 2618 phononL 0.004 1.31938 1.28283 0.0324499 0
0 2619 phononL 0.004 0.240533 0.431501 -0.0204481 0
0 2620 phononL 0.004 -1.01703 -0.615827 -0.0227497 0
0 2621 phononL 0.004 -0.0475903 1.03606 -0.0173948 0
0 2622 phononL 0.004 0.774332 -1.2649 0.0150094 0
0 2623 phononL 0.004 0.760657 0.508835 0.0275746 0
0 2624 phononL 0.004 -0.428417 -1.05048 0.0231781 0
0 2625 phononL 0.004 1.22142 -1.06427 0.0136738 0
0 2626 phononL 0.004 -1.02722 0.222735 0.0346879 0
0 2627 phononL 0.004 -0.855555 -0.874917 -0.00927256 0
0 2628 phononL 0.004 -1.20877 -1.34499 0.0158453 0
0 2629 phononL 0.004 0.693807 0.805984 -0.0374033 0
0 2630 phononL 0.004 -0.0840617 -0.537686 -0.0210523 0
0 2631 phononL 0.004 1.50611 0.293842 0.0318896 0
0 2632 phononL 0.004 -1.14539 -1.24009 -0.0227436 0
0 2633 phononL 0.004 0.7939 -0.322172 -0.0395694 0
0 2634 phononL 0.004 0.880859 -0.329808 -0.00189804 0
0 2635 phononL 0.004 -1.42618 0.832563 -0.0175651 0
0 2636 phononL 0.004 -0.984185 -0.465351 -0.00785302 0
0 2637 phononL 0.004 0.985417 0.626895 -0.0249441 0
0 2638 phononL 0.004 -0.770455 -0.886195 0.0338757 0
0 2639 phononL 0.004 -0.504169 -1.31331 -0.0299267 0
0 2640 phononL 0.004 -0.593246 -1.26968 0.0360153 0
0 2641 phononL 0.004 -0.926117 1.47684 -0.00791304 0
0 2642 phononL 0.004 0.532493 -0.892523 -0.0132283 0
0 2643 phononL 0.004 0.519216 -1.27198 0.00939086 0
0 2644 phononL 0.004 0.989243 -0.974729 -0.0299868 0
0 2645 phononL 0.004 -0.883548 -0.0494042 0.00842648 0
0 2646 phononL 0.004 0.0544698 1.21348 0.00524865 0
0 2647 phononL 0.004 0.416188 0.105248 -0.0285013 0
0 2648 phononL 0.004 -0.570315 0.153671 -0.0118303 0
0 2649 phononL 0.004 0.456404 -0.799709 -0.0345705 0
0 2650 phononL 0.004 -1.46179 0.303556 -0.032213 0
0 2651 phononL 0.004 1.12725 -0.240786 0.0237886 0
0 2652 phononL 0.004 -1.4586 -0.626065 0.0286893 0
0 2653 phononL 0.004 -0.425906 -0.511981 0.0204927 0
0 2654 phononL 0.004 -1.18817 -0.641467 -0.0313894 0
0 2655 phononL 0.004 0.300131 -1.01842 -0.0363314 0
0 2656 phononL 0.004 0.0798967 0.629315 0.0180966 0
0 2657 phononL 0.004 -0.168338 0.844517 0.0367978 0
0 2658 phononL 0.004 -1.27839 0.732785 0.025116 0
0 2659 phononL 0.004 -0.12611 0.990404 0.00493263 0
0 2660 phononL 0.004 -1.05945 -1.36676 -0.0332903 0
0 2661 phononL 0.004 1.43495 -0.156064 -0.00775154 0
0 2662 phononL 0.004 0.357252 -0.672762 -0.0359045 0
0 2663 phononL 0.004 -0.179551 -0.145654 -0.021395 0
0 2664 phononL 0.004 -0.961454 1.17727 -0.0170519 0
0 2665 phononL 0.004 -1.36308 1.50468 0.0317676 0
0 2666 phononL 0.004 -1.18782 -0.826147 0.0262585 0
0 2667 phononL 0.004 -0.174522 -0.228598 -0.0358635 0
0 2668 phononL 0.004 0.398093 1.36093 0.00435465 0
0 2669 phononL 0.004 0.504924 0.615684 -0.0378686 0
0 2670 phononL 0.004 0.65853 -0.0970457 0.00825033 0
0 2671 phononL 0.004 0.549787 -1.11898 -0.0228838 0
0 2672 phononL 0.004 -1.29697 0.677241 -0.00976336 0
0 2673 phononL 0.004 0.836184 -1.30234 0.0214508 0
0 2674 phononL 0.004 0.656575 -1.21205 0.017843 0
0 2675 phononL 0.004 0.473856 -1.22332 0.0367611 0
0 2676 phononL 0.004 0.486006 -0.400511 -0.00760636 0
0 2677 phononL 0.004 1.42605 -0.721861 -0.0132574 0
0 2678 phononL 0.004 -1.28716 -0.607992 0.0178492 0
0 2679 phononL 0.004 1.44498 0.482932 0.0117763 0
0 2680 phononL 0.004 1.3789 -0.430331 0.0230162 0
0 2681 phononL 0.004 -1.35983 -1.40517 0.0142193 0
0 2682 phononL 0.004 0.671628 1.08936 0.00145558 0
0 2683 phononL 0.004 0.62746 -0.269763 -0.0383759 0
0 2684 phononL 0.004 0.734496 -0.805088 0.0251446 0
0 2685 phononL 0.004 0.132316 -1.41965 0.0214281 0
0 2686 phononL 0.004 -1.26735 0.356339 0.0255212 0
0 2687 phononL 0.004 -0.192729 0.270888 -0.0194351 0
0 2688 phononL 0.004 -1.11557 -0.966447 -0.0173824 0
0 2689 phononL 0.004 -0.153226 -0.516531 0.0306576 0
0 2690 phononL 0.004 -0.756541 0.421528 0.00501708 0
0 2691 phononL 0.004 1.15469 -0.775154 0.0303762 0
0 2692 phononL 0.004 0.272673 0.12645 -0.00813775 0
0 2693 phononL 0.004 -0.723383 -1.23919 -0.00236339 0
0 2694 phononL 0.004 -1.29232 0.902219 0.0291427 0
0 2695 phononL 0.004 -0.934136 0.0867375 0.0155906 0
0 2696 phononL 0.004 -0.376764 -0.521777 -0.0124309 0
0 2697 phononL 0.004 0.880675 -1.38896 0.00470143 0
0 2698 phononL 0.004 0.840108 -0.44369 0.021342 0
0 2699 phononL 0.004 -0.692597 -1.15871 -0.0396759 0
0 2700 phononL 0.004 1.01438 0.293372 -0.0214509 0
0 2701 phononL 0.004 -1.29454 0.690667 0.00485355 0
0 2702 phononL 0.004 -1.10186 -1.09057 0.0341984 0
0 2703 phononL 0.004 0.104178 -0.978838 -0.0354427 0
0 2704 phononL 0.004 -0.111184 1.1143 0.00788629 0
0 2705 phononL 0.004 -0.652768 -0.956223 0.0294716 0
0 2706 phononL 0.004 1.26677 1.25228 -0.0018204 0
0 2707 phononL 0.004 -1.22716 0.292027 -0.0292076 0
0 2708 phononL 0.004 1.00316 -0.56001 -0.016313 0
0 2709 phononL 0.004 0.465844 -0.383095 -0.0101918 0
0 2710 phononL 0.004 1.10123 -0.504841 -0.00803835 0
0 2711 phononL 0.004 1.06816 0.0724548 -0.0196996 0
0 2712 phononL 0.004 1.5032 -1.09015 0.0106669 0
0 2713 phononL 0.004 -1.0487 1.22161 0.0369578 0
0 2714 phononL 0.004 0.635968 -1.16886 0.0351882 0
0 2715 phononL 0.004 -0.768073 -0.216977 -0.015406 0
0 2716 phononL 0.004 0.836537 -0.951567 -0.0361815 0
0 2717 phononL 0.004 -0.123997 1.0087 -0.0161859 0
0 2718 phononL 0.004 -1.09834 -1.06949 -0.0321078 0
0 2719 phononL 0.004 0.624036 -0.000762395 0.0201377 0
0 2720 phononL 0.004 1.38399 1.27489 0.015852 0
0 2721 phononL 0.004 -1.38529 1.42339 0.000364957 0
0 2722 phononL 0.004 1.20679 -0.450482 -0.0094683 0
0 2723 phononL 0.004 -1.44485 -1.32404 -0.028375 0
0 2724 phononL 0.004 -0.381441 1.26601 0.029783 0
0 2725 phononL 0.004 0.571778 0.502801 -0.0238836 0
0 2726 phononL 0.004 -0.42739 1.26606 -0.0116976 0
0 2727 phononL 0.004 -0.943216 -0.836439 0.0176289 0
0 2728 phononL 0.004 0.232331 0.0144043 0.0201608 0
0 2729 phononL 0.004 1.15091 0.313666 0.0326541 0
0 2730 phononL 0.004 0.186159 1.37159 -0.0369504 0
0 2731 phononL 0.004 0.496279 -0.690802 0.0326542 0
0 2732 phononL 0.004 -0.863852 1.45045 0.00227192 0
0 2733 phononL 0.004 -1.34294 -1.10011 -0.0273143 0
0 2734 phononL 0.004 0.309142 1.25332 0.0150188 0
0 2735 phononL 0.004 0.468409 -0.069382 -0.0124638 0
0 2736 phononL 0.004 1.14175 0.0746963 -0.0380655 0
0 2737 phononL 0.004 -0.236332 1.20736 -0.0338757 0
0 2738 phononL 0.004 -1.25124 1.08837 -0.0158913 0
0 2739 phononL 0.004 -0.752381 -0.15484 0.00365738 0
0 2740 phononL 0.004 0.784543 -0.305432 0.0104919 0
0 2741 phononL 0.004 0.513652 1.00476 -0.0180291 0
0 2742 phononL 0.004 1.45304 0.8734 -0.0288713 0
0 2743 phononL 0.004 -0.108295 -1.14045 0.0295983 0
0 2744 phononL 0.004 0.380367 -1.13084 0.00145309 0
0 2745 phononL 0.004 1.18812 0.482372 0.0386045 0
0 2746 phononL 0.004 -0.515152 1.38535 0.0106274 0
0 2747 phononL 0.004 -0.465941 0.8238 0.0112055 0
0 2748 phononL 0.004 -0.707275 -0.310417 -0.0235986 0
0 2749 phononL 0.004 0.864549 -1.0646 0.0252047 0
0 2750 phononL 0.004 -1.39059 0.915347 -0.0029356 0
0 2751 phononL 0.004 1.1745 -1.01353 0.0304305 0
0 2752 phononL 0.004 0.0431363 -0.453683 -0.0178905 0
0 2753 phononL 0.004 -0.517644 0.901238 -0.026627 0
0 2754 phononL 0.004 -0.929886 -1.1647 -0.0212787 0
0 2755 phononL 0.004 -0.62575 1.02328 0.0147244 0
0 2756 phononL 0.004 0.288062 -1.24299 0.0104765 0
0 2757 phononL 0.004 0.660667 1.13178 -0.0224142 0
0 2758 phononL 0.004 0.154245 0.604922 0.0193663 0
0 2759 phononL 0.004 -0.377005 -0.322448 -0.00493446 0
0 2760 phononL 0.004 -0.221062 -0.0115826 -0.0235567 0
0 2761 phononL 0.004 0.73369 -0.386231 0.032655 0
0 2762 phononL 0.004 -1.3539 -0.202106 -0.00185844 0
0 2763 phononL 0.004 -1.05226 1.23611 0.003346 0
0 2764 phononL 0.004 1.4273 1.06659 -0.0145225 0
0 2765 phononL 0.004 0.725001 -0.612192 0.0131521 0
0 2766 phononL 0.004 -0.53634 0.225614 0.0373547 0
0 2767 phononL 0.004 1.15074 0.773764 -0.0283655 0
0 2768 phononL 0.004 1.0684 0.267234 -0.0206027 0
0 2769 phononL 0.004 0.235749 -0.664065 -0.0234736 0
0 2770 phononL 0.004 0.943917 -0.528759 0.0370745 0
0 2771 phononL 0.004 -0.292562 -0.773208 -0.0100171 0
0 2772 phononL 0.004 0.933922 -0.87389 -0.0316131 0
0 2773 phononL 0.004 -0.661739 -0.918757 -0.00137101 0
0 2774 phononL 0.004 0.698766 -1.34262 -0.0277092 0
0 2775 phononL 0.004 1.02929 -0.309193 0.0194778 0
0 2776 phononL 0.004 0.85132 -0.51821 0.0131433 0
0 2777 phononL 0.004 -1.04008 -0.344385 -0.0368238 0
0 2778 phononL 0.004 -0.485915 -1.47339 -0.0287436 0
0 2779 phononL 0.004 1.23472 0.51964 -0.038216 0
0 2780 phononL 0.004 0.805385 -0.219668 -0.0237905 0
0 2781 phononL 0.004 -0.165683 1.23465 -0.0163223 0
0 2782 phononL 0.004 0.182207 0.176076 -0.00365657 0
0 2783 phononL 0.004 -0.608877 -1.14407 0.0290981 0
0 2784 phononL 0.004 0.442369 -0.136647 -0.0279982 0
0 2785 phononL 0.004 -0.86795 0.691454 0.0103864 0
0 2786 phononL 0.004 0.321997 -0.133653 -0.0249471 0
0 2787 phononL 0.004 1.31601 -1.47732 0.0319668 0
0 2788 phononL 0.004 -1.05178 0.276907 -0.0230907 0
0 2789 phononL 0.004 -0.42607 1.21758 -0.0119339 0
0 2790 phononL 0.004 0.763186 1.33226 -0.013519 0
0 2791 phononL 0.004 -0.461246 -0.838874 -0.0180973 0
0 2792 phononL 0.004 -1.44554 0.0372512 -0.0103015 0
0 2793 phononL 0.004 -0.0464526 -0.456517 -0.0286102 0
0 2794 phononL 0.004 -0.162955 -0.576651 -0.0127476 0
0 2795 phononL 0.004 -0.238957 -0.345675 -0.0283243 0
0 2796 phononL 0.004 -0.770786 1.22316 -0.00418668 0
0 2797 phononL 0.004 0.67555 -0.806882 0.0311543 0
0 2798 phononL 0.004 0.842882 -0.487186 -0.0390658 0
0 2799 phononL 0.004 0.836211 -0.425661 -0.0110932 0
0 2800 phononL 0.004 -0.901191 0.0590021 0.0146043 0
0 2801 phononL 0.004 -0.436009 0.175407 0.0218708 0
0 2802 phononL 0.004 1.11969 0.36482 -0.0388316 0
0 2803 phononL 0.004 0.579708 -0.665049 0.00595616 0
0 2804 phononL 0.004 0.390637 0.0645395 -0.0140512 0
0 2805 phononL 0.004 0.630063 -1.05146 -0.023972 0
0 2806 phononL 0.004 0.663932 -0.412345 0.00150304 0
0 2807 phononL 0.004 0.00424837 -1.42331 -0.0277813 0
0 2808 phononL 0.004 0.242401 1.11947 -0.02517 0
0 2809 phononL 0.004 0.77847 -0.379936 0.0323526 0
0 2810 phononL 0.004 0.382638 -1.30483 0.0343885 0
0 2811 phononL 0.004 -0.867778 -0.0472562 0.0251269 0
0 2812 phononL 0.004 1.39089 -1.02964 0.0240251 0
0 2813 phononL 0.004 -1.23942 -0.417017 -0.0232634 0
0 2814 phononL 0.004 1.06321 0.693439 0.0297536 0
0 2815 phononL 0.004 0.234208 0.823154 0.024844 0
0 2816 phononL 0.004 -1.28185 1.29642 -0.00632014 0
0 2817 phononL 0.004 -0.114338 1.25848 -0.0318726 0
0 2818 phononL 0.004 0.842616 -0.358596 -0.0310987 0
0 2819 phononL 0.004 0.345068 0.291136 -0.0103517 0
0 2820 phononL 0.004 -0.828305 -0.258552 0.0273365 0
0 2821 phononL 0.004 -1.39722 -0.0585502 0.0330647 0
0 2822 phononL 0.004 0.236778 -0.851128 -0.0268658 0
0 2823 phononL 0.004 0.429807 -0.052237 0.0244063 0
0 2824 phononL 0.004 -0.32868 0.711889 0.0377305 0
0 2825 phononL 0.004 0.36533 -1.16682 0.0147582 0
0 2826 phononL 0.004 -1.18187 1.4745 0.00214788 0
0 2827 phononL 0.004 -0.750229 -0.766488 0.000717965 0
0 2828 phononL 0.004 -0.0215599 0.0123123 -0.0261383 0
0 2829 phononL 0.004 0.316112 -0.360222 -0.034056 0
0 2830 phononL 0.004 -0.575051 1.4736 0.00567038 0
0 2831 phononL 0.004 1.30078 -0.871456 -0.0132823 0
0 2832 phononL 0.004 0.361986 1.36062 -0.0233826 0
0 2833 phononL 0.004 -1.03923 -1.0095 -0.0198372 0
0 2834 phononL 0.004 -0.119308 1.39599 0.0341623 0
0 2835 phononL 0.004 -0.516961 -0.385983 -0.0240054 0
0 2836 phononL 0.004 0.142893 -0.272536 0.0334604 0
0 2837 phononL 0.004 -0.817602 -1.21475 -0.00285699 0
0 2838 phononL 0.004 -0.817973 -0.667382 -0.0138004 0
0 2839 phononL 0.004 0.763751 -0.780011 0.0352744 0
0 2840 phononL 0.004 -1.38025 1.03543 -0.0229245 0
0 2841 phononL 0.004 1.39894 -0.69293 0.00401235 0
0 2842 phononL 0.004 -1.15608 0.747207 -0.0174476 0
0 2843 phononL 0.004 -0.340084 0.766498 0.00799054 0
0 2844 phononL 0.004 -1.10082 1.03633 0.00218135 0
0 2845 phononL 0.004 1.333 -0.309026 0.0204158 0
0 2846 phononL 0.004 -0.599671 0.459253 0.0200537 0
0 2847 phononL 0.004 0.389447 0.221379 -0.0112421 0
0 2848 phononL 0.004 0.517257 1.18748 -0.0164582 0
0 2849 phononL 0.004 -0.559569 -0.121163 0.0202695 0
0 2850 phononL 0.004 -0.761717 -0.57105 -0.0381493 0
0 2851 phononL 0.004 -0.815905 -0.980519 -0.00265894 0
0 2852 phononL 0.004 -0.74453 0.733506 0.00446114 0
0 2853 phononL 0.004 -0.977764 0.588944 0.00247389 0
0 2854 phononL 0.004 0.644249 1.35643 0.0139032 0
0 2855 phononL 0.004 -0.0963745 -0.99085 0.0200933 0
0 2856 phononL 0.004 0.723541 -1.42667 -0.0334144 0
0 2857 phononL 0.004 0.310121 0.22433 0.0104027 0
0 2858 phononL 0.004 -0.87007 -0.838599 -0.0259277 0
0 2859 phononL 0.004 -0.960255 1.1628 0.0308636 0
0 2860 phononL 0.004 -0.871712 0.0682169 0.0253052 0
0 2861 phononL 0.004 -0.2162 -0.458226 -0.0119287 0
0 2862 phononL 0.004 0.24492 0.784038 -0.0284695 0
0 2863 phononL 0.004 -0.248124 1.03684 0.0289109 0
0 2864 phononL 0.004 -0.736411 0.911291 0.0218944 0
0 2865 phononL 0.004 -0.266013 0.734341 0.0249322 0
0 2866 phononL 0.004 1.15543 -0.641417 -0.0307011 0
0 2867 phononL 0.004 -1.18702 1.25898 -0.0152622 0
0 2868 phononL 0.004 1.29921 0.531308 -0.0151748 0
0 2869 phononL 0.004 -0.347002 -1.16495 -0.0252394 0
0 2870 phononL 0.004 1.20464 -0.0515986 0.0264083 0
0 2871 phononL 0.004 0.12446 -1.16094 0.0155862 0
0 2872 phononL 0.004 -0.320242 0.474647 0.0346062 0
0 2873 phononL 0.004 -0.0110919 -1.17974 -0.0244943 0
0 2874 phononL 0.004 -0.57983 -1.4062 -2.71513e-05 0
0 2875 phononL 0.004 -0.564943 -1.39632 -0.0383496 0
0 2876 phononL 0.004 -1.43158 -0.590748 0.0200293 0
0 2877 phononL 0.004 -0.474694 -0.798736 -0.0399885 0
0 2878 phononL 0.004 0.388705 0.783875 -0.0195683 0
0 2879 phononL 0.004 -0.957821 -0.924341 -0.024468 0
0 2880 phononL 0.004 1.12716 -0.851746 -0.0204551 0
0 2881 phononL 0.004 -0.875594 -0.0958464 -0.0192036 0
0 2882 phononL 0.004 -1.2704 1.46855 0.0125058 0
0 2883 phononL 0.004 -1.09967 -0.521706 -0.0372475 0
0 2884 phononL 0.004 0.792532 1.05042 0.0397776 0
0 2885 phononL 0.004 0.802054 0.614309 -0.0322441 0
0 2886 phononL 0.004 -0.335196 -1.43732 0.00373954 0
0 2887 phononL 0.004 0.233111 0.964599 -0.0148277 0
0 2888 phononL 0.004 0.583227 -0.806205 0.00421753 0
0 2889 phononL 0.004 -0.517846 1.30357 0.0389335 0
0 2890 phononL 0.004 0.763264 0.243776 0.00406122 0
0 2891 phononL 0.004 0.94745 -0.407564 -0.0353774 0
0 2892 phononL 0.004 0.0724725 -0.794328 0.0380179 0
0 2893 phononL 0.004 1.38461 -1.20363 0.00398672 0
0 2894 phononL 0.004 0.530534 -0.277102 0.03552 0
0 2895 phononL 0.004 -0.331422 -0.565466 -0.000843191 0
0 2896 phononL 0.004 0.0701972 0.744202 -0.0377052 0
0 2897 phononL 0.004 0.0226898 -0.323301 0.018926 0
0 2898 phononL 0.004 1.46582 -0.870196 -0.0233732 0
0 2899 phononL 0.004 -1.17586 -1.05912 0.00355978 0
0 2900 phononL 0.004 0.250094 -0.848605 -0.0271847 0
0 2901 phononL 0.004 0.59993 -1.10042 -0.00224013 0
0 2902 phononL 0.004 1.30703 -0.515295 -0.0376772 0
0 2903 phononL 0.004 -1.38446 1.02084 0.00841153 0
0 2904 phononL 0.004 0.336823 0.0551598 -0.00938733 0
0 2905 phononL 0.004 1.04158 -0.34912 0.0133426 0
0 2906 phononL 0.004 -1.35488 -0.151942 -0.0232624 0
0 2907 phononL 0.004 1.08544 1.42302 -0.00692743 0
0 2908 phononL 0.004 -0.317738 -0.00317784 0.034395 0
0 2909 phononL 0.004 0.398324 -1.49056 0.00710812 0
0 2910 phononL 0.004 0.619272 0.341899 0.0219103 0
0 2911 phononL 0.004 -1.50216 -1.12175 -0.0289417 0
0 2912 phononL 0.004 -1.05964 0.663334 -0.0227166 0
0 2913 phononL 0.004 0.096739 -1.18624 0.0390741 0
0 2914 phononL 0.004 0.328472 -1.08169 -0.0214961 0
0 2915 phononL 0.004 0.0738061 -0.439509 -0.00543329 0
0 2916 phononL 0.004 0.91129 -0.641852 -0.0107578 0
0 2917 phononL 0.004 -1.33147 0.382587 -0.0373646 0
0 2918 phononL 0.004 -1.33249 0.173042 0.0258433 0
0 2919 phononL 0.004 -1.47462 0.523742 0.0215469 0
0 2920 phononL 0.004 1.39686 -0.728114 0.0112664 0
0 2921 phononL 0.004 0.0163914 0.0581892 -0.0123572 0
0 2922 phononL 0.004 -0.581351 0.557943 0.0177028 0
0 2923 phononL 0.004 1.3516 -1.02085 0.00750898 0
0 2924 phononL 0.004 -0.319457 0.483053 0.00946781 0
0 2925 phononL 0.004 -0.37448 0.690424 0.00826316 0
0 2926 phononL 0.004 0.00628116 0.746189 0.0068876 0
0 2927 phononL 0.004 -0.568206 -1.22496 -0.0336793 0
0 2928 phononL 0.004 0.191162 0.779599 -0.0357101 0
0 2929 phononL 0.004 -0.511677 0.0495254 0.0307743 0
0 2930 phononL 0.004 -0.0474936 -0.0323984 0.0259821 0
0 2931 phononL 0.004 0.91097 -0.486999 -0.0156908 0
0 2932 phononL 0.004 -1.27853 -0.147869 0.0343509 0
0 2933 phononL 0.004 -0.837673 0.33455 -0.0362825 0
0 2934 phononL 0.004 0.564854 1.46672 0.017552 0
0 2935 phononL 0.004 1.46305 -1.04137 0.00745312 0
0 2936 phononL 0.004 1.17847 1.26977 -0.01558 0
0 2937 phononL 0.004 1.19497 0.510645 0.0317035 0
0 2938 phononL 0.004 0.975971 -0.232893 0.020093 0
0 2939 phononL 0.004 -0.833297 0.94725 -0.0359536 0
0 2940 phononL 0.004 1.02911 0.714565 -0.00333821 0
0 2941 phononL 0.004 0.285111 1.0259 -0.0136154 0
0 2942 phononL 0.004 -0.412743 1.00313 0.039384 0
0 2943 phononL 0.004 -0.858521 -1.26916 0.00520794 0
0 2944 phononL 0.004 -0.376914 -0.689648 -0.012018 0
0 2945 phononL 0.004 1.17606 0.484496 -0.0128783 0
0 2946 phononL 0.004 -0.984042 -0.500141 -0.0175503 0
0 2947 phononL 0.004 -0.791118 1.37871 0.0167136 0
0 2948 phononL 0.004 -0.879027 -0.11592 0.0174845 0
0 2949 phononL 0.004 0.812506 1.43457 -0.0248554 0
0 2950 phononL 0.004 0.10055 -0.715414 -0.0136836 0
0 2951 phononL 0.004 1.30855 1.38182 -0.0309959 0
0 2952 phononL 0.004 -0.0688495 -1.09702 0.0281118 0
0 2953 phononL 0.004 0.141933 -1.17942 -0.0146756 0
0 2954 phononL 0.004 1.1295 -0.62116 0.00129936 0
0 2955 phononL 0.004 -0.511519 0.0980152 -0.0269195 0
0 2956 phononL 0.004 -0.179845 -0.392167 0.028379 0
0 2957 phononL 0.004 -0.567488 -0.0672704 0.00522864 0
0 2958 phononL 0.004 1.20076 1.18135 0.0308633 0
0 2959 phononL 0.004 0.00546926 0.623509 0.00588299 0
0 2960 phononL 0.004 -0.10765 -0.98832 0.0226794 0
0 2961 phononL 0.004 -1.19012 1.03948 -0.0266533 0
0 2962 phononL 0.004 -0.69505 1.11724 -0.0261687 0
0 2963 phononL 0.004 -1.14934 -0.0364421 0.0195942 0
0 2964 phononL 0.004 0.102388 0.339087 -0.00495604 0
0 2965 phononL 0.004 0.73726 -1.06456 -0.00162134 0
0 2966 phononL 0.004 -0.470885 -1.01042 -0.00821915 0
0 2967 phononL 0.004 -1.49562 1.1774 0.0283767 0
0 2968 phononL 0.004 0.167953 -0.156683 -0.00696495 0
0 2969 phononL 0.004 -1.49557 1.0356 -0.0357274 0
0 2970 phononL 0.004 -0.600785 0.128655 -0.0205013 0
0 2971 phononL 0.004 0.321423 0.882312 -0.0208093 0
0 2972 phononL 0.004 -0.438865 -1.28813 0.00462271 0
0 2973 phononL 0.004 1.36123 0.566364 0.0276986 0
0 2974 phononL 0.004 -1.21339 0.217247 -0.0330424 0
0 2975 phononL 0.004 0.993453 0.641304 0.0169604 0
0 2976 phononL 0.004 -0.834036 -0.712452 0.00803652 0
0 2977 phononL 0.004 0.0330534 1.45002 0.0199182 0
0 2978 phononL 0.004 0.364682 -1.44535 -0.0109232 0
0 2979 phononL 0.004 -0.0239373 0.620504 -0.0276625 0
0 2980 phononL 0.004 0.721554 -1.02313 0.000221455 0
0 2981 phononL 0.004 1.50395 0.138526 -0.011329 0
0 2982 phononL 0.004 -0.173049 1.27967 0.00611774 0
0 2983 phononL 0.004 -0.165057 1.34703 -0.0119687 0
0 2984 phononL 0.004 0.667571 0.963774 0.0159211 0
0 2985 phononL 0.004 -0.346395 -1.03118 -0.00660791 0
0 2986 phononL 0.004 0.126166 -0.304943 0.026928 0
0 2987 phononL 0.004 -1.07347 -0.137277 0.0096489 0
0 2988 phononL 0.004 0.922986 0.820412 -0.00944844 0
0 2989 phononL 0.004 -1.17953 -0.426547 0.0380402 0
0 2990 phononL 0.004 -1.25633 -1.37498 -0.00412777 0
0 2991 phononL 0.004 0.875448 0.798995 -0.0326843 0
0 2992 phononL 0.004 0.82478 -1.47938 0.0262304 0
0 2993 phononL 0.004 -0.997539 1.49596 0.00975945 0
0 2994 phononL 0.004 1.1577 0.408181 -0.0311695 0
0 2995 phononL 0.004 -0.431914 -0.529286 0.0333162 0
0 2996 phononL 0.004 -1.32798 0.363698 0.0397877 0
0 2997 phononL 0.004 0.615087 0.0346958 0.0251841 0
0 2998 phononL 0.004 -0.0663372 -1.50424 -0.00822764 0
0 2999 phononL 0.004 -1.04144 1.45717 -0.00282821 0
0 3000 phononL 0.004 -0.0680657 -0.72203 -0.0345726 0
0 3001 phononL 0.004 -0.532621 -0.566996 0.0103389 0
0 3002 phononL 0.004 0.0827037 -1.36207 0.0175796 0
0 3003 phononL 0.004 -0.462834 -1.10647 -0.0102917 0
0 3004 phononL 0.004 -0.569692 -0.785747 0.0381059 0
0 3005 phononL 0.004 -1.41069 0.256092 -0.000601274 0
0 3006 phononL 0.004 0.675726 -0.9925 0.00837382 0
0 3007 phononL 0.004 -0.043138 0.126276 0.0332096 0
0 3008 phononL 0.004 -0.696864 0.952926 0.02784 0
0 3009 phononL 0.004 1.41367 0.376166 -0.0179373 0
0 3010 phononL 0.004 -0.459047 1.11433 0.037893 0
0 3011 phononL 0.004 -1.00161 -0.910393 -0.0294427 0
0 3012 phononL 0.004 -1.31256 0.625591 -0.00971103 0
0 3013 phononL 0.004 -0.472104 -0.226933 -0.0218818 0
0 3014 phononL 0.004 1.12418 1.20458 -0.026231 0
0 3015 phononL 0.004 0.435893 0.445083 -0.0394936 0
0 3016 phononL 0.004 -1.34389 1.15611 0.00845676 0
0 3017 phononL 0.004 0.912753 -0.0929396 -0.0140285 0
0 3018 phononL 0.004 1.19167 -1.2052 0.0236985 0
0 3019 phononL 0.004 0.51398 0.966439 -0.0377427 0
0 3020 phononL 0.004 1.14387 0.000430377 -0.0271057 0
0 3021 phononL 0.004 -1.05522 -1.18838 0.0127901 0
0 3022 phononL 0.004 0.0961411 0.920988 0.00252952 0
0 3023 phononL 0.004 -0.191638 -0.168315 0.0264153 0
0 3024 phononL 0.004 1.06302 0.932444 -0.00369394 0
0 3025 phononL 0.004 -0.470275 -0.638201 -0.0215236 0
0 3026 phononL 0.004 0.277863 -0.614043 -0.0225333 0
0 3027 phononL 0.004 0.249166 1.1104 0.039862 0
0 3028 phononL 0.004 -0.414519 -0.725776 0.0233931 0
0 3029 phononL 0.004 -0.833485 1.04038 0.0158867 0
0 3030 phononL 0.004 -0.770295 -0.13927 0.000989362 0
0 3031 phononL 0.004 -0.10959 -0.610547 -0.0158365 0
0 3032 phononL 0.004 0.535524 0.928439 -0.0396538 0
0 3033 phononL 0.004 1.33525 0.336513 -0.0311688 0
0 3034 phononL 0.004 0.0848739 -0.447128 0.00642658 0
0 3035 phononL 0.004 -0.724249 1.21849 -0.0157844 0
0 3036 phononL 0.004 -1.04854 -0.758087 0.0191031 0
0 3037 phononL 0.004 -0.288496 -0.906057 0.0119342 0
0 3038 phononL 0.004 1.02777 -1.13339 -0.00971933 0
0 3039 phononL 0.004 1.06779 -0.549989 0.0399218 0
0 3040 phononL 0.004 0.74675 -1.38847 0.0278548 0
0 3041 phononL 0.004 -0.211604 -0.375138 -0.0396952 0
0 3042 phononL 0.004 1.47008 -0.741877 0.0379261 0
0 3043 phononL 0.004 0.660194 1.16306 -0.0370293 0
0 3044 phononL 0.004 1.10252 -1.02812 -0.0195 0
0 3045 phononL 0.004 -0.505964 -0.125335 -0.032814 0
0 3046 phononL 0.004 0.869302 0.981592 0.0380803 0
0 3047 phononL 0.004 0.359546 0.57377 0.00216503 0
0 3048 phononL 0.004 0.248591 1.50317 0.0368134 0
0 3049 phononL 0.004 0.712293 0.00149889 0.0102001 0
0 3050 phononL 0.004 0.587888 0.630491 -0.032066 0
0 3051 phononL 0.004 0.813498 1.33682 0.0125061 0
0 3052 phononL 0.004 -1.36389 0.549677 -0.0123396 0
0 3053 phononL 0.004 1.49777 -0.298404 -0.0292978 0
0 3054 phononL 0.004 0.981086 1.4179 0.0302187 0
0 3055 phononL 0.004 -0.422262 0.364439 -0.0230239 0
0 3056 phononL 0.004 -0.565395 -0.0499032 -0.0255389 0
0 3057 phononL 0.004 -0.403041 0.676014 -0.0240215 0
0 3058 phononL 0.004 -0.791272 -1.10873 -0.0015015 0
0 3059 phononL 0.004 1.07265 -0.584836 0.0112588 0
0 3060 phononL 0.004 0.635661 0.943338 -0.037106 0
0 3061 phononL 0.004 0.163421 -0.631846 -0.0257509 0
0 3062 phononL 0.004 0.358335 0.737664 -0.0138122 0
0 3063 phononL 0.004 1.2764 -1.20818 -0.00568187 0
0 3064 phononL 0.004 -0.794578 -1.30113 -0.0169568 0
0 3065 phononL 0.004 0.360945 -0.908516 0.0384976 0
0 3066 phononL 0.004 -0.503796 0.193967 0.0065394 0
0 3067 phononL 0.004 -0.225318 0.369855 -0.0245298 0
0 3068 phononL 0.004 -1.37505 0.303469 0.0134988 0
0 3069 phononL 0.004 0.707055 -1.45666 0.0161132 0
0 3070 phononL 0.004 -0.53268 -1.07189 0.00424238 0
0 3071 phononL 0.004 1.30217 0.983503 0.0369371 0
0 3072 phononL 0.004 0.557178 -0.594164 0.0196561 0
0 3073 phononL 0.004 -1.23633 0.180954 -0.0325866 0
0 3074 phononL 0.004 1.03491 1.12311 0.0388242 0
0 3075 phononL 0.004 -0.889134 1.4269 -0.0363019 0
0 3076 phononL 0.004 -0.252483 1.09262 0.0154376 0
0 3077 phononL 0.004 -0.793313 -0.685463 -0.0136393 0
0 3078 phononL 0.004 0.632487 0.868312 -0.00699416 0
0 3079 phononL 0.004 1.32306 0.220766 0.00211945 0
0 3080 phononL 0.004 -0.72234 -0.095838 0.0277378 0
0 3081 phononL 0.004 0.297586 -1.24432 0.034224 0
0 3082 phononL 0.004 -0.898187 -0.978772 0.00904654 0
0 3083 phononL 0.004 0.716359 1.39704 -0.0037025 0
0 3084 phononL 0.004 -1.34693 0.305614 0.0296087 0
0 3085 phononL 0.004 -0.346293 0.95928 0.0367503 0
0 3086 phononL 0.004 -1.49879 -0.570361 -0.00401216 0
0 3087 phononL 0.004 1.26784 -0.727106 -0.0256594 0
0 3088 phononL 0.004 -1.38429 0.00227048 0.0207062 0
0 3089 phononL 0.004 -0.0496154 -0.0897826 -0.0203252 0
0 3090 phononL 0.004 -0.290995 -1.18753 -0.0398609 0
0 3091 phononL 0.004 0.471052 -1.28108 -0.00642425 0
0 3092 phononL 0.004 -0.321644 0.259451 -0.0041992 0
0 3093 phononL 0.004 0.0831047 -1.18182 0.0133544 0
0 3094 phononL 0.004 0.978208 1.02994 0.0297769 0
0 3095 phononL 0.004 0.973859 -0.573449 0.022875 0
0 3096 phononL 0.004 -1.35012 -0.515826 0.0368835 0
0 3097 phononL 0.004 1.27948 -1.04343 0.0289379 0
0 3098 phononL 0.004 1.25098 0.210474 -0.00187385 0
0 3099 phononL 0.004 1.12391 1.37491 0.0318063 0
0 3100 phononL 0.004 -1.50311 0.154868 -0.00920031 0
0 3101 phononL 0.004 -0.923895 0.0735235 0.0177474 0
0 3102 phononL 0.004 0.388857 -1.14747 0.005629 0
0 3103 phononL 0.004 -1.06734 0.35281 0.0388725 0
0 3104 phononL 0.004 -0.740543 1.2615 -0.00403526 0
0 3105 phononL 0.004 -1.37491 0.748139 -0.0242214 0
0 3106 phononL 0.004 0.683103 -0.665519 0.0233648 0
0 3107 phononL 0.004 0.953572 1.10186 0.03563 0
0 3108 phononL 0.004 -0.283119 -1.16327 0.000909467 0
0 3109 phononL 0.004 0.654273 -1.21365 0.038126 0
0 3110 phononL 0.004 -0.516808 1.2906 -0.0180658 0
0 3111 phononL 0.004 0.82961 -0.876066 0.0294219 0
0 3112 phononL 0.004 -1.03867 0.761465 -0.0307474 0
0 3113 phononL 0.004 -0.334022 -0.140337 -0.0281783 0
0 3114 phononL 0.004 -0.214674 -1.11871 -0.0158189 0
0 3115 phononL 0.004 1.21685 -0.846709 0.0111732 0
0 3116 phononL 0.004 -0.023831 -0.38966 0.02241 0
0 3117 phononL 0.004 -1.13453 0.266759 0.0171909 0
0 3118 phononL 0.004 0.929199 -0.382189 -0.0248859 0
0 3119 phononL 0.004 0.380142 1.40229 -0.0216014 0
0 3120 phononL 0.004 -0.199792 0.141333 -0.0106774 0
0 3121 phononL 0.004 -0.891446 1.42747 0.0274 0
0 3122 phononL 0.004 -1.33898 1.23761 0.0108727 0
0 3123 phononL 0.004 0.410458 1.36822 0.0237277 0
0 3124 phononL 0.004 0.137926 0.694102 -0.0147052 0
0 3125 phononL 0.004 1.48 -0.0901452 -0.0363553 0
0 3126 phononL 0.004 -0.13894 -0.097614 -0.00295967 0
0 3127 phononL 0.004 1.09057 -0.210682 -0.0394509 0
0 3128 phononL 0.004 0.327492 0.238884 0.0144798 0
0 3129 phononL 0.004 -0.362264 1.08455 0.00368079 0
0 3130 phononL 0.004 1.46312 0.325682 0.00383339 0
0 3131 phononL 0.004 0.916721 -0.759233 0.00171138 0
0 3132 phononL 0.004 1.13982 -0.878066 -0.0108722 0
0 3133 phononL 0.004 0.055996 0.486746 -0.00408104 0
0 3134 phononL 0.004 0.590358 0.127136 0.0324921 0
0 3135 phononL 0.004 0.239003 -1.0272 -0.021382 0
0 3136 phononL 0.004 0.661748 1.37005 0.018032 0
0 3137 phononL 0.004 -0.586136 1.50685 -0.0373787 0
0 3138 phononL 0.004 1.27733 -0.955138 0.0375336 0
0 3139 phononL 0.004 0.852087 -0.880805 0.0197837 0
0 3140 phononL 0.004 -1.36869 -0.148244 -0.0236549 0
0 3141 phononL 0.004 -1.01295 0.898347 0.0196643 0
0 3142 phononL 0.004 0.109006 0.418355 -0.0239591 0
0 3143 phononL 0.004 0.422653 -0.192061 -0.0350487 0
0 3144 phononL 0.004 -1.17407 0.86079 0.0327967 0
0 3145 phononL 0.004 0.957 1.47663 0.0230507 0
0 3146 phononL 0.004 0.101025 0.0955159 -0.0304349 0
0 3147 phononL 0.004 1.38734 -0.770098 0.0387042 0
0 3148 phononL 0.004 0.456835 -0.284497 -0.0134662 0
0 3149 phononL 0.004 -0.0381585 0.524422 -0.0335467 0
0 3150 phononL 0.004 -0.512605 -0.936074 0.00145271 0
0 3151 phononL 0.004 -1.34632 0.643426 0.000943174 0
0 3152 phononL 0.004 -0.960859 -1.17641 0.000580556 0
0 3153 phononL 0.004 -0.758096 -1.23971 -0.0338729 0
0 3154 phononL 0.004 -1.42015 0.132273 -0.0216343 0
0 3155 phononL 0.004 0.720582 -1.0805 0.0282602 0
0 3156 phononL 0.004 1.26716 0.328251 -0.0163414 0
0 3157 phononL 0.004 0.316305 -0.329048 -0.025206 0
0 3158 phononL 0.004 0.798582 -1.34794 -0.00163093 0
0 3159 phononL 0.004 1.40776 -0.56764 -0.0340577 0
0 3160 phononL 0.004 0.163999 -0.470171 0.0293614 0
0 3161 phononL 0.004 -1.3999 0.272451 -0.00740931 0
0 3162 phononL 0.004 0.991158 0.559377 -0.0302976 0
0 3163 phononL 0.004 0.640166 0.514156 0.0249815 0
0 3164 phononL 0.004 -0.602249 -0.0700446 -0.01848 0
0 3165 phononL 0.004 -0.262661 -1.24897 -0.0335651 0
0 3166 phononL 0.004 1.29219 0.136574 0.0224517 0
0 3167 phononL 0.004 0.665834 0.165609 -0.0394512 0
0 3168 phononL 0.004 -0.69498 0.255705 0.00067124 0
0 3169 phononL 0.004 0.509358 1.21195 0.0397773 0
0 3170 phononL 0.004 -0.0470785 -1.39716 0.00382839 0
0 3171 phononL 0.004 -0.76229 1.23163 0.0241263 0
0 3172 phononL 0.004 0.757283 0.787654 0.0214164 0
0 3173 phononL 0.004 -0.391702 -0.0433371 0.00493786 0
0 3174 phononL 0.004 0.5769 -1.10742 0.0103565 0
0 3175 phononL 0.004 -1.00941 -1.16967 0.0241407 0
0 3176 phononL 0.004 -0.0068585 0.815287 0.0398825 0
0 3177 phononL 0.004 -0.45852 -0.879538 0.0156668 0
0 3178 phononL 0.004 -0.734138 1.31582 0.0215906 0
0 3179 phononL 0.004 0.39024 -0.912385 0.014037 0
0 3180 phononL 0.004 -0.935661 0.705017 0.00938254 0
0 3181 phononL 0.004 0.900739 -0.167867 0.0234604 0
0 3182 phononL 0.004 0.565532 1.47515 0.00306298 0
0 3183 phononL 0.004 0.0880171 -0.958814 0.00623725 0
0 3184 phononL 0.004 1.24101 0.477983 -0.0230049 0
0 3185 phononL 0.004 -0.706129 -0.62487 -0.0204687 0
0 3186 phononL 0.004 0.746423 -1.30667 -0.0221305 0
0 3187 phononL 0.004 0.256142 1.36887 -0.0122144 0
0 3188 phononL 0.004 0.88796 -0.119977 0.0328556 0
0 3189 phononL 0.004 -0.610457 0.589535 -0.0174125 0
0 3190 phononL 0.004 0.679043 0.476367 -0.0344364 0
0 3191 phononL 0.004 0.319606 -0.120711 0.0289818 0
0 3192 phononL 0.004 -1.32275 -1.13945 0.0328454 0
0 3193 phononL 0.004 1.4024 0.088528 0.00164796 0
0 3194 phononL 0.004 1.25752 0.697804 0.000632106 0
0 3195 phononL 0.004 -0.994172 -0.298637 0.0313315 0
0 3196 phononL 0.004 1.48918 0.606016 0.0284344 0
0 3197 phononL 0.004 0.0237443 0.266143 -0.0248617 0
0 3198 phononL 0.004 0.385767 -0.0196094 -0.00586272 0
0 3199 phononL 0.004 -0.608571 0.681183 0.0122136 0
0 3200 phononL 0.004 1.18176 -0.980419 0.00763427 0
0 3201 phononL 0.004 -1.38564 1.15697 -0.0188758 0
0 3202 phononL 0.004 -1.00274 -0.966048 0.00437826 0
0 3203 phononL 0.004 0.737905 0.980431 0.0260166 0
0 3204 phononL 0.004 -0.329013 -0.39659 0.0316441 0
0 3205 phononL 0.004 -0.469392 -0.163036 0.0292895 0
0 3206 phononL 0.004 -1.04172 0.121089 0.0131094 0
0 3207 phononL 0.004 -0.622695 -1.18133 0.0125358 0
0 3208 phononL 0.004 0.499184 0.0140895 -0.00102455 0
0 3209 phononL 0.004 -1.00947 1.14149 -0.00818136 0
0 3210 phononL 0.004 -1.33346 0.0141989 -0.0342342 0
0 3211 phononL 0.004 0.749277 1.09778 0.0253295 0
0 3212 phononL 0.004 1.50047 0.81341 -0.00800018 0
0 3213 phononL 0.004 0.907605 0.31127 -0.0368244 0
0 3214 phononL 0.004 0.5004 -0.866586 -0.0144838 0
0 3215 phononL 0.004 0.779503 0.027935 0.0173424 0
0 3216 phononL 0.004 0.107395 -1.07559 -0.0113454 0
0 3217 phononL 0.004 0.264155 0.7976 -0.00155345 0
0 3218 phononL 0.004 1.11223 -0.106231 -0.0368344 0
0 3219 phononL 0.004 -0.392883 0.230046 0.0347355 0
0 3220 phononL 0.004 -0.168051 -0.732195 -0.0120751 0
0 3221 phononL 0.004 -1.31911 0.481189 0.00302131 0
0 3222 phononL 0.004 -0.151041 -0.645492 0.0351311 0
0 3223 phononL 0.004 -1.34814 -1.09529 -0.0268247 0
0 3224 phononL 0.004 -0.487641 0.0630503 0.0343521 0
0 3225 phononL 0.004 0.0190387 -0.33294 -0.0182062 0
0 3226 phononL 0.004 -0.070383 1.14994 0.0340754 0
0 3227 phononL 0.004 -1.35518 -0.611848 -0.0200423 0
0 3228 phononL 0.004 -0.54958 -0.0382437 0.0238903 0
0 3229 phononL 0.004 0.82587 -0.799061 0.00763405 0
0 3230 phononL 0.004 1.35753 -0.995048 0.0280523 0
0 3231 phononL 0.004 -0.768737 -0.625535 0.0193677 0
0 3232 phononL 0.004 -0.426064 1.41234 -0.029772 0
0 3233 phononL 0.004 -0.341047 0.961261 -0.0249908 0
0 3234 phononL 0.004 -0.396789 -0.476704 0.0242326 0
0 3235 phononL 0.004 1.48729 -1.29658 -0.0251351 0
0 3236 phononL 0.004 -1.34538 1.09731 -0.00828576 0
0 3237 phononL 0.004 1.21523 -0.45502 0.00622825 0
0 3238 phononL 0.004 0.300706 -0.715154 -0.0239209 0
0 3239 phononL 0.004 -1.01922 0.950257 0.0394519 0
0 3240 phononL 0.004 -0.0156198 0.163344 -0.0380133 0
0 3241 phononL 0.004 -0.445976 0.90968 -0.0347182 0
0 3242 phononL 0.004 1.10406 0.168261 -0.0202188 0
0 3243 phononL 0.004 1.06974 -1.4506 -0.0390515 0
0 3244 phononL 0.004 0.71285 0.495127 -0.0301923 0
0 3245 phononL 0.004 0.837335 0.355964 -0.0164397 0
0 3246 phononL 0.004 -0.481012 -0.509777 -0.0358948 0
0 3247 phononL 0.004 0.743956 -1.37659 -0.0100999 0
0 3248 phononL 0.004 1.34398 1.50083 0.0158088 0
0 3249 phononL 0.004 -0.523168 -0.775282 0.0321309 0
0 3250 phononL 0.004 1.03891 1.39195 -0.038769 0
0 3251 phononL 0.004 -0.170599 0.68727 0.00980466 0
0 3252 phononL 0.004 1.13348 -1.34297 -0.0118627 0
0 3253 phononL 0.004 -0.698644 0.17138 0.023672 0
0 3254 phononL 0.004 -1.12126 -0.739079 0.00350495 0
0 3255 phononL 0.004 1.03835 -1.05901 -0.0386899 0
0 3256 phononL 0.004 -0.0678118 0.0577606 -0.00735068 0
0 3257 phononL 0.004 -0.866351 -0.0814211 -0.0328316 0
0 3258 phononL 0.004 -1.26311 -0.338972 0.0202101 0
0 3259 phononL 0.004 1.12797 -0.0283263 0.0259453 0
0 3260 phononL 0.004 -0.811091 -0.716157 -0.0113746 0
0 3261 phononL 0.004 -1.20413 0.0993831 -0.0108158 0
0 3262 phononL 0.004 0.586163 0.342246 0.00855523 0
0 3263 phononL 0.004 -0.618731 -1.30023 -0.0139318 0
0 3264 phononL 0.004 -1.02072 0.823822 0.00280529 0
0 3265 phononL 0.004 0.248956 0.232913 -0.0142653 0
0 3266 phononL 0.004 0.830045 0.479893 0.0179289 0
0 3267 phononL 0.004 0.575875 -0.86822 -0.0164286 0
0 3268 phononL 0.004 0.484405 -1.17676 -0.0277453 0
0 3269 phononL 0.004 -0.58928 1.4469 0.0180994 0
0 3270 phononL 0.004 1.26739 -0.759015 0.0052908 0
0 3271 phononL 0.004 -1.03169 -0.331242 0.0261408 0
0 3272 phononL 0.004 -1.38648 -0.584301 0.0192567 0
0 3273 phononL 0.004 -1.19055 -0.212403 0.021304 0
0 3274 phononL 0.004 -1.14687 -0.675058 -0.0283997 0
0 3275 phononL 0.004 0.549232 -0.628418 -0.0147472 0
0 3276 phononL 0.004 -1.08749 -0.323417 0.0258335 0
0 3277 phononL 0.004 0.0137643 0.391637 0.0259927 0
0 3278 phononL 0.004 -0.390218 0.939025 0.030283 0
0 3279 phononL 0.004 0.0680922 1.49142 -0.0204706 0
0 3280 phononL 0.004 -1.28798 -0.894699 0.0108258 0
0 3281 phononL 0.004 -0.953934 -0.662345 0.0373134 0
0 3282 phononL 0.004 -0.140428 0.202324 0.0362547 0
0 3283 phononL 0.004 -0.919589 -0.686403 -0.0194557 0
0 3284 phononL 0.004 -0.103746 -0.583349 0.0280364 0
0 3285 phononL 0.004 0.91941 0.962884 0.0239945 0
0 3286 phononL 0.004 -0.129649 1.13259 0.00244399 0
0 3287 phononL 0.004 0.518178 1.4477 -0.0125228 0
0 3288 phononL 0.004 -1.38668 -0.4744 -0.0318051 0
0 3289 phononL 0.004 1.43082 1.31042 -0.0140881 0
0 3290 phononL 0.004 -0.23634 1.40758 -0.0043136 0
0 3291 phononL 0.004 -0.836285 -1.37479 -0.0371069 0
0 3292 phononL 0.004 0.0280919 -1.01476 -0.00838212 0
0 3293 phononL 0.004 0.185084 -1.31074 -0.00687663 0
0 3294 phononL 0.004 -0.157804 -0.422782 -0.0393346 0
0 3295 phononL 0.004 0.00948691 -0.33054 -0.00523562 0
0 3296 phononL 0.004 -0.732856 1.47533 0.0277527 0
0 3297 phononL 0.004 -1.17705 1.36523 -0.0373318 0
0 3298 phononL 0.004 -0.242256 0.35271 -0.0147458 0
0 3299 phononL 0.004 0.957002 0.563335 -0.0354317 0
0 3300 phononL 0.004 -0.641098 -0.656535 -0.0298638 0
0 3301 phononL 0.004 -0.332397 -0.327742 0.0348437 0
0 3302 phononL 0.004 -0.259786 0.751682 0.0291795 0
0 3303 phononL 0.004 -1.15905 -0.655121 0.0259745 0
0 3304 phononL 0.004 0.137095 -0.333681 -0.0170638 0
0 3305 phononL 0.004 -0.230811 1.09859 -0.0339365 0
0 3306 phononL 0.004 -1.0074 0.604611 0.0239036 0
0 3307 phononL 0.004 1.19465 0.730305 0.00671375 0
0 3308 phononL 0.004 -0.487368 1.48928 -0.0356413 0
0 3309 phononL 0.004 -0.546137 -0.406685 0.00532662 0
0 3310 phononL 0.004 0.544138 -1.33412 -0.0251932 0
0 3311 phononL 0.004 1.16189 -0.43761 0.0134885 0
0 3312 phononL 0.004 -0.355099 0.916249 0.0243831 0
0 3313 phononL 0.004 1.28945 1.13242 -0.0323122 0
0 3314 phononL 0.004 0.763012 0.0364857 -0.0274972 0
0 3315 phononL 0.004 -1.03853 0.840268 0.0382634 0
0 3316 phononL 0.004 -0.715002 -1.02501 -0.0135463 0
0 3317 phononL 0.004 0.842222 1.23952 0.00319894 0
0 3318 phononL 0.004 -0.864141 0.80953 -0.0208925 0
0 3319 phononL 0.004 -0.628022 1.1554 0.0123911 0
0 3320 phononL 0.004 -0.0300693 -1.21307 -0.00988945 0
0 3321 phononL 0.004 1.30869 -0.15673 -0.0330208 0
0 3322 phononL 0.004 1.39054 0.327975 -0.0201267 0
0 3323 phononL 0.004 0.283089 -0.627265 0.0145147 0
0 3324 phononL 0.004 0.468061 0.629649 0.0102844 0
0 3325 phononL 0.004 0.218953 -1.3791 0.0168441 0
0 3326 phononL 0.004 -0.948172 0.307433 -0.00589952 0
0 3327 phononL 0.004 -0.573554 -0.37089 -0.0301434 0
0 3328 phononL 0.004 0.728805 0.196605 -0.0279117 0
0 3329 phononL 0.004 0.0582957 1.46031 -0.00522127 0
0 3330 phononL 0.004 -0.34265 0.904304 -9.94012e-05 0
0 3331 phononL 0.004 -0.577041 0.233225 0.035601 0
0 3332 phononL 0.004 0.960281 -0.643236 0.0287792 0
0 3333 phononL 0.004 0.168505 0.547061 0.00522847 0
0 3334 phononL 0.004 -1.46359 -0.666946 -0.00324808 0
0 3335 phononL 0.004 -0.793165 -0.141824 0.0291641 0
0 3336 phononL 0.004 -1.00761 -0.0851195 0.029095 0
0 3337 phononL 0.004 -0.342923 -0.257713 -0.0392184 0
0 3338 phononL 0.004 -1.48797 -0.197736 0.0239991 0
0 3339 phononL 0.004 1.10619 -1.24132 0.00503927 0
0 3340 phononL 0.004 1.43133 1.48926 0.0100788 0
0 3341 phononL 0.004 1.08656 -0.749989 0.0278075 0
0 3342 phononL 0.004 1.28582 -0.212508 -0.0273868 0
0 3343 phononL 0.004 0.52388 -0.962412 -0.0325198 0
0 3344 phononL 0.004 -1.20673 1.23001 0.0161777 0
0 3345 phononL 0.004 -1.45596 1.32373 -0.0336021 0
0 3346 phononL 0.004 0.0178159 -0.181317 -0.026715 0
0 3347 phononL 0.004 -0.236246 -1.38166 0.0157713 0
0 3348 phononL 0.004 -1.02692 -0.615676 -0.0128701 0
0 3349 phononL 0.004 0.125492 -1.43486 0.0248481 0
0 3350 phononL 0.004 -0.513632 -0.189401 0.0360088 0
0 3351 phononL 0.004 1.31694 -0.386016 0.00059231 0
0 3352 phononL 0.004 -0.511707 1.34267 0.0213855 0
0 3353 phononL 0.004 0.560628 1.01668 -0.00773261 0
0 3354 phononL 0.004 0.604795 0.682222 0.0132285 0
0 3355 phononL 0.004 -0.687505 -0.263954 -0.0178394 0
0 3356 phononL 0.004 -0.89732 1.42151 -0.00356876 0
0 3357 phononL 0.004 -0.732813 -1.23796 0.030319 0
0 3358 phononL 0.004 -0.882325 -0.245249 -0.0300185 0
0 3359 phononL 0.004 1.28473 1.38133 -0.0359799 0
0 3360 phononL 0.004 -0.00828234 -1.37267 -0.00700374 0
0 3361 phononL 0.004 0.439182 -0.140236 -0.00259714 0
0 3362 phononL 0.004 -0.217939 1.39969 -0.0194919 0
0 3363 phononL 0.004 -0.380582 0.375209 -0.0044102 0
0 3364 phononL 0.004 0.0894356 -0.526791 0.0128734 0
0 3365 phononL 0.004 -1.1291 -0.446756 -0.00122442 0
0 3366 phononL 0.004 0.205702 1.23979 -0.038349 0
0 3367 phononL 0.004 0.395222 0.741128 -0.00279159 0
0 3368 phononL 0.004 -1.28316 -0.407418 -0.0169206 0
0 3369 phononL 0.004 -0.402608 1.20246 0.0184032 0
0 3370 phononL 0.004 1.10864 -0.639103 0.0332434 0
0 3371 phononL 0.004 -0.732638 0.070183 0.0237479 0
0 3372 phononL 0.004 -0.0744992 0.00082018 -0.00171128 0
0 3373 phononL 0.004 -1.26187 -0.780338 -0.0108897 0
0 3374 phononL 0.004 -0.168873 -1.10283 -0.00206565 0
0 3375 phononL 0.004 0.278716 -0.114683 0.020761 0
0 3376 phononL 0.004 0.0522526 0.663889 -0.0138853 0
0 3377 phononL 0.004 -0.236911 1.50388 0.0321296 0
0 3378 phononL 0.004 -1.01346 -0.787775 -0.00726159 0
0 3379 phononL 0.004 1.47886 -0.620925 -0.00374414 0
0 3380 phononL 0.004 0.222077 -0.223534 0.0229819 0
0 3381 phononL 0.004 -1.16278 -0.379694 -0.0264343 0
0 3382 phononL 0.004 -1.31382 -0.772955 -0.03149 0
0 3383 phononL 0.004 0.955624 -0.00573194 -0.0229036 0
0 3384 phononL 0.004 -0.425539 0.828998 -0.0166211 0
0 3385 phononL 0.004 -0.487315 0.509911 -0.00633557 0
0 3386 phononL 0.004 -1.31641 -1.15922 -0.00555422 0
0 3387 phononL 0.004 -1.46684 0.240385 0.0173817 0
0 3388 phononL 0.004 0.296393 0.152905 0.0292736 0
0 3389 phononL 0.004 0.143569 0.325465 -0.0300567 0
0 3390 phononL 0.004 -0.14633 -0.936501 0.0283342 0
0 3391 phononL 0.004 0.718739 -0.810737 -0.0062405 0
0 3392 phononL 0.004 0.252609 0.116755 -0.0209633 0
0 3393 phononL 0.004 0.745638 1.14427 -0.0289622 0
0 3394 phononL 0.004 -0.261014 -1.14962 -0.0198187 0
0 3395 phononL 0.004 -0.79213 0.895796 0.017993 0
0 3396 phononL 0.004 0.25295 1.32599 -0.0115124 0
0 3397 phononL 0.004 0.469289 -0.486324 -0.0347844 0
0 3398 phononL 0.004 -1.50517 -1.13151 -0.00599667 0
0 3399 phononL 0.004 -0.809326 -1.24472 -0.0210863 0
0 3400 phononL 0.004 -0.114728 0.953035 -0.0210583 0
0 3401 phononL 0.004 0.112568 1.16417 0.0397711 0
0 3402 phononL 0.004 1.03022 0.275853 -0.0243072 0
0 3403 phononL 0.004 0.102905 -0.0149444 0.0289851 0
0 3404 phononL 0.004 0.157611 1.20783 0.0152483 0
0 3405 phononL 0.004 1.25677 -1.41904 -0.0292057 0
0 3406 phononL 0.004 0.262984 -0.605352 -0.00211257 0
0 3407 phononL 0.004 0.53582 -0.323745 0.0298902 0
0 3408 phononL 0.004 -0.603775 -0.655817 -0.0216109 0
0 3409 phononL 0.004 1.40572 0.130437 -0.0260607 0
0 3410 phononL 0.004 -0.46915 0.398802 0.0264991 0
0 3411 phononL 0.004 1.39859 -0.571637 0.0272245 0
0 3412 phononL 0.004 -0.706226 -0.289068 -0.032923 0
0 3413 phononL 0.004 0.990864 1.15852 -0.0257762 0
0 3414 phononL 0.004 1.34402 -1.3989 -0.0136611 0
0 3415 phononL 0.004 -0.271626 -1.29576 0.0159245 0
0 3416 phononL 0.004 -0.970969 -0.943582 0.0189747 0
0 3417 phononL 0.004 -0.0717715 -0.188262 -0.0386662 0
0 3418 phononL 0.004 -0.287291 -0.18694 -0.0273753 0
0 3419 phononL 0.004 0.219656 0.518996 -0.0202625 0
0 3420 phononL 0.004 0.0767059 -0.864434 0.0111566 0
0 3421 phononL 0.004 1.37414 -0.722232 0.0236315 0
0 3422 phononL 0.004 0.858002 -0.475653 -0.0165985 0
0 3423 phononL 0.004 0.611203 -0.0259422 -0.00418581 0
0 3424 phononL 0.004 0.179662 -0.0741742 -0.025275 0
0 3425 phononL 0.004 -0.75777 -0.329959 0.00428654 0
0 3426 phononL 0.004 -0.745014 0.916565 -0.00742858 0
0 3427 phononL 0.004 -0.675999 -0.230073 0.0067098 0
0 3428 phononL 0.004 -1.5016 0.650338 -0.00385202 0
0 3429 phononL 0.004 1.22659 1.263 -0.0161732 0
0 3430 phononL 0.004 -0.967276 1.50712 -0.0204742 0
0 3431 phononL 0.004 0.82724 0.742934 -0.0146352 0
0 3432 phononL 0.004 -1.05272 1.00393 -0.035 0
0 3433 phononL 0.004 -0.354882 -0.826263 0.0277147 0
0 3434 phononL 0.004 0.169368 -0.832464 -0.0228429 0
0 3435 phononL 0.004 0.501612 -0.457691 -0.0206092 0
0 3436 phononL 0.004 0.511444 -0.520459 -0.0194156 0
0 3437 phononL 0.004 -1.33351 1.34551 -0.00061866 0
0 3438 phononL 0.004 0.239871 0.796568 0.0189836 0
0 3439 phononL 0.004 0.866815 1.05636 -0.0236118 0
0 3440 phononL 0.004 0.201731 -1.07963 0.0353113 0
0 3441 phononL 0.004 -1.17613 0.928897 0.0366563 0
0 3442 phononL 0.004 0.40998 0.141807 0.0183547 0
0 3443 phononL 0.004 0.66027 1.05183 -0.00517849 0
0 3444 phononL 0.004 -1.07962 -0.541606 0.00968449 0
0 3445 phononL 0.004 0.7027 0.769292 0.00162948 0
0 3446 phononL 0.004 -0.00101701 -0.508531 0.0398797 0
0 3447 phononL 0.004 0.147223 -1.06532 -0.0398933 0
0 3448 phononL 0.004 0.893644 -0.425028 -0.00960547 0
0 3449 phononL 0.004 1.1974 -0.466899 -0.0235811 0
0 3450 phononL 0.004 -0.487777 -0.387941 0.0332819 0
0 3451 phononL 0.004 -0.759674 -1.39541 -0.0171435 0
0 3452 phononL 0.004 0.153876 0.821239 0.024575 0
0 3453 phononL 0.004 -0.545133 1.23558 0.0357152 0
0 3454 phononL 0.004 1.39548 0.973797 0.0176054 0
0 3455 phononL 0.004 1.07265 0.92382 0.0334985 0
0 3456 phononL 0.004 0.858643 0.732632 -0.0192753 0
0 3457 phononL 0.004 -0.590207 -0.334527 0.00682552 0
0 3458 phononL 0.004 -0.447083 0.463447 0.0307028 0
0 3459 phononL 0.004 0.778262 -0.453352 0.00510545 0
0 3460 phononL 0.004 1.10165 -0.540546 0.0132841 0
0 3461 phononL 0.004 -0.49102 0.12309 -0.0302722 0
0 3462 phononL 0.004 0.832512 -0.815845 0.031335 0
0 3463 phononL 0.004 0.333235 0.0269463 0.0209054 0
0 3464 phononL 0.004 0.00183291 -0.242886 0.0268507 0
0 3465 phononL 0.004 -0.914307 0.329468 -0.0349901 0
0 3466 phononL 0.004 -0.0346253 -0.528054 -0.0223778 0
0 3467 phononL 0.004 1.35423 0.850108 -0.0110312 0
0 3468 phononL 0.004 0.914733 -0.285025 -0.00408608 0
0 3469 phononL 0.004 0.38578 1.22694 0.0276994 0
0 3470 phononL 0.004 1.41283 -0.677241 -0.0332047 0
0 3471 phononL 0.004 0.811556 0.555072 0.0347048 0
0 3472 phononL 0.004 0.391276 0.624919 -0.0146684 0
0 3473 phononL 0.004 1.42695 -0.190317 0.0312263 0
0 3474 phononL 0.004 -0.50297 -0.595873 -0.00758733 0
0 3475 phononL 0.004 -1.12384 1.17273 0.0199799 0
0 3476 phononL 0.004 0.728785 0.471289 0.0392598 0
0 3477 phononL 0.004 1.41229 -0.871353 -0.0018285 0
0 3478 phononL 0.004 1.21859 -0.947033 0.00476822 0
0 3479 phononL 0.004 0.994469 0.763895 -0.0247284 0
0 3480 phononL 0.004 -0.749866 -1.06358 0.0156914 0
0 3481 phononL 0.004 -0.270239 0.483787 -0.029775 0
0 3482 phononL 0.004 -0.329656 -0.0273689 0.0207365 0
0 3483 phononL 0.004 1.39277 -1.34792 -0.00392536 0
0 3484 phononL 0.004 0.57463 -1.24464 -0.0229756 0
0 3485 phononL 0.004 1.30416 -1.02204 0.011886 0
0 3486 phononL 0.004 -0.68244 -0.925207 0.00483077 0
0 3487 phononL 0.004 0.368904 0.465845 -0.0394013 0
0 3488 phononL 0.004 1.50172 -0.161873 -0.00396123 0
0 3489 phononL 0.004 1.46735 0.462898 -0.0208674 0
0 3490 phononL 0.004 1.23262 -0.838871 -0.0207963 0
0 3491 phononL 0.004 -0.289732 -0.773573 -0.013373 0
0 3492 phononL 0.004 -1.00279 -0.971082 0.0337272 0
0 3493 phononL 0.004 0.980068 1.22797 -0.00351385 0
0 3494 phononL 0.004 1.10281 -0.0217548 -0.023142 0
0 3495 phononL 0.004 -0.978446 0.0444289 0.0271886 0
0 3496 phononL 0.004 0.674919 -0.291264 0.0169944 0
0 3497 phononL 0.004 -1.28619 0.393669 0.0208954 0
0 3498 phononL 0.004 -0.299655 0.699563 -0.00169759 0
0 3499 phononL 0.004 -1.28024 0.92304 0.0283913 0
0 3500 phononL 0.004 0.146148 0.658893 -0.0148878 0
0 3501 phononL 0.004 0.89526 -0.529769 -0.00328737 0
0 3502 phononL 0.004 0.110238 -0.380665 -0.00113584 0
0 3503 phononL 0.004 -1.10821 -0.396933 0.0154322 0
0 3504 phononL 0.004 -0.560684 -0.648356 0.00555119 0
0 3505 phononL 0.004 1.02585 0.863149 -0.0312657 0
0 3506 phononL 0.004 -1.29241 -1.12818 0.031435 0
0 3507 phononL 0.004 -1.16596 1.44024 -0.00519523 0
0 3508 phononL 0.004 -0.335268 -0.181905 -0.030316 0
0 3509 phononL 0.004 -0.561963 -0.805631 0.0174434 0
0 3510 phononL 0.004 0.376443 -0.514514 0.0228784 0
0 3511 phononL 0.004 0.570066 0.508993 -0.0101544 0
0 3512 phononL 0.004 1.32844 0.89528 -0.0115058 0
0 3513 phononL 0.004 -1.47655 -0.0470953 0.0284725 0
0 3514 phononL 0.004 -0.231895 -1.12673 -0.0356283 0
0 3515 phononL 0.004 -1.50377 1.49753 -0.0337699 0
0 3516 phononL 0.004 -0.165347 -0.571597 -0.00946625 0
0 3517 phononL 0.004 -0.138953 0.782474 -0.00415969 0
0 3518 phononL 0.004 0.388574 0.256621 -0.0330291 0
0 3519 phononL 0.004 1.45712 -0.935895 0.0124439 0
0 3520 phononL 0.004 0.991102 -1.18182 -0.00596637 0
0 3521 phononL 0.004 1.36019 -1.32764 -0.022356 0
0 3522 phononL 0.004 1.00331 0.854469 0.0134598 0
0 3523 phononL 0.004 0.38419 -1.14952 -0.0270408 0
0 3524 phononL 0.004 -1.18673 -1.03155 0.0338723 0
0 3525 phononL 0.004 0.372135 1.21385 -0.0190633 0
0 3526 phononL 0.004 1.0561 -1.48249 0.0180957 0
0 3527 phononL 0.004 0.539079 0.838587 0.0353099 0
0 3528 phononL 0.004 -0.373492 -1.1381 0.00120065 0
0 3529 phononL 0.004 0.673341 0.522096 0.0229862 0
0 3530 phononL 0.004 1.36267 -0.0636784 -0.0206921 0
0 3531 phononL 0.004 -0.225358 1.21253 0.0379219 0
0 3532 phononL 0.004 -0.783342 -0.371592 0.00835207 0
0 3533 phononL 0.004 0.280427 0.97604 -0.0311738 0
0 3534 phononL 0.004 -0.964227 -0.846896 0.0125697 0
0 3535 phononL 0.004 1.48096 1.44029 0.0207306 0
0 3536 phononL 0.004 0.0244489 0.878157 -0.000869094 0
0 3537 phononL 0.004 0.0999937 -0.895655 -0.0164174 0
0 3538 phononL 0.004 -0.538768 0.0157876 -0.0223104 0
0 3539 phononL 0.004 -1.16167 0.788469 0.00523901 0
0 3540 phononL 0.004 -1.16043 -0.642013 -0.010685 0
0 3541 phononL 0.004 -0.0751665 0.459267 -0.0204629 0
0 3542 phononL 0.004 -0.167235 1.07492 0.0114151 0
0 3543 phononL 0.004 -1.37315 0.177061 -0.0388336 0
0 3544 phononL 0.004 -1.19992 1.01583 0.0397353 0
0 3545 phononL 0.004 0.245264 -0.567417 -0.0271718 0
0 3546 phononL 0.004 -0.884417 0.483412 -0.0338934 0
0 3547 phononL 0.004 -1.42038 1.23463 0.0280321 0
0 3548 phononL 0.004 1.44163 1.38513 -0.0371119 0
0 3549 phononL 0.004 -1.02136 -0.723302 -0.0396006 0
0 3550 phononL 0.004 0.88143 0.30079 0.0138246 0
0 3551 phononL 0.004 0.546566 0.485039 -0.0332463 0
0 3552 phononL 0.004 1.36703 -1.0569 0.00412409 0
0 3553 phononL 0.004 0.280046 -1.06381 -0.0348653 0
0 3554 phononL 0.004 -0.529131 0.575346 -0.0235985 0
0 3555 phononL 0.004 -0.664353 0.64562 -0.00483297 0
0 3556 phononL 0.004 -0.366472 -1.00509 0.00763965 0
0 3557 phononL 0.004 -0.521693 -0.34559 -0.0130876 0
0 3558 phononL 0.004 -0.0597163 -1.28227 0.0188567 0
0 3559 phononL 0.004 0.00721611 -0.00657574 0.0349164 0
0 3560 phononL 0.004 -0.998196 1.14414 0.0343548 0
0 3561 phononL 0.004 -0.464909 1.10016 0.026486 0
0 3562 phononL 0.004 1.00786 -0.392947 0.0342619 0
0 3563 phononL 0.004 0.398306 0.6185 -0.0217809 0
0 3564 phononL 0.004 0.018461 -0.131389 0.0263833 0
0 3565 phononL 0.004 -1.33531 -0.735204 -0.0148779 0
0 3566 phononL 0.004 -1.03055 1.10084 -0.0362078 0
0 3567 phononL 0.004 -0.862736 -0.275576 -0.0105759 0
0 3568 phononL 0.004 -0.92055 -1.19701 -0.0233624 0
0 3569 phononL 0.004 -0.142577 -1.1408 0.0376816 0
0 3570 phononL 0.004 1.09944 -0.398581 -0.0335925 0
0 3571 phononL 0.004 -0.280361 1.50063 -0.0161464 0
0 3572 phononL 0.004 1.01482 -0.709769 0.0329994 0
0 3573 phononL 0.004 -0.505462 1.06095 0.0292341 0
0 3574 phononL 0.004 1.23748 -1.50235 0.00846668 0
0 3575 phononL 0.004 0.818626 0.105352 0.000933438 0
0 3576 phononL 0.004 -1.42716 -0.00738799 0.0273441 0
0 3577 phononL 0.004 0.854723 0.82882 -0.0210742 0
0 3578 phononL 0.004 0.233227 -1.31305 -0.0350035 0
0 3579 phononL 0.004 -1.11573 -1.25408 0.0013259 0
0 3580 phononL 0.004 1.20505 -1.27244 0.00683184 0
0 3581 phononL 0.004 0.877233 -0.432197 0.0361147 0
0 3582 phononL 0.004 0.205952 -0.151968 0.0175587 0
0 3583 phononL 0.004 1.0821 -1.2813 0.038522 0
0 3584 phononL 0.004 -0.0160861 -0.210899 -0.0382549 0
0 3585 phononL 0.004 -0.0794103 -0.394835 -0.0357021 0
0 3586 phononL 0.004 0.953071 0.0268077 -0.00247177 0
0 3587 phononL 0.004 -1.50138 -0.594164 0.00500382 0
0 3588 phononL 0.004 1.22845 -0.928074 -0.0291633 0
0 3589 phononL 0.004 -1.20391 -1.47209 0.00408556 0
0 3590 phononL 0.004 -0.713738 0.988119 0.0362704 0
0 3591 phononL 0.004 1.21841 -1.48428 -0.0134191 0
0 3592 phononL 0.004 -1.46836 -0.215491 0.0285049 0
0 3593 phononL 0.004 0.270408 -0.0995498 -0.0168608 0
0 3594 phononL 0.004 -0.661688 -1.08043 0.0283621 0
0 3595 phononL 0.004 -0.943839 0.556378 -0.00626969 0
0 3596 phononL 0.004 -0.262759 0.415144 -0.000584095 0
0 3597 phononL 0.004 -0.743511 -0.253985 0.0161834 0
0 3598 phononL 0.004 0.862355 -1.25304 0.0173106 0
0 3599 phononL 0.004 0.101302 0.357671 0.0226597 0
0 3600 phononL 0.004 1.40863 -0.764492 0.0208428 0
0 3601 phononL 0.004 1.17161 0.312023 0.00562307 0
0 3602 phononL 0.004 -0.758025 -0.927091 -0.00346277 0
0 3603 phononL 0.004 -0.827118 1.46041 -0.00965988 0
0 3604 phononL 0.004 -0.191424 -1.06418 0.00135605 0
0 3605 phononL 0.004 -1.10069 0.281077 -0.015177 0
0 3606 phononL 0.004 -1.03498 -0.0897347 0.00531776 0
0 3607 phononL 0.004 -1.33206 0.14684 -0.0194942 0
0 3608 phononL 0.004 0.328278 0.971646 0.0055759 0
0 3609 phononL 0.004 0.539917 0.491348 0.0140588 0
0 3610 phononL 0.004 0.767212 -0.81568 -0.013857 0
0 3611 phononL 0.004 0.09339 -1.30883 -0.0019575 0
0 3612 phononL 0.004 -0.766877 1.20726 0.0237639 0
0 3613 phononL 0.004 -1.16885 -0.0210869 -0.00424056 0
0 3614 phononL 0.004 -1.24164 0.405059 0.0117909 0
0 3615 phononL 0.004 0.168927 0.131363 -0.01207 0
0 3616 phononL 0.004 1.16707 0.145012 0.0336252 0
0 3617 phononL 0.004 -0.0594982 0.00568461 -0.0180174 0
0 3618 phononL 0.004 -0.142557 -1.22149 -0.0236715 0
0 3619 phononL 0.004 1.492 0.0878253 0.0304667 0
0 3620 phononL 0.004 1.48229 0.799728 -0.0051821 0
0 3621 phononL 0.004 -0.891434 -0.722436 0.001898 0
0 3622 phononL 0.004 -0.312376 1.23947 -0.0232463 0
0 3623 phononL 0.004 0.957803 0.115775 0.0122789 0
0 3624 phononL 0.004 0.107957 0.890017 0.0290365 0
0 3625 phononL 0.004 -0.197535 -0.433565 -0.0291207 0
0 3626 phononL 0.004 0.442409 -0.203144 0.0172017 0
0 3627 phononL 0.004 0.0802202 0.348213 0.0331256 0
0 3628 phononL 0.004 -0.659398 1.17183 0.0392587 0
0 3629 phononL 0.004 -0.749637 -1.10038 -0.0122795 0
0 3630 phononL 0.004 -0.375274 -0.14176 -0.0222235 0
0 3631 phononL 0.004 1.07477 -0.600983 0.0230969 0
0 3632 phononL 0.004 0.849545 -0.0572386 0.00891188 0
0 3633 phononL 0.004 -0.252694 1.1519 -0.017779 0
0 3634 phononL 0.004 -0.407543 -1.14612 -0.0131453 0
0 3635 phononL 0.004 -0.525824 1.24216 -0.00858106 0
0 3636 phononL 0.004 -0.621024 -0.00585301 -0.0128651 0
0 3637 phononL 0.004 0.665998 -0.814668 -0.0321083 0
0 3638 phononL 0.004 -0.593314 0.581054 -0.00928275 0
0 3639 phononL 0.004 0.570833 0.525048 -0.0318386 0
0 3640 phononL 0.004 -0.8391 -0.684153 -0.0159354 0
0 3641 phononL 0.004 -0.565455 0.40242 0.0128759 0
0 3642 phononL 0.004 0.278889 -0.843801 0.030005 0
0 3643 phononL 0.004 -0.0428811 0.746292 0.0110265 0
0 3644 phononL 0.004 -0.72609 1.12802 -0.0395195 0
0 3645 phononL 0.004 0.829052 -1.46747 0.0159552 0
0 3646 phononL 0.004 -0.694733 1.4115 -0.030868 0
0 3647 phononL 0.004 0.245384 0.675878 -0.00840253 0
0 3648 phononL 0.004 -1.37641 0.862251 -0.0207208 0
0 3649 phononL 0.004 -1.30482 -0.709009 -0.0287034 0
0 3650 phononL 0.004 -1.25521 0.105919 -0.036752 0
0 3651 phononL 0.004 -0.289105 0.907605 0.0220038 0
0 3652 phononL 0.004 0.703589 0.72528 0.0288921 0
0 3653 phononL 0.004 0.625537 1.18532 -0.0289707 0
0 3654 phononL 0.004 0.66185 1.50572 0.0385759 0
0 3655 phononL 0.004 0.72094 0.238343 0.0304091 0
0 3656 phononL 0.004 0.0962376 1.43966 0.0316298 0
0 3657 phononL 0.004 -0.0605892 1.04493 -0.0356099 0
0 3658 phononL 0.004 -1.28205 0.336374 0.0272553 0
0 3659 phononL 0.004 -0.226805 1.09413 0.0063062 0
0 3660 phononL 0.004 -0.898886 -0.15452 0.0164135 0
0 3661 phononL 0.004 0.205547 0.514165 0.0343827 0
0 3662 phononL 0.004 1.07868 -1.13897 0.0265118 0
0 3663 phononL 0.004 -0.4613 1.43293 0.0252817 0
0 3664 phononL 0.004 -0.243197 0.434019 -0.0161077 0
0 3665 phononL 0.004 1.38165 -1.29648 0.0219304 0
0 3666 phononL 0.004 0.666348 0.632542 -0.0235166 0
0 3667 phononL 0.004 -1.48582 -0.442072 -0.003838 0
0 3668 phononL 0.004 -0.14494 -0.918823 -0.00487028 0
0 3669 phononL 0.004 0.0503714 -0.0725215 0.0116497 0
0 3670 phononL 0.004 -0.482503 0.293432 -0.0132695 0
0 3671 phononL 0.004 1.35877 0.434224 0.0325642 0
0 3672 phononL 0.004 -0.0303959 -0.925086 -0.0234588 0
0 3673 phononL 0.004 -1.35313 1.38949 -0.0262996 0
0 3674 phononL 0.004 0.559591 0.643852 -0.019873 0
0 3675 phononL 0.004 -0.280323 -0.563617 0.0147593 0
0 3676 phononL 0.004 -1.19644 -1.15921 0.0227043 0
0 3677 phononL 0.004 1.41995 1.00995 0.0312853 0
0 3678 phononL 0.004 -1.15256 -0.214956 -0.0182083 0
0 3679 phononL 0.004 -1.3726 0.0084803 -0.00888622 0
0 3680 phononL 0.004 -0.45695 0.275112 0.00158704 0
0 3681 phononL 0.004 0.0276557 0.000625935 -0.03255 0
0 3682 phononL 0.004 -0.142389 -0.214241 0.0246441 0
0 3683 phononL 0.004 0.65939 -1.30314 -0.0086938 0
0 3684 phononL 0.004 -0.373892 0.347425 0.00520071 0
0 3685 phononL 0.004 -0.90662 -1.49207 -0.0155184 0
0 3686 phononL 0.004 -1.31376 -0.916138 -0.00620176 0
0 3687 phononL 0.004 0.555918 1.36318 -0.0273616 0
0 3688 phononL 0.004 0.0285499 -0.129882 -0.0181058 0
0 3689 phononL 0.004 0.783903 0.893155 0.0263941 0
0 3690 phononL 0.004 -0.00226922 1.00913 -0.0316073 0
0 3691 phononL 0.004 -0.287712 -0.111555 0.0126171 0
0 3692 phononL 0.004 -1.0553 -1.49203 0.0135275 0
0 3693 phononL 0.004 -0.860309 -1.27694 0.0127733 0
0 3694 phononL 0.004 0.949755 -0.616242 0.0139421 0
0 3695 phononL 0.004 -0.867688 0.468724 0.0262194 0
0 3696 phononL 0.004 -0.035029 -0.961026 -0.017063 0
0 3697 phononL 0.004 -0.400363 -0.736878 -0.0145858 0
0 3698 phononL 0.004 1.16924 -0.789143 0.000433199 0
0 3699 phononL 0.004 -0.85799 -1.41361 -0.0351069 0
0 3700 phononL 0.004 -0.189433 -1.14088 0.0162039 0
0 3701 phononL 0.004 -0.800155 1.22119 -0.0118712 0
0 3702 phononL 0.004 0.935116 0.66269 -0.0167512 0
0 3703 phononL 0.004 -1.12892 -0.275764 -0.01586 0
0 3704 phononL 0.004 -0.758342 -0.161704 0.00279604 0
0 3705 phononL 0.004 -1.3935 0.540381 0.0217942 0
0 3706 phononL 0.004 0.96199 -0.0967902 0.0033676 0
0 3707 phononL 0.004 1.02833 -0.0991555 0.00453155 0
0 3708 phononL 0.004 -1.32471 -1.43298 -0.00912742 0
0 3709 phononL 0.004 1.0658 0.0251381 -0.036566 0
0 3710 phononL 0.004 1.04491 -1.17266 0.00370044 0
0 3711 phononL 0.004 -0.415482 -0.497781 0.028599 0
0 3712 phononL 0.004 0.477225 0.610876 0.00779908 0
0 3713 phononL 0.004 -1.1899 -0.563918 0.028149 0
0 3714 phononL 0.004 -0.900933 0.51674 -0.0364656 0
0 3715 phononL 0.004 0.240228 -0.253579 0.00978623 0
0 3716 phononL 0.004 -0.864858 -0.375461 0.0039191 0
0 3717 phononL 0.004 0.452795 -1.4347 -0.0397143 0
0 3718 phononL 0.004 0.696849 -1.4248 -0.00899268 0
0 3719 phononL 0.004 0.000216781 0.411654 -0.00210463 0
0 3720 phononL 0.004 -0.307954 1.44094 -0.0131761 0
0 3721 phononL 0.004 -1.41166 -0.101275 0.0389991 0
0 3722 phononL 0.004 0.0327654 -0.557968 -0.0048941 0
0 3723 phononL 0.004 -1.28807 1.15813 -0.0305308 0
0 3724 phononL 0.004 0.621037 0.522637 0.0141982 0
0 3725 phononL 0.004 0.0125688 -0.20383 -0.0330385 0
0 3726 phononL 0.004 -1.02178 1.12076 -0.033525 0
0 3727 phononL 0.004 0.44982 0.463353 -0.0338269 0
0 3728 phononL 0.004 0.690828 0.373022 -0.0265346 0
0 3729 phononL 0.004 0.235463 1.38886 0.0375376 0
0 3730 phononL 0.004 -1.01788 0.872604 -0.0177986 0
0 3731 phononL 0.004 1.13566 -0.491087 -0.0158934 0
0 3732 phononL 0.004 0.965579 -1.4592 -0.00890184 0
0 3733 phononL 0.004 -1.16796 -0.646023 -0.00054748 0
0 3734 phononL 0.004 0.107531 1.1017 0.00594943 0
0 3735 phononL 0.004 -0.140832 -0.132297 0.00250158 0
0 3736 phononL 0.004 0.724344 -0.457714 0.0254545 0
0 3737 phononL 0.004 -0.598974 -1.37085 0.00969374 0
0 3738 phononL 0.004 -0.735664 -0.624167 -0.00248613 0
0 3739 phononL 0.004 0.447008 0.233347 0.0237114 0
0 3740 phononL 0.004 -0.20094 1.30913 -0.0203776 0
0 3741 phononL 0.004 -0.425384 -1.30964 0.0384242 0
0 3742 phononL 0.004 1.43397 1.4608 0.0110163 0
0 3743 phononL 0.004 1.23491 0.485854 0.0105882 0
0 3744 phononL 0.004 -0.645114 -0.206906 -0.0125077 0
0 3745 phononL 0.004 -0.73294 -1.08146 -0.0290313 0
0 3746 phononL 0.004 0.883387 -0.941507 -0.0139128 0
0 3747 phononL 0.004 -1.09768 -0.617986 -0.0226711 0
0 3748 phononL 0.004 1.50572 -0.76507 0.000834881 0
0 3749 phononL 0.004 -0.307954 -0.248634 0.00381315 0
0 3750 phononL 0.004 0.0212296 0.870608 0.0145505 0
0 3751 phononL 0.004 0.585033 -0.504669 0.00705966 0
0 3752 phononL 0.004 -0.120994 -0.494587 0.00627666 0
0 3753 phononL 0.004 -0.482407 -1.26265 -0.0206588 0
0 3754 phononL 0.004 0.100122 1.0738 0.027124 0
0 3755 phononL 0.004 -0.933591 -0.977297 0.0323015 0
0 3756 phononL 0.004 -0.980274 -0.551733 0.0163287 0
0 3757 phononL 0.004 -1.21555 0.508228 -0.0001098 0
0 3758 phononL 0.004 -0.619549 -0.250752 -0.0360384 0
0 3759 phononL 0.004 -0.21485 -0.802472 0.0363242 0
0 3760 phononL 0.004 0.902887 0.071137 -0.0197638 0
0 3761 phononL 0.004 0.123734 0.993409 0.031791 0
0 3762 phononL 0.004 -0.607013 0.652032 0.0132897 0
0 3763 phononL 0.004 -0.0885327 1.03471 -0.0305975 0
0 3764 phononL 0.004 0.743086 -1.34349 -0.00897156 0
0 3765 phononL 0.004 -0.922962 1.23689 -0.0368944 0
0 3766 phononL 0.004 -1.06785 -0.958685 0.0178224 0
0 3767 phononL 0.004 1.32446 -1.39468 -0.0239476 0
0 3768 phononL 0.004 -0.451229 -1.12097 0.0211596 0
0 3769 phononL 0.004 1.03909 0.714171 -0.00600349 0
0 3770 phononL 0.004 -1.0613 -1.27736 0.0299595 0
0 3771 phononL 0.004 0.495052 1.35291 -0.0125952 0
0 3772 phononL 0.004 0.53479 -0.54671 0.0220879 0
0 3773 phononL 0.004 -0.169843 1.14816 0.0133832 0
0 3774 phononL 0.004 -0.229934 0.211951 -0.00947346 0
0 3775 phononL 0.004 -0.626648 0.977299 0.0257701 0
0 3776 phononL 0.004 0.511778 0.528803 -0.0301444 0
0 3777 phononL 0.004 1.1339 0.725387 -0.00570163 0
0 3778 phononL 0.004 0.90591 -0.233724 0.00705381 0
0 3779 phononL 0.004 1.321 1.25376 0.0200969 0
0 3780 phononL 0.004 -0.794243 -0.273806 0.00767678 0
0 3781 phononL 0.004 -0.715061 1.20166 -0.00804241 0
0 3782 phononL 0.004 -0.861887 -0.86635 0.0228796 0
0 3783 phononL 0.004 -0.649756 -0.517091 0.00200006 0
0 3784 phononL 0.004 0.435955 -0.125057 0.0198686 0
0 3785 phononL 0.004 -0.138619 0.335817 0.0102985 0
0 3786 phononL 0.004 -1.13039 0.00228292 0.00344836 0
0 3787 phononL 0.004 -0.246732 0.0879025 0.0205657 0
0 3788 phononL 0.004 -0.996555 0.0776466 0.0177278 0
0 3789 phononL 0.004 1.27565 1.09383 0.00553546 0
0 3790 phononL 0.004 0.952999 -0.881082 -0.0376697 0
0 3791 phononL 0.004 -0.134141 -0.310508 0.0237492 0
0 3792 phononL 0.004 -0.540177 0.661887 -0.00501582 0
0 3793 phononL 0.004 0.994364 -0.469937 0.000233999 0
0 3794 phononL 0.004 0.733695 -0.319622 0.0141565 0
0 3795 phononL 0.004 -0.743227 -1.0458 0.0277524 0
0 3796 phononL 0.004 -0.576477 0.712259 0.0393578 0
0 3797 phononL 0.004 0.390645 -0.473549 0.00199885 0
0 3798 phononL 0.004 0.34124 1.48176 0.034359 0
0 3799 phononL 0.004 -0.723811 -0.935214 0.00536772 0
0 3800 phononL 0.004 0.892705 -0.553867 -0.00574318 0
0 3801 phononL 0.004 0.993795 -0.466306 0.0218216 0
0 3802 phononL 0.004 0.76413 0.583768 -0.0351432 0
0 3803 phononL 0.004 1.08313 -0.620337 -0.0152282 0
0 3804 phononL 0.004 0.735613 0.63574 0.00767187 0
0 3805 phononL 0.004 -0.688013 0.398759 0.0161458 0
0 3806 phononL 0.004 -0.992632 -1.36417 -0.0281556 0
0 3807 phononL 0.004 1.45259 -0.918826 0.0205757 0
0 3808 phononL 0.004 -1.34152 0.340641 0.0334515 0
0 3809 phononL 0.004 0.962255 -0.792608 0.0376352 0
0 3810 phononL 0.004 -0.955474 -1.01371 0.0267715 0
0 3811 phononL 0.004 0.503887 -0.297314 -0.0122106 0
0 3812 phononL 0.004 -1.41238 1.05777 -0.0373725 0
0 3813 phononL 0.004 0.681611 -0.99943 0.0103333 0
0 3814 phononL 0.004 0.482116 1.0949 -0.000849738 0
0 3815 phononL 0.004 -1.44787 -0.675853 0.0196089 0
0 3816 phononL 0.004 -0.701334 -0.526162 -0.0179789 0
0 3817 phononL 0.004 -0.429486 0.588811 -0.0325254 0
0 3818 phononL 0.004 -1.32302 -1.18769 -0.0233999 0
0 3819 phononL 0.004 0.799501 -0.587011 0.0221684 0
0 3820 phononL 0.004 1.32901 0.0558636 0.00812019 0
0 3821 phononL 0.004 -0.79293 -0.891221 0.0324409 0
0 3822 phononL 0.004 1.0617 -0.567584 -0.0250897 0
0 3823 phononL 0.004 -0.661961 1.23209 0.0255736 0
0 3824 phononL 0.004 0.795521 1.246 0.0330065 0
0 3825 phononL 0.004 1.44829 0.84491 0.015417 0
0 3826 phononL 0.004 0.0724613 -0.452183 -0.0293341 0
0 3827 phononL 0.004 0.581599 -0.426535 0.02879 0
0 3828 phononL 0.004 -0.806461 1.21222 -0.020159 0
0 3829 phononL 0.004 -0.954723 -0.5728 0.032197 0
0 3830 phononL 0.004 -0.488592 0.863649 -0.0325463 0
0 3831 phononL 0.004 -1.43598 0.930269 -0.0369385 0
0 3832 phononL 0.004 -0.137034 -1.24779 -0.0342972 0
0 3833 phononL 0.004 0.481278 -1.04417 0.0206158 0
0 3834 phononL 0.004 -1.47965 -0.176351 0.0250724 0
0 3835 phononL 0.004 -0.845627 1.34535 -0.00788161 0
0 3836 phononL 0.004 -0.16802 1.42402 0.0281571 0
0 3837 phononL 0.004 1.24456 0.400294 0.0347521 0
0 3838 phononL 0.004 1.48406 0.59316 -0.0194538 0
0 3839 phononL 0.004 0.161593 -1.24445 0.0372888 0
0 3840 phononL 0.004 -0.307859 1.25827 0.0150252 0
0 3841 phononL 0.004 0.574095 -1.21376 0.00594775 0
0 3842 phononL 0.004 -0.91916 0.262096 0.00222695 0
0 3843 phononL 0.004 1.13363 -0.98985 -0.0367626 0
0 3844 phononL 0.004 0.664003 -0.959962 -0.0155725 0
0 3845 phononL 0.004 -1.26594 1.03015 0.0185266 0
0 3846 phononL 0.004 -0.855991 0.394101 0.0364027 0
0 3847 phononL 0.004 1.39393 -0.656476 0.011218 0
0 3848 phononL 0.004 -0.651627 -1.05807 -0.00907014 0
0 3849 phononL 0.004 -1.03688 1.21306 0.0308664 0
0 3850 phononL 0.004 1.06789 -0.154033 -0.0139249 0
0 3851 phononL 0.004 1.26924 -1.37109 0.0137197 0
0 3852 phononL 0.004 0.488007 0.483329 0.0157276 0
0 3853 phononL 0.004 0.758475 -0.302123 -0.0316865 0
0 3854 phononL 0.004 0.418225 0.0334215 0.0361 0
0 3855 phononL 0.004 0.472957 -1.46116 0.0178746 0
0 3856 phononL 0.004 0.876548 0.937871 -0.000768585 0
0 3857 phononL 0.004 1.4399 -1.30335 -0.0315161 0
0 3858 phononL 0.004 -1.22839 -1.23973 0.0249877 0
0 3859 phononL 0.004 -0.521333 0.14229 -0.00225009 0
0 3860 phononL 0.004 -0.586136 0.0985954 0.00455943 0
0 3861 phononL 0.004 -0.799308 1.40387 -0.0370421 0
0 3862 phononL 0.004 -0.283164 -1.30261 -0.0182178 0
0 3863 phononL 0.004 -0.930228 0.23573 0.0132152 0
0 3864 phononL 0.004 -1.39905 -0.468058 -0.00703499 0
0 3865 phononL 0.004 0.0624977 -1.34093 0.0270757 0
0 3866 phononL 0.004 0.48082 1.4184 -0.0298041 0
0 3867 phononL 0.004 -0.741489 0.57723 0.0179961 0
0 3868 phononL 0.004 -0.519794 -0.946956 0.0138137 0
0 3869 phononL 0.004 0.0479293 -0.31216 0.0149789 0
0 3870 phononL 0.004 -1.25487 -1.32948 -0.00571897 0
0 3871 phononL 0.004 0.631289 0.858691 0.00297904 0
0 3872 phononL 0.004 1.43928 -0.727721 -0.0343867 0
0 3873 phononL 0.004 -0.533781 -1.09333 -0.0206492 0
0 3874 phononL 0.004 -1.11146 -0.88908 -0.0184976 0
0 3875 phononL 0.004 -0.782705 -0.522416 -0.0333145 0
0 3876 phononL 0.004 0.266126 0.928803 0.0358492 0
0 3877 phononL 0.004 1.28701 -0.34858 -0.00682041 0
0 3878 phononL 0.004 -0.37311 -1.05892 -0.0341902 0
0 3879 phononL 0.004 -0.396722 -0.481871 0.032508 0
0 3880 phononL 0.004 1.10764 0.720801 -0.00548839 0
0 3881 phononL 0.004 -1.02525 -1.47339 0.0108703 0
0 3882 phononL 0.004 0.421549 -0.381081 -0.0352557 0
0 3883 phononL 0.004 0.192542 0.708166 0.00451272 0
0 3884 phononL 0.004 -0.899679 0.870711 -0.0325157 0
0 3885 phononL 0.004 1.40461 -0.55377 0.00409208 0
0 3886 phononL 0.004 0.372796 0.101423 -0.0348293 0
0 3887 phononL 0.004 -0.232141 1.27349 0.00579668 0
0 3888 phononL 0.004 1.40082 0.818698 -0.0222147 0
0 3889 phononL 0.004 -0.611325 0.834965 0.0260248 0
0 3890 phononL 0.004 0.275594 1.39451 -0.0325151 0
0 3891 phononL 0.004 -0.875094 0.457099 -0.00458282 0
0 3892 phononL 0.004 -0.91464 -0.283023 -0.0288841 0
0 3893 phononL 0.004 0.223979 0.875514 0.0296732 0
0 3894 phononL 0.004 -1.1795 0.209911 -0.0384045 0
0 3895 phononL 0.004 -1.21423 0.392219 0.00400985 0
0 3896 phononL 0.004 0.504586 -0.372219 -0.00509378 0
0 3897 phononL 0.004 0.795163 -0.465927 0.0380748 0
0 3898 phononL 0.004 -1.36723 0.0816995 0.0062285 0
0 3899 phononL 0.004 0.466651 0.673816 -0.0202284 0
0 3900 phononL 0.004 -1.06362 0.374815 -0.0328287 0
0 3901 phononL 0.004 -0.145717 -0.121295 -0.0262568 0
0 3902 phononL 0.004 0.085255 -0.636905 0.0365881 0
0 3903 phononL 0.004 0.9767 0.8542 0.0193727 0
0 3904 phononL 0.004 -0.726206 -0.639965 0.0195308 0
0 3905 phononL 0.004 -0.141412 0.102336 0.0093319 0
0 3906 phononL 0.004 -0.437435 -1.31187 0.0127443 0
0 3907 phononL 0.004 0.35634 1.33404 0.00582348 0
0 3908 phononL 0.004 -1.07066 0.84359 0.0377719 0
0 3909 phononL 0.004 -0.682244 0.213573 -0.00998834 0
0 3910 phononL 0.004 1.18604 -0.909372 -0.0337463 0
0 3911 phononL 0.004 0.37104 -1.07537 -0.0360322 0
0 3912 phononL 0.004 -0.137908 -1.3213 0.034678 0
0 3913 phononL 0.004 -0.468598 1.1615 -0.0147833 0
0 3914 phononL 0.004 -0.76269 -0.859157 0.0351155 0
0 3915 phononL 0.004 -1.19253 -0.840285 0.0385398 0
0 3916 phononL 0.004 -0.391488 -0.799401 -0.0130372 0
0 3917 phononL 0.004 0.208095 -0.925258 0.00125943 0
0 3918 phononL 0.004 1.43109 0.075452 -0.0291993 0
0 3919 phononL 0.004 -0.708697 -1.44811 -0.0365909 0
0 3920 phononL 0.004 -1.03536 1.49447 -0.00118084 0
0 3921 phononL 0.004 1.18068 1.20723 -0.0149839 0
0 3922 phononL 0.004 -0.0137562 -0.533438 -0.0360061 0
0 3923 phononL 0.004 -0.986996 -0.357454 0.000655534 0
0 3924 phononL 0.004 -0.543782 0.308345 -0.00347134 0
0 3925 phononL 0.004 -1.00967 -1.11278 0.0243574 0
0 3926 phononL 0.004 -0.344131 -0.34642 0.00716868 0
0 3927 phononL 0.004 -0.801665 -0.546466 0.0126047 0
0 3928 phononL 0.004 -1.05767 0.241036 0.0305932 0
0 3929 phononL 0.004 -0.154445 -1.00018 0.0317021 0
0 3930 phononL 0.004 1.33918 0.276267 0.00858723 0
0 3931 phononL 0.004 -0.235299 1.21693 0.0286596 0
0 3932 phononL 0.004 -1.19306 -0.27782 0.0354917 0
0 3933 phononL 0.004 -0.278139 0.265511 0.0355241 0
0 3934 phononL 0.004 -1.2809 -0.881894 0.0217788 0
0 3935 phononL 0.004 1.1032 0.169396 -0.0393234 0
0 3936 phononL 0.004 1.28797 1.18792 -0.0156753 0
0 3937 phononL 0.004 1.4544 -1.34281 0.0167455 0
0 3938 phononL 0.004 -1.16901 -0.34181 0.0382671 0
0 3939 phononL 0.004 0.458486 1.02112 -0.0161683 0
0 3940 phononL 0.004 -0.745111 0.500681 0.018707 0
0 3941 phononL 0.004 0.564835 0.441513 -0.0180391 0
0 3942 phononL 0.004 -1.08954 -0.56173 0.0146928 0
0 3943 phononL 0.004 0.334534 -0.457716 -0.0238158 0
0 3944 phononL 0.004 0.392527 0.498231 0.0305797 0
0 3945 phononL 0.004 -0.97638 -0.82721 -0.0278265 0
0 3946 phononL 0.004 0.861961 -1.32582 -0.00227241 0
0 3947 phononL 0.004 -0.732819 0.231937 -0.00738787 0
0 3948 phononL 0.004 1.24076 0.475524 0.027506 0
0 3949 phononL 0.004 -0.122887 0.0889233 -0.00506261 0
0 3950 phononL 0.004 -1.00075 1.11069 0.0160315 0
0 3951 phononL 0.004 0.391077 -1.20233 -0.0349762 0
0 3952 phononL 0.004 -1.46075 0.392878 -0.00797655 0
0 3953 phononL 0.004 -1.32772 0.52005 0.0307562 0
0 3954 phononL 0.004 -0.969729 -0.942254 -0.00335461 0
0 3955 phononL 0.004 0.2249 0.244335 -0.0118665 0
0 3956 phononL 0.004 -0.830211 0.723173 0.0166989 0
0 3957 phononL 0.004 -1.35685 -1.41023 0.00732303 0
0 3958 phononL 0.004 -0.874294 -0.768806 0.0366654 0
0 3959 phononL 0.004 -1.35842 0.659004 -0.0204802 0
0 3960 phononL 0.004 -0.524515 -1.39637 0.0241305 0
0 3961 phononL 0.004 1.46649 0.471856 -0.0395607 0
0 3962 phononL 0.004 -0.130217 0.0663245 -0.00241111 0
0 3963 phononL 0.004 1.13363 0.856844 0.0162325 0
0 3964 phononL 0.004 -0.577768 -0.558967 0.00900228 0
0 3965 phononL 0.004 1.18462 1.13245 0.0107856 0
0 3966 phononL 0.004 -1.2435 -0.960264 0.0116542 0
0 3967 phononL 0.004 0.759818 -1.43666 -0.00171633 0
0 3968 phononL 0.004 0.357083 0.0158465 0.0303889 0
0 3969 phononL 0.004 -0.737772 0.870899 -0.00886675 0
0 3970 phononL 0.004 -0.782895 0.986858 0.000711065 0
0 3971 phononL 0.004 0.769543 0.258531 -0.0277048 0
0 3972 phononL 0.004 -0.861321 -0.854005 0.0393272 0
0 3973 phononL 0.004 1.07485 0.903853 0.00270673 0
0 3974 phononL 0.004 -0.183673 -1.10358 -0.0293037 0
0 3975 phononL 0.004 -0.0671843 1.09197 0.0374304 0
0 3976 phononL 0.004 -0.700963 -0.0163443 0.0179737 0
0 3977 phononL 0.004 -0.616221 0.812524 -0.0259633 0
0 3978 phononL 0.004 -0.559353 0.0420337 0.0236377 0
0 3979 phononL 0.004 1.25215 0.465632 0.0353696 0
0 3980 phononL 0.004 1.37851 -0.325507 0.0170918 0
0 3981 phononL 0.004 -1.39395 -1.23194 0.013497 0
0 3982 phononL 0.004 1.42368 -0.561758 0.0133816 0
0 3983 phononL 0.004 0.29427 1.39488 -0.00222694 0
0 3984 phononL 0.004 -0.322974 -1.40537 -0.00608125 0
0 3985 phononL 0.004 -1.20111 0.176326 0.0220905 0
0 3986 phononL 0.004 -0.904261 -0.14925 0.0189924 0
0 3987 phononL 0.004 -1.50649 -0.708528 -0.0375172 0
0 3988 phononL 0.004 1.47296 0.574039 0.0106575 0
0 3989 phononL 0.004 0.845004 0.456092 -0.0312522 0
0 3990 phononL 0.004 -0.585462 -0.691639 -0.00912281 0
0 3991 phononL 0.004 -1.0437 -1.11483 0.030007 0
0 3992 phononL 0.004 0.717931 1.06343 -0.00357184 0
0 3993 phononL 0.004 0.489327 1.24869 -0.0315265 0
0 3994 phononL 0.004 -1.29703 -0.840544 -0.0366579 0
0 3995 phononL 0.004 -0.0774637 0.964834 -0.00272753 0
0 3996 phononL 0.004 -0.387612 0.185282 0.0387385 0
0 3997 phononL 0.004 -0.521645 0.346897 -0.0188452 0
0 3998 phononL 0.004 -1.40319 0.145404 -0.0376613 0
0 3999 phononL 0.004 0.669651 0.41581 0.0330132 0
0 4000 phononL 0.004 0.565949 1.11299 0.013545 0
0 4001 phononL 0.004 -1.23696 -0.303499 -0.0239819 0
0 4002 phononL 0.004 -0.105214 0.111899 -0.0105369 0
0 4003 phononL 0.004 1.04702 -1.25257 -0.0286067 0
0 4004 phononL 0.004 -0.116689 -0.704998 0.0267258 0
0 4005 phononL 0.004 -0.328636 -0.136975 -0.010206 0
0 4006 phononL 0.004 1.41836 1.34566 0.0357418 0
0 4007 phononL 0.004 0.764183 -0.288479 -0.0276121 0
0 4008 phononL 0.004 -0.206172 1.22327 -0.00111219 0
0 4009 phononL 0.004 -1.08252 -1.33352 -0.0303096 0
0 4010 phononL 0.004 -1.29734 -0.381644 -0.0145451 0
0 4011 phononL 0.004 1.17058 0.449715 0.0340902 0
0 4012 phononL 0.004 -0.18066 1.23751 -0.0275914 0
0 4013 phononL 0.004 -1.39189 -1.42208 0.0138267 0
0 4014 phononL 0.004 -0.675627 1.46362 -0.0200793 0
0 4015 phononL 0.004 0.715211 0.704379 -0.00831325 0
0 4016 phononL 0.004 -0.110103 -0.600954 -0.00141178 0
0 4017 phononL 0.004 -1.29976 0.124169 -0.0350571 0
0 4018 phononL 0.004 -1.09214 -0.0774302 -0.0378592 0
0 4019 phononL 0.004 0.738983 0.930148 0.0327096 0
0 4020 phononL 0.004 1.3473 0.907837 0.0266577 0
0 4021 phononL 0.004 1.16295 0.55831 -0.00134667 0
0 4022 phononL 0.004 0.556941 -0.328764 -0.00889328 0
0 4023 phononL 0.004 -0.404043 -1.09327 0.0260565 0
0 4024 phononL 0.004 1.40948 -1.0028 -0.037372 0
0 4025 phononL 0.004 -0.953652 0.475783 -0.0155035 0
0 4026 phononL 0.004 0.587152 -1.17127 -0.0218678 0
0 4027 phononL 0.004 -0.445896 1.38877 -0.0279586 0
0 4028 phononL 0.004 -0.252961 1.40902 0.0147354 0
0 4029 phononL 0.004 -0.406862 1.33273 -0.00275901 0
0 4030 phononL 0.004 -1.28749 -1.39318 -0.0397266 0
0 4031 phononL 0.004 0.701047 -1.09039 0.00484402 0
0 4032 phononL 0.004 -0.800445 -0.0477001 -0.0279913 0
0 4033 phononL 0.004 -0.688412 0.631185 -0.0251077 0
0 4034 phononL 0.004 -0.577009 -0.944797 0.000131349 0
0 4035 phononL 0.004 -1.10322 0.731888 0.0196907 0
0 4036 phononL 0.004 0.447523 1.25956 0.0238555 0
0 4037 phononL 0.004 -0.44263 0.768346 -0.0273989 0
0 4038 phononL 0.004 1.09958 -1.12708 -0.0325412 0
0 4039 phononL 0.004 1.2941 0.870906 -0.0287241 0
0 4040 phononL 0.004 1.40013 -0.224541 0.0220751 0
0 4041 phononL 0.004 -0.797822 0.631684 -0.0239369 0
0 4042 phononL 0.004 -1.26959 -0.516132 0.0172164 0
0 4043 phononL 0.004 -1.05784 -1.14214 0.0376395 0
0 4044 phononL 0.004 1.40743 -1.02043 0.0350293 0
0 4045 phononL 0.004 0.172641 -0.554126 0.0383086 0
0 4046 phononL 0.004 -0.464867 -1.0623 -0.00616874 0
0 4047 phononL 0.004 1.49752 0.12167 0.0260874 0
0 4048 phononL 0.004 0.607957 1.3609 -0.000632208 0
0 4049 phononL 0.004 0.235142 0.981351 -0.032896 0
0 4050 phononL 0.004 -1.39291 -1.28104 -0.00589081 0
0 4051 phononL 0.004 0.302155 -1.31848 0.0266475 0
0 4052 phononL 0.004 -1.2893 0.66198 -0.0185213 0
0 4053 phononL 0.004 0.498047 0.437429 0.0106801 0
0 4054 phononL 0.004 -0.750764 -0.197129 0.0350594 0
0 4055 phononL 0.004 0.236007 0.425214 0.0373876 0
0 4056 phononL 0.004 0.00940236 -1.26862 -0.0287019 0
0 4057 phononL 0.004 0.360883 -0.763122 -0.0345319 0
0 4058 phononL 0.004 -0.695238 -0.90405 0.0303782 0
0 4059 phononL 0.004 0.00210548 1.46419 -0.0128839 0
0 4060 phononL 0.004 1.3772 0.101407 0.0385531 0
0 4061 phononL 0.004 -1.18846 -0.752605 0.000647096 0
0 4062 phononL 0.004 -0.627237 -1.29751 0.0129616 0
0 4063 phononL 0.004 -0.550439 -0.706718 0.0318315 0
0 4064 phononL 0.004 -0.0325188 0.28541 0.00769181 0
0 4065 phononL 0.004 0.751493 -1.21503 -0.033219 0
0 4066 phononL 0.004 -0.949518 -1.28273 0.0288202 0
0 4067 phononL 0.004 0.311454 -0.0415214 -0.0197201 0
0 4068 phononL 0.004 0.704162 0.309085 -0.0381553 0
0 4069 phononL 0.004 -0.590058 -1.26057 -0.0342769 0
0 4070 phononL 0.004 -0.371887 -0.0542938 -0.0282002 0
0 4071 phononL 0.004 1.17267 -0.917817 -0.0113568 0
0 4072 phononL 0.004 0.549235 -0.771541 0.0126431 0
0 4073 phononL 0.004 0.989349 -0.303344 0.0292159 0
0 4074 phononL 0.004 1.35404 0.29519 -0.0359128 0
0 4075 phononL 0.004 1.32006 0.0140722 0.0364485 0
0 4076 phononL 0.004 0.354831 -1.1821 0.0115239 0
0 4077 phononL 0.004 1.06527 0.866823 0.00298909 0
0 4078 phononL 0.004 0.726769 -0.151871 0.0130257 0
0 4079 phononL 0.004 -1.07571 -0.853392 -0.0099306 0
0 4080 phononL 0.004 0.237518 0.797857 0.0214139 0
0 4081 phononL 0.004 0.77766 -0.300028 -0.0244398 0
0 4082 phononL 0.004 1.50389 -0.31388 0.0217875 0
0 4083 phononL 0.004 1.37681 -0.400046 0.0286007 0
0 4084 phononL 0.004 -0.990201 -1.2101 0.026512 0
0 4085 phononL 0.004 -1.07395 -0.233582 0.00827779 0
0 4086 phononL 0.004 -1.00923 1.45807 0.00926409 0
0 4087 phononL 0.004 0.469134 -0.131594 0.00696897 0
0 4088 phononL 0.004 1.37062 1.33738 -0.0136007 0
0 4089 phononL 0.004 -0.24789 -1.29838 -0.038248 0
0 4090 phononL 0.004 0.597883 -1.06417 -0.00555218 0
0 4091 phononL 0.004 -0.873211 -1.10715 -0.0158663 0
0 4092 phononL 0.004 0.625938 -0.0277194 -0.032427 0
0 4093 phononL 0.004 -0.444944 0.218351 0.0285447 0
0 4094 phononL 0.004 -1.0514 -0.0584184 0.0269631 0
0 4095 phononL 0.004 0.778787 -1.46988 -0.0166799 0
0 4096 phononL 0.004 0.780244 -0.338509 0.00797082 0
0 4097 phononL 0.004 -0.338235 -0.300824 -0.0135034 0
0 4098 phononL 0.004 -1.37623 0.806398 -0.0328175 0
0 4099 phononL 0.004 0.453148 -0.529194 0.00553972 0
0 4100 phononL 0.004 1.32018 -0.988636 0.015299 0
0 4101 phononL 0.004 -0.00442927 0.401019 -0.0210742 0
0 4102 phononL 0.004 -1.20929 1.08736 0.00421608 0
0 4103 phononL 0.004 -0.610313 1.41125 -0.0362349 0
0 4104 phononL 0.004 -1.2774 -0.23632 0.0049251 0
0 4105 phononL 0.004 1.4353 -0.318042 -0.0372333 0
0 4106 phononL 0.004 -0.555667 -0.480351 0.00867356 0
0 4107 phononL 0.004 -1.45499 0.355874 0.00212711 0
0 4108 phononL 0.004 -0.378503 -0.135886 -0.0359822 0
0 4109 phononL 0.004 -0.328666 -1.04367 -0.0287516 0
0 4110 phononL 0.004 -0.544403 -0.548352 -0.0139445 0
0 4111 phononL 0.004 1.15145 -0.369265 0.0199152 0
0 4112 phononL 0.004 0.205628 -1.00501 -0.0243842 0
0 4113 phononL 0.004 -0.916059 -0.0539181 -0.0384227 0
0 4114 phononL 0.004 0.263217 0.0499742 -0.0107695 0
0 4115 phononL 0.004 -0.594811 0.144629 -0.0239736 0
0 4116 phononL 0.004 -1.2106 -0.139402 -0.0294104 0
0 4117 phononL 0.004 -0.679822 0.483848 -0.00107741 0
0 4118 phononL 0.004 -0.724163 1.13773 -0.00325513 0
0 4119 phononL 0.004 0.749622 -0.115042 -0.0185107 0
0 4120 phononL 0.004 -0.68187 1.24354 0.0383637 0
0 4121 phononL 0.004 1.42885 -0.247501 0.0356625 0
0 4122 phononL 0.004 1.48253 0.568121 0.0301656 0
0 4123 phononL 0.004 0.261416 -1.46887 -0.0261702 0
0 4124 phononL 0.004 -0.295955 -0.22635 -0.00345541 0
0 4125 phononL 0.004 -1.02492 0.111062 0.0172614 0
0 4126 phononL 0.004 -0.296727 -0.279166 0.0228108 0
0 4127 phononL 0.004 -0.353264 -1.44923 -0.0066995 0
0 4128 phononL 0.004 1.14868 -0.879131 -0.00834684 0
0 4129 phononL 0.004 1.04433 -0.39983 0.0215144 0
0 4130 phononL 0.004 -0.306828 1.01811 -0.0314762 0
0 4131 phononL 0.004 -1.35294 -0.865933 0.0352866 0
0 4132 phononL 0.004 -0.786391 0.642607 -0.0341474 0
0 4133 phononL 0.004 0.544109 -1.48684 -0.0163104 0
0 4134 phononL 0.004 -0.177704 0.819026 -0.0157094 0
0 4135 phononL 0.004 -1.09357 -1.16255 0.0313589 0
0 4136 phononL 0.004 -0.496608 0.445923 -0.0311432 0
0 4137 phononL 0.004 -1.1784 -1.12723 0.00972838 0
0 4138 phononL 0.004 -0.843848 1.47066 -0.0317096 0
0 4139 phononL 0.004 -0.562088 0.347985 -0.00870807 0
0 4140 phononL 0.004 -0.376466 0.352596 -0.0369045 0
0 4141 phononL 0.004 0.731858 -0.134484 0.0387601 0
0 4142 phononL 0.004 0.829206 -0.20077 0.0200995 0
0 4143 phononL 0.004 -0.474494 -0.446384 -0.00339745 0
0 4144 phononL 0.004 0.759808 0.607614 -0.00172718 0
0 4145 phononL 0.004 -0.630131 -1.50043 -0.0213938 0
0 4146 phononL 0.004 1.35271 0.929011 -0.0197337 0
0 4147 phononL 0.004 1.49612 0.885944 -0.0272606 0
0 4148 phononL 0.004 0.910333 -0.292421 -0.0383618 0
0 4149 phononL 0.004 -1.32288 1.29628 0.0105531 0
0 4150 phononL 0.004 0.396344 1.03718 0.018686 0
0 4151 phononL 0.004 -0.0762857 -0.743172 0.0293684 0
0 4152 phononL 0.004 -0.0413129 -0.0435021 0.0307628 0
0 4153 phononL 0.004 1.33816 -0.35235 -0.039302 0
0 4154 phononL 0.004 -0.646367 0.323732 -0.0162841 0
0 4155 phononL 0.004 0.365187 -0.475583 -0.0103291 0
0 4156 phononL 0.004 0.444636 -0.626353 -0.0150955 0
0 4157 phononL 0.004 0.186188 0.232609 -0.0266052 0
0 4158 phononL 0.004 -0.878189 -1.24419 -0.0301073 0
0 4159 phononL 0.004 1.10211 0.976024 -0.001197 0
0 4160 phononL 0.004 0.280957 0.117454 0.00407123 0
0 4161 phononL 0.004 -1.14101 1.44633 0.0205716 0
0 4162 phononL 0.004 -0.0760424 0.764428 0.0148152 0
0 4163 phononL 0.004 -1.4192 0.629533 0.0129485 0
0 4164 phononL 0.004 -0.350116 -0.228262 -0.018605 0
0 4165 phononL 0.004 -1.03537 -1.49111 -0.0102387 0
0 4166 phononL 0.004 -0.340908 1.48077 0.0108202 0
0 4167 phononL 0.004 -0.867211 -0.54497 -0.00304027 0
0 4168 phononL 0.004 1.39484 0.0808755 0.0322853 0
0 4169 phononL 0.004 0.813228 -1.08822 0.0135053 0
0 4170 phononL 0.004 0.430085 -1.13185 -0.0300121 0
0 4171 phononL 0.004 -0.968106 -1.10842 0.00394729 0
0 4172 phononL 0.004 -0.196644 -1.12544 0.0190877 0
0 4173 phononL 0.004 -0.414442 0.334532 0.00980026 0
0 4174 phononL 0.004 -0.21185 0.928037 -0.00577183 0
0 4175 phononL 0.004 0.625241 0.0643974 -0.0398845 0
0 4176 phononL 0.004 0.804202 -1.06892 -0.00271425 0
0 4177 phononL 0.004 -1.32228 1.39749 -0.0207038 0
0 4178 phononL 0.004 -0.183904 0.0901731 -0.0160429 0
0 4179 phononL 0.004 -0.175731 0.973472 -0.00707382 0
0 4180 phononL 0.004 -0.0835941 -1.39749 -0.0363245 0
0 4181 phononL 0.004 -1.05601 0.049729 -0.0376633 0
0 4182 phononL 0.004 0.0706712 0.570904 -0.00120027 0
0 4183 phononL 0.004 0.677296 -0.73702 0.0322898 0
0 4184 phononL 0.004 1.05341 1.50567 -0.00969869 0
0 4185 phononL 0.004 -0.0930251 -0.711112 0.0113578 0
0 4186 phononL 0.004 -1.43498 0.149929 -0.0241669 0
0 4187 phononL 0.004 0.866227 -1.2409 0.00525372 0
0 4188 phononL 0.004 0.643734 0.564526 -0.00696938 0
0 4189 phononL 0.004 1.06789 0.417037 -0.00885608 0
0 4190 phononL 0.004 -1.30363 -0.625185 0.0162501 0
0 4191 phononL 0.004 0.316129 0.155645 -0.0177175 0
0 4192 phononL 0.004 1.17496 -1.03206 -0.0263853 0
0 4193 phononL 0.004 -0.287547 1.3404 -0.0094943 0
0 4194 phononL 0.004 -0.530524 -0.397001 -0.0127381 0
0 4195 phononL 0.004 -0.032157 1.18606 0.0246884 0
0 4196 phononL 0.004 0.366131 1.18685 0.0198986 0
0 4197 phononL 0.004 0.571766 0.924455 0.0391203 0
0 4198 phononL 0.004 -0.776216 0.661968 0.0351131 0
0 4199 phononL 0.004 -0.549091 -0.0321504 0.0307982 0
0 4200 phononL 0.004 -1.27438 1.33947 -0.0109661 0
0 4201 phononL 0.004 -0.989672 1.44086 0.0174394 0
0 4202 phononL 0.004 1.36659 -0.815894 -0.0148294 0
0 4203 phononL 0.004 1.41315 -0.0197877 0.00543321 0
0 4204 phononL 0.004 0.324666 -1.41778 -0.0300121 0
0 4205 phononL 0.004 -0.31231 0.938207 -0.0278162 0
0 4206 phononL 0.004 -0.818101 0.682814 0.0231536 0
0 4207 phononL 0.004 0.292306 -1.16525 -0.0367912 0
0 4208 phononL 0.004 -0.591736 -1.04333 0.0332272 0
0 4209 phononL 0.004 0.0710558 1.05664 0.0309978 0
0 4210 phononL 0.004 0.53864 -0.0298904 -0.0220298 0
0 4211 phononL 0.004 -1.17229 -0.316568 0.020458 0
0 4212 phononL 0.004 1.08522 -1.13272 0.0107735 0
0 4213 phononL 0.004 1.12826 -0.326816 0.00869504 0
0 4214 phononL 0.004 1.39869 -0.542449 -0.0256467 0
0 4215 phononL 0.004 -1.12177 0.598531 -0.014199 0
0 4216 phononL 0.004 0.944113 0.965075 0.0127404 0
0 4217 phononL 0.004 0.00392792 0.293912 0.0091255 0
0 4218 phononL 0.004 -0.680014 1.49943 -0.0307185 0
0 4219 phononL 0.004 -1.06769 0.204009 -0.0020794 0
0 4220 phononL 0.004 -0.98969 -0.991107 0.000479809 0
0 4221 phononL 0.004 -0.328167 1.45905 -0.0156858 0
0 4222 phononL 0.004 0.15762 -1.14808 -0.0306855 0
0 4223 phononL 0.004 -1.47552 0.122987 -0.0321368 0
0 4224 phononL 0.004 1.42571 -0.304916 0.00973965 0
0 4225 phononL 0.004 -0.770931 -0.325619 -0.0273815 0
0 4226 phononL 0.004 0.906951 1.43237 0.00662434 0
0 4227 phononL 0.004 -1.29018 1.15252 -0.0217591 0
0 4228 phononL 0.004 -0.38597 -1.45201 0.0166293 0
0 4229 phononL 0.004 -1.01157 0.243036 0.0191933 0
0 4230 phononL 0.004 -0.766077 0.780376 0.0233549 0
0 4231 phononL 0.004 -0.896494 -0.732404 -0.0356571 0
0 4232 phononL 0.004 -0.142392 1.29219 -0.02589 0
0 4233 phononL 0.004 0.0488601 1.02668 0.0209792 0
0 4234 phononL 0.004 1.22046 0.577218 0.0289138 0
0 4235 phononL 0.004 -0.277978 -0.586782 -0.0146641 0
0 4236 phononL 0.004 1.16896 0.209042 -0.0158765 0
0 4237 phononL 0.004 0.962301 0.514592 -0.0135564 0
0 4238 phononL 0.004 0.891928 1.17775 0.00433235 0
0 4239 phononL 0.004 0.419543 -0.271396 -0.00826343 0
0 4240 phononL 0.004 -0.0850355 0.536545 0.0355886 0
0 4241 phononL 0.004 -0.413737 1.40725 0.0129669 0
0 4242 phononL 0.004 0.0596958 0.0433963 0.0172617 0
0 4243 phononL 0.004 -1.2142 0.0935225 -0.00800012 0
0 4244 phononL 0.004 -0.565846 -0.25762 0.0156348 0
0 4245 phononL 0.004 1.23794 -1.28758 0.00854926 0
0 4246 phononL 0.004 0.934032 -0.925561 -0.0160672 0
0 4247 phononL 0.004 -0.702128 -0.924337 -0.0277319 0
0 4248 phononL 0.004 -0.765543 -0.915909 -0.0187361 0
0 4249 phononL 0.004 -1.41722 -0.409851 -0.0215527 0
0 4250 phononL 0.004 0.405647 -0.20697 -0.0198233 0
0 4251 phononL 0.004 0.287606 1.19002 -0.0224403 0
0 4252 phononL 0.004 -1.2849 0.113527 0.0260886 0
0 4253 phononL 0.004 -0.0466233 1.34142 -0.0386532 0
0 4254 phononL 0.004 -1.15892 -1.3503 -0.00830626 0
0 4255 phononL 0.004 0.886762 -0.856001 0.00706741 0
0 4256 phononL 0.004 0.754232 0.195593 -0.00750661 0
0 4257 phononL 0.004 -0.504003 -0.461781 0.0059088 0
0 4258 phononL 0.004 1.07874 -0.0864735 -0.0351463 0
0 4259 phononL 0.004 1.05812 -1.02576 0.0384611 0
0 4260 phononL 0.004 -0.688382 0.232556 0.0244948 0
0 4261 phononL 0.004 0.867981 -0.0512334 -0.0153834 0
0 4262 phononL 0.004 0.0660947 1.0424 -0.0199646 0
0 4263 phononL 0.004 -0.533494 -0.949879 0.02348 0
0 4264 phononL 0.004 -0.518362 -1.32746 0.0214784 0
0 4265 phononL 0.004 1.47743 -0.868196 -0.00158228 0
0 4266 phononL 0.004 0.390803 -0.26169 -0.017668 0
0 4267 phononL 0.004 0.146229 0.564215 0.0348377 0
0 4268 phononL 0.004 -1.22227 -0.246736 0.0244447 0
0 4269 phononL 0.004 0.715472 -1.13576 0.0267304 0
0 4270 phononL 0.004 -0.601891 0.679871 0.0240459 0
0 4271 phononL 0.004 -0.93723 -0.203466 0.0197171 0
0 4272 phononL 0.004 1.05931 0.118094 -0.00760596 0
0 4273 phononL 0.004 -0.736649 1.40057 -0.0333879 0
0 4274 phononL 0.004 -0.42569 -0.256751 -0.0208545 0
0 4275 phononL 0.004 0.527505 -0.117379 0.0300274 0
0 4276 phononL 0.004 0.24364 0.308319 -0.0247688 0
0 4277 phononL 0.004 1.4537 -1.21955 0.0360173 0
0 4278 phononL 0.004 -0.547956 -1.00563 0.035011 0
0 4279 phononL 0.004 -1.38182 -0.702213 -0.0110419 0
0 4280 phononL 0.004 -0.772678 -1.49635 0.0194151 0
0 4281 phononL 0.004 1.25953 0.760587 -0.000327089 0
0 4282 phononL 0.004 0.662966 0.40583 -0.0265213 0
0 4283 phononL 0.004 -0.15453 0.695874 0.0164771 0
0 4284 phononL 0.004 0.748967 1.02584 0.013984 0
0 4285 phononL 0.004 -0.611355 -0.968528 -0.00201204 0
0 4286 phononL 0.004 -0.531702 -0.967113 -0.0305304 0
0 4287 phononL 0.004 0.212498 1.35835 -0.0143372 0
0 4288 phononL 0.004 0.0682853 -0.643395 0.0349567 0
0 4289 phononL 0.004 -0.67481 -0.681296 -0.00226946 0
0 4290 phononL 0.004 -0.387938 0.41098 0.000153656 0
0 4291 phononL 0.004 1.30539 0.639303 0.0337438 0
0 4292 phononL 0.004 -0.406651 -0.534505 -0.0283028 0
0 4293 phononL 0.004 -1.43977 1.01848 -0.0279567 0
0 4294 phononL 0.004 -1.07572 -0.369017 0.0115273 0
0 4295 phononL 0.004 -0.315823 0.281676 5.34723e-05 0
0 4296 phononL 0.004 -0.389789 -1.43826 -0.0178411 0
0 4297 phononL 0.004 -1.41159 1.22238 -0.015199 0
0 4298 phononL 0.004 -0.134918 -0.276461 0.0268711 0
0 4299 phononL 0.004 -0.11563 -1.36129 -0.0354538 0
0 4300 phononL 0.004 -0.76427 -0.291995 0.0272237 0
0 4301 phononL 0.004 -1.08684 0.90031 0.0217181 0
0 4302 phononL 0.004 0.778853 0.362814 0.0252852 0
0 4303 phononL 0.004 0.849797 -0.118792 0.0208709 0
0 4304 phononL 0.004 0.599384 -0.195527 0.0304265 0
0 4305 phononL 0.004 1.17104 1.41577 0.0255743 0
0 4306 phononL 0.004 -0.848196 0.27563 0.0258851 0
0 4307 phononL 0.004 -0.0120882 -1.17199 0.000836164 0
0 4308 phononL 0.004 -0.952773 -0.408803 0.0278291 0
0 4309 phononL 0.004 -0.65142 1.16511 -0.0146413 0
0 4310 phononL 0.004 0.410999 -0.0942504 0.0309186 0
0 4311 phononL 0.004 -0.114889 0.842818 -0.0121046 0
0 4312 phononL 0.004 1.39065 0.509008 0.0209859 0
0 4313 phononL 0.004 -1.45044 -0.303171 0.00916771 0
0 4314 phononL 0.004 1.50423 -1.35941 0.0112428 0
0 4315 phononL 0.004 -0.436174 0.792378 -0.0116622 0
0 4316 phononL 0.004 0.556574 1.11289 -0.0238457 0
0 4317 phononL 0.004 0.358287 -0.595657 0.0325857 0
0 4318 phononL 0.004 -1.21432 1.14224 0.0361422 0
0 4319 phononL 0.004 0.83546 -0.018011 -0.0041577 0
0 4320 phononL 0.004 0.459111 0.687101 -0.0073494 0
0 4321 phononL 0.004 0.270153 -0.232909 0.00769653 0
0 4322 phononL 0.004 -0.681624 -1.37681 -0.0305202 0
0 4323 phononL 0.004 -0.238897 -0.729906 -0.0161559 0
0 4324 phononL 0.004 0.591436 0.597466 -0.0379389 0
0 4325 phononL 0.004 0.833756 0.569621 -0.0308491 0
0 4326 phononL 0.004 1.33307 0.216626 0.0123131 0
0 4327 phononL 0.004 0.177664 1.11318 -0.0388238 0
0 4328 phononL 0.004 -0.515593 -0.595196 -0.0378312 0
0 4329 phononL 0.004 -0.217129 0.483268 -0.0135836 0
0 4330 phononL 0.004 -0.445804 0.680401 0.0262603 0
0 4331 phononL 0.004 -0.107436 -1.29306 -0.0365885 0
0 4332 phononL 0.004 0.429614 -0.289602 -0.0177815 0
0 4333 phononL 0.004 -0.91224 0.434894 -0.00327358 0
0 4334 phononL 0.004 0.275889 1.5001 0.0178545 0
0 4335 phononL 0.004 1.42196 -0.269896 0.0249014 0
0 4336 phononL 0.004 0.238252 -0.847317 -0.0112906 0
0 4337 phononL 0.004 0.300552 0.987207 -0.0398556 0
0 4338 phononL 0.004 0.805967 0.375041 -0.0201533 0
0 4339 phononL 0.004 -0.315468 -1.46962 0.0299805 0
0 4340 phononL 0.004 1.02757 0.534666 -0.00822611 0
0 4341 phononL 0.004 0.660169 -0.538868 0.00399017 0
0 4342 phononL 0.004 1.28683 -0.276391 0.0144743 0
0 4343 phononL 0.004 0.617063 1.0174 0.0110552 0
0 4344 phononL 0.004 0.159852 -1.02624 0.0171821 0
0 4345 phononL 0.004 0.00546721 0.980849 -0.0329788 0
0 4346 phononL 0.004 0.195952 -1.36041 0.0214886 0
0 4347 phononL 0.004 0.435735 -0.507323 0.0232832 0
0 4348 phononL 0.004 -0.539121 0.774906 -0.0147216 0
0 4349 phononL 0.004 0.666279 0.574697 0.0373146 0
0 4350 phononL 0.004 -1.1228 -0.354478 -0.0248685 0
0 4351 phononL 0.004 0.944784 -0.494811 -0.0113589 0
0 4352 phononL 0.004 0.304416 -0.633914 -0.0294105 0
0 4353 phononL 0.004 -1.03549 -0.210868 -0.0240611 0
0 4354 phononL 0.004 0.0821134 -0.537893 -0.0113465 0
0 4355 phononL 0.004 0.448232 0.826539 -0.00419982 0
0 4356 phononL 0.004 -1.12436 0.862458 -0.027339 0
0 4357 phononL 0.004 -0.982215 -0.261357 -0.0314801 0
0 4358 phononL 0.004 0.724686 -0.886621 -0.0274024 0
0 4359 phononL 0.004 0.741432 0.427256 0.0125135 0
0 4360 phononL 0.004 -0.746889 0.304564 0.0279937 0
0 4361 phononL 0.004 -1.25794 0.302709 0.038469 0
0 4362 phononL 0.004 -0.0281806 1.05853 -0.0183042 0
0 4363 phononL 0.004 0.424903 1.00126 0.0158003 0
0 4364 phononL 0.004 -1.12385 -0.366706 -0.0246943 0
0 4365 phononL 0.004 1.14138 0.0593883 -0.0253283 0
0 4366 phononL 0.004 -1.08118 -0.0945558 -0.00403809 0
0 4367 phononL 0.004 1.13376 -1.22285 -0.00389814 0
0 4368 phononL 0.004 -1.32872 -1.16718 -0.0104051 0
0 4369 phononL 0.004 -0.60075 -0.148296 -0.0394181 0
0 4370 phononL 0.004 -0.597161 1.38751 -0.0304663 0
0 4371 phononL 0.004 -0.48913 -0.00363059 0.0377269 0
0 4372 phononL 0.004 0.595468 1.01558 -0.0267912 0
0 4373 phononL 0.004 -0.0866375 0.338229 0.0231064 0
0 4374 phononL 0.004 1.39411 1.03011 -0.00637987 0
0 4375 phononL 0.004 0.0896811 -0.997618 -0.0317371 0
0 4376 phononL 0.004 1.17463 -0.454829 0.0249837 0
0 4377 phononL 0.004 1.06539 0.32622 -0.0281275 0
0 4378 phononL 0.004 -0.43372 -0.698025 -0.012562 0
0 4379 phononL 0.004 -0.806407 1.34563 0.0158207 0
0 4380 phononL 0.004 1.08615 -1.14987 -0.00855425 0
0 4381 phononL 0.004 0.896625 -0.0511348 -0.0273653 0
0 4382 phononL 0.004 -1.42593 -1.28168 -0.0226717 0
0 4383 phononL 0.004 1.33207 0.213372 -0.0319456 0
0 4384 phononL 0.004 0.57566 1.30337 -0.0226115 0
0 4385 phononL 0.004 0.668619 -1.02453 0.000956766 0
0 4386 phononL 0.004 0.285446 0.80832 -0.0323871 0
0 4387 phononL 0.004 0.0365063 0.15387 0.0349419 0
0 4388 phononL 0.004 0.241927 -0.888006 -0.0286074 0
0 4389 phononL 0.004 -1.29041 -0.0130869 0.0310751 0
0 4390 phononL 0.004 -0.00975277 0.83431 0.0257284 0
0 4391 phononL 0.004 -1.08805 0.18044 -0.0296723 0
0 4392 phononL 0.004 0.999942 1.07386 0.0222108 0
0 4393 phononL 0.004 0.546917 -0.425882 -0.0380944 0
0 4394 phononL 0.004 1.22157 -0.826109 -0.00303651 0
0 4395 phononL 0.004 1.35618 0.972653 0.0246209 0
0 4396 phononL 0.004 0.0561054 0.128951 0.0123187 0
0 4397 phononL 0.004 1.10327 1.05855 0.0185385 0
0 4398 phononL 0.004 -0.328172 -0.480683 0.0346411 0
0 4399 phononL 0.004 -1.0271 0.241705 -0.013792 0
0 4400 phononL 0.004 -0.319504 -1.25151 -0.0247026 0
0 4401 phononL 0.004 -0.139844 0.488041 0.0262221 0
0 4402 phononL 0.004 -1.02903 1.01778 0.00340188 0
0 4403 phononL 0.004 -0.986078 0.472931 -0.0288784 0
0 4404 phononL 0.004 -0.838129 0.224194 0.0154238 0
0 4405 phononL 0.004 0.567634 0.0306416 -0.0184971 0
0 4406 phononL 0.004 0.160193 1.35508 -0.00673001 0
0 4407 phononL 0.004 -0.340056 -0.830347 0.0186358 0
0 4408 phononL 0.004 -1.23256 -0.878928 -0.00121175 0
0 4409 phononL 0.004 -0.25896 -0.728521 -0.0375767 0
0 4410 phononL 0.004 0.659131 -0.599539 0.00967434 0
0 4411 phononL 0.004 -0.83373 0.184068 0.0126376 0
0 4412 phononL 0.004 -1.07488 1.27378 0.0274248 0
0 4413 phononL 0.004 1.42198 -0.708963 -0.0151602 0
0 4414 phononL 0.004 -1.31077 1.31556 0.0382328 0
0 4415 phononL 0.004 0.597458 -0.689298 -0.0266995 0
0 4416 phononL 0.004 -0.577604 0.752869 -0.0247649 0
0 4417 phononL 0.004 1.34473 0.957977 0.00633428 0
0 4418 phononL 0.004 -1.45862 -0.400692 -0.00580927 0
0 4419 phononL 0.004 1.07706 1.50235 0.00827795 0
0 4420 phononL 0.004 -0.844195 1.18102 -0.0093679 0
0 4421 phononL 0.004 -0.49113 -0.382304 0.00178065 0
0 4422 phononL 0.004 -0.684625 0.838999 0.00214505 0
0 4423 phononL 0.004 -0.455937 -0.878535 0.0308295 0
0 4424 phononL 0.004 -0.629864 -1.05741 -0.0280532 0
0 4425 phononL 0.004 -0.917749 0.203516 0.0150066 0
0 4426 phononL 0.004 -0.179608 1.40865 -0.0286366 0
0 4427 phononL 0.004 0.104832 0.623815 -0.0304268 0
0 4428 phononL 0.004 -0.0330126 1.15972 0.0366011 0
0 4429 phononL 0.004 0.631705 0.635312 -0.0191897 0
0 4430 phononL 0.004 1.13184 0.622217 0.0367951 0
0 4431 phononL 0.004 1.15193 -0.815078 0.0144984 0
0 4432 phononL 0.004 0.509997 1.13269 0.0246244 0
0 4433 phononL 0.004 -0.232078 -0.536429 0.0363392 0
0 4434 phononL 0.004 -0.939743 -0.861855 0.0152971 0
0 4435 phononL 0.004 1.46535 0.977466 0.0384048 0
0 4436 phononL 0.004 -0.305378 0.188075 0.0376291 0
0 4437 phononL 0.004 -1.26846 -0.111337 0.0318316 0
0 4438 phononL 0.004 -0.33782 -0.450034 -0.00837789 0
0 4439 phononL 0.004 -0.399754 -0.336033 -0.00907803 0
0 4440 phononL 0.004 0.353905 -1.27346 -0.00314418 0
0 4441 phononL 0.004 0.467532 -0.268696 0.00620743 0
0 4442 phononL 0.004 -1.31454 -0.717935 -0.0373501 0
0 4443 phononL 0.004 -0.294711 -0.995778 0.0141135 0
0 4444 phononL 0.004 -1.12228 -1.26049 0.00932255 0
0 4445 phononL 0.004 -0.917115 -1.15578 -0.0273392 0
0 4446 phononL 0.004 -0.919783 1.30913 -0.0374537 0
0 4447 phononL 0.004 0.777882 -0.27948 -0.019118 0
0 4448 phononL 0.004 0.40258 0.973018 -0.00995932 0
0 4449 phononL 0.004 0.729027 -0.572229 -0.00930052 0
0 4450 phononL 0.004 0.112466 -0.536834 -0.0194468 0
0 4451 phononL 0.004 -0.967514 -0.014145 -0.0283309 0
0 4452 phononL 0.004 -1.28399 0.199897 -0.00774825 0
0 4453 phononL 0.004 -0.687864 0.0824057 -0.00993299 0
0 4454 phononL 0.004 -0.75377 0.892662 -0.0379519 0
0 4455 phononL 0.004 0.679992 0.408728 0.0146528 0
0 4456 phononL 0.004 1.28093 0.063533 -0.00358598 0
0 4457 phononL 0.004 -0.57854 0.906869 0.0214556 0
0 4458 phononL 0.004 -0.346947 0.744343 -0.0166795 0
0 4459 phononL 0.004 1.42236 1.0394 0.0316825 0
0 4460 phononL 0.004 1.34742 -1.15075 0.0115514 0
0 4461 phononL 0.004 -1.30188 0.83382 -0.00685201 0
0 4462 phononL 0.004 -0.988251 0.128544 -0.00489014 0
0 4463 phononL 0.004 0.797812 -0.263624 0.0239359 0
0 4464 phononL 0.004 0.45153 -1.30372 -0.0221541 0
0 4465 phononL 0.004 0.135507 -1.40674 -0.0388321 0
0 4466 phononL 0.004 -1.01741 -0.217211 -0.0113294 0
0 4467 phononL 0.004 1.22675 0.946572 -0.0313536 0
0 4468 phononL 0.004 1.34683 0.435376 0.00733719 0
0 4469 phononL 0.004 1.35394 -0.900174 0.0272008 0
0 4470 phononL 0.004 1.31889 -0.683696 -0.000777176 0
0 4471 phononL 0.004 1.23116 -1.1471 -0.0125988 0
0 4472 phononL 0.004 0.701966 -0.336888 -0.0314198 0
0 4473 phononL 0.004 1.46054 -0.578537 -0.00730787 0
0 4474 phononL 0.004 -0.371024 -0.483816 -0.0206132 0
0 4475 phononL 0.004 0.815378 -1.50187 0.0277651 0
0 4476 phononL 0.004 0.735573 -0.0409509 -0.0176224 0
0 4477 phononL 0.004 0.834408 1.1655 0.0348156 0
0 4478 phononL 0.004 -0.243088 0.16845 0.0333991 0
0 4479 phononL 0.004 -0.902155 1.02562 -0.0332468 0
0 4480 phononL 0.004 0.529353 0.125433 0.000154921 0
0 4481 phononL 0.004 -1.19918 -1.44355 0.0346954 0
0 4482 phononL 0.004 -1.47924 0.577914 0.0175934 0
0 4483 phononL 0.004 0.0294768 0.845375 0.0143284 0
0 4484 phononL 0.004 1.22509 0.367791 0.0219134 0
0 4485 phononL 0.004 -0.333218 0.708348 0.0115647 0
0 4486 phononL 0.004 -0.710767 0.161908 -0.0157836 0
0 4487 phononL 0.004 -0.857951 0.77744 0.00188271 0
0 4488 phononL 0.004 -0.378261 -0.0493943 -0.0145874 0
0 4489 phononL 0.004 1.22555 0.777114 0.00700362 0
0 4490 phononL 0.004 1.14417 0.0579172 0.0132274 0
0 4491 phononL 0.004 -0.505481 -0.325737 0.0216616 0
0 4492 phononL 0.004 -0.0302456 -0.971015 -0.0274137 0
0 4493 phononL 0.004 1.18401 -0.665163 0.0282247 0
0 4494 phononL 0.004 -0.346213 -0.870486 -0.020758 0
0 4495 phononL 0.004 -0.0800751 0.407007 0.0210564 0
0 4496 phononL 0.004 -0.906311 -0.741651 -0.0193442 0
0 4497 phononL 0.004 -0.482339 -0.373804 -0.0135986 0
0 4498 phononL 0.004 0.727297 1.02577 -0.0342231 0
0 4499 phononL 0.004 0.366374 -0.321052 0.0193363 0
0 4500 phononL 0.004 0.760956 -0.27703 0.0165665 0
0 4501 phononL 0.004 -0.18621 0.31028 -0.0152301 0
0 4502 phononL 0.004 -0.342803 -0.814179 0.0312038 0
0 4503 phononL 0.004 0.566309 1.18322 -0.0197714 0
0 4504 phononL 0.004 1.28014 0.915184 -0.0126365 0
0 4505 phononL 0.004 -0.467704 -0.772837 0.00810568 0
0 4506 phononL 0.004 0.719097 -1.12859 -0.0246317 0
0 4507 phononL 0.004 -1.23417 -1.02324 -0.0398085 0
0 4508 phononL 0.004 -0.854445 1.39356 0.0155808 0
0 4509 phononL 0.004 0.155937 0.969261 0.0186091 0
0 4510 phononL 0.004 -0.0881042 1.43445 0.0178057 0
0 4511 phononL 0.004 -1.09999 0.55779 -0.00352665 0
0 4512 phononL 0.004 -0.703832 0.286777 0.037523 0
0 4513 phononL 0.004 0.988783 -0.45702 0.00952305 0
0 4514 phononL 0.004 1.20203 0.788626 -0.0326958 0
0 4515 phononL 0.004 1.20476 0.0723735 0.0358695 0
0 4516 phononL 0.004 -1.27255 -0.337911 -0.0396273 0
0 4517 phononL 0.004 -0.795036 -0.276423 0.0290061 0
0 4518 phononL 0.004 0.977957 0.887014 0.0247121 0
0 4519 phononL 0.004 1.19649 -0.993583 -0.0226347 0
0 4520 phononL 0.004 0.914147 1.05882 -0.0196646 0
0 4521 phononL 0.004 -0.528976 -0.293691 -0.035996 0
0 4522 phononL 0.004 0.858159 1.0289 -0.0163193 0
0 4523 phononL 0.004 -0.428533 0.213156 -0.00265993 0
0 4524 phononL 0.004 -1.18444 0.553281 -0.0311333 0
0 4525 phononL 0.004 -0.819492 -0.0845574 -0.0143419 0
0 4526 phononL 0.004 1.0495 1.06138 0.0111359 0
0 4527 phononL 0.004 -1.47805 0.320975 -0.0326001 0
0 4528 phononL 0.004 1.35111 1.36266 0.00773076 0
0 4529 phononL 0.004 -1.477 -0.304937 0.00858795 0
0 4530 phononL 0.004 0.862119 1.03931 -0.0115606 0
0 4531 phononL 0.004 -0.15875 -0.625312 0.0236349 0
0 4532 phononL 0.004 -1.20178 1.43792 0.0242701 0
0 4533 phononL 0.004 0.5819 0.836978 0.00448403 0
0 4534 phononL 0.004 0.311849 -0.235167 -0.0150498 0
0 4535 phononL 0.004 -1.02398 -1.3791 -0.0350644 0
0 4536 phononL 0.004 1.46096 -1.0889 -0.0310855 0
0 4537 phononL 0.004 -0.146371 -0.665417 0.0327953 0
0 4538 phononL 0.004 -0.29668 1.14299 0.0119774 0
0 4539 phononL 0.004 -0.276439 1.31477 0.0094868 0
0 4540 phononL 0.004 1.01018 0.0768728 0.0292212 0
0 4541 phononL 0.004 -1.14526 1.22187 0.00405608 0
0 4542 phononL 0.004 1.29444 1.34858 -0.00216825 0
0 4543 phononL 0.004 -0.0075004 -0.242748 -0.0245569 0
0 4544 phononL 0.004 -0.10122 0.967475 -0.0168496 0
0 4545 phononL 0.004 -1.16614 -1.3324 0.0345501 0
0 4546 phononL 0.004 -0.266472 -0.314951 0.0392517 0
0 4547 phononL 0.004 -1.42872 1.46982 -0.00882799 0
0 4548 phononL 0.004 0.447722 -1.38356 -0.00658451 0
0 4549 phononL 0.004 -0.785007 1.35755 0.00712694 0
0 4550 phononL 0.004 -0.387753 0.424176 0.0116072 0
0 4551 phononL 0.004 0.0799838 1.27343 0.01504 0
0 4552 phononL 0.004 -0.904182 -0.798279 -0.0315734 0
0 4553 phononL 0.004 -0.597031 0.133297 -0.0331079 0
0 4554 phononL 0.004 0.567554 1.34967 0.000350773 0
0 4555 phononL 0.004 -1.49538 -0.35325 -0.00505788 0
0 4556 phononL 0.004 1.38258 0.888884 0.0367806 0
0 4557 phononL 0.004 -1.25476 1.02511 0.00976995 0
0 4558 phononL 0.004 -0.663907 -0.304281 -0.0358591 0
0 4559 phononL 0.004 -0.0685366 0.826494 -0.0310032 0
0 4560 phononL 0.004 -0.516022 -0.0336077 -0.0185898 0
0 4561 phononL 0.004 1.31637 1.22117 -0.0112494 0
0 4562 phononL 0.004 1.10764 0.908845 -0.0181833 0
0 4563 phononL 0.004 1.41968 -0.756482 -0.0284709 0
0 4564 phononL 0.004 -0.914931 -0.663514 0.00165151 0
0 4565 phononL 0.004 -1.44075 -0.359116 0.00915619 0
0 4566 phononL 0.004 1.27003 1.12358 -0.0142832 0
0 4567 phononL 0.004 0.292839 0.603706 -0.0320791 0
0 4568 phononL 0.004 1.32113 0.930623 -0.0243146 0
0 4569 phononL 0.004 0.182149 -1.01234 -0.0385614 0
0 4570 phononL 0.004 -0.897126 0.752313 -0.0132779 0
0 4571 phononL 0.004 -0.159915 -1.30035 -0.0392835 0
0 4572 phononL 0.004 -1.41168 0.0455418 -0.0207835 0
0 4573 phononL 0.004 0.081433 0.434429 -0.0319485 0
0 4574 phononL 0.004 0.0832423 1.18772 0.0356052 0
0 4575 phononL 0.004 -1.20738 0.924461 0.00497519 0
0 4576 phononL 0.004 1.27938 -1.15745 -0.0273436 0
0 4577 phononL 0.004 -0.654862 0.809343 0.0326376 0
0 4578 phononL 0.004 0.0168883 -1.0483 0.0180104 0
0 4579 phononL 0.004 0.296769 1.40377 0.0388213 0
0 4580 phononL 0.004 0.290285 1.10654 -0.0117512 0
0 4581 phononL 0.004 1.20895 0.822151 -0.00769661 0
0 4582 phononL 0.004 0.770417 1.40116 0.0110168 0
0 4583 phononL 0.004 1.15111 -0.70571 -0.00129968 0
0 4584 phononL 0.004 -0.294563 0.660139 0.0166325 0
0 4585 phononL 0.004 1.03325 0.825299 -0.0318249 0
0 4586 phononL 0.004 0.419177 -0.713618 0.0129912 0
0 4587 phononL 0.004 0.121581 -0.488077 0.0200938 0
0 4588 phononL 0.004 1.21316 -0.86109 0.0235545 0
0 4589 phononL 0.004 -0.32038 0.290971 0.0215042 0
0 4590 phononL 0.004 1.40175 -0.757372 0.0384738 0
0 4591 phononL 0.004 0.396563 0.867513 -0.0380466 0
0 4592 phononL 0.004 -1.03231 0.965641 0.00379642 0
0 4593 phononL 0.004 -0.783882 1.34621 0.00526341 0
0 4594 phononL 0.004 -0.411074 -1.38125 0.0380842 0
0 4595 phononL 0.004 1.43263 -0.993639 -0.0222859 0
0 4596 phononL 0.004 0.289071 -0.219382 -0.00781664 0
0 4597 phononL 0.004 -1.48992 -1.06962 -0.00538316 0
0 4598 phononL 0.004 0.57261 -0.675174 -0.0121571 0
0 4599 phononL 0.004 0.828626 0.502159 -0.0333742 0
0 4600 phononL 0.004 0.771537 1.45823 0.0161024 0
0 4601 phononL 0.004 -0.500209 -1.48885 -0.0324558 0
0 4602 phononL 0.004 0.0692103 0.515372 0.0214641 0
0 4603 phononL 0.004 1.3666 -0.724992 0.032707 0
0 4604 phononL 0.004 0.99905 0.334391 -0.0010437 0
0 4605 phononL 0.004 -1.27876 -0.925076 0.0125121 0
0 4606 phononL 0.004 1.24343 -0.366356 -0.0106426 0
0 4607 phononL 0.004 0.00874139 0.238398 -0.035408 0
0 4608 phononL 0.004 -0.0481307 -0.119733 0.0365726 0
0 4609 phononL 0.004 1.44828 -1.39188 0.0171304 0
0 4610 phononL 0.004 0.805626 1.39127 0.00210374 0
0 4611 phononL 0.004 -1.37302 -0.414764 -0.0375165 0
0 4612 phononL 0.004 0.463403 0.000410077 0.0275769 0
0 4613 phononL 0.004 -1.46858 -0.13191 -0.0155378 0
0 4614 phononL 0.004 -0.686409 0.731329 -0.0205625 0
0 4615 phononL 0.004 0.286782 0.679557 0.0147543 0
0 4616 phononL 0.004 0.00318245 1.24983 -0.0144038 0
0 4617 phononL 0.004 -0.995872 -0.697336 -0.0110689 0
0 4618 phononL 0.004 1.41778 1.01505 -0.00293848 0
0 4619 phononL 0.004 1.26001 -0.444711 0.0265766 0
0 4620 phononL 0.004 0.00500673 -0.124259 -0.0144153 0
0 4621 phononL 0.004 1.4518 -0.2744 0.00521902 0
0 4622 phononL 0.004 -1.11419 -0.822891 0.037789 0
0 4623 phononL 0.004 -1.39557 0.982252 -0.00519924 0
0 4624 phononL 0.004 0.651985 -0.946129 -0.0326316 0
0 4625 phononL 0.004 -0.0375314 0.845189 0.0166037 0
0 4626 phononL 0.004 0.159682 -0.370622 -0.00811647 0
0 4627 phononL 0.004 0.563701 0.421843 0.0272606 0
0 4628 phononL 0.004 -0.0110509 1.19667 0.0342095 0
0 4629 phononL 0.004 0.103136 -0.764152 -0.0200054 0
0 4630 phononL 0.004 -1.20823 -1.08512 0.0286218 0
0 4631 phononL 0.004 1.09115 -0.111052 0.0105631 0
0 4632 phononL 0.004 0.756061 -0.198584 0.0349727 0
0 4633 phononL 0.004 0.886716 1.04468 -0.0117878 0
0 4634 phononL 0.004 0.316338 -1.02955 -0.00188628 0
0 4635 phononL 0.004 -1.04281 -1.33605 0.0341563 0
0 4636 phononL 0.004 -0.21826 1.24371 0.0346595 0
0 4637 phononL 0.004 -1.20617 0.991219 -0.0387536 0
0 4638 phononL 0.004 -0.747369 0.303617 -0.0150923 0
0 4639 phononL 0.004 0.189397 -0.0946879 -0.0121263 0
0 4640 phononL 0.004 -0.606953 0.115641 0.019724 0
0 4641 phononL 0.004 -0.314689 1.24974 0.0202281 0
0 4642 phononL 0.004 0.43461 -0.961351 0.0280781 0
0 4643 phononL 0.004 -1.06575 -0.313596 -0.0137081 0
0 4644 phononL 0.004 -0.167948 -0.291049 -0.0142012 0
0 4645 phononL 0.004 0.166891 -1.40757 -0.0397557 0
0 4646 phononL 0.004 -0.434523 -1.48406 0.00923609 0
0 4647 phononL 0.004 -0.621917 0.142704 0.0308136 0
0 4648 phononL 0.004 1.0516 -1.36709 0.0149249 0
0 4649 phononL 0.004 -0.915288 -0.810961 -0.0396582 0
0 4650 phononL 0.004 -1.10956 0.971345 -0.018443 0
0 4651 phononL 0.004 -0.826467 -0.774728 0.0241823 0
0 4652 phononL 0.004 1.27346 -1.22656 0.0150914 0
0 4653 phononL 0.004 -1.047 -0.313685 0.0083871 0
0 4654 phononL 0.004 -0.85977 1.13105 -0.0248547 0
0 4655 phononL 0.004 0.724139 1.0365 0.0150296 0
0 4656 phononL 0.004 -0.243945 -1.50613 -0.0233697 0
0 4657 phononL 0.004 -0.728735 0.953533 0.0290919 0
0 4658 phononL 0.004 -0.221322 1.48643 0.0187452 0
0 4659 phononL 0.004 0.804688 -0.366275 -0.0011831 0
0 4660 phononL 0.004 0.256504 -0.868238 -0.0299467 0
0 4661 phononL 0.004 0.456337 -0.319682 -0.0129162 0
0 4662 phononL 0.004 1.36594 -1.16895 0.0302594 0
0 4663 phononL 0.004 1.35209 0.829047 0.0127772 0
0 4664 phononL 0.004 0.879891 -0.82835 0.00203242 0
0 4665 phononL 0.004 -0.829446 0.940338 -0.01674 0
0 4666 phononL 0.004 0.735597 0.548997 -0.0193177 0
0 4667 phononL 0.004 -0.755104 -0.417334 -0.0203952 0
0 4668 phononL 0.004 -0.0650798 0.512651 0.0358672 0
0 4669 phononL 0.004 0.756478 -0.712169 -0.0210928 0
0 4670 phononL 0.004 0.56794 0.950985 0.0147533 0
0 4671 phononL 0.004 1.28848 1.04573 0.0288068 0
0 4672 phononL 0.004 0.362178 1.22879 -0.0133808 0
0 4673 phononL 0.004 -0.439375 -0.591513 0.0345148 0
0 4674 phononL 0.004 0.224605 0.446453 0.0383688 0
0 4675 phononL 0.004 1.19394 -0.34186 -0.0236027 0
0 4676 phononL 0.004 1.09378 0.327959 0.0326708 0
0 4677 phononL 0.004 -0.33516 0.863188 -0.0183694 0
0 4678 phononL 0.004 -0.794979 -1.04664 0.0398626 0
0 4679 phononL 0.004 1.03736 0.475566 -0.00672445 0
0 4680 phononL 0.004 -0.838482 -0.058739 -0.0297035 0
0 4681 phononL 0.004 1.19773 -0.232676 -0.00221198 0
0 4682 phononL 0.004 1.11041 1.2557 -0.031843 0
0 4683 phononL 0.004 -0.304545 1.13507 0.0131828 0
0 4684 phononL 0.004 -1.06188 1.31594 -0.037722 0
0 4685 phononL 0.004 -0.989715 -0.795166 -0.0246408 0
0 4686 phononL 0.004 -0.458513 -1.4248 0.0248274 0
0 4687 phononL 0.004 -0.755808 1.09407 -0.0150339 0
0 4688 phononL 0.004 -1.13638 -0.884564 -0.0357884 0
0 4689 phononL 0.004 0.895172 1.42436 0.0272767 0
0 4690 phononL 0.004 -0.449081 -1.22943 0.0120623 0
0 4691 phononL 0.004 1.18023 0.651271 0.018925 0
0 4692 phononL 0.004 -1.17832 0.0294122 0.0319227 0
0 4693 phononL 0.004 0.526897 0.945032 0.0368413 0
0 4694 phononL 0.004 -1.19293 0.54581 -0.018047 0
0 4695 phononL 0.004 -0.882843 -1.03509 -0.00115987 0
0 4696 phononL 0.004 0.563346 0.0479054 -0.0155691 0
0 4697 phononL 0.004 0.953964 0.257044 -0.00274078 0
0 4698 phononL 0.004 0.386403 -1.46991 0.0378106 0
0 4699 phononL 0.004 -0.445459 0.704142 -0.025983 0
0 4700 phononL 0.004 1.34013 -1.00541 0.0308489 0
0 4701 phononL 0.004 0.887381 0.948728 0.00838984 0
0 4702 phononL 0.004 -1.39167 -0.0376597 -0.00977947 0
0 4703 phononL 0.004 0.925359 0.317821 0.0242994 0
0 4704 phononL 0.004 -1.43585 1.20843 -0.0254614 0
0 4705 phononL 0.004 0.225943 0.360025 -0.0297432 0
0 4706 phononL 0.004 0.714753 -0.63036 0.0262438 0
0 4707 phononL 0.004 -0.661055 1.26437 0.0287785 0
0 4708 phononL 0.004 -0.954835 -1.22281 0.000134082 0
0 4709 phononL 0.004 0.300571 1.26026 -0.0139147 0
0 4710 phononL 0.004 0.286904 0.905195 -0.00813204 0
0 4711 phononL 0.004 -0.654887 -1.12541 0.0179907 0
0 4712 phononL 0.004 -1.00614 -0.871944 -0.0211883 0
0 4713 phononL 0.004 -1.01642 -0.401601 0.0124943 0
0 4714 phononL 0.004 1.48746 0.57696 0.000264013 0
0 4715 phononL 0.004 0.302965 1.019 0.00964551 0
0 4716 phononL 0.004 1.16234 0.296546 0.00265839 0
0 4717 phononL 0.004 0.0438888 -0.604757 -0.0379937 0
0 4718 phononL 0.004 0.903894 1.17249 -0.0180736 0
0 4719 phononL 0.004 -0.607328 0.680134 -0.000213972 0
0 4720 phononL 0.004 0.918298 -0.981136 0.0327918 0
0 4721 phononL 0.004 -0.519821 -1.20353 0.0243864 0
0 4722 phononL 0.004 -1.07619 -1.12172 0.0122938 0
0 4723 phononL 0.004 1.28693 1.06346 -0.0221577 0
0 4724 phononL 0.004 -1.26481 -0.700501 -0.015102 0
0 4725 phononL 0.004 -0.00975298 0.638711 0.0389413 0
0 4726 phononL 0.004 -0.313138 -0.264681 -0.0252643 0
0 4727 phononL 0.004 0.397882 0.805157 0.0122215 0
0 4728 phononL 0.004 -0.509445 1.25719 -0.0259126 0
0 4729 phononL 0.004 0.661673 0.455899 0.0288552 0
0 4730 phononL 0.004 0.595522 -0.246038 0.0201107 0
0 4731 phononL 0.004 -0.847367 1.34104 0.0359012 0
0 4732 phononL 0.004 -1.43149 1.48019 0.0353025 0
0 4733 phononL 0.004 0.675852 -0.636363 0.0390069 0
0 4734 phononL 0.004 1.46914 -1.23593 -0.0326632 0
0 4735 phononL 0.004 1.29039 1.1476 -0.0264485 0
0 4736 phononL 0.004 0.342955 -1.09503 -0.0384754 0
0 4737 phononL 0.004 0.548729 -1.40508 0.0175668 0
0 4738 phononL 0.004 0.258812 0.202522 0.0174614 0
0 4739 phononL 0.004 -1.34229 -0.348185 -0.0232227 0
0 4740 phononL 0.004 -0.79531 0.539005 -0.00172716 0
0 4741 phononL 0.004 0.693525 1.26884 0.0134646 0
0 4742 phononL 0.004 0.688133 -0.893911 0.00429298 0
0 4743 phononL 0.004 1.13841 1.12658 -0.00466761 0
0 4744 phononL 0.004 -0.644849 0.402105 -0.0215886 0
0 4745 phononL 0.004 0.448121 0.134133 -0.0221444 0
0 4746 phononL 0.004 1.38477 0.872969 -0.0203256 0
0 4747 phononL 0.004 -0.146742 -1.24483 -0.00799405 0
0 4748 phononL 0.004 0.79968 -1.27529 0.0297342 0
0 4749 phononL 0.004 -0.135159 -1.3245 0.0397423 0
0 4750 phononL 0.004 -0.083835 0.567342 0.0198582 0
0 4751 phononL 0.004 -0.234553 0.122494 0.0230889 0
0 4752 phononL 0.004 -0.581288 0.501464 0.0109454 0
0 4753 phononL 0.004 0.787521 -0.108018 -0.0178634 0
0 4754 phononL 0.004 -1.5068 -1.33782 0.00620307 0
0 4755 phononL 0.004 -1.37426 -1.2439 -0.0244142 0
0 4756 phononL 0.004 -0.66816 -0.929851 0.0116241 0
0 4757 phononL 0.004 0.431765 1.24215 0.00603881 0
0 4758 phononL 0.004 -0.18071 -0.0896293 0.0180756 0
0 4759 phononL 0.004 0.384194 0.571353 -0.0206953 0
0 4760 phononL 0.004 0.829815 -0.184316 -0.0378485 0
0 4761 phononL 0.004 -1.43452 0.450937 -0.0144012 0
0 4762 phononL 0.004 0.549846 -0.910302 0.0128972 0
0 4763 phononL 0.004 -0.58865 0.493011 0.0231232 0
0 4764 phononL 0.004 1.10708 1.26723 0.0319475 0
0 4765 phononL 0.004 0.421618 0.903085 0.000326244 0
0 4766 phononL 0.004 -1.21201 0.247166 0.0180321 0
0 4767 phononL 0.004 -1.3392 1.25697 -0.00593352 0
0 4768 phononL 0.004 -0.592091 -1.41118 -0.0115153 0
0 4769 phononL 0.004 1.50696 -0.13554 -0.0149461 0
0 4770 phononL 0.004 1.30502 -1.0904 -0.0168202 0
0 4771 phononL 0.004 0.088732 0.920011 0.0331798 0
0 4772 phononL 0.004 1.43317 0.152231 0.0095654 0
0 4773 phononL 0.004 1.34487 0.103283 0.0381835 0
0 4774 phononL 0.004 0.377117 1.45427 0.0313893 0
0 4775 phononL 0.004 1.28215 -0.884689 0.0164889 0
0 4776 phononL 0.004 -1.11027 0.472402 -0.0385075 0
0 4777 phononL 0.004 0.828454 -0.828293 -0.0272559 0
0 4778 phononL 0.004 -0.486932 0.731326 0.0274186 0
0 4779 phononL 0.004 0.832223 -0.791659 -0.0241929 0
0 4780 phononL 0.004 -0.461148 0.729179 0.0169259 0
0 4781 phononL 0.004 1.14477 -1.43033 -0.00367298 0
0 4782 phononL 0.004 0.876087 0.460186 0.0145773 0
0 4783 phononL 0.004 -0.730687 -1.42293 0.00328361 0
0 4784 phononL 0.004 1.42268 -1.41391 -0.0301253 0
0 4785 phononL 0.004 -1.16361 -1.30915 -0.0131126 0
0 4786 phononL 0.004 -0.727444 0.957067 -0.0162484 0
0 4787 phononL 0.004 -0.973762 -0.586432 0.0339047 0
0 4788 phononL 0.004 -0.876453 -0.801357 -0.000722004 0
0 4789 phononL 0.004 -1.27714 -0.0398121 0.0280285 0
0 4790 phononL 0.004 1.04854 -0.13977 -0.020111 0
0 4791 phononL 0.004 0.879677 -1.08918 -0.00300466 0
0 4792 phononL 0.004 0.441958 -1.28849 -0.00495227 0
0 4793 phononL 0.004 -1.24355 0.0894428 0.00948713 0
0 4794 phononL 0.004 1.15989 1.20888 -0.000507954 0
0 4795 phononL 0.004 -0.548305 0.946664 0.0315668 0
0 4796 phononL 0.004 -1.32434 0.74301 -0.0322885 0
0 4797 phononL 0.004 1.48825 -0.359656 -0.0179116 0
0 4798 phononL 0.004 0.210291 -1.48186 -0.0233164 0
0 4799 phononL 0.004 0.704885 0.00291486 -0.0187864 0
0 4800 phononL 0.004 -0.347439 -1.39667 -0.00951184 0
0 4801 phononL 0.004 0.0700706 0.996122 -0.0347602 0
0 4802 phononL 0.004 0.342792 -0.231924 0.0179142 0
0 4803 phononL 0.004 0.593919 -0.0584715 0.00602016 0
0 4804 phononL 0.004 1.451 -0.778405 0.0387949 0
0 4805 phononL 0.004 -1.05548 0.353371 -0.00346965 0
0 4806 phononL 0.004 1.50197 -0.49395 0.0170664 0
0 4807 phononL 0.004 0.503181 1.41408 0.0225676 0
0 4808 phononL 0.004 -0.319344 -0.97453 0.027053 0
0 4809 phononL 0.004 0.00598143 -1.41047 0.0122611 0
0 4810 phononL 0.004 -1.04567 -1.35573 -0.00673048 0
0 4811 phononL 0.004 -0.19883 -0.218301 -0.00794569 0
0 4812 phononL 0.004 0.753931 0.0294166 -0.026854 0
0 4813 phononL 0.004 -0.210695 -0.616749 0.000627093 0
0 4814 phononL 0.004 1.38072 -0.212004 0.0357031 0
0 4815 phononL 0.004 -0.152107 0.031733 -0.0342525 0
0 4816 phononL 0.004 -0.869748 -0.819841 0.0340299 0
0 4817 phononL 0.004 -1.28853 0.0203102 0.0277411 0
0 4818 phononL 0.004 0.43283 1.26326 -0.0247393 0
0 4819 phononL 0.004 -0.339109 -0.646486 0.0343594 0
0 4820 phononL 0.004 0.401802 -0.592069 0.0376645 0
0 4821 phononL 0.004 1.35687 0.0404011 -0.037809 0
0 4822 phononL 0.004 0.782978 0.997289 -0.025565 0
0 4823 phononL 0.004 -0.854981 -0.991496 -0.0290399 0
0 4824 phononL 0.004 -0.601217 0.126464 0.0173802 0
0 4825 phononL 0.004 0.259451 -0.172846 0.0225118 0
0 4826 phononL 0.004 -0.549535 0.971453 -0.00339497 0
0 4827 phononL 0.004 1.33837 -1.39693 -0.00982063 0
0 4828 phononL 0.004 1.42661 -0.732113 -0.00761202 0
0 4829 phononL 0.004 1.43159 0.141937 -0.00676715 0
0 4830 phononL 0.004 0.24102 -0.0920889 0.0132836 0
0 4831 phononL 0.004 -1.01344 -0.84532 0.00362867 0
0 4832 phononL 0.004 0.651538 1.02826 0.020798 0
0 4833 phononL 0.004 -0.619056 -0.116471 0.0272235 0
0 4834 phononL 0.004 0.82225 -1.12959 0.0216038 0
0 4835 phononL 0.004 0.155917 -1.4287 0.0216015 0
0 4836 phononL 0.004 -0.0237446 -0.4421 0.0354132 0
0 4837 phononL 0.004 1.45668 -0.762606 0.0246032 0
0 4838 phononL 0.004 0.833725 0.926242 0.0370108 0
0 4839 phononL 0.004 1.05172 0.984525 -0.0344984 0
0 4840 phononL 0.004 -0.666233 0.890642 -0.0320528 0
0 4841 phononL 0.004 1.26823 0.853103 -0.0281833 0
0 4842 phononL 0.004 -0.822881 0.893687 -0.021959 0
0 4843 phononL 0.004 -1.3863 -0.136109 0.0367279 0
0 4844 phononL 0.004 0.178568 0.208385 -0.022345 0
0 4845 phononL 0.004 -0.408668 1.00713 -0.032127 0
0 4846 phononL 0.004 0.536581 -1.14761 0.0300312 0
0 4847 phononL 0.004 0.498248 0.209797 0.0360759 0
0 4848 phononL 0.004 -1.33809 -0.362812 -0.0231501 0
0 4849 phononL 0.004 0.511574 1.40124 -0.0193733 0
0 4850 phononL 0.004 0.357977 -1.35602 0.0194501 0
0 4851 phononL 0.004 -0.379152 -0.0530761 -0.0166767 0
0 4852 phononL 0.004 1.29825 1.33963 0.035461 0
0 4853 phononL 0.004 1.13843 0.190843 0.00379612 0
0 4854 phononL 0.004 1.15745 0.325319 -0.038784 0
0 4855 phononL 0.004 0.254846 0.68587 -0.0297879 0
0 4856 phononL 0.004 -0.211855 0.314609 0.0321679 0
0 4857 phononL 0.004 0.552996 -1.06207 0.021048 0
0 4858 phononL 0.004 1.21688 -0.915766 0.0288655 0
0 4859 phononL 0.004 -0.875408 -1.49801 -0.000784344 0
0 4860 phononL 0.004 -1.0997 -1.37493 0.0179091 0
0 4861 phononL 0.004 -1.44045 1.26972 -0.0125101 0
0 4862 phononL 0.004 0.303237 -0.633447 -0.0126259 0
0 4863 phononL 0.004 -0.0138895 1.30661 0.0139833 0
0 4864 phononL 0.004 0.704613 1.32006 -0.000836117 0
0 4865 phononL 0.004 -0.870881 -0.048204 0.0376356 0
0 4866 phononL 0.004 -1.28106 -0.625228 0.0380124 0
0 4867 phononL 0.004 -0.140289 -0.642754 -0.00495721 0
0 4868 phononL 0.004 1.19416 0.537401 -0.035935 0
0 4869 phononL 0.004 -0.119283 1.10642 -0.00933722 0
0 4870 phononL 0.004 -0.786051 0.456199 0.0335818 0
0 4871 phononL 0.004 -0.938119 -0.793308 -0.0171654 0
0 4872 phononL 0.004 0.584799 -0.194608 -0.0168415 0
0 4873 phononL 0.004 -0.836826 0.402186 0.0318681 0
0 4874 phononL 0.004 -0.119838 -1.175 0.0167025 0
0 4875 phononL 0.004 0.718213 -1.32539 -0.0331451 0
0 4876 phononL 0.004 0.642821 0.777497 -0.00688427 0
0 4877 phononL 0.004 -0.26903 -1.4775 0.0293175 0
0 4878 phononL 0.004 0.855548 -0.933822 -0.0091908 0
0 4879 phononL 0.004 0.141527 -1.22345 0.0292416 0
0 4880 phononL 0.004 -0.985483 0.542495 -0.0309929 0
0 4881 phononL 0.004 -0.170648 0.302517 -0.0302745 0
0 4882 phononL 0.004 -0.638904 -1.48185 0.0381552 0
0 4883 phononL 0.004 0.461139 -0.393995 -0.0084561 0
0 4884 phononL 0.004 0.723792 1.20837 0.00289979 0
0 4885 phononL 0.004 -1.17632 -1.27943 -0.0196967 0
0 4886 phononL 0.004 -0.0485276 0.0434392 0.0396851 0
0 4887 phononL 0.004 -0.646859 -0.466801 -0.0068635 0
0 4888 phononL 0.004 1.17765 -0.460049 -0.0277498 0
0 4889 phononL 0.004 1.29771 0.18789 0.0123076 0
0 4890 phononL 0.004 0.709842 0.431928 -0.0200012 0
0 4891 phononL 0.004 -0.315529 0.417043 0.00516474 0
0 4892 phononL 0.004 0.502853 0.783703 -0.0291371 0
0 4893 phononL 0.004 -0.805542 -0.942946 0.0187085 0
0 4894 phononL 0.004 -1.08867 -0.854454 -0.0227885 0
0 4895 phononL 0.004 -0.484896 0.787964 0.0216797 0
0 4896 phononL 0.004 1.23559 -0.103551 0.0330316 0
0 4897 phononL 0.004 -0.100774 0.709715 -0.00441855 0
0 4898 phononL 0.004 0.309882 0.603679 0.0332936 0
0 4899 phononL 0.004 0.216697 1.12601 -0.0235718 0
0 4900 phononL 0.004 0.870662 -0.63907 -0.0364945 0
0 4901 phononL 0.004 -0.913767 -1.07254 -0.0139404 0
0 4902 phononL 0.004 0.7885 0.899217 -0.0387773 0
0 4903 phononL 0.004 -1.38309 -1.06016 0.0108454 0
0 4904 phononL 0.004 1.49733 0.0853382 0.0130919 0
0 4905 phononL 0.004 0.449889 -0.0902372 2.32815e-05 0
0 4906 phononL 0.004 -0.0306524 -0.928408 0.0313441 0
0 4907 phononL 0.004 1.00738 -1.1017 0.0311666 0
0 4908 phononL 0.004 -0.307246 -1.39709 -0.0180766 0
0 4909 phononL 0.004 -0.9358 1.05217 0.0145051 0
0 4910 phononL 0.004 -1.4872 1.1905 -0.0110973 0
0 4911 phononL 0.004 0.021659 -1.38488 0.0320414 0
0 4912 phononL 0.004 -0.918073 -0.596469 0.0368248 0
0 4913 phononL 0.004 -1.37081 1.03024 0.000675272 0
0 4914 phononL 0.004 -0.0930824 -0.874892 -0.00458086 0
0 4915 phononL 0.004 -0.596877 0.667836 -0.0130178 0
0 4916 phononL 0.004 0.945292 -1.25444 0.0148584 0
0 4917 phononL 0.004 -0.777189 -0.461119 0.00752528 0
0 4918 phononL 0.004 -1.1897 0.112415 -0.0282609 0
0 4919 phononL 0.004 0.573174 0.371651 0.035915 0
0 4920 phononL 0.004 1.31353 -0.486707 -0.0342301 0
0 4921 phononL 0.004 0.407271 -0.0148485 -0.000164859 0
0 4922 phononL 0.004 0.255176 -0.660017 -0.0126852 0
0 4923 phononL 0.004 -0.200725 1.0948 0.020515 0
0 4924 phononL 0.004 0.241855 0.179581 -0.0341399 0
0 4925 phononL 0.004 -0.978947 0.462328 -0.0304848 0
0 4926 phononL 0.004 -0.531327 -0.646495 -0.0313496 0
0 4927 phononL 0.004 -0.116796 1.21022 0.0295416 0
0 4928 phononL 0.004 0.828585 -0.387094 0.0346359 0
0 4929 phononL 0.004 1.46779 -1.16593 -0.0019402 0
0 4930 phononL 0.004 -0.00460499 -0.209609 0.00697815 0
0 4931 phononL 0.004 -0.740496 0.969907 -0.018519 0
0 4932 phononL 0.004 0.315191 0.833853 0.0195142 0
0 4933 phononL 0.004 -0.347233 0.572127 -0.029337 0
0 4934 phononL 0.004 1.44534 1.35872 0.00702815 0
0 4935 phononL 0.004 1.32132 0.193295 -0.0331094 0
0 4936 phononL 0.004 0.442345 -0.768327 0.0193561 0
0 4937 phononL 0.004 0.03144 1.36252 -0.00657708 0
0 4938 phononL 0.004 -0.248226 0.174962 0.0189575 0
0 4939 phononL 0.004 0.446847 -1.47068 0.0113517 0
0 4940 phononL 0.004 -1.09832 1.46499 -0.000851463 0
0 4941 phononL 0.004 -0.162537 1.4198 -0.0190299 0
0 4942 phononL 0.004 1.47758 -0.518452 -0.0304497 0
0 4943 phononL 0.004 0.198359 -1.50069 -0.0255411 0
0 4944 phononL 0.004 0.783508 0.230613 0.030995 0
0 4945 phononL 0.004 1.16486 -0.746456 -0.0148963 0
0 4946 phononL 0.004 0.249583 -0.290192 -0.0353837 0
0 4947 phononL 0.004 0.0321334 0.0165018 0.00317787 0
0 4948 phononL 0.004 0.93177 1.44376 -0.0225346 0
0 4949 phononL 0.004 0.900579 0.0996941 -0.0355517 0
0 4950 phononL 0.004 0.0843219 -0.00784202 -0.0333235 0
0 4951 phononL 0.004 -0.925698 0.874282 0.0255247 0
0 4952 phononL 0.004 -0.96635 1.33859 -0.0127549 0
0 4953 phononL 0.004 0.0403688 -1.21318 -0.00886576 0
0 4954 phononL 0.004 -0.799264 -0.716111 0.0278314 0
0 4955 phononL 0.004 0.835239 0.986242 0.0372277 0
0 4956 phononL 0.004 -0.391722 1.1757 -0.0148967 0
0 4957 phononL 0.004 -0.168179 -1.13978 0.00652178 0
0 4958 phononL 0.004 1.10475 0.827537 0.0344419 0
0 4959 phononL 0.004 1.2494 0.355285 -0.012358 0
0 4960 phononL 0.004 -0.0691833 -0.798065 0.00710069 0
0 4961 phononL 0.004 0.0350988 0.895046 -0.0314777 0
0 4962 phononL 0.004 0.702996 -0.29744 0.0293307 0
0 4963 phononL 0.004 0.203145 -1.32985 0.00951776 0
0 4964 phononL 0.004 -0.929868 0.455416 0.0254037 0
0 4965 phononL 0.004 0.992012 -0.436542 -0.0305363 0
0 4966 phononL 0.004 0.626661 -0.501511 0.00201672 0
0 4967 phononL 0.004 -0.790235 -1.34373 -0.0234104 0
0 4968 phononL 0.004 -1.41629 0.0845659 0.00915107 0
0 4969 phononL 0.004 0.884785 -1.06442 0.0187721 0
0 4970 phononL 0.004 -0.722223 -0.705824 0.0215864 0
0 4971 phononL 0.004 -0.565603 -1.09514 -0.00494287 0
0 4972 phononL 0.004 -0.425226 0.750015 0.023566 0
0 4973 phononL 0.004 -0.0424718 0.176202 -0.0140302 0
0 4974 phononL 0.004 0.65633 -1.28644 -0.0322438 0
0 4975 phononL 0.004 -0.257386 -1.43801 0.0197293 0
0 4976 phononL 0.004 -0.1584 -1.30241 0.0221076 0
0 4977 phononL 0.004 -0.890765 0.575214 0.0320413 0
0 4978 phononL 0.004 -0.457783 0.157094 0.0171965 0
0 4979 phononL 0.004 0.166789 -0.499196 0.00870103 0
0 4980 phononL 0.004 0.925783 -0.901239 0.0239073 0
0 4981 phononL 0.004 -0.429344 0.867398 -0.0291881 0
0 4982 phononL 0.004 -0.0706755 -1.03416 0.0285128 0
0 4983 phononL 0.004 -1.17856 -0.474478 -0.0117677 0
0 4984 phononL 0.004 0.208485 -0.127735 -0.0301133 0
0 4985 phononL 0.004 0.870092 -0.110163 0.0229327 0
0 4986 phononL 0.004 -1.48242 0.800674 0.00695499 0
0 4987 phononL 0.004 0.815841 -0.616939 0.00839283 0
0 4988 phononL 0.004 0.0181932 1.37204 0.0285208 0
0 4989 phononL 0.004 1.20716 -1.41526 0.0152242 0
0 4990 phononL 0.004 -0.521853 0.133245 -0.00340021 0
0 4991 phononL 0.004 -0.942608 -1.19941 -0.0332448 0
0 4992 phononL 0.004 -0.360738 0.181011 0.0122967 0
0 4993 phononL 0.004 0.918811 0.968062 0.0220028 0
0 4994 phononL 0.004 -0.116185 1.1121 -0.0042868 0
0 4995 phononL 0.004 -0.260962 -1.43557 0.0326319 0
0 4996 phononL 0.004 0.308144 -1.37546 -0.0024706 0
0 4997 phononL 0.004 1.29334 0.944276 0.0170696 0
0 4998 phononL 0.004 -0.732769 -0.27496 0.0254913 0
0 4999 phononL 0.004 -0.218011 0.617139 -0.0158285 0
0 5000 phononL 0.004 -0.0680135 -1.39381 0.0259265 0
0 5001 phononL 0.004 -0.666467 0.0606121 0.0113805 0
0 5002 phononL 0.004 -1.02256 0.278743 -0.0103796 0
0 5003 phononL 0.004 -1.19618 0.678981 0.0205437 0
0 5004 phononL 0.004 -0.525753 0.0854397 -0.0357018 0
0 5005 phononL 0.004 0.281291 -0.516803 -0.00621562 0
0 5006 phononL 0.004 -0.760957 0.609294 -0.00246412 0
0 5007 phononL 0.004 0.239221 -0.169539 -0.0250745 0
0 5008 phononL 0.004 1.10522 -0.182406 0.0120642 0
0 5009 phononL 0.004 -0.284951 0.664732 -0.0285023 0
0 5010 phononL 0.004 0.107173 0.250612 0.0374261 0
0 5011 phononL 0.004 0.279349 1.36294 -0.0141795 0
0 5012 phononL 0.004 0.904055 1.4679 0.00524446 0
0 5013 phononL 0.004 0.961779 1.44564 -0.0208892 0
0 5014 phononL 0.004 -0.908747 1.22321 0.021437 0
0 5015 phononL 0.004 -0.89739 0.600259 0.010372 0
0 5016 phononL 0.004 0.56346 0.897767 -0.0171785 0
0 5017 phononL 0.004 1.1843 1.43815 -0.0168336 0
0 5018 phononL 0.004 1.36922 0.86177 -0.0252769 0
0 5019 phononL 0.004 0.117673 0.835394 -0.017478 0
0 5020 phononL 0.004 1.32929 1.13384 -0.0284535 0
0 5021 phononL 0.004 0.559615 0.0403277 0.0117596 0
0 5022 phononL 0.004 1.19584 -1.1934 0.00566625 0
0 5023 phononL 0.004 -0.920462 0.890838 0.0165155 0
0 5024 phononL 0.004 -1.30266 -0.0066053 -0.0284834 0
0 5025 phononL 0.004 0.492946 -1.43508 0.0254786 0
0 5026 phononL 0.004 1.23191 -0.121561 -0.0360726 0
0 5027 phononL 0.004 -1.33802 -0.149797 0.0245597 0
0 5028 phononL 0.004 0.53984 0.19072 0.0280791 0
0 5029 phononL 0.004 -0.66262 1.49091 0.0350644 0
0 5030 phononL 0.004 1.35439 1.03011 -0.0114751 0
0 5031 phononL 0.004 -0.599969 -0.856447 0.00326652 0
0 5032 phononL 0.004 0.884576 0.868409 -0.00492248 0
0 5033 phononL 0.004 -1.49623 0.248004 -0.00300191 0
0 5034 phononL 0.004 -1.37408 0.207172 -0.00133634 0
0 5035 phononL 0.004 0.739661 -0.84692 0.00113323 0
0 5036 phononL 0.004 -0.595732 -1.02328 0.0128899 0
0 5037 phononL 0.004 -0.115414 -0.505791 0.0176294 0
0 5038 phononL 0.004 -0.546022 -1.45443 -0.0215286 0
0 5039 phononL 0.004 -0.0969104 -1.4626 -0.0309739 0
0 5040 phononL 0.004 -0.359242 0.502528 -0.0313215 0
0 5041 phononL 0.004 0.0489163 -0.801608 -0.020194 0
0 5042 phononL 0.004 1.13594 -0.693732 -0.0252452 0
0 5043 phononL 0.004 -0.268894 0.862217 -0.014772 0
0 5044 phononL 0.004 -1.30787 0.720904 -0.00399496 0
0 5045 phononL 0.004 -1.20191 -1.2665 -0.0275069 0
0 5046 phononL 0.004 0.127761 0.181073 0.0271906 0
0 5047 phononL 0.004 -1.17169 1.31686 -0.0169801 0
0 5048 phononL 0.004 -1.21498 -0.962816 -0.0213814 0
0 5049 phononL 0.004 -0.478653 0.275344 0.0293223 0
0 5050 phononL 0.004 -0.807794 0.788637 -0.0379447 0
0 5051 phononL 0.004 -0.126971 1.02896 -0.0177013 0
0 5052 phononL 0.004 -0.637253 0.586924 0.0200538 0
0 5053 phononL 0.004 1.17967 -0.707396 -0.0127254 0
0 5054 phononL 0.004 -0.537564 -0.693465 -0.0220706 0
0 5055 phononL 0.004 0.788279 1.29718 -0.0377919 0
0 5056 phononL 0.004 1.19196 0.232542 -0.0381288 0
0 5057 phononL 0.004 0.0785696 0.535558 -0.0211893 0
0 5058 phononL 0.004 -0.11577 -0.625905 0.0375964 0
0 5059 phononL 0.004 -0.949266 1.39769 -0.0275833 0
0 5060 phononL 0.004 0.374323 0.973105 0.00597276 0
0 5061 phononL 0.004 0.504251 0.420207 -0.00637939 0
0 5062 phononL 0.004 0.649486 -1.31576 -0.0166218 0
0 5063 phononL 0.004 0.288291 -0.477332 -0.00444987 0
0 5064 phononL 0.004 -0.267813 0.759656 0.0200701 0
0 5065 phononL 0.004 0.563563 1.3262 -0.00163823 0
0 5066 phononL 0.004 0.492077 -0.308115 -0.0343833 0
0 5067 phononL 0.004 0.389396 0.709642 -0.0120442 0
0 5068 phononL 0.004 -0.546367 0.673792 0.0316457 0
0 5069 phononL 0.004 0.330973 -1.23852 -0.00896492 0
0 5070 phononL 0.004 0.553526 0.498997 0.0230279 0
0 5071 phononL 0.004 -1.40574 0.931262 -0.023071 0
0 5072 phononL 0.004 0.355213 -0.165266 0.0362934 0
0 5073 phononL 0.004 1.33791 -0.397543 -0.0199347 0
0 5074 phononL 0.004 -0.396898 -0.0421718 0.0217863 0
0 5075 phononL 0.004 -0.375772 -0.124229 -0.00629796 0
0 5076 phononL 0.004 1.50052 0.479657 -0.0358272 0
0 5077 phononL 0.004 0.149642 0.72567 -0.0148036 0
0 5078 phononL 0.004 -1.12595 -0.257372 0.024035 0
0 5079 phononL 0.004 -0.00258387 0.46855 -0.0112988 0
0 5080 phononL 0.004 -0.214938 -1.34458 -0.00175664 0
0 5081 phononL 0.004 1.40843 -1.07969 0.0148588 0
0 5082 phononL 0.004 0.959544 -0.5662 -0.0193989 0
0 5083 phononL 0.004 -1.13555 -0.313893 -0.0374855 0
0 5084 phononL 0.004 0.780978 0.609926 0.00784377 0
0 5085 phononL 0.004 1.45305 -0.47913 0.0376467 0
0 5086 phononL 0.004 1.45322 -0.126958 0.000595447 0
0 5087 phononL 0.004 1.32703 0.43305 -0.00325276 0
0 5088 phononL 0.004 0.855139 -1.14303 0.00525782 0
0 5089 phononL 0.004 1.31978 -0.504384 0.0101231 0
0 5090 phononL 0.004 -0.0159095 0.0109102 0.0029852 0
0 5091 phononL 0.004 -0.618588 -1.16391 -0.0255293 0
0 5092 phononL 0.004 -0.13004 0.19432 0.0057968 0
0 5093 phononL 0.004 1.05655 0.727503 0.0260237 0
0 5094 phononL 0.004 -0.905833 -1.3976 0.00639372 0
0 5095 phononL 0.004 -0.563517 -0.420177 -0.0347795 0
0 5096 phononL 0.004 1.14172 -0.314282 -0.0255866 0
0 5097 phononL 0.004 -1.10222 -1.15338 0.005338 0
0 5098 phononL 0.004 -0.981191 0.759914 0.0140688 0
0 5099 phononL 0.004 0.853803 0.255475 -0.033231 0
0 5100 phononL 0.004 -0.540409 1.25195 0.0116078 0
0 5101 phononL 0.004 -1.24319 1.21046 -0.003108 0
0 5102 phononL 0.004 0.540973 0.21171 -0.0118309 0
0 5103 phononL 0.004 -0.533564 1.4392 -0.00469613 0
0 5104 phononL 0.004 1.07677 1.48731 -0.0289774 0
0 5105 phononL 0.004 -0.373388 -0.446468 -0.0360144 0
0 5106 phononL 0.004 0.427112 0.378004 0.0251405 0
0 5107 phononL 0.004 -0.607673 -1.48029 0.013428 0
0 5108 phononL 0.004 0.0596583 -0.0255258 -0.0358789 0
0 5109 phononL 0.004 -0.344083 1.07293 -0.0235521 0
0 5110 phononL 0.004 -1.04167 -1.33531 -0.0220335 0
0 5111 phononL 0.004 0.789282 0.959452 -0.016711 0
0 5112 phononL 0.004 -1.13337 0.5708 -0.0191578 0
0 5113 phononL 0.004 0.897148 -1.01337 0.0110933 0
0 5114 phononL 0.004 0.127968 -1.04565 0.02798 0
0 5115 phononL 0.004 -1.09681 -1.47879 0.0102082 0
0 5116 phononL 0.004 -1.21534 -0.987433 0.0162065 0
0 5117 phononL 0.004 -1.25986 -0.189435 -0.0184686 0
0 5118 phononL 0.004 0.348991 -0.0519194 0.00234995 0
0 5119 phononL 0.004 0.01417 0.224896 -0.00783125 0
0 5120 phononL 0.004 0.193186 0.537835 -0.0335556 0
0 5121 phononL 0.004 -0.776035 0.518627 -0.0273703 0
0 5122 phononL 0.004 -1.3918 -0.314711 -0.024963 0
0 5123 phononL 0.004 0.441907 0.685972 0.00246877 0
0 5124 phononL 0.004 0.229074 -0.975002 -0.00179757 0
0 5125 phononL 0.004 -0.896778 0.516826 -0.0295529 0
0 5126 phononL 0.004 -0.176728 -1.49868 -0.0268194 0
0 5127 phononL 0.004 1.42508 -0.237982 0.0382779 0
0 5128 phononL 0.004 0.687431 -0.142864 -0.0252016 0
0 5129 phononL 0.004 1.27816 0.000817892 -0.00202675 0
0 5130 phononL 0.004 0.872429 -1.21083 -0.00649036 0
0 5131 phononL 0.004 -1.28152 -1.04384 0.0079488 0
0 5132 phononL 0.004 0.965727 0.545902 -0.0223865 0
0 5133 phononL 0.004 -0.282175 0.413774 -0.00375011 0
0 5134 phononL 0.004 0.0858069 -0.0820787 -0.00505502 0
0 5135 phononL 0.004 -1.16866 -0.698331 -0.0266483 0
0 5136 phononL 0.004 1.16967 0.40589 0.000759656 0
0 5137 phononL 0.004 -0.636913 1.39533 0.0378709 0
0 5138 phononL 0.004 0.261207 -0.452716 0.0181037 0
0 5139 phononL 0.004 1.48056 -0.927052 -0.0269395 0
0 5140 phononL 0.004 -1.43705 -0.265931 0.00794396 0
0 5141 phononL 0.004 1.16696 1.19182 0.0183134 0
0 5142 phononL 0.004 -0.0380588 -1.09918 -0.000459067 0
0 5143 phononL 0.004 -1.17681 1.35712 -0.0334814 0
0 5144 phononL 0.004 -0.712858 0.531656 -0.0214008 0
0 5145 phononL 0.004 0.724828 1.4038 0.0374347 0
0 5146 phononL 0.004 1.41373 0.206401 0.0229836 0
0 5147 phononL 0.004 0.41718 -0.565188 0.00422667 0
0 5148 phononL 0.004 1.20075 0.660971 -0.00921093 0
0 5149 phononL 0.004 -0.415918 0.116262 -0.00417912 0
0 5150 phononL 0.004 -0.102944 0.121291 0.00550879 0
0 5151 phononL 0.004 0.166826 -0.558186 0.027425 0
0 5152 phononL 0.004 0.702353 -0.570931 0.0147948 0
0 5153 phononL 0.004 -0.6478 -1.2062 -0.0206997 0
0 5154 phononL 0.004 1.3943 -0.14822 0.0111479 0
0 5155 phononL 0.004 0.977909 -1.25692 -0.0147204 0
0 5156 phononL 0.004 1.25424 -0.486081 -0.00604875 0
0 5157 phononL 0.004 -0.967272 0.938036 -0.00533592 0
0 5158 phononL 0.004 -0.130182 0.258858 -0.0227504 0
0 5159 phononL 0.004 0.209518 0.834154 0.0127161 0
0 5160 phononL 0.004 1.40449 -0.752329 -0.0334462 0
0 5161 phononL 0.004 0.181689 -0.0368784 0.0337765 0
0 5162 phononL 0.004 1.36997 0.837863 -0.0152412 0
0 5163 phononL 0.004 -0.407109 -0.358912 -0.00683275 0
0 5164 phononL 0.004 -0.0288185 -0.462459 -0.0145598 0
0 5165 phononL 0.004 0.367914 -0.513876 0.00844477 0
0 5166 phononL 0.004 -0.551052 0.363531 -0.0129221 0
0 5167 phononL 0.004 -0.444862 0.242597 0.0351976 0
0 5168 phononL 0.004 -0.268695 0.245704 -0.0111575 0
0 5169 phononL 0.004 -0.775288 0.27049 -0.0203825 0
0 5170 phononL 0.004 -0.240187 0.280632 0.00490976 0
0 5171 phononL 0.004 0.00458968 0.672717 -0.0144329 0
0 5172 phononL 0.004 -0.245459 -1.46339 0.0224885 0
0 5173 phononL 0.004 -1.4157 -0.51974 0.0152298 0
0 5174 phononL 0.004 0.786457 0.0126275 0.00992525 0
0 5175 phononL 0.004 -0.741112 0.200488 0.0304262 0
0 5176 phononL 0.004 0.588096 0.314584 0.0223023 0
0 5177 phononL 0.004 -0.550427 0.232736 0.0199233 0
0 5178 phononL 0.004 1.23997 -0.549181 -0.0315118 0
0 5179 phononL 0.004 -0.58854 0.639072 0.00912952 0
0 5180 phononL 0.004 -0.125202 1.03731 -0.00792649 0
0 5181 phononL 0.004 0.765512 0.0356694 0.0390808 0
0 5182 phononL 0.004 -1.13535 0.897782 -0.02217 0
0 5183 phononL 0.004 0.13042 -0.908998 -0.0257572 0
0 5184 phononL 0.004 -1.10607 1.22534 -0.0299757 0
0 5185 phononL 0.004 -0.426651 -1.08519 -0.0283114 0
0 5186 phononL 0.004 0.0394373 1.3069 -0.00968527 0
0 5187 phononL 0.004 1.31355 -0.713193 0.0222888 0
0 5188 phononL 0.004 0.62308 0.838177 0.0362968 0
0 5189 phononL 0.004 1.24755 1.28919 -0.0173329 0
0 5190 phononL 0.004 -0.788544 -1.13396 -0.024152 0
0 5191 phononL 0.004 0.115532 -0.0747216 -0.0234292 0
0 5192 phononL 0.004 -0.0149079 -0.263524 -0.00535452 0
0 5193 phononL 0.004 -0.707716 -1.21544 -0.0210531 0
0 5194 phononL 0.004 0.811339 1.45911 0.0234054 0
0 5195 phononL 0.004 0.467774 0.188388 0.038431 0
0 5196 phononL 0.004 -1.39244 1.38756 -0.0263191 0
0 5197 phononL 0.004 1.1153 -0.1602 0.0172126 0
0 5198 phononL 0.004 1.40876 1.28385 -0.0105886 0
0 5199 phononL 0.004 -1.46777 0.386066 0.0156255 0
0 5200 phononL 0.004 -0.114017 1.11088 -0.0182113 0
0 5201 phononL 0.004 -0.662597 0.499698 -0.0309243 0
0 5202 phononL 0.004 -1.47776 -0.341462 0.00202391 0
0 5203 phononL 0.004 -0.0482354 0.298178 0.0316926 0
0 5204 phononL 0.004 1.32949 0.00441842 0.0309649 0
0 5205 phononL 0.004 1.27266 0.783493 0.0106606 0
0 5206 phononL 0.004 1.25881 0.16832 -0.0300523 0
0 5207 phononL 0.004 0.893905 -0.961323 -0.0257119 0
0 5208 phononL 0.004 -0.211854 1.46213 -0.0185246 0
0 5209 phononL 0.004 1.07163 -1.3635 0.0258839 0
0 5210 phononL 0.004 0.352636 -0.732395 -0.00349581 0
0 5211 phononL 0.004 0.946718 -0.37303 0.0132702 0
0 5212 phononL 0.004 1.20241 -0.74204 -0.0242186 0
0 5213 phononL 0.004 -0.68398 1.48488 -0.017017 0
0 5214 phononL 0.004 1.34515 0.0358174 -0.000519632 0
0 5215 phononL 0.004 -1.01796 1.28307 -0.000925161 0
0 5216 phononL 0.004 0.715682 1.29909 -0.0237444 0
0 5217 phononL 0.004 -0.926731 -1.36449 -0.0294476 0
0 5218 phononL 0.004 -0.795081 0.205078 0.037458 0
0 5219 phononL 0.004 0.203067 1.39931 -0.0398588 0
0 5220 phononL 0.004 1.26214 0.525837 -0.013271 0
0 5221 phononL 0.004 -0.218477 -0.270222 -0.0307741 0
0 5222 phononL 0.004 1.41128 1.07249 -0.0280833 0
0 5223 phononL 0.004 1.08239 0.178426 -0.0292346 0
0 5224 phononL 0.004 -0.119004 -1.30831 0.00934118 0
0 5225 phononL 0.004 0.220107 1.27089 0.0178135 0
0 5226 phononL 0.004 1.20459 -1.02495 -0.0216323 0
0 5227 phononL 0.004 -1.15402 -0.155956 0.0186859 0
0 5228 phononL 0.004 -1.15649 0.182372 0.0268441 0
0 5229 phononL 0.004 1.27406 -1.35759 -0.00418857 0
0 5230 phononL 0.004 -0.0799765 0.745809 0.0241688 0
0 5231 phononL 0.004 -0.733063 -0.93936 -0.012965 0
0 5232 phononL 0.004 1.16636 1.39287 -0.0382968 0
0 5233 phononL 0.004 0.53798 -0.141588 0.0325371 0
0 5234 phononL 0.004 0.585538 0.895241 0.00467377 0
0 5235 phononL 0.004 -0.973541 -0.160502 -0.0109044 0
0 5236 phononL 0.004 0.925735 -1.457 -0.0158235 0
0 5237 phononL 0.004 -1.21927 -0.00937168 0.0332553 0
0 5238 phononL 0.004 1.29221 1.41691 0.0374493 0
0 5239 phononL 0.004 -0.586536 -0.881727 -0.00215725 0
0 5240 phononL 0.004 0.257063 1.18686 0.0215668 0
0 5241 phononL 0.004 -0.300083 -1.41527 -0.0287979 0
0 5242 phononL 0.004 -1.09727 0.735149 0.0157855 0
0 5243 phononL 0.004 0.49862 -1.39751 0.0206914 0
0 5244 phononL 0.004 0.310919 0.0759537 0.0117538 0
0 5245 phononL 0.004 -0.0478414 -0.757792 0.0319909 0
0 5246 phononL 0.004 -0.12018 -0.0810102 -0.0379866 0
0 5247 phononL 0.004 1.33408 1.33069 -0.0261117 0
0 5248 phononL 0.004 0.606263 0.554197 -0.0235314 0
0 5249 phononL 0.004 -0.405485 -0.251182 -0.0338488 0
0 5250 phononL 0.004 0.654093 -0.248631 -0.0246028 0
0 5251 phononL 0.004 1.16816 -0.426033 0.0210732 0
0 5252 phononL 0.004 -0.905391 0.912277 0.0239624 0
0 5253 phononL 0.004 -0.733165 0.440828 0.03841 0
0 5254 phononL 0.004 0.77184 -0.555095 -0.0166094 0
0 5255 phononL 0.004 -0.328875 -0.88391 -0.0107083 0
0 5256 phononL 0.004 1.30713 -0.898033 -0.0108622 0
0 5257 phononL 0.004 -0.782381 -0.226161 0.0161344 0
0 5258 phononL 0.004 -0.104202 0.669602 0.00296436 0
0 5259 phononL 0.004 -0.966112 0.310619 -0.0321136 0
0 5260 phononL 0.004 -1.09577 1.14762 0.0102596 0
0 5261 phononL 0.004 -0.656554 -0.748666 0.0388969 0
0 5262 phononL 0.004 0.410721 -1.27879 0.0067883 0
0 5263 phononL 0.004 0.8788 -0.584879 -0.000937577 0
0 5264 phononL 0.004 0.355366 0.983947 -0.00592753 0
0 5265 phononL 0.004 -0.442427 -0.700268 -0.0252672 0
0 5266 phononL 0.004 1.25342 0.0244206 -0.0236207 0
0 5267 phononL 0.004 0.847003 1.01393 -0.013254 0
0 5268 phononL 0.004 1.03129 0.510763 -0.00190676 0
0 5269 phononL 0.004 -1.14839 -0.229448 0.0363887 0
0 5270 phononL 0.004 -0.266413 -0.837241 0.0392547 0
0 5271 phononL 0.004 -1.07477 -0.871604 -0.0126854 0
0 5272 phononL 0.004 -0.977804 0.39267 0.0358115 0
0 5273 phononL 0.004 -0.856219 1.32827 -0.00577192 0
0 5274 phononL 0.004 1.03363 0.184474 0.0175678 0
0 5275 phononL 0.004 0.875194 -1.16497 0.00532972 0
0 5276 phononL 0.004 -1.41959 1.49494 0.0357491 0
0 5277 phononL 0.004 0.108076 -0.195136 0.0317273 0
0 5278 phononL 0.004 0.720229 1.28487 -0.00487641 0
0 5279 phononL 0.004 -0.984627 -0.623428 -0.0338065 0
0 5280 phononL 0.004 0.209848 -0.341309 -0.00531033 0
0 5281 phononL 0.004 -0.541359 -0.716232 0.0108246 0
0 5282 phononL 0.004 -0.819047 0.0718273 -0.0270404 0
0 5283 phononL 0.004 0.536607 0.113649 -0.0308164 0
0 5284 phononL 0.004 -0.639831 0.933616 0.00416314 0
0 5285 phononL 0.004 -0.187412 1.47365 -0.00802793 0
0 5286 phononL 0.004 1.13445 -1.11164 -0.0227214 0
0 5287 phononL 0.004 -0.601172 0.226655 0.0114963 0
0 5288 phononL 0.004 -1.02391 1.2075 -0.0314707 0
0 5289 phononL 0.004 -1.44271 -0.912881 -0.0231556 0
0 5290 phononL 0.004 0.821796 -1.08996 -0.00617384 0
0 5291 phononL 0.004 -0.756343 0.674401 0.00596672 0
0 5292 phononL 0.004 0.679939 1.04711 -0.0348237 0
0 5293 phononL 0.004 0.822552 1.39651 0.00241604 0
0 5294 phononL 0.004 0.625118 -0.991052 -0.0259105 0
0 5295 phononL 0.004 0.592505 0.266287 -0.0288904 0
0 5296 phononL 0.004 -0.900613 1.2142 -0.00129681 0
0 5297 phononL 0.004 -1.44824 0.159954 -0.0143121 0
0 5298 phononL 0.004 -0.0145462 1.13788 0.0323972 0
0 5299 phononL 0.004 1.07185 1.35719 0.0155096 0
0 5300 phononL 0.004 0.439041 1.45723 0.0118925 0
0 5301 phononL 0.004 -0.961311 -1.21026 0.0240433 0
0 5302 phononL 0.004 0.551282 1.24014 0.00961989 0
0 5303 phononL 0.004 -1.24266 0.554911 0.00810948 0
0 5304 phononL 0.004 0.274447 -1.06238 0.030232 0
0 5305 phononL 0.004 1.37056 -0.503402 0.00540471 0
0 5306 phononL 0.004 0.691435 -0.0826691 0.0199556 0
0 5307 phononL 0.004 0.885589 0.23888 0.00812928 0
0 5308 phononL 0.004 0.437321 -1.18179 -0.0173209 0
0 5309 phononL 0.004 -0.908427 -0.294041 -0.0348832 0
0 5310 phononL 0.004 -1.10306 0.262295 0.0088585 0
0 5311 phononL 0.004 1.42573 -0.477958 -0.0145102 0
0 5312 phononL 0.004 -1.23829 0.210219 0.0168361 0
0 5313 phononL 0.004 1.33768 0.417897 -0.0258662 0
0 5314 phononL 0.004 1.4548 1.06353 0.00825307 0
0 5315 phononL 0.004 -1.16891 -0.818695 -0.0289537 0
0 5316 phononL 0.004 -0.460649 0.419438 0.00369135 0
0 5317 phononL 0.004 -0.837191 -0.586209 0.0139096 0
0 5318 phononL 0.004 0.53146 -0.138849 0.00896506 0
0 5319 phononL 0.004 0.510116 -0.570001 -0.0273194 0
0 5320 phononL 0.004 1.49129 0.901508 -0.0185041 0
0 5321 phononL 0.004 -0.129492 1.0289 0.012887 0
0 5322 phononL 0.004 -1.38964 -0.478992 -0.0331256 0
0 5323 phononL 0.004 1.25791 -0.0229343 0.0114777 0
0 5324 phononL 0.004 1.35864 -9.89075e-06 -0.000113135 0
0 5325 phononL 0.004 0.819911 -1.04681 -0.00965447 0
0 5326 phononL 0.004 -1.22714 1.42381 0.0106865 0
0 5327 phononL 0.004 0.731398 0.168312 -0.0128888 0
0 5328 phononL 0.004 0.765474 0.516004 0.00200594 0
0 5329 phononL 0.004 0.893135 0.373763 -0.0312014 0
0 5330 phononL 0.004 1.3328 0.763275 -0.0104892 0
0 5331 phononL 0.004 0.488499 1.31238 0.00703193 0
0 5332 phononL 0.004 1.42939 0.508411 -0.0121714 0
0 5333 phononL 0.004 0.0641075 -1.21863 -0.0347876 0
0 5334 phononL 0.004 0.264116 1.37801 -0.020695 0
0 5335 phononL 0.004 1.16834 -1.26713 -0.00599684 0
0 5336 phononL 0.004 -0.0374416 0.448146 0.00896453 0
0 5337 phononL 0.004 -0.79998 -1.36748 -0.00526752 0
0 5338 phononL 0.004 0.181215 0.641606 0.00772193 0
0 5339 phononL 0.004 -0.643244 0.581014 -0.0333891 0
0 5340 phononL 0.004 -0.00339177 1.27627 0.0383307 0
0 5341 phononL 0.004 -0.951578 0.12665 0.0325107 0
0 5342 phononL 0.004 -0.867746 -0.944483 0.0351536 0
0 5343 phononL 0.004 1.00733 -0.418279 -0.00729321 0
0 5344 phononL 0.004 -0.640694 -0.773815 0.0114724 0
0 5345 phononL 0.004 -0.439396 -0.847476 0.0372502 0
0 5346 phononL 0.004 1.07415 0.802804 0.00325695 0
0 5347 phononL 0.004 -0.678294 -0.162059 -0.00507165 0
0 5348 phononL 0.004 -1.07416 0.000322909 0.0100952 0
0 5349 phononL 0.004 -0.50447 0.207652 0.0156319 0
0 5350 phononL 0.004 1.3038 -0.6848 -0.00269819 0
0 5351 phononL 0.004 -0.24438 -0.0183403 -0.0186709 0
0 5352 phononL 0.004 -0.0196844 -0.995011 0.0188269 0
0 5353 phononL 0.004 -1.2461 0.841599 0.022567 0
0 5354 phononL 0.004 -0.654128 1.27584 0.0267624 0
0 5355 phononL 0.004 1.48617 -0.707754 0.0202129 0
0 5356 phononL 0.004 1.49106 -1.47958 -0.0282036 0
0 5357 phononL 0.004 1.08171 0.648784 0.00504069 0
0 5358 phononL 0.004 -1.47412 -0.663972 0.00756353 0
0 5359 phononL 0.004 -0.390585 -0.267496 0.0228254 0
0 5360 phononL 0.004 -1.37531 1.45649 -0.00260003 0
0 5361 phononL 0.004 1.32016 1.08493 0.0216832 0
0 5362 phononL 0.004 -0.886454 -1.33505 0.00940087 0
0 5363 phononL 0.004 0.671883 -1.37863 -0.0123088 0
0 5364 phononL 0.004 -0.645421 0.199345 0.0134572 0
0 5365 phononL 0.004 -0.800519 0.602059 -0.0064424 0
0 5366 phononL 0.004 1.12844 0.68824 -0.0188209 0
0 5367 phononL 0.004 -1.42379 1.04346 -0.0336089 0
0 5368 phononL 0.004 -1.19614 -1.4982 0.0393045 0
0 5369 phononL 0.004 -1.43784 -0.568491 0.0288236 0
0 5370 phononL 0.004 -0.852501 1.15667 -0.0335231 0
0 5371 phononL 0.004 -0.347246 -1.13002 -0.00825007 0
0 5372 phononL 0.004 -0.921133 0.0424803 -0.0233948 0
0 5373 phononL 0.004 -1.32109 -1.4678 -0.0273271 0
0 5374 phononL 0.004 -1.22983 -0.341619 0.0259668 0
0 5375 phononL 0.004 1.04995 -0.836816 -0.00669392 0
0 5376 phononL 0.004 1.34274 -0.16062 -0.0109709 0
0 5377 phononL 0.004 -0.0780285 -0.0778175 -0.0189394 0
0 5378 phononL 0.004 -0.0952075 -0.767966 -0.00312331 0
0 5379 phononL 0.004 0.103269 -1.46405 -0.0262369 0
0 5380 phononL 0.004 -0.460112 0.923313 -0.0294872 0
0 5381 phononL 0.004 -0.131387 -1.09107 -0.0234969 0
0 5382 phononL 0.004 -0.645726 0.482045 0.0159901 0
0 5383 phononL 0.004 -0.837401 0.395788 -0.0106419 0
0 5384 phononL 0.004 -0.154213 -0.189896 -0.0325229 0
0 5385 phononL 0.004 1.07493 0.983158 -0.0218826 0
0 5386 phononL 0.004 0.236065 -0.389152 0.0131784 0
0 5387 phononL 0.004 -0.214095 1.28783 -0.0336277 0
0 5388 phononL 0.004 0.000101989 -1.2888 -0.0307883 0
0 5389 phononL 0.004 1.42091 -0.593135 0.00415268 0
0 5390 phononL 0.004 -1.437 -0.0707195 0.0361491 0
0 5391 phononL 0.004 0.35892 -0.864023 -0.0201079 0
0 5392 phononL 0.004 1.25261 -0.488158 0.00992809 0
0 5393 phononL 0.004 -0.228495 -0.0900186 -0.0044181 0
0 5394 phononL 0.004 0.911784 -1.46787 -0.036748 0
0 5395 phononL 0.004 0.154952 1.10596 0.0121779 0
0 5396 phononL 0.004 -1.03242 0.186035 0.0103159 0
0 5397 phononL 0.004 -0.778616 -0.853477 0.0165979 0
0 5398 phononL 0.004 1.43819 -1.14496 -0.00634624 0
0 5399 phononL 0.004 -0.769749 -0.841037 -0.0163629 0
0 5400 phononL 0.004 0.691061 0.390313 0.027604 0
0 5401 phononL 0.004 -1.38747 0.32358 -0.0349999 0
0 5402 phononL 0.004 -0.60473 0.340919 -0.0366541 0
0 5403 phononL 0.004 -1.32305 -1.23049 0.00421844 0
0 5404 phononL 0.004 -1.04288 0.879574 0.00768984 0
0 5405 phononL 0.004 0.303248 -0.308873 0.0196221 0
0 5406 phononL 0.004 -1.17905 0.58288 0.0250374 0
0 5407 phononL 0.004 -0.218958 0.934216 0.0115355 0
0 5408 phononL 0.004 0.613907 1.4671 0.0203055 0
0 5409 phononL 0.004 0.513503 -0.517449 -0.0241229 0
0 5410 phononL 0.004 0.51727 0.542631 -0.0269184 0
0 5411 phononL 0.004 1.42375 -1.16964 0.0298259 0
0 5412 phononL 0.004 1.24574 -1.14215 -0.0219464 0
0 5413 phononL 0.004 0.0440253 1.02893 0.0228499 0
0 5414 phononL 0.004 0.452897 -0.75549 0.0229114 0
0 5415 phononL 0.004 -1.06534 -0.0634569 0.0121478 0
0 5416 phononL 0.004 -0.967375 -1.18508 0.0126995 0
0 5417 phononL 0.004 -0.687367 -0.0148976 0.0251638 0
0 5418 phononL 0.004 -0.038915 -0.568672 0.0379118 0
0 5419 phononL 0.004 0.707828 -1.13035 0.0369471 0
0 5420 phononL 0.004 0.84902 -1.33682 0.0217083 0
0 5421 phononL 0.004 -0.0954537 1.49473 0.0170966 0
0 5422 phononL 0.004 -1.484 1.14055 -0.00572465 0
0 5423 phononL 0.004 1.04751 -1.47688 0.0243391 0
0 5424 phononL 0.004 1.12304 0.980278 -0.0316691 0
0 5425 phononL 0.004 -1.22534 -0.213649 -0.0083762 0
0 5426 phononL 0.004 -1.0221 -0.423578 0.0194567 0
0 5427 phononL 0.004 -0.29112 -0.343864 0.021819 0
0 5428 phononL 0.004 0.795643 1.23966 -0.0330382 0
0 5429 phononL 0.004 -1.49171 -0.296933 -0.0140036 0
0 5430 phononL 0.004 0.710499 1.267 -0.0383046 0
0 5431 phononL 0.004 -1.36742 0.316229 -0.0184476 0
0 5432 phononL 0.004 1.46874 1.47034 0.0229676 0
0 5433 phononL 0.004 1.22447 -0.0357488 0.0248707 0
0 5434 phononL 0.004 -0.131998 -0.27176 -0.0227514 0
0 5435 phononL 0.004 0.555953 1.1934 0.00434154 0
0 5436 phononL 0.004 0.0278926 1.31102 -0.0284447 0
0 5437 phononL 0.004 -0.604184 -0.142632 -0.00319681 0
0 5438 phononL 0.004 0.244979 -1.3114 -0.029668 0
0 5439 phononL 0.004 -0.653405 -0.294796 0.0329014 0
0 5440 phononL 0.004 -0.906746 1.48569 0.0179952 0
0 5441 phononL 0.004 -0.625192 -0.969181 0.0353862 0
0 5442 phononL 0.004 -0.975983 0.8871 0.00910294 0
0 5443 phononL 0.004 1.18495 -0.779296 -0.0105818 0
0 5444 phononL 0.004 -0.362888 -0.604081 0.0120984 0
0 5445 phononL 0.004 1.24518 -1.01875 0.0199509 0
0 5446 phononL 0.004 -0.823249 -0.165391 -0.0250048 0
0 5447 phononL 0.004 -0.344451 -0.577807 0.0370701 0
0 5448 phononL 0.004 -0.721929 -1.35459 0.0162941 0
0 5449 phononL 0.004 -0.542205 0.69856 0.0102672 0
0 5450 phononL 0.004 -1.44861 0.131583 -0.00219595 0
0 5451 phononL 0.004 0.626443 -0.0316346 -0.00682062 0
0 5452 phononL 0.004 1.09425 1.37235 0.0350681 0
0 5453 phononL 0.004 -0.673431 -0.000610514 0.00292024 0
0 5454 phononL 0.004 0.574965 1.26107 0.0307939 0
0 5455 phononL 0.004 0.571117 0.440831 -0.00815498 0
0 5456 phononL 0.004 -0.971915 1.34182 2.63389e-05 0
0 5457 phononL 0.004 -0.124318 0.148635 0.025184 0
0 5458 phononL 0.004 0.800041 1.2517 0.0112688 0
0 5459 phononL 0.004 1.22201 -1.2966 0.029831 0
0 5460 phononL 0.004 1.20318 -0.716453 0.0360711 0
0 5461 phononL 0.004 0.298661 -0.42348 0.0133174 0
0 5462 phononL 0.004 0.354604 0.137067 -0.00876731 0
0 5463 phononL 0.004 1.02011 -1.38322 0.0274176 0
0 5464 phononL 0.004 -0.279625 -1.48268 0.039934 0
0 5465 phononL 0.004 0.780793 -0.494597 -0.0311213 0
0 5466 phononL 0.004 -1.32643 0.38983 -0.0196706 0
0 5467 phononL 0.004 0.491921 -0.828578 0.0389013 0
0 5468 phononL 0.004 -1.28686 -1.28945 -0.00871702 0
0 5469 phononL 0.004 0.180479 -0.502284 -0.000888765 0
0 5470 phononL 0.004 1.32956 1.45279 -0.0108527 0
0 5471 phononL 0.004 -0.933188 1.18281 0.0297619 0
0 5472 phononL 0.004 0.326691 -1.06549 0.0231116 0
0 5473 phononL 0.004 -0.523304 -0.855787 -0.0334848 0
0 5474 phononL 0.004 0.616002 -0.190596 0.0046939 0
0 5475 phononL 0.004 -0.580122 0.30902 0.0196772 0
0 5476 phononL 0.004 0.00181708 -0.819107 -0.000572882 0
0 5477 phononL 0.004 0.2308 0.367214 -0.0269169 0
0 5478 phononL 0.004 0.468998 -1.12338 0.0256391 0
0 5479 phononL 0.004 -0.0692277 0.270971 0.0316976 0
0 5480 phononL 0.004 -0.0525724 -0.397887 -0.0205901 0
0 5481 phononL 0.004 0.625386 -1.49511 0.030457 0
0 5482 phononL 0.004 -0.477726 0.443044 0.0351543 0
0 5483 phononL 0.004 0.128038 -0.361464 0.0269933 0
0 5484 phononL 0.004 0.983583 -0.773862 -0.0169022 0
0 5485 phononL 0.004 0.231286 -0.151233 -0.0146792 0
0 5486 phononL 0.004 0.757075 -0.998611 0.0239544 0
0 5487 phononL 0.004 0.77346 -1.17516 0.0268431 0
0 5488 phononL 0.004 0.368526 1.46973 -0.0176158 0
0 5489 phononL 0.004 0.775226 -0.21578 0.025483 0
0 5490 phononL 0.004 -1.20093 0.730679 0.0228172 0
0 5491 phononL 0.004 0.929473 1.132 -0.0209782 0
0 5492 phononL 0.004 -0.882805 1.05652 0.0288689 0
0 5493 phononL 0.004 0.647586 0.222572 0.00358604 0
0 5494 phononL 0.004 1.23932 -0.423358 -0.0190624 0
0 5495 phononL 0.004 -1.2911 1.20628 -0.00224951 0
0 5496 phononL 0.004 0.751189 -1.20697 0.00240318 0
0 5497 phononL 0.004 -0.220802 0.367119 -0.0346153 0
0 5498 phononL 0.004 -0.333654 1.33945 0.0367056 0
0 5499 phononL 0.004 -0.726053 0.666523 -0.0225437 0
0 5500 phononL 0.004 1.20884 -0.191709 -0.0351269 0
0 5501 phononL 0.004 0.219064 1.18841 0.0154514 0
0 5502 phononL 0.004 -1.10236 0.731704 0.0100731 0
0 5503 phononL 0.004 -0.00858646 0.385801 -0.00949675 0
0 5504 phononL 0.004 0.426174 -0.175627 -0.0220281 0
0 5505 phononL 0.004 -1.40329 -1.13832 -0.023347 0
0 5506 phononL 0.004 0.626461 0.695933 0.0141079 0
0 5507 phononL 0.004 1.47908 -0.78095 0.00572055 0
0 5508 phononL 0.004 0.365746 1.22169 0.00583183 0
0 5509 phononL 0.004 0.314765 -1.09573 0.0366357 0
0 5510 phononL 0.004 -0.735526 0.953705 0.0214622 0
0 5511 phononL 0.004 1.2897 1.34691 -0.0362534 0
0 5512 phononL 0.004 1.16969 1.2492 -0.00740233 0
0 5513 phononL 0.004 0.30193 -1.07364 -0.0338264 0
0 5514 phononL 0.004 0.129756 -0.562731 -0.0182894 0
0 5515 phononL 0.004 1.38691 -1.24221 0.00892506 0
0 5516 phononL 0.004 0.19516 -0.622436 0.0119357 0
0 5517 phononL 0.004 -0.0194059 -0.00565605 0.0242901 0
0 5518 phononL 0.004 -0.075782 -0.837794 -0.0188977 0
0 5519 phononL 0.004 0.287429 -0.682419 0.00772401 0
0 5520 phononL 0.004 0.975275 0.353539 -0.0169661 0
0 5521 phononL 0.004 -0.438902 0.347927 -0.0062073 0
0 5522 phononL 0.004 0.889922 -0.292757 -0.0041057 0
0 5523 phononL 0.004 -0.0666168 0.195617 0.0137225 0
0 5524 phononL 0.004 1.22764 1.47661 0.036481 0
0 5525 phononL 0.004 0.164261 1.27503 0.00778818 0
0 5526 phononL 0.004 0.500933 -0.259643 0.0190163 0
0 5527 phononL 0.004 0.556349 0.577979 0.018443 0
0 5528 phononL 0.004 -0.753927 0.892382 -0.0109732 0
0 5529 phononL 0.004 0.187136 -1.43824 -0.0233259 0
0 5530 phononL 0.004 0.153841 0.191003 0.0166849 0
0 5531 phononL 0.004 0.658835 1.00901 -0.0298693 0
0 5532 phononL 0.004 0.643343 -0.468223 0.0235222 0
0 5533 phononL 0.004 0.669824 1.08461 0.0115231 0
0 5534 phononL 0.004 -0.343563 0.0384673 -0.0277297 0
0 5535 phononL 0.004 0.139772 -0.602122 -0.0293658 0
0 5536 phononL 0.004 -0.716504 0.319866 -0.012033 0
0 5537 phononL 0.004 -0.564882 -0.826539 -0.0217452 0
0 5538 phononL 0.004 0.797311 1.38916 -0.0138673 0
0 5539 phononL 0.004 -0.10819 -0.955309 0.0272842 0
0 5540 phononL 0.004 1.04426 -0.935335 -0.0292569 0
0 5541 phononL 0.004 -1.08882 -0.249109 -0.00388694 0
0 5542 phononL 0.004 1.37087 -1.353 -0.0177377 0
0 5543 phononL 0.004 -0.910855 0.379221 -0.0264389 0
0 5544 phononL 0.004 1.45296 0.444539 0.00363395 0
0 5545 phononL 0.004 1.42608 -1.16535 0.0093341 0
0 5546 phononL 0.004 -0.132267 0.272977 0.024713 0
0 5547 phononL 0.004 -0.698328 0.810115 0.00861259 0
0 5548 phononL 0.004 -0.711757 1.09772 -0.0181085 0
0 5549 phononL 0.004 -0.497939 -0.321482 -0.000159231 0
0 5550 phononL 0.004 -0.458081 1.49127 -0.0184078 0
0 5551 phononL 0.004 -0.717512 0.686695 -0.011928 0
0 5552 phononL 0.004 1.42738 1.50379 -0.00125377 0
0 5553 phononL 0.004 -0.136353 0.92072 0.0198091 0
0 5554 phononL 0.004 -1.22421 -0.611577 0.0179953 0
0 5555 phononL 0.004 0.901115 -0.628535 0.035102 0
0 5556 phononL 0.004 1.45131 0.371719 -0.0297137 0
0 5557 phononL 0.004 0.744035 1.31302 -0.00566475 0
0 5558 phononL 0.004 0.551761 -0.536033 0.0013869 0
0 5559 phononL 0.004 -0.136942 -1.15314 -0.0273123 0
0 5560 phononL 0.004 0.821175 0.454191 -0.0256128 0
0 5561 phononL 0.004 0.387867 -0.528109 -0.0134958 0
0 5562 phononL 0.004 0.702306 1.48683 0.0371652 0
0 5563 phononL 0.004 -1.4837 1.45098 0.0116828 0
0 5564 phononL 0.004 -0.379424 0.946583 -0.0309638 0
0 5565 phononL 0.004 0.200236 1.14567 -0.022588 0
0 5566 phononL 0.004 -1.12259 0.0169768 -0.0250636 0
0 5567 phononL 0.004 -0.740939 0.044234 -0.0321224 0
0 5568 phononL 0.004 0.344491 0.808284 -0.00693592 0
0 5569 phononL 0.004 0.679845 -0.844273 -0.0265452 0
0 5570 phononL 0.004 -0.580396 -0.424383 0.00193073 0
0 5571 phononL 0.004 -0.965451 -1.30544 0.00799817 0
0 5572 phononL 0.004 1.0288 -1.28821 0.03397 0
0 5573 phononL 0.004 1.16185 -0.780712 0.00441607 0
0 5574 phononL 0.004 0.100558 -0.0235112 -0.00342527 0
0 5575 phononL 0.004 0.118334 1.16852 0.0215159 0
0 5576 phononL 0.004 -1.39468 -1.50245 -0.0280134 0
0 5577 phononL 0.004 0.488271 -0.292058 -0.0274016 0
0 5578 phononL 0.004 -0.321306 -0.55537 -0.0189545 0
0 5579 phononL 0.004 0.558788 0.899992 0.00393364 0
0 5580 phononL 0.004 0.0430705 -1.45293 0.018345 0
0 5581 phononL 0.004 -1.42826 -0.871017 -0.0192402 0
0 5582 phononL 0.004 0.442451 -0.827709 0.0379211 0
0 5583 phononL 0.004 -0.168774 1.17844 0.0344917 0
0 5584 phononL 0.004 -1.33944 -1.01579 0.0343177 0
0 5585 phononL 0.004 -0.50278 -0.917028 -0.0256638 0
0 5586 phononL 0.004 -0.411827 -1.29582 -0.0343597 0
0 5587 phononL 0.004 -1.42391 0.832478 -0.0266208 0
0 5588 phononL 0.004 -0.513238 -0.454914 0.000656378 0
0 5589 phononL 0.004 -1.12496 0.907999 0.032522 0
0 5590 phononL 0.004 1.36438 -1.03862 0.0263023 0
0 5591 phononL 0.004 -0.972109 1.14293 0.0320427 0
0 5592 phononL 0.004 -0.308515 -0.502779 0.0363471 0
0 5593 phononL 0.004 -0.0208226 0.192793 -0.0119372 0
0 5594 phononL 0.004 -1.17638 -1.1831 0.0208305 0
0 5595 phononL 0.004 0.569176 0.0307262 -0.0278604 0
0 5596 phononL 0.004 0.554337 1.03522 0.00665046 0
0 5597 phononL 0.004 0.37268 1.26651 -0.0352237 0
0 5598 phononL 0.004 -1.146 -1.00729 0.0174244 0
0 5599 phononL 0.004 -0.433537 -0.458142 -0.0347204 0
0 5600 phononL 0.004 -1.16297 0.419415 -0.0103703 0
0 5601 phononL 0.004 0.928397 -0.518327 0.0331226 0
0 5602 phononL 0.004 -0.172034 -1.29387 -0.00535555 0
0 5603 phononL 0.004 0.894457 0.864089 -0.00412067 0
0 5604 phononL 0.004 0.985375 1.13876 0.0345414 0
0 5605 phononL 0.004 -0.289501 -1.19658 -0.0335058 0
0 5606 phononL 0.004 -0.746395 -0.315288 0.0142501 0
0 5607 phononL 0.004 1.32059 -1.23846 -0.00583375 0
0 5608 phononL 0.004 0.819185 0.493282 0.0150807 0
0 5609 phononL 0.004 0.326057 -1.47001 -0.00757484 0
0 5610 phononL 0.004 -1.44847 1.2644 -0.00540635 0
0 5611 phononL 0.004 0.90239 -0.247227 0.0174785 0
0 5612 phononL 0.004 -0.680486 0.873312 -0.0246456 0
0 5613 phononL 0.004 -0.180008 -1.01994 -0.0350242 0
0 5614 phononL 0.004 -0.405401 -0.291102 0.0184272 0
0 5615 phononL 0.004 -1.41327 -0.932664 -0.0183683 0
0 5616 phononL 0.004 -0.362065 -0.141488 -0.0255033 0
0 5617 phononL 0.004 0.0864208 1.49391 0.0121387 0
0 5618 phononL 0.004 -1.3376 -0.620303 -0.0184734 0
0 5619 phononL 0.004 -0.195132 0.357317 0.0320632 0
0 5620 phononL 0.004 1.40726 0.701127 0.0110925 0
0 5621 phononL 0.004 -0.733522 -0.591513 -0.0145489 0
0 5622 phononL 0.004 -1.43826 0.933689 0.00496024 0
0 5623 phononL 0.004 0.0213519 -1.1092 0.0300859 0
0 5624 phononL 0.004 -1.35127 0.337488 -0.0229841 0
0 5625 phononL 0.004 0.582798 -0.336203 -0.00304332 0
0 5626 phononL 0.004 0.923044 0.380445 -0.0365903 0
0 5627 phononL 0.004 -0.794969 0.47544 0.00708059 0
0 5628 phononL 0.004 -1.33832 -0.344403 -0.0125142 0
0 5629 phononL 0.004 1.03333 1.48719 0.00303581 0
0 5630 phononL 0.004 -0.645231 -0.597993 -0.0285092 0
0 5631 phononL 0.004 1.45437 -0.603393 0.0160007 0
0 5632 phononL 0.004 -0.684312 1.03621 -0.0348836 0
0 5633 phononL 0.004 0.124609 1.44191 0.0126387 0
0 5634 phononL 0.004 0.106426 -0.987279 -0.0296154 0
0 5635 phononL 0.004 0.179238 0.705166 -0.00985925 0
0 5636 phononL 0.004 0.212974 -0.614501 -0.0277462 0
0 5637 phononL 0.004 -0.33748 0.628927 0.0388601 0
0 5638 phononL 0.004 -0.710233 1.11167 -0.0288716 0
0 5639 phononL 0.004 -1.39832 0.809123 -0.00473378 0
0 5640 phononL 0.004 -0.454148 -0.8767 -0.0286932 0
0 5641 phononL 0.004 -1.4892 -1.43624 -0.0338252 0
0 5642 phononL 0.004 -0.66247 -1.38481 0.0240313 0
0 5643 phononL 0.004 -1.15746 -0.698693 0.031089 0
0 5644 phononL 0.004 -1.12786 1.27629 -0.0301792 0
0 5645 phononL 0.004 -1.04064 -0.413425 0.0325504 0
0 5646 phononL 0.004 -0.7418 -0.0697207 0.0284259 0
0 5647 phononL 0.004 0.0887702 -0.739007 0.0300321 0
0 5648 phononL 0.004 1.4565 -1.4785 -0.0279944 0
0 5649 phononL 0.004 -1.45757 0.132351 -0.00747334 0
0 5650 phononL 0.004 0.532961 -0.981751 -0.0159014 0
0 5651 phononL 0.004 0.205122 -0.00989898 -0.0291518 0
0 5652 phononL 0.004 0.494094 -0.301799 0.0353396 0
0 5653 phononL 0.004 -0.916543 -0.0232128 -0.000373534 0
0 5654 phononL 0.004 -1.38801 1.36629 -0.0225674 0
0 5655 phononL 0.004 0.0909507 1.46002 -0.0282282 0
0 5656 phononL 0.004 -0.406651 1.19316 0.0246195 0
0 5657 phononL 0.004 -0.693493 -0.48271 0.0202067 0
0 5658 phononL 0.004 0.485929 -0.7466 -0.0176521 0
0 5659 phononL 0.004 1.44313 1.03916 -0.0028848 0
0 5660 phononL 0.004 -1.00934 -0.673137 -0.0256772 0
0 5661 phononL 0.004 1.05359 0.676927 0.0239251 0
0 5662 phononL 0.004 -1.48686 1.43599 -0.0179833 0
0 5663 phononL 0.004 1.09384 -1.08382 0.0308614 0
0 5664 phononL 0.004 1.20942 -1.02757 0.0320114 0
0 5665 phononL 0.004 -0.582357 0.293445 0.0151945 0
0 5666 phononL 0.004 0.272179 0.53268 0.000736501 0
0 5667 phononL 0.004 0.366011 0.351606 0.00754106 0
0 5668 phononL 0.004 0.690848 0.186325 -0.0254621 0
0 5669 phononL 0.004 0.601351 0.905643 0.00328717 0
0 5670 phononL 0.004 1.30264 0.190868 -0.0369422 0
0 5671 phononL 0.004 -0.967182 0.744497 -0.00364293 0
0 5672 phononL 0.004 1.11718 1.38326 0.0335137 0
0 5673 phononL 0.004 -1.05862 0.761626 -0.036834 0
0 5674 phononL 0.004 -1.4703 0.570263 0.000501591 0
0 5675 phononL 0.004 0.779048 -1.40433 0.00905219 0
0 5676 phononL 0.004 -1.14958 -0.572794 0.00148499 0
0 5677 phononL 0.004 0.730268 0.909129 -0.0101535 0
0 5678 phononL 0.004 1.14574 -0.260879 0.00181011 0
0 5679 phononL 0.004 0.745815 -1.44224 0.0342881 0
0 5680 phononL 0.004 -1.39246 1.31987 -0.0371327 0
0 5681 phononL 0.004 0.661558 1.44725 -0.0380872 0
0 5682 phononL 0.004 -1.29203 1.27522 -0.0172494 0
0 5683 phononL 0.004 0.145231 0.417582 0.00350978 0
0 5684 phononL 0.004 1.06449 -0.531298 -0.0248503 0
0 5685 phononL 0.004 -1.31372 -0.238536 0.00672945 0
0 5686 phononL 0.004 -0.510177 0.902017 0.01314 0
0 5687 phononL 0.004 -0.950297 0.885725 -0.0172529 0
0 5688 phononL 0.004 -0.598186 -0.438325 -0.00225078 0
0 5689 phononL 0.004 1.29207 0.0678197 0.00159588 0
0 5690 phononL 0.004 0.872811 -0.012265 -0.0176609 0
0 5691 phononL 0.004 0.542875 0.542214 0.029215 0
0 5692 phononL 0.004 0.366796 -1.279 0.0104794 0
0 5693 phononL 0.004 0.0233563 -0.489586 -0.00365928 0
0 5694 phononL 0.004 1.47674 1.3556 -0.0128287 0
0 5695 phononL 0.004 0.69268 -0.949424 -0.000868565 0
0 5696 phononL 0.004 -0.528795 0.798335 0.0229546 0
0 5697 phononL 0.004 0.486246 1.21573 0.0226556 0
0 5698 phononL 0.004 -1.24065 -0.356562 -0.0371417 0
0 5699 phononL 0.004 0.0158709 0.855565 0.0149957 0
0 5700 phononL 0.004 1.32611 -0.860964 0.033152 0
0 5701 phononL 0.004 -1.17607 -0.943885 -0.03185 0
0 5702 phononL 0.004 -0.806008 -1.31124 0.00140829 0
0 5703 phononL 0.004 0.665221 -0.479879 -0.0239321 0
0 5704 phononL 0.004 1.13405 -1.09049 0.0363354 0
0 5705 phononL 0.004 0.657852 -1.31063 -0.0236044 0
0 5706 phononL 0.004 -0.387812 -0.749907 -0.0390225 0
0 5707 phononL 0.004 0.999948 0.293958 -0.0264215 0
0 5708 phononL 0.004 -0.254726 1.47472 -0.0118421 0
0 5709 phononL 0.004 -1.28449 -0.818549 0.0306201 0
0 5710 phononL 0.004 -0.611933 -0.000509625 0.0102918 0
0 5711 phononL 0.004 -0.268454 0.925118 0.029096 0
0 5712 phononL 0.004 -0.432001 0.373763 0.00835327 0
0 5713 phononL 0.004 -1.16957 -0.524621 0.020429 0
0 5714 phononL 0.004 0.271664 -0.580927 -0.0212978 0
0 5715 phononL 0.004 0.595666 -0.651772 0.00872984 0
0 5716 phononL 0.004 -0.753519 -0.532382 0.0363478 0
0 5717 phononL 0.004 -0.707693 1.4907 0.00328669 0
0 5718 phononL 0.004 0.441344 0.274793 -0.0218668 0
0 5719 phononL 0.004 0.268963 1.27158 -0.0145035 0
0 5720 phononL 0.004 -0.464806 1.41626 -0.0375992 0
0 5721 phononL 0.004 0.547889 -1.03944 0.00408195 0
0 5722 phononL 0.004 0.909778 -0.908201 -0.0123841 0
0 5723 phononL 0.004 -0.475798 0.843811 0.0162946 0
0 5724 phononL 0.004 -0.471845 0.132067 0.0131229 0
0 5725 phononL 0.004 -0.788842 -0.435892 -0.00349283 0
0 5726 phononL 0.004 0.581656 0.170975 -0.0120266 0
0 5727 phononL 0.004 -1.44834 0.00680387 0.0339384 0
0 5728 phononL 0.004 -1.0812 1.06694 0.0212642 0
0 5729 phononL 0.004 0.560404 1.12417 -0.0096324 0
0 5730 phononL 0.004 -0.472187 -0.405922 -0.0355205 0
0 5731 phononL 0.004 -0.370304 1.35379 -0.000483756 0
0 5732 phononL 0.004 1.19932 0.461413 -0.00732172 0
0 5733 phononL 0.004 0.386642 0.652552 0.00644505 0
0 5734 phononL 0.004 1.23676 0.454405 -0.0101893 0
0 5735 phononL 0.004 0.102266 -0.830637 -0.0313326 0
0 5736 phononL 0.004 1.14198 -0.553286 -0.0217812 0
0 5737 phononL 0.004 1.14331 0.904318 -0.0217802 0
0 5738 phononL 0.004 -0.968849 0.709136 -0.0364695 0
0 5739 phononL 0.004 -0.494026 0.386995 -0.0173492 0
0 5740 phononL 0.004 0.594911 1.20588 0.011806 0
0 5741 phononL 0.004 0.127425 1.44564 0.0246916 0
0 5742 phononL 0.004 -1.1565 -0.314527 -0.0337169 0
0 5743 phononL 0.004 -0.576897 0.212399 -0.00211507 0
0 5744 phononL 0.004 0.142422 -1.3647 0.0029263 0
0 5745 phononL 0.004 1.12564 -1.04501 0.0256651 0
0 5746 phononL 0.004 0.308419 1.17186 -0.0275233 0
0 5747 phononL 0.004 1.36274 1.13695 0.00861414 0
0 5748 phononL 0.004 0.413412 -0.764114 -0.0320692 0
0 5749 phononL 0.004 1.09069 -0.823433 0.0178016 0
0 5750 phononL 0.004 -0.483229 -0.224337 0.00886785 0
0 5751 phononL 0.004 1.44538 0.80937 -0.00867315 0
0 5752 phononL 0.004 1.29194 0.0444692 -0.0175284 0
0 5753 phononL 0.004 -0.973657 0.216 0.0243131 0
0 5754 phononL 0.004 -1.46251 1.49016 -0.0377443 0
0 5755 phononL 0.004 -0.934605 0.782335 -0.0118532 0
0 5756 phononL 0.004 -0.936604 0.412335 0.0263778 0
0 5757 phononL 0.004 0.271195 1.39786 -0.0129771 0
0 5758 phononL 0.004 -0.188199 -0.895263 0.0309211 0
0 5759 phononL 0.004 0.0447823 0.505132 -0.0276612 0
0 5760 phononL 0.004 0.966812 1.16174 0.0336256 0
0 5761 phononL 0.004 -0.345619 -1.21448 0.0233808 0
0 5762 phononL 0.004 1.41001 -1.04081 0.0309177 0
0 5763 phononL 0.004 1.00541 0.610971 -0.0276408 0
0 5764 phononL 0.004 -0.409541 0.818622 -0.0238745 0
0 5765 phononL 0.004 -0.393713 0.595311 0.0304584 0
0 5766 phononL 0.004 0.0536202 1.06904 -0.015718 0
0 5767 phononL 0.004 -0.501999 0.0617196 0.00567555 0
0 5768 phononL 0.004 -1.31961 0.890209 0.00494391 0
0 5769 phononL 0.004 -0.424114 0.653142 0.0149176 0
0 5770 phononL 0.004 -0.975624 0.254094 0.027482 0
0 5771 phononL 0.004 1.11063 0.94335 0.0151595 0
0 5772 phononL 0.004 -0.179996 -1.12897 -0.00926729 0
0 5773 phononL 0.004 1.31197 0.828868 -0.0190637 0
0 5774 phononL 0.004 -0.917802 -0.282653 0.0304537 0
0 5775 phononL 0.004 -0.393101 -1.31731 0.00403534 0
0 5776 phononL 0.004 1.05959 0.769307 -0.02159 0
0 5777 phononL 0.004 -0.155414 -0.688057 0.00325623 0
0 5778 phononL 0.004 -1.50169 -1.41815 -0.0357622 0
0 5779 phononL 0.004 1.32064 0.246452 -0.00285257 0
0 5780 phononL 0.004 0.438227 0.906668 -0.0354357 0
0 5781 phononL 0.004 -1.04127 -0.201532 -0.0239291 0
0 5782 phononL 0.004 -0.263483 -1.23401 -0.0288168 0
0 5783 phononL 0.004 1.32808 1.19865 -0.0285024 0
0 5784 phononL 0.004 -0.449736 0.813316 -0.0106766 0
0 5785 phononL 0.004 1.26368 1.48682 0.0149659 0
0 5786 phononL 0.004 -0.819441 1.3153 -0.0154782 0
0 5787 phononL 0.004 0.207894 0.521373 0.0160557 0
0 5788 phononL 0.004 -1.07393 0.986964 -0.0206825 0
0 5789 phononL 0.004 -0.935603 -1.24323 -0.0264792 0
0 5790 phononL 0.004 -0.604783 0.383316 -0.0105647 0
0 5791 phononL 0.004 -1.01534 1.41129 0.0128905 0
0 5792 phononL 0.004 -0.321132 -1.12572 -0.0328408 0
0 5793 phononL 0.004 -0.974953 1.43449 0.00701005 0
0 5794 phononL 0.004 0.0795364 -1.21112 0.0394077 0
0 5795 phononL 0.004 -0.768684 1.4116 0.0182883 0
0 5796 phononL 0.004 -0.579785 1.23756 -0.0319664 0
0 5797 phononL 0.004 0.417527 -1.06494 0.0319342 0
0 5798 phononL 0.004 0.858373 -0.866534 0.0351184 0
0 5799 phononL 0.004 -0.818087 1.27022 -0.0181378 0
0 5800 phononL 0.004 -1.25878 -1.2581 -0.0139317 0
0 5801 phononL 0.004 1.40568 -1.31586 0.027366 0
0 5802 phononL 0.004 1.26988 0.976134 0.0176235 0
0 5803 phononL 0.004 -0.78312 0.365046 0.0319083 0
0 5804 phononL 0.004 -0.164406 1.46944 0.00438489 0
0 5805 phononL 0.004 -0.415426 0.461329 0.0250971 0
0 5806 phononL 0.004 0.0510904 0.453679 0.00917888 0
0 5807 phononL 0.004 -0.937467 -0.730865 -0.035491 0
0 5808 phononL 0.004 1.20076 0.953351 -0.0149649 0
0 5809 phononL 0.004 -0.531466 -0.28992 -0.00996499 0
0 5810 phononL 0.004 -1.11169 -0.490302 0.0225948 0
0 5811 phononL 0.004 1.34317 -0.612071 -0.0270601 0
0 5812 phononL 0.004 0.987504 1.25647 -0.0262288 0
0 5813 phononL 0.004 1.44769 -0.723649 -0.0105943 0
0 5814 phononL 0.004 1.4167 -1.42652 -0.0318607 0
0 5815 phononL 0.004 1.04099 0.820675 0.0282426 0
0 5816 phononL 0.004 -1.31043 1.25609 0.0157967 0
0 5817 phononL 0.004 0.176868 0.881914 0.00232108 0
0 5818 phononL 0.004 -0.230506 0.777287 -0.0164853 0
0 5819 phononL 0.004 -0.345246 -0.198025 -0.0373719 0
0 5820 phononL 0.004 0.20723 -0.225998 0.038603 0
0 5821 phononL 0.004 -0.605277 0.00651381 0.00285493 0
0 5822 phononL 0.004 -0.0810238 -1.2615 -0.00270289 0
0 5823 phononL 0.004 -1.43848 -0.716948 0.0026771 0
0 5824 phononL 0.004 1.19323 -1.29339 -0.00291384 0
0 5825 phononL 0.004 -1.2078 0.294183 0.026534 0
0 5826 phononL 0.004 0.510728 -0.196267 0.0237767 0
0 5827 phononL 0.004 0.664229 -0.238471 0.0344323 0
0 5828 phononL 0.004 0.589897 0.569535 -0.0131584 0
0 5829 phononL 0.004 -1.17061 0.423666 -0.0314292 0
0 5830 phononL 0.004 0.549334 0.453091 -0.0264524 0
0 5831 phononL 0.004 -0.636471 -0.511483 -0.00545635 0
0 5832 phononL 0.004 -0.350618 -1.07535 -0.0166906 0
0 5833 phononL 0.004 -0.529774 -0.902709 0.00936493 0
0 5834 phononL 0.004 -1.47363 1.35769 -0.0278208 0
0 5835 phononL 0.004 0.607524 0.934438 -0.0223073 0
0 5836 phononL 0.004 -1.04186 1.40875 0.021221 0
0 5837 phononL 0.004 1.24239 1.38444 0.0197544 0
0 5838 phononL 0.004 -1.45917 0.223949 -7.05232e-05 0
0 5839 phononL 0.004 -1.43923 -1.38483 -0.00487981 0
0 5840 phononL 0.004 -1.13734 -0.980246 0.0289396 0
0 5841 phononL 0.004 0.601687 -0.13522 -0.00400097 0
0 5842 phononL 0.004 1.21476 1.0996 -0.0377377 0
0 5843 phononL 0.004 0.306254 1.02216 -0.0139119 0
0 5844 phononL 0.004 -0.812251 0.00765731 -0.035908 0
0 5845 phononL 0.004 1.44409 -0.719039 -0.0197206 0
0 5846 phononL 0.004 0.332026 0.235192 0.0227479 0
0 5847 phononL 0.004 -0.916633 1.00501 0.0218681 0
0 5848 phononL 0.004 -0.621874 -0.884497 0.0135499 0
0 5849 phononL 0.004 1.22145 -0.786622 0.0269101 0
0 5850 phononL 0.004 1.05125 -0.284105 0.0067203 0
0 5851 phononL 0.004 0.840028 0.852977 0.0376674 0
0 5852 phononL 0.004 0.90172 -0.399877 0.0146186 0
0 5853 phononL 0.004 0.710566 -0.216585 -0.00343872 0
0 5854 phononL 0.004 0.717944 -1.26511 -0.0243403 0
0 5855 phononL 0.004 -0.75211 0.653578 0.0269922 0
0 5856 phononL 0.004 -0.146836 1.33337 0.00555924 0
0 5857 phononL 0.004 -0.751259 -1.48236 0.00513166 0
0 5858 phononL 0.004 -0.964451 -0.883308 -0.0229615 0
0 5859 phononL 0.004 1.12351 -0.907107 0.0231764 0
0 5860 phononL 0.004 -0.661852 -0.858195 -0.0379517 0
0 5861 phononL 0.004 1.09094 -0.645957 0.000647197 0
0 5862 phononL 0.004 1.30835 1.34499 0.0199136 0
0 5863 phononL 0.004 0.611775 -1.14205 0.0284527 0
0 5864 phononL 0.004 0.207779 -1.3688 -0.0103202 0
0 5865 phononL 0.004 -0.248262 1.24036 -0.0119359 0
0 5866 phononL 0.004 1.09714 -0.971674 -0.0261649 0
0 5867 phononL 0.004 -0.154707 -0.52645 0.00374912 0
0 5868 phononL 0.004 -0.794202 1.37021 -0.0202296 0
0 5869 phononL 0.004 0.449814 -0.127254 -0.0218728 0
0 5870 phononL 0.004 -0.202138 -0.756291 -0.0393725 0
0 5871 phononL 0.004 -0.705605 -0.292036 0.0239281 0
0 5872 phononL 0.004 -0.300663 -1.29438 -0.0264932 0
0 5873 phononL 0.004 1.05066 0.720074 -0.011323 0
0 5874 phononL 0.004 1.20374 1.00644 0.0389035 0
0 5875 phononL 0.004 -0.67386 0.982312 -0.0219625 0
0 5876 phononL 0.004 1.3781 0.860608 0.0222466 0
0 5877 phononL 0.004 1.14118 -0.933258 0.00217846 0
0 5878 phononL 0.004 1.45778 1.12548 -0.00539135 0
0 5879 phononL 0.004 1.46926 0.286042 0.032435 0
0 5880 phononL 0.004 0.198786 0.168777 -0.00127364 0
0 5881 phononL 0.004 0.867515 -0.479239 0.0391495 0
0 5882 phononL 0.004 -0.263299 -1.02898 -0.000178154 0
0 5883 phononL 0.004 -0.0413445 0.427849 -0.00929594 0
0 5884 phononL 0.004 0.816691 0.924158 0.0112092 0
0 5885 phononL 0.004 1.28777 1.35755 0.0103449 0
0 5886 phononL 0.004 -1.03479 -0.743983 0.00707692 0
0 5887 phononL 0.004 -0.0610094 0.127495 -0.0134319 0
0 5888 phononL 0.004 -0.918969 0.264559 0.020562 0
0 5889 phononL 0.004 0.543236 1.15149 -0.00377073 0
0 5890 phononL 0.004 -0.195228 0.377959 -0.0036358 0
0 5891 phononL 0.004 0.352254 0.108638 -0.0194078 0
0 5892 phononL 0.004 -0.0698029 -0.00513917 -0.0130655 0
0 5893 phononL 0.004 -0.321253 1.12802 0.0355909 0
0 5894 phononL 0.004 0.92437 1.04766 0.0086889 0
0 5895 phononL 0.004 -0.901948 0.891754 0.0273946 0
0 5896 phononL 0.004 0.813832 0.363678 0.0243486 0
0 5897 phononL 0.004 0.156515 -1.26007 0.0266814 0
0 5898 phononL 0.004 -1.45059 -0.572165 0.0153442 0
0 5899 phononL 0.004 -1.02305 -0.0514153 0.0129447 0
0 5900 phononL 0.004 1.13286 0.562959 -0.00280001 0
0 5901 phononL 0.004 0.745315 1.38826 -0.0385931 0
0 5902 phononL 0.004 0.345508 0.0294246 -0.00738364 0
0 5903 phononL 0.004 1.3433 -0.153904 -0.0379075 0
0 5904 phononL 0.004 -0.952044 -0.0911518 0.00685657 0
0 5905 phononL 0.004 -0.686959 -0.743886 -0.0128284 0
0 5906 phononL 0.004 1.41497 -0.353111 -0.0303735 0
0 5907 phononL 0.004 0.946376 -0.428787 0.0294588 0
0 5908 phononL 0.004 1.48021 -0.787976 -0.01245 0
0 5909 phononL 0.004 -0.0951289 1.40639 -0.0163975 0
0 5910 phononL 0.004 -0.77458 -0.397199 0.0165095 0
0 5911 phononL 0.004 0.477991 -1.17853 -0.0381213 0
0 5912 phononL 0.004 0.54075 -0.981302 -0.0176814 0
0 5913 phononL 0.004 -0.755948 0.918973 0.0236053 0
0 5914 phononL 0.004 -1.16344 -0.24259 -0.0253618 0
0 5915 phononL 0.004 -0.921755 0.548853 0.0242295 0
0 5916 phononL 0.004 0.603625 0.723467 -0.00568596 0
0 5917 phononL 0.004 -1.29377 0.944943 0.0394777 0
0 5918 phononL 0.004 -0.798649 -0.573026 0.0294051 0
0 5919 phononL 0.004 1.04792 -0.514596 0.0373942 0
0 5920 phononL 0.004 -1.06666 0.989098 -4.19104e-05 0
0 5921 phononL 0.004 -0.768557 0.579199 0.0189599 0
0 5922 phononL 0.004 -1.43583 -1.26946 -0.021529 0
0 5923 phononL 0.004 0.90338 -0.713926 0.0398204 0
0 5924 phononL 0.004 -0.140888 1.29482 -0.002518 0
0 5925 phononL 0.004 -0.271538 -0.840538 -0.00505065 0
0 5926 phononL 0.004 1.23293 -0.0173147 -0.0212862 0
0 5927 phononL 0.004 -1.25806 -1.0286 0.0165142 0
0 5928 phononL 0.004 0.35779 -1.07492 0.0167899 0
0 5929 phononL 0.004 0.396121 0.264365 -0.0210729 0
0 5930 phononL 0.004 -0.0715417 0.377053 -0.00213251 0
0 5931 phononL 0.004 0.362128 1.39689 0.0218294 0
0 5932 phononL 0.004 -1.03864 1.38577 -0.000447356 0
0 5933 phononL 0.004 0.848764 -0.845178 -0.0200769 0
0 5934 phononL 0.004 0.423204 0.576098 -0.0180078 0
0 5935 phononL 0.004 -0.801524 0.404771 0.0154525 0
0 5936 phononL 0.004 0.618195 0.0313026 -0.00547417 0
0 5937 phononL 0.004 0.16648 -1.10831 -0.0112963 0
0 5938 phononL 0.004 0.0798329 0.467009 -0.0228344 0
0 5939 phononL 0.004 -0.0668999 -0.913984 -0.0221405 0
0 5940 phononL 0.004 1.40711 0.431301 0.0290901 0
0 5941 phononL 0.004 0.117736 -0.978355 0.00842461 0
0 5942 phononL 0.004 0.686508 -1.30036 -0.0010309 0
0 5943 phononL 0.004 -1.32361 1.09024 -0.0158336 0
0 5944 phononL 0.004 1.47447 -0.178912 -0.0271912 0
0 5945 phononL 0.004 1.44544 1.42494 0.0382174 0
0 5946 phononL 0.004 -0.88232 0.308329 0.0287374 0
0 5947 phononL 0.004 -1.03084 -1.02763 -0.0117388 0
0 5948 phononL 0.004 -0.735669 -0.574175 -0.0286043 0
0 5949 phononL 0.004 -0.0663196 0.61291 0.0189815 0
0 5950 phononL 0.004 -0.934678 1.23737 0.0324321 0
0 5951 phononL 0.004 0.365569 0.918252 -0.0140537 0
0 5952 phononL 0.004 -1.18707 -0.513687 -0.0353519 0
0 5953 phononL 0.004 -1.19946 -0.871938 0.0233355 0
0 5954 phononL 0.004 0.869312 -0.636622 0.0140659 0
0 5955 phononL 0.004 -0.337444 -1.35674 -5.40817e-06 0
0 5956 phononL 0.004 1.41032 0.120251 0.0204203 0
0 5957 phononL 0.004 0.569192 -1.22661 -0.029781 0
0 5958 phononL 0.004 -0.520452 0.246257 -0.00712352 0
0 5959 phononL 0.004 -0.682152 0.930819 -0.0338142 0
0 5960 phononL 0.004 -0.155641 -0.441807 -0.0344937 0
0 5961 phononL 0.004 1.3128 0.425625 0.0137603 0
0 5962 phononL 0.004 1.11816 -0.888507 -0.025227 0
0 5963 phononL 0.004 0.561422 -0.00778756 0.00216652 0
0 5964 phononL 0.004 -0.576439 0.49435 -0.0343983 0
0 5965 phononL 0.004 -0.0308266 -1.1822 -0.0277899 0
0 5966 phononL 0.004 -1.07427 0.758481 0.0223997 0
0 5967 phononL 0.004 1.43798 -0.725362 -0.0213326 0
0 5968 phononL 0.004 -0.420618 0.301429 0.0133941 0
0 5969 phononL 0.004 0.383679 0.32024 -0.0172336 0
0 5970 phononL 0.004 1.44986 -0.792447 -0.00761102 0
0 5971 phononL 0.004 -0.977082 -0.204304 -0.0279339 0
0 5972 phononL 0.004 -0.982997 -0.618877 -0.00404027 0
0 5973 phononL 0.004 0.991746 1.13761 -0.0328528 0
0 5974 phononL 0.004 0.0310389 -0.922392 -0.0355844 0
0 5975 phononL 0.004 0.0255483 -0.827953 -0.00209614 0
0 5976 phononL 0.004 -0.601968 -0.598006 -0.004345 0
0 5977 phononL 0.004 0.278231 -1.36046 0.0225428 0
0 5978 phononL 0.004 0.52304 -1.089 -0.0227733 0
0 5979 phononL 0.004 -0.564765 1.14012 -0.03388 0
0 5980 phononL 0.004 0.567619 0.387449 -0.015519 0
0 5981 phononL 0.004 1.08828 -0.14495 0.0111816 0
0 5982 phononL 0.004 0.611465 -0.0575672 -0.000104257 0
0 5983 phononL 0.004 -1.15049 0.846362 0.0384938 0
0 5984 phononL 0.004 1.34815 -0.495253 0.0230397 0
0 5985 phononL 0.004 -0.529479 1.27829 -0.0310516 0
0 5986 phononL 0.004 -1.05485 -0.797421 -0.0287431 0
0 5987 phononL 0.004 -0.204777 0.598833 0.0360606 0
0 5988 phononL 0.004 -0.963084 -1.02349 0.016727 0
0 5989 phononL 0.004 1.49151 0.676493 0.0107606 0
0 5990 phononL 0.004 -0.378676 1.16326 -0.0270677 0
0 5991 phononL 0.004 0.395057 0.332379 0.00843736 0
0 5992 phononL 0.004 0.681269 -0.0372204 -0.022912 0
0 5993 phononL 0.004 -0.184913 -0.0586362 0.0288631 0
0 5994 phononL 0.004 -1.4024 1.04272 -0.00175363 0
0 5995 phononL 0.004 0.137968 1.24155 -0.00375356 0
0 5996 phononL 0.004 0.851074 -1.27953 0.0255101 0
0 5997 phononL 0.004 0.659625 0.16988 -0.0190099 0
0 5998 phononL 0.004 -1.3884 1.17718 -0.038313 0
0 5999 phononL 0.004 -0.495736 -0.248465 0.0198634 0
0 6000 phononL 0.004 -0.203705 -0.664681 0.00119676 0
0 6001 phononL 0.004 -1.24738 -0.25433 0.0264481 0
0 6002 phononL 0.004 0.196986 1.22411 0.00704156 0
0 6003 phononL 0.004 0.109862 -0.460113 -0.0149273 0
0 6004 phononL 0.004 0.797161 -0.477417 0.00983845 0
0 6005 phononL 0.004 0.651481 -0.714192 0.0391468 0
0 6006 phononL 0.004 0.20161 0.916468 0.0370003 0
0 6007 phononL 0.004 -0.494958 -0.534938 0.0149121 0
0 6008 phononL 0.004 -0.73619 1.06639 -0.00357227 0
0 6009 phononL 0.004 -0.0552356 -0.423169 0.037652 0
0 6010 phononL 0.004 -0.961802 -1.24195 0.0208998 0
0 6011 phononL 0.004 -1.27622 0.871793 -0.0267974 0
0 6012 phononL 0.004 0.771403 0.465191 -0.0119394 0
0 6013 phononL 0.004 -1.28082 0.424765 -0.0120755 0
0 6014 phononL 0.004 -1.29748 -0.802766 0.00851732 0
0 6015 phononL 0.004 -1.44339 0.420453 0.0157868 0
0 6016 phononL 0.004 0.63572 -0.764555 0.0289928 0
0 6017 phononL 0.004 1.41288 -0.250557 0.00720698 0
0 6018 phononL 0.004 0.470233 -0.990288 0.0190969 0
0 6019 phononL 0.004 0.985977 -0.531778 0.0163238 0
0 6020 phononL 0.004 -0.408557 1.2212 0.0289274 0
0 6021 phononL 0.004 -0.689041 -0.149658 -0.026382 0
0 6022 phononL 0.004 -0.756323 0.276537 0.00477671 0
0 6023 phononL 0.004 1.13643 -0.828504 -0.0186241 0
0 6024 phononL 0.004 1.26439 -0.0282568 -0.0382915 0
0 6025 phononL 0.004 0.733442 0.598595 -0.00705797 0
0 6026 phononL 0.004 0.661446 0.901267 -0.00873305 0
0 6027 phononL 0.004 1.12455 -0.538272 -0.00365044 0
0 6028 phononL 0.004 0.695045 -0.205104 -0.0163625 0
0 6029 phononL 0.004 1.06118 0.128938 -0.034112 0
0 6030 phononL 0.004 -1.34266 0.86119 -0.0186934 0
0 6031 phononL 0.004 0.0952414 0.305748 -0.0117606 0
0 6032 phononL 0.004 -1.27628 0.341767 0.0363279 0
0 6033 phononL 0.004 1.22843 0.507088 0.0189187 0
0 6034 phononL 0.004 0.272322 -1.23881 0.020077 0
0 6035 phononL 0.004 0.367894 0.259881 -0.0319465 0
0 6036 phononL 0.004 -0.525532 -0.291049 0.0374422 0
0 6037 phononL 0.004 -0.951625 -0.417912 0.0101938 0
0 6038 phononL 0.004 0.847582 1.01584 0.0208974 0
0 6039 phononL 0.004 0.75334 -0.499609 -0.018542 0
0 6040 phononL 0.004 0.000535306 0.348167 0.0196256 0
0 6041 phononL 0.004 -1.00203 -0.576075 -0.00218888 0
0 6042 phononL 0.004 -1.02671 -0.0758302 0.00561343 0
0 6043 phononL 0.004 -1.23763 -0.536923 -0.0103178 0
0 6044 phononL 0.004 -0.857396 -1.45527 0.00780589 0
0 6045 phononL 0.004 -0.42208 -1.04062 0.0279104 0
0 6046 phononL 0.004 -1.29621 0.651823 0.0361364 0
0 6047 phononL 0.004 -1.09121 0.55476 0.0164793 0
0 6048 phononL 0.004 0.848371 -1.46267 0.00669997 0
0 6049 phononL 0.004 -1.38256 -0.937887 0.0333241 0
0 6050 phononL 0.004 0.985456 0.553346 -0.0118757 0
0 6051 phononL 0.004 0.52166 0.667348 0.00783912 0
0 6052 phononL 0.004 1.25647 -0.916343 -0.0022566 0
0 6053 phononL 0.004 -0.845621 -0.0782581 0.00327478 0
0 6054 phononL 0.004 0.205658 -1.29249 0.0198922 0
0 6055 phononL 0.004 -1.47732 0.192051 -0.033797 0
0 6056 phononL 0.004 1.06616 -0.717999 0.0125134 0
0 6057 phononL 0.004 -0.304684 -0.877784 -0.0146141 0
0 6058 phononL 0.004 -0.262872 0.993857 0.0379569 0
0 6059 phononL 0.004 -0.847992 1.00275 -0.0102772 0
0 6060 phononL 0.004 -0.320742 1.09434 -0.00147228 0
0 6061 phononL 0.004 1.33082 0.0721964 0.00541882 0
0 6062 phononL 0.004 0.651873 0.492469 -0.0284498 0
0 6063 phononL 0.004 -0.742073 0.23473 -0.0235204 0
0 6064 phononL 0.004 0.497841 -0.322177 0.0175564 0
0 6065 phononL 0.004 0.588341 1.06498 0.00417668 0
0 6066 phononL 0.004 1.0133 -0.189909 -0.0339359 0
0 6067 phononL 0.004 1.13075 -0.210686 0.0210708 0
0 6068 phononL 0.004 0.452844 1.50087 -0.00862531 0
0 6069 phononL 0.004 -1.22838 0.586593 0.0158931 0
0 6070 phononL 0.004 0.927859 0.106027 -0.0319522 0
0 6071 phononL 0.004 -0.384681 0.19795 0.0147466 0
0 6072 phononL 0.004 0.894692 -0.769431 0.00784108 0
0 6073 phononL 0.004 -0.72214 -0.171276 0.0132223 0
0 6074 phononL 0.004 0.317797 1.01065 -0.0208832 0
0 6075 phononL 0.004 -0.793928 1.22872 0.0365882 0
0 6076 phononL 0.004 -1.19123 0.983635 -0.0222447 0
0 6077 phononL 0.004 -0.267508 0.217344 -0.0259972 0
0 6078 phononL 0.004 1.13838 -1.04629 0.0363763 0
0 6079 phononL 0.004 -0.195996 -1.15005 0.0101981 0
0 6080 phononL 0.004 -1.2819 0.43615 0.0262935 0
0 6081 phononL 0.004 0.6826 -1.49317 0.0343173 0
0 6082 phononL 0.004 -0.878129 -1.36478 0.0247056 0
0 6083 phononL 0.004 -0.259864 -1.03456 -0.012089 0
0 6084 phononL 0.004 0.515883 -0.657536 0.0367156 0
0 6085 phononL 0.004 -1.49263 -0.532375 0.0111039 0
0 6086 phononL 0.004 -0.810192 0.389307 -0.00396476 0
0 6087 phononL 0.004 1.49675 -1.34808 0.00544102 0
0 6088 phononL 0.004 -0.929256 -0.567377 -0.0382568 0
0 6089 phononL 0.004 0.334763 -0.815174 0.00624548 0
0 6090 phononL 0.004 0.110466 -1.37893 -0.0133245 0
0 6091 phononL 0.004 1.45669 -0.854084 0.034852 0
0 6092 phononL 0.004 0.0801589 0.924479 -0.0308121 0
0 6093 phononL 0.004 -1.1308 -0.713284 0.0342985 0
0 6094 phononL 0.004 -0.675311 0.902082 0.0257491 0
0 6095 phononL 0.004 -1.03758 -1.42347 0.00326939 0
0 6096 phononL 0.004 -0.298506 1.42831 0.00403717 0
0 6097 phononL 0.004 1.01909 -1.05797 0.0297982 0
0 6098 phononL 0.004 -0.0742015 -0.797545 -0.00613963 0
0 6099 phononL 0.004 0.843293 -0.889482 -0.00929058 0
0 6100 phononL 0.004 0.78555 1.209 -0.0334588 0
0 6101 phononL 0.004 0.96072 1.05431 -0.0221691 0
0 6102 phononL 0.004 1.33128 -1.37887 -0.0152185 0
0 6103 phononL 0.004 0.14028 -0.33177 0.0126178 0
0 6104 phononL 0.004 -0.997094 -0.812313 -0.0231643 0
0 6105 phononL 0.004 0.438025 -0.637314 0.0100623 0
0 6106 phononL 0.004 0.304633 -0.675441 -0.0251078 0
0 6107 phononL 0.004 0.030525 -1.36948 -0.0180918 0
0 6108 phononL 0.004 1.40451 -1.39066 -0.0286415 0
0 6109 phononL 0.004 -0.812042 -0.0330989 -0.0208185 0
0 6110 phononL 0.004 -1.11412 1.28652 0.0214141 0
0 6111 phononL 0.004 1.3215 -1.45224 -0.000839509 0
0 6112 phononL 0.004 1.2036 -1.12073 0.0165916 0
0 6113 phononL 0.004 -0.474296 -0.208809 4.28991e-05 0
0 6114 phononL 0.004 1.37788 1.48403 0.0127519 0
0 6115 phononL 0.004 1.04859 0.347389 -0.0364753 0
0 6116 phononL 0.004 0.933911 -1.10259 0.0221462 0
0 6117 phononL 0.004 0.765817 -1.24127 0.031161 0
0 6118 phononL 0.004 -0.18916 1.05906 -0.031939 0
0 6119 phononL 0.004 -1.0009 0.410473 -0.00288868 0
0 6120 phononL 0.004 -1.39841 -0.0421619 -0.0375176 0
0 6121 phononL 0.004 -1.28893 -1.15798 0.03937 0
0 6122 phononL 0.004 0.0521358 -0.275089 -0.0313414 0
0 6123 phononL 0.004 1.2382 -0.969828 0.00593663 0
0 6124 phononL 0.004 -1.43589 0.246723 0.00527304 0
0 6125 phononL 0.004 0.569107 -1.00494 0.0295988 0
0 6126 phononL 0.004 0.805425 -0.423508 -0.00601446 0
0 6127 phononL 0.004 -1.49554 0.372309 0.0155858 0
0 6128 phononL 0.004 0.640813 0.226113 0.0327353 0
0 6129 phononL 0.004 1.15089 0.284888 0.0375875 0
0 6130 phononL 0.004 -0.648589 0.53001 0.0227178 0
0 6131 phononL 0.004 0.413364 -0.630617 -0.0289481 0
0 6132 phononL 0.004 0.733675 -0.0189053 -0.0310434 0
0 6133 phononL 0.004 -0.405622 0.33817 -0.0137238 0
0 6134 phononL 0.004 0.836306 -1.48575 -0.0313753 0
0 6135 phononL 0.004 -1.09138 -0.236233 -0.0151415 0
0 6136 phononL 0.004 -0.896454 0.573353 0.00870451 0
0 6137 phononL 0.004 -0.7595 1.23392 0.000817759 0
0 6138 phononL 0.004 -0.934366 1.03098 -0.023994 0
0 6139 phononL 0.004 -0.240122 -1.27662 0.03547 0
0 6140 phononL 0.004 0.547047 1.40649 0.0284056 0
0 6141 phononL 0.004 -0.195638 0.492834 -0.007037 0
0 6142 phononL 0.004 0.166199 0.780507 -0.00965675 0
0 6143 phononL 0.004 0.650317 0.228915 0.0336055 0
0 6144 phononL 0.004 1.29536 1.50511 -0.0375122 0
0 6145 phononL 0.004 1.02532 -0.0957443 -0.0106789 0
0 6146 phononL 0.004 0.333678 0.660629 -0.00552892 0
0 6147 phononL 0.004 -0.98985 0.405012 -0.00540711 0
0 6148 phononL 0.004 1.24078 1.29544 0.030201 0
0 6149 phononL 0.004 -1.46628 1.00823 -0.0284247 0
0 6150 phononL 0.004 0.244597 1.36273 0.00648374 0
0 6151 phononL 0.004 1.04475 0.64632 -0.0191707 0
0 6152 phononL 0.004 -1.2398 0.699491 -0.00119309 0
0 6153 phononL 0.004 1.32588 -1.0321 0.0319584 0
0 6154 phononL 0.004 0.456075 -0.410884 -0.0240911 0
0 6155 phononL 0.004 1.38638 0.936842 -0.0140001 0
0 6156 phononL 0.004 -0.108007 0.857687 -0.0274426 0
0 6157 phononL 0.004 -1.19578 -1.49431 0.0199061 0
0 6158 phononL 0.004 0.743429 0.749838 0.015679 0
0 6159 phononL 0.004 -0.552876 1.15774 0.0256572 0
0 6160 phononL 0.004 1.10352 0.34823 0.0393402 0
0 6161 phononL 0.004 -0.231193 -1.34089 0.0255667 0
0 6162 phononL 0.004 1.20723 -0.65827 -0.0225336 0
0 6163 phononL 0.004 0.105733 -1.39911 -0.0238542 0
0 6164 phononL 0.004 -1.47931 1.3377 0.0363569 0
0 6165 phononL 0.004 -0.434923 -1.23933 0.0127185 0
0 6166 phononL 0.004 -1.10621 0.0800091 0.00731181 0
0 6167 phononL 0.004 -0.524079 -0.154974 0.00117501 0
0 6168 phononL 0.004 0.434326 -0.309126 -0.0227808 0
0 6169 phononL 0.004 0.408161 0.807913 0.00962791 0
0 6170 phononL 0.004 1.05003 1.45669 0.00455171 0
0 6171 phononL 0.004 -0.787157 0.653767 -0.00914704 0
0 6172 phononL 0.004 1.44651 1.26744 0.00696582 0
0 6173 phononL 0.004 -0.491469 -0.353575 0.00354792 0
0 6174 phononL 0.004 -1.38064 0.15765 0.0335914 0
0 6175 phononL 0.004 1.02559 0.933529 -0.0328106 0
0 6176 phononL 0.004 -0.8984 -1.12741 0.0329541 0
0 6177 phononL 0.004 -0.505969 -0.598467 0.0226481 0
0 6178 phononL 0.004 1.23082 0.613941 -0.0220093 0
0 6179 phononL 0.004 1.17391 -0.66275 0.0142243 0
0 6180 phononL 0.004 0.518599 0.254357 0.018225 0
0 6181 phononL 0.004 1.29486 0.101874 0.0072603 0
0 6182 phononL 0.004 -0.309066 1.00556 0.00477421 0
0 6183 phononL 0.004 1.39261 -1.23454 0.0181124 0
0 6184 phononL 0.004 -1.00757 0.395242 -0.0166122 0
0 6185 phononL 0.004 1.3934 1.25383 -0.0258203 0
0 6186 phononL 0.004 -0.548245 -0.864262 0.0108895 0
0 6187 phononL 0.004 -0.506871 0.616041 -0.0315442 0
0 6188 phononL 0.004 1.01141 -0.885715 -0.0177525 0
0 6189 phononL 0.004 1.09891 0.483781 0.0335457 0
0 6190 phononL 0.004 -0.826358 0.538596 -0.0238164 0
0 6191 phononL 0.004 0.0792753 -0.279706 0.00948179 0
0 6192 phononL 0.004 -0.572179 0.292822 -0.02608 0
0 6193 phononL 0.004 -1.36389 -1.46829 0.0160022 0
0 6194 phononL 0.004 -0.919035 0.157125 0.0330098 0
0 6195 phononL 0.004 -1.17835 -0.968241 0.024429 0
0 6196 phononL 0.004 0.144578 0.210834 -0.0357824 0
0 6197 phononL 0.004 0.981527 -0.310782 0.00750908 0
0 6198 phononL 0.004 -0.121042 0.581933 0.017119 0
0 6199 phononL 0.004 -0.961816 0.509989 0.0232405 0
0 6200 phononL 0.004 -1.31358 0.0451449 -0.00382292 0
0 6201 phononL 0.004 -0.61806 -0.358665 0.0182684 0
0 6202 phononL 0.004 0.887076 1.1866 -0.0110117 0
0 6203 phononL 0.004 0.0878786 1.43168 -0.00982141 0
0 6204 phononL 0.004 1.02472 -0.461697 -0.0089228 0
0 6205 phononL 0.004 -0.310773 -0.497697 -0.00741957 0
0 6206 phononL 0.004 0.454918 -0.374535 -0.00828219 0
0 6207 phononL 0.004 -0.366807 0.130649 -0.0346843 0
0 6208 phononL 0.004 1.42593 -1.00815 0.014877 0
0 6209 phononL 0.004 -0.53317 1.09496 -0.011466 0
0 6210 phononL 0.004 1.12516 -0.963261 0.0156004 0
0 6211 phononL 0.004 -1.31959 -1.01255 0.0298061 0
0 6212 phononL 0.004 1.18212 -0.555679 0.0147619 0
0 6213 phononL 0.004 1.16209 1.47502 0.0138725 0
0 6214 phononL 0.004 -0.85211 -0.798694 0.0130551 0
0 6215 phononL 0.004 0.822315 -1.35701 -0.0017853 0
0 6216 phononL 0.004 0.119051 0.935802 0.0324135 0
0 6217 phononL 0.004 0.73927 -0.621783 -0.0325891 0
0 6218 phononL 0.004 0.361371 -1.14866 -0.0366817 0
0 6219 phononL 0.004 1.27647 1.1194 0.0208292 0
0 6220 phononL 0.004 0.925866 0.275107 -0.0342955 0
0 6221 phononL 0.004 0.712017 0.606715 0.0258939 0
0 6222 phononL 0.004 -0.570362 -0.791121 -0.0339627 0
0 6223 phononL 0.004 1.33266 -0.156507 0.0284211 0
0 6224 phononL 0.004 -1.50148 0.49181 0.0291295 0
0 6225 phononL 0.004 0.657064 -0.809608 -0.0168906 0
0 6226 phononL 0.004 -1.435 -1.11232 0.027548 0
0 6227 phononL 0.004 -0.235742 0.613526 0.0347925 0
0 6228 phononL 0.004 -0.0424057 0.371997 -6.7355e-05 0
0 6229 phononL 0.004 0.99414 1.38765 -0.0259825 0
0 6230 phononL 0.004 -0.427901 0.920741 0.000425591 0
0 6231 phononL 0.004 1.3944 1.34983 0.00361387 0
0 6232 phononL 0.004 0.627889 0.983098 -0.0196459 0
0 6233 phononL 0.004 -1.10706 0.711271 -0.0376074 0
0 6234 phononL 0.004 0.365592 -0.34203 -0.0326619 0
0 6235 phononL 0.004 0.111574 0.0423151 -0.00362881 0
0 6236 phononL 0.004 1.2855 -1.18508 -0.0222357 0
0 6237 phononL 0.004 0.637803 -0.672607 -0.00269914 0
0 6238 phononL 0.004 -1.0906 -0.755971 -0.00327647 0
0 6239 phononL 0.004 1.16155 0.507194 0.0209628 0
0 6240 phononL 0.004 -0.807991 -1.04161 -0.0264358 0
0 6241 phononL 0.004 -0.916354 -0.179415 0.000256158 0
0 6242 phononL 0.004 -0.985605 -0.946553 -0.00113709 0
0 6243 phononL 0.004 1.19286 0.139313 -0.0168772 0
0 6244 phononL 0.004 -1.43174 1.50743 0.0255789 0
0 6245 phononL 0.004 -0.381128 1.0601 -0.0140361 0
0 6246 phononL 0.004 1.46501 1.03421 0.033999 0
0 6247 phononL 0.004 -0.43588 1.03572 0.013874 0
0 6248 phononL 0.004 -0.0644259 -0.971931 -0.0172079 0
0 6249 phononL 0.004 1.30845 0.582831 -0.0329362 0
0 6250 phononL 0.004 0.764627 0.575793 -0.00183998 0
0 6251 phononL 0.004 0.37586 -0.969578 -0.0257762 0
0 6252 phononL 0.004 0.205977 -1.09737 0.0258551 0
0 6253 phononL 0.004 -1.48399 1.19 0.00410916 0
0 6254 phononL 0.004 0.561195 -0.278156 -0.0145904 0
0 6255 phononL 0.004 1.36789 -1.25288 0.0284189 0
0 6256 phononL 0.004 1.40788 0.638573 0.00505369 0
0 6257 phononL 0.004 1.37163 -1.44442 -0.00777492 0
0 6258 phononL 0.004 -1.47723 -1.16513 -0.0216211 0
0 6259 phononL 0.004 0.126759 -0.821465 0.0196402 0
0 6260 phononL 0.004 -0.434802 -0.457524 -0.000788035 0
0 6261 phononL 0.004 1.09009 1.41689 0.0242225 0
0 6262 phononL 0.004 -0.260947 -0.250698 0.00959248 0
0 6263 phononL 0.004 -0.128955 -0.64883 -0.020996 0
0 6264 phononL 0.004 -0.752193 -0.025233 0.0242273 0
0 6265 phononL 0.004 -0.335459 -0.133324 0.0234299 0
0 6266 phononL 0.004 0.72411 0.812995 -0.0393763 0
0 6267 phononL 0.004 -0.442868 0.304482 0.00553797 0
0 6268 phononL 0.004 -1.38712 1.37612 -0.0381815 0
0 6269 phononL 0.004 -0.397961 1.44156 0.0206323 0
0 6270 phononL 0.004 1.34015 -0.0934569 0.00352618 0
0 6271 phononL 0.004 -0.726555 -1.25642 0.0234816 0
0 6272 phononL 0.004 -0.722974 0.664156 0.0276426 0
0 6273 phononL 0.004 -1.22604 -1.06198 0.0321427 0
0 6274 phononL 0.004 1.0248 1.06676 -0.0149007 0
0 6275 phononL 0.004 1.30936 1.35162 0.0242023 0
0 6276 phononL 0.004 0.233291 -1.26892 -0.00599633 0
0 6277 phononL 0.004 0.0784985 -0.645441 0.018922 0
0 6278 phononL 0.004 0.978284 -1.14146 -0.0227837 0
0 6279 phononL 0.004 0.36452 -1.16013 -0.0210881 0
0 6280 phononL 0.004 0.558053 0.450189 0.0261269 0
0 6281 phononL 0.004 -1.35804 1.08211 -0.00385727 0
0 6282 phononL 0.004 1.46187 0.764282 0.0023678 0
0 6283 phononL 0.004 0.105199 0.766507 0.00892088 0
0 6284 phononL 0.004 1.15304 -1.27687 0.0230267 0
0 6285 phononL 0.004 -0.832869 0.0727725 0.00358735 0
0 6286 phononL 0.004 0.192747 -1.43606 -0.0251001 0
0 6287 phononL 0.004 -1.26012 -1.1272 0.0163002 0
0 6288 phononL 0.004 0.542874 1.32735 0.00843038 0
0 6289 phononL 0.004 0.176903 0.470127 0.030067 0
0 6290 phononL 0.004 -0.624222 -0.683927 -0.024662 0
0 6291 phononL 0.004 0.262918 0.24457 0.0396938 0
0 6292 phononL 0.004 0.591016 0.348964 0.0198927 0
0 6293 phononL 0.004 -0.598589 1.01729 -0.00715851 0
0 6294 phononL 0.004 0.459979 0.693144 0.0252698 0
0 6295 phononL 0.004 -0.541516 -0.19051 0.0113275 0
0 6296 phononL 0.004 -0.221707 0.61239 -0.0281414 0
0 6297 phononL 0.004 0.509718 -1.3892 -0.000784166 0
0 6298 phononL 0.004 1.12436 1.09831 -0.00471917 0
0 6299 phononL 0.004 0.561245 0.66164 -0.0111422 0
0 6300 phononL 0.004 1.01741 0.707803 -0.0269968 0
0 6301 phononL 0.004 1.3295 0.226456 0.0173014 0
0 6302 phononL 0.004 0.726054 -0.348274 0.0170718 0
0 6303 phononL 0.004 0.233442 -1.1669 -0.0341591 0
0 6304 phononL 0.004 -1.43164 -1.2862 0.0210503 0
0 6305 phononL 0.004 0.217033 -0.510362 0.0167876 0
0 6306 phononL 0.004 0.836104 0.532339 0.0131033 0
0 6307 phononL 0.004 0.762837 -0.713408 0.00800331 0
0 6308 phononL 0.004 0.333518 -0.786237 -0.033885 0
0 6309 phononL 0.004 0.528417 1.07903 -0.0119671 0
0 6310 phononL 0.004 -0.72487 1.14883 0.0154469 0
0 6311 phononL 0.004 -0.0645248 0.155255 -0.0286544 0
0 6312 phononL 0.004 0.738081 -1.26647 -0.00234687 0
0 6313 phononL 0.004 0.953979 -0.433198 0.0196662 0
0 6314 phononL 0.004 -1.18021 1.45815 0.00369207 0
0 6315 phononL 0.004 1.26718 1.20102 -0.0300297 0
0 6316 phononL 0.004 -1.37163 0.0336624 -0.00201658 0
0 6317 phononL 0.004 0.710398 -1.25367 -0.0167828 0
0 6318 phononL 0.004 1.13978 -0.311019 0.000894014 0
0 6319 phononL 0.004 0.276767 0.056744 -0.0381302 0
0 6320 phononL 0.004 -0.636335 0.769335 0.0290754 0
0 6321 phononL 0.004 1.07874 1.02583 -0.00492322 0
0 6322 phononL 0.004 0.228044 -1.08352 0.0302414 0
0 6323 phononL 0.004 -1.14282 1.37631 -0.00836226 0
0 6324 phononL 0.004 0.826473 0.0315685 -0.0131138 0
0 6325 phononL 0.004 0.970507 0.499853 0.0265583 0
0 6326 phononL 0.004 0.0231972 1.04544 0.00723291 0
0 6327 phononL 0.004 -0.0162328 -0.777728 -0.0369459 0
0 6328 phononL 0.004 -1.23092 0.791872 0.0220329 0
0 6329 phononL 0.004 -1.02744 1.26646 -0.0110339 0
0 6330 phononL 0.004 0.798735 -0.676727 -0.039502 0
0 6331 phononL 0.004 0.799889 -1.49083 -0.018343 0
0 6332 phononL 0.004 1.40012 -0.0734329 -0.00998161 0
0 6333 phononL 0.004 1.16634 -0.381299 -0.0342099 0
0 6334 phononL 0.004 0.62626 0.312298 0.0118851 0
0 6335 phononL 0.004 1.18836 -0.194898 -0.00580846 0
0 6336 phononL 0.004 0.249724 -0.839589 -0.0344114 0
0 6337 phononL 0.004 0.448455 0.31868 0.0280745 0
0 6338 phononL 0.004 -1.04974 0.301538 0.0259017 0
0 6339 phononL 0.004 0.923779 -0.0960425 0.022668 0
0 6340 phononL 0.004 0.665196 -1.2459 -0.0156562 0
0 6341 phononL 0.004 0.155761 0.868994 -0.0396591 0
0 6342 phononL 0.004 0.102785 -0.501856 -0.00909812 0
0 6343 phononL 0.004 -0.0168064 1.267 -0.0104492 0
0 6344 phononL 0.004 1.03806 0.233852 -0.00296536 0
0 6345 phononL 0.004 0.887139 0.892666 -0.0368166 0
0 6346 phononL 0.004 -0.79337 -0.217331 -0.0290554 0
0 6347 phononL 0.004 0.447688 -1.33383 0.0142596 0
0 6348 phononL 0.004 -0.409613 -1.10896 -0.00287834 0
0 6349 phononL 0.004 -0.836225 0.930893 -0.0098905 0
0 6350 phononL 0.004 -0.488138 1.30609 -0.00170895 0
0 6351 phononL 0.004 -0.78489 -1.17233 -0.013897 0
0 6352 phononL 0.004 -0.669851 -0.404898 -0.0250042 0
0 6353 phononL 0.004 0.874049 0.213086 -0.0108463 0
0 6354 phononL 0.004 0.08309 -0.964548 0.0131837 0
0 6355 phononL 0.004 0.558199 -1.1726 0.036487 0
0 6356 phononL 0.004 0.207103 1.2108 -0.00854408 0
0 6357 phononL 0.004 1.47339 0.414292 0.00629155 0
0 6358 phononL 0.004 -0.26995 1.10154 0.00658738 0
0 6359 phononL 0.004 0.0915972 -1.19354 -0.0121704 0
0 6360 phononL 0.004 1.29802 -0.556146 0.0246066 0
0 6361 phononL 0.004 1.14499 -0.388109 -0.0293595 0
0 6362 phononL 0.004 -1.28398 -0.817261 -0.0286387 0
0 6363 phononL 0.004 1.07765 1.30976 -0.0130378 0
0 6364 phononL 0.004 0.23253 0.820758 -0.0276714 0
0 6365 phononL 0.004 -1.07253 -1.33148 -0.0191651 0
0 6366 phononL 0.004 -0.900282 1.28978 -0.00131936 0
0 6367 phononL 0.004 0.479703 1.23486 -0.00341225 0
0 6368 phononL 0.004 -0.272602 0.827127 0.0266666 0
0 6369 phononL 0.004 0.924343 -0.182565 -0.0245973 0
0 6370 phononL 0.004 0.562551 1.36987 0.0320984 0
0 6371 phononL 0.004 -0.796442 0.833684 0.0132694 0
0 6372 phononL 0.004 -0.314198 -0.178799 -0.0263663 0
0 6373 phononL 0.004 -1.46909 0.233698 0.0171263 0
0 6374 phononL 0.004 -0.326203 0.248378 0.0203038 0
0 6375 phononL 0.004 0.195924 1.19135 -0.00582686 0
0 6376 phononL 0.004 0.714072 -0.348599 -0.00674022 0
0 6377 phononL 0.004 0.866728 -0.881324 -0.0380704 0
0 6378 phononL 0.004 0.579371 -1.2962 -0.0365317 0
0 6379 phononL 0.004 -0.505415 0.774524 0.0117765 0
0 6380 phononL 0.004 -0.402106 -0.405329 0.0312895 0
0 6381 phononL 0.004 1.3926 -1.12818 -0.0037985 0
0 6382 phononL 0.004 -0.401045 -0.770006 -0.0155968 0
0 6383 phononL 0.004 -0.894063 -0.769938 0.0187399 0
0 6384 phononL 0.004 -0.221026 0.940393 0.0292365 0
0 6385 phononL 0.004 0.414683 0.0940898 -0.00277051 0
0 6386 phononL 0.004 0.267543 -0.273873 -0.0143877 0
0 6387 phononL 0.004 1.46208 0.722073 0.0259531 0
0 6388 phononL 0.004 0.855531 0.197324 0.000720045 0
0 6389 phononL 0.004 0.997601 -0.930984 -0.0312484 0
0 6390 phononL 0.004 0.318466 1.12532 0.0379306 0
0 6391 phononL 0.004 0.774402 1.33159 -0.0383048 0
0 6392 phononL 0.004 -0.830729 0.479174 0.0178537 0
0 6393 phononL 0.004 0.480385 1.05205 -0.00539754 0
0 6394 phononL 0.004 0.546852 1.4131 -0.0306244 0
0 6395 phononL 0.004 -1.1803 -0.756763 0.0173298 0
0 6396 phononL 0.004 0.644717 0.840622 -0.0363504 0
0 6397 phononL 0.004 -1.27177 -1.01697 0.00981263 0
0 6398 phononL 0.004 1.05303 0.767222 0.0314217 0
0 6399 phononL 0.004 1.00854 -1.43516 -0.0126949 0
0 6400 phononL 0.004 0.00363099 0.743028 0.0282214 0
0 6401 phononL 0.004 0.415338 -0.994784 0.0057407 0
0 6402 phononL 0.004 1.33449 -1.34736 -0.00886276 0
0 6403 phononL 0.004 0.575016 -0.700855 0.0147954 0
0 6404 phononL 0.004 1.04664 -0.459889 0.0195765 0
0 6405 phononL 0.004 1.11501 -1.24586 -0.00884367 0
0 6406 phononL 0.004 0.220175 -0.172213 0.0309906 0
0 6407 phononL 0.004 0.766746 -1.40939 -0.0301142 0
0 6408 phononL 0.004 0.37273 -0.275119 0.0090446 0
0 6409 phononL 0.004 -1.11542 1.08631 -0.0226721 0
0 6410 phononL 0.004 0.368376 -0.862398 0.0315331 0
0 6411 phononL 0.004 1.06903 -0.956524 -0.033596 0
0 6412 phononL 0.004 1.31561 -0.633347 -0.016479 0
0 6413 phononL 0.004 1.39504 -0.959852 -0.00791912 0
0 6414 phononL 0.004 0.238589 0.918281 0.0159619 0
0 6415 phononL 0.004 1.25829 -0.826116 -0.00315977 0
0 6416 phononL 0.004 -0.284099 -1.29289 0.0104273 0
0 6417 phononL 0.004 -1.16364 -0.442679 0.0255642 0
0 6418 phononL 0.004 1.05839 0.474054 -0.00151128 0
0 6419 phononL 0.004 -1.24511 0.154443 0.0130436 0
0 6420 phononL 0.004 -1.0302 0.145066 0.00144788 0
0 6421 phononL 0.004 0.251338 1.17619 0.0391021 0
0 6422 phononL 0.004 -1.39541 -0.823144 0.0234674 0
0 6423 phononL 0.004 1.24798 -0.721125 0.00693483 0
0 6424 phononL 0.004 0.803191 -0.700276 -0.0287633 0
0 6425 phononL 0.004 -1.16019 -0.28049 -0.00388456 0
0 6426 phononL 0.004 0.955345 -1.01978 0.0312553 0
0 6427 phononL 0.004 0.685138 -1.23074 -0.0226008 0
0 6428 phononL 0.004 1.36624 0.031479 0.0310178 0
0 6429 phononL 0.004 -0.987984 0.761386 -0.0132222 0
0 6430 phononL 0.004 -1.1027 -0.742104 -0.00541702 0
0 6431 phononL 0.004 0.667324 0.106323 0.00642844 0
0 6432 phononL 0.004 -1.23761 0.698304 -0.0143946 0
0 6433 phononL 0.004 -1.37406 0.543754 -0.00601843 0
0 6434 phononL 0.004 0.546831 -0.463205 -0.0330913 0
0 6435 phononL 0.004 0.321369 0.33083 -0.0265627 0
0 6436 phononL 0.004 0.975944 -1.47689 0.0234702 0
0 6437 phononL 0.004 0.878251 0.187707 -0.0323672 0
0 6438 phononL 0.004 0.418433 -0.335778 0.0076069 0
0 6439 phononL 0.004 0.10917 1.42725 -0.00150787 0
0 6440 phononL 0.004 0.514576 -0.296846 -0.0219383 0
0 6441 phononL 0.004 0.76799 1.36943 -0.0304473 0
0 6442 phononL 0.004 1.27523 -0.107939 0.0169341 0
0 6443 phononL 0.004 -0.839565 -0.75173 0.0359471 0
0 6444 phononL 0.004 1.47946 0.482997 0.00401448 0
0 6445 phononL 0.004 1.24928 0.686998 -0.00911917 0
0 6446 phononL 0.004 -0.508238 0.00555979 -0.0194748 0
0 6447 phononL 0.004 0.590259 1.1745 0.0284232 0
0 6448 phononL 0.004 0.609726 1.26215 -0.0241825 0
0 6449 phononL 0.004 -0.555238 -1.11109 -0.0198091 0
0 6450 phononL 0.004 1.34136 0.43183 0.00384907 0
0 6451 phononL 0.004 0.909494 -0.118513 0.0257432 0
0 6452 phononL 0.004 0.498909 -0.848235 -0.0380066 0
0 6453 phononL 0.004 0.283524 1.26489 -0.0317494 0
0 6454 phononL 0.004 1.27989 -0.369521 -0.00272731 0
0 6455 phononL 0.004 -0.351111 -0.26631 -0.0391946 0
0 6456 phononL 0.004 -1.19518 -1.08216 -0.0088483 0
0 6457 phononL 0.004 -1.13753 0.76503 0.0346579 0
0 6458 phononL 0.004 0.798137 0.628214 -0.0263563 0
0 6459 phononL 0.004 -0.687525 -0.88508 -0.0133351 0
0 6460 phononL 0.004 0.14067 -0.754646 0.03328 0
0 6461 phononL 0.004 0.47966 1.16903 0.00970794 0
0 6462 phononL 0.004 -1.19247 1.49408 -0.00325673 0
0 6463 phononL 0.004 0.00138306 1.44819 0.0152105 0
0 6464 phononL 0.004 -0.239529 -1.14803 0.0233943 0
0 6465 phononL 0.004 0.0752291 1.09074 0.0178351 0
0 6466 phononL 0.004 -0.826808 -0.971479 0.0189472 0
0 6467 phononL 0.004 -1.22499 -1.4414 0.0198852 0
0 6468 phononL 0.004 -1.44698 -0.265549 0.00119996 0
0 6469 phononL 0.004 1.47596 -1.43039 0.0281939 0
0 6470 phononL 0.004 -0.224001 0.112442 -0.00656754 0
0 6471 phononL 0.004 0.288021 1.03878 0.00520327 0
0 6472 phononL 0.004 0.912188 0.175561 -0.0333071 0
0 6473 phononL 0.004 0.571873 -1.03113 0.0309307 0
0 6474 phononL 0.004 1.45353 -1.06459 0.00605595 0
0 6475 phononL 0.004 1.18057 0.845928 0.0273493 0
0 6476 phononL 0.004 0.13515 -1.45565 -0.023156 0
0 6477 phononL 0.004 1.01817 -0.341768 0.0193595 0
0 6478 phononL 0.004 -0.94977 -0.971743 -0.0334031 0
0 6479 phononL 0.004 -0.499492 1.45877 -0.0238937 0
0 6480 phononL 0.004 -1.36227 -0.130206 -0.0279075 0
0 6481 phononL 0.004 0.654329 -1.46344 0.00485637 0
0 6482 phononL 0.004 -1.31572 -1.42559 -0.0314602 0
0 6483 phononL 0.004 -0.542475 0.748674 -0.0282513 0
0 6484 phononL 0.004 0.493212 1.33573 0.0110661 0
0 6485 phononL 0.004 -0.888606 -0.771893 0.0264301 0
0 6486 phononL 0.004 0.738083 -0.700609 -0.0262951 0
0 6487 phononL 0.004 -1.29108 1.27786 -0.0151525 0
0 6488 phononL 0.004 1.1166 -1.39626 -0.030513 0
0 6489 phononL 0.004 -1.49195 0.947687 -0.0171944 0
0 6490 phononL 0.004 -0.401791 -0.543723 0.0366565 0
0 6491 phononL 0.004 -0.212976 -0.0712436 0.0117302 0
0 6492 phononL 0.004 -1.41966 0.64356 -0.0016981 0
0 6493 phononL 0.004 -1.49573 -0.294622 0.0118073 0
0 6494 phononL 0.004 1.23016 -1.47637 0.0291953 0
0 6495 phononL 0.004 -0.14451 0.268729 0.0216231 0
0 6496 phononL 0.004 0.099052 0.342286 0.00506302 0
0 6497 phononL 0.004 0.26289 1.07197 0.0148208 0
0 6498 phononL 0.004 -0.96685 0.971333 0.0218668 0
0 6499 phononL 0.004 -1.43753 0.889991 -0.00562354 0
0 6500 phononL 0.004 1.13731 0.201593 -0.00269357 0
0 6501 phononL 0.004 0.0485395 1.0713 -0.0195968 0
0 6502 phononL 0.004 1.1962 -0.814794 -0.0256111 0
0 6503 phononL 0.004 -0.345684 1.44233 -0.00733837 0
0 6504 phononL 0.004 0.167221 -0.673897 0.00113622 0
0 6505 phononL 0.004 -1.2136 -1.3745 0.0298835 0
0 6506 phononL 0.004 -0.859983 -0.498721 -0.0129217 0
0 6507 phononL 0.004 -1.48549 0.138865 -0.0384003 0
0 6508 phononL 0.004 -0.241032 -0.766518 -0.0197728 0
0 6509 phononL 0.004 1.39751 0.708841 0.00121921 0
0 6510 phononL 0.004 0.270719 0.186103 0.0267825 0
0 6511 phononL 0.004 -0.503795 0.280352 -0.0308172 0
0 6512 phononL 0.004 -0.304711 1.20381 0.00410322 0
0 6513 phononL 0.004 0.989969 -1.22593 0.0197518 0
0 6514 phononL 0.004 -0.664536 -1.38788 -0.0316352 0
0 6515 phononL 0.004 0.927667 0.0715249 0.0398657 0
0 6516 phononL 0.004 1.24513 -0.201408 0.0249053 0
0 6517 phononL 0.004 0.930619 -0.538183 -0.0323677 0
0 6518 phononL 0.004 1.47405 0.936496 -8.04255e-05 0
0 6519 phononL 0.004 1.47832 -0.176899 0.0372185 0
0 6520 phononL 0.004 -1.05001 0.904406 -0.0229279 0
0 6521 phononL 0.004 1.02028 -1.33295 -0.0334895 0
0 6522 phononL 0.004 1.48484 -0.510183 0.0094741 0
0 6523 phononL 0.004 0.382701 1.35054 -0.0395333 0
0 6524 phononL 0.004 0.00948377 -0.576088 0.00985921 0
0 6525 phononL 0.004 -1.37761 -0.402148 0.0168753 0
0 6526 phononL 0.004 0.519705 -0.166898 -0.0355207 0
0 6527 phononL 0.004 -0.725255 -1.33131 -0.0210275 0
0 6528 phononL 0.004 0.744467 1.36811 -0.0201815 0
0 6529 phononL 0.004 0.340208 1.19366 0.0219674 0
0 6530 phononL 0.004 -0.50394 -0.0453866 -0.0213306 0
0 6531 phononL 0.004 0.93432 1.15558 -0.0356629 0
0 6532 phononL 0.004 -1.01921 -1.32891 -0.0116729 0
0 6533 phononL 0.004 1.36471 0.834992 0.0358772 0
0 6534 phononL 0.004 1.27768 0.0317746 0.00258096 0
0 6535 phononL 0.004 1.07617 0.202432 -0.0212274 0
0 6536 phononL 0.004 0.01183 -1.18732 0.0115599 0
0 6537 phononL 0.004 -1.22862 0.759527 0.0225405 0
0 6538 phononL 0.004 -1.40089 0.453368 0.0165233 0
0 6539 phononL 0.004 -0.027621 0.179605 -0.00599323 0
0 6540 phononL 0.004 -0.599493 0.96146 0.0130239 0
0 6541 phononL 0.004 -0.804879 -1.45368 0.0320126 0
0 6542 phononL 0.004 -1.01649 -0.340876 0.000876604 0
0 6543 phononL 0.004 0.174017 -0.775528 0.0111868 0
0 6544 phononL 0.004 -0.562122 1.12992 0.0133686 0
0 6545 phononL 0.004 -1.11789 1.37501 -0.00622835 0
0 6546 phononL 0.004 0.795265 -1.17181 0.0288914 0
0 6547 phononL 0.004 -0.140505 -0.726651 0.0043679 0
0 6548 phononL 0.004 -1.2346 -0.130129 -0.0267366 0
0 6549 phononL 0.004 -0.425218 1.41948 -0.017019 0
0 6550 phononL 0.004 0.481626 -1.39953 0.0330789 0
0 6551 phononL 0.004 1.35651 -0.441001 0.013781 0
0 6552 phononL 0.004 -1.13257 -0.653809 -0.0175835 0
0 6553 phononL 0.004 -0.630852 0.939332 0.0105048 0
0 6554 phononL 0.004 -0.433276 -0.861326 -0.00287107 0
0 6555 phononL 0.004 -1.32108 0.81787 0.0170267 0
0 6556 phononL 0.004 0.438044 1.17048 -0.0142072 0
0 6557 phononL 0.004 -0.385515 0.559898 -0.0357537 0
0 6558 phononL 0.004 -1.27949 -1.18372 -0.00668087 0
0 6559 phononL 0.004 1.29766 -0.666637 0.0326503 0
0 6560 phononL 0.004 1.09968 -0.96952 -0.00030995 0
0 6561 phononL 0.004 -1.36027 0.627768 0.0190686 0
0 6562 phononL 0.004 1.45735 0.946623 -0.00781828 0
0 6563 phononL 0.004 1.23757 0.754441 -0.00306973 0
0 6564 phononL 0.004 0.898468 -0.674126 0.0356828 0
0 6565 phononL 0.004 1.3322 -1.04822 -0.0153381 0
0 6566 phononL 0.004 -0.400785 1.29808 0.0320986 0
0 6567 phononL 0.004 -0.713703 -0.147263 -0.00621227 0
0 6568 phononL 0.004 0.420128 -1.42982 0.00147211 0
0 6569 phononL 0.004 0.612729 -0.948544 -0.0063386 0
0 6570 phononL 0.004 1.1226 0.0964591 0.0202655 0
0 6571 phononL 0.004 0.217584 0.218061 -0.0347523 0
0 6572 phononL 0.004 1.49379 -1.26614 0.00851036 0
0 6573 phononL 0.004 1.15091 0.941837 0.0309199 0
0 6574 phononL 0.004 0.416456 0.10783 -0.00731654 0
0 6575 phononL 0.004 0.103665 -0.840697 -0.00999136 0
0 6576 phononL 0.004 1.40914 -1.09743 -0.0188361 0
0 6577 phononL 0.004 0.730834 -1.07281 0.0172662 0
0 6578 phononL 0.004 -0.412924 -0.271933 -0.0261149 0
0 6579 phononL 0.004 0.250629 -0.0244603 0.0200442 0
0 6580 phononL 0.004 -0.636484 0.132078 0.0229091 0
0 6581 phononL 0.004 0.0462045 1.16867 0.00780625 0
0 6582 phononL 0.004 0.909712 1.19188 -0.0181126 0
0 6583 phononL 0.004 -1.07962 -0.43257 0.00957432 0
0 6584 phononL 0.004 -0.387079 1.326 -0.0101762 0
0 6585 phononL 0.004 1.34826 -0.505065 0.0222242 0
0 6586 phononL 0.004 -0.176621 0.267361 0.0301488 0
0 6587 phononL 0.004 -0.882287 -0.136422 0.000836251 0
0 6588 phononL 0.004 0.218337 -0.484262 -0.00782432 0
0 6589 phononL 0.004 0.987265 1.13274 0.00410564 0
0 6590 phononL 0.004 -0.233938 -1.49569 -0.0302858 0
0 6591 phononL 0.004 1.05945 -0.244612 0.0180344 0
0 6592 phononL 0.004 1.3372 0.234502 0.0396479 0
0 6593 phononL 0.004 0.142256 -0.118308 0.034003 0
0 6594 phononL 0.004 -0.511212 -0.954802 0.0136434 0
0 6595 phononL 0.004 -0.849456 0.363202 0.0327958 0
0 6596 phononL 0.004 -1.28379 -0.237987 -0.00759692 0
0 6597 phononL 0.004 1.11446 -1.17031 -0.016077 0
0 6598 phononL 0.004 -0.304186 -1.41284 -0.0397899 0
0 6599 phononL 0.004 -0.837126 1.05142 -0.0010488 0
0 6600 phononL 0.004 0.104891 0.214477 0.0318267 0
0 6601 phononL 0.004 -0.416665 -1.21698 0.0374313 0
0 6602 phononL 0.004 -0.741252 -1.43317 0.0344264 0
0 6603 phononL 0.004 -0.918287 0.836635 0.00904711 0
0 6604 phononL 0.004 -1.40326 0.330453 -0.00700777 0
0 6605 phononL 0.004 -0.160903 -0.0127304 -0.0168053 0
0 6606 phononL 0.004 -1.4026 1.16836 -0.00806905 0
0 6607 phononL 0.004 -1.25734 1.24109 -0.0111878 0
0 6608 phononL 0.004 -1.34074 0.107782 0.0350874 0
0 6609 phononL 0.004 -0.547942 -1.05693 -0.0294842 0
0 6610 phononL 0.004 -0.547113 0.368186 0.0302483 0
0 6611 phononL 0.004 0.649144 -1.23927 -0.0176985 0
0 6612 phononL 0.004 0.300148 0.130144 0.0252768 0
0 6613 phononL 0.004 -1.12032 -0.21095 -0.00729793 0
0 6614 phononL 0.004 0.69711 -0.0246786 -0.00444028 0
0 6615 phononL 0.004 1.41754 0.0158652 -0.00873978 0
0 6616 phononL 0.004 -1.45045 1.27277 0.0341926 0
0 6617 phononL 0.004 0.280213 0.348172 0.006326 0
0 6618 phononL 0.004 -1.25266 -0.967223 0.00700426 0
0 6619 phononL 0.004 -0.241104 -1.1594 0.0310204 0
0 6620 phononL 0.004 0.881291 0.200824 -0.0214781 0
0 6621 phononL 0.004 -0.20405 0.747062 -0.00249965 0
0 6622 phononL 0.004 0.431973 0.485305 0.0298674 0
0 6623 phononL 0.004 -1.0597 0.0443755 -0.0252616 0
0 6624 phononL 0.004 -1.01214 1.32616 -0.0148862 0
0 6625 phononL 0.004 1.33647 -1.36458 -0.0193925 0
0 6626 phononL 0.004 0.0665199 -1.20414 0.0332128 0
0 6627 phononL 0.004 -1.01392 -1.25733 0.0122081 0
0 6628 phononL 0.004 1.02737 0.752678 -0.00569047 0
0 6629 phononL 0.004 -0.997276 0.438084 0.0204199 0
0 6630 phononL 0.004 -0.879378 -0.418462 0.0271971 0
0 6631 phononL 0.004 -0.728076 -0.37196 0.0388454 0
0 6632 phononL 0.004 0.861918 -0.994975 -0.0352388 0
0 6633 phononL 0.004 -0.0948047 -0.991708 -0.0344883 0
0 6634 phononL 0.004 1.06999 0.613209 -0.0114144 0
0 6635 phononL 0.004 -1.50074 0.751828 -0.0383927 0
0 6636 phononL 0.004 -1.47284 -0.683343 0.0228979 0
0 6637 phononL 0.004 -0.159144 -1.34485 -0.0353831 0
0 6638 phononL 0.004 -0.514107 0.518308 -0.0320315 0
0 6639 phononL 0.004 -0.323026 1.36477 -0.00977867 0
0 6640 phononL 0.004 -0.915492 0.743889 -0.0103837 0
0 6641 phononL 0.004 -0.477561 1.17438 0.0125035 0
0 6642 phononL 0.004 -1.35408 -0.425958 0.0324042 0
0 6643 phononL 0.004 -1.34462 1.26917 0.0122545 0
0 6644 phononL 0.004 0.719635 -1.23702 0.0285868 0
0 6645 phononL 0.004 -0.0877352 0.819857 -0.0274106 0
0 6646 phononL 0.004 0.733967 -0.284037 0.0245265 0
0 6647 phononL 0.004 0.993754 1.13997 -0.0248198 0
0 6648 phononL 0.004 0.437758 -0.752038 -0.0371705 0
0 6649 phononL 0.004 0.332457 -0.535343 0.00494952 0
0 6650 phononL 0.004 -1.21601 0.24367 -0.022686 0
0 6651 phononL 0.004 0.628339 -1.16788 0.0302067 0
0 6652 phononL 0.004 -1.30964 0.793858 -0.0302807 0
0 6653 phononL 0.004 -1.35042 0.487531 -0.0246695 0
0 6654 phononL 0.004 1.40806 -0.490932 0.0398319 0
0 6655 phononL 0.004 -1.25304 -0.254877 -0.0137207 0
0 6656 phononL 0.004 0.708531 -0.102361 0.0197197 0
0 6657 phononL 0.004 -1.40355 -0.411868 -0.0278771 0
0 6658 phononL 0.004 1.35808 -0.0372311 0.00810688 0
0 6659 phononL 0.004 -0.826967 1.49098 -0.00542219 0
0 6660 phononL 0.004 1.35654 -0.641538 -0.0157148 0
0 6661 phononL 0.004 0.176509 -0.141766 -0.0144264 0
0 6662 phononL 0.004 0.6278 -0.975835 0.0261019 0
0 6663 phononL 0.004 0.651997 -0.67507 0.025776 0
0 6664 phononL 0.004 0.333619 1.08741 0.0203488 0
0 6665 phononL 0.004 1.1042 1.31214 0.0274589 0
0 6666 phononL 0.004 1.46231 -1.00194 -0.0320272 0
0 6667 phononL 0.004 -1.34736 1.00428 -0.0285873 0
0 6668 phononL 0.004 -1.45435 -0.805533 -0.00961003 0
0 6669 phononL 0.004 0.902581 1.0108 0.0319612 0
0 6670 phononL 0.004 0.00227256 -1.50599 -0.00492748 0
0 6671 phononL 0.004 0.954707 0.253862 -0.0216913 0
0 6672 phononL 0.004 -0.308421 -1.43685 0.0153356 0
0 6673 phononL 0.004 0.646484 -0.771853 -0.0288307 0
0 6674 phononL 0.004 1.00329 0.275251 -0.0348372 0
0 6675 phononL 0.004 -1.43136 -0.209877 -0.00995418 0
0 6676 phononL 0.004 0.372618 0.0117197 -0.0125711 0
0 6677 phononL 0.004 -0.353036 0.377847 0.0123373 0
0 6678 phononL 0.004 -0.518998 -0.91253 -0.0338691 0
0 6679 phononL 0.004 0.955727 -1.16804 -0.0354664 0
0 6680 phononL 0.004 -0.0155036 -0.2514 0.0122317 0
0 6681 phononL 0.004 0.55333 0.47692 -0.0365884 0
0 6682 phononL 0.004 1.14065 -0.720125 0.00431325 0
0 6683 phononL 0.004 0.877446 -1.49724 -0.0313504 0
0 6684 phononL 0.004 -0.875694 -1.38921 0.0270198 0
0 6685 phononL 0.004 -0.170881 0.639374 -0.0156493 0
0 6686 phononL 0.004 -0.262295 0.864905 -0.0296381 0
0 6687 phononL 0.004 -1.27943 1.17343 0.0379329 0
0 6688 phononL 0.004 -0.631967 1.43384 0.0338357 0
0 6689 phononL 0.004 -1.42924 -0.50923 0.0168 0
0 6690 phononL 0.004 1.48564 0.414953 0.0236729 0
0 6691 phononL 0.004 1.45037 1.22769 -0.0392427 0
0 6692 phononL 0.004 1.1587 -0.399896 -0.00629512 0
0 6693 phononL 0.004 0.306251 -0.328863 -0.0167838 0
0 6694 phononL 0.004 -1.4963 -1.17458 -0.0285986 0
0 6695 phononL 0.004 -1.4275 0.930617 0.0300177 0
0 6696 phononL 0.004 1.28272 1.09863 0.0102898 0
0 6697 phononL 0.004 -1.30154 0.52284 -0.0239443 0
0 6698 phononL 0.004 -1.44919 0.100191 0.000631114 0
0 6699 phononL 0.004 -1.01628 -1.11141 0.0269103 0
0 6700 phononL 0.004 -1.42403 1.10829 0.029075 0
0 6701 phononL 0.004 0.0326008 1.17493 0.0199027 0
0 6702 phononL 0.004 0.894346 -0.141866 0.0226021 0
0 6703 phononL 0.004 -1.48463 -0.776371 0.00802793 0
0 6704 phononL 0.004 0.618623 -0.467289 -0.025304 0
0 6705 phononL 0.004 1.14954 -0.319469 -0.0207724 0
0 6706 phononL 0.004 0.486017 -1.00953 0.0343918 0
0 6707 phononL 0.004 0.84391 0.112082 0.02973 0
0 6708 phononL 0.004 -0.309921 1.37264 -0.0103763 0
0 6709 phononL 0.004 0.248415 1.42851 0.0169638 0
0 6710 phononL 0.004 1.40051 0.398687 0.0164448 0
0 6711 phononL 0.004 -0.392812 -1.4999 -0.0391866 0
0 6712 phononL 0.004 1.25183 -0.780603 0.0046362 0
0 6713 phononL 0.004 -0.478303 1.14812 -0.011589 0
0 6714 phononL 0.004 0.929452 -0.626508 0.00820689 0
0 6715 phononL 0.004 -0.403335 0.819366 0.0263154 0
0 6716 phononL 0.004 -0.0237393 1.48952 -0.0326892 0
0 6717 phononL 0.004 -1.01275 -1.17675 -0.0186985 0
0 6718 phononL 0.004 0.14642 0.784279 -0.0289446 0
0 6719 phononL 0.004 0.332089 0.566489 0.0198655 0
0 6720 phononL 0.004 -0.389577 -0.786309 -0.0312954 0
0 6721 phononL 0.004 -0.844237 -0.452495 0.0109685 0
0 6722 phononL 0.004 -1.49767 0.0467344 -0.0350558 0
0 6723 phononL 0.004 -0.71404 -1.01567 0.0329594 0
0 6724 phononL 0.004 1.06281 -1.03466 -0.0370657 0
0 6725 phononL 0.004 -0.577004 -0.696023 0.0124055 0
0 6726 phononL 0.004 0.458446 0.0248703 0.0384271 0
0 6727 phononL 0.004 0.842359 0.662525 0.0277722 0
0 6728 phononL 0.004 1.46996 0.993454 -0.0142422 0
0 6729 phononL 0.004 -0.364548 -1.49395 0.00497423 0
0 6730 phononL 0.004 -1.49271 0.772451 0.00322838 0
0 6731 phononL 0.004 -1.45052 -1.03361 0.0267753 0
0 6732 phononL 0.004 -0.491882 -0.944569 0.0213199 0
0 6733 phononL 0.004 0.390044 -1.38832 -0.0367862 0
0 6734 phononL 0.004 0.0775085 -0.77673 0.0312307 0
0 6735 phononL 0.004 -0.0972166 1.25629 -0.0323596 0
0 6736 phononL 0.004 0.424831 -0.135897 0.0318765 0
0 6737 phononL 0.004 0.975056 0.0969772 0.0119815 0
0 6738 phononL 0.004 -0.940067 -1.4097 -0.00758275 0
0 6739 phononL 0.004 0.521151 0.672444 -0.0307788 0
0 6740 phononL 0.004 -0.899637 0.660074 0.0312591 0
0 6741 phononL 0.004 -0.0966689 1.43802 0.0117574 0
0 6742 phononL 0.004 -1.44996 -0.0799184 -0.032895 0
0 6743 phononL 0.004 -0.370068 0.0340884 0.011361 0
0 6744 phononL 0.004 -1.21014 -1.31171 0.028303 0
0 6745 phononL 0.004 0.140558 -0.631662 0.0088233 0
0 6746 phononL 0.004 -1.03903 0.953275 0.0024508 0
0 6747 phononL 0.004 0.318914 -1.13832 0.0313547 0
0 6748 phononL 0.004 1.42192 0.967352 -0.0253677 0
0 6749 phononL 0.004 -0.121302 0.324063 -0.0378755 0
0 6750 phononL 0.004 -1.28496 -0.875882 0.0307822 0
0 6751 phononL 0.004 -0.531852 -0.751948 -0.0253795 0
0 6752 phononL 0.004 0.352084 0.567757 -0.00858271 0
0 6753 phononL 0.004 -0.430487 0.347143 -0.0356534 0
0 6754 phononL 0.004 1.27479 1.31938 -0.00588014 0
0 6755 phononL 0.004 0.428243 0.282435 -0.00329798 0
0 6756 phononL 0.004 0.419755 1.06464 -0.025288 0
0 6757 phononL 0.004 -0.175663 -0.589311 -0.023342 0
0 6758 phononL 0.004 0.076229 0.714338 -0.0222958 0
0 6759 phononL 0.004 0.368331 -0.50505 0.0173176 0
0 6760 phononL 0.004 -0.142642 0.126976 -0.0249942 0
0 6761 phononL 0.004 -1.31994 1.35818 0.00406417 0
0 6762 phononL 0.004 1.35365 0.50323 0.0175916 0
0 6763 phononL 0.004 -0.888125 1.02041 -0.00954415 0
0 6764 phononL 0.004 -1.38316 0.733373 0.0169398 0
0 6765 phononL 0.004 0.83783 -0.758015 0.0353831 0
0 6766 phononL 0.004 -0.280066 -0.956751 0.000894832 0
0 6767 phononL 0.004 1.41944 -0.270292 -0.00148844 0
0 6768 phononL 0.004 1.38638 1.0081 -0.0286485 0
0 6769 phononL 0.004 0.830236 -0.677311 0.0148682 0
0 6770 phononL 0.004 -0.732246 1.23505 0.0371135 0
0 6771 phononL 0.004 -0.303253 -0.98132 -0.00681843 0
0 6772 phononL 0.004 -1.33707 1.15272 0.00279702 0
0 6773 phononL 0.004 -1.18044 -0.634607 0.00538333 0
0 6774 phononL 0.004 -1.11549 -1.19981 0.0301232 0
0 6775 phononL 0.004 -0.470495 0.755421 0.0109748 0
0 6776 phononL 0.004 -1.04752 -1.17947 0.0190404 0
0 6777 phononL 0.004 -0.127699 0.612291 -0.0221469 0
0 6778 phononL 0.004 0.0351427 -0.809227 0.0379827 0
0 6779 phononL 0.004 0.707964 -0.28779 -0.00841487 0
0 6780 phononL 0.004 -0.966637 -1.2842 0.0135134 0
0 6781 phononL 0.004 -1.42049 -0.275058 -0.0226163 0
0 6782 phononL 0.004 0.0868655 -1.02684 -0.016027 0
0 6783 phononL 0.004 1.48605 0.229331 -0.0107334 0
0 6784 phononL 0.004 0.552499 -0.90589 -0.024024 0
0 6785 phononL 0.004 -0.756134 -1.32153 0.0317227 0
0 6786 phononL 0.004 0.0835043 -0.724381 -0.00162584 0
0 6787 phononL 0.004 0.663365 -1.49508 0.00775938 0
0 6788 phononL 0.004 0.937023 -1.01619 -0.0283736 0
0 6789 phononL 0.004 -1.44591 1.25058 -0.00829251 0
0 6790 phononL 0.004 -0.768498 0.966655 -0.0364265 0
0 6791 phononL 0.004 -0.783284 -0.46337 0.0384213 0
0 6792 phononL 0.004 1.1925 1.24206 0.0356229 0
0 6793 phononL 0.004 0.829548 0.585208 -0.00399857 0
0 6794 phononL 0.004 -1.11581 -1.37328 -0.00845673 0
0 6795 phononL 0.004 0.798688 0.692323 -0.0204116 0
0 6796 phononL 0.004 0.834677 1.23638 0.0137193 0
0 6797 phononL 0.004 0.267089 -0.0225879 0.0188511 0
0 6798 phononL 0.004 0.224377 -1.19364 -0.00552574 0
0 6799 phononL 0.004 -0.851171 -1.21574 0.0194235 0
0 6800 phononL 0.004 1.42872 -0.510024 0.0313081 0
0 6801 phononL 0.004 0.395401 0.0228311 0.027598 0
0 6802 phononL 0.004 1.38041 -1.19613 0.0192816 0
0 6803 phononL 0.004 -1.41739 0.326969 0.00223592 0
0 6804 phononL 0.004 -1.37488 0.661137 -0.00830685 0
0 6805 phononL 0.004 0.597463 -1.16326 0.0385898 0
0 6806 phononL 0.004 -1.48779 -0.798685 0.028173 0
0 6807 phononL 0.004 1.3036 -1.02618 0.00496595 0
0 6808 phononL 0.004 -0.101545 0.779099 -0.00441837 0
0 6809 phononL 0.004 0.945451 -0.170204 -0.0129121 0
0 6810 phononL 0.004 -0.375346 1.25811 0.014801 0
0 6811 phononL 0.004 -1.39025 -0.0986939 0.0299775 0
0 6812 phononL 0.004 -0.578179 -0.363655 0.0118125 0
0 6813 phononL 0.004 -0.409947 -1.25499 0.0205383 0
0 6814 phononL 0.004 0.494159 1.15711 -0.0197846 0
0 6815 phononL 0.004 -1.35545 -0.508666 -0.0371112 0
0 6816 phononL 0.004 -0.466463 -0.58546 -0.0284026 0
0 6817 phononL 0.004 -0.621725 -0.429227 -0.0268318 0
0 6818 phononL 0.004 1.49478 0.498325 -0.0259128 0
0 6819 phononL 0.004 -0.869653 -0.370838 0.00335036 0
0 6820 phononL 0.004 -0.127727 1.1019 0.0330804 0
0 6821 phononL 0.004 1.17909 -0.56828 0.0151512 0
0 6822 phononL 0.004 0.621274 0.924606 0.00484749 0
0 6823 phononL 0.004 0.608281 -1.05391 0.023966 0
0 6824 phononL 0.004 0.906482 -0.536505 0.0325662 0
0 6825 phononL 0.004 -1.0688 1.12584 0.0148078 0
0 6826 phononL 0.004 0.793305 0.239103 -0.0103469 0
0 6827 phononL 0.004 1.00262 0.0562027 0.000986827 0
0 6828 phononL 0.004 -0.38699 -0.261326 0.0037601 0
0 6829 phononL 0.004 -0.153466 0.199137 0.0203614 0
0 6830 phononL 0.004 -0.00762245 -0.623248 -0.0268326 0
0 6831 phononL 0.004 -0.577399 -0.3635 -0.0380132 0
0 6832 phononL 0.004 -0.538667 1.10291 0.0152878 0
0 6833 phononL 0.004 1.25215 0.815474 0.0196699 0
0 6834 phononL 0.004 -0.325458 0.293744 -0.0217995 0
0 6835 phononL 0.004 0.724491 -1.29674 -0.00520645 0
0 6836 phononL 0.004 1.04035 0.327104 -0.0177506 0
0 6837 phononL 0.004 -0.0157011 0.766741 -0.030613 0
0 6838 phononL 0.004 -0.819172 0.31436 0.013535 0
0 6839 phononL 0.004 1.41466 1.32018 -0.0296691 0
0 6840 phononL 0.004 -0.849744 -1.34253 -0.023598 0
0 6841 phononL 0.004 0.0864467 -1.24609 0.0330571 0
0 6842 phononL 0.004 0.23944 1.29653 -0.0239563 0
0 6843 phononL 0.004 0.741187 -1.23322 -0.0128098 0
0 6844 phononL 0.004 1.49785 1.17607 -0.0323517 0
0 6845 phononL 0.004 -0.824841 1.28678 0.0110791 0
0 6846 phononL 0.004 -0.577819 -1.46404 -0.0327123 0
0 6847 phononL 0.004 1.40442 -1.42941 0.00472523 0
0 6848 phononL 0.004 1.31518 -0.867741 0.019769 0
0 6849 phononL 0.004 -0.359147 1.20228 -0.00873092 0
0 6850 phononL 0.004 -1.49005 -0.32736 0.0176942 0
0 6851 phononL 0.004 -0.803841 1.49276 -0.0123187 0
0 6852 phononL 0.004 0.635975 -0.198973 -0.00213266 0
0 6853 phononL 0.004 -0.272394 1.40106 0.00696631 0
0 6854 phononL 0.004 1.40033 0.609624 0.0110565 0
0 6855 phononL 0.004 0.50863 -1.13602 -0.0158594 0
0 6856 phononL 0.004 -0.432482 0.887622 0.0107681 0
0 6857 phononL 0.004 -0.645707 -0.668545 0.0350828 0
0 6858 phononL 0.004 0.791894 -0.043364 0.0393557 0
0 6859 phononL 0.004 0.866365 1.06587 0.0161626 0
0 6860 phononL 0.004 0.777002 -0.499036 0.0289915 0
0 6861 phononL 0.004 0.0103558 0.0876618 0.020481 0
0 6862 phononL 0.004 0.530656 0.89039 0.0265326 0
0 6863 phononL 0.004 -0.455955 -0.253177 -0.00289308 0
0 6864 phononL 0.004 -0.105166 0.807121 0.0121667 0
0 6865 phononL 0.004 -0.932477 1.02408 -0.0162768 0
0 6866 phononL 0.004 0.983415 -0.150344 0.0207869 0
0 6867 phononL 0.004 1.44733 1.04949 -0.0243936 0
0 6868 phononL 0.004 -1.44529 1.3236 0.01957 0
0 6869 phononL 0.004 -0.819225 1.32894 -0.0108849 0
0 6870 phononL 0.004 -0.38404 -0.463811 -0.0183123 0
0 6871 phononL 0.004 1.08269 -0.473848 -0.0269163 0
0 6872 phononL 0.004 -1.11892 0.156307 -0.0351732 0
0 6873 phononL 0.004 1.50003 -1.25278 -0.0209154 0
0 6874 phononL 0.004 -0.200228 1.18474 -0.03868 0
0 6875 phononL 0.004 -0.133667 -0.811335 -0.00372511 0
0 6876 phononL 0.004 1.39679 -1.40212 -0.0192781 0
0 6877 phononL 0.004 0.261387 0.0749314 0.00238839 0
0 6878 phononL 0.004 1.05848 -0.574155 -0.0273098 0
0 6879 phononL 0.004 0.577576 -0.863732 -0.00847702 0
0 6880 phononL 0.004 1.24087 -0.100569 0.0284674 0
0 6881 phononL 0.004 -0.953691 0.647737 -0.0119834 0
0 6882 phononL 0.004 -0.314674 0.0355869 0.0228507 0
0 6883 phononL 0.004 0.260999 0.215565 0.0034885 0
0 6884 phononL 0.004 0.790967 -0.779689 -0.00818908 0
0 6885 phononL 0.004 0.647886 -0.426883 0.00516128 0
0 6886 phononL 0.004 -0.108682 0.943007 0.0100016 0
0 6887 phononL 0.004 0.991383 0.857785 0.0203961 0
0 6888 phononL 0.004 1.24288 -1.31834 0.0390142 0
0 6889 phononL 0.004 0.277487 0.0225256 -0.00139575 0
0 6890 phononL 0.004 -0.84166 0.618741 0.00887011 0
0 6891 phononL 0.004 0.218766 -0.84945 -0.0258283 0
0 6892 phononL 0.004 1.20066 -0.650359 -0.0128432 0
0 6893 phononL 0.004 1.17613 -1.14956 -0.0181246 0
0 6894 phononL 0.004 -1.4852 1.04814 -0.0331965 0
0 6895 phononL 0.004 0.371119 0.847195 0.0336974 0
0 6896 phononL 0.004 -0.816665 0.771614 0.00273906 0
0 6897 phononL 0.004 0.175329 -0.503551 0.0115793 0
0 6898 phononL 0.004 -1.18578 0.119037 -0.00434818 0
0 6899 phononL 0.004 1.32669 -0.725152 -0.0286793 0
0 6900 phononL 0.004 0.340537 -0.785638 -0.0133567 0
0 6901 phononL 0.004 0.568077 0.141474 0.0319262 0
0 6902 phononL 0.004 0.10018 -1.29698 0.0122111 0
0 6903 phononL 0.004 1.38808 -0.454755 0.0312242 0
0 6904 phononL 0.004 -0.884563 -0.538847 -0.0250654 0
0 6905 phononL 0.004 0.392063 0.283258 -0.0323846 0
0 6906 phononL 0.004 -1.1658 -1.49927 -0.00242229 0
0 6907 phononL 0.004 -1.03802 1.32068 -0.0166014 0
0 6908 phononL 0.004 0.157837 1.16949 -0.00565051 0
0 6909 phononL 0.004 1.24255 -0.36203 -0.00388069 0
0 6910 phononL 0.004 1.4364 0.403673 -0.0122379 0
0 6911 phononL 0.004 -1.18197 -0.877391 -0.027523 0
0 6912 phononL 0.004 -0.039021 1.13072 -0.0302317 0
0 6913 phononL 0.004 0.0144119 -0.0856644 -0.0166639 0
0 6914 phononL 0.004 -0.418534 -0.217351 0.0330865 0
0 6915 phononL 0.004 0.656669 -0.905206 0.0393189 0
0 6916 phononL 0.004 0.375826 1.32064 0.00187297 0
0 6917 phononL 0.004 1.46028 -1.10898 -0.0292661 0
0 6918 phononL 0.004 0.167864 -0.206339 0.00903695 0
0 6919 phononL 0.004 0.726859 -0.588496 -0.0111085 0
0 6920 phononL 0.004 1.16142 -1.07844 0.00299437 0
0 6921 phononL 0.004 -1.4326 0.720226 0.000868025 0
0 6922 phononL 0.004 0.345447 -0.446777 0.0362744 0
0 6923 phononL 0.004 0.0707376 0.781585 0.0288555 0
0 6924 phononL 0.004 1.42868 -0.404234 0.00225494 0
0 6925 phononL 0.004 -0.291509 -1.44625 0.0136654 0
0 6926 phononL 0.004 1.39327 -0.433355 -0.0302879 0
0 6927 phononL 0.004 0.858097 -1.24626 -0.00329208 0
0 6928 phononL 0.004 -0.400043 0.257372 -0.0307074 0
0 6929 phononL 0.004 0.379053 -0.677184 0.00159178 0
0 6930 phononL 0.004 -0.382408 -1.16034 -0.0109414 0
0 6931 phononL 0.004 0.142056 1.2947 -0.0314168 0
0 6932 phononL 0.004 -1.22336 -0.861742 -0.0380804 0
0 6933 phononL 0.004 -1.4507 0.909472 -0.00942475 0
0 6934 phononL 0.004 -1.08752 0.053126 0.0027085 0
0 6935 phononL 0.004 0.97519 -1.33036 0.0174563 0
0 6936 phononL 0.004 0.872507 -0.95801 -0.0287598 0
0 6937 phononL 0.004 1.21198 -1.12978 -0.000188736 0
0 6938 phononL 0.004 -0.104548 0.256049 0.0201558 0
0 6939 phononL 0.004 0.3715 0.414378 0.0148508 0
0 6940 phononL 0.004 -0.909483 -1.3043 0.00569883 0
0 6941 phononL 0.004 1.37843 0.184875 0.0254768 0
0 6942 phononL 0.004 -1.3032 1.39053 -0.02182 0
0 6943 phononL 0.004 -0.84535 -1.40915 -0.0136338 0
0 6944 phononL 0.004 -1.37574 -1.22952 -0.0277121 0
0 6945 phononL 0.004 1.39414 -1.09627 -0.01565 0
0 6946 phononL 0.004 0.325281 -1.29542 0.00619524 0
0 6947 phononL 0.004 0.00758176 1.34823 -0.0016499 0
0 6948 phononL 0.004 0.6468 0.851588 -0.0385806 0
0 6949 phononL 0.004 0.374928 -0.834041 0.0212088 0
0 6950 phononL 0.004 -1.43723 -0.982543 0.0338183 0
0 6951 phononL 0.004 -0.652512 -0.894633 -0.021343 0
0 6952 phononL 0.004 -0.289377 0.70075 0.0175946 0
0 6953 phononL 0.004 -0.739243 0.0974394 -0.00958205 0
0 6954 phononL 0.004 0.690639 0.185254 0.0240538 0
0 6955 phononL 0.004 -0.228347 -0.652092 -0.0376775 0
0 6956 phononL 0.004 -0.887701 1.49025 0.0215699 0
0 6957 phononL 0.004 0.259604 0.000617853 -0.00238797 0
0 6958 phononL 0.004 -1.004 1.24965 0.0311655 0
0 6959 phononL 0.004 -1.3346 -0.24021 0.0208374 0
0 6960 phononL 0.004 -0.643213 -0.944857 0.0196849 0
0 6961 phononL 0.004 0.753627 0.844913 -0.0206493 0
0 6962 phononL 0.004 1.32641 -0.399718 0.0124941 0
0 6963 phononL 0.004 1.36415 -1.49629 -0.0340676 0
0 6964 phononL 0.004 -0.40038 -0.614149 0.0278075 0
0 6965 phononL 0.004 -0.193037 0.350527 0.00620658 0
0 6966 phononL 0.004 -1.26687 -1.11175 -0.020623 0
0 6967 phononL 0.004 -0.823178 -0.798267 0.0201455 0
0 6968 phononL 0.004 -0.942411 -0.283825 0.0397977 0
0 6969 phononL 0.004 -1.50501 1.40149 -0.0123587 0
0 6970 phononL 0.004 0.567599 -1.08942 -0.00438689 0
0 6971 phononL 0.004 -0.500364 -0.293521 0.0396272 0
0 6972 phononL 0.004 -0.477365 0.553858 -0.0287051 0
0 6973 phononL 0.004 -0.146728 -1.13306 -0.0206102 0
0 6974 phononL 0.004 -0.496405 1.12557 -0.0351135 0
0 6975 phononL 0.004 0.895308 -0.568498 -0.01188 0
0 6976 phononL 0.004 -0.386689 -0.965618 0.034651 0
0 6977 phononL 0.004 1.23698 -0.46093 0.00502117 0
0 6978 phononL 0.004 0.400643 -1.19449 -0.0182042 0
0 6979 phononL 0.004 -0.562336 0.154113 -0.0328736 0
0 6980 phononL 0.004 0.0967599 -0.884511 0.0249747 0
0 6981 phononL 0.004 -0.435092 0.725177 -0.0258649 0
0 6982 phononL 0.004 0.169744 -0.425456 -0.00899232 0
0 6983 phononL 0.004 -0.613209 -0.0532091 -0.0240786 0
0 6984 phononL 0.004 0.291785 -1.23552 0.0113656 0
0 6985 phononL 0.004 -1.44624 0.147207 0.0245591 0
0 6986 phononL 0.004 -0.505769 -1.43511 -0.00880931 0
0 6987 phononL 0.004 -0.220238 1.17016 -0.0138008 0
0 6988 phononL 0.004 -0.87515 0.34635 0.0259912 0
0 6989 phononL 0.004 0.837379 0.137868 0.0359968 0
0 6990 phononL 0.004 -1.18753 -0.123881 0.0251182 0
0 6991 phononL 0.004 1.13245 -0.436069 -0.0266469 0
0 6992 phononL 0.004 -0.0339996 1.42904 0.0123885 0
0 6993 phononL 0.004 -0.757275 0.309532 0.032771 0
0 6994 phononL 0.004 -0.687513 -0.463344 0.0395268 0
0 6995 phononL 0.004 -0.964611 -1.30731 -0.0366751 0
0 6996 phononL 0.004 1.42512 0.434251 0.0106929 0
0 6997 phononL 0.004 -1.36459 -0.771419 0.0194796 0
0 6998 phononL 0.004 1.21637 1.12629 -0.0259058 0
0 6999 phononL 0.004 -1.37168 -0.768794 0.0368463 0
0 7000 phononL 0.004 0.820312 0.225902 -0.0145234 0
0 7001 phononL 0.004 0.431888 -0.0628266 -0.0110995 0
0 7002 phononL 0.004 -0.044661 -1.44336 -0.00496672 0
0 7003 phononL 0.004 0.0863146 1.04104 0.013988 0
0 7004 phononL 0.004 -0.99673 1.08648 0.0198561 0
0 7005 phononL 0.004 0.292208 -1.2555 0.0220272 0
0 7006 phononL 0.004 0.252747 0.223869 -0.0114279 0
0 7007 phononL 0.004 -0.567425 1.18252 -0.0161099 0
0 7008 phononL 0.004 0.184215 0.144806 0.00689871 0
0 7009 phononL 0.004 -1.35711 0.634994 0.016714 0
0 7010 phononL 0.004 -1.27489 0.371208 0.0336641 0
0 7011 phononL 0.004 -0.977952 -0.247802 0.0328467 0
0 7012 phononL 0.004 0.435653 1.20448 0.0204423 0
0 7013 phononL 0.004 -0.382421 1.26315 0.018784 0
0 7014 phononL 0.004 -1.18784 0.57802 0.0193186 0
0 7015 phononL 0.004 0.918939 -1.03278 0.0210313 0
0 7016 phononL 0.004 -0.56667 -1.18822 -0.0189525 0
0 7017 phononL 0.004 -0.973614 -0.0730983 0.0107584 0
0 7018 phononL 0.004 -1.46739 -1.07503 0.0303981 0
0 7019 phononL 0.004 -0.531636 1.21497 0.00869912 0
0 7020 phononL 0.004 0.384698 1.39658 0.0093608 0
0 7021 phononL 0.004 -1.1723 0.595238 -0.0397822 0
0 7022 phononL 0.004 0.443376 1.47716 0.0137404 0
0 7023 phononL 0.004 1.07119 -0.200976 -0.0198714 0
0 7024 phononL 0.004 -0.665156 -0.248761 -0.0302191 0
0 7025 phononL 0.004 0.620647 0.480852 -0.0232181 0
0 7026 phononL 0.004 0.768106 0.0877038 -0.0139982 0
0 7027 phononL 0.004 -0.970798 -0.628511 -0.00955293 0
0 7028 phononL 0.004 -0.777802 0.151498 -0.00284109 0
0 7029 phononL 0.004 -1.17092 -0.526306 -0.0137162 0
0 7030 phononL 0.004 -1.45933 -1.17052 -0.0223946 0
0 7031 phononL 0.004 1.28201 0.408042 0.0313384 0
0 7032 phononL 0.004 0.475868 -1.04082 0.0376593 0
0 7033 phononL 0.004 -0.20847 0.68906 -0.0014702 0
0 7034 phononL 0.004 -0.314922 0.0881645 0.0290803 0
0 7035 phononL 0.004 0.463753 -0.561888 -0.0284535 0
0 7036 phononL 0.004 0.169084 0.566122 -0.0299323 0
0 7037 phononL 0.004 -0.553877 1.32658 -0.0098268 0
0 7038 phononL 0.004 0.271352 -1.11838 -0.003848 0
0 7039 phononL 0.004 -0.640286 -0.643829 0.00207127 0
0 7040 phononL 0.004 1.17269 0.918839 0.0293042 0
0 7041 phononL 0.004 0.950142 0.510909 -0.00811156 0
0 7042 phononL 0.004 1.46594 -1.05751 -0.00920937 0
0 7043 phononL 0.004 0.0200403 -1.14997 -0.0174289 0
0 7044 phononL 0.004 1.43297 0.778607 -0.00178638 0
0 7045 phononL 0.004 -0.649113 0.35549 0.000544806 0
0 7046 phononL 0.004 0.885263 -0.691527 -0.0204866 0
0 7047 phononL 0.004 1.16417 -0.703576 -0.0276129 0
0 7048 phononL 0.004 0.751001 -0.290631 0.0186639 0
0 7049 phononL 0.004 -0.45922 -0.0776123 0.00968817 0
0 7050 phononL 0.004 -0.0477693 0.285656 0.0358383 0
0 7051 phononL 0.004 -0.338557 0.142167 -0.0391167 0
0 7052 phononL 0.004 0.70781 0.35005 0.0136821 0
0 7053 phononL 0.004 0.0940646 1.35836 0.003617 0
0 7054 phononL 0.004 0.653202 -0.913518 -0.0208047 0
0 7055 phononL 0.004 -1.21125 -1.00735 -0.0127685 0
0 7056 phononL 0.004 -0.0449962 -1.0998 -0.00207409 0
0 7057 phononL 0.004 0.36994 0.425866 0.00158025 0
0 7058 phononL 0.004 0.134358 -1.40996 0.00221627 0
0 7059 phononL 0.004 -1.42416 0.484056 0.00950561 0
0 7060 phononL 0.004 1.44061 0.643847 0.0370423 0
0 7061 phononL 0.004 1.2672 -1.36333 -0.00917885 0
0 7062 phononL 0.004 -1.11593 -0.415839 0.00532655 0
0 7063 phononL 0.004 -0.725768 -0.662826 -0.0387398 0
0 7064 phononL 0.004 0.0860618 -1.12713 -0.0292835 0
0 7065 phononL 0.004 -0.253201 -0.0551362 0.0137789 0
0 7066 phononL 0.004 0.601883 -0.680359 -0.0251785 0
0 7067 phononL 0.004 0.382052 0.197764 0.017865 0
0 7068 phononL 0.004 -0.217043 0.318551 0.00792756 0
0 7069 phononL 0.004 0.692402 -0.109774 0.0392376 0
0 7070 phononL 0.004 -1.13404 0.621121 -0.0260614 0
0 7071 phononL 0.004 -1.20444 0.133045 0.0279416 0
0 7072 phononL 0.004 -1.40213 -1.44187 0.0238759 0
0 7073 phononL 0.004 -1.27211 0.776619 -0.00159331 0
0 7074 phononL 0.004 -0.392027 0.946281 -0.0119406 0
0 7075 phononL 0.004 -0.15993 -0.615862 0.00786972 0
0 7076 phononL 0.004 -0.110999 -1.37872 0.00885091 0
0 7077 phononL 0.004 -0.616791 0.656471 -0.00236128 0
0 7078 phononL 0.004 0.998414 -0.221029 0.0319624 0
0 7079 phononL 0.004 1.47991 -0.914175 -0.0394094 0
0 7080 phononL 0.004 -0.964034 -0.658316 0.00799601 0
0 7081 phononL 0.004 0.353769 0.792095 0.0164934 0
0 7082 phononL 0.004 0.71194 -1.19933 0.0390524 0
0 7083 phononL 0.004 -0.429354 -0.203891 0.0212252 0
0 7084 phononL 0.004 1.28008 -0.410712 0.0228542 0
0 7085 phononL 0.004 -1.42683 -0.325312 0.0260678 0
0 7086 phononL 0.004 0.812261 0.697244 0.0106999 0
0 7087 phononL 0.004 1.44601 0.479544 -0.0336507 0
0 7088 phononL 0.004 -0.251988 -1.05087 0.000514204 0
0 7089 phononL 0.004 -1.155 -0.757231 0.0099287 0
0 7090 phononL 0.004 1.3253 1.01624 0.0100097 0
0 7091 phononL 0.004 0.840343 0.397248 -0.0121777 0
0 7092 phononL 0.004 0.874906 1.50108 -0.0205303 0
0 7093 phononL 0.004 -0.238066 -1.11534 0.0240998 0
0 7094 phononL 0.004 -0.387654 1.0836 0.0154969 0
0 7095 phononL 0.004 1.20025 1.16572 0.0109045 0
0 7096 phononL 0.004 -1.05613 0.781832 -0.0112871 0
0 7097 phononL 0.004 -0.44106 -0.65658 0.0298159 0
0 7098 phononL 0.004 -0.801989 -0.749461 0.0112086 0
0 7099 phononL 0.004 -1.15917 -1.01786 -0.00930457 0
0 7100 phononL 0.004 1.29602 -1.12467 -0.000268853 0
0 7101 phononL 0.004 0.579481 0.409969 0.0311097 0
0 7102 phononL 0.004 -1.46032 0.910965 0.0242349 0
0 7103 phononL 0.004 -1.02224 -1.36135 0.0284242 0
0 7104 phononL 0.004 -0.947835 0.891553 0.021216 0
0 7105 phononL 0.004 -0.629447 0.165865 0.00121606 0
0 7106 phononL 0.004 0.962698 -0.133135 -0.0361856 0
0 7107 phononL 0.004 -1.01903 0.37034 -0.026784 0
0 7108 phononL 0.004 0.86333 -0.829376 -0.0296863 0
0 7109 phononL 0.004 -0.972895 -1.36861 -0.0363215 0
0 7110 phononL 0.004 -0.575451 -0.831382 -0.0390133 0
0 7111 phononL 0.004 0.399316 -0.174509 0.00860901 0
0 7112 phononL 0.004 -0.700537 0.888839 0.0349162 0
0 7113 phononL 0.004 -1.12882 0.25468 0.00930557 0
0 7114 phononL 0.004 1.12263 -1.29955 0.000545169 0
0 7115 phononL 0.004 0.943069 -0.945903 0.00787923 0
0 7116 phononL 0.004 -1.11039 -0.774623 0.00171756 0
0 7117 phononL 0.004 -1.03543 0.820676 -0.014836 0
0 7118 phononL 0.004 0.975751 1.38776 -0.00219034 0
0 7119 phononL 0.004 0.00935917 0.728527 -0.00835951 0
0 7120 phononL 0.004 -1.29473 -0.701577 -0.00562033 0
0 7121 phononL 0.004 -0.613811 1.43333 -0.0123992 0
0 7122 phononL 0.004 1.05903 -1.46639 -0.0382919 0
0 7123 phononL 0.004 0.14042 -0.400552 -0.00785002 0
0 7124 phononL 0.004 0.363635 0.121047 0.00439405 0
0 7125 phononL 0.004 -1.11351 1.24845 0.0120167 0
0 7126 phononL 0.004 0.96502 0.223943 0.0324885 0
0 7127 phononL 0.004 -0.0987955 -0.714509 0.0203251 0
0 7128 phononL 0.004 1.47205 -1.20486 -0.015972 0
0 7129 phononL 0.004 1.44342 1.12526 0.0158097 0
0 7130 phononL 0.004 1.35472 0.844294 0.0197364 0
0 7131 phononL 0.004 -0.401805 0.148463 -0.0132578 0
0 7132 phononL 0.004 0.976546 -0.868728 -0.0193466 0
0 7133 phononL 0.004 -1.32117 -0.7238 0.0314966 0
0 7134 phononL 0.004 0.111713 0.787259 -0.0267813 0
0 7135 phononL 0.004 -0.822261 0.425326 -0.00138619 0
0 7136 phononL 0.004 -0.986419 1.20163 0.0173361 0
0 7137 phononL 0.004 -0.625306 -0.30768 0.00690636 0
0 7138 phononL 0.004 -1.10441 -0.744812 0.0196738 0
0 7139 phononL 0.004 -0.0687891 -1.06073 -0.000542098 0
0 7140 phononL 0.004 0.0069464 0.748837 0.0277185 0
0 7141 phononL 0.004 -0.633931 0.681716 0.00248428 0
0 7142 phononL 0.004 -0.405384 0.483272 0.0358882 0
0 7143 phononL 0.004 1.22093 -0.154907 -0.000675091 0
0 7144 phononL 0.004 1.42307 -1.29747 0.0150332 0
0 7145 phononL 0.004 -0.0283303 0.525231 0.0325561 0
0 7146 phononL 0.004 -0.463792 0.0343904 0.00684819 0
0 7147 phononL 0.004 -1.23689 -0.272324 0.00474959 0
0 7148 phononL 0.004 0.602248 1.32473 0.026646 0
0 7149 phononL 0.004 1.01199 -0.908844 0.000312329 0
0 7150 phononL 0.004 -0.119821 0.711446 -0.0245071 0
0 7151 phononL 0.004 1.0012 -1.48353 0.0151061 0
0 7152 phononL 0.004 1.10252 -0.146479 -0.0298252 0
0 7153 phononL 0.004 -0.129632 0.561037 -0.00352397 0
0 7154 phononL 0.004 1.37882 -0.606233 0.00174826 0
0 7155 phononL 0.004 0.97704 0.305683 -0.0172538 0
0 7156 phononL 0.004 -0.192623 -0.463493 -0.0152845 0
0 7157 phononL 0.004 -0.0194193 -0.506785 -0.037732 0
0 7158 phononL 0.004 0.611301 -1.10171 -0.0110277 0
0 7159 phononL 0.004 0.0451063 -0.518132 0.00111326 0
0 7160 phononL 0.004 -0.223614 -1.49692 -0.0111525 0
0 7161 phononL 0.004 0.943874 0.814245 0.015563 0
0 7162 phononL 0.004 -1.46492 0.422358 0.0067301 0
0 7163 phononL 0.004 1.39119 -0.117824 0.0029702 0
0 7164 phononL 0.004 0.396876 0.93722 0.02829 0
0 7165 phononL 0.004 -1.46397 0.142159 0.0358846 0
0 7166 phononL 0.004 -0.568861 -1.23281 0.00904946 0
0 7167 phononL 0.004 1.26499 -0.275107 0.0168508 0
0 7168 phononL 0.004 0.461775 0.567534 -0.0293378 0
0 7169 phononL 0.004 -1.15039 -0.122381 0.0198042 0
0 7170 phononL 0.004 0.636343 1.32923 0.0292592 0
0 7171 phononL 0.004 -0.897355 -0.461972 -0.0163415 0
0 7172 phononL 0.004 0.647829 -0.586702 0.00903056 0
0 7173 phononL 0.004 1.42162 0.395328 0.0220143 0
0 7174 phononL 0.004 -0.981079 -1.14851 0.0271017 0
0 7175 phononL 0.004 0.188038 -0.99066 -0.00676767 0
0 7176 phononL 0.004 1.0311 0.888068 -0.0024454 0
0 7177 phononL 0.004 -1.17286 1.34069 -0.030656 0
0 7178 phononL 0.004 0.28196 0.357806 -0.0243198 0
0 7179 phononL 0.004 -1.068 1.35009 0.0299418 0
0 7180 phononL 0.004 1.04159 -1.4699 -0.0204996 0
0 7181 phononL 0.004 0.400221 0.943956 0.00149921 0
0 7182 phononL 0.004 -1.09351 -0.721807 -0.0116234 0
0 7183 phononL 0.004 -1.22891 0.0185309 -0.0379192 0
0 7184 phononL 0.004 -0.864876 1.17345 -0.0303841 0
0 7185 phononL 0.004 0.330905 -0.518577 0.033216 0
0 7186 phononL 0.004 -1.09541 0.36394 -0.00847449 0
0 7187 phononL 0.004 1.14181 1.05146 -0.0226395 0
0 7188 phononL 0.004 -1.01252 1.3037 -0.0296515 0
0 7189 phononL 0.004 -0.840164 -1.41254 0.0281214 0
0 7190 phononL 0.004 -0.332638 0.836984 0.0149453 0
0 7191 phononL 0.004 -0.415446 -0.0618747 -0.0348348 0
0 7192 phononL 0.004 -1.45429 1.50341 0.00529585 0
0 7193 phononL 0.004 0.901571 1.18083 -0.0108593 0
0 7194 phononL 0.004 -1.17351 -0.653953 0.0369552 0
0 7195 phononL 0.004 0.0132019 1.32266 -0.0283597 0
0 7196 phononL 0.004 -0.101354 -0.168195 0.0248799 0
0 7197 phononL 0.004 -0.036584 1.31849 0.0109824 0
0 7198 phononL 0.004 1.04178 -0.204646 -0.0243046 0
0 7199 phononL 0.004 0.288538 -1.27275 0.0245192 0
0 7200 phononL 0.004 -1.19877 0.631508 -0.0290075 0
0 7201 phononL 0.004 1.15219 -1.17169 -0.0332227 0
0 7202 phononL 0.004 -0.302508 0.0640728 -0.0377002 0
0 7203 phononL 0.004 -0.786164 1.12597 -0.0385781 0
0 7204 phononL 0.004 -0.313451 0.0317746 0.0104513 0
0 7205 phononL 0.004 0.12066 -1.14612 0.00334026 0
0 7206 phononL 0.004 1.31024 -1.07752 -0.0339012 0
0 7207 phononL 0.004 -0.381869 0.722542 -0.00929059 0
0 7208 phononL 0.004 0.995921 -0.300339 0.00167292 0
0 7209 phononL 0.004 0.993028 0.457832 -0.000811021 0
0 7210 phononL 0.004 -0.847278 -1.46205 0.0105187 0
0 7211 phononL 0.004 -0.0292013 1.46403 -0.0192301 0
0 7212 phononL 0.004 0.49826 -1.11251 -0.0150656 0
0 7213 phononL 0.004 0.966374 0.542229 0.00147514 0
0 7214 phononL 0.004 0.532488 0.441062 -0.033106 0
0 7215 phononL 0.004 0.306827 -0.864 -0.0128299 0
0 7216 phononL 0.004 -0.301502 0.26334 -0.0172092 0
0 7217 phononL 0.004 -0.629168 0.108521 0.00621342 0
0 7218 phononL 0.004 1.10202 0.181763 -0.0298503 0
0 7219 phononL 0.004 1.26448 -1.10974 0.00894294 0
0 7220 phononL 0.004 -0.570092 0.212726 0.00896258 0
0 7221 phononL 0.004 -0.307882 1.45328 -0.00395227 0
0 7222 phononL 0.004 0.321627 1.11704 -0.0285964 0
0 7223 phononL 0.004 0.0990153 -0.793989 -0.0379445 0
0 7224 phononL 0.004 0.157581 -0.260007 -0.0163688 0
0 7225 phononL 0.004 0.0496709 1.15914 -0.0160605 0
0 7226 phononL 0.004 0.0911943 -0.15695 -0.0316281 0
0 7227 phononL 0.004 1.39842 -1.36859 0.0114732 0
0 7228 phononL 0.004 -0.00524306 -1.46554 0.0385733 0
0 7229 phononL 0.004 1.42036 -0.629731 -0.0141602 0
0 7230 phononL 0.004 -0.792127 -0.210796 0.010956 0
0 7231 phononL 0.004 0.255832 -0.614533 -0.0043303 0
0 7232 phononL 0.004 0.978981 -1.25423 0.0208865 0
0 7233 phononL 0.004 -0.636996 1.25367 -0.0380645 0
0 7234 phononL 0.004 -0.0579132 0.0473016 0.0303472 0
0 7235 phononL 0.004 0.0370046 0.917924 -0.000347068 0
0 7236 phononL 0.004 1.37735 -1.03406 -0.0134473 0
0 7237 phononL 0.004 -1.17721 0.757528 0.0259256 0
0 7238 phononL 0.004 0.862955 1.18977 -0.00264154 0
0 7239 phononL 0.004 -0.736762 1.40035 -0.0178599 0
0 7240 phononL 0.004 1.13913 0.645569 -0.0166944 0
0 7241 phononL 0.004 -0.426719 -0.720556 0.0111355 0
0 7242 phononL 0.004 1.2431 -0.94306 -0.0298851 0
0 7243 phononL 0.004 -0.750767 -0.754004 -0.00275597 0
0 7244 phononL 0.004 -1.05835 -0.276491 -0.0121355 0
0 7245 phononL 0.004 1.26647 -0.350808 0.025756 0
0 7246 phononL 0.004 -0.736891 -0.0983265 0.00592893 0
0 7247 phononL 0.004 -0.592662 0.994763 -0.0217742 0
0 7248 phononL 0.004 0.822426 -0.751531 0.0196985 0
0 7249 phononL 0.004 -0.552195 0.623288 0.0030641 0
0 7250 phononL 0.004 -0.410989 -0.574371 0.0218719 0
0 7251 phononL 0.004 0.0347616 -0.320501 0.0381793 0
0 7252 phononL 0.004 -1.12389 0.0544744 -0.0369749 0
0 7253 phononL 0.004 0.694379 0.428625 -0.0112378 0
0 7254 phononL 0.004 0.359297 1.35374 0.0219237 0
0 7255 phononL 0.004 -0.907058 1.31376 -0.022445 0
0 7256 phononL 0.004 -0.493553 1.41478 -0.0228171 0
0 7257 phononL 0.004 -0.189945 -1.34849 -0.0349437 0
0 7258 phononL 0.004 0.793858 0.387163 0.0290343 0
0 7259 phononL 0.004 -0.0237397 1.44242 0.0368108 0
0 7260 phononL 0.004 0.085908 -0.344061 0.031468 0
0 7261 phononL 0.004 -1.21889 0.00603029 0.00685953 0
0 7262 phononL 0.004 -1.43463 -0.860021 0.0277396 0
0 7263 phononL 0.004 -1.01021 -1.00117 -0.00264653 0
0 7264 phononL 0.004 1.03173 -1.47663 0.00168129 0
0 7265 phononL 0.004 -0.0953886 -0.531377 0.0134838 0
0 7266 phononL 0.004 -1.28509 0.906548 -0.0303329 0
0 7267 phononL 0.004 -0.435465 0.714341 -0.0180053 0
0 7268 phononL 0.004 -0.396542 0.1501 0.0206448 0
0 7269 phononL 0.004 -1.35862 -0.396383 -0.0149702 0
0 7270 phononL 0.004 1.10774 0.796743 0.0200369 0
0 7271 phononL 0.004 -0.324593 -0.537303 0.00888359 0
0 7272 phononL 0.004 -1.15102 -1.11517 -0.0267527 0
0 7273 phononL 0.004 1.26206 -0.332062 -0.0399022 0
0 7274 phononL 0.004 -1.16362 0.571159 0.0267408 0
0 7275 phononL 0.004 -0.376221 -0.217584 -0.0115996 0
0 7276 phononL 0.004 -1.11462 -0.984425 0.0172506 0
0 7277 phononL 0.004 -1.00878 0.694104 0.00402261 0
0 7278 phononL 0.004 -1.25509 -0.185794 -0.00201988 0
0 7279 phononL 0.004 -0.794028 -0.726604 0.00728141 0
0 7280 phononL 0.004 -0.163047 -1.24008 -0.0232238 0
0 7281 phononL 0.004 0.770823 -0.279311 -0.00436463 0
0 7282 phononL 0.004 0.355554 1.27703 0.0154616 0
0 7283 phononL 0.004 -0.446849 -0.679386 0.00672553 0
0 7284 phononL 0.004 -0.120401 0.886634 0.0109186 0
0 7285 phononL 0.004 -0.581609 -0.175796 -0.0249123 0
0 7286 phononL 0.004 -1.49738 -0.0106841 0.00593365 0
0 7287 phononL 0.004 -0.399232 0.20619 0.0151008 0
0 7288 phononL 0.004 0.602048 1.50341 -0.0148179 0
0 7289 phononL 0.004 0.883685 -1.32259 -0.0305983 0
0 7290 phononL 0.004 -1.30915 -0.344242 0.0357232 0
0 7291 phononL 0.004 -1.15056 1.19391 0.00647376 0
0 7292 phononL 0.004 -0.0316642 0.876803 -0.014793 0
0 7293 phononL 0.004 0.367882 -0.186478 0.0290504 0
0 7294 phononL 0.004 -0.196527 0.962986 -0.00561991 0
0 7295 phononL 0.004 -0.135082 -0.834107 0.0353433 0
0 7296 phononL 0.004 1.41595 -0.769053 0.00102639 0
0 7297 phononL 0.004 -0.14917 -1.49144 -0.0372259 0
0 7298 phononL 0.004 1.04764 0.916558 0.00204295 0
0 7299 phononL 0.004 1.25495 0.208202 0.0351514 0
0 7300 phononL 0.004 -1.20659 1.48159 0.00517231 0
0 7301 phononL 0.004 -1.46684 -0.0969727 0.0339968 0
0 7302 phononL 0.004 0.540804 1.43786 0.0340522 0
0 7303 phononL 0.004 0.308612 -0.738553 -0.013544 0
0 7304 phononL 0.004 -0.918955 0.53761 -0.0283852 0
0 7305 phononL 0.004 -1.49226 -0.583403 -0.0195667 0
0 7306 phononL 0.004 1.37282 0.60566 -0.0218 0
0 7307 phononL 0.004 0.805229 0.568399 0.00485466 0
0 7308 phononL 0.004 0.714874 0.912166 0.0337383 0
0 7309 phononL 0.004 0.995292 -0.385785 0.0123969 0
0 7310 phononL 0.004 1.04022 0.279406 -0.0283629 0
0 7311 phononL 0.004 1.10663 1.37584 -0.021821 0
0 7312 phononL 0.004 1.44157 1.23147 0.0125439 0
0 7313 phononL 0.004 -0.111252 -1.28928 0.0118756 0
0 7314 phononL 0.004 -0.326538 0.969376 0.0234337 0
0 7315 phononL 0.004 0.92171 0.818769 -0.0221422 0
0 7316 phononL 0.004 0.821695 -1.00725 0.0247092 0
0 7317 phononL 0.004 -0.932428 0.751382 0.0318741 0
0 7318 phononL 0.004 -0.737403 -0.582358 -0.00213945 0
0 7319 phononL 0.004 -1.47563 -0.914275 0.00380184 0
0 7320 phononL 0.004 -0.121394 0.788715 0.0285333 0
0 7321 phononL 0.004 1.04288 -0.550835 0.00657305 0
0 7322 phononL 0.004 0.989094 1.33707 -0.00553925 0
0 7323 phononL 0.004 -0.15196 1.08656 -0.0390811 0
0 7324 phononL 0.004 -1.28707 -1.0407 0.023433 0
0 7325 phononL 0.004 0.273585 0.788932 0.0176664 0
0 7326 phononL 0.004 -0.0911259 -0.245318 0.0184773 0
0 7327 phononL 0.004 -1.34615 -0.708583 0.0344358 0
0 7328 phononL 0.004 0.109346 -0.2396 0.0344349 0
0 7329 phononL 0.004 -0.249989 0.364008 -0.00459529 0
0 7330 phononL 0.004 0.0456773 0.0174574 -0.0253347 0
0 7331 phononL 0.004 0.774893 1.45335 0.020245 0
0 7332 phononL 0.004 -0.868547 0.414081 -0.0166319 0
0 7333 phononL 0.004 -1.36418 -0.803403 0.00244058 0
0 7334 phononL 0.004 0.19107 0.617717 -0.0254519 0
0 7335 phononL 0.004 -0.367758 -1.07858 0.0181038 0
0 7336 phononL 0.004 1.1045 -0.381587 0.0247768 0
0 7337 phononL 0.004 -0.327974 1.39999 -0.0173067 0
0 7338 phononL 0.004 0.365168 0.929636 -0.0144609 0
0 7339 phononL 0.004 0.587182 -0.0700776 -0.0136285 0
0 7340 phononL 0.004 -0.259771 0.128653 -0.028215 0
0 7341 phononL 0.004 0.22127 0.256091 0.00908968 0
0 7342 phononL 0.004 1.47195 -1.11232 -0.0297506 0
0 7343 phononL 0.004 1.5007 0.991049 -0.0256171 0
0 7344 phononL 0.004 0.85663 0.613558 -0.0185125 0
0 7345 phononL 0.004 -0.0182683 0.736503 -0.0147773 0
0 7346 phononL 0.004 -1.32802 -0.965425 0.0276783 0
0 7347 phononL 0.004 1.4415 0.97444 -0.0168046 0
0 7348 phononL 0.004 0.525321 0.0653427 -0.0312541 0
0 7349 phononL 0.004 0.996482 -0.0389856 0.0290164 0
0 7350 phononL 0.004 0.542733 0.00654189 0.00170517 0
0 7351 phononL 0.004 -0.296959 1.12298 0.0397911 0
0 7352 phononL 0.004 0.133087 -0.0375426 -0.0270613 0
0 7353 phononL 0.004 0.964439 0.600201 -0.0156112 0
0 7354 phononL 0.004 -0.163386 1.12469 0.0126132 0
0 7355 phononL 0.004 -1.47062 -0.205474 0.024833 0
0 7356 phononL 0.004 -0.0730817 0.344978 0.0315133 0
0 7357 phononL 0.004 -0.353574 -0.866192 0.00110446 0
0 7358 phononL 0.004 -1.35009 -0.56076 0.00581247 0
0 7359 phononL 0.004 -0.0518559 -1.40649 -0.0285899 0
0 7360 phononL 0.004 -0.75443 -1.04711 -0.0354722 0
0 7361 phononL 0.004 -0.938389 0.790764 0.0344804 0
0 7362 phononL 0.004 -0.950089 1.02941 -0.00600886 0
0 7363 phononL 0.004 0.181165 0.208986 -0.0029175 0
0 7364 phononL 0.004 0.120574 0.979827 0.00115908 0
0 7365 phononL 0.004 0.84151 -0.570241 0.000703312 0
0 7366 phononL 0.004 0.656215 0.13566 -0.0186929 0
0 7367 phononL 0.004 1.18638 -0.972142 0.0126418 0
0 7368 phononL 0.004 -0.116234 0.238755 -0.0346258 0
0 7369 phononL 0.004 -0.161486 -0.872837 -0.0287891 0
0 7370 phononL 0.004 -0.547438 0.648377 0.02074 0
0 7371 phononL 0.004 -0.231882 -1.22822 0.00947017 0
0 7372 phononL 0.004 1.30947 0.177237 -0.0254183 0
0 7373 phononL 0.004 -0.650486 -0.656153 0.0294549 0
0 7374 phononL 0.004 -0.545404 0.0822244 0.0122012 0
0 7375 phononL 0.004 -0.906454 0.264668 -0.0157284 0
0 7376 phononL 0.004 0.338353 0.940546 0.00945706 0
0 7377 phononL 0.004 0.127661 1.1956 -0.00390978 0
0 7378 phononL 0.004 -1.31236 0.742638 0.029642 0
0 7379 phononL 0.004 0.443815 1.48306 0.0225414 0
0 7380 phononL 0.004 -0.587744 0.254173 -0.0103579 0
0 7381 phononL 0.004 0.427671 -0.59218 0.0232657 0
0 7382 phononL 0.004 0.539321 -1.27086 -0.0142536 0
0 7383 phononL 0.004 0.618663 -1.15321 -0.0114199 0
0 7384 phononL 0.004 1.07207 -0.331302 -0.0377612 0
0 7385 phononL 0.004 0.813034 1.21965 -0.00671959 0
0 7386 phononL 0.004 1.40169 -0.20744 -0.0139456 0
0 7387 phononL 0.004 -1.1926 0.869434 0.0065449 0
0 7388 phononL 0.004 -0.568128 1.40853 -0.0341707 0
0 7389 phononL 0.004 0.0145558 -0.458517 0.00158706 0
0 7390 phononL 0.004 0.468701 1.49795 -0.00629122 0
0 7391 phononL 0.004 0.667479 -1.25285 -0.0178358 0
0 7392 phononL 0.004 0.701954 0.584943 -0.0363533 0
0 7393 phononL 0.004 0.367613 -0.934202 0.0354104 0
0 7394 phononL 0.004 -0.0678 1.34597 -0.03426 0
0 7395 phononL 0.004 1.23502 -0.0946426 0.0319975 0
0 7396 phononL 0.004 -0.378321 -0.781086 -0.0198355 0
0 7397 phononL 0.004 -0.566896 -0.501028 -0.0212122 0
0 7398 phononL 0.004 0.46667 -0.593335 0.0371536 0
0 7399 phononL 0.004 0.715245 0.157586 -0.00888073 0
0 7400 phononL 0.004 -1.45515 1.00297 -0.0180262 0
0 7401 phononL 0.004 1.48361 0.1173 -0.0306143 0
0 7402 phononL 0.004 -1.42575 -0.0578684 0.0177706 0
0 7403 phononL 0.004 0.154926 -0.214618 0.0399068 0
0 7404 phononL 0.004 0.108313 -0.956758 -0.0155704 0
0 7405 phononL 0.004 -0.0442582 -0.66965 0.0370311 0
0 7406 phononL 0.004 0.738278 -0.332072 -0.028987 0
0 7407 phononL 0.004 0.620772 -1.37658 0.0060083 0
0 7408 phononL 0.004 1.49043 -0.280165 0.0261263 0
0 7409 phononL 0.004 0.720247 -0.321199 0.00489754 0
0 7410 phononL 0.004 -1.40076 -0.62177 -0.0167888 0
0 7411 phononL 0.004 -0.885689 -0.595141 -0.0199951 0
0 7412 phononL 0.004 -0.252613 0.800011 -0.0104673 0
0 7413 phononL 0.004 -1.21126 0.537771 -0.0348714 0
0 7414 phononL 0.004 -0.1745 -0.339009 -0.000118432 0
0 7415 phononL 0.004 -1.18227 -0.793577 0.0232082 0
0 7416 phononL 0.004 -1.28183 0.170921 0.0237571 0
0 7417 phononL 0.004 -0.648687 0.0821332 -0.0279559 0
0 7418 phononL 0.004 -1.46336 1.25626 0.0260056 0
0 7419 phononL 0.004 1.42034 -1.09271 -0.00393977 0
0 7420 phononL 0.004 0.86653 0.782229 0.00283757 0
0 7421 phononL 0.004 0.237188 -0.515399 0.0291393 0
0 7422 phononL 0.004 1.04194 0.188477 0.0327168 0
0 7423 phononL 0.004 -0.621725 1.46903 0.0260216 0
0 7424 phononL 0.004 0.0280888 -0.404842 0.0361386 0
0 7425 phononL 0.004 -1.49429 -0.458114 -0.0211816 0
0 7426 phononL 0.004 0.810384 -1.19862 -0.0198722 0
0 7427 phononL 0.004 0.433643 -1.48148 -0.00784749 0
0 7428 phononL 0.004 1.09762 -1.46356 -0.0108055 0
0 7429 phononL 0.004 0.66823 -0.689543 -0.0282244 0
0 7430 phononL 0.004 -0.543986 0.907216 -0.0303566 0
0 7431 phononL 0.004 -0.160868 -0.566994 0.0259083 0
0 7432 phononL 0.004 1.351 0.86215 -0.0385985 0
0 7433 phononL 0.004 -1.25838 -0.933476 0.0204477 0
0 7434 phononL 0.004 0.671185 0.196718 0.0100091 0
0 7435 phononL 0.004 0.25581 0.841007 0.0348428 0
0 7436 phononL 0.004 1.12553 0.138644 0.0218193 0
0 7437 phononL 0.004 -0.610409 -0.584941 -0.031165 0
0 7438 phononL 0.004 0.188549 -0.7804 0.0335967 0
0 7439 phononL 0.004 0.808316 0.66189 0.00281209 0
0 7440 phononL 0.004 0.54169 0.407967 -0.00478444 0
0 7441 phononL 0.004 -1.42608 1.31662 -0.0167407 0
0 7442 phononL 0.004 0.105599 1.02137 -0.0189003 0
0 7443 phononL 0.004 -0.568017 0.560934 0.0226259 0
0 7444 phononL 0.004 -0.439082 -1.38645 0.0377503 0
0 7445 phononL 0.004 0.361966 -0.815192 -0.0205064 0
0 7446 phononL 0.004 -1.09086 -0.571116 0.012437 0
0 7447 phononL 0.004 -1.32806 -0.421736 -0.0196693 0
0 7448 phononL 0.004 0.796458 -0.692319 -0.00523502 0
0 7449 phononL 0.004 1.27377 -1.14499 -0.0354707 0
0 7450 phononL 0.004 1.3628 1.2558 0.00541261 0
0 7451 phononL 0.004 0.484623 -1.50115 0.0170181 0
0 7452 phononL 0.004 0.512723 -0.894593 -0.0236784 0
0 7453 phononL 0.004 1.06391 0.944269 -0.00140169 0
0 7454 phononL 0.004 0.37141 0.632626 -0.0293014 0
0 7455 phononL 0.004 -0.829993 -0.402497 0.0207072 0
0 7456 phononL 0.004 -0.426213 1.35719 -0.00174505 0
0 7457 phononL 0.004 -0.802212 1.18309 0.00302861 0
0 7458 phononL 0.004 -0.337459 0.346766 -0.0259551 0
0 7459 phononL 0.004 -1.08684 -1.13389 -0.00266495 0
0 7460 phononL 0.004 -0.920022 -1.16174 0.00413322 0
0 7461 phononL 0.004 -0.90375 -0.269717 -0.0366584 0
0 7462 phononL 0.004 -1.27914 -0.827941 -0.00846325 0
0 7463 phononL 0.004 -0.694506 0.21887 -0.0165188 0
0 7464 phononL 0.004 -0.395234 -0.01444 0.00891637 0
0 7465 phononL 0.004 -0.300428 -1.34909 0.0190374 0
0 7466 phononL 0.004 0.672088 -1.36501 -0.011625 0
0 7467 phononL 0.004 0.355829 1.36919 0.0256988 0
0 7468 phononL 0.004 0.1351 -1.14703 -0.0129457 0
0 7469 phononL 0.004 -1.34953 1.15323 0.00944924 0
0 7470 phononL 0.004 -0.503922 -1.0863 -0.00919749 0
0 7471 phononL 0.004 0.663062 0.498701 0.0233628 0
0 7472 phononL 0.004 0.599941 1.22815 0.0266504 0
0 7473 phononL 0.004 -1.08255 1.26983 0.0294643 0
0 7474 phononL 0.004 0.291397 -1.34277 -0.0302582 0
0 7475 phononL 0.004 0.47911 -0.769215 -0.0226323 0
0 7476 phononL 0.004 1.11995 0.440554 0.00612556 0
0 7477 phononL 0.004 -1.05296 1.14802 -0.0355501 0
0 7478 phononL 0.004 -0.191934 -0.425386 0.0385573 0
0 7479 phononL 0.004 0.731538 0.0481072 0.0274523 0
0 7480 phononL 0.004 1.21717 -0.373055 -0.0162965 0
0 7481 phononL 0.004 0.622376 -1.13405 -0.0349514 0
0 7482 phononL 0.004 -0.647213 -0.246381 0.0131565 0
0 7483 phononL 0.004 0.430957 0.535001 0.0225813 0
0 7484 phononL 0.004 -0.912799 -0.0197707 -0.015512 0
0 7485 phononL 0.004 -0.638235 0.571023 0.00899082 0
0 7486 phononL 0.004 1.14817 -1.33474 0.0150644 0
0 7487 phononL 0.004 -0.666219 -1.12577 0.0230434 0
0 7488 phononL 0.004 -0.658554 -1.46292 0.0330443 0
0 7489 phononL 0.004 0.0648511 -0.921372 0.0187416 0
0 7490 phononL 0.004 1.50117 -0.264773 0.000473065 0
0 7491 phononL 0.004 -0.978842 1.22354 0.0165732 0
0 7492 phononL 0.004 -1.07981 -0.623588 -0.0292081 0
0 7493 phononL 0.004 -1.44279 1.16708 0.0379986 0
0 7494 phononL 0.004 1.44602 -0.817477 0.0131275 0
0 7495 phononL 0.004 0.468293 -1.13912 0.0328665 0
0 7496 phononL 0.004 0.324829 1.05324 0.020361 0
0 7497 phononL 0.004 -1.22936 -0.0762246 -0.00669244 0
0 7498 phononL 0.004 1.0684 -0.805451 0.0233891 0
0 7499 phononL 0.004 -0.853176 -0.325936 0.0247493 0
0 7500 phononL 0.004 -0.64986 -0.976619 0.0213676 0
0 7501 phononL 0.004 0.943196 -0.116546 0.0379487 0
0 7502 phononL 0.004 -0.675176 -0.160774 -0.015625 0
0 7503 phononL 0.004 -1.03124 -1.24054 0.00921523 0
0 7504 phononL 0.004 0.976886 0.550891 -0.00263175 0
0 7505 phononL 0.004 0.433321 1.46975 -0.0196522 0
0 7506 phononL 0.004 0.345779 -1.19733 0.0283596 0
0 7507 phononL 0.004 -1.20436 0.406782 0.0151944 0
0 7508 phononL 0.004 -1.24329 -0.397848 -0.031262 0
0 7509 phononL 0.004 -0.857541 0.68905 0.0289051 0
0 7510 phononL 0.004 0.360528 0.186962 0.012975 0
0 7511 phononL 0.004 0.340132 0.669637 0.00703187 0
0 7512 phononL 0.004 1.22579 0.496287 0.0157985 0
0 7513 phononL 0.004 -0.670175 -1.13849 0.0220266 0
0 7514 phononL 0.004 -1.45375 -0.146878 -0.0187741 0
0 7515 phononL 0.004 -0.462123 -0.191456 -0.00486095 0
0 7516 phononL 0.004 0.796719 1.2111 -0.00662443 0
0 7517 phononL 0.004 0.898661 -0.004419 0.0136915 0
0 7518 phononL 0.004 -0.982732 1.18234 -0.00404715 0
0 7519 phononL 0.004 -0.12267 0.875076 -0.0328568 0
0 7520 phononL 0.004 0.921453 -0.625647 -0.0285684 0
0 7521 phononL 0.004 -1.01336 -0.0986286 0.0312877 0
0 7522 phononL 0.004 -0.197291 0.84985 -0.00532859 0
0 7523 phononL 0.004 -0.510689 -0.0914005 -0.0112897 0
0 7524 phononL 0.004 -0.0873321 -0.11442 0.00794178 0
0 7525 phononL 0.004 1.40082 -0.334949 -0.0257404 0
0 7526 phononL 0.004 -1.47811 0.826722 -0.0143488 0
0 7527 phononL 0.004 -0.17532 -0.336867 0.0359678 0
0 7528 phononL 0.004 -1.45611 -0.149338 0.00791376 0
0 7529 phononL 0.004 0.530461 -0.768937 0.0345802 0
0 7530 phononL 0.004 -1.07816 0.735345 0.0249085 0
0 7531 phononL 0.004 -1.17136 -0.396376 0.0322357 0
0 7532 phononL 0.004 0.584267 -0.207733 0.026802 0
0 7533 phononL 0.004 -0.94495 1.48058 0.0308271 0
0 7534 phononL 0.004 0.813223 0.978894 0.028325 0
0 7535 phononL 0.004 -0.01688 -0.497697 -0.00852392 0
0 7536 phononL 0.004 1.02055 0.92741 0.0019834 0
0 7537 phononL 0.004 -0.406593 -0.972164 -0.0116942 0
0 7538 phononL 0.004 -0.523118 0.650792 0.0398373 0
0 7539 phononL 0.004 0.147622 -0.288604 -0.0191277 0
0 7540 phononL 0.004 0.559442 -0.528646 0.0377079 0
0 7541 phononL 0.004 -0.594079 -0.00578377 0.0351412 0
0 7542 phononL 0.004 0.265352 1.19747 0.0380458 0
0 7543 phononL 0.004 0.634095 0.626533 -0.0188552 0
0 7544 phononL 0.004 -1.17488 0.292717 -0.0182202 0
0 7545 phononL 0.004 -1.11758 -0.751769 -0.0310596 0
0 7546 phononL 0.004 -0.576372 -0.366607 -0.00606312 0
0 7547 phononL 0.004 -1.41235 -0.0571644 -0.0386769 0
0 7548 phononL 0.004 0.0270219 -0.844455 -0.0150744 0
0 7549 phononL 0.004 -0.280327 -0.292308 -0.0251623 0
0 7550 phononL 0.004 -1.31335 0.10098 0.00114702 0
0 7551 phononL 0.004 -0.270625 -1.01574 0.0375125 0
0 7552 phononL 0.004 0.633364 0.479612 0.0205808 0
0 7553 phononL 0.004 0.914771 1.36171 0.0323068 0
0 7554 phononL 0.004 -0.59357 0.866466 0.0354345 0
0 7555 phononL 0.004 -0.396209 1.49705 0.0247948 0
0 7556 phononL 0.004 0.0868472 -1.48294 -0.00199738 0
0 7557 phononL 0.004 0.564509 -1.34149 0.0305154 0
0 7558 phononL 0.004 0.772821 -1.249 0.0208175 0
0 7559 phononL 0.004 0.166727 0.056936 -0.00843735 0
0 7560 phononL 0.004 -0.748729 -0.514072 -0.0255362 0
0 7561 phononL 0.004 0.938676 1.31904 0.0350009 0
0 7562 phononL 0.004 0.866511 1.19566 -0.0125866 0
0 7563 phononL 0.004 -0.839109 -0.305127 -0.0379289 0
0 7564 phononL 0.004 0.70386 -0.919912 -0.0292844 0
0 7565 phononL 0.004 1.48966 -1.20875 0.00647534 0
0 7566 phononL 0.004 -1.35728 -0.298862 0.0277269 0
0 7567 phononL 0.004 0.856838 0.0489211 -0.0173969 0
0 7568 phononL 0.004 -0.823004 0.86577 0.0042969 0
0 7569 phononL 0.004 0.0465903 -0.378941 -0.0181157 0
0 7570 phononL 0.004 0.630542 1.33548 -0.0226843 0
0 7571 phononL 0.004 0.125791 -0.0669493 0.0160368 0
0 7572 phononL 0.004 -0.561505 0.659463 -0.0224865 0
0 7573 phononL 0.004 0.313092 1.2997 0.0334939 0
0 7574 phononL 0.004 -0.149351 -0.486069 -0.0240536 0
0 7575 phononL 0.004 -0.94344 0.458219 0.0225643 0
0 7576 phononL 0.004 -0.201528 0.0111015 0.00840378 0
0 7577 phononL 0.004 -0.617042 -0.373605 -0.0202456 0
0 7578 phononL 0.004 1.05114 0.874201 0.0148184 0
0 7579 phononL 0.004 1.03306 1.05073 0.0288163 0
0 7580 phononL 0.004 -0.459355 1.21521 -0.0144401 0
0 7581 phononL 0.004 -0.151307 1.25373 0.0212985 0
0 7582 phononL 0.004 -0.782187 0.298462 -0.00307334 0
0 7583 phononL 0.004 0.12205 -1.38686 -0.00468449 0
0 7584 phononL 0.004 -0.115383 0.617033 0.031652 0
0 7585 phononL 0.004 0.178417 0.0375003 -0.0389681 0
0 7586 phononL 0.004 -0.285105 -0.908406 0.016869 0
0 7587 phononL 0.004 0.64281 1.13674 0.00803983 0
0 7588 phononL 0.004 -1.17499 0.406539 0.0284532 0
0 7589 phononL 0.004 -0.815935 0.967927 0.0192094 0
0 7590 phononL 0.004 0.366814 1.15522 0.0217412 0
0 7591 phononL 0.004 -1.45981 1.19197 0.013051 0
0 7592 phononL 0.004 0.465633 -1.30644 -0.0086394 0
0 7593 phononL 0.004 0.923051 0.209773 0.0183078 0
0 7594 phononL 0.004 -0.0900055 0.174223 -0.0286699 0
0 7595 phononL 0.004 -1.2888 -0.867065 -0.0149672 0
0 7596 phononL 0.004 0.739006 1.43496 0.0186178 0
0 7597 phononL 0.004 -1.4472 -1.30967 -0.010211 0
0 7598 phononL 0.004 1.50455 -0.562416 -0.0223321 0
0 7599 phononL 0.004 0.350844 1.36497 -0.0229084 0
0 7600 phononL 0.004 -1.14063 -0.570807 -0.00289665 0
0 7601 phononL 0.004 0.909651 0.761052 0.0316289 0
0 7602 phononL 0.004 -1.27232 -1.27002 -0.00956519 0
0 7603 phononL 0.004 -0.412138 1.34007 -0.0270702 0
0 7604 phononL 0.004 0.778418 0.249415 -0.0121382 0
0 7605 phononL 0.004 0.776417 -0.168183 0.0314798 0
0 7606 phononL 0.004 -1.21675 -0.501888 0.0356305 0
0 7607 phononL 0.004 -1.11986 1.30409 0.023389 0
0 7608 phononL 0.004 -0.3755 0.716565 0.00122288 0
0 7609 phononL 0.004 0.958339 0.527459 0.000295006 0
0 7610 phononL 0.004 0.0318444 -1.01295 -0.0119697 0
0 7611 phononL 0.004 -0.512942 -0.247911 -0.0249816 0
0 7612 phononL 0.004 1.4834 -0.69862 -0.0293516 0
0 7613 phononL 0.004 0.202631 -0.0796979 -0.0338028 0
0 7614 phononL 0.004 0.808816 0.184436 0.0176253 0
0 7615 phononL 0.004 0.747072 0.193563 0.0357885 0
0 7616 phononL 0.004 -0.832733 -0.904223 0.018188 0
0 7617 phononL 0.004 -0.820262 1.16607 -0.0215556 0
0 7618 phononL 0.004 -1.16637 1.3381 0.00827116 0
0 7619 phononL 0.004 -0.820995 -1.366 -0.0381713 0
0 7620 phononL 0.004 0.356553 0.116503 -0.0169259 0
0 7621 phononL 0.004 -1.30877 0.377328 0.0175295 0
0 7622 phononL 0.004 -1.28141 -0.265133 0.00995538 0
0 7623 phononL 0.004 -0.575237 0.202713 -0.000944752 0
0 7624 phononL 0.004 -1.01819 -0.20741 -0.00158903 0
0 7625 phononL 0.004 0.305852 0.329036 0.0310079 0
0 7626 phononL 0.004 0.000891424 0.910652 -0.0142079 0
0 7627 phononL 0.004 -0.367861 1.02408 -0.0124997 0
0 7628 phononL 0.004 -0.198532 1.23848 -0.0101869 0
0 7629 phononL 0.004 0.918581 -1.36895 -0.0308551 0
0 7630 phononL 0.004 -0.737007 0.932741 -0.0257722 0
0 7631 phononL 0.004 0.7546 0.999134 0.0106125 0
0 7632 phononL 0.004 0.774326 1.16556 -0.0158247 0
0 7633 phononL 0.004 0.87008 1.49142 -0.0208287 0
0 7634 phononL 0.004 -0.242685 0.227431 -0.0014475 0
0 7635 phononL 0.004 -1.02166 0.0154131 -0.00127686 0
0 7636 phononL 0.004 -0.550413 -0.640491 -0.0332034 0
0 7637 phononL 0.004 1.48562 1.43092 -0.0180956 0
0 7638 phononL 0.004 -1.43148 1.48503 0.0122837 0
0 7639 phononL 0.004 0.513017 0.0932312 0.0300772 0
0 7640 phononL 0.004 -0.910776 -1.3044 -0.0233641 0
0 7641 phononL 0.004 -0.751025 0.508627 -0.0247092 0
0 7642 phononL 0.004 1.26046 1.26174 -0.0171409 0
0 7643 phononL 0.004 -0.843716 -0.956546 0.0135924 0
0 7644 phononL 0.004 0.255796 -1.43184 0.0191064 0
0 7645 phononL 0.004 0.22841 -1.23147 0.0170948 0
0 7646 phononL 0.004 0.853796 0.565444 -0.0173214 0
0 7647 phononL 0.004 0.268645 -0.946709 -0.0169116 0
0 7648 phononL 0.004 -0.170021 -0.350927 0.0070158 0
0 7649 phononL 0.004 0.955189 -1.06031 0.0284539 0
0 7650 phononL 0.004 -1.20536 -0.86046 -0.0258014 0
0 7651 phononL 0.004 -1.21321 0.25836 -0.0290767 0
0 7652 phononL 0.004 -0.0510771 -0.220067 -0.0293732 0
0 7653 phononL 0.004 1.35345 -0.85638 -0.0251941 0
0 7654 phononL 0.004 -0.252473 -1.01553 -0.02032 0
0 7655 phononL 0.004 0.495391 -0.697357 0.0249709 0
0 7656 phononL 0.004 -0.0191424 0.0436392 0.00927281 0
0 7657 phononL 0.004 0.197699 -0.913355 -0.011416 0
0 7658 phononL 0.004 -1.36843 1.06167 0.00707336 0
0 7659 phononL 0.004 0.0816162 0.833475 0.0134702 0
0 7660 phononL 0.004 0.995084 1.46519 -0.0162969 0
0 7661 phononL 0.004 -0.366196 0.359052 0.0309744 0
0 7662 phononL 0.004 -0.720098 0.765204 0.0297676 0
0 7663 phononL 0.004 0.962508 0.530206 -0.0270659 0
0 7664 phononL 0.004 -0.238941 -0.471483 -0.0102745 0
0 7665 phononL 0.004 1.05788 1.05423 0.0352989 0
0 7666 phononL 0.004 -0.252736 1.13999 -0.0264325 0
0 7667 phononL 0.004 0.737632 -0.832489 0.0131953 0
0 7668 phononL 0.004 1.50047 0.265837 -0.0218518 0
0 7669 phononL 0.004 -1.16298 0.911605 -0.0118491 0
0 7670 phononL 0.004 -1.33377 0.176976 0.0135542 0
0 7671 phononL 0.004 0.806871 -0.474404 -0.030361 0
0 7672 phononL 0.004 0.316524 -0.509016 0.0319626 0
0 7673 phononL 0.004 -0.632593 1.05378 0.00453616 0
0 7674 phononL 0.004 -0.225836 -0.937463 -0.00682916 0
0 7675 phononL 0.004 0.556637 1.17096 -0.0288285 0
0 7676 phononL 0.004 1.31345 1.46819 0.0134642 0
0 7677 phononL 0.004 -0.848129 -1.25909 -0.0340757 0
0 7678 phononL 0.004 0.554861 -0.12388 0.0266707 0
0 7679 phononL 0.004 -1.19683 -1.1518 -0.0245364 0
0 7680 phononL 0.004 0.467746 1.34424 -0.0177198 0
0 7681 phononL 0.004 0.208922 0.0616239 0.0133337 0
0 7682 phononL 0.004 0.969802 1.19747 0.00454402 0
0 7683 phononL 0.004 -0.886571 1.26048 0.016683 0
0 7684 phononL 0.004 -1.29896 -1.12932 -0.0219377 0
0 7685 phononL 0.004 -1.06667 0.17223 0.00106775 0
0 7686 phononL 0.004 0.963622 0.489109 0.027589 0
0 7687 phononL 0.004 -0.822403 0.647063 0.0275892 0
0 7688 phononL 0.004 1.27114 -1.02569 0.026476 0
0 7689 phononL 0.004 0.972235 0.646977 -0.0286938 0
0 7690 phononL 0.004 0.687747 -0.674529 -0.012735 0
0 7691 phononL 0.004 -1.1965 0.536977 -0.0208509 0
0 7692 phononL 0.004 -1.00923 -0.35766 -0.00399233 0
0 7693 phononL 0.004 0.743359 1.0475 -0.00330649 0
0 7694 phononL 0.004 -0.936111 0.196929 -0.0192164 0
0 7695 phononL 0.004 -0.520879 -0.0669514 -0.0285145 0
0 7696 phononL 0.004 0.953204 0.611692 0.0376303 0
0 7697 phononL 0.004 0.162509 0.610506 0.0289458 0
0 7698 phononL 0.004 -0.517197 -0.832329 -0.0312996 0
0 7699 phononL 0.004 1.08241 -1.21272 0.0316297 0
0 7700 phononL 0.004 0.326726 0.305231 -0.0197306 0
0 7701 phononL 0.004 -0.15239 -1.02369 -0.0348081 0
0 7702 phononL 0.004 0.897186 1.32731 0.0274988 0
0 7703 phononL 0.004 0.559509 -0.210276 -0.0141876 0
0 7704 phononL 0.004 0.408788 0.162218 0.0335537 0
0 7705 phononL 0.004 0.255734 -1.12587 -0.0215631 0
0 7706 phononL 0.004 0.198296 0.19872 -0.0136313 0
0 7707 phononL 0.004 -0.640696 0.408085 0.0317114 0
0 7708 phononL 0.004 -1.37283 -0.589056 0.0292964 0
0 7709 phononL 0.004 -1.04578 -0.447039 0.00472341 0
0 7710 phononL 0.004 0.0342073 -1.18334 0.0326159 0
0 7711 phononL 0.004 0.737414 0.391933 0.00958982 0
0 7712 phononL 0.004 0.100129 -1.46074 -0.0311543 0
0 7713 phononL 0.004 -0.383012 -0.747535 -0.00822513 0
0 7714 phononL 0.004 0.382758 0.68451 0.0146006 0
0 7715 phononL 0.004 1.25997 0.704669 -0.0189563 0
0 7716 phononL 0.004 -0.720574 -1.09851 0.0357359 0
0 7717 phononL 0.004 0.87756 0.456102 0.0274548 0
0 7718 phononL 0.004 0.578404 0.326117 0.0387129 0
0 7719 phononL 0.004 0.203096 -1.35474 0.0198305 0
0 7720 phononL 0.004 -1.47134 0.9945 0.0169685 0
0 7721 phononL 0.004 -0.350094 -0.0668817 0.036477 0
0 7722 phononL 0.004 0.660537 -0.725315 -0.00357851 0
0 7723 phononL 0.004 -1.46436 1.06678 -0.00728805 0
0 7724 phononL 0.004 -0.272281 -1.02406 -0.0319068 0
0 7725 phononL 0.004 0.578261 -1.13189 -0.00729112 0
0 7726 phononL 0.004 0.298152 1.2027 -0.0253942 0
0 7727 phononL 0.004 -1.32516 0.939171 0.0115426 0
0 7728 phononL 0.004 -0.607494 1.0713 0.00979083 0
0 7729 phononL 0.004 1.37957 1.29991 -0.0211104 0
0 7730 phononL 0.004 0.791825 -0.714203 0.0193075 0
0 7731 phononL 0.004 -0.55151 0.649895 0.0193418 0
0 7732 phononL 0.004 -0.207874 -1.41451 -0.0100556 0
0 7733 phononL 0.004 0.531891 -0.899648 0.00108474 0
0 7734 phononL 0.004 0.321263 -0.188202 -0.0192652 0
0 7735 phononL 0.004 -0.229371 0.448183 -0.033031 0
0 7736 phononL 0.004 1.36194 0.744855 -0.00976524 0
0 7737 phononL 0.004 0.0771496 -1.39627 -0.0233174 0
0 7738 phononL 0.004 -0.970042 -0.00187645 0.0240176 0
0 7739 phononL 0.004 -1.14639 -1.16104 -0.0329068 0
0 7740 phononL 0.004 1.12778 0.411351 -0.0211928 0
0 7741 phononL 0.004 -0.302282 -0.814742 -0.00720839 0
0 7742 phononL 0.004 1.42521 0.252828 -0.0199117 0
0 7743 phononL 0.004 0.384044 0.193175 -0.016499 0
0 7744 phononL 0.004 -0.214111 -0.0444997 0.00719949 0
0 7745 phononL 0.004 0.111063 -0.99561 -0.0165267 0
0 7746 phononL 0.004 -1.47627 -1.48562 0.00761611 0
0 7747 phononL 0.004 1.19267 0.976593 0.00445787 0
0 7748 phononL 0.004 -0.0810451 -0.424791 0.0217542 0
0 7749 phononL 0.004 0.512529 0.778726 0.0232527 0
0 7750 phononL 0.004 -1.27196 0.395168 -0.0143225 0
0 7751 phononL 0.004 -1.19746 -0.339577 -0.00152959 0
0 7752 phononL 0.004 0.929724 1.13122 -0.0040745 0
0 7753 phononL 0.004 -1.23576 0.728221 -0.0373051 0
0 7754 phononL 0.004 1.36189 1.10129 -0.00720209 0
0 7755 phononL 0.004 0.891437 -1.48488 -0.0180134 0
0 7756 phononL 0.004 1.17784 -0.153535 0.0396292 0
0 7757 phononL 0.004 0.26084 -0.925289 -0.0158634 0
0 7758 phononL 0.004 1.32946 -0.592528 -0.00875239 0
0 7759 phononL 0.004 0.401523 0.909728 0.00376165 0
0 7760 phononL 0.004 -0.0673599 0.136855 0.036059 0
0 7761 phononL 0.004 -0.624393 -1.45292 -0.0227867 0
0 7762 phononL 0.004 -0.849309 -0.522649 0.0373701 0
0 7763 phononL 0.004 0.47398 -1.14339 -0.0101304 0
0 7764 phononL 0.004 -0.302582 -0.912631 -0.031501 0
0 7765 phononL 0.004 -1.20613 -0.819223 0.0234055 0
0 7766 phononL 0.004 -0.173945 -1.26411 0.0348328 0
0 7767 phononL 0.004 1.43 0.217252 -0.0209607 0
0 7768 phononL 0.004 -0.103187 1.16143 0.0286286 0
0 7769 phononL 0.004 -1.42787 -0.294674 0.0139129 0
0 7770 phononL 0.004 -0.593745 -1.4881 -0.00398371 0
0 7771 phononL 0.004 -0.947921 -0.0103666 0.0318136 0
0 7772 phononL 0.004 0.814341 1.0536 -0.00297635 0
0 7773 phononL 0.004 0.706938 0.131197 0.026006 0
0 7774 phononL 0.004 -0.718245 -0.793206 0.0346077 0
0 7775 phononL 0.004 1.50668 -0.183702 -0.00734308 0
0 7776 phononL 0.004 -0.43168 0.818671 0.0255121 0
0 7777 phononL 0.004 1.17025 0.746906 0.0087502 0
0 7778 phononL 0.004 0.674006 -0.0599328 0.0298234 0
0 7779 phononL 0.004 -1.20469 -0.235596 -0.011993 0
0 7780 phononL 0.004 0.998942 0.137194 0.0114503 0
0 7781 phononL 0.004 0.150613 -0.0122929 0.00485628 0
0 7782 phononL 0.004 -0.519463 -0.681237 -0.00514256 0
0 7783 phononL 0.004 -0.771924 -1.23801 -0.0349782 0
0 7784 phononL 0.004 -1.13773 -1.11128 -0.0350258 0
0 7785 phononL 0.004 1.39392 1.14493 -0.0296175 0
0 7786 phononL 0.004 1.26264 -1.06543 -0.0214825 0
0 7787 phononL 0.004 -0.992793 -0.627464 -0.0253358 0
0 7788 phononL 0.004 0.702836 -0.753747 0.0286129 0
0 7789 phononL 0.004 0.747839 0.221651 0.000611599 0
0 7790 phononL 0.004 -0.905373 -0.527338 0.0332768 0
0 7791 phononL 0.004 -0.428899 -0.717108 0.0374431 0
0 7792 phononL 0.004 0.415129 1.09352 -0.0254594 0
0 7793 phononL 0.004 1.10109 -1.4951 -0.0180724 0
0 7794 phononL 0.004 1.39977 -1.2982 -0.0307045 0
0 7795 phononL 0.004 1.34091 0.527609 0.0165066 0
0 7796 phononL 0.004 0.799264 -0.769365 0.0155594 0
0 7797 phononL 0.004 -1.40889 0.711765 0.0137017 0
0 7798 phononL 0.004 -0.196488 -0.433251 0.0370844 0
0 7799 phononL 0.004 -0.165011 -0.792624 -0.00402558 0
0 7800 phononL 0.004 0.334242 -0.423573 -0.00448266 0
0 7801 phononL 0.004 1.24806 0.166997 -0.0262214 0
0 7802 phononL 0.004 -0.414348 0.78842 -0.0333763 0
0 7803 phononL 0.004 0.179004 1.21812 0.00738732 0
0 7804 phononL 0.004 1.00634 1.47766 -0.0355472 0
0 7805 phononL 0.004 -0.0542175 1.28989 0.0147805 0
0 7806 phononL 0.004 -1.04936 0.691192 0.00320638 0
0 7807 phononL 0.004 -1.39089 1.23068 -0.0114169 0
0 7808 phononL 0.004 0.560289 -0.419523 0.0220536 0
0 7809 phononL 0.004 0.139654 -1.0775 0.0307205 0
0 7810 phononL 0.004 0.852579 -1.42037 0.00611482 0
0 7811 phononL 0.004 0.806907 0.909049 0.00562036 0
0 7812 phononL 0.004 0.229372 1.09917 0.00424158 0
0 7813 phononL 0.004 -0.546801 -0.893113 0.014063 0
0 7814 phononL 0.004 -0.567354 -0.448274 -0.000820646 0
0 7815 phononL 0.004 -0.800762 0.97702 0.0293416 0
0 7816 phononL 0.004 -0.522201 -1.41364 0.0322861 0
0 7817 phononL 0.004 0.530194 -0.0936255 0.0031151 0
0 7818 phononL 0.004 -0.563719 0.273357 -0.0186975 0
0 7819 phononL 0.004 1.47424 -0.182348 0.00439402 0
0 7820 phononL 0.004 0.594196 0.724905 -0.0338717 0
0 7821 phononL 0.004 -0.827073 1.46736 0.0123675 0
0 7822 phononL 0.004 1.19443 1.03342 0.0399493 0
0 7823 phononL 0.004 1.36664 -1.23167 -0.0147754 0
0 7824 phononL 0.004 0.0501195 -0.4084 0.0199905 0
0 7825 phononL 0.004 -0.252098 -1.22852 0.0388597 0
0 7826 phononL 0.004 0.10881 1.13354 0.0382582 0
0 7827 phononL 0.004 -0.145134 -0.0216161 -0.029439 0
0 7828 phononL 0.004 -1.10632 -1.24437 -0.0261783 0
0 7829 phononL 0.004 -1.00066 -0.655414 0.0149137 0
0 7830 phononL 0.004 1.49689 0.48705 0.0150243 0
0 7831 phononL 0.004 -0.23393 0.989859 -0.0233306 0
0 7832 phononL 0.004 -0.676388 1.39477 -0.0222312 0
0 7833 phononL 0.004 1.25112 0.41634 0.0194453 0
0 7834 phononL 0.004 -1.4076 0.330503 -0.000776484 0
0 7835 phononL 0.004 1.34397 1.46716 -0.0056677 0
0 7836 phononL 0.004 0.0434753 0.485471 0.00975653 0
0 7837 phononL 0.004 -0.401541 1.03993 0.0358854 0
0 7838 phononL 0.004 1.46189 0.87099 -0.0034495 0
0 7839 phononL 0.004 0.398623 0.561494 -0.0269204 0
0 7840 phononL 0.004 0.18243 -0.720905 -0.0228157 0
0 7841 phononL 0.004 0.358458 0.101689 -0.0250002 0
0 7842 phononL 0.004 -0.926376 0.754337 0.00455704 0
0 7843 phononL 0.004 0.855507 1.00793 0.00199344 0
0 7844 phononL 0.004 -0.278358 -1.07027 -0.0221869 0
0 7845 phononL 0.004 -1.25812 1.1163 0.0268385 0
0 7846 phononL 0.004 0.698369 0.91673 -0.0361847 0
0 7847 phononL 0.004 1.19158 -0.198863 0.012622 0
0 7848 phononL 0.004 0.692496 1.10365 0.0182371 0
0 7849 phononL 0.004 -1.12189 0.0397216 0.0293444 0
0 7850 phononL 0.004 -0.624638 -0.5462 -0.0239997 0
0 7851 phononL 0.004 0.582159 1.2623 -0.00774867 0
0 7852 phononL 0.004 1.10088 1.34953 -0.0079683 0
0 7853 phononL 0.004 0.628572 0.58721 -0.0143902 0
0 7854 phononL 0.004 0.823569 -1.00503 -0.0363669 0
0 7855 phononL 0.004 1.13654 1.03332 -0.0328168 0
0 7856 phononL 0.004 -0.844699 0.825599 -0.0015504 0
0 7857 phononL 0.004 0.319333 -0.00456167 -0.0386598 0
0 7858 phononL 0.004 1.49967 -0.35961 -0.0397991 0
0 7859 phononL 0.004 -0.373482 -1.09307 -0.00799081 0
0 7860 phononL 0.004 1.27245 1.29515 -0.0120718 0
0 7861 phononL 0.004 0.0178028 1.33456 -0.0360643 0
0 7862 phononL 0.004 0.39209 0.640908 0.014136 0
0 7863 phononL 0.004 1.07333 -1.14544 0.0233664 0
0 7864 phononL 0.004 0.284506 -1.49196 0.0274219 0
0 7865 phononL 0.004 0.61926 -0.130392 0.0132632 0
0 7866 phononL 0.004 1.07538 1.27451 0.0320702 0
0 7867 phononL 0.004 -0.876637 1.27845 0.0322235 0
0 7868 phononL 0.004 0.724437 0.0604645 0.0305284 0
0 7869 phononL 0.004 1.26786 0.490175 -0.0218271 0
0 7870 phononL 0.004 1.3019 -0.740704 -0.0132112 0
0 7871 phononL 0.004 0.0534277 0.147719 -0.00581507 0
0 7872 phononL 0.004 0.755234 -0.242481 -0.0317572 0
0 7873 phononL 0.004 -0.694809 0.304489 0.0253587 0
0 7874 phononL 0.004 0.305116 -0.729235 -0.0359861 0
0 7875 phononL 0.004 -1.3817 0.504668 0.020936 0
0 7876 phononL 0.004 -0.609811 0.323604 0.0157339 0
0 7877 phononL 0.004 -1.11211 -0.199653 -0.0124511 0
0 7878 phononL 0.004 1.05652 -0.617607 -0.0369217 0
0 7879 phononL 0.004 0.720089 0.41045 -0.0317532 0
0 7880 phononL 0.004 0.889873 -1.08957 0.0162509 0
0 7881 phononL 0.004 -0.826579 -1.09036 -0.0209759 0
0 7882 phononL 0.004 1.49358 0.767613 0.00945787 0
0 7883 phononL 0.004 -1.36071 -0.56759 -0.0385048 0
0 7884 phononL 0.004 -0.718248 0.46861 -0.0294274 0
0 7885 phononL 0.004 -0.579332 0.551443 0.0157751 0
0 7886 phononL 0.004 1.19928 0.36164 0.0284501 0
0 7887 phononL 0.004 0.214234 -0.364149 -0.0191952 0
0 7888 phononL 0.004 -0.862948 -0.0659367 0.0378418 0
0 7889 phononL 0.004 1.49834 -0.161459 -0.0279203 0
0 7890 phononL 0.004 -0.421106 -0.113901 0.010344 0
0 7891 phononL 0.004 -0.131121 0.927892 -0.0288881 0
0 7892 phononL 0.004 0.316786 -1.4386 -0.0377696 0
0 7893 phononL 0.004 0.893141 0.500125 -0.0158082 0
0 7894 phononL 0.004 0.796333 0.879905 -0.0254017 0
0 7895 phononL 0.004 1.34807 0.549266 -0.0115863 0
0 7896 phononL 0.004 -1.16574 0.00570951 -0.022366 0
0 7897 phononL 0.004 0.264455 -1.4131 -0.030575 0
0 7898 phononL 0.004 0.583933 -0.68723 0.00273057 0
0 7899 phononL 0.004 0.591809 -1.4909 -0.024075 0
0 7900 phononL 0.004 -0.562223 1.05996 -0.0354743 0
0 7901 phononL 0.004 -0.29424 0.746351 0.00929532 0
0 7902 phononL 0.004 0.242277 0.902565 -0.0284285 0
0 7903 phononL 0.004 -0.10659 1.4124 0.0125776 0
0 7904 phononL 0.004 0.121512 -1.41557 -0.0131206 0
0 7905 phononL 0.004 1.18388 -0.40719 -0.0309587 0
0 7906 phononL 0.004 -1.36182 0.776811 0.0327434 0
0 7907 phononL 0.004 -1.22655 -1.14381 -0.0259064 0
0 7908 phononL 0.004 -0.547062 -0.689705 0.00917975 0
0 7909 phononL 0.004 0.535879 -1.2076 -0.036828 0
0 7910 phononL 0.004 -0.893392 -0.690151 -0.00566229 0
0 7911 phononL 0.004 -0.209116 -0.606231 0.0176483 0
0 7912 phononL 0.004 0.0372934 0.324079 -0.0363317 0
0 7913 phononL 0.004 -1.22611 0.316019 -0.0027942 0
0 7914 phononL 0.004 -1.43932 0.911937 0.0114966 0
0 7915 phononL 0.004 -0.131824 0.585402 0.0140923 0
0 7916 phononL 0.004 0.774266 -0.891036 0.00645223 0
0 7917 phononL 0.004 -0.639296 0.00520849 -0.0023797 0
0 7918 phononL 0.004 0.99758 1.31575 -0.037574 0
0 7919 phononL 0.004 1.48231 1.42589 -0.0355153 0
0 7920 phononL 0.004 1.31981 -1.03171 0.00313568 0
0 7921 phononL 0.004 1.03388 0.910228 -0.0230441 0
0 7922 phononL 0.004 -0.720288 1.20839 -0.0191433 0
0 7923 phononL 0.004 -0.466987 1.14992 -0.0109037 0
0 7924 phononL 0.004 0.122878 1.15924 -0.0384897 0
0 7925 phononL 0.004 -0.312259 -0.186864 0.0111116 0
0 7926 phononL 0.004 0.826012 0.457328 -0.000701557 0
0 7927 phononL 0.004 -0.408844 -1.39926 0.0079615 0
0 7928 phononL 0.004 -0.354439 0.883001 0.0333639 0
0 7929 phononL 0.004 0.195095 -0.0944634 0.0202707 0
0 7930 phononL 0.004 -0.496901 0.524845 -0.0399929 0
0 7931 phononL 0.004 0.961308 0.132802 -0.033746 0
0 7932 phononL 0.004 1.33513 0.136196 0.0150702 0
0 7933 phononL 0.004 -0.747609 1.28617 0.0256466 0
0 7934 phononL 0.004 -1.40765 0.29741 -0.0351388 0
0 7935 phononL 0.004 -0.57175 -0.892179 -0.0374237 0
0 7936 phononL 0.004 1.43175 0.144845 -0.0203207 0
0 7937 phononL 0.004 -0.504142 0.285326 0.0249661 0
0 7938 phononL 0.004 -0.225246 -1.13445 0.00225503 0
0 7939 phononL 0.004 -0.0733325 -0.565195 -0.0217892 0
0 7940 phononL 0.004 0.861838 -0.339062 0.000201375 0
0 7941 phononL 0.004 0.270506 1.3608 -0.016355 0
0 7942 phononL 0.004 1.24411 1.48074 0.0289892 0
0 7943 phononL 0.004 -1.24592 0.0356588 -0.0142387 0
0 7944 phononL 0.004 0.360914 0.623103 -0.0261262 0
0 7945 phononL 0.004 0.305482 1.3526 -0.0181797 0
0 7946 phononL 0.004 -0.827874 -0.738034 0.015741 0
0 7947 phononL 0.004 1.42358 -0.45355 -0.0268736 0
0 7948 phononL 0.004 -0.478774 -0.406641 0.0310231 0
0 7949 phononL 0.004 -0.734942 -0.325338 -0.023296 0
0 7950 phononL 0.004 -1.28688 -0.695277 0.0200303 0
0 7951 phononL 0.004 1.05142 0.335223 -0.0124973 0
0 7952 phononL 0.004 0.846053 0.327388 0.0344215 0
0 7953 phononL 0.004 -0.917947 1.42188 -0.00529967 0
0 7954 phononL 0.004 1.23228 -1.11889 -0.000748611 0
0 7955 phononL 0.004 0.00686508 -0.824717 -0.0235906 0
0 7956 phononL 0.004 0.498233 1.26697 -0.00208318 0
0 7957 phononL 0.004 -1.1333 -0.353661 -0.0281492 0
0 7958 phononL 0.004 -1.44122 1.45147 0.0369816 0
0 7959 phononL 0.004 -0.0295202 -0.832691 0.00315701 0
0 7960 phononL 0.004 -0.403687 0.0320097 0.0155236 0
0 7961 phononL 0.004 0.484287 0.128136 -0.0335417 0
0 7962 phononL 0.004 0.24293 -0.501344 -0.0222059 0
0 7963 phononL 0.004 -0.974105 -1.32076 0.0395024 0
0 7964 phononL 0.004 0.599942 0.508312 -0.0306328 0
0 7965 phononL 0.004 -1.29835 0.916614 -0.00944002 0
0 7966 phononL 0.004 -1.36849 1.2215 -0.0307741 0
0 7967 phononL 0.004 0.91018 0.0219965 -0.0316784 0
0 7968 phononL 0.004 -0.731611 -0.585737 -0.0171137 0
0 7969 phononL 0.004 -0.451662 0.0163983 -0.026993 0
0 7970 phononL 0.004 -0.685849 -0.397554 -0.00727211 0
0 7971 phononL 0.004 -0.832515 0.119232 0.0312469 0
0 7972 phononL 0.004 -1.42314 0.499468 0.0351357 0
0 7973 phononL 0.004 1.28795 -0.0995095 -0.0157102 0
0 7974 phononL 0.004 -0.650538 -0.570223 -0.0164648 0
0 7975 phononL 0.004 1.06649 0.853477 0.026518 0
0 7976 phononL 0.004 0.887135 0.378681 0.0256917 0
0 7977 phononL 0.004 -0.425159 -0.804153 -0.0329752 0
0 7978 phononL 0.004 1.30528 -1.13221 0.0212827 0
0 7979 phononL 0.004 1.09003 0.271768 -0.00761963 0
0 7980 phononL 0.004 -0.358109 -0.014042 0.0194442 0
0 7981 phononL 0.004 -0.17359 -0.583328 0.0164274 0
0 7982 phononL 0.004 -1.33624 0.110456 -0.00285881 0
0 7983 phononL 0.004 -0.527372 0.540384 -0.0197575 0
0 7984 phononL 0.004 -0.514603 -1.04569 -0.0226307 0
0 7985 phononL 0.004 0.293258 1.25054 0.00529863 0
0 7986 phononL 0.004 0.445716 1.00029 0.0130242 0
0 7987 phononL 0.004 0.165577 -0.633814 -0.00568843 0
0 7988 phononL 0.004 0.230574 1.10656 -0.0285467 0
0 7989 phononL 0.004 0.772231 0.389061 0.0128225 0
0 7990 phononL 0.004 1.46991 -0.0145151 0.0233493 0
0 7991 phononL 0.004 0.490375 -1.02774 -0.0255455 0
0 7992 phononL 0.004 0.520794 -1.025 0.00829224 0
0 7993 phononL 0.004 0.984156 1.25323 -0.00277788 0
0 7994 phononL 0.004 0.425899 -1.34381 0.00728656 0
0 7995 phononL 0.004 0.567985 -0.351259 0.0281936 0
0 7996 phononL 0.004 0.650639 -0.748619 -0.00755265 0
0 7997 phononL 0.004 0.798909 -1.13033 0.0214698 0
0 7998 phononL 0.004 0.976504 -0.149977 -0.01814 0
0 7999 phononL 0.004 -0.218868 1.1467 -0.00302053 0
0 8000 phononL 0.004 -0.940108 -0.211727 -0.0190634 0
0 8001 phononL 0.004 0.879411 1.4453 0.0375704 0
0 8002 phononL 0.004 -1.34393 -0.0924131 0.0342673 0
0 8003 phononL 0.004 1.43006 0.247369 -0.0163493 0
0 8004 phononL 0.004 -1.21712 -0.673041 -0.00946508 0
0 8005 phononL 0.004 -1.15526 -0.342474 0.0216267 0
0 8006 phononL 0.004 0.765827 -0.544511 0.039824 0
0 8007 phononL 0.004 -0.0459159 -0.838558 -0.0239157 0
0 8008 phononL 0.004 1.20844 1.43632 -0.0190022 0
0 8009 phononL 0.004 0.119663 -0.641868 0.00474463 0
0 8010 phononL 0.004 1.18385 0.0696307 -0.0321272 0
0 8011 phononL 0.004 -1.28031 -1.00801 -0.000683259 0
0 8012 phononL 0.004 -0.678538 1.23191 -0.0147534 0
0 8013 phononL 0.004 -1.37902 0.861819 0.0083432 0
0 8014 phononL 0.004 -0.319572 0.36044 0.0369647 0
0 8015 phononL 0.004 -0.90226 -1.31231 0.00417033 0
0 8016 phononL 0.004 -1.50703 0.699945 -0.0276798 0
0 8017 phononL 0.004 -0.0965965 0.0655663 -0.0399564 0
0 8018 phononL 0.004 1.33075 -0.0631078 -0.0391374 0
0 8019 phononL 0.004 -1.03274 1.42299 -0.0350785 0
0 8020 phononL 0.004 -0.148577 0.918641 0.035267 0
0 8021 phononL 0.004 1.41408 -1.49457 -0.00241323 0
0 8022 phononL 0.004 -1.20957 -1.08896 0.00383826 0
0 8023 phononL 0.004 0.629965 0.760308 -0.00610791 0
0 8024 phononL 0.004 1.17511 -1.43808 0.00356596 0
0 8025 phononL 0.004 1.03978 -1.49766 0.0229035 0
0 8026 phononL 0.004 -0.977001 0.418818 0.0198989 0
0 8027 phononL 0.004 -0.484397 -1.19794 -0.0378629 0
0 8028 phononL 0.004 -1.17193 -0.147984 -0.0104975 0
0 8029 phononL 0.004 0.0696631 1.40137 0.0321772 0
0 8030 phononL 0.004 0.860416 0.433194 0.00151761 0
0 8031 phononL 0.004 -1.46218 -0.0238098 -0.0277663 0
0 8032 phononL 0.004 0.440818 -0.143192 0.0174101 0
0 8033 phononL 0.004 -0.757729 -0.605858 0.0239041 0
0 8034 phononL 0.004 -1.44008 0.589702 -0.0220224 0
0 8035 phononL 0.004 0.152045 0.683799 -0.0184187 0
0 8036 phononL 0.004 -1.25856 1.30215 -0.0316719 0
0 8037 phononL 0.004 -0.362534 -0.81746 0.00149315 0
0 8038 phononL 0.004 0.121702 1.40094 -0.000881656 0
0 8039 phononL 0.004 -1.09205 -0.23503 0.0231124 0
0 8040 phononL 0.004 -1.43581 -0.471052 0.0293051 0
0 8041 phononL 0.004 1.39844 0.730244 -0.0190016 0
0 8042 phononL 0.004 -0.635491 0.609531 0.0311924 0
0 8043 phononL 0.004 0.115914 0.792316 0.0106039 0
0 8044 phononL 0.004 0.961991 0.759357 0.0242609 0
0 8045 phononL 0.004 -1.18242 -0.927107 -0.0344568 0
0 8046 phononL 0.004 -0.104787 0.320746 0.0189728 0
0 8047 phononL 0.004 -1.21407 -1.2096 -0.00506376 0
0 8048 phononL 0.004 1.2094 0.101244 -0.018594 0
0 8049 phononL 0.004 0.0743923 -1.31319 0.00441714 0
0 8050 phononL 0.004 -1.15445 -1.492 6.25444e-05 0
0 8051 phononL 0.004 -0.505788 1.11908 0.00198675 0
0 8052 phononL 0.004 0.880605 0.326412 -0.00985097 0
0 8053 phononL 0.004 -0.893718 1.19897 -0.00172933 0
0 8054 phononL 0.004 0.239761 -0.382925 0.0223163 0
0 8055 phononL 0.004 -0.0279931 -1.21913 -0.0248959 0
0 8056 phononL 0.004 0.692647 -0.402473 0.0130489 0
0 8057 phononL 0.004 0.22805 0.763488 0.0319246 0
0 8058 phononL 0.004 -1.31386 -1.1963 -0.0212601 0
0 8059 phononL 0.004 -1.46752 -1.18596 0.00407916 0
0 8060 phononL 0.004 -0.637549 -1.07922 0.0365749 0
0 8061 phononL 0.004 0.170289 0.276821 0.0159055 0
0 8062 phononL 0.004 -0.932882 -1.04259 0.0125808 0
0 8063 phononL 0.004 -0.962013 1.41017 0.0068377 0
0 8064 phononL 0.004 -1.11501 0.6824 0.0177966 0
0 8065 phononL 0.004 -0.542057 0.0135922 -0.0219318 0
0 8066 phononL 0.004 1.34465 0.256056 0.00965941 0
0 8067 phononL 0.004 0.927776 0.19963 -0.0258411 0
0 8068 phononL 0.004 -1.43004 -0.329836 -0.0147087 0
0 8069 phononL 0.004 0.74294 1.37309 0.00668198 0
0 8070 phononL 0.004 1.1486 -0.384761 0.0117083 0
0 8071 phononL 0.004 0.698058 0.0389615 -0.033202 0
0 8072 phononL 0.004 0.904383 -0.449049 0.0297819 0
0 8073 phononL 0.004 -0.0803132 1.40094 0.0323147 0
0 8074 phononL 0.004 -1.1839 -0.677612 -0.0108624 0
0 8075 phononL 0.004 0.450906 -0.0782077 -0.0116609 0
0 8076 phononL 0.004 0.362967 0.951688 0.0212851 0
0 8077 phononL 0.004 1.41445 -0.520775 0.0372141 0
0 8078 phononL 0.004 1.02631 -0.823887 -0.000355866 0
0 8079 phononL 0.004 -1.04641 -0.458562 -0.0233456 0
0 8080 phononL 0.004 -0.935907 -0.2821 0.0187659 0
0 8081 phononL 0.004 0.211788 1.27785 -0.0160449 0
0 8082 phononL 0.004 -1.24758 -0.608515 -0.0111362 0
0 8083 phononL 0.004 -1.09726 -1.18076 0.0128588 0
0 8084 phononL 0.004 -0.74667 1.23591 0.0321409 0
0 8085 phononL 0.004 0.205281 1.2637 0.0100558 0
0 8086 phononL 0.004 0.0272151 0.276171 -0.0189849 0
0 8087 phononL 0.004 0.468282 -0.369609 -0.0199068 0
0 8088 phononL 0.004 -1.45922 1.31312 -0.0380441 0
0 8089 phononL 0.004 1.17811 -0.0152097 -0.0385401 0
0 8090 phononL 0.004 -0.414763 0.158494 0.0123212 0
0 8091 phononL 0.004 0.972467 0.615761 0.0385429 0
0 8092 phononL 0.004 1.28599 -0.195094 -0.0399389 0
0 8093 phononL 0.004 -1.1615 -0.00272349 0.0225757 0
0 8094 phononL 0.004 -1.14853 -0.0241938 -0.0207922 0
0 8095 phononL 0.004 -0.0011433 1.26405 0.00305069 0
0 8096 phononL 0.004 0.340321 0.538183 0.00205967 0
0 8097 phononL 0.004 0.179758 -0.654594 0.0357778 0
0 8098 phononL 0.004 1.23813 -0.654494 0.030525 0
0 8099 phononL 0.004 0.942723 0.493376 0.0231059 0
0 8100 phononL 0.004 -0.911935 0.142855 0.00599942 0
0 8101 phononL 0.004 0.906541 -0.139291 0.0352056 0
0 8102 phononL 0.004 0.907649 0.155457 -0.00705639 0
0 8103 phononL 0.004 -0.0532357 -0.40512 -0.0181973 0
0 8104 phononL 0.004 0.992902 -0.535899 -0.00317931 0
0 8105 phononL 0.004 -0.677269 0.112764 0.0316893 0
0 8106 phononL 0.004 -0.315621 -0.180258 -0.00690385 0
0 8107 phononL 0.004 -1.04079 0.5838 -0.00506752 0
0 8108 phononL 0.004 -0.920147 -0.494539 -0.0374307 0
0 8109 phononL 0.004 1.15719 1.30645 0.0223678 0
0 8110 phononL 0.004 -0.947566 1.40234 0.0272865 0
0 8111 phononL 0.004 -0.0124646 0.547056 0.0378336 0
0 8112 phononL 0.004 -0.429517 -1.40783 0.0380632 0
0 8113 phononL 0.004 0.157635 -0.101482 0.0381743 0
0 8114 phononL 0.004 -1.12377 -1.41247 -0.0315205 0
0 8115 phononL 0.004 0.557298 1.38137 0.0287885 0
0 8116 phononL 0.004 1.0016 -1.11536 0.00697687 0
0 8117 phononL 0.004 -0.515219 -1.05996 -0.00894254 0
0 8118 phononL 0.004 -1.00368 0.4614 0.00180699 0
0 8119 phononL 0.004 -0.468265 -1.28839 0.0364613 0
0 8120 phononL 0.004 0.0474555 -0.184027 -0.0210271 0
0 8121 phononL 0.004 0.243144 0.533021 0.00184321 0
0 8122 phononL 0.004 0.466422 -1.33729 0.0386319 0
0 8123 phononL 0.004 -0.84422 -0.12081 0.00966634 0
0 8124 phononL 0.004 -0.527642 -0.344051 -0.0391016 0
0 8125 phononL 0.004 -0.962167 0.850793 -0.0349991 0
0 8126 phononL 0.004 -0.553917 -1.44773 -0.00371843 0
0 8127 phononL 0.004 1.18943 0.800455 -0.00247624 0
0 8128 phononL 0.004 0.717297 0.907198 -0.0271835 0
0 8129 phononL 0.004 1.37008 0.563581 0.00918274 0
0 8130 phononL 0.004 -0.79562 0.307732 -0.00970287 0
0 8131 phononL 0.004 -0.714246 0.911437 -0.022872 0
0 8132 phononL 0.004 1.0259 -0.844963 -0.0243491 0
0 8133 phononL 0.004 -0.691493 -1.42434 -0.014445 0
0 8134 phononL 0.004 0.241486 -0.178461 0.0329584 0
0 8135 phononL 0.004 -0.824527 -0.16599 0.0251395 0
0 8136 phononL 0.004 -0.949938 -1.15612 -0.00198037 0
0 8137 phononL 0.004 0.967805 -0.00462893 -0.00387933 0
0 8138 phononL 0.004 0.888949 0.547193 0.00396672 0
0 8139 phononL 0.004 -1.41106 -1.2875 0.00961727 0
0 8140 phononL 0.004 -1.40899 -1.35808 0.0388604 0
0 8141 phononL 0.004 1.18459 1.39144 0.0250455 0
0 8142 phononL 0.004 -0.682795 1.14753 -0.0299029 0
0 8143 phononL 0.004 -0.212641 -0.352815 -0.0290917 0
0 8144 phononL 0.004 0.881211 -0.49747 -0.0317049 0
0 8145 phononL 0.004 0.250889 0.0641889 0.00745307 0
0 8146 phononL 0.004 -1.18991 -0.336807 0.0192627 0
0 8147 phononL 0.004 0.947603 -0.768204 -0.00573126 0
0 8148 phononL 0.004 -1.25967 0.564212 -0.0253949 0
0 8149 phononL 0.004 -1.28723 -1.15975 -0.0182995 0
0 8150 phononL 0.004 1.43443 1.28184 0.0333059 0
0 8151 phononL 0.004 -0.0399605 0.701228 -0.0182472 0
0 8152 phononL 0.004 0.830786 0.95709 0.0188103 0
0 8153 phononL 0.004 -0.0896425 -0.202075 0.0351266 0
0 8154 phononL 0.004 1.47471 -0.528397 0.0129822 0
0 8155 phononL 0.004 -1.06297 -0.486803 0.0166735 0
0 8156 phononL 0.004 -0.657448 -0.233063 -0.019976 0
0 8157 phononL 0.004 -1.30542 1.3818 0.0301856 0
0 8158 phononL 0.004 -0.907282 -1.29529 0.0131732 0
0 8159 phononL 0.004 -0.990454 -0.254158 0.0330221 0
0 8160 phononL 0.004 -0.609852 1.41779 -0.0306518 0
0 8161 phononL 0.004 -0.073929 0.801951 0.00231971 0
0 8162 phononL 0.004 1.07587 -0.0980102 -0.00448219 0
0 8163 phononL 0.004 -0.591608 -0.100217 -0.0193074 0
0 8164 phononL 0.004 1.46138 -1.02351 0.00718725 0
0 8165 phononL 0.004 -1.2518 -0.0607078 0.0213112 0
0 8166 phononL 0.004 1.20306 -0.410516 0.0284316 0
0 8167 phononL 0.004 1.48078 -1.3328 -0.0396811 0
0 8168 phononL 0.004 -0.923005 -0.879479 -0.0178557 0
0 8169 phononL 0.004 0.582117 1.10004 -0.00499639 0
0 8170 phononL 0.004 1.11998 0.775532 -0.0317373 0
0 8171 phononL 0.004 1.07431 0.0429992 0.0362264 0
0 8172 phononL 0.004 -1.30256 0.505859 -3.56253e-05 0
0 8173 phononL 0.004 0.742223 1.14389 -0.00484393 0
0 8174 phononL 0.004 1.06171 -1.06742 -0.0313625 0
0 8175 phononL 0.004 0.0186319 -1.15864 0.0192762 0
0 8176 phononL 0.004 0.507822 0.000321795 0.0380194 0
0 8177 phononL 0.004 0.545724 0.833 0.03799 0
0 8178 phononL 0.004 1.38442 -0.540224 0.023638 0
0 8179 phononL 0.004 1.01501 -1.04887 -0.0183122 0
0 8180 phononL 0.004 -0.91157 -1.09961 -0.010571 0
0 8181 phononL 0.004 -0.23012 -0.762179 -0.0200401 0
0 8182 phononL 0.004 -1.36394 1.24586 0.0371169 0
0 8183 phononL 0.004 -1.29584 -1.30839 0.0370737 0
0 8184 phononL 0.004 0.30835 0.982977 0.0216986 0
0 8185 phononL 0.004 -0.503354 -1.45794 0.000176472 0
0 8186 phononL 0.004 0.374202 -1.1257 -0.00324852 0
0 8187 phononL 0.004 -0.386375 1.38203 0.0238394 0
0 8188 phononL 0.004 -1.45401 1.15431 -0.0393577 0
0 8189 phononL 0.004 0.687219 0.648778 0.0368835 0
0 8190 phononL 0.004 -0.0019011 -0.174061 0.00284827 0
0 8191 phononL 0.004 0.121803 -1.1928 0.000405463 0
0 8192 phononL 0.004 -0.0516558 0.408606 0.034783 0
0 8193 phononL 0.004 1.03727 -0.256279 -0.0140826 0
0 8194 phononL 0.004 0.998889 0.868877 -0.00672711 0
0 8195 phononL 0.004 0.470779 -0.00758029 0.0217473 0
0 8196 phononL 0.004 0.559306 1.19256 -0.0109425 0
0 8197 phononL 0.004 -0.604125 0.862036 0.0353581 0
0 8198 phononL 0.004 -1.47512 1.44496 0.026409 0
0 8199 phononL 0.004 0.0150061 -1.0266 0.0183163 0
0 8200 phononL 0.004 -1.19407 1.17248 -0.0115705 0
0 8201 phononL 0.004 -0.38734 0.47038 0.00752561 0
0 8202 phononL 0.004 0.503675 0.882474 0.0240908 0
0 8203 phononL 0.004 -1.10434 -0.111076 0.0130987 0
0 8204 phononL 0.004 -1.07961 -1.22601 0.0128271 0
0 8205 phononL 0.004 1.31353 0.229121 -0.0227493 0
0 8206 phononL 0.004 -1.4978 -1.3786 0.00156089 0
0 8207 phononL 0.004 -0.63235 -0.897564 -0.0271452 0
0 8208 phononL 0.004 1.26435 0.756972 -0.0193374 0
0 8209 phononL 0.004 -0.721463 -0.635338 0.0176133 0
0 8210 phononL 0.004 -0.3782 0.147653 0.0282321 0
0 8211 phononL 0.004 0.745864 -1.02821 -0.00793148 0
0 8212 phononL 0.004 1.34118 0.805498 -0.00675424 0
0 8213 phononL 0.004 -1.28422 0.613308 0.00954061 0
0 8214 phononL 0.004 0.461124 -1.05426 0.00374509 0
0 8215 phononL 0.004 1.38578 0.339355 0.0145738 0
0 8216 phononL 0.004 -1.01004 1.38841 0.0287489 0
0 8217 phononL 0.004 -0.727905 0.988022 0.0233035 0
0 8218 phononL 0.004 1.17177 0.528246 -0.034343 0
0 8219 phononL 0.004 0.446637 0.905493 0.0212497 0
0 8220 phononL 0.004 0.840228 0.726705 -0.0300679 0
0 8221 phononL 0.004 -1.39865 0.768727 -0.00549116 0
0 8222 phononL 0.004 -0.711204 0.707518 -0.00969367 0
0 8223 phononL 0.004 0.677159 1.29239 -0.0348107 0
0 8224 phononL 0.004 -0.802463 -0.915862 -0.00369007 0
0 8225 phononL 0.004 -1.42203 1.01826 0.0101375 0
0 8226 phononL 0.004 1.17764 0.769262 0.0376525 0
0 8227 phononL 0.004 -0.222145 -0.817064 -0.0199226 0
0 8228 phononL 0.004 -1.00804 -0.455867 0.0108149 0
0 8229 phononL 0.004 0.526415 -0.210697 -0.0126313 0
0 8230 phononL 0.004 0.47337 -0.314873 0.00182026 0
0 8231 phononL 0.004 -1.3707 -1.06232 0.00174087 0
0 8232 phononL 0.004 0.202814 -1.36903 -0.0292838 0
0 8233 phononL 0.004 -1.32331 -0.483497 0.000753255 0
0 8234 phononL 0.004 -0.721794 -1.10586 -0.0324564 0
0 8235 phononL 0.004 0.509974 -0.406779 -0.0191466 0
0 8236 phononL 0.004 -0.716658 0.600767 -0.0322584 0
0 8237 phononL 0.004 1.36823 -1.41656 -0.0343358 0
0 8238 phononL 0.004 -0.759271 -0.778814 0.00182093 0
0 8239 phononL 0.004 -1.13092 0.408588 0.0301276 0
0 8240 phononL 0.004 0.193688 1.25365 -0.0175395 0
0 8241 phononL 0.004 1.0276 0.104602 0.0259311 0
0 8242 phononL 0.004 -0.807113 0.645695 -0.0207936 0
0 8243 phononL 0.004 -0.146242 -0.681669 -0.0387831 0
0 8244 phononL 0.004 -1.1109 0.681625 -0.0149277 0
0 8245 phononL 0.004 -1.2237 0.688927 0.0360857 0
0 8246 phononL 0.004 -0.224893 0.283231 -0.0314143 0
0 8247 phononL 0.004 0.496259 -0.868452 0.00173662 0
0 8248 phononL 0.004 -0.248357 -1.18149 -0.0179093 0
0 8249 phononL 0.004 -0.122684 0.85682 0.0236887 0
0 8250 phononL 0.004 -1.18002 -1.12758 -0.00972257 0
0 8251 phononL 0.004 -1.0568 -0.144982 -0.029028 0
0 8252 phononL 0.004 0.992131 0.832958 0.00775827 0
0 8253 phononL 0.004 -1.28958 -0.176309 0.00964857 0
0 8254 phononL 0.004 0.701712 0.93965 -0.0251429 0
0 8255 phononL 0.004 0.442926 -0.965176 -0.0323656 0
0 8256 phononL 0.004 -0.810882 0.416566 0.0340331 0
0 8257 phononL 0.004 1.40573 -0.616062 -0.0328653 0
0 8258 phononL 0.004 -0.298866 -0.187567 -0.0339424 0
0 8259 phononL 0.004 -0.22939 0.274565 -0.0142455 0
0 8260 phononL 0.004 1.0572 0.347428 0.0307262 0
0 8261 phononL 0.004 0.787286 1.06037 0.0292866 0
0 8262 phononL 0.004 1.03079 -1.29739 -0.0344793 0
0 8263 phononL 0.004 0.833579 -0.470174 -0.0318504 0
0 8264 phononL 0.004 -0.64302 -0.144075 -0.0150443 0
0 8265 phononL 0.004 -0.265191 0.0279436 0.021966 0
0 8266 phononL 0.004 -0.826381 0.673906 0.0275025 0
0 8267 phononL 0.004 1.03889 -0.529837 -0.029572 0
0 8268 phononL 0.004 0.768092 0.663126 -0.0346539 0
0 8269 phononL 0.004 0.738167 -0.0729709 0.0357948 0
0 8270 phononL 0.004 -0.402656 1.19994 -0.0151889 0
0 8271 phononL 0.004 0.36076 1.09339 -0.0232179 0
0 8272 phononL 0.004 0.127265 0.362537 -0.00159807 0
0 8273 phononL 0.004 -0.951953 -0.870388 -0.00554857 0
0 8274 phononL 0.004 -1.44137 0.328523 -0.011124 0
0 8275 phononL 0.004 -1.48996 0.815598 0.022237 0
0 8276 phononL 0.004 1.16412 -0.561753 -0.00565731 0
0 8277 phononL 0.004 -1.29688 -0.521254 0.0214146 0
0 8278 phononL 0.004 -0.874631 0.581841 -0.0158978 0
0 8279 phononL 0.004 -0.583517 -0.0798371 -0.0105635 0
0 8280 phononL 0.004 1.1444 0.1833 -0.0309202 0
0 8281 phononL 0.004 1.4886 -1.1332 0.0258819 0
0 8282 phononL 0.004 -0.717992 -0.561613 -0.00221381 0
0 8283 phononL 0.004 1.10744 0.000947108 0.014989 0
0 8284 phononL 0.004 0.449573 -0.909165 -0.0331429 0
0 8285 phononL 0.004 -0.787743 -1.12487 0.0335851 0
0 8286 phononL 0.004 0.977651 1.29677 0.0321174 0
0 8287 phononL 0.004 -0.542977 0.307632 -0.00640554 0
0 8288 phononL 0.004 1.43524 0.985142 -0.0103338 0
0 8289 phononL 0.004 -0.751562 0.443215 0.0366256 0
0 8290 phononL 0.004 -0.768745 0.738184 -0.0368144 0
0 8291 phononL 0.004 -1.43475 1.00685 0.0242026 0
0 8292 phononL 0.004 -0.368055 0.0159131 0.00453411 0
0 8293 phononL 0.004 1.48602 -0.195299 0.034428 0
0 8294 phononL 0.004 -0.732667 -1.32642 0.0306777 0
0 8295 phononL 0.004 -0.785027 -0.925846 0.0358712 0
0 8296 phononL 0.004 -1.29157 1.03558 -0.0335555 0
0 8297 phononL 0.004 1.48437 -0.154514 -0.0333297 0
0 8298 phononL 0.004 -1.36246 -1.49515 0.0285855 0
0 8299 phononL 0.004 0.688185 1.33298 0.0309376 0
0 8300 phononL 0.004 0.988182 0.634074 -0.0130731 0
0 8301 phononL 0.004 0.457497 -0.546185 0.0123305 0
0 8302 phononL 0.004 -0.776718 -1.35134 -0.0084836 0
0 8303 phononL 0.004 0.322674 -1.06079 0.0368223 0
0 8304 phononL 0.004 -0.468032 -1.05578 -0.00569076 0
0 8305 phononL 0.004 0.696275 -0.80564 -0.0180958 0
0 8306 phononL 0.004 0.333831 -1.3067 0.0146193 0
0 8307 phononL 0.004 -1.41663 -1.08039 -0.0270046 0
0 8308 phononL 0.004 -1.20371 -0.207955 -0.0230511 0
0 8309 phononL 0.004 -0.455406 -0.95207 -0.0322624 0
0 8310 phononL 0.004 0.899195 -0.151787 0.0391594 0
0 8311 phononL 0.004 1.16483 0.977083 -0.0322044 0
0 8312 phononL 0.004 0.515599 0.743448 0.0273141 0
0 8313 phononL 0.004 0.311192 0.0451001 0.0165763 0
0 8314 phononL 0.004 0.924715 0.378803 -0.00696758 0
0 8315 phononL 0.004 1.068 -0.623478 -0.0359166 0
0 8316 phononL 0.004 -1.45857 -1.12537 -0.0348159 0
0 8317 phononL 0.004 0.428405 1.06136 -0.0127839 0
0 8318 phononL 0.004 0.203825 0.189979 -0.0237719 0
0 8319 phononL 0.004 0.709082 -0.299965 -0.0155774 0
0 8320 phononL 0.004 -1.27973 0.435957 -0.019988 0
0 8321 phononL 0.004 0.933234 -0.247515 0.0334901 0
0 8322 phononL 0.004 1.21095 0.383187 0.0155866 0
0 8323 phononL 0.004 -0.144406 -1.50233 -0.0286983 0
0 8324 phononL 0.004 0.922365 0.236391 -0.0212811 0
0 8325 phononL 0.004 -0.331157 0.106257 0.0277577 0
0 8326 phononL 0.004 -0.937154 -0.238719 0.0296083 0
0 8327 phononL 0.004 -0.245719 0.903899 0.01327 0
0 8328 phononL 0.004 -0.676753 -0.977908 -0.03701 0
0 8329 phononL 0.004 -1.47172 0.0800968 0.0197282 0
0 8330 phononL 0.004 -0.502258 0.167566 0.0022466 0
0 8331 phononL 0.004 1.00559 -0.81488 0.0299012 0
0 8332 phononL 0.004 0.085349 -1.04319 -0.0392426 0
0 8333 phononL 0.004 0.316289 1.39674 0.0177795 0
0 8334 phononL 0.004 1.39182 -0.207959 -0.016673 0
0 8335 phononL 0.004 0.700907 0.616254 -0.0300919 0
0 8336 phononL 0.004 -0.778981 0.533457 -0.0187503 0
0 8337 phononL 0.004 -1.3368 -0.430414 -0.0369943 0
0 8338 phononL 0.004 -0.830487 0.781506 0.00360648 0
0 8339 phononL 0.004 0.940133 0.696675 0.0289254 0
0 8340 phononL 0.004 -0.240922 0.892692 -0.0268605 0
0 8341 phononL 0.004 -1.101 1.48672 0.0271791 0
0 8342 phononL 0.004 0.0404643 1.22508 -0.0350498 0
0 8343 phononL 0.004 -0.83783 -1.39853 -0.0262527 0
0 8344 phononL 0.004 1.2947 0.0861093 0.0102637 0
0 8345 phononL 0.004 -1.2055 0.211286 0.00981901 0
0 8346 phononL 0.004 0.959178 0.380538 0.0275207 0
0 8347 phononL 0.004 -1.12166 0.681031 -0.0297055 0
0 8348 phononL 0.004 0.871262 0.998578 0.0243676 0
0 8349 phononL 0.004 -0.692549 0.0291495 -0.00559608 0
0 8350 phononL 0.004 -0.163671 -0.0947574 -0.0287329 0
0 8351 phononL 0.004 -1.11453 -0.03664 0.0201735 0
0 8352 phononL 0.004 0.755735 0.489198 0.00705656 0
0 8353 phononL 0.004 0.0756435 -1.34368 -0.0287819 0
0 8354 phononL 0.004 -1.39087 -0.360607 0.0131829 0
0 8355 phononL 0.004 -0.51127 1.22677 0.00243912 0
0 8356 phononL 0.004 0.827793 -1.28827 0.0223532 0
0 8357 phononL 0.004 0.983818 0.709221 -0.00408147 0
0 8358 phononL 0.004 -1.07324 1.11223 -0.0299272 0
0 8359 phononL 0.004 0.555956 -1.09745 0.0331615 0
0 8360 phononL 0.004 1.39401 0.748987 0.00859206 0
0 8361 phononL 0.004 -1.27376 -1.29403 -0.0233184 0
0 8362 phononL 0.004 -0.187261 -0.865684 0.0360166 0
0 8363 phononL 0.004 0.119797 -0.421703 0.00553395 0
0 8364 phononL 0.004 -0.524373 -1.35742 -0.00455193 0
0 8365 phononL 0.004 1.39795 -0.000433874 0.00146328 0
0 8366 phononL 0.004 0.186492 0.906439 0.0107364 0
0 8367 phononL 0.004 1.24404 -0.0152219 -0.0396376 0
0 8368 phononL 0.004 0.881442 0.0625831 -0.0198294 0
0 8369 phononL 0.004 0.449384 -1.20485 0.0048171 0
0 8370 phononL 0.004 1.21806 1.26258 -0.0156254 0
0 8371 phononL 0.004 0.416721 -0.241974 0.0199944 0
0 8372 phononL 0.004 -1.14019 -0.074229 -0.019091 0
0 8373 phononL 0.004 -0.364507 -0.0861003 -0.0251849 0
0 8374 phononL 0.004 0.300659 0.716201 -0.00923688 0
0 8375 phononL 0.004 0.0460873 -1.38393 0.00075697 0
0 8376 phononL 0.004 0.705042 -0.09519 -0.027114 0
0 8377 phononL 0.004 0.540334 0.445442 -0.0355872 0
0 8378 phononL 0.004 -0.72106 1.10971 0.0368676 0
0 8379 phononL 0.004 1.35691 -1.46242 -0.0162245 0
0 8380 phononL 0.004 -0.924496 0.0725203 0.0166567 0
0 8381 phononL 0.004 -0.161595 -0.773533 -0.0227115 0
0 8382 phononL 0.004 1.44909 -0.298572 0.0155963 0
0 8383 phononL 0.004 1.27142 1.08679 0.0362833 0
0 8384 phononL 0.004 -0.348775 0.931166 0.0262298 0
0 8385 phononL 0.004 0.292654 1.30793 -0.00945836 0
0 8386 phononL 0.004 -0.657356 -1.22214 -0.0292254 0
0 8387 phononL 0.004 0.235995 -0.0904313 0.00913686 0
0 8388 phononL 0.004 0.610341 0.289497 0.0300395 0
0 8389 phononL 0.004 1.24436 1.45098 0.0102522 0
0 8390 phononL 0.004 0.0132684 -1.38934 -0.000888658 0
0 8391 phononL 0.004 -0.202955 0.286734 0.012876 0
0 8392 phononL 0.004 1.26485 0.896102 -0.0258031 0
0 8393 phononL 0.004 -0.470458 -0.997339 0.0290799 0
0 8394 phononL 0.004 -0.400229 0.496845 -0.011051 0
0 8395 phononL 0.004 -1.25178 1.43432 -0.0159567 0
0 8396 phononL 0.004 -1.47125 1.04214 -0.0274236 0
0 8397 phononL 0.004 1.40138 -0.996338 0.0199597 0
0 8398 phononL 0.004 -1.033 -0.60292 -0.0288878 0
0 8399 phononL 0.004 -0.0816939 0.575268 0.0283567 0
0 8400 phononL 0.004 0.842168 -1.37208 0.0349518 0
0 8401 phononL 0.004 -0.865607 0.437101 0.0268545 0
0 8402 phononL 0.004 1.17906 0.30361 0.021796 0
0 8403 phononL 0.004 0.0881074 0.881052 0.0133418 0
0 8404 phononL 0.004 -1.15124 0.698327 -0.00802175 0
0 8405 phononL 0.004 -0.851393 -0.882544 -0.0392987 0
0 8406 phononL 0.004 -1.39131 1.10518 0.0350408 0
0 8407 phononL 0.004 -1.33491 0.92082 0.0128728 0
0 8408 phononL 0.004 -0.0268837 0.571211 -0.00410456 0
0 8409 phononL 0.004 -0.331878 1.09589 -0.0318395 0
0 8410 phononL 0.004 -0.739697 -0.542876 0.0220419 0
0 8411 phononL 0.004 1.02798 0.73424 0.0286396 0
0 8412 phononL 0.004 -0.754197 1.44487 -0.0328488 0
0 8413 phononL 0.004 1.27548 -0.108848 -0.0246726 0
0 8414 phononL 0.004 -0.0712664 1.22025 -0.0190384 0
0 8415 phononL 0.004 0.821876 0.654456 -0.000728207 0
0 8416 phononL 0.004 -1.45335 1.05273 0.0342324 0
0 8417 phononL 0.004 0.744935 -1.02936 -0.0206909 0
0 8418 phononL 0.004 -1.25052 1.0233 0.00980411 0
0 8419 phononL 0.004 0.366634 -1.05633 -0.0120424 0
0 8420 phononL 0.004 0.161932 0.481316 0.01528 0
0 8421 phononL 0.004 -0.346766 1.09776 -0.0175457 0
0 8422 phononL 0.004 0.569798 -0.788421 -0.0138302 0
0 8423 phononL 0.004 0.973454 -0.891189 -0.0264015 0
0 8424 phononL 0.004 -0.223178 -1.38263 0.0395173 0
0 8425 phononL 0.004 0.221395 -0.297996 -0.0229075 0
0 8426 phononL 0.004 -1.24625 -0.849136 -0.0290082 0
0 8427 phononL 0.004 -0.334939 0.928217 0.0360896 0
0 8428 phononL 0.004 -1.45872 -1.46838 0.0391331 0
0 8429 phononL 0.004 0.239256 -1.03217 -0.0234183 0
0 8430 phononL 0.004 -1.17844 -0.50828 -0.0285978 0
0 8431 phononL 0.004 -1.1434 -0.210489 -0.0340904 0
0 8432 phononL 0.004 0.839063 -0.642224 -0.0325621 0
0 8433 phononL 0.004 1.30128 0.490521 0.00485746 0
0 8434 phononL 0.004 1.03902 -0.650405 0.010802 0
0 8435 phononL 0.004 -1.42619 0.578389 0.0142739 0
0 8436 phononL 0.004 0.549828 -0.393018 -0.0292161 0
0 8437 phononL 0.004 0.649522 0.323147 -0.0069076 0
0 8438 phononL 0.004 -0.220187 0.0670975 -0.0109995 0
0 8439 phononL 0.004 0.452782 -0.962156 -0.00883902 0
0 8440 phononL 0.004 -0.403338 -1.27393 -0.0128474 0
0 8441 phononL 0.004 0.796653 -0.370986 0.0261068 0
0 8442 phononL 0.004 0.101339 -1.06781 0.0191556 0
0 8443 phononL 0.004 -0.363524 1.40299 -0.0182064 0
0 8444 phononL 0.004 -1.4421 0.0203634 -0.0104493 0
0 8445 phononL 0.004 1.08289 0.0715269 -0.0347615 0
0 8446 phononL 0.004 -0.502844 1.06448 -0.0221824 0
0 8447 phononL 0.004 -1.32265 0.971101 0.0277678 0
0 8448 phononL 0.004 -1.11746 0.868192 0.0262528 0
0 8449 phononL 0.004 1.26895 -0.161144 0.0397665 0
0 8450 phononL 0.004 -1.50574 0.45979 -0.0327258 0
0 8451 phononL 0.004 -0.278921 0.843287 -0.0304659 0
0 8452 phononL 0.004 -0.250259 -1.26516 0.0316449 0
0 8453 phononL 0.004 -0.781864 -0.651555 0.00371451 0
0 8454 phononL 0.004 0.00687507 0.0347278 0.0382893 0
0 8455 phononL 0.004 -1.04644 0.912985 0.0181609 0
0 8456 phononL 0.004 -1.48312 1.46902 -0.0230364 0
0 8457 phononL 0.004 -1.12147 -0.108188 0.0267279 0
0 8458 phononL 0.004 1.16928 1.40117 0.0217463 0
0 8459 phononL 0.004 -0.301238 0.958137 -0.0376874 0
0 8460 phononL 0.004 0.259742 -1.38036 -0.000475513 0
0 8461 phononL 0.004 0.902261 1.44934 0.00724101 0
0 8462 phononL 0.004 1.32044 1.23873 0.0367068 0
0 8463 phononL 0.004 -1.23716 -0.628696 0.0178344 0
0 8464 phononL 0.004 -0.0638566 0.656355 -0.0305391 0
0 8465 phononL 0.004 -0.788097 0.467202 -0.0330518 0
0 8466 phononL 0.004 1.17217 -0.330081 -0.0211682 0
0 8467 phononL 0.004 0.38177 0.220361 0.0112685 0
0 8468 phononL 0.004 -0.638879 -0.559424 -0.00280214 0
0 8469 phononL 0.004 1.06175 -1.09554 0.00330886 0
0 8470 phononL 0.004 0.971414 0.181615 -0.011415 0
0 8471 phononL 0.004 0.615632 -0.333216 -0.00986222 0
0 8472 phononL 0.004 0.805038 -0.113126 -0.00639219 0
0 8473 phononL 0.004 0.598558 1.16 0.0375997 0
0 8474 phononL 0.004 0.0790416 -1.17926 0.00257092 0
0 8475 phononL 0.004 0.880799 -0.229304 -0.0275392 0
0 8476 phononL 0.004 1.1219 0.104052 0.00425201 0
0 8477 phononL 0.004 -0.416018 -1.14893 0.0237578 0
0 8478 phononL 0.004 0.21376 1.00215 0.0358263 0
0 8479 phononL 0.004 -0.595017 -0.424327 0.0322932 0
0 8480 phononL 0.004 1.23622 0.94654 -0.00401336 0
0 8481 phononL 0.004 0.0196707 -0.576485 -0.0226871 0
0 8482 phononL 0.004 -0.780548 0.924058 0.00665996 0
0 8483 phononL 0.004 -0.431546 1.30964 -0.0137014 0
0 8484 phononL 0.004 0.128874 -1.38799 0.0390424 0
0 8485 phononL 0.004 -0.190127 -0.790822 -0.0386993 0
0 8486 phononL 0.004 -0.973248 -0.838809 -0.0370165 0
0 8487 phononL 0.004 -0.876858 1.42386 -0.027072 0
0 8488 phononL 0.004 0.180418 1.32611 -0.015275 0
0 8489 phononL 0.004 -0.701246 -0.261344 0.0153945 0
0 8490 phononL 0.004 0.553687 0.540013 0.0210248 0
0 8491 phononL 0.004 -0.633589 -1.02568 0.00382584 0
0 8492 phononL 0.004 -1.00123 0.623806 0.00848257 0
0 8493 phononL 0.004 -1.47839 0.851531 0.0328348 0
0 8494 phononL 0.004 -0.514026 -0.196353 -0.0278197 0
0 8495 phononL 0.004 -0.35329 0.526962 -0.00950437 0
0 8496 phononL 0.004 -1.09766 -0.602511 -0.0214303 0
0 8497 phononL 0.004 -1.23375 -1.09732 0.000152291 0
0 8498 phononL 0.004 0.999125 -1.45043 -0.0365748 0
0 8499 phononL 0.004 0.427444 0.972118 -0.0326112 0
0 8500 phononL 0.004 -1.39444 -1.36227 -0.0214995 0
0 8501 phononL 0.004 -1.35261 0.965698 0.0287849 0
0 8502 phononL 0.004 0.595957 0.295326 0.0359112 0
0 8503 phononL 0.004 0.698815 -0.749012 -0.0127508 0
0 8504 phononL 0.004 1.13702 1.42405 -0.0339487 0
0 8505 phononL 0.004 -0.229001 0.780142 -0.0354473 0
0 8506 phononL 0.004 -0.415815 1.12552 -0.0119812 0
0 8507 phononL 0.004 1.05932 -0.976509 0.0106349 0
0 8508 phononL 0.004 -0.174813 -1.50616 4.58651e-05 0
0 8509 phononL 0.004 1.41643 1.49062 -0.0255053 0
0 8510 phononL 0.004 1.32242 0.863802 0.0174301 0
0 8511 phononL 0.004 0.51144 1.49335 -0.0132583 0
0 8512 phononL 0.004 0.784115 0.428412 -0.0165257 0
0 8513 phononL 0.004 -0.639335 -0.982848 0.000124316 0
0 8514 phononL 0.004 0.593673 -1.27386 -0.0394472 0
0 8515 phononL 0.004 0.449221 0.646479 0.0202711 0
0 8516 phononL 0.004 -0.650312 1.39106 0.00246448 0
0 8517 phononL 0.004 -0.220856 -1.41929 0.0168042 0
0 8518 phononL 0.004 -1.06652 0.495405 0.0298856 0
0 8519 phononL 0.004 -0.749698 0.806006 0.0057334 0
0 8520 phononL 0.004 -0.0325823 -0.195374 0.0254877 0
0 8521 phononL 0.004 -0.057202 1.27122 0.0204956 0
0 8522 phononL 0.004 1.24011 0.993316 0.0354665 0
0 8523 phononL 0.004 -0.158764 -1.41405 0.00831734 0
0 8524 phononL 0.004 -0.288127 0.441501 0.0217813 0
0 8525 phononL 0.004 -0.0112331 0.591342 -0.0328018 0
0 8526 phononL 0.004 1.01531 -1.22298 -0.0234602 0
0 8527 phononL 0.004 0.893635 -1.26315 0.00861042 0
0 8528 phononL 0.004 -0.43183 -1.50052 -0.0103336 0
0 8529 phononL 0.004 0.177834 1.47093 -0.0291963 0
0 8530 phononL 0.004 1.28242 1.25359 0.0281772 0
0 8531 phononL 0.004 -0.0846275 0.972561 -0.0261166 0
0 8532 phononL 0.004 -0.373097 0.487704 0.0292341 0
0 8533 phononL 0.004 0.109494 0.778261 -0.0142237 0
0 8534 phononL 0.004 0.361722 1.36383 0.0105829 0
0 8535 phononL 0.004 0.171722 -0.431073 -0.00724033 0
0 8536 phononL 0.004 0.995892 -0.450942 -0.0246683 0
0 8537 phononL 0.004 -0.68786 0.853518 -0.0184794 0
0 8538 phononL 0.004 0.628275 -1.0967 0.0307219 0
0 8539 phononL 0.004 0.245711 -0.466129 -0.0335418 0
0 8540 phononL 0.004 -1.44898 -0.647136 -0.0172041 0
0 8541 phononL 0.004 1.08525 -0.540202 0.036485 0
0 8542 phononL 0.004 -0.749113 0.366842 0.0393571 0
0 8543 phononL 0.004 -0.948537 1.28053 -0.0302106 0
0 8544 phononL 0.004 -0.0893238 -1.03889 0.0282679 0
0 8545 phononL 0.004 0.0340014 -0.314188 -0.00934612 0
0 8546 phononL 0.004 0.746295 -0.978274 0.0331803 0
0 8547 phononL 0.004 0.333451 0.484527 0.00809965 0
0 8548 phononL 0.004 -0.396365 -1.38556 -0.0319888 0
0 8549 phononL 0.004 -0.290192 0.430975 0.0362197 0
0 8550 phononL 0.004 -1.09848 0.581284 -0.0259907 0
0 8551 phononL 0.004 -0.407717 -0.86464 0.038893 0
0 8552 phononL 0.004 1.17451 -0.0596408 0.0304698 0
0 8553 phononL 0.004 -0.679281 0.331586 -0.0022295 0
0 8554 phononL 0.004 -1.07487 0.748484 0.0144417 0
0 8555 phononL 0.004 -0.582362 0.0476059 -0.0263307 0
0 8556 phononL 0.004 -0.263088 0.376873 -0.00709765 0
0 8557 phononL 0.004 0.311992 0.924656 0.0360338 0
0 8558 phononL 0.004 0.96858 -0.972535 -0.00314822 0
0 8559 phononL 0.004 -0.197961 1.35471 -0.00837288 0
0 8560 phononL 0.004 -0.419012 0.434732 -0.0153119 0
0 8561 phononL 0.004 -0.0050645 0.47535 -0.000951667 0
0 8562 phononL 0.004 -0.969181 0.488691 -0.0226678 0
0 8563 phononL 0.004 -0.0158245 0.712832 0.00951822 0
0 8564 phononL 0.004 -0.758905 0.268617 -0.00269255 0
0 8565 phononL 0.004 -1.02975 1.25233 -0.0216216 0
0 8566 phononL 0.004 0.174921 -1.50567 0.0294727 0
0 8567 phononL 0.004 1.00034 0.915792 -0.037851 0
0 8568 phononL 0.004 -0.975572 -0.973955 0.0108256 0
0 8569 phononL 0.004 0.738586 0.625645 -0.0134784 0
0 8570 phononL 0.004 -1.06622 -0.00936221 -0.0154958 0
0 8571 phononL 0.004 -1.48121 0.490751 0.0054662 0
0 8572 phononL 0.004 1.15897 0.244369 0.0297158 0
0 8573 phononL 0.004 0.701086 0.316183 -0.0207723 0
0 8574 phononL 0.004 0.601908 -0.415222 -0.0104324 0
0 8575 phononL 0.004 0.71313 -1.23035 -0.0259964 0
0 8576 phononL 0.004 -1.17581 0.440577 -0.00572703 0
0 8577 phononL 0.004 -0.660437 0.220235 0.0377284 0
0 8578 phononL 0.004 -0.67632 0.736314 0.0116336 0
0 8579 phononL 0.004 -1.32049 0.258335 -0.0356697 0
0 8580 phononL 0.004 -0.275711 -0.704386 0.0154827 0
0 8581 phononL 0.004 -0.151096 0.495197 0.0276308 0
0 8582 phononL 0.004 0.980572 0.946129 0.0248046 0
0 8583 phononL 0.004 -1.27208 -1.37735 -0.03342 0
0 8584 phononL 0.004 -0.763068 -0.290256 -0.00342395 0
0 8585 phononL 0.004 1.23518 0.431127 -0.0214022 0
0 8586 phononL 0.004 -0.947238 -0.97677 -0.0371788 0
0 8587 phononL 0.004 0.255867 1.38379 0.016452 0
0 8588 phononL 0.004 -0.940086 -1.38086 -0.0363044 0
0 8589 phononL 0.004 -0.455074 -0.906706 -0.0197466 0
0 8590 phononL 0.004 -1.22262 1.25669 -0.00828247 0
0 8591 phononL 0.004 0.830217 -1.48184 0.0313509 0
0 8592 phononL 0.004 0.539763 0.971249 -0.0167806 0
0 8593 phononL 0.004 -0.652113 0.301084 0.0399813 0
0 8594 phononL 0.004 0.475143 1.17628 0.00302819 0
0 8595 phononL 0.004 0.635925 -0.389694 0.00945417 0
0 8596 phononL 0.004 0.704767 -0.0326023 -0.0104931 0
0 8597 phononL 0.004 1.10741 0.277559 0.0264558 0
0 8598 phononL 0.004 -1.28902 -0.02201 -0.0120123 0
0 8599 phononL 0.004 -0.869133 0.403403 0.0104948 0
0 8600 phononL 0.004 -1.01577 0.0257905 0.0204566 0
0 8601 phononL 0.004 1.38214 -1.5045 0.0249951 0
0 8602 phononL 0.004 -0.797431 1.01996 0.0237135 0
0 8603 phononL 0.004 -0.814695 0.0038555 -0.0124151 0
0 8604 phononL 0.004 -1.13644 -0.868337 0.027529 0
0 8605 phononL 0.004 -1.38547 0.985375 0.0206 0
0 8606 phononL 0.004 -0.964275 0.825305 0.0344537 0
0 8607 phononL 0.004 0.470307 0.522115 -0.0124259 0
0 8608 phononL 0.004 1.34622 -1.3213 0.0243952 0
0 8609 phononL 0.004 0.115566 0.81754 0.0142179 0
0 8610 phononL 0.004 -0.845957 -0.704594 0.00847423 0
0 8611 phononL 0.004 -0.31294 -0.847596 -0.0179884 0
0 8612 phononL 0.004 0.360022 0.700432 0.00713353 0
0 8613 phononL 0.004 0.0376438 -0.575595 -0.0257576 0
0 8614 phononL 0.004 0.835438 0.931169 0.0203272 0
0 8615 phononL 0.004 -0.0782795 -1.23993 0.0207113 0
0 8616 phononL 0.004 1.45935 0.193926 0.0326022 0
0 8617 phononL 0.004 -1.43329 0.588297 0.00568764 0
0 8618 phononL 0.004 -0.110616 -0.086344 -0.0117287 0
0 8619 phononL 0.004 -1.0848 1.20161 0.0398253 0
0 8620 phononL 0.004 1.11858 0.329177 -0.0188811 0
0 8621 phononL 0.004 0.657958 -1.2534 -0.0390219 0
0 8622 phononL 0.004 -1.22271 0.262684 -0.00035341 0
0 8623 phononL 0.004 0.224047 -0.186633 -0.0327153 0
0 8624 phononL 0.004 0.213148 -0.906259 -0.021632 0
0 8625 phononL 0.004 0.113492 0.550962 -0.0148685 0
0 8626 phononL 0.004 -1.0854 0.254384 -0.0113092 0
0 8627 phononL 0.004 -0.317052 0.248285 0.0246976 0
0 8628 phononL 0.004 0.9646 1.32671 -0.0397393 0
0 8629 phononL 0.004 -1.02179 1.48988 -0.0132028 0
0 8630 phononL 0.004 1.49929 0.0617176 0.011089 0
0 8631 phononL 0.004 -0.405819 -1.08895 -0.0385824 0
0 8632 phononL 0.004 0.0253629 0.741847 0.0272901 0
0 8633 phononL 0.004 -0.983543 0.668413 -0.0239878 0
0 8634 phononL 0.004 -0.524115 -0.0630876 -0.0304098 0
0 8635 phononL 0.004 -0.904928 -1.46069 -0.0117155 0
0 8636 phononL 0.004 -0.740185 -0.319318 0.0388857 0
0 8637 phononL 0.004 -1.28802 -1.07326 -0.0229193 0
0 8638 phononL 0.004 -1.05949 0.901258 0.0285161 0
0 8639 phononL 0.004 -0.263713 -1.24662 0.0124119 0
0 8640 phononL 0.004 0.0551459 -1.24051 0.0353957 0
0 8641 phononL 0.004 0.643577 -0.63382 0.028956 0
0 8642 phononL 0.004 0.65362 0.220458 -0.0319752 0
0 8643 phononL 0.004 -1.06726 1.47827 -0.0145835 0
0 8644 phononL 0.004 0.918438 -0.733479 -0.00863897 0
0 8645 phononL 0.004 -1.40247 -0.250488 0.032052 0
0 8646 phononL 0.004 0.556943 1.04112 0.0233284 0
0 8647 phononL 0.004 -0.175848 1.17882 0.00350969 0
0 8648 phononL 0.004 -1.28144 -1.17067 -0.0345567 0
0 8649 phononL 0.004 -0.29844 -0.309882 0.0114512 0
0 8650 phononL 0.004 -1.25665 -0.148899 0.0172899 0
0 8651 phononL 0.004 -0.614474 -0.152843 -0.0130104 0
0 8652 phononL 0.004 -0.681535 0.131338 0.0048074 0
0 8653 phononL 0.004 -0.337718 0.417992 0.0373768 0
0 8654 phononL 0.004 -1.21843 -0.798488 -0.00171131 0
0 8655 phononL 0.004 -0.0733152 0.0470416 -0.0117634 0
0 8656 phononL 0.004 -0.332431 1.28782 0.00773211 0
0 8657 phononL 0.004 -0.164431 0.845181 -0.0273662 0
0 8658 phononL 0.004 1.1221 1.50463 -0.0367119 0
0 8659 phononL 0.004 -0.138196 0.860441 0.0341351 0
0 8660 phononL 0.004 0.898551 -1.46613 -0.00553998 0
0 8661 phononL 0.004 1.26687 0.181944 0.0249353 0
0 8662 phononL 0.004 0.20027 0.698099 0.0227653 0
0 8663 phononL 0.004 0.39394 -1.40001 0.0384314 0
0 8664 phononL 0.004 1.18693 -0.844977 -0.026905 0
0 8665 phononL 0.004 -0.962326 -0.0696165 0.00882311 0
0 8666 phononL 0.004 0.103378 0.441001 -0.0153289 0
0 8667 phononL 0.004 -1.22064 -0.770586 -0.0140669 0
0 8668 phononL 0.004 -0.906603 0.726812 0.0263193 0
0 8669 phononL 0.004 -1.46913 1.32785 -0.0320268 0
0 8670 phononL 0.004 0.620903 0.948921 -0.0158649 0
0 8671 phononL 0.004 -0.137186 -0.261857 0.00449278 0
0 8672 phononL 0.004 -1.09552 -0.566574 0.0216043 0
0 8673 phononL 0.004 1.08332 -1.40661 0.0279657 0
0 8674 phononL 0.004 1.20527 -0.480932 -0.022355 0
0 8675 phononL 0.004 1.06969 1.26932 0.0181156 0
0 8676 phononL 0.004 -0.110088 -1.29651 0.0169936 0
0 8677 phononL 0.004 0.669331 0.885506 -0.0163392 0
0 8678 phononL 0.004 -0.191709 0.508231 0.0398761 0
0 8679 phononL 0.004 0.00492958 0.345336 -0.0376548 0
0 8680 phononL 0.004 -0.29656 0.694871 -0.00138788 0
0 8681 phononL 0.004 -1.3574 0.986102 0.0152568 0
0 8682 phononL 0.004 -0.506266 0.382855 0.0280768 0
0 8683 phononL 0.004 0.470882 0.112343 0.0313485 0
0 8684 phononL 0.004 0.739022 0.823127 -0.0109063 0
0 8685 phononL 0.004 0.42145 0.122868 -0.0229645 0
0 8686 phononL 0.004 1.33891 -0.0757457 -0.0308146 0
0 8687 phononL 0.004 -1.50493 -0.0762525 0.0204033 0
0 8688 phononL 0.004 -1.19139 -1.3924 0.0395482 0
0 8689 phononL 0.004 0.314096 -0.875999 -0.02383 0
0 8690 phononL 0.004 -1.25588 -0.460073 -0.0227571 0
0 8691 phononL 0.004 0.504725 0.92513 -0.0308182 0
0 8692 phononL 0.004 1.25589 -0.219085 0.00519406 0
0 8693 phononL 0.004 0.950427 0.786575 0.0187575 0
0 8694 phononL 0.004 -1.29067 -1.33583 0.0191248 0
0 8695 phononL 0.004 -0.673673 0.796817 0.0294402 0
0 8696 phononL 0.004 -1.15246 0.500152 -0.0238443 0
0 8697 phononL 0.004 -0.164591 -1.26665 -0.0395092 0
0 8698 phononL 0.004 -0.768764 -0.28177 0.0256335 0
0 8699 phononL 0.004 -1.15968 -1.18446 0.0358242 0
0 8700 phononL 0.004 -0.791279 0.249614 -0.0106361 0
0 8701 phononL 0.004 0.510524 0.0809977 -0.0226964 0
0 8702 phononL 0.004 -0.256311 1.20465 -0.0171892 0
0 8703 phononL 0.004 0.218014 -0.371263 -0.0152144 0
0 8704 phononL 0.004 1.38323 0.644975 -0.00569482 0
0 8705 phononL 0.004 -0.990019 1.46038 0.00748972 0
0 8706 phononL 0.004 -1.07751 -0.624184 -0.0205684 0
0 8707 phononL 0.004 1.23541 0.929246 0.0267523 0
0 8708 phononL 0.004 0.757864 -0.70994 -0.031991 0
0 8709 phononL 0.004 0.407145 -1.33039 -0.030508 0
0 8710 phononL 0.004 -1.09827 0.384268 0.0397931 0
0 8711 phononL 0.004 0.722743 0.656493 -0.0289482 0
0 8712 phononL 0.004 0.255444 1.17642 0.00164702 0
0 8713 phononL 0.004 0.479745 0.448993 0.00325692 0
0 8714 phononL 0.004 0.0658135 0.159369 -0.035919 0
0 8715 phononL 0.004 0.997062 0.396558 -0.0165746 0
0 8716 phononL 0.004 -0.0284499 -0.885425 0.0260451 0
0 8717 phononL 0.004 1.01509 -0.291362 0.0392947 0
0 8718 phononL 0.004 -0.28806 -0.449758 -0.0171705 0
0 8719 phononL 0.004 1.04687 0.0629612 -0.0288871 0
0 8720 phononL 0.004 -0.195838 -0.0384883 0.0286624 0
0 8721 phononL 0.004 0.23349 0.647765 -0.0156574 0
0 8722 phononL 0.004 0.543311 0.871876 0.0200027 0
0 8723 phononL 0.004 -0.726175 0.619248 -0.0305608 0
0 8724 phononL 0.004 -1.07558 0.315372 -0.0113747 0
0 8725 phononL 0.004 0.0310061 0.489134 0.0180904 0
0 8726 phononL 0.004 1.25653 -0.593999 -0.0281778 0
0 8727 phononL 0.004 0.183971 0.256682 0.0335854 0
0 8728 phononL 0.004 1.24435 0.879577 -0.0216573 0
0 8729 phononL 0.004 0.384505 -0.0276022 0.00779186 0
0 8730 phononL 0.004 -0.72754 -1.45589 -0.0159074 0
0 8731 phononL 0.004 0.0370873 -0.285686 0.00441073 0
0 8732 phononL 0.004 0.807177 1.07458 -0.0359568 0
0 8733 phononL 0.004 -0.713474 -1.29242 0.0276368 0
0 8734 phononL 0.004 -1.04327 0.928032 0.0207114 0
0 8735 phononL 0.004 0.939141 -0.935927 -0.00669757 0
0 8736 phononL 0.004 0.99556 1.43653 0.0214248 0
0 8737 phononL 0.004 1.00473 -0.339249 0.00053503 0
0 8738 phononL 0.004 -0.232657 -0.0336707 0.0105975 0
0 8739 phononL 0.004 1.34474 -1.31533 -0.0334739 0
0 8740 phononL 0.004 0.765872 0.519282 0.0072952 0
0 8741 phononL 0.004 -0.764262 -1.09325 0.0309258 0
0 8742 phononL 0.004 0.553794 0.74275 -0.0121649 0
0 8743 phononL 0.004 1.1098 -0.839193 -0.00945774 0
0 8744 phononL 0.004 0.135654 0.193544 -0.0181757 0
0 8745 phononL 0.004 1.17192 0.349068 -0.0131497 0
0 8746 phononL 0.004 -0.216738 1.39987 -0.0362236 0
0 8747 phononL 0.004 1.12667 1.08198 0.0296434 0
0 8748 phononL 0.004 0.823172 -0.583724 -0.0387678 0
0 8749 phononL 0.004 -0.360584 1.44228 0.028754 0
0 8750 phononL 0.004 0.0836717 1.11168 0.02949 0
0 8751 phononL 0.004 -0.13152 -0.134912 0.00563144 0
0 8752 phononL 0.004 -0.105763 -0.158254 0.0236447 0
0 8753 phononL 0.004 1.04237 -0.245241 0.00446488 0
0 8754 phononL 0.004 0.374649 1.38719 0.00795693 0
0 8755 phononL 0.004 -0.716303 0.094378 -0.000397687 0
0 8756 phononL 0.004 0.206526 -1.48844 -0.0117443 0
0 8757 phononL 0.004 -0.781866 1.33477 0.000405955 0
0 8758 phononL 0.004 0.564718 -0.768851 -0.0102245 0
0 8759 phononL 0.004 -0.167233 -0.747513 0.0147893 0
0 8760 phononL 0.004 0.247963 -0.15012 0.0010861 0
0 8761 phononL 0.004 -1.074 -1.09227 0.0151788 0
0 8762 phononL 0.004 -0.993009 -0.207539 0.0393368 0
0 8763 phononL 0.004 1.10208 -1.4805 0.0213662 0
0 8764 phononL 0.004 0.405505 0.326848 -0.0385133 0
0 8765 phononL 0.004 1.24441 1.42013 -0.0145669 0
0 8766 phononL 0.004 -1.40644 -1.38527 -0.0225676 0
0 8767 phononL 0.004 0.0484675 -0.0931332 -0.0247726 0
0 8768 phononL 0.004 0.208852 1.37721 -0.0180254 0
0 8769 phononL 0.004 -0.744268 1.10997 -0.0391262 0
0 8770 phononL 0.004 0.335906 -0.487054 0.00924097 0
0 8771 phononL 0.004 -0.376822 -1.18179 0.0118274 0
0 8772 phononL 0.004 -0.621947 -0.15568 -0.0190194 0
0 8773 phononL 0.004 0.992633 0.450565 -0.00164829 0
0 8774 phononL 0.004 0.082947 -0.00260069 0.0156121 0
0 8775 phononL 0.004 -0.924933 0.768016 0.035676 0
0 8776 phononL 0.004 0.973958 1.35784 0.00448087 0
0 8777 phononL 0.004 1.2866 -0.827298 0.0070492 0
0 8778 phononL 0.004 0.771794 0.955805 0.0286182 0
0 8779 phononL 0.004 1.44684 -0.781491 0.015157 0
0 8780 phononL 0.004 -0.343831 0.481434 -0.00691282 0
0 8781 phononL 0.004 -0.677151 1.35784 -0.00069803 0
0 8782 phononL 0.004 1.48555 -1.22358 0.0378209 0
0 8783 phononL 0.004 -1.03156 -0.325707 -0.00895234 0
0 8784 phononL 0.004 -0.321899 0.0250004 -0.0368019 0
0 8785 phononL 0.004 -0.764321 0.0595048 -0.00392806 0
0 8786 phononL 0.004 0.063445 -1.0577 0.0293094 0
0 8787 phononL 0.004 -0.0659141 -1.1589 -0.015456 0
0 8788 phononL 0.004 -1.44495 -0.155741 0.0115609 0
0 8789 phononL 0.004 1.22976 0.601593 -0.0160979 0
0 8790 phononL 0.004 0.399444 0.36523 0.00976928 0
0 8791 phononL 0.004 -1.19866 -0.1457 -0.0240915 0
0 8792 phononL 0.004 -1.08508 0.734892 0.0307958 0
0 8793 phononL 0.004 -0.203372 -0.451174 0.0397741 0
0 8794 phononL 0.004 -0.605569 0.346453 -0.0198725 0
0 8795 phononL 0.004 0.424578 -0.987805 -0.0265178 0
0 8796 phononL 0.004 0.982065 0.460839 -0.0301426 0
0 8797 phononL 0.004 0.498838 -0.661505 -0.00372188 0
0 8798 phononL 0.004 1.45019 1.06266 -0.0121814 0
0 8799 phononL 0.004 0.932094 -0.515296 -0.0395285 0
0 8800 phononL 0.004 -1.28205 -1.35296 0.0353319 0
0 8801 phononL 0.004 0.810893 0.404492 -0.0175871 0
0 8802 phononL 0.004 -0.0548576 -1.19273 0.01753 0
0 8803 phononL 0.004 0.431193 0.881311 0.0328907 0
0 8804 phononL 0.004 -0.381321 0.611675 0.0320084 0
0 8805 phononL 0.004 -0.21666 1.49918 -0.0119568 0
0 8806 phononL 0.004 -0.502499 -1.26037 -0.0308288 0
0 8807 phononL 0.004 -0.838817 -1.28255 -0.029058 0
0 8808 phononL 0.004 -0.92951 -0.541525 -0.0177907 0
0 8809 phononL 0.004 -1.38145 1.34302 -0.00798253 0
0 8810 phononL 0.004 -0.320948 0.27322 0.0335036 0
0 8811 phononL 0.004 1.23059 -0.104833 -0.0317744 0
0 8812 phononL 0.004 -0.654194 -0.35299 0.0391851 0
0 8813 phononL 0.004 0.392568 -0.40452 0.0232294 0
0 8814 phononL 0.004 0.502504 -0.757422 0.00803358 0
0 8815 phononL 0.004 1.13431 0.675186 0.00537391 0
0 8816 phononL 0.004 0.292288 -0.151585 0.0366472 0
0 8817 phononL 0.004 0.0956661 -0.298731 -0.0222158 0
0 8818 phononL 0.004 1.06048 -0.970689 -0.0150413 0
0 8819 phononL 0.004 -0.517392 0.979389 0.00276048 0
0 8820 phononL 0.004 -0.872714 0.545281 -0.0259766 0
0 8821 phononL 0.004 -0.333263 1.36057 -0.00760959 0
0 8822 phononL 0.004 -0.368779 1.46845 0.0227645 0
0 8823 phononL 0.004 0.393077 1.22372 -0.0318544 0
0 8824 phononL 0.004 -1.39902 -0.713301 0.0340264 0
0 8825 phononL 0.004 0.504484 -1.06243 -0.0147504 0
0 8826 phononL 0.004 -0.817593 -0.232787 0.00565653 0
0 8827 phononL 0.004 -1.09717 1.50621 -0.0311958 0
0 8828 phononL 0.004 -1.35698 1.10653 -0.0304225 0
0 8829 phononL 0.004 -1.02116 -0.923039 0.0260322 0
0 8830 phononL 0.004 0.912679 -1.43771 -0.0150405 0
0 8831 phononL 0.004 -0.928244 -0.873623 0.0130997 0
0 8832 phononL 0.004 -0.571611 -0.966537 -0.0289467 0
0 8833 phononL 0.004 0.0979788 0.326574 0.00823621 0
0 8834 phononL 0.004 -1.22723 0.61633 0.00290842 0
0 8835 phononL 0.004 0.133686 0.571775 0.0389581 0
0 8836 phononL 0.004 -0.623065 0.68242 -0.0118144 0
0 8837 phononL 0.004 -0.584633 -1.4254 0.0137942 0
0 8838 phononL 0.004 -0.608191 -0.497116 0.0160235 0
0 8839 phononL 0.004 0.994644 -0.0140831 0.0219482 0
0 8840 phononL 0.004 -0.842689 0.156932 -0.0231469 0
0 8841 phononL 0.004 1.08162 -0.959282 0.00356848 0
0 8842 phononL 0.004 -1.01345 0.354284 0.0017291 0
0 8843 phononL 0.004 1.37383 1.00205 -0.0273761 0
0 8844 phononL 0.004 0.158755 -1.17184 -0.00579541 0
0 8845 phononL 0.004 -0.787193 0.935552 -0.0339311 0
0 8846 phononL 0.004 -0.290869 -0.809529 0.037593 0
0 8847 phononL 0.004 0.647699 0.675777 0.00791252 0
0 8848 phononL 0.004 -0.186747 -1.26975 0.0309652 0
0 8849 phononL 0.004 -0.115663 -0.666511 0.0399288 0
0 8850 phononL 0.004 -1.13048 0.349299 0.00291349 0
0 8851 phononL 0.004 0.157069 1.05007 0.0316496 0
0 8852 phononL 0.004 1.28925 0.364851 0.0162754 0
0 8853 phononL 0.004 -0.550175 -0.535176 -0.0353439 0
0 8854 phononL 0.004 -0.145936 -1.02162 0.00532988 0
0 8855 phononL 0.004 1.37235 -0.827833 -0.0392807 0
0 8856 phononL 0.004 0.385928 -3.14176e-05 -0.0136014 0
0 8857 phononL 0.004 -0.677625 -0.0459322 0.0193251 0
0 8858 phononL 0.004 -1.12091 -0.930741 -0.0165571 0
0 8859 phononL 0.004 -0.931144 0.0630995 0.0251164 0
0 8860 phononL 0.004 -0.365039 -0.502976 0.00544322 0
0 8861 phononL 0.004 -1.20789 -0.385216 0.0202204 0
0 8862 phononL 0.004 -0.72733 1.03312 -0.0109142 0
0 8863 phononL 0.004 0.399534 -1.37506 -0.0144461 0
0 8864 phononL 0.004 1.09473 0.564634 -0.0110511 0
0 8865 phononL 0.004 -0.0246425 0.982708 -0.033515 0
0 8866 phononL 0.004 -1.25024 -0.110967 -0.0196301 0
0 8867 phononL 0.004 1.12262 -1.01236 0.0227039 0
0 8868 phononL 0.004 0.734512 -0.14273 0.026438 0
0 8869 phononL 0.004 -0.527132 0.778867 0.0194131 0
0 8870 phononL 0.004 0.0367727 0.274519 -0.0276733 0
0 8871 phononL 0.004 -0.298014 -0.103614 -0.0139182 0
0 8872 phononL 0.004 1.02874 -0.683082 0.0269523 0
0 8873 phononL 0.004 0.712553 0.978239 0.0383768 0
0 8874 phononL 0.004 -0.0785756 -0.679986 -0.0107348 0
0 8875 phononL 0.004 -1.26957 1.04657 -0.0217926 0
0 8876 phononL 0.004 -1.11537 0.809952 0.0182145 0
0 8877 phononL 0.004 1.13633 -1.36132 -0.0151431 0
0 8878 phononL 0.004 0.835565 1.06788 -0.0114805 0
0 8879 phononL 0.004 0.624136 -0.21457 0.0177544 0
0 8880 phononL 0.004 0.869471 1.08814 0.028536 0
0 8881 phononL 0.004 1.3615 -0.696801 0.0391854 0
0 8882 phononL 0.004 -1.19006 -0.145527 -0.0051048 0
0 8883 phononL 0.004 -1.1646 -0.865289 0.00562762 0
0 8884 phononL 0.004 0.767818 0.589242 0.0208539 0
0 8885 phononL 0.004 0.670113 -0.0292079 0.000396227 0
0 8886 phononL 0.004 0.450661 0.704393 -0.0224349 0
0 8887 phononL 0.004 -1.3416 0.179438 0.0176862 0
0 8888 phononL 0.004 -0.105868 0.972321 0.0240365 0
0 8889 phononL 0.004 0.273213 0.0695118 -0.0223171 0
0 8890 phononL 0.004 -1.2247 -0.545044 -0.0243731 0
0 8891 phononL 0.004 1.28955 0.334479 0.0285624 0
0 8892 phononL 0.004 -0.282786 -0.404462 -0.0064145 0
0 8893 phononL 0.004 1.29096 0.530829 -0.000502505 0
0 8894 phononL 0.004 0.717007 -1.25898 0.0321508 0
0 8895 phononL 0.004 0.913842 -0.249145 0.0084411 0
0 8896 phononL 0.004 -1.00911 -1.47077 0.0386202 0
0 8897 phononL 0.004 0.439808 -1.15707 -0.00360098 0
0 8898 phononL 0.004 1.10952 -0.358701 0.00716666 0
0 8899 phononL 0.004 0.0297229 0.67852 0.0230121 0
0 8900 phononL 0.004 -1.42381 -0.772887 -0.0225555 0
0 8901 phononL 0.004 -0.940181 -1.1205 0.0338326 0
0 8902 phononL 0.004 0.427913 -0.976691 0.00569672 0
0 8903 phononL 0.004 1.33464 -1.04846 0.00515131 0
0 8904 phononL 0.004 0.652808 1.43097 -0.0300994 0
0 8905 phononL 0.004 0.676081 0.408732 0.00664767 0
0 8906 phononL 0.004 -1.49807 0.301083 -0.0346381 0
0 8907 phononL 0.004 0.490553 0.398589 0.00345755 0
0 8908 phononL 0.004 -1.25265 0.149821 0.0398658 0
0 8909 phononL 0.004 0.863794 -0.394624 0.0235198 0
0 8910 phononL 0.004 -0.959083 -1.27614 -0.0262043 0
0 8911 phononL 0.004 -1.25107 -0.283622 -0.000867663 0
0 8912 phononL 0.004 -0.406725 0.977168 0.0247882 0
0 8913 phononL 0.004 -0.92199 0.457935 0.0147142 0
0 8914 phononL 0.004 -0.466916 0.634748 -0.0183343 0
0 8915 phononL 0.004 -0.611455 0.786028 0.0332714 0
0 8916 phononL 0.004 1.48854 -0.600713 -0.0122765 0
0 8917 phononL 0.004 -0.902966 0.202167 -0.0201523 0
0 8918 phononL 0.004 -0.510561 0.211945 0.033008 0
0 8919 phononL 0.004 0.923192 1.04062 0.0131703 0
0 8920 phononL 0.004 -0.0864854 0.47693 0.0139015 0
0 8921 phononL 0.004 -1.12338 0.696283 -0.0104746 0
0 8922 phononL 0.004 0.685627 0.166099 0.0190628 0
0 8923 phononL 0.004 0.29727 1.26812 0.035579 0
0 8924 phononL 0.004 -0.782931 1.24869 0.0370199 0
0 8925 phononL 0.004 0.169082 1.00976 0.00689346 0
0 8926 phononL 0.004 0.214687 1.01311 0.000862429 0
0 8927 phononL 0.004 -0.910279 1.37956 -0.0166177 0
0 8928 phononL 0.004 -0.224825 0.742771 0.0316169 0
0 8929 phononL 0.004 0.482275 -0.866166 -0.0158598 0
0 8930 phononL 0.004 0.332612 -0.308971 -0.00677226 0
0 8931 phononL 0.004 -1.40422 0.232892 -0.00967894 0
0 8932 phononL 0.004 -0.469648 -0.397894 0.0253271 0
0 8933 phononL 0.004 -0.056075 -0.206797 -0.0136085 0
0 8934 phononL 0.004 0.345943 -0.0751914 -0.0349807 0
0 8935 phononL 0.004 -0.309057 0.107366 -0.00512724 0
0 8936 phononL 0.004 -1.35022 0.0724683 0.00576474 0
0 8937 phononL 0.004 -1.02395 0.358063 -0.00282013 0
0 8938 phononL 0.004 -1.27931 -0.762884 -0.00333904 0
0 8939 phononL 0.004 0.927351 -0.737978 0.0153755 0
0 8940 phononL 0.004 -0.508168 0.550289 0.0283263 0
0 8941 phononL 0.004 1.21528 -0.483793 0.0163631 0
0 8942 phononL 0.004 1.39594 -1.38831 -0.00755799 0
0 8943 phononL 0.004 -1.05302 -0.843259 0.012435 0
0 8944 phononL 0.004 1.29059 1.00493 0.030644 0
0 8945 phononL 0.004 -0.687922 -0.0214602 0.00701684 0
0 8946 phononL 0.004 -0.0273306 0.710975 -0.017334 0
0 8947 phononL 0.004 -1.49697 0.914181 0.004268 0
0 8948 phononL 0.004 -0.278264 -0.807639 0.0177963 0
0 8949 phononL 0.004 0.190398 -1.07617 -0.0264715 0
0 8950 phononL 0.004 0.235495 -0.485549 -0.0268267 0
0 8951 phononL 0.004 0.401545 0.334575 0.0258685 0
0 8952 phononL 0.004 0.719537 -0.996128 -0.00157123 0
0 8953 phononL 0.004 -0.0184808 -0.531659 0.0190618 0
0 8954 phononL 0.004 0.96141 0.83455 -0.00381945 0
0 8955 phononL 0.004 1.308 -0.847108 0.0302709 0
0 8956 phononL 0.004 -0.224671 0.526391 0.035972 0
0 8957 phononL 0.004 -0.840456 -0.939436 -0.00363822 0
0 8958 phononL 0.004 -1.19143 -0.722757 -0.0190975 0
0 8959 phononL 0.004 -0.796169 0.891472 0.02209 0
0 8960 phononL 0.004 0.138649 -0.529528 0.0385329 0
0 8961 phononL 0.004 -0.214123 0.105618 0.00276254 0
0 8962 phononL 0.004 -0.410508 0.627992 0.00401377 0
0 8963 phononL 0.004 -0.0521426 0.765932 0.00953051 0
0 8964 phononL 0.004 -0.848149 0.6925 -0.0098103 0
0 8965 phononL 0.004 -1.40617 1.24681 -0.000429439 0
0 8966 phononL 0.004 -0.860841 1.00037 -0.0150595 0
0 8967 phononL 0.004 0.872181 -1.23879 -0.00127161 0
0 8968 phononL 0.004 -0.194506 0.486763 0.00659442 0
0 8969 phononL 0.004 0.247811 -0.587046 0.0098121 0
0 8970 phononL 0.004 -1.35014 -1.17025 0.00623694 0
0 8971 phononL 0.004 1.16109 0.916169 -0.0295001 0
0 8972 phononL 0.004 -0.00774402 1.19949 -0.0279695 0
0 8973 phononL 0.004 -0.0639346 1.05205 -0.00143928 0
0 8974 phononL 0.004 -0.728836 0.238668 0.00349832 0
0 8975 phononL 0.004 0.670476 1.428 0.00764327 0
0 8976 phononL 0.004 -0.585946 -1.2104 0.0377217 0
0 8977 phononL 0.004 0.646827 0.699793 0.0349621 0
0 8978 phononL 0.004 1.36087 0.0927718 -0.0197828 0
0 8979 phononL 0.004 0.139132 -0.272743 0.00803747 0
0 8980 phononL 0.004 -0.977775 0.764603 0.0199727 0
0 8981 phononL 0.004 0.177066 -1.37714 0.0139653 0
0 8982 phononL 0.004 -1.37032 1.30464 0.00715827 0
0 8983 phononL 0.004 1.11281 -0.835188 0.0317729 0
0 8984 phononL 0.004 -1.17086 -0.484805 -0.00922161 0
0 8985 phononL 0.004 -0.0510251 1.1433 0.0313729 0
0 8986 phononL 0.004 0.359349 1.4279 -0.000918814 0
0 8987 phononL 0.004 -0.648255 1.48777 0.0156605 0
0 8988 phononL 0.004 0.482375 -0.388136 -0.0346465 0
0 8989 phononL 0.004 -1.04855 -0.319399 -0.0330154 0
0 8990 phononL 0.004 -0.0988784 -1.12299 -0.00153162 0
0 8991 phononL 0.004 0.566931 0.133603 0.0252795 0
0 8992 phononL 0.004 -1.09247 -0.156741 -0.0248901 0
0 8993 phononL 0.004 -0.636844 -0.486934 -0.0259183 0
0 8994 phononL 0.004 -0.468824 -0.0620349 0.0326996 0
0 8995 phononL 0.004 1.46526 -0.490829 0.0342692 0
0 8996 phononL 0.004 -0.699718 -1.20462 -0.0386473 0
0 8997 phononL 0.004 -1.318 -0.643149 0.0365853 0
0 8998 phononL 0.004 1.05355 -0.60942 0.0294888 0
0 8999 phononL 0.004 -1.46514 1.19894 0.00671702 0
0 9000 phononL 0.004 -1.44251 -0.787202 -0.0226117 0
0 9001 phononL 0.004 -0.560272 -1.2067 -0.030782 0
0 9002 phononL 0.004 0.75749 1.33089 -0.0179108 0
0 9003 phononL 0.004 0.0446042 -0.403292 -0.00986968 0
0 9004 phononL 0.004 1.49565 -0.820248 -0.029004 0
0 9005 phononL 0.004 -1.47138 -0.327843 -0.0149576 0
0 9006 phononL 0.004 0.936794 0.311601 0.0155399 0
0 9007 phononL 0.004 -0.668936 0.356719 -0.00676565 0
0 9008 phononL 0.004 -1.22937 -0.262985 0.0273571 0
0 9009 phononL 0.004 -0.720743 -0.424972 -0.00399538 0
0 9010 phononL 0.004 0.608235 -0.412658 -0.0254691 0
0 9011 phononL 0.004 0.648242 -0.125998 -0.0387269 0
0 9012 phononL 0.004 -0.646988 -0.490121 -0.0293785 0
0 9013 phononL 0.004 -0.963498 -0.500258 0.014442 0
0 9014 phononL 0.004 -0.899871 0.79279 0.0330737 0
0 9015 phononL 0.004 -0.970406 1.46103 -0.0153143 0
0 9016 phononL 0.004 -0.611667 -0.271948 -0.00491384 0
0 9017 phononL 0.004 -1.31679 0.881536 -0.000964168 0
0 9018 phononL 0.004 -0.758287 1.01942 0.0267159 0
0 9019 phononL 0.004 -0.621513 -0.306681 -0.022922 0
0 9020 phononL 0.004 0.839822 0.485944 -0.0331119 0
0 9021 phononL 0.004 0.703657 1.43731 0.013633 0
0 9022 phononL 0.004 0.402831 0.767974 -0.030005 0
0 9023 phononL 0.004 -0.0800025 0.931309 -0.0212268 0
0 9024 phononL 0.004 0.701296 0.422476 0.00234354 0
0 9025 phononL 0.004 0.655617 -1.10843 0.0011289 0
0 9026 phononL 0.004 1.4698 0.073871 -0.0182068 0
0 9027 phononL 0.004 -0.0256183 -1.431 0.00243754 0
0 9028 phononL 0.004 -0.613894 -1.50404 -0.0385039 0
0 9029 phononL 0.004 1.34268 0.336076 0.0115163 0
0 9030 phononL 0.004 -0.290766 -0.030064 -0.0309968 0
0 9031 phononL 0.004 -0.584573 -0.382608 -0.0383642 0
0 9032 phononL 0.004 -1.32877 -1.43966 -0.0170961 0
0 9033 phononL 0.004 -1.07264 -1.42535 -0.021707 0
0 9034 phononL 0.004 1.24257 0.314079 0.0104131 0
0 9035 phononL 0.004 1.05225 -1.17192 -0.0344775 0
0 9036 phononL 0.004 -0.622557 -0.622205 -0.0311535 0
0 9037 phononL 0.004 -0.993618 0.598431 -0.020798 0
0 9038 phononL 0.004 0.43395 -0.0216718 0.0114982 0
0 9039 phononL 0.004 1.10563 0.789241 0.0185826 0
0 9040 phononL 0.004 0.316492 0.100591 -0.00801862 0
0 9041 phononL 0.004 0.283847 0.57612 -0.0131929 0
0 9042 phononL 0.004 -1.28497 -0.128697 -0.0198671 0
0 9043 phononL 0.004 -0.667177 -0.469451 0.0033968 0
0 9044 phononL 0.004 0.178237 0.218746 -0.0127705 0
0 9045 phononL 0.004 0.171173 0.68138 -0.00748783 0
0 9046 phononL 0.004 -1.46736 1.00832 -0.0378766 0
0 9047 phononL 0.004 -0.474202 -1.36423 0.0384696 0
0 9048 phononL 0.004 -0.0878488 1.20294 -0.0172427 0
0 9049 phononL 0.004 -0.734673 1.21676 0.0106533 0
0 9050 phononL 0.004 -0.149845 0.450419 -0.0266995 0
0 9051 phononL 0.004 -0.634378 1.16882 0.0309799 0
0 9052 phononL 0.004 0.883862 -0.0207284 0.0305389 0
0 9053 phononL 0.004 0.929275 -0.584787 -0.0250496 0
0 9054 phononL 0.004 -1.42817 -0.145215 -0.00977045 0
0 9055 phononL 0.004 1.08184 -1.06062 -0.017928 0
0 9056 phononL 0.004 -0.723791 0.710058 -0.0287197 0
0 9057 phononL 0.004 -0.314825 -0.958015 0.0127121 0
0 9058 phononL 0.004 1.37039 -0.29597 0.00381706 0
0 9059 phononL 0.004 -0.705736 0.689466 -0.0222571 0
0 9060 phononL 0.004 -1.05606 -0.567689 -0.0197309 0
0 9061 phononL 0.004 -1.16194 0.735262 -0.0279955 0
0 9062 phononL 0.004 1.46185 1.19253 0.0266381 0
0 9063 phononL 0.004 1.27974 0.535777 0.00555165 0
0 9064 phononL 0.004 0.20382 1.1521 -0.0217366 0
0 9065 phononL 0.004 -1.46024 0.77597 -0.0157764 0
0 9066 phononL 0.004 0.69972 0.343169 0.0238782 0
0 9067 phononL 0.004 -0.838407 -0.149768 -0.0223635 0
0 9068 phononL 0.004 1.02146 -1.34217 -0.012731 0
0 9069 phononL 0.004 -1.47091 1.22531 -0.0296666 0
0 9070 phononL 0.004 0.483898 1.12837 -0.00740933 0
0 9071 phononL 0.004 -1.48454 0.64008 -0.0225071 0
0 9072 phononL 0.004 0.215798 -1.05382 0.00125158 0
0 9073 phononL 0.004 -0.459938 0.446541 -0.000731904 0
0 9074 phononL 0.004 0.561467 -0.0892145 0.0371335 0
0 9075 phononL 0.004 1.20109 0.216162 0.0210437 0
0 9076 phononL 0.004 1.15993 -0.187292 -0.0318428 0
0 9077 phononL 0.004 1.06098 -1.5041 -0.0290613 0
0 9078 phononL 0.004 -0.367859 -1.26536 0.0142348 0
0 9079 phononL 0.004 -0.538379 0.62211 -0.0390591 0
0 9080 phononL 0.004 1.38318 -0.299911 -0.010511 0
0 9081 phononL 0.004 0.514967 0.332843 -0.00631865 0
0 9082 phononL 0.004 0.748702 -0.591118 -0.0276773 0
0 9083 phononL 0.004 -0.616464 1.35648 -0.0174197 0
0 9084 phononL 0.004 -0.321864 0.24749 -0.0355524 0
0 9085 phononL 0.004 1.16227 -0.103886 -0.0398522 0
0 9086 phononL 0.004 -1.28752 -0.29279 -0.00674281 0
0 9087 phononL 0.004 -0.596705 -0.73729 0.0347572 0
0 9088 phononL 0.004 -0.728684 -1.26422 -0.015267 0
0 9089 phononL 0.004 -0.832003 0.00555629 -0.0389778 0
0 9090 phononL 0.004 -0.597515 -1.21171 -0.0185287 0
0 9091 phononL 0.004 1.17389 -0.112137 -0.00855247 0
0 9092 phononL 0.004 0.416305 -0.374525 0.0368032 0
0 9093 phononL 0.004 -0.450401 -0.383648 -0.0359477 0
0 9094 phononL 0.004 -1.42263 -0.406002 0.0204345 0
0 9095 phononL 0.004 -1.26199 -1.34059 0.0136698 0
0 9096 phononL 0.004 -1.16574 1.03068 -0.00962718 0
0 9097 phononL 0.004 -0.280081 -0.523002 -0.00581926 0
0 9098 phononL 0.004 -0.935433 -1.18208 0.0247342 0
0 9099 phononL 0.004 -1.06291 1.49857 0.038591 0
0 9100 phononL 0.004 -1.49873 -1.30869 0.00424296 0
0 9101 phononL 0.004 -0.308141 -0.706886 -0.000335792 0
0 9102 phononL 0.004 1.19833 1.27301 0.0372572 0
0 9103 phononL 0.004 0.954207 0.0189648 -0.0245726 0
0 9104 phononL 0.004 -0.402193 -0.808117 -0.0325621 0
0 9105 phononL 0.004 0.535958 1.39881 -0.0339928 0
0 9106 phononL 0.004 1.1886 0.677823 0.0191753 0
0 9107 phononL 0.004 0.663273 -0.0144578 0.0157947 0
0 9108 phononL 0.004 1.49042 -0.803246 0.0384488 0
0 9109 phononL 0.004 0.372821 -0.67698 0.0126883 0
0 9110 phononL 0.004 0.144704 1.1587 0.00466443 0
0 9111 phononL 0.004 0.895489 -0.451933 0.0244387 0
0 9112 phononL 0.004 1.18185 -1.06522 0.00417649 0
0 9113 phononL 0.004 0.629527 0.675559 -0.0375279 0
0 9114 phononL 0.004 0.370978 -0.035654 0.0156708 0
0 9115 phononL 0.004 0.000514091 1.07551 -0.0106428 0
0 9116 phononL 0.004 -0.775222 1.49647 -0.0273063 0
0 9117 phononL 0.004 -0.853009 -0.74761 0.0100112 0
0 9118 phononL 0.004 -1.01536 0.4564 0.00694003 0
0 9119 phononL 0.004 1.31059 0.0384021 -0.0043313 0
0 9120 phononL 0.004 -0.899635 0.0204795 -0.0233741 0
0 9121 phononL 0.004 -0.395921 1.2629 0.0172902 0
0 9122 phononL 0.004 -0.511015 0.933323 0.0189465 0
0 9123 phononL 0.004 -0.965535 -1.23766 -0.0220092 0
0 9124 phononL 0.004 -0.202577 -0.204543 -0.0168015 0
0 9125 phononL 0.004 -1.46645 -1.19643 -0.0114649 0
0 9126 phononL 0.004 -0.0895124 -0.770788 -0.0330341 0
0 9127 phononL 0.004 -1.39269 0.76584 0.0156594 0
0 9128 phononL 0.004 -1.47264 0.632181 0.007049 0
0 9129 phononL 0.004 -0.297287 -0.301173 0.0309782 0
0 9130 phononL 0.004 1.39197 -1.37449 0.0193916 0
0 9131 phononL 0.004 -0.436096 -0.800497 -0.00947008 0
0 9132 phononL 0.004 0.93805 0.195572 -0.0271495 0
0 9133 phononL 0.004 0.728421 -0.691736 0.02484 0
0 9134 phononL 0.004 -0.519906 -1.18069 0.00792388 0
0 9135 phononL 0.004 -0.912809 -0.0422895 0.0146829 0
0 9136 phononL 0.004 -1.04022 -0.434661 -0.00776099 0
0 9137 phononL 0.004 -1.27221 0.497316 0.00745601 0
0 9138 phononL 0.004 1.43691 -0.755224 0.0129082 0
0 9139 phononL 0.004 0.751274 0.298653 -0.0106191 0
0 9140 phononL 0.004 -0.972112 1.49654 -0.0336272 0
0 9141 phononL 0.004 -1.05521 -0.3946 0.0260787 0
0 9142 phononL 0.004 -0.428922 -0.225464 0.0142221 0
0 9143 phononL 0.004 -0.526206 1.23314 0.0161908 0
0 9144 phononL 0.004 -1.34194 -0.772291 0.034492 0
0 9145 phononL 0.004 -1.3352 1.28032 0.0164901 0
0 9146 phononL 0.004 1.41139 0.700648 0.00691244 0
0 9147 phononL 0.004 -0.449711 -1.04901 -0.0305965 0
0 9148 phononL 0.004 -0.484866 0.175287 8.53531e-05 0
0 9149 phononL 0.004 0.619901 -1.09012 0.0375019 0
0 9150 phononL 0.004 1.22092 -0.0855465 -0.00693136 0
0 9151 phononL 0.004 -0.965717 1.32187 0.0216239 0
0 9152 phononL 0.004 0.933038 1.18613 -0.0259401 0
0 9153 phononL 0.004 1.37648 -0.547752 0.0187811 0
0 9154 phononL 0.004 0.639598 0.664341 0.0231127 0
0 9155 phononL 0.004 0.599189 -1.04489 -0.00279431 0
0 9156 phononL 0.004 -0.641178 -0.474434 -0.00423154 0
0 9157 phononL 0.004 -1.4581 -1.34393 -0.0122258 0
0 9158 phononL 0.004 -0.112299 -0.992242 0.0126361 0
0 9159 phononL 0.004 -0.671035 0.403051 -0.0361373 0
0 9160 phononL 0.004 -0.00367344 0.209756 -0.0333397 0
0 9161 phononL 0.004 0.320696 -0.307283 -0.0224046 0
0 9162 phononL 0.004 -0.233717 0.141721 0.0317581 0
0 9163 phononL 0.004 -0.656794 0.462315 0.0301949 0
0 9164 phononL 0.004 0.487894 -0.111799 0.00832219 0
0 9165 phononL 0.004 -0.398824 -0.527976 -0.0183951 0
0 9166 phononL 0.004 -1.41586 -1.24279 -0.0294584 0
0 9167 phononL 0.004 1.45369 1.09365 0.0257808 0
0 9168 phononL 0.004 -1.33132 0.861444 0.0231069 0
0 9169 phononL 0.004 -1.14713 -0.192757 -0.00942492 0
0 9170 phononL 0.004 -1.45486 0.538587 0.00959582 0
0 9171 phononL 0.004 0.339341 1.18018 0.0318211 0
0 9172 phononL 0.004 1.39856 -0.90608 -0.0190035 0
0 9173 phononL 0.004 -0.983198 0.155277 0.0377339 0
0 9174 phononL 0.004 0.149729 -1.50234 0.024623 0
0 9175 phononL 0.004 -0.518901 0.0304004 0.0272828 0
0 9176 phononL 0.004 0.87969 -0.205757 0.0247237 0
0 9177 phononL 0.004 -1.00699 0.914658 -0.02606 0
0 9178 phononL 0.004 -1.08058 0.744572 -0.0211254 0
0 9179 phononL 0.004 0.651962 -0.359872 0.00929586 0
0 9180 phononL 0.004 0.742149 0.568241 -0.0349716 0
0 9181 phononL 0.004 0.954922 1.00519 0.0379412 0
0 9182 phononL 0.004 0.84901 1.2403 -0.0379696 0
0 9183 phononL 0.004 -1.00947 0.32825 0.0349891 0
0 9184 phononL 0.004 0.00512273 -0.20918 0.0295277 0
0 9185 phononL 0.004 -1.216 -0.629902 0.0261157 0
0 9186 phononL 0.004 -0.525655 -0.938778 0.0368526 0
0 9187 phononL 0.004 -1.41875 1.09943 0.0195338 0
0 9188 phononL 0.004 0.639203 -1.24453 -0.0158367 0
0 9189 phononL 0.004 -0.115381 1.50443 -0.000157101 0
0 9190 phononL 0.004 0.641442 0.417392 -0.0290291 0
0 9191 phononL 0.004 0.198494 1.44755 0.0292641 0
0 9192 phononL 0.004 0.282821 1.26007 -0.0102837 0
0 9193 phononL 0.004 -1.10215 0.74868 0.0259733 0
0 9194 phononL 0.004 0.359585 -1.49831 0.00499305 0
0 9195 phononL 0.004 -0.740515 1.32685 -0.0354925 0
0 9196 phononL 0.004 0.570439 1.22095 -0.0214166 0
0 9197 phononL 0.004 0.13239 -0.653562 -0.027791 0
0 9198 phononL 0.004 -0.200172 1.00483 0.0156867 0
0 9199 phononL 0.004 -1.03767 0.679742 0.0226572 0
0 9200 phononL 0.004 1.12623 -1.1316 -0.000599387 0
0 9201 phononL 0.004 -1.40227 -1.00542 0.0389328 0
0 9202 phononL 0.004 1.08873 -0.324862 0.0354521 0
0 9203 phononL 0.004 -0.845455 -0.754252 -0.0175691 0
0 9204 phononL 0.004 0.34511 -1.138 0.0228945 0
0 9205 phononL 0.004 1.17365 -0.607976 -0.0111497 0
0 9206 phononL 0.004 0.634689 1.06496 0.00341371 0
0 9207 phononL 0.004 1.36598 0.574234 0.016382 0
0 9208 phononL 0.004 0.0578582 -0.959225 0.0123586 0
0 9209 phononL 0.004 -0.203859 -1.09837 -0.0351482 0
0 9210 phononL 0.004 0.743117 -0.618386 0.01967 0
0 9211 phononL 0.004 1.17485 0.135754 -0.0314454 0
0 9212 phononL 0.004 0.80875 0.927914 0.0359071 0
0 9213 phononL 0.004 -1.32002 -0.0986818 -0.0253393 0
0 9214 phononL 0.004 -1.267 1.24343 -0.03019 0
0 9215 phononL 0.004 -0.701673 -0.505405 0.0249095 0
0 9216 phononL 0.004 -1.36868 -0.236768 0.0279396 0
0 9217 phononL 0.004 -0.129592 -1.30166 0.0334512 0
0 9218 phononL 0.004 -1.42343 -0.551655 -0.0217184 0
0 9219 phononL 0.004 1.49976 0.229194 0.0123345 0
0 9220 phononL 0.004 1.15417 0.964704 0.026859 0
0 9221 phononL 0.004 -0.764527 1.22122 0.017212 0
0 9222 phononL 0.004 0.813349 1.07988 -0.0351176 0
0 9223 phononL 0.004 0.77126 -0.0839315 0.0118946 0
0 9224 phononL 0.004 0.26755 0.263677 0.00246617 0
0 9225 phononL 0.004 -0.230494 1.27924 0.0098415 0
0 9226 phononL 0.004 0.268681 -1.13914 -0.034034 0
0 9227 phononL 0.004 -1.3948 -0.726676 -0.0329058 0
0 9228 phononL 0.004 0.367621 0.302823 0.0199331 0
0 9229 phononL 0.004 -0.907938 -0.149474 0.0300853 0
0 9230 phononL 0.004 -1.14636 0.145552 -0.0178803 0
0 9231 phononL 0.004 -0.365034 -0.683833 -0.0340999 0
0 9232 phononL 0.004 0.81772 -0.646183 -0.000366943 0
0 9233 phononL 0.004 0.345134 0.590781 -0.0225772 0
0 9234 phononL 0.004 -1.43278 1.08885 -0.0102727 0
0 9235 phononL 0.004 0.470921 1.2063 -0.0160419 0
0 9236 phononL 0.004 -0.544637 0.925525 -0.0351091 0
0 9237 phononL 0.004 0.0708383 -1.45027 -0.013889 0
0 9238 phononL 0.004 0.181591 -1.47979 -0.0299572 0
0 9239 phononL 0.004 0.26356 -0.191943 0.0142566 0
0 9240 phononL 0.004 -1.36239 0.175567 0.0151765 0
0 9241 phononL 0.004 -0.24885 0.46385 -0.0144462 0
0 9242 phononL 0.004 0.162245 -0.0451826 0.00239399 0
0 9243 phononL 0.004 -1.01264 -1.37712 -0.0156125 0
0 9244 phononL 0.004 0.252264 1.34292 0.0197976 0
0 9245 phononL 0.004 0.379589 -0.323733 -0.0197074 0
0 9246 phononL 0.004 0.953202 -1.34815 0.00707568 0
0 9247 phononL 0.004 -1.16753 0.546244 0.000110289 0
0 9248 phononL 0.004 -1.42794 -0.612079 -0.0343282 0
0 9249 phononL 0.004 -0.141081 -1.17193 -0.00966054 0
0 9250 phononL 0.004 0.252995 -0.492994 0.0161789 0
0 9251 phononL 0.004 -0.108264 1.12985 0.0318615 0
0 9252 phononL 0.004 1.0773 0.367702 -0.0073026 0
0 9253 phononL 0.004 0.248683 -0.40776 -0.00383093 0
0 9254 phononL 0.004 0.599132 0.552093 0.012283 0
0 9255 phononL 0.004 0.918543 0.472164 0.038419 0
0 9256 phononL 0.004 -1.31182 1.17077 0.0389614 0
0 9257 phononL 0.004 -0.586402 -0.668641 -0.0224715 0
0 9258 phononL 0.004 1.3006 -0.0144338 0.0295413 0
0 9259 phononL 0.004 0.33116 0.112482 0.00458799 0
0 9260 phononL 0.004 0.359426 0.693968 -0.00689561 0
0 9261 phononL 0.004 -0.107351 -1.43756 -0.0314579 0
0 9262 phononL 0.004 1.43329 1.11983 0.00835152 0
0 9263 phononL 0.004 -0.998926 -0.653111 -0.0257877 0
0 9264 phononL 0.004 -0.350747 1.30665 -0.0116867 0
0 9265 phononL 0.004 1.09535 -0.790694 -0.0237495 0
0 9266 phononL 0.004 -1.17782 -1.30527 -0.0190057 0
0 9267 phononL 0.004 0.980579 -0.164568 0.01793 0
0 9268 phononL 0.004 -0.498134 -0.0665636 -0.0343045 0
0 9269 phononL 0.004 -0.274444 -0.423136 -0.0183097 0
0 9270 phononL 0.004 0.471756 0.447642 0.0054636 0
0 9271 phononL 0.004 -1.46841 0.368195 0.020202 0
0 9272 phononL 0.004 -0.511842 -1.22541 -0.0133625 0
0 9273 phononL 0.004 0.367179 0.666816 -0.0284945 0
0 9274 phononL 0.004 0.164376 -1.26172 -0.0323054 0
0 9275 phononL 0.004 -0.642603 -0.554433 -0.0190911 0
0 9276 phononL 0.004 0.00392626 -0.682649 0.0350745 0
0 9277 phononL 0.004 -0.566932 -1.40037 0.0256983 0
0 9278 phononL 0.004 -0.321426 -0.605044 -0.0389726 0
0 9279 phononL 0.004 1.2703 -0.715348 -0.016228 0
0 9280 phononL 0.004 0.342449 -1.17201 -0.019948 0
0 9281 phononL 0.004 0.260183 1.40895 -0.0125765 0
0 9282 phononL 0.004 -0.395588 0.411623 -0.000974514 0
0 9283 phononL 0.004 0.35337 -1.30906 0.0132308 0
0 9284 phononL 0.004 0.860876 1.46437 -0.0210494 0
0 9285 phononL 0.004 -1.39733 -1.34726 0.0388663 0
0 9286 phononL 0.004 -0.263373 -1.26336 -0.0320428 0
0 9287 phononL 0.004 -0.660446 1.44788 0.00691763 0
0 9288 phononL 0.004 0.526313 0.393388 0.0245068 0
0 9289 phononL 0.004 -0.653771 1.02235 0.00874344 0
0 9290 phononL 0.004 -1.37996 -0.392895 -0.0265902 0
0 9291 phononL 0.004 -1.05217 -1.25036 0.0145008 0
0 9292 phononL 0.004 -0.55081 1.13226 0.0104117 0
0 9293 phononL 0.004 0.704708 0.0174544 0.0344825 0
0 9294 phononL 0.004 1.12624 0.199062 0.0323292 0
0 9295 phononL 0.004 1.40473 0.880359 -0.0160418 0
0 9296 phononL 0.004 1.06072 1.04284 -0.0145286 0
0 9297 phononL 0.004 1.26202 -0.319219 0.00253892 0
0 9298 phononL 0.004 1.27607 -0.75636 -0.00729441 0
0 9299 phononL 0.004 0.418673 0.261241 0.0107407 0
0 9300 phononL 0.004 -1.11563 -0.580217 0.00206754 0
0 9301 phononL 0.004 1.27124 0.384939 -0.0393369 0
0 9302 phononL 0.004 -0.680244 -0.586613 0.00827863 0
0 9303 phononL 0.004 0.639646 0.745556 0.0146188 0
0 9304 phononL 0.004 0.279637 -1.29924 0.0147456 0
0 9305 phononL 0.004 0.431087 -0.462639 -0.0213714 0
0 9306 phononL 0.004 0.247046 0.9757 0.0347153 0
0 9307 phononL 0.004 1.27462 -1.35239 0.00903019 0
0 9308 phononL 0.004 0.692317 -0.0586761 0.0343888 0
0 9309 phononL 0.004 -0.343813 0.787485 0.00842706 0
0 9310 phononL 0.004 1.01146 -1.22721 0.00914899 0
0 9311 phononL 0.004 -0.711286 -0.631191 -0.00878394 0
0 9312 phononL 0.004 -0.964349 -0.0269831 -0.0164746 0
0 9313 phononL 0.004 0.600838 1.46555 -0.037925 0
0 9314 phononL 0.004 -1.37859 -1.21696 0.0210539 0
0 9315 phononL 0.004 -0.319533 -0.45233 0.00302129 0
0 9316 phononL 0.004 -0.202436 -0.0944295 -0.0248826 0
0 9317 phononL 0.004 -1.20363 0.331596 0.0279552 0
0 9318 phononL 0.004 0.309563 0.761721 -0.0380803 0
0 9319 phononL 0.004 0.19513 0.713607 0.00978777 0
0 9320 phononL 0.004 -1.46501 -0.921896 0.0175984 0
0 9321 phononL 0.004 1.04843 -0.678815 0.0394066 0
0 9322 phononL 0.004 0.9559 -1.33356 -0.0190682 0
0 9323 phononL 0.004 -0.45226 -0.534448 -0.022932 0
0 9324 phononL 0.004 -0.113379 0.252257 -0.0153848 0
0 9325 phononL 0.004 0.329195 -0.377171 0.0174486 0
0 9326 phononL 0.004 0.9926 -0.543042 -0.0117715 0
0 9327 phononL 0.004 0.643184 -1.10769 0.0293584 0
0 9328 phononL 0.004 0.646823 0.816979 -0.0295434 0
0 9329 phononL 0.004 0.772835 0.752399 0.0103833 0
0 9330 phononL 0.004 0.691024 0.031885 -0.0319227 0
0 9331 phononL 0.004 -1.4277 -0.0135989 0.00934904 0
0 9332 phononL 0.004 -0.804061 -0.0254306 0.00437611 0
0 9333 phononL 0.004 0.168048 -1.24561 -0.0138891 0
0 9334 phononL 0.004 1.19758 -0.816598 -0.00508985 0
0 9335 phononL 0.004 0.973904 -0.853505 -0.0306622 0
0 9336 phononL 0.004 -0.519056 1.30342 0.032899 0
0 9337 phononL 0.004 1.03159 0.552774 -0.0289753 0
0 9338 phononL 0.004 -1.24553 -0.804102 0.0332509 0
0 9339 phononL 0.004 -0.297043 1.14011 -0.0309577 0
0 9340 phononL 0.004 1.04134 -1.04251 -0.0127974 0
0 9341 phononL 0.004 -0.313778 -1.31507 -0.0317545 0
0 9342 phononL 0.004 1.40257 0.644743 0.00851701 0
0 9343 phononL 0.004 0.141836 -0.23841 -0.00754089 0
0 9344 phononL 0.004 0.766989 1.00094 -0.0051564 0
0 9345 phononL 0.004 -1.24376 1.07686 0.00861638 0
0 9346 phononL 0.004 0.926053 -1.47293 -0.0283836 0
0 9347 phononL 0.004 -0.294041 0.249388 -0.010638 0
0 9348 phononL 0.004 1.10794 -0.0853573 0.00385732 0
0 9349 phononL 0.004 0.145763 -1.42713 0.0246392 0
0 9350 phononL 0.004 0.710045 1.29124 -0.0192283 0
0 9351 phononL 0.004 -0.711488 -0.842128 0.0215434 0
0 9352 phononL 0.004 0.0320237 -0.379251 -0.0206568 0
0 9353 phononL 0.004 -0.447411 0.384116 0.0198693 0
0 9354 phononL 0.004 0.891294 -0.658347 0.0247985 0
0 9355 phononL 0.004 -1.41419 0.162799 0.0366454 0
0 9356 phononL 0.004 1.45464 0.656441 -0.0390199 0
0 9357 phononL 0.004 0.677272 1.0689 -0.000796936 0
0 9358 phononL 0.004 0.803424 -1.31853 0.00309106 0
0 9359 phononL 0.004 -1.11405 0.671446 0.00578404 0
0 9360 phononL 0.004 -1.00764 1.30511 -0.00642938 0
0 9361 phononL 0.004 0.895726 1.35764 -0.0385584 0
0 9362 phononL 0.004 1.25548 1.32129 -0.0331208 0
0 9363 phononL 0.004 1.00844 0.120353 -0.00397118 0
0 9364 phononL 0.004 0.797173 -0.962111 -0.00962133 0
0 9365 phononL 0.004 0.790176 1.14767 -0.00875737 0
0 9366 phononL 0.004 0.542875 -0.640469 -0.0380071 0
0 9367 phononL 0.004 0.21216 1.00025 0.0260261 0
0 9368 phononL 0.004 -0.83593 1.26025 0.00654203 0
0 9369 phononL 0.004 1.11062 0.102629 0.0257203 0
0 9370 phononL 0.004 -1.2783 0.140783 -0.0359698 0
0 9371 phononL 0.004 -0.508023 -0.742563 0.00664437 0
0 9372 phononL 0.004 1.46353 -0.20843 0.00440742 0
0 9373 phononL 0.004 1.43824 -0.384591 0.0289347 0
0 9374 phononL 0.004 -1.48346 -1.07821 -0.0149794 0
0 9375 phononL 0.004 1.19854 -0.0507745 0.0125129 0
0 9376 phononL 0.004 -0.309335 -0.134766 -0.0143291 0
0 9377 phononL 0.004 -0.990052 1.01504 0.0253906 0
0 9378 phononL 0.004 1.33762 0.11523 -0.0193738 0
0 9379 phononL 0.004 1.32658 -0.912106 -0.00661382 0
0 9380 phononL 0.004 0.206976 -1.01444 0.0215359 0
0 9381 phononL 0.004 -1.38395 -0.19825 -0.0195095 0
0 9382 phononL 0.004 -1.47143 0.650561 0.00806992 0
0 9383 phononL 0.004 -1.3738 0.00304674 -0.0319532 0
0 9384 phononL 0.004 0.100767 -1.25072 -0.000435385 0
0 9385 phononL 0.004 0.874978 -1.23936 -0.0117474 0
0 9386 phononL 0.004 1.46961 0.330078 -0.029553 0
0 9387 phononL 0.004 -0.506939 0.619049 -0.0393636 0
0 9388 phononL 0.004 -0.813599 -1.33269 -0.0383369 0
0 9389 phononL 0.004 -0.0888525 -0.689221 -0.0240153 0
0 9390 phononL 0.004 1.3559 1.26645 -0.021994 0
0 9391 phononL 0.004 0.918292 0.15204 0.00767471 0
0 9392 phononL 0.004 0.927675 0.452828 0.0252135 0
0 9393 phononL 0.004 -0.32391 0.956025 -0.0237874 0
0 9394 phononL 0.004 -0.342017 0.878519 -0.00220967 0
0 9395 phononL 0.004 -0.374112 -0.786884 -0.0203463 0
0 9396 phononL 0.004 0.787249 0.399522 0.0385814 0
0 9397 phononL 0.004 0.663025 -0.171259 -0.0203587 0
0 9398 phononL 0.004 -0.430243 0.526523 0.00911025 0
0 9399 phononL 0.004 0.0988754 1.2659 0.0126462 0
0 9400 phononL 0.004 0.836716 0.0178824 -0.0117039 0
0 9401 phononL 0.004 0.567194 0.97668 0.00409726 0
0 9402 phononL 0.004 -0.496598 -1.21178 -0.0139453 0
0 9403 phononL 0.004 -0.000734595 -1.32109 0.014654 0
0 9404 phononL 0.004 0.0526231 -0.914912 -0.0227026 0
0 9405 phononL 0.004 -0.480784 0.827555 -0.0358814 0
0 9406 phononL 0.004 1.31936 -1.3288 -0.0268939 0
0 9407 phononL 0.004 0.88514 1.41766 0.0202837 0
0 9408 phononL 0.004 1.40488 -1.17298 -0.0242725 0
0 9409 phononL 0.004 -0.0974643 -0.518641 -0.00429423 0
0 9410 phononL 0.004 -1.02437 -1.26341 -0.00220716 0
0 9411 phononL 0.004 -0.343925 0.449119 -0.00199012 0
0 9412 phononL 0.004 -0.994864 -1.19046 -0.0266704 0
0 9413 phononL 0.004 0.78982 -0.188376 0.0165245 0
0 9414 phononL 0.004 0.352535 1.40607 0.00555491 0
0 9415 phononL 0.004 0.301255 -1.08432 0.0139549 0
0 9416 phononL 0.004 0.0674775 1.00436 -0.00647653 0
0 9417 phononL 0.004 -0.173342 0.426336 -0.00079592 0
0 9418 phononL 0.004 1.47308 -0.182147 0.0245086 0
0 9419 phononL 0.004 -1.48811 -1.07027 -0.00266787 0
0 9420 phononL 0.004 -0.590226 -0.793515 -0.0387603 0
0 9421 phononL 0.004 -0.917271 1.43033 -0.0271981 0
0 9422 phononL 0.004 0.220343 -0.764737 -0.0105146 0
0 9423 phononL 0.004 1.36869 -1.46001 -0.0281612 0
0 9424 phononL 0.004 1.36425 1.04759 0.0197782 0
0 9425 phononL 0.004 0.0427439 -1.06902 -0.0248262 0
0 9426 phononL 0.004 -0.587068 -0.203157 0.0307129 0
0 9427 phononL 0.004 0.764048 1.10349 0.026531 0
0 9428 phononL 0.004 -0.207039 0.76147 0.00822498 0
0 9429 phononL 0.004 -1.1877 0.290271 0.0266665 0
0 9430 phononL 0.004 0.751126 -0.293573 0.0361249 0
0 9431 phononL 0.004 0.645747 0.22219 0.0212636 0
0 9432 phononL 0.004 0.679345 -0.234163 -0.0354504 0
0 9433 phononL 0.004 -1.07061 0.41052 0.0130565 0
0 9434 phononL 0.004 1.28716 -1.46503 0.0372333 0
0 9435 phononL 0.004 0.320847 -1.15949 0.0352555 0
0 9436 phononL 0.004 -0.903532 1.10554 0.0354637 0
0 9437 phononL 0.004 -1.30832 -0.787578 0.0330132 0
0 9438 phononL 0.004 0.975854 1.44013 -0.0380449 0
0 9439 phononL 0.004 -1.02542 0.665036 -0.00916915 0
0 9440 phononL 0.004 -0.272074 -0.837155 -0.0303424 0
0 9441 phononL 0.004 0.958286 1.35516 -0.0357576 0
0 9442 phononL 0.004 -0.614699 0.0229805 -0.0295772 0
0 9443 phononL 0.004 -1.13024 1.4603 0.0391999 0
0 9444 phononL 0.004 -1.36596 1.2464 -0.0170951 0
0 9445 phononL 0.004 0.415976 0.310173 0.000530544 0
0 9446 phononL 0.004 0.0134797 1.05454 -0.00806664 0
0 9447 phononL 0.004 1.38817 0.562716 -0.0076022 0
0 9448 phononL 0.004 0.0883413 0.817566 0.00230747 0
0 9449 phononL 0.004 0.487983 0.294924 0.0399412 0
0 9450 phononL 0.004 -1.41494 0.00234843 0.0170215 0
0 9451 phononL 0.004 -1.46347 -0.241136 -0.0397484 0
0 9452 phononL 0.004 1.09902 -1.39148 0.0336339 0
0 9453 phononL 0.004 -0.631192 0.409457 0.0302126 0
0 9454 phononL 0.004 0.97588 -1.28769 0.0222621 0
0 9455 phononL 0.004 -0.758236 -0.582863 -0.0328122 0
0 9456 phononL 0.004 1.21972 1.29879 -0.020565 0
0 9457 phononL 0.004 -0.425091 1.11583 0.0346667 0
0 9458 phononL 0.004 -0.137979 0.657614 -0.0347339 0
0 9459 phononL 0.004 -0.996008 -0.473441 0.0254697 0
0 9460 phononL 0.004 -1.04425 -0.841223 0.0239807 0
0 9461 phononL 0.004 1.37781 -0.3818 0.0259283 0
0 9462 phononL 0.004 0.0707508 -0.147374 0.0090437 0
0 9463 phononL 0.004 -0.754817 -0.688166 0.00111569 0
0 9464 phononL 0.004 -0.922971 0.0987595 -0.0308085 0
0 9465 phononL 0.004 -1.49229 0.432994 0.0342045 0
0 9466 phononL 0.004 0.660379 -1.08149 0.0179989 0
0 9467 phononL 0.004 1.34169 -0.374865 -0.013995 0
0 9468 phononL 0.004 -1.28095 0.414853 -0.0277108 0
0 9469 phononL 0.004 0.61629 0.00895694 -0.0389366 0
0 9470 phononL 0.004 0.911397 0.0414909 0.0374734 0
0 9471 phononL 0.004 1.49694 -0.958007 0.0135559 0
0 9472 phononL 0.004 1.09461 -0.594728 0.0367261 0
0 9473 phononL 0.004 0.675049 0.881829 -0.0152371 0
0 9474 phononL 0.004 0.713145 0.116894 0.0228593 0
0 9475 phononL 0.004 0.368288 1.30533 0.0133271 0
0 9476 phononL 0.004 -0.546362 0.66049 -0.00337508 0
0 9477 phononL 0.004 1.09564 -0.947276 0.0343648 0
0 9478 phononL 0.004 -0.782358 0.990344 0.0122556 0
0 9479 phononL 0.004 0.228617 0.929388 -0.0137428 0
0 9480 phononL 0.004 -0.940453 -0.605857 0.0141997 0
0 9481 phononL 0.004 0.770181 -1.45636 0.0143419 0
0 9482 phononL 0.004 1.44971 0.00243189 0.000363175 0
0 9483 phononL 0.004 -1.01017 -0.702403 0.00805163 0
0 9484 phononL 0.004 -0.162608 1.29483 0.00941524 0
0 9485 phononL 0.004 1.50108 0.647139 0.0359033 0
0 9486 phononL 0.004 -0.983484 -0.254103 -0.0168062 0
0 9487 phononL 0.004 0.756097 1.18916 -0.0325224 0
0 9488 phononL 0.004 -1.16591 1.44156 -0.00011637 0
0 9489 phononL 0.004 -0.110661 -0.559484 0.0316699 0
0 9490 phononL 0.004 1.38435 1.2452 -0.0368114 0
0 9491 phononL 0.004 1.40583 1.26352 -0.00848561 0
0 9492 phononL 0.004 0.188658 -1.00259 0.0186585 0
0 9493 phononL 0.004 0.569282 0.217515 -0.00241023 0
0 9494 phononL 0.004 -0.194184 1.16028 -0.0242632 0
0 9495 phononL 0.004 0.780516 1.00515 0.00158547 0
0 9496 phononL 0.004 -0.458424 -0.858162 -0.0131983 0
0 9497 phononL 0.004 -0.154369 1.45536 0.0331241 0
0 9498 phononL 0.004 0.927298 1.02056 -0.028776 0
0 9499 phononL 0.004 0.821617 -0.87302 0.0157069 0
0 9500 phononL 0.004 -0.143912 0.91322 -0.0395236 0
0 9501 phononL 0.004 0.0844495 -0.950191 -0.0303792 0
0 9502 phononL 0.004 1.35306 1.42888 -0.0396715 0
0 9503 phononL 0.004 0.586851 1.02313 -0.0229286 0
0 9504 phononL 0.004 -1.23473 1.06506 0.0100519 0
0 9505 phononL 0.004 0.11547 0.400114 0.0363752 0
0 9506 phononL 0.004 -0.168845 -0.674859 0.000694623 0
0 9507 phononL 0.004 -1.04913 1.25692 0.00601425 0
0 9508 phononL 0.004 -0.816656 -0.613036 0.00157685 0
0 9509 phononL 0.004 0.105452 0.667409 -0.0129463 0
0 9510 phononL 0.004 0.192027 -0.975077 -0.0259355 0
0 9511 phononL 0.004 0.800696 0.291807 -0.0242892 0
0 9512 phononL 0.004 1.15485 0.896721 0.0290776 0
0 9513 phononL 0.004 -0.767167 -0.220227 0.0303599 0
0 9514 phononL 0.004 -1.44167 0.663246 0.0182056 0
0 9515 phononL 0.004 -1.0323 -1.49518 0.0232767 0
0 9516 phononL 0.004 0.181712 -0.73888 0.0341106 0
0 9517 phononL 0.004 -0.975455 -0.584475 0.0111971 0
0 9518 phononL 0.004 -0.437164 -0.119766 0.00646327 0
0 9519 phononL 0.004 -0.878109 0.0255456 0.0307577 0
0 9520 phononL 0.004 -1.08432 1.43038 0.00417637 0
0 9521 phononL 0.004 -1.38476 -0.747215 -0.0166464 0
0 9522 phononL 0.004 -0.433785 0.356219 0.0023525 0
0 9523 phononL 0.004 1.23798 -1.15523 -0.0300802 0
0 9524 phononL 0.004 -1.07736 -1.08487 -0.0130901 0
0 9525 phononL 0.004 -0.674626 -0.84502 0.0284019 0
0 9526 phononL 0.004 0.885417 -0.561159 0.0109611 0
0 9527 phononL 0.004 1.33513 -0.87152 0.0211359 0
0 9528 phononL 0.004 0.233309 -0.013414 0.00883016 0
0 9529 phononL 0.004 1.31563 1.06032 0.00573695 0
0 9530 phononL 0.004 1.08473 0.2349 -0.0227525 0
0 9531 phononL 0.004 0.841909 -0.27415 0.00442707 0
0 9532 phononL 0.004 0.48052 -1.15873 0.00261239 0
0 9533 phononL 0.004 1.50563 0.506871 0.0116178 0
0 9534 phononL 0.004 -0.582248 -0.07586 -0.0206929 0
0 9535 phononL 0.004 0.40666 -1.39244 -0.00445829 0
0 9536 phononL 0.004 0.0411348 1.35019 0.00863215 0
0 9537 phononL 0.004 -0.244096 0.31373 0.0182188 0
0 9538 phononL 0.004 0.00296435 1.0421 -0.0396951 0
0 9539 phononL 0.004 0.799113 -0.530527 -0.000423017 0
0 9540 phononL 0.004 0.99017 0.310133 0.00111338 0
0 9541 phononL 0.004 0.283124 0.241732 -0.0287705 0
0 9542 phononL 0.004 1.12435 1.06502 -0.0137496 0
0 9543 phononL 0.004 1.35273 -0.0226143 0.0239662 0
0 9544 phononL 0.004 0.385793 1.22665 -0.0349116 0
0 9545 phononL 0.004 1.17239 0.844569 -0.0339644 0
0 9546 phononL 0.004 0.341624 0.0435425 -0.0149395 0
0 9547 phononL 0.004 0.696697 -0.518467 0.0332316 0
0 9548 phononL 0.004 -0.184968 0.19773 0.0257118 0
0 9549 phononL 0.004 0.451034 0.991828 0.00537767 0
0 9550 phononL 0.004 0.395502 -1.12202 -0.0201072 0
0 9551 phononL 0.004 -0.757269 -1.46569 0.0276671 0
0 9552 phononL 0.004 -0.579163 1.28996 -0.0357895 0
0 9553 phononL 0.004 1.27444 -0.936868 0.0255184 0
0 9554 phononL 0.004 -0.0750393 0.169403 0.018908 0
0 9555 phononL 0.004 0.288582 1.42847 0.0396865 0
0 9556 phononL 0.004 0.928338 -0.803383 -0.0253397 0
0 9557 phononL 0.004 0.546429 -0.399221 0.0041157 0
0 9558 phononL 0.004 0.272568 1.03437 -0.0158111 0
0 9559 phononL 0.004 -0.561035 1.35969 -0.0397779 0
0 9560 phononL 0.004 -0.0156696 1.08988 0.0295596 0
0 9561 phononL 0.004 1.45825 -0.82793 -0.0169014 0
0 9562 phononL 0.004 1.26845 0.0021456 -0.0173032 0
0 9563 phononL 0.004 0.786805 -1.45174 0.00734998 0
0 9564 phononL 0.004 -1.19462 0.885077 -0.0166354 0
0 9565 phononL 0.004 0.384981 -1.15696 0.0186746 0
0 9566 phononL 0.004 -0.867673 1.48914 0.0250102 0
0 9567 phononL 0.004 -0.5139 -0.667411 0.0110564 0
0 9568 phononL 0.004 0.82945 -1.10672 -0.000269675 0
0 9569 phononL 0.004 -0.55958 -0.73009 0.0345257 0
0 9570 phononL 0.004 1.24542 0.616588 -0.000472218 0
0 9571 phononL 0.004 0.415174 1.45495 0.0327421 0
0 9572 phononL 0.004 -1.22851 1.32843 -0.0237665 0
0 9573 phononL 0.004 0.576435 0.718124 -0.021077 0
0 9574 phononL 0.004 0.95545 0.242148 -0.00250349 0
0 9575 phononL 0.004 0.544462 1.45224 0.0369464 0
0 9576 phononL 0.004 1.2547 -1.25673 0.0298954 0
0 9577 phononL 0.004 -0.697194 0.341166 -0.0106423 0
0 9578 phononL 0.004 -0.0709005 -1.49546 0.0166093 0
0 9579 phononL 0.004 0.495465 -1.01287 0.0380711 0
0 9580 phononL 0.004 -1.16188 0.771249 0.0363936 0
0 9581 phononL 0.004 0.838106 -1.09165 0.0122915 0
0 9582 phononL 0.004 1.46755 1.38814 -0.0249789 0
0 9583 phononL 0.004 -0.905865 -0.314621 0.030259 0
0 9584 phononL 0.004 -0.935647 1.08045 0.0173439 0
0 9585 phononL 0.004 -0.148718 0.739206 -0.0116899 0
0 9586 phononL 0.004 1.29304 0.306756 -0.0330213 0
0 9587 phononL 0.004 0.562222 0.404526 0.00742869 0
0 9588 phononL 0.004 -0.507587 -1.42092 0.00955263 0
0 9589 phononL 0.004 0.312768 0.499233 -0.0190055 0
0 9590 phononL 0.004 0.308915 -0.387504 0.0275489 0
0 9591 phononL 0.004 0.9484 -1.32691 0.021026 0
0 9592 phononL 0.004 1.4962 0.663283 -0.0117582 0
0 9593 phononL 0.004 1.0162 -0.503508 0.00337404 0
0 9594 phononL 0.004 -0.83293 -0.228634 -0.0289706 0
0 9595 phononL 0.004 -0.208586 -0.0729239 -0.0156984 0
0 9596 phononL 0.004 1.36251 -0.821018 -0.0207141 0
0 9597 phononL 0.004 -1.40249 1.44864 -0.0332405 0
0 9598 phononL 0.004 -0.560956 1.20363 -0.00595248 0
0 9599 phononL 0.004 1.18556 0.973492 -0.0272067 0
0 9600 phononL 0.004 -0.244262 0.426747 0.0384428 0
0 9601 phononL 0.004 -0.737546 0.717956 -0.0386592 0
0 9602 phononL 0.004 1.4402 0.019716 -0.00775525 0
0 9603 phononL 0.004 -0.0409407 -1.45437 0.0158355 0
0 9604 phononL 0.004 -1.19002 -0.170732 0.023645 0
0 9605 phononL 0.004 -0.893277 -0.650385 0.0388345 0
0 9606 phononL 0.004 0.0668914 1.24878 0.035935 0
0 9607 phononL 0.004 -1.36224 1.29188 0.010078 0
0 9608 phononL 0.004 0.228932 0.174011 -0.0106894 0
0 9609 phononL 0.004 0.11258 -1.22081 0.0305751 0
0 9610 phononL 0.004 0.944045 -0.685876 -0.0306056 0
0 9611 phononL 0.004 -0.19971 -0.385189 0.00164275 0
0 9612 phononL 0.004 0.325074 0.444197 0.0204103 0
0 9613 phononL 0.004 1.34342 1.00564 0.0281616 0
0 9614 phononL 0.004 1.0717 1.09803 -0.0131794 0
0 9615 phononL 0.004 0.951216 -0.539651 -0.0120873 0
0 9616 phononL 0.004 0.359279 0.1557 -0.0242087 0
0 9617 phononL 0.004 0.126062 1.10972 0.0219684 0
0 9618 phononL 0.004 1.45328 -1.10281 -0.0393409 0
0 9619 phononL 0.004 -0.0241543 0.973847 0.0299743 0
0 9620 phononL 0.004 0.313941 1.25694 0.0363475 0
0 9621 phononL 0.004 0.20822 -0.206142 0.000945721 0
0 9622 phononL 0.004 0.724679 -0.282588 -0.037375 0
0 9623 phononL 0.004 -0.18259 -0.90289 0.0339355 0
0 9624 phononL 0.004 1.21808 1.45432 0.0111233 0
0 9625 phononL 0.004 1.3325 -1.19046 0.017948 0
0 9626 phononL 0.004 -1.02526 0.181829 0.038822 0
0 9627 phononL 0.004 -0.657266 -0.973204 0.00327772 0
0 9628 phononL 0.004 -1.25069 -0.32579 0.0359589 0
0 9629 phononL 0.004 -0.545003 0.017802 0.0171965 0
0 9630 phononL 0.004 0.822064 0.0852167 0.00318032 0
0 9631 phononL 0.004 -0.0571334 -0.0900984 0.0238828 0
0 9632 phononL 0.004 1.07079 0.12183 0.00332947 0
0 9633 phononL 0.004 0.63216 0.674386 0.0112069 0
0 9634 phononL 0.004 0.197418 -0.536571 0.0185683 0
0 9635 phononL 0.004 -0.860356 -0.416321 -0.0160004 0
0 9636 phononL 0.004 0.641798 -1.09497 0.0194137 0
0 9637 phononL 0.004 0.106146 0.0315434 0.00939369 0
0 9638 phononL 0.004 0.336734 -0.521749 -0.0086786 0
0 9639 phononL 0.004 1.50532 -0.788032 -0.00772257 0
0 9640 phononL 0.004 -0.509154 0.700239 0.0332486 0
0 9641 phononL 0.004 -0.345682 -0.338453 -0.031142 0
0 9642 phononL 0.004 0.0129066 -0.235014 0.0116557 0
0 9643 phononL 0.004 -1.2291 0.149774 0.0240737 0
0 9644 phononL 0.004 -0.918977 -1.07241 -0.00514904 0
0 9645 phononL 0.004 -0.705707 -0.850764 -0.00607486 0
0 9646 phononL 0.004 -1.05361 -0.724868 -0.00346895 0
0 9647 phononL 0.004 -0.0926913 0.810075 -0.0331325 0
0 9648 phononL 0.004 1.02629 -0.77526 0.00833932 0
0 9649 phononL 0.004 1.03775 -0.911304 0.039241 0
0 9650 phononL 0.004 -1.25361 0.245628 0.0131901 0
0 9651 phononL 0.004 -0.128679 0.53492 -0.0355169 0
0 9652 phononL 0.004 -0.529469 -0.336025 -0.00965959 0
0 9653 phononL 0.004 -0.700643 0.744665 -0.0223402 0
0 9654 phononL 0.004 -0.345365 -0.493681 -0.0356467 0
0 9655 phononL 0.004 0.652639 0.334337 0.0207219 0
0 9656 phononL 0.004 -0.730212 -0.291668 0.00944115 0
0 9657 phononL 0.004 -1.12059 -0.693744 0.000345464 0
0 9658 phononL 0.004 -1.05077 -1.37007 -0.0114735 0
0 9659 phononL 0.004 0.67511 -0.0832878 0.0053706 0
0 9660 phononL 0.004 -1.44646 -0.0374333 -0.0318026 0
0 9661 phononL 0.004 0.976998 0.633535 0.00770097 0
0 9662 phononL 0.004 1.15866 0.435961 -0.0280819 0
0 9663 phononL 0.004 -0.990132 -0.847932 -0.023344 0
0 9664 phononL 0.004 -0.981046 -0.0884519 0.000475049 0
0 9665 phononL 0.004 -0.581629 -0.373869 0.0217006 0
0 9666 phononL 0.004 -0.00640637 0.0868371 0.00879132 0
0 9667 phononL 0.004 0.938487 -0.00740926 0.0306565 0
0 9668 phononL 0.004 -1.49826 -0.996902 0.00954307 0
0 9669 phononL 0.004 -1.16229 1.23033 0.0219262 0
0 9670 phononL 0.004 0.415777 -0.117289 0.0396165 0
0 9671 phononL 0.004 -0.156898 -0.228422 0.0296069 0
0 9672 phononL 0.004 1.12243 -0.0885204 -0.00292775 0
0 9673 phononL 0.004 1.5009 0.334376 0.0226974 0
0 9674 phononL 0.004 0.740748 -0.0835226 0.0270862 0
0 9675 phononL 0.004 -0.570031 0.616761 -0.0305406 0
0 9676 phononL 0.004 0.729708 0.0435577 0.00773847 0
0 9677 phononL 0.004 1.2092 -0.0814143 -0.0352069 0
0 9678 phononL 0.004 1.11809 -1.20607 0.0191243 0
0 9679 phononL 0.004 1.03306 0.202428 -0.0259208 0
0 9680 phononL 0.004 1.08834 -1.05347 0.00990807 0
0 9681 phononL 0.004 -0.0552708 0.555838 -0.0292341 0
0 9682 phononL 0.004 -0.871454 -0.334247 -0.0392935 0
0 9683 phononL 0.004 -1.05054 -1.00015 0.0190391 0
0 9684 phononL 0.004 -0.166364 0.521616 -0.0210668 0
0 9685 phononL 0.004 1.19225 -0.895533 -0.0357612 0
0 9686 phononL 0.004 1.12143 0.32306 -0.0131905 0
0 9687 phononL 0.004 -0.302903 -0.81231 0.0296934 0
0 9688 phononL 0.004 -0.53938 1.03025 0.0130466 0
0 9689 phononL 0.004 -0.65251 0.629881 -0.0247067 0
0 9690 phononL 0.004 -0.103664 -1.20083 0.00769016 0
0 9691 phononL 0.004 -0.116147 0.0440932 -0.00860335 0
0 9692 phononL 0.004 -1.4586 -0.613008 0.0347865 0
0 9693 phononL 0.004 -1.10624 1.23937 -0.00928356 0
0 9694 phononL 0.004 1.24969 -0.0582008 -0.00895357 0
0 9695 phononL 0.004 0.455286 0.326295 0.0251692 0
0 9696 phononL 0.004 -0.0609691 1.19317 0.0301279 0
0 9697 phononL 0.004 1.1603 -0.659512 0.0118593 0
0 9698 phononL 0.004 0.717996 0.145491 0.0248131 0
0 9699 phononL 0.004 -0.707383 -0.426168 0.03119 0
0 9700 phononL 0.004 0.42087 -0.786696 -0.0130022 0
0 9701 phononL 0.004 -0.741312 0.0995315 -0.0208387 0
0 9702 phononL 0.004 -1.35471 -0.0376643 -0.000352036 0
0 9703 phononL 0.004 -1.21435 0.377417 -0.0359448 0
0 9704 phononL 0.004 -0.663904 0.719231 -0.00461204 0
0 9705 phononL 0.004 -0.32807 0.54229 0.0170111 0
0 9706 phononL 0.004 -0.367469 -0.436661 -0.0218197 0
0 9707 phononL 0.004 -0.251997 -0.946069 0.0368271 0
0 9708 phononL 0.004 0.185303 -0.140594 0.0323863 0
0 9709 phononL 0.004 -0.121385 1.12285 -0.0204324 0
0 9710 phononL 0.004 -0.576913 -0.383684 0.0307096 0
0 9711 phononL 0.004 0.631782 0.61489 -0.0217543 0
0 9712 phononL 0.004 0.563988 -0.629417 -0.0386339 0
0 9713 phononL 0.004 1.17475 -1.43856 0.0291142 0
0 9714 phononL 0.004 -1.27576 0.535047 -0.0251043 0
0 9715 phononL 0.004 1.27174 -0.207998 -0.0200736 0
0 9716 phononL 0.004 -0.79277 0.678333 -0.0281391 0
0 9717 phononL 0.004 -0.233006 -1.07586 0.0333649 0
0 9718 phononL 0.004 1.47672 1.38624 0.00284636 0
0 9719 phononL 0.004 -1.09886 -0.984645 0.00984214 0
0 9720 phononL 0.004 -0.701316 -0.646712 0.0312161 0
0 9721 phononL 0.004 -0.758169 0.224925 -0.010909 0
0 9722 phononL 0.004 0.250133 0.481431 0.0279339 0
0 9723 phononL 0.004 -0.925264 0.700499 0.00793365 0
0 9724 phononL 0.004 0.824257 1.06623 0.0187166 0
0 9725 phononL 0.004 -0.305446 1.44834 0.00545212 0
0 9726 phononL 0.004 -0.949304 1.20656 -0.0316355 0
0 9727 phononL 0.004 -0.792576 1.23014 -0.0179976 0
0 9728 phononL 0.004 -0.433453 0.877468 -0.020642 0
0 9729 phononL 0.004 -1.50492 -0.137824 0.00564346 0
0 9730 phononL 0.004 -0.0291133 -1.17346 0.0251353 0
0 9731 phononL 0.004 -0.363585 -1.15056 0.0168872 0
0 9732 phononL 0.004 1.22713 0.42352 0.00576161 0
0 9733 phononL 0.004 0.0229408 -0.611944 0.0192301 0
0 9734 phononL 0.004 1.19114 -0.302478 -0.0237817 0
0 9735 phononL 0.004 0.689922 -1.14281 0.0313773 0
0 9736 phononL 0.004 0.50794 0.756524 0.00601835 0
0 9737 phononL 0.004 0.803384 0.323184 -0.0397047 0
0 9738 phononL 0.004 1.26914 -0.986551 0.0277497 0
0 9739 phononL 0.004 1.10417 -0.702264 -0.0276752 0
0 9740 phononL 0.004 1.49722 1.4781 -0.0136274 0
0 9741 phononL 0.004 0.602708 -0.360147 -0.00351183 0
0 9742 phononL 0.004 -0.29343 -0.714217 0.0338825 0
0 9743 phononL 0.004 -0.0839262 1.47124 0.00683567 0
0 9744 phononL 0.004 0.35817 -0.923469 -0.0144024 0
0 9745 phononL 0.004 -0.894918 -0.695206 0.0296381 0
0 9746 phononL 0.004 -1.38832 0.87312 -0.0166554 0
0 9747 phononL 0.004 0.882454 -0.749419 0.0118763 0
0 9748 phononL 0.004 -0.0256324 0.615503 -0.00559743 0
0 9749 phononL 0.004 0.0201268 1.00929 0.0306576 0
0 9750 phononL 0.004 -0.00069634 0.816369 -0.0193 0
0 9751 phononL 0.004 1.43185 -0.0379968 -0.017231 0
0 9752 phononL 0.004 0.994714 1.04984 -0.0100033 0
0 9753 phononL 0.004 0.392741 1.18567 0.0169833 0
0 9754 phononL 0.004 1.2631 -0.95463 -0.0258058 0
0 9755 phononL 0.004 -0.27939 -1.27692 0.0148827 0
0 9756 phononL 0.004 -0.630468 -0.627961 -0.0233146 0
0 9757 phononL 0.004 0.77975 0.876642 0.0253659 0
0 9758 phononL 0.004 -1.09574 -0.028809 -0.0218786 0
0 9759 phononL 0.004 -0.479135 -1.0058 -0.0383738 0
0 9760 phononL 0.004 0.45105 0.137067 0.0324595 0
0 9761 phononL 0.004 0.667954 0.614194 -0.017867 0
0 9762 phononL 0.004 -0.776246 -0.513417 -0.0360844 0
0 9763 phononL 0.004 0.77324 -0.0408978 -0.0207705 0
0 9764 phononL 0.004 1.4576 0.437026 -0.0233099 0
0 9765 phononL 0.004 -0.581182 -1.31523 0.022547 0
0 9766 phononL 0.004 0.644857 0.198468 0.0270682 0
0 9767 phononL 0.004 -0.963333 -0.320228 -0.000649803 0
0 9768 phononL 0.004 -0.820336 -0.840527 0.00916663 0
0 9769 phononL 0.004 0.0392927 -0.184275 0.027102 0
0 9770 phononL 0.004 0.950037 -0.40704 0.013936 0
0 9771 phononL 0.004 -0.139991 -1.40349 -0.00770723 0
0 9772 phononL 0.004 1.00743 0.169369 -0.0339298 0
0 9773 phononL 0.004 -1.17435 -0.174861 0.0170516 0
0 9774 phononL 0.004 1.37843 -0.513872 -0.0153317 0
0 9775 phononL 0.004 -1.45788 1.01892 0.0283061 0
0 9776 phononL 0.004 1.22545 0.255539 -0.0177539 0
0 9777 phononL 0.004 0.670052 -1.50031 -0.000798929 0
0 9778 phononL 0.004 0.488783 -0.249216 -0.0301568 0
0 9779 phononL 0.004 1.20453 1.48843 0.0132525 0
0 9780 phononL 0.004 1.02764 0.760128 0.00076478 0
0 9781 phononL 0.004 -0.420672 0.0255408 -0.0261596 0
0 9782 phononL 0.004 -0.182909 0.46211 -0.0265223 0
0 9783 phononL 0.004 -0.793662 -1.06809 0.00454741 0
0 9784 phononL 0.004 -0.797221 1.42786 0.0206963 0
0 9785 phononL 0.004 -0.962437 0.855525 -0.0297519 0
0 9786 phononL 0.004 -0.581334 0.466741 0.0139144 0
0 9787 phononL 0.004 -0.542292 -0.0687908 -0.0142189 0
0 9788 phononL 0.004 1.26962 -0.0582526 -0.0229747 0
0 9789 phononL 0.004 0.911325 -0.68898 -0.033828 0
0 9790 phononL 0.004 0.14956 -1.10122 0.00438403 0
0 9791 phononL 0.004 -0.467834 1.22713 0.0268302 0
0 9792 phononL 0.004 -0.108552 0.879826 -0.0370657 0
0 9793 phononL 0.004 1.22083 -0.243545 0.00216234 0
0 9794 phononL 0.004 -0.0282603 -0.873149 -0.0249999 0
0 9795 phononL 0.004 1.11959 -0.12094 -0.0314757 0
0 9796 phononL 0.004 -0.565807 -0.886335 0.0227745 0
0 9797 phononL 0.004 -0.0889212 0.839569 -0.0128828 0
0 9798 phononL 0.004 -0.247345 -1.00063 -0.0205337 0
0 9799 phononL 0.004 1.32294 -1.20026 -0.0199363 0
0 9800 phononL 0.004 1.39478 -0.251304 -0.0218442 0
0 9801 phononL 0.004 -0.86057 -0.310029 -0.0285072 0
0 9802 phononL 0.004 1.40231 -1.38651 -0.012565 0
0 9803 phononL 0.004 -1.05536 -0.0154608 0.0385597 0
0 9804 phononL 0.004 1.3268 0.217176 -0.0174895 0
0 9805 phononL 0.004 0.810316 0.777413 0.0325417 0
0 9806 phononL 0.004 -1.27166 -1.32708 0.0340879 0
0 9807 phononL 0.004 -0.852784 -0.911376 0.0387549 0
0 9808 phononL 0.004 -0.169625 -0.231276 0.0343093 0
0 9809 phononL 0.004 1.18841 -1.13755 -0.0247772 0
0 9810 phononL 0.004 0.945745 1.48864 0.0326278 0
0 9811 phononL 0.004 -1.41243 1.02965 -0.00333977 0
0 9812 phononL 0.004 0.152435 -1.44951 -0.0358749 0
0 9813 phononL 0.004 -0.00604201 -0.366301 -0.0232675 0
0 9814 phononL 0.004 1.07916 -0.304332 -0.00941808 0
0 9815 phononL 0.004 -0.000517932 -1.32058 0.00457029 0
0 9816 phononL 0.004 -1.20931 0.844934 0.00649028 0
0 9817 phononL 0.004 0.154198 -1.31679 0.0054562 0
0 9818 phononL 0.004 0.649454 -0.907085 -0.0332465 0
0 9819 phononL 0.004 1.1903 0.019348 -0.014969 0
0 9820 phononL 0.004 -0.279195 -1.32926 -0.0236824 0
0 9821 phononL 0.004 1.09734 -0.126956 -0.011523 0
0 9822 phononL 0.004 0.947857 1.17585 0.00517047 0
0 9823 phononL 0.004 -0.473872 -0.113624 0.0356856 0
0 9824 phononL 0.004 0.4139 0.912815 0.00972338 0
0 9825 phononL 0.004 -1.00321 0.325668 0.00358997 0
0 9826 phononL 0.004 0.858574 1.30452 0.00149855 0
0 9827 phononL 0.004 -0.56944 -1.00685 -0.0224564 0
0 9828 phononL 0.004 1.37438 -1.35676 0.0356096 0
0 9829 phononL 0.004 -0.0825899 0.146234 -0.0298251 0
0 9830 phononL 0.004 -0.975138 0.0473364 -0.00139043 0
0 9831 phononL 0.004 0.323841 1.47157 -0.00311883 0
0 9832 phononL 0.004 -0.55545 1.35925 -0.0218283 0
0 9833 phononL 0.004 -0.329986 -0.826715 0.0327551 0
0 9834 phononL 0.004 1.10269 0.345017 0.0116158 0
0 9835 phononL 0.004 0.414275 1.47423 -0.00489458 0
0 9836 phononL 0.004 -0.389571 0.843822 0.0137648 0
0 9837 phononL 0.004 -0.660958 1.3098 -0.0311462 0
0 9838 phononL 0.004 -0.205916 1.34985 0.0229054 0
0 9839 phononL 0.004 -0.892995 0.672322 0.00684741 0
0 9840 phononL 0.004 1.37555 -0.176322 0.012669 0
0 9841 phononL 0.004 1.36077 0.764673 -0.0266811 0
0 9842 phononL 0.004 1.39699 1.23395 0.024683 0
0 9843 phononL 0.004 0.721132 -1.31726 -0.0387467 0
0 9844 phononL 0.004 -0.753912 0.493961 0.0379947 0
0 9845 phononL 0.004 -1.38141 0.931655 0.0184855 0
0 9846 phononL 0.004 -0.551644 -1.26541 -0.0258718 0
0 9847 phononL 0.004 1.3495 1.45414 0.0382755 0
0 9848 phononL 0.004 -1.03323 1.49126 -0.0299246 0
0 9849 phononL 0.004 -0.936704 0.138969 0.0334594 0
0 9850 phononL 0.004 1.35109 0.428155 0.0300164 0
0 9851 phononL 0.004 -1.49858 0.213728 0.00564175 0
0 9852 phononL 0.004 0.522808 -1.46287 0.037044 0
0 9853 phononL 0.004 -0.0534343 0.856723 -0.0244288 0
0 9854 phononL 0.004 0.187508 0.921122 0.00897019 0
0 9855 phononL 0.004 1.39711 -1.0666 0.039642 0
0 9856 phononL 0.004 -0.42806 0.738272 0.000898842 0
0 9857 phononL 0.004 -0.699616 1.25005 -0.0103239 0
0 9858 phononL 0.004 1.32683 1.48801 0.0258584 0
0 9859 phononL 0.004 0.972261 1.50364 0.019123 0
0 9860 phononL 0.004 -0.636429 -0.103461 -0.0269327 0
0 9861 phononL 0.004 0.120451 1.43937 0.0382094 0
0 9862 phononL 0.004 1.09646 -0.646919 -0.0343263 0
0 9863 phononL 0.004 -0.127652 0.983086 0.0356329 0
0 9864 phononL 0.004 -0.9892 0.537233 -0.00340283 0
0 9865 phononL 0.004 -0.659884 -0.780021 -0.0336489 0
0 9866 phononL 0.004 0.489026 0.178369 -0.0310061 0
0 9867 phononL 0.004 0.965532 0.257964 -0.028038 0
0 9868 phononL 0.004 1.04086 0.480165 0.0221199 0
0 9869 phononL 0.004 0.308818 -0.699122 0.0183104 0
0 9870 phononL 0.004 -0.426112 0.408994 0.0112064 0
0 9871 phononL 0.004 0.278575 -0.485623 0.0182167 0
0 9872 phononL 0.004 -0.905833 1.23136 0.0296069 0
0 9873 phononL 0.004 0.2592 -1.11628 -0.0144827 0
0 9874 phononL 0.004 0.940337 -0.0526728 -0.00985481 0
0 9875 phononL 0.004 -0.320748 -0.888244 -0.0198997 0
0 9876 phononL 0.004 -1.05258 1.16143 -0.000327052 0
0 9877 phononL 0.004 0.287697 -0.7839 0.00954163 0
0 9878 phononL 0.004 -0.686592 1.49895 -0.0356104 0
0 9879 phononL 0.004 1.01113 1.16153 0.0214364 0
0 9880 phononL 0.004 0.0663636 -1.13877 0.00783029 0
0 9881 phononL 0.004 0.745462 -0.368723 0.0073366 0
0 9882 phononL 0.004 0.370289 0.441244 -0.013022 0
0 9883 phononL 0.004 -0.494092 -0.897475 0.0225106 0
0 9884 phononL 0.004 -1.27275 -0.533775 0.0289848 0
0 9885 phononL 0.004 -1.43172 -1.38742 0.0204376 0
0 9886 phononL 0.004 -1.19213 0.418217 -0.0350615 0
0 9887 phononL 0.004 -1.47958 0.222487 -0.0397215 0
0 9888 phononL 0.004 -1.36346 1.38777 -0.00485426 0
0 9889 phononL 0.004 0.373637 -0.593712 -0.0198217 0
0 9890 phononL 0.004 0.00789096 -0.604548 -0.0258895 0
0 9891 phononL 0.004 1.3106 1.0121 -0.0249176 0
0 9892 phononL 0.004 0.536636 -0.911854 0.0289863 0
0 9893 phononL 0.004 0.431195 -0.604574 0.0284977 0
0 9894 phononL 0.004 -0.335329 0.994803 0.0251082 0
0 9895 phononL 0.004 0.248882 1.31894 0.00569977 0
0 9896 phononL 0.004 0.759339 -0.0910411 -0.0237288 0
0 9897 phononL 0.004 -0.025582 0.648584 -0.020387 0
0 9898 phononL 0.004 -1.13382 -0.941752 -0.0214158 0
0 9899 phononL 0.004 -1.3524 -0.65054 0.0315796 0
0 9900 phononL 0.004 1.11863 -1.26737 0.0308098 0
0 9901 phononL 0.004 -0.743454 0.605118 0.0264437 0
0 9902 phononL 0.004 -0.65125 -1.31949 0.0261779 0
0 9903 phononL 0.004 -0.019714 0.338426 -0.00374209 0
0 9904 phononL 0.004 0.837669 -0.392591 0.0147975 0
0 9905 phononL 0.004 0.721818 -1.26589 -0.0230662 0
0 9906 phononL 0.004 -1.35027 0.56103 0.0305338 0
0 9907 phononL 0.004 1.12431 0.983686 -0.0223486 0
0 9908 phononL 0.004 -0.691501 -0.331343 0.0185185 0
0 9909 phononL 0.004 0.417533 -0.230187 0.0136806 0
0 9910 phononL 0.004 -0.330769 -0.492521 0.00511273 0
0 9911 phononL 0.004 -1.29168 -0.838472 0.0168252 0
0 9912 phononL 0.004 -0.886091 0.498462 0.0362729 0
0 9913 phononL 0.004 0.852994 -0.0465224 -0.0301493 0
0 9914 phononL 0.004 -0.893755 -1.32221 -0.0206725 0
0 9915 phononL 0.004 -0.625953 -1.43358 -0.00446582 0
0 9916 phononL 0.004 -0.891861 0.407164 0.0141846 0
0 9917 phononL 0.004 0.777553 -0.86978 0.00395138 0
0 9918 phononL 0.004 -0.708753 0.744376 -0.0221918 0
0 9919 phononL 0.004 0.587518 1.42049 0.0174182 0
0 9920 phononL 0.004 -1.2691 -0.204243 -0.0159377 0
0 9921 phononL 0.004 1.18866 -0.814822 0.0265067 0
0 9922 phononL 0.004 1.48256 0.0178839 -0.0062175 0
0 9923 phononL 0.004 0.321412 -0.15306 -0.0060853 0
0 9924 phononL 0.004 -0.847554 0.999796 -0.0358222 0
0 9925 phononL 0.004 -0.925599 -0.022733 -0.0110159 0
0 9926 phononL 0.004 -1.47293 -0.175681 0.00742012 0
0 9927 phononL 0.004 -0.698252 -0.357199 0.0314945 0
0 9928 phononL 0.004 0.0618483 1.3996 -0.00548437 0
0 9929 phononL 0.004 1.1552 0.391646 0.0137409 0
0 9930 phononL 0.004 -0.27668 -0.9992 0.00763657 0
0 9931 phononL 0.004 0.360543 1.46138 0.0291381 0
0 9932 phononL 0.004 0.234094 -1.03847 0.0113206 0
0 9933 phononL 0.004 -0.869429 0.550104 0.0347927 0
0 9934 phononL 0.004 -0.737621 -1.4 0.0316909 0
0 9935 phononL 0.004 0.0349988 1.4261 -0.016681 0
0 9936 phononL 0.004 0.664661 0.0964044 -0.00857799 0
0 9937 phononL 0.004 1.30169 -1.07583 -0.0383079 0
0 9938 phononL 0.004 0.869899 -1.3068 -0.0285716 0
0 9939 phononL 0.004 -0.183671 -0.460072 -0.0138973 0
0 9940 phononL 0.004 0.684505 0.953192 -0.000203018 0
0 9941 phononL 0.004 0.93294 0.256522 0.014763 0
0 9942 phononL 0.004 -0.87051 -1.23661 0.0293853 0
0 9943 phononL 0.004 -1.32447 0.81262 0.0158234 0
0 9944 phononL 0.004 -1.10037 -0.901339 -0.0142486 0
0 9945 phononL 0.004 -0.766875 -0.117531 0.0132969 0
0 9946 phononL 0.004 -0.636103 0.155211 -0.0363179 0
0 9947 phononL 0.004 -0.629348 -0.768582 -0.0213006 0
0 9948 phononL 0.004 0.458712 -0.215247 -0.0288366 0
0 9949 phononL 0.004 0.472037 1.03843 -0.0132429 0
0 9950 phononL 0.004 -0.480948 -1.06407 -0.00392112 0
0 9951 phononL 0.004 1.18247 0.866655 0.03182 0
0 9952 phononL 0.004 -0.432246 -0.775393 -0.0326078 0
0 9953 phononL 0.004 -1.00818 0.961643 -0.0289097 0
0 9954 phononL 0.004 0.303723 -1.37818 0.019947 0
0 9955 phononL 0.004 0.591301 0.0824092 -0.0187618 0
0 9956 phononL 0.004 -0.417479 -0.469788 0.0183935 0
0 9957 phononL 0.004 -1.34989 -0.691039 -0.0363718 0
0 9958 phononL 0.004 -0.777954 1.50112 0.037223 0
0 9959 phononL 0.004 1.2317 -1.15013 -0.025504 0
0 9960 phononL 0.004 -1.28709 0.894921 -0.026656 0
0 9961 phononL 0.004 0.527804 0.675245 0.0132892 0
0 9962 phononL 0.004 0.112331 1.47588 0.0220016 0
0 9963 phononL 0.004 -0.178436 0.463046 -0.0191561 0
0 9964 phononL 0.004 -0.470466 1.26651 -0.0090762 0
0 9965 phononL 0.004 1.47969 -0.804848 0.0343618 0
0 9966 phononL 0.004 1.3828 -1.28868 -0.0272163 0
0 9967 phononL 0.004 -0.9464 0.30196 0.00779988 0
0 9968 phononL 0.004 0.598533 -0.707235 0.0213579 0
0 9969 phononL 0.004 -0.446561 -0.83892 0.007861 0
0 9970 phononL 0.004 0.0618282 -0.814786 0.00833472 0
0 9971 phononL 0.004 -1.44794 -0.424324 0.034261 0
0 9972 phononL 0.004 -1.03817 0.256281 0.00871099 0
0 9973 phononL 0.004 -1.35385 1.12079 -0.0314265 0
0 9974 phononL 0.004 1.09766 0.585884 0.0365157 0
0 9975 phononL 0.004 0.925592 0.123657 0.0135984 0
0 9976 phononL 0.004 1.18849 -1.09289 0.0296988 0
0 9977 phononL 0.004 0.242794 0.705694 0.0240516 0
0 9978 phononL 0.004 0.303733 -0.278772 0.00546247 0
0 9979 phononL 0.004 1.07382 1.35627 -0.0184354 0
0 9980 phononL 0.004 -1.07901 1.08662 0.024935 0
0 9981 phononL 0.004 -0.498455 0.634772 -0.0152873 0
0 9982 phononL 0.004 -1.4482 0.972967 -0.0125811 0
0 9983 phononL 0.004 0.5873 0.459549 -0.0221462 0
0 9984 phononL 0.004 -0.486442 -0.851494 0.0177549 0
0 9985 phononL 0.004 -1.06122 0.998448 -0.00779708 0
0 9986 phononL 0.004 -1.17428 -1.42238 -0.0310223 0
0 9987 phononL 0.004 -1.18563 0.374445 0.00603608 0
0 9988 phononL 0.004 0.875495 0.476015 -0.0394559 0
0 9989 phononL 0.004 1.14755 -1.23278 0.037289 0
0 9990 phononL 0.004 -1.13338 1.1805 -0.0328515 0
0 9991 phononL 0.004 -1.07657 -1.23868 0.00689461 0
0 9992 phononL 0.004 -1.4987 -0.139586 0.0271907 0
0 9993 phononL 0.004 -1.29161 -0.225435 -0.0354674 0
0 9994 phononL 0.004 -1.02039 0.137652 0.00391493 0
0 9995 phononL 0.004 -1.09894 0.674867 -0.00414127 0
0 9996 phononL 0.004 1.08889 -0.166247 0.0045774 0
0 9997 phononL 0.004 0.460829 0.575698 0.0318897 0
0 9998 phononL 0.004 0.456156 1.39199 0.0327811 0
0 9999 phononL 0.004 0.604973 1.39322 0.00246003 0
