Run ID,Event ID,Track ID,Particle Name,Start Energy [eV],Start X [mm],Start Y [mm],Start Z [mm],Start Time [ns],Energy Deposited [eV],Track Weight,End X [mm],End Y [mm],End Z [mm],Final Time [ns],Volume Name
0 2 2 phononL 0.00217623 -0.0157591 3.95508 0.0337362 15683.1 0.00069486 1 0.0694166 -0.12289 0.05 146839
0 6 2 phononL 0.000849763 -2.18363 0.0511184 0.049998 160.621 0.00034743 1 0.046374 -0.248678 0.05 639529
0 9 2 phononTF 0.0020768 0.277769 1.59506 -0.0101901 5884.85 0.00069486 1 -0.0341057 -0.103757 0.05 27485.3
0 14 4 phononTS 0.00122833 4.57261 1.81261 0.0474065 78409.3 0.00034743 1 -0.11228 -0.161409 0.05 304057
0 16 6 phononL 0.000443736 -3.54341 0.0808586 0.049999 4718.83 0.00034743 1 -0.0323038 -0.23706 0.05 78431.9
0 23 2 phononTS 0.00222141 -2.29 0.195033 -0.0455541 16.5209 0.00069486 1 0.0674627 -0.250032 0.05 133446
0 23 10 phononTS 0.000432015 0.0674627 -0.250032 0.049998 133446 0.00034743 1 0.0350448 -0.233714 0.05 133522
0 23 8 phononTS 0.000392339 0.0674627 -0.250032 0.049998 133446 0.00034743 1 -0.0724783 -0.15945 0.05 134218
0 24 5 phononTF 0.00179593 1.24908 4.60875 0.013237 56081.5 0.00034743 1 -0.0772456 -0.206207 0.05 167694
0 24 6 phononTF 0.00105814 -0.0772456 -0.206207 0.049999 167694 0.00034743 1 -0.079713 -0.251218 0.05 167764
0 27 2 phononTF 0.000763198 -2.46202 0.104243 0.049999 193.144 0.00069486 1 0.0380274 -0.201924 0.05 86891.8
0 45 3 phononTS 0.00232864 -1.74845 0.760231 0.0410362 940.746 0.00138972 1 0.10201 -0.160296 0.05 24632.5
0 51 4 phononL 0.00193732 1.34854 -0.507965 0.0146019 22720.6 0.00069486 1 -0.0480831 -0.254608 0.05 80696.2
0 52 2 phononTF 0.000754491 -2.16067 0.0260005 0.049998 453.379 0.00034743 1 0.0787265 -0.144813 0.05 4102.01
0 53 10 phononTS 0.000948029 0.367769 -0.517118 -0.0311638 5448.83 0.00069486 1 0.0658921 -0.209824 0.05 51475.4
0 56 6 phononTS 0.000831646 -0.445097 -0.328455 -0.0447059 26955.1 0.00034743 1 0.0595194 -0.257895 0.05 134057
0 58 7 phononTS 0.00107862 0.00057933 4.49085 -0.00981521 211685 0.00069486 1 0.0230889 -0.267566 0.05 438649
0 61 5 phononTS 0.00149477 3.34615 -0.731377 0.0493918 67042.3 0.00069486 1 0.0732248 -0.241417 0.05 245874
0 61 2 phononTS 0.00179705 -2.8612 2.29067 -0.0472771 11512.1 0.00034743 1 0.084112 -0.254447 0.05 82433
0 61 23 phononL 0.000980551 -0.145079 3.10081 0.0168763 260644 0.00034743 1 0.0661867 -0.261157 0.05 325243
0 65 3 phononL 0.000866052 -2.29543 0.0800429 0.049999 342.73 0.00034743 1 0.105608 -0.171003 0.05 10570.3
0 74 3 phononTF 0.00252449 -1.39151 0.203689 0.0318103 5008.25 0.00034743 1 0.0725206 -0.131538 0.05 12459.8
0 74 5 phononTS 0.0018585 0.0725206 -0.131538 0.049999 12459.8 0.00034743 1 -0.0925286 -0.227205 0.05 12598
0 79 2 phononTF 0.00179874 -2.15437 0.948773 0.003051 3199.22 0.00034743 1 -0.0255753 -0.194176 0.05 15532.4
0 82 5 phononTF 0.000877261 4.64615 -4.04745 0.0356477 115897 0.00034743 1 0.0601915 -0.204507 0.05 274990
0 96 6 phononTF 0.00132603 0.580138 -0.881895 -0.0285648 7792.41 0.00034743 1 0.0369552 -0.292897 0.05 101308
0 104 2 phononTS 0.000764974 -2.17547 0.103762 0.049999 88.4401 0.00034743 1 0.0668012 -0.176966 0.05 94572.6
0 105 4 phononL 0.000722958 -2.38734 0.0271535 0.049999 122.337 0.00034743 1 0.0863604 -0.22092 0.05 63827
0 106 3 phononTS 0.000770541 -2.73982 0.0549512 0.049999 270.621 0.00034743 1 -0.0231396 -0.208054 0.05 287410
0 116 3 phononL 0.00228475 -2.66041 1.34603 0.0437225 7755.97 0.00069486 1 -0.0568965 -0.204946 0.05 69229.4
0 116 8 phononTF 0.000805918 -0.0568965 -0.204946 0.049999 69229.4 0.00034743 1 -0.0359881 -0.20835 0.05 69295.4
0 117 5 phononTF 0.00145353 -2.28638 1.67599 0.0366125 12372.5 0.00034743 1 -0.0957437 -0.212096 0.05 173204
0 117 7 phononL 0.000688869 -0.0957437 -0.212096 0.049999 173204 0.00034743 1 -0.0850479 -0.146688 0.05 173311
0 121 3 phononL 0.000632681 -2.07031 0.0531331 0.049999 357.097 0.00034743 1 0.015617 -0.235942 0.05 105732
0 123 2 phononTF 0.00124452 -2.63606 0.146783 0.00928079 188.234 0.00034743 1 0.0830595 -0.25569 0.05 155327
0 124 1 phononTS 0.004 -2.25 0.25 0 0 0.00034743 1 -0.0475113 -0.251688 0.05 11804.1
0 124 10 phononTS 0.00119211 -2.36856 -1.86399 0.036501 17343.2 0.00069486 1 -0.0440305 -0.121619 0.05 124630
0 128 4 phononTS 0.00172393 -2.57757 0.6246 0.0268577 7128.33 0.00069486 1 0.0086838 -0.203126 0.05 74780.1
0 128 7 phononTF 0.000540882 0.0086838 -0.203126 0.049999 74780.1 0.00034743 1 -0.0774655 -0.173171 0.05 74957.3
0 130 3 phononTS 0.00149118 -1.00817 -0.130427 -0.01373 12757.3 0.00034743 1 -0.025518 -0.193503 0.05 13097.1
0 133 5 phononTS 0.000630306 -2.58598 0.00304613 0.049999 622.238 0.00034743 1 -0.036647 -0.234579 0.05 252486
0 139 5 phononTF 0.00125031 3.64693 3.82382 -0.0440238 237448 0.00034743 1 0.0470517 -0.297474 0.05 638398
0 144 2 phononTF 0.000854346 -2.04518 0.0527441 0.049999 551.292 0.00034743 1 0.0844965 -0.236082 0.05 89972.3
0 149 5 phononTF 0.00146422 1.88885 0.934042 -0.0442159 228358 0.00034743 1 0.0348797 -0.224048 0.05 591439
0 157 3 phononTS 0.000505576 -2.26774 0.0239912 0.049999 131.31 0.00034743 1 -0.0705858 -0.266326 0.05 63681.2
0 167 3 phononTS 0.002268 -2.41512 1.46794 0.0463791 4602.37 0.00069486 1 0.036806 -0.138594 0.05 170570
0 167 13 phononL 0.00130961 2.25344 -1.79691 0.0139312 147187 0.00034743 1 -0.0774132 -0.224093 0.05 173600
0 168 3 phononTF 0.00187839 -1.46849 1.26035 0.0464343 2209.74 0.00034743 1 -0.044595 -0.222534 0.05 351686
0 170 5 phononL 0.00135287 1.24097 1.03019 0.0324443 82835.5 0.00034743 1 0.0433178 -0.162144 0.05 190348
0 170 7 phononTS 0.000860715 0.0433178 -0.162144 0.049999 190348 0.00034743 1 -0.0379532 -0.201559 0.05 319548
0 188 4 phononTF 0.000799151 -2.41723 0.012895 0.049999 4284.84 0.00034743 1 0.0772828 -0.273996 0.05 10498.1
0 192 4 phononTF 0.00192435 -1.84134 -2.64511 -0.00342875 8266.33 0.00069486 1 -0.0699914 -0.202317 0.05 26275.8
0 192 8 phononTS 0.000539187 -0.0699914 -0.202317 0.049999 26275.8 0.00034743 1 -0.0822943 -0.216518 0.05 26331.8
0 204 5 phononTS 0.00157579 -3.56101 0.666164 0.00141874 24761.5 0.00034743 1 0.0228048 -0.257636 0.05 87433.6
0 206 2 phononTS 0.00270637 -2.7698 0.83965 0.0446258 2332.16 0.00069486 1 -0.0859897 -0.198099 0.05 36717.3
0 209 3 phononTF 0.00152335 -2.24663 0.288054 0.0274346 20.3634 0.00034743 1 -0.114569 -0.180548 0.05 278921
0 217 4 phononTS 0.000868398 -2.64531 0.0193254 0.049999 3014.89 0.00069486 1 0.0254017 -0.23165 0.05 129308
0 218 2 phononTS 0.00173324 -0.65373 1.05338 0.0470597 3689.46 0.00034743 1 -0.0815028 -0.155264 0.05 6589.91
0 218 8 phononTF 0.000418485 -0.0815028 -0.155264 0.049999 6589.91 0.00034743 1 0.112135 -0.174311 0.05 41566.8
0 218 6 phononTF 0.000808181 -0.0815028 -0.155264 0.049999 6589.91 0.00034743 1 0.0989277 -0.204639 0.05 10647.4
0 221 2 phononTS 0.000854873 -1.86836 0.37036 0.0342025 4569.19 0.00034743 1 0.0903076 -0.154188 0.05 453106
0 221 6 phononTF 0.000394772 0.0903076 -0.154188 0.049999 453106 0.00034743 1 0.0663927 -0.111714 0.05 453192
0 222 5 phononL 0.000699879 -2.26718 0.0684993 0.049999 307.201 0.00034743 1 0.095675 -0.244146 0.05 123074
0 226 5 phononTF 0.00211844 0.934046 -0.690718 -0.0129139 24657.9 0.00034743 1 -0.0952262 -0.198569 0.05 194484
0 226 6 phononTS 0.00125554 -0.0952262 -0.198569 0.049999 194484 0.00034743 1 -0.0918834 -0.265028 0.05 371247
0 226 18 phononTF 0.000725518 -3.83648 1.88059 -0.0473576 263111 0.00034743 1 -0.111847 -0.203159 0.05 686544
0 228 6 phononTF 0.000578613 -2.21573 0.0566159 0.049999 525.596 0.00034743 1 0.0837883 -0.166117 0.05 647509
0 232 4 phononTS 0.000836762 -2.56198 0.0903868 0.049999 246.884 0.00034743 1 -0.049088 -0.15481 0.05 410816
0 241 4 phononL 0.00130366 -2.29921 -2.81118 0.0202377 36376.8 0.00034743 1 0.0477119 -0.196104 0.05 41318.3
0 243 7 phononTF 0.000935396 -1.14848 -4.21982 0.0201637 35285.3 0.00069486 1 0.102394 -0.244493 0.05 147199
0 246 2 phononL 0.00140488 -1.9571 -0.585339 0.0255221 5042.13 0.00034743 1 -0.0651911 -0.153792 0.05 150754
0 249 2 phononTS 0.00201079 -1.64639 0.67531 0.0351378 3890.29 0.00034743 1 0.0394676 -0.177803 0.05 27551.7
0 249 6 phononTS 0.00112002 0.0394676 -0.177803 0.049999 27551.7 0.00034743 1 0.0407108 -0.228711 0.05 27751.3
0 254 2 phononTS 0.000866825 -2.22286 0.0968179 0.049999 840.103 0.00034743 1 -0.0908814 -0.258422 0.05 300712
0 257 5 phononTF 0.000772529 0.160857 -1.82294 -0.0298641 44041.8 0.00034743 1 0.0240967 -0.176318 0.05 88872.5
0 257 12 phononTF 0.000713033 -3.56454 0.597222 0.0495363 85117.8 0.00034743 1 0.0202698 -0.222321 0.05 247268
0 257 15 phononTS 0.000361811 0.0202698 -0.222321 0.049999 247268 0.00034743 1 0.0944382 -0.130896 0.05 512266
0 258 3 phononTS 0.000470182 -2.1796 0.00278674 0.049999 446.986 0.00034743 1 -0.0558117 -0.185222 0.05 139250
0 259 3 phononL 0.00232964 -1.65084 0.852583 -0.00418201 1392.02 0.00034743 1 0.0688279 -0.128544 0.05 9718.5
0 259 5 phononL 0.00137157 0.0688279 -0.128544 0.049999 9718.5 0.00034743 1 0.0770353 -0.119018 0.05 61038
0 260 2 phononTF 0.00182066 -1.45354 2.4659 0.0485489 3169.17 0.00069486 1 0.0270872 -0.105508 0.05 150901
0 261 4 phononTS 0.000767063 -1.93315 0.0693086 0.049998 1190.35 0.00034743 1 -0.0854255 -0.252206 0.05 2099.91
0 266 2 phononTS 0.00195464 -1.92598 -0.161613 -0.0177242 1338.14 0.00034743 1 0.0947205 -0.253685 0.05 179508
0 270 5 phononL 0.00128755 -2.6559 -2.33582 0.0202549 43115.2 0.00034743 1 0.032543 -0.192391 0.05 936446
0 284 7 phononTS 0.00109224 3.64107 0.859785 0.0240254 298094 0.00034743 1 0.080645 -0.235478 0.05 309133
0 285 5 phononTF 0.000669476 2.9889 -4.00807 -0.0070042 209401 0.00034743 1 -0.0912091 -0.167822 0.05 424735
0 285 12 phononTS 0.00201144 -2.38553 -1.6315 -0.0106063 17651.8 0.00034743 1 -0.0799387 -0.239482 0.05 38666.6
0 291 4 phononL 0.00142519 0.150583 -4.65941 0.0156712 40735.1 0.00034743 1 0.0421434 -0.0989569 0.05 412847
0 299 3 phononTF 0.00267251 -3.34124 0.461017 0.00427422 1796.91 0.00069486 1 0.0490019 -0.301412 0.05 26904.1
0 299 8 phononTF 0.00169033 0.0490019 -0.301412 0.049998 26904.1 0.00034743 1 0.0263474 -0.210547 0.05 27037.1
0 299 13 phononTS 0.000362795 0.0263474 -0.210547 0.049999 27037.1 0.00034743 1 -0.0112025 -0.196639 0.05 27169.7
0 310 2 phononTS 0.00165196 -2.12806 0.727756 0.0139013 16760.8 0.00069486 1 -0.0354833 -0.194897 0.05 40463.7
0 316 3 phononL 0.00197239 -2.22571 0.230602 0.0090194 392.226 0.00069486 1 -0.0231146 -0.157114 0.05 37251.1
0 316 2 phononL 0.00202761 -2.22571 0.230602 0.0090194 392.226 0.00069486 1 -0.021704 -0.134719 0.05 6758.62
0 321 5 phononL 0.000581994 -0.110015 1.73515 -0.0170608 132913 0.00034743 1 0.0313479 -0.228929 0.05 137925
0 323 3 phononL 0.00272384 -2.56497 0.177329 0.0466852 1184.76 0.00069486 1 -0.105042 -0.242877 0.05 4688.82
0 323 7 phononL 0.000485231 -0.105042 -0.242877 0.049998 4688.82 0.00034743 1 -0.108771 -0.204341 0.05 4738.04
0 323 6 phononTF 0.000361854 -0.105042 -0.242877 0.049998 4688.82 0.00034743 1 0.0638467 -0.23721 0.05 4764.92
0 326 3 phononTS 0.00087214 -2.23762 0.0229726 0.049999 185.202 0.00034743 1 -0.0745123 -0.25831 0.05 243943
0 329 3 phononTS 0.0013096 -4.17409 1.6827 0.00405203 3411.16 0.00069486 1 0.0777943 -0.278902 0.05 148588
0 331 3 phononL 0.00155558 -2.58232 -0.704199 0.00294923 26214 0.00034743 1 0.050956 -0.199761 0.05 89452
0 331 2 phononTS 0.00244442 -2.58232 -0.704199 0.00294923 26214 0.00034743 1 0.0712887 -0.239903 0.05 102226
0 332 4 phononTS 0.000422718 -2.02282 0.105832 0.049999 386.008 0.00034743 1 0.0613794 -0.115161 0.05 626017
0 335 4 phononTF 0.00110961 3.77449 -4.84773 -4.04568e-05 47778.5 0.00034743 1 0.0719346 -0.229436 0.05 488849
0 346 3 phononL 0.00121354 -2.2327 0.227245 0.0250702 6.95879 0.00034743 1 -0.0247181 -0.245754 0.05 269812
0 346 4 phononTS 0.000371263 -0.0247181 -0.245754 0.049999 269812 0.00034743 1 -0.0370935 -0.231339 0.05 269868
0 353 2 phononTS 0.000371953 -0.424254 0.00991329 0.049999 2468.64 0.00034743 1 -0.0961957 -0.156055 0.05 2734.4
0 355 3 phononTS 0.00257085 -2.17594 0.302564 -0.0490898 19.1538 0.00104229 1 0.0586125 -0.207658 0.05 13132
0 362 3 phononTF 0.00242812 -0.931101 4.31849 0.00941588 24861.7 0.00104229 1 -0.0957351 -0.188632 0.05 79295.8
0 362 10 phononTF 0.000638436 -0.0957351 -0.188632 0.049999 79295.8 0.00034743 1 -0.0920166 -0.198459 0.05 79652.5
0 366 5 phononTS 0.000681809 -2.11208 0.036845 0.049999 345.968 0.00034743 1 -0.0564343 -0.176734 0.05 494191
0 367 5 phononL 0.000987058 0.425684 -2.18721 0.0207145 108021 0.00034743 1 0.0319798 -0.13133 0.05 489901
0 384 2 phononTS 0.00163572 -3.12451 -0.803032 0.0188 4182.92 0.00034743 1 0.11271 -0.232238 0.05 91346.4
0 389 2 phononL 0.000787002 -2.28698 -0.492731 -0.0283487 8828.99 0.00034743 1 0.034272 -0.276016 0.05 653934
0 392 3 phononTS 0.00150169 -1.10886 0.96735 -0.0181005 3643.55 0.00069486 1 0.0255759 -0.188697 0.05 62673.5
0 392 15 phononTS 0.00121573 2.48094 4.66916 0.0490477 173089 0.00034743 1 -0.0297553 -0.254859 0.05 332578
0 395 5 phononL 0.000675404 3.27022 1.0695 0.0399246 92172.3 0.00034743 1 0.0356399 -0.135048 0.05 99888.8
0 398 4 phononTF 0.000752908 -2.01944 0.0257183 0.049999 1771.57 0.00034743 1 0.0273234 -0.271805 0.05 227942
0 405 2 phononTS 0.00180424 -1.54074 -1.61075 0.0436899 10564.5 0.00069486 1 0.041728 -0.178755 0.05 27884.8
0 406 5 phononL 0.00104313 2.83768 -1.85902 0.0206491 44202.6 0.00034743 1 0.094091 -0.209765 0.05 77461.3
0 414 4 phononL 0.00134369 0.572815 2.01206 0.049954 148417 0.00069486 1 -0.0643942 -0.116897 0.05 270688
0 424 3 phononTF 0.00191111 -1.36521 0.240082 0.0209668 874.855 0.00034743 1 -0.0903532 -0.254361 0.05 438156
0 424 8 phononTF 0.000360467 -0.0903532 -0.254361 0.049999 438156 0.00034743 1 -0.0988583 -0.18373 0.05 536439
0 425 3 phononTS 0.0021895 -2.95804 -0.448564 0.0377963 5523.26 0.00034743 1 -0.0151057 -0.174442 0.05 65835.3
0 426 4 phononL 0.000514742 0.680404 1.15271 -0.0221716 159468 0.00034743 1 -0.0724609 -0.201346 0.05 423860
0 426 2 phononTF 0.00215517 -1.89389 0.897852 0.0188476 19184.3 0.00034743 1 0.0983071 -0.23859 0.05 54088.6
0 426 9 phononTF 0.000875754 0.0983071 -0.23859 0.049999 54088.6 0.00034743 1 0.0942285 -0.205734 0.05 54150.1
0 428 5 phononTF 0.00137627 -1.53107 -3.25264 0.00964026 41373.1 0.00034743 1 -0.0753741 -0.120485 0.05 315900
0 428 7 phononTS 0.000533564 -0.0753741 -0.120485 0.049999 315900 0.00034743 1 0.0446497 -0.124702 0.05 316562
0 428 2 phononL 0.000991721 -2.91055 -2.17199 0.0030467 7088.47 0.00034743 1 0.0584244 -0.192731 0.05 274205
0 431 3 phononTS 0.00146173 -3.53212 3.62449 -0.0418656 27103.4 0.00069486 1 0.0685028 -0.271044 0.05 259269
0 435 3 phononTF 0.00171347 -3.97799 2.29228 0.0248145 16240.7 0.00034743 1 -0.0900359 -0.177424 0.05 494653
0 435 11 phononTS 0.00136239 1.88527 -3.33533 -0.0209318 137783 0.00034743 1 0.105547 -0.200469 0.05 241540
0 443 4 phononL 0.000830782 -2.03869 0.0549797 0.049999 431.952 0.00034743 1 -0.0361485 -0.148132 0.05 90670.5
0 451 3 phononTS 0.00207994 -2.25425 -1.46992 0.0148286 9999.57 0.00034743 1 0.06537 -0.191377 0.05 148854
0 451 4 phononTS 0.0012513 0.06537 -0.191377 0.049999 148854 0.00034743 1 0.0591474 -0.20219 0.05 582190
0 454 4 phononTS 0.000839208 -2.17673 0.0993405 0.049999 935.467 0.00034743 1 0.0873183 -0.123992 0.05 12783.3
0 461 4 phononTS 0.000348578 -2.53033 0.0344445 0.049999 937.008 0.00034743 1 -0.0957972 -0.173315 0.05 16624
0 462 4 phononTS 0.00153815 -2.47524 2.33482 0.0122978 90124.3 0.00034743 1 -0.0637758 -0.211152 0.05 353152
0 462 8 phononTS 0.000378934 -0.0637758 -0.211152 0.049999 353152 0.00034743 1 0.0495207 -0.121379 0.05 353244
0 468 5 phononL 0.00163789 -2.23202 0.340844 -0.0370446 93.875 0.00069486 1 -0.0344988 -0.178889 0.05 48461.8
0 473 4 phononTS 0.000906767 -1.33471 -0.508002 0.0458854 34488.5 0.00034743 1 0.0562908 -0.265479 0.05 63168.9
0 473 7 phononTF 0.000358567 0.0562908 -0.265479 0.049999 63168.9 0.00034743 1 0.0227633 -0.245923 0.05 63299.2
0 473 14 phononTF 0.00128847 -3.83954 1.20572 0.0324662 3942.65 0.00034743 1 -0.113588 -0.214754 0.05 10580.3
0 475 3 phononTS 0.000391573 -2.03912 0.0352841 0.049999 2164.55 0.00034743 1 -0.0984849 -0.229816 0.05 344930
0 479 4 phononTS 0.00179017 -1.53183 -0.131565 0.0264961 62213.9 0.00034743 1 -0.0586708 -0.114301 0.05 420520
0 480 5 phononTS 0.00162698 3.86825 -2.40064 0.0216654 78271.6 0.00069486 1 0.0292665 -0.201135 0.05 392135
0 481 4 phononTS 0.00053309 1.88554 -0.569111 -0.0444599 43054.8 0.00034743 1 0.118042 -0.198796 0.05 150326
0 482 5 phononTF 0.000768371 -2.91056 -2.52672 0.0272512 24819 0.00034743 1 0.028372 -0.10218 0.05 34186.1
0 494 2 phononL 0.000479403 -1.49022 0.0310664 0.049999 1189.17 0.00034743 1 -0.057788 -0.158169 0.05 9288.49
0 498 4 phononTS 0.000798334 -2.60195 -1.50824 0.00512745 19630.6 0.00034743 1 0.0324329 -0.128801 0.05 117356
0 535 3 phononTS 0.0015285 -2.25208 1.47983 0.00382119 15849.3 0.00034743 1 0.0775945 -0.143641 0.05 150589
0 545 4 phononL 0.00113135 -1.53892 -2.04965 0.043307 91451.8 0.00069486 1 -0.0349346 -0.300564 0.05 105401
0 545 2 phononTS 0.00156039 -2.59714 0.568807 0.0172942 655.347 0.00069486 1 -0.0696302 -0.176187 0.05 248009
0 546 2 phononTS 0.00188275 -1.84203 0.377193 0.00490211 568.209 0.00034743 1 0.0587942 -0.101951 0.05 15227.1
0 548 5 phononL 0.00143181 4.86417 -4.98963 -0.0465736 48924 0.00034743 1 -0.0342437 -0.101756 0.05 190390
0 549 2 phononTF 0.000825542 -2.61071 -0.204364 -0.0417812 1549.71 0.00034743 1 -0.0301173 -0.20831 0.05 539017
0 562 4 phononL 0.00163189 -0.178186 -3.96226 -0.00668275 18316.2 0.00069486 1 0.0723195 -0.239762 0.05 292654
0 568 2 phononTS 0.00120344 -2.55533 0.389158 0.0269698 986.431 0.00034743 1 -0.0644438 -0.12242 0.05 234399
0 569 2 phononTS 0.00238628 -1.57986 0.785188 -0.00411236 2834.59 0.00034743 1 -0.0962255 -0.214744 0.05 5119.53
0 573 2 phononTS 0.00160394 -1.47386 0.755994 0.0105773 6278.21 0.00034743 1 -0.113801 -0.169761 0.05 207795
0 574 4 phononL 0.000709796 -2.34133 0.0810494 0.049999 377.213 0.00034743 1 0.0516344 -0.165496 0.05 62799.8
0 575 5 phononTS 0.00193258 -3.76082 1.72334 -0.021076 10543.8 0.00034743 1 0.0336925 -0.286109 0.05 208783
0 575 7 phononTS 0.000746517 0.0336925 -0.286109 0.049999 208783 0.00034743 1 -0.0186789 -0.198841 0.05 208964
0 575 2 phononL 0.000721612 -3.90991 1.80169 0.0295574 10262.8 0.00034743 1 -0.079781 -0.269549 0.05 183523
0 581 5 phononTF 0.00101003 -1.59776 -1.68667 0.0175541 14937.1 0.00069486 1 -0.0490217 -0.254894 0.05 525896
0 588 4 phononTF 0.00148823 2.66814 3.88105 0.019756 18838.8 0.00034743 1 0.0274608 -0.145003 0.05 112049
0 588 6 phononTS 0.000583208 0.0274608 -0.145003 0.049998 112049 0.00034743 1 -0.0499322 -0.271345 0.05 114666
0 592 3 phononL 0.000895747 -2.51753 0.0376255 0.049999 4018.23 0.00034743 1 0.0939634 -0.152313 0.05 125915
0 595 3 phononTF 0.00153958 -1.37148 -0.780223 -0.0366385 1527.71 0.00034743 1 -0.053284 -0.168882 0.05 79684.1
0 595 4 phononTS 0.000807483 -0.053284 -0.168882 0.049999 79684.1 0.00034743 1 -0.0848515 -0.254108 0.05 80195.3
0 598 3 phononTS 0.00146973 -2.07519 2.32851 0.00410266 11046 0.00034743 1 0.118387 -0.189531 0.05 124619
0 601 3 phononTS 0.0018771 -2.17371 0.0628807 0.0462111 468.007 0.00034743 1 -0.108535 -0.150516 0.05 40691
0 601 4 phononTS 0.000380387 -0.108535 -0.150516 0.049999 40691 0.00034743 1 0.0282865 -0.101745 0.05 41377.9
0 602 2 phononL 0.00224208 -2.68876 -0.354756 -0.00611597 2251.28 0.00034743 1 -0.0628147 -0.2585 0.05 112656
0 602 5 phononTS 0.00146684 -0.0628147 -0.2585 0.049999 112656 0.00034743 1 -0.0665523 -0.227828 0.05 112722
0 604 4 phononTS 0.00101073 1.906 -2.98899 0.0248238 31596.2 0.00034743 1 0.0331679 -0.248236 0.05 103633
0 604 2 phononTF 0.00208865 -1.12065 0.362858 0.0449 8645.7 0.00034743 1 -0.111556 -0.197439 0.05 29890.3
0 605 5 phononTS 0.00114876 -3.11569 2.48706 0.0360683 8110.83 0.00034743 1 0.0485893 -0.286629 0.05 136860
0 607 5 phononL 0.00096411 -4.02105 0.242721 -0.0403317 8874.61 0.00034743 1 -0.05662 -0.252559 0.05 58566.5
0 607 4 phononTS 0.0017087 -4.02105 0.242721 -0.0403317 8874.61 0.00104229 1 -0.0829149 -0.219329 0.05 31202.9
0 628 4 phononTS 0.00162638 -4.23482 -1.18507 -0.0179822 117540 0.00034743 1 0.05593 -0.184333 0.05 166176
0 631 4 phononTS 0.00171998 -4.47597 -0.885393 -0.0234182 56277.5 0.00069486 1 -0.0154756 -0.193615 0.05 75512.6
0 637 3 phononL 0.000773857 -2.43589 0.000902377 0.049999 689.22 0.00034743 1 -0.0629026 -0.232925 0.05 260617
0 642 5 phononTS 0.00225674 -4.52392 0.92835 -0.00931379 34075.4 0.00034743 1 -0.0773019 -0.252203 0.05 47251.5
0 642 2 phononTF 0.000901122 -3.47422 3.406 0.015638 6784.79 0.00034743 1 -0.0569993 -0.258463 0.05 19469.6
0 648 3 phononTF 0.00188817 -2.56269 1.78309 0.020222 9199.13 0.00034743 1 -0.0377814 -0.163976 0.05 90833.7
0 648 4 phononTF 0.00111656 -0.0377814 -0.163976 0.049999 90833.7 0.00034743 1 -0.0513232 -0.189217 0.05 91128.6
0 648 10 phononTF 0.00054561 -0.0513232 -0.189217 0.049999 91128.6 0.00034743 1 -0.0286038 -0.138024 0.05 91261.5
0 653 4 phononL 0.00118559 -2.5959 2.81683 -0.0282489 8301.15 0.00034743 1 -0.0291201 -0.160455 0.05 839869
0 659 9 phononL 0.000449181 3.61035 -0.100539 0.045027 180858 0.00034743 1 -0.0436329 -0.289347 0.05 284882
0 662 3 phononL 0.00298504 -2.2713 0.556528 -0.0294431 858.909 0.00034743 1 -0.0861989 -0.267335 0.05 17910.1
0 662 6 phononTS 0.00221235 -0.0861989 -0.267335 0.049999 17910.1 0.00034743 1 -0.0843198 -0.26762 0.05 17911.4
0 662 11 phononTF 0.00109714 -0.0843198 -0.26762 0.049999 17911.4 0.00034743 1 -0.0671942 -0.184103 0.05 35101
0 665 2 phononL 0.000890115 -2.96848 -0.00325982 0.049999 2065.93 0.00034743 1 -0.041539 -0.264507 0.05 98152.5
0 666 5 phononL 0.00179734 -3.58704 2.57439 0.0180959 43399.6 0.00034743 1 0.0358021 -0.180216 0.05 56901.5
0 671 2 phononTS 0.00237552 -1.1411 0.313188 -0.0262264 5321.48 0.00069486 1 0.102931 -0.169588 0.05 56306
0 671 8 phononTS 0.00101252 0.102931 -0.169588 0.049999 56306 0.00034743 1 0.0497202 -0.14653 0.05 56378.2
0 673 5 phononL 0.00102766 -1.79539 0.721265 -0.0104389 3024.22 0.00069486 1 -0.0841743 -0.267837 0.05 6132.7
0 673 2 phononTS 0.00173037 -2.86294 0.931258 -0.0140027 2206.3 0.00034743 1 0.0541199 -0.285539 0.05 10095.9
0 674 2 phononTS 0.00090754 -1.54214 0.850835 0.0170327 1959.84 0.00034743 1 -0.0824223 -0.257631 0.05 153096
0 675 3 phononTS 0.00297503 -2.29515 0.378172 0.0179101 2494.07 0.00034743 1 0.0578145 -0.293122 0.05 80973.6
0 675 8 phononTF 0.00174511 -4.0624 4.78838 0.0145301 125793 0.00069486 1 -0.0545014 -0.224865 0.05 318485
0 681 4 phononTS 0.000886761 -2.06455 0.0738579 0.049999 839.126 0.00034743 1 -0.0218469 -0.154948 0.05 15468.3
0 686 4 phononL 0.00114596 -0.327167 -4.43447 0.00743378 213260 0.00034743 1 -0.0634817 -0.201926 0.05 270905
0 688 3 phononTS 0.000763025 -2.67571 0.0965723 0.049999 1057.04 0.00034743 1 0.0379181 -0.289387 0.05 95434.3
0 697 4 phononTF 0.000632483 2.57135 1.06663 0.0414993 31853.7 0.00034743 1 0.0869696 -0.173357 0.05 37886.4
0 702 2 phononTF 0.000471305 -2.73408 0.00848301 0.049999 5756.41 0.00034743 1 -0.0467269 -0.145396 0.05 149971
0 706 8 phononTS 0.000908269 0.0391319 0.0522023 0.0458733 290494 0.00034743 1 0.078364 -0.280895 0.05 559729
0 711 3 phononTS 0.00265076 -2.28878 0.250226 0.0191517 20.6094 0.00034743 1 -0.0139819 -0.209247 0.05 14695.5
0 719 4 phononTS 0.000725942 -3.27818 0.0815773 0.049999 2954.3 0.00034743 1 0.0586835 -0.123255 0.05 141025
0 722 5 phononTS 0.00137519 -1.997 -1.1685 0.0132357 267554 0.00034743 1 -0.0795817 -0.237286 0.05 373750
0 723 2 phononTF 0.00279438 -1.92387 2.03237 0.00432705 3083.59 0.00034743 1 0.101933 -0.167682 0.05 49773.3
0 723 4 phononTF 0.00182402 0.101933 -0.167682 0.049998 49773.3 0.00034743 1 -0.0858776 -0.245459 0.05 429140
0 729 2 phononTS 0.00281842 -3.03507 -0.28409 -0.0217521 1309.31 0.00104229 1 -0.0265846 -0.138541 0.05 13244.7
0 729 9 phononTF 0.000962089 -0.0265846 -0.138541 0.049999 13244.7 0.00034743 1 -0.0781143 -0.159689 0.05 147747
0 730 4 phononTF 0.000576219 4.37551 -1.63058 0.0487163 58309.2 0.00034743 1 0.092444 -0.235628 0.05 114636
0 731 3 phononTS 0.00223373 -2.1741 0.696654 -0.0356269 110.53 0.00069486 1 -0.116653 -0.21646 0.05 155904
0 731 7 phononTS 0.000401511 -0.116653 -0.21646 0.049999 155904 0.00034743 1 -0.109626 -0.233253 0.05 156022
0 731 20 phononL 0.00089229 2.37084 -3.71407 0.0369091 31531.5 0.00069486 1 0.0387979 -0.269638 0.05 89317.8
0 737 3 phononTF 0.00170254 -2.24403 1.72298 0.0341343 7517.37 0.00034743 1 -0.0905362 -0.224412 0.05 158353
0 737 5 phononTS 0.000361733 -0.0905362 -0.224412 0.049999 158353 0.00034743 1 -0.0462757 -0.292736 0.05 158439
0 737 2 phononTS 0.00229746 -2.24403 1.72298 0.0341343 7517.37 0.00104229 1 -0.119297 -0.215127 0.05 67211.2
0 739 4 phononL 0.00106032 -3.43948 3.11073 -0.0199905 321978 0.00034743 1 -0.0364369 -0.167713 0.05 840536
0 742 4 phononTF 0.00172816 -1.55665 1.30203 -0.0172065 8615.16 0.00069486 1 -0.0985675 -0.166093 0.05 150003
0 742 6 phononTS 0.000509872 -0.0985675 -0.166093 0.049999 150003 0.00034743 1 0.0855226 -0.258416 0.05 157645
0 744 3 phononTF 0.000835544 -2.16194 0.0328001 0.049999 697.626 0.00034743 1 0.0351659 -0.251293 0.05 200730
0 746 5 phononTF 0.000667849 -1.82425 3.1255 0.0404485 96118.5 0.00034743 1 0.0917374 -0.229641 0.05 114645
0 746 2 phononTF 0.00230386 -2.13006 0.244999 -0.00408295 2883.12 0.00034743 1 0.0597479 -0.17702 0.05 143680
0 755 2 phononL 0.00120423 -2.21939 0.219212 0.0369691 10.4053 0.00069486 1 0.0780207 -0.219996 0.05 6580.18
0 760 4 phononL 0.00059605 -0.863211 -3.78291 -0.0204071 133469 0.00034743 1 0.072464 -0.134673 0.05 302619
0 760 14 phononTS 0.00139102 3.53457 1.73916 -0.0262409 9019.44 0.00034743 1 -0.0534547 -0.134462 0.05 351670
0 760 17 phononTF 0.000373748 -0.0534547 -0.134462 0.049999 351670 0.00034743 1 0.0424133 -0.133137 0.05 351733
0 760 16 phononTS 0.000600156 -0.0534547 -0.134462 0.049999 351670 0.00034743 1 -0.066845 -0.147747 0.05 351726
0 766 4 phononTS 0.000734693 -0.905897 0.026691 -0.00373491 142928 0.00034743 1 -0.0280028 -0.299446 0.05 199726
0 775 5 phononTS 0.00201985 1.63398 -1.7272 0.0189973 65019 0.00034743 1 -0.0320693 -0.19157 0.05 134955
0 775 8 phononTS 0.00151242 -0.0320693 -0.19157 0.049999 134955 0.00034743 1 0.0791446 -0.120533 0.05 166142
0 775 12 phononTS 0.000489336 0.0791446 -0.120533 0.049999 166142 0.00034743 1 -0.0314812 -0.25949 0.05 181693
0 781 2 phononTS 0.000809818 -2.50433 0.0891741 0.049998 1083.35 0.00034743 1 0.0671034 -0.261197 0.05 47869.1
0 784 3 phononTS 0.00213197 -2.55501 0.857082 -0.0410736 1443.93 0.00034743 1 -0.102213 -0.138677 0.05 83318.9
0 789 5 phononTS 0.00162109 3.16696 1.93374 -0.0492694 35304.5 0.00034743 1 0.0824061 -0.272398 0.05 68811.5
0 790 3 phononTS 0.00069053 -1.96649 0.0932701 0.049999 1213.87 0.00034743 1 -0.0651648 -0.202827 0.05 4998.62
0 807 3 phononTS 0.00176276 -2.57071 -0.675089 0.0453498 2125.25 0.00069486 1 -0.0961636 -0.244014 0.05 37509.8
0 807 8 phononTS 0.00045742 -0.0961636 -0.244014 0.049999 37509.8 0.00034743 1 0.0426358 -0.110434 0.05 299043
0 810 3 phononL 0.00199119 -1.97691 0.249385 0.00983346 186.689 0.00069486 1 0.0661543 -0.115096 0.05 67991.8
0 815 2 phononTF 0.000390647 -2.24733 0.0887799 0.049999 532.893 0.00034743 1 -0.0291635 -0.121066 0.05 141395
0 816 5 phononL 0.00114768 -1.15498 -2.21455 -0.00498714 13768.8 0.00069486 1 0.0839032 -0.154083 0.05 128826
0 826 2 phononTF 0.000672384 -2.2028 0.0312012 0.049998 178.157 0.00034743 1 -0.051837 -0.146525 0.05 404696
0 832 3 phononL 0.000527184 -2.47968 0.0806201 0.049999 798.41 0.00034743 1 0.0321975 -0.261095 0.05 126877
0 834 2 phononTS 0.00119893 -2.61948 -1.63314 0.0142029 9997.63 0.00034743 1 -0.0646679 -0.173467 0.05 38383.6
0 843 2 phononTF 0.00170419 -3.52456 1.54468 0.00199798 3487.01 0.00069486 1 0.099359 -0.222494 0.05 91584.5
0 847 2 phononL 0.00227691 -1.78936 1.36152 -0.0479939 2458.04 0.00069486 1 -0.0892843 -0.221822 0.05 50857.8
0 847 4 phononTF 0.00114894 -0.0892843 -0.221822 0.049999 50857.8 0.00069486 1 -0.115705 -0.217255 0.05 50923.4
0 851 2 phononL 0.00144586 -1.666 0.599196 0.0155895 999.654 0.00104229 1 0.0761016 -0.153654 0.05 48063.1
0 854 4 phononTS 0.000522529 -2.32429 0.0650953 0.049999 73.3801 0.00034743 1 -0.0354854 -0.303035 0.05 81816.1
0 855 5 phononTF 0.00148684 -3.23236 -2.76548 -0.0282724 18038.8 0.00034743 1 -0.074481 -0.147602 0.05 557598
0 855 7 phononL 0.00107205 -0.074481 -0.147602 0.049999 557598 0.00034743 1 -0.0377203 -0.153755 0.05 557784
0 856 6 phononTF 0.00101409 -3.789 4.10032 -0.020522 43780 0.00034743 1 -0.0328246 -0.25925 0.05 183029
0 856 9 phononTF 0.000453531 -0.0328246 -0.25925 0.049999 183029 0.00034743 1 -0.0467474 -0.201047 0.05 259980
0 866 5 phononTS 0.0018637 -2.43988 -2.55803 -0.0379485 10953.5 0.00104229 1 -0.0784065 -0.276391 0.05 415953
0 874 3 phononTF 0.000863854 -2.34518 0.0958521 0.049999 635.095 0.00034743 1 0.0668922 -0.11402 0.05 110965
0 879 3 phononTF 0.000393388 -1.95031 0.0161212 0.049999 400.332 0.00034743 1 0.0534955 -0.21341 0.05 83736.1
0 899 5 phononL 0.00147578 -4.73667 0.411232 0.00758102 7211.98 0.00034743 1 -0.0301296 -0.264527 0.05 148418
0 919 4 phononTS 0.000636582 -2.39698 0.0776649 0.049999 137.917 0.00034743 1 0.0589396 -0.2315 0.05 1191.52
0 923 3 phononTF 0.0023121 -2.18693 0.0784916 0.026231 2246.32 0.00104229 1 0.107609 -0.16795 0.05 18579
0 923 7 phononTS 0.000478145 0.107609 -0.16795 0.049998 18579 0.00034743 1 0.0626333 -0.137378 0.05 18801.4
0 941 3 phononTS 0.000390579 -2.51939 0.0995421 0.049999 498.637 0.00034743 1 0.0685158 -0.266337 0.05 68163.8
0 953 2 phononTF 0.00128148 -2.63128 0.768491 -0.0419607 3053.72 0.00069486 1 0.0155895 -0.220113 0.05 11866
0 955 3 phononTF 0.00247826 -2.15359 2.65957 -0.00390712 6740.01 0.00034743 1 0.0982824 -0.225781 0.05 152506
0 959 5 phononTS 0.0012312 -0.534559 2.37183 -0.046924 104089 0.00034743 1 -0.0351238 -0.284187 0.05 166370
0 963 3 phononTF 0.000729496 -2.43795 0.0227993 0.049999 217.213 0.00034743 1 -0.0949851 -0.216162 0.05 257256
0 965 4 phononL 0.000596361 -1.7915 0.0895904 0.049999 17212.6 0.00034743 1 -0.0361835 -0.301916 0.05 25841.5
0 966 4 phononTS 0.00062332 -3.31173 0.0747112 0.049999 12310.2 0.00034743 1 0.105378 -0.175528 0.05 49101.1
0 969 5 phononL 0.000787158 0.441635 1.06468 -0.0170752 180310 0.00034743 1 -0.0866239 -0.125752 0.05 586832
0 969 4 phononTS 0.00107742 0.441635 1.06468 -0.0170752 180310 0.00034743 1 0.0417587 -0.113348 0.05 293114
0 974 3 phononTS 0.00242013 -1.70296 0.662922 0.0183892 1518.02 0.00104229 1 -0.0733842 -0.272771 0.05 69678.1
0 976 2 phononL 0.0016337 -1.78006 1.10152 -0.0257027 701.419 0.00034743 1 -0.034294 -0.193731 0.05 219855
0 976 5 phononL 0.000999468 -0.034294 -0.193731 0.049999 219855 0.00034743 1 -0.109051 -0.16132 0.05 220062
0 980 2 phononTF 0.000489595 -2.11599 -0.0104848 0.049999 2937.21 0.00034743 1 0.0159636 -0.212742 0.05 451758
0 986 7 phononTS 0.001672 -4.94889 -4.13094 -0.0330926 42804.1 0.00034743 1 -0.0981154 -0.19359 0.05 193654
0 987 4 phononL 0.000765287 -1.83397 0.0588216 0.049999 956.915 0.00034743 1 -0.105169 -0.228039 0.05 1.02927e+06
0 991 3 phononTS 0.00158056 -2.2543 -0.265179 0.0161346 1722.91 0.00034743 1 0.0517257 -0.237165 0.05 47192.6
0 992 4 phononTF 0.00137971 -0.229943 0.462946 -0.0486598 64599.2 0.00034743 1 -0.0152417 -0.207444 0.05 90153.8
0 992 7 phononTF 0.000757015 -0.0152417 -0.207444 0.049999 90153.8 0.00034743 1 0.0715798 -0.21641 0.05 90216.1
0 993 2 phononTF 0.00169333 -1.89079 2.74677 -0.00874175 11497.6 0.00104229 1 0.0841474 -0.152474 0.05 287398
0 994 5 phononTF 0.00169833 1.29488 -3.8624 -0.0148502 149151 0.00034743 1 -0.0364326 -0.1161 0.05 286518
0 995 5 phononTF 0.0012183 -3.42123 2.20019 0.027649 32771.7 0.00034743 1 -0.0630645 -0.259564 0.05 199246
0 995 4 phononTS 0.000901916 -3.42123 2.20019 0.027649 32771.7 0.00034743 1 -0.0705525 -0.189895 0.05 642283
0 995 12 phononTS 0.000438338 -0.0705525 -0.189895 0.049999 642283 0.00034743 1 -0.070573 -0.173967 0.05 642344
0 1000 2 phononTF 0.00204125 -2.05069 0.559465 0.0415965 3365.23 0.00034743 1 0.0595307 -0.187596 0.05 138217
0 1003 5 phononTF 0.00151803 -1.23368 2.25399 -0.0377998 26030.5 0.00069486 1 0.120597 -0.195373 0.05 395412
0 1006 3 phononL 0.00211067 -2.3061 0.908036 0.0264468 918.84 0.00034743 1 0.0553878 -0.293198 0.05 52201.3
0 1009 3 phononTS 0.00135554 -2.22735 0.220116 0.0169164 7.59404 0.00034743 1 0.0706264 -0.144341 0.05 131280
0 1009 2 phononL 0.00264446 -2.22735 0.220116 0.0169164 7.59404 0.00069486 1 0.0696061 -0.127589 0.05 43312.5
0 1010 2 phononTS 0.00179895 -1.05792 0.752892 0.0273167 10815.7 0.00069486 1 -0.0362495 -0.194974 0.05 63380.6
0 1010 8 phononL 0.000536872 -0.0362495 -0.194974 0.049999 63380.6 0.00034743 1 0.0631381 -0.125182 0.05 79339.9
0 1011 3 phononL 0.000496081 -2.58906 0.0943085 0.049999 1191.85 0.00034743 1 0.0623912 -0.12142 0.05 56489.8
0 1015 4 phononTS 0.00122381 -2.44687 -2.95 0.0484585 56497 0.00034743 1 -0.10167 -0.188048 0.05 529605
0 1015 7 phononL 0.000681018 -0.10167 -0.188048 0.049999 529605 0.00034743 1 -0.0509836 -0.275426 0.05 753744
0 1018 2 phononTF 0.000451625 -2.28002 0.0799704 0.049999 1418.18 0.00034743 1 0.0380132 -0.207998 0.05 768359
0 1019 5 phononTS 0.00113421 -2.29487 -4.35566 -0.019561 24129.9 0.00034743 1 -0.0907681 -0.169055 0.05 123115
0 1021 5 phononTF 0.0013313 -3.05113 -3.2602 -0.0469778 54073.5 0.00069486 1 0.0428283 -0.272664 0.05 119004
0 1025 3 phononL 0.0012588 -2.51773 0.409565 0.0492222 2660.27 0.00034743 1 -0.0413886 -0.192624 0.05 124323
0 1025 12 phononL 0.000890107 2.31079 -4.61227 -0.0171204 182293 0.00069486 1 0.11707 -0.200649 0.05 325192
0 1027 3 phononTS 0.00156767 -2.38806 3.25495 0.0192404 3556.05 0.00069486 1 -0.0699257 -0.287619 0.05 136187
0 1029 1 phononTS 0.004 -2.25 0.25 0 0 0.00104229 1 -0.0605737 -0.280706 0.05 6651.93
0 1029 10 phononTS 0.00111058 -0.0605737 -0.280706 0.049999 6651.93 0.00034743 1 0.092583 -0.188246 0.05 81461.8
0 1030 2 phononL 0.000407948 -1.90449 0.0542593 0.049999 411.746 0.00034743 1 0.0870984 -0.168678 0.05 227671
0 1035 4 phononL 0.00173092 -3.94943 1.79722 0.033067 61768 0.00034743 1 -0.0756232 -0.137512 0.05 230579
0 1043 3 phononTS 0.00171787 -2.6116 -0.419908 0.00782448 3064.32 0.00034743 1 -0.066216 -0.133487 0.05 145796
0 1047 7 phononTS 0.00116871 1.85541 -0.319488 -0.00645854 475519 0.00069486 1 0.0278091 -0.161819 0.05 662905
0 1049 3 phononTF 0.000704722 -2.39198 0.0827976 0.049998 5139.47 0.00034743 1 -0.105166 -0.203411 0.05 111959
0 1058 3 phononL 0.00210453 -2.28317 0.536609 -0.0478568 1262.82 0.00104229 1 0.0824619 -0.215544 0.05 25029.5
0 1073 2 phononTS 0.00131012 -2.11108 0.109026 -0.0434134 265.656 0.00034743 1 0.090157 -0.176056 0.05 84609.8
0 1085 5 phononTS 0.000571172 -1.87163 -0.00905574 0.049999 622.955 0.00034743 1 0.0735182 -0.13396 0.05 66182.7
0 1093 4 phononL 0.00133754 1.05344 -4.45777 -0.008853 65958.3 0.00034743 1 0.0293162 -0.275316 0.05 382018
0 1093 11 phononL 0.00101543 -0.031112 4.09862 -0.0161209 144038 0.00069486 1 -0.0141274 -0.209783 0.05 410354
0 1096 3 phononTS 0.00281633 -1.03106 0.0859052 -0.0197409 6700.45 0.00069486 1 0.0868101 -0.168303 0.05 8649.74
0 1096 4 phononTS 0.0007088 0.0868101 -0.168303 0.049999 8649.74 0.00034743 1 -0.0126226 -0.195715 0.05 8771.09
0 1100 5 phononTF 0.000399886 -1.10092 0.0253976 0.049999 1729.79 0.00034743 1 -0.0377378 -0.15554 0.05 251100
0 1110 4 phononTS 0.00110633 -4.78619 -2.07662 -0.0485707 228371 0.00069486 1 -0.0854056 -0.159644 0.05 771520
0 1113 4 phononTF 0.000744679 -3.57848 0.345628 0.00624824 79591.7 0.00034743 1 -0.076367 -0.121604 0.05 81574.1
0 1115 3 phononTS 0.00160063 -1.84732 1.38527 -0.00267734 11091.2 0.00034743 1 0.0730558 -0.115796 0.05 267825
0 1115 6 phononL 0.000767605 0.0730558 -0.115796 0.049998 267825 0.00034743 1 -0.0874833 -0.140515 0.05 267888
0 1115 2 phononTF 0.00239937 -1.84732 1.38527 -0.00267734 11091.2 0.00104229 1 0.0835694 -0.130815 0.05 33175.4
0 1115 17 phononTS 0.000392534 0.0835694 -0.130815 0.049999 33175.4 0.00034743 1 -0.0869545 -0.274928 0.05 33733.3
0 1116 2 phononTS 0.00155079 -3.81582 1.61467 0.034171 7499.91 0.00034743 1 -0.0492783 -0.269788 0.05 114788
0 1123 3 phononTF 0.00205104 -3.12204 1.25068 0.0106936 4573.09 0.00034743 1 0.05985 -0.24482 0.05 32165.3
0 1123 5 phononTS 0.000920587 0.05985 -0.24482 0.049999 32165.3 0.00069486 1 0.0949213 -0.158248 0.05 32244.2
0 1128 5 phononL 0.000914872 -2.79571 2.23646 -0.0338422 89309.4 0.00034743 1 0.0473868 -0.14064 0.05 320203
0 1129 2 phononTS 0.000747276 -2.14357 0.101533 0.049999 59.2173 0.00034743 1 0.0820162 -0.156181 0.05 425495
0 1131 5 phononL 0.000566 -2.81245 0.0553467 0.049999 1217.06 0.00034743 1 -0.0622397 -0.123282 0.05 411577
0 1134 3 phononL 0.000742463 -2.61802 0.0533515 0.049999 303.32 0.00034743 1 -0.083076 -0.150884 0.05 62969.4
0 1142 3 phononTS 0.00158072 -3.57272 -0.182028 -0.0392699 1833.75 0.00034743 1 -0.0465557 -0.279458 0.05 271091
0 1149 2 phononTF 0.000542862 -1.66523 0.102631 0.049999 6166.28 0.00034743 1 0.113333 -0.221036 0.05 213037
0 1153 2 phononTS 0.00190435 -2.07636 0.168547 0.0289913 242.665 0.00104229 1 0.087092 -0.215743 0.05 62780.2
0 1159 5 phononTS 0.00108558 -4.64756 -0.115853 0.025275 165050 0.00034743 1 -0.0931043 -0.248026 0.05 235596
0 1160 2 phononL 0.000841965 -2.30094 0.0318697 0.049999 597.774 0.00034743 1 -0.0907864 -0.166747 0.05 82713.7
0 1161 4 phononTF 0.000887689 -2.53672 0.0905307 0.049999 382.594 0.00034743 1 -0.0402012 -0.302914 0.05 66272.9
0 1163 2 phononTS 0.00144217 -2.32271 0.299555 0.0329813 17.5416 0.00034743 1 -0.104132 -0.215226 0.05 81873.1
0 1163 4 phononTF 0.000663173 -0.104132 -0.215226 0.049999 81873.1 0.00034743 1 -0.102931 -0.252195 0.05 82056.7
0 1169 5 phononTS 0.00107499 1.48517 0.242847 -0.00971359 23056.2 0.00069486 1 -0.119281 -0.212593 0.05 425586
0 1176 2 phononTS 0.000503049 -2.53736 0.0233613 0.049998 1063.69 0.00034743 1 0.101261 -0.149394 0.05 4259.17
0 1184 4 phononL 0.00138402 -0.763243 0.829716 0.0217046 32779.4 0.00069486 1 -0.0209024 -0.169957 0.05 183925
0 1195 3 phononTF 0.000832473 -2.43686 0.0174078 0.049999 993.769 0.00034743 1 0.0974154 -0.236726 0.05 447645
0 1199 7 phononTS 0.00103303 4.00858 -3.06791 -0.0184117 90809.9 0.00034743 1 -0.0965708 -0.199753 0.05 135458
0 1203 5 phononTF 0.00133965 -4.36845 -2.29375 0.0148065 8959.57 0.00069486 1 -0.0198249 -0.183852 0.05 48839.4
0 1209 5 phononTS 0.000631995 -2.02535 0.00792393 0.049999 102.647 0.00034743 1 0.036669 -0.194087 0.05 203557
0 1212 2 phononL 0.00135493 -2.37849 0.642468 -0.00823406 1798.54 0.00069486 1 -0.0514915 -0.182672 0.05 420755
0 1212 9 phononTS 0.000381049 -0.0514915 -0.182672 0.049999 420755 0.00034743 1 -0.0200343 -0.206855 0.05 420817
0 1213 5 phononTS 0.000428266 -2.06767 0.0850148 0.049999 1074.24 0.00034743 1 -0.100437 -0.260095 0.05 55779.4
0 1214 3 phononL 0.00214315 -1.16143 2.95167 0.0252142 7093.21 0.00034743 1 -0.0444845 -0.287605 0.05 13389.1
0 1214 4 phononTS 0.00162832 -0.0444845 -0.287605 0.049999 13389.1 0.00034743 1 -0.115668 -0.185987 0.05 64891.1
0 1214 18 phononTF 0.000573626 2.72823 -4.98633 -0.0241363 146442 0.00034743 1 0.0317285 -0.23198 0.05 303483
0 1217 7 phononTF 0.00121849 -3.7658 -0.305259 -0.0258553 204527 0.00034743 1 -0.089579 -0.172788 0.05 267430
0 1218 4 phononTS 0.00119685 -2.22143 2.72442 0.00200829 30552.7 0.00069486 1 -0.0699122 -0.207558 0.05 42952.3
0 1221 3 phononTF 0.00179087 -2.23184 0.539171 -0.0375571 6673.75 0.00069486 1 0.0908183 -0.21963 0.05 93456.5
0 1222 3 phononTS 0.00208952 -2.79451 1.73646 -0.0317814 2470.23 0.00034743 1 -0.0345865 -0.247925 0.05 61357.3
0 1233 4 phononTF 0.000408907 -2.74802 0.0100705 0.049999 1553.24 0.00034743 1 -0.0484778 -0.22784 0.05 112178
0 1234 2 phononTS 0.000518346 -2.6286 0.04363 0.049999 343.681 0.00034743 1 -0.0389405 -0.253359 0.05 226184
0 1236 7 phononTF 0.000643045 2.95875 -3.99373 0.00260865 203002 0.00034743 1 0.0615927 -0.293409 0.05 713649
0 1237 3 phononTS 0.00212212 -0.0331713 0.689452 -0.0234045 3091.78 0.00069486 1 -0.107447 -0.239693 0.05 359624
0 1237 2 phononTS 0.00187788 -0.0331713 0.689452 -0.0234045 3091.78 0.00069486 1 -0.103116 -0.209411 0.05 6151.49
0 1257 2 phononL 0.00255332 -2.14935 0.318761 0.0455141 181.793 0.00034743 1 -0.0850445 -0.256769 0.05 76053.7
0 1258 4 phononL 0.000817122 -2.52167 0.0463761 0.049999 617.242 0.00034743 1 -0.102812 -0.166268 0.05 94416.5
0 1260 3 phononTS 0.00257464 -4.03114 -1.58312 -0.0440844 6613.71 0.00069486 1 -0.0540317 -0.236451 0.05 192484
0 1260 4 phononTF 0.00122719 -0.0540317 -0.236451 0.049999 192484 0.00034743 1 -0.0755294 -0.147784 0.05 193022
0 1260 14 phononTS 0.000528217 -0.0755294 -0.147784 0.049999 193022 0.00034743 1 0.077143 -0.279325 0.05 365197
0 1260 2 phononTS 0.00142536 -4.03114 -1.58312 -0.0440844 6613.71 0.00034743 1 0.0715297 -0.156176 0.05 68440.2
0 1266 3 phononTS 0.002234 -2.2759 0.780326 0.0450406 1575.29 0.00069486 1 -0.0336226 -0.272036 0.05 164740
0 1266 5 phononTS 0.00127404 -0.0336226 -0.272036 0.049999 164740 0.00034743 1 -0.0321467 -0.265015 0.05 164799
0 1266 20 phononTS 0.000820204 -0.387321 -3.83583 -0.0133519 292202 0.00034743 1 -0.0522454 -0.105253 0.05 427336
0 1267 3 phononTF 0.000876042 -2.05009 0.0943745 0.049998 280.071 0.00034743 1 -0.0308695 -0.241518 0.05 33476.6
0 1269 2 phononTF 0.002056 1.21466 2.10682 -0.026593 15547.8 0.00034743 1 0.0734335 -0.234445 0.05 26102.7
0 1269 5 phononTS 0.000397421 0.0734335 -0.234445 0.049999 26102.7 0.00034743 1 0.05587 -0.219214 0.05 193941
0 1272 4 phononTS 0.000876984 -2.37516 0.0965636 0.049999 234.385 0.00069486 1 -0.0995667 -0.206208 0.05 491859
0 1275 9 phononTS 0.00115095 1.2483 -2.43399 -0.042188 604948 0.00069486 1 -0.0783399 -0.237853 0.05 664748
0 1275 4 phononL 0.000835166 3.57809 0.860617 0.0388419 27574.1 0.00034743 1 -0.0455636 -0.153475 0.05 222340
0 1282 2 phononTS 0.00216968 -1.76611 -0.0991326 -0.0183291 382.653 0.00034743 1 -0.0497181 -0.269561 0.05 3943.86
0 1288 4 phononTF 0.00165066 1.75181 -2.39295 0.00782382 44976.3 0.00034743 1 -0.0967535 -0.18072 0.05 143290
0 1289 5 phononTS 0.00110899 -4.15074 2.66465 -0.0166605 32242.8 0.00034743 1 0.10149 -0.253863 0.05 70370.9
0 1295 2 phononTS 0.000442695 -2.1859 0.0799805 0.049999 273.839 0.00034743 1 0.0871955 -0.137135 0.05 84544.9
0 1312 3 phononTF 0.00297298 -1.24244 1.03831 -0.0303831 1746.83 0.00138972 1 -0.0543149 -0.294061 0.05 11701.9
0 1313 5 phononTF 0.000874441 -1.05129 4.90132 0.0303506 31335.3 0.00034743 1 0.0149407 -0.216803 0.05 454627
0 1322 5 phononTS 0.00160571 0.274258 4.31744 0.00541433 211374 0.00034743 1 -0.102128 -0.182372 0.05 699005
0 1334 5 phononTF 0.00207142 -1.57216 0.273559 0.0348371 1252.2 0.00034743 1 -0.0584898 -0.130413 0.05 116143
0 1335 4 phononTS 0.000873125 -2.40836 0.0780869 0.049999 1473.94 0.00034743 1 0.0596554 -0.183453 0.05 88013.9
0 1338 2 phononTS 0.00119902 -2.77441 1.59941 0.0376212 4897.83 0.00034743 1 -0.0975702 -0.2353 0.05 30812.1
0 1343 2 phononTS 0.00169067 -2.28972 0.249028 -0.0453657 12.9632 0.00069486 1 -0.0870512 -0.256034 0.05 123222
0 1345 4 phononL 0.00130855 2.61967 -1.53856 -0.0172191 77538.5 0.00069486 1 -0.0990613 -0.246478 0.05 157671
0 1347 3 phononTS 0.000486975 -2.33568 0.0248591 0.049999 939.898 0.00034743 1 -0.0226997 -0.208586 0.05 53862.1
0 1350 4 phononTS 0.00116013 -1.30199 -0.86092 -0.0361646 31806.2 0.00069486 1 -0.0890326 -0.213523 0.05 426051
0 1364 4 phononTF 0.00124025 0.967785 -1.54159 0.00615696 39206.3 0.00034743 1 -0.0971999 -0.19705 0.05 537097
0 1371 3 phononL 0.0018863 -2.74268 0.334074 -0.0369427 2076.17 0.00034743 1 0.0989554 -0.154421 0.05 412027
0 1378 5 phononL 0.000367909 -1.91814 0.0562497 0.049998 1029.67 0.00034743 1 0.0795736 -0.129858 0.05 51859.3
0 1380 5 phononTS 0.000765691 -4.64952 0.0424599 -0.0102058 20670.4 0.00034743 1 0.074737 -0.121996 0.05 464398
0 1381 4 phononTS 0.00167071 -2.9744 -0.954787 0.0183065 34584.3 0.00034743 1 0.0333804 -0.291244 0.05 180577
0 1383 5 phononTF 0.0013285 -2.45252 -4.71626 0.0319654 67376.6 0.00034743 1 0.0572621 -0.193747 0.05 500355
0 1383 9 phononTS 0.000529687 0.0572621 -0.193747 0.049999 500355 0.00034743 1 -0.0946372 -0.181855 0.05 500447
0 1383 6 phononTF 0.000379633 0.0572621 -0.193747 0.049999 500355 0.00034743 1 0.0269399 -0.173804 0.05 683838
0 1386 4 phononTF 0.000879895 -1.48014 0.0320168 0.049999 1661.8 0.00034743 1 0.0320212 -0.10819 0.05 111258
0 1394 4 phononTS 0.000710908 -2.02993 0.0161689 0.049999 4473.62 0.00034743 1 -0.0382187 -0.24431 0.05 65551.2
0 1404 3 phononTS 0.00237613 -1.97131 1.3538 -0.00300764 5808.54 0.00034743 1 -0.0806853 -0.209927 0.05 266212
0 1409 7 phononL 0.000856163 1.13635 2.68252 -0.0357745 327941 0.00034743 1 0.0882518 -0.275956 0.05 377631
0 1409 2 phononTS 0.00172578 -1.57299 -0.821197 -0.0343045 2280.23 0.00069486 1 -0.0763646 -0.12648 0.05 230971
0 1410 5 phononL 0.00118419 -3.07524 4.56432 0.0276929 22131.5 0.00034743 1 0.0691604 -0.200582 0.05 288468
0 1413 4 phononL 0.00085982 -1.85565 0.10172 0.049999 370.838 0.00034743 1 -0.0161151 -0.215176 0.05 48396.3
0 1424 2 phononL 0.000545012 -2.10559 0.0223326 0.049999 3721.27 0.00034743 1 -0.0150141 -0.199156 0.05 428602
0 1428 3 phononL 0.000905224 -2.62727 0.0869122 0.049999 738.223 0.00034743 1 -0.1064 -0.159458 0.05 237309
0 1433 3 phononTF 0.00174313 -1.11795 1.48057 -0.0171186 16496.4 0.00069486 1 0.0090773 -0.20265 0.05 115258
0 1433 7 phononL 0.000658977 0.0090773 -0.20265 0.049999 115258 0.00034743 1 0.0219523 -0.140544 0.05 123895
0 1435 3 phononL 0.00238146 -3.19409 0.00798287 0.0406799 621.038 0.00034743 1 0.0244867 -0.182553 0.05 25819.1
0 1436 2 phononL 0.0013288 -2.88851 -0.360676 -0.0313254 1531.21 0.00069486 1 0.0802914 -0.194729 0.05 69816.5
0 1449 2 phononTF 0.000646907 -3.31917 0.101263 0.049999 4220.87 0.00034743 1 -0.00975848 -0.19439 0.05 71492.9
0 1450 2 phononTS 0.000512287 -2.19508 0.057191 0.049999 2819.37 0.00034743 1 -0.118377 -0.216043 0.05 152637
0 1454 4 phononTF 0.00154304 -1.54052 -4.03337 -0.0196482 19763.5 0.00034743 1 0.0776533 -0.126252 0.05 120508
0 1457 5 phononTS 0.00160697 -4.76739 -0.357619 0.0284528 43200.9 0.00034743 1 0.0630975 -0.281755 0.05 417148
0 1457 6 phononTS 0.000703917 0.0630975 -0.281755 0.049999 417148 0.00034743 1 0.0374359 -0.252849 0.05 417211
0 1460 2 phononTS 0.00200269 -1.75489 0.730702 0.00918826 2817.49 0.00069486 1 0.0907138 -0.2515 0.05 3814.99
0 1460 6 phononTF 0.00111518 0.0907138 -0.2515 0.049999 3814.99 0.00034743 1 -0.0184287 -0.201889 0.05 3894.73
0 1460 16 phononTS 0.000547444 -0.0184287 -0.201889 0.049999 3894.73 0.00034743 1 0.095172 -0.174764 0.05 3981.41
0 1467 3 phononTS 0.00267776 -1.90118 0.812642 0.0491963 1116.79 0.00138972 1 -0.0485531 -0.165313 0.05 9588.35
0 1467 9 phononTF 0.000361424 -0.0485531 -0.165313 0.049999 9588.35 0.00034743 1 -0.0567456 -0.12745 0.05 9721.64
0 1469 4 phononTS 0.000451565 -2.57465 0.084767 0.049999 7992.86 0.00034743 1 -0.0364504 -0.261873 0.05 11271.1
0 1470 4 phononTS 0.000789308 -1.48865 0.0266455 0.049998 2238.95 0.00034743 1 0.0768877 -0.217622 0.05 126576
0 1471 4 phononTF 0.00138383 0.0027208 -1.24244 0.0167785 9272.54 0.00034743 1 0.0677779 -0.184925 0.05 66675
0 1472 4 phononTS 0.000351083 -2.329 0.00373238 0.049999 3220.11 0.00034743 1 -0.0299676 -0.124698 0.05 203682
0 1476 2 phononTF 0.00196153 -1.84854 -0.193743 -0.024668 675.022 0.00034743 1 0.0814112 -0.253122 0.05 92629.2
0 1476 5 phononTS 0.000423632 0.0814112 -0.253122 0.049998 92629.2 0.00034743 1 0.0481499 -0.0988302 0.05 95172.3
0 1481 2 phononTS 0.00130349 -1.2552 3.41603 -0.0325824 8920.56 0.00034743 1 0.0301304 -0.0928434 0.05 165203
0 1484 4 phononTS 0.00105169 2.26997 1.87065 -0.0299938 43173.6 0.00034743 1 -0.0309328 -0.121398 0.05 93944.7
0 1484 9 phononTF 0.000747317 -3.93899 -4.29186 0.00588044 89172.7 0.00034743 1 -0.0176583 -0.214112 0.05 409551
0 1490 2 phononTF 0.000487748 -2.38272 0.0858977 0.049999 568.942 0.00034743 1 0.047208 -0.209115 0.05 9225.32
0 1492 5 phononTF 0.000827266 -2.43528 0.231406 0.0032628 3686.94 0.00034743 1 0.0939597 -0.168796 0.05 65969.8
0 1492 12 phononTS 0.000485104 1.20678 -2.75904 0.0274216 126103 0.00034743 1 -0.0223981 -0.231028 0.05 364214
0 1495 4 phononTS 0.00114838 0.343235 -1.59736 -0.0202755 148600 0.00034743 1 0.0371089 -0.160199 0.05 157893
0 1496 5 phononTS 0.00150032 3.79058 -1.57625 -0.0482812 15096.1 0.00034743 1 0.116356 -0.188021 0.05 137383
0 1508 4 phononTF 0.00111324 -2.63546 3.7988 -0.00963344 46863.7 0.00034743 1 0.0165985 -0.190799 0.05 78073.4
0 1508 2 phononTS 0.00175444 -2.07923 0.151547 -0.0317333 3876.91 0.00034743 1 -0.0406217 -0.172542 0.05 6475.29
0 1508 14 phononTS 0.0007187 -0.0406217 -0.172542 0.049999 6475.29 0.00034743 1 0.06688 -0.267206 0.05 6562.9
0 1509 5 phononTF 0.00146222 -2.21591 2.0023 -0.0111301 14249.9 0.00104229 1 0.0501119 -0.180157 0.05 36532.9
0 1515 3 phononTS 0.00215227 -1.65472 0.412362 0.0395816 1283.17 0.00069486 1 -0.0721902 -0.275884 0.05 108021
0 1515 4 phononTF 0.000639935 -0.0721902 -0.275884 0.049999 108021 0.00034743 1 -0.0479645 -0.277912 0.05 108082
0 1520 5 phononTS 0.000564387 -2.33541 -0.000511532 0.049999 704.861 0.00034743 1 0.0746289 -0.245655 0.05 99016.8
0 1522 5 phononTF 0.00159723 -2.69 1.33207 0.0455371 75037.8 0.00034743 1 -0.0234595 -0.180284 0.05 120484
0 1522 4 phononTS 0.00102977 -2.69 1.33207 0.0455371 75037.8 0.00034743 1 0.0580965 -0.141355 0.05 269976
0 1522 2 phononTF 0.001373 -1.58416 -0.866255 -0.0225092 3765.21 0.00034743 1 0.0402093 -0.165593 0.05 330983
0 1525 3 phononTS 0.0012744 -2.42656 0.627907 0.0439071 528.99 0.00034743 1 -0.018239 -0.176929 0.05 142295
0 1525 4 phononTS 0.000743749 -0.018239 -0.176929 0.049999 142295 0.00034743 1 0.0287598 -0.130858 0.05 142361
0 1525 16 phononTF 0.00196368 -0.702632 0.526068 0.0118591 11982.6 0.00104229 1 -0.0682123 -0.243114 0.05 38031.9
0 1526 2 phononTF 0.00081851 -2.18268 0.00300781 0.049999 3760.19 0.00034743 1 -0.0405357 -0.248797 0.05 6356.31
0 1526 7 phononTS 0.000381319 -0.0405357 -0.248797 0.049999 6356.31 0.00034743 1 -0.0341042 -0.274164 0.05 6417.71
0 1527 4 phononL 0.0009375 1.9789 3.75565 0.0349292 37469.2 0.00034743 1 -0.0995059 -0.217323 0.05 186063
0 1530 3 phononTS 0.000694662 -2.7524 0.100157 0.049999 2948.03 0.00034743 1 0.0910599 -0.144822 0.05 49573.2
0 1531 2 phononTF 0.00164049 -3.27104 -0.906932 -0.0454262 4320.2 0.00034743 1 0.107043 -0.171463 0.05 317735
0 1531 4 phononTF 0.00094792 0.107043 -0.171463 0.049999 317735 0.00034743 1 0.0925417 -0.145593 0.05 318662
0 1535 4 phononTS 0.00106029 0.331944 3.58029 -0.0291766 93416.1 0.00069486 1 0.0955338 -0.244553 0.05 137619
0 1536 4 phononTS 0.000885381 -1.84032 0.062362 0.049999 928.27 0.00034743 1 -0.0471303 -0.267278 0.05 42303.5
0 1545 5 phononTS 0.00192593 4.66828 -4.41159 -0.0408381 178913 0.00034743 1 0.0229311 -0.221519 0.05 247765
0 1545 7 phononTF 0.00114939 0.0229311 -0.221519 0.049999 247765 0.00069486 1 0.0444379 -0.204642 0.05 248002
0 1552 4 phononTF 0.000375885 -1.11372 -0.00956445 0.049999 5722.33 0.00034743 1 0.0594711 -0.233972 0.05 23613.7
0 1553 3 phononTF 0.000353366 -2.41604 0.0371602 0.049998 157.888 0.00034743 1 -0.0121367 -0.216475 0.05 17163.6
0 1555 4 phononTF 0.0005488 -1.0988 -3.30944 0.0133687 55039.5 0.00034743 1 -0.0606649 -0.183394 0.05 73494.9
0 1577 5 phononTF 0.00115734 -0.58803 2.32865 0.0221451 7575.15 0.00034743 1 0.0653517 -0.216768 0.05 168101
0 1586 3 phononTF 0.00080365 -3.37394 0.0138309 0.049999 7647.82 0.00034743 1 -0.0604729 -0.183999 0.05 468736
0 1588 2 phononTF 0.00211114 -2.45778 0.07819 0.0397026 861.885 0.00034743 1 0.0144033 -0.187509 0.05 160592
0 1590 4 phononTF 0.00136342 -0.971891 4.87663 0.00736371 144391 0.00069486 1 0.0741695 -0.15504 0.05 598842
0 1594 2 phononL 0.00205391 -1.81824 0.501163 0.0408335 164.475 0.00034743 1 -0.0579805 -0.29323 0.05 107825
0 1594 7 phononTS 0.00147028 -0.0579805 -0.29323 0.049999 107825 0.00069486 1 -0.0537387 -0.153625 0.05 249684
0 1607 5 phononTF 0.00104342 2.12485 -3.62188 0.00772561 49666.2 0.00069486 1 0.0575377 -0.137763 0.05 265527
0 1607 16 phononTS 0.00134428 3.49783 -2.90171 -0.00302409 245566 0.00034743 1 -0.0321885 -0.213248 0.05 432848
0 1607 2 phononTF 0.00101893 -2.20457 0.264917 0.0419234 11.8212 0.00069486 1 0.0324513 -0.156397 0.05 71245.7
0 1616 3 phononTF 0.00106734 -1.3893 2.60602 -0.043956 24702.4 0.00034743 1 0.040069 -0.0988765 0.05 164348
0 1618 4 phononTS 0.000534717 -0.231461 0.100382 0.049999 7074.38 0.00034743 1 -0.0522843 -0.236147 0.05 33015.7
0 1625 5 phononTS 0.000811935 -4.27216 -1.41984 -0.00408906 220663 0.00034743 1 -0.0744895 -0.159805 0.05 366201
0 1627 4 phononTF 0.000817958 -2.20303 -0.00176313 0.049999 132.859 0.00034743 1 0.0926035 -0.226592 0.05 379302
0 1629 3 phononTS 0.000742534 -2.34605 0.0428657 0.049999 217.668 0.00034743 1 0.0833895 -0.270395 0.05 139047
0 1631 9 phononL 0.00110277 1.57788 -4.6732 -0.040006 208376 0.00034743 1 -0.0928011 -0.239395 0.05 224857
0 1638 3 phononTS 0.000576509 -2.31997 0.0829437 0.049999 461.184 0.00034743 1 0.0693921 -0.275674 0.05 78483.5
0 1644 6 phononTF 0.00153159 4.54992 -1.88618 0.0145461 176921 0.00034743 1 -0.048745 -0.169934 0.05 490724
0 1644 8 phononTS 0.000843979 -0.048745 -0.169934 0.049999 490724 0.00034743 1 -0.0361155 -0.269601 0.05 868359
0 1650 7 phononTS 0.00186135 -4.17423 -1.04619 0.0058072 10942.9 0.00034743 1 0.0383735 -0.101246 0.05 48245
0 1655 5 phononL 0.00129015 4.49079 4.41314 -0.0151446 38453.3 0.00034743 1 -0.0332141 -0.15456 0.05 63839.1
0 1655 7 phononTF 0.000585718 -0.0332141 -0.15456 0.049998 63839.1 0.00034743 1 -0.112588 -0.240318 0.05 63911
0 1655 4 phononL 0.00165752 4.49079 4.41314 -0.0151446 38453.3 0.00034743 1 0.0684308 -0.204162 0.05 222717
0 1655 17 phononTF 0.000518726 0.0684308 -0.204162 0.049999 222717 0.00034743 1 0.0621378 -0.217892 0.05 222965
0 1655 2 phononTS 0.00105233 -2.88353 -0.836557 -0.0401324 2598.15 0.00034743 1 0.0638165 -0.190056 0.05 152416
0 1655 29 phononTS 0.000568559 0.0638165 -0.190056 0.049999 152416 0.00034743 1 -0.0280391 -0.144345 0.05 152811
0 1658 5 phononTS 0.000727386 -0.080337 -1.50881 -0.0231275 56482.2 0.00034743 1 -0.0572899 -0.114641 0.05 74301.8
0 1664 4 phononTS 0.00112356 -4.36679 4.98278 0.0174098 73523 0.00034743 1 0.0362512 -0.154791 0.05 346286
0 1665 5 phononTS 0.000370478 -2.2364 0.0764865 0.049999 1485.78 0.00034743 1 -0.0526317 -0.193167 0.05 583299
0 1676 4 phononTF 0.00175034 -2.51601 -0.496136 0.0168538 3609.68 0.00069486 1 0.0231233 -0.141537 0.05 23942
0 1684 2 phononTS 0.000831639 -2.28564 0.0527647 0.049999 1038.81 0.00034743 1 0.0864817 -0.170039 0.05 613134
0 1688 2 phononTS 0.0012802 -2.60148 -0.510119 -0.0472386 1092.83 0.00069486 1 0.0347908 -0.233841 0.05 170967
0 1689 3 phononTS 0.00223582 -2.21167 0.689268 -0.021745 246.427 0.00069486 1 0.0467613 -0.194632 0.05 82775.6
0 1690 5 phononTF 0.00141732 -4.69751 -0.0966023 -0.0155376 35101.7 0.00069486 1 -0.0932653 -0.184496 0.05 131489
0 1694 4 phononL 0.000478504 -2.14554 0.102866 0.049999 1747.15 0.00034743 1 -0.0734945 -0.203413 0.05 526055
0 1699 4 phononTS 0.0016195 -2.9934 -2.3497 0.0160591 44330.5 0.00069486 1 -0.0255506 -0.112798 0.05 68722.9
0 1707 5 phononTF 0.00124589 -2.47319 1.6645 -0.0430864 3142.96 0.00069486 1 -0.0935466 -0.129609 0.05 146318
0 1707 7 phononTS 0.000498046 -0.0935466 -0.129609 0.049998 146318 0.00034743 1 -0.0324969 -0.244803 0.05 146465
0 1714 2 phononTS 0.00169628 -2.51822 -0.0116741 -0.029842 1065.16 0.00034743 1 0.0782338 -0.126389 0.05 123030
0 1719 2 phononL 0.00160606 -2.41028 0.30941 -0.0102583 59.1031 0.00069486 1 0.0182205 -0.238452 0.05 70222.6
0 1727 5 phononL 0.00081174 -2.71624 0.16783 -0.0187465 391519 0.00034743 1 0.116179 -0.19967 0.05 578470
0 1731 6 phononTF 0.000640404 3.50484 -0.244362 -0.007314 50461.2 0.00034743 1 0.0165149 -0.183463 0.05 202535
0 1744 2 phononTS 0.00164264 -2.48753 2.12246 -0.0367778 5039.65 0.00034743 1 0.0596237 -0.225509 0.05 31291.6
0 1744 5 phononL 0.00077356 0.0596237 -0.225509 0.049999 31291.6 0.00034743 1 0.0779348 -0.202987 0.05 32830.4
0 1745 3 phononTF 0.00260338 0.0773736 -2.73593 0.0176024 16579.1 0.00104229 1 0.0742035 -0.136489 0.05 54236.7
0 1747 4 phononL 0.000532951 -2.45027 0.0797457 0.049999 250.359 0.00034743 1 0.0732904 -0.23025 0.05 310007
0 1751 3 phononTF 0.00143828 -2.59666 -2.4609 0.00904614 5109.93 0.00034743 1 -0.0260495 -0.163267 0.05 92057.8
0 1763 3 phononTF 0.000727956 -2.93914 0.0687342 0.049999 9465.56 0.00034743 1 0.0474964 -0.168378 0.05 53125
0 1765 2 phononTS 0.00158298 -2.96609 0.531321 0.0458661 1904.71 0.00034743 1 -0.102418 -0.169942 0.05 195557
0 1767 2 phononTS 0.000693207 -2.49536 0.0175757 0.049999 224.686 0.00034743 1 -0.0407561 -0.210544 0.05 303996
0 1773 4 phononTF 0.000825859 -2.36299 0.0722746 0.049999 823.978 0.00034743 1 0.0719342 -0.121888 0.05 5076.74
0 1774 2 phononL 0.000797574 -3.80789 -1.2012 0.0100265 7228.09 0.00034743 1 0.0262142 -0.15827 0.05 372816
0 1778 3 phononTS 0.00186776 -2.56884 0.864409 0.00219029 5754.2 0.00034743 1 -0.091091 -0.130531 0.05 40589.6
0 1787 3 phononTS 0.00050342 -2.50105 0.079277 0.049999 459.269 0.00034743 1 -0.0763852 -0.113733 0.05 519490
0 1788 5 phononTS 0.00106064 -0.277219 2.79595 -0.0368875 164007 0.00034743 1 -0.0432596 -0.0961522 0.05 407679
0 1789 4 phononL 0.00186064 1.86434 -3.49764 0.00341375 11540.1 0.00034743 1 0.0964586 -0.234217 0.05 49586.7
0 1801 2 phononTS 0.000889517 -1.74978 0.0557521 0.049999 290.754 0.00034743 1 0.0430618 -0.213445 0.05 50597.3
0 1806 2 phononL 0.00062297 -1.3938 0.0430761 0.049999 1748.13 0.00034743 1 -0.0262709 -0.276926 0.05 57546.9
0 1808 9 phononTS 0.0012009 -4.59987 -2.93329 -0.0203453 323086 0.00034743 1 0.117146 -0.197369 0.05 406779
0 1808 6 phononTS 0.000608573 3.70647 3.17202 -0.0499489 232798 0.00034743 1 -0.0495941 -0.29546 0.05 387930
0 1826 3 phononTS 0.00164187 -2.41967 0.802136 -0.0177638 714.913 0.00069486 1 0.0415572 -0.126741 0.05 2738.92
0 1828 4 phononTS 0.000969773 2.12314 -0.335748 -0.0320825 8820.54 0.00069486 1 -0.0952025 -0.178177 0.05 168172
0 1833 3 phononTS 0.00174286 -3.88835 2.69822 0.0247492 17780 0.00034743 1 -0.0423628 -0.264486 0.05 77370.1
0 1835 4 phononTS 0.000395202 2.4628 2.76258 -0.0391489 67529 0.00034743 1 -0.0255726 -0.231272 0.05 217769
0 1845 5 phononL 0.00135836 1.97584 -3.7339 0.0481246 40242.6 0.00069486 1 0.0222526 -0.155496 0.05 207637
0 1850 6 phononTF 0.00101911 3.88361 -3.5695 0.0151444 68742 0.00034743 1 -0.0666833 -0.169784 0.05 79656.3
0 1855 4 phononL 0.000392583 -2.9388 0.0207656 0.049999 2261.45 0.00034743 1 -0.108962 -0.172568 0.05 288336
0 1861 5 phononL 0.000427442 -3.78318 0.0266756 0.049999 1594.61 0.00034743 1 -0.0414443 -0.125044 0.05 47781.2
0 1863 4 phononL 0.00159206 0.340053 1.59643 0.021487 12422.2 0.00034743 1 0.0376194 -0.234013 0.05 19401.8
0 1863 6 phononTS 0.000632316 0.0376194 -0.234013 0.049999 19401.8 0.00034743 1 0.0343883 -0.243701 0.05 19459.4
0 1863 2 phononL 0.00104618 -1.93416 0.806275 0.0297399 6904.43 0.00034743 1 -0.0827211 -0.277301 0.05 88403.2
0 1869 2 phononTS 0.00046437 -2.92666 0.0225836 0.049999 905.521 0.00034743 1 0.112073 -0.168554 0.05 273955
0 1871 3 phononL 0.000389051 -1.8741 0.0404369 0.049999 1380.59 0.00034743 1 0.0290711 -0.30262 0.05 13613.8
0 1873 5 phononTS 0.00116155 -0.205392 -4.38909 0.0252243 76668.2 0.00034743 1 0.112744 -0.194537 0.05 115395
0 1873 7 phononTS 0.000367217 0.112744 -0.194537 0.049999 115395 0.00034743 1 0.111656 -0.161425 0.05 115461
0 1897 7 phononL 0.00110551 4.67546 -3.91978 -0.0104682 298257 0.00034743 1 -0.0673576 -0.274062 0.05 373414
0 1902 4 phononTF 0.00183082 2.90155 0.0154249 -0.00934403 32271.9 0.00069486 1 -0.0847865 -0.171667 0.05 335372
0 1903 2 phononTF 0.00200094 -2.09614 0.166399 -0.0381652 716.295 0.00104229 1 -0.0354178 -0.250942 0.05 105076
0 1907 7 phononL 0.00068487 4.21527 0.530264 0.0221175 347456 0.00034743 1 0.0894577 -0.183734 0.05 842890
0 1907 4 phononL 0.00113308 -0.926726 4.87674 0.0378711 201396 0.00034743 1 0.0871473 -0.160004 0.05 288932
0 1911 2 phononTS 0.000643935 -2.14215 0.0713507 0.049999 821.147 0.00034743 1 -0.0831648 -0.242014 0.05 34902.4
0 1915 5 phononTS 0.00194129 3.77214 2.58831 0.0149157 46261 0.00034743 1 -0.0733997 -0.170008 0.05 181052
0 1915 4 phononTS 0.000740607 3.77214 2.58831 0.0149157 46261 0.00034743 1 -0.0829622 -0.213579 0.05 409498
0 1915 2 phononTF 0.0013181 -2.14708 0.184832 0.0300493 206.792 0.00069486 1 -0.0210955 -0.248675 0.05 242754
0 1916 4 phononTF 0.000883129 -2.29706 0.0245717 0.049998 1543.49 0.00034743 1 0.0418595 -0.164867 0.05 68490
0 1916 5 phononL 0.000348572 0.0418595 -0.164867 0.049999 68490 0.00034743 1 0.0962258 -0.201335 0.05 75598
0 1921 3 phononL 0.00165764 -2.14547 0.56514 -0.000179179 609.373 0.00034743 1 -0.0498911 -0.2996 0.05 38941.6
0 1922 5 phononTS 0.00101743 3.35676 -4.11668 0.046044 166440 0.00034743 1 -0.0871864 -0.193897 0.05 293562
0 1927 3 phononTF 0.000768568 -2.26059 0.0704721 0.049999 85.1179 0.00034743 1 0.0327827 -0.244146 0.05 79960.9
0 1931 3 phononTF 0.00221915 -2.43087 0.975414 -0.000946234 5645.62 0.00034743 1 -0.0666296 -0.210408 0.05 308720
0 1931 4 phononTS 0.00062485 -0.0666296 -0.210408 0.049999 308720 0.00034743 1 -0.07695 -0.200317 0.05 308777
0 1931 2 phononTS 0.00178085 -2.43087 0.975414 -0.000946234 5645.62 0.00034743 1 0.0864006 -0.240374 0.05 56986.5
0 1932 4 phononTS 0.000718884 -1.43571 0.0665447 0.049999 2034.75 0.00034743 1 0.0334014 -0.253441 0.05 4296.97
0 1932 8 phononTF 0.000348178 0.0334014 -0.253441 0.049999 4296.97 0.00034743 1 0.108977 -0.182871 0.05 89113.7
0 1933 2 phononTF 0.00212383 -2.66004 1.36341 -0.00789567 3657.9 0.00034743 1 -0.0525212 -0.230361 0.05 102320
0 1933 9 phononTS 0.000664261 -0.0525212 -0.230361 0.049999 102320 0.00034743 1 0.10793 -0.244426 0.05 152242
0 1944 2 phononL 0.000412029 -2.30717 0.0571979 0.049999 2514.67 0.00034743 1 0.0714328 -0.260927 0.05 210713
0 1946 4 phononTF 0.00100207 2.42211 -3.67835 0.0498431 61067.7 0.00069486 1 -0.0285634 -0.126126 0.05 101629
0 1950 2 phononTS 0.00129012 -0.684012 2.13994 -0.0353342 10937.5 0.00069486 1 -0.0473257 -0.16186 0.05 252127
0 1958 3 phononTF 0.000444457 -2.37843 0.00266427 0.049999 383.411 0.00034743 1 0.0480209 -0.151683 0.05 25996.4
0 1959 4 phononTS 0.00123734 -1.39303 -4.37738 -0.00863916 83568.6 0.00034743 1 0.0652694 -0.268751 0.05 86713.1
0 1959 7 phononTS 0.000736324 0.0652694 -0.268751 0.049999 86713.1 0.00034743 1 0.0324537 -0.290826 0.05 88725.4
0 1959 16 phononTS 0.000661582 -3.9959 1.65114 -0.0272073 16292.6 0.00034743 1 0.0833288 -0.25764 0.05 642790
0 1961 4 phononTF 0.000483605 -4.86194 -1.11697 -0.0403203 15013.9 0.00034743 1 -0.0289837 -0.102869 0.05 220695
0 1962 4 phononTF 0.000597013 -2.81152 0.0182479 0.049998 3873.7 0.00034743 1 0.0589013 -0.19882 0.05 9646.5
0 1972 3 phononL 0.000514403 -1.88948 0.0431677 0.049999 1208.07 0.00034743 1 -0.0964371 -0.242944 0.05 141660
0 1981 2 phononL 0.00161431 -1.20939 0.92227 -0.0413093 5156.86 0.00034743 1 -0.105719 -0.169451 0.05 205912
0 1981 4 phononTF 0.00056616 -0.105719 -0.169451 0.049999 205912 0.00034743 1 0.102649 -0.243342 0.05 633301
0 1984 4 phononTF 0.00128844 -0.198752 1.76219 -0.0230304 85296.3 0.00034743 1 0.0686856 -0.118305 0.05 126724
0 1989 5 phononTS 0.00218634 -3.89941 -0.339048 -0.0176597 21032.9 0.00034743 1 -0.0960223 -0.236221 0.05 97183.5
0 1989 8 phononTS 0.000379934 -0.0960223 -0.236221 0.049999 97183.5 0.00034743 1 -0.0725044 -0.152374 0.05 259989
0 1990 5 phononTS 0.00107425 4.09775 -0.918248 0.0288925 221680 0.00034743 1 -0.059729 -0.146233 0.05 280372
0 1990 4 phononTS 0.000944089 4.09775 -0.918248 0.0288925 221680 0.00034743 1 0.0503368 -0.253755 0.05 235702
0 1991 5 phononL 0.000452428 -1.21878 0.0883309 0.049998 1763.51 0.00034743 1 -0.0740285 -0.237276 0.05 237710
0 1995 4 phononTS 0.000735075 -2.54702 0.0584702 0.049999 2953.53 0.00034743 1 0.0351733 -0.201433 0.05 383677
0 1997 2 phononTS 0.00207839 -1.14232 0.507715 0.0469073 2446.17 0.00034743 1 0.0946615 -0.164741 0.05 30652.2
0 2000 3 phononTF 0.000606692 -2.46164 0.0882555 0.049999 473.929 0.00034743 1 -0.0913207 -0.21271 0.05 624758
0 2005 5 phononTF 0.00132804 -1.00545 -3.74988 0.0174533 88095.3 0.00034743 1 0.0811111 -0.277788 0.05 116918
0 2012 5 phononL 0.00226575 -1.00784 -1.14129 -0.0102274 21105.9 0.00034743 1 -0.0152422 -0.186616 0.05 109625
0 2012 7 phononTS 0.000523036 -0.0152422 -0.186616 0.049999 109625 0.00034743 1 -0.0856024 -0.239283 0.05 109962
0 2020 4 phononTS 0.000788205 -2.37996 0.0864376 0.049999 240.614 0.00034743 1 0.022883 -0.171562 0.05 270088
0 2027 4 phononTS 0.00067255 -3.94065 4.11245 -0.0394089 47354.2 0.00034743 1 0.0894867 -0.26817 0.05 261382
0 2033 2 phononL 0.000681989 -2.48917 0.0214507 0.049999 767.398 0.00034743 1 0.0351713 -0.212344 0.05 207424
0 2034 7 phononL 0.00124292 -2.24827 0.18929 0.0159902 1499.14 0.00034743 1 0.0807524 -0.249267 0.05 277292
0 2034 9 phononTS 0.000501543 0.0807524 -0.249267 0.049999 277292 0.00034743 1 0.0993044 -0.251182 0.05 277348
0 2036 3 phononTS 0.00156853 -2.24018 0.211655 -0.0175525 8.40917 0.00034743 1 0.0801326 -0.153974 0.05 9411.3
0 2042 4 phononTF 0.00101883 -3.88422 2.11242 -0.0214768 119983 0.00034743 1 -0.0588107 -0.284884 0.05 153887
0 2045 4 phononTS 0.00103353 -4.55478 1.48697 -0.0439423 91692.1 0.00034743 1 -0.080598 -0.190949 0.05 262624
0 2050 4 phononTF 0.00137194 -2.34792 2.53436 0.0385512 23731.1 0.00069486 1 -0.0403157 -0.186917 0.05 291057
0 2050 2 phononTF 0.000662801 -2.51541 2.20767 -0.0238517 22405.4 0.00034743 1 -0.09443 -0.163276 0.05 635741
0 2056 3 phononTS 0.00147528 -2.24931 0.221537 -0.0207276 19.3495 0.00034743 1 0.0486499 -0.206782 0.05 176003
0 2060 3 phononTS 0.00223227 0.0205404 0.690048 -0.024854 4369.19 0.00034743 1 -0.041087 -0.287136 0.05 133525
0 2071 2 phononTF 0.00225055 -1.58408 0.0973258 0.00273637 4245.9 0.00104229 1 -0.038075 -0.184494 0.05 81603.9
0 2076 2 phononTS 0.00135405 -2.07031 0.548666 0.000193526 8596.81 0.00034743 1 0.0293283 -0.300961 0.05 452642
0 2080 5 phononL 0.00174033 -4.64754 -1.3929 -0.000968034 36940.3 0.00034743 1 -0.0333852 -0.157579 0.05 296090
0 2080 7 phononTF 0.000905862 -0.0333852 -0.157579 0.049999 296090 0.00034743 1 -0.0333859 -0.283606 0.05 296157
0 2081 3 phononTF 0.00207134 -2.00348 1.00009 0.0327384 1343.05 0.00069486 1 0.0263616 -0.238884 0.05 98303
0 2081 7 phononTS 0.000555416 0.0263616 -0.238884 0.049999 98303 0.00034743 1 0.0253927 -0.126384 0.05 98540
0 2081 2 phononTF 0.00192866 -2.00348 1.00009 0.0327384 1343.05 0.00034743 1 0.0654692 -0.241922 0.05 36162.4
0 2084 3 phononTF 0.00113531 -1.39223 -0.3928 0.0367237 4462.25 0.00034743 1 -0.0516869 -0.29693 0.05 181137
0 2084 11 phononTS 0.000714901 -2.95498 0.402823 0.0254273 31561.4 0.00034743 1 -0.0310254 -0.133265 0.05 93313.3
0 2085 3 phononTF 0.0019502 -2.66732 0.172266 0.0423477 1106.61 0.00069486 1 0.0729047 -0.287654 0.05 5300.78
0 2086 2 phononTS 0.00247753 -4.18223 1.33837 -0.00427826 14269.8 0.00104229 1 -0.0701979 -0.239792 0.05 34053.7
0 2087 4 phononTS 0.00102682 -3.8945 4.89956 0.0475872 183901 0.00034743 1 0.0786035 -0.23773 0.05 274161
0 2091 4 phononL 0.00142295 0.232534 -4.03666 0.0355615 40627.9 0.00034743 1 0.100488 -0.216011 0.05 270636
0 2091 6 phononTS 0.000959474 0.100488 -0.216011 0.049999 270636 0.00034743 1 0.0251065 -0.285936 0.05 448241
0 2097 7 phononTF 0.0013006 -1.46297 0.461096 0.0221935 73736.6 0.00069486 1 0.0776027 -0.18124 0.05 277699
0 2099 3 phononTS 0.00271894 -1.51891 -0.361523 -0.0140386 3172.89 0.00069486 1 0.0396636 -0.17342 0.05 17017.5
0 2100 4 phononL 0.000533066 -2.64529 0.0736631 0.049999 6543.69 0.00034743 1 0.0812366 -0.156586 0.05 125358
0 2101 5 phononTF 0.000622437 -2.80004 0.0785531 0.049999 3948.23 0.00034743 1 0.0954746 -0.23221 0.05 210005
0 2105 7 phononTF 0.000606326 -1.99709 -4.03117 -0.0177231 141462 0.00034743 1 -0.0379176 -0.245568 0.05 202371
0 2113 2 phononTS 0.00192683 -2.34392 0.309649 -0.0427306 145.475 0.00104229 1 -0.0609968 -0.203401 0.05 16483.8
0 2114 2 phononL 0.000592816 -1.68779 0.0658195 0.049999 2137.99 0.00034743 1 -0.056058 -0.271259 0.05 83968.5
0 2115 5 phononTS 0.000448099 -2.23074 0.0471751 0.049999 819.252 0.00034743 1 0.106632 -0.25161 0.05 36540.4
0 2116 2 phononTS 0.00227012 -2.43836 1.41936 0.0109237 5755.04 0.00034743 1 0.0532296 -0.184581 0.05 81691.4
0 2116 5 phononTS 0.000732551 0.0532296 -0.184581 0.049999 81691.4 0.00034743 1 0.084931 -0.188851 0.05 81752.2
0 2121 3 phononTF 0.00218721 -1.28818 0.702831 0.00437129 5297.74 0.00069486 1 -0.0437822 -0.136573 0.05 107301
0 2123 4 phononTF 0.00133264 -3.72353 -0.99251 -0.0170933 74213.1 0.00034743 1 -0.0999063 -0.179909 0.05 79739.1
0 2123 8 phononTS 0.000352539 -0.0999063 -0.179909 0.049999 79739.1 0.00034743 1 -0.048539 -0.287923 0.05 196804
0 2133 4 phononTF 0.000406224 -2.38865 0.0118782 0.049998 341.386 0.00034743 1 -0.0420152 -0.144103 0.05 799104
0 2136 5 phononTF 0.000929396 -1.87769 3.35518 0.00290302 60821.8 0.00034743 1 -0.024825 -0.25787 0.05 82270.6
0 2136 12 phononTS 0.000978439 -3.85979 4.91903 -0.00119615 73982.5 0.00034743 1 0.0254681 -0.222573 0.05 280155
0 2138 3 phononTS 0.000597425 -1.94873 0.0197093 0.049999 428.603 0.00034743 1 -0.0646363 -0.145083 0.05 44194.4
0 2141 4 phononL 0.0013604 -1.10407 -3.03371 -0.0394671 34879.8 0.00034743 1 0.0444541 -0.234208 0.05 66031.3
0 2141 6 phononL 0.000961912 0.0444541 -0.234208 0.049999 66031.3 0.00034743 1 0.0853396 -0.164823 0.05 148955
0 2141 10 phononTF 0.000409248 0.0853396 -0.164823 0.049999 148955 0.00034743 1 0.0692313 -0.165279 0.05 149073
0 2144 4 phononTS 0.00119943 -3.58534 4.52768 0.0139625 158708 0.00069486 1 0.0651635 -0.11255 0.05 172148
0 2146 4 phononL 0.00121528 -2.1683 1.02791 -0.0118978 27114.5 0.00034743 1 -0.0601183 -0.141218 0.05 275165
0 2161 3 phononTF 0.000843555 -2.28004 0.00929841 0.049999 1526.36 0.00034743 1 0.0739461 -0.281055 0.05 270376
0 2164 3 phononTS 0.00144524 -2.11494 2.04878 -0.0305302 5565.2 0.00034743 1 -0.0930953 -0.129921 0.05 135146
0 2164 4 phononTS 0.00046019 -0.0930953 -0.129921 0.049999 135146 0.00034743 1 -0.0370089 -0.283767 0.05 135243
0 2164 2 phononL 0.00255476 -2.11494 2.04878 -0.0305302 5565.2 0.00069486 1 0.0616456 -0.264453 0.05 105058
0 2165 5 phononTF 0.000947589 -4.84789 3.2801 -0.00439389 17904.4 0.00034743 1 0.0856619 -0.273406 0.05 122639
0 2167 3 phononTF 0.0016513 -2.41252 -0.0431701 0.00469901 918.777 0.00069486 1 0.0388564 -0.208646 0.05 70534
0 2168 5 phononTS 0.00110928 -1.58622 -4.50189 0.0167065 55664.9 0.00034743 1 0.061669 -0.125166 0.05 128244
0 2177 2 phononTS 0.00124172 0.652622 0.790575 -0.0497187 9832.23 0.00034743 1 -0.0691236 -0.127965 0.05 10783.4
0 2180 3 phononL 0.00147833 -2.98394 1.25389 0.0419663 18519.1 0.00034743 1 0.0502077 -0.12771 0.05 280149
0 2180 6 phononTF 0.00100895 0.0502077 -0.12771 0.049999 280149 0.00069486 1 -0.0268744 -0.264952 0.05 280715
0 2181 4 phononTF 0.000611098 -3.11675 0.0742803 0.049999 6066.3 0.00034743 1 0.0315949 -0.305783 0.05 276720
0 2183 3 phononTF 0.0018533 -2.74605 1.60301 0.00965205 2046.09 0.00069486 1 0.0394678 -0.0985817 0.05 177644
0 2183 4 phononTF 0.000374171 0.0394678 -0.0985817 0.049999 177644 0.00034743 1 0.0665836 -0.164276 0.05 244700
0 2191 4 phononTS 0.00122529 1.92503 0.342343 -0.0347318 315813 0.00034743 1 0.0821389 -0.260669 0.05 487359
0 2200 2 phononTS 0.000836232 -2.24915 0.888994 0.0184358 1414.93 0.00034743 1 0.0804575 -0.183334 0.05 191891
0 2203 5 phononTF 0.00122234 -1.67223 2.55855 -0.00565107 298475 0.00034743 1 0.0319452 -0.149529 0.05 470820
0 2203 13 phononTS 0.00094787 -0.774293 -3.74808 -0.00477007 124478 0.00034743 1 -0.0517331 -0.237463 0.05 278026
0 2209 5 phononTF 0.000670304 4.48401 4.23175 -0.0411382 96893.1 0.00034743 1 -0.0691354 -0.211486 0.05 208147
0 2216 3 phononTF 0.00182683 -4.49504 2.66005 -0.00131386 9424.32 0.00034743 1 0.0171658 -0.210122 0.05 49009.9
0 2216 4 phononTS 0.000700513 0.0171658 -0.210122 0.049999 49009.9 0.00034743 1 0.0446483 -0.224765 0.05 49073.3
0 2223 3 phononTF 0.000914211 -2.74795 0.0752264 0.049999 610.896 0.00034743 1 0.0910365 -0.233205 0.05 288671
0 2224 4 phononL 0.000453045 -2.64711 0.0742028 0.049999 511.978 0.00034743 1 -0.0799543 -0.160402 0.05 13771
0 2236 2 phononTF 0.0004804 -2.26285 0.00812556 0.049999 327.246 0.00034743 1 0.0809878 -0.16456 0.05 328105
0 2238 2 phononL 0.00042224 -2.29212 0.0516867 0.049999 755.438 0.00034743 1 0.0611325 -0.106721 0.05 109553
0 2240 2 phononTF 0.00247898 -2.21873 0.545988 -0.0469805 384.531 0.00069486 1 0.118956 -0.212999 0.05 137558
0 2240 9 phononTS 0.000373961 0.118956 -0.212999 0.049999 137558 0.00034743 1 0.104102 -0.209968 0.05 137689
0 2245 5 phononTS 0.00110379 -4.00003 4.38628 -0.0364329 88121.8 0.00069486 1 -0.0523058 -0.273321 0.05 248038
0 2246 2 phononTS 0.00231821 -1.4723 0.527871 -0.0113735 1687.76 0.00069486 1 0.0295538 -0.221387 0.05 159338
0 2246 7 phononL 0.00050737 0.0295538 -0.221387 0.049999 159338 0.00034743 1 0.0490911 -0.210984 0.05 159516
0 2250 3 phononTS 0.00258954 -2.29323 0.791652 -0.0266318 639.206 0.00034743 1 0.0730467 -0.217271 0.05 108188
0 2250 4 phononL 0.000604577 0.0730467 -0.217271 0.049998 108188 0.00034743 1 0.0292207 -0.261147 0.05 108289
0 2250 2 phononTF 0.00141046 -2.29323 0.791652 -0.0266318 639.206 0.00069486 1 0.0603348 -0.295704 0.05 243946
0 2256 5 phononTS 0.00114759 -2.22859 0.682 -0.0172653 43306.9 0.00034743 1 0.0442502 -0.192772 0.05 211149
0 2257 2 phononL 0.000620693 -2.82665 0.0633365 0.049999 14697.8 0.00034743 1 0.0509095 -0.261412 0.05 404752
0 2263 3 phononTF 0.00186632 -2.82471 1.38154 -0.0234118 2020.86 0.00069486 1 0.0999676 -0.255587 0.05 95359.6
0 2265 3 phononTS 0.000606022 -2.28835 0.105065 0.049999 2325.93 0.00034743 1 -0.0127357 -0.210453 0.05 509761
0 2271 4 phononTS 0.000807134 -2.23389 0.0800605 0.049999 246.225 0.00034743 1 -0.0943515 -0.183827 0.05 469322
0 2298 5 phononTS 0.000963042 -0.247153 -0.0874393 -0.0482433 467218 0.00034743 1 0.0632147 -0.148743 0.05 688003
0 2307 3 phononTF 0.00135821 -2.01648 0.0812334 -0.0419533 1536.22 0.00034743 1 0.0577984 -0.222229 0.05 23460.4
0 2312 2 phononTF 0.00237462 -2.89581 0.38233 0.0160638 736.425 0.00034743 1 -0.0322202 -0.284939 0.05 3928.05
0 2312 5 phononTS 0.00151491 -0.0322202 -0.284939 0.049999 3928.05 0.00034743 1 0.0253364 -0.156838 0.05 251811
0 2314 3 phononTS 0.0025539 -2.23175 0.839071 0.0300907 1471.72 0.00034743 1 0.07513 -0.263985 0.05 69885.7
0 2314 4 phononL 0.00187319 0.07513 -0.263985 0.049999 69885.7 0.00069486 1 -0.0437401 -0.204838 0.05 145412
0 2318 5 phononTS 0.000882849 -2.74966 -0.767177 -0.00622835 12684.5 0.00034743 1 -0.0740011 -0.262205 0.05 197211
0 2329 2 phononTF 0.00188805 -0.977767 1.66736 0.017279 6786.45 0.00069486 1 0.0675836 -0.272639 0.05 194412
0 2342 3 phononTF 0.000671333 -2.6652 0.106321 0.049999 1723.64 0.00034743 1 -0.0694587 -0.148382 0.05 364244
0 2344 7 phononTF 0.00123267 -3.34122 4.72369 -0.00281127 294669 0.00034743 1 -0.0342001 -0.127944 0.05 405531
0 2344 11 phononTS 0.000364562 -0.0342001 -0.127944 0.049999 405531 0.00034743 1 -0.0797341 -0.205466 0.05 442354
0 2346 2 phononTS 0.00117845 -2.7242 1.41011 -0.0469812 9715.86 0.00034743 1 0.0558366 -0.201037 0.05 126215
0 2346 8 phononTS 0.000653441 0.0558366 -0.201037 0.049999 126215 0.00034743 1 0.0565623 -0.240773 0.05 126295
0 2358 4 phononTF 0.000837942 -4.60487 0.948266 -0.00391944 54762.3 0.00069486 1 0.0588884 -0.187556 0.05 293482
0 2359 2 phononTF 0.00165708 -4.40279 1.38431 -0.021814 12620.7 0.00034743 1 -0.0337052 -0.245989 0.05 22610.2
0 2359 9 phononTF 0.00081051 -0.0337052 -0.245989 0.049999 22610.2 0.00034743 1 -0.0477758 -0.17706 0.05 238279
0 2370 3 phononTS 0.00216744 -2.96884 0.830821 0.029549 3596.34 0.00034743 1 -0.0814444 -0.190809 0.05 204423
0 2370 7 phononTF 0.000682265 -0.0814444 -0.190809 0.049999 204423 0.00034743 1 -0.0401554 -0.231341 0.05 509737
0 2372 7 phononTS 0.00114734 4.57433 3.76486 -0.000269425 194914 0.00034743 1 -0.0560403 -0.152558 0.05 206139
0 2381 4 phononL 0.000489343 -2.15958 0.0546591 0.049999 148.081 0.00034743 1 -0.0625054 -0.280019 0.05 30290
0 2390 5 phononTF 0.00100919 -1.4501 2.10197 0.0104743 18620.3 0.00034743 1 -0.0378736 -0.192309 0.05 121665
0 2394 5 phononTF 0.000744602 -2.36243 0.0373041 0.049999 527.407 0.00034743 1 0.0166188 -0.179801 0.05 40569.1
0 2397 3 phononTS 0.00227855 0.190294 1.04288 0.0273547 8688.99 0.00069486 1 -0.107256 -0.22629 0.05 15621
0 2397 5 phononTF 0.000985392 -0.107256 -0.22629 0.049999 15621 0.00034743 1 0.0902044 -0.22761 0.05 15720.9
0 2397 13 phononTF 0.000604099 0.0902044 -0.22761 0.049999 15720.9 0.00034743 1 0.0790177 -0.243889 0.05 250521
0 2412 3 phononTF 0.00241694 -2.71535 0.613731 -0.0217272 2299.91 0.00069486 1 -0.0740951 -0.212039 0.05 81001.9
0 2417 5 phononTS 0.00136728 2.52763 2.36465 0.0105708 114732 0.00034743 1 0.0401702 -0.23001 0.05 442661
0 2422 5 phononL 0.00128022 2.0078 4.21111 0.00986861 13339.9 0.00034743 1 -0.112969 -0.188801 0.05 102711
0 2425 5 phononTS 0.00148379 1.37553 -3.29082 -0.0191095 129078 0.00034743 1 -0.114172 -0.195063 0.05 325699
0 2425 2 phononTF 0.00194119 -2.1704 0.819703 0.0274781 4236.2 0.00034743 1 0.0267322 -0.249256 0.05 223590
0 2426 2 phononTS 0.00172075 -3.0164 -0.228165 -0.00411443 2696.88 0.00138972 1 0.0425858 -0.290643 0.05 51991.4
0 2427 2 phononTF 0.00157839 -2.29515 0.292867 -0.00427631 11.6744 0.00069486 1 -0.0704357 -0.157123 0.05 129997
0 2430 5 phononTS 0.00169139 -3.41435 0.417608 -0.015367 5112.2 0.00034743 1 0.0294791 -0.166471 0.05 88671.6
0 2434 5 phononTS 0.0015152 -3.52951 0.924497 0.0291403 107815 0.00034743 1 -0.0176442 -0.159714 0.05 201023
0 2434 6 phononTS 0.000753119 -0.0176442 -0.159714 0.049999 201023 0.00034743 1 -0.0741589 -0.128102 0.05 201098
0 2435 6 phononL 0.000542812 -3.98548 2.34544 0.0186516 24577.4 0.00034743 1 0.0886149 -0.227131 0.05 219501
0 2436 3 phononTS 0.00146495 -2.2343 0.938419 -0.0297491 630.882 0.00069486 1 0.0350511 -0.219144 0.05 137992
0 2438 7 phononTS 0.00139153 1.86119 -0.389891 -0.0474934 30288.6 0.00069486 1 -0.0230927 -0.236407 0.05 106487
0 2438 12 phononL 0.000399651 -0.0230927 -0.236407 0.049999 106487 0.00034743 1 0.0479918 -0.279734 0.05 106849
0 2446 3 phononTS 0.00277341 -2.23663 0.218683 0.00847816 25.6855 0.00069486 1 0.103095 -0.201183 0.05 10766.6
0 2460 2 phononTS 0.000508362 -2.00252 0.0448086 0.049999 324.401 0.00034743 1 -0.0458945 -0.278292 0.05 25435.8
0 2467 4 phononTS 0.00085528 -3.63365 0.800498 0.0296948 78802 0.00034743 1 0.0803427 -0.222159 0.05 465115
0 2470 5 phononTS 0.00123447 -2.39978 -3.9692 -0.0253645 76210.4 0.00034743 1 -0.018433 -0.151864 0.05 127864
0 2472 3 phononL 0.00234667 -2.27779 0.419804 -0.0241216 82.1446 0.00034743 1 0.0239759 -0.277062 0.05 34762.4
0 2472 2 phononTS 0.00165333 -2.27779 0.419804 -0.0241216 82.1446 0.00034743 1 0.0421275 -0.275587 0.05 8001.55
0 2473 2 phononL 0.000480129 -2.43504 0.103057 0.049999 437.03 0.00034743 1 -0.051189 -0.250719 0.05 58769.3
0 2485 2 phononTF 0.000696156 -2.08853 0.072267 0.049999 3175.28 0.00034743 1 0.0425951 -0.239191 0.05 347217
0 2486 2 phononTF 0.00117269 -2.39073 -0.30166 -0.0383521 417.37 0.00034743 1 -0.016471 -0.214579 0.05 763508
0 2492 2 phononL 0.0004877 -3.1676 0.0296353 0.049999 1175.77 0.00034743 1 -0.0363271 -0.238209 0.05 454359
0 2498 3 phononL 0.000894036 -2.26459 0.10276 0.049999 498.064 0.00034743 1 0.0403438 -0.27954 0.05 139010
0 2503 3 phononTF 0.00232952 -2.36902 0.25993 -0.0359389 1301.71 0.00104229 1 0.106634 -0.185136 0.05 26456.4
0 2506 5 phononTS 0.00185047 3.54795 -4.62853 0.00925625 73397.6 0.00069486 1 0.0841758 -0.209993 0.05 306695
0 2510 5 phononTF 0.00137489 0.366716 -0.0453915 -0.0299546 21086.8 0.00034743 1 0.112704 -0.177757 0.05 206432
0 2519 5 phononTS 0.00165769 -2.00447 -4.90718 0.00584093 50276.6 0.00034743 1 0.0772678 -0.15079 0.05 123719
0 2522 2 phononL 0.000347967 -2.63624 0.0748605 0.049998 302.812 0.00034743 1 -0.0241842 -0.176432 0.05 393077
0 2523 4 phononTS 0.00171064 -3.35658 -1.02125 -0.00766327 82944 0.00069486 1 -0.0123721 -0.183704 0.05 385995
0 2524 3 phononTS 0.00173876 -2.84415 1.17106 0.0217071 8281.42 0.00034743 1 -0.0477778 -0.194621 0.05 460887
0 2524 8 phononTS 0.00134794 -3.25302 4.97574 -0.0426656 78262.5 0.00069486 1 -0.0678915 -0.144998 0.05 123516
0 2526 4 phononL 0.00103013 -4.3759 1.99708 0.0204663 102290 0.00034743 1 0.0437848 -0.230908 0.05 295997
0 2527 2 phononTF 0.00212284 -1.79032 0.325222 0.0140158 1089.43 0.00069486 1 -0.0588113 -0.126044 0.05 486221
0 2531 6 phononTF 0.000387066 2.82216 -3.89583 0.0220194 83281.8 0.00034743 1 -0.118103 -0.215761 0.05 333851
0 2532 2 phononL 0.00180024 0.375002 1.53979 -0.0216345 15127.4 0.00069486 1 -0.031705 -0.138723 0.05 16380.5
0 2535 3 phononL 0.00198623 -1.99247 0.850011 -0.00971117 445.664 0.00034743 1 -0.0185507 -0.156292 0.05 28608.7
0 2535 4 phononTF 0.000823925 -0.0185507 -0.156292 0.049999 28608.7 0.00034743 1 -0.0772053 -0.159053 0.05 28667.9
0 2535 9 phononTS 0.000413632 -0.0772053 -0.159053 0.049999 28667.9 0.00034743 1 0.0147081 -0.186513 0.05 391972
0 2536 6 phononTF 0.000743088 -4.88019 3.57916 -0.0274098 47126.9 0.00034743 1 0.0337495 -0.105009 0.05 208755
0 2542 3 phononTF 0.00215863 -2.52628 0.751024 -0.00546286 416.635 0.00104229 1 -0.0427918 -0.128518 0.05 244076
0 2545 3 phononTF 0.000849682 -2.20557 0.0415507 0.049999 1689.28 0.00034743 1 -0.0357391 -0.192715 0.05 277653
0 2545 5 phononL 0.000410604 -0.0357391 -0.192715 0.049999 277653 0.00034743 1 -0.0872628 -0.173267 0.05 277758
0 2547 2 phononL 0.00169397 -1.86647 0.865363 -0.020305 2702.57 0.00034743 1 -0.112863 -0.236819 0.05 44036
0 2555 7 phononL 0.00197052 0.619172 0.393047 0.00935168 23662.5 0.00069486 1 0.0299611 -0.147446 0.05 72600.9
0 2555 9 phononTS 0.000349946 0.0299611 -0.147446 0.049999 72600.9 0.00034743 1 -0.0770798 -0.141814 0.05 179671
0 2556 2 phononTS 0.00214526 -1.97995 0.815687 0.0463793 24131.3 0.00034743 1 0.110706 -0.191633 0.05 134073
0 2556 4 phononTS 0.000429811 0.110706 -0.191633 0.049999 134073 0.00034743 1 -0.0758597 -0.283983 0.05 145591
0 2565 2 phononTS 0.00230682 -1.92349 1.65181 0.00265171 7170.81 0.00069486 1 0.0626325 -0.132696 0.05 21118.8
0 2571 3 phononTS 0.00164494 -2.38688 0.538549 0.016866 1271.73 0.00034743 1 -0.0623218 -0.283351 0.05 150110
0 2571 7 phononTS 0.00049724 -0.0623218 -0.283351 0.049999 150110 0.00034743 1 -0.0140316 -0.223775 0.05 150992
0 2574 4 phononTS 0.000736386 -3.63934 -2.84931 -0.0499858 94321.6 0.00034743 1 0.0902471 -0.23725 0.05 294903
0 2576 5 phononTS 0.00160921 4.90094 4.75929 -0.019413 317413 0.00069486 1 0.029695 -0.240857 0.05 598183
0 2576 6 phononTS 0.000440078 0.029695 -0.240857 0.049999 598183 0.00034743 1 0.0555558 -0.130225 0.05 831082
0 2602 3 phononTS 0.000811116 -3.07739 0.0964182 0.049999 2102.14 0.00069486 1 0.106562 -0.24214 0.05 148377
0 2604 5 phononL 0.00174221 -2.01986 0.437625 -0.0392216 643.36 0.00069486 1 0.0550274 -0.203003 0.05 601574
0 2604 2 phononTF 0.00141343 -2.02985 0.45203 -0.043959 639.946 0.00034743 1 0.113072 -0.231244 0.05 331052
0 2605 4 phononTS 0.00062379 0.0412768 -4.57503 -0.0424126 510071 0.00034743 1 -0.0204642 -0.225464 0.05 1.05527e+06
0 2612 5 phononTS 0.00157134 -0.22877 -3.43079 0.0383681 64126.7 0.00069486 1 0.0882454 -0.178753 0.05 86577.7
0 2615 2 phononTS 0.00126553 -2.63512 -0.987591 -0.00738399 6200.64 0.00069486 1 -0.0360263 -0.175832 0.05 161327
0 2617 7 phononTS 0.00150749 0.719463 -1.95052 -0.0207763 20412 0.00034743 1 0.0277571 -0.257434 0.05 229266
0 2631 5 phononTS 0.00146088 2.13148 -3.66079 -0.0401864 212248 0.00034743 1 0.0539478 -0.217611 0.05 382629
0 2639 3 phononL 0.000855662 -2.34956 0.0981046 0.049998 196.617 0.00034743 1 -0.0589741 -0.181072 0.05 37973.3
0 2639 5 phononTF 0.000367648 -0.0589741 -0.181072 0.049999 37973.3 0.00034743 1 0.104096 -0.215705 0.05 56847.5
0 2641 2 phononTS 0.000725584 -3.09915 0.0156701 0.049999 1628.26 0.00034743 1 -0.0451079 -0.112767 0.05 244318
0 2649 3 phononL 0.000753202 -1.95378 0.00177417 0.049998 995.424 0.00034743 1 -0.0197745 -0.218953 0.05 371974
0 2653 2 phononL 0.00197001 -2.44845 0.763005 -0.0360821 3173.02 0.00104229 1 -0.0876892 -0.199214 0.05 492476
0 2656 4 phononTS 0.000652073 1.328 0.0441854 -0.0409019 124902 0.00034743 1 0.0705307 -0.261774 0.05 468445
0 2661 5 phononL 0.00047797 -2.4178 0.0674201 0.049999 404.473 0.00034743 1 -0.0659722 -0.137127 0.05 149405
0 2664 5 phononL 0.000439005 -2.05596 0.0305386 0.049999 112.82 0.00034743 1 0.0250074 -0.151625 0.05 49613.8
0 2668 4 phononTF 0.000613325 -2.35163 0.0363355 0.049999 226.143 0.00034743 1 -0.0808014 -0.21656 0.05 69579.5
0 2674 2 phononTF 0.00208267 -4.92355 4.21035 -0.0362288 21065.6 0.00034743 1 -0.0494429 -0.213149 0.05 264260
0 2688 3 phononL 0.000780031 -2.1746 0.102516 0.049999 67.1775 0.00034743 1 0.0940103 -0.257001 0.05 27718.8
0 2697 2 phononTF 0.00281801 -1.28762 -0.805082 0.0112069 8486.16 0.00034743 1 -0.0309212 -0.270338 0.05 32361.5
0 2697 5 phononTF 0.0016858 -0.0309212 -0.270338 0.049999 32361.5 0.00034743 1 -0.0624798 -0.251284 0.05 32420.2
0 2697 11 phononTF 0.000872167 -0.0624798 -0.251284 0.049999 32420.2 0.00034743 1 -0.061338 -0.164574 0.05 32519.4
0 2704 2 phononTF 0.00133168 -2.22643 0.260759 0.027527 7.01839 0.00034743 1 -0.033225 -0.183563 0.05 25054.4
0 2704 7 phononL 0.000388515 -0.033225 -0.183563 0.049999 25054.4 0.00034743 1 0.0404021 -0.103222 0.05 255888
0 2706 7 phononTF 0.000785944 4.0116 -4.59037 -0.0339488 132561 0.00034743 1 0.0451905 -0.264698 0.05 630862
0 2706 9 phononTS 0.000382592 0.0451905 -0.264698 0.049998 630862 0.00034743 1 0.101066 -0.226839 0.05 631534
0 2706 2 phononTF 0.00151146 -4.80633 -0.612852 -0.0364151 5711.51 0.00069486 1 0.0577214 -0.269486 0.05 46985.6
0 2707 4 phononTF 0.0012494 -2.29882 2.74254 -0.0437405 144613 0.00069486 1 -0.0270971 -0.136467 0.05 282216
0 2715 2 phononTS 0.00248915 -2.9994 1.55886 -0.016469 4065.82 0.00069486 1 -0.0388288 -0.201953 0.05 38334
0 2715 6 phononL 0.000698001 -0.0388288 -0.201953 0.049999 38334 0.00034743 1 0.0798067 -0.221046 0.05 38385.8
0 2717 3 phononTF 0.00177897 -2.47413 0.62627 0.0150348 6098.65 0.00034743 1 -0.0535222 -0.124352 0.05 100556
0 2723 4 phononTF 0.00123821 -1.26912 1.84607 -0.0248239 6545.32 0.00069486 1 -0.11968 -0.193044 0.05 22257.6
0 2724 5 phononL 0.00153851 -1.42241 3.52699 -0.0478315 11622.9 0.00069486 1 -0.0190964 -0.251636 0.05 219724
0 2724 6 phononTF 0.000651684 -0.0190964 -0.251636 0.049999 219724 0.00034743 1 0.0539955 -0.212505 0.05 219859
0 2724 2 phononTF 0.000854085 -2.07643 0.156756 -0.00450447 531.229 0.00034743 1 -0.0687862 -0.137102 0.05 288852
0 2728 3 phononTF 0.00236395 -1.96668 1.6407 -0.0333355 3490.2 0.00034743 1 -0.0914748 -0.251031 0.05 81398.7
0 2728 4 phononTS 0.000471624 -0.0914748 -0.251031 0.049999 81398.7 0.00034743 1 -0.044046 -0.185619 0.05 81471.9
0 2729 4 phononTS 0.0012382 -3.63417 -0.244324 -0.0415246 72377 0.00034743 1 0.100978 -0.246992 0.05 88452.3
0 2741 2 phononTS 0.00164942 -2.00506 0.602008 -0.027226 177.589 0.00104229 1 -0.0344573 -0.154882 0.05 337970
0 2743 6 phononTF 0.000550214 -2.40855 0.0918694 0.049999 538.977 0.00034743 1 0.085467 -0.199604 0.05 441482
0 2745 3 phononTF 0.00145454 -0.605252 -1.29036 -0.00717575 18347.3 0.00034743 1 -0.0928246 -0.217498 0.05 338425
0 2745 14 phononL 0.000690701 3.74589 -2.46807 -0.0275865 239827 0.00034743 1 -0.0797298 -0.210521 0.05 721899
0 2752 2 phononTF 0.0024238 -2.2873 -0.0802138 0.031748 2319.42 0.00034743 1 -0.0636867 -0.272009 0.05 63453.4
0 2752 7 phononTS 0.00127702 -0.0636867 -0.272009 0.049999 63453.4 0.00069486 1 -0.0438321 -0.24211 0.05 63514.4
0 2756 2 phononTS 0.00217077 -2.58384 1.12747 0.0365263 2921.79 0.00104229 1 0.0783491 -0.263416 0.05 48700.4
0 2765 3 phononL 0.00261938 -2.54567 -0.0806915 0.0436117 407.647 0.00034743 1 0.0422809 -0.116029 0.05 29039.9
0 2765 7 phononTS 0.00038581 0.0422809 -0.116029 0.049998 29039.9 0.00034743 1 -0.0444585 -0.142054 0.05 29115.4
0 2765 4 phononTF 0.00164622 0.0422809 -0.116029 0.049998 29039.9 0.00034743 1 0.0495482 -0.103303 0.05 29171.3
0 2767 3 phononTS 0.0017387 -2.25755 0.237879 -0.00946668 3.15153 0.00069486 1 -0.0265492 -0.181633 0.05 58420.3
0 2767 6 phononTS 0.000382099 -0.0265492 -0.181633 0.049999 58420.3 0.00034743 1 0.0584673 -0.276998 0.05 58757.1
0 2767 20 phononTS 0.00140988 1.02558 -2.44434 0.047097 30844.4 0.00034743 1 -0.0926905 -0.202786 0.05 129840
0 2781 5 phononL 0.00108785 2.16424 2.72159 -0.0186241 55281.7 0.00069486 1 -0.0542121 -0.19097 0.05 954956
0 2783 4 phononTS 0.000865455 -2.50399 0.091225 0.049999 308.583 0.00034743 1 -0.0297312 -0.163817 0.05 286972
0 2787 4 phononL 0.000410319 -2.28543 0.0582635 0.049999 4407.65 0.00034743 1 0.0210722 -0.169028 0.05 70433.3
0 2788 3 phononTS 0.00047663 -2.12873 0.0619404 0.049999 136.798 0.00034743 1 -0.0432948 -0.235054 0.05 113324
0 2796 4 phononTF 0.000856712 -2.50005 0.0776607 0.049999 1080.14 0.00034743 1 -0.0457184 -0.234703 0.05 713448
0 2796 6 phononTS 0.000380641 -0.0457184 -0.234703 0.049999 713448 0.00034743 1 -0.0189025 -0.21511 0.05 713577
0 2810 3 phononTS 0.00254249 -2.23685 1.46934 -0.0258201 4185.66 0.00034743 1 -0.0860871 -0.145572 0.05 47023.8
0 2810 6 phononTF 0.000442009 -0.0860871 -0.145572 0.049999 47023.8 0.00034743 1 0.0154507 -0.22159 0.05 47234.9
0 2810 2 phononTF 0.00145751 -2.23685 1.46934 -0.0258201 4185.66 0.00034743 1 0.117562 -0.218809 0.05 82865.3
0 2811 3 phononTS 0.000467567 -2.40552 0.0437073 0.049999 58.0272 0.00034743 1 -0.0565342 -0.19548 0.05 2332.6
0 2815 3 phononTS 0.00222167 -3.45979 -1.1086 -0.0455081 2871.34 0.00034743 1 0.0424516 -0.23507 0.05 35619
0 2815 5 phononTF 0.00114964 0.0424516 -0.23507 0.049999 35619 0.00034743 1 -0.0896313 -0.252333 0.05 37696.3
0 2821 2 phononTS 0.000566919 -0.614138 0.073037 0.049999 1558.49 0.00034743 1 -0.0519688 -0.19816 0.05 96632.9
0 2825 4 phononTS 0.00136074 0.486574 4.39143 -0.00409606 60189.3 0.00069486 1 0.0542049 -0.203967 0.05 90494.5
0 2827 5 phononTF 0.00195209 -3.87033 0.681134 0.0245083 31234.6 0.00034743 1 -0.0396393 -0.265673 0.05 42255.3
0 2827 6 phononTS 0.00080971 -0.0396393 -0.265673 0.049999 42255.3 0.00034743 1 -0.0764287 -0.258784 0.05 539600
0 2835 4 phononTF 0.000488676 -3.28732 -4.98072 3.46462e-06 22366.4 0.00034743 1 0.0860248 -0.221303 0.05 66852
0 2837 3 phononTF 0.000484053 -1.92913 0.0196681 0.049999 2406.91 0.00034743 1 0.0418928 -0.228531 0.05 183956
0 2846 5 phononL 0.00201837 4.27812 -1.20859 -0.00633898 59865.5 0.00069486 1 0.0591329 -0.280906 0.05 170222
0 2849 2 phononL 0.00197714 -3.31944 1.6291 -0.00359827 4788.06 0.00138972 1 -0.0467622 -0.0995138 0.05 29987
0 2852 3 phononTS 0.00124503 -2.25543 0.251257 0.00402418 1.3469 0.00034743 1 0.0893328 -0.217604 0.05 347278
0 2856 4 phononTF 0.000704386 -0.0590217 0.0686009 0.049999 5865.14 0.00034743 1 -0.0159211 -0.16275 0.05 7330.77
0 2857 2 phononTS 0.002798 -2.12042 -0.301814 0.00526254 2387.9 0.00104229 1 -0.0460137 -0.145258 0.05 71178.2
0 2860 4 phononTS 0.00155391 1.35371 4.41837 0.0216388 94049.1 0.00034743 1 -0.089689 -0.193649 0.05 209443
0 2864 5 phononTF 0.00157836 -1.69198 0.664627 -0.00444955 1202.41 0.00034743 1 -0.0212417 -0.246622 0.05 164438
0 2864 10 phononTS 0.000569556 -0.0212417 -0.246622 0.049999 164438 0.00034743 1 -0.0828857 -0.187993 0.05 233378
0 2867 6 phononTS 0.00049133 -2.3041 0.0574784 0.049999 530.533 0.00034743 1 0.0596915 -0.111752 0.05 284279
0 2871 2 phononL 0.0016121 -2.1753 0.581169 -0.0459196 2199.01 0.00034743 1 -0.0982416 -0.163477 0.05 122917
0 2873 3 phononTS 0.00187416 -0.902303 0.975127 -0.00924387 5995.63 0.00069486 1 -0.11426 -0.186976 0.05 51317.6
0 2873 18 phononTS 0.00119871 -4.62018 -2.36073 -0.0087892 103196 0.00034743 1 0.0280787 -0.106155 0.05 119000
0 2876 4 phononTS 0.000732383 -1.95597 0.0729139 0.049999 191.955 0.00034743 1 0.0941495 -0.255389 0.05 684649
0 2889 4 phononL 0.000689906 -4.87562 -4.79018 -0.0417338 61509.2 0.00034743 1 0.0385809 -0.149071 0.05 101858
0 2895 4 phononTS 0.000730756 1.55373 -0.446047 -0.0355311 182915 0.00034743 1 0.0483184 -0.264135 0.05 186339
0 2899 7 phononTS 0.00101668 -1.69618 -3.36166 0.0319984 36361.6 0.00034743 1 -0.0481687 -0.244484 0.05 194184
0 2901 4 phononTS 0.00112277 2.83759 1.76108 -0.0439329 82651.1 0.00034743 1 0.0520549 -0.109048 0.05 490842
0 2902 3 phononTS 0.00272515 -1.94545 0.00935637 0.00762559 216.994 0.00069486 1 -0.0288045 -0.254636 0.05 14893.6
0 2902 5 phononTS 0.00168754 -0.0288045 -0.254636 0.049999 14893.6 0.00069486 1 -0.0912305 -0.198802 0.05 15027.9
0 2902 2 phononL 0.00127485 -1.94545 0.00935637 0.00762559 216.994 0.00034743 1 -0.0468287 -0.280157 0.05 788355
0 2903 3 phononL 0.00149553 -4.08533 1.19295 -0.00497616 1907.05 0.00034743 1 0.0174983 -0.233852 0.05 238347
0 2906 3 phononTS 0.00241034 -1.64554 0.861277 -0.0409609 1086.65 0.00034743 1 0.106101 -0.188854 0.05 41963.6
0 2906 5 phononTS 0.00139116 0.106101 -0.188854 0.049999 41963.6 0.00034743 1 0.110316 -0.174726 0.05 41974.6
0 2909 3 phononTS 0.00155478 -1.72255 0.862331 0.0167744 2858.72 0.00069486 1 0.0383886 -0.193363 0.05 128214
0 2915 5 phononTF 0.000372144 -2.1264 0.0395319 0.049999 264.332 0.00034743 1 -0.0351063 -0.250356 0.05 2233.88
0 2917 3 phononTF 0.00196872 -4.69746 2.52855 -0.0237537 8014.6 0.00034743 1 0.0324287 -0.174956 0.05 294605
0 2921 5 phononTF 0.000890112 -4.5013 -1.5037 0.0187535 218032 0.00034743 1 0.0533867 -0.291668 0.05 300222
0 2921 13 phononTS 0.00156024 2.74678 0.734851 -0.0184452 153589 0.00034743 1 0.0560596 -0.268404 0.05 453782
0 2929 5 phononTS 0.000424421 -2.74287 0.0822944 0.049999 602.952 0.00034743 1 -0.0329928 -0.27997 0.05 116147
0 2932 9 phononTF 0.000493572 4.91642 1.24423 -0.036735 326617 0.00034743 1 -0.0702645 -0.245285 0.05 550309
0 2936 3 phononTS 0.00168408 -2.20485 0.28828 -0.0389838 779.176 0.00069486 1 0.0316018 -0.305161 0.05 91733
0 2936 12 phononTS 0.00112878 -3.57046 -2.7508 -0.0339706 11126.8 0.00034743 1 0.0811426 -0.16182 0.05 479679
0 2937 5 phononTS 0.000677998 -4.52952 0.182054 0.0188982 13177.6 0.00034743 1 -0.105052 -0.159665 0.05 15841.2
0 2937 2 phononL 0.00173384 -2.32996 -0.143965 0.041659 965.237 0.00069486 1 0.0332421 -0.187619 0.05 134574
0 2942 2 phononTF 0.00192896 -1.85444 1.03505 -0.0340632 2578.76 0.00069486 1 -0.0288051 -0.138096 0.05 22162.4
0 2948 3 phononL 0.000693287 -2.94156 0.0125693 0.049999 1029.43 0.00034743 1 0.0931165 -0.145098 0.05 184456
0 2950 2 phononTS 0.00190644 -2.68055 -0.337022 0.0314901 2635.85 0.00034743 1 0.0774376 -0.189159 0.05 44686.8
0 2950 6 phononTF 0.000425279 0.0774376 -0.189159 0.049999 44686.8 0.00034743 1 -0.0661005 -0.141283 0.05 44881
0 2950 4 phononTF 0.00102608 0.0774376 -0.189159 0.049999 44686.8 0.00034743 1 0.0441709 -0.268818 0.05 44763.4
0 2952 7 phononTS 0.00146245 -1.80651 1.66168 -0.0243069 12187.5 0.00034743 1 -0.0192057 -0.213238 0.05 69970.4
0 2955 2 phononTF 0.00213167 -1.6154 0.510931 0.0466547 4905.31 0.00069486 1 -0.0298643 -0.0989464 0.05 12970.1
0 2956 4 phononL 0.000502448 -2.98702 -3.07334 -0.00247111 10912.3 0.00034743 1 -0.0672805 -0.19429 0.05 114735
0 2962 5 phononTF 0.0012282 -1.90209 1.75788 0.0222892 6210.77 0.00034743 1 0.0903552 -0.184655 0.05 105791
0 2962 7 phononTS 0.000637778 0.0903552 -0.184655 0.049999 105791 0.00034743 1 -0.112382 -0.217826 0.05 105972
0 2964 5 phononTF 0.00132441 1.69297 4.48896 0.0218575 86414 0.00034743 1 0.0987945 -0.26467 0.05 189743
0 2965 7 phononL 0.00171251 -1.99504 4.03007 -0.0474875 117650 0.00034743 1 -0.114008 -0.22454 0.05 652965
0 2967 5 phononTF 0.00113295 -4.80571 4.45649 0.0450621 28074.5 0.00069486 1 0.108792 -0.243935 0.05 380754
0 2970 5 phononTS 0.00136942 -4.60866 -4.10701 0.0329144 24927.3 0.00034743 1 -0.092251 -0.127793 0.05 81273.6
0 2970 6 phononTF 0.000717103 -0.092251 -0.127793 0.049999 81273.6 0.00034743 1 -0.0452303 -0.208496 0.05 320313
0 2972 7 phononL 0.00125915 -1.18022 0.669471 0.0446116 139179 0.00034743 1 -0.104245 -0.176249 0.05 310819
0 2973 5 phononTS 0.00168058 -1.60716 1.88666 -0.0116339 13526.4 0.00034743 1 0.0553566 -0.183021 0.05 45179.4
0 2973 7 phononTS 0.000804785 0.0553566 -0.183021 0.049999 45179.4 0.00069486 1 -0.0495136 -0.295527 0.05 45271
0 2978 2 phononTF 0.00157407 -2.37125 -2.45696 0.0238999 7179.36 0.00034743 1 -0.0628209 -0.294857 0.05 273859
0 2979 6 phononTF 0.000431655 -1.91252 0.0650031 0.049999 389.558 0.00034743 1 0.108444 -0.1641 0.05 25804.6
0 2991 2 phononL 0.000804413 -2.15839 0.0406491 0.049999 852.545 0.00034743 1 0.0320147 -0.235606 0.05 253756
0 2996 2 phononTS 0.000806572 -3.3583 0.0641454 0.049999 3303.99 0.00034743 1 -0.0942857 -0.175739 0.05 160036
0 2996 5 phononTF 0.000444838 -0.0942857 -0.175739 0.049999 160036 0.00034743 1 -0.0641512 -0.174594 0.05 228718
0 3005 4 phononTF 0.000652111 -3.57486 -0.620785 0.0480337 418763 0.00034743 1 -0.0519464 -0.23215 0.05 509486
0 3010 2 phononTF 0.00194343 -2.0401 -1.20662 -0.0446846 2602.34 0.00034743 1 -0.0513655 -0.120406 0.05 57119.4
0 3016 3 phononTF 0.000887421 -2.25853 0.0370779 0.049999 1149.24 0.00034743 1 -0.0562956 -0.167966 0.05 197260
0 3027 4 phononL 0.00146485 0.396895 -1.50652 -0.0350534 97943.4 0.00034743 1 -0.0266871 -0.19112 0.05 99723.8
0 3027 6 phononTF 0.000879644 -0.0266871 -0.19112 0.049999 99723.8 0.00034743 1 0.0333722 -0.256296 0.05 99855.9
0 3028 4 phononL 0.00147821 -0.7929 -0.806246 0.0411552 73222.7 0.00034743 1 -0.0453914 -0.156448 0.05 348889
0 3028 7 phononTS 0.000660792 -0.0453914 -0.156448 0.049999 348889 0.00034743 1 -0.114407 -0.200145 0.05 348958
0 3032 2 phononTF 0.00187542 -2.22472 0.475675 0.0172259 681.079 0.00034743 1 -0.0474849 -0.159158 0.05 61180
0 3032 9 phononTF 0.000415849 -0.0474849 -0.159158 0.049999 61180 0.00034743 1 0.113994 -0.187074 0.05 152913
0 3033 2 phononTS 0.000613099 -2.1732 0.0964444 0.049999 154.483 0.00034743 1 0.0952604 -0.239788 0.05 25817.8
0 3035 2 phononL 0.00153752 -2.2335 0.617806 -0.00650553 1870.97 0.00034743 1 0.108534 -0.248057 0.05 490874
0 3040 2 phononTS 0.000936247 -2.31747 1.87914 -0.00242104 6144.8 0.00069486 1 -0.0303568 -0.239326 0.05 385027
0 3049 5 phononL 0.00125886 4.5795 -3.06625 0.0161206 48952 0.00069486 1 -0.0926416 -0.213048 0.05 196648
0 3053 3 phononL 0.00206709 -1.4088 1.49235 0.00742554 1190.12 0.00034743 1 -0.066775 -0.192722 0.05 9568.19
0 3053 10 phononTS 0.00102237 -4.27084 -1.53889 0.0397026 78075.1 0.00069486 1 0.0577083 -0.202974 0.05 477019
0 3056 3 phononTS 0.00216621 -2.95723 0.715074 0.012175 4233.61 0.00034743 1 -0.0267447 -0.143512 0.05 63843.2
0 3056 4 phononL 0.00061184 -0.0267447 -0.143512 0.049999 63843.2 0.00034743 1 -0.0413418 -0.178834 0.05 64059.4
0 3061 4 phononTF 0.000378961 -2.03908 0.0463037 0.049999 520.678 0.00034743 1 -0.0812734 -0.177985 0.05 239693
0 3063 4 phononL 0.00104905 -0.905192 1.51456 0.0359931 3962.57 0.00034743 1 -0.0460389 -0.19312 0.05 235087
0 3063 2 phononTS 0.00190842 -1.70535 0.887642 -0.00763468 1846.08 0.00034743 1 0.0888278 -0.154001 0.05 339029
0 3063 12 phononTS 0.00144039 0.0888278 -0.154001 0.049998 339029 0.00034743 1 0.0640295 -0.147331 0.05 339086
0 3072 2 phononL 0.000807308 -2.16317 0.0448737 0.049999 612.8 0.00034743 1 0.0283437 -0.261732 0.05 71894.4
0 3075 2 phononTS 0.00206015 -2.7174 0.971377 -0.0230055 10258.2 0.00069486 1 0.0809608 -0.268478 0.05 53571.2
0 3076 2 phononL 0.00190404 -2.73017 0.972638 -0.0465464 1627.45 0.00069486 1 0.0426665 -0.121008 0.05 10825.6
0 3084 3 phononTS 0.00215996 -2.1535 0.0944534 0.0136994 1052.82 0.00034743 1 0.0363374 -0.117596 0.05 32679.7
0 3084 5 phononTF 0.00140507 0.0363374 -0.117596 0.049999 32679.7 0.00034743 1 -0.0375422 -0.110607 0.05 32816.2
0 3084 9 phononTS 0.000390976 -0.0375422 -0.110607 0.049999 32816.2 0.00034743 1 -0.0159426 -0.218691 0.05 180770
0 3085 4 phononTS 0.000538022 -2.35359 0.0987038 0.049999 284.303 0.00034743 1 -0.107073 -0.227503 0.05 1175
0 3091 2 phononTS 0.00137775 -2.60089 0.5225 0.0267943 1826.68 0.00069486 1 -0.0466708 -0.241679 0.05 110845
0 3094 4 phononL 0.00118242 0.416712 2.14669 -0.00644515 87297.6 0.00069486 1 0.0471994 -0.114373 0.05 462447
0 3096 5 phononTF 0.00177302 1.1559 4.86697 -0.0494787 96501 0.00034743 1 -0.0185066 -0.196838 0.05 185441
0 3096 6 phononTS 0.000922398 -0.0185066 -0.196838 0.049999 185441 0.00034743 1 -0.0509097 -0.182889 0.05 185508
0 3104 7 phononTF 0.00127162 -2.40619 0.0577621 -0.0019234 66182.6 0.00034743 1 0.0266481 -0.118945 0.05 412481
0 3111 2 phononTS 0.00229621 -3.19061 0.792575 -0.0170718 10094.3 0.00069486 1 0.0731725 -0.182958 0.05 17036.5
0 3114 3 phononTS 0.00220742 -1.5487 -0.413759 0.0387195 1421.48 0.00104229 1 -0.0465622 -0.228279 0.05 9622.97
0 3114 4 phononL 0.000966066 -0.0465622 -0.228279 0.049999 9622.97 0.00034743 1 -0.033074 -0.171804 0.05 9737.7
0 3114 17 phononL 0.000552868 -0.033074 -0.171804 0.049999 9737.7 0.00034743 1 -0.03188 -0.256207 0.05 75610.2
0 3119 5 phononTF 0.00205744 0.824826 2.91079 -0.0383004 25235.6 0.00034743 1 0.0669036 -0.178248 0.05 39902.2
0 3122 5 phononTS 0.00071527 -1.6742 -1.65672 -0.0231504 45002.9 0.00034743 1 0.0225622 -0.267352 0.05 151346
0 3123 2 phononTF 0.00169895 -2.78577 0.388732 0.024876 1364.11 0.00069486 1 -0.0895468 -0.132603 0.05 101611
0 3123 12 phononL 0.000499592 -0.0895468 -0.132603 0.049999 101611 0.00034743 1 -0.0218272 -0.176005 0.05 101657
0 3129 4 phononTS 0.00149735 -0.168187 -0.435394 -0.0251322 4373.85 0.00034743 1 0.0928944 -0.147836 0.05 153809
0 3148 3 phononTF 0.0020964 -1.93461 -1.04772 -0.00707116 7793.5 0.00034743 1 -0.108995 -0.248547 0.05 20902.7
0 3148 4 phononTS 0.00147563 -0.108995 -0.248547 0.049999 20902.7 0.00034743 1 -0.0788832 -0.197086 0.05 235152
0 3154 4 phononTS 0.00106776 -2.83003 -2.61316 -0.00785031 68761.5 0.00069486 1 -0.0947217 -0.150882 0.05 80002
0 3154 2 phononTF 0.00187872 -3.76063 2.99031 0.027207 13534.9 0.00069486 1 0.10226 -0.144062 0.05 112525
0 3154 18 phononTF 0.000526357 0.10226 -0.144062 0.049998 112525 0.00034743 1 0.0851984 -0.152102 0.05 112585
0 3155 3 phononTS 0.00125868 -3.4347 -1.08037 -0.0267539 8162.28 0.00034743 1 0.0932418 -0.223272 0.05 27925.3
0 3155 12 phononTF 0.000955351 -1.79988 1.67521 0.0136523 71062.2 0.00034743 1 -0.0264369 -0.126798 0.05 163872
0 3156 2 phononTS 0.000852776 -2.32547 0.0747388 0.049999 65.5119 0.00034743 1 0.0939575 -0.239948 0.05 609418
0 3159 3 phononL 0.00131229 -3.22345 -0.117138 0.0215338 4734.53 0.00034743 1 0.0343546 -0.279799 0.05 138750
0 3159 6 phononTF 0.000843403 0.0343546 -0.279799 0.049999 138750 0.00034743 1 -0.0322942 -0.201708 0.05 138819
0 3164 5 phononTS 0.000493059 -2.18132 0.00816077 0.049999 123.552 0.00034743 1 -0.0227919 -0.241697 0.05 100326
0 3165 3 phononL 0.00202256 -2.12841 0.300553 -0.00604474 106.89 0.00034743 1 0.0320338 -0.137592 0.05 15105.9
0 3165 2 phononL 0.00197744 -2.12841 0.300553 -0.00604474 106.89 0.00069486 1 0.0386528 -0.204679 0.05 21903.2
0 3177 2 phononL 0.000658332 -2.35383 0.0993342 0.049999 116.07 0.00034743 1 -0.0471729 -0.137409 0.05 247324
0 3183 7 phononTS 0.00197069 -4.81775 -0.905114 -0.0111676 20535.4 0.00034743 1 0.0892418 -0.223896 0.05 48128.9
0 3185 5 phononTF 0.000554934 -2.70983 0.0729242 0.049999 573.059 0.00034743 1 0.0732319 -0.231749 0.05 360424
0 3206 2 phononTS 0.00105133 -2.4863 1.73149 -0.00903172 14888.2 0.00034743 1 0.0851191 -0.127506 0.05 70592.1
0 3210 6 phononTS 0.000951255 0.642947 2.64823 0.039284 184687 0.00034743 1 0.105032 -0.164656 0.05 254439
0 3210 8 phononTF 0.000413106 0.105032 -0.164656 0.049999 254439 0.00034743 1 0.0207546 -0.166209 0.05 254502
0 3214 5 phononTF 0.00129969 0.728175 -0.966138 -0.0113718 17879.2 0.00069486 1 -0.0365398 -0.11307 0.05 24178
0 3215 5 phononTF 0.0010876 1.30209 1.84519 -0.0314332 136543 0.00034743 1 0.0869618 -0.128355 0.05 190038
0 3215 2 phononTS 0.00195594 -1.73422 0.75032 0.00182732 2682.98 0.00034743 1 -0.0642646 -0.188757 0.05 203494
0 3215 13 phononL 0.000701448 -0.0642646 -0.188757 0.049999 203494 0.00034743 1 0.0900289 -0.204852 0.05 203686
0 3216 2 phononTS 0.00228095 -2.19095 0.204098 0.0305361 20.4476 0.00034743 1 0.10327 -0.223022 0.05 34018.6
0 3216 6 phononTF 0.00184312 0.10327 -0.223022 0.049999 34018.6 0.00034743 1 -0.0763657 -0.182206 0.05 34252.8
0 3219 2 phononTS 0.001761 -1.79103 -0.173989 -0.0462851 599.445 0.00034743 1 0.0370001 -0.258753 0.05 334078
0 3219 6 phononTS 0.00096623 0.0370001 -0.258753 0.049999 334078 0.00034743 1 0.0309289 -0.201952 0.05 590117
0 3224 5 phononTS 0.00146648 -4.97796 3.18449 0.0462521 87488 0.00034743 1 -0.0367416 -0.278455 0.05 383781
0 3225 3 phononTS 0.00266204 -2.64738 2.28094 -0.0430618 8318.46 0.00069486 1 -0.106169 -0.239191 0.05 109368
0 3225 16 phononTS 0.000637483 1.98918 3.10613 0.0142642 219122 0.00034743 1 0.096405 -0.172702 0.05 344801
0 3233 4 phononTS 0.000788446 -1.89608 0.102122 0.049999 575.256 0.00034743 1 -0.0338006 -0.268164 0.05 52790.7
0 3246 5 phononTS 0.000463318 -2.03153 0.0614834 0.049999 399.19 0.00034743 1 -0.0178276 -0.151495 0.05 146531
0 3251 2 phononTF 0.000962315 -1.64787 1.26013 -0.0429163 7073.07 0.00034743 1 -0.0724595 -0.131357 0.05 263726
0 3253 3 phononTF 0.00135868 -2.27557 0.238108 0.0217978 18.608 0.00034743 1 -0.0246978 -0.14921 0.05 12032
0 3253 7 phononTF 0.000452555 -0.0246978 -0.14921 0.049999 12032 0.00034743 1 -0.0721323 -0.148059 0.05 12204.7
0 3253 5 phononL 0.000525871 -0.0246978 -0.14921 0.049999 12032 0.00034743 1 -0.0511617 -0.112047 0.05 507162
0 3258 3 phononTS 0.00223304 -1.93064 0.885976 -0.02658 1446.41 0.00069486 1 -0.0494998 -0.126732 0.05 85983
0 3274 5 phononTF 0.000700304 -2.48484 0.0603425 0.049999 79.6723 0.00034743 1 0.0586538 -0.191895 0.05 81450
0 3286 4 phononTF 0.00133048 -0.992922 -0.225555 0.00919299 34973.5 0.00034743 1 0.113725 -0.17712 0.05 81313.9
0 3286 7 phononL 0.000658925 0.113725 -0.17712 0.049999 81313.9 0.00034743 1 0.0704522 -0.247637 0.05 113102
0 3295 2 phononTS 0.00231085 -1.58181 0.305218 0.0358099 2390.12 0.00034743 1 0.056569 -0.103466 0.05 13073.7
0 3297 2 phononTS 0.00242607 -2.33593 0.412517 0.0292664 35.9847 0.00069486 1 0.0478986 -0.266993 0.05 110220
0 3300 5 phononTS 0.000623871 -2.3153 0.073705 0.049999 87.2898 0.00034743 1 -0.0335493 -0.107571 0.05 32746.2
0 3301 5 phononTF 0.000971191 -4.68189 1.21424 0.0389862 43954.4 0.00034743 1 -0.0499758 -0.1709 0.05 600185
0 3303 5 phononTF 0.00159625 -2.26462 0.169161 0.0297488 3381.41 0.00034743 1 0.0911071 -0.165559 0.05 274423
0 3303 6 phononTS 0.000830074 0.0911071 -0.165559 0.049998 274423 0.00034743 1 0.0824338 -0.187274 0.05 274485
0 3305 3 phononTS 0.000836988 -2.46224 0.138133 0.020184 378.357 0.00034743 1 0.0397596 -0.164205 0.05 309809
0 3306 5 phononTS 0.00149812 -2.43044 -0.930626 0.0289599 17880.7 0.00069486 1 0.0743832 -0.282329 0.05 52047.2
0 3308 4 phononTS 0.000815982 -4.73378 0.236701 -0.0137355 271807 0.00034743 1 -0.0796461 -0.214872 0.05 771513
0 3312 5 phononTS 0.00192314 3.74423 2.55836 0.0389239 143293 0.00034743 1 -0.028626 -0.140356 0.05 358921
0 3314 4 phononL 0.00134649 -2.69897 2.63782 -0.0435495 433492 0.00069486 1 0.0283654 -0.192423 0.05 915167
0 3318 4 phononTS 0.000631195 -2.56902 0.0853647 0.049999 220.644 0.00034743 1 0.106243 -0.186226 0.05 80063.9
0 3321 3 phononTF 0.0015139 -2.45663 0.524513 0.0151561 1519.49 0.00069486 1 -0.0389377 -0.0968387 0.05 187592
0 3322 2 phononTS 0.00164531 -2.1768 -0.633097 0.0279727 862.489 0.00034743 1 -0.0729667 -0.271385 0.05 164752
0 3327 2 phononTS 0.000626421 -1.64645 0.0626381 0.049999 2663.39 0.00034743 1 -0.0955713 -0.15091 0.05 644564
0 3329 2 phononTF 0.000907054 -2.09622 0.453951 0.0389041 284.688 0.00034743 1 -0.0388962 -0.184422 0.05 49342.3
0 3347 2 phononL 0.00063838 -3.56955 0.582248 -0.0214604 2620.79 0.00034743 1 0.0344455 -0.216217 0.05 371210
0 3350 3 phononTF 0.00224683 -2.70607 0.023698 -0.0325812 1083.24 0.00104229 1 0.0423254 -0.2786 0.05 17526.6
0 3352 3 phononTS 0.00219594 -1.67253 2.19366 -0.0253272 14121 0.00034743 1 -0.0602225 -0.29723 0.05 51098.8
0 3353 3 phononTS 0.000711029 -2.02858 0.0934008 0.049998 370.564 0.00034743 1 -0.0897007 -0.145943 0.05 27942
0 3362 5 phononL 0.0013666 -4.36122 2.08458 -0.00699009 2822.64 0.00034743 1 -0.0840161 -0.181882 0.05 76759.7
0 3362 6 phononTS 0.000448869 -0.0840161 -0.181882 0.049999 76759.7 0.00034743 1 0.0863783 -0.275209 0.05 125415
0 3362 2 phononTS 0.00149758 -3.91578 1.77133 -0.021006 2216.36 0.00104229 1 -0.0987868 -0.222079 0.05 66250.8
0 3368 5 phononTF 0.000877356 -1.53385 0.840942 0.0182868 10110.9 0.00034743 1 0.0684984 -0.223819 0.05 522935
0 3384 2 phononTF 0.00058056 -2.08933 0.03194 0.049999 1520.06 0.00034743 1 0.0579705 -0.274888 0.05 59550.3
0 3409 3 phononL 0.00131098 0.247096 -1.02594 -0.0159265 3314.57 0.00034743 1 -0.0984703 -0.182262 0.05 363504
0 3409 8 phononTF 0.0017048 1.29879 -0.926873 0.0355277 8244.8 0.00034743 1 0.0284822 -0.210604 0.05 276546
0 3409 10 phononTS 0.000913853 0.0284822 -0.210604 0.049999 276546 0.00034743 1 0.0147112 -0.207029 0.05 276603
0 3415 2 phononTF 0.000821395 -2.29029 0.0170284 0.049999 234.521 0.00034743 1 -0.0327089 -0.267519 0.05 578752
0 3426 2 phononTF 0.00216755 -2.50742 -0.93045 0.0214819 1295.2 0.00034743 1 0.0295618 -0.191253 0.05 43585
0 3426 6 phononTF 0.000354466 0.0295618 -0.191253 0.049999 43585 0.00034743 1 -0.0202012 -0.15987 0.05 43646
0 3427 2 phononTS 0.00172162 -1.48194 1.68016 0.0447663 12208.9 0.00069486 1 0.0768083 -0.198849 0.05 438875
0 3427 7 phononTF 0.000577936 0.0768083 -0.198849 0.049999 438875 0.00034743 1 0.0548974 -0.254059 0.05 701941
0 3434 7 phononTS 0.0010935 -0.927039 0.036696 -0.00743491 488500 0.00034743 1 -0.0218288 -0.185485 0.05 491776
0 3437 7 phononTF 0.00156844 -1.96908 -2.07085 0.0381633 65648.7 0.00104229 1 -0.0393433 -0.167401 0.05 186991
0 3441 4 phononTF 0.00105395 0.55561 4.46078 -0.0160893 160743 0.00034743 1 0.0533513 -0.126057 0.05 162926
0 3442 3 phononTS 0.00128283 -1.91013 1.34684 0.0186583 6208.73 0.00034743 1 0.0734651 -0.20352 0.05 27416.9
0 3442 5 phononTS 0.000599278 0.0734651 -0.20352 0.049999 27416.9 0.00034743 1 0.0879746 -0.217385 0.05 27476.1
0 3449 4 phononTS 0.000517074 -1.99228 0.0944328 0.049999 539.287 0.00034743 1 0.0749285 -0.193027 0.05 12973.8
0 3451 4 phononTF 0.000820907 -0.314813 -2.78386 -0.00656145 118196 0.00034743 1 -0.0428143 -0.207307 0.05 324472
0 3452 2 phononTF 0.00257718 -3.41783 0.730237 0.00414173 1435.59 0.00034743 1 -0.0426985 -0.129506 0.05 31028
0 3454 4 phononTF 0.00059928 -2.23404 0.067454 0.049999 74.2283 0.00034743 1 0.109019 -0.219646 0.05 160507
0 3457 4 phononTS 0.00102106 -1.50979 0.337497 0.0367988 7212.27 0.00034743 1 0.0805188 -0.216484 0.05 12410.5
0 3471 6 phononL 0.000584744 -4.46598 3.82173 0.00317561 158120 0.00034743 1 0.0973469 -0.164914 0.05 284014
0 3474 4 phononTF 0.00090269 -2.7185 0.0731316 0.049999 393.347 0.00034743 1 -0.0330605 -0.121598 0.05 35158.4
0 3480 2 phononTS 0.00121932 -1.96278 0.178917 -0.0152945 248.565 0.00034743 1 0.0316538 -0.235554 0.05 30834.6
0 3480 6 phononTF 0.000660987 0.0316538 -0.235554 0.049999 30834.6 0.00034743 1 -0.0658599 -0.237127 0.05 30899.7
0 3481 6 phononTS 0.00132499 1.51965 4.33981 0.0463833 102809 0.00034743 1 -0.0955208 -0.246373 0.05 237638
0 3481 9 phononTF 0.000890327 -0.0955208 -0.246373 0.049999 237638 0.00034743 1 -0.084382 -0.264538 0.05 237760
0 3486 3 phononTF 0.00175453 -2.12039 0.659031 -0.00554386 309.172 0.00069486 1 -0.0279684 -0.175471 0.05 4624.81
0 3488 4 phononTS 0.000348977 -2.1376 0.0586059 0.049999 228.743 0.00034743 1 -0.0798555 -0.237067 0.05 82891.7
0 3494 4 phononTF 0.00123538 -0.44625 -0.457993 0.0364901 54976.9 0.00034743 1 0.0364592 -0.231438 0.05 262602
0 3499 2 phononTS 0.00146725 -3.53228 -0.688983 -0.00537705 4728.23 0.00034743 1 0.0486508 -0.287685 0.05 7057.02
0 3504 2 phononL 0.00226003 -1.28775 0.237567 -0.0135126 1284.26 0.00069486 1 0.0671171 -0.163217 0.05 13746.4
0 3507 9 phononTF 0.000871274 3.11518 3.78071 0.0420549 84987.2 0.00034743 1 0.0306477 -0.207198 0.05 655586
0 3508 4 phononTS 0.000463093 -0.584906 -0.555158 -0.00158305 116439 0.00034743 1 -0.0682981 -0.142026 0.05 463967
0 3509 7 phononTS 0.00187383 -2.22884 -2.98281 0.0496088 234429 0.00034743 1 -0.110996 -0.203005 0.05 343121
0 3509 9 phononL 0.000490299 -0.110996 -0.203005 0.049999 343121 0.00034743 1 -0.0630439 -0.223272 0.05 343288
0 3517 4 phononL 0.000461338 -2.20995 0.0458988 0.049999 600.094 0.00034743 1 0.0508809 -0.228291 0.05 585457
0 3518 2 phononTS 0.00239281 -2.67264 0.241562 -0.0411206 2477.29 0.00069486 1 -0.083118 -0.270657 0.05 31780.9
0 3518 8 phononTS 0.000760513 -0.083118 -0.270657 0.049999 31780.9 0.00034743 1 -0.0730437 -0.263006 0.05 31837.4
0 3526 4 phononTS 0.00226259 -3.89487 1.61707 0.0289312 62790.5 0.00069486 1 0.0746342 -0.171625 0.05 83244.6
0 3529 2 phononTS 0.00163499 -2.06998 0.567051 -0.0130271 1440.94 0.00069486 1 -0.041524 -0.288456 0.05 157586
0 3531 3 phononTS 0.00199489 -3.56288 -0.0915603 0.0305595 10181.4 0.00069486 1 -0.0616813 -0.286857 0.05 93879.6
0 3531 9 phononTS 0.000352185 -0.0616813 -0.286857 0.049998 93879.6 0.00034743 1 0.0210088 -0.160197 0.05 93971.4
0 3531 4 phononTF 0.000774196 -0.0616813 -0.286857 0.049998 93879.6 0.00034743 1 -0.0406157 -0.150872 0.05 94029.4
0 3535 5 phononTS 0.000353621 -2.48359 0.01927 0.049999 1832.04 0.00034743 1 0.0686825 -0.1812 0.05 19058.7
0 3537 6 phononTS 0.000860354 -0.652685 4.4331 0.0495576 17475.3 0.00034743 1 0.104273 -0.202512 0.05 116164
0 3538 2 phononTF 0.00277845 -2.5214 1.6391 -0.0285224 4020.63 0.00034743 1 -0.0870131 -0.17777 0.05 20421.4
0 3540 2 phononL 0.0018215 -2.27618 0.206675 -0.00241672 26.6117 0.00034743 1 -0.115518 -0.20276 0.05 66532.1
0 3548 2 phononTF 0.00221787 -2.55685 -0.730106 0.00594176 2031.09 0.00104229 1 0.083546 -0.234685 0.05 88492.7
0 3554 2 phononL 0.00184727 -2.41925 0.337032 0.0321047 173.426 0.00034743 1 0.0976305 -0.211298 0.05 115638
0 3554 4 phononTF 0.000781916 0.0976305 -0.211298 0.049999 115638 0.00034743 1 -0.0879351 -0.245052 0.05 325651
0 3556 4 phononTS 0.000909518 -2.64418 4.24069 -0.0333379 197381 0.00034743 1 -0.0643137 -0.157505 0.05 592676
0 3557 4 phononTF 0.00131591 -1.41219 -0.547765 -0.0395693 30595.8 0.00034743 1 0.039613 -0.122712 0.05 33297.4
0 3557 6 phononTF 0.000454865 0.039613 -0.122712 0.049999 33297.4 0.00034743 1 0.114962 -0.207717 0.05 33443
0 3557 2 phononTF 0.00128801 -2.31222 0.340413 -0.0246947 57.9746 0.00034743 1 -0.0293793 -0.232855 0.05 92556.8
0 3558 2 phononTF 0.000919202 -2.01301 0.0787689 0.049999 158.55 0.00034743 1 0.0563731 -0.135793 0.05 20913.1
0 3563 3 phononTS 0.00202567 -4.65004 1.3157 0.0481476 11585.1 0.00034743 1 -0.0415416 -0.100773 0.05 41654.1
0 3563 6 phononTS 0.00152406 -0.0415416 -0.100773 0.049999 41654.1 0.00034743 1 -0.0851946 -0.135784 0.05 41720.1
0 3563 10 phononTF 0.00080804 -0.0851946 -0.135784 0.049998 41720.1 0.00034743 1 -0.0361161 -0.231868 0.05 41917.6
0 3569 5 phononTF 0.00128968 4.84021 3.71823 0.0381675 19400.9 0.00034743 1 0.0437498 -0.130616 0.05 150786
0 3572 3 phononTS 0.00260084 -2.36281 -0.228646 0.0313177 2215.63 0.00138972 1 -0.0306727 -0.197859 0.05 59500.2
0 3575 5 phononTS 0.000757748 -1.61959 4.08892 -0.0476077 47554.3 0.00034743 1 -0.0476841 -0.151072 0.05 204457
0 3577 4 phononTS 0.00106294 -4.65354 1.672 -0.00158317 10641.7 0.00034743 1 0.0923332 -0.193398 0.05 23339
0 3578 4 phononL 0.000780904 -2.93368 -3.36658 -0.0399952 18364.1 0.00034743 1 0.0797091 -0.172201 0.05 125775
0 3580 2 phononTS 0.000662735 -2.2362 0.0888284 0.049999 3216.03 0.00034743 1 0.0937447 -0.131456 0.05 58701.1
0 3587 2 phononTF 0.000892563 -2.39213 0.0818427 0.049999 533.641 0.00034743 1 0.0551098 -0.182916 0.05 89369.5
0 3589 3 phononTF 0.00181268 -2.23879 0.189187 -0.0214294 316.044 0.00034743 1 0.0121564 -0.216914 0.05 102773
0 3589 10 phononTS 0.00107337 -1.19273 4.53303 -0.0435946 100439 0.00034743 1 -0.112087 -0.227564 0.05 167793
0 3590 2 phononL 0.00118147 -2.26778 0.336702 -0.0144302 71.6757 0.00034743 1 0.0584525 -0.119331 0.05 3281.36
0 3590 6 phononTF 0.000705855 0.0584525 -0.119331 0.049999 3281.36 0.00034743 1 -0.0817085 -0.15032 0.05 97227
0 3603 3 phononTS 0.00162713 -1.97496 0.336268 -0.0135599 3827.03 0.00034743 1 0.0885623 -0.25937 0.05 45769.4
0 3612 4 phononTS 0.00132742 -2.67763 0.468379 0.0163018 2185.08 0.00034743 1 0.0622958 -0.163586 0.05 22202.7
0 3612 7 phononTS 0.000519202 0.0622958 -0.163586 0.049999 22202.7 0.00034743 1 -0.0782363 -0.255664 0.05 457262
0 3613 3 phononTF 0.00157147 -2.39126 0.253381 -0.0285539 1953.58 0.00069486 1 0.0986971 -0.157753 0.05 22247.4
0 3616 2 phononTF 0.001838 -2.22354 -0.205358 -0.00957873 197.004 0.00104229 1 -0.0896507 -0.181802 0.05 397760
0 3618 2 phononTS 0.000441132 -2.08292 0.0709592 0.049999 265.429 0.00034743 1 -0.0116865 -0.204202 0.05 130005
0 3624 2 phononTS 0.000883027 -1.77218 0.0544038 0.049999 2221.2 0.00034743 1 -0.0675151 -0.179781 0.05 111853
0 3624 6 phononTS 0.000374206 -0.0675151 -0.179781 0.049999 111853 0.00034743 1 0.078234 -0.194655 0.05 112075
0 3626 2 phononL 0.00200518 -1.32538 0.0909451 -0.0101764 3911.07 0.00104229 1 0.0391387 -0.119988 0.05 6271.82
0 3629 6 phononL 0.000369332 -2.92723 -0.00146035 0.049999 8363.71 0.00034743 1 -0.0347922 -0.244844 0.05 174947
0 3635 3 phononTF 0.00168384 -3.76754 4.9846 0.0227536 9854.57 0.00104229 1 -0.0450771 -0.172147 0.05 157633
0 3637 3 phononTS 0.00140313 -0.848048 1.44755 -0.0392155 6605.34 0.00069486 1 0.0492646 -0.250319 0.05 16795.5
0 3639 5 phononTF 0.00153838 2.6885 -0.553052 0.046163 26508.6 0.00034743 1 0.0759434 -0.123135 0.05 34007
0 3640 2 phononL 0.00168379 -3.20572 -0.710078 -0.00691702 2907.17 0.00034743 1 0.0416364 -0.297305 0.05 34292.4
0 3640 7 phononTF 0.00107752 0.0416364 -0.297305 0.049999 34292.4 0.00034743 1 0.0497611 -0.300723 0.05 34392.6
0 3642 2 phononTS 0.00184774 -1.96615 0.637291 0.00972328 4092.28 0.00034743 1 0.0259866 -0.203768 0.05 155679
0 3642 8 phononTF 0.000546628 0.0259866 -0.203768 0.049999 155679 0.00034743 1 0.10945 -0.229048 0.05 155745
0 3646 3 phononL 0.00142157 0.743133 2.45078 0.0126678 16578.5 0.00034743 1 -0.0865056 -0.130187 0.05 209493
0 3646 4 phononTS 0.00103484 -0.0865056 -0.130187 0.049999 209493 0.00069486 1 -0.0608997 -0.149854 0.05 209554
0 3648 3 phononTF 0.00245739 -2.64291 1.05119 0.0423452 6390.55 0.00104229 1 -0.0278135 -0.156804 0.05 21405.5
0 3654 4 phononTF 0.000838781 -0.17821 1.94266 0.0351517 18329.6 0.00034743 1 0.0261192 -0.218474 0.05 24727.3
0 3656 3 phononL 0.00118872 -2.94193 -0.112482 -0.0300372 2411.35 0.00034743 1 -0.0312229 -0.293373 0.05 58937.3
0 3656 5 phononL 0.000818707 -0.0312229 -0.293373 0.049999 58937.3 0.00034743 1 0.0692173 -0.22793 0.05 192339
0 3658 2 phononTS 0.00132171 -3.53833 -1.61 0.0395548 15039.8 0.00069486 1 -0.100114 -0.234713 0.05 286644
0 3661 2 phononTF 0.0010529 -2.21207 0.29298 0.0494066 13.8211 0.00034743 1 -0.0767414 -0.250967 0.05 18629
0 3661 4 phononTS 0.000638586 -0.0767414 -0.250967 0.049999 18629 0.00034743 1 -0.0258618 -0.208808 0.05 21585.2
0 3674 3 phononL 0.000592052 -2.71335 0.0298769 0.049999 718.604 0.00034743 1 0.0796511 -0.159704 0.05 96534.7
0 3675 6 phononL 0.000771176 1.82065 -4.67891 0.0292411 203121 0.00034743 1 -0.0437606 -0.184025 0.05 276098
0 3678 3 phononTS 0.00254539 -0.936402 -0.977954 -0.0284165 2186.3 0.00069486 1 -0.0427059 -0.273523 0.05 7181.43
0 3678 4 phononTS 0.00147957 -0.0427059 -0.273523 0.049999 7181.43 0.00034743 1 0.0789598 -0.148456 0.05 135640
0 3678 2 phononTS 0.00145461 -0.936402 -0.977954 -0.0284165 2186.3 0.00069486 1 -0.0486454 -0.22383 0.05 201493
0 3678 24 phononTS 0.000415324 -0.0486454 -0.22383 0.049999 201493 0.00034743 1 -0.0175186 -0.167706 0.05 317483
0 3683 2 phononTS 0.000783307 -1.66731 1.41913 0.0297532 3084.7 0.00034743 1 -0.0684295 -0.153505 0.05 440527
0 3694 3 phononL 0.000745798 -2.60478 -0.0090405 0.049998 905.402 0.00034743 1 0.0601711 -0.237534 0.05 100847
0 3694 7 phononTS 0.000386803 0.0601711 -0.237534 0.049999 100847 0.00034743 1 -0.0571236 -0.283047 0.05 100933
0 3695 2 phononL 0.00170375 -1.19573 2.12478 0.0179059 11131 0.00034743 1 -0.0949232 -0.263703 0.05 108967
0 3695 4 phononTF 0.000435294 -0.0949232 -0.263703 0.049998 108967 0.00034743 1 0.113245 -0.205098 0.05 292112
0 3700 7 phononL 0.000818662 -2.90951 0.400678 -0.0256094 340889 0.00034743 1 -0.0800349 -0.174865 0.05 363373
0 3708 5 phononL 0.00090912 -1.4064 -0.410866 0.0150217 26360.7 0.00034743 1 0.0739499 -0.141298 0.05 50016.7
0 3708 13 phononL 0.000987226 3.55968 -1.93493 -0.00500928 71295.6 0.00069486 1 -0.087309 -0.24582 0.05 98019.9
0 3715 5 phononTS 0.00135318 -3.49072 -4.67838 0.00428612 142007 0.00069486 1 0.0722304 -0.254533 0.05 761536
0 3715 2 phononTS 0.00126615 -2.19403 0.117452 -0.0261687 5442.75 0.00034743 1 -0.042717 -0.295037 0.05 112218
0 3716 5 phononTS 0.000992599 0.932221 4.43202 0.00740891 11927.3 0.00034743 1 0.097383 -0.151195 0.05 89984.4
0 3718 3 phononTS 0.00188612 -2.37129 0.44562 -0.0376011 141.196 0.00034743 1 -0.0591806 -0.268122 0.05 267336
0 3719 2 phononL 0.000347984 -1.93075 0.102171 0.049999 491.699 0.00034743 1 -0.0244495 -0.251897 0.05 141709
0 3720 3 phononTS 0.000782401 -2.37915 0.0951929 0.049999 207.099 0.00034743 1 -0.101235 -0.1612 0.05 11998.3
0 3723 2 phononTF 0.0021685 -2.99716 -1.13786 0.0184234 21284.7 0.00069486 1 0.113816 -0.190092 0.05 126349
0 3728 3 phononTS 0.00290018 -2.24141 0.240603 0.00720447 2.6709 0.00034743 1 -0.0399026 -0.24959 0.05 39894.4
0 3728 7 phononTS 0.000372147 -0.0399026 -0.24959 0.049999 39894.4 0.00034743 1 0.0659673 -0.185593 0.05 40081.8
0 3728 6 phononTF 0.00108029 -0.0399026 -0.24959 0.049999 39894.4 0.00034743 1 -0.0583203 -0.245021 0.05 39961.4
0 3728 12 phononTS 0.00047367 -0.0583203 -0.245021 0.049999 39961.4 0.00034743 1 -0.077411 -0.235802 0.05 40020.8
0 3731 7 phononTS 0.000800018 3.54321 0.408243 0.025374 340397 0.00034743 1 0.0193109 -0.203907 0.05 391289
0 3738 4 phononTS 0.00123724 -1.30732 2.10273 0.0101858 101183 0.00069486 1 0.0717245 -0.17621 0.05 176479
0 3746 4 phononTF 0.000623941 1.19664 -4.94912 0.00825066 248517 0.00034743 1 -0.0323344 -0.14979 0.05 485142
0 3747 2 phononTS 0.00129671 -2.28463 0.214487 -0.0318015 258.829 0.00104229 1 -0.0292227 -0.237392 0.05 379990
0 3771 3 phononTF 0.00209475 -1.06231 1.17013 0.0391936 5991.59 0.00034743 1 0.0459335 -0.270025 0.05 8887.45
0 3771 2 phononL 0.00190525 -1.06231 1.17013 0.0391936 5991.59 0.00069486 1 0.0788781 -0.19939 0.05 18848
0 3777 4 phononL 0.00218732 -2.97621 1.92751 -0.0352746 3715.02 0.00069486 1 0.0738067 -0.139204 0.05 78297.9
0 3778 3 phononTS 0.000358513 -2.16516 0.000971037 0.049999 441.206 0.00034743 1 0.019803 -0.233299 0.05 27349.1
0 3780 4 phononTS 0.000826002 0.218467 2.85432 -0.000753852 63873 0.00034743 1 -0.0420153 -0.252728 0.05 79722
0 3785 4 phononTF 0.00117972 -1.22007 -1.2467 -0.0145587 43395.8 0.00034743 1 0.0276516 -0.0964823 0.05 177118
0 3786 4 phononTF 0.000556752 -2.48528 0.0434563 0.049999 175.808 0.00034743 1 -0.0702585 -0.282218 0.05 223080
0 3787 4 phononTS 0.000730563 -2.25623 0.0950849 0.049999 66.7283 0.00034743 1 0.0249364 -0.132854 0.05 257322
0 3789 7 phononTS 0.000947811 0.243114 -0.604789 0.0361601 15716.4 0.00034743 1 0.0181347 -0.175365 0.05 16184.5
0 3799 5 phononL 0.00109243 -3.00224 -4.11542 0.0423063 260842 0.00034743 1 0.0614793 -0.163318 0.05 282357
0 3799 2 phononTF 0.00181358 -2.22873 0.233746 -0.0112797 5.3712 0.00104229 1 -0.0171191 -0.197586 0.05 147576
0 3803 4 phononTF 0.000967154 0.156447 -2.84951 0.0498095 80905.4 0.00034743 1 0.0467901 -0.287763 0.05 257926
0 3804 2 phononTF 0.00221956 -2.13237 -0.823697 0.0404569 5075.81 0.00034743 1 -0.0403828 -0.174654 0.05 41817.9
0 3807 5 phononTF 0.000399642 -2.35992 0.0742549 0.049999 717.365 0.00034743 1 0.0629358 -0.283378 0.05 5030.36
0 3810 5 phononTS 0.0009975 -1.06741 4.90807 0.0287401 43275.7 0.00034743 1 -0.0912945 -0.193592 0.05 134444
0 3810 4 phononTS 0.0018449 -1.06741 4.90807 0.0287401 43275.7 0.00069486 1 0.0636892 -0.129626 0.05 351365
0 3813 2 phononTS 0.000475738 -1.75245 0.047258 0.049999 3766.78 0.00034743 1 0.105529 -0.254545 0.05 5034.98
0 3828 3 phononL 0.000471399 -2.588 0.0570572 0.049999 323.151 0.00034743 1 0.0213413 -0.220931 0.05 15242.7
0 3832 2 phononL 0.000718621 -2.67273 0.0211102 0.049999 3056.69 0.00034743 1 0.0950535 -0.169387 0.05 14617
0 3833 5 phononTS 0.00090656 3.6209 1.94077 0.0392361 162795 0.00034743 1 0.0725592 -0.144441 0.05 338157
0 3833 4 phononTF 0.00104859 3.6209 1.94077 0.0392361 162795 0.00034743 1 0.0311714 -0.246928 0.05 371729
0 3833 12 phononTS 0.000655036 0.0311714 -0.246928 0.049999 371729 0.00034743 1 0.0791676 -0.242576 0.05 371933
0 3837 5 phononTF 0.00126655 0.168679 -3.28265 -0.0212832 17980.5 0.00034743 1 -0.0329634 -0.227097 0.05 151791
0 3842 3 phononTS 0.00189681 -4.61993 0.96662 0.0400843 11311.9 0.00069486 1 -0.0619388 -0.174272 0.05 163092
0 3842 2 phononTS 0.00210319 -4.61993 0.96662 0.0400843 11311.9 0.00104229 1 -0.0538824 -0.161315 0.05 31382.7
0 3844 2 phononTF 0.00252313 -2.11275 0.547143 -0.0347235 543.744 0.00034743 1 -0.0575311 -0.204421 0.05 6014.13
0 3845 3 phononTS 0.000515646 -2.21546 0.0500987 0.049999 140.071 0.00034743 1 0.106433 -0.247208 0.05 96032.9
0 3848 2 phononTF 0.00159041 -3.13957 -1.03809 0.0177869 9101.62 0.00069486 1 -0.0887122 -0.271167 0.05 116931
0 3849 4 phononTF 0.00116039 4.5104 3.04368 -0.0226685 70363.1 0.00034743 1 0.0590975 -0.239159 0.05 108365
0 3854 5 phononL 0.000422838 -2.66135 0.0480105 0.049999 3989.39 0.00034743 1 -0.0728347 -0.113487 0.05 52493.2
0 3859 2 phononTS 0.000566493 -3.94301 0.0822015 0.049999 11842.8 0.00034743 1 0.036404 -0.194254 0.05 124885
0 3862 3 phononTF 0.0016392 -3.40056 0.417107 -0.0171482 2869.18 0.00034743 1 -0.0104211 -0.193649 0.05 147095
0 3873 2 phononTF 0.00207868 -1.49133 1.02241 -0.0150607 11408.7 0.00069486 1 0.105916 -0.205736 0.05 16113
0 3873 6 phononTF 0.000480467 0.105916 -0.205736 0.049999 16113 0.00034743 1 0.109314 -0.151684 0.05 16310.1
0 3875 3 phononTF 0.00204541 -0.796102 -2.65028 0.0318623 26885.5 0.00034743 1 -0.0783539 -0.154134 0.05 313036
0 3877 3 phononTF 0.000638459 -2.51064 0.105369 0.049999 224.311 0.00034743 1 -0.103869 -0.177526 0.05 31523.2
0 3885 3 phononTF 0.0023501 -2.18709 0.244532 -0.00369367 23.7211 0.00138972 1 -0.0289893 -0.288829 0.05 33025.5
0 3886 5 phononTF 0.00104826 2.37793 -3.62575 0.0113781 47218.2 0.00069486 1 0.060502 -0.218902 0.05 78338.8
0 3886 4 phononTF 0.000794407 2.37793 -3.62575 0.0113781 47218.2 0.00034743 1 0.0529176 -0.290667 0.05 207777
0 3895 9 phononTS 0.000396826 2.92216 1.65522 -0.00909646 62019.7 0.00034743 1 -0.0488671 -0.15136 0.05 84297.4
0 3896 4 phononTS 0.000860324 -2.16538 -0.00353253 0.049999 4061.07 0.00034743 1 0.0577194 -0.245446 0.05 358697
0 3902 7 phononTS 0.000868281 1.49253 -2.88441 0.037189 253903 0.00069486 1 0.0840682 -0.158604 0.05 482783
0 3902 2 phononL 0.00169452 -1.01491 0.236119 0.0418981 4155.34 0.00034743 1 -0.0167527 -0.190766 0.05 235051
0 3905 6 phononTS 0.000647939 -2.83472 0.74717 -0.0295409 23729.5 0.00034743 1 0.0323524 -0.163073 0.05 255853
0 3907 5 phononTF 0.00225133 -3.66905 2.55046 -0.0360229 9534.8 0.00034743 1 0.0780887 -0.145765 0.05 27116.3
0 3914 2 phononTS 0.00171631 -2.40094 -0.917865 0.0330764 2260.76 0.00034743 1 0.0319595 -0.150018 0.05 315413
0 3914 4 phononTS 0.000443579 0.0319595 -0.150018 0.049999 315413 0.00034743 1 -0.10323 -0.145389 0.05 315526
0 3916 3 phononTS 0.000890112 -2.16386 0.0417411 0.049999 200.314 0.00069486 1 -0.0560508 -0.205262 0.05 84077.9
0 3922 4 phononTF 0.000645781 -3.19933 0.0903462 0.049999 1654.18 0.00034743 1 0.0673391 -0.267272 0.05 29868.9
0 3923 3 phononTS 0.00183313 -3.13309 0.123348 0.0160695 3796.25 0.00034743 1 -0.0807892 -0.182968 0.05 45201.4
0 3923 4 phononL 0.000930957 -0.0807892 -0.182968 0.049999 45201.4 0.00034743 1 -0.0352659 -0.271853 0.05 46220.7
0 3924 3 phononTF 0.00278586 -2.92945 0.335262 0.00783504 2927.86 0.00104229 1 -0.064919 -0.279927 0.05 29452.3
0 3924 4 phononTS 0.000615449 -0.064919 -0.279927 0.049999 29452.3 0.00034743 1 -0.06258 -0.277325 0.05 112208
0 3924 2 phononTS 0.00121414 -2.92945 0.335262 0.00783504 2927.86 0.00034743 1 -0.0385008 -0.258137 0.05 24037.4
0 3934 3 phononTS 0.0021623 -2.10808 -0.977082 0.0105791 5200.56 0.00104229 1 -0.0775672 -0.20517 0.05 21354.7
0 3937 3 phononL 0.00229414 -1.46978 -0.760473 -0.045991 2239.17 0.00069486 1 0.0782198 -0.208428 0.05 44212.4
0 3937 8 phononL 0.000560473 0.0782198 -0.208428 0.049998 44212.4 0.00034743 1 0.0323441 -0.15676 0.05 44266.8
0 3938 4 phononTS 0.000511865 -2.10794 0.0932703 0.049998 1430.43 0.00034743 1 0.0986651 -0.203622 0.05 93971.6
0 3939 5 phononTF 0.00145563 0.803242 -4.21821 -0.017353 289308 0.00034743 1 0.0157599 -0.163451 0.05 430203
0 3944 3 phononTS 0.00262277 -1.61081 0.11832 -0.0156889 7963.27 0.00069486 1 0.0554806 -0.206595 0.05 32720.5
0 3950 2 phononTS 0.00128503 -2.27597 0.209409 0.0411668 309.629 0.00034743 1 -0.093205 -0.144467 0.05 48737
0 3952 4 phononTF 0.00131004 -2.92616 2.19907 -0.0456323 19688.5 0.00069486 1 -0.0682303 -0.230835 0.05 268737
0 3952 2 phononTF 0.001294 -2.66949 0.700804 -0.0467296 241.621 0.00104229 1 0.0552889 -0.151679 0.05 29103.3
0 3954 2 phononTS 0.00102702 -2.64369 1.32297 -0.00934817 2783.79 0.00034743 1 -0.0942193 -0.270238 0.05 421374
0 3956 5 phononTS 0.000980277 3.04412 0.938403 0.00667948 27271.8 0.00034743 1 -0.0933102 -0.234962 0.05 391928
0 3956 4 phononL 0.000682622 3.04412 0.938403 0.00667948 27271.8 0.00034743 1 -0.081603 -0.176014 0.05 33846.5
0 3961 2 phononTS 0.00146428 -1.74885 0.560183 -0.0353612 437.454 0.00104229 1 0.0616559 -0.239009 0.05 376150
0 3979 5 phononTF 0.000845213 4.25582 0.996194 -0.0128286 150422 0.00034743 1 0.0667935 -0.179909 0.05 261282
0 3980 6 phononTF 0.000404736 -2.01853 0.0659126 0.049999 779.924 0.00034743 1 -0.0604652 -0.179527 0.05 265714
0 3983 5 phononTS 0.00150694 -4.76626 -1.53177 0.0125925 87716 0.00069486 1 -0.0614639 -0.210738 0.05 184048
0 3985 3 phononTS 0.00188486 -0.860081 -2.1958 -0.0189369 5943.41 0.00069486 1 -0.036845 -0.219562 0.05 19169.4
0 3985 2 phononTS 0.00211514 -0.860081 -2.1958 -0.0189369 5943.41 0.00104229 1 -0.0469648 -0.124037 0.05 60262.9
0 3987 3 phononL 0.00227445 -3.18369 0.438788 0.0291787 1861.11 0.00069486 1 -0.0743261 -0.137177 0.05 52156.6
0 3992 3 phononTF 0.00147174 -2.50166 0.275043 -0.0419183 201.874 0.00034743 1 0.0960933 -0.178305 0.05 105119
0 4007 7 phononL 0.00127846 -2.21366 3.81476 0.0353624 28416.4 0.00034743 1 -0.0362011 -0.269731 0.05 213931
0 4010 3 phononTF 0.00201633 -0.649387 1.86115 0.0191632 24081.8 0.00034743 1 0.0277295 -0.161776 0.05 94193.4
0 4010 5 phononL 0.00116882 0.0277295 -0.161776 0.049999 94193.4 0.00069486 1 -0.117258 -0.206197 0.05 97141.1
0 4011 5 phononTS 0.00067517 -1.89753 0.0999812 0.049999 1296.63 0.00034743 1 -0.0485051 -0.233875 0.05 13278.2
0 4015 3 phononTS 0.00121303 -3.43265 0.810925 -0.0444529 3150.09 0.00034743 1 0.027197 -0.110282 0.05 39115.9
0 4015 4 phononTF 0.000473021 0.027197 -0.110282 0.049999 39115.9 0.00034743 1 0.0367366 -0.129075 0.05 39197.3
0 4015 15 phononTF 0.00189631 -4.76855 1.60104 0.0228852 12984.2 0.00104229 1 -0.0393723 -0.241842 0.05 217512
0 4016 6 phononTS 0.000506489 -2.45036 0.00316086 0.049999 671.61 0.00034743 1 0.113049 -0.227076 0.05 319683
0 4017 5 phononTF 0.00165535 0.553954 1.37553 -0.00916031 51784.2 0.00034743 1 -0.0262469 -0.19621 0.05 341985
0 4017 7 phononL 0.000593642 -0.0262469 -0.19621 0.049999 341985 0.00034743 1 -0.0995473 -0.225113 0.05 342192
0 4017 6 phononTS 0.000678395 -0.0262469 -0.19621 0.049999 341985 0.00034743 1 0.0402351 -0.134029 0.05 342058
0 4019 5 phononL 0.000790188 -2.30486 4.3499 -0.0120333 247297 0.00069486 1 -0.0307239 -0.285697 0.05 303945
0 4021 2 phononTS 0.00230235 -2.65979 0.484753 0.0345611 725.106 0.00069486 1 -0.0527133 -0.111569 0.05 47330.3
0 4024 5 phononTF 0.00078182 -2.83635 0.942603 -0.00179518 6839.1 0.00034743 1 -0.0622325 -0.241481 0.05 62782.8
0 4028 2 phononTS 0.000419688 -2.21015 0.069693 0.049999 989.276 0.00034743 1 0.0510662 -0.135606 0.05 153404
0 4032 3 phononTS 0.00187793 -2.23354 0.664909 0.00760616 3448.81 0.00034743 1 0.102291 -0.202474 0.05 32378.1
0 4032 4 phononTS 0.000731203 0.102291 -0.202474 0.049999 32378.1 0.00034743 1 0.0557804 -0.191908 0.05 192783
0 4035 3 phononTF 0.00123998 -2.63679 0.56363 0.0133132 217.041 0.00034743 1 -0.022194 -0.205025 0.05 23589.6
0 4050 3 phononTF 0.00274359 -3.07337 1.37828 0.000366591 10791.1 0.00034743 1 -0.040174 -0.147062 0.05 37899.9
0 4059 4 phononL 0.000805902 -2.27307 0.0310979 0.049999 371.773 0.00034743 1 -0.0726927 -0.149869 0.05 136200
0 4060 5 phononTS 0.000637138 -3.84619 2.31869 0.0353642 80075.3 0.00034743 1 -0.0560397 -0.229256 0.05 140726
0 4060 4 phononL 0.00151135 -3.84619 2.31869 0.0353642 80075.3 0.00034743 1 -0.0697984 -0.149772 0.05 599979
0 4060 10 phononTF 0.000564762 -0.0697984 -0.149772 0.049999 599979 0.00034743 1 -0.0514235 -0.140269 0.05 600064
0 4060 9 phononTS 0.000385927 -0.0697984 -0.149772 0.049999 599979 0.00034743 1 -0.0286515 -0.163865 0.05 600044
0 4061 5 phononTS 0.00131159 -0.764419 -0.107071 0.0381083 6501.36 0.00069486 1 0.0618791 -0.295926 0.05 106184
0 4061 6 phononTS 0.000487913 0.0618791 -0.295926 0.049999 106184 0.00034743 1 -0.0459888 -0.300854 0.05 106430
0 4063 7 phononTS 0.000513935 -1.05918 -3.56581 0.0252892 246630 0.00034743 1 -0.0483367 -0.233574 0.05 699621
0 4068 2 phononTF 0.00188312 -1.65938 0.394932 -0.0020654 4197.84 0.00104229 1 0.0794876 -0.144358 0.05 9770.28
0 4070 4 phononTS 0.000588575 2.68629 1.38365 0.0397733 172958 0.00034743 1 0.0525699 -0.288902 0.05 506125
0 4075 5 phononL 0.000999508 -3.05931 3.65654 -0.00797553 25217.7 0.00034743 1 0.0468703 -0.251009 0.05 220724
0 4078 3 phononTF 0.0029767 -2.00421 0.756936 0.0429731 1880.99 0.00138972 1 0.043963 -0.118705 0.05 52087.6
0 4078 9 phononTS 0.000755728 0.043963 -0.118705 0.049999 52087.6 0.00034743 1 0.0639644 -0.120361 0.05 52148
0 4080 5 phononL 0.000503894 -2.51293 0.0811458 0.049998 265.849 0.00034743 1 0.0953317 -0.232505 0.05 383305
0 4088 7 phononTF 0.000781456 1.05965 -4.697 0.0351413 142463 0.00034743 1 0.0308047 -0.248279 0.05 366628
0 4098 5 phononTS 0.00134885 -0.222858 0.681182 -0.0041905 3905.73 0.00104229 1 -0.0694034 -0.128093 0.05 252328
0 4100 3 phononTS 0.00217015 -1.96371 0.470208 0.0401165 1918.44 0.00069486 1 -0.0942038 -0.137837 0.05 149213
0 4100 4 phononTF 0.000926419 -0.0942038 -0.137837 0.049999 149213 0.00069486 1 0.0505393 -0.104136 0.05 222607
0 4102 2 phononTS 0.00259065 -2.61785 0.785571 0.0440735 1765.92 0.00069486 1 -0.0537365 -0.139772 0.05 67261.6
0 4114 3 phononTF 0.00208023 -1.96725 0.949797 -0.0397366 2127.15 0.00069486 1 0.113645 -0.170003 0.05 59296.6
0 4114 4 phononTS 0.00109737 0.113645 -0.170003 0.049998 59296.6 0.00034743 1 0.098267 -0.163463 0.05 59354.8
0 4114 12 phononL 0.000665044 0.098267 -0.163463 0.049998 59354.8 0.00034743 1 -0.094593 -0.137548 0.05 59864
0 4115 7 phononTF 0.00199349 -3.10094 -2.06597 0.0460371 57035.9 0.00034743 1 -0.0862303 -0.219166 0.05 82473.1
0 4115 6 phononTS 0.00049515 -3.10094 -2.06597 0.0460371 57035.9 0.00034743 1 -0.0747663 -0.234039 0.05 146349
0 4120 6 phononTS 0.000975657 4.01378 1.3552 -0.0453005 131115 0.00034743 1 -0.0175397 -0.247425 0.05 168755
0 4120 4 phononTS 0.00075302 -2.56758 -0.471463 0.0040345 34131.4 0.00034743 1 -0.0440943 -0.102075 0.05 41334.9
0 4124 2 phononTS 0.000958379 -4.26213 1.44318 -0.0431284 10524.8 0.00034743 1 -0.0837402 -0.139622 0.05 148127
0 4125 2 phononTS 0.00235449 -2.09568 -1.40817 -0.0354704 3961.75 0.00034743 1 -0.0533708 -0.183054 0.05 81270
0 4126 7 phononTF 0.000702448 4.01555 -0.0963739 0.0382011 254183 0.00034743 1 -0.0482859 -0.167621 0.05 370760
0 4126 6 phononTF 0.000592586 4.01555 -0.0963739 0.0382011 254183 0.00034743 1 0.0915346 -0.165345 0.05 350197
0 4128 4 phononTS 0.00105836 -3.9065 -1.75041 -0.0488406 362961 0.00034743 1 0.094623 -0.175826 0.05 398982
0 4134 5 phononTS 0.00116662 -1.96455 -0.760464 -0.0272175 5597.38 0.00034743 1 -0.0641805 -0.258342 0.05 301779
0 4139 3 phononTF 0.00055638 -2.32397 0.0458658 0.049999 54.7026 0.00034743 1 -0.0378425 -0.208228 0.05 83993.6
0 4140 4 phononTS 0.00045349 -2.16237 0.0975789 0.049999 249.523 0.00034743 1 0.0447533 -0.160013 0.05 264914
0 4145 2 phononTS 0.00168846 -1.91698 -0.277802 -0.0306854 2351.39 0.00034743 1 0.10767 -0.155569 0.05 8115.87
0 4146 4 phononTF 0.00203005 -1.15996 0.697239 0.00572627 66442.2 0.00034743 1 0.0691186 -0.245063 0.05 208282
0 4155 3 phononTF 0.000521754 -2.27513 0.0865713 0.049999 2610.27 0.00034743 1 -0.0396664 -0.119806 0.05 43605.1
0 4165 5 phononTF 0.0015691 4.63652 -3.24549 -0.00385008 104749 0.00069486 1 -0.098664 -0.177653 0.05 390720
0 4167 5 phononTS 0.000501707 2.62928 -3.19515 0.0137383 47843.8 0.00034743 1 0.0220682 -0.201883 0.05 157918
0 4171 3 phononTF 0.00181866 -2.69492 0.546306 -0.0267397 3967.06 0.00034743 1 -0.110883 -0.176588 0.05 108356
0 4171 2 phononTS 0.00218134 -2.69492 0.546306 -0.0267397 3967.06 0.00069486 1 -0.0282407 -0.280173 0.05 122712
0 4174 3 phononL 0.000873286 -2.0098 0.0927352 0.049999 633.263 0.00034743 1 0.037533 -0.287961 0.05 68835.6
0 4176 5 phononL 0.000608733 2.53002 3.17827 -0.0419353 18456.2 0.00034743 1 -0.0761771 -0.191988 0.05 129942
0 4176 4 phononTF 0.00145873 2.53002 3.17827 -0.0419353 18456.2 0.00034743 1 0.0268127 -0.239862 0.05 128863
0 4186 3 phononTS 0.00210496 -2.6823 1.80485 0.00235932 3243.56 0.00069486 1 0.0933714 -0.250141 0.05 46258.5
0 4189 4 phononTF 0.000462672 4.31858 4.7241 -0.0161587 114482 0.00034743 1 -0.108261 -0.19831 0.05 130645
0 4198 5 phononTF 0.00100846 0.187659 0.902389 0.0138437 56073.4 0.00034743 1 -0.0941518 -0.144891 0.05 387065
0 4201 7 phononTF 0.00172684 2.8287 -1.79652 0.000802093 44054.6 0.00069486 1 -0.108651 -0.150887 0.05 73495.1
0 4205 5 phononTS 0.00151188 -4.39979 -2.38072 -0.0337098 8365.77 0.00069486 1 0.0903049 -0.236102 0.05 61372.1
0 4210 3 phononTS 0.00195699 -1.95317 0.0283048 -0.0156577 70.1147 0.00034743 1 0.0590643 -0.222203 0.05 138607
0 4210 4 phononTF 0.000855328 0.0590643 -0.222203 0.049999 138607 0.00034743 1 0.0664365 -0.2775 0.05 138790
0 4210 12 phononTS 0.000373271 0.0664365 -0.2775 0.049999 138790 0.00034743 1 0.0733667 -0.186114 0.05 219906
0 4212 6 phononTS 0.00128387 -3.70535 -3.05531 -0.0489686 61889.3 0.00069486 1 0.0624122 -0.242283 0.05 79461.5
0 4214 2 phononTF 0.000367682 -2.24859 0.0356238 0.049999 2170.66 0.00034743 1 0.0902939 -0.177759 0.05 19501.4
0 4219 2 phononTS 0.00146878 -2.06404 0.612755 0.0400577 1767.66 0.00034743 1 -0.100009 -0.206755 0.05 98409.1
0 4220 7 phononTS 0.00113446 -1.6444 2.23936 -0.0386052 40830.6 0.00069486 1 0.0467858 -0.211668 0.05 64454.1
0 4223 2 phononTF 0.00068787 -3.39682 -0.760579 -0.0414796 13052.4 0.00034743 1 0.106296 -0.231122 0.05 159509
0 4229 3 phononTF 0.00246081 -2.48771 0.383883 -0.0298149 59.6969 0.00069486 1 -0.0649863 -0.187071 0.05 49364.9
0 4229 15 phononL 0.000892757 -3.59192 -1.05069 -0.0117174 359670 0.00034743 1 0.0383183 -0.1847 0.05 371932
0 4233 5 phononTS 0.00101324 1.17935 -0.514412 0.0381048 56789.6 0.00034743 1 -0.0858695 -0.204664 0.05 77726.7
0 4234 2 phononL 0.000655182 -2.93215 0.100327 0.049999 1258.82 0.00034743 1 -0.0315467 -0.0978934 0.05 38733.6
0 4236 7 phononTS 0.00147939 3.15169 1.05738 0.000269826 140152 0.00069486 1 0.0574879 -0.23125 0.05 284750
0 4239 5 phononTS 0.000777608 1.4985 -4.15316 -0.00801191 33247.6 0.00034743 1 -0.0890268 -0.234187 0.05 262386
0 4240 2 phononTS 0.0023547 -1.92153 1.77062 -0.0396924 9778.13 0.00034743 1 -0.0367717 -0.202036 0.05 15573.6
0 4242 2 phononL 0.00243084 -2.14738 -0.0509584 0.000321639 4424.58 0.00034743 1 -0.0345152 -0.0987819 0.05 292375
0 4249 4 phononTS 0.000425098 -4.17651 -0.00717149 0.049999 9704.34 0.00034743 1 -0.085877 -0.163232 0.05 75496
0 4260 3 phononTF 0.000517064 -1.63932 -0.00230119 0.049999 574.362 0.00034743 1 0.00893496 -0.200653 0.05 409395
0 4261 4 phononL 0.000888143 -2.10775 0.0843826 0.049999 242.123 0.00069486 1 -0.0829078 -0.150697 0.05 6143.33
0 4267 5 phononTF 0.000876296 -4.72365 2.45042 -0.0370035 13110.5 0.00034743 1 -0.109341 -0.246642 0.05 60909
0 4269 3 phononTS 0.00123798 -2.25912 0.972133 0.0436474 4494.36 0.00034743 1 0.0112894 -0.2107 0.05 149594
0 4270 3 phononTS 0.000590925 -2.45671 0.0869233 0.049999 2239.97 0.00034743 1 0.0687235 -0.189225 0.05 378518
0 4271 2 phononTF 0.00147648 -1.73326 0.574581 -0.00080296 4835.52 0.00034743 1 -0.0395299 -0.13729 0.05 32320.6
0 4271 8 phononTS 0.00103862 -0.0395299 -0.13729 0.049998 32320.6 0.00034743 1 -0.0284544 -0.140637 0.05 32380.9
0 4285 4 phononTS 0.000876374 1.53353 -1.8885 -0.0198983 36823.8 0.00034743 1 0.0347882 -0.125634 0.05 365586
0 4285 2 phononTS 0.00201566 -1.63471 0.43125 -0.00424833 1051.74 0.00069486 1 0.0572988 -0.268902 0.05 7205.97
0 4301 3 phononTS 0.00142804 -2.16599 0.193239 -0.0475731 485.336 0.00034743 1 -0.0466277 -0.133296 0.05 57796.4
0 4302 4 phononTF 0.00059058 -3.30445 0.0377855 0.049999 7681.41 0.00034743 1 0.0818913 -0.153857 0.05 622077
0 4308 5 phononTS 0.00169787 4.187 0.263949 -0.0413788 51495.6 0.00034743 1 0.069037 -0.119925 0.05 248193
0 4308 6 phononL 0.000832968 0.069037 -0.119925 0.049999 248193 0.00034743 1 0.0406115 -0.15785 0.05 252129
0 4313 5 phononTS 0.00125039 1.22086 3.76873 0.000326212 18639.1 0.00034743 1 -0.092604 -0.145689 0.05 346309
0 4313 9 phononTF 0.000418488 -0.092604 -0.145689 0.049999 346309 0.00034743 1 -0.0319393 -0.229244 0.05 346916
0 4313 4 phononTS 0.000760939 1.22086 3.76873 0.000326212 18639.1 0.00034743 1 0.0425465 -0.282264 0.05 630043
0 4315 3 phononTS 0.000370332 -1.95597 0.0761625 0.049999 1833.03 0.00034743 1 -0.0393638 -0.231947 0.05 413078
0 4318 2 phononTS 0.00209922 -2.50753 0.411984 0.0182084 58.3525 0.00069486 1 0.0810671 -0.238381 0.05 92785.1
0 4329 2 phononTF 0.00218833 -2.23086 0.251332 0.0159519 4.68824 0.00034743 1 -0.0401826 -0.125002 0.05 33037.2
0 4329 4 phononTS 0.00108239 -0.0401826 -0.125002 0.049999 33037.2 0.00034743 1 -0.110264 -0.233983 0.05 33122.9
0 4329 11 phononTF 0.000463883 -0.110264 -0.233983 0.049999 33122.9 0.00034743 1 0.0480819 -0.243847 0.05 33203.9
0 4331 2 phononTS 0.00238235 -0.805837 -0.3612 0.0364667 13338.5 0.00034743 1 -0.0434937 -0.200098 0.05 15533
0 4331 7 phononTS 0.00176084 -0.0434937 -0.200098 0.049999 15533 0.00034743 1 0.068843 -0.136175 0.05 67930.4
0 4331 13 phononTS 0.000521417 0.068843 -0.136175 0.049999 67930.4 0.00034743 1 0.0356313 -0.133467 0.05 68253.6
0 4334 2 phononTS 0.00045466 -2.69884 0.0350369 0.049999 432.449 0.00034743 1 -0.0728948 -0.226085 0.05 2958.56
0 4336 3 phononTS 0.00201046 -2.27479 0.507485 -0.00236235 1827.6 0.00034743 1 -0.106168 -0.145791 0.05 91875.2
0 4341 6 phononL 0.000394184 -2.98009 -0.00970182 0.049999 1662.47 0.00034743 1 -0.0536759 -0.222021 0.05 90755.2
0 4348 5 phononTS 0.000696593 -1.44824 0.0575079 0.049999 2379.32 0.00034743 1 -0.0841652 -0.266106 0.05 6530.55
0 4351 2 phononTS 0.000631765 -1.8888 0.0644449 0.049999 860.035 0.00034743 1 -0.0979735 -0.134539 0.05 214133
0 4353 4 phononL 0.000409438 -2.34095 0.0863546 0.049999 232.887 0.00034743 1 0.0269795 -0.196152 0.05 424907
0 4354 4 phononTF 0.00149445 -3.66625 2.29607 0.010306 120905 0.00034743 1 0.0553519 -0.215815 0.05 155302
0 4355 3 phononL 0.000444104 -1.93751 0.0980239 0.049999 2493.11 0.00034743 1 -0.06762 -0.268734 0.05 246502
0 4360 4 phononL 0.000563726 -2.34971 0.0195298 0.049999 1650.77 0.00034743 1 0.0765618 -0.220705 0.05 62751.9
0 4366 3 phononTS 0.0017568 -2.4909 0.169211 -0.0165158 239.792 0.00069486 1 0.0862472 -0.131773 0.05 235605
0 4366 2 phononTS 0.0022432 -2.4909 0.169211 -0.0165158 239.792 0.00034743 1 0.0295584 -0.239961 0.05 52380.4
0 4366 16 phononL 0.0013206 0.0295584 -0.239961 0.049999 52380.4 0.00069486 1 -0.0604302 -0.154825 0.05 294614
0 4366 24 phononTS 0.000450012 -0.0604302 -0.154825 0.049999 294614 0.00034743 1 -0.0459548 -0.170145 0.05 294672
0 4367 5 phononTF 0.000623707 -2.80758 0.0859203 0.049999 1901.69 0.00034743 1 -0.0789661 -0.22273 0.05 122650
0 4368 5 phononTS 0.000526164 -2.50362 0.0171297 0.049999 1267.88 0.00034743 1 -0.06646 -0.128227 0.05 119601
0 4398 2 phononTS 0.00110593 -2.24343 0.259227 -0.00643283 2.39377 0.00034743 1 -0.0241485 -0.271902 0.05 303092
0 4410 3 phononTF 0.000502433 -2.18839 0.0736108 0.049999 136.106 0.00034743 1 -0.0217463 -0.254381 0.05 366710
0 4413 4 phononTS 0.00155768 -2.34741 1.69121 -0.0224842 10436.1 0.00069486 1 -0.077699 -0.190456 0.05 300450
0 4415 2 phononTF 0.000884197 -2.21924 0.0164649 0.049999 323.659 0.00034743 1 -0.0487455 -0.220597 0.05 49385.6
0 4416 5 phononTF 0.00104888 -0.368589 -0.785054 -0.043443 51921.4 0.00034743 1 -0.0463138 -0.235158 0.05 52255.1
0 4416 11 phononTS 0.000974748 1.8211 -3.55062 0.00337897 108107 0.00034743 1 0.0306834 -0.114136 0.05 126451
0 4416 14 phononTS 0.000427744 0.0306834 -0.114136 0.049999 126451 0.00034743 1 0.0656699 -0.120685 0.05 126516
0 4418 3 phononTF 0.00252655 -2.7886 1.51726 0.0275781 4580.02 0.00034743 1 -0.115246 -0.226506 0.05 103059
0 4418 4 phononL 0.00154198 -0.115246 -0.226506 0.049999 103059 0.00034743 1 -0.0894711 -0.20299 0.05 171485
0 4418 13 phononL 0.000528348 -0.0894711 -0.20299 0.049999 171485 0.00034743 1 -0.0464558 -0.126879 0.05 265393
0 4419 3 phononL 0.00113658 -1.8338 0.562944 0.0272086 885.649 0.00034743 1 -0.113997 -0.204569 0.05 194206
0 4419 9 phononTS 0.00185544 2.67818 -3.38671 0.0367952 10327.9 0.00069486 1 -0.0660477 -0.24586 0.05 82105.3
0 4423 7 phononTF 0.000659004 0.468743 3.89133 -0.0423177 200599 0.00034743 1 -0.0911146 -0.234819 0.05 379435
0 4424 2 phononTF 0.0007577 -0.867573 0.0444463 0.049998 2162.76 0.00034743 1 -0.0654816 -0.109837 0.05 361779
0 4429 2 phononTF 0.00203597 -2.29858 0.215102 4.98173e-05 11.3432 0.00034743 1 0.0726366 -0.110999 0.05 18275.7
0 4429 8 phononTF 0.0011425 0.0726366 -0.110999 0.049998 18275.7 0.00034743 1 0.0615181 -0.293545 0.05 18405
0 4440 4 phononL 0.000432623 1.26983 3.12713 -0.0122705 28036.6 0.00034743 1 -0.037246 -0.145691 0.05 268820
0 4444 4 phononTF 0.000788449 -2.41905 0.0664698 0.049999 70.5721 0.00069486 1 0.0811428 -0.239914 0.05 212317
0 4445 5 phononTS 0.000958455 1.18456 -4.26323 0.0375419 311174 0.00034743 1 -0.0513037 -0.230107 0.05 466587
0 4445 13 phononTS 0.000757433 -4.51918 -0.221646 0.027484 44834.5 0.00034743 1 -0.0635501 -0.176842 0.05 54321.9
0 4445 12 phononTS 0.00134905 -4.51918 -0.221646 0.027484 44834.5 0.00034743 1 0.102981 -0.152585 0.05 163615
0 4446 4 phononL 0.00120252 0.783496 -1.67204 0.0451466 167170 0.00034743 1 0.0444743 -0.110474 0.05 254256
0 4446 2 phononTF 0.00142695 -2.00954 0.416121 0.0446556 2567.17 0.00034743 1 0.0649938 -0.113302 0.05 467879
0 4449 5 phononTS 0.00152359 -1.2364 2.13495 -0.04574 11784.3 0.00034743 1 0.0635824 -0.119826 0.05 57941.1
0 4453 2 phononTS 0.000528261 -1.98556 0.0151158 0.049999 1491.61 0.00034743 1 0.0477791 -0.118108 0.05 58968.3
0 4457 4 phononTF 0.000373651 -2.1281 0.0489006 0.049999 886.063 0.00034743 1 0.043671 -0.228981 0.05 195053
0 4460 4 phononTF 0.000870183 2.72199 2.67393 0.0353078 29714 0.00034743 1 -0.0492878 -0.214607 0.05 124992
0 4461 3 phononTF 0.00289074 -2.08769 0.356409 -0.0316444 502.302 0.00034743 1 -0.0261632 -0.118413 0.05 14958.8
0 4461 9 phononTF 0.000585911 -0.0261632 -0.118413 0.049999 14958.8 0.00034743 1 -0.0353673 -0.191353 0.05 17497.3
0 4461 6 phononTF 0.000505811 -0.0261632 -0.118413 0.049999 14958.8 0.00034743 1 -0.0522376 -0.142573 0.05 15017.2
0 4464 3 phononTS 0.00133605 -2.74048 0.181896 0.0321519 280.541 0.00034743 1 0.0983639 -0.223455 0.05 183731
0 4464 6 phononTS 0.000932842 0.0983639 -0.223455 0.049999 183731 0.00034743 1 0.0787101 -0.116159 0.05 184121
0 4465 4 phononTS 0.000698771 -2.47866 -0.00360495 0.049999 245.095 0.00034743 1 0.0235587 -0.154829 0.05 555913
0 4468 4 phononTF 0.000561261 -2.28016 0.0181378 0.049999 1968.31 0.00034743 1 -0.0805451 -0.221919 0.05 53184.3
0 4473 4 phononTF 0.000731905 -0.540751 0.00284077 0.049999 3393.4 0.00034743 1 -0.068498 -0.238801 0.05 87912.1
0 4487 5 phononTF 0.000373311 -1.99122 0.000343831 0.049999 1142.73 0.00034743 1 -0.0617403 -0.119639 0.05 35111.8
0 4492 2 phononTF 0.000634745 -2.03706 0.00933138 0.049999 1825.98 0.00034743 1 -0.108868 -0.171028 0.05 158215
0 4493 5 phononTF 0.00164981 2.07025 1.61276 -0.0418624 22445.6 0.00104229 1 0.0369372 -0.275747 0.05 49577.5
0 4493 14 phononTF 0.000834236 -3.93656 -0.826051 -0.00759228 193743 0.00034743 1 -0.0520105 -0.103428 0.05 395132
0 4495 5 phononTF 0.000621451 -2.08927 0.0357146 0.049999 307.109 0.00034743 1 -0.0265945 -0.277571 0.05 263654
0 4497 4 phononTF 0.000496056 -1.96725 0.0154654 0.049999 581.594 0.00034743 1 0.109592 -0.18188 0.05 5783.89
0 4501 3 phononTF 0.000603433 -2.16138 0.0425193 0.049999 1211.68 0.00034743 1 -0.105689 -0.210341 0.05 206918
0 4503 3 phononTS 0.00287937 -0.0669802 -0.851897 -0.0399017 14788.1 0.00104229 1 -0.0580936 -0.22707 0.05 17337.7
0 4503 10 phononTS 0.000543007 -0.0580936 -0.22707 0.049999 17337.7 0.00034743 1 -0.0525397 -0.140282 0.05 670755
0 4503 2 phononTF 0.00112063 -0.0669802 -0.851897 -0.0399017 14788.1 0.00069486 1 0.0641831 -0.201547 0.05 309570
0 4504 4 phononTF 0.00048172 -0.190541 1.62233 -0.041282 12564.4 0.00034743 1 -0.04374 -0.119465 0.05 230595
0 4505 3 phononTF 0.00187912 -1.80886 -0.439812 0.00172677 1823.4 0.00034743 1 0.101665 -0.226618 0.05 191211
0 4505 6 phononTS 0.000614632 0.101665 -0.226618 0.049999 191211 0.00034743 1 -0.0513422 -0.214725 0.05 191326
0 4509 3 phononTF 0.00170721 -2.08263 -0.601132 -0.0160761 640.846 0.00034743 1 0.104141 -0.251995 0.05 61706.5
0 4509 12 phononTS 0.00142768 -1.6445 1.42863 -0.0413554 194710 0.00069486 1 0.0547027 -0.148407 0.05 259465
0 4516 6 phononL 0.0013976 -0.0611562 -3.78167 0.0425428 138245 0.00034743 1 0.0820464 -0.243017 0.05 149508
0 4524 5 phononTF 0.000379944 -0.730133 0.0941554 0.049999 4537.27 0.00034743 1 -0.0599243 -0.140864 0.05 78369.2
0 4536 2 phononTS 0.00218753 -1.70491 -0.0479799 0.027659 541.265 0.00034743 1 -0.115994 -0.176458 0.05 12885.6
0 4536 6 phononTF 0.00125863 -0.115994 -0.176458 0.049999 12885.6 0.00034743 1 -0.0904289 -0.238043 0.05 12949
0 4537 3 phononL 0.000826646 -2.0982 0.0740321 0.049999 1751.33 0.00034743 1 -0.0350828 -0.297399 0.05 276177
0 4539 2 phononTF 0.000550321 -2.38299 0.0637356 0.049999 126.908 0.00034743 1 0.0780442 -0.228626 0.05 356795
0 4544 4 phononTS 0.00085289 -2.26686 0.0557084 0.049999 504.397 0.00069486 1 -0.0313042 -0.260159 0.05 94329.3
0 4546 3 phononTF 0.000887351 -2.07242 0.0773642 0.049999 182.889 0.00034743 1 -0.0684625 -0.144013 0.05 385767
0 4546 5 phononTF 0.000475189 -0.0684625 -0.144013 0.049999 385767 0.00034743 1 0.0119406 -0.186048 0.05 392838
0 4553 3 phononTS 0.00232459 -1.68047 -0.631478 0.030371 7667.5 0.00034743 1 0.0441906 -0.181879 0.05 9397.81
0 4556 2 phononTS 0.00105777 -2.37706 0.730761 -0.00899661 834.84 0.00034743 1 -0.112195 -0.186109 0.05 8616.5
0 4558 2 phononTS 0.00192277 2.08212 3.56108 -0.0373279 20126.6 0.00104229 1 -0.0751373 -0.238886 0.05 73611.2
0 4561 6 phononTS 0.000700192 -2.32454 -2.38938 0.0373204 216290 0.00034743 1 -0.041279 -0.108473 0.05 593578
0 4567 3 phononTS 0.000863996 -1.26024 0.0257979 0.049999 2098.47 0.00034743 1 -0.101544 -0.210507 0.05 3446.67
0 4581 5 phononTF 0.00102075 2.99315 2.0507 0.0136611 26752 0.00034743 1 -0.0799713 -0.118434 0.05 50666.3
0 4583 2 phononTF 0.00153618 -2.73215 0.258946 0.0168583 1556.76 0.00069486 1 -0.0407957 -0.126188 0.05 4901.36
0 4586 5 phononTF 0.0008998 -3.84816 -1.05364 -0.0179746 45561.1 0.00034743 1 -0.0269523 -0.172399 0.05 190394
0 4592 3 phononTS 0.00273597 -3.24257 1.68743 0.00264185 3541.23 0.00034743 1 0.03507 -0.191555 0.05 152018
0 4593 2 phononTF 0.00179677 -1.82483 2.12229 -0.0483561 3159.43 0.00069486 1 -0.0674031 -0.261802 0.05 413667
0 4594 3 phononTF 0.000755092 -1.92019 0.102505 0.049999 2846.27 0.00034743 1 0.0279486 -0.280673 0.05 376480
0 4596 3 phononL 0.00302679 -3.34772 -0.171987 0.0102059 8327.94 0.00104229 1 -0.0196841 -0.183556 0.05 39978.7
0 4596 4 phononTS 0.00137171 -0.0196841 -0.183556 0.049999 39978.7 0.00034743 1 0.0330246 -0.243676 0.05 40047.4
0 4597 3 phononL 0.000726706 -2.30982 0.0839232 0.049999 296.953 0.00034743 1 -0.0269349 -0.18473 0.05 27443.5
0 4600 2 phononTS 0.000706796 -2.54101 0.054507 0.049999 7750.71 0.00034743 1 -0.0798016 -0.204133 0.05 133496
0 4603 2 phononTS 0.000733514 -2.18461 0.0656302 0.049999 347.876 0.00069486 1 -0.0371906 -0.302463 0.05 153354
0 4605 3 phononTS 0.00269253 -1.58382 1.15592 -0.00770074 709.094 0.00069486 1 0.0234802 -0.187438 0.05 7386.69
0 4605 5 phononTS 0.000757261 0.0234802 -0.187438 0.049999 7386.69 0.00069486 1 0.0463214 -0.168334 0.05 7446.86
0 4608 3 phononTS 0.000690894 -2.11008 0.083249 0.049999 291.927 0.00034743 1 -0.0382713 -0.15919 0.05 28088.5
0 4612 2 phononL 0.00157821 -2.32236 0.41337 0.0164155 94.6513 0.00069486 1 0.0468938 -0.135036 0.05 571124
0 4616 5 phononL 0.000951268 -2.67126 3.57035 -0.015331 49175.4 0.00034743 1 -0.0122776 -0.194145 0.05 88382.3
0 4621 3 phononTF 0.0020978 -1.94647 0.487882 0.0485068 3244.27 0.00069486 1 0.0227781 -0.194326 0.05 202851
0 4621 6 phononTF 0.000820131 0.0227781 -0.194326 0.049999 202851 0.00034743 1 -0.104343 -0.185128 0.05 203232
0 4634 2 phononTS 0.00196347 -2.15382 0.209258 0.0168265 28.4498 0.00069486 1 -0.0637377 -0.138983 0.05 117698
0 4637 4 phononTS 0.000707158 -2.13756 0.094699 0.049999 70.6801 0.00034743 1 0.0363337 -0.205361 0.05 308507
0 4644 2 phononTF 0.00240255 -2.53705 0.25057 0.0118415 715.29 0.00069486 1 -0.0809923 -0.220116 0.05 30986
0 4645 4 phononTS 0.00111136 1.56274 -1.10757 0.0403215 119221 0.00069486 1 0.108779 -0.178351 0.05 456143
0 4648 2 phononTF 0.00151435 -1.10847 1.73438 0.0349016 2560.56 0.00034743 1 0.0221944 -0.220223 0.05 617607
0 4649 3 phononL 0.00190738 -0.846916 1.65217 -0.037686 5980.16 0.00034743 1 0.0517237 -0.283228 0.05 402272
0 4656 2 phononL 0.00203101 -1.91466 0.285009 0.0216626 736.357 0.00034743 1 0.0524914 -0.13801 0.05 210768
0 4656 4 phononTS 0.00164762 0.0524914 -0.13801 0.049999 210768 0.00104229 1 0.0525174 -0.194141 0.05 210806
0 4659 4 phononTF 0.000860819 -2.30556 0.0741712 0.049999 119.144 0.00069486 1 0.0156693 -0.181765 0.05 58346.3
0 4663 2 phononTF 0.00204874 -1.51589 0.356689 0.0143165 3084.22 0.00069486 1 0.0401903 -0.225178 0.05 145446
0 4666 5 phononL 0.00067002 -1.64796 0.0935441 0.049999 1215.34 0.00034743 1 0.106099 -0.221902 0.05 58846.1
0 4675 2 phononTS 0.00221556 -0.697824 1.18524 -0.000376263 4377.45 0.00034743 1 0.0500653 -0.115633 0.05 62308.5
0 4675 7 phononTS 0.000954393 0.0500653 -0.115633 0.049999 62308.5 0.00034743 1 0.0732317 -0.242784 0.05 62767.1
0 4679 2 phononTF 0.000864694 -2.15797 0.0754422 0.049999 192.95 0.00069486 1 0.0836501 -0.221434 0.05 154060
0 4682 7 phononTS 0.000907276 0.00613209 1.95138 -0.0278992 293985 0.00034743 1 0.11085 -0.161318 0.05 433454
0 4682 8 phononTF 0.000437911 0.11085 -0.161318 0.049999 433454 0.00034743 1 -0.0238105 -0.13265 0.05 492370
0 4684 5 phononTS 0.00132753 -4.6029 4.35044 0.0162816 44587.1 0.00034743 1 -0.0392584 -0.201129 0.05 263287
0 4695 4 phononTS 0.000908834 0.762297 0.659633 -0.00622679 77435.8 0.00034743 1 0.0941931 -0.189318 0.05 79596
0 4701 4 phononL 0.000850292 2.97461 4.57047 0.0460958 77986.9 0.00069486 1 -0.043779 -0.243047 0.05 298402
0 4702 2 phononTS 0.00176411 -4.12591 1.58145 -0.0420342 3299.42 0.00034743 1 -0.0947536 -0.159134 0.05 193847
0 4703 2 phononTS 0.00151143 -3.85138 4.18609 0.0111499 38842 0.00034743 1 0.0114169 -0.196753 0.05 77037.7
0 4709 2 phononTS 0.0026713 -3.3719 0.767487 -0.0157087 8250.35 0.00104229 1 -0.102614 -0.192128 0.05 63097.2
0 4710 2 phononTS 0.000651897 -2.47954 0.054507 0.049999 527.194 0.00034743 1 0.0876448 -0.272819 0.05 65706.9
0 4716 3 phononTS 0.00128504 -2.19245 0.402993 0.0172806 1687.84 0.00034743 1 0.0232481 -0.240638 0.05 300265
0 4720 5 phononTS 0.000710318 -1.39007 -0.00385743 0.049999 2783.09 0.00034743 1 -0.0895848 -0.212116 0.05 412415
0 4723 3 phononTS 0.00232352 -2.15144 0.851207 -0.0367138 3597.38 0.00034743 1 -0.106491 -0.163014 0.05 11545.1
0 4723 6 phononTF 0.00153512 -0.106491 -0.163014 0.049999 11545.1 0.00034743 1 -0.0732703 -0.159827 0.05 11603
0 4726 3 phononTF 0.00223841 -2.19404 0.934779 -0.0423061 1176.78 0.00069486 1 -0.0566098 -0.108277 0.05 7739.09
0 4726 4 phononTS 0.000651131 -0.0566098 -0.108277 0.049998 7739.09 0.00034743 1 0.0546487 -0.128954 0.05 8146.7
0 4731 7 phononTF 0.00140372 -3.59614 1.80646 0.00292927 21979 0.00069486 1 0.0996817 -0.172239 0.05 278798
0 4732 3 phononTS 0.00210281 -2.07978 1.83702 0.0227122 3101.26 0.00069486 1 -0.0266609 -0.253533 0.05 5810.57
0 4734 2 phononTF 0.000771001 -2.40949 0.72227 -0.0319797 873.465 0.00034743 1 0.0717656 -0.159317 0.05 239189
0 4736 5 phononTF 0.00144719 3.78383 -4.11032 0.00820199 98596.6 0.00034743 1 -0.108744 -0.152642 0.05 116576
0 4741 5 phononTS 0.00176785 -4.97685 3.94192 0.0407807 82323.8 0.00034743 1 0.0702655 -0.274669 0.05 117420
0 4741 6 phononTS 0.000942242 0.0702655 -0.274669 0.049999 117420 0.00034743 1 -0.109841 -0.226784 0.05 117695
0 4741 14 phononTF 0.000448773 -0.109841 -0.226784 0.049999 117695 0.00034743 1 -0.0818678 -0.254371 0.05 395013
0 4743 2 phononTF 0.00201208 -1.76225 0.573829 0.00103296 2156.8 0.00034743 1 -0.0519745 -0.211424 0.05 4929.3
0 4743 6 phononTF 0.000811065 -0.0519745 -0.211424 0.049999 4929.3 0.00034743 1 -0.0272327 -0.218696 0.05 5254.54
0 4746 6 phononL 0.000512534 -1.74527 -0.366161 0.0164209 35220.8 0.00034743 1 0.113832 -0.217631 0.05 438581
0 4750 2 phononTF 0.00167689 -2.92522 0.203813 0.0388283 6121.24 0.00069486 1 0.0724609 -0.248921 0.05 47684.6
0 4755 2 phononTS 0.0026914 -2.40499 0.350282 -0.0223115 274.195 0.00034743 1 -0.0468297 -0.223664 0.05 55218.3
0 4761 2 phononTF 0.00197992 -0.184762 0.967709 -0.0251135 5978.94 0.00104229 1 0.109646 -0.24212 0.05 22917.1
0 4764 3 phononTS 0.000854685 -2.41868 0.0249381 0.049999 5043.15 0.00034743 1 0.112722 -0.238132 0.05 116120
0 4765 4 phononTS 0.000782118 -1.6392 0.0645134 0.049999 452.733 0.00034743 1 0.0915908 -0.167044 0.05 95781.6
0 4769 2 phononTF 0.0016931 -1.95788 -1.53554 -0.0385584 8870.93 0.00034743 1 -0.0312591 -0.228933 0.05 19376.2
0 4781 3 phononTF 0.000497389 -2.12512 0.00856618 0.049999 821.255 0.00034743 1 0.0265764 -0.288287 0.05 640162
0 4787 3 phononTS 0.00064547 -2.48448 -0.00418728 0.049999 2892.04 0.00034743 1 -0.0817399 -0.140908 0.05 83575.1
0 4791 7 phononTF 0.0016375 0.0967437 -0.296989 0.0379914 9840.45 0.00069486 1 -0.018441 -0.17254 0.05 9889.73
0 4791 11 phononL 0.000453739 -0.018441 -0.17254 0.049999 9889.73 0.00034743 1 0.104747 -0.246263 0.05 38218.8
0 4791 2 phononTS 0.00111493 -2.52234 -0.257125 0.00406035 1231.9 0.00034743 1 -0.0907448 -0.137331 0.05 41752
0 4796 4 phononTF 0.00105116 -4.00474 0.52782 0.0059476 1691.33 0.00034743 1 -0.082177 -0.165673 0.05 67508
0 4799 3 phononTS 0.000816009 -1.83455 0.0640135 0.049999 1596.74 0.00034743 1 -0.0663493 -0.2617 0.05 156636
0 4804 3 phononTS 0.00173245 -1.75202 0.0887554 0.00253016 765.344 0.00034743 1 0.0893602 -0.193158 0.05 216997
0 4804 4 phononTF 0.000656642 0.0893602 -0.193158 0.049999 216997 0.00034743 1 0.0101414 -0.194888 0.05 217058
0 4810 3 phononTF 0.000789807 -3.21585 0.0245558 0.049999 5102.38 0.00034743 1 0.0460229 -0.250598 0.05 56000.5
0 4812 3 phononL 0.000487507 -2.47592 -0.00691093 0.049999 621.728 0.00034743 1 0.0553777 -0.276584 0.05 389056
0 4816 4 phononTS 0.00159432 -2.79262 0.407898 -0.0234776 31949 0.00104229 1 -0.0727498 -0.112851 0.05 152612
0 4817 2 phononL 0.000790024 -2.30287 -0.00780655 0.049999 88.6454 0.00034743 1 0.0695902 -0.167121 0.05 255778
0 4847 2 phononTS 0.00220563 -2.02075 0.00859228 0.0153829 361.14 0.00069486 1 0.0124091 -0.198765 0.05 55438.2
0 4848 2 phononL 0.00254817 -3.00685 -0.700714 -0.049709 4548.35 0.00069486 1 -0.0406632 -0.124929 0.05 56573.8
0 4857 2 phononTS 0.00091609 -2.54141 0.229632 -0.014896 179.222 0.00034743 1 -0.106899 -0.183708 0.05 39468.3
0 4857 8 phononTF 0.000403266 -0.106899 -0.183708 0.049999 39468.3 0.00034743 1 0.0604598 -0.273726 0.05 92233.4
0 4859 5 phononL 0.000968687 -4.8623 0.74428 -0.0172161 25512.6 0.00034743 1 -0.0305368 -0.230968 0.05 280967
0 4861 5 phononTF 0.000381407 -2.17073 4.97292 -0.0482354 78677 0.00034743 1 0.0349516 -0.132823 0.05 232647
0 4862 5 phononTS 0.000381336 -2.82858 0.0973653 0.049999 480.723 0.00034743 1 -0.0892565 -0.2026 0.05 691921
0 4870 5 phononTS 0.00132534 -0.353467 1.75337 -0.00632164 67580.6 0.00069486 1 0.0606897 -0.177424 0.05 217293
0 4871 3 phononL 0.00203013 -2.45893 -2.21074 -0.00207821 15069.8 0.00069486 1 -0.0798657 -0.195009 0.05 786756
0 4871 4 phononL 0.000624538 -0.0798657 -0.195009 0.049999 786756 0.00034743 1 -0.0330986 -0.261506 0.05 786810
0 4872 4 phononTS 0.000569813 -2.24723 0.0911623 0.049999 93.3441 0.00034743 1 -0.0712567 -0.270404 0.05 175507
0 4875 4 phononTF 0.000796051 -2.40137 0.0630858 0.049999 958.618 0.00034743 1 0.0845248 -0.150762 0.05 75012.8
0 4878 2 phononL 0.00183375 -2.3975 1.80968 0.00675758 6962.57 0.00069486 1 0.0438248 -0.194558 0.05 181574
0 4883 2 phononTF 0.000401314 -2.25582 0.0254625 0.049999 228.222 0.00034743 1 0.106782 -0.212724 0.05 15237.4
0 4885 5 phononTF 0.00210885 -2.54916 -0.302797 0.029151 2044.96 0.00034743 1 -0.108655 -0.223466 0.05 187707
0 4894 5 phononL 0.00106823 -4.0365 1.85148 -0.0128817 115304 0.00034743 1 0.0394563 -0.275871 0.05 349277
0 4894 6 phononTS 0.00055228 0.0394563 -0.275871 0.049999 349277 0.00034743 1 -0.0272441 -0.177941 0.05 349433
0 4902 3 phononTS 0.000820189 -2.10639 0.098971 0.049999 705.675 0.00034743 1 -0.0841912 -0.243146 0.05 164581
0 4907 3 phononL 0.0021705 0.82129 -1.39029 -0.0426326 9950.36 0.00034743 1 0.0203304 -0.254239 0.05 71264.4
0 4907 6 phononTS 0.000593379 0.0203304 -0.254239 0.049999 71264.4 0.00034743 1 0.0205096 -0.255029 0.05 71320.7
0 4910 5 phononTS 0.00168091 0.00424818 4.40865 0.0204926 23580.5 0.00034743 1 0.0383408 -0.189639 0.05 200604
0 4913 4 phononL 0.000790917 -2.62754 0.089088 0.049999 4909.88 0.00034743 1 0.0164471 -0.182584 0.05 8123.89
0 4915 4 phononTF 0.000813619 0.140777 -0.155683 0.0104163 42978.2 0.00034743 1 0.0783405 -0.148667 0.05 43028.6
0 4919 3 phononTS 0.000537011 -2.41613 0.013485 0.049999 301.385 0.00034743 1 -0.0798158 -0.200688 0.05 404229
0 4920 5 phononTS 0.00135489 4.04204 2.74035 -0.0183191 46980.7 0.00034743 1 -0.0329322 -0.191221 0.05 142743
0 4923 5 phononTS 0.00159756 3.66494 2.61976 0.00373615 85627.9 0.00034743 1 -0.0672042 -0.154622 0.05 290543
0 4925 4 phononTS 0.00148607 -4.14369 4.87619 0.0145008 84008.7 0.00034743 1 -0.052043 -0.235436 0.05 182472
0 4931 2 phononTS 0.000565119 -2.49694 0.102704 0.049999 307.384 0.00034743 1 -0.0465227 -0.277169 0.05 31704.2
0 4932 2 phononTS 0.000788673 -2.11231 0.0720767 0.049999 388.989 0.00034743 1 0.0843944 -0.194166 0.05 109458
0 4933 4 phononTS 0.00047621 -2.25764 0.0753199 0.049999 126.175 0.00034743 1 -0.0527161 -0.18986 0.05 911389
0 4937 6 phononTF 0.0010047 -2.76359 -2.60358 0.036696 14419.7 0.00034743 1 -0.0536837 -0.231089 0.05 54561.7
0 4938 7 phononL 0.000929844 0.765145 1.07763 -0.0233473 7444.43 0.00034743 1 0.0835312 -0.211062 0.05 206537
0 4938 2 phononL 0.0013257 -1.23881 0.879414 -0.0398485 4919.07 0.00069486 1 -0.00902154 -0.199236 0.05 86770.5
0 4939 2 phononTS 0.00188047 -2.4143 0.449421 0.0499833 7833.64 0.00069486 1 -0.0477066 -0.247623 0.05 94170.6
0 4941 5 phononTS 0.00134637 -2.5402 3.18034 0.0269136 84831.9 0.00069486 1 -0.0331478 -0.0935301 0.05 205649
0 4945 2 phononL 0.00135593 0.308381 -0.851393 0.0362792 10636.2 0.00034743 1 0.116998 -0.186822 0.05 36843.2
0 4957 2 phononTF 0.00127302 -2.21985 0.280044 0.0456261 11.5155 0.00069486 1 0.0568095 -0.238803 0.05 2596.64
0 4962 6 phononL 0.00050967 -2.36771 0.0581371 0.049999 1395.29 0.00034743 1 -0.0481276 -0.25797 0.05 203342
0 4964 3 phononTF 0.00282951 -2.2506 -0.0517392 0.00624772 1278.21 0.00034743 1 -0.0373255 -0.14413 0.05 20285.9
0 4964 4 phononTF 0.00174016 -0.0373255 -0.14413 0.049999 20285.9 0.00034743 1 -0.0460996 -0.0989048 0.05 20527.7
0 4964 11 phononTF 0.000594036 -0.0460996 -0.0989048 0.049999 20527.7 0.00034743 1 -0.0294323 -0.294041 0.05 20688.1
0 4975 5 phononTF 0.000947463 -3.64156 0.13521 -0.0223828 3847.64 0.00034743 1 0.0184825 -0.196589 0.05 30771.8
0 4975 7 phononTS 0.000435294 0.0184825 -0.196589 0.049999 30771.8 0.00034743 1 0.072994 -0.162553 0.05 30840.6
0 4992 3 phononTS 0.000819919 -2.57772 0.0874377 0.049999 288.701 0.00069486 1 -0.0973396 -0.175405 0.05 1619.14
0 4993 2 phononTF 0.00236963 -2.45468 -0.718612 0.00196801 10259.3 0.00069486 1 0.0436185 -0.149176 0.05 105442
