Run ID,Event ID,Track ID,Particle Name,Start Energy [eV],Start X [mm],Start Y [mm],Start Z [mm],Start Time [ns],Energy Deposited [eV],Track Weight,End X [mm],End Y [mm],End Z [mm],Final Time [ns],Volume Name
0 1 6 phononTF 0.000659658 2.35321 -3.06738 -0.0311066 238597 0.00034743 1 0.0340423 -0.160512 0.05 252866
0 3 4 phononL 0.00106273 1.03578 0.346611 -0.00706863 15327 0.00034743 1 -0.102081 -0.188551 0.05 23404.9
0 7 2 phononL 0.00159624 -4.84636 -2.81899 -0.0276188 433.151 0.00034743 1 0.0928182 -0.266006 0.05 105325
0 11 4 phononL 0.00174212 -3.74937 -3.34124 -0.0333018 36680.9 0.00034743 1 0.0948737 -0.191452 0.05 90939.4
0 11 6 phononTS 0.00102847 0.0948737 -0.191452 0.049999 90939.4 0.00034743 1 0.0886273 -0.212665 0.05 90998.4
0 15 6 phononTF 0.00089755 2.35503 -2.47196 0.0171182 235544 0.00034743 1 0.0339255 -0.0924584 0.05 239451
0 16 3 phononTF 0.00249822 -4.87148 -2.4915 0.0465994 847.206 0.00104229 1 -0.0942726 -0.194743 0.05 23253.3
0 21 4 phononTF 0.00116163 -4.49713 -3.3808 -0.0264092 23942.1 0.00034743 1 -0.113236 -0.204685 0.05 41390.7
0 22 5 phononL 0.00123546 -0.472335 2.10022 -0.0265787 36622.8 0.00034743 1 0.0725041 -0.126908 0.05 465873
0 32 3 phononTS 0.00195611 -4.12746 -2.39344 -0.0125019 5515.02 0.00069486 1 0.11996 -0.185539 0.05 76094.5
0 32 5 phononL 0.000480186 0.11996 -0.185539 0.049999 76094.5 0.00034743 1 0.10554 -0.237 0.05 89624
0 32 2 phononTF 0.00204389 -4.12746 -2.39344 -0.0125019 5515.02 0.00034743 1 -0.0396579 -0.163105 0.05 101857
0 36 3 phononTS 0.0020302 -4.48254 -4.56178 0.0298953 8755.08 0.00034743 1 0.0235472 -0.250629 0.05 85904.8
0 36 5 phononTS 0.00160267 0.0235472 -0.250629 0.049999 85904.8 0.00034743 1 -0.0277711 -0.234794 0.05 85975.4
0 39 2 phononTF 0.00173577 -3.23865 -1.5804 -0.016633 11895.3 0.00034743 1 -0.0818715 -0.19779 0.05 57847.7
0 40 3 phononL 0.00229644 -4.36615 -2.76339 -0.0481663 815.813 0.00104229 1 -0.0390416 -0.235937 0.05 60981.2
0 41 2 phononTF 0.00209356 -3.68393 -2.77728 0.0236297 2762.49 0.00034743 1 0.10294 -0.20337 0.05 80721.7
0 43 4 phononTS 0.00127338 -3.42237 -1.88548 -0.00536878 2540.08 0.00034743 1 0.0136443 -0.17485 0.05 15066
0 44 9 phononL 0.00124152 -0.993856 -2.11568 0.0166549 31086.3 0.00069486 1 0.0526836 -0.194194 0.05 187614
0 46 5 phononL 0.000715377 -3.69629 -3.06297 0.0258871 5683.81 0.00034743 1 -0.0362668 -0.0945994 0.05 103950
0 47 2 phononTF 0.00155451 -4.68526 -3.83046 0.0031583 1298.41 0.00034743 1 -0.031626 -0.159914 0.05 40064.6
0 49 2 phononTF 0.00168981 -0.6705 -3.88241 0.0431514 15274.5 0.00034743 1 0.103542 -0.228722 0.05 60183.1
0 54 3 phononTS 0.00239263 -3.73444 -2.74333 0.0303849 4366 0.00034743 1 -0.0884115 -0.184369 0.05 143649
0 59 2 phononL 0.00167821 -4.70161 -2.84479 -0.0442016 42.6093 0.00034743 1 0.117215 -0.219301 0.05 108748
0 60 9 phononL 0.000989851 -3.64196 3.42084 -0.0247835 260673 0.00034743 1 0.10592 -0.195224 0.05 485018
0 60 2 phononTF 0.00158656 -3.40824 -2.41535 0.0497974 10141 0.00069486 1 0.0655381 -0.290129 0.05 22782
0 62 3 phononTS 0.00156799 -4.93622 -2.96588 0.0085884 148.76 0.00069486 1 0.0428171 -0.177814 0.05 152031
0 62 8 phononTS 0.000715071 0.0428171 -0.177814 0.049999 152031 0.00034743 1 0.104031 -0.148574 0.05 594408
0 66 3 phononTS 0.00198996 -1.92512 -4.44738 -0.0369589 15322.3 0.00034743 1 0.0473579 -0.180882 0.05 49633.5
0 68 3 phononL 0.00157315 -1.80474 -3.63438 0.0459771 8099.09 0.00069486 1 -0.0359165 -0.250003 0.05 229906
0 70 7 phononTS 0.000792404 0.503049 0.882538 0.029086 69340.1 0.00034743 1 0.0325435 -0.135464 0.05 96613.2
0 71 7 phononTF 0.00103508 -4.50986 3.13249 -0.0109591 865495 0.00034743 1 -0.0311355 -0.118876 0.05 1.16179e+06
0 73 7 phononL 0.00112834 1.33904 -3.31567 -0.042785 94357.9 0.00034743 1 -0.100144 -0.189856 0.05 267585
0 73 11 phononTS 0.000479101 -0.100144 -0.189856 0.049999 267585 0.00034743 1 -0.108996 -0.192441 0.05 267642
0 77 4 phononL 0.00174716 -3.56811 0.554529 0.000285589 17118.5 0.00069486 1 -0.0344703 -0.289512 0.05 210548
0 77 10 phononTF 0.00059725 -0.0344703 -0.289512 0.049999 210548 0.00034743 1 0.0411022 -0.11957 0.05 217866
0 78 2 phononTS 0.00141724 -4.64777 -2.75411 -0.0159575 378.812 0.00034743 1 0.0385219 -0.22722 0.05 105719
0 80 2 phononTF 0.00211237 -3.65767 -4.74467 -0.0419219 5819.85 0.00034743 1 -0.024521 -0.243654 0.05 230484
0 80 5 phononTF 0.00151879 -0.024521 -0.243654 0.049999 230484 0.00104229 1 -0.0466551 -0.176676 0.05 231723
0 83 3 phononTS 0.00231703 -3.92698 -3.26807 0.0274251 2117.67 0.00069486 1 -0.0182895 -0.174275 0.05 152570
0 83 8 phononTS 0.00101223 -0.0182895 -0.174275 0.049999 152570 0.00034743 1 -0.11949 -0.209855 0.05 152649
0 83 2 phononL 0.00168297 -3.92698 -3.26807 0.0274251 2117.67 0.00034743 1 -0.0299097 -0.196078 0.05 129914
0 83 22 phononTF 0.00118314 -0.0299097 -0.196078 0.049999 129914 0.00034743 1 -0.0138582 -0.22061 0.05 130008
0 84 6 phononL 0.0012186 4.01879 -0.0299649 -0.0123534 144704 0.00069486 1 -0.0554866 -0.107882 0.05 236078
0 85 6 phononTS 0.000598938 -0.434632 -2.0702 0.0428678 155897 0.00034743 1 0.0525784 -0.212066 0.05 157856
0 88 5 phononL 0.00164862 -2.47459 -4.66898 0.0128849 68418 0.00034743 1 -0.0703393 -0.252522 0.05 159799
0 88 7 phononTS 0.000631229 -0.0703393 -0.252522 0.049999 159799 0.00034743 1 0.041279 -0.25178 0.05 160258
0 88 4 phononTF 0.000981308 -2.47459 -4.66898 0.0128849 68418 0.00069486 1 0.0655749 -0.19908 0.05 347142
0 88 2 phononTS 0.00137008 -4.39098 -2.76137 0.0355176 270.12 0.00069486 1 0.101361 -0.174448 0.05 117492
0 89 4 phononTS 0.00101241 -2.7718 -3.30016 0.0176513 19561.1 0.00069486 1 0.0319964 -0.11574 0.05 516052
0 90 2 phononTF 0.00108069 -4.99589 -1.72401 -0.00440734 7793.08 0.00034743 1 0.0614617 -0.178333 0.05 81609.1
0 91 2 phononTS 0.00146301 -4.67345 -2.62311 0.0395704 4344.87 0.00069486 1 0.0501168 -0.110399 0.05 17122.5
0 92 2 phononTS 0.00193392 -4.55752 -2.71784 0.0346886 19867.8 0.00069486 1 -0.0415734 -0.271048 0.05 95794.6
0 94 2 phononTF 0.00212641 -3.14726 -3.02526 0.0384565 9204.69 0.00034743 1 0.0662232 -0.255215 0.05 26574.8
0 94 5 phononTS 0.000525781 0.0662232 -0.255215 0.049998 26574.8 0.00034743 1 0.0828751 -0.270636 0.05 438329
0 99 6 phononTS 0.00110776 -2.17887 -2.07649 -0.0147166 235881 0.00034743 1 0.0942205 -0.258208 0.05 376349
0 102 3 phononTF 0.00165043 -3.64783 -2.07859 -0.0261503 6202.44 0.00138972 1 0.0434109 -0.142787 0.05 269477
0 103 3 phononTS 0.000981494 -3.80746 -4.76696 -0.0244448 19936.5 0.00069486 1 -0.111626 -0.235933 0.05 54857.9
0 105 5 phononTF 0.000865377 0.655147 -4.11044 -0.023484 51862.6 0.00034743 1 -0.115468 -0.207333 0.05 194026
0 116 5 phononTS 0.00111619 4.83764 1.71833 0.0299631 334864 0.00034743 1 -0.0958323 -0.249526 0.05 496706
0 117 3 phononTS 0.00222322 -4.49124 -3.2262 -0.0453714 6977.93 0.00138972 1 -0.0563472 -0.127828 0.05 130713
0 117 22 phononTS 0.00149485 -0.455315 -2.89447 0.016677 104631 0.00034743 1 0.0751999 -0.235244 0.05 258784
0 117 23 phononTS 0.00067603 0.0751999 -0.235244 0.049999 258784 0.00034743 1 0.0648051 -0.219585 0.05 258843
0 120 2 phononTF 0.00150814 -3.90154 -4.08659 0.0408921 4826.82 0.00034743 1 -0.0155889 -0.201343 0.05 55663
0 121 5 phononTS 0.00198474 -0.247549 -1.5561 0.016133 91295.3 0.00034743 1 -0.0366846 -0.224655 0.05 328238
0 121 8 phononTF 0.0008953 -0.0366846 -0.224655 0.049999 328238 0.00034743 1 -0.0798203 -0.12196 0.05 328308
0 121 12 phononTS 0.00035797 -0.0798203 -0.12196 0.049999 328308 0.00034743 1 -0.0304511 -0.175258 0.05 328379
0 122 2 phononL 0.0018882 -4.51419 -3.09494 -0.0234924 17150.1 0.00034743 1 0.0984605 -0.217125 0.05 57586.1
0 122 4 phononTS 0.000549081 0.0984605 -0.217125 0.049998 57586.1 0.00034743 1 0.0558462 -0.155461 0.05 126542
0 132 4 phononTF 0.00109132 -4.50045 -2.91591 -0.0150271 31904 0.00034743 1 -0.0725386 -0.173466 0.05 49747.4
0 133 2 phononTS 0.00121848 -3.97705 -2.86009 -0.00149867 1496.09 0.00034743 1 -0.0415512 -0.162375 0.05 289978
0 133 8 phononL 0.000621076 -0.0415512 -0.162375 0.049999 289978 0.00034743 1 -0.111208 -0.196337 0.05 290160
0 135 4 phononTS 0.00132591 -3.77426 1.03339 0.0317737 38078.1 0.00069486 1 -0.0273967 -0.122817 0.05 86442.9
0 135 2 phononTS 0.00166185 -4.96925 -4.20442 0.0316862 5693.9 0.00034743 1 -0.0739607 -0.112268 0.05 13012.2
0 137 3 phononL 0.00127132 -3.9392 -3.31708 -0.0469923 9795.65 0.00069486 1 -0.0988046 -0.204517 0.05 561947
0 139 5 phononTS 0.000964997 -4.46514 -3.1897 0.0355727 27825.1 0.00034743 1 -0.105098 -0.182959 0.05 87282.6
0 141 7 phononTS 0.000470114 4.02169 3.31251 -0.0407015 195183 0.00034743 1 -0.0803954 -0.13877 0.05 240114
0 143 2 phononTS 0.00209757 -4.02916 -2.72582 0.0397409 6900.06 0.00104229 1 0.0356719 -0.222063 0.05 128928
0 147 3 phononTS 0.00146383 -4.85067 -2.06905 -0.00432612 3210.91 0.00034743 1 0.0627093 -0.257501 0.05 463007
0 149 5 phononTS 0.000719564 -1.53164 -4.55199 -0.00921239 52139.9 0.00034743 1 -0.0492951 -0.175624 0.05 73893.6
0 150 5 phononL 0.000483816 -4.03983 -3.37412 -0.00370694 13680.3 0.00034743 1 0.0802764 -0.162397 0.05 115406
0 151 5 phononTS 0.00181743 -2.60504 -1.27095 -0.0286866 6985.85 0.00034743 1 -0.0232654 -0.232157 0.05 8902.37
0 154 4 phononTF 0.000540148 -3.76519 -3.59265 -0.00956557 5315.49 0.00034743 1 0.0302088 -0.297071 0.05 16425.6
0 158 2 phononTF 0.00164014 -4.3312 -2.16824 -0.0256801 13411.5 0.00034743 1 -0.0559072 -0.130472 0.05 134926
0 158 4 phononTS 0.000814625 -0.0559072 -0.130472 0.049999 134926 0.00034743 1 -0.0643028 -0.197276 0.05 242697
0 159 4 phononTS 0.00184803 -4.16612 0.598204 0.0390946 18353.2 0.00034743 1 -0.0753804 -0.27642 0.05 192641
0 160 2 phononTS 0.00188024 -4.65319 -2.7568 -0.0355928 307.68 0.00034743 1 -0.0592601 -0.294826 0.05 73379.2
0 160 6 phononL 0.00103294 -0.0592601 -0.294826 0.049999 73379.2 0.00034743 1 -0.0566971 -0.112666 0.05 73442.2
0 164 2 phononTS 0.00177979 -2.8193 -4.60951 0.027803 5793.68 0.00104229 1 0.0277661 -0.142874 0.05 115783
0 166 4 phononL 0.00144558 -3.38475 -1.36133 0.0317746 14730.1 0.00034743 1 -0.0259762 -0.282055 0.05 537491
0 166 7 phononTS 0.000577045 -0.0259762 -0.282055 0.049999 537491 0.00034743 1 0.0350066 -0.299547 0.05 817452
0 166 2 phononL 0.00153358 -4.64995 -4.59159 -0.0487367 6229.44 0.00034743 1 0.057116 -0.22455 0.05 185648
0 166 16 phononL 0.000693836 0.057116 -0.22455 0.049999 185648 0.00034743 1 0.0768555 -0.216037 0.05 271569
0 173 3 phononTF 0.00148995 -4.76149 -2.88224 -0.00168972 130.374 0.00069486 1 -0.0626866 -0.174226 0.05 268413
0 173 10 phononTF 0.000358884 -0.0626866 -0.174226 0.049998 268413 0.00034743 1 -0.0737155 -0.261852 0.05 580821
0 174 4 phononL 0.00138154 -2.28474 -0.426664 0.0225603 26610.3 0.00069486 1 0.0715252 -0.155137 0.05 37501.6
0 178 4 phononL 0.0016042 -1.55518 -1.49757 0.0446942 9265.97 0.00069486 1 0.0718362 -0.188622 0.05 229380
0 179 5 phononTS 0.00207145 -1.14644 3.92059 -0.0111394 114635 0.00034743 1 -0.101101 -0.204498 0.05 157297
0 179 4 phononTS 0.000878398 -1.14644 3.92059 -0.0111394 114635 0.00034743 1 0.094465 -0.180396 0.05 201854
0 180 5 phononTF 0.00134903 -4.28604 2.06584 -0.0289158 61924.3 0.00069486 1 -0.0761833 -0.214894 0.05 144679
0 182 3 phononTS 0.0018848 -3.95922 -0.464169 0.0143689 28256.5 0.00069486 1 0.0928012 -0.228688 0.05 273574
0 189 2 phononL 0.0017904 -4.87994 -2.88465 -0.0274321 2214.16 0.00104229 1 0.0473905 -0.0976423 0.05 109647
0 190 2 phononTS 0.00182708 -3.9651 -1.67542 0.0470526 14678 0.00034743 1 -0.0289828 -0.258253 0.05 175899
0 191 2 phononTS 0.0017521 -4.81851 -1.85323 -0.0205265 4573.8 0.00034743 1 -0.0948382 -0.234995 0.05 43435.6
0 194 7 phononTS 0.00115998 -3.63991 -2.37732 -0.0357034 77774 0.00034743 1 0.0356948 -0.271145 0.05 102069
0 194 9 phononTS 0.000709557 0.0356948 -0.271145 0.049999 102069 0.00034743 1 -0.0339098 -0.0975149 0.05 324443
0 194 6 phononL 0.00109432 -3.63991 -2.37732 -0.0357034 77774 0.00034743 1 0.0763429 -0.117306 0.05 433865
0 198 2 phononTF 0.00299732 -4.78329 -2.76617 0.0231775 29.5444 0.00104229 1 -0.0408554 -0.180773 0.05 37189.9
0 208 2 phononTS 0.00174431 -4.58467 -3.35782 0.0369534 7225.41 0.00034743 1 0.0827617 -0.161606 0.05 14285.2
0 208 4 phononTF 0.000874168 0.0827617 -0.161606 0.049999 14285.2 0.00069486 1 0.0420433 -0.20766 0.05 15109.9
0 217 2 phononL 0.00159728 -4.54855 -2.44923 0.0302226 1493.74 0.00034743 1 -0.0496768 -0.187828 0.05 112984
0 217 5 phononTF 0.000983587 -0.0496768 -0.187828 0.049999 112984 0.00034743 1 0.0818263 -0.178664 0.05 115081
0 219 4 phononTS 0.000602895 3.75995 -3.70465 -0.0223746 406973 0.00034743 1 -0.0841778 -0.176416 0.05 837831
0 220 3 phononTS 0.00176486 -4.77885 -2.80012 0.0414957 16.6199 0.00069486 1 -0.0512461 -0.259728 0.05 53869.6
0 222 5 phononL 0.00116336 -1.6628 1.34639 0.00284366 45309.8 0.00034743 1 -0.0121948 -0.194287 0.05 383550
0 222 12 phononTS 0.00128775 -3.45764 -4.96507 0.027251 130559 0.00034743 1 -0.118077 -0.190852 0.05 522823
0 225 3 phononTF 0.00136284 -4.47493 -3.17643 0.0207429 14896.8 0.00069486 1 0.0261838 -0.207394 0.05 317254
0 227 4 phononTS 0.000715411 -1.07361 4.19316 0.0173673 201574 0.00069486 1 0.0963287 -0.158995 0.05 222785
0 240 2 phononTF 0.00170934 -2.94948 -1.94227 -0.0130488 10763.3 0.00034743 1 0.0596012 -0.121864 0.05 80647
0 245 3 phononTF 0.00215614 -4.88609 -3.21854 0.0147426 11751.6 0.00034743 1 -0.0159682 -0.194314 0.05 107856
0 245 5 phononTS 0.00036859 -0.0159682 -0.194314 0.049999 107856 0.00034743 1 0.0105735 -0.206263 0.05 115255
0 245 4 phononTS 0.00096444 -0.0159682 -0.194314 0.049999 107856 0.00034743 1 -0.0306389 -0.206775 0.05 107914
0 246 5 phononTF 0.00134926 4.25549 0.841383 0.0342148 47121.7 0.00069486 1 0.0201912 -0.222171 0.05 216243
0 246 11 phononL 0.000420937 0.0201912 -0.222171 0.049999 216243 0.00034743 1 -0.0351051 -0.188935 0.05 220080
0 246 4 phononTF 0.000619959 4.25549 0.841383 0.0342148 47121.7 0.00034743 1 0.1094 -0.187593 0.05 70222.2
0 249 6 phononTS 0.000895526 -4.04174 -1.61632 -0.0169613 30169.5 0.00034743 1 -0.0599664 -0.263525 0.05 754614
0 250 2 phononTS 0.00156014 -4.50835 -2.15412 0.0143017 2794.35 0.00034743 1 -0.0684569 -0.219306 0.05 359624
0 251 4 phononTF 0.000450929 -4.63541 -0.00075939 0.049999 17155 0.00034743 1 -0.0682733 -0.196686 0.05 121486
0 253 4 phononTS 0.00123441 -1.57859 -1.14234 0.011903 42752.5 0.00034743 1 0.0924647 -0.218918 0.05 132320
0 256 4 phononTF 0.000796107 -1.26952 -3.26836 0.0469353 46793.1 0.00034743 1 0.0755944 -0.227318 0.05 660370
0 258 2 phononL 0.00232386 -4.21509 -4.66599 0.00526516 17242.6 0.00034743 1 0.0119925 -0.210821 0.05 82115.5
0 261 5 phononTF 0.000676959 4.84917 -4.34501 -0.0150733 57501.6 0.00034743 1 0.0897489 -0.230191 0.05 195000
0 261 4 phononL 0.000947051 4.84917 -4.34501 -0.0150733 57501.6 0.00034743 1 0.0780383 -0.135447 0.05 132096
0 261 2 phononTS 0.00237599 -4.39052 -4.35681 -0.00801244 5470.69 0.00069486 1 -0.0337052 -0.261567 0.05 20208
0 264 4 phononL 0.00102273 4.0951 1.52672 -0.0381574 107148 0.00034743 1 0.0184961 -0.182549 0.05 156564
0 265 3 phononL 0.00186876 -4.34213 -2.43047 0.0104642 3469.65 0.00034743 1 -0.089766 -0.230025 0.05 91583.1
0 265 4 phononTF 0.000349682 -0.089766 -0.230025 0.049999 91583.1 0.00034743 1 -0.108714 -0.200222 0.05 144740
0 267 3 phononTS 0.00136967 -4.94698 -3.52557 0.01414 3150.18 0.00034743 1 -0.108915 -0.166245 0.05 824750
0 267 4 phononL 0.000962277 -0.108915 -0.166245 0.049999 824750 0.00034743 1 0.0609071 -0.267065 0.05 922036
0 271 5 phononTS 0.00120746 -4.43486 -2.66075 0.0123622 659.418 0.00034743 1 0.0471216 -0.214801 0.05 328199
0 279 4 phononL 0.000803456 -4.68444 -3.16802 0.0293333 236666 0.00034743 1 -0.0822722 -0.228118 0.05 275317
0 280 3 phononTS 0.00211439 -4.88413 -3.59455 -0.00937781 4605.82 0.00069486 1 0.0646465 -0.200815 0.05 102660
0 283 4 phononTF 0.001082 -0.00718313 -2.99529 -0.0183836 101608 0.00034743 1 -0.10732 -0.172451 0.05 152899
0 283 2 phononTS 0.00178055 -3.46372 -4.5069 0.0262654 12978 0.00069486 1 0.0258357 -0.197014 0.05 178652
0 288 4 phononTS 0.00170733 -4.39702 -3.88953 0.0120164 40041.5 0.00069486 1 0.0203732 -0.174193 0.05 272624
0 290 7 phononTS 0.0016914 -1.04673 3.08098 0.00417033 62481.2 0.00034743 1 0.0601719 -0.104346 0.05 84728.6
0 291 4 phononTF 0.000565248 -2.70053 0.0437357 0.049999 31415.1 0.00034743 1 0.0267329 -0.239541 0.05 49986.9
0 292 4 phononTS 0.00109381 4.25645 -4.55368 0.0427191 354903 0.00069486 1 -0.0258626 -0.253832 0.05 737136
0 295 4 phononTF 0.00158205 -4.89053 -1.14155 0.0311932 7227.89 0.00069486 1 -0.0864634 -0.174648 0.05 695649
0 302 5 phononTS 0.00116585 0.254976 4.48482 0.0393271 57359.5 0.00034743 1 0.0315396 -0.220295 0.05 95581.5
0 302 4 phononTS 0.00115136 0.254976 4.48482 0.0393271 57359.5 0.00034743 1 -0.0217608 -0.268518 0.05 123117
0 303 2 phononTS 0.00235913 -4.43415 -1.27168 -0.00514418 5963.58 0.00034743 1 0.037283 -0.119084 0.05 12360.5
0 303 4 phononTS 0.00094831 0.037283 -0.119084 0.049999 12360.5 0.00034743 1 0.0936885 -0.199255 0.05 154582
0 303 10 phononTF 0.00050769 0.0936885 -0.199255 0.049999 154582 0.00034743 1 0.0937494 -0.215788 0.05 154662
0 308 9 phononTS 0.00131715 -3.46142 4.61537 -0.00596692 563190 0.00034743 1 0.0856958 -0.254914 0.05 1.44342e+06
0 311 3 phononTS 0.00153966 -4.89783 -2.5553 0.0350967 3325.03 0.00034743 1 0.0505211 -0.195194 0.05 73151.7
0 313 2 phononTS 0.00192402 -4.55951 -2.43034 0.0139493 7806.21 0.00104229 1 -0.023297 -0.159203 0.05 86847.8
0 317 2 phononL 0.0016363 -4.27974 -1.55814 -0.0106816 3343.62 0.00069486 1 0.0397653 -0.215789 0.05 49278.5
0 317 12 phononTS 0.000396652 0.0397653 -0.215789 0.049999 49278.5 0.00034743 1 -0.0576585 -0.28024 0.05 49809.4
0 321 2 phononTF 0.00182651 -4.69816 0.230109 0.0238932 6478.32 0.00069486 1 -0.0935748 -0.160804 0.05 193174
0 323 5 phononTS 0.0022582 -4.38794 -4.98874 0.000527467 17054.2 0.00034743 1 0.043184 -0.124599 0.05 28930.5
0 324 3 phononTS 0.00177001 -4.50567 -3.14581 -0.0478028 703.445 0.00069486 1 -0.0832887 -0.182439 0.05 50778.6
0 327 2 phononTS 0.000998821 -2.11477 -0.305584 0.0102947 14356.1 0.00034743 1 0.100952 -0.259963 0.05 406270
0 331 3 phononTS 0.00121703 -4.92457 -2.16061 0.0309192 4389.29 0.00034743 1 -0.0627124 -0.132215 0.05 29887.5
0 332 3 phononTS 0.00303435 -4.32988 -2.7986 -0.0156991 1257.43 0.00034743 1 -0.0280571 -0.275778 0.05 22992
0 335 3 phononTF 0.0014505 -4.64315 -3.67558 0.0110167 39771 0.00034743 1 0.0280368 -0.2488 0.05 64240.5
0 335 13 phononL 0.00108541 -2.96918 1.96776 -0.048596 90847.8 0.00034743 1 0.0455021 -0.236663 0.05 269642
0 335 12 phononTS 0.00146409 -2.96918 1.96776 -0.048596 90847.8 0.00034743 1 0.111537 -0.238273 0.05 358600
0 335 20 phononTS 0.000607654 0.111537 -0.238273 0.049999 358600 0.00034743 1 -0.0338611 -0.299616 0.05 920838
0 336 5 phononTS 0.00187051 -2.55923 -4.88137 0.0174004 45159.6 0.00034743 1 -0.0363395 -0.187013 0.05 276923
0 341 7 phononTS 0.00160534 -3.07622 -3.66283 -0.0373986 179699 0.00069486 1 0.0548553 -0.132868 0.05 232660
0 342 7 phononL 0.00110293 -3.63139 -0.924272 -0.036144 10571.4 0.00034743 1 -0.029907 -0.232795 0.05 136381
0 342 9 phononTS 0.000357473 -0.029907 -0.232795 0.049999 136381 0.00034743 1 0.0824247 -0.220734 0.05 293386
0 356 4 phononTS 0.00109141 -3.63449 -2.91207 -0.000666402 5815.67 0.00034743 1 0.117468 -0.180735 0.05 200091
0 357 5 phononTS 0.00154277 2.37749 -1.63504 0.0217794 14066.5 0.00034743 1 -0.0897953 -0.177578 0.05 92392.1
0 357 4 phononTF 0.00124989 2.37749 -1.63504 0.0217794 14066.5 0.00034743 1 0.0545657 -0.104873 0.05 15307.3
0 358 5 phononTS 0.000656811 1.83742 -4.73526 -0.0279049 239382 0.00034743 1 0.0768905 -0.259095 0.05 255451
0 360 9 phononTF 0.000450782 -0.0936937 -0.695224 0.0152908 154798 0.00034743 1 0.0589069 -0.140377 0.05 199687
0 361 3 phononTF 0.00179448 -3.93838 -2.81673 0.00845389 15233.9 0.00069486 1 -0.0887082 -0.196999 0.05 182848
0 366 5 phononTS 0.00108537 -3.33184 -3.76882 0.0318334 5829.07 0.00069486 1 0.036019 -0.271688 0.05 317832
0 367 4 phononTF 0.0016139 -4.34209 1.49222 0.00166899 50441.2 0.00069486 1 0.0291485 -0.115534 0.05 102232
0 369 4 phononTS 0.000740194 0.477785 4.48672 0.0299113 38845.5 0.00034743 1 -0.0590247 -0.298067 0.05 69062.3
0 375 2 phononTF 0.00141056 -4.49871 -2.65379 -0.0265864 19472 0.00034743 1 0.0416487 -0.0977583 0.05 66456.9
0 376 5 phononTF 0.00107345 -4.05441 0.252032 0.0109536 28537.1 0.00034743 1 0.114319 -0.198636 0.05 56447.1
0 376 8 phononTF 0.00053829 0.114319 -0.198636 0.049999 56447.1 0.00034743 1 -0.0950016 -0.256831 0.05 114701
0 377 5 phononTF 0.00151846 4.7721 -3.72851 0.0353481 100654 0.00034743 1 0.104994 -0.235545 0.05 144964
0 378 6 phononTS 0.000874278 -3.22956 -0.504916 -0.00206029 92056.7 0.00034743 1 -0.049324 -0.300568 0.05 104361
0 379 5 phononTS 0.00139536 3.1841 -2.71797 -0.00664936 35019.5 0.00069486 1 0.0309 -0.13589 0.05 442124
0 380 4 phononTS 0.000896805 -3.5917 -1.13778 0.0183362 21460.7 0.00034743 1 0.0292999 -0.304578 0.05 97362.6
0 380 6 phononTS 0.000479906 0.0292999 -0.304578 0.049998 97362.6 0.00034743 1 -0.0489039 -0.176775 0.05 97449.4
0 381 3 phononL 0.00229227 -4.23274 -2.83933 -0.0256963 1379.5 0.00069486 1 0.0302968 -0.149336 0.05 18833.1
0 381 21 phononTS 0.000667382 -4.81895 -0.148416 0.0209503 143022 0.00034743 1 -0.04919 -0.270988 0.05 210997
0 386 5 phononTS 0.00157854 -3.47143 4.38048 -0.0325252 68746.9 0.00034743 1 -0.0211228 -0.239852 0.05 198843
0 390 5 phononTS 0.00107163 -2.01117 -4.09295 -0.0193291 23533.2 0.00034743 1 0.0514751 -0.2592 0.05 225966
0 390 7 phononTS 0.000668308 0.0514751 -0.2592 0.049999 225966 0.00034743 1 -0.0311211 -0.270284 0.05 226038
0 390 2 phononTF 0.00183157 -3.57737 -2.18322 -0.0299629 11582.2 0.00069486 1 0.0589237 -0.170138 0.05 25792.6
0 391 3 phononTS 0.00249608 -4.83287 -2.39904 -0.023144 3220.87 0.00069486 1 0.0876969 -0.206496 0.05 280098
0 391 4 phononTF 0.000472971 0.0876969 -0.206496 0.049999 280098 0.00034743 1 -0.0528941 -0.210599 0.05 280170
0 393 7 phononL 0.000783445 3.8575 -2.80494 -0.00795329 159097 0.00034743 1 0.035457 -0.257188 0.05 199501
0 397 3 phononL 0.00142259 -0.824328 -2.46506 -0.0481293 18092.9 0.00034743 1 0.0966823 -0.160742 0.05 200211
0 397 2 phononTS 0.00257741 -0.824328 -2.46506 -0.0481293 18092.9 0.00069486 1 -0.0596319 -0.198836 0.05 34317.5
0 398 7 phononTS 0.00148741 -0.653157 -1.74313 -0.0319702 15710.8 0.00069486 1 -0.0603778 -0.167355 0.05 164335
0 399 6 phononTF 0.000626442 -3.46398 2.38009 -0.000857637 395525 0.00034743 1 -0.0498652 -0.248234 0.05 529415
0 402 5 phononTF 0.00138335 -2.99093 -4.08578 0.0170129 44971.5 0.00034743 1 -0.096771 -0.259219 0.05 185219
0 402 2 phononL 0.00164239 -4.67478 -2.81974 -0.00712974 28.1747 0.00034743 1 -0.0793674 -0.266479 0.05 129637
0 402 12 phononTF 0.000465693 -0.0793674 -0.266479 0.049999 129637 0.00034743 1 -0.0321256 -0.267682 0.05 184146
0 407 3 phononTS 0.00291499 -4.37237 -3.57491 0.0152303 26395.4 0.00104229 1 -0.0250845 -0.20977 0.05 51935.1
0 409 5 phononTF 0.000700091 -4.75278 -2.39899 -0.0121461 3820.7 0.00034743 1 0.117187 -0.196722 0.05 75383.5
0 410 4 phononTS 0.000718215 -1.51741 -2.43305 0.000343142 18250.6 0.00034743 1 -0.0688515 -0.27912 0.05 250149
0 411 5 phononTF 0.0017832 -4.02696 -0.628267 0.0381725 44924.1 0.00034743 1 -0.0591622 -0.120361 0.05 80370.4
0 416 2 phononTS 0.00185045 -3.63993 -4.08273 -0.0224865 9293.96 0.00034743 1 0.0833987 -0.185278 0.05 46675.4
0 418 7 phononTS 0.00102236 -1.2383 1.2552 -0.0204348 112577 0.00034743 1 0.038787 -0.274931 0.05 209723
0 418 6 phononTS 0.00101472 -1.2383 1.2552 -0.0204348 112577 0.00034743 1 0.0978576 -0.197662 0.05 384609
0 419 5 phononTF 0.00175152 -3.83772 2.40414 -0.0448869 54253.2 0.00069486 1 0.0265232 -0.127793 0.05 256401
0 420 4 phononL 0.00117694 -4.13118 2.55372 0.0240949 319155 0.00034743 1 -0.0273887 -0.12449 0.05 393527
0 420 6 phononTF 0.000376439 -0.0273887 -0.12449 0.049999 393527 0.00034743 1 0.0199804 -0.179641 0.05 393592
0 437 4 phononL 0.00124045 1.42513 1.15572 -0.0347228 33846.4 0.00069486 1 -0.086863 -0.138376 0.05 119339
0 440 2 phononTF 0.00189338 -2.07806 -3.99305 -0.0248187 10006.1 0.00034743 1 -0.0308438 -0.275091 0.05 330681
0 441 4 phononTF 0.000560161 -3.15788 -1.76878 0.011387 102222 0.00034743 1 -0.0779501 -0.28501 0.05 184815
0 448 5 phononTS 0.000681902 -1.07974 0.374416 0.00160618 149778 0.00034743 1 0.0547166 -0.145823 0.05 170073
0 448 4 phononL 0.00119601 -1.07974 0.374416 0.00160618 149778 0.00034743 1 -0.0955737 -0.17869 0.05 242022
0 448 2 phononTF 0.00212209 -4.92626 -4.10973 -0.00110417 2381.07 0.00069486 1 -0.0512426 -0.150296 0.05 32852.1
0 450 3 phononTS 0.00182002 -3.86848 -3.21607 0.0225815 4551.14 0.00034743 1 0.0833014 -0.146019 0.05 66532.1
0 450 4 phononTS 0.00063872 0.0833014 -0.146019 0.049999 66532.1 0.00034743 1 0.0883307 -0.24459 0.05 66612.2
0 451 3 phononTF 0.00192858 -4.70165 -2.57468 0.0388534 5128.67 0.00069486 1 -0.0580902 -0.12115 0.05 300814
0 451 9 phononTF 0.000656183 -0.0580902 -0.12115 0.049999 300814 0.00034743 1 -0.0925113 -0.191821 0.05 547335
0 452 2 phononTS 0.00212283 -3.85744 -1.35718 -0.0234041 5113.94 0.00034743 1 0.070442 -0.148059 0.05 80517.2
0 452 6 phononTS 0.00145515 0.070442 -0.148059 0.049998 80517.2 0.00034743 1 -0.0456899 -0.227436 0.05 259106
0 453 6 phononTF 0.000715156 -4.19634 1.08714 -0.00548584 16328.4 0.00034743 1 0.046974 -0.122302 0.05 83895.5
0 453 15 phononTS 0.000500769 -0.21891 -2.81123 0.0229269 14597.1 0.00034743 1 -0.0766289 -0.283245 0.05 263347
0 458 4 phononTF 0.00175352 -1.11995 -2.19644 0.0484399 84409.1 0.00069486 1 0.0121309 -0.205355 0.05 151852
0 462 4 phononTS 0.000809809 -4.31616 -4.03018 0.0209422 17481.6 0.00034743 1 0.0575105 -0.245362 0.05 321574
0 465 6 phononTF 0.000779498 -4.77675 -4.23876 -0.0420178 330828 0.00034743 1 -0.0933204 -0.234435 0.05 379995
0 469 4 phononL 0.000590787 -2.16756 1.30779 0.0178199 146819 0.00034743 1 0.0908827 -0.150446 0.05 173479
0 471 4 phononL 0.00135115 -3.03187 -1.91876 0.0453502 33692.2 0.00069486 1 0.070654 -0.262581 0.05 91480.8
0 473 7 phononL 0.000661684 -1.39456 -4.92734 -0.00102238 586716 0.00034743 1 0.0734041 -0.215739 0.05 619137
0 475 4 phononTF 0.000655339 0.380533 1.76312 -0.00935656 23912.4 0.00034743 1 -0.0474632 -0.168906 0.05 207349
0 476 4 phononTF 0.00161822 -3.10417 0.665242 0.0193929 15652.2 0.00069486 1 0.0258041 -0.156875 0.05 156289
0 479 2 phononTF 0.00132859 -4.55148 -3.16608 -0.00364362 4006.28 0.00069486 1 0.058355 -0.168834 0.05 18783.7
0 481 3 phononTS 0.00193338 -4.73765 -2.91404 0.00271096 128.425 0.00034743 1 0.100846 -0.211196 0.05 133072
0 481 4 phononTF 0.000495235 0.100846 -0.211196 0.049999 133072 0.00034743 1 -0.04132 -0.198134 0.05 231656
0 481 15 phononTS 0.00129127 -4.98698 -0.116595 0.00168935 322446 0.00069486 1 0.0448564 -0.163566 0.05 472918
0 488 3 phononL 0.00161582 -4.79732 -3.82108 -0.0243266 3531.15 0.00034743 1 -0.0535959 -0.229432 0.05 781203
0 489 5 phononTF 0.00148685 0.179853 -3.01564 -0.00547123 66882.5 0.00034743 1 -0.11197 -0.217126 0.05 190410
0 489 7 phononL 0.00066255 -0.11197 -0.217126 0.049999 190410 0.00034743 1 -0.0853193 -0.267753 0.05 190458
0 490 5 phononTS 0.00143115 -4.85814 -0.809502 0.0308572 12755 0.00069486 1 0.0641977 -0.21996 0.05 50764.6
0 491 5 phononTF 0.000925304 -3.14394 -4.76503 -0.0397529 52748 0.00034743 1 -0.0822742 -0.242318 0.05 89681.6
0 491 9 phononTS 0.00138993 -0.509423 -4.34859 0.0426283 74509.6 0.00034743 1 -0.0465558 -0.126739 0.05 230174
0 492 2 phononL 0.00242836 -4.60094 -3.19975 0.0206568 7848.69 0.00034743 1 -0.0625985 -0.27464 0.05 140580
0 492 5 phononTS 0.000767415 -0.0625985 -0.27464 0.049999 140580 0.00034743 1 -0.050305 -0.131714 0.05 140882
0 496 3 phononTS 0.00270935 -4.94752 -3.73223 -0.0091678 4241.25 0.00034743 1 0.0425917 -0.290592 0.05 29265.8
0 499 5 phononTS 0.00179791 3.22498 2.84992 0.0258841 87815.1 0.00034743 1 0.0381278 -0.147112 0.05 232252
0 499 7 phononTF 0.000631485 0.0381278 -0.147112 0.049999 232252 0.00034743 1 0.0784875 -0.223906 0.05 232317
0 501 4 phononTF 0.000777818 -2.17425 1.5565 0.0236698 86000.1 0.00034743 1 -0.0810437 -0.135182 0.05 530910
0 510 5 phononTF 0.00121725 4.72913 -4.37516 -0.0082089 465595 0.00034743 1 0.0318792 -0.258379 0.05 546977
0 511 2 phononTS 0.00246063 -4.9731 -3.8472 0.0311776 4581.33 0.00034743 1 0.114676 -0.167764 0.05 103017
0 511 4 phononTF 0.00167597 0.114676 -0.167764 0.049999 103017 0.00034743 1 -0.0197531 -0.198789 0.05 103092
0 517 2 phononTS 0.00122225 -3.81142 -3.62332 0.0169242 2403.46 0.00034743 1 -0.0534522 -0.23947 0.05 416873
0 519 5 phononL 0.0015174 0.0788778 -0.773682 -0.049306 12990.8 0.00034743 1 -0.0419532 -0.256626 0.05 25855.2
0 519 6 phononTS 0.000722091 -0.0419532 -0.256626 0.049998 25855.2 0.00034743 1 -0.048761 -0.140788 0.05 26091.7
0 522 3 phononL 0.0022078 -4.36712 -3.48087 -0.0223372 9932.65 0.00034743 1 0.0213578 -0.221662 0.05 82321.4
0 522 4 phononTF 0.00129032 0.0213578 -0.221662 0.049999 82321.4 0.00034743 1 0.0355557 -0.271541 0.05 82440
0 536 2 phononTS 0.00186865 -4.84658 -2.46574 -0.0240313 3295.26 0.00034743 1 0.0914674 -0.201535 0.05 109025
0 538 5 phononTF 0.00138755 -3.14655 1.99937 0.0137952 22058.8 0.00034743 1 0.109503 -0.227505 0.05 333684
0 543 3 phononTS 0.00169227 -3.85651 -2.27455 -0.0352386 19425.7 0.00069486 1 -0.112988 -0.187546 0.05 215371
0 546 3 phononTS 0.000961874 -2.40322 -2.03531 -0.000632223 11528.3 0.00034743 1 0.103301 -0.144156 0.05 87379
0 547 3 phononTF 0.00171315 -4.77251 -4.24925 -0.0161737 4552.03 0.00034743 1 0.0799074 -0.147958 0.05 64828
0 551 7 phononTF 0.000591731 -3.70407 -2.99544 -0.0403318 780426 0.00034743 1 0.0909372 -0.1971 0.05 975720
0 551 6 phononL 0.00100665 -3.70407 -2.99544 -0.0403318 780426 0.00034743 1 -0.0430681 -0.0969114 0.05 1.0234e+06
0 552 2 phononTF 0.00166277 -4.79844 -2.71988 -0.0487509 14.1871 0.00104229 1 0.0874259 -0.155094 0.05 18861.4
0 552 5 phononTS 0.000352236 0.0874259 -0.155094 0.049999 18861.4 0.00034743 1 -0.0285219 -0.254659 0.05 18964.9
0 555 4 phononTS 0.00185784 -2.77719 -3.09376 0.0330826 3985.25 0.00034743 1 0.0228562 -0.229017 0.05 36185.3
0 557 3 phononTF 0.00120245 -4.63649 -3.8899 -0.00335926 4657.33 0.00069486 1 0.0203901 -0.216061 0.05 60827.9
0 557 13 phononTF 0.00187924 -4.30127 -1.58974 -0.0346111 28460 0.00138972 1 0.0162659 -0.182862 0.05 50792.6
0 558 3 phononTS 0.00217535 -2.34344 0.299743 0.0362615 16073.8 0.00069486 1 0.0582837 -0.267728 0.05 90744.7
0 567 7 phononTF 0.000643376 0.684687 4.61778 0.0172102 146720 0.00034743 1 0.0920877 -0.165034 0.05 348140
0 570 4 phononTF 0.00214902 -0.758072 3.03941 0.00958059 49003 0.00034743 1 -0.0949954 -0.195088 0.05 79005.9
0 570 7 phononTF 0.00107807 -0.0949954 -0.195088 0.049999 79005.9 0.00034743 1 -0.0212379 -0.237021 0.05 92401.4
0 570 2 phononTS 0.00133229 -4.01705 -2.20964 -0.0136516 15093.2 0.00069486 1 0.0508875 -0.228774 0.05 265846
0 571 7 phononTS 0.00107688 -1.35605 -3.27426 -0.0314822 14090.3 0.00034743 1 0.0430171 -0.183154 0.05 98174
0 571 6 phononTF 0.000613883 -1.35605 -3.27426 -0.0314822 14090.3 0.00034743 1 0.0360086 -0.16639 0.05 316828
0 574 2 phononTS 0.000514156 -4.59725 -2.67579 -0.00374382 120.857 0.00034743 1 -0.0501808 -0.193824 0.05 13644.1
0 576 4 phononL 0.00151177 -3.7864 -0.34928 -0.0423553 52000.4 0.00069486 1 -0.0303679 -0.272286 0.05 112559
0 577 5 phononTF 0.000911238 -4.11618 -4.78428 0.0310499 583207 0.00034743 1 0.0644653 -0.234249 0.05 700026
0 580 2 phononL 0.00131962 -3.44846 -4.02695 0.00274095 4166.95 0.00034743 1 0.0436673 -0.138846 0.05 209550
0 584 3 phononTF 0.00242822 -4.54947 -2.63514 0.00934766 3491.53 0.00034743 1 0.0218939 -0.132054 0.05 54469.8
0 584 7 phononTS 0.000630978 0.0218939 -0.132054 0.049999 54469.8 0.00034743 1 0.0217626 -0.226885 0.05 72934.2
0 584 2 phononTF 0.00157178 -4.54947 -2.63514 0.00934766 3491.53 0.00034743 1 -0.0952817 -0.135424 0.05 403071
0 586 2 phononTS 0.000470939 -3.74948 -2.12582 0.0121636 2155.41 0.00034743 1 -0.0317546 -0.2179 0.05 62333
0 588 3 phononTS 0.00226203 -4.42032 -3.36447 -0.0262636 4634.42 0.00069486 1 0.0682431 -0.283999 0.05 87656.7
0 588 9 phononL 0.000542747 0.0682431 -0.283999 0.049999 87656.7 0.00034743 1 -0.0471623 -0.143036 0.05 477655
0 592 3 phononTF 0.00187677 -4.73082 -4.00507 -0.00186742 4276.81 0.00034743 1 0.0871047 -0.160427 0.05 104273
0 595 3 phononTF 0.00175089 -4.53929 -2.96957 0.0139906 786.403 0.00034743 1 0.0502222 -0.0985979 0.05 162698
0 600 3 phononTS 0.001644 -3.11846 -2.62876 -0.0277336 5810.89 0.00034743 1 -0.106849 -0.179913 0.05 99945.5
0 600 5 phononTF 0.000418209 -0.106849 -0.179913 0.049999 99945.5 0.00034743 1 -0.0507434 -0.179619 0.05 100006
0 601 3 phononTS 0.001493 -4.8139 -4.03449 0.0290155 2684.69 0.00034743 1 0.0788273 -0.174412 0.05 277154
0 602 2 phononTF 0.00181696 -4.15158 -2.47551 -0.048398 4322.41 0.00034743 1 0.107515 -0.155855 0.05 117349
0 607 2 phononTS 0.00202354 -4.94631 -2.77448 0.0274799 86.3827 0.00034743 1 -0.0143844 -0.184119 0.05 75218.4
0 609 2 phononTF 0.00259229 -4.73719 -2.07294 0.013644 3918.86 0.00034743 1 0.0882244 -0.168894 0.05 99037.4
0 610 6 phononTF 0.000695564 -0.525823 4.21354 0.0247053 104438 0.00034743 1 0.0718588 -0.115079 0.05 184529
0 610 2 phononTS 0.0012448 -4.50967 -3.28525 0.0354363 5243.81 0.00034743 1 -0.0548766 -0.102007 0.05 65292.6
0 610 14 phononTS 0.00080299 -0.0548766 -0.102007 0.049999 65292.6 0.00034743 1 -0.0914341 -0.155681 0.05 65689.5
0 611 4 phononL 0.00134273 4.97524 -4.71972 0.0342893 97503.1 0.00069486 1 -0.0992821 -0.254277 0.05 187504
0 617 6 phononTS 0.00141034 -0.00623275 1.09426 -0.0451853 102751 0.00034743 1 -0.0649554 -0.221734 0.05 264794
0 619 2 phononTS 0.00142188 -3.76083 -3.72445 0.0251188 2605.51 0.00034743 1 0.0637911 -0.268062 0.05 332206
0 621 2 phononTF 0.00195508 -4.98738 -1.37342 0.00453907 3465.11 0.00034743 1 -0.0516067 -0.167447 0.05 20026.6
0 631 2 phononTS 0.00204893 -4.95744 -2.82076 -0.0428812 1026.94 0.00034743 1 0.0350417 -0.223566 0.05 64524.3
0 633 4 phononTS 0.00144143 -0.880043 0.958893 -0.00424331 72928.8 0.00069486 1 0.0541574 -0.257625 0.05 430552
0 635 7 phononTS 0.00137713 -1.09192 -3.11294 -0.0405368 17319.8 0.00069486 1 0.0524761 -0.165502 0.05 191908
0 640 4 phononL 0.00108801 4.67354 1.69991 -0.00513534 43526.7 0.00034743 1 0.0275132 -0.280053 0.05 80449.3
0 643 3 phononTF 0.00213753 -2.75335 -4.43528 0.0361497 8750.16 0.00069486 1 -0.07826 -0.181071 0.05 126535
0 646 5 phononTS 0.00122859 -2.95737 -4.18357 0.0152953 46324.7 0.00034743 1 -0.0534946 -0.229803 0.05 296367
0 648 5 phononTS 0.00110222 -0.0593536 -0.792779 0.0169789 127442 0.00034743 1 0.0393789 -0.215862 0.05 199108
0 651 4 phononTF 0.000665851 -4.26822 -1.02004 0.00626156 12189 0.00034743 1 -0.0985231 -0.135034 0.05 417249
0 652 3 phononTF 0.00151317 -4.31782 -3.76226 -0.0473837 3488.41 0.00034743 1 -0.0975761 -0.133076 0.05 24210.6
0 657 2 phononL 0.00259416 -4.66884 -2.45265 -0.00436203 1837.85 0.00069486 1 0.035232 -0.213669 0.05 148273
0 661 4 phononTS 0.000437225 -1.08724 1.51117 0.0158685 201367 0.00034743 1 0.0779197 -0.27199 0.05 457925
0 663 7 phononL 0.0014696 -4.86648 -4.86936 -0.0275262 25441.9 0.00034743 1 0.0371895 -0.256333 0.05 435442
0 663 10 phononL 0.000875322 0.0371895 -0.256333 0.049998 435442 0.00034743 1 -0.0649479 -0.182275 0.05 435502
0 666 5 phononTF 0.000747155 -0.0693565 1.06971 0.04926 136325 0.00034743 1 -0.0734822 -0.269748 0.05 176670
0 667 4 phononTF 0.00152649 1.33321 1.39963 0.044574 30687.3 0.00034743 1 0.0637141 -0.264269 0.05 162734
0 668 5 phononTF 0.00167779 -0.575354 1.63335 -0.00471897 660789 0.00034743 1 -0.0601989 -0.125647 0.05 851266
0 668 7 phononTF 0.000664599 -0.0601989 -0.125647 0.049998 851266 0.00034743 1 -0.0602547 -0.224488 0.05 953294
0 670 2 phononTF 0.00205098 -2.94951 -4.35797 0.0221268 25963.9 0.00034743 1 -0.0691232 -0.291482 0.05 292022
0 677 4 phononTS 0.00111216 -2.02297 -4.08199 -0.00871693 9612.99 0.00034743 1 0.0821411 -0.12992 0.05 54459
0 679 3 phononTF 0.00193178 -3.37633 -2.8606 0.0304578 16629.3 0.00069486 1 -0.0887716 -0.147373 0.05 193278
0 679 5 phononTF 0.000497265 -0.0887716 -0.147373 0.049999 193278 0.00034743 1 0.0501861 -0.113925 0.05 194205
0 680 3 phononTF 0.00196079 -4.12091 -1.32223 -0.0200605 17341.7 0.00034743 1 -0.0925216 -0.194325 0.05 37286.1
0 680 6 phononTS 0.00119765 -0.0925216 -0.194325 0.049999 37286.1 0.00069486 1 -0.0542823 -0.201638 0.05 38611
0 681 7 phononL 0.00119959 -3.10852 1.42349 0.00450413 54923.4 0.00034743 1 -0.0369384 -0.24666 0.05 198021
0 687 2 phononTS 0.00205998 -3.97433 -3.90985 -0.0279512 2130.54 0.00138972 1 -0.0358583 -0.231846 0.05 21271.3
0 691 3 phononTS 0.00166163 -4.90445 -2.7294 0.0220932 532.16 0.00069486 1 -0.02922 -0.137438 0.05 220485
0 692 2 phononTF 0.00230744 -3.80123 -0.71433 -0.0293188 7753.4 0.00034743 1 -0.0498315 -0.164854 0.05 95870.6
0 693 3 phononTF 0.00100107 -1.81049 -2.8504 -0.0240742 10470.3 0.00034743 1 0.0478242 -0.150207 0.05 144145
0 693 5 phononTS 0.000508806 0.0478242 -0.150207 0.049999 144145 0.00034743 1 0.064559 -0.110722 0.05 144813
0 697 2 phononTF 0.00168296 -4.3327 -1.61749 0.041847 20590.7 0.00034743 1 0.0693753 -0.20811 0.05 27019.8
0 700 2 phononTS 0.00196572 -4.64899 -2.98955 0.00321009 477.011 0.00034743 1 0.0458192 -0.151912 0.05 45804.9
0 700 7 phononTS 0.000503167 0.0458192 -0.151912 0.049999 45804.9 0.00034743 1 -0.105071 -0.160776 0.05 46159.3
0 701 5 phononTF 0.000788571 -3.55799 -2.62208 -0.00248737 5342.05 0.00069486 1 -0.0712512 -0.210191 0.05 183541
0 704 5 phononTS 0.00121374 0.345468 -3.08849 -0.0219927 37311.3 0.00034743 1 0.016248 -0.161452 0.05 625927
0 706 7 phononTS 0.000826176 -4.04667 -4.83295 -0.0316682 31258.7 0.00069486 1 0.0486246 -0.244141 0.05 375400
0 708 5 phononL 0.00123463 0.250641 0.304863 0.0203231 92740.3 0.00034743 1 -0.102771 -0.178013 0.05 344332
0 708 6 phononTS 0.000666237 -0.102771 -0.178013 0.049999 344332 0.00034743 1 -0.0387814 -0.0959224 0.05 344515
0 709 3 phononTS 0.00176577 -4.77003 -2.39441 0.0399655 342.025 0.00069486 1 0.0372993 -0.26786 0.05 61585.6
0 710 2 phononTF 0.00110331 -4.93727 -3.5638 0.0115701 2198.66 0.00034743 1 0.0622225 -0.209303 0.05 125620
0 712 7 phononTF 0.00111873 4.12805 -2.16288 0.0323811 211172 0.00034743 1 0.0850704 -0.221232 0.05 490770
0 713 3 phononL 0.00227359 -4.8715 -2.64682 -0.0306783 65.7381 0.00034743 1 -0.077325 -0.218953 0.05 82724.5
0 713 4 phononTF 0.000641893 -0.077325 -0.218953 0.049999 82724.5 0.00034743 1 -0.0755409 -0.239482 0.05 82782.5
0 713 2 phononTF 0.00172641 -4.8715 -2.64682 -0.0306783 65.7381 0.00034743 1 0.0287395 -0.221858 0.05 228504
0 721 3 phononTS 0.00214757 -4.76216 -4.68494 0.043504 19457.4 0.00034743 1 0.032971 -0.116591 0.05 117502
0 722 4 phononTS 0.00077448 3.02853 -4.79233 0.00900227 134696 0.00034743 1 -0.0736065 -0.232812 0.05 314087
0 723 4 phononTF 0.00133531 -4.9347 1.46408 -0.0376732 125262 0.00069486 1 0.0517049 -0.127999 0.05 172622
0 724 2 phononTS 0.0026411 -4.68512 -2.83068 -0.0375803 329.282 0.00069486 1 -0.0676356 -0.206999 0.05 47978.4
0 726 2 phononTF 0.00137653 -4.55934 -2.71021 -0.0114604 3484.22 0.00034743 1 -0.0241588 -0.149913 0.05 139919
0 728 3 phononL 0.00217561 -4.88863 -3.95253 0.025431 8072.17 0.00034743 1 0.0779646 -0.174601 0.05 94329.4
0 728 4 phononTF 0.000657126 0.0779646 -0.174601 0.049999 94329.4 0.00034743 1 -0.0975555 -0.24148 0.05 94475.7
0 730 3 phononL 0.00247411 -4.59777 -3.10527 -0.00348003 1931.47 0.00104229 1 -0.054395 -0.13376 0.05 61977
0 730 7 phononL 0.000365601 -0.054395 -0.13376 0.049999 61977 0.00034743 1 0.0969446 -0.211335 0.05 113633
0 730 22 phononTF 0.000670783 -1.65088 1.8818 -0.0414836 53263.9 0.00034743 1 -0.0272587 -0.17734 0.05 54822.2
0 730 21 phononTF 0.000855109 -1.65088 1.8818 -0.0414836 53263.9 0.00034743 1 0.0797479 -0.183882 0.05 323340
0 732 3 phononTS 0.00219111 -4.75088 -3.63426 0.015821 6899.67 0.00069486 1 -0.0843884 -0.212115 0.05 58933.2
0 732 2 phononTS 0.00180889 -4.75088 -3.63426 0.015821 6899.67 0.00034743 1 -0.063138 -0.114885 0.05 97426
0 740 3 phononTS 0.0017565 -3.19444 -2.07258 -0.0492272 10357.1 0.00034743 1 0.0702441 -0.114611 0.05 496888
0 743 3 phononL 0.00204039 -2.90491 -2.0747 0.0172275 12653.4 0.00104229 1 -0.0266473 -0.212608 0.05 333572
0 743 2 phononL 0.00195961 -2.90491 -2.0747 0.0172275 12653.4 0.00104229 1 -0.0355957 -0.169735 0.05 22576.2
0 744 5 phononTF 0.000999009 -0.750672 -3.13472 0.0343732 115088 0.00034743 1 0.0432414 -0.150548 0.05 188961
0 745 2 phononTS 0.00245232 -3.15829 0.48224 0.0358437 10056.6 0.00034743 1 -0.0453515 -0.161707 0.05 66390.8
0 748 7 phononTF 0.0011692 -3.29229 3.02902 0.0298993 172205 0.00034743 1 0.0841253 -0.190095 0.05 647372
0 748 8 phononTF 0.000376774 0.0841253 -0.190095 0.049998 647372 0.00034743 1 0.0855886 -0.184085 0.05 647438
0 748 6 phononTS 0.000595365 -3.29229 3.02902 0.0298993 172205 0.00034743 1 0.0989446 -0.183185 0.05 493685
0 749 6 phononTS 0.000757561 -3.56444 -4.65885 0.0414008 249933 0.00034743 1 -0.0696944 -0.19679 0.05 808305
0 749 4 phononL 0.00150642 -3.77888 -3.64545 0.0192048 22440.5 0.00034743 1 0.0150694 -0.165369 0.05 161704
0 750 5 phononTF 0.00180212 -2.69034 -4.33338 0.00752087 97686.3 0.00034743 1 0.0742811 -0.224277 0.05 104951
0 752 2 phononTS 0.00151448 -4.9352 -2.35418 0.00181216 1504.5 0.00034743 1 -0.110314 -0.22618 0.05 208739
0 752 6 phononL 0.000672061 -0.110314 -0.22618 0.049999 208739 0.00034743 1 -0.0572463 -0.215257 0.05 210168
0 763 2 phononTS 0.00161998 -2.38601 -3.95461 -0.0321669 8531.81 0.00069486 1 0.0219424 -0.194151 0.05 177909
0 764 5 phononTS 0.0018697 4.02327 0.668363 -0.00284172 157520 0.00034743 1 0.0450786 -0.12982 0.05 396869
0 764 4 phononTF 0.000799411 4.02327 0.668363 -0.00284172 157520 0.00034743 1 -0.09281 -0.167497 0.05 678150
0 765 2 phononL 0.00106387 -4.9866 -3.81056 0.00059667 1560 0.00069486 1 0.0160437 -0.168764 0.05 53527.5
0 766 5 phononL 0.00160033 -4.61996 -4.5015 0.0077086 20301.4 0.00069486 1 0.107456 -0.251019 0.05 223852
0 768 2 phononL 0.00159874 -0.575484 -3.27229 0.0102791 13871.8 0.00104229 1 -0.0808273 -0.240158 0.05 250667
0 772 2 phononTS 0.00220523 -4.61586 -3.58411 -0.0198768 4169.53 0.00069486 1 -0.0702948 -0.24712 0.05 94856.8
0 777 4 phononTF 0.00125549 -2.36713 -2.02383 -0.0280096 34978.9 0.00034743 1 -0.0262713 -0.234149 0.05 741250
0 778 3 phononTS 0.0022167 -4.68943 -2.48746 0.0131872 2281.22 0.00034743 1 -0.0242121 -0.187743 0.05 22209.1
0 778 2 phononTF 0.0017833 -4.68943 -2.48746 0.0131872 2281.22 0.00069486 1 -0.0788285 -0.133044 0.05 55814
0 786 4 phononTS 0.00149261 -0.947666 4.5247 0.0322678 31317.5 0.00034743 1 -0.09071 -0.211393 0.05 102757
0 786 6 phononTF 0.000832548 -0.09071 -0.211393 0.049999 102757 0.00034743 1 -0.0587211 -0.185861 0.05 207500
0 787 4 phononTS 0.00161475 -1.1575 -4.12343 0.0460325 29702.5 0.00034743 1 0.085127 -0.13677 0.05 242640
0 787 7 phononTF 0.000693622 0.085127 -0.13677 0.049999 242640 0.00034743 1 -0.110861 -0.160401 0.05 242796
0 791 5 phononTF 0.00118682 -4.24972 -2.56255 0.000277629 3065.67 0.00034743 1 -0.0554758 -0.290835 0.05 113025
0 792 7 phononTS 0.00112847 1.47543 -2.37766 0.0167076 95944.6 0.00034743 1 0.0192395 -0.226754 0.05 179451
0 795 3 phononTS 0.00191259 -4.91627 -2.5296 0.0317768 67.5094 0.00034743 1 -0.0331145 -0.286586 0.05 374883
0 797 3 phononL 0.00228373 -4.76474 -4.8586 0.0107302 3957.54 0.00034743 1 0.0675204 -0.107818 0.05 235907
0 798 6 phononTS 0.000744173 3.58809 3.02678 -0.00983552 96985 0.00034743 1 -0.0292626 -0.130716 0.05 191684
0 799 2 phononTS 0.00129566 -2.01668 -4.92 -0.00279961 13394.5 0.00034743 1 -0.0302431 -0.217855 0.05 110669
0 800 4 phononTS 0.00143738 -4.46258 -0.548206 0.0499865 15186.6 0.00034743 1 -0.047554 -0.215258 0.05 105854
0 800 7 phononL 0.000679841 -0.047554 -0.215258 0.049999 105854 0.00034743 1 0.0247447 -0.209635 0.05 106142
0 801 4 phononTS 0.000830984 -0.842243 -4.93937 -0.0201426 15371.3 0.00034743 1 -0.0590023 -0.287024 0.05 330024
0 803 9 phononL 0.00108412 -4.81558 -1.40456 0.0459241 344899 0.00069486 1 0.091033 -0.240468 0.05 350072
0 806 5 phononTS 0.00112213 -3.80887 0.826391 -0.0293439 36200.4 0.00069486 1 -0.0728396 -0.186431 0.05 64635.4
0 809 3 phononTF 0.00184295 -4.32601 -3.42544 -0.0158679 9514.55 0.00069486 1 -0.112816 -0.190998 0.05 545232
0 809 13 phononTS 0.00111377 2.31119 -2.30441 -0.039197 35478.8 0.00069486 1 -0.043358 -0.287159 0.05 54201.4
0 812 9 phononL 0.000469614 4.43789 -1.06463 0.0384013 179251 0.00034743 1 0.0596365 -0.274437 0.05 201119
0 815 2 phononL 0.000869723 -4.33689 -2.8436 0.0327163 2193.96 0.00069486 1 -0.0524791 -0.168539 0.05 193761
0 816 5 phononTF 0.00177738 -4.14678 -0.582543 -0.0109042 4105.7 0.00104229 1 -0.00996369 -0.208341 0.05 266208
0 817 7 phononTS 0.00117489 0.884473 -0.213215 0.0266541 296157 0.00034743 1 0.0777519 -0.168349 0.05 368534
0 818 3 phononTF 0.001954 -3.47332 -2.62137 0.01342 1151.01 0.00069486 1 -0.0129724 -0.198118 0.05 19867.6
0 818 14 phononTS 0.000773394 -2.96207 -3.48663 0.0253292 11772.7 0.00034743 1 -0.0779686 -0.251686 0.05 339091
0 822 4 phononTF 0.000926753 -4.03516 0.769855 -0.0352746 107229 0.00034743 1 0.0637127 -0.218755 0.05 310071
0 826 3 phononTS 0.00205398 -4.61253 -3.96912 0.042358 3541.64 0.00034743 1 -0.0785648 -0.243722 0.05 31261.5
0 827 5 phononTF 0.000733097 -4.64449 -2.32472 -0.0131661 11580 0.00034743 1 -0.0418946 -0.262948 0.05 267472
0 827 4 phononTS 0.000778337 -4.64449 -2.32472 -0.0131661 11580 0.00034743 1 0.115494 -0.217396 0.05 37842.6
0 828 4 phononTF 0.00128725 1.95323 4.45235 -0.00102697 142457 0.00069486 1 0.0239524 -0.190191 0.05 168182
0 829 5 phononTS 0.00126239 -3.30454 -0.770224 -0.0378014 3321.69 0.00069486 1 -0.0761642 -0.22752 0.05 60760.5
0 837 3 phononTS 0.00129353 -0.347663 -0.169099 -0.0189604 23630.3 0.00069486 1 0.0231088 -0.186891 0.05 299699
0 837 5 phononL 0.000441177 0.0231088 -0.186891 0.049999 299699 0.00034743 1 -0.0667642 -0.243212 0.05 442373
0 842 3 phononTS 0.00163807 -4.96073 -3.01177 0.0210606 366.837 0.00034743 1 -0.0587867 -0.288726 0.05 66789.1
0 849 3 phononTF 0.00215463 -4.68444 -1.19685 -0.0471628 6022.22 0.00069486 1 0.0744283 -0.258105 0.05 257705
0 851 2 phononL 0.000775298 -4.46058 -1.37588 0.0218301 10318.8 0.00034743 1 -0.0690437 -0.138483 0.05 61990.8
0 853 2 phononTS 0.0023985 -4.33783 -3.61432 0.0227936 1702.27 0.00034743 1 0.0947408 -0.252477 0.05 71833.8
0 854 3 phononTS 0.00201494 -4.12839 -2.66558 0.0404392 6995.58 0.00034743 1 -0.050053 -0.281714 0.05 114953
0 857 2 phononTF 0.00142701 -3.81823 -1.85584 -0.0360562 17401.2 0.00034743 1 -0.0776498 -0.211525 0.05 43245.4
0 859 5 phononL 0.000906255 -3.7461 -0.0738667 -0.0479667 177362 0.00034743 1 0.0531454 -0.109842 0.05 664812
0 860 4 phononL 0.00154465 -3.34383 -2.95936 0.0465854 80201.1 0.00034743 1 0.0476738 -0.286548 0.05 384692
0 864 2 phononL 0.00113395 -3.11049 -1.44495 0.00107113 18856.2 0.00034743 1 0.0576622 -0.234055 0.05 179824
0 865 5 phononL 0.0012614 0.143237 -4.41296 -0.0318796 159426 0.00034743 1 -0.0707716 -0.158722 0.05 195566
0 866 5 phononTF 0.0013763 -4.98384 -2.51774 0.0149509 190743 0.00034743 1 0.0283784 -0.234631 0.05 422444
0 866 7 phononTF 0.00053156 0.0283784 -0.234631 0.049999 422444 0.00034743 1 -0.0278952 -0.158857 0.05 422645
0 880 4 phononTS 0.00150908 -0.281001 4.0116 0.000970244 75459.4 0.00069486 1 -0.0442968 -0.297738 0.05 146432
0 882 6 phononTS 0.000725951 -4.95052 -0.157206 0.00400763 390861 0.00034743 1 0.0435193 -0.206155 0.05 668952
0 884 5 phononTS 0.00133716 2.85296 0.105188 0.000423154 186475 0.00034743 1 0.0366449 -0.289598 0.05 199892
0 885 2 phononL 0.00152202 -4.78122 -2.89274 0.0302237 298.853 0.00034743 1 -0.0274827 -0.140574 0.05 19854.9
0 890 3 phononTS 0.00149483 -4.00542 -1.29552 -0.0432497 4841.46 0.00034743 1 -0.0217981 -0.217113 0.05 582600
0 895 2 phononTF 0.00178761 -3.74401 -2.97786 0.0151986 7300.71 0.00034743 1 0.0495506 -0.137237 0.05 50584.4
0 898 5 phononTS 0.00135135 0.924168 -0.93984 0.000373749 43548.7 0.00034743 1 0.0270184 -0.290567 0.05 259238
0 898 6 phononL 0.000350951 0.0270184 -0.290567 0.049999 259238 0.00034743 1 0.0247122 -0.178949 0.05 358472
0 898 4 phononTS 0.00113317 0.924168 -0.93984 0.000373749 43548.7 0.00034743 1 0.0302144 -0.218001 0.05 49482.6
0 899 6 phononTS 0.000828509 -0.147002 1.06388 -0.00451541 66400.7 0.00034743 1 0.0589455 -0.125555 0.05 67504.7
0 899 2 phononTF 0.00142045 -4.57985 -2.26476 -0.0375741 9490.95 0.00034743 1 0.0253257 -0.235863 0.05 360826
0 910 3 phononL 0.00199732 -4.84893 -3.56203 0.0424154 8203.29 0.00034743 1 0.075541 -0.235129 0.05 230355
0 912 3 phononTF 0.00199873 -4.82437 -2.61789 0.048093 1747.95 0.00104229 1 0.0894685 -0.265319 0.05 112548
0 913 7 phononL 0.00125004 4.00705 3.83957 0.0291342 53001.1 0.00034743 1 0.0319573 -0.19945 0.05 72636.8
0 914 3 phononTS 0.00199847 -3.78518 -3.32286 0.0378087 4077.26 0.00034743 1 -0.0603073 -0.20256 0.05 31599.5
0 914 5 phononTS 0.000958405 -0.0603073 -0.20256 0.049999 31599.5 0.00069486 1 -0.103994 -0.190919 0.05 117779
0 914 22 phononTS 0.00136368 0.5011 3.15586 -0.0282733 103771 0.00034743 1 0.08501 -0.263446 0.05 110987
0 914 25 phononTS 0.000800534 0.08501 -0.263446 0.049999 110987 0.00069486 1 0.0484486 -0.12069 0.05 111212
0 921 2 phononTS 0.0020268 -4.06808 -2.56335 0.0332723 2064.03 0.00034743 1 0.111632 -0.167299 0.05 39772.4
0 924 3 phononTS 0.00234601 -4.68671 -0.709017 -0.0192774 9924.44 0.00034743 1 0.101228 -0.163066 0.05 27990.4
0 927 4 phononTS 0.00147076 -4.2668 -2.89797 -0.0175564 4232.93 0.00034743 1 -0.115834 -0.232348 0.05 100857
0 927 8 phononTF 0.00102812 -0.115834 -0.232348 0.049999 100857 0.00069486 1 0.0890616 -0.238206 0.05 1.15202e+06
0 928 2 phononTF 0.00146817 -4.47541 -2.8432 -0.0237784 163.209 0.00034743 1 -0.0436768 -0.269161 0.05 81439
0 929 7 phononTS 0.00153741 -0.648018 1.16039 -0.0354458 173432 0.00069486 1 -0.105214 -0.17996 0.05 192550
0 936 2 phononTF 0.00148176 -4.69488 -3.13444 -0.0311113 13354.9 0.00034743 1 -0.0505296 -0.262509 0.05 53730.3
0 936 8 phononTS 0.000747796 -0.0505296 -0.262509 0.049999 53730.3 0.00034743 1 -0.0366154 -0.111954 0.05 54245.9
0 939 3 phononTS 0.0021229 -4.77427 -2.52605 0.0347389 1685.28 0.00034743 1 -0.0294936 -0.108165 0.05 39106
0 939 5 phononTS 0.000939665 -0.0294936 -0.108165 0.049999 39106 0.00069486 1 0.0262904 -0.195968 0.05 40332.6
0 940 4 phononTS 0.000986012 -2.67418 1.03329 -0.0124842 48700 0.00034743 1 0.0788181 -0.229104 0.05 693808
0 940 2 phononTS 0.00137084 -4.41735 -3.6292 -0.00548672 9334.85 0.00034743 1 -0.0343783 -0.234361 0.05 215375
0 941 3 phononTS 0.00155097 -4.77673 -2.80448 0.032245 1491.54 0.00069486 1 0.0370414 -0.229011 0.05 196755
0 941 4 phononL 0.000515357 0.0370414 -0.229011 0.049999 196755 0.00034743 1 -0.038952 -0.224321 0.05 225269
0 944 6 phononTF 0.000959028 -1.59296 4.23288 0.0167212 121158 0.00034743 1 -0.0908315 -0.157258 0.05 137787
0 946 8 phononL 0.000791008 4.14824 -1.07001 -0.0347493 477623 0.00034743 1 0.0632807 -0.22916 0.05 899240
0 947 9 phononTS 0.000571899 0.665085 1.93799 0.032163 154635 0.00034743 1 0.0364912 -0.111879 0.05 230768
0 951 7 phononTF 0.000758816 -2.90915 -0.154977 0.000762686 82415.5 0.00034743 1 -0.0550298 -0.206088 0.05 286397
0 952 3 phononTS 0.00237898 -3.86276 -2.40382 -0.0216309 3384.28 0.00104229 1 0.0444917 -0.194436 0.05 161345
0 955 5 phononTS 0.00200576 -1.61132 1.61572 -0.00559597 43906.7 0.00069486 1 0.100171 -0.260982 0.05 47942.4
0 956 2 phononTS 0.00195393 -3.68658 -2.63182 0.00197952 8328.22 0.00034743 1 0.0328498 -0.160961 0.05 93367.7
0 958 5 phononTS 0.000943612 0.280065 -0.842499 -0.00295802 86036.4 0.00034743 1 -0.0687139 -0.174972 0.05 316987
0 960 6 phononTS 0.000824817 -3.33907 -0.141872 -0.0371211 38531.3 0.00034743 1 -0.100454 -0.14834 0.05 565963
0 962 4 phononTS 0.00125874 3.46015 -2.44838 0.0377382 88925.4 0.00069486 1 -0.0845289 -0.266824 0.05 141289
0 962 2 phononTS 0.00203054 -4.50218 -2.70019 -0.0470475 940.049 0.00104229 1 0.0266186 -0.265403 0.05 45043.1
0 971 3 phononTF 0.00231875 -4.65803 -2.69635 -0.0316741 75.1461 0.00069486 1 -0.0769674 -0.17207 0.05 113884
0 971 7 phononTS 0.000537095 -0.0769674 -0.17207 0.049998 113884 0.00034743 1 0.0316729 -0.268411 0.05 114036
0 971 2 phononTF 0.00168125 -4.65803 -2.69635 -0.0316741 75.1461 0.00034743 1 0.100615 -0.140274 0.05 11929.5
0 973 2 phononTF 0.00141353 -4.36848 -3.77435 0.0449406 4012.18 0.00034743 1 0.0297786 -0.156724 0.05 34256.9
0 977 2 phononTS 0.00151279 -4.4613 -3.82839 -0.0189552 9458.09 0.00034743 1 0.0122544 -0.192063 0.05 324333
0 979 4 phononTS 0.00105083 -3.9382 -3.97675 0.0192379 3810.06 0.00034743 1 0.05208 -0.191994 0.05 41627.3
0 980 4 phononTF 0.000678473 -1.49157 2.30155 0.0131649 14059.4 0.00034743 1 0.0430838 -0.239968 0.05 162670
0 981 5 phononTS 0.00139889 -1.76016 4.92985 -0.0290767 25543.4 0.00069486 1 0.0237433 -0.186711 0.05 61035.5
0 981 2 phononL 0.00188497 -4.84018 -2.69845 -0.0116915 516.561 0.00069486 1 0.0551659 -0.197126 0.05 200919
0 982 2 phononTF 0.00187614 -4.8462 -2.33291 0.0257364 175.908 0.00069486 1 0.0521852 -0.223911 0.05 92542
0 982 5 phononL 0.000867995 0.0521852 -0.223911 0.049999 92542 0.00034743 1 0.0783341 -0.224262 0.05 102576
0 986 5 phononTS 0.000750713 -2.57521 0.0153016 0.049999 23605.4 0.00034743 1 -0.0448413 -0.163847 0.05 426375
0 987 2 phononL 0.00199275 -4.50998 -2.711 0.03365 2859.84 0.00069486 1 0.0453165 -0.201612 0.05 9210.28
0 987 11 phononTS 0.000683517 0.0453165 -0.201612 0.049999 9210.28 0.00034743 1 0.0279835 -0.123399 0.05 9367.17
0 992 5 phononL 0.00133121 -1.57524 0.751628 -0.0206791 60073.1 0.00104229 1 0.091538 -0.271218 0.05 279766
0 996 4 phononTF 0.00159964 -4.8943 -1.99312 0.0290978 3384.15 0.00034743 1 -0.0355155 -0.299554 0.05 125672
0 997 2 phononTF 0.00196434 -4.68382 -2.80626 -0.0436981 17.8259 0.00034743 1 0.113991 -0.173096 0.05 15355.2
0 997 4 phononL 0.000367649 0.113991 -0.173096 0.049999 15355.2 0.00034743 1 0.0583159 -0.203785 0.05 237378
0 999 4 phononTS 0.00128171 -4.42258 -1.79958 -0.0230652 30419.8 0.00069486 1 -0.0586697 -0.23957 0.05 287206
0 1005 2 phononTF 0.00142693 -2.88503 -0.978745 0.00828878 16327.6 0.00069486 1 -0.012352 -0.213409 0.05 51865.8
0 1006 2 phononTS 0.00257631 -4.30264 -3.47819 -0.0201828 919.207 0.00034743 1 0.0409391 -0.109855 0.05 83587.3
0 1006 4 phononTS 0.00112265 0.0409391 -0.109855 0.049999 83587.3 0.00034743 1 0.0743207 -0.119313 0.05 83648.2
0 1010 2 phononL 0.00199076 -4.14532 -2.55371 0.0292866 3137.66 0.00069486 1 -0.0368793 -0.15804 0.05 87673.9
0 1011 2 phononTF 0.00222132 -4.69847 -2.97341 -0.0349931 2076.71 0.00069486 1 -0.0257998 -0.25624 0.05 55810.1
0 1011 6 phononTF 0.00102889 -0.0257998 -0.25624 0.049999 55810.1 0.00034743 1 0.0277494 -0.166182 0.05 217501
0 1012 5 phononTF 0.00164091 -2.78938 -3.7206 -0.0336615 111913 0.00034743 1 0.0533081 -0.12358 0.05 177507
0 1012 4 phononTS 0.000943819 -2.78938 -3.7206 -0.0336615 111913 0.00034743 1 -0.0210978 -0.249938 0.05 156593
0 1015 3 phononTS 0.00196489 -4.46617 -2.90517 -0.014365 1602.45 0.00034743 1 -0.0592302 -0.209816 0.05 10723.3
0 1015 4 phononTF 0.00130352 -0.0592302 -0.209816 0.049999 10723.3 0.00034743 1 0.0752826 -0.169926 0.05 13309
0 1016 2 phononTF 0.0022535 -4.44767 -2.76475 0.0390074 10019.9 0.00069486 1 -0.0806729 -0.177631 0.05 56691.2
0 1017 2 phononTF 0.00167596 -2.7323 -3.0327 0.016422 7406 0.00034743 1 0.0603473 -0.154197 0.05 163877
0 1030 4 phononTS 0.00151438 4.73716 -1.46067 -0.0407844 67278.7 0.00069486 1 0.0638923 -0.106547 0.05 182155
0 1032 5 phononTS 0.00148835 -3.60834 -4.80372 0.0337438 8304.65 0.00034743 1 0.0297825 -0.2011 0.05 85772.4
0 1032 8 phononTF 0.000553777 0.0297825 -0.2011 0.049998 85772.4 0.00034743 1 0.0506899 -0.20356 0.05 85914.3
0 1033 7 phononTF 0.00121653 -3.27308 -4.69719 -0.0128935 246060 0.00034743 1 -0.0721238 -0.237943 0.05 264215
0 1041 3 phononTS 0.0014367 -4.44379 -3.64781 -0.00665828 3238.87 0.00034743 1 -0.039784 -0.178564 0.05 132271
0 1041 5 phononTS 0.00093153 -0.039784 -0.178564 0.049999 132271 0.00034743 1 -0.0535751 -0.121472 0.05 383891
0 1045 4 phononTF 0.00136059 -4.50273 -0.427673 0.0232394 10405.5 0.00034743 1 -0.0739938 -0.173155 0.05 120351
0 1046 8 phononL 0.000814916 -1.35242 -1.2327 0.0446177 360440 0.00034743 1 0.055346 -0.15186 0.05 442947
0 1048 2 phononTS 0.00179953 -4.34226 -1.32506 -0.0180574 7644.57 0.00034743 1 0.0856638 -0.179452 0.05 194332
0 1049 5 phononL 0.00140345 1.08489 0.434766 -0.0195266 166870 0.00034743 1 -0.0346275 -0.301775 0.05 243746
0 1049 6 phononTS 0.000812073 -0.0346275 -0.301775 0.049999 243746 0.00034743 1 0.0213943 -0.225113 0.05 244121
0 1054 2 phononTS 0.00172785 -4.766 -2.71117 0.020788 17035.1 0.00034743 1 0.0203523 -0.194157 0.05 26666.3
0 1058 3 phononTF 0.00221184 -4.55174 -2.55767 0.0262129 1475.9 0.00069486 1 0.0626687 -0.294142 0.05 24335
0 1059 2 phononTF 0.00162596 -3.38963 -2.18815 0.0107321 4911.37 0.00034743 1 0.0759755 -0.14291 0.05 10429.2
0 1059 6 phononTF 0.000692419 0.0759755 -0.14291 0.049999 10429.2 0.00034743 1 -0.022442 -0.151732 0.05 10506.6
0 1060 5 phononTS 0.00115114 -3.52147 -2.90078 0.00414358 11425.3 0.00069486 1 0.113304 -0.191084 0.05 142439
0 1061 4 phononTF 0.00131506 -4.55885 1.81122 -0.0388859 175050 0.00034743 1 -0.0986535 -0.202911 0.05 428317
0 1063 5 phononTS 0.000986386 -0.874332 -4.5492 -0.0449129 126221 0.00034743 1 0.0789838 -0.229503 0.05 237316
0 1069 2 phononTS 0.00200083 -3.65243 -1.4971 -0.0219358 7540.71 0.00034743 1 0.0416528 -0.130681 0.05 26059.5
0 1070 2 phononTS 0.00177991 -4.20201 -3.23218 0.0349871 18530.7 0.00104229 1 0.029968 -0.221545 0.05 121396
0 1070 8 phononTF 0.000395729 0.029968 -0.221545 0.049999 121396 0.00034743 1 -0.0294206 -0.253574 0.05 153064
0 1077 3 phononTF 0.00163283 -3.73569 -3.60846 0.0206158 2763.54 0.00034743 1 0.0497608 -0.207221 0.05 253180
0 1078 3 phononTF 0.00191401 -4.2769 -2.4978 0.00604197 1856.62 0.00069486 1 0.0310409 -0.231877 0.05 30375.8
0 1084 2 phononTS 0.00203094 -4.7879 -2.54309 -0.0228357 2064.54 0.00069486 1 -0.0609323 -0.234628 0.05 31806.6
0 1093 2 phononTF 0.00223119 -3.73665 -4.42595 0.00797174 12166.4 0.00034743 1 -0.0701999 -0.237335 0.05 29531.1
0 1093 4 phononTF 0.0011537 -0.0701999 -0.237335 0.049999 29531.1 0.00034743 1 -0.0863759 -0.248778 0.05 29588.4
0 1094 5 phononTS 0.00183891 2.98867 4.01799 0.020455 54825.3 0.00069486 1 0.0841802 -0.243276 0.05 133044
0 1098 5 phononTS 0.00126575 -2.31943 4.1204 -0.0367402 139968 0.00034743 1 0.0876757 -0.24748 0.05 224870
0 1098 2 phononTS 0.00137523 -4.34087 -3.20257 0.00761896 1940.75 0.00034743 1 0.104356 -0.151952 0.05 196302
0 1098 13 phononTS 0.000729871 0.104356 -0.151952 0.049999 196302 0.00034743 1 0.0682681 -0.115288 0.05 196367
0 1099 6 phononTF 0.000918028 0.760853 -4.89028 0.0167734 34109.7 0.00034743 1 -0.0724324 -0.134532 0.05 579249
0 1102 2 phononTS 0.0024362 -4.41317 -3.01236 0.0438068 1556.13 0.00034743 1 0.0147342 -0.225429 0.05 37975.5
0 1103 2 phononTS 0.00201776 -3.76478 -3.09316 0.0327962 4644.26 0.00069486 1 -0.0351606 -0.29956 0.05 266425
0 1106 2 phononTF 0.00216047 -4.69533 -4.38589 0.0180779 20092.5 0.00104229 1 -0.0828931 -0.139917 0.05 94581.3
0 1108 3 phononTS 0.00221858 -4.54246 -1.74064 -0.00475567 7698.76 0.00069486 1 0.0371155 -0.261194 0.05 159630
0 1108 4 phononTF 0.00101567 0.0371155 -0.261194 0.049999 159630 0.00034743 1 0.100754 -0.147413 0.05 721341
0 1109 2 phononTF 0.00172566 -4.69814 -3.14478 0.0466194 6536.36 0.00069486 1 0.0719032 -0.175917 0.05 40312.6
0 1112 2 phononTF 0.00205827 -4.77075 -2.77179 -0.0117247 20.7077 0.00034743 1 -0.0441606 -0.274035 0.05 62005.3
0 1113 3 phononTS 0.00130143 -4.23035 -2.95148 -0.0244282 13215.2 0.00034743 1 -0.0685643 -0.207576 0.05 32156.6
0 1113 9 phononTS 0.00129622 -2.20868 -1.58085 0.0428011 98892.8 0.00034743 1 -0.0400643 -0.226582 0.05 138584
0 1113 10 phononTS 0.000354562 -0.0400643 -0.226582 0.049999 138584 0.00034743 1 0.088515 -0.204928 0.05 139667
0 1113 20 phononTS 0.000604994 -0.352009 2.12499 -0.0305205 122455 0.00034743 1 0.0221259 -0.229736 0.05 249272
0 1115 5 phononTF 0.00107994 -3.8246 -2.30061 -0.0392358 16275.3 0.00034743 1 0.111679 -0.211569 0.05 143558
0 1117 7 phononTF 0.00139682 -1.80182 0.296766 0.0054127 237919 0.00034743 1 0.0519416 -0.296038 0.05 243246
0 1122 2 phononTF 0.00134183 -4.73194 -3.70954 -0.028004 1824.07 0.00034743 1 -0.0233603 -0.197072 0.05 32869.8
0 1126 5 phononTF 0.000815315 -1.37758 -4.20078 -0.0146017 45430.5 0.00034743 1 0.0618377 -0.282001 0.05 127514
0 1131 5 phononTF 0.000860403 -1.72662 -3.51193 0.00327952 78123.7 0.00034743 1 -0.058234 -0.113751 0.05 293466
0 1134 2 phononTS 0.00098209 -4.96584 -3.44543 -0.0324887 3283.41 0.00034743 1 -0.0739309 -0.220743 0.05 393565
0 1138 4 phononL 0.00153204 -3.81479 -2.08835 0.00583841 99621.1 0.00069486 1 -0.0372483 -0.0977533 0.05 476270
0 1138 10 phononL 0.000494641 -0.0372483 -0.0977533 0.049999 476270 0.00034743 1 -0.0894874 -0.222428 0.05 480912
0 1139 2 phononTS 0.00187906 -4.11841 -2.34966 0.0154913 2674.32 0.00069486 1 0.102175 -0.157425 0.05 127032
0 1140 2 phononTF 0.00137914 -4.32423 -2.63106 -0.0465308 2825.54 0.00069486 1 -0.0712978 -0.205982 0.05 422888
0 1140 7 phononTS 0.000406245 -0.0712978 -0.205982 0.049998 422888 0.00034743 1 0.0765154 -0.217339 0.05 430585
0 1141 4 phononTF 0.00172358 0.284788 0.404011 -0.0296177 192029 0.00034743 1 0.0902342 -0.148503 0.05 574349
0 1159 5 phononTS 0.00203668 -4.43198 -3.47921 -0.0288775 29173.3 0.00069486 1 0.0374573 -0.261826 0.05 125840
0 1160 4 phononTF 0.000957256 2.13382 2.49095 -0.0194138 174444 0.00069486 1 0.0590436 -0.188869 0.05 218510
0 1161 2 phononTS 0.00153226 -4.27301 -3.38259 0.00352442 3249.55 0.00034743 1 0.0662684 -0.270977 0.05 297976
0 1162 5 phononTF 0.00181007 -2.29767 -4.16339 0.00121561 209125 0.00069486 1 -0.0753755 -0.236285 0.05 804308
0 1165 7 phononTS 0.00124345 2.70264 3.3456 -0.0209279 99710.2 0.00069486 1 0.0474513 -0.161164 0.05 171629
0 1167 6 phononTS 0.000722629 1.16843 4.85586 0.0309864 142402 0.00034743 1 -0.105403 -0.146984 0.05 227090
0 1169 5 phononTS 0.00163428 -2.96374 -2.63565 0.00864335 17513.5 0.00069486 1 -0.0398143 -0.187037 0.05 259716
0 1169 4 phononTS 0.00135061 -2.96374 -2.63565 0.00864335 17513.5 0.00034743 1 0.0348455 -0.127252 0.05 116839
0 1171 5 phononTS 0.00102729 -0.802895 -4.95763 0.027498 121186 0.00069486 1 0.0447656 -0.248758 0.05 143671
0 1171 4 phononTS 0.000809612 -0.802895 -4.95763 0.027498 121186 0.00034743 1 -0.0612471 -0.107082 0.05 334520
0 1182 7 phononTF 0.00112438 -3.80203 -4.23616 0.0219889 6113.5 0.00034743 1 0.0446453 -0.258357 0.05 279584
0 1184 4 phononTS 0.00144264 2.63359 -3.71938 -0.00581176 215295 0.00069486 1 -0.0690313 -0.178156 0.05 288620
0 1185 5 phononL 0.00118243 -2.95227 -4.30744 0.043748 41071.7 0.00069486 1 0.0602133 -0.213316 0.05 257575
0 1189 5 phononL 0.00209932 -3.53853 -1.42266 -0.0335555 46046.4 0.00034743 1 -0.0439805 -0.145179 0.05 97022.3
0 1196 2 phononTS 0.00116508 -2.30659 -3.33739 0.0238085 9975.72 0.00034743 1 0.0544824 -0.162619 0.05 123251
0 1196 7 phononTF 0.000428767 0.0544824 -0.162619 0.049998 123251 0.00034743 1 -0.0352196 -0.0978019 0.05 123408
0 1199 3 phononTS 0.00223419 -3.94431 -1.64861 -0.0180334 9871.65 0.00034743 1 -0.030606 -0.140714 0.05 21104.5
0 1201 5 phononTS 0.00270574 -1.79913 -3.83076 0.0491755 26005.8 0.00104229 1 0.0716361 -0.266114 0.05 67208
0 1201 4 phononTS 0.000939688 -1.79913 -3.83076 0.0491755 26005.8 0.00034743 1 -0.0390872 -0.189391 0.05 468331
0 1201 20 phononTS 0.000527013 -0.0390872 -0.189391 0.049999 468331 0.00034743 1 0.089423 -0.149584 0.05 892639
0 1208 3 phononTS 0.00252252 -4.5387 -2.19162 -0.0359873 8018.81 0.00034743 1 -0.0337106 -0.227012 0.05 35907.7
0 1210 3 phononTS 0.00216611 -4.73228 -2.7207 0.00571115 660.652 0.00034743 1 -0.0682578 -0.256274 0.05 104580
0 1211 4 phononTS 0.00179764 -4.23532 -4.20483 -0.0248385 4313.59 0.00034743 1 0.0666719 -0.248733 0.05 31831.2
0 1211 8 phononL 0.0011106 0.0666719 -0.248733 0.049999 31831.2 0.00069486 1 0.0907414 -0.128417 0.05 31878.2
0 1213 3 phononTF 0.00203604 -4.94549 -0.530931 -0.0150219 7247.59 0.00034743 1 0.0967341 -0.169134 0.05 45896.3
0 1213 2 phononL 0.00196396 -4.94549 -0.530931 -0.0150219 7247.59 0.00034743 1 -0.0796407 -0.185938 0.05 11512.7
0 1214 3 phononTS 0.00248075 -4.6384 -2.71787 -0.0458361 24.488 0.00034743 1 -0.0748388 -0.261344 0.05 26586.1
0 1215 5 phononTS 0.00170662 -4.60739 -1.01218 -0.00205241 9352.63 0.00034743 1 0.0686211 -0.213792 0.05 172728
0 1217 5 phononL 0.00160553 0.641162 -1.68465 -0.0286153 42604.4 0.00104229 1 -0.0100318 -0.194129 0.05 54303.5
0 1217 4 phononTS 0.000641156 0.641162 -1.68465 -0.0286153 42604.4 0.00034743 1 0.0588511 -0.294823 0.05 146080
0 1220 4 phononTS 0.000961652 0.102671 -0.243645 0.00906524 67179.9 0.00034743 1 0.0814058 -0.243358 0.05 67196.1
0 1222 5 phononTF 0.000523417 2.26809 0.183021 -0.0327189 188553 0.00034743 1 -0.0790995 -0.179194 0.05 226032
0 1224 2 phononL 0.00223277 -1.64668 -3.42368 -0.015697 16437.2 0.00034743 1 0.0220709 -0.157953 0.05 70285.5
0 1225 4 phononL 0.001278 -4.18206 -3.67885 0.045475 7841.32 0.00034743 1 0.0251413 -0.168111 0.05 170923
0 1227 3 phononTS 0.00235178 -4.02989 -2.19342 -0.00291149 5762.2 0.00069486 1 0.0780605 -0.211865 0.05 116214
0 1228 5 phononTF 0.000747177 -2.79501 -4.50082 0.0472275 15057.4 0.00034743 1 0.111815 -0.223891 0.05 82755.7
0 1229 4 phononTF 0.000700286 -4.89469 0.0670047 0.049999 12578.4 0.00034743 1 -0.044238 -0.226558 0.05 95723.3
0 1231 5 phononL 0.00107917 -4.04272 -4.8728 -0.0360174 14190.4 0.00034743 1 -0.0445223 -0.14796 0.05 49421
0 1233 2 phononTF 0.00121874 -4.12277 -3.91595 -0.017823 6832.57 0.00034743 1 -0.113132 -0.192955 0.05 95937
0 1233 8 phononL 0.000705131 -0.113132 -0.192955 0.049999 95937 0.00034743 1 -0.0460437 -0.15853 0.05 209874
0 1238 4 phononTS 0.00123264 -3.39167 -3.87352 0.0373352 54566.4 0.00069486 1 0.0606671 -0.24093 0.05 93784.7
0 1241 3 phononTF 0.00221603 -2.81397 -2.23685 -0.0401418 9588.85 0.00069486 1 0.0218097 -0.206665 0.05 67295
0 1244 4 phononTS 0.00190635 -4.2183 -1.66213 0.00226485 6962.31 0.00034743 1 0.1055 -0.179576 0.05 37076.3
0 1248 4 phononTS 0.00113851 3.67652 2.7059 0.039673 124854 0.00034743 1 0.0471985 -0.243669 0.05 278157
0 1251 7 phononTS 0.00124969 -1.16463 -3.79834 0.0190727 142942 0.00069486 1 0.0247035 -0.170466 0.05 210833
0 1253 6 phononL 0.000698734 -4.36984 -4.33813 0.0101429 58701.5 0.00034743 1 -0.108089 -0.180914 0.05 123953
0 1255 5 phononL 0.00162333 -0.610946 -4.93618 -0.0278113 14492.4 0.00034743 1 0.0961814 -0.253157 0.05 38710.3
0 1255 8 phononTS 0.000964431 0.0961814 -0.253157 0.049999 38710.3 0.00034743 1 0.114156 -0.203582 0.05 38966.1
0 1255 11 phononTF 0.000520566 0.114156 -0.203582 0.049999 38966.1 0.00034743 1 0.0985178 -0.146847 0.05 39026.7
0 1268 5 phononTF 0.00040582 2.23754 1.3659 -0.0257489 67287.2 0.00034743 1 0.0530454 -0.19063 0.05 92925.8
0 1269 5 phononTF 0.001021 -4.02579 2.27563 0.0262337 93706 0.00069486 1 0.0490924 -0.152241 0.05 351963
0 1269 4 phononL 0.000852055 -4.02579 2.27563 0.0262337 93706 0.00034743 1 -0.0414017 -0.15022 0.05 720882
0 1270 2 phononL 0.00233094 -4.95204 -4.84295 -0.012084 26973.2 0.00034743 1 0.0723268 -0.223342 0.05 187721
0 1270 5 phononTS 0.00088984 0.0723268 -0.223342 0.049999 187721 0.00069486 1 0.0429424 -0.280492 0.05 187789
0 1282 5 phononTS 0.00145087 -2.60871 0.933145 0.0220796 30450.4 0.00034743 1 0.0547134 -0.255924 0.05 218147
0 1283 7 phononTF 0.00119052 -3.45786 -0.438227 -0.0385979 214386 0.00034743 1 -0.0876439 -0.182792 0.05 366587
0 1283 2 phononTS 0.00111044 -3.46867 -4.03358 -0.0486535 11560.5 0.00034743 1 -0.0317999 -0.262255 0.05 139391
0 1288 2 phononTS 0.00167836 -4.56164 -2.93955 -0.0429665 4100.48 0.00069486 1 0.0299689 -0.173953 0.05 26004.5
0 1288 10 phononTS 0.000586645 0.0299689 -0.173953 0.049998 26004.5 0.00034743 1 -0.033317 -0.23836 0.05 26090.9
0 1292 4 phononTS 0.00155058 -3.22925 -4.35003 -0.011853 60526.2 0.00034743 1 0.0268164 -0.287304 0.05 386376
0 1292 9 phononTF 0.00107427 0.0268164 -0.287304 0.049999 386376 0.00034743 1 0.0511659 -0.301003 0.05 386434
0 1294 3 phononL 0.00180569 -4.31645 -2.79495 0.046725 1403.13 0.00069486 1 0.0649098 -0.293728 0.05 146514
0 1296 6 phononL 0.000396818 0.198038 -0.703516 -0.0241655 85367 0.00034743 1 -0.0405655 -0.120284 0.05 193121
0 1296 2 phononTS 0.00173373 -4.68472 -1.66291 -0.0371459 2601.15 0.00034743 1 0.030686 -0.200606 0.05 297067
0 1296 12 phononL 0.000949014 0.030686 -0.200606 0.049998 297067 0.00034743 1 0.0400796 -0.164481 0.05 297113
0 1298 3 phononTF 0.00184271 -1.67142 -4.11325 -0.0268403 18604.6 0.00069486 1 0.107698 -0.233415 0.05 26673.9
0 1298 8 phononL 0.00073814 0.107698 -0.233415 0.049999 26673.9 0.00034743 1 -0.101757 -0.227117 0.05 26787.1
0 1301 2 phononTS 0.00142772 -4.42792 -3.48108 -0.0394429 1565.76 0.00034743 1 0.0286259 -0.265438 0.05 5894.67
0 1301 7 phononL 0.000838399 0.0286259 -0.265438 0.049999 5894.67 0.00069486 1 -0.0639132 -0.29457 0.05 6819.06
0 1305 4 phononL 0.00133749 -3.01091 -2.12661 0.00195102 7201.64 0.00034743 1 0.0563248 -0.245275 0.05 11406
0 1305 2 phononTS 0.00173112 -3.16621 -1.73001 -0.0400109 7023.31 0.00069486 1 -0.047058 -0.114783 0.05 489055
0 1312 4 phononTS 0.00116493 -3.93599 -1.28613 0.0312142 30955.6 0.00034743 1 -0.0931158 -0.155779 0.05 70875.4
0 1313 4 phononTS 0.0012609 -4.31599 -2.38017 0.00930659 6419.53 0.00069486 1 -0.0648465 -0.199275 0.05 594930
0 1315 4 phononL 0.00171806 -4.53758 -3.72684 0.0447095 19470.9 0.00034743 1 0.0646231 -0.128854 0.05 91650.7
0 1321 4 phononTF 0.000910528 -2.23097 -2.38298 -0.0452847 84883.9 0.00034743 1 0.0377186 -0.150473 0.05 403989
0 1321 2 phononTS 0.00133902 -2.53938 -3.77038 -0.00718542 22631.2 0.00034743 1 0.0387436 -0.11318 0.05 160641
0 1322 3 phononTF 0.00206754 -4.76829 -2.64476 0.0225071 6786.24 0.00069486 1 -0.0907951 -0.140238 0.05 160746
0 1322 8 phononL 0.000389628 -0.0907951 -0.140238 0.049999 160746 0.00034743 1 -0.0780009 -0.223261 0.05 619457
0 1324 7 phononTS 0.000614478 -1.89121 -0.386474 0.0442533 293632 0.00034743 1 0.0287678 -0.269439 0.05 399875
0 1329 3 phononTF 0.00155935 -4.7322 -1.82506 -0.0474719 3507.6 0.00034743 1 0.0315493 -0.104026 0.05 45420.1
0 1331 4 phononTS 0.000732776 -3.20877 -4.49886 0.0358592 26122.8 0.00034743 1 -0.0245133 -0.156851 0.05 172690
0 1333 5 phononTS 0.00126995 0.184059 -0.965605 0.00690628 96177.3 0.00034743 1 -0.0753252 -0.274429 0.05 120641
0 1335 3 phononTS 0.00218987 -4.95406 -2.72573 0.0136854 1396.3 0.00034743 1 0.100324 -0.153672 0.05 88673.3
0 1335 6 phononL 0.000945143 0.100324 -0.153672 0.049999 88673.3 0.00069486 1 -0.0355466 -0.288819 0.05 92099.9
0 1335 4 phononTS 0.000874513 0.100324 -0.153672 0.049999 88673.3 0.00034743 1 -0.061857 -0.221998 0.05 99024.7
0 1349 2 phononL 0.00176536 -4.28361 -3.6637 0.031069 2302.47 0.00034743 1 0.0552793 -0.257186 0.05 257440
0 1351 5 phononTS 0.000474778 -1.23389 1.04577 0.0230468 133501 0.00034743 1 0.0303971 -0.297959 0.05 294558
0 1356 3 phononTS 0.00140862 -3.72306 -2.49439 0.00590013 4900.77 0.00069486 1 0.0517307 -0.135988 0.05 162071
0 1356 15 phononTF 0.00155168 -3.56776 4.36236 0.00544255 298301 0.00069486 1 0.0975164 -0.259086 0.05 335385
0 1363 5 phononTF 0.00159461 -2.58012 -4.1776 0.0238423 77768.2 0.00069486 1 -0.0996882 -0.246884 0.05 527607
0 1365 4 phononTS 0.000845947 -3.52938 -4.16584 0.0397142 13337.5 0.00034743 1 -0.0636381 -0.246546 0.05 463414
0 1367 7 phononTF 0.00161053 -0.404102 -1.23484 -0.0131085 55059 0.00034743 1 0.100722 -0.168041 0.05 135075
0 1367 2 phononTS 0.000538843 -4.2234 -2.35966 0.0219656 18517.8 0.00034743 1 0.0456441 -0.240508 0.05 360449
0 1368 6 phononTF 0.000709302 -0.234039 -1.94644 0.0344274 339635 0.00034743 1 0.0301029 -0.164181 0.05 452641
0 1369 3 phononTS 0.00258648 -4.72428 -2.52396 0.0139045 4563.69 0.00034743 1 0.094401 -0.21331 0.05 40960.2
0 1372 4 phononTS 0.000855105 -3.58411 -3.7131 -0.0111664 11181.5 0.00034743 1 -0.0611822 -0.128733 0.05 37950.5
0 1373 4 phononTS 0.0012729 -3.38034 0.898179 0.0189918 232425 0.00034743 1 -0.0961142 -0.159408 0.05 470246
0 1373 2 phononTS 0.00205391 -4.31824 -2.49884 0.0408335 164.475 0.00034743 1 -0.0901982 -0.191076 0.05 36054
0 1377 2 phononTF 0.00165591 -3.58076 -3.82023 0.0218277 26941.1 0.00069486 1 0.013388 -0.177572 0.05 45307.3
0 1380 2 phononTS 0.00174988 -4.08245 -3.77797 0.0214271 18690.1 0.00034743 1 -0.080863 -0.182179 0.05 222079
0 1385 5 phononL 0.000875668 -2.10888 -4.30067 0.0249192 17916 0.00034743 1 0.0474821 -0.156347 0.05 73044.7
0 1385 8 phononTF 0.000361617 0.0474821 -0.156347 0.049999 73044.7 0.00034743 1 -0.00507337 -0.199032 0.05 73108.2
0 1385 4 phononTF 0.0016641 -2.10888 -4.30067 0.0249192 17916 0.00034743 1 0.0239987 -0.182215 0.05 175702
0 1385 15 phononL 0.00110565 0.0239987 -0.182215 0.049999 175702 0.00034743 1 -0.032557 -0.209388 0.05 175755
0 1386 4 phononTS 0.000965667 2.79001 2.64314 0.0391973 60706.8 0.00034743 1 -0.0434565 -0.111625 0.05 242340
0 1390 2 phononL 0.0023514 -3.08282 -4.38292 0.045032 4918.77 0.00034743 1 0.0879111 -0.145132 0.05 364205
0 1401 2 phononTF 0.000956634 -2.51206 -2.43069 -0.0437702 7126.62 0.00069486 1 -0.0626157 -0.242888 0.05 86775.2
0 1409 5 phononTF 0.000815388 -2.27966 -2.5937 0.0390426 11524.2 0.00034743 1 0.0756796 -0.145525 0.05 16327
0 1413 4 phononTF 0.000940723 -2.72448 -2.89022 -0.0359856 254577 0.00034743 1 0.0312805 -0.126749 0.05 409326
0 1416 5 phononTS 0.00124197 -4.3244 -2.48736 0.0382023 23648.3 0.00034743 1 0.0939185 -0.14218 0.05 82543.6
0 1417 7 phononL 0.00128305 3.40058 -1.09523 -0.0348034 9003.86 0.00034743 1 -0.0123486 -0.187817 0.05 183241
0 1418 5 phononTS 0.00113829 -4.56244 -4.68605 0.0380074 3004.99 0.00034743 1 0.0752032 -0.182885 0.05 88848.8
0 1421 7 phononTF 0.000906414 4.69513 1.9122 -0.0190947 142381 0.00069486 1 -0.0550065 -0.260187 0.05 151980
0 1422 4 phononTF 0.00146388 -0.831619 -2.35002 -0.00740102 59319.2 0.00069486 1 0.0562915 -0.270197 0.05 134028
0 1424 4 phononTS 0.000921927 0.463977 -4.10722 0.0301484 25403.8 0.00034743 1 -0.0212416 -0.17299 0.05 33818.6
0 1427 5 phononTF 0.000836541 -3.34408 -2.57659 0.0287386 6742.16 0.00069486 1 -0.0301273 -0.157393 0.05 20414.4
0 1427 4 phononTS 0.00167696 -3.34408 -2.57659 0.0287386 6742.16 0.00104229 1 -0.0844452 -0.201456 0.05 126513
0 1435 4 phononTS 0.00117734 -1.02506 2.23857 -0.0148542 137221 0.00034743 1 0.0966507 -0.267942 0.05 394290
0 1435 8 phononTS 0.000655757 0.0966507 -0.267942 0.049999 394290 0.00034743 1 0.0455366 -0.284777 0.05 420310
0 1441 4 phononTF 0.00109528 -3.30825 -1.31217 -0.0326171 20353.8 0.00034743 1 0.0484603 -0.281623 0.05 428626
0 1441 7 phononTF 0.000401583 0.0484603 -0.281623 0.049999 428626 0.00034743 1 0.0483218 -0.172224 0.05 428788
0 1444 4 phononL 0.000762115 0.667997 -0.165172 -0.0234823 124676 0.00034743 1 -0.0520079 -0.205863 0.05 545818
0 1445 5 phononTS 0.00135174 -3.98522 0.0923751 -0.0157505 9235.23 0.00034743 1 -0.0841409 -0.149874 0.05 30230.3
0 1445 12 phononTS 0.00075778 -4.22842 -0.345238 0.0236611 8503.71 0.00034743 1 -0.0181131 -0.217186 0.05 150130
0 1448 5 phononTS 0.000925501 1.05038 -0.24293 -0.0388875 186974 0.00034743 1 0.108799 -0.159928 0.05 187786
0 1455 3 phononTS 0.00114071 -2.74405 -0.878605 0.0108431 7603.61 0.00069486 1 0.0446176 -0.277476 0.05 24313.4
0 1455 15 phononTS 0.000888543 -4.01344 -2.20368 -0.00277858 103432 0.00034743 1 0.0576086 -0.107847 0.05 154470
0 1457 4 phononL 0.000749769 -0.516078 0.240895 0.0228369 60036.6 0.00034743 1 0.0812694 -0.159723 0.05 397389
0 1459 3 phononTS 0.00229377 -3.78981 -2.60915 0.0231356 10167.1 0.00034743 1 0.0694029 -0.135949 0.05 62361.5
0 1459 4 phononTF 0.000955375 0.0694029 -0.135949 0.049999 62361.5 0.00034743 1 0.0326036 -0.283079 0.05 71804.8
0 1460 4 phononL 0.000948204 -2.15657 -4.41493 -0.0248801 14783.3 0.00069486 1 0.0733861 -0.201259 0.05 467675
0 1465 2 phononTS 0.00230992 -3.70955 -3.78278 -0.0253202 17927.9 0.00034743 1 -0.069069 -0.125478 0.05 55311.5
0 1465 4 phononTS 0.000970862 -0.069069 -0.125478 0.049999 55311.5 0.00034743 1 0.0674845 -0.157581 0.05 55401.6
0 1473 2 phononTF 0.00170769 -4.68361 -2.4427 -0.006279 637.49 0.00034743 1 0.0622364 -0.214944 0.05 53600.6
0 1480 3 phononTS 0.00220852 -4.6534 -2.49259 -0.0395066 898.481 0.00034743 1 0.0846842 -0.270348 0.05 234067
0 1481 5 phononL 0.00161466 -0.965064 -2.34131 0.0116893 137158 0.00034743 1 -0.0116471 -0.185806 0.05 140529
0 1481 8 phononTF 0.000531695 -0.0116471 -0.185806 0.049999 140529 0.00034743 1 0.103125 -0.178355 0.05 220377
0 1483 4 phononL 0.00109624 1.51232 1.64082 -0.0493159 47821.6 0.00034743 1 0.0989692 -0.235419 0.05 130303
0 1483 6 phononL 0.000668741 0.0989692 -0.235419 0.049999 130303 0.00034743 1 0.107496 -0.205182 0.05 131158
0 1485 4 phononTF 0.00161249 -3.08103 -2.01755 -0.0469645 27762.4 0.00069486 1 0.0769592 -0.253949 0.05 401067
0 1489 5 phononTS 0.0012186 2.91395 4.23321 0.0146751 161178 0.00069486 1 0.0117522 -0.186927 0.05 377400
0 1489 2 phononL 0.00194782 -4.88422 -2.56585 -0.00034036 2720.37 0.00034743 1 0.0672379 -0.170865 0.05 459401
0 1492 5 phononTF 0.00126153 0.204172 -1.53322 -0.0488466 76468.7 0.00034743 1 -0.0883533 -0.16723 0.05 129758
0 1493 5 phononTS 0.00110104 -0.311812 1.34435 0.000606161 265917 0.00069486 1 0.0329891 -0.114952 0.05 476391
0 1493 7 phononTS 0.000383371 0.0329891 -0.114952 0.049999 476391 0.00034743 1 -0.0814592 -0.17557 0.05 477385
0 1499 3 phononTS 0.00168213 -3.29978 -1.7775 0.0369287 3180.09 0.00034743 1 0.0743983 -0.160886 0.05 242900
0 1499 5 phononTS 0.00118362 0.0743983 -0.160886 0.049999 242900 0.00034743 1 -0.0287401 -0.252173 0.05 242987
0 1501 4 phononTS 0.00142378 -2.08491 2.48239 0.0157357 38762.6 0.00069486 1 -0.0565712 -0.2402 0.05 100331
0 1505 2 phononTF 0.00240194 -4.59114 -2.84604 0.0248178 499.075 0.00069486 1 0.0785021 -0.120267 0.05 60793.7
0 1512 5 phononTS 0.00201567 -0.736 -1.33289 0.0495572 26001.7 0.00034743 1 0.0977526 -0.20021 0.05 68008.6
0 1517 2 phononTS 0.00169912 -3.77434 -3.75479 -0.00853685 1544.24 0.00034743 1 0.065977 -0.239489 0.05 67698
0 1517 6 phononTF 0.00103016 0.065977 -0.239489 0.049999 67698 0.00034743 1 0.0838252 -0.194085 0.05 100719
0 1520 3 phononL 0.00158661 -4.31549 -3.97001 -0.0397902 7602.65 0.00104229 1 0.0378881 -0.0971584 0.05 35646.1
0 1523 7 phononTF 0.00148278 2.82849 3.45428 0.00290317 174889 0.00069486 1 0.0467782 -0.153434 0.05 376894
0 1524 2 phononTF 0.00112444 -4.47162 -2.41404 0.0107961 957.502 0.00034743 1 0.0689525 -0.165976 0.05 85336.7
0 1524 5 phononTS 0.000515509 0.0689525 -0.165976 0.049998 85336.7 0.00034743 1 0.107869 -0.175118 0.05 85410.6
0 1532 2 phononL 0.000684473 -4.75532 -2.71523 0.0171288 66.0921 0.00034743 1 -0.0910593 -0.241766 0.05 665352
0 1541 5 phononL 0.00121356 -4.33185 4.85086 -0.0234742 202444 0.00069486 1 0.0762247 -0.132819 0.05 226398
0 1543 3 phononL 0.00149216 -4.64095 -3.27157 -0.0105305 4568.45 0.00034743 1 0.103888 -0.145714 0.05 408426
0 1543 6 phononTF 0.000603496 0.103888 -0.145714 0.049999 408426 0.00034743 1 0.101374 -0.249459 0.05 408491
0 1547 5 phononTS 0.0019706 -0.971348 -3.2116 0.0364225 35306.6 0.00034743 1 0.0813391 -0.125891 0.05 349524
0 1547 6 phononTF 0.00130646 0.0813391 -0.125891 0.049999 349524 0.00034743 1 0.0475184 -0.111721 0.05 349599
0 1547 14 phononTS 0.000825664 0.0475184 -0.111721 0.049999 349599 0.00034743 1 0.0177998 -0.195774 0.05 449866
0 1547 4 phononTS 0.00102741 -0.971348 -3.2116 0.0364225 35306.6 0.00034743 1 -0.0811887 -0.194341 0.05 540175
0 1548 3 phononTF 0.00139035 -4.40542 -2.10378 -0.0336564 4068.25 0.00034743 1 0.0956331 -0.19095 0.05 289463
0 1548 9 phononTS 0.00177099 -4.80306 0.678712 0.040708 29480.2 0.00069486 1 0.0155535 -0.219625 0.05 184930
0 1551 2 phononTF 0.00100946 -4.72875 -3.47251 -0.00123103 2943.82 0.00034743 1 0.0339439 -0.164371 0.05 100531
0 1554 3 phononTF 0.00102508 -1.27371 -2.95682 0.0302794 14377.5 0.00034743 1 -0.0598196 -0.146583 0.05 327538
0 1564 2 phononL 0.00221822 -1.53271 -2.54828 0.0247695 14697.8 0.00034743 1 0.0841011 -0.137257 0.05 75393.6
0 1564 7 phononTF 0.00056069 0.0841011 -0.137257 0.049999 75393.6 0.00034743 1 0.0729035 -0.133294 0.05 75520.7
0 1567 4 phononL 0.00081332 -4.84751 -3.04997 -0.0120157 15903.3 0.00034743 1 0.104358 -0.165996 0.05 121783
0 1569 2 phononTS 0.00139655 -3.9188 -2.4659 -0.00851023 7891.89 0.00034743 1 -0.111506 -0.205438 0.05 684592
0 1569 4 phononTS 0.000362172 -0.111506 -0.205438 0.049999 684592 0.00034743 1 -0.0520242 -0.145489 0.05 684733
0 1575 4 phononTS 0.0014137 -1.15232 3.14721 0.0359509 99062.4 0.00034743 1 -0.0711736 -0.117705 0.05 154584
0 1575 14 phononTF 0.00100722 -1.65766 -3.87043 0.0264106 23084.2 0.00069486 1 -0.0414446 -0.155707 0.05 78979.8
0 1582 2 phononTS 0.00263166 -4.92405 -3.01584 -0.0187758 1617.12 0.00069486 1 -0.0787259 -0.233138 0.05 18231.9
0 1590 4 phononTS 0.0013415 -0.136047 -1.07375 0.0270751 17061.7 0.00034743 1 0.0311284 -0.100106 0.05 25453.4
0 1604 4 phononTF 0.00134471 2.27386 -0.854168 0.00501898 34778.3 0.00034743 1 0.0593373 -0.11066 0.05 186978
0 1605 2 phononTS 0.00210648 -4.83888 -1.89177 0.000351806 18743.1 0.00069486 1 0.0399267 -0.233251 0.05 73154.2
0 1605 7 phononTS 0.000694547 0.0399267 -0.233251 0.049999 73154.2 0.00034743 1 0.0476863 -0.258858 0.05 73618.8
0 1608 3 phononTF 0.00144087 -4.79973 -2.63128 0.0163962 30.7199 0.00069486 1 0.0940061 -0.159495 0.05 19683
0 1611 6 phononTS 0.00049098 -1.19345 -2.59497 -0.0374447 353846 0.00034743 1 0.0792268 -0.245047 0.05 884119
0 1611 2 phononL 0.0016385 -4.55626 -3.13846 0.0177851 13186.7 0.00069486 1 -0.0403198 -0.120749 0.05 154674
0 1612 7 phononL 0.000965708 0.67236 -0.143729 0.0388723 567511 0.00034743 1 0.05754 -0.24649 0.05 568898
0 1614 2 phononTS 0.000952519 -4.83566 -2.42534 0.0494208 234.185 0.00034743 1 0.0285106 -0.206566 0.05 98662.4
0 1616 5 phononTS 0.00154896 -0.0662 4.91265 -0.00893691 28066.1 0.00069486 1 0.0959729 -0.185571 0.05 968613
0 1618 7 phononTS 0.000355779 -3.55165 -0.0742888 0.0322908 155688 0.00034743 1 0.0684947 -0.271453 0.05 329027
0 1618 6 phononTF 0.000646415 -3.55165 -0.0742888 0.0322908 155688 0.00034743 1 -0.0925195 -0.145346 0.05 201367
0 1620 4 phononTS 0.000697759 -3.65267 1.0689 0.0393186 35235.2 0.00034743 1 0.0754165 -0.28644 0.05 302388
0 1620 2 phononTS 0.00139281 -4.90129 -3.65331 -0.0179837 1559.99 0.00034743 1 -0.0837853 -0.156481 0.05 182614
0 1620 11 phononTS 0.000709394 -0.0837853 -0.156481 0.049999 182614 0.00034743 1 0.0955905 -0.257452 0.05 190923
0 1623 6 phononTF 0.00103283 0.801556 -3.68182 0.0187275 275689 0.00034743 1 -0.0618228 -0.156761 0.05 500914
0 1623 10 phononTS 0.000492344 -0.0618228 -0.156761 0.049999 500914 0.00034743 1 -0.080106 -0.121627 0.05 500978
0 1623 2 phononTS 0.00172293 -3.62367 -1.88402 0.0286043 6953.98 0.00034743 1 0.0762249 -0.140603 0.05 72162.7
0 1627 5 phononTF 0.00259262 -0.0264624 0.620736 0.0282083 195671 0.00069486 1 -0.0891516 -0.196928 0.05 202999
0 1630 7 phononTS 0.00152468 2.19475 -4.75894 -0.0447035 382015 0.00069486 1 -0.0642264 -0.122097 0.05 679057
0 1634 3 phononTS 0.00224121 -3.57682 -3.01265 -0.0413747 6292.44 0.00034743 1 -0.0389069 -0.224908 0.05 204153
0 1634 6 phononL 0.00067924 -0.0389069 -0.224908 0.049999 204153 0.00034743 1 -0.0198836 -0.178314 0.05 204196
0 1634 4 phononTF 0.000522929 -0.0389069 -0.224908 0.049999 204153 0.00034743 1 0.100036 -0.195097 0.05 325228
0 1634 2 phononTS 0.00175879 -3.57682 -3.01265 -0.0413747 6292.44 0.00069486 1 0.105418 -0.22555 0.05 100512
0 1634 24 phononTF 0.000700928 0.105418 -0.22555 0.049999 100512 0.00034743 1 0.0640229 -0.267313 0.05 100672
0 1635 2 phononTS 0.00169044 -4.66944 -3.59636 0.0498627 3765.23 0.00034743 1 0.0659128 -0.136673 0.05 47643.8
0 1636 5 phononTS 0.0011081 2.46057 -1.70892 0.0280752 162821 0.00069486 1 0.0864977 -0.263525 0.05 433786
0 1637 5 phononTS 0.00148327 -2.04529 -3.72144 -0.0162828 54245.6 0.00034743 1 -0.0998783 -0.156775 0.05 262803
0 1637 2 phononL 0.00151138 -4.64318 -2.35537 -0.0288525 887.294 0.00069486 1 0.0340497 -0.295127 0.05 11292.3
0 1637 10 phononTF 0.000659412 0.0340497 -0.295127 0.049999 11292.3 0.00034743 1 0.0225088 -0.172377 0.05 11554.3
0 1639 3 phononTF 0.00118213 -1.84312 -2.62531 -0.00116988 14253.7 0.00034743 1 0.0547342 -0.257199 0.05 28716.8
0 1639 10 phononTS 0.00117859 1.00807 4.53339 -0.000446184 43706.6 0.00034743 1 -0.0456509 -0.287946 0.05 176128
0 1642 3 phononL 0.00167661 -4.68903 -1.25987 0.0412971 13100 0.00069486 1 0.0534184 -0.158354 0.05 132581
0 1642 16 phononTS 0.00204912 -0.28621 2.87179 -0.0469083 34227.8 0.00069486 1 0.0244279 -0.138876 0.05 82017.8
0 1642 17 phononTF 0.000821814 0.0244279 -0.138876 0.049999 82017.8 0.00034743 1 -0.0665893 -0.184609 0.05 533770
0 1643 5 phononTF 0.000842187 -4.97713 -1.68814 -0.0252034 11826.1 0.00034743 1 -0.0889664 -0.199151 0.05 114572
0 1646 4 phononTS 0.0017646 -2.93804 -2.0343 -0.0117646 67851.4 0.00034743 1 0.0981976 -0.190929 0.05 180295
0 1646 6 phononTF 0.000942615 0.0981976 -0.190929 0.049999 180295 0.00069486 1 0.0869827 -0.237917 0.05 616539
0 1647 9 phononL 0.000984756 -4.75225 0.760578 -0.0072167 422235 0.00034743 1 -0.0282576 -0.142258 0.05 483668
0 1650 7 phononTF 0.000747753 3.18095 2.82385 0.00754303 117803 0.00034743 1 -0.0208165 -0.148544 0.05 453654
0 1654 3 phononTF 0.00124071 -4.29082 -1.76045 0.000730527 7677.13 0.00069486 1 -0.0413663 -0.304497 0.05 23693.9
0 1657 2 phononTS 0.000441728 -4.00852 -3.10943 0.00298259 23672.9 0.00034743 1 -0.0694888 -0.160649 0.05 265754
0 1660 2 phononTS 0.00134143 -3.75176 -3.17489 -0.00239022 22110.5 0.00034743 1 0.0331615 -0.23315 0.05 245390
0 1660 8 phononTF 0.000487374 0.0331615 -0.23315 0.049999 245390 0.00034743 1 -0.0309457 -0.141077 0.05 245694
0 1661 3 phononTF 0.000908896 -4.87309 -2.07141 -0.00467861 7586.23 0.00034743 1 -0.0504566 -0.131444 0.05 64921.5
0 1663 3 phononTF 0.00210516 -4.6012 -2.88036 -0.0444398 732.973 0.00034743 1 -0.0645701 -0.263309 0.05 415251
0 1666 4 phononTF 0.000780777 -0.18495 -3.01112 -0.0236829 34490.5 0.00034743 1 0.0915415 -0.16689 0.05 45042.2
0 1666 2 phononL 0.00184174 -3.78201 -2.76061 -0.0304285 14056.7 0.00034743 1 -0.0587036 -0.25496 0.05 87916.3
0 1666 11 phononL 0.000581596 -0.0587036 -0.25496 0.049999 87916.3 0.00034743 1 0.0215336 -0.160091 0.05 87962.8
0 1667 2 phononTF 0.00209193 -4.28335 -3.83568 -0.015371 8042.3 0.00069486 1 -0.0222284 -0.249747 0.05 50271.7
0 1667 12 phononTF 0.000349468 -0.0222284 -0.249747 0.049999 50271.7 0.00034743 1 -0.104752 -0.155827 0.05 50346.8
0 1669 7 phononTF 0.000522064 2.38348 -0.13807 -0.023056 25205.6 0.00034743 1 0.112442 -0.215907 0.05 296924
0 1673 9 phononTF 0.000628051 -0.849519 3.68757 0.0268125 684775 0.00034743 1 -0.0898289 -0.187192 0.05 824341
0 1673 8 phononTF 0.000836169 -0.849519 3.68757 0.0268125 684775 0.00034743 1 -0.109592 -0.22687 0.05 1.12476e+06
0 1676 2 phononL 0.00169211 -4.67444 -2.86622 0.00959126 8365.41 0.00034743 1 -0.0342328 -0.116588 0.05 21998
0 1676 5 phononTS 0.00102564 -0.0342328 -0.116588 0.049998 21998 0.00034743 1 -0.0573957 -0.108621 0.05 22056.5
0 1686 3 phononTS 0.00130884 -4.07249 -2.85913 0.0184336 2030.9 0.00069486 1 0.078247 -0.212225 0.05 48388.7
0 1686 2 phononTS 0.00269116 -4.07249 -2.85913 0.0184336 2030.9 0.00069486 1 -0.0722322 -0.118249 0.05 14554.7
0 1686 18 phononTS 0.000701914 -0.0722322 -0.118249 0.049999 14554.7 0.00034743 1 -0.105937 -0.190905 0.05 16940.1
0 1692 3 phononTS 0.00135726 -4.75777 -3.40207 0.036252 14845.2 0.00034743 1 -0.0244896 -0.180801 0.05 51809.9
0 1694 3 phononTF 0.00201153 -4.693 -2.85605 -0.0328266 2064.07 0.00034743 1 -0.0673046 -0.210514 0.05 37397.9
0 1695 3 phononTS 0.00135844 -4.69808 -2.70205 0.0121794 3591.65 0.00034743 1 -0.0218202 -0.157879 0.05 654550
0 1700 4 phononL 0.00143357 -3.61194 0.765121 -0.018227 17971.7 0.00034743 1 -0.0592903 -0.26076 0.05 56879.8
0 1700 8 phononTS 0.00102506 -0.0592903 -0.26076 0.049999 56879.8 0.00034743 1 0.0489086 -0.284311 0.05 57015.3
0 1702 5 phononTS 0.00122982 -3.58207 -2.50509 -0.0374093 20062.9 0.00069486 1 0.0228274 -0.183712 0.05 28037.4
0 1706 2 phononTF 0.00158669 -4.51102 -2.51352 0.0445445 3848.1 0.00034743 1 -0.0923323 -0.177105 0.05 38278.6
0 1708 3 phononL 0.00173149 -3.43609 -3.23104 0.0243934 16908.5 0.00069486 1 0.0714677 -0.116096 0.05 29753
0 1708 4 phononTS 0.000828915 0.0714677 -0.116096 0.049998 29753 0.00034743 1 -0.0887092 -0.225797 0.05 30167
0 1709 3 phononTF 0.00229891 -4.77485 -2.52088 -0.00674621 490.523 0.00104229 1 0.0297942 -0.236559 0.05 302287
0 1709 4 phononL 0.00052743 0.0297942 -0.236559 0.049999 302287 0.00034743 1 0.0306865 -0.282652 0.05 302338
0 1710 7 phononTS 0.00107174 -4.92941 -2.20527 -0.0482783 57351.6 0.00069486 1 -0.080264 -0.120721 0.05 102249
0 1710 6 phononTF 0.00137599 -4.92941 -2.20527 -0.0482783 57351.6 0.00034743 1 -0.0303089 -0.28753 0.05 248361
0 1716 5 phononTF 0.00123792 4.54747 -1.4952 0.0122003 142342 0.00034743 1 -0.0292386 -0.298131 0.05 188760
0 1717 4 phononTS 0.000641738 -2.10042 1.24396 0.0192816 56321.7 0.00034743 1 0.0490206 -0.208042 0.05 58210.2
0 1718 6 phononL 0.000578539 -0.673272 3.80106 0.0310952 140456 0.00034743 1 -0.0564705 -0.228604 0.05 249881
0 1724 5 phononTS 0.0016208 -1.77236 -0.894624 0.0416619 17369.5 0.00034743 1 0.0797012 -0.144617 0.05 258479
0 1724 7 phononTS 0.000981855 0.0797012 -0.144617 0.049999 258479 0.00034743 1 -0.056487 -0.224994 0.05 258596
0 1725 5 phononTS 0.00156022 -1.97044 -2.74979 -0.0375908 258705 0.00034743 1 0.119482 -0.207697 0.05 380039
0 1725 6 phononTF 0.000462415 0.119482 -0.207697 0.049998 380039 0.00034743 1 -0.0242934 -0.233974 0.05 631259
0 1727 2 phononTS 0.00135491 -4.91121 -2.58534 -0.0351003 1063.43 0.00069486 1 -0.0848605 -0.245252 0.05 230406
0 1730 5 phononTF 0.00144226 -1.41266 -4.58085 0.0115222 20123.5 0.00034743 1 -0.0411435 -0.301094 0.05 66173.1
0 1731 5 phononTF 0.00119922 -3.84137 -4.21037 0.0235783 12927.3 0.00034743 1 0.105523 -0.225213 0.05 277661
0 1731 7 phononTS 0.000619837 0.105523 -0.225213 0.049999 277661 0.00034743 1 0.118569 -0.220027 0.05 277725
0 1735 2 phononTS 0.0016825 -4.77291 -2.13292 0.00438491 1727.23 0.00069486 1 -0.110626 -0.21718 0.05 87967.1
0 1740 3 phononTS 0.00162232 -2.5522 -3.3146 -0.03356 14151.7 0.00104229 1 -0.100833 -0.194612 0.05 161005
0 1740 15 phononTS 0.00139232 -0.30274 -2.65683 0.0111232 30047.2 0.00069486 1 0.0266893 -0.147091 0.05 207681
0 1741 4 phononTF 0.000429941 -1.39743 -2.28775 -0.0413875 89281.7 0.00034743 1 -0.0635753 -0.156874 0.05 234610
0 1744 3 phononL 0.00259769 -3.99712 -2.38648 -0.00878617 4869.81 0.00034743 1 -0.0692467 -0.143228 0.05 14722.1
0 1744 7 phononTS 0.00132873 -0.0692467 -0.143228 0.049999 14722.1 0.00069486 1 -0.0650423 -0.287235 0.05 15789
0 1749 3 phononTS 0.00195057 -3.67486 -2.99737 0.00953913 2931.55 0.00069486 1 0.101135 -0.245434 0.05 52217.6
0 1749 4 phononTF 0.00075678 0.101135 -0.245434 0.049999 52217.6 0.00034743 1 0.0503156 -0.286125 0.05 56873.7
0 1752 2 phononTS 0.00122718 -3.75052 -3.82945 -0.0434398 19003.5 0.00034743 1 0.0839088 -0.162029 0.05 96912.7
0 1753 2 phononTF 0.00179807 -4.96018 -1.33225 -0.0473541 32862.8 0.00034743 1 -0.114569 -0.221564 0.05 64538.3
0 1757 3 phononL 0.00222067 -4.46155 -2.21251 -0.0198622 3453.37 0.00034743 1 0.0697296 -0.152225 0.05 14156.7
0 1761 3 phononTF 0.00196631 -4.50562 -2.9311 0.0286417 1475.19 0.00069486 1 -0.10118 -0.244326 0.05 99001.8
0 1765 2 phononTS 0.00190089 -2.14945 -1.91387 0.0149766 16503.4 0.00069486 1 -0.0937659 -0.225334 0.05 49906.9
0 1767 7 phononTS 0.00098508 -4.02517 0.996249 -0.0400459 64387 0.00034743 1 0.0579996 -0.180488 0.05 137797
0 1770 4 phononTF 0.00131217 -1.68832 4.6919 0.000270286 17370.4 0.00034743 1 -0.10686 -0.16284 0.05 43947.7
0 1770 2 phononTS 0.00169462 -4.65156 -2.67471 -0.0380853 371.175 0.00069486 1 0.0532188 -0.289538 0.05 190222
0 1772 4 phononTF 0.000905951 -4.59037 -0.856385 0.0298337 21727.4 0.00034743 1 0.0753566 -0.148104 0.05 93297.6
0 1774 5 phononTF 0.00138348 -3.35722 -2.33576 0.0234418 5219.83 0.00069486 1 0.0853118 -0.248728 0.05 27879.2
0 1781 5 phononTF 0.000968763 1.92413 -1.99834 -0.0218386 104619 0.00069486 1 0.0604186 -0.107507 0.05 180789
0 1783 3 phononTS 0.00157695 -4.85571 -3.64961 0.00424353 2783.4 0.00069486 1 -0.0688976 -0.117289 0.05 459423
0 1784 3 phononTS 0.00263985 -3.36531 -2.67113 -0.0401126 3530.3 0.00069486 1 0.0931238 -0.166303 0.05 26079.3
0 1787 4 phononTS 0.00105731 1.40771 -3.67332 -0.04053 59012.1 0.00034743 1 -0.0796946 -0.209342 0.05 381680
0 1788 3 phononTS 0.00100198 -4.05608 -4.92291 -0.0475394 7790.98 0.00034743 1 -0.0655671 -0.114646 0.05 166895
0 1788 13 phononL 0.00157508 -2.08722 0.826648 -0.0452033 50984 0.00034743 1 0.0536183 -0.29498 0.05 215493
0 1791 2 phononTS 0.00233806 -3.4169 -1.53857 0.0408663 11259.5 0.00034743 1 0.0779534 -0.24117 0.05 293791
0 1794 2 phononTF 0.00134468 -4.34157 -3.28927 0.0410055 7043.2 0.00069486 1 -0.0981225 -0.19007 0.05 67904.9
0 1799 2 phononTF 0.00158493 -4.28763 -3.18545 -0.0416847 2162.45 0.00034743 1 -0.106021 -0.231418 0.05 191581
0 1807 4 phononTS 0.00113994 -0.521057 3.5032 -0.0163963 67484.1 0.00034743 1 -0.0857405 -0.132486 0.05 109593
0 1808 6 phononTS 0.00113182 -1.36457 4.19619 -0.015856 133314 0.00034743 1 -0.0250011 -0.193082 0.05 432556
0 1808 9 phononTS 0.000755662 -0.0250011 -0.193082 0.049999 432556 0.00034743 1 0.0179401 -0.235078 0.05 646651
0 1808 4 phononTS 0.000367173 -1.16495 -1.21394 0.0222053 62523.7 0.00034743 1 -0.0681999 -0.150371 0.05 83559.1
0 1816 5 phononTF 0.000920088 -2.56457 -3.7509 -0.0398734 16774.3 0.00034743 1 -0.0565055 -0.172574 0.05 133955
0 1817 2 phononTS 0.00185062 -3.69291 -3.49788 -0.0245615 6378.31 0.00069486 1 -0.0248587 -0.245067 0.05 72428.2
0 1819 2 phononTS 0.00186922 -4.3987 -2.69674 0.0372612 631.431 0.00034743 1 -0.0453036 -0.24238 0.05 201266
0 1820 2 phononTS 0.00233859 -3.77481 -2.90264 0.0184627 4419.85 0.00069486 1 -0.0252734 -0.133434 0.05 358580
0 1820 4 phononTS 0.000820248 -0.0252734 -0.133434 0.049998 358580 0.00034743 1 -0.0769427 -0.259216 0.05 358768
0 1823 2 phononL 0.00136973 -2.20706 -2.86229 -0.00811438 10548.5 0.00034743 1 -0.0335915 -0.199716 0.05 43901.9
0 1824 7 phononTS 0.00148414 -4.21184 3.39937 -0.0495061 112197 0.00069486 1 0.0672551 -0.144257 0.05 179901
0 1826 4 phononTF 0.00120129 -4.45608 -4.997 -0.0499772 10702.2 0.00034743 1 -0.0843764 -0.251814 0.05 148298
0 1827 4 phononTS 0.00148146 1.90811 4.41062 -0.0364538 54965.6 0.00069486 1 -0.0387511 -0.183248 0.05 138992
0 1828 5 phononTS 0.000682829 -2.98244 0.0713622 0.0152529 82429.6 0.00034743 1 -0.0536548 -0.22726 0.05 460955
0 1828 11 phononL 0.0013912 3.77319 -3.83249 -0.0326764 229525 0.00069486 1 -0.0431432 -0.261869 0.05 238096
0 1831 6 phononL 0.000831382 -1.90712 0.0572406 -0.00930766 123256 0.00034743 1 0.101752 -0.178687 0.05 128332
0 1833 5 phononTF 0.00142171 -4.84599 -3.3496 0.018003 44192 0.00034743 1 0.0785733 -0.176507 0.05 185376
0 1833 8 phononTS 0.000454967 0.0785733 -0.176507 0.049999 185376 0.00034743 1 0.0716215 -0.110206 0.05 185571
0 1847 2 phononL 0.00130004 -4.71145 -3.67342 -0.0283789 7332.33 0.00034743 1 -0.0454615 -0.252355 0.05 52883.1
0 1852 2 phononL 0.00183024 -4.09124 -2.70523 0.0299519 6110.91 0.00069486 1 0.066697 -0.265672 0.05 42395.4
0 1853 7 phononTS 0.000973059 -3.81147 -2.20139 0.0287456 78764.8 0.00069486 1 -0.0781279 -0.211177 0.05 90208.7
0 1854 5 phononTS 0.00178437 -3.23328 -4.80068 -0.00884888 23307.1 0.00034743 1 0.0504425 -0.28648 0.05 145258
0 1856 4 phononTS 0.000674442 -0.559834 1.09617 0.0356396 51483.1 0.00034743 1 -0.0766586 -0.197196 0.05 200422
0 1857 5 phononTS 0.000737601 -4.36933 -3.69178 -0.0231035 292212 0.00034743 1 0.0607364 -0.182789 0.05 313500
0 1860 4 phononTS 0.00200582 -1.76614 -4.92388 -0.0261994 30854.2 0.00034743 1 0.0346875 -0.245754 0.05 103501
0 1860 7 phononTF 0.000786678 0.0346875 -0.245754 0.049999 103501 0.00034743 1 -0.0275655 -0.197592 0.05 103566
0 1860 6 phononL 0.000666043 0.0346875 -0.245754 0.049999 103501 0.00034743 1 0.0588747 -0.122112 0.05 154279
0 1862 2 phononTF 0.000759749 -4.53906 -2.62921 -0.00974606 184.83 0.00034743 1 0.0605534 -0.196568 0.05 195853
0 1862 7 phononTS 0.00038551 0.0605534 -0.196568 0.049999 195853 0.00034743 1 0.0501797 -0.198049 0.05 195915
0 1863 5 phononTF 0.00198317 -0.596429 -1.80153 -0.0314349 6300.46 0.00034743 1 0.0623573 -0.188432 0.05 14453.2
0 1869 3 phononTF 0.00197783 -4.8081 -2.79683 0.0125196 649.917 0.00034743 1 -0.0681541 -0.247871 0.05 285566
0 1869 9 phononTS 0.00139221 1.90037 -4.93195 -4.70965e-05 100316 0.00034743 1 0.0506981 -0.293381 0.05 321082
0 1872 5 phononL 0.00220024 -4.98555 -4.74704 -0.0114253 11132.6 0.00069486 1 0.0381077 -0.25051 0.05 61832.9
0 1873 4 phononL 0.000859783 -1.1676 -2.33914 -0.00278858 76762.7 0.00034743 1 -0.0557957 -0.228679 0.05 230380
0 1874 2 phononL 0.00212296 -3.71515 -3.2248 -0.0164026 24217.4 0.00069486 1 -0.0832761 -0.176681 0.05 67573.3
0 1876 3 phononTS 0.00184682 -4.95542 -2.29083 -0.0204838 4189.69 0.00034743 1 0.0741661 -0.197371 0.05 88760.7
0 1876 10 phononTF 0.00107091 -0.821866 -0.0444835 -0.0437617 17893 0.00069486 1 -0.110852 -0.240434 0.05 187210
0 1877 4 phononTF 0.00191774 -3.98092 -4.7773 0.0283808 47996.4 0.00034743 1 0.0602403 -0.116118 0.05 64468
0 1877 2 phononTS 0.00148104 -3.29551 -1.86234 -0.0129962 14161.1 0.00104229 1 0.0504176 -0.129832 0.05 132160
0 1880 5 phononTS 0.00117933 -3.54779 -2.23985 0.0492477 43226.3 0.00069486 1 -0.0626239 -0.277063 0.05 372136
0 1885 4 phononTF 0.000655535 -4.95037 4.32785 0.0387053 128636 0.00034743 1 0.05463 -0.201155 0.05 234218
0 1889 3 phononTF 0.00134308 -2.36018 -3.09179 0.0148775 32619.6 0.00034743 1 0.0345081 -0.171647 0.05 300848
0 1890 5 phononL 0.00169758 -2.99741 3.25829 -0.00582446 49042 0.00034743 1 -0.0852928 -0.150573 0.05 332384
0 1893 4 phononTF 0.00132305 -2.67752 -4.59489 0.0323939 51286.4 0.00034743 1 0.0744316 -0.249252 0.05 95645.9
0 1894 4 phononTF 0.00112128 -4.79085 4.96462 0.00918135 76260.8 0.00069486 1 -0.0519161 -0.224948 0.05 173690
0 1897 2 phononTF 0.00263439 -3.11575 -3.44244 0.0101269 23669 0.00034743 1 -0.0141123 -0.184157 0.05 169924
0 1897 6 phononL 0.00208145 -0.0141123 -0.184157 0.049999 169924 0.00069486 1 0.0358504 -0.283494 0.05 169968
0 1901 2 phononTS 0.00183847 -3.27134 -0.918206 -0.0355206 5248.77 0.00069486 1 -0.0832484 -0.267483 0.05 66794.2
0 1903 5 phononTS 0.000997545 -0.153566 3.53765 0.0318554 109007 0.00034743 1 -0.0966917 -0.165129 0.05 118471
0 1903 4 phononL 0.0012451 -0.153566 3.53765 0.0318554 109007 0.00034743 1 -0.0854276 -0.129486 0.05 242036
0 1906 6 phononTF 0.00113249 -4.95658 -2.19142 0.0150627 287689 0.00069486 1 -0.0732764 -0.143377 0.05 1.02752e+06
0 1906 4 phononTF 0.000582779 -0.673575 0.472973 0.0175788 19963.1 0.00034743 1 -0.0375221 -0.259274 0.05 31663.8
0 1907 2 phononL 0.00199629 -4.11206 -2.72907 0.0267464 9281.25 0.00034743 1 0.0165685 -0.237538 0.05 26028.9
0 1907 4 phononTS 0.00108202 0.0165685 -0.237538 0.049999 26028.9 0.00034743 1 -0.0345763 -0.227579 0.05 26421.7
0 1908 4 phononTF 0.000466265 -3.12994 0.092156 0.049999 13205.5 0.00034743 1 0.0712718 -0.161519 0.05 642987
0 1910 2 phononTS 0.00192943 -4.43626 -3.11564 -0.00638898 1767.54 0.00034743 1 -0.0967893 -0.265326 0.05 39735.2
0 1910 6 phononL 0.00116678 -0.0967893 -0.265326 0.049999 39735.2 0.00069486 1 -0.0452386 -0.130899 0.05 39795
0 1913 5 phononL 0.00123196 -0.104478 1.81723 0.0340671 34541.8 0.00034743 1 0.0740387 -0.112559 0.05 80331.5
0 1915 2 phononL 0.00136409 -4.22426 -4.00181 -0.0355362 7484.53 0.00069486 1 0.104598 -0.170414 0.05 399333
0 1915 12 phononTS 0.000413224 0.104598 -0.170414 0.049999 399333 0.00034743 1 0.0421051 -0.147208 0.05 399416
0 1917 8 phononTS 0.000812827 3.90879 2.06167 0.0454169 97303.5 0.00034743 1 0.065203 -0.20631 0.05 377621
0 1917 6 phononTF 0.000751087 -4.67363 -4.85465 -0.0369672 28599.1 0.00034743 1 -0.0165049 -0.236072 0.05 314188
0 1920 7 phononTF 0.000640159 -0.438023 1.67048 -0.0264601 113776 0.00034743 1 0.0638514 -0.225111 0.05 198325
0 1921 5 phononTF 0.00184887 3.99178 -0.0998321 0.0444816 66045.5 0.00034743 1 -0.0371908 -0.166757 0.05 241702
0 1921 4 phononL 0.000558345 3.99178 -0.0998321 0.0444816 66045.5 0.00034743 1 -0.0547406 -0.129834 0.05 345831
0 1927 2 phononTF 0.00148405 -4.34092 -4.02471 0.0223482 3378.37 0.00069486 1 0.0538223 -0.273923 0.05 253041
0 1929 2 phononTS 0.001225 -4.59568 -3.28489 -0.0428167 2950.81 0.00069486 1 0.0906617 -0.179599 0.05 433337
0 1930 3 phononTS 0.00165536 -3.66353 -4.80079 -0.0409771 12604.7 0.00034743 1 -0.1062 -0.153941 0.05 436800
0 1935 3 phononTF 0.00218995 -4.7189 -2.80385 0.0200109 16.1804 0.00034743 1 0.0693484 -0.195326 0.05 96842.5
0 1944 5 phononTF 0.00169994 -1.4329 1.10346 0.0406594 224601 0.00069486 1 -0.0668736 -0.284115 0.05 353740
0 1946 2 phononTF 0.00190403 -2.55101 -2.34943 0.0320379 5034.19 0.00034743 1 0.0281383 -0.23279 0.05 157275
0 1946 6 phononTF 0.000701458 0.0281383 -0.23279 0.049998 157275 0.00034743 1 0.0268971 -0.210649 0.05 157338
0 1947 5 phononL 0.00114901 -3.04406 -4.07178 0.0198403 19431.8 0.00034743 1 -0.0544685 -0.298982 0.05 299212
0 1950 3 phononTS 0.00211617 -4.1694 -0.675325 0.0373464 3206.17 0.00069486 1 0.0912452 -0.15006 0.05 173980
0 1950 4 phononTS 0.00051505 0.0912452 -0.15006 0.049999 173980 0.00034743 1 -0.0338631 -0.300324 0.05 296954
0 1955 5 phononTF 0.00151183 -3.29293 4.24079 -0.00998812 28979.5 0.00034743 1 0.0296565 -0.271665 0.05 153485
0 1956 3 phononTF 0.00177318 -4.64267 -0.696438 0.0149988 11153.4 0.00069486 1 0.0654674 -0.16777 0.05 37902.9
0 1958 5 phononTS 0.000817459 4.6573 3.14027 -0.0400887 65054 0.00034743 1 0.0756413 -0.211297 0.05 383833
0 1960 3 phononTS 0.00145077 -3.89496 -2.25268 -0.015137 7904.69 0.00069486 1 -0.0719746 -0.202387 0.05 34953.6
0 1963 4 phononTS 0.00104309 -2.69573 -4.13637 -0.00798376 7114.9 0.00034743 1 0.0801556 -0.204842 0.05 560119
0 1964 2 phononTS 0.00237385 -2.98314 -3.12384 -0.00044999 3768.91 0.00069486 1 0.0719389 -0.171167 0.05 15509.7
0 1964 6 phononTS 0.000351835 0.0719389 -0.171167 0.049999 15509.7 0.00034743 1 -0.0289442 -0.111783 0.05 15671.9
0 1967 3 phononTS 0.00142212 -4.64593 -2.37691 -0.0248184 930.084 0.00034743 1 0.0966219 -0.214549 0.05 291559
0 1973 5 phononTS 0.00114219 -2.3995 -0.155038 0.0400988 276785 0.00034743 1 0.045142 -0.127004 0.05 367569
0 1978 5 phononTF 0.00161604 -2.06178 -2.49597 -0.0345044 19562.3 0.00104229 1 -0.0893858 -0.255372 0.05 198089
0 1983 5 phononTF 0.00118185 -3.55963 3.69662 0.0442509 86265.4 0.00034743 1 0.0625912 -0.193679 0.05 422560
0 1985 4 phononTF 0.00110515 -0.479605 -3.76781 0.0488044 33789.7 0.00034743 1 -0.0457865 -0.143001 0.05 485338
0 1994 5 phononTF 0.000751838 1.81521 2.44625 -0.0210839 149492 0.00034743 1 0.0989832 -0.216318 0.05 322483
0 1999 6 phononTF 0.00139918 3.96848 3.64703 0.0212576 210326 0.00034743 1 -0.0394196 -0.20826 0.05 275972
0 2000 2 phononTF 0.00141384 -4.4395 -1.68637 -0.049517 15321.6 0.00034743 1 -0.0503734 -0.284578 0.05 501188
0 2001 3 phononTS 0.00201477 -3.97596 -2.77909 -0.00996455 3540.47 0.00034743 1 -0.0929807 -0.145835 0.05 50544
0 2002 5 phononTS 0.00159365 -3.03776 -3.77922 0.0194732 70798.8 0.00034743 1 -0.0922516 -0.155839 0.05 273167
0 2013 3 phononTF 0.00168913 -3.55325 -1.49132 0.0449025 3823.82 0.00069486 1 0.0338125 -0.127534 0.05 127367
0 2014 3 phononTS 0.00225484 -4.57433 -2.8221 0.0304859 706.742 0.00138972 1 -0.0237332 -0.229261 0.05 94712.5
0 2017 2 phononTF 0.00249249 -4.72244 -3.15854 0.0014827 4368.99 0.00034743 1 -0.0334325 -0.169353 0.05 13225.1
0 2017 7 phononTF 0.000911585 -0.0334325 -0.169353 0.049999 13225.1 0.00034743 1 -0.0311684 -0.160897 0.05 13351.3
0 2017 5 phononTS 0.000765504 -0.0334325 -0.169353 0.049999 13225.1 0.00034743 1 -0.0337129 -0.109511 0.05 59048.4
0 2021 7 phononTS 0.000804625 3.68668 2.2948 -0.0346721 52943.1 0.00034743 1 0.0315855 -0.140724 0.05 200256
0 2026 3 phononTS 0.00127266 -4.9384 -3.26516 0.046012 7509.96 0.00069486 1 -0.0590953 -0.145016 0.05 345633
0 2031 2 phononTS 0.00183634 -4.67658 -2.36086 -0.00783286 3100.08 0.00034743 1 -0.0414958 -0.25832 0.05 167244
0 2032 5 phononL 0.000581583 -1.88775 1.3866 -0.027501 8618.02 0.00034743 1 0.0815867 -0.195239 0.05 24853.9
0 2033 4 phononL 0.00151432 -2.82873 -3.82703 0.0089182 29132.9 0.00034743 1 -0.0231898 -0.180334 0.05 62248.3
0 2033 10 phononL 0.000466666 -0.0231898 -0.180334 0.049999 62248.3 0.00034743 1 0.0440229 -0.285853 0.05 186390
0 2034 4 phononTF 0.00141445 -2.17731 -2.47144 0.0292208 5316.99 0.00034743 1 0.0260852 -0.123753 0.05 94394
0 2041 3 phononTF 0.00136761 -4.63214 -2.93531 0.0255397 342.294 0.00034743 1 0.0448304 -0.0993976 0.05 68360.6
0 2041 6 phononL 0.000531832 0.0448304 -0.0993976 0.049999 68360.6 0.00034743 1 0.0957343 -0.243015 0.05 78895.6
0 2044 3 phononTS 0.00218205 -4.91898 -2.51334 -0.0113118 1602.85 0.00104229 1 0.0971606 -0.264386 0.05 45709.7
0 2047 4 phononTS 0.00153018 -4.978 -1.71699 0.000899156 32769.7 0.00069486 1 0.0560906 -0.225248 0.05 92128.1
0 2048 5 phononTS 0.00100908 -0.872844 -4.99975 0.0255579 76181.4 0.00034743 1 -0.102965 -0.215636 0.05 266863
0 2048 12 phononL 0.00136237 -0.651734 -2.46428 0.0340445 24241.1 0.00034743 1 0.105874 -0.157961 0.05 579824
0 2050 5 phononTF 0.00152402 2.06538 -4.03025 0.0455326 12585.6 0.00034743 1 -0.0644121 -0.140044 0.05 222024
0 2058 2 phononL 0.00133399 -4.00966 -3.05646 -0.00859303 853.89 0.00034743 1 0.0791295 -0.162008 0.05 209325
0 2058 5 phononTF 0.000625479 0.0791295 -0.162008 0.049999 209325 0.00034743 1 -0.0716772 -0.152911 0.05 209406
0 2061 2 phononL 0.000929844 -4.93648 -2.87001 0.0194197 703.957 0.00034743 1 0.0399705 -0.236918 0.05 90504
0 2068 5 phononTS 0.0018532 -0.690688 -1.04333 0.0358044 27945.8 0.00069486 1 -0.0480203 -0.189673 0.05 221011
0 2068 7 phononTS 0.000727174 -0.0480203 -0.189673 0.049999 221011 0.00034743 1 0.0448306 -0.255997 0.05 390463
0 2076 5 phononTS 0.00152097 -0.150182 -4.0334 -0.0262276 34073.5 0.00034743 1 -0.0671964 -0.288374 0.05 1.10296e+06
0 2076 4 phononTS 0.00134189 -0.150182 -4.0334 -0.0262276 34073.5 0.00034743 1 0.0129091 -0.206888 0.05 322514
0 2077 4 phononTS 0.00148244 -4.86373 -3.93977 0.0120438 72684.5 0.00034743 1 0.0803706 -0.175141 0.05 334275
0 2078 2 phononTS 0.00126364 -4.53924 -1.31388 0.0425086 1234.12 0.00069486 1 -0.0765949 -0.143861 0.05 28150.6
0 2080 5 phononTS 0.00140228 0.274472 -3.04333 0.0495879 81623.7 0.00069486 1 -0.0718555 -0.262092 0.05 180808
0 2084 3 phononTS 0.00169006 -4.13233 -2.29103 -0.0106778 1723.73 0.00069486 1 0.0431974 -0.235655 0.05 153983
0 2089 4 phononTF 0.0017175 -0.176971 0.616154 0.0113281 75076.7 0.00034743 1 0.0167764 -0.226857 0.05 121133
0 2089 8 phononTS 0.000619128 0.0167764 -0.226857 0.049999 121133 0.00034743 1 0.0508248 -0.110809 0.05 121434
0 2091 4 phononTF 0.00087617 3.10791 -4.18782 0.0286706 82505.1 0.00069486 1 -0.0771371 -0.224841 0.05 172416
0 2092 2 phononTS 0.00181924 -4.60866 -2.30466 0.0314576 824.031 0.00034743 1 -0.0374326 -0.195503 0.05 38080.3
0 2096 5 phononTF 0.00212965 -4.46614 -1.71389 -0.0464292 12899.9 0.00104229 1 -0.0992102 -0.222636 0.05 96575.7
0 2097 5 phononTS 0.00041413 2.55056 4.42241 -0.00387022 51023.3 0.00034743 1 -0.040647 -0.155951 0.05 385439
0 2097 4 phononTF 0.00113757 2.55056 4.42241 -0.00387022 51023.3 0.00034743 1 0.0434391 -0.181031 0.05 101816
0 2097 11 phononTF 0.000457519 0.0434391 -0.181031 0.049999 101816 0.00034743 1 -0.0264665 -0.244655 0.05 101998
0 2098 3 phononTS 0.00266107 -2.74457 -3.41791 0.0231917 1783.76 0.00069486 1 0.110931 -0.181331 0.05 40807.4
0 2098 5 phononL 0.000882042 0.110931 -0.181331 0.049999 40807.4 0.00034743 1 -0.081994 -0.213277 0.05 41660.7
0 2098 4 phononTS 0.000557615 0.110931 -0.181331 0.049999 40807.4 0.00034743 1 0.0386451 -0.113822 0.05 41045.9
0 2098 2 phononTF 0.00133893 -2.74457 -3.41791 0.0231917 1783.76 0.00034743 1 -0.0449733 -0.183772 0.05 12375.9
0 2103 5 phononTS 0.00159647 4.91051 0.930129 -0.00808332 169734 0.00069486 1 0.027606 -0.260123 0.05 223161
0 2104 6 phononL 0.000620129 -1.1967 -1.39005 0.0112785 197489 0.00034743 1 0.0765744 -0.121321 0.05 369167
0 2107 3 phononTF 0.00183601 -3.95905 -2.84477 -0.0383509 5225.25 0.00034743 1 0.0361121 -0.115219 0.05 234770
0 2108 4 phononTS 0.000920896 -0.457528 -1.54085 -0.0215481 61743.7 0.00034743 1 -0.0623192 -0.244119 0.05 81106.8
0 2111 6 phononTS 0.00133467 1.49007 -2.40672 -0.0451599 113020 0.00069486 1 -0.0264362 -0.258865 0.05 201440
0 2113 6 phononTF 0.00147569 0.40269 -3.27238 -0.0231097 28492.8 0.00034743 1 0.100791 -0.215297 0.05 40732
0 2114 3 phononTF 0.00126301 -4.7959 -3.57751 -0.0408698 3068.37 0.00034743 1 -0.0707323 -0.253067 0.05 133815
0 2114 12 phononL 0.000961173 3.07689 -2.51002 -0.00272434 308979 0.00034743 1 0.0581014 -0.141685 0.05 765288
0 2116 3 phononTF 0.00192812 -3.33547 -2.18711 -0.00844818 13798.6 0.00034743 1 0.0183838 -0.163704 0.05 55548.8
0 2116 2 phononL 0.00207188 -3.33547 -2.18711 -0.00844818 13798.6 0.00034743 1 0.0926501 -0.268751 0.05 165091
0 2118 2 phononTF 0.00132636 -3.59328 -2.6685 0.0268145 4082.26 0.00034743 1 -0.0240516 -0.255557 0.05 229190
0 2122 4 phononTS 0.00102718 1.54345 4.64031 0.00825496 45119.7 0.00034743 1 0.0377279 -0.286357 0.05 168273
0 2126 5 phononL 0.00152254 -4.91805 -2.34076 -0.0193534 78885.4 0.00034743 1 0.0428977 -0.178414 0.05 191969
0 2127 5 phononTS 0.00084752 -0.919357 1.70857 0.0169568 43303.7 0.00034743 1 -0.0292247 -0.205615 0.05 64753.5
0 2127 12 phononTF 0.0014406 3.29785 3.75874 0.0460726 77323.8 0.00034743 1 -0.0967838 -0.183228 0.05 615703
0 2128 4 phononTS 0.00188012 -2.33703 -0.585838 0.0189173 12160.1 0.00034743 1 0.0373545 -0.255746 0.05 101039
0 2128 10 phononL 0.000376119 0.0373545 -0.255746 0.049999 101039 0.00034743 1 0.055743 -0.179193 0.05 101140
0 2129 3 phononL 0.00166191 -2.79755 -2.21449 0.0103794 14221.9 0.00069486 1 -0.0536989 -0.236174 0.05 356335
0 2129 10 phononTF 0.000814738 -0.0536989 -0.236174 0.049999 356335 0.00034743 1 -0.047488 -0.161723 0.05 690915
0 2129 18 phononTF 0.000948141 -2.80092 3.16758 0.00892826 61538.7 0.00034743 1 0.0884222 -0.181514 0.05 392563
0 2130 5 phononTF 0.00151473 -0.0253391 0.194772 0.0320255 37499.8 0.00069486 1 0.0280033 -0.105021 0.05 345701
0 2131 3 phononTS 0.00142303 -4.9223 -2.98978 0.00403581 355.884 0.00034743 1 0.0426381 -0.263542 0.05 471415
0 2131 4 phononTS 0.000506257 0.0426381 -0.263542 0.049999 471415 0.00034743 1 -0.107256 -0.158338 0.05 472029
0 2131 15 phononL 0.00121048 -4.49702 -3.6142 0.0339656 6656.38 0.00069486 1 -0.0272802 -0.173881 0.05 20997.9
0 2134 3 phononTS 0.00295764 -3.77083 -3.60263 0.0367321 3014.08 0.00034743 1 0.0794921 -0.114828 0.05 40599.7
0 2134 6 phononTF 0.000562644 0.0794921 -0.114828 0.049999 40599.7 0.00034743 1 0.0349964 -0.164132 0.05 40661.4
0 2134 4 phononL 0.000839087 0.0794921 -0.114828 0.049999 40599.7 0.00034743 1 -0.0149434 -0.193295 0.05 40769.6
0 2135 4 phononL 0.000736509 1.44915 -3.77446 -7.44421e-06 33378 0.00034743 1 0.0651199 -0.286551 0.05 104814
0 2137 3 phononL 0.00274457 -4.87284 -1.84021 -0.0482918 3004.58 0.00069486 1 -0.0280504 -0.243084 0.05 12654.2
0 2137 4 phononTF 0.00148517 -0.0280504 -0.243084 0.049999 12654.2 0.00069486 1 0.0931024 -0.247469 0.05 12740.6
0 2138 3 phononTS 0.00209216 -4.72858 -2.61644 0.0145298 5632.78 0.00034743 1 -0.03258 -0.240955 0.05 184287
0 2144 6 phononL 0.000389776 2.10282 -0.0899724 -0.029582 149649 0.00034743 1 0.0745164 -0.19513 0.05 362485
0 2148 5 phononL 0.00147257 -2.16289 -0.940764 -0.00475869 8221.09 0.00034743 1 0.0412037 -0.141886 0.05 21867.8
0 2153 4 phononTF 0.000923576 -3.4129 -1.93522 -0.00684796 22323.2 0.00034743 1 0.0507367 -0.118896 0.05 449939
0 2155 2 phononTS 0.00243246 -4.13802 -1.63386 0.00679439 3047.48 0.00034743 1 0.0691691 -0.232724 0.05 42025.7
0 2155 4 phononTS 0.00169939 0.0691691 -0.232724 0.049999 42025.7 0.00034743 1 0.0347626 -0.168547 0.05 42098.3
0 2156 3 phononTS 0.00221697 -4.36317 -1.6003 0.0188564 10408 0.00104229 1 -0.0387911 -0.104945 0.05 163446
0 2156 9 phononTS 0.000407302 -0.0387911 -0.104945 0.049999 163446 0.00034743 1 -0.0612706 -0.121942 0.05 393445
0 2162 5 phononTS 0.00101957 0.726979 3.90909 -0.00237592 33831.8 0.00034743 1 0.108357 -0.22861 0.05 43931.3
0 2163 2 phononTF 0.00126689 -4.02529 -0.917979 0.0175883 5753.64 0.00069486 1 0.0543257 -0.29232 0.05 42884.7
0 2164 2 phononTF 0.00131374 -4.87418 -2.64901 0.0306741 992.411 0.00034743 1 -0.0770239 -0.139663 0.05 121511
0 2167 7 phononTF 0.000863746 2.65126 -2.26183 -0.0456686 28238.1 0.00034743 1 -0.0998969 -0.202667 0.05 76652.9
0 2167 8 phononTS 0.000437018 -0.0998969 -0.202667 0.049999 76652.9 0.00034743 1 0.0258193 -0.289128 0.05 76742.8
0 2167 18 phononTS 0.00117229 1.07839 -3.54731 0.0217374 290974 0.00034743 1 0.029696 -0.148765 0.05 369216
0 2171 7 phononL 0.0012129 -2.39001 -3.58589 0.0294493 39264.7 0.00069486 1 0.0950276 -0.187383 0.05 48943.8
0 2176 6 phononTS 0.000509027 -3.02196 -0.00880765 0.049999 15516.5 0.00034743 1 0.040239 -0.149904 0.05 204293
0 2183 3 phononTS 0.00159041 -4.97896 -2.6802 0.0473096 250.153 0.00034743 1 0.0696769 -0.200555 0.05 98460.9
0 2188 5 phononTF 0.00171011 1.32496 -0.171183 0.0068867 98025.1 0.00069486 1 -0.0428874 -0.267606 0.05 197337
0 2190 5 phononTF 0.00162184 1.2855 -0.679675 0.022187 30397.4 0.00034743 1 0.0976273 -0.200578 0.05 569281
0 2190 7 phononTS 0.000418404 0.0976273 -0.200578 0.049999 569281 0.00034743 1 0.0711249 -0.219558 0.05 693880
0 2190 6 phononTS 0.000708319 0.0976273 -0.200578 0.049999 569281 0.00034743 1 0.0622544 -0.131944 0.05 960609
0 2191 3 phononTF 0.00119981 -4.57395 -3.26858 -0.00190836 709.455 0.00034743 1 0.100278 -0.213377 0.05 363896
0 2194 6 phononL 0.000650127 -4.36078 3.08719 -0.0491275 558015 0.00034743 1 -0.059092 -0.169676 0.05 769831
0 2196 6 phononTF 0.00100036 2.08591 -2.13107 -0.0127285 509108 0.00034743 1 0.0240959 -0.264247 0.05 1.14637e+06
0 2198 5 phononL 0.0015102 3.58049 2.1243 -0.0132808 203692 0.00034743 1 0.0788598 -0.199455 0.05 269914
0 2199 3 phononTF 0.000797055 -4.65687 -2.93402 0.0284329 13383.1 0.00034743 1 0.0497637 -0.105662 0.05 84295.7
0 2203 2 phononTS 0.00277383 -4.54414 -2.64916 0.0412206 157.765 0.00034743 1 0.0878293 -0.192676 0.05 15295
0 2207 3 phononTS 0.00203469 -4.30183 -3.20592 -0.033785 13103.5 0.00034743 1 -0.0377119 -0.112682 0.05 18717.7
0 2207 5 phononTS 0.00138091 -0.0377119 -0.112682 0.049999 18717.7 0.00034743 1 -0.0335322 -0.0956132 0.05 18863
0 2208 3 phononTS 0.00174267 -4.71891 -1.37266 -0.00500471 2306.87 0.00069486 1 0.0467627 -0.201843 0.05 552765
0 2210 4 phononL 0.00141214 0.724082 -3.61713 0.0202091 55611.9 0.00034743 1 -0.0486672 -0.214078 0.05 195471
0 2210 8 phononTF 0.000989237 -0.0486672 -0.214078 0.049999 195471 0.00034743 1 -0.0992567 -0.21072 0.05 375012
0 2213 2 phononTS 0.00209567 -4.02021 -1.21255 -0.0382228 2342.25 0.00034743 1 -0.0800245 -0.193245 0.05 118674
0 2215 5 phononTF 0.00146873 1.65472 3.05801 0.0395245 117387 0.00034743 1 -0.0335414 -0.229338 0.05 121866
0 2215 8 phononTS 0.00082009 -0.0335414 -0.229338 0.049999 121866 0.00034743 1 0.0515696 -0.143528 0.05 185399
0 2217 4 phononTS 0.000802618 -0.493817 1.05338 0.0164694 60277.9 0.00034743 1 0.0148367 -0.188431 0.05 351957
0 2218 5 phononTS 0.00137282 -0.188424 4.25248 0.00617765 115070 0.00034743 1 0.063076 -0.240648 0.05 311586
0 2219 2 phononTS 0.00262988 -4.69759 -2.62708 0.0392609 396.573 0.00104229 1 0.0521427 -0.280152 0.05 90293.7
0 2221 2 phononTS 0.00211078 -4.62853 -3.18185 0.0314141 7557.87 0.00034743 1 -0.105453 -0.237192 0.05 17936.8
0 2223 4 phononTS 0.000934082 -4.45975 1.51384 0.0236537 18444.9 0.00034743 1 0.0570077 -0.1571 0.05 354159
0 2225 4 phononL 0.00122436 -0.573235 -2.73244 0.0286219 25105.4 0.00034743 1 0.0594738 -0.171083 0.05 288867
0 2227 3 phononL 0.00200403 -4.0182 -4.34361 -0.0096338 19579.5 0.00034743 1 -0.113025 -0.205197 0.05 85922.3
0 2228 4 phononL 0.00101231 3.89318 3.33753 -0.0250876 22250 0.00034743 1 0.117808 -0.188758 0.05 230181
0 2228 13 phononTF 0.00106634 -1.199 4.02379 -0.00651045 92826.7 0.00034743 1 0.0367906 -0.163521 0.05 109954
0 2230 5 phononTS 0.000819816 1.98684 2.51147 -0.0102922 135749 0.00069486 1 0.0452931 -0.150848 0.05 413289
0 2230 4 phononL 0.00151388 1.98684 2.51147 -0.0102922 135749 0.00069486 1 0.0713241 -0.192075 0.05 271589
0 2231 2 phononL 0.00219821 -4.63391 -1.17314 -0.0404778 3678.35 0.00104229 1 0.0876731 -0.122637 0.05 52361.4
0 2232 7 phononTF 0.00118304 -1.99451 -4.3256 0.0121938 90022.9 0.00034743 1 -0.0406352 -0.224347 0.05 241187
0 2232 6 phononTS 0.00115433 -1.99451 -4.3256 0.0121938 90022.9 0.00034743 1 -0.068857 -0.201156 0.05 337138
0 2235 5 phononL 0.000976112 -2.1259 -0.120756 -0.0117443 12225.3 0.00034743 1 -0.0353042 -0.190281 0.05 155654
0 2236 5 phononTF 0.000962911 -0.87865 -4.4675 -0.0200668 11875.3 0.00034743 1 -0.0826266 -0.195078 0.05 330379
0 2237 5 phononTS 0.00125852 -4.5298 -3.94849 -0.0218254 10941.7 0.00034743 1 0.101238 -0.213116 0.05 131850
0 2237 6 phononTF 0.000476296 0.101238 -0.213116 0.049998 131850 0.00034743 1 0.0737298 -0.225973 0.05 132292
0 2239 3 phononTS 0.00159574 -4.57515 -3.14929 -0.00620632 3063.65 0.00069486 1 -0.0689014 -0.126308 0.05 222128
0 2239 9 phononTS 0.000422947 -0.0689014 -0.126308 0.049999 222128 0.00034743 1 -0.0437785 -0.206174 0.05 222257
0 2240 6 phononTF 0.0009138 4.99981 -0.361783 0.00124447 500995 0.00069486 1 -0.0141077 -0.207636 0.05 509397
0 2242 5 phononTS 0.00149406 -3.10682 -1.24564 0.0453464 12769.5 0.00034743 1 0.0983624 -0.23737 0.05 147924
0 2246 2 phononTS 0.00178743 -4.57095 -1.14301 -0.0302452 12882.7 0.00069486 1 0.0456513 -0.242317 0.05 27893.9
0 2261 5 phononTS 0.000863453 -3.40042 -0.772218 0.0195881 21888.2 0.00034743 1 -0.041048 -0.186056 0.05 214260
0 2261 13 phononL 0.00067348 4.18355 -2.46686 0.00192888 709959 0.00034743 1 0.033238 -0.272838 0.05 785963
0 2262 3 phononL 0.00194944 -4.68196 -3.18552 0.0230298 12750.7 0.00034743 1 0.030407 -0.154029 0.05 85110.2
0 2262 6 phononTF 0.00122779 0.030407 -0.154029 0.049999 85110.2 0.00034743 1 -0.0722918 -0.18938 0.05 85255.6
0 2262 11 phononTF 0.000388205 -0.0722918 -0.18938 0.049999 85255.6 0.00034743 1 -0.0499108 -0.100226 0.05 85476.6
0 2263 2 phononL 0.00199014 -4.89058 -1.87292 -0.0475502 4288.91 0.00034743 1 -0.102056 -0.256788 0.05 69350.9
0 2263 5 phononL 0.00163064 -0.102056 -0.256788 0.049999 69350.9 0.00034743 1 0.0502923 -0.197273 0.05 69534.3
0 2264 6 phononTF 0.000566618 2.95513 3.28431 -0.00166662 211328 0.00034743 1 0.0334312 -0.210661 0.05 233372
0 2264 4 phononTS 0.00137488 0.0355268 -3.20901 0.0163962 41006.6 0.00034743 1 -0.0481939 -0.238736 0.05 98088.2
0 2271 2 phononTS 0.00206701 -4.65921 -3.52945 0.03025 2013.88 0.00034743 1 -0.0174463 -0.182289 0.05 85326.8
0 2271 4 phononTF 0.00097245 -0.0174463 -0.182289 0.049999 85326.8 0.00034743 1 0.0504353 -0.187899 0.05 222637
0 2276 2 phononTF 0.00178588 -4.86973 -2.78733 -0.00824105 703.795 0.00069486 1 0.0883984 -0.138428 0.05 42439.5
0 2276 9 phononTF 0.000970256 0.0883984 -0.138428 0.049999 42439.5 0.00034743 1 0.040608 -0.227416 0.05 43050.6
0 2277 3 phononTF 0.00159585 -3.23829 -1.80623 0.00927192 12946.3 0.00034743 1 0.110434 -0.159619 0.05 297678
0 2277 7 phononTS 0.000783418 0.110434 -0.159619 0.049998 297678 0.00034743 1 0.0631597 -0.16732 0.05 298199
0 2278 2 phononTS 0.00183572 -4.42605 -1.29495 -0.027869 7135.35 0.00034743 1 -0.034696 -0.259509 0.05 55935.5
0 2283 7 phononTS 0.00101341 -1.95964 4.34188 -0.0340499 173552 0.00034743 1 -0.0737875 -0.111481 0.05 1.2965e+06
0 2283 6 phononTS 0.000786482 -1.95964 4.34188 -0.0340499 173552 0.00034743 1 0.0368194 -0.225876 0.05 838714
0 2285 2 phononTF 0.00156757 -4.51452 -0.231226 -0.0457082 8179.72 0.00034743 1 0.0659388 -0.223466 0.05 57154
0 2289 2 phononTF 0.0018281 -4.56431 -1.17132 0.0223696 28656.7 0.00069486 1 -0.0259327 -0.236116 0.05 69044
0 2294 3 phononTS 0.00187512 -4.81261 -0.555819 0.0394681 5421.54 0.00034743 1 -0.0918101 -0.153566 0.05 302432
0 2294 5 phononTS 0.00090025 -0.0918101 -0.153566 0.049999 302432 0.00034743 1 0.0569111 -0.240339 0.05 302585
0 2294 2 phononL 0.00212488 -4.81261 -0.555819 0.0394681 5421.54 0.00034743 1 -0.0514172 -0.116818 0.05 202248
0 2295 5 phononTF 0.00153711 0.291217 0.12002 -0.00104008 81876.6 0.00034743 1 -0.034402 -0.0973138 0.05 509034
0 2298 3 phononTS 0.00139684 -4.69533 -3.44082 -0.0096862 6156.26 0.00069486 1 -0.0156656 -0.229668 0.05 74079.7
0 2299 5 phononTS 0.0011367 -3.42869 -4.11853 0.0306843 9617.69 0.00034743 1 -0.068708 -0.128913 0.05 84926.5
0 2302 3 phononTS 0.00239682 -4.8983 -2.90191 0.0325116 963.7 0.00034743 1 -0.0703258 -0.267192 0.05 34812.6
0 2302 4 phononTS 0.000960155 -0.0703258 -0.267192 0.049999 34812.6 0.00034743 1 0.0341243 -0.192118 0.05 100515
0 2305 6 phononTS 0.000518086 1.4083 -1.74009 -0.040903 128018 0.00034743 1 0.062601 -0.138366 0.05 409963
0 2310 2 phononTF 0.00186957 -4.82918 -1.85841 0.0237448 1995.06 0.00069486 1 0.0309014 -0.229004 0.05 145720
0 2312 5 phononTF 0.00131136 -4.84668 1.58801 0.0370558 71713.5 0.00034743 1 -0.0535759 -0.10618 0.05 357580
0 2315 5 phononTS 0.00192967 -2.52131 -2.6944 -0.00855967 109540 0.00034743 1 -0.0651558 -0.226181 0.05 326600
0 2319 5 phononTS 0.00151538 -1.19564 -3.29229 0.00829067 48071.2 0.00034743 1 0.0999465 -0.180959 0.05 135467
0 2319 10 phononTS 0.000498545 0.0999465 -0.180959 0.049999 135467 0.00034743 1 0.0424293 -0.0968683 0.05 135622
0 2321 6 phononTS 0.000971766 -3.78802 -4.38834 -0.0222004 272521 0.00069486 1 -0.100934 -0.225846 0.05 330725
0 2324 2 phononTS 0.00136006 -4.37738 -2.85901 -0.00142121 6492.09 0.00034743 1 -0.0161397 -0.198542 0.05 47943.2
0 2324 9 phononL 0.000702419 -0.0161397 -0.198542 0.049999 47943.2 0.00034743 1 -0.0328343 -0.196494 0.05 47992
0 2325 3 phononTF 0.0010583 -4.46426 -2.66833 0.0393178 7259.32 0.00069486 1 -0.104708 -0.228779 0.05 231978
0 2325 12 phononTF 0.000659928 -3.36926 -2.09425 -0.00757772 24283.1 0.00034743 1 -0.117145 -0.200572 0.05 58810.4
0 2326 4 phononL 0.00157406 -0.330914 -4.08632 -0.0323916 22585.2 0.00034743 1 -0.0876156 -0.204812 0.05 126710
0 2332 4 phononL 0.00184593 0.843313 -0.68209 -0.029395 164868 0.00034743 1 -0.109965 -0.232358 0.05 277977
0 2334 3 phononTF 0.0019993 -4.9642 -3.01848 -0.0347625 792.995 0.00034743 1 -0.0984482 -0.195696 0.05 141945
0 2337 3 phononTF 0.00244745 -4.9711 -1.1728 0.00277731 7940.28 0.00069486 1 0.10634 -0.200794 0.05 46490.3
0 2337 9 phononTS 0.000640595 0.10634 -0.200794 0.049999 46490.3 0.00034743 1 0.097401 -0.156384 0.05 46558
0 2341 2 phononTS 0.00200779 -3.51485 -1.13071 0.0361648 6002.4 0.00069486 1 0.0876035 -0.25496 0.05 165868
0 2344 5 phononL 0.00123425 -1.05213 -0.0492602 -0.016994 108099 0.00069486 1 0.0568451 -0.131318 0.05 285186
0 2345 4 phononTS 0.00193504 1.37538 -4.30387 -0.0456875 88377.6 0.00034743 1 -0.109621 -0.215615 0.05 237555
0 2346 9 phononTF 0.0015176 2.4511 3.21849 0.0381926 137170 0.00069486 1 0.0993901 -0.151236 0.05 260985
0 2346 10 phononL 0.000418906 0.0993901 -0.151236 0.049999 260985 0.00034743 1 0.0439178 -0.168316 0.05 264735
0 2358 4 phononTS 0.00058786 -2.12765 1.81428 -0.0315699 71938 0.00034743 1 0.103109 -0.170834 0.05 192654
0 2361 4 phononTF 0.000694636 -4.54915 2.36822 0.0403935 38809.7 0.00034743 1 -0.045066 -0.293532 0.05 160355
0 2366 6 phononTF 0.000620231 -1.38091 3.5348 0.00308711 561473 0.00034743 1 -0.0229475 -0.263063 0.05 565262
0 2370 5 phononTS 0.00164673 -2.59048 0.722194 0.00468087 43000.9 0.00069486 1 0.0217806 -0.222743 0.05 67124.2
0 2376 3 phononTS 0.00188982 -2.73255 -2.43229 -0.0184487 11471 0.00034743 1 0.0364259 -0.153928 0.05 17482
0 2380 4 phononL 0.00147036 4.78977 -3.03884 -0.0457052 69297.9 0.00069486 1 0.062038 -0.276743 0.05 111795
0 2383 9 phononTS 0.00121967 0.548458 2.56155 0.00741773 248862 0.00069486 1 -0.0623099 -0.207529 0.05 333550
0 2384 2 phononTS 0.00262015 -2.96013 -2.15213 0.0184275 12781.4 0.00104229 1 0.0380013 -0.197813 0.05 37589.4
0 2384 6 phononTS 0.000610633 0.0380013 -0.197813 0.049999 37589.4 0.00034743 1 0.0902746 -0.158531 0.05 37660.4
0 2388 2 phononTS 0.00102801 -4.9785 -3.33585 -0.0269702 1071.44 0.00034743 1 0.0768116 -0.235394 0.05 28929.1
0 2388 9 phononTS 0.000599476 0.0768116 -0.235394 0.049999 28929.1 0.00034743 1 0.0391946 -0.166944 0.05 34301.9
0 2389 7 phononTF 0.000828232 -4.06481 -1.60762 -0.0243361 228472 0.00034743 1 0.0403403 -0.0970459 0.05 326548
0 2392 3 phononL 0.00173347 -4.7583 -3.08976 0.00613696 2740.13 0.00034743 1 -0.0519642 -0.28261 0.05 27012.3
0 2392 6 phononL 0.000563877 -0.0519642 -0.28261 0.049999 27012.3 0.00034743 1 0.0651952 -0.11523 0.05 83448.4
0 2393 3 phononTF 0.00205778 -4.17828 -2.3129 0.0380538 7743.95 0.00034743 1 -0.102289 -0.205285 0.05 126009
0 2393 5 phononTF 0.000387877 -0.102289 -0.205285 0.049999 126009 0.00034743 1 -0.109545 -0.175227 0.05 126216
0 2394 2 phononTF 0.00119406 -4.90254 -2.15281 0.00822871 3086.13 0.00069486 1 0.0898869 -0.270911 0.05 99529.3
0 2396 3 phononTF 0.00203492 -4.64506 -3.04829 0.0396549 4523.19 0.00034743 1 -0.053621 -0.255137 0.05 76025
0 2397 4 phononTS 0.00107369 -3.17076 -4.18625 -0.0215064 80888.8 0.00034743 1 -0.0316383 -0.194444 0.05 311951
0 2399 5 phononTS 0.000889605 -0.114246 -4.61961 0.0315369 39434.9 0.00034743 1 0.0370658 -0.114379 0.05 394021
0 2402 2 phononL 0.00232584 -4.90019 -1.91583 0.0427578 3529.72 0.00034743 1 -0.0363712 -0.155731 0.05 41984
0 2402 6 phononTF 0.00171861 -0.0363712 -0.155731 0.049999 41984 0.00069486 1 -0.0476474 -0.263238 0.05 42646.4
0 2405 2 phononTF 0.00166485 -4.76783 -3.15601 0.00564276 9370.95 0.00069486 1 -0.081863 -0.241334 0.05 265738
0 2406 4 phononTS 0.00123287 0.635874 -0.00407488 -0.0484415 63600.2 0.00069486 1 0.0916859 -0.190447 0.05 153542
0 2408 5 phononTF 0.00105481 -3.76607 -2.35657 -0.0269859 3655.08 0.00034743 1 -0.0243068 -0.202069 0.05 51296.9
0 2410 4 phononL 0.00125076 1.29641 0.449798 -0.0389449 31185.2 0.00034743 1 -0.0457279 -0.289886 0.05 148136
0 2413 2 phononTS 0.00193267 -4.61224 -2.75286 0.00721212 9550.22 0.00069486 1 -0.0822394 -0.257428 0.05 24823
0 2416 3 phononTS 0.0015476 -3.60107 -4.07804 0.0173182 1921.97 0.00104229 1 0.0291196 -0.17508 0.05 136936
0 2426 4 phononL 0.0015988 1.92661 2.75233 -0.0425379 82015.2 0.00069486 1 0.0281976 -0.135579 0.05 101083
0 2430 5 phononTS 0.000361828 0.71542 1.63361 0.00350086 887454 0.00034743 1 -0.0346316 -0.162157 0.05 1.70764e+06
0 2436 3 phononTF 0.00189955 -4.88489 -2.36283 -0.0132576 920.913 0.00034743 1 -0.0963214 -0.263995 0.05 86203.2
0 2436 6 phononTF 0.000633032 -0.0963214 -0.263995 0.049999 86203.2 0.00034743 1 -0.0823662 -0.252432 0.05 86273.1
0 2436 4 phononTF 0.000507086 -0.0963214 -0.263995 0.049999 86203.2 0.00034743 1 0.0342508 -0.189649 0.05 86284.4
0 2437 2 phononTS 0.00132772 -4.39565 -3.35089 -0.0494229 5951.05 0.00034743 1 -0.113932 -0.198945 0.05 172264
0 2438 3 phononTS 0.00202195 -4.33449 -1.74058 0.0347039 4185.26 0.00069486 1 0.082729 -0.261172 0.05 81957.4
0 2438 10 phononTF 0.000798767 0.082729 -0.261172 0.049999 81957.4 0.00069486 1 -0.0570938 -0.257246 0.05 82028.4
0 2438 4 phononTF 0.000417116 0.082729 -0.261172 0.049999 81957.4 0.00034743 1 -0.0558616 -0.257149 0.05 82031.1
0 2446 5 phononL 0.00124952 -3.9489 -3.00826 -0.0405841 35300 0.00034743 1 -0.0310551 -0.141178 0.05 51435.4
0 2446 6 phononTF 0.000561661 -0.0310551 -0.141178 0.049999 51435.4 0.00034743 1 0.0789913 -0.194231 0.05 424222
0 2452 3 phononTF 0.00171317 -4.69094 -2.69604 0.046943 16.9238 0.00104229 1 -0.0340757 -0.304596 0.05 227707
0 2452 17 phononTS 0.00078953 -1.202 0.102595 -0.0452044 295915 0.00034743 1 0.0376178 -0.10486 0.05 325184
0 2454 3 phononTF 0.00198597 -4.83455 -4.89727 -0.0388962 5921.02 0.00069486 1 0.0640009 -0.242511 0.05 103375
0 2457 5 phononTS 0.00194058 -3.75205 -3.76967 0.0364236 17517 0.00034743 1 -0.0295664 -0.118974 0.05 121184
0 2457 6 phononTF 0.000456379 -0.0295664 -0.118974 0.049998 121184 0.00034743 1 -0.0683892 -0.191704 0.05 121261
0 2460 5 phononTF 0.00114479 0.996298 -3.46207 0.0323091 20717.9 0.00034743 1 -0.0413678 -0.252815 0.05 422786
0 2461 5 phononTS 0.00120677 -4.22103 -2.26902 0.0247333 46553.4 0.00034743 1 -0.0990887 -0.14713 0.05 158711
0 2468 5 phononTS 0.000888889 0.299628 1.74768 -0.0475132 194543 0.00034743 1 -0.101621 -0.161507 0.05 774735
0 2470 2 phononTF 0.00150283 -4.95812 -2.98475 -0.0215745 5220.69 0.00034743 1 0.0664758 -0.271484 0.05 603412
0 2476 5 phononTS 0.00154763 2.41204 3.25541 -0.0256098 60817.4 0.00034743 1 -0.0455523 -0.244119 0.05 74901.3
0 2478 2 phononL 0.00112688 -4.74606 -2.73545 -0.00187523 3.05451 0.00069486 1 0.0339311 -0.162951 0.05 32324.2
0 2483 3 phononL 0.00128062 -3.84862 -1.58583 -0.00406678 4455.3 0.00034743 1 0.0425994 -0.276403 0.05 79246.8
0 2483 4 phononTS 0.000597202 0.0425994 -0.276403 0.049999 79246.8 0.00034743 1 -0.0777913 -0.191617 0.05 583414
0 2487 5 phononTS 0.00185918 -0.546701 -0.570084 -0.0490259 43441.3 0.00034743 1 -0.0898186 -0.184214 0.05 277443
0 2487 9 phononTS 0.00062591 -0.0898186 -0.184214 0.049999 277443 0.00034743 1 0.0352447 -0.136564 0.05 277979
0 2487 4 phononTF 0.000783321 -0.546701 -0.570084 -0.0490259 43441.3 0.00034743 1 0.0657601 -0.29292 0.05 129350
0 2490 4 phononL 0.00124601 -1.87172 -3.58817 -0.0201896 87485 0.00069486 1 -0.0682361 -0.259045 0.05 283297
0 2491 4 phononTS 0.00164831 -3.88644 -2.4313 -0.0204112 4436.45 0.00069486 1 -0.0836775 -0.241645 0.05 245423
0 2493 2 phononTS 0.00122964 -4.52501 -3.69738 0.0454669 6071.4 0.00034743 1 0.0895179 -0.133921 0.05 50090.1
0 2493 7 phononTS 0.000641174 0.0895179 -0.133921 0.049999 50090.1 0.00034743 1 0.0401873 -0.164981 0.05 514965
0 2494 2 phononTF 0.000901581 -4.27608 -3.3595 -0.0431021 43393.5 0.00034743 1 -0.0437343 -0.134087 0.05 525026
0 2495 2 phononTF 0.00184426 -4.497 -3.08698 0.0251557 7077.95 0.00034743 1 0.110499 -0.198973 0.05 30276.5
0 2495 4 phononTF 0.00137558 0.110499 -0.198973 0.049999 30276.5 0.00034743 1 0.0522387 -0.173038 0.05 30455.4
0 2495 9 phononTS 0.00051248 0.0522387 -0.173038 0.049999 30455.4 0.00034743 1 -0.0147699 -0.219981 0.05 202892
0 2497 5 phononTF 0.000879213 -2.48798 -3.72213 0.0297757 8985.91 0.00034743 1 -0.0783849 -0.192408 0.05 67121.3
0 2500 5 phononTS 0.00191529 3.78779 -4.80195 0.0266254 37260 0.00034743 1 -0.0562349 -0.216079 0.05 226797
0 2502 7 phononTF 0.00139742 0.883996 -4.55721 -0.0402086 107332 0.00069486 1 -0.0792635 -0.13802 0.05 159490
0 2503 4 phononTS 0.00194917 -4.50071 -3.02705 0.0211182 39433 0.00069486 1 0.0165626 -0.159781 0.05 102012
0 2503 8 phononL 0.000889039 0.0165626 -0.159781 0.049999 102012 0.00034743 1 0.0753187 -0.160401 0.05 102062
0 2507 2 phononTF 0.00201179 -4.34881 -1.50414 0.0202369 697.689 0.00069486 1 0.106127 -0.166779 0.05 58763.3
0 2508 7 phononTS 0.00152777 -4.99834 -2.06952 -0.0030862 74988.4 0.00034743 1 0.0399324 -0.102315 0.05 98287.4
0 2508 11 phononTS 0.000380949 0.0399324 -0.102315 0.049999 98287.4 0.00034743 1 0.0508891 -0.250688 0.05 98508.2
0 2511 2 phononL 0.00135626 -4.6319 -3.9347 0.00738838 13347.3 0.00034743 1 0.0425847 -0.21415 0.05 59589.4
0 2512 5 phononTS 0.0013665 -3.34188 -0.20128 0.0255972 30593.1 0.00069486 1 0.113813 -0.217988 0.05 151568
0 2513 5 phononL 0.00122153 3.73092 3.34381 -0.0328946 39839.9 0.00034743 1 0.0745467 -0.16024 0.05 199737
0 2519 2 phononL 0.00123355 -4.5734 -2.46506 0.0268104 1674.27 0.00034743 1 0.0763666 -0.166299 0.05 41420.7
0 2522 5 phononTS 0.000873793 -3.87448 0.705271 0.0305261 21813.2 0.00034743 1 0.0399605 -0.210397 0.05 112641
0 2522 13 phononTS 0.000795314 -2.66272 2.33437 -0.0119697 334908 0.00034743 1 0.0672225 -0.235593 0.05 522903
0 2524 5 phononL 0.00158797 -3.9775 0.701235 0.0110692 196424 0.00069486 1 0.0355789 -0.296947 0.05 434285
0 2529 6 phononTS 0.000498789 1.82393 3.85338 0.0483666 65571.7 0.00034743 1 0.0813738 -0.154621 0.05 159068
0 2533 4 phononTF 0.00126225 3.85201 4.90198 0.00151517 80561.8 0.00034743 1 -0.0815915 -0.251404 0.05 553306
0 2537 5 phononTF 0.0010276 4.91565 -0.158162 -0.0113263 120774 0.00034743 1 0.0182151 -0.158097 0.05 210464
0 2538 2 phononTS 0.00122722 -4.25581 -3.18249 0.0126201 2163.74 0.00034743 1 -0.0995896 -0.184558 0.05 143076
0 2544 4 phononL 0.000900018 -0.868241 -4.62533 0.0335391 169249 0.00034743 1 0.0353265 -0.263661 0.05 440069
0 2547 6 phononTS 0.00110342 4.52707 4.69468 0.0301508 105760 0.00034743 1 0.0999685 -0.233066 0.05 115513
0 2550 2 phononL 0.00225292 -4.66434 -0.26895 -0.0034546 6866.01 0.00104229 1 0.066711 -0.230257 0.05 141689
0 2550 4 phononTF 0.000566019 0.066711 -0.230257 0.049999 141689 0.00034743 1 0.0561171 -0.153964 0.05 375418
0 2551 4 phononTS 0.00116911 -3.96222 0.983976 -0.0226049 69508.5 0.00034743 1 -0.03058 -0.236619 0.05 274685
0 2554 3 phononTF 0.00172806 -3.6272 -2.55666 -0.0350982 5399.79 0.00034743 1 0.0230858 -0.151618 0.05 51163.1
0 2555 4 phononL 0.000877782 -0.0264006 2.28502 0.028725 28729.9 0.00034743 1 -0.0294955 -0.0989961 0.05 70297.4
0 2555 7 phononTF 0.000432656 -0.0294955 -0.0989961 0.049999 70297.4 0.00034743 1 -0.062732 -0.270317 0.05 310097
0 2556 5 phononTS 0.00234211 -3.75412 -3.597 -0.00174545 6064.68 0.00034743 1 -0.0713286 -0.191188 0.05 16260.4
0 2557 9 phononL 0.000697006 0.742826 -4.66187 0.0451104 352495 0.00034743 1 0.02411 -0.251153 0.05 483248
0 2564 2 phononTS 0.00284369 -4.2675 -2.33885 -0.0237364 9025.13 0.00034743 1 -0.0333258 -0.0954871 0.05 92997.1
0 2566 3 phononTS 0.00145628 -3.77865 -2.23382 0.0120021 3172.65 0.00034743 1 0.0168483 -0.24152 0.05 37460.2
0 2566 8 phononTS 0.000444085 0.0168483 -0.24152 0.049999 37460.2 0.00034743 1 0.0603342 -0.248931 0.05 37713.9
0 2566 4 phononTS 0.000349825 0.0168483 -0.24152 0.049999 37460.2 0.00034743 1 0.120741 -0.201368 0.05 136762
0 2569 2 phononTS 0.00143696 -4.34463 -3.20261 0.00401263 3639.68 0.00034743 1 0.0276102 -0.201482 0.05 34739.9
0 2569 8 phononL 0.000636325 0.0276102 -0.201482 0.049999 34739.9 0.00034743 1 -0.0577039 -0.101696 0.05 46065.1
0 2571 4 phononTF 0.000793749 2.24482 -4.27832 -0.0398545 232313 0.00034743 1 -0.0703197 -0.220965 0.05 476602
0 2572 4 phononTF 0.00151474 -2.02728 -2.0794 -0.0481156 17778.1 0.00034743 1 0.0496073 -0.29826 0.05 175436
0 2573 2 phononTS 0.00150837 -4.7278 -2.36884 0.0412689 401.225 0.00034743 1 -0.0926344 -0.167681 0.05 35781.4
0 2574 3 phononTF 0.00162763 -3.94098 -3.56499 -0.0222833 2987.51 0.00034743 1 -0.017035 -0.220181 0.05 219549
0 2574 11 phononL 0.00171251 -2.60419 -3.41863 -0.00508688 11181.7 0.00069486 1 -0.0606128 -0.192443 0.05 119298
0 2575 6 phononL 0.00134091 -1.54381 -1.02332 -0.0392809 181063 0.00034743 1 -0.0624619 -0.197929 0.05 462387
0 2577 4 phononTF 0.00104756 2.79294 -0.885363 0.00581165 42309.9 0.00069486 1 0.0678245 -0.220038 0.05 156733
0 2577 12 phononTS 0.00076836 2.92066 1.73333 -0.0486376 268870 0.00034743 1 -0.0274985 -0.186527 0.05 560297
0 2578 5 phononTF 0.00164542 -4.25275 1.22997 -0.0176384 60682.7 0.00034743 1 -0.0492031 -0.281991 0.05 86523.6
0 2580 2 phononL 0.00125585 -4.65381 -2.70137 0.0401772 944.205 0.00034743 1 0.0324404 -0.214646 0.05 73565.7
0 2581 3 phononTF 0.0024003 -3.74205 -3.33028 -0.0247353 8839.54 0.00069486 1 0.0867415 -0.269262 0.05 25943.2
0 2581 4 phononL 0.000813111 0.0867415 -0.269262 0.049999 25943.2 0.00034743 1 -0.037496 -0.0974011 0.05 254210
0 2582 5 phononTS 0.00108478 -0.755493 0.927689 0.0190433 29297.7 0.00069486 1 0.0343576 -0.258998 0.05 383308
0 2585 4 phononTS 0.00100377 -3.2293 -2.71817 -0.0490119 3936.7 0.00034743 1 -0.0619352 -0.240124 0.05 644660
0 2586 3 phononTF 0.00212648 -4.63804 -4.0991 -0.00527027 3786.91 0.00034743 1 -0.0433252 -0.195642 0.05 211097
0 2586 2 phononL 0.00187352 -4.63804 -4.0991 -0.00527027 3786.91 0.00069486 1 -0.054769 -0.155024 0.05 12876.5
0 2590 2 phononTF 0.00154123 -3.96007 -3.27119 0.010633 10899.1 0.00069486 1 -0.0332865 -0.119175 0.05 648779
0 2591 3 phononTS 0.00105944 -3.42608 -4.30261 -0.018873 7098.77 0.00034743 1 0.0684536 -0.291451 0.05 36947.9
0 2593 4 phononTS 0.00137089 -4.15135 -3.51487 0.0111838 17875.8 0.00034743 1 0.0969224 -0.202886 0.05 219600
0 2593 12 phononTF 0.000659371 2.71343 0.220752 0.0360848 284135 0.00034743 1 -0.0685728 -0.286777 0.05 374835
0 2594 4 phononTF 0.00124604 2.1075 1.32438 0.0409565 242986 0.00069486 1 -0.0737857 -0.271829 0.05 489055
0 2597 3 phononTF 0.002089 -1.26469 -4.06066 -0.0179307 18703.4 0.00069486 1 0.0588213 -0.208154 0.05 82072.3
0 2601 5 phononTF 0.000824276 0.750321 1.28754 -0.0106228 72518.4 0.00034743 1 -0.0323317 -0.239389 0.05 194581
0 2604 5 phononTF 0.00171855 2.26576 -4.77703 -0.0198745 72062.9 0.00069486 1 -0.086426 -0.178188 0.05 88071.9
0 2617 5 phononTS 0.000831129 1.59659 3.40742 -0.0425578 207146 0.00034743 1 -0.0383349 -0.253509 0.05 225744
0 2617 6 phononTS 0.000476137 -0.0383349 -0.253509 0.049998 225744 0.00034743 1 0.100009 -0.187174 0.05 227328
0 2617 4 phononTS 0.00114774 1.59659 3.40742 -0.0425578 207146 0.00069486 1 0.0411539 -0.149074 0.05 542193
0 2618 3 phononTF 0.00249944 -4.87419 -1.68138 -0.0171743 4475.14 0.00034743 1 0.05232 -0.250679 0.05 24562.8
0 2618 5 phononL 0.00127878 0.05232 -0.250679 0.049999 24562.8 0.00069486 1 -0.0968767 -0.201834 0.05 24675.9
0 2618 2 phononTS 0.00150056 -4.87419 -1.68138 -0.0171743 4475.14 0.00034743 1 0.0676897 -0.190336 0.05 395380
0 2618 20 phononTF 0.000661492 0.0676897 -0.190336 0.049999 395380 0.00034743 1 -0.104545 -0.19517 0.05 395834
0 2619 3 phononTS 0.00196016 -4.90202 -2.31661 -0.0126279 3604.26 0.00034743 1 -0.0952385 -0.235391 0.05 98649.9
0 2619 4 phononTS 0.000635318 -0.0952385 -0.235391 0.049998 98649.9 0.00034743 1 -0.0168685 -0.19304 0.05 165878
0 2620 6 phononTS 0.000948098 -3.19766 2.77181 -0.00497896 101647 0.00034743 1 0.0804113 -0.283755 0.05 115338
0 2624 2 phononTS 0.00161942 -4.78047 -4.75267 0.0186061 27634.1 0.00069486 1 0.0603783 -0.290238 0.05 51142.9
0 2628 5 phononL 0.00123674 -1.74915 -1.30272 -0.00428884 254725 0.00034743 1 -0.0410683 -0.25473 0.05 259370
0 2635 3 phononTS 0.00220505 -4.86744 -1.30655 -0.0336112 7572.86 0.00069486 1 -0.0854171 -0.178334 0.05 34945.6
0 2636 7 phononTF 0.00153519 -1.51741 0.247331 0.0211334 24464.9 0.00069486 1 0.0443706 -0.247703 0.05 76883.6
0 2638 3 phononL 0.00147641 -3.81047 -3.99067 -0.0271594 6180.7 0.00034743 1 0.0599464 -0.157057 0.05 55664.8
0 2638 2 phononTF 0.00252359 -3.81047 -3.99067 -0.0271594 6180.7 0.00069486 1 -0.045573 -0.190026 0.05 46860.2
0 2644 7 phononL 0.000564312 2.945 1.42636 -0.0144316 37799 0.00034743 1 -0.051009 -0.267698 0.05 75922.2
0 2647 4 phononTF 0.00158202 0.59672 -1.74866 0.0249405 44980.1 0.00069486 1 0.0919763 -0.179216 0.05 162679
0 2652 3 phononTS 0.00238266 -2.45341 -3.36341 -0.00254959 5754.43 0.00034743 1 0.0881555 -0.168445 0.05 29737.7
0 2652 4 phononL 0.00117458 0.0881555 -0.168445 0.049998 29737.7 0.00069486 1 -0.0825056 -0.219629 0.05 47261.2
0 2656 2 phononTS 0.00171176 -3.17438 -2.99839 -0.0279604 10606.8 0.00034743 1 0.0930984 -0.171847 0.05 203609
0 2656 5 phononTS 0.000612146 0.0930984 -0.171847 0.049999 203609 0.00034743 1 0.0364251 -0.234496 0.05 203695
0 2658 3 phononTF 0.00215649 -4.48494 -2.79243 -0.00891087 14553.6 0.00069486 1 0.0970833 -0.19467 0.05 63383
0 2659 3 phononTS 0.0015118 -3.35422 -1.8913 0.00265046 3412.65 0.00069486 1 -0.0929782 -0.251041 0.05 195093
0 2661 5 phononTF 0.00144458 -2.18097 1.07174 -0.0410356 19156.1 0.00034743 1 -0.0319674 -0.287917 0.05 221725
0 2662 5 phononTF 0.000970947 1.89793 -0.846184 0.0210954 64572.8 0.00034743 1 0.0473202 -0.155902 0.05 266590
0 2668 5 phononTF 0.00123277 -3.40511 -4.63263 0.0281708 9479.33 0.00034743 1 -0.0465485 -0.296394 0.05 30348.1
0 2668 2 phononTS 0.00170561 -4.61224 -4.28815 -0.0488631 2833.61 0.00034743 1 0.0716992 -0.229835 0.05 27551.8
0 2668 14 phononTS 0.000510196 0.0716992 -0.229835 0.049999 27551.8 0.00034743 1 0.0569101 -0.11085 0.05 27810.9
0 2670 4 phononTS 0.00128434 -4.49124 2.32872 0.0492305 29580.9 0.00069486 1 0.0629731 -0.29482 0.05 298305
0 2671 5 phononL 0.00122841 -2.03931 -2.14313 0.0364037 75563.3 0.00069486 1 0.0466797 -0.19601 0.05 104510
0 2673 3 phononTS 0.00186745 -4.21177 -1.23362 0.0288142 14860.5 0.00069486 1 -0.0365165 -0.295288 0.05 216363
0 2673 4 phononTS 0.000511146 -0.0365165 -0.295288 0.049999 216363 0.00034743 1 -0.0639053 -0.182833 0.05 343653
0 2673 2 phononL 0.00213255 -4.21177 -1.23362 0.0288142 14860.5 0.00104229 1 -0.0528867 -0.164619 0.05 40753.8
0 2674 3 phononTF 0.00214811 -2.36173 -4.73305 -0.0418135 29900.2 0.00069486 1 -0.112837 -0.195676 0.05 246691
0 2679 3 phononTS 0.00177787 -4.66334 -2.87641 -0.0224309 1500.98 0.00069486 1 0.0679669 -0.229257 0.05 76468.9
0 2680 4 phononL 0.00127056 -0.726488 -1.67916 0.0499032 179421 0.00034743 1 -0.024744 -0.206557 0.05 272044
0 2681 5 phononTS 0.00128876 4.18016 -2.30103 -0.0297844 161617 0.00069486 1 0.0309809 -0.196899 0.05 196945
0 2681 4 phononTS 0.000946949 4.18016 -2.30103 -0.0297844 161617 0.00069486 1 -0.0455757 -0.2553 0.05 362640
0 2689 3 phononL 0.00142432 -4.62121 -3.15597 -0.0112441 3998.65 0.00034743 1 0.0919647 -0.230903 0.05 60416.2
0 2689 6 phononTF 0.000750203 0.0919647 -0.230903 0.049999 60416.2 0.00034743 1 0.0799168 -0.253923 0.05 60490.5
0 2689 16 phononTS 0.00205266 -2.00492 1.64378 0.0192661 49412 0.00069486 1 -0.0714876 -0.219295 0.05 168116
0 2689 22 phononTS 0.000617922 -0.0714876 -0.219295 0.049999 168116 0.00034743 1 -0.068034 -0.127073 0.05 189329
0 2690 3 phononTF 0.0013486 -3.1762 -3.97216 -0.0288116 10252.1 0.00034743 1 -0.0291086 -0.29568 0.05 105105
0 2694 7 phononTS 0.000350473 2.88228 -2.86411 0.00500282 1.08638e+06 0.00034743 1 0.0260153 -0.176844 0.05 1.77957e+06
0 2696 3 phononTS 0.00173641 -4.91834 -3.48935 -0.0220499 1881.54 0.00104229 1 0.0891731 -0.229084 0.05 33198.7
0 2700 7 phononTF 0.000673024 1.37758 1.33714 0.0149452 64531.5 0.00034743 1 0.051498 -0.287197 0.05 220160
0 2702 3 phononL 0.000822322 -1.52108 -4.00604 0.0259222 19239.5 0.00034743 1 0.0221341 -0.245512 0.05 96180.2
0 2703 4 phononTS 0.00122914 0.278284 3.16322 -0.0428435 30053.4 0.00069486 1 0.0875721 -0.135138 0.05 35829.7
0 2707 3 phononTS 0.00228544 -3.63909 -4.31219 -0.0259966 10888.9 0.00069486 1 -0.0718157 -0.159792 0.05 49418.2
0 2707 12 phononL 0.000389239 -0.0718157 -0.159792 0.049999 49418.2 0.00034743 1 -0.0910143 -0.126659 0.05 200225
0 2707 9 phononTS 0.000471133 -0.0718157 -0.159792 0.049999 49418.2 0.00034743 1 -0.0513676 -0.211104 0.05 81594.6
0 2710 5 phononTF 0.00179106 -3.90765 -2.95715 -0.00725374 234343 0.00104229 1 0.00757873 -0.198823 0.05 304742
0 2712 5 phononTS 0.00197094 -1.70626 -1.06509 -0.0423547 44058.3 0.00034743 1 -0.0881184 -0.220082 0.05 80569.9
0 2714 3 phononTF 0.00222138 -4.1676 -2.5898 0.0376991 3716.96 0.00069486 1 -0.0839119 -0.156828 0.05 133311
0 2714 7 phononTF 0.000576904 -0.0839119 -0.156828 0.049999 133311 0.00034743 1 -0.0420805 -0.246238 0.05 133379
0 2715 5 phononTS 0.000699263 3.01028 1.87549 -0.044649 196466 0.00034743 1 -0.0939664 -0.158491 0.05 343753
0 2716 2 phononTS 0.00171785 -3.59541 -3.22499 -0.0492334 6416.78 0.00034743 1 0.0325539 -0.134585 0.05 68676
0 2716 4 phononTF 0.00080895 0.0325539 -0.134585 0.049999 68676 0.00069486 1 -0.0844297 -0.120494 0.05 68982
0 2721 3 phononL 0.0026545 -2.62971 -3.98719 -0.0241482 18721.1 0.00104229 1 0.0869878 -0.181934 0.05 62659.3
0 2721 7 phononTS 0.000524033 0.0869878 -0.181934 0.049999 62659.3 0.00034743 1 0.0403338 -0.143657 0.05 62724.9
0 2726 3 phononTS 0.00141177 -3.56497 -2.38604 -0.000477902 26660.9 0.00034743 1 0.0551306 -0.11824 0.05 58043.6
0 2728 5 phononTF 0.00125977 -4.16175 -1.48549 -0.0442498 13243.5 0.00034743 1 -0.0493777 -0.253941 0.05 275623
0 2728 7 phononTS 0.000637151 -0.0493777 -0.253941 0.049999 275623 0.00034743 1 -0.105513 -0.206551 0.05 275692
0 2731 7 phononTF 0.00129567 -2.75538 3.14766 -0.0173761 86202.2 0.00034743 1 -0.0149346 -0.201703 0.05 92790.4
0 2731 6 phononTF 0.00090296 -2.75538 3.14766 -0.0173761 86202.2 0.00034743 1 -0.0204919 -0.191747 0.05 154588
0 2733 3 phononL 0.00121104 -3.9516 -3.11062 -0.0392199 5558.01 0.00034743 1 0.0754936 -0.135462 0.05 360801
0 2737 2 phononTS 0.00127301 -4.84302 -3.1844 0.0186897 2456.39 0.00034743 1 -0.0287303 -0.245905 0.05 69705.1
0 2740 3 phononTF 0.00237717 -4.34886 -1.78006 -0.0398805 1727.3 0.00034743 1 -0.013695 -0.198018 0.05 70523.9
0 2741 3 phononTF 0.00200311 -3.93541 -1.84635 -0.0403124 9590.64 0.00034743 1 0.086845 -0.193752 0.05 108803
0 2741 7 phononTS 0.000636832 0.086845 -0.193752 0.049998 108803 0.00034743 1 -0.0294281 -0.218788 0.05 157055
0 2742 6 phononTS 0.00132733 3.82423 -0.344906 0.0140888 140974 0.00034743 1 -0.0317962 -0.174371 0.05 221020
0 2743 4 phononTF 0.00142857 2.8936 4.00327 -0.0423345 45974.4 0.00034743 1 0.0576028 -0.136654 0.05 65580.1
0 2746 5 phononTS 0.00134551 -3.43635 4.38366 0.0179383 44635.4 0.00069486 1 0.0655614 -0.27656 0.05 126092
0 2746 4 phononL 0.0014035 -3.43635 4.38366 0.0179383 44635.4 0.00034743 1 0.0561681 -0.21517 0.05 129535
0 2747 3 phononTS 0.00242354 -4.73655 -2.80764 1.78707e-05 22.4374 0.00069486 1 -0.0627458 -0.130559 0.05 145468
0 2747 9 phononTF 0.000464079 -0.0627458 -0.130559 0.049999 145468 0.00034743 1 0.0232296 -0.226514 0.05 661679
0 2747 2 phononL 0.00157646 -4.73655 -2.80764 1.78707e-05 22.4374 0.00034743 1 0.0943804 -0.13788 0.05 577433
0 2747 18 phononTF 0.000722954 0.0943804 -0.13788 0.049999 577433 0.00034743 1 -0.0668848 -0.168562 0.05 577729
0 2750 5 phononTF 0.00131936 -2.72951 -3.56459 -0.0478838 57381.9 0.00034743 1 -0.0407748 -0.258476 0.05 93683.3
0 2750 4 phononL 0.000998429 -2.72951 -3.56459 -0.0478838 57381.9 0.00034743 1 -0.0981037 -0.149482 0.05 339197
0 2750 12 phononTF 0.000411299 -0.0981037 -0.149482 0.049999 339197 0.00034743 1 -0.0220743 -0.155324 0.05 874349
0 2752 5 phononTS 0.00139499 -3.88905 -2.22662 0.0265091 122827 0.00034743 1 0.074259 -0.25124 0.05 624168
0 2753 4 phononTF 0.000504497 -1.69694 4.92164 0.0447022 79521.1 0.00034743 1 0.0622853 -0.182013 0.05 555275
0 2762 3 phononTS 0.00144835 -4.63216 -2.29282 0.0352584 492.318 0.00069486 1 0.0724479 -0.283604 0.05 214340
0 2762 4 phononTF 0.000433665 0.0724479 -0.283604 0.049999 214340 0.00034743 1 -0.0236232 -0.231695 0.05 214495
0 2772 5 phononTS 0.00118982 -2.88422 -1.89658 -0.0097914 4861.72 0.00034743 1 -0.0897905 -0.127334 0.05 27523.4
0 2772 12 phononTS 0.000728096 -2.93726 -2.88486 -0.0233811 33290.4 0.00034743 1 0.0796396 -0.21304 0.05 35841
0 2775 5 phononL 0.00141822 4.46708 1.07092 -0.0244506 39781.4 0.00069486 1 0.0711851 -0.249125 0.05 423770
0 2776 3 phononTS 0.00204715 -4.17736 -2.17172 0.0483058 6153.66 0.00034743 1 -0.0645935 -0.232349 0.05 24489.9
0 2777 2 phononTS 0.00254582 -4.54275 -1.20705 -0.00459879 3263.02 0.00069486 1 0.0464663 -0.100886 0.05 94790.7
0 2778 3 phononTS 0.00203243 -3.56907 -0.768213 -0.0489115 14812.1 0.00104229 1 0.0964846 -0.172358 0.05 503196
0 2783 6 phononTS 0.000539048 -1.49651 -4.37334 -0.015736 245753 0.00034743 1 -0.0435683 -0.17569 0.05 637300
0 2784 3 phononL 0.0017381 -4.78358 -2.9511 0.0112155 5118.17 0.00069486 1 0.0545641 -0.258417 0.05 96645.4
0 2785 2 phononTS 0.00117553 -3.33692 -1.77363 -0.043855 4484.56 0.00034743 1 0.0981622 -0.197604 0.05 216130
0 2786 2 phononTF 0.00230924 -3.8591 -3.68088 0.0466658 11017.9 0.00104229 1 0.0112473 -0.193587 0.05 90924.8
0 2790 3 phononL 0.00238165 -4.74447 -1.62102 -0.04572 4691.04 0.00034743 1 -0.0327119 -0.272048 0.05 105763
0 2790 6 phononTF 0.000405196 -0.0327119 -0.272048 0.049999 105763 0.00034743 1 0.0467014 -0.169473 0.05 323381
0 2790 4 phononTF 0.000764086 -0.0327119 -0.272048 0.049999 105763 0.00034743 1 -0.0925738 -0.246879 0.05 111529
0 2791 5 phononTS 0.000809202 1.4219 2.13334 0.0180915 118764 0.00034743 1 -0.0356528 -0.182711 0.05 135167
0 2792 7 phononTF 0.000696881 -4.17334 -0.785623 0.0384328 731841 0.00034743 1 0.100105 -0.241296 0.05 869308
0 2795 4 phononTF 0.000706568 -4.60703 -2.98716 -0.0473599 7416.01 0.00034743 1 -0.0808647 -0.116938 0.05 114654
0 2797 4 phononTS 0.00124005 -1.71912 -1.55594 -0.0467365 8091.99 0.00069486 1 0.0780368 -0.266921 0.05 83231.9
0 2797 2 phononTS 0.0012292 -4.26297 -2.69675 0.0156183 1276.59 0.00034743 1 -0.0616939 -0.125412 0.05 198859
0 2800 3 phononL 0.00248936 -4.56743 -4.12107 0.0293778 4656.33 0.00034743 1 0.0581815 -0.219883 0.05 47131.2
0 2800 5 phononL 0.000661624 0.0581815 -0.219883 0.049999 47131.2 0.00034743 1 -0.012425 -0.188768 0.05 411975
0 2801 3 phononTS 0.00203415 -4.4333 -1.76997 -0.0153543 3190.7 0.00034743 1 -0.102144 -0.177535 0.05 188024
0 2801 5 phononTS 0.00110872 -0.102144 -0.177535 0.049999 188024 0.00069486 1 0.0202583 -0.210196 0.05 188444
0 2805 3 phononTS 0.00162059 -3.67709 -2.48209 0.0358989 8150.75 0.00034743 1 0.047392 -0.271544 0.05 142749
0 2809 2 phononTS 0.00117111 -4.98198 -2.87391 0.025989 1415.95 0.00034743 1 -0.0511022 -0.157528 0.05 96505.6
0 2811 6 phononTF 0.000764927 4.41876 -4.27786 -0.0112596 230858 0.00034743 1 0.0307645 -0.28715 0.05 337093
0 2811 2 phononTF 0.0011159 -4.99013 -3.12849 -0.0158732 2554.51 0.00069486 1 -0.0286021 -0.236598 0.05 33724.9
0 2812 2 phononL 0.00155778 -3.93912 -2.05527 -0.0169565 8722.69 0.00069486 1 0.0822758 -0.207531 0.05 132823
0 2812 6 phononTS 0.000415749 0.0822758 -0.207531 0.049999 132823 0.00034743 1 -0.0516782 -0.232331 0.05 480158
0 2813 3 phononTS 0.00151864 -4.98294 -3.06091 0.0334511 7554.91 0.00034743 1 -0.0415165 -0.275568 0.05 309703
0 2815 4 phononTF 0.00185557 -3.41352 3.83888 -0.0304679 41006.4 0.00069486 1 -0.0657441 -0.232248 0.05 76374.7
0 2823 2 phononTS 0.00204312 -2.30939 0.562528 -0.00925241 9014.99 0.00034743 1 0.0436548 -0.181683 0.05 34921.7
0 2826 5 phononL 0.00193308 3.94106 -3.60414 -0.0199408 64560.5 0.00069486 1 -0.078791 -0.165283 0.05 92893.6
0 2827 5 phononTS 0.00202131 -0.0485688 -3.82791 -0.00115661 30969.2 0.00069486 1 -0.0648212 -0.17667 0.05 55072.9
0 2828 4 phononL 0.000732471 1.72632 -2.63421 0.00223452 413746 0.00034743 1 -0.0437518 -0.292242 0.05 506103
0 2829 6 phononL 0.00132336 -1.73788 2.08274 0.00410073 27791.5 0.00034743 1 0.0379421 -0.1676 0.05 407372
0 2833 3 phononTF 0.00198733 -4.57499 -2.7437 0.0236714 54.8004 0.00069486 1 0.0687429 -0.166057 0.05 17679.4
0 2838 2 phononL 0.002524 -4.40832 -2.87003 -0.00589923 216.706 0.00034743 1 0.0337928 -0.303332 0.05 171145
0 2838 5 phononTS 0.00125398 0.0337928 -0.303332 0.049999 171145 0.00034743 1 0.0665977 -0.289753 0.05 171212
0 2838 12 phononTF 0.000812529 0.0665977 -0.289753 0.049999 171212 0.00034743 1 -0.0686102 -0.175354 0.05 548081
0 2838 4 phononTF 0.000405262 0.0337928 -0.303332 0.049999 171145 0.00034743 1 0.0793148 -0.252583 0.05 306597
0 2839 5 phononL 0.00164408 0.870942 -1.36044 -0.0198464 31502.5 0.00034743 1 0.0464292 -0.176148 0.05 79947.5
0 2841 5 phononL 0.00125847 -3.03876 -2.03599 0.0161983 31017.5 0.00034743 1 -0.063521 -0.264616 0.05 256638
0 2842 5 phononL 0.00148444 -4.86408 -0.360957 0.0112421 32356.6 0.00034743 1 0.0998791 -0.190282 0.05 359523
0 2842 2 phononTS 0.00112689 -4.68783 -2.86729 -0.0480025 44.8735 0.00034743 1 -0.091919 -0.162712 0.05 34070.4
0 2846 3 phononTS 0.0023002 -4.91932 -2.02452 0.00630871 6817.44 0.00034743 1 -0.0444047 -0.153 0.05 50039.7
0 2846 6 phononL 0.000378291 -0.0444047 -0.153 0.049999 50039.7 0.00034743 1 -0.0549295 -0.141304 0.05 106280
0 2846 4 phononTS 0.000451918 -0.0444047 -0.153 0.049999 50039.7 0.00034743 1 -0.0763141 -0.179336 0.05 50105.3
0 2849 3 phononL 0.0018825 -4.8752 -3.20158 -0.036773 2361.32 0.00069486 1 0.035697 -0.169741 0.05 78195.6
0 2849 8 phononTF 0.000542375 0.035697 -0.169741 0.049999 78195.6 0.00034743 1 -0.101729 -0.234521 0.05 171702
0 2849 21 phononTF 0.000683929 -2.3533 -3.79424 -0.0386492 758973 0.00034743 1 -0.0571386 -0.134724 0.05 790909
0 2850 3 phononTF 0.0017939 -3.26135 -2.39503 0.0150277 6624.17 0.00034743 1 -0.0786613 -0.177677 0.05 160511
0 2854 2 phononTF 0.00132907 -4.60925 -2.92099 0.00427507 833.095 0.00034743 1 0.0213432 -0.209238 0.05 217775
0 2860 4 phononTF 0.00118819 1.93124 -0.592178 0.00519901 102952 0.00069486 1 -0.0853425 -0.134412 0.05 524809
0 2860 2 phononTF 0.0020404 -4.67898 -2.85178 0.0243854 27.7093 0.00069486 1 -0.0305303 -0.145421 0.05 113317
0 2863 4 phononTF 0.00120377 2.46096 0.30167 -0.0196222 45030 0.00034743 1 -0.0592392 -0.121628 0.05 150399
0 2865 7 phononTS 0.000648346 3.20389 -3.1707 0.0339018 76534.2 0.00034743 1 -0.114776 -0.233488 0.05 249579
0 2867 5 phononTF 0.00152868 4.37465 0.0460416 -0.0287692 319815 0.00069486 1 -0.053059 -0.172594 0.05 372181
0 2869 3 phononL 0.0022488 -2.48266 -2.38889 0.0172222 7952.68 0.00069486 1 -0.0732242 -0.216863 0.05 110067
0 2870 2 phononTS 0.00104459 -4.77467 -3.08637 -0.0445519 3597.25 0.00034743 1 -0.0654011 -0.287502 0.05 374569
0 2872 5 phononTF 0.000868362 -3.13106 -1.12682 0.0107607 9731.4 0.00069486 1 -0.104522 -0.175816 0.05 97894.4
0 2872 4 phononTF 0.00113525 -3.13106 -1.12682 0.0107607 9731.4 0.00034743 1 0.0718509 -0.152423 0.05 40114.9
0 2877 6 phononTF 0.000975839 3.23093 -1.66931 -0.0427113 46388.7 0.00034743 1 -0.0778158 -0.150197 0.05 57560.3
0 2880 4 phononTS 0.00149891 -3.66563 -2.10581 -0.0329109 2873.3 0.00034743 1 0.0746473 -0.137198 0.05 503837
0 2880 13 phononTF 0.0005455 1.72056 -2.91218 0.0487958 26731.3 0.00034743 1 0.0929917 -0.17684 0.05 120105
0 2881 4 phononTS 0.000859992 3.52504 -2.44847 0.042007 72460.8 0.00034743 1 -0.0331252 -0.131876 0.05 262083
0 2892 3 phononTF 0.00227972 -4.57049 -3.1548 -0.0461582 5049.99 0.00104229 1 0.0663615 -0.189229 0.05 18080.9
0 2896 7 phononTS 0.00104365 -4.88693 -2.14792 0.0202599 6598.58 0.00034743 1 0.018898 -0.210019 0.05 73053.1
0 2896 15 phononTS 0.000667414 1.04437 1.70373 -0.0428978 57887.3 0.00034743 1 -0.0310443 -0.241425 0.05 261790
0 2898 3 phononTS 0.00203678 -3.55023 -1.34726 0.000135841 16652.8 0.00069486 1 0.0249505 -0.135899 0.05 73009.2
0 2901 4 phononTS 0.00107835 2.65213 -0.775862 -0.0364739 117577 0.00034743 1 0.0266511 -0.135371 0.05 218663
0 2924 2 phononTS 0.000655247 -0.643809 -4.55053 0.014955 10036.8 0.00034743 1 0.0661 -0.190925 0.05 243761
0 2926 3 phononL 0.00139421 -4.7777 -2.47147 -0.0104635 3309.84 0.00034743 1 -0.108403 -0.239209 0.05 62601.7
0 2926 5 phononTS 0.000615189 -0.108403 -0.239209 0.049999 62601.7 0.00034743 1 0.029553 -0.247237 0.05 62844.1
0 2926 15 phononL 0.00100276 1.35037 -1.38211 0.0209899 26191.8 0.00034743 1 0.0438668 -0.24353 0.05 362227
0 2927 4 phononTF 0.00116328 1.52755 0.461071 -0.0119301 125108 0.00034743 1 -0.0793255 -0.136089 0.05 236962
0 2927 7 phononTS 0.000693894 -0.0793255 -0.136089 0.049999 236962 0.00034743 1 -0.079455 -0.152863 0.05 237022
0 2928 2 phononTS 0.00110521 -2.8175 -3.03178 0.0057169 11942.1 0.00034743 1 -0.0489412 -0.291224 0.05 150512
0 2928 7 phononTF 0.000599995 -0.0489412 -0.291224 0.049999 150512 0.00034743 1 -0.0631611 -0.154917 0.05 476503
0 2933 4 phononTS 0.00127227 -2.5746 -1.53995 -0.0279242 410667 0.00034743 1 0.0342655 -0.276193 0.05 850197
0 2935 3 phononL 0.00159416 -2.31965 -2.62232 0.00188126 11973.2 0.00034743 1 -0.0665516 -0.153715 0.05 279788
0 2937 5 phononTF 0.00141602 -3.31239 -4.0541 0.0387953 22793.7 0.00034743 1 -0.0492511 -0.126248 0.05 116744
0 2938 9 phononTF 0.000634419 2.06353 4.47406 -0.0196376 803750 0.00034743 1 -0.103123 -0.212189 0.05 828708
0 2938 4 phononL 0.000357991 -4.59314 -0.3983 0.0127384 344087 0.00034743 1 -0.0914242 -0.174737 0.05 454954
0 2940 2 phononTF 0.0019003 -3.71143 -1.30163 0.0180652 8469.7 0.00069486 1 -0.033202 -0.297443 0.05 123995
0 2942 4 phononTF 0.00171862 -2.75534 -4.91729 0.001786 21206.9 0.00034743 1 -0.071829 -0.125861 0.05 150215
0 2946 5 phononL 0.000998183 -1.92637 2.56686 -0.0240712 97461.4 0.00069486 1 0.0430033 -0.107008 0.05 483704
0 2948 2 phononTS 0.00186582 -3.72368 -3.01856 0.0432323 9364.3 0.00034743 1 -0.0723921 -0.277767 0.05 144677
0 2948 6 phononTS 0.000412179 -0.0723921 -0.277767 0.049999 144677 0.00034743 1 0.0801506 -0.163157 0.05 205205
0 2949 2 phononTS 0.00125674 -3.51231 -2.70169 -0.00220681 4067.29 0.00034743 1 0.0296101 -0.10048 0.05 239737
0 2953 2 phononL 0.00232844 -4.63174 -1.72592 0.0492211 4726.05 0.00034743 1 -0.0540483 -0.269494 0.05 44267
0 2953 5 phononTF 0.000371699 -0.0540483 -0.269494 0.049999 44267 0.00034743 1 -0.066057 -0.269785 0.05 44328.1
0 2954 3 phononTS 0.000843949 -2.13707 0.0137823 0.049999 10517 0.00069486 1 -0.0725815 -0.118633 0.05 204077
0 2958 3 phononTF 0.00305918 -3.01214 -3.62805 -0.00682415 4799.97 0.00069486 1 -0.10577 -0.15309 0.05 81528.4
0 2962 5 phononTS 0.00146486 -0.0186864 -3.26076 0.0133646 22711.7 0.00034743 1 0.0748913 -0.242836 0.05 35625.2
0 2962 8 phononTF 0.000431116 0.0748913 -0.242836 0.049999 35625.2 0.00034743 1 -0.0387403 -0.166235 0.05 35703.2
0 2963 5 phononTS 0.000844619 -0.352478 -1.23577 -0.00163084 89222.3 0.00034743 1 0.0531916 -0.230172 0.05 810450
0 2966 6 phononTF 0.000529795 -3.89136 -0.53884 0.0437051 7122.9 0.00034743 1 0.0164365 -0.192624 0.05 30187
0 2968 2 phononTF 0.00172144 -4.22493 -3.20288 0.00551601 4126.06 0.00104229 1 0.0253433 -0.238558 0.05 46685.1
0 2973 3 phononTS 0.00158723 -4.87358 -2.13626 -0.0338635 873.328 0.00034743 1 0.0383288 -0.142453 0.05 16642.2
0 2973 4 phononTF 0.00114112 0.0383288 -0.142453 0.049999 16642.2 0.00069486 1 0.0167376 -0.194711 0.05 18602.1
0 2975 3 phononTF 0.00110701 -4.70064 -1.84077 0.0329639 1808.67 0.00069486 1 0.0453535 -0.261182 0.05 178373
0 2980 3 phononTF 0.00239705 -4.4181 -2.94341 -0.0296834 5984.01 0.00104229 1 0.086652 -0.277505 0.05 151804
0 2980 2 phononTS 0.00160295 -4.4181 -2.94341 -0.0296834 5984.01 0.00034743 1 0.085917 -0.217195 0.05 295778
0 2980 18 phononTF 0.000895285 0.085917 -0.217195 0.049999 295778 0.00034743 1 0.0297773 -0.121353 0.05 296154
0 2981 3 phononTF 0.00234922 -4.48147 -1.83852 0.000508802 8945.97 0.00069486 1 0.0369397 -0.28195 0.05 181563
0 2981 6 phononTF 0.00046203 0.0369397 -0.28195 0.049999 181563 0.00034743 1 -0.0719601 -0.226147 0.05 181637
0 2983 5 phononTS 0.0013571 -2.32732 -3.2568 -0.0274035 35748.5 0.00034743 1 -0.0297183 -0.177828 0.05 368710
0 2983 4 phononTF 0.00110925 -2.32732 -3.2568 -0.0274035 35748.5 0.00034743 1 -0.0619792 -0.139766 0.05 267226
0 2985 3 phononTF 0.00185656 -3.319 -4.35876 -0.0194564 16761.8 0.00034743 1 -0.0479572 -0.259107 0.05 172640
0 2986 7 phononTS 0.00139795 -2.87834 -3.14799 -0.0035871 65424.5 0.00069486 1 -0.070321 -0.213941 0.05 70125.2
0 2986 6 phononTF 0.000691512 -2.87834 -3.14799 -0.0035871 65424.5 0.00034743 1 -0.0401689 -0.286642 0.05 133499
0 2987 2 phononTF 0.00225895 -4.65822 -3.27641 -0.00414268 5217.97 0.00034743 1 -0.0941867 -0.142547 0.05 134398
0 2993 9 phononTS 0.000727238 3.68077 -3.1878 -0.0421603 521049 0.00034743 1 -0.102049 -0.196353 0.05 623823
0 2995 3 phononTS 0.00102076 -4.81993 -2.62257 -0.00691357 350.988 0.00034743 1 0.105941 -0.209478 0.05 108658
0 3001 3 phononTS 0.00126321 -4.8233 -2.66643 0.0267954 4090.72 0.00034743 1 0.0770555 -0.25153 0.05 170956
0 3007 5 phononTS 0.00153243 -1.59362 -2.48437 0.0315391 16808.8 0.00034743 1 0.0434965 -0.120733 0.05 76038.3
0 3009 7 phononL 0.000686362 2.45903 0.595943 0.0306815 611122 0.00034743 1 -0.0561822 -0.294001 0.05 628687
0 3011 2 phononTS 0.00233593 -4.96125 -2.43485 0.0207721 5887.62 0.00069486 1 -0.0844892 -0.264344 0.05 58605.1
0 3011 10 phononTS 0.000947419 -0.0844892 -0.264344 0.049999 58605.1 0.00034743 1 -0.0326141 -0.174557 0.05 58760.3
0 3011 14 phononTS 0.000409042 -0.0326141 -0.174557 0.049999 58760.3 0.00034743 1 0.0957243 -0.25217 0.05 58849.5
0 3022 3 phononTS 0.00144726 -3.71978 -3.3636 -0.0375959 5559.03 0.00034743 1 0.0618386 -0.110713 0.05 54851.4
0 3025 2 phononTS 0.00134615 -4.23226 -2.64206 -0.0293959 2102.32 0.00034743 1 0.0824003 -0.232021 0.05 117262
0 3029 3 phononTS 0.00203131 -2.05385 -1.14187 -0.0450704 9051.69 0.00069486 1 -0.0468671 -0.202305 0.05 115684
0 3040 2 phononTF 0.00235811 -4.94553 -4.63504 0.0231285 12307.7 0.00034743 1 -0.0271533 -0.23373 0.05 47942.3
0 3040 8 phononTS 0.000522676 -0.0271533 -0.23373 0.049999 47942.3 0.00034743 1 -0.0530812 -0.266156 0.05 48006.8
0 3040 5 phononTF 0.000985164 -0.0271533 -0.23373 0.049999 47942.3 0.00034743 1 -0.0224843 -0.209289 0.05 48002.8
0 3042 2 phononTS 0.00175866 -4.52661 -3.85693 0.0413951 1185.2 0.00069486 1 0.0365014 -0.158867 0.05 126201
0 3050 3 phononTF 0.00200676 -4.16298 -2.68075 0.0102273 597.781 0.00034743 1 -0.0560578 -0.242104 0.05 47921.3
0 3050 11 phononL 0.000851057 0.372404 -1.41728 -0.0334693 171640 0.00034743 1 -0.0505216 -0.135322 0.05 1.25697e+06
0 3050 10 phononTF 0.000353613 0.372404 -1.41728 -0.0334693 171640 0.00034743 1 -0.0592829 -0.17004 0.05 476083
0 3054 5 phononTF 0.00165673 1.45569 -3.77086 0.00556508 81305.2 0.00034743 1 0.0484525 -0.211574 0.05 188704
0 3054 2 phononTS 0.00187992 -4.55159 -3.83592 -0.0151711 6634.56 0.00034743 1 -0.0325075 -0.208525 0.05 26140.6
0 3054 18 phononTS 0.000737515 -2.60174 0.130747 -0.0136778 157443 0.00034743 1 0.08324 -0.274374 0.05 733847
0 3055 6 phononTF 0.000710403 -4.60768 -4.84701 -0.00486355 15529.9 0.00034743 1 0.0706892 -0.116191 0.05 435598
0 3057 3 phononTS 0.00222652 -4.18224 -3.54414 0.0432569 1361.08 0.00034743 1 -0.0249307 -0.157554 0.05 42266.5
0 3058 5 phononL 0.000720139 4.70614 1.7133 0.0158297 126562 0.00034743 1 0.0822732 -0.135622 0.05 262955
0 3058 4 phononTS 0.0015471 4.70614 1.7133 0.0158297 126562 0.00069486 1 -0.0688692 -0.138089 0.05 407696
0 3063 5 phononL 0.00102261 -4.70226 -1.26655 -0.0177389 22454.5 0.00034743 1 0.067675 -0.218927 0.05 70247.8
0 3063 14 phononTS 0.000917938 -3.43422 0.641954 0.0392594 369357 0.00069486 1 0.0860215 -0.129627 0.05 479742
0 3065 2 phononTS 0.00153819 -4.80442 -2.77829 0.00519286 4604.03 0.00034743 1 -0.0321014 -0.288683 0.05 43733.2
0 3070 5 phononTS 0.00134025 -2.76425 -3.41881 -0.0133455 82561.9 0.00034743 1 0.0268131 -0.264885 0.05 207969
0 3070 7 phononTS 0.000928135 0.0268131 -0.264885 0.049999 207969 0.00034743 1 -0.0179262 -0.242648 0.05 208035
0 3075 3 phononL 0.00200079 -4.48759 -2.53769 -0.046078 14449.5 0.00069486 1 -0.0826844 -0.233887 0.05 132163
0 3077 5 phononTS 0.00179724 -3.25874 -1.76169 0.0380858 12959.7 0.00034743 1 -0.0349354 -0.283017 0.05 73449.4
0 3078 7 phononTS 0.00146494 2.49881 4.89948 0.000830325 128769 0.00034743 1 0.0467206 -0.191636 0.05 1.04075e+06
0 3078 8 phononTF 0.00066456 0.0467206 -0.191636 0.049999 1.04075e+06 0.00034743 1 -0.0426877 -0.227727 0.05 1.04082e+06
0 3080 3 phononTF 0.00183108 -3.23506 -3.84707 -0.0253803 5570.56 0.00069486 1 0.0843439 -0.272298 0.05 327242
0 3083 7 phononTS 0.00156033 -4.81475 -3.11046 0.0355836 80138.2 0.00034743 1 -0.0727898 -0.21408 0.05 562021
0 3084 5 phononTS 0.00112431 1.59709 2.81919 -0.0330611 118673 0.00034743 1 0.0428541 -0.291903 0.05 210283
0 3088 2 phononTF 0.00214972 -4.9072 -3.33065 0.0047614 2668.67 0.00034743 1 -0.040917 -0.277142 0.05 22664.7
0 3094 3 phononTS 0.00174287 -4.93949 -2.68796 0.00451343 1107.92 0.00069486 1 0.0875328 -0.194402 0.05 18343
0 3094 7 phononL 0.000351217 0.0875328 -0.194402 0.049999 18343 0.00034743 1 0.0816754 -0.257682 0.05 53600.4
0 3098 3 phononTF 0.00203377 -4.68129 -3.52766 0.00622025 9274.16 0.00069486 1 0.0437613 -0.112295 0.05 14322.7
0 3100 3 phononL 0.00241324 -4.91916 -1.11811 -0.0163234 5401.36 0.00034743 1 -0.0386354 -0.226987 0.05 81438.3
0 3100 4 phononL 0.00120776 -0.0386354 -0.226987 0.049999 81438.3 0.00034743 1 -0.068131 -0.169721 0.05 111867
0 3107 6 phononL 0.00105489 -3.25499 0.399066 -0.0138504 119865 0.00034743 1 0.0342812 -0.21387 0.05 279605
0 3110 5 phononTS 0.000354447 -3.65295 0.0284494 0.049999 6325.94 0.00034743 1 0.0857444 -0.148561 0.05 37016.9
0 3111 2 phononTS 0.00151639 -4.88655 -1.75319 0.0249954 2004.89 0.00034743 1 -0.0509983 -0.25566 0.05 223635
0 3113 2 phononL 0.000961682 -4.77626 -2.57858 0.0311982 124.417 0.00034743 1 0.0711723 -0.222635 0.05 147502
0 3114 2 phononTS 0.00245691 -4.54935 -3.1094 -0.0460634 9451.65 0.00069486 1 -0.104343 -0.221578 0.05 86895
0 3114 13 phononL 0.000520901 -0.750714 -3.54894 0.00103239 245747 0.00034743 1 0.0354903 -0.279327 0.05 650660
0 3116 3 phononTF 0.00223852 -3.8176 -4.15493 -0.0327647 9564.56 0.00034743 1 -0.0382964 -0.126835 0.05 126120
0 3116 4 phononL 0.001046 -0.0382964 -0.126835 0.049999 126120 0.00034743 1 0.0526093 -0.221328 0.05 271913
0 3118 2 phononTF 0.000830988 -4.87333 -2.50662 0.00389291 1736.42 0.00034743 1 -0.0202182 -0.17435 0.05 60543.8
0 3119 5 phononTS 0.00114043 -2.59923 -3.6139 -0.0106922 12041.2 0.00069486 1 -0.072955 -0.193817 0.05 393843
0 3119 4 phononTS 0.00150692 -2.59923 -3.6139 -0.0106922 12041.2 0.00034743 1 0.0277603 -0.131134 0.05 264274
0 3126 4 phononTF 0.00100094 -2.0123 2.02868 -0.00929037 113520 0.00034743 1 0.0998447 -0.152521 0.05 554093
0 3130 3 phononTS 0.00142045 -3.45036 -2.39601 -0.0104297 25321.1 0.00034743 1 0.102032 -0.246722 0.05 70296.1
0 3130 5 phononTS 0.000646532 0.102032 -0.246722 0.049999 70296.1 0.00034743 1 0.0658623 -0.286955 0.05 70362.4
0 3132 7 phononL 0.00112078 -3.16029 -1.87875 -0.033947 287928 0.00069486 1 0.0373471 -0.184042 0.05 442165
0 3132 6 phononTS 0.000645927 -3.16029 -1.87875 -0.033947 287928 0.00034743 1 -0.0701253 -0.256118 0.05 488804
0 3132 4 phononTF 0.00111874 2.65979 -4.50755 -0.0450026 91042.2 0.00069486 1 -0.0471163 -0.113308 0.05 464073
0 3135 4 phononTF 0.00152875 -4.09307 2.71847 -0.00722132 128519 0.00069486 1 -0.0737232 -0.165743 0.05 552121
0 3135 10 phononTF 0.000648865 -0.0737232 -0.165743 0.049999 552121 0.00034743 1 -0.068906 -0.164179 0.05 552286
0 3136 3 phononTF 0.00165498 -2.09362 -2.47821 -0.00533953 8478.27 0.00034743 1 0.0165826 -0.233961 0.05 11100
0 3136 7 phononTF 0.00052863 0.0165826 -0.233961 0.049999 11100 0.00034743 1 0.0265929 -0.273233 0.05 11159
0 3138 5 phononTF 0.00139322 -3.39266 1.81347 0.0227831 127882 0.00069486 1 -0.0535013 -0.240696 0.05 156337
0 3138 2 phononTS 0.00178172 -4.51478 -2.29262 0.0454689 6956.11 0.00034743 1 -0.015724 -0.163399 0.05 20418.8
0 3138 17 phononTF 0.00045685 -0.015724 -0.163399 0.049999 20418.8 0.00034743 1 -0.0419482 -0.187408 0.05 20482.7
0 3141 3 phononL 0.00182665 -3.97332 -2.16651 0.0412383 10371.2 0.00104229 1 -0.100198 -0.202339 0.05 340229
0 3142 3 phononL 0.000676656 -3.98214 0.0658417 0.049998 7568.92 0.00034743 1 -0.0609057 -0.260058 0.05 24993.4
0 3144 10 phononTF 0.000440236 -4.01393 3.91196 -0.00760035 299125 0.00034743 1 0.0491034 -0.247071 0.05 332826
0 3144 2 phononTF 0.00140606 -4.66142 -2.79559 0.0151562 36.4952 0.00034743 1 -0.0562495 -0.233757 0.05 383526
0 3148 3 phononTF 0.00234925 -4.91153 -2.9304 0.00720052 1615.01 0.00069486 1 -0.0888422 -0.217445 0.05 26438.7
0 3148 5 phononTF 0.000711566 -0.0888422 -0.217445 0.049999 26438.7 0.00034743 1 0.0188854 -0.195847 0.05 26515.4
0 3148 2 phononTS 0.00165075 -4.91153 -2.9304 0.00720052 1615.01 0.00104229 1 -0.104528 -0.248629 0.05 32201.1
0 3151 9 phononTS 0.000486354 -2.48618 -3.94414 -0.0172772 501389 0.00034743 1 -0.0121297 -0.204202 0.05 840607
0 3152 4 phononTS 0.00139863 -0.676386 -1.08013 -0.0317607 183943 0.00069486 1 0.0432209 -0.271573 0.05 499049
0 3152 2 phononTF 0.0015609 -3.68195 -2.68984 0.0439432 19280.8 0.00069486 1 -0.011524 -0.213425 0.05 38064.2
0 3155 4 phononL 0.00175239 0.373707 0.108962 0.0177068 35806.9 0.00069486 1 -0.0855191 -0.17696 0.05 54852.7
0 3159 3 phononTF 0.00154552 -4.45039 -3.33054 0.0493893 2186.34 0.00034743 1 0.047525 -0.160897 0.05 11338.9
0 3159 5 phononTS 0.00053375 0.047525 -0.160897 0.049999 11338.9 0.00034743 1 0.0876724 -0.157501 0.05 11707.6
0 3161 4 phononTS 0.00169465 -3.21101 -2.5853 0.0459104 57195.8 0.00069486 1 -0.0438082 -0.217363 0.05 455990
0 3167 5 phononTF 0.0010573 2.43495 4.36413 0.0266378 85079.7 0.00034743 1 0.0384155 -0.299137 0.05 103801
0 3172 3 phononTF 0.00207999 -4.95578 -1.23013 0.0109602 7000.61 0.00034743 1 0.0726757 -0.248135 0.05 243545
0 3172 6 phononTS 0.00154149 0.0726757 -0.248135 0.049999 243545 0.00034743 1 0.0367629 -0.256858 0.05 243610
0 3172 10 phononTS 0.000786909 0.0367629 -0.256858 0.049999 243610 0.00034743 1 -0.0811292 -0.129862 0.05 375288
0 3172 2 phononTF 0.00192001 -4.95578 -1.23013 0.0109602 7000.61 0.00069486 1 0.104039 -0.224804 0.05 207360
0 3174 5 phononTS 0.00116383 -2.77076 -3.69908 -0.0282747 10138.2 0.00034743 1 -0.0743178 -0.202251 0.05 625611
0 3175 3 phononTF 0.00227767 -4.83687 -2.62618 0.0255696 15691.9 0.00069486 1 0.0890676 -0.208376 0.05 58039.4
0 3184 3 phononL 0.00134676 -4.16957 -2.77011 0.0451561 3182.23 0.00034743 1 0.0505801 -0.207494 0.05 58648.3
0 3184 5 phononTS 0.00038137 0.0505801 -0.207494 0.049999 58648.3 0.00034743 1 -0.112472 -0.166559 0.05 58743.8
0 3188 4 phononTS 0.00087086 -1.82302 -2.05319 -0.0057435 17189.8 0.00034743 1 0.112242 -0.187374 0.05 77436.2
0 3190 2 phononTS 0.00216958 -3.48844 -0.830788 0.0378306 11221.2 0.00104229 1 0.104231 -0.229803 0.05 350936
0 3194 4 phononTS 0.00149229 -0.843373 -4.43834 0.0375045 56408.7 0.00034743 1 -0.103991 -0.156942 0.05 850822
0 3194 6 phononTS 0.000893081 -0.103991 -0.156942 0.049999 850822 0.00034743 1 -0.0902715 -0.232527 0.05 850895
0 3194 2 phononTS 0.00112799 -4.60055 -3.36089 -0.0414373 3190.72 0.00069486 1 0.0330741 -0.209273 0.05 436592
0 3196 4 phononTF 0.00158371 -4.45471 3.22334 0.0280952 142270 0.00069486 1 -0.0706344 -0.121759 0.05 522256
0 3207 4 phononL 0.000525477 -3.32699 2.82925 -0.0422333 63509.4 0.00034743 1 0.0663284 -0.262708 0.05 229996
0 3209 2 phononTS 0.00147919 -3.74444 -2.3648 -0.0465069 2346.01 0.00069486 1 -0.0928475 -0.190787 0.05 48037.7
0 3213 3 phononTS 0.00198207 -4.51643 -2.16806 -0.006633 791.543 0.00069486 1 0.0375625 -0.126891 0.05 196675
0 3214 2 phononTS 0.00197161 -4.56369 -1.79963 0.045529 2296.56 0.00069486 1 -0.0738577 -0.226179 0.05 248235
0 3216 3 phononTS 0.00173697 -4.05489 0.0898891 0.0461322 6986.29 0.00034743 1 -0.0409216 -0.155579 0.05 83591.4
0 3219 3 phononTS 0.000736657 -4.22202 0.0932931 0.049999 9352.03 0.00034743 1 0.0677368 -0.211193 0.05 30883.6
0 3221 2 phononTS 0.00263348 -2.25795 -3.80336 0.0048071 3520.11 0.00069486 1 -0.0535301 -0.244064 0.05 15911.3
0 3228 3 phononTS 0.00171682 -4.29214 -2.7564 0.00378862 6383.25 0.00034743 1 -0.0348374 -0.238309 0.05 29314.8
0 3228 5 phononTS 0.00124463 -0.0348374 -0.238309 0.049999 29314.8 0.00034743 1 -0.0477888 -0.273964 0.05 29380.3
0 3229 2 phononTF 0.00276901 -4.83881 -2.91099 0.0265897 1111.94 0.00069486 1 -0.0386936 -0.256444 0.05 13576
0 3230 3 phononTF 0.00162956 -4.78291 -3.68603 0.0212778 23101.9 0.00034743 1 0.0420288 -0.260589 0.05 33023.8
0 3231 2 phononTF 0.00098934 -4.34296 -2.19227 0.038711 5732.91 0.00034743 1 -0.0629362 -0.215587 0.05 77967
0 3233 6 phononTS 0.00103919 -1.63734 2.02963 -0.0287295 33452 0.00034743 1 -0.116694 -0.199904 0.05 115380
0 3235 2 phononTS 0.00218257 -4.06797 -3.20741 0.0385664 2944.06 0.00034743 1 0.0678463 -0.189119 0.05 243313
0 3245 2 phononTF 0.00189875 -4.39266 -3.1285 -0.0352264 6886.53 0.00104229 1 -0.0744156 -0.205714 0.05 142639
0 3246 8 phononTF 0.000746658 4.41892 -2.25234 0.00670087 134807 0.00034743 1 -0.0547217 -0.239484 0.05 335203
0 3253 5 phononTF 0.00178979 -4.94521 -1.87102 0.00762298 28461.5 0.00034743 1 0.0335006 -0.186165 0.05 47573.4
0 3256 5 phononTF 0.00201044 -4.64958 -1.00717 -0.00800177 22134.9 0.00034743 1 -0.0758738 -0.204407 0.05 158617
0 3256 8 phononTF 0.000698224 -0.0758738 -0.204407 0.049999 158617 0.00034743 1 0.0745745 -0.182734 0.05 263614
0 3256 4 phononL 0.000749535 -4.64958 -1.00717 -0.00800177 22134.9 0.00034743 1 -0.0742176 -0.207284 0.05 186036
0 3261 7 phononTS 0.00123122 0.83598 -1.2802 -0.0490803 33369.4 0.00069486 1 -0.0914134 -0.159286 0.05 154710
0 3274 3 phononTF 0.00205389 -1.53465 -2.55392 -0.0391999 14939.1 0.00034743 1 0.0590608 -0.281967 0.05 107912
0 3277 2 phononTS 0.00191338 -4.70279 -2.27128 0.00882439 3743.02 0.00034743 1 0.023604 -0.197041 0.05 37176.4
0 3277 9 phononTF 0.000665898 0.023604 -0.197041 0.049999 37176.4 0.00034743 1 0.0940765 -0.239108 0.05 37338.5
0 3280 3 phononL 0.00227289 -4.38293 -3.51658 -0.0338601 8698.91 0.00104229 1 -0.0695875 -0.238746 0.05 34724.6
0 3287 3 phononL 0.00164539 -4.46826 -1.3101 -0.00359706 11753.7 0.00069486 1 0.0640232 -0.109775 0.05 72335.3
0 3288 2 phononTF 0.0018017 -3.57573 -4.32189 -0.000480831 15394.2 0.00069486 1 0.0170117 -0.201965 0.05 77355.9
0 3289 5 phononTS 0.00114284 1.66827 -2.02426 -0.0437824 85807.3 0.00034743 1 0.0873141 -0.192611 0.05 195095
0 3289 4 phononTF 0.000568221 1.66827 -2.02426 -0.0437824 85807.3 0.00034743 1 -0.045326 -0.138761 0.05 822789
0 3289 2 phononTF 0.00228894 -3.75083 -2.52127 0.000175824 3789.61 0.00034743 1 -0.011844 -0.204765 0.05 82173.4
0 3292 4 phononTS 0.00062433 -3.4232 -2.19505 -0.0322675 5130.46 0.00034743 1 -0.043245 -0.123786 0.05 17566.5
0 3293 4 phononL 0.00165418 4.69334 -0.0930209 0.0426471 27950.7 0.00104229 1 -0.0519118 -0.232919 0.05 44838.1
0 3293 6 phononL 0.000542625 -0.0519118 -0.232919 0.049999 44838.1 0.00034743 1 -0.109965 -0.159563 0.05 45521.8
0 3293 2 phononTF 0.00157688 -4.08605 -1.15167 -0.0180345 10977.8 0.00034743 1 -0.0593608 -0.286591 0.05 20617.5
0 3295 5 phononTF 0.000832561 1.47158 1.61185 0.0271583 59870.1 0.00034743 1 0.0605603 -0.202262 0.05 259206
0 3305 4 phononTS 0.00059605 0.91917 2.96385 -0.0405552 333564 0.00034743 1 -0.071889 -0.162152 0.05 722508
0 3306 5 phononTS 0.00182796 -4.40715 -3.04617 -0.0339149 2273.56 0.00034743 1 -0.0732024 -0.112118 0.05 129099
0 3306 6 phononTS 0.000842453 -0.0732024 -0.112118 0.049999 129099 0.00034743 1 -0.100531 -0.204164 0.05 129260
0 3307 3 phononTS 0.00125901 -4.98381 -2.51183 -0.00136512 554.366 0.00034743 1 -0.0807654 -0.147532 0.05 10927
0 3309 4 phononTF 0.00160051 -2.1044 0.263778 -0.0377567 69649.1 0.00034743 1 -0.0648298 -0.120194 0.05 232128
0 3310 5 phononTF 0.00106101 -4.79628 2.72888 0.00909809 54781.5 0.00034743 1 -0.0768747 -0.245129 0.05 274657
0 3310 4 phononTS 0.00114631 -4.79628 2.72888 0.00909809 54781.5 0.00034743 1 -0.0291241 -0.148291 0.05 302704
0 3310 12 phononTF 0.000549306 -0.0291241 -0.148291 0.049999 302704 0.00034743 1 -0.0766842 -0.283278 0.05 342048
0 3311 2 phononTF 0.0022797 -4.81846 -2.29596 -0.0156408 189.477 0.00034743 1 -0.045398 -0.274406 0.05 85700.2
0 3312 4 phononTF 0.00109935 -4.14014 1.19726 -0.0426582 41067.1 0.00034743 1 -0.0483061 -0.150819 0.05 624114
0 3315 4 phononTS 0.00128471 2.49863 -1.2201 -0.00465191 36392 0.00034743 1 -0.0669045 -0.166722 0.05 50914.7
0 3316 3 phononTF 0.00302867 -4.80075 -2.7991 -0.000420925 26.3653 0.00034743 1 -0.118486 -0.183265 0.05 15552.5
0 3318 5 phononTS 0.000816093 1.10188 -4.79926 -0.0068033 108734 0.00034743 1 0.0823796 -0.135418 0.05 251527
0 3318 4 phononTS 0.00144808 1.10188 -4.79926 -0.0068033 108734 0.00034743 1 0.079103 -0.144246 0.05 152499
0 3318 13 phononL 0.000351036 0.079103 -0.144246 0.049999 152499 0.00034743 1 0.0264537 -0.202714 0.05 152550
0 3318 12 phononTF 0.000645186 0.079103 -0.144246 0.049999 152499 0.00034743 1 0.0334901 -0.162899 0.05 152563
0 3323 3 phononTF 0.00156236 -4.64049 -2.72115 -0.00304565 533.254 0.00069486 1 0.0413704 -0.250565 0.05 39553.4
0 3327 2 phononTS 0.00283724 -4.49183 -3.72437 0.019716 5866.05 0.00034743 1 -0.0230988 -0.268485 0.05 135066
0 3327 4 phononTS 0.0018056 -0.0230988 -0.268485 0.049999 135066 0.00034743 1 -0.0810263 -0.237644 0.05 135135
0 3328 5 phononL 0.00182751 -3.87455 -3.3895 0.00423471 23885.5 0.00034743 1 0.0476539 -0.116604 0.05 172297
0 3329 7 phononTS 0.000379736 3.74891 -0.418607 0.0395732 34011.8 0.00034743 1 0.0218102 -0.249036 0.05 113027
0 3332 7 phononL 0.00154684 0.921627 -2.91445 0.0473072 60291.9 0.00034743 1 0.0952641 -0.200421 0.05 89392.2
0 3332 9 phononTF 0.000477434 0.0952641 -0.200421 0.049999 89392.2 0.00034743 1 -0.0240766 -0.279539 0.05 150907
0 3336 5 phononTS 0.0011286 4.99641 1.84779 0.0374008 107762 0.00069486 1 0.0285914 -0.286936 0.05 124953
0 3336 4 phononTF 0.00112063 4.99641 1.84779 0.0374008 107762 0.00034743 1 0.0547571 -0.268249 0.05 554341
0 3339 2 phononL 0.00116725 -4.95741 -2.56917 -0.0471834 1118.04 0.00069486 1 0.0827273 -0.279354 0.05 30768.9
0 3341 6 phononTS 0.000785214 -1.25439 -0.0280047 -0.0494227 90140 0.00034743 1 -0.109398 -0.187525 0.05 446283
0 3343 2 phononTF 0.00111778 -3.84947 -1.82023 -0.0159252 4355.36 0.00069486 1 0.0867436 -0.148322 0.05 24207.7
0 3344 6 phononL 0.00136397 0.601882 -3.6024 -0.0309772 149099 0.00069486 1 -0.0500464 -0.110036 0.05 524862
0 3344 11 phononTS 0.000453531 -0.0500464 -0.110036 0.049999 524862 0.00034743 1 -0.0979477 -0.242429 0.05 524951
0 3346 6 phononTF 0.000902348 -3.56992 -1.07359 0.00477616 250754 0.00034743 1 -0.117168 -0.217997 0.05 322508
0 3348 2 phononTS 0.00172077 -4.56716 -0.904205 0.0122228 10343.4 0.00069486 1 -0.087518 -0.220963 0.05 47754.5
0 3353 4 phononTS 0.00123964 4.99482 -0.173284 0.0311204 54703.2 0.00069486 1 0.0327955 -0.259451 0.05 67570.5
0 3354 5 phononTS 0.00118906 -1.33149 1.44413 0.0140957 29839.7 0.00034743 1 -0.0976904 -0.204473 0.05 91325.4
0 3355 4 phononTS 0.00181615 -3.73968 -3.1177 0.0120497 9520.44 0.00034743 1 -0.0663403 -0.237148 0.05 112020
0 3358 4 phononTS 0.000916972 -3.51207 -2.90555 -0.0331256 85343.8 0.00069486 1 0.0592605 -0.20649 0.05 313307
0 3361 6 phononTS 0.00165833 -4.85735 -4.48598 0.0268645 40189.9 0.00034743 1 -0.0504769 -0.13665 0.05 67361.9
0 3361 8 phononTF 0.000495375 -0.0504769 -0.13665 0.049999 67361.9 0.00034743 1 0.0404764 -0.13413 0.05 292183
0 3363 3 phononTF 0.0016633 -2.83074 -1.06242 0.0431859 6903.43 0.00069486 1 0.0270324 -0.15256 0.05 184991
0 3366 2 phononTF 0.00221987 -4.62371 -2.43339 0.00276427 4140.61 0.00034743 1 0.0881261 -0.131196 0.05 40775.4
0 3366 4 phononTF 0.000916718 0.0881261 -0.131196 0.049999 40775.4 0.00034743 1 -0.0478912 -0.282545 0.05 75313.6
0 3366 11 phononTS 0.000542217 -0.0478912 -0.282545 0.049999 75313.6 0.00034743 1 -0.0400924 -0.285054 0.05 75370.9
0 3369 4 phononTS 0.000993396 0.328059 -3.63796 -0.0319833 118681 0.00034743 1 0.0266051 -0.256128 0.05 261942
0 3371 3 phononTF 0.00130431 -4.31567 -2.47873 0.0187962 7582.14 0.00034743 1 0.0863812 -0.264497 0.05 49897.9
0 3371 5 phononTS 0.000522685 0.0863812 -0.264497 0.049999 49897.9 0.00034743 1 0.0475125 -0.282519 0.05 51635.5
0 3372 7 phononTF 0.000809955 -3.1321 -1.59371 -0.0114331 6190.52 0.00034743 1 -0.0395816 -0.258479 0.05 302268
0 3373 3 phononTS 0.00163606 -4.62738 -2.75824 0.0194571 664.089 0.00069486 1 0.0735577 -0.207571 0.05 143967
0 3373 7 phononTS 0.000664056 0.0735577 -0.207571 0.049999 143967 0.00034743 1 0.0544128 -0.240444 0.05 277005
0 3374 2 phononTS 0.00189303 -4.77363 -2.50501 -0.045016 3635.66 0.00034743 1 0.0393377 -0.276163 0.05 25650.5
0 3376 3 phononTS 0.00159135 -4.54819 -3.46766 0.0270952 1409.14 0.00034743 1 -0.0768524 -0.194545 0.05 57841.7
0 3377 2 phononTS 0.001045 -4.74402 -1.94286 0.0240476 26792.2 0.00034743 1 -0.0502602 -0.10393 0.05 345903
0 3380 2 phononTS 0.00132553 -4.69238 -2.76926 -0.00739551 108.618 0.00034743 1 -0.0437695 -0.151173 0.05 15556.8
0 3381 5 phononTS 0.00154955 1.98673 0.781638 0.0072607 60244.8 0.00034743 1 0.038659 -0.251106 0.05 151260
0 3381 4 phononL 0.000830726 1.98673 0.781638 0.0072607 60244.8 0.00034743 1 -0.0328349 -0.205293 0.05 177455
0 3382 3 phononL 0.00157676 -3.5639 -2.30634 0.03928 16396.7 0.00069486 1 -0.0559994 -0.203039 0.05 490947
0 3382 15 phononTF 0.00124979 -2.79302 4.68288 0.0411674 42766.1 0.00034743 1 -0.0287364 -0.217658 0.05 116954
0 3383 4 phononTF 0.00108106 -4.8536 -3.19256 0.0431507 1089.77 0.00034743 1 -0.0698334 -0.249583 0.05 790089
0 3383 7 phononTS 0.000612257 -0.0698334 -0.249583 0.049999 790089 0.00034743 1 -0.0260388 -0.147788 0.05 934693
0 3387 5 phononL 0.00196464 -1.44329 -2.90542 -0.0314648 23335.1 0.00069486 1 0.0619493 -0.216588 0.05 70495.9
0 3390 4 phononTF 0.00153977 1.04616 -0.329017 -0.032745 18902.6 0.00034743 1 0.0606293 -0.205956 0.05 69409.1
0 3392 2 phononTS 0.00175267 -4.76469 -2.72293 -0.0376306 9.08988 0.00034743 1 0.0751737 -0.163142 0.05 182358
0 3393 3 phononTS 0.00178922 -4.82592 -3.85026 -0.0397546 1434.11 0.00034743 1 0.101555 -0.138753 0.05 85141.5
0 3393 4 phononTS 0.00105195 0.101555 -0.138753 0.049999 85141.5 0.00069486 1 0.0807337 -0.137772 0.05 85463.9
0 3398 5 phononTF 0.00118971 -4.21762 -0.893676 0.0357595 193965 0.00034743 1 -0.0887026 -0.251827 0.05 268270
0 3404 4 phononTS 0.000822011 -0.00311439 -3.59954 -0.0140793 75581.4 0.00034743 1 -0.0231825 -0.153042 0.05 100434
0 3407 4 phononTS 0.00117658 -4.80333 -3.03504 -0.031665 7740.12 0.00034743 1 -0.0415716 -0.236775 0.05 313789
0 3415 7 phononTF 0.00144373 -3.78005 -4.98753 -0.0481431 70775.5 0.00069486 1 -0.0819603 -0.150046 0.05 87005.7
0 3416 2 phononTF 0.00192923 -3.92438 -2.46735 -0.0143988 8470.97 0.00034743 1 0.0228534 -0.136201 0.05 143548
0 3418 3 phononTF 0.00216367 -4.72038 -2.09061 -0.0411302 3708.14 0.00034743 1 -0.0895401 -0.147736 0.05 60727.5
0 3426 5 phononL 0.00120846 2.22023 -1.56411 -0.0380631 54566.2 0.00034743 1 0.0644748 -0.132961 0.05 147446
0 3426 2 phononTF 0.0016211 -4.54882 -4.28222 0.0469157 11730.7 0.00034743 1 -0.0235975 -0.153411 0.05 57899.9
0 3426 12 phononL 0.00126728 -0.0235975 -0.153411 0.049999 57899.9 0.00069486 1 0.0148214 -0.218825 0.05 58213.5
0 3429 3 phononTF 0.00175706 -4.74008 -2.80269 -0.0454601 13.1552 0.00104229 1 -0.0189637 -0.22993 0.05 20627.6
0 3430 4 phononTS 0.00116415 -0.112982 -4.97273 0.0160359 63847.4 0.00034743 1 0.0539912 -0.249474 0.05 78700.5
0 3433 3 phononTS 0.00156538 -3.45285 -4.53454 0.0325022 20935.7 0.00034743 1 0.066826 -0.171659 0.05 56963.6
0 3433 4 phononTS 0.000827709 0.066826 -0.171659 0.049999 56963.6 0.00034743 1 -0.0383837 -0.158901 0.05 104668
0 3433 2 phononTS 0.00243462 -3.45285 -4.53454 0.0325022 20935.7 0.00104229 1 -0.0597554 -0.137475 0.05 232256
0 3435 5 phononL 0.00104229 -3.33944 -3.6225 -0.0157169 27781.4 0.00034743 1 0.0524215 -0.140398 0.05 298179
0 3438 4 phononTS 0.00187345 2.11639 1.60626 0.0222351 214571 0.00034743 1 -0.0662764 -0.167191 0.05 235265
0 3440 3 phononL 0.00212163 -4.74495 -2.29979 -0.0344781 1101.15 0.00034743 1 0.0346723 -0.102894 0.05 37348.8
0 3444 5 phononTS 0.00103954 -2.2235 -1.71733 -0.0313148 102245 0.00034743 1 -0.0717103 -0.168262 0.05 569387
0 3444 6 phononTF 0.00061431 -0.0717103 -0.168262 0.049998 569387 0.00034743 1 -0.0727131 -0.127595 0.05 569543
0 3445 5 phononTS 0.00107222 -0.399849 -3.69055 0.0333523 32735.4 0.00034743 1 0.0759591 -0.270164 0.05 81381.2
0 3446 3 phononTS 0.00231014 -4.96545 -2.3574 0.0248522 918.186 0.00069486 1 -0.0488898 -0.160375 0.05 18079.9
0 3453 3 phononTS 0.00233297 -3.99033 -3.2943 -0.0141135 9072.34 0.00034743 1 0.0565176 -0.287213 0.05 81993.1
0 3453 8 phononTS 0.000622524 0.0565176 -0.287213 0.049999 81993.1 0.00034743 1 0.0510153 -0.283392 0.05 82274.8
0 3453 2 phononTS 0.00166703 -3.99033 -3.2943 -0.0141135 9072.34 0.00069486 1 -0.0785275 -0.187797 0.05 36040.7
0 3457 5 phononL 0.00129439 3.24865 -4.70549 -0.000834185 127702 0.00069486 1 0.0491451 -0.142707 0.05 198729
0 3458 7 phononTF 0.00147332 0.92134 -4.15341 0.0035015 19776.4 0.00034743 1 0.0971129 -0.163031 0.05 186823
0 3458 9 phononTF 0.00091127 0.0971129 -0.163031 0.049999 186823 0.00034743 1 -0.0318117 -0.121834 0.05 186895
0 3458 15 phononL 0.000406336 -0.0318117 -0.121834 0.049999 186895 0.00034743 1 -0.0592229 -0.105537 0.05 200672
0 3461 4 phononTF 0.00193734 -4.83119 -3.89817 0.0393823 50100.4 0.00034743 1 -0.0525178 -0.176677 0.05 142662
0 3461 6 phononTF 0.000652301 -0.0525178 -0.176677 0.049999 142662 0.00034743 1 -0.0475132 -0.155865 0.05 142752
0 3461 2 phononTF 0.00116136 -4.72703 -3.40757 0.0129294 1797.5 0.00069486 1 0.0975351 -0.177333 0.05 149852
0 3467 4 phononTF 0.000536552 -2.51198 2.90692 0.0211474 122797 0.00034743 1 -0.0948459 -0.230008 0.05 139780
0 3470 2 phononTF 0.0013537 -4.07929 -3.27128 -0.0273298 2618.64 0.00069486 1 0.0381821 -0.165192 0.05 391936
0 3476 2 phononTF 0.00217606 -4.51139 -2.63539 0.0364808 154.012 0.00069486 1 -0.0274865 -0.186902 0.05 21306.6
0 3476 4 phononTF 0.000730201 -0.0274865 -0.186902 0.049999 21306.6 0.00034743 1 0.107665 -0.208079 0.05 21380.1
0 3477 5 phononTS 0.00084043 2.98216 -0.644794 0.0123742 124426 0.00034743 1 -0.0552613 -0.118842 0.05 580399
0 3481 3 phononTS 0.00144061 -3.89267 -1.74783 0.0389775 5276.26 0.00069486 1 0.07972 -0.243456 0.05 66102.6
0 3483 2 phononL 0.00125646 -4.72167 -2.98536 0.0321474 3764.25 0.00069486 1 -0.10404 -0.216633 0.05 132152
0 3483 12 phononTS 0.000430013 -0.10404 -0.216633 0.049999 132152 0.00034743 1 -0.104321 -0.14762 0.05 173960
0 3486 5 phononTF 0.000872801 -4.8989 1.75474 -0.0255626 199930 0.00069486 1 0.0738528 -0.285598 0.05 308138
0 3487 6 phononTF 0.000836154 -2.64518 -3.86441 -0.00800926 16118.5 0.00034743 1 -0.0488484 -0.181754 0.05 54089.7
0 3490 3 phononTS 0.00176458 -4.43679 -2.86323 0.0371594 2452.98 0.00069486 1 0.0833269 -0.206052 0.05 207727
0 3490 4 phononL 0.00054967 0.0833269 -0.206052 0.049999 207727 0.00034743 1 0.0694445 -0.186086 0.05 211679
0 3491 4 phononTS 0.000416735 -4.37923 1.02835 -0.00206351 78667.7 0.00034743 1 -0.0337193 -0.211339 0.05 335255
0 3492 4 phononTF 0.00106173 3.18388 -2.37244 -0.0139592 199991 0.00034743 1 -0.0201038 -0.255788 0.05 237957
0 3496 4 phononTS 0.000834092 0.57393 -2.44377 -0.0444538 59674.3 0.00034743 1 0.0768337 -0.134011 0.05 164517
0 3499 3 phononL 0.00175204 -1.68186 -1.63866 0.039919 16697.3 0.00069486 1 -0.0654175 -0.176263 0.05 41605.3
0 3499 17 phononTF 0.00155175 0.325469 3.38228 0.0322221 86349.4 0.00034743 1 -0.0749461 -0.13537 0.05 128993
0 3499 20 phononTF 0.000400845 -0.0749461 -0.13537 0.049999 128993 0.00034743 1 -0.0372537 -0.213289 0.05 129136
0 3499 19 phononTS 0.000732554 -0.0749461 -0.13537 0.049999 128993 0.00034743 1 -0.10043 -0.214188 0.05 549577
0 3506 4 phononTS 0.000997662 -0.308805 0.633309 0.0388793 93909.6 0.00034743 1 0.0526663 -0.198534 0.05 96013.7
0 3507 6 phononTF 0.00121692 -1.96251 -1.40937 0.0318642 20006.2 0.00034743 1 0.0744668 -0.186988 0.05 132218
0 3509 5 phononTS 0.00121658 2.12623 2.37108 -0.0417847 58581.2 0.00069486 1 -0.0672581 -0.247049 0.05 158613
0 3510 7 phononTF 0.000586364 4.96781 2.08119 0.00385643 266857 0.00034743 1 0.0338632 -0.111454 0.05 528217
0 3511 2 phononTS 0.00201611 -4.57864 -2.51766 -0.0129092 291.346 0.00034743 1 0.0651226 -0.209837 0.05 25943.9
0 3511 5 phononTS 0.000351818 0.0651226 -0.209837 0.049998 25943.9 0.00034743 1 0.0872826 -0.211148 0.05 26003.9
0 3511 4 phononTS 0.00110662 0.0651226 -0.209837 0.049998 25943.9 0.00034743 1 0.0805369 -0.122338 0.05 26020.1
0 3511 14 phononTF 0.000484216 0.0805369 -0.122338 0.049998 26020.1 0.00034743 1 -0.0533599 -0.172794 0.05 26099.9
0 3513 2 phononTS 0.00181679 -3.61147 -3.30564 -0.0367692 6166.66 0.00034743 1 -0.025565 -0.270801 0.05 21973.9
0 3520 5 phononL 0.000654168 1.79927 -1.64608 0.00857324 146226 0.00034743 1 -0.0375346 -0.252167 0.05 497795
0 3520 4 phononTS 0.00163701 1.79927 -1.64608 0.00857324 146226 0.00034743 1 -0.0397814 -0.176032 0.05 326484
0 3521 4 phononTS 0.000743694 2.09242 3.22466 -0.0141976 94660.1 0.00034743 1 -0.116944 -0.174221 0.05 512137
0 3521 11 phononTS 0.00102605 -2.98649 -0.883318 0.0436847 57606.7 0.00034743 1 -0.111139 -0.178652 0.05 272273
0 3522 4 phononL 0.00131702 3.44651 0.0168407 0.0246638 48443.5 0.00034743 1 -0.0708311 -0.272386 0.05 287326
0 3530 3 phononL 0.00191006 -4.96574 -2.4361 -0.00907535 1748.72 0.00034743 1 -0.0557861 -0.263938 0.05 53461.1
0 3530 6 phononTF 0.00088801 -0.0557861 -0.263938 0.049999 53461.1 0.00069486 1 -0.0802695 -0.264039 0.05 53518
0 3530 4 phononTF 0.000648958 -0.0557861 -0.263938 0.049999 53461.1 0.00034743 1 0.0323514 -0.182208 0.05 53537
0 3532 3 phononTF 0.0013584 -4.01796 -0.941369 -0.0253212 10364.1 0.00069486 1 0.10565 -0.226684 0.05 251203
0 3532 2 phononTS 0.0026416 -4.01796 -0.941369 -0.0253212 10364.1 0.00104229 1 -0.0277534 -0.266232 0.05 88117.5
0 3533 5 phononTS 0.00116751 1.08531 0.337756 0.0046717 71498.3 0.00034743 1 0.087177 -0.183906 0.05 429022
0 3537 7 phononTS 0.000424986 0.238379 -4.93784 -0.0222448 74497.9 0.00034743 1 -0.02218 -0.229704 0.05 236306
0 3541 3 phononTS 0.00229829 -4.62263 -1.87898 0.0491384 2183.76 0.00069486 1 -0.073853 -0.288741 0.05 31311.9
0 3542 5 phononL 0.00132782 1.94746 -2.16935 0.0339448 42522.5 0.00069486 1 0.063727 -0.168251 0.05 50472.1
0 3543 4 phononTS 0.00158459 2.48067 -1.43726 -0.0241264 49930.4 0.00034743 1 0.0958266 -0.208288 0.05 103354
0 3544 3 phononTS 0.00180472 -4.13633 -3.94418 -0.0484754 16408.9 0.00034743 1 0.0209678 -0.264326 0.05 533935
0 3546 2 phononTS 0.00135092 -4.71457 -2.37896 0.0282714 2068.13 0.00034743 1 0.0576015 -0.258756 0.05 161304
0 3547 7 phononTF 0.000785282 1.96598 1.05141 -0.0327272 273368 0.00034743 1 0.0873138 -0.180621 0.05 475058
0 3548 5 phononTF 0.00125645 -3.66555 0.796756 0.0345426 22744.3 0.00034743 1 -0.0624199 -0.196505 0.05 43618.2
0 3549 4 phononTS 0.00142146 -2.4839 -3.99 -0.00422736 15387.9 0.00034743 1 -0.0769735 -0.191609 0.05 59782.3
0 3552 2 phononTS 0.00153553 -4.94173 -2.6928 0.0240435 214.473 0.00069486 1 -0.0251696 -0.263801 0.05 505355
0 3553 5 phononL 0.000725916 -2.00969 -3.41179 -0.0148243 34074.8 0.00034743 1 -0.0632526 -0.275346 0.05 321557
0 3556 6 phononTF 0.00106063 -3.54583 -3.57194 0.0234077 14404.1 0.00034743 1 -0.0780288 -0.213314 0.05 94783.7
0 3559 4 phononTS 0.00134667 -0.0421298 -2.96138 0.0231915 47152.1 0.00034743 1 0.0902575 -0.260679 0.05 121375
0 3563 5 phononTS 0.00157956 -2.13314 -1.28771 -0.0112141 117295 0.00034743 1 -0.0316857 -0.253381 0.05 149546
0 3564 5 phononTF 0.00118795 3.26097 -0.578517 -0.0183293 103939 0.00034743 1 -0.0669974 -0.280295 0.05 979766
0 3566 4 phononTS 0.00118542 -0.098451 -1.4641 0.0468796 14645.6 0.00034743 1 0.0986163 -0.136835 0.05 343852
0 3567 2 phononTS 0.00196558 -4.02335 -2.12809 0.0493851 20061.7 0.00069486 1 0.0491926 -0.252353 0.05 434023
0 3567 5 phononTS 0.000766981 0.0491926 -0.252353 0.049999 434023 0.00069486 1 0.0626743 -0.270849 0.05 436235
0 3570 2 phononTS 0.00211341 -3.07692 -4.93962 -0.0249747 14145.8 0.00104229 1 0.0537336 -0.227056 0.05 91822.8
0 3571 4 phononL 0.00137484 0.46482 0.0866916 0.0128984 206132 0.00034743 1 0.0693688 -0.134394 0.05 269427
0 3571 6 phononTF 0.000485551 0.0693688 -0.134394 0.049998 269427 0.00034743 1 0.0246961 -0.149351 0.05 425390
0 3573 3 phononL 0.00133184 -4.08865 -3.30337 0.0109893 15943.3 0.00069486 1 -0.0417523 -0.142854 0.05 66859.1
0 3573 4 phononTS 0.000503775 -0.0417523 -0.142854 0.049998 66859.1 0.00034743 1 -0.0590042 -0.155516 0.05 66920.4
0 3573 15 phononL 0.00135243 -1.62805 -2.68137 0.0271124 23252 0.00069486 1 0.103282 -0.244454 0.05 40523.4
0 3576 7 phononTS 0.000717271 0.843231 2.62247 -0.00721655 186738 0.00034743 1 0.115179 -0.221851 0.05 402916
0 3576 6 phononL 0.000972581 0.843231 2.62247 -0.00721655 186738 0.00034743 1 -0.0629131 -0.289132 0.05 228232
0 3583 4 phononTS 0.00179552 -4.06469 -4.01559 0.0375757 38356 0.00034743 1 -0.00936731 -0.205548 0.05 48886.6
0 3583 6 phononTF 0.000703937 -0.00936731 -0.205548 0.049998 48886.6 0.00034743 1 0.0347001 -0.203117 0.05 805095
0 3585 3 phononL 0.00131627 -4.79128 -2.77143 0.0463425 61.5519 0.00034743 1 -0.0790033 -0.115249 0.05 786919
0 3585 11 phononTS 0.00174218 3.09787 -2.0479 0.0329725 64093.3 0.00034743 1 -0.0310509 -0.24905 0.05 289499
0 3594 3 phononTS 0.00268636 -3.60829 -2.46449 -0.0383999 11811.2 0.00034743 1 0.0448203 -0.263072 0.05 70555.8
0 3595 4 phononL 0.00107963 -4.10646 -4.84414 -0.00650807 35986.6 0.00069486 1 0.046937 -0.180883 0.05 122328
0 3597 2 phononTF 0.00161797 -4.367 -2.41626 0.0374756 4538.77 0.00034743 1 -0.0328389 -0.152852 0.05 155659
0 3599 3 phononTF 0.00210033 -4.35967 -2.24822 -0.0192273 4808.27 0.00069486 1 -0.111164 -0.210421 0.05 27653
0 3599 2 phononL 0.00189967 -4.35967 -2.24822 -0.0192273 4808.27 0.00069486 1 -0.0371221 -0.129779 0.05 242972
0 3600 5 phononTS 0.00150462 3.19226 1.89343 0.0329124 132155 0.00034743 1 0.0757163 -0.204626 0.05 149738
0 3603 5 phononTF 0.00197106 1.34552 -3.80057 -0.00687732 44155.2 0.00069486 1 0.0484046 -0.124304 0.05 101903
0 3606 3 phononTF 0.00133636 -4.54681 -2.84503 -0.0422789 4273.58 0.00034743 1 -0.0704859 -0.160502 0.05 115326
0 3608 3 phononTS 0.00171306 -4.2271 -2.92585 -0.0338814 2551.33 0.00034743 1 -0.0190988 -0.182895 0.05 500716
0 3608 4 phononTS 0.000438387 -0.0190988 -0.182895 0.049999 500716 0.00034743 1 -0.0608625 -0.136823 0.05 641750
0 3608 2 phononTF 0.00228694 -4.2271 -2.92585 -0.0338814 2551.33 0.00104229 1 -0.0719601 -0.27419 0.05 29618.2
0 3625 7 phononL 0.00103066 -1.6693 -0.280167 -0.0382872 68425.2 0.00034743 1 -0.0529029 -0.201365 0.05 77116.7
0 3629 3 phononTF 0.00160509 -4.50842 -2.16235 -0.0409721 3803.82 0.00034743 1 -0.0275971 -0.127312 0.05 84841.5
0 3629 2 phononTF 0.00239491 -4.50842 -2.16235 -0.0409721 3803.82 0.00104229 1 0.047155 -0.230844 0.05 99052.8
0 3630 5 phononTS 0.000508309 -4.34709 -0.511547 -0.000776052 11830.1 0.00034743 1 0.0808853 -0.192341 0.05 338627
0 3631 4 phononTF 0.000692569 1.52289 1.40332 0.0022623 31060.9 0.00034743 1 0.0963473 -0.139875 0.05 80932.3
0 3632 5 phononTF 0.00159617 -4.96288 -1.30544 0.0453426 5534.41 0.00069486 1 -0.091298 -0.214615 0.05 55637.7
0 3634 4 phononTF 0.000723725 3.86474 -1.87917 0.0151001 61476.8 0.00034743 1 0.0433184 -0.282687 0.05 111911
0 3635 7 phononTS 0.00150192 -2.28586 -3.66266 -0.0303679 33197.4 0.00034743 1 0.0115177 -0.205745 0.05 38142.4
0 3635 10 phononTF 0.000794229 0.0115177 -0.205745 0.049999 38142.4 0.00034743 1 0.0133488 -0.196806 0.05 38206.7
0 3640 3 phononTS 0.0021751 -4.59219 -2.56392 -0.000682195 126.214 0.00069486 1 0.101043 -0.256975 0.05 71438.5
0 3640 5 phononTF 0.00121955 0.101043 -0.256975 0.049999 71438.5 0.00034743 1 0.0971799 -0.2657 0.05 71503.2
0 3650 5 phononTF 0.00136126 -3.01148 -2.03768 0.00280135 34922.5 0.00069486 1 0.108489 -0.170945 0.05 93322.1
0 3655 3 phononTS 0.0016617 -4.53441 -2.70454 0.0272844 8973.06 0.00034743 1 -0.110634 -0.234077 0.05 409127
0 3656 2 phononTF 0.00181812 -4.69695 -3.12911 -0.0201197 2367.72 0.00034743 1 -0.108143 -0.16995 0.05 37980
0 3656 6 phononTS 0.000969689 -0.108143 -0.16995 0.049999 37980 0.00034743 1 -0.0711069 -0.154031 0.05 38042.1
0 3657 5 phononL 0.00154767 -0.871035 1.18554 0.000993849 16787.3 0.00034743 1 -0.0640285 -0.243325 0.05 25877.1
0 3657 6 phononTF 0.0011154 -0.0640285 -0.243325 0.049999 25877.1 0.00034743 1 -0.113813 -0.181304 0.05 60545.4
0 3657 13 phononL 0.000609616 -0.113813 -0.181304 0.049999 60545.4 0.00034743 1 0.051706 -0.110701 0.05 60945.3
0 3659 3 phononTS 0.00238446 -4.90015 -2.87688 0.00173753 62.574 0.00034743 1 -0.0293207 -0.230621 0.05 407210
0 3659 4 phononTS 0.00162924 -0.0293207 -0.230621 0.049999 407210 0.00034743 1 -0.0864922 -0.258652 0.05 511635
0 3664 7 phononL 0.000668566 1.64218 -2.64108 -0.0487668 230376 0.00034743 1 0.0996812 -0.258889 0.05 565349
0 3664 2 phononTS 0.00108579 -3.90527 -3.97075 0.0194555 11566.8 0.00034743 1 0.104199 -0.224011 0.05 70575.3
0 3667 5 phononTF 0.00214339 1.74246 -4.07471 0.0161861 28613 0.00034743 1 0.00805577 -0.199884 0.05 150556
0 3667 11 phononTF 0.00115018 0.150691 -0.0376596 0.0207929 151469 0.00034743 1 0.0637189 -0.208975 0.05 151576
0 3668 2 phononTS 0.00218669 -4.5208 -1.44358 -0.00177408 4213.65 0.00034743 1 0.102068 -0.202143 0.05 25934.9
0 3677 2 phononTF 0.00247359 -2.13295 -4.95462 0.0355606 10041.8 0.00034743 1 0.0249734 -0.248481 0.05 35178.1
0 3677 5 phononTS 0.00210958 0.0249734 -0.248481 0.049999 35178.1 0.00034743 1 0.101464 -0.213411 0.05 35334.8
0 3677 8 phononTS 0.000525192 0.101464 -0.213411 0.049999 35334.8 0.00034743 1 -0.103483 -0.205227 0.05 35502.4
0 3680 5 phononTS 0.00118996 -3.2589 -3.32151 0.0255945 14098.8 0.00069486 1 -0.115299 -0.179355 0.05 228317
0 3682 3 phononTS 0.00218941 -4.08968 -2.92304 0.00296608 3607.66 0.00104229 1 -0.050938 -0.260485 0.05 48004.6
0 3685 5 phononTF 0.00176795 -3.98835 -2.37852 0.0073663 13765.1 0.00069486 1 -0.0357581 -0.137395 0.05 168045
0 3690 2 phononTF 0.00142047 -4.10489 -2.94345 0.00403965 2318.85 0.00034743 1 -0.0180202 -0.190274 0.05 8134.05
0 3691 4 phononL 0.000867874 2.47939 3.84465 -0.0404381 181364 0.00034743 1 0.082525 -0.130445 0.05 229108
0 3691 7 phononTF 0.000489526 0.082525 -0.130445 0.049999 229108 0.00034743 1 0.0286101 -0.129581 0.05 229168
0 3696 4 phononTS 0.00142418 -4.08792 -3.68101 -0.0137028 28478.8 0.00034743 1 0.0946515 -0.261704 0.05 133099
0 3697 2 phononTS 0.00270618 -4.328 -2.99751 0.00669279 4726.66 0.00069486 1 0.0469397 -0.209559 0.05 123321
0 3699 3 phononTS 0.00260212 -4.8244 -2.29575 0.00288242 3378.7 0.00034743 1 -0.0283801 -0.111139 0.05 10046.8
0 3701 7 phononTF 0.00135102 0.0965825 -4.36309 0.0113559 169179 0.00034743 1 0.0171787 -0.193396 0.05 340930
0 3701 8 phononTS 0.000735835 0.0171787 -0.193396 0.049999 340930 0.00034743 1 0.0760134 -0.249307 0.05 355833
0 3707 4 phononTS 0.000674831 -2.35717 -0.0399112 -0.00976854 8802.44 0.00034743 1 -0.115063 -0.191111 0.05 543628
0 3708 4 phononTF 0.00113977 -3.47839 2.2739 0.0330844 15055.1 0.00034743 1 0.0350138 -0.268258 0.05 40516.6
0 3715 5 phononTS 0.00165796 -4.78081 -2.23244 0.0360814 17542.3 0.00034743 1 0.0600948 -0.134679 0.05 112862
0 3715 7 phononTF 0.000355731 0.0600948 -0.134679 0.049999 112862 0.00034743 1 0.105843 -0.204536 0.05 114709
0 3719 4 phononTF 0.00106731 -1.73021 -0.718368 0.0234114 64680.6 0.00034743 1 -0.0210117 -0.247568 0.05 338993
0 3719 6 phononTS 0.00053358 -0.0210117 -0.247568 0.049999 338993 0.00034743 1 -0.0182736 -0.154358 0.05 691313
0 3726 5 phononTF 0.00105928 4.50763 -3.01193 -0.0277258 152330 0.00034743 1 -0.0520907 -0.139375 0.05 377995
0 3727 2 phononL 0.000732808 -4.00353 -3.07114 0.0280382 1485.99 0.00034743 1 0.0943472 -0.188981 0.05 136645
0 3729 3 phononTS 0.00227695 -4.37041 -3.18694 -0.0277946 4080.4 0.00069486 1 0.0316131 -0.134246 0.05 30472.9
0 3732 8 phononTF 0.000554783 -2.40359 -0.417134 -0.0269154 385245 0.00034743 1 -0.055464 -0.129152 0.05 432871
0 3735 7 phononL 0.000971393 -2.38801 3.463 0.0311776 100831 0.00034743 1 -0.0606441 -0.246567 0.05 123617
0 3737 6 phononL 0.000674632 -4.96375 -4.01567 -0.0383142 31814.8 0.00034743 1 -0.0958221 -0.257212 0.05 170771
0 3738 4 phononTS 0.000634913 3.11252 4.58273 0.00373088 127298 0.00034743 1 -0.0708175 -0.201211 0.05 366037
0 3741 3 phononL 0.00175355 -4.1866 -2.57629 0.0262854 3197.41 0.00034743 1 -0.0776414 -0.199522 0.05 52175.3
0 3748 2 phononTS 0.00157163 -3.85173 -3.2105 -0.0346116 1124.95 0.00069486 1 0.10862 -0.182398 0.05 281176
0 3748 7 phononTF 0.00038094 0.10862 -0.182398 0.049999 281176 0.00034743 1 0.110005 -0.221969 0.05 281234
0 3750 4 phononTF 0.00121499 -3.68453 -4.37466 0.0179485 34035.2 0.00034743 1 0.0601438 -0.129015 0.05 59737.4
0 3750 9 phononTF 0.000744067 0.0601438 -0.129015 0.049999 59737.4 0.00034743 1 0.0247751 -0.167996 0.05 121603
0 3758 4 phononTF 0.0010394 -3.02091 -3.36451 -0.0292931 9799.47 0.00034743 1 -0.0735877 -0.256569 0.05 103284
0 3758 2 phononTS 0.00184693 -4.46107 -3.14753 0.0244293 4586.21 0.00034743 1 0.0315225 -0.255557 0.05 260772
0 3763 3 phononTF 0.000815025 -4.81835 -2.24187 -0.0464614 1852.54 0.00034743 1 0.0418642 -0.24751 0.05 217843
0 3766 5 phononL 0.00156419 0.33642 -4.68869 -0.00713959 105252 0.00034743 1 0.045842 -0.289998 0.05 632966
0 3768 2 phononTS 0.00144753 -4.53997 -2.98049 -0.0211897 454.148 0.00034743 1 0.0445779 -0.201652 0.05 63675
0 3768 8 phononTS 0.000762273 0.0445779 -0.201652 0.049999 63675 0.00034743 1 0.0730863 -0.185831 0.05 63737.5
0 3775 5 phononTS 0.00188769 -1.61272 -4.89996 0.0104021 51660.8 0.00069486 1 0.095542 -0.156179 0.05 142484
0 3777 3 phononL 0.00172756 -3.58447 -2.78958 -0.0150314 4978.73 0.00069486 1 0.0865434 -0.194022 0.05 75073.2
0 3777 4 phononTS 0.000582098 0.0865434 -0.194022 0.049999 75073.2 0.00034743 1 -0.116374 -0.18338 0.05 75317.1
0 3777 2 phononTS 0.00227244 -3.58447 -2.78958 -0.0150314 4978.73 0.00069486 1 0.0937552 -0.265597 0.05 35812.3
0 3785 3 phononTF 0.00214716 -4.69452 -2.64969 0.0462449 1348.67 0.00034743 1 -0.110762 -0.164828 0.05 132331
0 3787 2 phononTF 0.000590689 -4.06119 -1.14272 0.0296332 4090.8 0.00034743 1 0.031084 -0.236178 0.05 92175.6
0 3788 5 phononTS 0.000945745 0.0410052 2.42183 -0.0287198 341819 0.00034743 1 0.0590617 -0.155071 0.05 439053
0 3788 12 phononTF 0.00134077 -0.765651 -2.20818 0.0138536 229001 0.00034743 1 -0.0640119 -0.264376 0.05 476901
0 3788 13 phononTF 0.000474974 -0.0640119 -0.264376 0.049999 476901 0.00034743 1 0.0747239 -0.134408 0.05 638651
0 3789 7 phononTS 0.00102408 2.53348 -1.12879 -0.0324421 82362.9 0.00034743 1 -0.0538325 -0.178556 0.05 113398
0 3803 7 phononTS 0.00167334 4.45194 -0.57854 0.0375868 43885.3 0.00034743 1 -0.0874338 -0.160483 0.05 52466.1
0 3803 10 phononL 0.000590252 -0.0874338 -0.160483 0.049998 52466.1 0.00034743 1 -0.0615009 -0.186521 0.05 53640.6
0 3804 3 phononTS 0.00270499 -4.79528 -3.46608 0.00804658 1374.53 0.00104229 1 -0.0365599 -0.294637 0.05 36095.9
0 3805 3 phononTF 0.00161495 -4.77603 -1.83598 -0.0256114 8506.81 0.00034743 1 0.0789903 -0.252028 0.05 915816
0 3805 4 phononTS 0.00105555 0.0789903 -0.252028 0.049999 915816 0.00034743 1 -0.0217005 -0.267901 0.05 949883
0 3807 4 phononTF 0.00102869 0.412058 1.05839 0.00599223 41903.8 0.00034743 1 0.06992 -0.160804 0.05 208173
0 3810 2 phononL 0.00106229 -4.60522 -3.52133 -0.026977 4653.29 0.00034743 1 0.0407425 -0.11573 0.05 127378
0 3812 2 phononTF 0.000870531 -3.83315 -1.14411 0.0215873 14145.5 0.00034743 1 -0.0853771 -0.272058 0.05 101798
0 3812 7 phononL 0.000368778 -0.0853771 -0.272058 0.049999 101798 0.00034743 1 -0.0828594 -0.198512 0.05 204800
0 3823 7 phononTF 0.000436028 -3.9633 0.537412 0.0290393 94797.1 0.00034743 1 0.0210184 -0.174853 0.05 583330
0 3834 5 phononTF 0.00218704 -4.57766 -3.63608 5.07884e-05 30642.1 0.00034743 1 0.0599905 -0.130549 0.05 347003
0 3836 3 phononL 0.00214765 -3.58657 -2.70338 -0.0296843 4671.74 0.00069486 1 -0.0485929 -0.225175 0.05 34253
0 3837 2 phononTF 0.0014358 -4.12644 -3.37406 -0.0297405 7990.12 0.00034743 1 0.0702156 -0.253028 0.05 434575
0 3838 5 phononTS 0.00139177 -4.98983 3.96797 0.0215625 82773.6 0.00034743 1 0.0200262 -0.208302 0.05 256826
0 3841 5 phononTF 0.00122312 -4.97865 1.46222 -0.0413587 143405 0.00034743 1 0.0618386 -0.256375 0.05 553914
0 3841 8 phononTS 0.000547583 0.0618386 -0.256375 0.049999 553914 0.00034743 1 0.119441 -0.217454 0.05 554726
0 3842 2 phononTF 0.000822215 -4.102 0.0079028 0.049998 12015.7 0.00069486 1 0.0649317 -0.218453 0.05 36873.3
0 3844 5 phononTS 0.00176897 -1.17124 -1.39146 -0.00858172 64761.4 0.00034743 1 -0.0627433 -0.141358 0.05 495690
0 3845 4 phononTF 0.0013906 4.28192 -3.4822 -0.00113129 172127 0.00069486 1 -0.0268872 -0.13567 0.05 258131
0 3852 2 phononTF 0.00265091 -4.28018 -1.70948 -0.038231 5390.16 0.00104229 1 0.0396863 -0.232565 0.05 125848
0 3862 3 phononTS 0.00231104 -4.36707 -3.43476 0.0394941 4347.53 0.00034743 1 -0.0675009 -0.187958 0.05 58931.6
0 3863 4 phononTS 0.00117557 -3.67925 4.85717 0.00324813 43995.7 0.00034743 1 -0.0883667 -0.178442 0.05 52845.6
0 3868 3 phononTS 0.00183877 -1.78653 -2.47122 0.00631148 15062.4 0.00034743 1 0.0500413 -0.253037 0.05 123284
0 3871 5 phononTF 0.00130112 -1.24777 -1.70723 -0.0129191 216567 0.00034743 1 -0.0440272 -0.141282 0.05 265107
0 3871 6 phononTS 0.000493053 -0.0440272 -0.141282 0.049999 265107 0.00034743 1 -0.105421 -0.179018 0.05 265175
0 3872 2 phononTS 0.00216144 -4.87051 -2.55867 0.0151711 1786.53 0.00104229 1 -0.0270029 -0.235895 0.05 27575.2
0 3873 2 phononTS 0.00170764 -0.286194 -3.6916 0.0349055 14570.3 0.00069486 1 0.0682004 -0.14758 0.05 51090.8
0 3874 5 phononTS 0.00141025 0.458477 0.358544 0.0393428 64772.8 0.00034743 1 -0.120029 -0.208014 0.05 78046.3
0 3878 7 phononL 0.000749994 4.84244 -0.261847 0.0425215 51683.9 0.00034743 1 0.06476 -0.239623 0.05 591282
0 3893 7 phononTS 0.000888087 0.0534087 -0.187858 0.0167405 186672 0.00034743 1 0.0419064 -0.206044 0.05 186748
0 3899 4 phononTS 0.00155902 -4.60853 3.10675 -0.0465971 83755.1 0.00034743 1 0.0538241 -0.191624 0.05 111381
0 3900 4 phononTS 0.00107194 0.953958 0.121232 0.0176201 24874.1 0.00034743 1 0.0702711 -0.288253 0.05 30528.3
0 3900 12 phononTF 0.000644626 1.78106 -3.79534 0.029578 34666.1 0.00034743 1 -0.066952 -0.236604 0.05 192974
0 3902 7 phononTS 0.00100299 1.53416 1.53639 -0.0449591 179115 0.00034743 1 -0.0456415 -0.168384 0.05 366402
0 3906 2 phononTS 0.00185121 -4.26308 -4.19194 -0.039287 6077.36 0.00069486 1 -0.115291 -0.215644 0.05 37922.1
0 3906 11 phononL 0.000369446 -0.115291 -0.215644 0.049999 37922.1 0.00034743 1 -0.109918 -0.218013 0.05 60204.9
0 3908 2 phononTF 0.00198649 -3.32442 -3.47479 0.0442269 3342.21 0.00034743 1 -0.0352968 -0.305162 0.05 83690.2
0 3910 3 phononL 0.00168569 -4.07596 -4.7488 0.0456509 7360.96 0.00069486 1 0.0968169 -0.195759 0.05 25160.9
0 3912 5 phononTF 0.00157983 -1.95492 -3.2003 -0.0493764 20330.7 0.00034743 1 -0.113839 -0.176437 0.05 61452.1
0 3914 7 phononL 0.000581242 -3.62595 -2.12093 0.00512771 91207.2 0.00034743 1 0.0264618 -0.207258 0.05 239590
0 3914 6 phononTS 0.000777805 -3.62595 -2.12093 0.00512771 91207.2 0.00034743 1 0.0907552 -0.183708 0.05 153272
0 3914 4 phononTS 0.00117693 -4.92865 -2.33967 0.000505247 33997 0.00034743 1 0.0400325 -0.174064 0.05 102525
0 3914 17 phononL 0.000575895 0.0400325 -0.174064 0.049999 102525 0.00034743 1 -0.0500965 -0.108431 0.05 166351
0 3916 2 phononTF 0.00154373 -4.77975 -2.72484 -0.049681 11.9305 0.00069486 1 -0.0617549 -0.295824 0.05 67456.2
0 3917 3 phononTS 0.00260312 -2.80003 -1.2574 0.0078617 5977.89 0.00069486 1 0.0189715 -0.182706 0.05 107005
0 3919 3 phononTS 0.00184951 -3.63293 -1.96098 0.000928319 3272.31 0.00034743 1 0.0776582 -0.284911 0.05 320675
0 3919 5 phononL 0.000998061 0.0776582 -0.284911 0.049999 320675 0.00034743 1 0.0328109 -0.214426 0.05 320773
0 3922 2 phononTS 0.00146964 -3.77431 -0.825984 0.0470933 7141.56 0.00069486 1 0.05557 -0.26618 0.05 179004
0 3925 5 phononTS 0.000868876 -0.937002 -4.41772 -0.00872396 134967 0.00034743 1 0.0295068 -0.306132 0.05 246556
0 3925 8 phononL 0.000430092 0.0295068 -0.306132 0.049999 246556 0.00034743 1 -0.0940165 -0.151838 0.05 247426
0 3925 16 phononTS 0.00110583 -4.41057 -2.71142 -0.00464714 6342.74 0.00034743 1 -0.119029 -0.211732 0.05 266783
0 3925 15 phononTF 0.00117004 -4.41057 -2.71142 -0.00464714 6342.74 0.00034743 1 -0.0384533 -0.138601 0.05 19569.5
0 3933 4 phononL 0.00173738 -3.30208 -2.2443 0.0482287 7522 0.00069486 1 -0.0419366 -0.216402 0.05 95160.6
0 3933 6 phononTF 0.000751122 -0.0419366 -0.216402 0.049999 95160.6 0.00034743 1 -0.0982198 -0.201258 0.05 95289.6
0 3935 5 phononL 0.000836243 -3.33291 -3.10832 -0.0299777 13218.4 0.00034743 1 -0.0629138 -0.165305 0.05 58903.9
0 3937 2 phononTS 0.00156619 -4.18421 -1.98022 0.00571736 8312.46 0.00034743 1 -0.0480403 -0.117727 0.05 469008
0 3937 4 phononTF 0.0006968 -0.0480403 -0.117727 0.049999 469008 0.00034743 1 0.0670583 -0.244968 0.05 475911
0 3940 3 phononTS 0.00164803 -1.40174 -3.05554 0.0262179 20640 0.00034743 1 0.0640905 -0.198188 0.05 92436.3
0 3940 4 phononTS 0.000579646 0.0640905 -0.198188 0.049999 92436.3 0.00034743 1 0.0445657 -0.224333 0.05 92498.9
0 3942 3 phononTS 0.00174066 -4.31613 -3.00368 -0.00656491 3282.22 0.00034743 1 -0.0307693 -0.203797 0.05 505750
0 3943 4 phononTF 0.00127049 -2.11737 -0.260292 0.023046 229821 0.00034743 1 0.0926029 -0.207135 0.05 314542
0 3947 6 phononTF 0.000462414 0.663747 -1.90083 0.00309107 26493.2 0.00034743 1 0.0741995 -0.234005 0.05 65371.1
0 3950 5 phononTS 0.000910597 2.61389 1.16312 -0.0341798 57653.3 0.00034743 1 0.03604 -0.12635 0.05 94232.9
0 3954 6 phononL 0.00139415 -2.26222 -2.67091 0.0481278 43359.5 0.00034743 1 -0.063296 -0.276746 0.05 68594.3
0 3954 4 phononL 0.000733721 -2.92886 -1.5274 0.0254184 20616.8 0.00034743 1 0.105834 -0.185165 0.05 245415
0 3958 3 phononL 0.00114048 -4.27043 -2.82361 0.0404791 1820.24 0.00034743 1 0.0289186 -0.210437 0.05 533732
0 3958 10 phononTF 0.00180318 -0.922366 -0.430481 0.0316935 80375.8 0.00034743 1 -0.0631807 -0.191172 0.05 82289.5
0 3960 5 phononTF 0.00090798 2.7338 3.14499 -0.0176497 28664.5 0.00034743 1 0.0564723 -0.109165 0.05 295302
0 3960 4 phononTS 0.000871777 2.7338 3.14499 -0.0176497 28664.5 0.00069486 1 -0.072258 -0.11472 0.05 46675.6
0 3966 6 phononTS 0.00119083 -2.1732 -1.48662 0.0409427 143163 0.00034743 1 0.0574127 -0.216255 0.05 464273
0 3971 3 phononTS 0.00255557 -4.26328 -2.74061 0.0403122 1166.3 0.00034743 1 -0.021707 -0.224514 0.05 106911
0 3971 4 phononTF 0.0010694 -0.021707 -0.224514 0.049999 106911 0.00069486 1 -0.0440008 -0.264221 0.05 142067
0 3971 2 phononTS 0.00144443 -4.26328 -2.74061 0.0403122 1166.3 0.00034743 1 -0.0309384 -0.229832 0.05 29768.3
0 3971 17 phononTS 0.000889718 -0.0309384 -0.229832 0.049999 29768.3 0.00034743 1 -0.0196851 -0.234902 0.05 29825.7
0 3971 24 phononL 0.000392367 -0.0196851 -0.234902 0.049999 29825.7 0.00034743 1 -0.0485695 -0.148198 0.05 29873.3
0 3973 5 phononTS 0.00114338 -3.61773 4.30434 0.034102 126726 0.00069486 1 0.065796 -0.286617 0.05 233176
0 3975 2 phononTS 0.00198938 -4.47807 -2.70812 0.0134152 1618.99 0.00104229 1 -0.0628326 -0.13437 0.05 72123.8
0 3975 4 phononTF 0.000639656 -0.0628326 -0.13437 0.049999 72123.8 0.00034743 1 0.0201838 -0.165108 0.05 72328.9
0 3976 5 phononTS 0.000832669 -1.41668 -2.41988 0.000683081 23558.5 0.00034743 1 -0.0669162 -0.186201 0.05 333499
0 3976 7 phononTS 0.000397445 -0.0669162 -0.186201 0.049999 333499 0.00034743 1 0.0255479 -0.249811 0.05 333577
0 3978 3 phononTF 0.00118372 -4.02065 -0.656367 -0.0388728 34757.9 0.00069486 1 0.0754214 -0.113449 0.05 68942.2
0 3978 17 phononTS 0.00068166 4.73847 3.45748 0.0357204 197558 0.00034743 1 -0.0853147 -0.268828 0.05 208808
0 3985 5 phononTS 0.0011541 -0.452479 2.24812 -0.0164861 36378.4 0.00034743 1 -0.0391254 -0.150007 0.05 195477
0 3988 5 phononTS 0.00120296 -0.6511 1.41689 -0.0303212 86670.8 0.00034743 1 -0.0179496 -0.211698 0.05 166346
0 3991 4 phononTF 0.00125064 -3.58178 1.33286 -0.0103842 137048 0.00034743 1 -0.0937359 -0.146011 0.05 161210
0 3992 3 phononTF 0.00168557 -4.4994 -2.9524 -0.0354258 1517.11 0.00034743 1 -0.0605144 -0.169625 0.05 55843.2
0 3992 2 phononTS 0.00231443 -4.4994 -2.9524 -0.0354258 1517.11 0.00034743 1 -0.059036 -0.234484 0.05 210031
0 3993 8 phononTS 0.000440623 -2.88672 4.03704 0.00498304 428932 0.00034743 1 -0.0534195 -0.177758 0.05 656503
0 3997 5 phononTF 0.0013146 2.53658 -0.357258 0.00641928 33068.7 0.00034743 1 0.0792524 -0.197832 0.05 243096
0 3997 4 phononTF 0.00149928 2.53658 -0.357258 0.00641928 33068.7 0.00069486 1 0.0195102 -0.178547 0.05 56290.4
0 3997 16 phononTS 0.00035625 0.0195102 -0.178547 0.049999 56290.4 0.00034743 1 0.0590143 -0.164987 0.05 56403.5
0 3999 5 phononTS 0.00109562 0.647059 -1.06925 -0.0463129 15711.2 0.00034743 1 -0.0661379 -0.184956 0.05 17017.6
0 4005 5 phononTF 0.00111862 -3.41167 -1.81307 0.0222409 8183.27 0.00034743 1 -0.109878 -0.180655 0.05 375548
0 4008 9 phononTF 0.000853028 -1.47179 -1.89641 0.0360102 360211 0.00034743 1 -0.102793 -0.162644 0.05 403829
0 4010 7 phononTS 0.00203156 -2.45856 2.50103 0.0238296 19322.9 0.00034743 1 -0.0409893 -0.109843 0.05 67426.2
0 4010 9 phononTS 0.00131336 -0.0409893 -0.109843 0.049999 67426.2 0.00069486 1 -0.0992771 -0.156332 0.05 67502.9
0 4012 5 phononL 0.00131392 0.758181 4.76652 -0.0460895 32624.6 0.00069486 1 0.0575379 -0.169876 0.05 206954
0 4012 4 phononTS 0.00119217 0.758181 4.76652 -0.0460895 32624.6 0.00034743 1 -0.0408584 -0.215654 0.05 366846
0 4012 18 phononTF 0.000617719 -0.0408584 -0.215654 0.049999 366846 0.00034743 1 -0.041591 -0.215786 0.05 366920
0 4019 6 phononL 0.000834703 -2.80064 4.64648 0.00298742 163545 0.00034743 1 -0.0735394 -0.130739 0.05 224737
0 4022 2 phononTS 0.00162151 -3.21326 -3.79227 0.0374092 21907.8 0.00034743 1 -0.0677685 -0.106885 0.05 41778.8
0 4028 2 phononTF 0.000857459 -4.96289 -3.44349 -0.0389888 628.334 0.00034743 1 -0.0385931 -0.278503 0.05 27025.9
0 4029 3 phononTS 0.00178139 -3.88862 -3.52507 -0.0450817 6295.64 0.00069486 1 0.0722457 -0.243905 0.05 108731
0 4029 2 phononTS 0.00221861 -3.88862 -3.52507 -0.0450817 6295.64 0.00034743 1 -0.0467202 -0.154964 0.05 31530.9
0 4037 3 phononTS 0.00252225 -4.15227 -3.07714 -0.0327062 5927.2 0.00034743 1 0.0290068 -0.10155 0.05 33003.1
0 4037 6 phononTS 0.00213389 0.0290068 -0.10155 0.049999 33003.1 0.00069486 1 0.0293569 -0.141577 0.05 33094.9
0 4037 2 phononTF 0.00147775 -4.15227 -3.07714 -0.0327062 5927.2 0.00069486 1 -0.053176 -0.175768 0.05 573901
0 4042 2 phononL 0.0018848 -4.95418 -2.87928 -0.0207311 2342.44 0.00069486 1 -0.0782636 -0.187555 0.05 213800
0 4045 2 phononTS 0.00185711 -4.19339 -3.03767 0.0384866 7828.85 0.00034743 1 -0.0371958 -0.176955 0.05 73602.4
0 4046 3 phononTF 0.00184226 -3.48104 -2.87143 0.0129617 6883.18 0.00034743 1 0.0802695 -0.118949 0.05 164893
0 4048 2 phononL 0.00170766 -4.57431 -4.62799 -0.0274378 24157.9 0.00034743 1 0.024152 -0.122697 0.05 241658
0 4049 4 phononTF 0.00117243 3.70703 -3.93493 0.0370638 94757.1 0.00034743 1 0.0519244 -0.274271 0.05 309466
0 4053 3 phononTF 0.00139344 -4.59426 -3.0011 0.0236355 439.381 0.00034743 1 0.0282155 -0.211099 0.05 454742
0 4053 4 phononTS 0.000352777 0.0282155 -0.211099 0.049998 454742 0.00034743 1 -0.0644161 -0.118822 0.05 635330
0 4057 2 phononL 0.00193176 -4.25681 -2.80618 -0.0162956 549.429 0.00069486 1 -0.0232328 -0.250211 0.05 26038.9
0 4059 7 phononL 0.000548345 2.77095 1.83168 0.0434854 142491 0.00034743 1 0.0532732 -0.284106 0.05 305000
0 4064 5 phononL 0.00150566 3.30258 3.07223 0.0393 70892 0.00069486 1 -0.109586 -0.194885 0.05 383617
0 4064 9 phononTS 0.00041901 -0.109586 -0.194885 0.049999 383617 0.00034743 1 -0.0759145 -0.156037 0.05 383686
0 4064 4 phononTF 0.000662222 3.30258 3.07223 0.0393 70892 0.00034743 1 0.0682579 -0.217092 0.05 229861
0 4065 3 phononTS 0.00177948 -4.56564 -1.73561 -0.0401567 10431.2 0.00069486 1 0.0755896 -0.20228 0.05 200322
0 4066 2 phononL 0.00187754 -4.99519 -2.42486 -0.00395219 840.807 0.00034743 1 0.0712071 -0.254103 0.05 197583
0 4071 5 phononTF 0.000937523 4.74588 3.11539 0.0286858 48395.6 0.00034743 1 -0.0254725 -0.193486 0.05 214334
0 4072 2 phononTS 0.00154634 -4.25098 -4.07556 0.0323809 1989.48 0.00069486 1 0.0492851 -0.273923 0.05 316955
0 4076 4 phononL 0.00088484 -2.20826 -4.60166 0.0156534 64453 0.00069486 1 0.0495022 -0.298553 0.05 123280
0 4078 4 phononTF 0.00155185 -0.904664 -3.39349 0.0257444 25817.8 0.00034743 1 0.0551068 -0.122898 0.05 73635.1
0 4078 8 phononTS 0.000984079 0.0551068 -0.122898 0.049998 73635.1 0.00069486 1 0.0513591 -0.106334 0.05 73691.8
0 4080 5 phononL 0.00105029 -2.94324 0.220162 0.00982807 38143.2 0.00034743 1 0.107737 -0.235051 0.05 120293
0 4080 7 phononL 0.000421658 0.107737 -0.235051 0.049998 120293 0.00034743 1 0.0606445 -0.28093 0.05 120618
0 4085 7 phononTS 0.00124016 -3.29291 -3.16428 0.0329829 71048.5 0.00034743 1 0.0333812 -0.231339 0.05 224021
0 4086 7 phononL 0.00108562 -1.37956 0.20458 -0.0234805 416462 0.00034743 1 -0.111635 -0.167794 0.05 633919
0 4093 2 phononTS 0.00183738 -3.55785 -2.67597 0.0422324 3761.44 0.00069486 1 0.0326333 -0.273307 0.05 20202.6
0 4094 3 phononL 0.00120066 -3.8402 -3.64759 -0.0136455 8459.16 0.00069486 1 0.0747123 -0.192269 0.05 137662
0 4095 2 phononL 0.00207263 -4.85982 -3.84473 0.0468052 2349.5 0.00104229 1 -0.0853362 -0.16 0.05 50375.7
0 4098 5 phononTS 0.00168092 -1.52844 -2.25478 0.00381862 22287 0.00034743 1 -0.0886654 -0.253409 0.05 43336.7
0 4100 5 phononL 0.00148357 -1.44148 -2.87931 0.032293 62889.7 0.00069486 1 -0.0420875 -0.296992 0.05 218777
0 4112 4 phononTF 0.00110288 1.42423 4.12657 -0.0416342 113832 0.00034743 1 -0.119561 -0.190357 0.05 130910
0 4113 2 phononTS 0.00193816 -4.66818 -3.42005 0.00177534 3870.51 0.00069486 1 -0.0719089 -0.122286 0.05 444275
0 4115 5 phononTF 0.00116567 -0.0579328 0.730371 0.0366548 98759.5 0.00069486 1 -0.012892 -0.20449 0.05 104510
0 4120 4 phononTS 0.00145239 -4.34287 -0.975137 0.0308701 6967.63 0.00034743 1 -0.0513755 -0.295592 0.05 161073
0 4123 3 phononTS 0.00172224 -1.22314 -0.368171 0.00827468 29339.8 0.00034743 1 0.0436905 -0.146455 0.05 30919.8
0 4123 10 phononTS 0.00100565 -4.71026 4.04584 0.017685 39623.6 0.00034743 1 -0.0253142 -0.185764 0.05 217696
0 4124 4 phononTF 0.00054458 -2.30325 -1.64049 0.0437426 209405 0.00034743 1 -0.0963542 -0.210998 0.05 445311
0 4127 5 phononTS 0.00143773 -3.55799 -3.15278 0.0359415 13134.8 0.00034743 1 0.103726 -0.215706 0.05 83560.2
0 4131 2 phononTS 0.00164912 -3.21991 -2.8124 -0.0226011 4587.01 0.00034743 1 -0.0271303 -0.160572 0.05 124629
0 4132 4 phononTS 0.000816517 2.69838 -0.144564 -0.0481241 87405.2 0.00034743 1 -0.104332 -0.1973 0.05 211115
0 4135 4 phononL 0.00160226 -1.95921 -2.22875 -0.00399319 73310.9 0.00069486 1 0.0332186 -0.272729 0.05 159320
0 4135 2 phononTS 0.00137086 -4.85379 -1.27781 -0.0219748 18575.9 0.00069486 1 -0.0704417 -0.168261 0.05 35395.1
0 4137 4 phononTS 0.00165711 -3.91051 -4.1311 -0.0374593 10058.2 0.00069486 1 -0.0261206 -0.23919 0.05 79622.3
0 4139 6 phononTS 0.000635713 1.0719 0.462744 -0.00662394 115020 0.00034743 1 -0.0652214 -0.179407 0.05 795556
0 4142 4 phononL 0.00127533 2.30536 -3.66311 0.046535 35022.1 0.00034743 1 0.0222385 -0.246178 0.05 57754.6
0 4142 7 phononTS 0.000830938 0.0222385 -0.246178 0.049999 57754.6 0.00034743 1 -0.0864625 -0.184019 0.05 73907.7
0 4143 4 phononTF 0.00151937 -4.33469 -0.928075 0.0265664 8793.35 0.00034743 1 0.0947958 -0.223061 0.05 129067
0 4143 7 phononTF 0.000829101 0.0947958 -0.223061 0.049999 129067 0.00034743 1 -0.118609 -0.198513 0.05 129333
0 4143 12 phononTS 0.000412452 -0.118609 -0.198513 0.049999 129333 0.00034743 1 0.0194356 -0.243646 0.05 129425
0 4144 5 phononTS 0.00174901 -0.944767 -2.14805 -0.0453481 77626.2 0.00104229 1 0.028415 -0.195456 0.05 133564
0 4144 4 phononTS 0.000665849 -0.944767 -2.14805 -0.0453481 77626.2 0.00034743 1 -0.0881539 -0.229923 0.05 80343.6
0 4145 2 phononTS 0.00279954 -4.67323 -2.87081 -0.00365002 2351.08 0.00069486 1 -0.115867 -0.183372 0.05 56532
0 4146 4 phononTF 0.00162303 -3.45185 -4.68035 -0.03808 29857.5 0.00034743 1 -0.0464623 -0.153588 0.05 54237.1
0 4146 2 phononTF 0.00102952 -2.85953 -4.37563 -0.0496918 25914 0.00034743 1 -0.0655085 -0.267307 0.05 68756.7
0 4148 4 phononTF 0.00120333 -0.539043 -4.78837 0.0309623 29481.2 0.00034743 1 -0.0959383 -0.235115 0.05 106640
0 4148 2 phononL 0.00117284 -4.49183 -2.97416 -0.00514017 2363.8 0.00034743 1 0.0420827 -0.218127 0.05 203344
0 4148 16 phononL 0.000596903 0.0420827 -0.218127 0.049998 203344 0.00034743 1 -0.0557639 -0.205538 0.05 217785
0 4149 5 phononTS 0.00181718 -1.00408 2.68515 -0.0397013 15956.5 0.00034743 1 -0.0523455 -0.188419 0.05 235958
0 4155 3 phononTF 0.00179063 -4.58042 -2.52316 0.00483902 2591.5 0.00069486 1 -0.0328556 -0.199573 0.05 126490
0 4155 4 phononL 0.000602909 -0.0328556 -0.199573 0.049999 126490 0.00034743 1 -0.048228 -0.187158 0.05 127014
0 4156 5 phononTF 0.00173311 -4.04575 -0.497131 0.0353981 38305.2 0.00034743 1 0.0825259 -0.273419 0.05 43043.8
0 4156 6 phononTS 0.000752162 0.0825259 -0.273419 0.049999 43043.8 0.00034743 1 0.0457258 -0.276883 0.05 43171.3
0 4161 5 phononTS 0.000857813 2.9394 3.49862 -0.0384644 466633 0.00034743 1 0.0357774 -0.178568 0.05 533699
0 4163 3 phononL 0.00192469 -4.3349 -3.13005 0.00203006 4946.38 0.00069486 1 0.0673801 -0.23207 0.05 83563.3
0 4164 4 phononTS 0.00167926 0.720239 -4.79153 0.0118771 23821 0.00034743 1 -0.0740404 -0.238143 0.05 115709
0 4165 5 phononTS 0.000900016 -1.07608 -4.73787 -0.0401636 18668.8 0.00034743 1 -0.1018 -0.20627 0.05 73822.5
0 4171 5 phononTF 0.00114786 0.34915 -1.19428 0.0131496 370721 0.00034743 1 -0.0647788 -0.244501 0.05 430218
0 4172 2 phononTS 0.00187379 -4.78268 -2.05889 -0.0257164 3948.13 0.00034743 1 -0.0738338 -0.13192 0.05 398729
0 4173 2 phononTF 0.00162986 -4.12416 -2.42672 0.0439907 3104.57 0.00034743 1 -0.028871 -0.261896 0.05 19003.4
0 4173 7 phononTF 0.000517793 -0.028871 -0.261896 0.049999 19003.4 0.00034743 1 0.0837907 -0.259597 0.05 19068.1
0 4174 2 phononTS 0.00248688 -4.53749 -2.97475 0.0365615 1501.61 0.00104229 1 -0.118344 -0.186227 0.05 151029
0 4181 3 phononTS 0.0022577 -4.90121 -2.22404 0.0236279 526.086 0.00034743 1 -0.0939791 -0.186755 0.05 163785
0 4181 2 phononL 0.0017423 -4.90121 -2.22404 0.0236279 526.086 0.00069486 1 -0.101118 -0.18523 0.05 116705
0 4184 6 phononTF 0.00088657 3.09958 -0.114009 -0.0242952 70460.3 0.00034743 1 -0.0505653 -0.289079 0.05 119201
0 4189 5 phononTF 0.00177698 -4.36108 -3.81371 -0.017737 31177.5 0.00034743 1 0.0956592 -0.132587 0.05 204446
0 4190 5 phononTS 0.00111475 -3.4758 -4.53902 -0.00926433 22839.3 0.00034743 1 0.0897108 -0.16988 0.05 579991
0 4190 8 phononTS 0.000543967 0.0897108 -0.16988 0.049999 579991 0.00034743 1 -0.0675517 -0.137841 0.05 791994
0 4195 3 phononTF 0.00211671 -4.26943 -4.72903 -0.00278742 11010.1 0.00069486 1 0.046268 -0.136133 0.05 208942
0 4197 4 phononTS 0.00104128 -3.97344 -1.30965 0.00587233 62594.4 0.00034743 1 -0.0460393 -0.102675 0.05 190459
0 4197 8 phononTS 0.000493643 -0.0460393 -0.102675 0.049998 190459 0.00034743 1 0.0663038 -0.106025 0.05 206376
0 4199 5 phononTS 0.000866531 -2.52782 4.09328 0.0157825 53820.7 0.00069486 1 -0.0176557 -0.215679 0.05 187849
0 4207 4 phononL 0.0012292 3.36544 1.05085 -0.0205919 135719 0.00069486 1 0.0718508 -0.14172 0.05 426728
0 4210 8 phononTS 0.00057226 -3.67809 -0.906227 -0.0281948 63821.3 0.00034743 1 0.0629452 -0.194329 0.05 605210
0 4211 4 phononL 0.00101303 -3.78916 -0.858352 -0.01342 5486.76 0.00069486 1 0.078063 -0.129938 0.05 87742.6
0 4211 2 phononTS 0.00172044 -4.91927 -2.87222 0.0442001 1712.51 0.00034743 1 0.0889234 -0.195692 0.05 74328.8
0 4214 7 phononTS 0.00121363 -4.29797 1.70236 -0.0138031 158278 0.00034743 1 0.0476607 -0.198657 0.05 1.06114e+06
0 4214 9 phononTS 0.000405132 0.0476607 -0.198657 0.049998 1.06114e+06 0.00034743 1 0.0626356 -0.231753 0.05 1.06128e+06
0 4225 4 phononTS 0.00130991 -3.1574 -3.77189 0.000769104 22071.6 0.00034743 1 -0.0889053 -0.240098 0.05 35490.3
0 4232 4 phononTF 0.0018916 1.08644 -1.4005 0.000779071 14512.7 0.00034743 1 0.0522417 -0.188188 0.05 88339.8
0 4233 2 phononL 0.00222646 -4.90537 -4.20906 0.023091 6659.03 0.00069486 1 0.0611479 -0.278988 0.05 16627.8
0 4236 8 phononL 0.000609096 4.20634 -3.91015 0.0174655 808053 0.00034743 1 0.02792 -0.199972 0.05 1.06564e+06
0 4246 2 phononTF 0.00115527 -4.38735 -4.26738 -0.00637525 11941.7 0.00034743 1 -0.100745 -0.229876 0.05 73132.5
0 4248 6 phononTS 0.00111687 1.76671 -0.462015 0.0363749 140160 0.00069486 1 0.0545466 -0.22562 0.05 170658
0 4249 4 phononTS 0.00147522 -4.06416 1.82844 -0.0424004 260200 0.00034743 1 0.0988581 -0.22973 0.05 296794
0 4259 2 phononTS 0.00133007 -4.91365 -3.50286 0.0132868 10859.5 0.00034743 1 -0.088795 -0.154846 0.05 237342
0 4259 7 phononTF 0.00091038 -0.088795 -0.154846 0.049999 237342 0.00034743 1 -0.0669456 -0.163869 0.05 237487
0 4260 5 phononTF 0.00112605 -4.34219 -1.22512 0.042316 12056 0.00034743 1 -0.0138749 -0.209517 0.05 36900
0 4260 4 phononTS 0.0015394 -4.34219 -1.22512 0.042316 12056 0.00034743 1 -0.110264 -0.176833 0.05 114164
0 4260 2 phononTS 0.00133455 -4.95529 -2.26645 0.0389186 9884.04 0.00069486 1 0.0499569 -0.255682 0.05 324294
0 4265 2 phononTS 0.00171451 -3.85166 -2.91144 0.00103797 5514.64 0.00034743 1 0.0960885 -0.158705 0.05 344811
0 4268 2 phononTS 0.00134099 -4.31227 -3.33959 -0.00871835 6589.31 0.00034743 1 -0.0430693 -0.105246 0.05 38429.1
0 4271 2 phononL 0.00157282 -4.26284 -3.40209 -0.00284325 2769.04 0.00069486 1 0.0314314 -0.284948 0.05 122335
0 4275 7 phononL 0.000447436 -3.35245 4.67761 -0.0108846 81939.4 0.00034743 1 -0.0607955 -0.106668 0.05 582564
0 4276 6 phononL 0.00112265 -2.66609 -3.09456 -0.0416709 15461.3 0.00034743 1 0.0650343 -0.111604 0.05 34704.4
0 4276 9 phononTS 0.000481401 0.0650343 -0.111604 0.049999 34704.4 0.00034743 1 0.0276001 -0.156996 0.05 34770.6
0 4279 5 phononL 0.00110707 -1.43998 -4.61725 -0.0117442 48512.9 0.00034743 1 0.0202406 -0.231719 0.05 464144
0 4281 4 phononTF 0.00173712 -3.95307 -3.3996 0.00986039 9175.58 0.00034743 1 0.0191916 -0.247268 0.05 457730
0 4287 5 phononL 0.000917738 -4.5034 -2.29481 -0.0474028 1904.11 0.00034743 1 -0.0313241 -0.12439 0.05 37023.5
0 4288 2 phononTF 0.00162229 -3.84737 -2.73071 -0.023379 7907.21 0.00069486 1 -0.039723 -0.295699 0.05 48040.6
0 4290 2 phononTS 0.00212184 -4.90661 -2.4063 -0.0466788 408.912 0.00069486 1 -0.0910195 -0.141916 0.05 310859
0 4292 5 phononL 0.00129424 -3.03344 0.261024 -0.00719149 10949.2 0.00034743 1 -0.038877 -0.170243 0.05 199108
0 4292 2 phononTS 0.00130754 -3.19108 -0.687664 -0.0195373 8964.77 0.00034743 1 0.0927115 -0.149023 0.05 27793.4
0 4299 6 phononTF 0.000569465 -1.48073 -2.52586 0.026953 160830 0.00034743 1 -0.0719695 -0.273251 0.05 264993
0 4302 3 phononL 0.00172216 -4.30232 -2.47488 -0.0206132 2975.21 0.00034743 1 0.0663536 -0.230395 0.05 90539.5
0 4306 2 phononTS 0.00240555 -2.4879 -2.494 -0.0115693 6051.91 0.00034743 1 0.100392 -0.169135 0.05 13196.5
0 4307 4 phononTF 0.00169536 -4.25841 -1.20667 0.0492205 11750.3 0.00034743 1 0.0231541 -0.182593 0.05 482731
0 4307 7 phononTF 0.000725012 0.0231541 -0.182593 0.049999 482731 0.00034743 1 -0.0868989 -0.196857 0.05 739285
0 4307 6 phononL 0.000395582 0.0231541 -0.182593 0.049999 482731 0.00034743 1 0.0304001 -0.0949062 0.05 482915
0 4311 3 phononTS 0.00136984 -4.28076 -2.61599 -0.0368711 2996.69 0.00034743 1 -0.0272503 -0.152848 0.05 347915
0 4315 2 phononL 0.00114 -3.59495 -4.75735 0.0452246 8016.63 0.00034743 1 -0.0490237 -0.189902 0.05 71617.5
0 4316 5 phononTF 0.00232728 -3.91601 -2.89265 0.00644099 4100.72 0.00034743 1 -0.0400423 -0.195703 0.05 156189
0 4316 8 phononTF 0.00068057 -0.0400423 -0.195703 0.049999 156189 0.00034743 1 -0.0469815 -0.126593 0.05 156254
0 4317 1 phononTF 0.004 -4.75 -2.75 0 0 0.00069486 1 -0.0309495 -0.150498 0.05 13941.9
0 4317 6 phononTF 0.000469953 -0.0309495 -0.150498 0.049999 13941.9 0.00034743 1 -0.0780886 -0.141162 0.05 14004.3
0 4318 2 phononTF 0.00248041 -2.29342 -2.93109 -0.036902 17934.6 0.00034743 1 -0.0276374 -0.199781 0.05 50856.5
0 4318 4 phononTS 0.000932399 -0.0276374 -0.199781 0.049999 50856.5 0.00069486 1 0.0722041 -0.150825 0.05 50939.8
0 4320 7 phononTF 0.00110046 -2.28572 2.6144 0.0279036 110502 0.00034743 1 -0.0822088 -0.277984 0.05 118057
0 4323 3 phononTF 0.00153316 -3.97193 -4.74777 0.0286913 11441.6 0.00104229 1 -0.0505116 -0.185522 0.05 34822.8
0 4327 2 phononTF 0.00132249 -4.41347 -4.81269 0.0152239 6148.7 0.00034743 1 -0.0632307 -0.19163 0.05 241109
0 4332 3 phononTS 0.00241792 -4.38173 -2.78903 0.012097 5825.1 0.00069486 1 -0.0191289 -0.229773 0.05 148288
0 4337 5 phononL 0.000897219 0.527466 -3.26276 0.0222709 14172 0.00034743 1 0.0311652 -0.107939 0.05 316769
0 4339 5 phononTS 0.00172181 3.97594 -1.53613 0.0381278 57965 0.00034743 1 0.0481026 -0.128265 0.05 188265
0 4340 7 phononL 0.000913089 -1.20535 4.66266 0.0497992 48231.3 0.00034743 1 0.0582673 -0.214409 0.05 261113
0 4342 2 phononTF 0.00151465 -4.1065 -1.49079 0.0239668 2372.89 0.00034743 1 -0.0882893 -0.156726 0.05 45307.5
0 4342 6 phononTS 0.00102541 -0.0882893 -0.156726 0.049999 45307.5 0.00034743 1 -0.0305443 -0.193936 0.05 340593
0 4343 5 phononTF 0.00155145 -2.13931 -3.66103 0.0403249 9404.04 0.00069486 1 -0.0474551 -0.124366 0.05 185320
0 4344 5 phononTF 0.000748879 -4.77066 1.60864 0.0424769 17508.1 0.00034743 1 0.0412449 -0.301781 0.05 269317
0 4346 7 phononTS 0.0012746 4.17407 3.07823 0.0367052 41008.4 0.00034743 1 -0.0627831 -0.1754 0.05 135826
0 4346 8 phononL 0.000688513 -0.0627831 -0.1754 0.049999 135826 0.00034743 1 0.0471791 -0.27275 0.05 140657
0 4348 5 phononTS 0.00114088 0.210616 -2.43017 -0.017338 261266 0.00034743 1 0.0712009 -0.182447 0.05 366879
0 4350 7 phononTS 0.00177194 -4.38915 -0.215492 -0.00447175 42073.6 0.00069486 1 0.0330922 -0.128275 0.05 196685
0 4353 2 phononTS 0.00177395 -4.61419 -2.73888 0.0169702 46.3176 0.00069486 1 0.0370619 -0.148697 0.05 98265.5
0 4353 8 phononL 0.000570699 0.0370619 -0.148697 0.049999 98265.5 0.00034743 1 -0.0378205 -0.149943 0.05 98695.5
0 4355 3 phononL 0.00275764 -4.73922 -1.32496 -0.046217 22387.4 0.00034743 1 0.100414 -0.229845 0.05 46197.8
0 4355 4 phononTF 0.000852687 0.100414 -0.229845 0.049999 46197.8 0.00034743 1 0.0949622 -0.25138 0.05 46323.3
0 4361 6 phononL 0.000348233 4.57847 -4.42265 -0.00781572 268373 0.00034743 1 0.0475066 -0.284631 0.05 878118
0 4361 2 phononTS 0.00126866 -3.79719 -4.84809 0.0385288 6118.85 0.00034743 1 0.0923701 -0.195002 0.05 14101.6
0 4362 2 phononTS 0.00220164 -4.29701 -1.48571 0.0253658 14755.6 0.00034743 1 0.0372436 -0.202494 0.05 59506.3
0 4362 5 phononTS 0.000459694 0.0372436 -0.202494 0.049999 59506.3 0.00034743 1 0.046014 -0.22934 0.05 151264
0 4363 6 phononL 0.00125559 2.90065 0.19621 0.00308401 113670 0.00034743 1 -0.0360976 -0.222336 0.05 127265
0 4366 6 phononTS 0.00123687 -1.13003 3.72711 -0.00556731 82627.7 0.00069486 1 -0.0873411 -0.145438 0.05 209600
0 4370 3 phononL 0.00155653 -2.71231 -2.20488 0.00195612 27678.8 0.00034743 1 -0.0804915 -0.283682 0.05 74065.1
0 4371 5 phononTF 0.00116676 -3.84982 -2.36196 0.0436667 26540.9 0.00069486 1 0.0991477 -0.234283 0.05 258497
0 4371 4 phononTS 0.0013715 -3.84982 -2.36196 0.0436667 26540.9 0.00034743 1 -0.0416074 -0.277052 0.05 55549.1
0 4371 16 phononTF 0.000846627 -0.0416074 -0.277052 0.049999 55549.1 0.00034743 1 -0.0953028 -0.229137 0.05 74174.9
0 4381 2 phononTS 0.0024936 -2.53657 -2.65451 -0.0445068 10655 0.00034743 1 -0.073187 -0.239785 0.05 59050.7
0 4381 12 phononL 0.00059554 4.30912 4.23942 0.023208 216774 0.00034743 1 -0.0276347 -0.138777 0.05 243605
0 4385 7 phononTS 0.00245397 -4.19021 0.82449 0.0153637 24416.1 0.00069486 1 -0.0584233 -0.183926 0.05 71986.8
0 4385 11 phononTS 0.000452555 -0.0584233 -0.183926 0.049999 71986.8 0.00034743 1 0.0965551 -0.143421 0.05 78161.1
0 4386 2 phononTF 0.00290756 -4.05537 -2.0298 0.0476554 2181.97 0.00069486 1 -0.0222446 -0.13967 0.05 53506.8
0 4386 5 phononL 0.00211728 -0.0222446 -0.13967 0.049999 53506.8 0.00069486 1 -0.0423509 -0.171869 0.05 53555.1
0 4399 2 phononTF 0.00218828 -4.51306 -3.05787 -0.00904844 684.79 0.00034743 1 0.0862798 -0.170679 0.05 41074.5
0 4399 6 phononL 0.000700618 0.0862798 -0.170679 0.049999 41074.5 0.00034743 1 0.0340204 -0.200072 0.05 93277.3
0 4400 5 phononTS 0.000989482 -3.04629 -1.08179 -0.005626 34517.8 0.00034743 1 0.104226 -0.212992 0.05 98226.6
0 4400 11 phononTS 0.000371585 3.22271 -1.2394 0.0354986 69619.9 0.00034743 1 0.0499775 -0.120546 0.05 1.39695e+06
0 4408 3 phononTF 0.00187571 -3.38765 -2.83091 -0.033121 11945.7 0.00034743 1 -0.113011 -0.191002 0.05 56765.5
0 4408 5 phononTS 0.000689072 -0.113011 -0.191002 0.049999 56765.5 0.00034743 1 -0.0234871 -0.250531 0.05 92365.5
0 4413 4 phononTF 0.000489068 2.42601 2.08355 0.0402085 106254 0.00034743 1 0.0888165 -0.190132 0.05 255167
0 4414 5 phononTS 0.00154423 -2.33507 -1.28419 0.0205793 20143.5 0.00034743 1 -0.0685943 -0.145255 0.05 23601
0 4414 4 phononL 0.00112911 -2.33507 -1.28419 0.0205793 20143.5 0.00034743 1 -0.0926083 -0.192419 0.05 26480.8
0 4417 2 phononTS 0.00192343 -4.44991 0.194003 -0.0234927 10308.7 0.00034743 1 0.0405047 -0.20076 0.05 531951
0 4417 4 phononTF 0.000695895 0.0405047 -0.20076 0.049999 531951 0.00034743 1 0.0237178 -0.242689 0.05 532009
0 4418 3 phononTS 0.00106463 -4.65257 -2.89439 0.0281783 4154.48 0.00034743 1 0.0916443 -0.220276 0.05 69219.1
0 4418 13 phononTF 0.000704993 2.22719 0.363253 -0.0203502 201828 0.00034743 1 0.0592123 -0.146927 0.05 207497
0 4419 4 phononL 0.00125253 -4.86084 1.2091 0.0274991 15324.5 0.00034743 1 -0.065603 -0.190341 0.05 329117
0 4419 6 phononTF 0.000521147 -0.065603 -0.190341 0.049999 329117 0.00034743 1 -0.0157533 -0.212936 0.05 329201
0 4421 6 phononL 0.000798921 -3.53896 2.21698 -0.0248488 139508 0.00034743 1 0.0943359 -0.153985 0.05 521888
0 4424 7 phononTS 0.00146969 -2.77843 -3.82016 0.0318612 94723.7 0.00034743 1 0.0658784 -0.220038 0.05 248602
0 4424 8 phononTF 0.000479487 0.0658784 -0.220038 0.049999 248602 0.00034743 1 -0.0706592 -0.198686 0.05 248681
0 4427 3 phononTF 0.00200669 -4.46514 -2.26825 -0.0319508 9399.59 0.00034743 1 0.0405573 -0.293974 0.05 24753.7
0 4427 8 phononTF 0.000511402 0.0405573 -0.293974 0.049999 24753.7 0.00034743 1 -0.0905768 -0.149948 0.05 25562.6
0 4428 4 phononTF 0.000928239 -4.65696 -3.19777 0.0108968 40830.1 0.00034743 1 -0.0592897 -0.208462 0.05 100464
0 4429 7 phononL 0.00080899 -3.16648 -2.91591 -0.00973752 165577 0.00034743 1 0.047688 -0.153826 0.05 290967
0 4431 2 phononTF 0.00190464 -4.94682 -2.28246 -0.0389751 3248.47 0.00034743 1 -0.0627465 -0.141821 0.05 131436
0 4432 5 phononTF 0.000747875 1.04048 0.892932 -0.00174138 184252 0.00034743 1 0.064361 -0.257331 0.05 354257
0 4432 4 phononTS 0.00171257 1.04048 0.892932 -0.00174138 184252 0.00034743 1 0.0534141 -0.297226 0.05 189410
0 4432 11 phononTF 0.000913928 0.0534141 -0.297226 0.049999 189410 0.00034743 1 -0.088793 -0.200378 0.05 189572
0 4433 7 phononTS 0.00109308 4.53815 -2.27113 -0.0297193 117268 0.00069486 1 0.0886729 -0.256356 0.05 318546
0 4434 2 phononL 0.00142273 -4.85417 -2.73968 0.0407227 41.435 0.00069486 1 0.0700212 -0.243352 0.05 163936
0 4438 5 phononTS 0.00102546 -3.45702 2.64614 0.0454779 26234.5 0.00034743 1 -0.078277 -0.179911 0.05 238057
0 4438 4 phononTF 0.000925995 -3.45702 2.64614 0.0454779 26234.5 0.00034743 1 0.045274 -0.265504 0.05 117650
0 4442 3 phononL 0.00155614 -4.639 -4.79249 0.0202062 6813 0.00069486 1 -0.0183929 -0.247848 0.05 242229
0 4442 14 phononL 0.00104537 -2.13024 -3.4915 -0.0496711 31740.2 0.00034743 1 -0.0869111 -0.213662 0.05 561647
0 4452 2 phononTF 0.000563191 -4.68321 -2.77922 0.013799 14.505 0.00034743 1 -0.067497 -0.216584 0.05 313943
0 4453 5 phononTF 0.000703824 -2.21219 2.7816 0.027827 91971.7 0.00034743 1 -0.063374 -0.106864 0.05 183718
0 4453 4 phononTS 0.000455186 -2.21219 2.7816 0.027827 91971.7 0.00034743 1 -0.0697363 -0.114636 0.05 205022
0 4454 4 phononL 0.00124578 -3.45528 -4.92623 -0.0261384 56981.4 0.00034743 1 -0.0791266 -0.122748 0.05 162887
0 4455 5 phononL 0.00108106 -4.09365 1.27594 0.0469444 24665.2 0.00034743 1 -0.0551954 -0.169432 0.05 531992
0 4456 4 phononTS 0.00137104 1.60419 0.651407 0.038877 80404.7 0.00034743 1 -0.0712536 -0.193595 0.05 110333
0 4457 5 phononL 0.00113769 -4.11049 -1.78991 -0.0461047 10484.1 0.00069486 1 -0.0198881 -0.220184 0.05 295125
0 4461 3 phononTS 0.00174986 -4.89269 -2.17244 -0.0497921 4485.44 0.00069486 1 -0.0402247 -0.202691 0.05 119628
0 4461 16 phononL 0.00180522 -0.482791 1.28558 0.0152622 39590.5 0.00034743 1 0.0709325 -0.216814 0.05 176572
0 4462 3 phononTS 0.00209863 -4.03627 -1.68453 0.0273116 6493.96 0.00034743 1 -0.0186389 -0.237456 0.05 19238.2
0 4462 5 phononTS 0.000577792 -0.0186389 -0.237456 0.049999 19238.2 0.00034743 1 0.0254623 -0.135245 0.05 149039
0 4464 4 phononTF 0.000572001 2.00599 3.91395 0.0351506 52529.2 0.00034743 1 0.0765896 -0.227596 0.05 339675
0 4468 5 phononTF 0.00238088 3.33907 -3.34271 0.00189175 149952 0.00069486 1 -0.112179 -0.173904 0.05 196765
0 4470 5 phononTF 0.000703593 2.56398 -3.45023 0.00875213 101588 0.00034743 1 -0.0329259 -0.221926 0.05 126430
0 4472 5 phononTS 0.00160806 -3.52937 0.36444 0.00876048 22597.5 0.00034743 1 -0.0548619 -0.263839 0.05 47364.2
0 4474 3 phononTS 0.00183271 -4.92669 -2.14977 0.0432392 7449.62 0.00034743 1 -0.0233857 -0.277015 0.05 81408.2
0 4474 5 phononTS 0.00103302 -0.0233857 -0.277015 0.049999 81408.2 0.00034743 1 0.0414933 -0.198002 0.05 139738
0 4476 3 phononL 0.00276342 -3.32014 -3.1742 -0.00301773 21652.6 0.00034743 1 -0.0573646 -0.138946 0.05 43062
0 4476 6 phononTF 0.00115411 -0.0573646 -0.138946 0.049999 43062 0.00069486 1 0.021876 -0.139168 0.05 43122.9
0 4479 2 phononL 0.0014147 -1.88924 -3.72075 -0.0477698 15073.6 0.00069486 1 -0.025229 -0.14888 0.05 89381.1
0 4480 4 phononTS 0.00153722 2.48729 2.24468 0.0314368 147138 0.00034743 1 -0.0521861 -0.162554 0.05 469364
0 4480 2 phononL 0.00119759 -3.50442 -3.46682 0.0494781 8101.67 0.00034743 1 -0.0180348 -0.181884 0.05 55875.9
0 4483 6 phononL 0.00110137 2.67029 1.67757 0.0377263 44345.6 0.00034743 1 -0.0701017 -0.137345 0.05 117338
0 4486 4 phononL 0.000882066 3.06162 3.22918 0.045677 51069.3 0.00034743 1 -0.0838594 -0.134922 0.05 274105
0 4487 3 phononTF 0.00262879 -3.99268 -3.53649 0.0262981 5290.85 0.00069486 1 -0.0944073 -0.248296 0.05 54630.8
0 4491 2 phononTF 0.00197213 -3.84643 -3.05342 0.0161081 9171.36 0.00069486 1 0.0897429 -0.178345 0.05 339300
0 4491 4 phononTS 0.000355976 0.0897429 -0.178345 0.049999 339300 0.00034743 1 0.0515359 -0.164599 0.05 339367
0 4493 5 phononTS 0.00110017 -4.42033 1.37345 0.0215576 63942.7 0.00034743 1 0.106642 -0.217038 0.05 123996
0 4500 6 phononTF 0.000545763 -0.170278 0.0757305 0.0277878 516473 0.00034743 1 -0.0474772 -0.118917 0.05 590134
0 4504 5 phononL 0.00135498 2.90364 4.65677 0.0245372 55345.2 0.00034743 1 -0.117169 -0.188698 0.05 144744
0 4505 4 phononTF 0.00120263 4.80021 0.0686737 0.0146049 86177.2 0.00034743 1 -0.0626316 -0.258799 0.05 111391
0 4507 3 phononTF 0.00130702 -3.95722 -3.56434 0.00259289 2808.56 0.00034743 1 -0.029542 -0.116331 0.05 65743.4
0 4507 12 phononL 0.00101529 -2.34193 3.7238 0.0249825 468286 0.00034743 1 0.0435019 -0.229796 0.05 499367
0 4509 2 phononTS 0.00197775 -3.61945 -2.95443 0.0337086 7805.89 0.00034743 1 0.0344376 -0.146575 0.05 74763.9
0 4512 5 phononTS 0.0007907 0.848294 -0.897453 -0.037823 58611.4 0.00034743 1 0.0150896 -0.202873 0.05 131680
0 4512 8 phononTS 0.000408759 0.0150896 -0.202873 0.049998 131680 0.00034743 1 -0.0698162 -0.168938 0.05 132192
0 4512 4 phononTS 0.00202081 0.848294 -0.897453 -0.037823 58611.4 0.00069486 1 0.0712367 -0.19834 0.05 173422
0 4512 2 phononTF 0.00118849 -4.2029 -3.94254 0.0219934 8668.63 0.00034743 1 0.0914553 -0.254785 0.05 94899.9
0 4515 7 phononTS 0.00116372 -4.0507 -4.12327 -0.027059 51332.7 0.00034743 1 -0.0826719 -0.217914 0.05 243804
0 4516 2 phononTF 0.00141506 -4.9138 -2.58929 -0.0140639 304.299 0.00034743 1 -0.0161134 -0.181373 0.05 75169.4
0 4520 4 phononTF 0.000758182 -4.87576 -3.64262 0.0229175 5848.16 0.00034743 1 0.02277 -0.2247 0.05 217101
0 4523 5 phononTF 0.000609438 4.46516 -3.85328 0.049717 184816 0.00034743 1 -0.0369578 -0.15926 0.05 328578
0 4523 4 phononTS 0.00129346 4.46516 -3.85328 0.049717 184816 0.00034743 1 0.0997957 -0.234609 0.05 403761
0 4527 4 phononTS 0.000524271 0.636506 -1.03587 0.0345602 45695.4 0.00034743 1 -0.0138571 -0.193923 0.05 257654
0 4531 5 phononL 0.00148586 0.00191825 0.00404935 -0.0334214 45468.4 0.00069486 1 -0.0392015 -0.159937 0.05 46386.9
0 4532 3 phononTS 0.00211578 -4.57543 -3.40544 0.0130402 2654.05 0.00034743 1 -0.0842293 -0.144015 0.05 44847.1
0 4534 3 phononTS 0.00212005 -3.76529 -2.5399 -0.0329622 13531.5 0.00069486 1 0.0377296 -0.260839 0.05 192522
0 4535 5 phononL 0.00108638 -3.11147 2.07644 0.0111665 23605.6 0.00034743 1 -0.0277778 -0.195815 0.05 45880.9
0 4542 4 phononTF 0.0017341 -3.81306 4.50473 0.00553613 86702.7 0.00034743 1 -0.041378 -0.0993308 0.05 157082
0 4544 2 phononTS 0.00212332 -2.1863 -2.64978 -0.0406633 12340.9 0.00034743 1 0.0308969 -0.220099 0.05 60962.6
0 4545 7 phononTS 0.000860363 0.397966 -3.17429 0.0410361 26065.7 0.00034743 1 -0.0685907 -0.143835 0.05 97317.6
0 4545 4 phononTF 0.00148798 -4.95655 -0.799708 -0.0280719 20111.5 0.00034743 1 -0.0748046 -0.18747 0.05 98399.5
0 4545 14 phononTF 0.0010971 -0.0748046 -0.18747 0.049999 98399.5 0.00034743 1 -0.023908 -0.213587 0.05 98938.1
0 4546 3 phononTF 0.00209599 -4.87937 -4.46543 -0.00353421 6891.56 0.00034743 1 0.103833 -0.213823 0.05 26766
0 4546 6 phononTS 0.000822596 0.103833 -0.213823 0.049999 26766 0.00034743 1 0.0794201 -0.170742 0.05 376949
0 4550 2 phononTS 0.00178749 -4.07316 -3.63243 0.0112413 3554.62 0.00069486 1 -0.0538537 -0.293249 0.05 681207
0 4552 4 phononL 0.000757517 -0.416066 4.04102 -0.0100195 26733 0.00034743 1 -0.0695909 -0.267318 0.05 52678.2
0 4553 3 phononL 0.00103631 -4.76715 -2.65852 0.0326692 32.922 0.00034743 1 -0.0971678 -0.159602 0.05 222304
0 4554 6 phononTF 0.000632378 -4.28459 -2.60292 -0.00174315 178273 0.00034743 1 0.08051 -0.236179 0.05 366731
0 4555 2 phononTS 0.00181229 -3.58704 -3.24991 -0.00949626 9022.03 0.00034743 1 -0.0621142 -0.268716 0.05 38682.4
0 4560 5 phononTF 0.00137092 -3.46765 4.94411 0.0370092 21024 0.00034743 1 -0.0609438 -0.150469 0.05 28087.5
0 4560 6 phononL 0.000470104 -0.0609438 -0.150469 0.049999 28087.5 0.00034743 1 0.0414856 -0.276739 0.05 28235.6
0 4560 15 phononTF 0.000438873 -2.47694 3.74936 0.0493079 171114 0.00034743 1 -0.101305 -0.211076 0.05 230495
0 4561 2 phononTS 0.00182843 -4.99441 -3.09735 -0.0203868 1316.36 0.00069486 1 -0.0682993 -0.197025 0.05 82635
0 4564 5 phononTF 0.00115112 -1.17731 0.226155 -0.0368235 33920.2 0.00034743 1 0.0501401 -0.298322 0.05 135154
0 4564 6 phononTF 0.000610418 0.0501401 -0.298322 0.049999 135154 0.00034743 1 -0.0843036 -0.226824 0.05 239223
0 4573 3 phononL 0.00120498 -2.92495 -3.53472 -0.0290723 5204.86 0.00069486 1 -0.0439034 -0.165222 0.05 162603
0 4576 4 phononTS 0.00120909 -4.96657 2.15516 -0.0216208 28965.4 0.00069486 1 0.0270496 -0.260235 0.05 32677.1
0 4581 5 phononTS 0.000915759 4.39481 1.67542 -0.0362891 83290.1 0.00034743 1 -0.0635778 -0.199061 0.05 328692
0 4581 6 phononTF 0.000466158 -0.0635778 -0.199061 0.049999 328692 0.00034743 1 0.0788232 -0.270291 0.05 503998
0 4585 3 phononTS 0.00206867 -1.17222 -1.28833 -0.0192001 11012.3 0.00069486 1 0.0351527 -0.166127 0.05 178004
0 4585 2 phononTF 0.00193133 -1.17222 -1.28833 -0.0192001 11012.3 0.00069486 1 0.0626458 -0.198279 0.05 19736.4
0 4586 3 phononTS 0.0020552 -4.72956 -2.43482 -0.035449 2229.12 0.00069486 1 -0.0972894 -0.169202 0.05 20978.8
0 4589 3 phononTF 0.0018577 -4.63201 -2.55449 0.0459465 1515.44 0.00034743 1 0.0446573 -0.100743 0.05 83233.2
0 4589 4 phononTS 0.000663518 0.0446573 -0.100743 0.049999 83233.2 0.00034743 1 0.0949076 -0.131777 0.05 83354.7
0 4590 7 phononTS 0.00142475 4.87636 0.613427 -0.00552793 232963 0.00104229 1 -0.0309463 -0.106974 0.05 375256
0 4595 5 phononL 0.00144228 -0.472089 1.1016 0.0160834 42450.7 0.00069486 1 -0.0115416 -0.203468 0.05 66291.9
0 4596 6 phononTS 0.00120351 -3.60991 -0.674855 0.0385787 43783 0.00034743 1 -0.107843 -0.185513 0.05 61998.5
0 4602 8 phononTS 0.000688893 -4.61401 -0.189404 -0.025313 12466 0.00034743 1 0.111775 -0.211121 0.05 70365.1
0 4607 3 phononTS 0.00169494 -4.17625 -3.42533 0.0425727 2274.25 0.00069486 1 0.03348 -0.24306 0.05 150475
0 4607 16 phononL 0.00180154 -0.850243 -0.899818 0.0488997 100359 0.00069486 1 0.0389144 -0.164133 0.05 411651
0 4608 3 phononL 0.00196042 -4.55469 -2.36512 0.0217549 786.712 0.00069486 1 0.0315432 -0.114742 0.05 264713
0 4608 9 phononTF 0.000496011 0.0315432 -0.114742 0.049999 264713 0.00034743 1 0.0508108 -0.125421 0.05 264791
0 4608 18 phononTS 0.000952446 3.14475 -2.06497 0.0114768 220736 0.00034743 1 0.0276944 -0.178427 0.05 467363
0 4610 3 phononL 0.00100248 -3.02236 -3.27167 0.0190606 14242.9 0.00034743 1 0.0264353 -0.154927 0.05 129902
0 4610 10 phononTS 0.00162319 -2.8568 -3.65877 0.0239489 15700.7 0.00034743 1 0.0338348 -0.294034 0.05 71909.9
0 4610 12 phononL 0.000376213 0.0338348 -0.294034 0.049999 71909.9 0.00034743 1 0.0619475 -0.175486 0.05 72346.6
0 4613 5 phononTS 0.00106607 2.32761 -1.57661 0.0205162 37355.3 0.00034743 1 0.0116058 -0.196132 0.05 121424
0 4615 3 phononTF 0.00191861 -4.81374 -2.81942 -0.0330546 70.6362 0.00069486 1 -0.0473345 -0.119883 0.05 153397
0 4618 5 phononTS 0.001734 -3.84165 -4.64504 -0.0223197 22845 0.00034743 1 -0.0275455 -0.263171 0.05 287335
0 4619 4 phononTS 0.00138699 -0.666558 -2.88353 0.0203835 69466.4 0.00034743 1 -0.053236 -0.219006 0.05 374297
0 4620 2 phononTS 0.00136781 -4.15711 -3.52362 -0.0371226 7128.86 0.00034743 1 0.0437745 -0.199461 0.05 168068
0 4620 6 phononTS 0.000410784 0.0437745 -0.199461 0.049999 168068 0.00034743 1 0.0939496 -0.134546 0.05 169754
0 4621 2 phononL 0.00167317 -3.76529 -3.35414 -0.0357952 6354.13 0.00069486 1 0.0426671 -0.246233 0.05 317979
0 4629 4 phononTS 0.00161758 -4.11485 -3.83098 0.00960622 42630.2 0.00069486 1 -0.0695562 -0.204865 0.05 361073
0 4631 5 phononL 0.000983944 1.46076 -0.243535 -0.0359765 54012.1 0.00034743 1 0.0349435 -0.0998238 0.05 381481
0 4633 5 phononTF 0.000978193 1.40389 -2.77339 -0.0256595 17442 0.00034743 1 -0.0922352 -0.188498 0.05 786888
0 4636 2 phononL 0.00166397 -1.79989 -4.9291 -0.00401988 16136.2 0.00069486 1 0.040684 -0.231912 0.05 116233
0 4638 4 phononTS 0.000945039 -3.07149 -4.08454 0.0198012 71962.8 0.00034743 1 0.0988917 -0.216442 0.05 280053
0 4641 4 phononTS 0.00106485 2.38632 -4.5752 0.0186819 249206 0.00034743 1 -0.0439457 -0.149826 0.05 275662
0 4641 2 phononTS 0.00176365 -3.50639 -4.34765 0.0374804 11722.9 0.00034743 1 0.0983008 -0.145294 0.05 65502.5
0 4643 3 phononTS 0.00154852 -4.43121 -2.28538 -0.0291764 2937.65 0.00034743 1 -0.0451331 -0.235931 0.05 140531
0 4644 7 phononTS 0.000620665 -4.89436 -4.056 -0.0336302 274457 0.00034743 1 -0.0534266 -0.100102 0.05 314665
0 4645 3 phononTS 0.000995235 -4.45813 -2.71416 0.0224935 6385.14 0.00034743 1 0.0381992 -0.158538 0.05 320129
0 4645 12 phononTS 0.00139079 -0.107319 -1.75193 -0.0016613 17438.1 0.00034743 1 -0.0495169 -0.248746 0.05 200685
0 4649 3 phononTS 0.00312169 -4.6505 -2.92677 -0.0386174 1382.95 0.00034743 1 0.108345 -0.233481 0.05 44611.6
0 4649 4 phononTS 0.00232063 0.108345 -0.233481 0.049999 44611.6 0.00069486 1 -0.10425 -0.195906 0.05 45402
0 4649 13 phononTS 0.000628229 -0.10425 -0.195906 0.049999 45402 0.00034743 1 -0.0590491 -0.22871 0.05 45467.6
0 4650 3 phononTS 0.00140594 -4.45076 -2.48977 0.0319261 6397.66 0.00034743 1 0.110566 -0.245957 0.05 59312.9
0 4650 2 phononTF 0.00259406 -4.45076 -2.48977 0.0319261 6397.66 0.00069486 1 -0.0294506 -0.230905 0.05 69322.5
0 4655 5 phononL 0.00133833 -4.08533 -3.14503 -0.0495497 5790.58 0.00069486 1 -0.0662234 -0.121779 0.05 265140
0 4658 2 phononL 0.00166211 -4.57562 -2.93003 0.0151724 68.8342 0.00034743 1 0.0506781 -0.12824 0.05 46011.4
0 4658 6 phononTS 0.00107268 0.0506781 -0.12824 0.049999 46011.4 0.00034743 1 -0.0714877 -0.14919 0.05 177843
0 4660 2 phononTF 0.00189843 -4.99474 -2.76603 0.0372137 2881.46 0.00034743 1 -0.0843511 -0.150143 0.05 26398.8
0 4660 7 phononTS 0.00149965 -0.0843511 -0.150143 0.049999 26398.8 0.00069486 1 0.0370175 -0.239425 0.05 26484.6
0 4662 5 phononTF 0.00201915 -4.98683 -3.31542 -0.0487641 37466.7 0.00069486 1 0.0744518 -0.208407 0.05 245952
0 4665 2 phononTF 0.00151846 -4.13743 -3.13334 0.0297613 2045.97 0.00034743 1 0.0686461 -0.144944 0.05 166896
0 4666 3 phononTS 0.00156645 -4.05329 -2.90923 -0.0380699 3546.63 0.00034743 1 -0.0853522 -0.21594 0.05 592677
0 4666 4 phononTS 0.00057842 -0.0853522 -0.21594 0.049999 592677 0.00034743 1 -0.0728384 -0.192239 0.05 592739
0 4667 3 phononTF 0.00228813 -3.60402 -2.7462 -0.0279946 7448.94 0.00069486 1 -0.0467195 -0.277225 0.05 86233.3
0 4668 5 phononTF 0.0020452 -4.10719 -3.21081 -0.0373648 2560.74 0.00069486 1 -0.0240613 -0.151744 0.05 373393
0 4672 3 phononTS 0.0025327 -4.26449 -2.93219 0.0383216 1151.93 0.00104229 1 0.0738907 -0.141721 0.05 29438.5
0 4676 4 phononTS 0.000783272 -1.02575 4.47881 0.0445761 93841.5 0.00069486 1 0.105093 -0.251468 0.05 992382
0 4677 2 phononTS 0.00172688 -3.9589 -4.05613 0.0207542 2411.79 0.00034743 1 -0.0953061 -0.178727 0.05 659870
0 4677 5 phononTF 0.000434204 -0.0953061 -0.178727 0.049999 659870 0.00034743 1 -0.109686 -0.208828 0.05 763420
0 4682 6 phononL 0.000618321 -0.267241 2.88978 0.0381496 45312.1 0.00034743 1 0.056994 -0.131459 0.05 90387.7
0 4685 4 phononTF 0.000664753 -3.80291 -1.68762 -0.0202805 96001.1 0.00034743 1 -0.0244813 -0.219955 0.05 332897
0 4686 2 phononTS 0.00188206 -3.53919 -4.2272 -0.0490843 13332.1 0.00069486 1 -0.0556677 -0.15717 0.05 64366.3
0 4688 7 phononTF 0.000995478 -2.73955 3.73113 -0.0377991 56473.8 0.00034743 1 -0.0515397 -0.191597 0.05 118700
0 4688 6 phononTF 0.000733274 -2.73955 3.73113 -0.0377991 56473.8 0.00034743 1 0.113341 -0.187457 0.05 112878
0 4690 2 phononTF 0.00188291 -4.5445 -1.71975 -0.00744212 11257.9 0.00069486 1 -0.0630613 -0.195003 0.05 27609.8
0 4690 9 phononL 0.000773032 -0.0630613 -0.195003 0.049999 27609.8 0.00034743 1 0.0297342 -0.173219 0.05 27716.5
0 4692 6 phononTS 0.00050085 1.27612 3.90307 0.0145039 182205 0.00034743 1 0.0249628 -0.194547 0.05 254795
0 4692 4 phononTF 0.000927937 -0.467674 4.54528 0.00665855 167941 0.00034743 1 0.0295434 -0.13554 0.05 225895
0 4693 2 phononTF 0.00122521 -3.96366 -4.0414 0.0303391 3649.65 0.00034743 1 -0.0295175 -0.140111 0.05 455715
0 4693 8 phononTS 0.000387422 -0.0295175 -0.140111 0.049999 455715 0.00034743 1 0.0232699 -0.184797 0.05 656887
0 4693 6 phononTF 0.00047341 -0.0295175 -0.140111 0.049999 455715 0.00034743 1 -0.109644 -0.203422 0.05 671537
0 4696 4 phononTF 0.000980143 2.15248 -3.99941 0.00658823 315244 0.00034743 1 -0.0307633 -0.163523 0.05 387189
0 4697 3 phononTF 0.00191726 -4.32039 -3.33707 0.0433454 616.732 0.00069486 1 -0.0823592 -0.148441 0.05 28781
0 4699 5 phononTS 0.000860914 0.271285 -1.32668 -0.000470244 54444.7 0.00034743 1 -0.083149 -0.234372 0.05 170106
0 4699 4 phononTS 0.000910095 0.271285 -1.32668 -0.000470244 54444.7 0.00034743 1 -0.0287492 -0.196923 0.05 275069
0 4699 15 phononTS 0.00103511 3.90661 -1.82298 0.0466311 169525 0.00034743 1 -0.0845278 -0.263041 0.05 669682
0 4699 16 phononTS 0.000588019 -0.0845278 -0.263041 0.049999 669682 0.00034743 1 -0.0333007 -0.247419 0.05 670586
0 4703 2 phononTS 0.00256712 -3.99377 -2.42014 0.00764398 5766.08 0.00034743 1 0.0784827 -0.237936 0.05 47164.2
0 4708 5 phononL 0.0015366 -4.51805 -4.12541 0.024613 20709.8 0.00034743 1 0.0369003 -0.304804 0.05 245960
0 4713 5 phononL 0.000745242 -0.513317 -0.482003 -0.00504977 39820.2 0.00034743 1 0.0243584 -0.257776 0.05 837110
0 4716 3 phononTS 0.0025886 -4.96718 -2.11556 -0.0164719 5261.08 0.00069486 1 -0.103973 -0.175069 0.05 106540
0 4716 4 phononTS 0.00106313 -0.103973 -0.175069 0.049999 106540 0.00069486 1 -0.0720641 -0.122032 0.05 492532
0 4718 3 phononTF 0.00186214 -4.72925 -2.67623 -0.0149495 55.3995 0.00034743 1 0.0162893 -0.165139 0.05 27614.5
0 4718 7 phononTF 0.000384395 0.0162893 -0.165139 0.049998 27614.5 0.00034743 1 0.0228697 -0.183136 0.05 27679.4
0 4724 3 phononTS 0.00224465 -4.36294 -4.30788 -0.0413508 2514.74 0.00104229 1 -0.0222824 -0.146876 0.05 47214.8
0 4727 2 phononTF 0.00146823 -3.96419 -2.83511 -0.00240642 4094.27 0.00034743 1 0.0292153 -0.285932 0.05 693616
0 4727 9 phononTF 0.00047839 0.0292153 -0.285932 0.049999 693616 0.00034743 1 -0.0758283 -0.1869 0.05 693697
0 4728 5 phononTS 0.00175373 -0.822283 1.35521 -0.0409435 16709.4 0.00104229 1 0.0651217 -0.289523 0.05 85548.8
0 4729 2 phononTF 0.000892612 -3.37259 -1.48937 -0.0426153 7765.9 0.00034743 1 0.026141 -0.166858 0.05 72365.9
0 4730 3 phononTF 0.00223336 -4.62481 -2.65382 0.0123129 207.457 0.00034743 1 -0.0534903 -0.140305 0.05 101672
0 4730 5 phononTF 0.000639138 -0.0534903 -0.140305 0.049999 101672 0.00034743 1 0.0699538 -0.273324 0.05 102192
0 4730 4 phononTF 0.00057756 -0.0534903 -0.140305 0.049999 101672 0.00034743 1 -0.0485545 -0.107772 0.05 215820
0 4731 4 phononTS 0.00163683 3.3659 -3.537 -0.0279849 56958.8 0.00034743 1 -0.0961815 -0.215866 0.05 261855
0 4731 6 phononTF 0.000512674 -0.0961815 -0.215866 0.049999 261855 0.00034743 1 -0.105906 -0.246072 0.05 261929
0 4732 5 phononL 0.000691786 2.46816 -3.87099 -0.0445919 98070.2 0.00034743 1 0.0198042 -0.176157 0.05 176342
0 4733 3 phononL 0.00235648 -3.78914 -2.2429 0.0178518 1420.19 0.00034743 1 0.0307859 -0.142369 0.05 41920
0 4736 8 phononL 0.00100673 3.62328 -4.75189 0.0432374 322884 0.00034743 1 0.0680332 -0.196438 0.05 687523
0 4737 7 phononTF 0.00106106 3.30335 1.36084 -0.0420747 207461 0.00034743 1 0.0508256 -0.166713 0.05 719955
0 4737 8 phononTS 0.000388887 0.0508256 -0.166713 0.049999 719955 0.00034743 1 0.1074 -0.228698 0.05 760761
0 4737 4 phononTF 0.000992285 1.81405 -0.0292053 0.0465899 66855.2 0.00034743 1 -0.034242 -0.296865 0.05 174335
0 4738 2 phononTF 0.00133715 -4.27982 -2.3833 -0.0314877 2063.36 0.00034743 1 0.0802861 -0.133385 0.05 14725
0 4746 4 phononL 0.0007745 -1.67769 1.38088 0.0057463 94006.7 0.00034743 1 0.0262755 -0.248356 0.05 116278
0 4747 5 phononL 0.000528794 -3.39043 -2.66948 0.0176761 208450 0.00034743 1 0.0753203 -0.229125 0.05 360131
0 4749 4 phononTS 0.000514087 -1.26861 -2.06479 0.0430065 13139.6 0.00034743 1 -0.0872636 -0.237634 0.05 47036.8
0 4755 3 phononTF 0.00212801 -3.2912 -0.540853 0.0435451 19268.2 0.00034743 1 -0.0472047 -0.198823 0.05 30398.7
0 4759 3 phononTF 0.00234441 -3.94369 -4.34175 -0.0245303 18147.4 0.00034743 1 0.0845111 -0.153662 0.05 196022
0 4760 4 phononTS 0.000630903 -4.8667 -3.71646 0.0416806 7139.89 0.00034743 1 -0.0976166 -0.204961 0.05 77092.5
0 4766 4 phononTS 0.00123835 1.21437 4.08092 -0.0361048 170728 0.00034743 1 -0.0230415 -0.214267 0.05 255863
0 4770 4 phononTS 0.000832184 2.27017 3.07736 0.0282446 200666 0.00034743 1 -0.048676 -0.152888 0.05 254165
0 4771 2 phononTS 0.000987492 -4.59647 -3.01904 -0.0213823 160.154 0.00034743 1 -0.107911 -0.173688 0.05 527715
0 4771 7 phononTF 0.000382434 -0.107911 -0.173688 0.049999 527715 0.00034743 1 -0.0567508 -0.171149 0.05 527777
0 4774 7 phononTS 0.00146677 -1.12689 1.84845 -0.0182172 155538 0.00034743 1 0.0982039 -0.236504 0.05 422568
0 4777 5 phononTF 0.00098316 -1.69469 -4.75234 -0.000855039 103246 0.00069486 1 -0.0473233 -0.13368 0.05 650968
0 4777 16 phononTF 0.00143869 -4.4319 1.52057 0.00102802 34320.4 0.00069486 1 0.0862683 -0.174717 0.05 63970
0 4777 28 phononTS 0.00045931 -3.50519 -0.491138 0.00718248 68833.4 0.00034743 1 -0.0511661 -0.269738 0.05 521580
0 4779 6 phononTS 0.00113007 4.39912 1.90096 -0.0363167 137053 0.00034743 1 -0.053295 -0.178446 0.05 147292
0 4779 10 phononTF 0.00063019 -0.053295 -0.178446 0.049999 147292 0.00034743 1 0.0994155 -0.248112 0.05 147379
0 4783 2 phononL 0.00117188 -4.97265 -0.498419 0.0478513 20418 0.00069486 1 -0.116215 -0.174561 0.05 271019
0 4785 5 phononTS 0.00178366 -1.9211 -4.84136 -0.0019518 17031.8 0.00034743 1 0.0450282 -0.113677 0.05 223476
0 4785 7 phononTS 0.000665678 0.0450282 -0.113677 0.049999 223476 0.00034743 1 0.0250454 -0.120106 0.05 223532
0 4785 6 phononTF 0.000621778 0.0450282 -0.113677 0.049999 223476 0.00034743 1 -0.0735773 -0.117186 0.05 223697
0 4786 4 phononTF 0.000677497 -4.9269 -0.482788 0.00550086 83657.8 0.00034743 1 0.0346167 -0.146914 0.05 541335
0 4786 12 phononTS 0.000586208 1.65668 1.73361 -0.047478 206413 0.00034743 1 0.0331574 -0.118638 0.05 265156
0 4787 2 phononL 0.00173708 -4.63213 -0.195714 0.00592295 7098.97 0.00034743 1 -0.08527 -0.265317 0.05 52109
0 4787 5 phononTS 0.00121594 -0.08527 -0.265317 0.049999 52109 0.00034743 1 -0.0861867 -0.138608 0.05 52193.5
0 4789 5 phononTS 0.00162267 -0.466897 1.96967 -0.0202228 63055.7 0.00034743 1 0.0500669 -0.224461 0.05 319000
0 4789 7 phononTF 0.00123154 0.0500669 -0.224461 0.049999 319000 0.00069486 1 -0.075099 -0.232314 0.05 326568
0 4792 5 phononTF 0.000788937 -0.818543 1.2097 -0.00862548 118853 0.00034743 1 0.115507 -0.202112 0.05 184368
0 4792 2 phononTS 0.00188446 -4.83513 -2.07391 -0.0232881 6504.42 0.00034743 1 0.0837981 -0.277434 0.05 37132.2
0 4796 2 phononTF 0.00253183 -4.84455 -3.16289 0.00678921 5220.71 0.00104229 1 -0.0690845 -0.155205 0.05 35805.1
0 4799 3 phononTS 0.00131211 -4.53161 -2.8058 0.000506116 2428.67 0.00034743 1 -0.0626695 -0.274843 0.05 59246.1
0 4803 4 phononTF 0.0012423 1.03449 4.4685 -0.0429201 234397 0.00034743 1 -0.0726763 -0.210693 0.05 665251
0 4805 5 phononL 0.00201692 -2.14449 -2.85797 0.0415709 134881 0.00034743 1 -0.0782392 -0.246126 0.05 159186
0 4807 2 phononTF 0.00198253 -4.39821 -0.672208 -0.00625318 17514.3 0.00034743 1 -0.1013 -0.217368 0.05 39210.2
0 4807 5 phononTS 0.000674754 -0.1013 -0.217368 0.049999 39210.2 0.00034743 1 -0.0846884 -0.124519 0.05 39287.3
0 4808 4 phononTS 0.00108313 2.00598 -4.64642 0.00788551 77761.4 0.00034743 1 0.0747139 -0.145263 0.05 208157
0 4809 3 phononTF 0.00239515 -3.5871 -1.44866 0.0240666 7194.59 0.00069486 1 -0.0868803 -0.154235 0.05 131258
0 4813 5 phononTS 0.00144891 1.7911 -4.11272 -0.0398046 43813 0.00034743 1 -0.0385033 -0.256677 0.05 86524.2
0 4813 2 phononL 0.00149738 -3.15902 -4.08212 0.00665507 13410.9 0.00069486 1 -0.0546431 -0.107406 0.05 41157.4
0 4816 5 phononTF 0.00113311 0.236275 -3.3459 -0.0226185 8777.69 0.00069486 1 0.064652 -0.273002 0.05 177931
0 4817 3 phononL 0.00137229 -4.60945 -2.47183 -0.00132145 1349.74 0.00034743 1 -0.0393477 -0.173243 0.05 64812.9
0 4824 5 phononTS 0.0015475 -2.49069 -4.98576 -0.0168252 23491.2 0.00034743 1 -0.0455699 -0.179006 0.05 88519.6
0 4824 6 phononL 0.000359273 -0.0455699 -0.179006 0.049999 88519.6 0.00034743 1 0.0179311 -0.188398 0.05 209723
0 4825 4 phononTS 0.00114211 -3.96509 -2.95153 -0.0181206 214519 0.00034743 1 -0.0417726 -0.252921 0.05 479559
0 4826 2 phononL 0.000988452 -3.77671 -4.2718 0.0349144 9870.57 0.00034743 1 0.0650161 -0.232664 0.05 150015
0 4829 5 phononTS 0.00140771 -4.9594 -1.84121 -0.00634402 2351.89 0.00034743 1 -0.0685408 -0.156019 0.05 14969.8
0 4830 3 phononTS 0.00206252 -4.71666 -4.97831 0.0374544 7190.32 0.00069486 1 -0.0759834 -0.229096 0.05 48711.7
0 4830 2 phononL 0.00193748 -4.71666 -4.97831 0.0374544 7190.32 0.00104229 1 0.111806 -0.227765 0.05 53104.9
0 4836 2 phononTF 0.00179347 -4.68049 -3.45896 -0.0132675 6211.61 0.00034743 1 -0.0576307 -0.138966 0.05 87724.4
0 4836 7 phononTS 0.000759091 -0.0576307 -0.138966 0.049999 87724.4 0.00034743 1 -0.0933272 -0.233726 0.05 87805
0 4837 4 phononTS 0.00136594 -3.20338 -4.79017 0.0343811 106390 0.00069486 1 -0.0216312 -0.173856 0.05 576256
0 4838 2 phononTF 0.00184976 -4.4456 -3.41887 0.046455 3667.07 0.00069486 1 0.0901574 -0.254012 0.05 78165.5
0 4839 5 phononTS 0.000972671 2.96925 1.00792 -0.0444606 102626 0.00034743 1 0.0312149 -0.183946 0.05 358422
0 4839 6 phononTF 0.000543115 0.0312149 -0.183946 0.049999 358422 0.00034743 1 -0.071401 -0.285916 0.05 358552
0 4842 5 phononL 0.00150736 0.16315 -3.39123 0.0129062 49073.6 0.00034743 1 0.0722681 -0.129658 0.05 189668
0 4850 3 phononL 0.00209966 -4.54522 -1.06619 -0.00638413 13302.2 0.00069486 1 -0.0787109 -0.189282 0.05 17761.2
0 4850 16 phononL 0.00108816 -3.56687 -1.80707 0.03126 49579.2 0.00034743 1 0.0286168 -0.140272 0.05 123366
0 4850 17 phononL 0.000553366 0.0286168 -0.140272 0.049999 123366 0.00034743 1 0.0600678 -0.287185 0.05 123482
0 4852 4 phononTS 0.0020689 -4.44515 -2.68161 -0.0178615 8752.09 0.00069486 1 -0.0988887 -0.254392 0.05 59439.3
0 4853 4 phononL 0.0010092 -1.58839 -2.06747 0.0446714 130249 0.00069486 1 0.0820777 -0.229733 0.05 257573
0 4855 5 phononTS 0.000879846 -1.31532 -4.47755 0.0183509 13884.6 0.00034743 1 0.0728337 -0.171063 0.05 71931.9
0 4857 2 phononTS 0.00153795 -4.22301 -3.63938 0.0213628 6544.46 0.00069486 1 -0.0711798 -0.16619 0.05 103420
0 4858 4 phononTF 0.0018236 -3.92182 -4.37132 -0.00634379 11773.1 0.00034743 1 0.103699 -0.161184 0.05 121510
0 4859 3 phononL 0.00165751 -4.35616 -2.54343 -0.0144741 3809.83 0.00034743 1 -0.0430487 -0.117645 0.05 77921.8
0 4860 3 phononTF 0.00152042 -4.43179 -3.52466 -0.0482342 8766.82 0.00034743 1 -0.0685789 -0.191901 0.05 400283
0 4862 5 phononTF 0.00119942 -2.49441 3.15853 -0.0414499 46099.2 0.00034743 1 -0.0428395 -0.207754 0.05 129626
0 4867 5 phononL 0.00126773 -2.49442 -4.59903 -4.42477e-05 99614.1 0.00034743 1 0.0527214 -0.174595 0.05 180440
0 4869 5 phononTF 0.000782365 -0.402258 -0.785683 -0.0198252 40696.7 0.00034743 1 -0.0911052 -0.231003 0.05 110800
0 4869 13 phononTF 0.000772642 4.3599 -4.74269 -0.0378938 60583.1 0.00034743 1 0.0510069 -0.198058 0.05 181206
0 4878 5 phononTS 0.00105994 -4.85365 -2.14474 -0.0323661 106828 0.00034743 1 0.0265285 -0.237378 0.05 174742
0 4881 4 phononTF 0.00196788 -2.59837 -4.59368 -0.0303858 7614.77 0.00069486 1 -0.0549346 -0.256347 0.05 162440
0 4883 2 phononTS 0.00158794 -3.33105 -2.71332 -0.0422379 5151.48 0.00034743 1 -0.0787072 -0.11697 0.05 40918.6
0 4888 3 phononTF 0.0012979 -4.2392 -3.35556 0.0328516 2048.73 0.00034743 1 0.107136 -0.164936 0.05 19494.3
0 4888 4 phononTS 0.00072406 0.107136 -0.164936 0.049998 19494.3 0.00034743 1 0.0143821 -0.191843 0.05 110494
0 4890 5 phononTS 0.00176681 -4.88021 -4.87609 -0.0343968 15675.4 0.00034743 1 0.110692 -0.211431 0.05 154523
0 4894 3 phononTS 0.00194572 -4.87885 -2.24557 0.00237149 2930.28 0.00069486 1 0.0658762 -0.143185 0.05 73232.7
0 4895 3 phononTF 0.00168603 -2.84368 -2.40197 0.0460812 9994.49 0.00069486 1 0.0421948 -0.209047 0.05 93769.1
0 4897 2 phononTS 0.00152936 -4.99933 -1.57219 -0.0369236 1867.96 0.00034743 1 -0.0352949 -0.25404 0.05 8870.73
0 4899 2 phononTS 0.00133074 -3.58582 -2.81641 -0.00459696 4436.22 0.00069486 1 0.0911304 -0.202039 0.05 239828
0 4901 3 phononTF 0.00263853 -4.91257 -2.5062 0.0197424 9309.74 0.00138972 1 -0.0919 -0.209544 0.05 43000.4
0 4905 5 phononTS 0.0015274 -3.8469 -2.55924 -0.0454678 63510.7 0.00069486 1 0.0561718 -0.165524 0.05 197464
0 4905 7 phononTS 0.000351081 0.0561718 -0.165524 0.049999 197464 0.00034743 1 0.0743574 -0.170824 0.05 197525
0 4908 6 phononTF 0.00150267 2.4608 3.73316 -0.0475156 138757 0.00069486 1 -0.0333333 -0.114364 0.05 140119
0 4909 2 phononTF 0.00170923 -4.09127 -2.27182 -0.00812543 1148.43 0.00034743 1 0.0360593 -0.237774 0.05 42294
0 4916 3 phononL 0.00191485 -4.81822 -2.71835 0.0483708 245.488 0.00069486 1 -0.0364876 -0.12507 0.05 17944.6
0 4916 7 phononL 0.000563249 -0.0364876 -0.12507 0.049999 17944.6 0.00034743 1 0.0679324 -0.149841 0.05 17992.3
0 4917 2 phononTS 0.00131588 -4.96413 -2.6912 -0.00938455 482.422 0.00069486 1 0.0368586 -0.169556 0.05 279294
0 4920 2 phononL 0.00080443 -3.44474 -1.88242 0.00295176 16073.6 0.00034743 1 -0.0597412 -0.255043 0.05 204993
0 4921 5 phononTS 0.00191579 -3.9867 -1.20307 0.0153948 4832.77 0.00069486 1 0.110739 -0.21239 0.05 41288.1
0 4921 7 phononTS 0.000378655 0.110739 -0.21239 0.049999 41288.1 0.00034743 1 -0.0331538 -0.145591 0.05 48424.2
0 4925 5 phononTF 0.000847946 -3.57865 -0.942194 0.00332898 66660.2 0.00034743 1 0.0184282 -0.208426 0.05 419034
0 4927 5 phononTS 0.00112538 2.46595 -3.21378 -0.0387258 168139 0.00069486 1 0.0774404 -0.161658 0.05 507075
0 4931 7 phononTS 0.0016215 -2.97456 -2.27182 -0.0273367 33885.3 0.00069486 1 0.0349551 -0.265069 0.05 113545
0 4935 4 phononTS 0.00166119 -1.37414 -1.96232 -0.0493036 21587.1 0.00034743 1 -0.0820938 -0.209169 0.05 238567
0 4940 7 phononL 0.00091273 2.42018 -2.77055 -0.0154262 162539 0.00034743 1 0.0399071 -0.221347 0.05 373236
0 4942 3 phononTS 0.00171075 -4.76598 -2.31412 0.02958 2323.41 0.00034743 1 -0.0211159 -0.238772 0.05 108436
0 4949 3 phononTS 0.00162584 -3.86233 -3.14498 0.00673416 1646.46 0.00034743 1 -0.073656 -0.234472 0.05 299296
0 4949 2 phononTS 0.00237416 -3.86233 -3.14498 0.00673416 1646.46 0.00069486 1 -0.102435 -0.258064 0.05 108411
0 4953 2 phononTS 0.00146037 -4.68517 -3.54967 0.0440907 4898.17 0.00069486 1 -0.0830972 -0.181624 0.05 177413
0 4955 7 phononL 0.000816625 -4.9142 3.76535 0.0178892 196618 0.00034743 1 0.0693671 -0.274472 0.05 448395
0 4955 6 phononTS 0.000582868 -4.9142 3.76535 0.0178892 196618 0.00034743 1 0.0547988 -0.274674 0.05 273838
0 4955 4 phononTS 0.000845608 -1.07808 -4.01911 0.0119462 40844.5 0.00034743 1 0.0751214 -0.213546 0.05 93463.4
0 4956 2 phononTF 0.0014292 -1.89555 -1.88339 -0.0457123 13135.7 0.00034743 1 0.0367254 -0.178443 0.05 260054
0 4956 7 phononTF 0.000383827 0.0367254 -0.178443 0.049999 260054 0.00034743 1 -0.0138636 -0.180452 0.05 260140
0 4958 7 phononTF 0.000988436 -3.32598 -0.0462839 0.0496478 14971.8 0.00034743 1 0.0889757 -0.205957 0.05 60896.5
0 4960 4 phononTF 0.000766188 4.29135 4.82577 -0.034778 58797.9 0.00034743 1 0.0950728 -0.207153 0.05 293739
0 4960 13 phononL 0.00102777 -1.82154 2.94417 0.0355596 67802 0.00034743 1 -0.0204631 -0.153344 0.05 145764
0 4960 14 phononTS 0.000539997 -0.0204631 -0.153344 0.049998 145764 0.00034743 1 -0.0219452 -0.13958 0.05 145829
0 4961 3 phononTF 0.00129535 -4.72587 -2.75097 0.00365918 1568.02 0.00034743 1 -0.0404274 -0.1848 0.05 19570.9
0 4961 4 phononTS 0.000438746 -0.0404274 -0.1848 0.049999 19570.9 0.00034743 1 -0.02695 -0.211889 0.05 19634
0 4962 3 phononL 0.00274438 -3.4793 -2.71751 -0.0240699 6044.51 0.00069486 1 -0.086917 -0.22184 0.05 18494.2
0 4971 3 phononTS 0.00239192 -4.60123 -4.23134 -0.0358273 1962.91 0.00069486 1 0.087502 -0.208136 0.05 304860
0 4972 3 phononTS 0.00108914 -4.48002 -1.08072 0.0208711 2477.53 0.00034743 1 -0.0170077 -0.236509 0.05 10272
0 4974 4 phononTS 0.00118113 -3.50126 2.57043 -0.0308266 74604.5 0.00069486 1 0.115592 -0.172434 0.05 361651
0 4977 2 phononTF 0.00205308 -4.56441 -3.33561 -0.0303965 6793.7 0.00069486 1 0.0340096 -0.153032 0.05 211810
0 4977 7 phononTF 0.000692781 0.0340096 -0.153032 0.049999 211810 0.00034743 1 0.0654241 -0.137355 0.05 211881
0 4978 5 phononTS 0.000670847 -0.798178 -2.11971 -0.0239218 23614.8 0.00034743 1 -0.043354 -0.178668 0.05 31120.8
0 4979 2 phononTF 0.00160961 -4.81823 -2.3217 0.017536 683.696 0.00034743 1 -0.0448477 -0.113413 0.05 412490
0 4983 5 phononTS 0.00119421 1.32255 2.23836 0.0343431 32638.1 0.00034743 1 0.112076 -0.159071 0.05 50245.2
0 4984 4 phononTF 0.00113137 -4.00654 -1.85023 0.0489887 4167.27 0.00034743 1 -0.0504895 -0.231177 0.05 73194.4
0 4989 3 phononTS 0.00237178 -3.70027 -1.91258 -0.00778104 3886.02 0.00034743 1 -0.0923912 -0.185113 0.05 58613
0 4989 2 phononTS 0.00162822 -3.70027 -1.91258 -0.00778104 3886.02 0.00034743 1 0.0549778 -0.122857 0.05 282683
0 4992 3 phononTF 0.00221754 -4.97564 -2.20886 -0.0343042 1685.12 0.00104229 1 -0.0423971 -0.148017 0.05 18461.7
0 4993 5 phononTS 0.000901761 0.150141 -0.499937 -0.00347493 58595.4 0.00034743 1 -0.0179422 -0.242433 0.05 58768.4
0 4994 3 phononTF 0.00141598 -4.07746 -2.05189 0.00968247 939.462 0.00069486 1 -0.0430525 -0.11562 0.05 316002
0 4994 8 phononL 0.000481533 -0.0430525 -0.11562 0.049998 316002 0.00034743 1 0.0620838 -0.135207 0.05 316167
0 4995 4 phononTS 0.00152079 -2.53744 -2.18244 -0.0298712 51124.1 0.00034743 1 -0.0887864 -0.229241 0.05 256326
0 4996 7 phononTF 0.000712856 -1.27229 -2.90219 0.0335778 202434 0.00034743 1 0.0991578 -0.221057 0.05 480479
0 4997 6 phononTF 0.00132346 -2.78346 -4.62811 -0.0360245 20024.6 0.00069486 1 0.0816741 -0.27848 0.05 84983.8
