Run ID,Event ID,Track ID,Particle Name,Start Energy [eV],Start X [mm],Start Y [mm],Start Z [mm],Start Time [ns],Energy Deposited [eV],Track Weight,End X [mm],End Y [mm],End Z [mm],Final Time [ns],Volume Name
0 6 2 phononTF 0.00171744 -2.55384 3.36728 -0.0454723 4518.52 0.00069486 1 -0.0663983 -0.180238 0.05 397930
0 8 3 phononTS 0.00217899 -1.47162 3.2691 0.0383345 786.992 0.00069486 1 -0.110128 -0.17207 0.05 46375.9
0 8 9 phononTS 0.00040764 -0.110128 -0.17207 0.049999 46375.9 0.00034743 1 0.0615446 -0.27416 0.05 47013.7
0 9 5 phononTS 0.00213985 -1.67294 -0.266979 -0.0298361 49661.2 0.00069486 1 -0.0560711 -0.259515 0.05 65183.6
0 9 6 phononTF 0.000452803 -0.0560711 -0.259515 0.049999 65183.6 0.00034743 1 -0.049942 -0.17328 0.05 310435
0 10 4 phononTS 0.00261196 -3.12425 3.57856 -0.0259634 4381.05 0.00104229 1 0.0438089 -0.11397 0.05 25248.6
0 11 4 phononL 0.00138205 -4.04568 1.79501 0.0237223 74999.8 0.00069486 1 0.0833708 -0.276091 0.05 84227.3
0 14 4 phononTS 0.000572303 2.73457 -4.67175 0.0365592 108035 0.00034743 1 -0.0487943 -0.259413 0.05 278814
0 17 4 phononTF 0.000968233 1.75557 2.71239 -0.011509 20350.9 0.00069486 1 0.088559 -0.135707 0.05 1.07532e+06
0 18 2 phononTS 0.00220451 -1.23892 4.2487 0.0179104 11859.4 0.00069486 1 0.0864255 -0.177893 0.05 28483.3
0 18 7 phononTS 0.000554886 0.0864255 -0.177893 0.049999 28483.3 0.00034743 1 0.106616 -0.167086 0.05 28543.2
0 19 3 phononL 0.0021178 -2.10267 3.80192 0.0305574 3273.07 0.00034743 1 0.0343312 -0.214288 0.05 8582.8
0 21 3 phononTF 0.000992632 -1.97885 4.06659 -0.00504146 251.036 0.00069486 1 0.116625 -0.171085 0.05 30928.8
0 28 3 phononTS 0.00233854 -0.861803 4.32869 -0.00442223 2482.55 0.00069486 1 -0.0819136 -0.214876 0.05 99154.8
0 28 15 phononL 0.000476911 -2.84816 3.74439 -0.0483406 54096.5 0.00034743 1 -0.0764159 -0.166289 0.05 227137
0 42 7 phononTF 0.00113824 2.90775 1.44554 0.0361849 112781 0.00034743 1 0.0178684 -0.215276 0.05 518690
0 42 8 phononTS 0.00055405 0.0178684 -0.215276 0.049999 518690 0.00034743 1 0.0250394 -0.146943 0.05 518900
0 44 2 phononTS 0.00170063 -2.56902 2.91 -0.0161944 1779.95 0.00034743 1 -0.0727854 -0.166691 0.05 70020.2
0 47 5 phononTS 0.00157928 -3.56548 3.73071 -0.000563763 6847.23 0.00034743 1 -0.0233076 -0.12345 0.05 105886
0 47 4 phononL 0.00101019 -3.56548 3.73071 -0.000563763 6847.23 0.00034743 1 -0.0352013 -0.197457 0.05 113739
0 48 5 phononTS 0.00136846 1.95645 -1.78466 0.00361994 96293.3 0.00069486 1 0.097525 -0.213032 0.05 115655
0 49 3 phononTS 0.00147466 -1.63813 3.79774 -0.0390104 290.946 0.00034743 1 0.0786494 -0.212174 0.05 302452
0 49 2 phononTS 0.00252534 -1.63813 3.79774 -0.0390104 290.946 0.00034743 1 0.092095 -0.229284 0.05 13616.1
0 49 13 phononTF 0.000396201 0.092095 -0.229284 0.049999 13616.1 0.00034743 1 0.0689587 -0.178862 0.05 13750.4
0 49 12 phononTF 0.00177575 0.092095 -0.229284 0.049999 13616.1 0.00069486 1 0.046013 -0.141086 0.05 434107
0 52 3 phononTS 0.00175523 -1.03398 3.76791 0.0313893 6843.74 0.00069486 1 0.0368666 -0.218018 0.05 62512.9
0 52 9 phononTF 0.000377508 0.0368666 -0.218018 0.049999 62512.9 0.00034743 1 0.0923317 -0.172057 0.05 62651.7
0 54 5 phononTF 0.000884108 0.399256 1.68581 -0.0270307 7659.44 0.00034743 1 -0.0283978 -0.187344 0.05 13277.2
0 58 3 phononTF 0.00229879 -0.594831 3.09906 0.0454889 15465.4 0.00034743 1 0.0176735 -0.156744 0.05 56308.9
0 64 7 phononL 0.00145042 0.379402 -0.514033 -0.000589689 118844 0.00034743 1 0.0906546 -0.2105 0.05 119334
0 67 7 phononL 0.000814091 2.36124 -3.36745 -0.0257191 548932 0.00034743 1 -0.0831438 -0.204948 0.05 748248
0 67 2 phononTS 0.00100168 -1.00807 4.424 0.0101648 5340.13 0.00034743 1 0.031131 -0.297841 0.05 183503
0 70 2 phononTS 0.00211009 -1.42309 2.95423 0.00651483 14347.9 0.00069486 1 0.0263983 -0.13831 0.05 105139
0 70 4 phononTF 0.000617394 0.0263983 -0.13831 0.049998 105139 0.00034743 1 -0.10091 -0.255361 0.05 105295
0 73 3 phononTS 0.00195635 -4.73884 2.69862 0.0297451 28169.1 0.00034743 1 0.0357327 -0.10723 0.05 41488.2
0 74 5 phononTF 0.00133237 0.708164 1.71403 -0.037657 63934.9 0.00069486 1 0.0693447 -0.193503 0.05 145264
0 76 2 phononTS 0.00197971 -3.05987 2.36098 0.0221042 5684.97 0.00104229 1 0.0438702 -0.257688 0.05 590754
0 78 5 phononL 0.00144808 -3.5352 -4.23719 -0.0402102 43612 0.00034743 1 -0.0267725 -0.164324 0.05 484854
0 78 8 phononTS 0.000354494 -0.0267725 -0.164324 0.049999 484854 0.00034743 1 -0.0192573 -0.180598 0.05 484915
0 81 4 phononTS 0.00112481 2.71577 3.80706 0.0157604 25099.6 0.00034743 1 0.0493164 -0.141269 0.05 362386
0 94 6 phononTF 0.000818697 2.92148 -4.49678 -0.0481605 122347 0.00034743 1 0.0469733 -0.250739 0.05 137549
0 98 4 phononTS 0.00112429 -4.13089 -3.67763 0.0375263 132115 0.00034743 1 0.039186 -0.30029 0.05 141367
0 98 2 phononTS 0.0018572 -1.76369 3.96777 -0.0114199 2287.39 0.00069486 1 0.112284 -0.231628 0.05 24077.2
0 99 3 phononTS 0.00142533 -3.32043 4.38138 0.0309323 6808.26 0.00034743 1 0.0596976 -0.129589 0.05 174097
0 101 4 phononL 0.00111286 -4.84348 3.13098 0.037896 26894.8 0.00034743 1 0.0883636 -0.140271 0.05 294764
0 103 4 phononTS 0.00139046 4.84782 -0.302559 0.0459805 48393.5 0.00034743 1 -0.0964992 -0.204623 0.05 106715
0 104 5 phononTS 0.00121059 3.39097 2.1218 0.00196514 56090.1 0.00034743 1 -0.0819148 -0.193718 0.05 149878
0 106 4 phononL 0.00151822 2.19819 4.80225 -0.0462202 32429.3 0.00034743 1 0.0912818 -0.137722 0.05 147855
0 110 3 phononL 0.00127146 -1.09226 3.92842 0.0111755 4458.53 0.00069486 1 0.0675242 -0.227201 0.05 151504
0 110 15 phononTS 0.0017849 -2.12469 4.22539 -0.0338314 7975.22 0.00069486 1 -0.0379577 -0.169816 0.05 144051
0 111 5 phononTF 0.00115596 -1.80199 2.87922 -0.0482244 12902.7 0.00069486 1 -0.03242 -0.291956 0.05 86927.9
0 113 3 phononTF 0.00317247 -0.9341 2.241 0.00902463 3226.47 0.00069486 1 0.0159612 -0.22847 0.05 14700.3
0 119 4 phononTF 0.00103781 -2.75901 -1.92372 0.020796 112241 0.00034743 1 -0.0186623 -0.247399 0.05 221401
0 120 5 phononL 0.00143821 -0.219869 4.7934 -0.00251301 9435.11 0.00069486 1 0.0209011 -0.135891 0.05 55738.1
0 123 3 phononTF 0.00206802 -1.5585 3.25883 -0.0478223 2669.02 0.00034743 1 0.0478997 -0.244546 0.05 20391.8
0 123 12 phononTF 0.00152891 -1.71927 4.35683 0.00317283 57363 0.00034743 1 0.0516624 -0.198097 0.05 308588
0 124 5 phononTS 0.00111877 -4.31895 0.215613 0.0278655 385944 0.00069486 1 -0.0302068 -0.257636 0.05 503634
0 129 2 phononTS 0.00245859 -1.11523 3.55809 0.0321423 1152.34 0.00104229 1 -0.0346815 -0.172317 0.05 20518.6
0 132 3 phononTS 0.00174629 -1.79131 3.56877 -0.041498 237.15 0.00034743 1 -0.0343566 -0.113907 0.05 496541
0 132 4 phononTS 0.00101695 -0.0343566 -0.113907 0.049999 496541 0.00069486 1 0.0850768 -0.230738 0.05 496801
0 139 2 phononTS 0.00101293 -2.31015 4.00416 -0.010722 954.333 0.00034743 1 0.0763058 -0.239469 0.05 557438
0 140 5 phononTF 0.00147975 -0.44082 -1.93291 0.00326036 29131.4 0.00069486 1 -0.0177396 -0.201503 0.05 94700
0 140 4 phononTS 0.000794294 -0.44082 -1.93291 0.00326036 29131.4 0.00034743 1 0.0616428 -0.207623 0.05 30992.5
0 144 2 phononTS 0.00115142 -1.79165 3.71435 0.028102 1188.6 0.00034743 1 0.0492732 -0.293258 0.05 221895
0 145 3 phononTF 0.00155623 -3.43022 1.85004 0.0382389 16634.4 0.00069486 1 0.103111 -0.159109 0.05 115197
0 147 6 phononTF 0.00151795 3.62937 -4.38623 -0.0423705 117215 0.00034743 1 -0.0911222 -0.134672 0.05 346750
0 147 8 phononL 0.000462538 -0.0911222 -0.134672 0.049999 346750 0.00034743 1 -0.0837189 -0.199975 0.05 346828
0 148 4 phononTS 0.00181301 -0.9043 3.27362 0.0387027 106155 0.00034743 1 -0.0122161 -0.207052 0.05 131561
0 151 3 phononTS 0.00194121 -1.48148 4.4587 -0.0444928 2655.51 0.00034743 1 0.0409956 -0.263032 0.05 26358.6
0 156 3 phononTF 0.0014778 -2.66128 3.53036 0.000974609 36980.9 0.00034743 1 0.0548428 -0.185177 0.05 152327
0 156 5 phononL 0.00108558 0.0548428 -0.185177 0.049999 152327 0.00069486 1 -0.0742335 -0.282833 0.05 211294
0 157 4 phononTS 0.00071408 1.23346 -1.77024 -0.00922697 26774.6 0.00034743 1 0.0890972 -0.174696 0.05 89687
0 158 5 phononL 0.00119692 -0.438878 3.60877 -0.00684317 65674.2 0.00034743 1 -0.0684934 -0.163955 0.05 392650
0 158 6 phononTS 0.000639999 -0.0684934 -0.163955 0.049999 392650 0.00034743 1 -0.0925318 -0.147508 0.05 392714
0 163 3 phononTF 0.00255704 -2.32253 3.78577 0.0122112 827.184 0.00034743 1 -0.0844008 -0.244722 0.05 188732
0 163 5 phononTS 0.00105303 -0.0844008 -0.244722 0.049999 188732 0.00034743 1 -0.0607335 -0.239815 0.05 188791
0 164 3 phononTF 0.00119608 -1.31695 3.66968 -0.0490816 523.645 0.00034743 1 -0.0887776 -0.17338 0.05 110306
0 169 2 phononTF 0.00146551 -1.43536 2.89034 -0.0241026 5196.56 0.00069486 1 -0.0406777 -0.182441 0.05 191579
0 169 11 phononTF 0.000604858 -0.0406777 -0.182441 0.049999 191579 0.00034743 1 -0.0628398 -0.257864 0.05 191832
0 175 5 phononTF 0.00119009 -4.04547 -2.56405 -0.0308946 83593.5 0.00034743 1 -0.0642055 -0.176607 0.05 327252
0 177 5 phononTS 0.00127508 -3.49493 1.22855 0.0185522 16955.2 0.00069486 1 0.0628232 -0.161805 0.05 151670
0 177 4 phononTF 0.00114934 -3.49493 1.22855 0.0185522 16955.2 0.00034743 1 -0.0502322 -0.122764 0.05 165078
0 177 17 phononTS 0.000505151 -0.0502322 -0.122764 0.049999 165078 0.00034743 1 -0.0430778 -0.136496 0.05 165139
0 178 5 phononTF 0.00196155 2.3797 2.58831 0.00668617 5977.08 0.00034743 1 -0.0810489 -0.143899 0.05 120365
0 178 7 phononTS 0.00122176 -0.0810489 -0.143899 0.049999 120365 0.00034743 1 -0.110089 -0.172821 0.05 120848
0 181 5 phononTF 0.000852116 -3.95031 2.48087 -0.0278296 10489.5 0.00034743 1 -0.0714139 -0.198141 0.05 235807
0 183 2 phononTF 0.00189586 -2.85674 3.57786 0.0384897 10556.6 0.00034743 1 -0.0355902 -0.11497 0.05 156230
0 187 3 phononTS 0.00155618 -1.68729 3.85739 0.0456291 42.4394 0.00034743 1 0.0287132 -0.218533 0.05 61221.7
0 187 5 phononTS 0.00118524 0.0287132 -0.218533 0.049999 61221.7 0.00034743 1 0.0525018 -0.20717 0.05 61293
0 188 7 phononTS 0.00115113 -0.177665 0.0163437 -0.0177632 110823 0.00069486 1 0.0469332 -0.166344 0.05 310451
0 195 3 phononTS 0.00240313 -1.8125 1.81342 0.0418431 10951.7 0.00069486 1 0.0616451 -0.121511 0.05 15552.5
0 195 12 phononTF 0.000657415 4.26629 -3.11334 -0.0167309 221700 0.00034743 1 -0.0299728 -0.22676 0.05 237532
0 196 3 phononTS 0.00228244 -1.25721 4.51537 0.0210589 8790.29 0.00034743 1 -0.049315 -0.25735 0.05 47679.6
0 198 5 phononTS 0.00135662 4.77466 -3.86127 0.00523865 123240 0.00034743 1 0.053618 -0.242057 0.05 566514
0 199 2 phononTF 0.00215682 -3.72242 1.47781 0.00332574 10251.2 0.00069486 1 0.0672836 -0.137267 0.05 94806.1
0 199 4 phononTS 0.000980486 0.0672836 -0.137267 0.049999 94806.1 0.00034743 1 0.0774823 -0.117961 0.05 94866.2
0 200 5 phononTS 0.00199047 -2.5702 3.0782 0.00850651 53802.1 0.00069486 1 -0.0486969 -0.189758 0.05 140673
0 203 7 phononTF 0.00214064 -4.7342 3.76822 -0.0200964 25767.1 0.00034743 1 0.0186833 -0.152436 0.05 52770.4
0 203 9 phononL 0.000920185 0.0186833 -0.152436 0.049999 52770.4 0.00034743 1 0.0595543 -0.105411 0.05 53192.2
0 203 2 phononTS 0.000803992 -1.78284 3.28903 0.0380701 288.238 0.00034743 1 0.0701794 -0.286278 0.05 209554
0 204 5 phononTS 0.00147845 2.55558 1.71032 0.0285003 26734.1 0.00069486 1 -0.102798 -0.151172 0.05 445771
0 205 4 phononTF 0.00103899 3.02154 3.0639 0.0206745 201241 0.00034743 1 0.0304811 -0.160178 0.05 212961
0 206 7 phononTS 0.0019527 -2.61569 4.83395 0.0294428 12748.4 0.00034743 1 -0.0813689 -0.124127 0.05 37498.1
0 206 9 phononL 0.00108641 -0.0813689 -0.124127 0.049999 37498.1 0.00034743 1 -0.102089 -0.180718 0.05 345779
0 211 2 phononTF 0.00167292 -1.60813 3.58553 0.0359603 1224.4 0.00069486 1 -0.0670342 -0.189072 0.05 89605.2
0 213 4 phononTF 0.00139553 -3.24205 -3.79322 -0.0246867 28087.8 0.00069486 1 0.0428109 -0.119563 0.05 76159.8
0 216 4 phononTF 0.000729022 0.517613 -2.99728 -0.0319488 16320.5 0.00034743 1 -0.0170143 -0.214329 0.05 334356
0 216 14 phononTS 0.000542375 -2.28833 -2.58233 -0.00607968 284848 0.00034743 1 0.026794 -0.285967 0.05 631613
0 217 3 phononL 0.00185813 -2.44263 2.92877 -0.0188786 8680.08 0.00104229 1 -0.049895 -0.262005 0.05 127672
0 218 2 phononL 0.00100888 -0.949282 3.86576 0.0473436 7684.58 0.00069486 1 -0.0347636 -0.214074 0.05 482555
0 223 5 phononTF 0.00128967 -1.88115 0.50817 -0.0253532 18671.5 0.00034743 1 -0.0467653 -0.269411 0.05 21876
0 226 5 phononTF 0.0008307 -4.4051 0.863024 -0.0139617 105861 0.00034743 1 -0.0864352 -0.169934 0.05 633873
0 226 11 phononTS 0.00100075 2.58771 3.2241 0.0434926 64300.8 0.00034743 1 0.0972712 -0.266584 0.05 110448
0 229 3 phononTF 0.00221248 -2.84513 4.69946 -0.0227112 9529.39 0.00034743 1 0.0440257 -0.141708 0.05 63629.8
0 232 3 phononL 0.00145096 -2.95006 4.95746 -0.00372008 5856.72 0.00034743 1 0.031028 -0.247584 0.05 206502
0 232 5 phononTF 0.000351434 0.031028 -0.247584 0.049999 206502 0.00034743 1 0.0407567 -0.296094 0.05 206569
0 232 4 phononTS 0.000688841 0.031028 -0.247584 0.049999 206502 0.00034743 1 0.0718589 -0.250975 0.05 206604
0 235 4 phononL 0.00105574 -1.48535 1.14939 -0.0182516 22762.9 0.00034743 1 -0.0457797 -0.170527 0.05 224719
0 236 2 phononL 0.00189432 -2.85283 4.83717 0.0241408 3201.71 0.00069486 1 -0.0381719 -0.133573 0.05 124092
0 236 9 phononL 0.000706776 -0.0381719 -0.133573 0.049999 124092 0.00034743 1 0.0352163 -0.119562 0.05 125274
0 246 2 phononTF 0.00164513 -1.75006 3.74979 -0.000676991 0.14248 0.00034743 1 -0.0827469 -0.148367 0.05 27587.2
0 248 2 phononTS 0.00253019 -2.26573 4.03646 0.0492396 767.036 0.00104229 1 -0.0889131 -0.173186 0.05 107456
0 249 2 phononL 0.00254383 -1.70155 3.77976 0.0274035 11.7489 0.00104229 1 -0.0104732 -0.211083 0.05 7023.44
0 250 4 phononTS 0.00173408 0.291976 4.76163 -0.0298685 16766.2 0.00034743 1 -0.0908657 -0.164807 0.05 47513.5
0 251 5 phononL 0.000855543 0.374257 -2.69407 -0.0370693 117335 0.00034743 1 0.0248731 -0.279741 0.05 306859
0 253 2 phononTS 0.00149214 -1.50076 3.51844 0.00618554 1015.02 0.00034743 1 -0.0364582 -0.214643 0.05 129175
0 253 4 phononTF 0.000547112 -0.0364582 -0.214643 0.049999 129175 0.00034743 1 -0.0353931 -0.21318 0.05 129236
0 254 4 phononTS 0.00133245 -1.71025 1.85458 -0.049654 32058.8 0.00069486 1 -0.0477219 -0.19947 0.05 181384
0 259 4 phononL 0.00111492 -2.27517 -1.0159 -0.0252084 49876.4 0.00034743 1 -0.0593114 -0.132349 0.05 139947
0 259 6 phononTS 0.000577576 -0.0593114 -0.132349 0.049999 139947 0.00034743 1 -0.0233481 -0.23242 0.05 140827
0 259 15 phononTS 0.000621717 -1.68583 2.84821 0.0434605 160067 0.00034743 1 -0.045242 -0.208962 0.05 256384
0 260 6 phononTS 0.000577626 -3.69681 4.07513 -0.026045 105110 0.00034743 1 -0.0137338 -0.224299 0.05 147492
0 263 4 phononTS 0.00101616 -1.42635 4.0201 -0.0314406 75286.1 0.00034743 1 -0.0377458 -0.280864 0.05 147358
0 264 2 phononTF 0.00144183 -1.75559 3.74405 0.00135694 1.54417 0.00069486 1 -0.0416048 -0.103727 0.05 96160.1
0 268 5 phononTS 0.00071584 -1.15771 0.560573 0.017816 37854 0.00034743 1 -0.0766005 -0.267013 0.05 222545
0 274 3 phononTF 0.0021966 -2.05976 4.53586 -0.00712022 2387.97 0.00034743 1 -0.104 -0.153107 0.05 235873
0 275 2 phononTS 0.00122123 -1.61575 2.938 0.00121147 1701.47 0.00034743 1 0.0743507 -0.156612 0.05 413608
0 279 2 phononTF 0.00116335 -2.27748 4.23414 0.0223711 503.243 0.00034743 1 -0.0654826 -0.104874 0.05 10083.7
0 280 4 phononTS 0.0018711 -0.330204 3.14098 -0.0265642 12984.8 0.00034743 1 0.0978291 -0.13651 0.05 123826
0 280 8 phononL 0.000487946 0.0978291 -0.13651 0.049999 123826 0.00034743 1 0.109456 -0.20732 0.05 250590
0 280 7 phononTF 0.000823057 0.0978291 -0.13651 0.049999 123826 0.00034743 1 0.0274849 -0.192177 0.05 123893
0 282 2 phononTS 0.00153587 -1.80937 3.73881 0.0382249 13.6118 0.00069486 1 0.0325932 -0.12016 0.05 86371.2
0 288 2 phononTF 0.00225462 -1.98916 2.40417 -0.00287978 4955.98 0.00034743 1 -0.0868752 -0.139536 0.05 321590
0 288 5 phononTS 0.00131029 -0.0868752 -0.139536 0.049999 321590 0.00034743 1 -0.0842947 -0.126285 0.05 321647
0 288 13 phononTF 0.000671343 -0.0842947 -0.126285 0.049999 321647 0.00034743 1 0.093694 -0.253442 0.05 476064
0 289 4 phononTF 0.00100355 0.980864 4.47405 0.0308874 7971.09 0.00034743 1 0.0872049 -0.26051 0.05 24219.2
0 291 3 phononL 0.00204597 -1.70745 3.56558 0.0302826 1100.12 0.00034743 1 -0.0402822 -0.150906 0.05 282772
0 292 4 phononTS 0.00104421 2.97672 2.23422 -0.00135956 38308.3 0.00034743 1 -0.0774213 -0.247115 0.05 440925
0 293 5 phononL 0.00132423 -0.335098 4.10209 -0.0293421 35908.9 0.00034743 1 -0.0937886 -0.213426 0.05 96599.8
0 295 5 phononL 0.00168993 -1.19505 3.64082 0.0340065 8897.49 0.00069486 1 -0.0476786 -0.133077 0.05 454431
0 295 6 phononL 0.000493261 -0.0476786 -0.133077 0.049999 454431 0.00034743 1 0.0701819 -0.234274 0.05 456261
0 298 6 phononTS 0.000988953 3.76388 3.50187 -0.0371093 63804.7 0.00034743 1 0.0605717 -0.218061 0.05 230148
0 298 2 phononTF 0.00150391 0.0558423 0.539045 0.0135414 10067.8 0.00069486 1 -0.0910677 -0.216818 0.05 12497.3
0 304 3 phononTS 0.00118973 -1.5341 3.76321 0.011123 11552.3 0.00069486 1 -0.0510312 -0.107643 0.05 602746
0 305 4 phononTF 0.00118401 -1.79414 1.78108 0.0492741 194542 0.00069486 1 0.0362893 -0.190433 0.05 302968
0 310 3 phononTS 0.00228771 -2.66449 3.43247 -0.0121164 1711.17 0.00034743 1 0.0234039 -0.261626 0.05 31585.9
0 310 8 phononTF 0.000698328 0.0234039 -0.261626 0.049999 31585.9 0.00034743 1 -0.0462171 -0.233695 0.05 31648.4
0 312 5 phononTS 0.00177344 1.62335 4.93702 0.00484333 77465.6 0.00034743 1 -0.0159058 -0.204006 0.05 437346
0 312 6 phononTF 0.000631204 -0.0159058 -0.204006 0.049999 437346 0.00034743 1 -0.0726664 -0.169175 0.05 441647
0 313 3 phononTF 0.00131238 -2.11049 2.9655 0.0389948 3392.95 0.00069486 1 -0.101356 -0.243085 0.05 131002
0 318 3 phononL 0.00149498 -3.33198 4.11611 0.00928978 7718.36 0.00069486 1 -0.0884871 -0.143342 0.05 283156
0 318 16 phononL 0.000900431 -2.35959 1.82401 -0.0286579 9847.51 0.00034743 1 0.0762765 -0.194774 0.05 772978
0 318 19 phononTF 0.000474732 0.0762765 -0.194774 0.049999 772978 0.00034743 1 -0.0547164 -0.268086 0.05 1.19279e+06
0 318 15 phononTS 0.00160459 -2.35959 1.82401 -0.0286579 9847.51 0.00069486 1 0.027007 -0.260791 0.05 76452.1
0 321 5 phononTS 0.00157521 2.58662 -2.17283 0.041158 70012 0.00034743 1 -0.0282106 -0.301586 0.05 122808
0 324 5 phononTS 0.00110999 -2.51981 1.1626 0.0294933 43936.8 0.00034743 1 0.0299997 -0.141084 0.05 285041
0 325 3 phononTS 0.00188842 -2.47413 3.83506 0.0380209 1421.56 0.00034743 1 0.117021 -0.172834 0.05 32624.5
0 329 5 phononTS 0.00100659 -1.56789 3.9275 0.0165706 19050.6 0.00034743 1 -0.041072 -0.276097 0.05 152050
0 330 3 phononTS 0.00179856 -1.98717 3.89186 -0.0275117 198.936 0.00069486 1 -0.0638207 -0.151672 0.05 192504
0 333 2 phononTF 0.00229253 -1.34269 3.36917 0.00353334 19384.9 0.00034743 1 -0.0333193 -0.165212 0.05 55036.4
0 333 5 phononL 0.000882271 -0.0333193 -0.165212 0.049999 55036.4 0.00069486 1 0.0230329 -0.180767 0.05 55214.4
0 335 7 phononTS 0.000940729 1.97333 -4.8679 0.0198155 152841 0.00034743 1 -0.110224 -0.168906 0.05 181573
0 343 5 phononTF 0.00119061 3.75661 -1.12608 0.0269553 413663 0.00034743 1 0.0299361 -0.221762 0.05 941694
0 348 4 phononL 0.00113749 -3.20574 4.81427 -0.0250335 14622.3 0.00069486 1 0.103977 -0.184409 0.05 42169.5
0 351 3 phononTF 0.00226253 -1.3492 4.21063 -0.0363484 3205.85 0.00138972 1 -0.0479344 -0.197648 0.05 26551.8
0 356 4 phononTS 0.000492833 0.875587 -4.44744 0.015275 110023 0.00034743 1 -0.042278 -0.141167 0.05 155748
0 364 4 phononL 0.00128228 -3.02116 2.51693 -0.0450689 116175 0.00034743 1 0.062526 -0.115458 0.05 395518
0 368 4 phononTS 0.000928254 4.74198 -1.71443 0.0446766 134189 0.00034743 1 -0.0582164 -0.14622 0.05 287506
0 368 11 phononTF 0.00112155 -3.01441 2.03361 0.0490721 127848 0.00034743 1 0.0399941 -0.290672 0.05 217736
0 368 13 phononL 0.000752883 0.0399941 -0.290672 0.049999 217736 0.00034743 1 0.0231358 -0.267737 0.05 217785
0 372 5 phononTF 0.00294937 -2.15223 4.63511 0.0139328 5606.67 0.00069486 1 -0.0305468 -0.211385 0.05 12819.7
0 372 14 phononTS 0.00101814 -0.0305468 -0.211385 0.049999 12819.7 0.00034743 1 0.0967989 -0.15856 0.05 13093.2
0 374 4 phononTF 0.0011832 0.194252 3.30959 -0.0409287 11926.9 0.00034743 1 0.0592054 -0.239465 0.05 28481
0 376 2 phononL 0.00262665 -1.44747 3.66596 0.0394331 1802.99 0.00034743 1 -0.116307 -0.218326 0.05 319828
0 376 6 phononTS 0.00102591 -0.116307 -0.218326 0.049999 319828 0.00034743 1 -0.112556 -0.213199 0.05 319886
0 377 5 phononL 0.000882758 -3.21751 0.94736 -0.0141279 21124.4 0.00034743 1 0.0858982 -0.270504 0.05 536148
0 378 5 phononTS 0.000911321 -1.91587 1.32181 0.0229868 27773.9 0.00034743 1 0.0805276 -0.25109 0.05 31741.1
0 378 2 phononTS 0.00163141 -1.51094 4.01078 0.0490216 240.868 0.00069486 1 -0.0226081 -0.268854 0.05 96505.6
0 380 7 phononTS 0.00170073 0.179469 2.11583 -0.0100991 10169 0.00034743 1 -0.0477752 -0.226722 0.05 169779
0 381 4 phononTF 0.000825197 -4.50574 3.12468 0.00930528 32336 0.00034743 1 0.109886 -0.176304 0.05 170953
0 384 2 phononTF 0.00104654 -2.85365 4.73853 0.0387546 7234.73 0.00034743 1 -0.0383367 -0.160951 0.05 181178
0 386 4 phononTF 0.00134464 -4.55801 -4.30697 0.0252019 425884 0.00034743 1 0.0174182 -0.158043 0.05 661095
0 387 2 phononTS 0.00244295 -1.7923 1.99054 -0.0225634 6524.19 0.00034743 1 0.076901 -0.231051 0.05 143572
0 387 6 phononTF 0.00133234 0.076901 -0.231051 0.049999 143572 0.00034743 1 -0.0281652 -0.109125 0.05 195267
0 387 15 phononTS 0.000909292 -0.0281652 -0.109125 0.049999 195267 0.00034743 1 -0.0272208 -0.165528 0.05 195565
0 387 19 phononTF 0.000555773 -0.0272208 -0.165528 0.049999 195565 0.00034743 1 -0.0438394 -0.140268 0.05 195724
0 389 2 phononTS 0.00173622 -3.41052 2.74391 -0.00150033 9408.73 0.00104229 1 0.0177746 -0.214103 0.05 65937.2
0 390 4 phononTS 0.0017621 -4.52039 -0.948596 0.0479965 90167.8 0.00034743 1 -0.0534715 -0.158742 0.05 432652
0 390 6 phononTS 0.00115802 -0.0534715 -0.158742 0.049999 432652 0.00034743 1 -0.088134 -0.1894 0.05 432719
0 391 5 phononTS 0.0020042 3.17484 1.80799 -0.00174092 126781 0.00034743 1 0.082309 -0.265367 0.05 211930
0 391 7 phononTF 0.00106214 0.082309 -0.265367 0.049999 211930 0.00069486 1 -0.057062 -0.16584 0.05 212491
0 397 4 phononL 0.000616714 -0.75764 -2.82204 -0.0369434 161844 0.00034743 1 -0.0521649 -0.230601 0.05 245322
0 401 3 phononL 0.00145484 -1.251 3.24119 0.0187264 1348.86 0.00034743 1 0.0234208 -0.170188 0.05 20241
0 401 5 phononL 0.000900828 0.0234208 -0.170188 0.049999 20241 0.00034743 1 0.0332736 -0.177722 0.05 20283.2
0 402 5 phononTS 0.000723338 -4.74144 -3.08545 -0.0434378 66235.3 0.00034743 1 0.0558404 -0.167933 0.05 110459
0 405 4 phononTS 0.00127693 4.59451 3.20973 0.0468411 120003 0.00034743 1 0.0401361 -0.243301 0.05 383056
0 408 5 phononTS 0.000795136 0.626321 3.99408 -0.0451809 16718.8 0.00034743 1 -0.066013 -0.135255 0.05 125599
0 410 2 phononTS 0.0018963 -2.1531 3.91861 0.0306977 1157.02 0.00034743 1 0.0440274 -0.209547 0.05 7759.08
0 410 6 phononTS 0.00145686 0.0440274 -0.209547 0.049999 7759.08 0.00034743 1 0.0588184 -0.223967 0.05 7821.25
0 410 16 phononTF 0.000464862 0.0588184 -0.223967 0.049999 7821.25 0.00034743 1 0.0276111 -0.114222 0.05 60001
0 411 4 phononTF 0.00141101 -1.97484 4.1177 -0.0395543 68381.2 0.00069486 1 0.0611688 -0.258884 0.05 109404
0 411 2 phononTF 0.00143446 -1.37577 3.01897 -0.0137623 12333.7 0.00069486 1 -0.0965665 -0.169541 0.05 259491
0 413 3 phononL 0.00102951 -0.819489 4.46923 0.0164955 4869.11 0.00069486 1 0.0899287 -0.252205 0.05 134951
0 414 4 phononTS 0.00170048 -2.22182 1.79124 0.0278589 10318.4 0.00034743 1 -0.0634527 -0.133405 0.05 162265
0 414 7 phononTF 0.000561402 -0.0634527 -0.133405 0.049999 162265 0.00034743 1 0.0968032 -0.262921 0.05 286568
0 416 8 phononL 0.000972569 -1.607 2.84996 -0.00659491 25395 0.00034743 1 -0.0653263 -0.126389 0.05 300797
0 417 4 phononTF 0.0013517 -3.51329 -4.4932 -0.0388721 34361.2 0.00069486 1 -0.0444882 -0.108761 0.05 149287
0 418 7 phononTS 0.000764709 2.79534 2.95687 0.0155294 108247 0.00034743 1 -0.0599115 -0.205878 0.05 200286
0 424 2 phononTF 0.00152316 -3.57482 4.09681 -0.049362 6189.99 0.00034743 1 -0.0407626 -0.14933 0.05 520587
0 426 2 phononTS 0.00235413 -1.75024 3.85709 -0.0234724 1668.31 0.00069486 1 0.0363902 -0.158395 0.05 49242
0 428 4 phononTS 0.00140985 -4.96591 1.52624 -0.0411382 432653 0.00034743 1 -0.066395 -0.14408 0.05 668368
0 428 2 phononTS 0.00197916 -2.94229 4.67554 0.0237029 11056 0.00104229 1 -0.0874817 -0.276839 0.05 34374
0 430 7 phononTS 0.0015128 -4.16107 4.90216 -0.0449795 250622 0.00034743 1 -0.038859 -0.134513 0.05 488341
0 431 2 phononL 0.00154113 -4.34592 1.62407 0.0417938 18049 0.00034743 1 0.0439241 -0.232319 0.05 46924
0 432 3 phononTF 0.00165867 -1.38594 3.83269 0.0134904 23845.5 0.00034743 1 0.0146207 -0.228947 0.05 116142
0 432 5 phononL 0.000396109 0.0146207 -0.228947 0.049999 116142 0.00034743 1 0.0611559 -0.178616 0.05 116185
0 435 2 phononTS 0.00256953 -2.35367 3.61847 0.0132141 5307.28 0.00069486 1 -0.0290946 -0.138885 0.05 33702
0 435 7 phononTF 0.000597675 -0.0290946 -0.138885 0.049999 33702 0.00034743 1 0.063285 -0.17832 0.05 33769.8
0 437 3 phononL 0.00183411 -1.9399 4.37168 -0.00670696 6642.75 0.00069486 1 -0.114423 -0.163264 0.05 192605
0 438 3 phononL 0.0017193 -2.66414 3.71669 0.0168789 1112.34 0.00034743 1 0.0681482 -0.180029 0.05 71037.3
0 438 4 phononTS 0.000753789 0.0681482 -0.180029 0.049999 71037.3 0.00034743 1 -0.103417 -0.210947 0.05 71238.2
0 439 7 phononTS 0.000778506 -3.86992 3.93534 -0.0159139 205085 0.00034743 1 -0.0681333 -0.166068 0.05 263417
0 439 6 phononTF 0.000890235 -3.86992 3.93534 -0.0159139 205085 0.00069486 1 0.0696469 -0.210493 0.05 380749
0 443 5 phononTF 0.00104215 -0.580458 1.68687 -0.0345411 18169 0.00034743 1 -0.0608541 -0.193433 0.05 31507.2
0 443 4 phononTF 0.00122484 -0.580458 1.68687 -0.0345411 18169 0.00034743 1 0.0614575 -0.163856 0.05 576967
0 445 2 phononTS 0.00174118 -1.74845 3.74818 0.00132323 0.500574 0.00069486 1 0.0947896 -0.200173 0.05 66497.6
0 449 4 phononTF 0.00165607 -0.286623 -0.649566 -0.0324348 118858 0.00034743 1 -0.0311126 -0.13796 0.05 135915
0 451 4 phononTS 0.000679949 -1.1238 3.38818 0.00249963 15995.8 0.00034743 1 0.103718 -0.206991 0.05 186761
0 452 5 phononTF 0.00091066 3.29103 -3.26997 0.0394876 166473 0.00034743 1 0.0839161 -0.134083 0.05 244230
0 454 2 phononTS 0.00208328 -1.56715 4.45912 -0.0370317 1264.98 0.00034743 1 -0.0710466 -0.258078 0.05 129839
0 454 4 phononTS 0.00108149 -0.0710466 -0.258078 0.049999 129839 0.00034743 1 -0.0506722 -0.246897 0.05 129896
0 454 11 phononTF 0.000574143 -0.0506722 -0.246897 0.049999 129896 0.00034743 1 0.0746063 -0.199705 0.05 215799
0 455 3 phononTF 0.00182686 -1.6736 4.76328 0.0429728 22286.5 0.00069486 1 0.0654427 -0.133564 0.05 111337
0 456 7 phononTS 0.00182925 -3.64207 -4.93114 -0.03807 18503.8 0.00034743 1 0.0335097 -0.166594 0.05 193706
0 456 8 phononTF 0.000832721 0.0335097 -0.166594 0.049999 193706 0.00034743 1 -0.0416379 -0.160185 0.05 194478
0 457 4 phononTS 0.00131831 -2.06216 1.01473 0.0258068 41402.1 0.00069486 1 0.107121 -0.200158 0.05 244902
0 462 5 phononTS 0.0013904 1.72506 -3.15491 -0.0245511 73144.9 0.00034743 1 -0.0927698 -0.167349 0.05 357154
0 462 4 phononTS 0.0013277 1.72506 -3.15491 -0.0245511 73144.9 0.00069486 1 -0.115837 -0.167632 0.05 199658
0 465 7 phononTF 0.0016312 2.77895 3.82333 0.00253448 272574 0.00069486 1 -0.0110287 -0.203813 0.05 554410
0 465 11 phononTF 0.000438099 -0.0110287 -0.203813 0.049999 554410 0.00034743 1 0.0892828 -0.208292 0.05 554484
0 466 2 phononTS 0.0016724 -2.0762 3.48062 -0.0338969 3781.92 0.00034743 1 -0.0748403 -0.127609 0.05 894386
0 467 4 phononTS 0.00102609 -3.29353 -2.92858 -0.00556682 103249 0.00034743 1 0.0465249 -0.247358 0.05 237478
0 467 2 phononL 0.00161274 -1.56591 3.09931 -0.0291979 709.042 0.00034743 1 0.0733237 -0.268299 0.05 41665.3
0 468 3 phononTF 0.00168104 -1.75484 3.73596 0.00773991 3.19037 0.00069486 1 0.0331519 -0.193785 0.05 118294
0 469 5 phononL 0.00156033 2.9908 2.61968 -0.0181725 51273.2 0.00034743 1 0.0635888 -0.267034 0.05 520216
0 469 2 phononL 0.00153119 1.26339 4.33101 0.0419424 15615.9 0.00034743 1 0.0701302 -0.179147 0.05 23747.8
0 474 5 phononL 0.00166163 1.30219 -2.22196 0.0162642 173948 0.00034743 1 0.0902998 -0.156827 0.05 201952
0 474 7 phononTS 0.000713619 0.0902998 -0.156827 0.049999 201952 0.00034743 1 -0.0222871 -0.268168 0.05 258842
0 475 2 phononL 0.000838408 -0.68372 3.96568 -0.0413153 3232.66 0.00034743 1 -0.0734952 -0.187642 0.05 77453.9
0 477 2 phononTF 0.00220706 -1.70451 3.71818 -0.0397342 65.341 0.00069486 1 -0.114475 -0.176508 0.05 20048.5
0 477 9 phononTS 0.000547906 -0.114475 -0.176508 0.049998 20048.5 0.00034743 1 0.0131363 -0.177728 0.05 131978
0 479 4 phononL 0.00118943 0.709526 2.22524 -0.020169 12139.4 0.00034743 1 0.0609984 -0.205275 0.05 22507.6
0 479 2 phononTF 0.000660964 -0.473262 2.75546 0.00519877 2534.59 0.00034743 1 -0.103046 -0.140793 0.05 167447
0 483 5 phononL 0.00088035 3.56976 -3.74277 -0.014751 97693.2 0.00034743 1 -0.0274702 -0.214848 0.05 165824
0 487 3 phononTS 0.00153617 -1.33414 4.29557 0.0195576 8622.76 0.00069486 1 0.0537231 -0.172399 0.05 233060
0 489 2 phononL 0.00172541 -0.163863 4.41635 -0.0039987 10859.1 0.00034743 1 0.0326716 -0.294973 0.05 38793.6
0 492 6 phononTS 0.00112925 -4.74813 2.0791 -0.0386782 101864 0.00069486 1 0.0998245 -0.23784 0.05 203135
0 493 2 phononTS 0.00250445 -2.89681 2.83597 0.035919 6164.67 0.00034743 1 0.0630729 -0.26279 0.05 124661
0 495 6 phononL 0.000690292 -4.76121 3.06278 0.00570108 193509 0.00034743 1 0.0806835 -0.190925 0.05 214051
0 497 4 phononL 0.00104743 4.28584 -2.02982 -0.0106996 678479 0.00034743 1 -0.0961227 -0.261351 0.05 776374
0 497 2 phononTS 0.00226451 0.676656 2.12826 -0.0279239 12308.2 0.00069486 1 -0.032877 -0.101341 0.05 107199
0 498 5 phononTS 0.00191268 -1.59648 3.4347 -0.0443328 98804.1 0.00034743 1 -0.0555518 -0.243278 0.05 189092
0 498 6 phononTS 0.000601824 -0.0555518 -0.243278 0.049999 189092 0.00034743 1 -0.0529498 -0.247789 0.05 189148
0 500 7 phononTS 0.00130867 -4.95965 -0.453145 -0.0261767 62251 0.00034743 1 -0.110967 -0.230501 0.05 167556
0 501 3 phononTF 0.00237473 -1.2343 4.17923 0.0172308 2716.78 0.00104229 1 -0.043828 -0.106759 0.05 240307
0 503 4 phononTS 0.000543419 -4.7225 3.37272 -0.00806452 184539 0.00034743 1 0.0656227 -0.177341 0.05 321939
0 504 4 phononTS 0.000730399 -2.73445 0.872547 0.00458258 99481.4 0.00034743 1 -0.033453 -0.158033 0.05 248781
0 506 4 phononTF 0.00192511 -0.520112 4.87142 0.0423489 13912.1 0.00034743 1 -0.101127 -0.209893 0.05 40260.7
0 506 2 phononL 0.00107642 -1.66809 4.27401 0.0206937 2281.34 0.00069486 1 -0.0577785 -0.294606 0.05 130795
0 509 2 phononTS 0.00174998 -2.22607 3.80919 0.0221999 1367.88 0.00034743 1 -0.0555684 -0.193009 0.05 189224
0 509 4 phononTS 0.000406168 -0.0555684 -0.193009 0.049999 189224 0.00034743 1 -0.0518879 -0.214761 0.05 330583
0 513 3 phononTS 0.00267031 -3.16069 3.09172 -0.00515508 13686.5 0.00034743 1 -0.0357387 -0.182518 0.05 32704.8
0 516 7 phononTF 0.00118597 0.406228 -2.5831 0.0030227 64677.2 0.00034743 1 0.0704477 -0.135156 0.05 1.0111e+06
0 516 2 phononTF 0.00155016 -1.38915 4.24207 -0.0291668 2411.09 0.00104229 1 0.0675498 -0.209605 0.05 17685.8
0 518 5 phononTF 0.00181855 1.41726 2.42609 0.0365434 39185.8 0.00034743 1 0.0530103 -0.296251 0.05 164297
0 518 6 phononL 0.000887035 0.0530103 -0.296251 0.049998 164297 0.00034743 1 0.0723483 -0.197549 0.05 301422
0 518 14 phononTF 0.000488524 0.0723483 -0.197549 0.049999 301422 0.00034743 1 -0.0250072 -0.24284 0.05 301590
0 519 4 phononTF 0.00158 -1.96539 1.48074 -0.0106624 74547.9 0.00034743 1 -0.0946499 -0.157192 0.05 359268
0 521 3 phononTF 0.00167443 -1.61296 3.57079 -0.0155274 1320.07 0.00069486 1 -0.0902065 -0.158177 0.05 108231
0 521 7 phononTF 0.000452955 -0.0902065 -0.158177 0.049999 108231 0.00034743 1 -0.0500253 -0.251246 0.05 108374
0 532 4 phononTS 0.000957949 -0.592798 3.40168 0.0429315 39449.4 0.00069486 1 0.0692022 -0.184129 0.05 167634
0 534 2 phononL 0.00191275 -1.47287 3.33692 -0.0195667 2749.76 0.00069486 1 -0.0333057 -0.250072 0.05 23521.4
0 535 3 phononTS 0.00246179 -3.10081 4.91845 0.0279232 19388.8 0.00069486 1 0.118843 -0.212691 0.05 95859.8
0 538 3 phononTS 0.00203994 -1.12113 3.19043 4.12939e-05 4127.53 0.00104229 1 -0.10055 -0.189268 0.05 15930.2
0 538 21 phononTF 0.000787601 -0.637 4.05422 0.0384127 166872 0.00069486 1 -0.0459457 -0.119785 0.05 303776
0 539 5 phononTS 0.00141789 0.527841 3.43957 -0.040538 119633 0.00069486 1 0.0476054 -0.215492 0.05 648050
0 548 3 phononTS 0.00238568 -1.48542 2.71551 -0.020722 2497.48 0.00069486 1 0.0702822 -0.27309 0.05 14660.1
0 548 9 phononL 0.000575524 0.0702822 -0.27309 0.049999 14660.1 0.00034743 1 -0.0275294 -0.154574 0.05 14926.1
0 551 8 phononTF 0.000590524 -4.25909 4.87924 -0.0222012 17267.3 0.00034743 1 0.0709139 -0.251582 0.05 196472
0 554 2 phononTS 0.00126292 -2.97758 3.0042 0.0386688 2882.69 0.00034743 1 -0.0895877 -0.194283 0.05 157735
0 562 5 phononTS 0.00102025 -0.0332445 2.37071 -0.0139562 206593 0.00034743 1 -0.0393091 -0.131408 0.05 520202
0 565 2 phononTS 0.00201929 -0.492208 3.25243 -0.0402439 6921.71 0.00069486 1 -0.0422274 -0.238335 0.05 11883.9
0 566 3 phononTF 0.00183999 -1.57006 4.21647 -0.0398272 1267.96 0.00034743 1 0.0400197 -0.168008 0.05 9940
0 566 10 phononTF 0.000964816 -1.75019 4.44217 -0.0328304 2377.21 0.00034743 1 0.0747206 -0.201154 0.05 345779
0 568 2 phononL 0.00169932 0.201937 2.55538 0.0277206 18492.4 0.00034743 1 -0.0651114 -0.231649 0.05 37063.7
0 570 2 phononTF 0.00247876 -1.43099 3.58756 0.0204352 2370.45 0.00069486 1 0.0746155 -0.235882 0.05 6369.21
0 570 4 phononTF 0.000850825 0.0746155 -0.235882 0.049999 6369.21 0.00069486 1 -0.0484348 -0.134264 0.05 6534.39
0 573 2 phononTS 0.00120937 -1.88067 3.96701 -0.00396791 234.053 0.00069486 1 -0.0783029 -0.203829 0.05 160047
0 579 4 phononTF 0.00118515 2.92519 -0.536616 -0.0493051 35171.9 0.00034743 1 0.078116 -0.191306 0.05 243137
0 579 8 phononTF 0.000476797 0.078116 -0.191306 0.049999 243137 0.00034743 1 0.0692142 -0.124954 0.05 243199
0 585 2 phononL 0.00176516 -0.778469 2.95982 0.0142144 8304.7 0.00034743 1 0.0379533 -0.233549 0.05 22086.4
0 586 4 phononL 0.000940603 4.68693 -1.20051 0.00639049 302816 0.00034743 1 0.0427376 -0.177314 0.05 332888
0 590 5 phononTS 0.00117497 -3.31243 2.90346 0.00709632 44281.1 0.00034743 1 -0.0535812 -0.213219 0.05 217603
0 594 5 phononL 0.00201141 -3.26673 3.29498 0.00562558 15938.8 0.00069486 1 0.0831801 -0.18146 0.05 161001
0 596 3 phononTS 0.00223504 -1.37786 4.00291 -0.0406785 978.186 0.00034743 1 0.0570132 -0.133545 0.05 26533
0 601 3 phononTF 0.0021575 -0.567342 1.26461 -0.00632697 14180.5 0.00138972 1 0.0299187 -0.112924 0.05 107855
0 601 2 phononTS 0.0018425 -0.567342 1.26461 -0.00632697 14180.5 0.00034743 1 0.0937027 -0.230052 0.05 386496
0 601 21 phononTS 0.000539664 0.0937027 -0.230052 0.049999 386496 0.00034743 1 0.0499769 -0.23325 0.05 386627
0 602 3 phononTS 0.00186315 -1.25167 2.3733 -0.0220135 5427.65 0.00034743 1 0.0561508 -0.162276 0.05 151756
0 602 4 phononTF 0.000993356 0.0561508 -0.162276 0.049999 151756 0.00034743 1 -0.0276353 -0.175896 0.05 153416
0 603 2 phononTF 0.00217444 0.861849 3.02632 0.00797612 17879.5 0.00034743 1 0.0618112 -0.119645 0.05 83386.7
0 603 5 phononL 0.00173544 0.0618112 -0.119645 0.049999 83386.7 0.00069486 1 0.0936479 -0.203784 0.05 232055
0 603 8 phononTS 0.000423633 0.0936479 -0.203784 0.049999 232055 0.00034743 1 0.0448696 -0.274984 0.05 244951
0 604 4 phononTS 0.00154863 1.42173 4.39977 -0.0456195 30921.9 0.00034743 1 -0.0796453 -0.205323 0.05 78581.5
0 608 5 phononL 0.00138271 -3.22608 1.59503 -0.0143745 385434 0.00034743 1 0.0158925 -0.19924 0.05 513384
0 611 7 phononTS 0.000581116 -3.06196 3.82204 -0.0290284 118949 0.00034743 1 -0.0916087 -0.232659 0.05 134868
0 612 2 phononTS 0.00226913 -3.27019 4.46979 -0.042735 30619.2 0.00069486 1 -0.101042 -0.16545 0.05 150613
0 613 3 phononTF 0.00169327 -1.66508 4.10063 0.0100516 365.862 0.00034743 1 0.086422 -0.193692 0.05 115945
0 613 9 phononTF 0.000779639 2.0664 4.32912 0.0433927 34981.4 0.00034743 1 0.0241464 -0.139982 0.05 90401.4
0 614 2 phononTS 0.00226975 -3.33516 2.70322 -0.0113434 4274.02 0.00034743 1 -0.0795406 -0.227349 0.05 53098.9
0 616 2 phononL 0.00189378 0.0368304 4.49881 -0.0468096 16488.1 0.00034743 1 0.0958141 -0.166977 0.05 44926.1
0 617 4 phononTF 0.00108061 0.58359 3.96975 0.0365201 15500.8 0.00034743 1 -0.0182186 -0.207884 0.05 54932.4
0 626 4 phononTF 0.000838094 -1.24252 2.46044 0.00973618 96214.9 0.00034743 1 0.0649899 -0.147977 0.05 331635
0 627 2 phononTF 0.00238585 -1.74443 3.92255 0.0188199 2678.07 0.00069486 1 0.0701419 -0.211511 0.05 15000.4
0 631 4 phononTF 0.00110604 -2.81076 0.678082 -0.00937167 92591.6 0.00034743 1 0.0185725 -0.228697 0.05 307937
0 636 3 phononTF 0.00141451 -2.91281 3.53132 -0.01197 6845.45 0.00069486 1 0.0479448 -0.171577 0.05 50551.9
0 636 14 phononTF 0.00107481 -2.52078 4.72848 0.0395233 15562.8 0.00034743 1 0.0353547 -0.242666 0.05 245552
0 645 2 phononTS 0.0015088 -2.27956 4.88977 -0.00572109 2679.68 0.00034743 1 -0.0620931 -0.293805 0.05 49950.2
0 646 4 phononTS 0.00161844 -1.54856 2.81644 -0.00725227 16504.2 0.00034743 1 0.0174967 -0.175653 0.05 579650
0 646 8 phononTF 0.000960262 0.0174967 -0.175653 0.049999 579650 0.00034743 1 0.0359963 -0.249027 0.05 579711
0 647 5 phononTS 0.000798604 0.164997 -3.71701 -0.00757175 74267.8 0.00069486 1 0.0291837 -0.156163 0.05 221134
0 647 4 phononTF 0.00204735 0.164997 -3.71701 -0.00757175 74267.8 0.00104229 1 -0.0500657 -0.163611 0.05 132880
0 647 18 phononL 0.000441523 -0.0500657 -0.163611 0.049999 132880 0.00034743 1 0.0407526 -0.147331 0.05 133199
0 651 4 phononTF 0.00157559 -0.562099 0.0435543 0.0286379 60232.8 0.00034743 1 -0.0469029 -0.286061 0.05 126408
0 655 2 phononTS 0.00208731 -2.27142 4.20218 -0.0253905 15243.7 0.00069486 1 0.0714256 -0.192116 0.05 40925.7
0 655 4 phononTF 0.00108268 0.0714256 -0.192116 0.049999 40925.7 0.00034743 1 0.105544 -0.197376 0.05 43695.9
0 656 2 phononTS 0.00239336 -2.01729 4.5353 -0.00757257 1293.52 0.00069486 1 -0.0886469 -0.140632 0.05 83935
0 658 4 phononTS 0.0011349 -3.14048 -0.961178 0.0096478 510855 0.00034743 1 0.0962557 -0.174728 0.05 869048
0 660 2 phononTS 0.00122886 -1.10058 3.31611 0.016883 4214.02 0.00034743 1 -0.095946 -0.231434 0.05 27563.9
0 667 2 phononL 0.00198486 -2.42544 3.80098 0.0446354 1572.81 0.00034743 1 -0.0261562 -0.150975 0.05 22715.6
0 667 10 phononTF 0.00153853 -0.0261562 -0.150975 0.049999 22715.6 0.00034743 1 -0.0867449 -0.150314 0.05 23859.8
0 668 3 phononTF 0.00208936 -1.74972 3.43317 0.0353924 545.805 0.00069486 1 -0.0854353 -0.223403 0.05 194397
0 669 3 phononTF 0.00130529 -1.6901 3.43327 -0.0104239 873.872 0.00034743 1 -0.0878808 -0.237066 0.05 26620.1
0 669 12 phononTS 0.00216532 4.81181 -0.143133 -0.0360755 15716.9 0.00034743 1 0.0690292 -0.265071 0.05 107330
0 670 4 phononTS 0.00102516 -2.12579 4.88568 -0.027903 56480 0.00034743 1 -0.0770213 -0.200144 0.05 68279.2
0 676 7 phononL 0.000743086 2.45258 -2.35983 -0.0466478 375345 0.00034743 1 0.0542146 -0.130544 0.05 386885
0 678 7 phononTS 0.00156997 1.95729 -1.60001 -0.00927369 45946.5 0.00034743 1 -0.117395 -0.189244 0.05 71280.9
0 678 9 phononTF 0.00116972 -0.117395 -0.189244 0.049999 71280.9 0.00034743 1 -0.075676 -0.164418 0.05 148502
0 679 4 phononTS 0.00118636 0.15884 4.13852 0.0216379 61105.1 0.00034743 1 -0.050144 -0.143347 0.05 317810
0 680 4 phononL 0.000491858 -2.18205 4.13301 0.0407179 9007.2 0.00034743 1 -0.0334788 -0.215665 0.05 947474
0 681 4 phononTS 0.000371465 -4.13781 -3.30477 0.0403059 79810.5 0.00034743 1 -0.0887889 -0.172149 0.05 230019
0 682 4 phononTS 0.00117659 2.89364 -1.08729 -0.0311589 262851 0.00034743 1 0.0693039 -0.232689 0.05 286000
0 682 6 phononTS 0.000582586 0.0693039 -0.232689 0.049998 286000 0.00034743 1 0.090402 -0.270762 0.05 286064
0 683 5 phononTS 0.00158793 -2.66951 4.6927 0.0473241 75290 0.00069486 1 -0.097927 -0.137378 0.05 676645
0 683 2 phononTF 0.00172612 -2.19363 3.89945 0.0146784 1183.4 0.00034743 1 0.113524 -0.217042 0.05 79553
0 685 2 phononTS 0.00169897 -0.873388 2.53792 0.00890556 7792.58 0.00069486 1 0.0687196 -0.184172 0.05 19582.2
0 685 9 phononL 0.000752769 0.0687196 -0.184172 0.049999 19582.2 0.00034743 1 -0.0533221 -0.125354 0.05 19734.6
0 688 6 phononTS 0.000587066 -2.56935 4.42371 -0.0114688 115671 0.00034743 1 -0.0420256 -0.272193 0.05 199632
0 688 2 phononTS 0.00152027 -2.02783 3.41761 0.035768 528.814 0.00069486 1 0.0223196 -0.129296 0.05 90445.8
0 690 5 phononTS 0.000924985 1.99841 0.136748 -0.0159763 110311 0.00034743 1 0.0272593 -0.195157 0.05 114956
0 692 2 phononTF 0.00255582 -1.15209 3.13081 0.0415249 1495.77 0.00069486 1 0.072475 -0.188071 0.05 74062.2
0 698 2 phononTF 0.00185736 3.05232 1.60849 0.0336405 23878.5 0.00069486 1 -0.0164852 -0.209566 0.05 154037
0 702 2 phononTS 0.001562 -1.95429 3.24093 0.0152794 313.469 0.00034743 1 0.0379802 -0.147634 0.05 569787
0 707 4 phononTS 0.00159257 -2.48221 4.74875 0.003744 19632.3 0.00104229 1 -0.0873641 -0.242046 0.05 191136
0 709 2 phononTS 0.00248606 -1.10744 2.9729 -0.045719 1195.04 0.00104229 1 -0.106149 -0.194789 0.05 78543.1
0 713 5 phononL 0.00126627 -0.555768 3.15651 0.0110626 8438.32 0.00034743 1 0.117027 -0.194233 0.05 631503
0 721 3 phononTS 0.00133932 -0.922371 0.489948 0.00311528 7793.87 0.00069486 1 -0.0785747 -0.172164 0.05 367353
0 721 16 phononTS 0.000988284 0.143871 -3.10786 0.0287778 384330 0.00034743 1 0.0422593 -0.296088 0.05 539541
0 723 3 phononTS 0.00239747 -3.04634 2.67957 0.0120082 7779.82 0.00069486 1 -0.055148 -0.107291 0.05 30187.4
0 723 4 phononTF 0.00102417 -0.055148 -0.107291 0.049999 30187.4 0.00034743 1 0.0288194 -0.159332 0.05 30456.2
0 726 3 phononTF 0.00150834 -1.43757 2.9497 -0.00738025 11679.3 0.00034743 1 0.0511211 -0.279024 0.05 111959
0 730 5 phononTS 0.00188161 -4.84787 4.0544 0.00196687 33993.9 0.00034743 1 -0.0573316 -0.292244 0.05 119613
0 730 2 phononL 0.0013114 -3.3583 2.73526 0.0179671 20608.1 0.00069486 1 -0.0633951 -0.290138 0.05 418272
0 732 2 phononL 0.00213755 -2.46742 3.77632 -0.0211112 1440.49 0.00104229 1 0.113442 -0.206417 0.05 60100.8
0 733 4 phononTS 0.00128336 -2.19145 2.34918 -0.0187209 19876.3 0.00034743 1 0.020156 -0.209427 0.05 49059.4
0 733 6 phononTS 0.000560244 0.020156 -0.209427 0.049999 49059.4 0.00034743 1 0.0520423 -0.215613 0.05 49119.9
0 736 4 phononTF 0.00128829 1.38387 4.71671 0.0329117 178363 0.00034743 1 -0.0785228 -0.163749 0.05 381912
0 736 2 phononTS 0.00198906 -3.69347 2.18946 0.0413272 30449.7 0.00034743 1 -0.0203243 -0.160297 0.05 117804
0 741 3 phononTF 0.00230033 -2.31568 3.0959 -0.0292328 14179.7 0.00069486 1 0.0962661 -0.267197 0.05 436990
0 742 6 phononTF 0.00151896 -1.39588 -1.88306 0.000314366 42270 0.00034743 1 -0.0798748 -0.148846 0.05 215997
0 746 5 phononTF 0.00134552 -1.9605 4.01369 0.000627358 1663.06 0.00069486 1 0.0737483 -0.18559 0.05 281099
0 747 5 phononTS 0.00163889 3.91374 3.46112 -0.0402725 186560 0.00069486 1 0.0931615 -0.204789 0.05 498326
0 748 3 phononTS 0.00199284 -1.6683 4.53631 -0.00302894 3626.07 0.00069486 1 -0.0900981 -0.274943 0.05 87982.5
0 748 9 phononTF 0.000521942 -0.0900981 -0.274943 0.049999 87982.5 0.00034743 1 -0.0787194 -0.132603 0.05 778550
0 750 4 phononTS 0.00101273 4.01866 -3.1489 -0.0499755 49106.4 0.00034743 1 0.0477346 -0.155372 0.05 113686
0 750 7 phononTS 0.000638693 0.0477346 -0.155372 0.049999 113686 0.00034743 1 -0.024973 -0.228541 0.05 113761
0 753 5 phononTF 0.00120945 3.13699 0.805959 -0.013547 192586 0.00034743 1 0.0310609 -0.128924 0.05 378994
0 759 2 phononTS 0.0017187 -0.848759 3.33361 0.0418439 8182.01 0.00034743 1 0.0937309 -0.164846 0.05 59860.8
0 768 5 phononTS 0.00104083 3.45444 2.04719 -0.0346364 250883 0.00034743 1 0.0965815 -0.216643 0.05 358088
0 769 4 phononTF 0.00114477 -1.36617 -2.69751 -0.0316553 224793 0.00034743 1 -0.0528794 -0.193311 0.05 398653
0 772 5 phononL 0.00137325 -0.318825 -4.73083 0.0279537 37587.7 0.00034743 1 0.0649848 -0.271363 0.05 408448
0 773 7 phononTF 0.000440396 -3.45634 -2.6739 0.0453698 300025 0.00034743 1 -0.0618268 -0.17409 0.05 606205
0 773 4 phononTF 0.000865837 -0.406279 3.89951 -0.0350705 95908.4 0.00069486 1 0.0637304 -0.270103 0.05 186750
0 774 2 phononL 0.00190374 -0.632355 4.72334 0.00168718 9574.35 0.00034743 1 -0.0275111 -0.125651 0.05 167663
0 774 4 phononL 0.00130789 -0.0275111 -0.125651 0.049999 167663 0.00034743 1 0.0256233 -0.136999 0.05 167721
0 779 4 phononTS 0.000357471 4.21324 1.31377 -0.0343609 63996 0.00034743 1 0.0644595 -0.160413 0.05 252145
0 786 2 phononTS 0.00167781 -1.39598 3.73359 -0.042274 1135.17 0.00034743 1 -0.0560951 -0.261385 0.05 186256
0 786 8 phononL 0.00123072 -0.0560951 -0.261385 0.049999 186256 0.00034743 1 -0.0772559 -0.115021 0.05 212815
0 787 4 phononTS 0.00203908 -3.59784 4.75167 -0.0264473 38903.2 0.00034743 1 0.0955896 -0.22653 0.05 82042.8
0 789 3 phononL 0.00212137 -2.72454 4.56607 0.00252179 13848.1 0.00138972 1 0.0716339 -0.21118 0.05 43249.1
0 792 4 phononTF 0.00161994 -0.49519 2.09403 -0.0214956 10993.7 0.00034743 1 0.0664259 -0.293936 0.05 18221.4
0 792 7 phononTS 0.000602845 0.0664259 -0.293936 0.049999 18221.4 0.00034743 1 0.0894493 -0.201919 0.05 696393
0 793 2 phononTF 0.00191596 -2.92966 2.6011 0.010942 12218.4 0.00034743 1 -0.0587314 -0.155534 0.05 129528
0 794 5 phononL 0.00103012 -0.422336 4.87151 -0.00629552 2600.6 0.00069486 1 -0.0319629 -0.156824 0.05 32566.6
0 794 2 phononL 0.00186359 -1.35778 3.97985 0.0284804 784.942 0.00069486 1 -0.0527307 -0.222563 0.05 85579.4
0 802 5 phononL 0.000980739 2.89785 -4.61432 -0.0209615 32634.2 0.00034743 1 0.0430072 -0.258632 0.05 226488
0 806 2 phononTS 0.00132098 -1.8997 3.89679 -0.034428 42.4178 0.00034743 1 0.0438451 -0.128234 0.05 73052.3
0 809 2 phononL 0.00213502 -3.18435 3.01468 -0.0385837 17875 0.00069486 1 -0.1169 -0.170961 0.05 104245
0 811 3 phononTS 0.00200915 -1.95402 3.42707 0.034468 281.434 0.00034743 1 0.0937228 -0.206431 0.05 122024
0 811 5 phononTS 0.000926447 0.0937228 -0.206431 0.049999 122024 0.00034743 1 0.106073 -0.216174 0.05 122080
0 813 2 phononL 0.00131502 -1.59468 3.78974 -0.0042203 2044.62 0.00069486 1 -0.054868 -0.25589 0.05 278523
0 814 2 phononTF 0.00174189 -0.0942874 1.81387 -0.0486135 11985.2 0.00034743 1 0.0418672 -0.239124 0.05 121358
0 814 8 phononTF 0.000357781 0.0418672 -0.239124 0.049999 121358 0.00034743 1 0.0488427 -0.201585 0.05 123370
0 815 2 phononTS 0.00211769 -0.197755 0.813044 -0.00920916 13151.3 0.00034743 1 -0.0633903 -0.11702 0.05 68872.9
0 823 3 phononTF 0.00216555 -1.31129 4.10992 0.0435502 2619.82 0.00104229 1 -0.0962427 -0.143606 0.05 52189.6
0 823 7 phononTS 0.000354273 -0.0962427 -0.143606 0.049999 52189.6 0.00034743 1 -0.0935999 -0.136169 0.05 52246.4
0 827 3 phononTS 0.00148131 -3.89288 3.36033 -0.00266043 4430.01 0.00034743 1 0.0724952 -0.121211 0.05 22453.5
0 827 4 phononTS 0.000702323 0.0724952 -0.121211 0.049999 22453.5 0.00034743 1 -0.0124661 -0.198526 0.05 22678.9
0 829 4 phononL 0.000948751 -4.67712 -0.129141 -0.0347626 50149.6 0.00034743 1 -0.0517561 -0.187839 0.05 260387
0 834 5 phononTS 0.0012751 -1.53777 4.24428 0.016608 13827.7 0.00034743 1 -0.116418 -0.224822 0.05 255414
0 837 2 phononL 0.00207161 -1.80263 3.58069 0.0218029 2140.44 0.00069486 1 0.0780188 -0.279837 0.05 19886.5
0 838 2 phononTS 0.0017313 -0.973206 4.95073 -0.0250369 16386.9 0.00104229 1 0.0569485 -0.256195 0.05 280103
0 842 7 phononL 0.0012847 2.00055 2.27711 -0.0241657 109835 0.00034743 1 0.0351727 -0.198328 0.05 122561
0 843 4 phononTF 0.000402303 1.46107 -1.84631 -0.0450164 171112 0.00034743 1 -0.0659017 -0.146899 0.05 179124
0 847 5 phononL 0.000943821 3.42778 -4.01342 -0.0457665 61404.9 0.00034743 1 0.0542135 -0.190061 0.05 136900
0 847 8 phononTS 0.000500524 0.0542135 -0.190061 0.049999 136900 0.00034743 1 -0.0240247 -0.267111 0.05 137029
0 848 8 phononTF 0.000466595 4.98382 -1.02232 0.040848 304489 0.00034743 1 0.0307927 -0.303027 0.05 467027
0 848 2 phononTS 0.00145881 -2.13999 3.65349 0.0317744 1895.77 0.00034743 1 -0.115797 -0.201829 0.05 71986.9
0 850 3 phononTS 0.00264778 -1.53736 3.46947 -0.0278068 1930.98 0.00034743 1 -0.0663354 -0.162758 0.05 17313.1
0 850 8 phononTS 0.00112735 -0.0663354 -0.162758 0.049999 17313.1 0.00034743 1 -0.0753568 -0.236238 0.05 17521.1
0 852 2 phononTS 0.00276331 -0.0489917 1.78559 0.0221423 15567.1 0.00069486 1 -0.0267492 -0.175379 0.05 22161.5
0 852 7 phononTS 0.00166344 -0.0267492 -0.175379 0.049999 22161.5 0.00034743 1 0.0270405 -0.288283 0.05 22545.6
0 857 3 phononTF 0.00251327 -2.91736 3.3028 -0.0251374 4373.1 0.00034743 1 0.0654697 -0.206932 0.05 41567.6
0 860 2 phononTS 0.00278713 -1.25462 3.42552 0.0040282 1660.89 0.00104229 1 -0.0453185 -0.138265 0.05 48025.7
0 860 4 phononTF 0.000480263 -0.0453185 -0.138265 0.049999 48025.7 0.00034743 1 -0.0389455 -0.152464 0.05 48107.6
0 862 8 phononTF 0.000793045 2.38559 0.0978476 0.0413938 137349 0.00034743 1 -0.036664 -0.151054 0.05 239805
0 863 4 phononL 0.00128387 -1.90894 2.64967 -0.0234377 13788.5 0.00034743 1 0.0690042 -0.234713 0.05 313075
0 863 7 phononL 0.00038543 0.0690042 -0.234713 0.049999 313075 0.00034743 1 -0.0360355 -0.160931 0.05 458564
0 863 2 phononTS 0.00166696 -3.67463 3.93204 -0.049521 7490.49 0.00034743 1 -0.0422826 -0.254761 0.05 141001
0 863 18 phononTF 0.000451873 -0.0422826 -0.254761 0.049999 141001 0.00034743 1 0.0423919 -0.214481 0.05 143498
0 864 4 phononL 0.00162234 -4.53519 3.73804 0.00632805 18414.4 0.00034743 1 0.0706731 -0.246005 0.05 320280
0 865 3 phononTS 0.00215467 0.23031 3.57214 -0.0379225 6600.2 0.00034743 1 -0.0658686 -0.13135 0.05 54616.5
0 866 4 phononTF 0.00125846 -3.7359 1.20211 -0.0462669 64697.2 0.00034743 1 -0.0772152 -0.273917 0.05 123603
0 867 7 phononTS 0.000766034 -3.88916 -0.606282 -0.0404677 19595.7 0.00034743 1 -0.0974024 -0.265158 0.05 296331
0 869 5 phononTS 0.00150461 -3.14047 -1.12731 0.0143667 65785.5 0.00034743 1 -0.0283039 -0.146132 0.05 220723
0 869 6 phononTS 0.000580845 -0.0283039 -0.146132 0.049999 220723 0.00034743 1 -0.0970399 -0.154077 0.05 221181
0 878 2 phononTS 0.00161893 -1.62888 4.41567 0.0407825 3206.64 0.00034743 1 -0.0550599 -0.240962 0.05 305977
0 878 4 phononTF 0.000543168 -0.0550599 -0.240962 0.049999 305977 0.00034743 1 -0.0534535 -0.230542 0.05 306052
0 881 4 phononL 0.000771412 -2.49828 -0.303604 -0.00893641 43118.9 0.00034743 1 0.0851214 -0.20465 0.05 484756
0 881 12 phononL 0.00135593 -4.70656 0.158345 -0.0387073 134497 0.00034743 1 0.0488755 -0.260064 0.05 171898
0 882 2 phononTS 0.000986495 -0.120061 4.671 -0.00627652 7124.65 0.00034743 1 0.0364217 -0.239117 0.05 15535.2
0 885 3 phononTF 0.00246776 -1.79645 3.76532 -0.0497006 39.2838 0.00034743 1 -0.0444701 -0.243258 0.05 213723
0 885 7 phononTS 0.000501824 -0.0444701 -0.243258 0.049999 213723 0.00034743 1 -0.016183 -0.192111 0.05 213787
0 886 2 phononTF 0.000853097 2.38954 4.3691 0.0394334 21169.7 0.00034743 1 0.0703904 -0.233654 0.05 56197.5
0 897 7 phononTS 0.000929951 4.72592 1.14317 -0.00217396 369362 0.00034743 1 -0.0767126 -0.284524 0.05 431879
0 897 15 phononTS 0.00118984 -2.70408 2.96353 0.034556 344137 0.00034743 1 -0.0625285 -0.244779 0.05 380803
0 898 5 phononL 0.001101 -0.512711 -0.996508 -0.00403152 185298 0.00069486 1 0.0768652 -0.151645 0.05 196713
0 899 2 phononTS 0.00186655 -1.82453 4.63223 -0.0368505 8607.92 0.00069486 1 -0.0680536 -0.174838 0.05 83984.2
0 902 3 phononL 0.00174667 -1.09669 4.85935 -0.0353265 6846.77 0.00034743 1 -0.0643089 -0.195622 0.05 24402.2
0 902 5 phononTF 0.00112301 -0.0643089 -0.195622 0.049999 24402.2 0.00034743 1 -0.0494065 -0.263612 0.05 24847.3
0 904 4 phononTF 0.00162078 2.3018 4.10006 -0.00529716 36335.6 0.00034743 1 0.0437123 -0.11188 0.05 223398
0 905 7 phononTS 0.000452104 0.890235 0.29193 -0.0448628 150969 0.00034743 1 0.107065 -0.192429 0.05 345619
0 907 5 phononTF 0.00130007 -2.74429 3.48317 -0.0498303 639.009 0.00069486 1 -0.0312244 -0.133532 0.05 126569
0 910 5 phononTF 0.00146332 -3.57651 3.30503 0.0482559 33034.2 0.00104229 1 0.0251722 -0.2431 0.05 107791
0 913 2 phononTS 0.00229404 -1.25331 2.41677 -0.0466498 5290.94 0.00069486 1 -0.092377 -0.139448 0.05 62819.4
0 916 2 phononTS 0.00131118 -2.05037 4.28093 0.0480345 2607.25 0.00069486 1 -0.0600727 -0.177519 0.05 345652
0 925 6 phononTF 0.00084585 1.31378 -1.6258 0.0464064 298746 0.00034743 1 0.053316 -0.189905 0.05 363189
0 929 4 phononTS 0.00123224 -4.66744 3.60765 0.0329453 44307.3 0.00034743 1 -0.0389983 -0.146246 0.05 65754.6
0 929 13 phononTF 0.00101065 -0.183027 2.27746 -0.0233049 20063 0.00034743 1 0.0859683 -0.189611 0.05 325412
0 932 2 phononL 0.00121652 -1.06727 3.2935 -0.0221736 2792.35 0.00034743 1 0.078067 -0.183535 0.05 25383.1
0 932 6 phononTF 0.000524767 0.078067 -0.183535 0.049999 25383.1 0.00034743 1 0.106759 -0.181891 0.05 25472.8
0 933 4 phononTS 0.00191712 1.00983 3.71637 -0.0416824 16684 0.00069486 1 0.111364 -0.206827 0.05 26616.6
0 934 7 phononL 0.000871078 -2.95481 4.97742 -0.0251182 98052.8 0.00034743 1 -0.052582 -0.249184 0.05 276698
0 935 2 phononTS 0.00078484 -2.02246 3.83463 0.0430304 3682.25 0.00034743 1 0.0988899 -0.207566 0.05 123898
0 939 5 phononTF 0.00128756 -1.95939 -0.65166 0.0374588 45713.2 0.00034743 1 0.0345739 -0.147765 0.05 195936
0 939 7 phononTS 0.000707422 0.0345739 -0.147765 0.049999 195936 0.00034743 1 -0.108959 -0.2466 0.05 315211
0 941 5 phononL 0.00162232 1.57372 -0.44299 0.0139039 262084 0.00034743 1 0.0237777 -0.146622 0.05 283148
0 942 4 phononTS 0.00104099 -3.72377 2.35285 -0.042525 61331.7 0.00034743 1 0.0237149 -0.271288 0.05 239555
0 942 2 phononTF 0.00229577 -1.61693 3.78604 0.0255813 111.261 0.00069486 1 -0.0333858 -0.179624 0.05 65798
0 942 10 phononTF 0.00122202 -0.0333858 -0.179624 0.049999 65798 0.00069486 1 -0.0176691 -0.181114 0.05 65878.9
0 943 5 phononL 0.00131851 3.73096 2.93343 -0.00861855 15439.8 0.00069486 1 0.0300434 -0.290854 0.05 38798.6
0 943 2 phononTF 0.00127851 -0.720067 2.83466 0.0396702 10840.1 0.00034743 1 0.102485 -0.244309 0.05 686191
0 945 4 phononL 0.000786309 -1.32775 4.06759 0.0477072 60737.7 0.00034743 1 0.0876927 -0.140716 0.05 175966
0 947 4 phononTF 0.00125966 -0.933258 4.04661 0.0345464 77269.2 0.00034743 1 0.0595136 -0.134226 0.05 115701
0 951 7 phononTS 0.00104047 1.01153 -1.20369 -0.0269318 48517.7 0.00034743 1 0.072978 -0.173783 0.05 55397.7
0 956 3 phononTS 0.00170191 -2.00208 4.56828 0.0275832 5232.53 0.00034743 1 -0.119685 -0.196937 0.05 154539
0 956 5 phononTF 0.000709268 -0.119685 -0.196937 0.049999 154539 0.00034743 1 0.0749258 -0.121052 0.05 887636
0 957 4 phononTS 0.00102082 -3.94359 0.299384 0.0363673 13719.1 0.00069486 1 0.0509239 -0.0993018 0.05 105375
0 958 2 phononTS 0.00179698 -1.84796 3.66801 -0.0398625 31.2776 0.00069486 1 -0.0842417 -0.214757 0.05 448514
0 958 10 phononTS 0.000474745 -0.0842417 -0.214757 0.049999 448514 0.00034743 1 0.0524991 -0.116214 0.05 448607
0 962 4 phononTS 0.00159015 2.55147 2.98558 -0.00545324 38208.5 0.00034743 1 -0.11546 -0.198879 0.05 49850.3
0 963 2 phononTS 0.00154895 -1.75782 4.31093 -0.00571601 2442.65 0.00034743 1 -0.0457881 -0.259057 0.05 93552.9
0 966 5 phononTF 0.001149 1.43731 1.2043 -0.0013622 185364 0.00034743 1 0.0652312 -0.186184 0.05 430617
0 966 2 phononTF 0.00167063 -0.384668 4.00347 -0.0245943 5597.21 0.00034743 1 0.0277813 -0.26484 0.05 62490.6
0 967 7 phononTF 0.00103079 -1.12264 4.84654 0.0201854 106981 0.00034743 1 0.0261264 -0.232735 0.05 208440
0 967 4 phononTS 0.00124215 -2.80225 3.87681 -0.0188439 12987.2 0.00069486 1 -0.0657186 -0.159193 0.05 36614.8
0 969 3 phononTS 0.00172386 -2.39722 3.86624 0.0102606 5427.77 0.00069486 1 -0.0703608 -0.281876 0.05 51972.1
0 973 5 phononTS 0.00111344 0.0295311 -1.33161 -0.0228052 212625 0.00034743 1 -0.0602478 -0.15533 0.05 252882
0 974 2 phononTS 0.00119028 -1.54363 2.35203 0.00557605 12673.3 0.00034743 1 -0.0981911 -0.189023 0.05 326586
0 975 4 phononTF 0.00070963 0.556228 1.69051 -0.0379723 68648.9 0.00034743 1 -0.0474058 -0.193587 0.05 150845
0 984 3 phononTF 0.00148769 0.767427 4.04105 0.00162317 7825.38 0.00034743 1 0.0245921 -0.226602 0.05 363395
0 984 4 phononL 0.000373196 0.0245921 -0.226602 0.049999 363395 0.00034743 1 0.072886 -0.178471 0.05 363567
0 987 6 phononTF 0.000720809 -2.45164 4.35197 0.0123417 42073.1 0.00034743 1 0.0556963 -0.12182 0.05 568845
0 988 4 phononL 0.0012953 -4.23405 -1.02387 -0.0372615 28239.4 0.00034743 1 0.059404 -0.170596 0.05 195199
0 992 7 phononTS 0.0017432 3.08344 1.59394 -0.0363369 178084 0.00034743 1 -0.0268589 -0.256048 0.05 296291
0 995 2 phononTF 0.00218009 -1.6826 3.70409 -0.0383985 20.7942 0.00034743 1 -0.0921348 -0.218413 0.05 21082.3
0 995 4 phononL 0.00118726 -0.0921348 -0.218413 0.049999 21082.3 0.00034743 1 0.0691959 -0.189102 0.05 175301
0 996 7 phononTS 0.00149942 2.32621 2.15885 0.0258208 150096 0.00034743 1 0.0185833 -0.153332 0.05 157900
0 998 5 phononL 0.00174214 -1.03872 4.66655 0.0226397 6418.42 0.00069486 1 -0.0941111 -0.155995 0.05 78147.9
0 1000 4 phononTS 0.00106583 2.00343 4.8005 -0.0276265 34148.7 0.00034743 1 -0.0206164 -0.25948 0.05 148882
0 1002 7 phononTF 0.0016002 2.34217 4.70076 0.0477393 30454.7 0.00034743 1 -0.0578191 -0.241514 0.05 433379
0 1003 5 phononL 0.000915436 -1.07285 -1.7249 -0.0237575 97030.1 0.00034743 1 0.0879049 -0.221399 0.05 614584
0 1005 4 phononTS 0.00214071 -3.26428 4.09484 0.0365856 23481.6 0.00069486 1 0.0536872 -0.194585 0.05 81629.7
0 1006 5 phononTS 0.000812815 -0.600117 4.61192 0.0340952 32577.4 0.00034743 1 -0.0872605 -0.181535 0.05 296691
0 1010 2 phononTF 0.0016283 -1.67031 3.71109 -0.0128454 17.4393 0.00034743 1 0.00899895 -0.204693 0.05 12698
0 1012 2 phononTS 0.00194525 -1.3258 4.42107 0.0055541 11392.6 0.00034743 1 -0.0235094 -0.21629 0.05 161106
0 1012 5 phononTS 0.000358976 -0.0235094 -0.21629 0.049999 161106 0.00034743 1 -0.0695984 -0.185355 0.05 161170
0 1013 5 phononL 0.00154104 -4.87781 2.52579 -0.0365699 49754.8 0.00034743 1 -0.0409521 -0.154215 0.05 376424
0 1013 10 phononTF 0.000491363 -0.0409521 -0.154215 0.049999 376424 0.00034743 1 -0.0234494 -0.231512 0.05 376495
0 1016 4 phononTS 0.00156321 2.37793 3.64912 0.021129 186244 0.00034743 1 0.0907144 -0.261066 0.05 306531
0 1019 4 phononL 0.000726553 -1.3625 -2.87964 0.0396424 143078 0.00034743 1 -0.0891384 -0.190921 0.05 192397
0 1027 5 phononTF 0.00105802 -3.70857 0.290455 -0.0482133 77687.3 0.00034743 1 -0.100917 -0.192245 0.05 259976
0 1030 4 phononL 0.00140033 -0.538558 4.04852 0.0336801 11283.1 0.00069486 1 -0.0694487 -0.165474 0.05 147552
0 1032 3 phononTF 0.00209481 -2.06461 4.66959 0.028449 27076.1 0.00069486 1 -0.0496659 -0.277566 0.05 286255
0 1032 8 phononTS 0.000371267 -0.0496659 -0.277566 0.049999 286255 0.00034743 1 -0.0718313 -0.218157 0.05 286404
0 1034 3 phononTF 0.00139994 -4.9083 1.34951 0.0375047 15414.4 0.00069486 1 -0.0732444 -0.222091 0.05 203515
0 1034 15 phononL 0.00105341 -4.35221 2.75389 -0.0288771 74861.6 0.00034743 1 0.0729424 -0.238728 0.05 191169
0 1040 5 phononL 0.00143187 -1.6185 3.76084 0.00119334 31554.4 0.00034743 1 -0.0755022 -0.225331 0.05 231788
0 1041 2 phononTS 0.00147576 -0.559656 4.80487 -0.0178832 3836.35 0.00069486 1 0.0786363 -0.171013 0.05 264481
0 1051 5 phononTF 0.00154841 -2.85817 2.09894 -0.0349517 153610 0.00069486 1 0.0924007 -0.208297 0.05 220513
0 1055 3 phononTS 0.00114992 -0.0601242 3.7232 0.00232337 14694.6 0.00034743 1 -0.0669014 -0.242696 0.05 21988
0 1055 4 phononTS 0.000403992 -0.0669014 -0.242696 0.049999 21988 0.00034743 1 -0.0551462 -0.255163 0.05 22112.9
0 1059 2 phononTF 0.00234294 -1.71728 2.09611 -0.00855508 10429.5 0.00104229 1 -0.0305296 -0.104274 0.05 86593.2
0 1064 3 phononTS 0.00243225 -0.117666 4.98441 -0.03205 9121.51 0.00069486 1 0.0363976 -0.0981254 0.05 80849.7
0 1064 4 phononTS 0.000698851 0.0363976 -0.0981254 0.049999 80849.7 0.00034743 1 0.062682 -0.249468 0.05 81226.9
0 1065 2 phononTF 0.00136792 -2.64217 2.38996 -0.023563 2985.38 0.00034743 1 -0.0471748 -0.237702 0.05 449080
0 1066 4 phononTS 0.00100276 -1.2385 3.97981 -0.022531 20864.8 0.00034743 1 0.103289 -0.204456 0.05 36779.4
0 1067 2 phononTS 0.00223996 -1.01264 4.8577 0.0177305 4272.43 0.00034743 1 0.0162884 -0.2052 0.05 85642.8
0 1069 9 phononTS 0.000612892 -3.78962 3.8836 0.00217761 146118 0.00034743 1 0.110179 -0.202019 0.05 544761
0 1070 3 phononL 0.00222374 -1.28808 2.8156 -0.0298769 5946.76 0.00034743 1 -0.0522224 -0.228059 0.05 87982.2
0 1070 6 phononTS 0.00064175 -0.0522224 -0.228059 0.049998 87982.2 0.00034743 1 -0.0512105 -0.245868 0.05 88038.7
0 1070 14 phononTF 0.000745882 1.51181 2.72492 0.0471793 84083.1 0.00034743 1 0.0497422 -0.250406 0.05 306379
0 1072 3 phononTS 0.00148753 -0.692892 3.26616 0.0156724 3023.29 0.00034743 1 0.0267723 -0.198615 0.05 13320.4
0 1076 2 phononTS 0.00135454 -0.751552 1.51191 0.0454756 8858.31 0.00034743 1 0.0506382 -0.231942 0.05 568799
0 1077 4 phononTF 0.0013495 3.97138 -2.56763 0.0150568 89041.2 0.00034743 1 -0.0213033 -0.248859 0.05 226524
0 1078 4 phononL 0.000749481 1.69528 0.19795 -0.0129837 65189.2 0.00034743 1 -0.0688819 -0.187122 0.05 450634
0 1081 2 phononTF 0.00168609 -2.26136 2.2686 0.0482759 3386.07 0.00034743 1 0.043492 -0.183319 0.05 72363.5
0 1081 8 phononTS 0.000493103 0.043492 -0.183319 0.049999 72363.5 0.00034743 1 0.0392808 -0.201697 0.05 76687.6
0 1082 4 phononTS 0.00175724 -2.53418 1.54247 0.0157599 7639.7 0.00069486 1 -0.0667148 -0.214011 0.05 87381.4
0 1083 3 phononTF 0.00152993 -4.43624 2.84955 0.0120788 6181.94 0.00069486 1 0.109629 -0.233602 0.05 250033
0 1083 16 phononTS 0.00122082 -4.3785 2.42445 -0.0220822 8700.64 0.00034743 1 0.0152055 -0.169507 0.05 70846.1
0 1085 7 phononL 0.00114274 3.73595 -1.33963 0.0454935 128758 0.00034743 1 -0.047075 -0.257096 0.05 342481
0 1085 9 phononTF 0.000518785 -0.047075 -0.257096 0.049999 342481 0.00034743 1 0.0558224 -0.268426 0.05 342547
0 1085 6 phononTF 0.000495074 3.73595 -1.33963 0.0454935 128758 0.00034743 1 -0.0174752 -0.169506 0.05 213240
0 1087 2 phononL 0.00139187 -1.40271 2.32188 -0.0281546 3451.39 0.00069486 1 -0.0964104 -0.190675 0.05 66912.6
0 1088 2 phononTS 0.00124806 -2.34688 3.49649 0.0245314 1956.98 0.00034743 1 0.0230866 -0.239403 0.05 216155
0 1099 7 phononTF 0.00128816 -2.41004 -3.70511 0.0463086 203399 0.00034743 1 0.0187124 -0.171597 0.05 598037
0 1099 9 phononL 0.000349885 0.0187124 -0.171597 0.049999 598037 0.00034743 1 0.0458473 -0.229439 0.05 598209
0 1104 4 phononTS 0.00213996 -1.65972 4.80232 -0.0329627 5485.77 0.00069486 1 -0.0439171 -0.243179 0.05 49473.7
0 1106 3 phononTF 0.00122553 -2.00505 4.6979 -0.00760001 6257.65 0.00034743 1 -0.0106475 -0.201361 0.05 149331
0 1106 4 phononL 0.000748001 -0.0106475 -0.201361 0.049998 149331 0.00069486 1 0.0758202 -0.155776 0.05 149569
0 1106 17 phononTS 0.00198033 0.0277136 -2.12515 -0.0385226 111653 0.00104229 1 -0.0288104 -0.235848 0.05 283839
0 1108 3 phononTF 0.00123961 -1.86949 4.0782 0.0335628 1762.76 0.00069486 1 0.0292476 -0.178756 0.05 201648
0 1111 2 phononTF 0.00114198 -1.69984 3.64532 -0.0144567 31.6929 0.00034743 1 0.0652246 -0.274867 0.05 17157.6
0 1114 2 phononTF 0.00171449 -0.868078 4.1813 -0.00132612 7962.6 0.00069486 1 -0.0398618 -0.23672 0.05 75506.3
0 1115 3 phononTF 0.00191941 -1.66307 3.91104 0.00662361 160.27 0.00069486 1 -0.0762881 -0.19889 0.05 12895.4
0 1118 2 phononTS 0.00166715 -1.81319 3.83047 -0.0112029 79.963 0.00034743 1 0.0281459 -0.241069 0.05 49846.6
0 1120 6 phononTF 0.00103208 -2.82589 4.34832 -0.00308884 215950 0.00034743 1 0.0503679 -0.160555 0.05 395876
0 1122 2 phononTS 0.00226396 -1.37109 3.84818 0.0271862 1596.89 0.00034743 1 -0.0573334 -0.242801 0.05 66187.7
0 1122 6 phononTS 0.00127888 -0.0573334 -0.242801 0.049999 66187.7 0.00034743 1 0.0871107 -0.225882 0.05 66443.9
0 1124 5 phononTS 0.00110712 0.550821 1.7055 -0.0252474 21980.3 0.00034743 1 0.0665208 -0.112704 0.05 47313.5
0 1125 5 phononTS 0.000536439 3.18299 2.99325 -0.0353681 62497 0.00034743 1 -0.0910801 -0.195136 0.05 163421
0 1126 6 phononTS 0.00142845 4.85656 0.103345 0.0475195 121823 0.00034743 1 0.0667816 -0.28422 0.05 511759
0 1128 5 phononL 0.00162984 -2.02201 0.47045 0.0437443 82202.4 0.00069486 1 0.0180788 -0.216754 0.05 86471.5
0 1128 4 phononTF 0.000415058 -2.02201 0.47045 0.0437443 82202.4 0.00034743 1 0.0155165 -0.23592 0.05 108242
0 1130 4 phononTS 0.000833123 3.55566 3.08599 -0.0277744 33170.2 0.00034743 1 0.0655307 -0.279216 0.05 49448.6
0 1131 4 phononTS 0.000720626 2.97238 3.79507 0.00504664 136873 0.00034743 1 -0.0383227 -0.097925 0.05 246588
0 1133 3 phononTS 0.00227757 -2.17785 4.30109 0.020283 11761.6 0.00069486 1 -0.0344288 -0.302005 0.05 169029
0 1133 6 phononL 0.000538995 -0.0344288 -0.302005 0.049999 169029 0.00034743 1 -0.0421906 -0.143093 0.05 495983
0 1133 2 phononTF 0.00172243 -2.17785 4.30109 0.020283 11761.6 0.00034743 1 -0.0708641 -0.249248 0.05 120940
0 1133 20 phononTS 0.000514823 -0.0708641 -0.249248 0.049999 120940 0.00034743 1 -0.0787109 -0.177469 0.05 121377
0 1136 5 phononTS 0.00194438 -4.49859 0.337589 0.0246894 28784.9 0.00034743 1 -0.0988134 -0.193341 0.05 150978
0 1153 5 phononTS 0.00118567 -1.67833 4.46516 0.0496628 72242.7 0.00034743 1 -0.094992 -0.171422 0.05 194885
0 1153 11 phononTS 0.000618062 -2.78602 1.29495 0.0268232 99277.5 0.00034743 1 0.107689 -0.168877 0.05 116448
0 1155 5 phononTS 0.000885571 -3.14146 -3.73323 -0.0441367 42081.8 0.00034743 1 0.0676362 -0.13705 0.05 82664.4
0 1157 4 phononL 0.00087937 -3.58072 -1.20449 0.0302602 88066 0.00034743 1 0.0823863 -0.209144 0.05 311772
0 1158 5 phononTS 0.00120972 -2.98324 1.60349 -0.0348136 103379 0.00034743 1 0.026827 -0.247421 0.05 358958
0 1158 2 phononTS 0.00217681 -2.00957 3.31454 -0.0437123 8321.12 0.00034743 1 -0.0319513 -0.19663 0.05 214422
0 1158 13 phononTS 0.00136842 -0.0319513 -0.19663 0.049999 214422 0.00034743 1 -0.0440816 -0.237134 0.05 214484
0 1158 21 phononTF 0.000756728 -0.0440816 -0.237134 0.049999 214484 0.00034743 1 -0.0616953 -0.256594 0.05 216220
0 1159 3 phononTS 0.00204973 -1.94317 3.436 -0.0212034 2300.53 0.00034743 1 0.0254365 -0.21859 0.05 78890.9
0 1161 2 phononTS 0.00180566 -1.12857 3.32667 0.0161265 855.913 0.00069486 1 -0.0508946 -0.138376 0.05 7017.6
0 1162 5 phononTS 0.00126371 1.26454 0.634528 0.00235776 42043.2 0.00034743 1 0.0976565 -0.188731 0.05 62874.4
0 1163 5 phononTS 0.00126705 0.361896 1.39214 -0.0354331 153811 0.00069486 1 0.0798622 -0.190727 0.05 250846
0 1166 2 phononTF 0.00168457 -2.50951 4.71643 -0.0350831 9893.68 0.00034743 1 0.0618014 -0.134041 0.05 199046
0 1166 5 phononTS 0.00101389 0.0618014 -0.134041 0.049999 199046 0.00069486 1 0.0659156 -0.112563 0.05 199102
0 1169 2 phononTF 0.00120482 -1.79536 3.65049 -0.00254535 35.1812 0.00034743 1 -0.0840682 -0.262476 0.05 217138
0 1170 5 phononTS 0.00166599 -0.426809 4.43088 0.0155854 62443.9 0.00069486 1 0.0487256 -0.139834 0.05 229182
0 1175 4 phononTS 0.00107496 -1.71707 -0.0243254 -0.000421571 25278.3 0.00034743 1 -0.0388553 -0.11089 0.05 451544
0 1179 3 phononTS 0.00147556 -4.75883 2.51637 -0.040458 19022.5 0.00069486 1 0.0405541 -0.247709 0.05 83502.8
0 1183 7 phononTS 0.00217947 0.871252 3.46444 -0.00376638 11901.1 0.00034743 1 0.0508356 -0.283771 0.05 25597.7
0 1186 5 phononTS 0.00111404 1.14676 4.27531 0.0101566 103079 0.00069486 1 0.0999171 -0.170554 0.05 264430
0 1189 8 phononTS 0.00132378 0.0449812 -4.11154 0.0336703 280213 0.00069486 1 -0.0722627 -0.236898 0.05 714665
0 1189 2 phononTF 0.000540909 -1.9454 4.57991 -0.0367637 2418.53 0.00034743 1 -0.0724727 -0.134937 0.05 330494
0 1190 2 phononTS 0.00242291 -2.27864 3.60546 0.0387595 1800.08 0.00069486 1 0.0823365 -0.165265 0.05 81197.2
0 1190 6 phononTF 0.000663022 0.0823365 -0.165265 0.049999 81197.2 0.00034743 1 -0.0465741 -0.140342 0.05 81272.3
0 1191 2 phononTS 0.00147007 -1.63184 3.78668 0.0468978 1095.5 0.00069486 1 0.101628 -0.146386 0.05 327983
0 1195 5 phononL 0.00171698 -2.2841 -2.4823 0.0144485 47164.8 0.00069486 1 -0.0362439 -0.290039 0.05 370817
0 1195 10 phononTF 0.000365675 -0.0362439 -0.290039 0.049999 370817 0.00034743 1 -0.0625732 -0.219139 0.05 370880
0 1198 3 phononTF 0.00192385 -3.9957 2.97628 -0.0327252 11183.2 0.00069486 1 0.0689986 -0.242006 0.05 56046.4
0 1198 2 phononTS 0.00207615 -3.9957 2.97628 -0.0327252 11183.2 0.00104229 1 -0.0216287 -0.223439 0.05 182870
0 1201 2 phononTS 0.00279801 -1.26591 3.91099 0.0279611 10983.7 0.00034743 1 -0.0253692 -0.270127 0.05 40821.1
0 1201 7 phononTF 0.00244103 -0.0253692 -0.270127 0.049999 40821.1 0.00034743 1 -0.0893839 -0.26363 0.05 41191.9
0 1201 16 phononTS 0.000730695 0.95332 -3.37445 0.0111942 300476 0.00034743 1 0.0713118 -0.253462 0.05 339919
0 1204 2 phononTS 0.00187223 -1.34724 3.74132 0.0373289 1003.93 0.00034743 1 -0.0119117 -0.205107 0.05 167832
0 1207 5 phononTF 0.00110297 1.73871 -3.8213 0.0439111 107746 0.00034743 1 0.0366874 -0.193298 0.05 711196
0 1208 6 phononL 0.000833931 0.650978 3.45251 0.00251936 247208 0.00069486 1 -0.0652617 -0.215407 0.05 337806
0 1209 5 phononTS 0.00065089 -3.81857 1.40578 -0.0297517 72767.6 0.00034743 1 0.10943 -0.179171 0.05 978784
0 1209 4 phononL 0.00119133 -3.81857 1.40578 -0.0297517 72767.6 0.00034743 1 0.0637895 -0.129322 0.05 89015.1
0 1209 18 phononTS 0.000876712 -1.6314 -0.436055 0.00814754 628003 0.00034743 1 -0.0268417 -0.251524 0.05 903910
0 1210 7 phononL 0.00112067 -0.814326 0.00378338 -0.0232353 111997 0.00069486 1 -0.0646925 -0.200527 0.05 114510
0 1212 3 phononL 0.00205111 -1.84575 3.70571 -0.0430664 3203.9 0.00069486 1 0.0359198 -0.104276 0.05 78789.1
0 1212 17 phononTF 0.00115192 2.41815 -2.37136 0.0382452 16532.7 0.00034743 1 -0.0538071 -0.130762 0.05 210023
0 1216 3 phononL 0.00190568 0.981959 2.19164 0.0495695 25787.4 0.00034743 1 -0.0472179 -0.274531 0.05 162328
0 1218 6 phononL 0.000464573 2.88903 3.19069 0.0441705 284362 0.00034743 1 -0.0817098 -0.151317 0.05 348622
0 1218 4 phononTS 0.00125737 -3.29004 2.54445 -0.0221223 16491.1 0.00069486 1 0.0288741 -0.279157 0.05 25080.2
0 1219 2 phononTS 0.0017645 -1.77614 3.74181 0.0381223 8.88671 0.00034743 1 -0.0564556 -0.246485 0.05 124650
0 1220 2 phononTF 0.00220369 -0.308576 3.94146 -0.0301933 6644.07 0.00069486 1 0.0384692 -0.154018 0.05 94196.1
0 1220 10 phononTF 0.000879877 0.0384692 -0.154018 0.049999 94196.1 0.00069486 1 0.0759769 -0.229149 0.05 94330
0 1221 5 phononTF 0.00119475 -3.41053 -3.82971 0.0241854 70708 0.00034743 1 -0.0136265 -0.228146 0.05 261354
0 1221 2 phononTS 0.00166619 1.22663 3.94619 0.0278286 12119.8 0.00069486 1 0.0690485 -0.172212 0.05 202664
0 1221 15 phononTF 0.000591363 0.0690485 -0.172212 0.049999 202664 0.00034743 1 -0.0746807 -0.199029 0.05 202743
0 1223 2 phononTS 0.00233663 -2.81044 4.47563 -0.0484363 12924 0.00069486 1 -0.087187 -0.237898 0.05 29864.2
0 1233 3 phononTS 0.00203034 -1.78045 3.34941 -0.023237 2157.14 0.00069486 1 -0.0700885 -0.127461 0.05 105233
0 1233 4 phononTS 0.000603129 -0.0700885 -0.127461 0.049999 105233 0.00034743 1 -0.0397039 -0.178131 0.05 105365
0 1234 2 phononTS 0.00186638 -2.17585 2.17518 0.0255603 5194.5 0.00069486 1 0.0193352 -0.237715 0.05 247281
0 1234 10 phononL 0.000499415 0.0193352 -0.237715 0.049999 247281 0.00034743 1 0.051876 -0.166791 0.05 410915
0 1238 3 phononTF 0.00192573 -2.04455 1.08797 0.00342208 7968.66 0.00069486 1 -0.115779 -0.232412 0.05 487560
0 1239 2 phononTS 0.00149939 -1.84297 4.10558 0.010669 1926.33 0.00069486 1 -0.0397228 -0.250877 0.05 65106.9
0 1241 2 phononTS 0.00195027 -0.525256 4.26544 -0.00286105 34547.6 0.00034743 1 -0.0290194 -0.239687 0.05 132219
0 1243 2 phononTS 0.00224181 -1.71417 3.76333 -0.00175846 5082.05 0.00034743 1 0.0831555 -0.126724 0.05 95588.2
0 1245 4 phononTF 0.00121528 -1.38663 2.11963 0.0299146 11159.3 0.00034743 1 -0.0551094 -0.164979 0.05 176836
0 1248 5 phononTF 0.000587821 -0.740056 -0.148957 -0.025113 42019.4 0.00034743 1 0.0774732 -0.197257 0.05 98636.6
0 1248 12 phononTS 0.00118452 -1.98315 3.21304 0.0088565 450.38 0.00034743 1 -0.0593649 -0.265701 0.05 109768
0 1249 4 phononTS 0.00139705 -0.815911 2.04612 0.00114493 131585 0.00034743 1 0.0941706 -0.197518 0.05 162360
0 1250 2 phononTS 0.00103046 1.11377 3.22548 0.0446399 52147.3 0.00034743 1 -0.072688 -0.211218 0.05 476370
0 1253 5 phononTS 0.00152082 -2.11248 -1.57563 0.0312177 78351.4 0.00034743 1 0.0768215 -0.243638 0.05 113016
0 1254 4 phononTS 0.00182198 -4.72975 0.0411301 0.0267431 27005.6 0.00034743 1 -0.117542 -0.210403 0.05 175320
0 1261 4 phononTS 0.00115453 -2.15486 0.164321 -0.030815 15993.6 0.00069486 1 -0.0386309 -0.108218 0.05 370101
0 1262 2 phononL 0.00133254 -3.15478 4.36702 0.0127018 7372.06 0.00034743 1 -0.0938662 -0.269907 0.05 452479
0 1265 7 phononTS 0.000822298 -4.63496 0.478079 -0.0481833 19024.9 0.00034743 1 -0.070334 -0.136661 0.05 165161
0 1266 2 phononTF 0.00145036 -2.06127 4.9726 0.0226855 9674.4 0.00034743 1 0.0382572 -0.300605 0.05 235067
0 1267 4 phononTF 0.00129124 -4.03287 4.64098 -0.0103512 39769.7 0.00034743 1 -0.042121 -0.241602 0.05 310619
0 1270 3 phononTS 0.00225818 -1.88635 3.76639 -0.0306447 2664.51 0.00034743 1 0.0969164 -0.136919 0.05 30695.9
0 1271 5 phononTF 0.00154324 -3.24284 -1.71516 -0.0210568 89686.3 0.00034743 1 -0.0377931 -0.126709 0.05 126208
0 1271 7 phononTF 0.000929119 -0.0377931 -0.126709 0.049999 126208 0.00034743 1 -0.0420521 -0.262857 0.05 126569
0 1275 6 phononTS 0.00134005 -2.46584 2.35278 0.0136863 115639 0.00034743 1 -0.0647246 -0.235838 0.05 133658
0 1275 8 phononTF 0.000731199 -0.0647246 -0.235838 0.049999 133658 0.00034743 1 -0.0634789 -0.150364 0.05 432476
0 1277 4 phononTS 0.00107749 -2.41349 3.09509 0.00138745 38647.9 0.00034743 1 0.0324996 -0.295878 0.05 204512
0 1279 5 phononTS 0.00126522 -3.33918 -3.82766 0.0499434 36418.8 0.00069486 1 -0.0863797 -0.221871 0.05 409417
0 1280 6 phononTS 0.000973541 4.76711 3.54773 -0.0446666 191911 0.00069486 1 0.0243762 -0.21409 0.05 208038
0 1284 7 phononL 0.00124274 4.06668 1.3364 0.00955318 112251 0.00034743 1 0.0814809 -0.269415 0.05 243329
0 1286 4 phononTS 0.001278 -0.9115 4.49201 0.0150687 27251.8 0.00034743 1 0.0415848 -0.226537 0.05 244409
0 1288 2 phononL 0.00181781 1.43931 0.535391 0.0180619 19893.7 0.00069486 1 0.0504378 -0.202274 0.05 21452.3
0 1289 4 phononTS 0.00112697 4.5503 -2.32956 -0.0201902 38055.9 0.00034743 1 0.0683819 -0.271317 0.05 240695
0 1289 12 phononTF 0.00123865 -3.29244 -4.72981 -0.0470185 35433.9 0.00069486 1 0.0833824 -0.16238 0.05 410836
0 1289 11 phononL 0.000908081 -3.29244 -4.72981 -0.0470185 35433.9 0.00034743 1 -0.109706 -0.246674 0.05 87085.4
0 1291 3 phononTS 0.00113728 -1.68141 2.71742 -0.0307467 19314.7 0.00034743 1 0.0736275 -0.232828 0.05 89988.5
0 1294 5 phononTS 0.0010348 2.25821 4.71661 0.0251272 19266 0.00034743 1 -0.0908652 -0.145787 0.05 523691
0 1298 4 phononTS 0.00145125 1.32479 -1.90992 0.0351719 56319.1 0.00034743 1 -0.0871013 -0.259186 0.05 76384.5
0 1298 14 phononTS 0.000649708 -1.51927 -0.711694 0.0482148 238829 0.00034743 1 -0.0284425 -0.133457 0.05 332808
0 1301 5 phononTS 0.000912383 2.74268 -4.48807 0.0237373 25607.8 0.00034743 1 -0.0294156 -0.157497 0.05 192610
0 1301 2 phononTS 0.00208325 -2.2368 3.55456 -0.020602 534.701 0.00069486 1 0.0658447 -0.24325 0.05 18404.7
0 1303 2 phononTF 0.00235123 -2.61451 3.29438 0.0357283 10586.9 0.00034743 1 0.0327189 -0.136475 0.05 83983.8
0 1304 2 phononTS 0.00243424 -4.67804 3.94695 -0.0163922 15590.5 0.00034743 1 0.0477431 -0.11749 0.05 109665
0 1304 4 phononTS 0.00106274 0.0477431 -0.11749 0.049999 109665 0.00034743 1 0.0342437 -0.145062 0.05 376398
0 1306 4 phononL 0.000741532 4.57599 1.65781 -0.0375367 279510 0.00034743 1 0.101765 -0.181147 0.05 992561
0 1307 2 phononTS 0.00110185 -2.17758 4.14913 -0.0115506 9667.33 0.00034743 1 -0.0402122 -0.0967566 0.05 161786
0 1308 5 phononL 0.000892127 0.47416 1.35953 0.00835664 71503.3 0.00034743 1 0.057181 -0.194141 0.05 130159
0 1309 7 phononL 0.000673999 -4.22371 4.41715 -0.0208449 83532.7 0.00034743 1 -0.0572222 -0.272667 0.05 277805
0 1317 2 phononL 0.00104177 -2.38196 4.86446 0.029494 896.574 0.00069486 1 0.102439 -0.201264 0.05 134286
0 1319 3 phononL 0.00176339 -1.22402 4.6507 0.0297473 12808.6 0.00069486 1 -0.0976687 -0.213984 0.05 18776.7
0 1319 6 phononTS 0.000537918 -0.0976687 -0.213984 0.049999 18776.7 0.00034743 1 0.0322281 -0.204972 0.05 18866.8
0 1319 2 phononTS 0.00223661 -1.22402 4.6507 0.0297473 12808.6 0.00069486 1 -0.112119 -0.214092 0.05 86711.9
0 1320 2 phononTF 0.000878847 -1.15097 3.0916 0.00416138 3975.48 0.00034743 1 -0.108442 -0.181509 0.05 460569
0 1322 2 phononTF 0.00206403 -2.09909 3.28381 -0.00730744 2889.08 0.00034743 1 -0.0142696 -0.230051 0.05 17568.9
0 1322 4 phononTS 0.000742734 -0.0142696 -0.230051 0.049999 17568.9 0.00034743 1 -0.0657981 -0.108973 0.05 18956.7
0 1329 5 phononL 0.00101764 -2.88532 0.718552 0.0103471 286511 0.00069486 1 -0.10598 -0.188317 0.05 912901
0 1329 4 phononTS 0.00126006 -2.88532 0.718552 0.0103471 286511 0.00034743 1 -0.0754173 -0.188714 0.05 318065
0 1337 5 phononTS 0.00128067 0.353019 0.256038 0.0411751 14020.9 0.00034743 1 0.0484442 -0.133115 0.05 21090.2
0 1341 7 phononTS 0.000587549 -3.43368 -1.51303 -0.037545 134182 0.00034743 1 0.0453539 -0.211589 0.05 316615
0 1342 5 phononTS 0.000988042 2.70205 2.38014 -0.0130926 116334 0.00034743 1 0.0857829 -0.177918 0.05 270464
0 1342 6 phononL 0.000460902 0.0857829 -0.177918 0.049999 270464 0.00034743 1 0.0948075 -0.208001 0.05 270511
0 1342 4 phononL 0.00144189 2.70205 2.38014 -0.0130926 116334 0.00034743 1 0.0373884 -0.290132 0.05 307641
0 1343 5 phononTF 0.00155482 1.75142 4.31141 -0.0335498 49940.5 0.00034743 1 0.021435 -0.239796 0.05 114290
0 1344 5 phononTS 0.00180529 -0.153755 3.01505 -0.0448259 16886.3 0.00104229 1 0.0998495 -0.21888 0.05 58691.1
0 1345 2 phononTS 0.00166936 -0.390057 2.95659 -0.027962 15261.1 0.00069486 1 0.0665197 -0.293969 0.05 254386
0 1345 6 phononTS 0.000398797 0.0665197 -0.293969 0.049999 254386 0.00034743 1 0.0181079 -0.161298 0.05 392307
0 1346 5 phononTS 0.001806 -2.25973 4.96826 0.0399508 40089.8 0.00034743 1 0.0897395 -0.125705 0.05 167372
0 1346 8 phononTS 0.00110679 0.0897395 -0.125705 0.049999 167372 0.00034743 1 0.0927673 -0.263767 0.05 167551
0 1348 7 phononTS 0.000858763 4.84919 1.5237 0.018414 114541 0.00034743 1 -0.102396 -0.23286 0.05 259383
0 1350 8 phononTS 0.000885204 1.68558 4.76336 -0.0252675 207107 0.00034743 1 -0.0239068 -0.187724 0.05 311939
0 1355 5 phononTF 0.00183659 -4.04177 3.99145 -0.0481505 9242.79 0.00069486 1 0.0164943 -0.232207 0.05 131226
0 1359 9 phononTS 0.00131056 -4.73395 3.30517 0.045413 24091.4 0.00034743 1 0.097688 -0.197363 0.05 418236
0 1359 10 phononTS 0.000378957 0.097688 -0.197363 0.049999 418236 0.00034743 1 0.0991249 -0.14071 0.05 418303
0 1366 3 phononTF 0.00149395 -1.33441 3.59616 0.047797 9799.35 0.00069486 1 0.034046 -0.283856 0.05 228946
0 1366 14 phononTS 0.00216463 0.583646 0.761424 -0.00724157 49241.1 0.00034743 1 0.0596106 -0.18648 0.05 324962
0 1370 5 phononTF 0.000899157 -3.70428 -1.02952 0.0469928 31333 0.00034743 1 0.101664 -0.178236 0.05 268461
0 1373 3 phononL 0.00167811 -3.14945 2.38271 -0.0042722 7569.79 0.00034743 1 -0.044351 -0.287248 0.05 253738
0 1373 6 phononL 0.000691816 -0.044351 -0.287248 0.049999 253738 0.00034743 1 -0.0784561 -0.279163 0.05 253908
0 1373 16 phononL 0.00147801 1.37877 3.71186 0.0482183 83447.7 0.00034743 1 -0.0596308 -0.214881 0.05 761660
0 1374 3 phononTF 0.0014086 -1.68829 3.33091 -0.0112193 1212.34 0.00034743 1 0.0511853 -0.187275 0.05 23996.3
0 1374 4 phononTF 0.000810024 0.0511853 -0.187275 0.049999 23996.3 0.00034743 1 -0.0168151 -0.238015 0.05 24437.3
0 1378 3 phononTF 0.00257567 -2.02463 3.85611 -0.00976144 519.284 0.00034743 1 -0.0667054 -0.237457 0.05 15440.6
0 1378 5 phononTS 0.00110119 -0.0667054 -0.237457 0.049999 15440.6 0.00034743 1 -0.0301997 -0.303048 0.05 39941.7
0 1382 5 phononL 0.00224003 0.70826 -1.52939 0.0261129 9419.52 0.00069486 1 0.0304974 -0.13881 0.05 82150.6
0 1382 6 phononTS 0.00103713 0.0304974 -0.13881 0.049999 82150.6 0.00069486 1 0.0614716 -0.105824 0.05 82217.8
0 1384 7 phononTF 0.000885469 0.676372 -3.47425 0.0367508 979974 0.00034743 1 0.0347551 -0.165036 0.05 1.03673e+06
0 1384 10 phononTS 0.0004256 0.0347551 -0.165036 0.049999 1.03673e+06 0.00034743 1 0.0161434 -0.163889 0.05 1.03679e+06
0 1385 5 phononTF 0.00125838 -0.178475 3.67645 0.0260608 112650 0.00034743 1 -0.095751 -0.213061 0.05 140584
0 1386 4 phononTS 0.00081027 -3.5231 2.69141 0.00967933 47891.7 0.00034743 1 0.0436666 -0.224485 0.05 157207
0 1391 3 phononTS 0.00179733 -1.73809 3.75261 0.00936544 2.88547 0.00034743 1 0.0656494 -0.148864 0.05 186648
0 1393 3 phononTS 0.00212278 -0.992611 3.23141 -0.0299985 1784.21 0.00069486 1 -0.0244503 -0.200082 0.05 45260.1
0 1393 12 phononL 0.000911604 1.89821 2.8148 -0.00489755 51030.7 0.00034743 1 -0.0685808 -0.145839 0.05 283849
0 1395 5 phononTS 0.0014255 -0.456788 0.405796 0.013842 27765.4 0.00069486 1 -0.075591 -0.146567 0.05 540060
0 1395 10 phononTF 0.000537096 -0.075591 -0.146567 0.049999 540060 0.00034743 1 -0.0335699 -0.274155 0.05 540137
0 1397 4 phononTS 0.00174136 -0.136536 2.94902 0.0216339 17844.7 0.00069486 1 -0.0981245 -0.255475 0.05 121496
0 1404 4 phononTF 0.0013361 -4.81989 3.72807 0.025933 77930.8 0.00069486 1 0.0369067 -0.299198 0.05 110218
0 1409 3 phononTF 0.00219143 -1.2579 3.73295 -0.0306345 1242.14 0.00034743 1 -0.0176445 -0.233856 0.05 12363.9
0 1409 5 phononL 0.00128148 -0.0176445 -0.233856 0.049999 12363.9 0.00034743 1 -0.0901741 -0.176167 0.05 13289
0 1411 3 phononTS 0.00157051 -1.50632 1.85388 0.0325613 4584.87 0.00034743 1 0.0445829 -0.188988 0.05 57085.1
0 1417 5 phononTS 0.00153003 -2.75883 3.79504 -0.0410545 75212.1 0.00069486 1 -0.0192856 -0.251084 0.05 304392
0 1419 5 phononL 0.00155222 -1.38793 -2.18126 -0.023188 65347 0.00034743 1 -0.0864694 -0.264231 0.05 413383
0 1419 7 phononL 0.00103696 -0.0864694 -0.264231 0.049998 413383 0.00034743 1 0.0946246 -0.176313 0.05 413436
0 1420 5 phononTF 0.00119259 -2.60967 -0.673518 0.0148072 26871.5 0.00034743 1 -0.0253522 -0.154013 0.05 319497
0 1420 7 phononTS 0.000817333 -0.0253522 -0.154013 0.049999 319497 0.00034743 1 -0.0315455 -0.270194 0.05 319849
0 1420 16 phononTF 0.000992823 -1.93305 -1.66025 0.0197239 46639 0.00034743 1 -0.111234 -0.228031 0.05 113150
0 1421 4 phononTF 0.000368087 -1.41392 2.93473 -0.00484751 67618.4 0.00034743 1 -0.0283332 -0.263183 0.05 152022
0 1424 5 phononTS 0.00124051 -2.43341 0.0711407 -0.0297303 150214 0.00069486 1 0.0272437 -0.183971 0.05 222642
0 1424 4 phononTS 0.00117877 -2.43341 0.0711407 -0.0297303 150214 0.00034743 1 -0.0690498 -0.180208 0.05 195827
0 1424 18 phononTS 0.000605678 -0.0690498 -0.180208 0.049999 195827 0.00034743 1 -0.0658766 -0.228211 0.05 414372
0 1424 30 phononTS 0.000829678 -1.842 -0.0521383 0.00291726 409191 0.00034743 1 0.0973592 -0.228804 0.05 480276
0 1428 2 phononTF 0.00163851 -4.10529 3.79099 -0.00359723 7004.24 0.00034743 1 -0.1116 -0.200491 0.05 136819
0 1431 3 phononTS 0.00264337 -0.234619 3.92364 0.0446013 4808.32 0.00034743 1 0.0976798 -0.165871 0.05 40137.7
0 1431 4 phononTS 0.000785476 0.0976798 -0.165871 0.049999 40137.7 0.00034743 1 -0.0155949 -0.163265 0.05 40369.3
0 1431 18 phononL 0.000916604 -1.01742 4.51407 0.00329474 119205 0.00034743 1 0.0978573 -0.21434 0.05 186497
0 1432 2 phononTS 0.00194493 -0.575246 1.56846 -0.00450789 10861.8 0.00069486 1 0.0314726 -0.212795 0.05 54449.3
0 1434 4 phononTS 0.000870048 -1.36867 -1.6654 0.0315001 382625 0.00034743 1 0.0437695 -0.133646 0.05 618015
0 1434 2 phononTF 0.00244233 -2.47108 4.4006 -0.0355547 13462.9 0.00069486 1 -0.0623348 -0.252534 0.05 159874
0 1434 16 phononTS 0.00100615 -0.0623348 -0.252534 0.049999 159874 0.00034743 1 -0.113755 -0.185059 0.05 160145
0 1437 5 phononTS 0.00104679 -2.20635 4.35209 -0.0264052 11976.9 0.00034743 1 -0.0426317 -0.153035 0.05 370348
0 1440 5 phononTS 0.00137214 0.475798 -1.29419 -0.0164295 313079 0.00034743 1 0.0177499 -0.191663 0.05 386397
0 1440 6 phononL 0.000694513 0.0177499 -0.191663 0.049999 386397 0.00034743 1 -0.115152 -0.22107 0.05 386649
0 1442 3 phononTS 0.00247483 -1.63096 3.77162 0.0176172 3471.91 0.00069486 1 0.0789309 -0.118168 0.05 29677.4
0 1442 7 phononTF 0.000546523 0.0789309 -0.118168 0.049999 29677.4 0.00034743 1 0.0421322 -0.127409 0.05 29807.9
0 1444 3 phononL 0.00197886 -2.25896 4.16503 -0.0438067 4517.36 0.00034743 1 0.0445736 -0.27015 0.05 83122.8
0 1445 4 phononL 0.00151999 2.31088 2.01008 -0.0491252 53186.2 0.00034743 1 -0.0362805 -0.27035 0.05 340533
0 1446 2 phononTF 0.00234202 -2.26933 1.85483 -0.033414 17737.3 0.00104229 1 0.0620032 -0.2903 0.05 23878
0 1450 3 phononTS 0.00239316 -1.1226 4.57221 -0.000898523 9474.62 0.00069486 1 -0.0921658 -0.214082 0.05 15394.9
0 1451 2 phononTS 0.00219357 -2.49053 3.49567 0.0288576 4465.43 0.00069486 1 0.101472 -0.217585 0.05 13440.5
0 1452 5 phononTF 0.00154309 4.14334 -3.4049 0.0271379 180194 0.00034743 1 -0.0254788 -0.186553 0.05 225795
0 1452 6 phononTS 0.000777974 -0.0254788 -0.186553 0.049999 225795 0.00034743 1 0.00923404 -0.199755 0.05 225946
0 1453 2 phononL 0.0023239 -1.52641 4.55211 0.0282395 19091 0.00069486 1 0.0428416 -0.245741 0.05 50290.8
0 1455 5 phononTS 0.00060966 0.165512 3.93631 -0.0419838 17334.2 0.00034743 1 -0.0376029 -0.211553 0.05 190865
0 1458 2 phononTS 0.00192444 1.31201 4.812 0.0272373 23729.4 0.00034743 1 -0.0331734 -0.165481 0.05 232099
0 1458 6 phononL 0.00136937 -0.0331734 -0.165481 0.049999 232099 0.00034743 1 -0.0771097 -0.168485 0.05 232306
0 1459 3 phononTF 0.00187132 -1.51282 3.67486 -0.0290897 7831.67 0.00034743 1 0.0363804 -0.245477 0.05 30611.4
0 1459 4 phononTS 0.00112997 0.0363804 -0.245477 0.049999 30611.4 0.00034743 1 0.0350063 -0.257051 0.05 30671.3
0 1459 11 phononTS 0.00039477 0.0350063 -0.257051 0.049999 30671.3 0.00034743 1 0.0668978 -0.290935 0.05 32081.5
0 1463 4 phononTF 0.00083434 1.67767 -0.358406 -0.000282918 144403 0.00069486 1 -0.0299228 -0.277692 0.05 911703
0 1468 2 phononTF 0.00277963 0.457416 0.970281 0.0263601 19931.2 0.00069486 1 0.0454872 -0.277443 0.05 35313.7
0 1469 4 phononTS 0.00100298 0.555438 4.46519 -0.0183884 6561.49 0.00034743 1 -0.0877998 -0.168304 0.05 120969
0 1471 2 phononTS 0.00131109 -1.66975 3.48466 0.03788 7611.06 0.00069486 1 -0.085984 -0.181737 0.05 165296
0 1472 4 phononL 0.00149536 4.87596 2.85745 -0.0359937 17778.9 0.00069486 1 0.10523 -0.14868 0.05 143267
0 1478 3 phononTF 0.00260719 -1.90129 2.84669 -0.0179837 1559.99 0.00069486 1 -0.0271524 -0.158284 0.05 7534.16
0 1478 6 phononTS 0.00149337 -0.0271524 -0.158284 0.049999 7534.16 0.00034743 1 -0.0622903 -0.276024 0.05 487405
0 1478 14 phononTS 0.000706213 -0.0622903 -0.276024 0.049999 487405 0.00034743 1 -0.0290735 -0.104829 0.05 537521
0 1480 7 phononL 0.00128103 -2.74886 1.485 -0.0442223 129504 0.00069486 1 0.0382048 -0.222179 0.05 182690
0 1481 5 phononL 0.00144622 0.435803 4.17149 -0.0491769 9048.08 0.00069486 1 -0.0405525 -0.220205 0.05 101329
0 1484 3 phononTS 0.00251499 -4.11469 4.25524 0.0279633 9447.55 0.00069486 1 0.0223252 -0.165269 0.05 19932.7
0 1484 2 phononTS 0.00148501 -4.11469 4.25524 0.0279633 9447.55 0.00034743 1 -0.1195 -0.215558 0.05 127350
0 1484 17 phononTS 0.000694997 -0.1195 -0.215558 0.049998 127350 0.00034743 1 -0.0438736 -0.219912 0.05 128460
0 1488 2 phononTS 0.00138942 -1.87083 3.62377 -0.00895191 599.227 0.00034743 1 -0.0287682 -0.288277 0.05 86282.4
0 1491 2 phononL 0.00210126 -3.44148 3.29533 0.0289744 19089.9 0.00034743 1 -0.06701 -0.131804 0.05 104194
0 1495 2 phononL 0.00146645 -4.74094 4.57189 -0.0130251 33124.8 0.00034743 1 0.0405902 -0.180906 0.05 60046.2
0 1498 4 phononTS 0.000993781 -1.79982 -3.26878 0.0333008 182307 0.00034743 1 -0.0710002 -0.29048 0.05 392827
0 1498 2 phononTF 0.00157947 -4.40534 4.55514 0.0383203 10110 0.00069486 1 -0.0658218 -0.292078 0.05 204265
0 1503 6 phononTF 0.00114405 4.38866 1.69751 0.023083 82176.3 0.00034743 1 -0.0631939 -0.14426 0.05 763756
0 1505 5 phononTS 0.00111733 2.6692 4.10368 -0.0499577 7119.22 0.00069486 1 0.113165 -0.189113 0.05 331191
0 1506 5 phononTS 0.000999996 3.25267 -1.8286 -0.00457555 227869 0.00069486 1 0.0798069 -0.154193 0.05 257110
0 1512 3 phononTS 0.00162375 -1.22193 1.98721 -0.0157921 4904.51 0.00034743 1 -0.0842787 -0.163738 0.05 151271
0 1514 5 phononTS 0.00149504 0.606988 2.46349 0.0208095 22970.4 0.00034743 1 0.0483108 -0.211774 0.05 120256
0 1522 7 phononL 0.000741797 0.313931 -0.357553 -0.0159698 97824.3 0.00034743 1 0.0550822 -0.289989 0.05 154064
0 1522 6 phononTF 0.00124425 0.313931 -0.357553 -0.0159698 97824.3 0.00034743 1 0.0694507 -0.274451 0.05 97969.9
0 1524 7 phononTS 0.000920927 2.78936 3.55179 0.0473269 69625.1 0.00034743 1 -0.0953739 -0.187336 0.05 199527
0 1524 9 phononTF 0.000546364 -0.0953739 -0.187336 0.049999 199527 0.00034743 1 0.0365743 -0.266215 0.05 199615
0 1524 4 phononTS 0.000609883 0.063627 -2.73467 0.0333643 44974.7 0.00034743 1 0.0460873 -0.295539 0.05 241937
0 1525 4 phononTS 0.000735796 1.28067 -2.01683 0.0255932 248742 0.00034743 1 -0.0532059 -0.260232 0.05 310884
0 1526 2 phononL 0.00229183 -1.9284 4.04751 0.0428135 2339.51 0.00069486 1 0.0865597 -0.150556 0.05 72908.9
0 1527 4 phononTS 0.000776112 -1.6226 0.401432 -0.0481322 11775.2 0.00034743 1 -0.0394182 -0.283623 0.05 404003
0 1528 4 phononTS 0.000909261 -2.1718 -0.863898 0.000467938 132772 0.00034743 1 0.0991469 -0.204008 0.05 185369
0 1530 2 phononTF 0.00138715 -0.634244 3.25687 0.0184559 3507.95 0.00034743 1 -0.0601062 -0.188051 0.05 213774
0 1531 9 phononTS 0.000627438 -3.68625 -0.00408588 0.0289639 577273 0.00034743 1 0.0714969 -0.241574 0.05 989402
0 1538 2 phononTS 0.00220232 -1.72131 3.73701 0.0317741 8.28969 0.00034743 1 -0.0491856 -0.299226 0.05 180686
0 1538 4 phononTS 0.00116172 -0.0491856 -0.299226 0.049998 180686 0.00034743 1 0.0519018 -0.167354 0.05 181165
0 1538 14 phononTS 0.000369414 0.0519018 -0.167354 0.049999 181165 0.00034743 1 0.0289045 -0.254169 0.05 181326
0 1542 4 phononTF 0.00146587 -1.29608 -2.84582 0.00395426 61796 0.00069486 1 -0.0663601 -0.284025 0.05 161269
0 1542 10 phononTS 0.00035426 -0.0663601 -0.284025 0.049999 161269 0.00034743 1 -0.0441121 -0.2093 0.05 161341
0 1546 3 phononTF 0.00167377 -2.02688 2.86558 -0.0120443 12907.6 0.00034743 1 -0.049434 -0.230019 0.05 311243
0 1546 12 phononTS 0.000948661 1.56583 3.58701 -0.0275707 19874.6 0.00034743 1 0.034027 -0.254119 0.05 36184.7
0 1549 6 phononTS 0.00103532 1.46924 4.59736 -0.0324251 20522.8 0.00034743 1 -0.0666361 -0.248279 0.05 123186
0 1550 2 phononTS 0.00157706 -1.88509 2.49024 0.00481501 68890.1 0.00034743 1 -0.0913534 -0.133494 0.05 111466
0 1550 8 phononL 0.000876787 -0.0913534 -0.133494 0.049999 111466 0.00034743 1 0.086128 -0.259635 0.05 504508
0 1552 3 phononL 0.00220941 -1.42184 1.50429 -0.00401836 9993.52 0.00104229 1 0.0431709 -0.299881 0.05 27190.1
0 1552 4 phononTF 0.000642441 0.0431709 -0.299881 0.049999 27190.1 0.00034743 1 -0.109627 -0.169458 0.05 27474.3
0 1552 23 phononTS 0.000857736 2.38728 -3.60008 0.00467975 52663.6 0.00034743 1 0.0458966 -0.188084 0.05 202838
0 1553 4 phononL 0.00146255 0.88877 0.823652 -0.0406835 237098 0.00069486 1 -0.0712996 -0.278688 0.05 418211
0 1555 3 phononTS 0.00233686 -1.75723 3.82236 0.00113131 31.8563 0.00034743 1 -0.108008 -0.200615 0.05 132348
0 1555 6 phononTF 0.00112727 -0.108008 -0.200615 0.049999 132348 0.00034743 1 -0.0654787 -0.192304 0.05 132408
0 1555 2 phononL 0.00166314 -1.75723 3.82236 0.00113131 31.8563 0.00034743 1 0.0296087 -0.219116 0.05 7751.82
0 1555 17 phononTS 0.000742008 0.0296087 -0.219116 0.049999 7751.82 0.00034743 1 -0.0350022 -0.220451 0.05 8245.72
0 1557 3 phononTF 0.00147074 -2.43039 2.7619 -0.0359373 2395.66 0.00069486 1 0.0434414 -0.154476 0.05 10525.3
0 1558 2 phononL 0.00131991 -1.15462 3.83527 -0.0413197 23591.8 0.00069486 1 0.0215883 -0.237793 0.05 493804
0 1560 2 phononTS 0.00191883 -2.09793 3.14963 -0.0474424 2160.48 0.00069486 1 0.10252 -0.180573 0.05 79769.6
0 1560 8 phononTF 0.000689849 0.10252 -0.180573 0.049999 79769.6 0.00034743 1 0.0567634 -0.179051 0.05 80014.1
0 1565 2 phononTS 0.00130945 -1.7485 4.09822 -0.0280662 632.238 0.00034743 1 -0.0947102 -0.261766 0.05 56018.5
0 1566 4 phononTF 0.00060845 3.34184 1.48673 -0.015521 19869 0.00034743 1 0.0386635 -0.150556 0.05 319805
0 1569 2 phononTF 0.00181296 -0.940047 4.60692 -0.0365263 5326.09 0.00034743 1 -0.0421996 -0.301911 0.05 339170
0 1569 5 phononTS 0.00060726 -0.0421996 -0.301911 0.049999 339170 0.00034743 1 -0.0356601 -0.208278 0.05 339324
0 1571 2 phononTF 0.00221692 -0.550827 3.26609 -0.00839089 4917.69 0.00138972 1 0.0216124 -0.236651 0.05 17141.7
0 1572 5 phononL 0.00132656 -0.665701 -4.97173 -0.0248851 31853.6 0.00069486 1 0.0640022 -0.177802 0.05 436917
0 1573 2 phononTF 0.00206493 -1.78734 3.7947 -0.02334 31.2426 0.00034743 1 -0.0410238 -0.231093 0.05 63047.3
0 1573 4 phononTS 0.00110678 -0.0410238 -0.231093 0.049999 63047.3 0.00034743 1 0.0371722 -0.273138 0.05 66307.9
0 1577 2 phononL 0.00123972 -1.93944 4.00528 -0.0163762 277.341 0.00034743 1 0.0485906 -0.174106 0.05 134626
0 1577 6 phononL 0.000721255 0.0485906 -0.174106 0.049998 134626 0.00034743 1 -0.0185361 -0.165102 0.05 379476
0 1578 3 phononTF 0.00207644 -1.68602 3.59827 -0.0307287 2791.65 0.00069486 1 -0.0545279 -0.172914 0.05 16985.6
0 1580 2 phononTS 0.00294809 -1.64742 3.76533 0.0417582 8541.01 0.00104229 1 0.0241549 -0.167093 0.05 10810.7
0 1580 16 phononTF 0.000499734 0.0241549 -0.167093 0.049999 10810.7 0.00034743 1 0.0428503 -0.138939 0.05 21017.3
0 1584 4 phononTS 0.00106581 -3.74645 2.60565 -0.0393668 11166.3 0.00034743 1 -0.0568099 -0.171864 0.05 281891
0 1584 6 phononTS 0.000528944 -0.0568099 -0.171864 0.049999 281891 0.00034743 1 -0.0618342 -0.143052 0.05 281954
0 1586 5 phononL 0.00251614 -0.791069 1.24851 0.0302655 19857.2 0.00034743 1 -0.069583 -0.289184 0.05 29455.1
0 1587 2 phononTS 0.00138694 -1.89163 3.68015 0.0485841 46.8716 0.00034743 1 -0.0368874 -0.181427 0.05 10149
0 1588 2 phononTS 0.00172833 -1.92524 3.06969 0.0499693 574.426 0.00034743 1 -0.111463 -0.242156 0.05 113717
0 1588 9 phononTF 0.000508731 -0.111463 -0.242156 0.049999 113717 0.00034743 1 -0.0685036 -0.149634 0.05 113786
0 1590 5 phononL 0.000846268 -2.4323 -0.524931 -0.0462776 302953 0.00034743 1 0.119833 -0.210877 0.05 337531
0 1591 3 phononTF 0.00114259 -3.94596 2.12298 -0.0356022 27564.4 0.00034743 1 -0.115894 -0.194203 0.05 201544
0 1595 4 phononTF 0.00143484 -2.38548 -0.756378 -0.0330024 27409.9 0.00034743 1 -0.0311909 -0.204579 0.05 181966
0 1598 5 phononTF 0.001631 -2.35315 -1.76336 0.0403887 29133.5 0.00069486 1 -0.0513907 -0.143922 0.05 67410.1
0 1599 2 phononTF 0.00204866 -1.42355 3.71835 -0.0211443 4138.53 0.00034743 1 -0.0773671 -0.281473 0.05 122208
0 1601 4 phononTF 0.000646317 -2.53185 1.12276 0.00832691 144259 0.00034743 1 -0.0511745 -0.275024 0.05 589616
0 1603 2 phononTF 0.00124505 -1.97867 3.60893 -0.0214107 374.847 0.00069486 1 0.0388177 -0.18719 0.05 6670.2
0 1604 2 phononTF 0.00193938 -1.84223 3.72541 -0.0366173 19.9992 0.00069486 1 -0.0822184 -0.192863 0.05 33369.8
0 1604 9 phononTS 0.000347535 -0.0822184 -0.192863 0.049999 33369.8 0.00034743 1 0.0619336 -0.284555 0.05 133340
0 1604 6 phononTS 0.000364434 -0.0822184 -0.192863 0.049999 33369.8 0.00034743 1 -0.0839652 -0.196087 0.05 33426.4
0 1606 4 phononTF 0.00150037 0.104183 0.0404309 0.0453156 62424.4 0.00034743 1 0.0534428 -0.257947 0.05 178713
0 1606 7 phononTS 0.000762746 0.0534428 -0.257947 0.049999 178713 0.00034743 1 -0.0776479 -0.133779 0.05 178808
0 1609 6 phononTS 0.00108569 -0.210497 4.72035 -0.0393929 42723.4 0.00034743 1 0.0705792 -0.13627 0.05 48428.4
0 1618 2 phononL 0.000914423 -1.8978 3.98923 -0.000373829 10246.7 0.00034743 1 0.0539281 -0.169733 0.05 281314
0 1622 2 phononTS 0.00213291 -1.32864 3.77377 -0.0136228 2173.16 0.00069486 1 0.095033 -0.255157 0.05 74985.3
0 1622 4 phononTS 0.000566278 0.095033 -0.255157 0.049998 74985.3 0.00034743 1 0.0718026 -0.281781 0.05 75050.2
0 1626 4 phononL 0.000457426 -4.71649 1.96546 0.0226863 26144.2 0.00034743 1 -0.0430285 -0.10816 0.05 142656
0 1628 4 phononTF 0.000876803 -2.21911 0.528275 -0.016626 36269 0.00034743 1 -0.053943 -0.103571 0.05 358859
0 1634 2 phononTS 0.00152054 -1.37338 3.81184 -0.0342651 395.957 0.00034743 1 0.0566434 -0.255936 0.05 214775
0 1638 2 phononTS 0.00102047 -1.20847 1.936 -0.0025397 4158.81 0.00034743 1 -0.0592243 -0.287257 0.05 366597
0 1639 4 phononTF 0.00125388 -2.27731 2.74905 0.00614071 5120.2 0.00034743 1 -0.0229321 -0.222089 0.05 11423.6
0 1640 3 phononL 0.00190158 -1.77883 3.90715 -0.0084088 199.716 0.00034743 1 0.0665505 -0.19986 0.05 44982.3
0 1642 2 phononTF 0.0018673 -1.79942 3.62009 -0.00174839 153.016 0.00104229 1 0.0888489 -0.130353 0.05 33698.6
0 1643 5 phononL 0.000991368 -0.137701 -0.129986 -0.0189797 149772 0.00034743 1 -0.0532827 -0.129892 0.05 151997
0 1644 2 phononL 0.00157351 -1.40662 3.5954 -0.0473449 437.662 0.00034743 1 -0.0667056 -0.171069 0.05 234829
0 1645 5 phononTF 0.00116939 -0.973399 -1.87201 -0.0262873 13607 0.00034743 1 0.0872626 -0.195058 0.05 565253
0 1645 7 phononTF 0.000435693 0.0872626 -0.195058 0.049998 565253 0.00034743 1 0.0590856 -0.203731 0.05 565314
0 1646 3 phononTS 0.00156853 -1.74018 3.71166 -0.0175525 8.40917 0.00034743 1 -0.104262 -0.144116 0.05 28103.2
0 1646 10 phononTS 0.00104526 4.12063 2.98498 0.000976727 34422.4 0.00034743 1 0.0175531 -0.237824 0.05 215812
0 1647 2 phononTS 0.00262748 -0.620984 3.74914 -0.0416347 3361.07 0.00069486 1 0.0579918 -0.272665 0.05 52227.3
0 1647 10 phononTF 0.000869034 0.0579918 -0.272665 0.049998 52227.3 0.00034743 1 -0.0500026 -0.242111 0.05 52298.1
0 1649 5 phononTF 0.00113765 -2.7492 0.720054 -0.0203736 52307 0.00034743 1 -0.113844 -0.181151 0.05 116669
0 1649 4 phononTF 0.0012841 -2.7492 0.720054 -0.0203736 52307 0.00034743 1 0.0330478 -0.286213 0.05 121541
0 1649 13 phononTF 0.000899016 0.0330478 -0.286213 0.049999 121541 0.00034743 1 -0.103044 -0.20349 0.05 200235
0 1649 19 phononTS 0.000596564 4.30075 -4.38596 0.0236419 184633 0.00034743 1 -0.0584732 -0.206443 0.05 286787
0 1656 5 phononTS 0.00212816 1.98186 4.87224 -0.0270491 77603.5 0.00069486 1 0.0666435 -0.181543 0.05 188485
0 1656 6 phononTF 0.000374089 0.0666435 -0.181543 0.049998 188485 0.00034743 1 0.0642327 -0.126203 0.05 188544
0 1658 4 phononTF 0.000774475 0.112926 0.0258368 0.049999 15268.4 0.00034743 1 -0.0617718 -0.19611 0.05 15566.6
0 1660 7 phononTS 0.00113847 0.750172 2.76174 -0.0201052 103145 0.00034743 1 0.0748154 -0.238587 0.05 177741
0 1660 4 phononTS 0.000781612 -0.974757 2.83974 -0.0185706 29895.6 0.00034743 1 0.0542156 -0.174006 0.05 369417
0 1662 6 phononTS 0.000383914 -4.74548 1.8914 0.0353106 143727 0.00034743 1 0.0581767 -0.266939 0.05 226209
0 1662 2 phononTF 0.000961171 -1.00545 3.8226 -0.0151226 1510.28 0.00034743 1 0.03685 -0.136611 0.05 360573
0 1665 9 phononTF 0.000960119 -4.51679 -1.01039 0.046121 241119 0.00034743 1 0.0180603 -0.200448 0.05 358321
0 1667 4 phononTS 0.000867621 -0.518114 1.02035 -0.0111798 11055.1 0.00034743 1 0.0356412 -0.170419 0.05 12254.5
0 1667 7 phononTS 0.000366379 0.0356412 -0.170419 0.049999 12254.5 0.00034743 1 -0.0541771 -0.216667 0.05 21569.2
0 1669 4 phononTF 0.00123906 2.81453 4.21091 0.0122977 88058.9 0.00069486 1 0.0397663 -0.212897 0.05 547578
0 1671 3 phononL 0.00269495 -0.854051 2.73389 0.00346396 9128.03 0.00104229 1 -0.0943309 -0.201984 0.05 24138.7
0 1674 4 phononTS 0.000995997 -0.834317 3.09242 0.0172484 56562.5 0.00034743 1 -0.105775 -0.178166 0.05 829409
0 1674 6 phononL 0.000382033 -0.105775 -0.178166 0.049999 829409 0.00034743 1 0.0341914 -0.182474 0.05 951218
0 1675 2 phononTS 0.00224152 -1.7409 3.77697 0.0181046 6.35117 0.00069486 1 0.0894819 -0.196891 0.05 35631.8
0 1677 2 phononTF 0.00256783 -2.09389 3.47585 0.0232925 2301.2 0.00104229 1 -0.0290301 -0.175644 0.05 23140.4
0 1686 3 phononTS 0.00170652 -1.63088 3.8307 0.00562973 83.9979 0.00034743 1 -0.0683 -0.233825 0.05 120344
0 1689 5 phononTF 0.0013725 0.695935 4.45257 0.0373331 18084.4 0.00034743 1 -0.100824 -0.254213 0.05 127775
0 1689 2 phononTS 0.00196662 -1.62281 4.63837 -0.0125283 13795 0.00104229 1 0.0392516 -0.186358 0.05 198525
0 1694 5 phononTS 0.00112664 2.6717 1.29641 -0.00812299 37682.8 0.00034743 1 0.025213 -0.260424 0.05 597425
0 1699 5 phononTS 0.00212066 4.71222 1.73217 0.0197312 31003.3 0.00034743 1 0.0681331 -0.236537 0.05 35011
0 1699 2 phononTS 0.00101836 -1.96567 3.782 -0.00212086 3198.49 0.00069486 1 -0.0761516 -0.153516 0.05 12436.5
0 1701 2 phononL 0.00246639 -2.88021 2.07881 -0.00214877 16445.6 0.00069486 1 0.0588279 -0.163683 0.05 46648.4
0 1704 7 phononTF 0.000972548 -2.34716 -1.15712 0.0481073 96854.1 0.00034743 1 -0.105225 -0.248602 0.05 102505
0 1707 4 phononTF 0.000789538 0.198079 -4.40439 -0.0131227 37403.7 0.00034743 1 -0.0952136 -0.142707 0.05 384877
0 1708 3 phononTF 0.00185609 -2.41304 4.96273 0.0354617 11396.6 0.00034743 1 -0.0992319 -0.202471 0.05 31661.2
0 1715 3 phononL 0.00147923 -1.60236 3.79208 0.0298148 494.143 0.00034743 1 -0.0484991 -0.110952 0.05 163779
0 1716 3 phononTS 0.0016637 -1.15191 3.36956 -0.044916 709.033 0.00034743 1 -0.0881254 -0.187339 0.05 24818
0 1716 5 phononL 0.000572678 -0.0881254 -0.187339 0.049999 24818 0.00034743 1 -0.0456614 -0.286535 0.05 39340.7
0 1716 17 phononTS 0.00146499 -1.02024 -3.26534 -0.0421372 54406.3 0.00069486 1 -0.0766546 -0.269481 0.05 389958
0 1717 3 phononTS 0.00135548 -1.87497 3.76751 -0.0463542 47.6115 0.00069486 1 0.115289 -0.188261 0.05 100122
0 1721 2 phononTS 0.00177497 -1.11534 3.09392 0.0291728 2333.03 0.00034743 1 0.0488827 -0.297128 0.05 14276.9
0 1721 5 phononL 0.000585852 0.0488827 -0.297128 0.049999 14276.9 0.00034743 1 -0.0327462 -0.200375 0.05 16848.9
0 1724 3 phononTS 0.00151754 -0.192085 2.64375 -0.0205956 9056.61 0.00069486 1 0.0297734 -0.284706 0.05 50979.6
0 1727 3 phononTS 0.00226616 -0.90154 4.87118 -0.0108992 14614.4 0.00034743 1 -0.0736917 -0.127799 0.05 181707
0 1727 2 phononL 0.00173384 -0.90154 4.87118 -0.0108992 14614.4 0.00069486 1 0.0296058 -0.262255 0.05 577807
0 1727 13 phononTS 0.000369236 0.0296058 -0.262255 0.049999 577807 0.00034743 1 -0.0627252 -0.249349 0.05 578442
0 1728 3 phononTS 0.00270775 -1.28071 2.94073 -0.0374388 3273.97 0.00069486 1 0.0412767 -0.225835 0.05 59632.1
0 1730 5 phononTF 0.0011693 0.912308 2.5038 -0.0286876 63915.4 0.00034743 1 -0.0855278 -0.254309 0.05 762702
0 1734 6 phononTF 0.00092851 -0.795403 -3.25643 0.00802825 252827 0.00034743 1 -0.0667791 -0.280817 0.05 707953
0 1736 3 phononTS 0.00152953 -2.43467 4.23669 -0.0234211 7687.68 0.00034743 1 -0.0360695 -0.209268 0.05 34807
0 1736 5 phononTF 0.000404559 -0.0360695 -0.209268 0.049999 34807 0.00034743 1 -0.076162 -0.281656 0.05 36196.2
0 1739 4 phononTS 0.00110491 1.28062 1.60897 -0.0293656 19852.2 0.00034743 1 -0.0607789 -0.284893 0.05 21701.5
0 1740 3 phononTF 0.00171633 -1.29641 2.7341 -0.0412806 7931.25 0.00069486 1 0.0711255 -0.223007 0.05 21828.5
0 1741 2 phononTS 0.000961134 -2.06774 2.99309 0.0136251 1414.48 0.00034743 1 0.0743776 -0.220735 0.05 77692.8
0 1742 3 phononTF 0.00180541 -0.997575 3.1438 0.00725996 9664.16 0.00034743 1 -0.0404156 -0.0974595 0.05 251054
0 1744 5 phononTS 0.00145361 -0.900375 -3.23 0.0235962 89996.5 0.00069486 1 -0.0259373 -0.182854 0.05 263574
0 1747 3 phononTF 0.00143983 -2.02998 3.73236 -0.0230413 3076.54 0.00034743 1 0.0870791 -0.200432 0.05 523888
0 1747 10 phononTF 0.001463 -4.90033 1.74832 -0.0206547 15049.8 0.00034743 1 0.0276212 -0.129179 0.05 108006
0 1749 4 phononTS 0.0015858 -3.69031 -1.02309 0.0390306 65867.3 0.00069486 1 -0.0464708 -0.294362 0.05 152301
0 1754 2 phononTS 0.00194494 -1.72026 3.71711 0.0316358 149.357 0.00069486 1 -0.119876 -0.191139 0.05 70201.8
0 1756 2 phononTF 0.000502073 -0.855038 3.43361 0.0395127 5349.17 0.00034743 1 0.046734 -0.299239 0.05 198329
0 1757 7 phononTS 0.000493865 -3.3156 4.03197 -0.013904 53362.5 0.00034743 1 0.0263319 -0.207758 0.05 78525.5
0 1758 3 phononTS 0.00216636 -1.59861 3.61772 0.0332644 54.2484 0.00034743 1 0.0293677 -0.27296 0.05 122109
0 1758 4 phononTF 0.000991827 0.0293677 -0.27296 0.049999 122109 0.00034743 1 -0.0334621 -0.275059 0.05 122187
0 1759 5 phononTF 0.00100394 0.546927 4.36758 0.00246816 20087.7 0.00034743 1 -0.0486528 -0.125831 0.05 36025.5
0 1759 7 phononTS 0.000487395 -0.0486528 -0.125831 0.049999 36025.5 0.00034743 1 -0.0543659 -0.303274 0.05 36875.2
0 1771 3 phononTS 0.00251427 -1.13314 3.35794 -0.00413925 445.822 0.00104229 1 -0.0505254 -0.262872 0.05 13041.2
0 1771 6 phononTS 0.000446782 -0.0505254 -0.262872 0.049999 13041.2 0.00034743 1 0.0379486 -0.143435 0.05 455316
0 1772 3 phononTF 0.00262495 -2.11032 3.1939 0.00784309 2111.71 0.00069486 1 -0.0735765 -0.235975 0.05 79560
0 1775 5 phononTS 0.000964964 -2.12105 1.05497 -0.0252929 42874.6 0.00069486 1 -0.0446855 -0.147762 0.05 422026
0 1777 2 phononTS 0.00160549 -0.419517 4.42706 -0.0228741 8696.82 0.00034743 1 -0.033451 -0.138116 0.05 118865
0 1777 8 phononTS 0.000924655 -0.033451 -0.138116 0.049999 118865 0.00034743 1 -0.0617639 -0.160406 0.05 119039
0 1778 2 phononTS 0.00146014 -1.81465 2.99557 -0.0299906 9169.9 0.00034743 1 0.0907464 -0.220317 0.05 209504
0 1779 3 phononTS 0.00218083 -1.29176 3.28739 0.00619134 3514.22 0.00034743 1 0.034744 -0.262063 0.05 46999.7
0 1779 2 phononTF 0.00181917 -1.29176 3.28739 0.00619134 3514.22 0.00069486 1 -0.0374783 -0.154092 0.05 20502
0 1780 4 phononTF 0.000618107 -2.04891 -1.32679 -0.000834816 350236 0.00034743 1 0.0924971 -0.155011 0.05 436305
0 1783 3 phononTS 0.00306148 -1.21894 3.50658 0.0172775 1131.39 0.00034743 1 0.0772286 -0.241453 0.05 24856.4
0 1783 5 phononL 0.00163526 0.0772286 -0.241453 0.049999 24856.4 0.00069486 1 0.0669142 -0.15067 0.05 24910.6
0 1783 4 phononTF 0.000656911 0.0772286 -0.241453 0.049999 24856.4 0.00034743 1 0.0190953 -0.157137 0.05 24926.4
0 1785 3 phononTF 0.00223782 -1.92247 3.87212 0.00970608 3923.31 0.00069486 1 0.0475637 -0.160206 0.05 18707.6
0 1787 2 phononTS 0.00205845 0.265773 2.24033 0.0230836 12538.3 0.00034743 1 0.0652819 -0.222234 0.05 18973
0 1790 4 phononTS 0.000866993 -1.8845 4.04854 0.012523 50245.6 0.00034743 1 -0.0676088 -0.16922 0.05 119290
0 1790 8 phononTF 0.000424123 -0.0676088 -0.16922 0.049999 119290 0.00034743 1 -0.0228 -0.160234 0.05 119452
0 1790 2 phononTS 0.00128408 -1.31968 4.01683 0.00799111 9185.51 0.00034743 1 -0.0572918 -0.266249 0.05 56280.2
0 1791 2 phononTS 0.00157416 -1.03612 4.32091 0.0256235 7570.57 0.00034743 1 -0.0777517 -0.135293 0.05 401406
0 1791 9 phononTF 0.000350588 -0.0777517 -0.135293 0.049999 401406 0.00034743 1 -0.0316198 -0.129537 0.05 401488
0 1792 3 phononTF 0.00106114 -1.42855 3.211 0.0244867 8424.26 0.00034743 1 -0.0691739 -0.136023 0.05 62264.5
0 1792 2 phononL 0.00293886 -1.42855 3.211 0.0244867 8424.26 0.00069486 1 0.075988 -0.126246 0.05 71786.3
0 1792 11 phononL 0.000950164 0.075988 -0.126246 0.049999 71786.3 0.00034743 1 0.113277 -0.170326 0.05 366477
0 1793 6 phononTF 0.000850508 -3.65783 4.38008 0.0158285 55148.2 0.00034743 1 0.0921003 -0.254666 0.05 94142.3
0 1807 2 phononTS 0.00209267 -3.22813 4.95869 0.013521 19668.9 0.00034743 1 -0.0227453 -0.177413 0.05 208709
0 1808 7 phononTF 0.000861261 -4.39881 -0.627753 -0.0234217 39794.6 0.00069486 1 -0.032736 -0.238189 0.05 163084
0 1809 8 phononTS 0.00111216 3.68935 -2.338 0.0142748 198270 0.00034743 1 -0.0396934 -0.251491 0.05 218852
0 1810 4 phononTF 0.000922356 -0.840133 -0.842801 0.0177383 41969.9 0.00034743 1 -0.0625826 -0.169815 0.05 42904.4
0 1813 5 phononTF 0.000828192 -3.47777 -1.08864 0.0205768 83119.6 0.00034743 1 0.080095 -0.249341 0.05 161464
0 1814 2 phononTF 0.00155709 -4.51284 3.02712 -0.00593206 22480.2 0.00034743 1 -0.109366 -0.197218 0.05 31403
0 1814 7 phononTF 0.000729139 -0.109366 -0.197218 0.049998 31403 0.00034743 1 0.0373795 -0.170611 0.05 123427
0 1818 5 phononTS 0.00160999 -3.04278 4.1848 -0.0419612 37538.6 0.00034743 1 -0.0583894 -0.10208 0.05 146952
0 1825 3 phononTF 0.00182996 -2.48062 4.27137 -0.0483357 2980.79 0.00034743 1 -0.113419 -0.204755 0.05 139225
0 1829 3 phononTS 0.00255482 -1.04682 4.80474 0.0275966 3095.83 0.00069486 1 -0.0805024 -0.27126 0.05 72458.2
0 1829 7 phononTF 0.000398389 -0.0805024 -0.27126 0.049999 72458.2 0.00034743 1 -0.0307502 -0.170289 0.05 72529.7
0 1833 7 phononL 0.00105044 4.62511 2.47839 -0.00567565 101916 0.00034743 1 0.0761701 -0.202573 0.05 633824
0 1835 3 phononTS 0.00281132 -0.477234 3.69253 -0.044208 3812.91 0.00069486 1 -0.0450434 -0.176824 0.05 57196.5
0 1837 2 phononTF 0.0018686 -2.06765 4.49946 0.0309783 3550.78 0.00034743 1 -0.0443072 -0.201642 0.05 15743.7
0 1837 7 phononTF 0.00116177 -0.0443072 -0.201642 0.049999 15743.7 0.00069486 1 0.104189 -0.232418 0.05 92366.9
0 1839 5 phononTF 0.0013178 -1.16498 3.30487 -0.0372666 23684.7 0.00034743 1 -0.0480624 -0.203293 0.05 128652
0 1843 2 phononL 0.00158725 -2.11912 4.43275 -0.00308837 4187.67 0.00034743 1 0.0943848 -0.1652 0.05 85893.6
0 1843 7 phononTS 0.000368757 0.0943848 -0.1652 0.049999 85893.6 0.00034743 1 0.0143588 -0.190514 0.05 86023.5
0 1845 4 phononTS 0.000888931 2.23832 -0.145707 -0.0162005 52058.2 0.00034743 1 -0.014553 -0.193217 0.05 275488
0 1845 6 phononTF 0.000431745 -0.014553 -0.193217 0.049999 275488 0.00034743 1 -0.0567956 -0.134639 0.05 344433
0 1846 3 phononTS 0.00123189 -2.29208 1.43543 0.0414969 4967.42 0.00069486 1 0.0308565 -0.148151 0.05 107512
0 1847 3 phononTS 0.00205568 1.85867 4.03073 0.0243129 15380.1 0.00138972 1 -0.040396 -0.137472 0.05 202831
0 1850 2 phononTS 0.00218605 -0.724751 2.87381 0.0451819 10821.2 0.00034743 1 0.0273756 -0.139914 0.05 20002.4
0 1850 4 phononTF 0.000745574 0.0273756 -0.139914 0.049999 20002.4 0.00034743 1 -0.0664332 -0.116636 0.05 20127.5
0 1850 11 phononTS 0.000366688 -0.0664332 -0.116636 0.049999 20127.5 0.00034743 1 -0.0675133 -0.159681 0.05 20578.2
0 1851 3 phononTF 0.0016285 -1.24687 2.86063 0.0284194 5850.14 0.00034743 1 0.0707484 -0.195072 0.05 118655
0 1852 9 phononL 0.000793215 -4.18696 4.22693 -0.0148982 304022 0.00034743 1 -0.0339103 -0.287168 0.05 341914
0 1853 6 phononTS 0.00043076 0.505353 2.59138 -0.0217854 41735.7 0.00034743 1 0.0346726 -0.260469 0.05 159313
0 1853 2 phononTS 0.00181399 -1.46641 3.77954 0.0246373 804.876 0.00034743 1 -0.0213032 -0.187553 0.05 256432
0 1853 15 phononTS 0.000452086 -0.0213032 -0.187553 0.049999 256432 0.00034743 1 -0.0434214 -0.1271 0.05 256523
0 1855 2 phononTF 0.00166022 -3.85855 4.86347 0.0352217 16244 0.00034743 1 -0.0546391 -0.153059 0.05 307075
0 1862 3 phononTF 0.00221999 -1.41196 3.84032 -0.012997 1139.04 0.00034743 1 0.0570658 -0.131491 0.05 134396
0 1863 2 phononTS 0.000917802 -0.189203 4.78257 -0.0464979 4964.22 0.00034743 1 -0.0282585 -0.157324 0.05 17463.4
0 1868 3 phononL 0.00108821 -1.47131 3.96125 0.0070223 310.922 0.00034743 1 0.0459462 -0.231627 0.05 803078
0 1868 5 phononTF 0.00036969 0.0459462 -0.231627 0.049999 803078 0.00034743 1 0.0281629 -0.205821 0.05 803277
0 1872 7 phononL 0.00092873 -3.93442 1.00862 -0.0449832 77774 0.00069486 1 -0.0381511 -0.279365 0.05 131722
0 1872 6 phononL 0.00109799 -3.93442 1.00862 -0.0449832 77774 0.00034743 1 -0.0457121 -0.097767 0.05 198261
0 1872 16 phononTS 0.000492604 -0.0457121 -0.097767 0.049999 198261 0.00034743 1 -0.0421911 -0.117024 0.05 198321
0 1873 4 phononTS 0.0012163 -4.66498 1.49273 -0.0045666 75500.7 0.00069486 1 -0.0231509 -0.202161 0.05 169961
0 1874 3 phononTS 0.00176327 -2.45276 2.76906 0.0362264 2149.07 0.00034743 1 0.0568228 -0.21504 0.05 109698
0 1874 5 phononTS 0.00107761 0.0568228 -0.21504 0.049999 109698 0.00034743 1 0.0419936 -0.263882 0.05 235894
0 1874 2 phononL 0.00223673 -2.45276 2.76906 0.0362264 2149.07 0.00034743 1 -0.0451182 -0.303511 0.05 6140.85
0 1875 2 phononL 0.00134227 -1.58968 3.82308 0.025322 55.1397 0.00069486 1 0.0552622 -0.1928 0.05 169883
0 1876 5 phononTS 0.00158893 -1.37916 0.586674 -0.0126709 30131.6 0.00034743 1 -0.0174385 -0.242797 0.05 509153
0 1876 4 phononTS 0.00127534 -1.37916 0.586674 -0.0126709 30131.6 0.00034743 1 0.0717604 -0.181612 0.05 90089.1
0 1876 13 phononL 0.000691511 0.0717604 -0.181612 0.049999 90089.1 0.00034743 1 0.0391032 -0.296464 0.05 90145.7
0 1881 4 phononTS 0.00095885 -0.869408 0.244395 0.0279718 16547.7 0.00034743 1 -0.0252843 -0.285347 0.05 55141.5
0 1881 2 phononTF 0.00104925 -2.01647 2.74067 -0.0459942 6946.98 0.00034743 1 0.118495 -0.182247 0.05 41847.1
0 1884 4 phononTS 0.000897381 3.53766 -4.07599 -0.0389524 74565.2 0.00034743 1 0.0497562 -0.280456 0.05 312450
0 1884 9 phononL 0.000361046 0.0497562 -0.280456 0.049999 312450 0.00034743 1 0.0644181 -0.187819 0.05 313298
0 1885 6 phononL 0.000938715 1.36893 3.78205 -0.0265362 11887.9 0.00034743 1 -0.114538 -0.179351 0.05 226347
0 1890 5 phononTS 0.00104728 -0.259259 3.80309 0.0215718 17509.9 0.00034743 1 0.0702923 -0.264311 0.05 86681
0 1890 6 phononTS 0.000577471 0.0702923 -0.264311 0.049999 86681 0.00034743 1 -0.0884969 -0.243176 0.05 86831.4
0 1890 2 phononTF 0.0013444 0.577926 4.06037 -0.0274775 13919 0.00034743 1 -0.107953 -0.200199 0.05 421810
0 1897 5 phononTS 0.000676863 4.17075 -0.601609 -0.0134566 100443 0.00034743 1 -0.0780843 -0.164625 0.05 346621
0 1897 4 phononTF 0.00143023 4.17075 -0.601609 -0.0134566 100443 0.00069486 1 -0.0736913 -0.118558 0.05 138942
0 1897 12 phononL 0.000484199 -0.0736913 -0.118558 0.049999 138942 0.00034743 1 0.0733654 -0.169912 0.05 142265
0 1899 5 phononL 0.00109903 -0.4256 -4.8465 0.0285483 85938.4 0.00034743 1 -0.0188525 -0.230826 0.05 106891
0 1901 3 phononTS 0.00217232 -1.57114 4.30758 0.0490198 3856.18 0.00034743 1 0.0563755 -0.152438 0.05 116728
0 1904 2 phononTF 0.00184171 -1.80507 3.72291 -0.0026888 32.4267 0.00069486 1 -0.027487 -0.109652 0.05 1615.74
0 1905 2 phononTF 0.00063751 -0.308708 3.95662 0.0210112 24215.5 0.00034743 1 -0.0543848 -0.164503 0.05 327178
0 1906 2 phononTS 0.00105214 -2.03536 4.29025 -0.019762 3101.81 0.00034743 1 -0.0958915 -0.24597 0.05 234799
0 1907 5 phononTS 0.00129414 -2.6768 -3.08218 0.0107922 106955 0.00034743 1 0.0554102 -0.182506 0.05 195937
0 1908 5 phononTF 0.00146177 1.98883 -2.41246 -0.0202177 73592.4 0.00034743 1 0.0310341 -0.266307 0.05 222188
0 1909 2 phononTS 0.000961924 -3.27222 3.35188 -0.0256945 5451.45 0.00034743 1 0.0493058 -0.21474 0.05 175906
0 1911 3 phononTF 0.00223348 -1.04203 3.12624 -0.040072 14287.7 0.00069486 1 0.115141 -0.198101 0.05 102876
0 1911 14 phononTS 0.000568919 -3.52445 4.07409 -0.0122575 22966 0.00034743 1 0.0650066 -0.254186 0.05 34231.3
0 1912 5 phononTF 0.00155795 0.280402 3.48568 0.0412887 11679.6 0.00034743 1 0.100812 -0.257216 0.05 17760.7
0 1914 2 phononL 0.00154406 -1.15279 2.8518 0.0248465 2500.4 0.00034743 1 0.0595775 -0.251799 0.05 89455
0 1914 6 phononL 0.000600508 0.0595775 -0.251799 0.049999 89455 0.00034743 1 0.0590563 -0.235047 0.05 89803.6
0 1915 5 phononTF 0.00141856 -0.297469 1.11356 0.00997926 20984.4 0.00034743 1 -0.0356806 -0.101837 0.05 40116.3
0 1915 7 phononTS 0.000705264 -0.0356806 -0.101837 0.049999 40116.3 0.00034743 1 -0.047376 -0.134563 0.05 40175.7
0 1915 2 phononTS 0.00154588 -1.52641 4.20965 0.0149116 5783.39 0.00069486 1 -0.0450482 -0.149241 0.05 342943
0 1915 21 phononTF 0.000596649 -0.0450482 -0.149241 0.049999 342943 0.00034743 1 -0.049895 -0.160019 0.05 344413
0 1916 5 phononTS 0.00104395 -1.61353 3.28883 0.0255533 1791.32 0.00034743 1 -0.0846966 -0.210305 0.05 171545
0 1916 6 phononTF 0.000642449 -0.0846966 -0.210305 0.049999 171545 0.00034743 1 -0.0848979 -0.138885 0.05 171605
0 1922 4 phononTF 0.000481123 -1.6063 -2.35515 0.0173754 33341.6 0.00034743 1 0.0436018 -0.211279 0.05 163431
0 1923 5 phononTF 0.00151923 4.55413 4.94532 -0.0479769 125220 0.00034743 1 -0.0587309 -0.154852 0.05 464399
0 1926 4 phononTS 0.000823463 0.81808 -3.38102 -0.0154664 853832 0.00034743 1 -0.067007 -0.138144 0.05 1.13093e+06
0 1927 3 phononTF 0.00222368 -1.85668 3.48664 0.0241705 1553.16 0.00069486 1 0.0861958 -0.19593 0.05 29413.7
0 1927 10 phononTF 0.000402087 0.0861958 -0.19593 0.049999 29413.7 0.00034743 1 -0.100577 -0.199003 0.05 442487
0 1930 7 phononTS 0.000562209 -3.16224 -0.765351 -0.0332874 39644 0.00034743 1 0.0558878 -0.203943 0.05 45697.3
0 1931 5 phononL 0.00104109 0.287548 3.32929 0.0346744 10284.4 0.00034743 1 -0.0317638 -0.296326 0.05 140657
0 1931 4 phononTF 0.00142664 0.287548 3.32929 0.0346744 10284.4 0.00034743 1 -0.0243774 -0.119319 0.05 288855
0 1933 4 phononTS 0.00140997 -0.926652 4.1092 -0.0401362 24352.6 0.00034743 1 -0.100904 -0.247314 0.05 141536
0 1934 2 phononTS 0.00167251 -3.37375 4.91683 -0.0237592 14085.6 0.00034743 1 0.0147688 -0.185121 0.05 114662
0 1934 12 phononTF 0.000790878 -1.08298 -4.48797 0.0400582 294601 0.00034743 1 0.104181 -0.200509 0.05 471813
0 1938 6 phononTS 0.00116265 -2.49649 2.44192 0.0475019 30971 0.00034743 1 0.0264919 -0.11369 0.05 141778
0 1938 4 phononTS 0.00128505 -3.84712 3.03123 0.0434079 20561.6 0.00034743 1 -0.0583402 -0.211701 0.05 122301
0 1942 2 phononTF 0.00204842 0.0425253 3.2194 -0.0325694 2446.06 0.00034743 1 -0.0601247 -0.208011 0.05 5331.91
0 1942 8 phononTS 0.00145864 -0.0601247 -0.208011 0.049999 5331.91 0.00034743 1 -0.0784795 -0.195359 0.05 5389.84
0 1942 13 phononTS 0.000350556 -0.0784795 -0.195359 0.049999 5389.84 0.00034743 1 0.0382928 -0.113769 0.05 221577
0 1951 2 phononL 0.00163173 -0.648854 3.37763 -0.0338385 4254.43 0.00069486 1 0.0449969 -0.170362 0.05 253628
0 1951 7 phononTS 0.000438876 0.0449969 -0.170362 0.049999 253628 0.00034743 1 -0.0318919 -0.248933 0.05 685976
0 1952 4 phononTF 0.00125778 -2.901 -4.52693 0.0164139 90165.5 0.00034743 1 -0.0191344 -0.159069 0.05 360066
0 1960 3 phononTS 0.00161846 -1.98036 3.79323 -0.0482187 259.252 0.00034743 1 -0.102894 -0.258219 0.05 52130
0 1960 11 phononL 0.000862761 -0.101655 -4.60098 0.0159727 37868.9 0.00034743 1 -0.110251 -0.222723 0.05 363673
0 1967 5 phononTF 0.00139843 1.15131 3.51905 0.0157495 27810.3 0.00034743 1 0.0745321 -0.282006 0.05 85634.5
0 1969 4 phononTS 0.00153472 4.74522 -2.23633 -0.00168012 59109.9 0.00034743 1 -0.0750731 -0.21448 0.05 267223
0 1969 6 phononL 0.000580138 -0.0750731 -0.21448 0.049999 267223 0.00034743 1 0.11599 -0.180901 0.05 268325
0 1970 5 phononL 0.0018679 4.55939 0.39564 -0.0324851 33905.3 0.00069486 1 0.0992828 -0.270166 0.05 88512.9
0 1972 5 phononTF 0.0015202 -0.115211 -0.657806 -0.00458109 14981.8 0.00034743 1 0.0515811 -0.235522 0.05 124009
0 1972 7 phononTF 0.000840008 0.0515811 -0.235522 0.049999 124009 0.00034743 1 0.0690033 -0.117072 0.05 124077
0 1972 4 phononTS 0.000864822 -0.115211 -0.657806 -0.00458109 14981.8 0.00069486 1 -0.0768479 -0.176545 0.05 15896
0 1973 4 phononTS 0.000886278 -1.96956 3.83391 0.00652718 81547 0.00034743 1 -0.0296785 -0.153819 0.05 186216
0 1976 6 phononTF 0.000513572 -1.3004 -1.90585 0.030384 307517 0.00034743 1 -0.0403362 -0.235411 0.05 340789
0 1980 2 phononTS 0.00215809 0.206982 4.80248 -0.0308159 38369.8 0.00069486 1 -0.0347575 -0.150545 0.05 103870
0 1980 9 phononTF 0.000407467 -0.0347575 -0.150545 0.049999 103870 0.00034743 1 0.0422887 -0.225438 0.05 104032
0 1985 3 phononTS 0.00203924 -2.08682 3.38987 0.0111707 2019.36 0.00034743 1 -0.106784 -0.213307 0.05 167258
0 1985 4 phononTS 0.0013444 -0.106784 -0.213307 0.049999 167258 0.00069486 1 0.0608882 -0.147561 0.05 364476
0 1988 3 phononTS 0.0023719 -3.0777 1.37964 -0.00235222 14610.2 0.00069486 1 -0.0487975 -0.208822 0.05 40086.1
0 1988 7 phononTS 0.00082719 -0.0487975 -0.208822 0.049999 40086.1 0.00034743 1 0.0107369 -0.195161 0.05 40156.8
0 1990 2 phononTF 0.00254767 -2.02336 4.13017 -0.0320868 1847.92 0.00034743 1 -0.0463144 -0.119442 0.05 46431.1
0 1992 4 phononTS 0.00171509 -1.13889 -0.802129 0.0337822 29863.7 0.00034743 1 0.0851282 -0.178877 0.05 73821.2
0 1999 5 phononTS 0.00166662 -2.99157 2.2516 -0.0480349 48493 0.00034743 1 -0.112026 -0.216921 0.05 64387.8
0 1999 9 phononTS 0.000367218 -0.112026 -0.216921 0.049999 64387.8 0.00034743 1 -0.0684603 -0.15382 0.05 64460.3
0 1999 6 phononTS 0.000919245 -0.112026 -0.216921 0.049999 64387.8 0.00069486 1 -0.114113 -0.185101 0.05 64450.5
0 2001 6 phononTS 0.000612391 -0.0430774 -1.72954 0.0287844 47697.4 0.00034743 1 -0.0787686 -0.169409 0.05 85144.8
0 2004 5 phononTS 0.000978075 -1.89262 0.259445 0.0392146 11933.9 0.00034743 1 -0.0777186 -0.144074 0.05 46932.4
0 2008 3 phononTF 0.00232567 -3.90485 3.30467 -0.0282817 22287.7 0.00069486 1 0.0997941 -0.142537 0.05 115023
0 2008 5 phononL 0.000461786 0.0997941 -0.142537 0.049999 115023 0.00034743 1 -0.0144551 -0.226559 0.05 117408
0 2008 4 phononL 0.000476202 0.0997941 -0.142537 0.049999 115023 0.00034743 1 0.067159 -0.165015 0.05 115144
0 2008 2 phononTF 0.00167433 -3.90485 3.30467 -0.0282817 22287.7 0.00034743 1 0.0249417 -0.130671 0.05 164440
0 2009 2 phononTF 0.00181326 -1.6675 4.45122 0.000463623 35724.8 0.00104229 1 -0.117892 -0.217147 0.05 40032.1
0 2011 6 phononL 0.000775236 -1.09327 -0.114574 -0.024065 390590 0.00034743 1 0.0224071 -0.163472 0.05 475102
0 2013 3 phononTF 0.00169342 -1.22415 4.63683 -0.0196944 8857.44 0.00034743 1 0.045983 -0.123297 0.05 28707.6
0 2013 6 phononTS 0.000989945 0.045983 -0.123297 0.049999 28707.6 0.00034743 1 0.0654644 -0.250462 0.05 57164.6
0 2019 5 phononTF 0.0010282 -1.42945 -0.576325 0.0429682 17079.4 0.00034743 1 -0.0747725 -0.219444 0.05 25329.4
0 2019 13 phononTF 0.00108627 0.99898 0.634855 -0.00387221 224307 0.00069486 1 0.112307 -0.224035 0.05 242234
0 2023 6 phononTS 0.000625432 2.59563 1.51873 -0.0375142 97716.5 0.00034743 1 -0.049105 -0.101607 0.05 325426
0 2024 3 phononTS 0.00190808 -1.20103 3.83258 0.0152158 6815.41 0.00034743 1 -0.103508 -0.244585 0.05 125463
0 2029 5 phononL 0.00205354 -0.564532 1.63761 -0.0283153 9055.72 0.00069486 1 0.0155944 -0.192236 0.05 11980.9
0 2029 7 phononTS 0.000818081 0.0155944 -0.192236 0.049999 11980.9 0.00034743 1 -0.0831605 -0.218369 0.05 131001
0 2031 5 phononTS 0.000935807 -4.08353 0.120515 -0.0351174 52833.3 0.00034743 1 -0.0432169 -0.137218 0.05 230253
0 2031 4 phononL 0.000697675 -4.08353 0.120515 -0.0351174 52833.3 0.00034743 1 -0.106931 -0.178118 0.05 273755
0 2032 4 phononTS 0.0013764 -1.03795 -0.996963 -0.00376418 50637.6 0.00034743 1 -0.111121 -0.205253 0.05 203056
0 2044 3 phononTS 0.00172947 -1.51944 4.30741 0.00933861 8766.18 0.00104229 1 0.0364866 -0.187794 0.05 312908
0 2045 3 phononL 0.0019543 -2.22633 3.33221 0.0251675 5963.12 0.00034743 1 -0.0634986 -0.191531 0.05 397559
0 2045 4 phononL 0.000548318 -0.0634986 -0.191531 0.049999 397559 0.00034743 1 -0.0892322 -0.182095 0.05 398248
0 2046 5 phononL 0.000835741 -2.76284 4.95194 -0.0396796 6508.93 0.00034743 1 -0.108323 -0.221942 0.05 96337.8
0 2051 8 phononTF 0.00105374 -1.44588 -4.40915 0.00238661 102341 0.00034743 1 -0.0715985 -0.158855 0.05 174083
0 2052 4 phononTF 0.00202867 -4.58838 2.96858 0.0257023 35027.1 0.00069486 1 -0.0518108 -0.23724 0.05 84060.7
0 2054 3 phononTF 0.00190125 -1.07004 3.31629 -0.000839213 7445.55 0.00034743 1 0.111503 -0.186672 0.05 112419
0 2054 4 phononTF 0.000844388 0.111503 -0.186672 0.049999 112419 0.00034743 1 0.109057 -0.196616 0.05 112497
0 2056 2 phononTF 0.00260062 -0.437872 4.11991 0.0266622 6122.25 0.00069486 1 -0.0822037 -0.234329 0.05 99397.7
0 2057 4 phononTF 0.00109188 -1.64953 -4.53794 0.0125668 139482 0.00069486 1 -0.116932 -0.19657 0.05 590040
0 2059 4 phononTF 0.00190442 -3.49095 4.88196 0.045849 32854.7 0.00034743 1 0.0454322 -0.117826 0.05 106991
0 2068 6 phononTS 0.000518183 4.84171 1.44319 -0.00621362 298260 0.00034743 1 -0.109002 -0.194922 0.05 692106
0 2069 5 phononTF 0.00119498 3.71249 4.30943 0.0374364 35732.3 0.00034743 1 0.0236476 -0.218808 0.05 165836
0 2069 6 phononTF 0.00039187 0.0236476 -0.218808 0.049999 165836 0.00034743 1 -0.0361592 -0.204289 0.05 165896
0 2077 5 phononTS 0.00202859 1.36255 4.33189 -0.0142819 48651.7 0.00069486 1 0.0648466 -0.170192 0.05 76178.4
0 2080 4 phononL 0.00128411 -2.38884 3.11397 -0.0257947 6528.6 0.00034743 1 -0.0473968 -0.254226 0.05 174433
0 2083 4 phononL 0.000762434 2.84195 0.0949635 0.0368735 179397 0.00034743 1 0.0684954 -0.111726 0.05 428438
0 2086 4 phononTF 0.0016747 -2.37402 1.90647 -0.0272874 34223.1 0.00069486 1 0.0906788 -0.204182 0.05 382451
0 2088 3 phononTF 0.00186796 2.04318 3.43284 -0.0403141 23810.9 0.00034743 1 0.1173 -0.18599 0.05 56411.3
0 2089 2 phononTS 0.00188178 -1.75497 3.80455 -0.0158924 11.4576 0.00069486 1 0.0569935 -0.287872 0.05 32862.2
0 2093 4 phononTS 0.00148011 -0.189608 1.95746 0.00383854 80185.6 0.00034743 1 0.0357933 -0.279306 0.05 97702.2
0 2097 4 phononTS 0.00117571 -0.436704 2.55934 -0.0472493 12731.9 0.00034743 1 -0.0402528 -0.303803 0.05 16325.2
0 2097 2 phononTF 0.00173918 -1.31048 4.45795 -0.0422425 1193.18 0.00104229 1 -0.0727262 -0.201269 0.05 177728
0 2099 2 phononTS 0.0021582 -0.746933 3.85089 0.00890553 1465.36 0.00034743 1 -0.0403521 -0.210648 0.05 84128.1
0 2101 3 phononTS 0.00226508 -0.240215 1.27721 0.0291462 18158.9 0.00034743 1 -0.0715826 -0.149411 0.05 89189.7
0 2101 11 phononTF 0.000917794 -0.56776 4.67369 0.00832108 127512 0.00034743 1 0.110093 -0.19868 0.05 443194
0 2102 4 phononTS 0.00156162 3.19131 -2.1367 -0.00940806 100949 0.00034743 1 0.039274 -0.252885 0.05 153893
0 2102 6 phononTS 0.000938659 0.039274 -0.252885 0.049999 153893 0.00034743 1 -0.0653698 -0.243804 0.05 154872
0 2104 5 phononTF 0.000931618 -4.54535 0.58308 0.0320181 24338.9 0.00034743 1 0.0306047 -0.195006 0.05 154028
0 2105 2 phononTF 0.00193816 -0.664521 3.54749 0.0168205 1625.84 0.00104229 1 0.0786202 -0.121423 0.05 115425
0 2110 5 phononL 0.0016381 -3.79061 0.530964 0.0397312 52875.3 0.00034743 1 -0.0638176 -0.224836 0.05 183340
0 2111 3 phononL 0.00221977 -1.44079 3.34559 0.00142511 11421.3 0.00034743 1 0.0127321 -0.197635 0.05 41277.4
0 2111 9 phononL 0.00115635 -3.92431 1.3461 0.0271203 187306 0.00034743 1 -0.0365286 -0.123501 0.05 320537
0 2113 3 phononTS 0.00246102 -1.9051 3.65243 0.0186278 338.019 0.00034743 1 0.0958595 -0.149392 0.05 81943.1
0 2113 4 phononTF 0.000974329 0.0958595 -0.149392 0.049999 81943.1 0.00034743 1 -0.088124 -0.24747 0.05 82042.3
0 2115 3 phononTF 0.00176529 -2.28791 4.96654 -0.034622 20337.1 0.00069486 1 -0.0356635 -0.175014 0.05 504750
0 2115 10 phononL 0.000528625 -0.0356635 -0.175014 0.049999 504750 0.00034743 1 0.0473712 -0.157304 0.05 553917
0 2115 17 phononTF 0.00141205 -2.726 2.51837 0.0465709 30402.1 0.00034743 1 0.0737185 -0.259833 0.05 259792
0 2117 5 phononTF 0.00146839 -4.14129 -0.745668 0.032059 133145 0.00069486 1 -0.0321661 -0.266077 0.05 226434
0 2120 6 phononTF 0.00119612 -2.15129 2.3791 0.028922 73753.5 0.00069486 1 -0.0644155 -0.137257 0.05 176540
0 2120 4 phononTS 0.000498614 -0.942858 1.97346 0.000932939 53359.1 0.00034743 1 0.0853577 -0.196359 0.05 277866
0 2129 5 phononL 0.00170483 -1.61172 -1.36132 0.0208447 46524 0.00104229 1 0.0992188 -0.215204 0.05 500162
0 2130 7 phononTF 0.000701848 -0.220434 1.19004 -0.0407275 492509 0.00034743 1 -0.114639 -0.195326 0.05 533950
0 2130 6 phononTS 0.000578434 -0.220434 1.19004 -0.0407275 492509 0.00034743 1 0.107281 -0.181213 0.05 610768
0 2130 4 phononTS 0.00078039 2.74604 1.00519 -0.004887 182858 0.00034743 1 0.0449123 -0.0961161 0.05 399508
0 2132 2 phononTS 0.00148125 -1.37924 4.15751 0.00474944 3283.23 0.00034743 1 0.084365 -0.17802 0.05 25953.5
0 2132 7 phononTF 0.000903376 0.084365 -0.17802 0.049999 25953.5 0.00034743 1 0.105328 -0.163801 0.05 26036.4
0 2135 5 phononTF 0.00168123 0.403759 3.54313 0.0139924 15283.7 0.00034743 1 0.0571309 -0.294257 0.05 154892
0 2141 2 phononL 0.00158423 -2.39424 2.34833 0.0108142 12237.7 0.00034743 1 0.117979 -0.220254 0.05 340296
0 2141 7 phononTF 0.00091192 0.117979 -0.220254 0.049999 340296 0.00034743 1 0.107985 -0.208179 0.05 340842
0 2142 2 phononTS 0.00141955 -1.99518 3.81106 0.0327914 2342.04 0.00034743 1 -0.0605925 -0.120247 0.05 333973
0 2142 7 phononTF 0.000617497 -0.0605925 -0.120247 0.049999 333973 0.00034743 1 -0.0902379 -0.145432 0.05 577872
0 2143 4 phononTS 0.00111232 -1.90119 -4.35368 -0.00451142 78153.9 0.00034743 1 -0.0229626 -0.202033 0.05 85353.9
0 2143 8 phononTF 0.000352894 -0.0229626 -0.202033 0.049999 85353.9 0.00034743 1 0.0601543 -0.266009 0.05 85616.7
0 2145 4 phononTS 0.000980662 -1.76864 3.3085 0.0108626 14329.2 0.00034743 1 -0.0371646 -0.154253 0.05 244838
0 2150 5 phononTS 0.00144901 -1.31795 2.07353 0.0263654 13429.6 0.00034743 1 -0.0525527 -0.300651 0.05 545292
0 2151 9 phononTS 0.000976522 4.37643 2.6521 0.0296328 72322.9 0.00069486 1 -0.0946351 -0.185069 0.05 632372
0 2152 3 phononTS 0.00231035 -1.1651 4.31667 -0.0177359 6657.94 0.00104229 1 -0.0299826 -0.305169 0.05 22548.2
0 2154 3 phononL 0.00148975 -1.92971 3.63218 0.0273502 332.36 0.00034743 1 -0.0656624 -0.171209 0.05 149626
0 2154 4 phononTS 0.000628405 -0.0656624 -0.171209 0.049998 149626 0.00034743 1 -0.0964582 -0.1404 0.05 307093
0 2157 2 phononL 0.00283674 -2.08743 2.82239 -0.0362299 3671.53 0.00104229 1 -0.0424913 -0.131195 0.05 54086.3
0 2163 5 phononTF 0.00164821 -3.52732 -3.16304 -0.0128206 18592.8 0.00104229 1 0.0316144 -0.194729 0.05 64287.2
0 2168 3 phononTF 0.00140185 -1.94267 4.03744 0.0331813 4794.26 0.00069486 1 0.0879126 -0.267269 0.05 568871
0 2179 3 phononTF 0.00228717 -2.1971 3.52814 0.0140131 702.076 0.00069486 1 0.0588572 -0.252191 0.05 17195.1
0 2182 5 phononL 0.000941408 3.08011 -1.6094 -0.0373738 93722.2 0.00034743 1 -0.0684488 -0.25934 0.05 107586
0 2182 13 phononL 0.00117731 3.81997 -0.439554 -0.0386191 95667.4 0.00034743 1 -0.0419638 -0.12257 0.05 156044
0 2186 4 phononTS 0.000984926 -0.386061 -4.04143 -0.0457639 87268 0.00034743 1 0.0391154 -0.109573 0.05 107652
0 2186 2 phononTF 0.00135052 -1.79132 3.93648 0.0474818 324.767 0.00069486 1 -0.0890154 -0.208275 0.05 67753.2
0 2187 4 phononTS 0.00161915 -1.77077 3.68189 0.0366813 7969.25 0.00069486 1 0.0456707 -0.233987 0.05 84350.6
0 2189 7 phononTS 0.00108519 -3.97337 -3.66351 -0.0281995 64535.7 0.00034743 1 -0.0409349 -0.219728 0.05 287778
0 2191 4 phononTS 0.00112088 -1.35673 2.44242 -0.0424496 69631.7 0.00034743 1 0.0232686 -0.215985 0.05 144233
0 2191 7 phononTS 0.000561052 0.0232686 -0.215985 0.049999 144233 0.00034743 1 -0.0103161 -0.204205 0.05 144368
0 2194 4 phononTS 0.00104119 2.71565 -0.190448 0.0298487 86914.1 0.00069486 1 -0.0767399 -0.145885 0.05 287482
0 2195 7 phononL 0.00181351 -1.55286 4.57173 0.0317688 3910.92 0.00034743 1 -0.0213458 -0.227137 0.05 105320
0 2197 6 phononTS 0.000790138 -0.596966 0.708853 -0.0210783 143428 0.00034743 1 0.035402 -0.164225 0.05 352678
0 2201 4 phononL 0.00100125 3.24295 3.68559 -0.0217385 31405.2 0.00034743 1 0.0592086 -0.203641 0.05 441936
0 2205 5 phononTS 0.00110197 1.0136 1.22852 -0.0296656 15584.7 0.00034743 1 0.0701872 -0.137265 0.05 17811.5
0 2205 4 phononTF 0.00137542 1.0136 1.22852 -0.0296656 15584.7 0.00034743 1 0.0815015 -0.147107 0.05 58898.6
0 2207 4 phononTF 0.00119383 -4.26981 0.681859 -0.0271266 19293.2 0.00034743 1 0.100622 -0.182117 0.05 120488
0 2207 7 phononL 0.000794174 0.100622 -0.182117 0.049999 120488 0.00069486 1 0.0734072 -0.186112 0.05 262620
0 2208 5 phononTS 0.00128078 0.688581 2.01144 -0.0144185 308819 0.00034743 1 -0.026757 -0.28852 0.05 498121
0 2208 7 phononTS 0.000520501 -0.026757 -0.28852 0.049999 498121 0.00034743 1 0.059111 -0.287254 0.05 788755
0 2210 5 phononL 0.00107945 1.16941 0.780207 -0.012786 15943.2 0.00034743 1 -0.084546 -0.268395 0.05 19022.2
0 2210 6 phononL 0.000410697 -0.084546 -0.268395 0.049999 19022.2 0.00034743 1 0.0361896 -0.251683 0.05 19417.4
0 2211 2 phononTS 0.00114237 -4.70182 3.17284 0.0404281 13657.6 0.00034743 1 0.118654 -0.184788 0.05 148192
0 2215 7 phononTS 0.00128719 4.65478 -1.0437 -0.0366129 121759 0.00034743 1 -0.0837346 -0.130309 0.05 151780
0 2215 8 phononTS 0.000669862 -0.0837346 -0.130309 0.049998 151780 0.00034743 1 -0.0628906 -0.129894 0.05 151839
0 2221 3 phononTS 0.0011211 -0.731634 4.56246 -0.0426622 1438.32 0.00069486 1 -0.118655 -0.191539 0.05 62384.3
0 2223 3 phononTS 0.00170456 4.03652 4.68837 0.00010828 18711.8 0.00034743 1 -0.0869382 -0.273267 0.05 425762
0 2224 2 phononTS 0.00217727 -1.66413 2.30567 -0.0282563 11826.9 0.00034743 1 0.106555 -0.170039 0.05 25361.5
0 2224 7 phononL 0.000690335 0.106555 -0.170039 0.049999 25361.5 0.00034743 1 -0.0471276 -0.271187 0.05 40047.7
0 2225 2 phononTS 0.00172899 -3.9159 1.61644 -0.0412498 25290.7 0.00104229 1 -0.0252843 -0.115681 0.05 220212
0 2232 2 phononL 0.00291525 -4.08005 3.23173 0.046537 17050.7 0.00034743 1 0.0973529 -0.195688 0.05 34330.5
0 2235 5 phononTS 0.00127869 -1.4796 2.63516 -0.028342 7172.96 0.00034743 1 -0.0670189 -0.129371 0.05 132575
0 2235 6 phononTS 0.00061244 -0.0670189 -0.129371 0.049998 132575 0.00034743 1 -0.0777655 -0.137432 0.05 132631
0 2238 5 phononTS 0.00130572 1.92951 2.34868 0.0247532 35978.1 0.00034743 1 -0.0198369 -0.145386 0.05 372833
0 2247 5 phononTF 0.0017685 -3.58459 1.37275 -0.0125504 18074.2 0.00034743 1 -0.0226496 -0.247204 0.05 43605.3
0 2247 7 phononL 0.000411107 -0.0226496 -0.247204 0.049999 43605.3 0.00034743 1 0.0848626 -0.214506 0.05 182827
0 2249 5 phononTF 0.00184761 -0.462173 1.83537 -0.00331256 5239.81 0.00034743 1 -0.0981509 -0.232346 0.05 155892
0 2249 6 phononTF 0.00108408 -0.0981509 -0.232346 0.049999 155892 0.00069486 1 -0.085054 -0.126906 0.05 156121
0 2252 2 phononL 0.00118975 0.0664529 4.82676 0.0149749 9792.43 0.00069486 1 0.0840108 -0.152517 0.05 263902
0 2255 4 phononTS 0.0014448 -2.13203 -0.831563 -0.012969 14321.5 0.00069486 1 0.0352034 -0.155974 0.05 19830.5
0 2259 5 phononL 0.000948785 2.14376 2.22893 -0.0049973 76681.1 0.00034743 1 0.0511674 -0.165233 0.05 250976
0 2262 7 phononTS 0.000912189 4.87047 -4.45364 -0.0365657 252254 0.00034743 1 -0.0279013 -0.282389 0.05 605024
0 2265 5 phononL 0.00140236 -3.26518 3.84209 -0.01271 3207.9 0.00034743 1 0.0446467 -0.204631 0.05 39989.2
0 2265 2 phononTF 0.000571868 -3.21094 3.95641 0.0363046 3166.76 0.00034743 1 0.0600121 -0.113191 0.05 178886
0 2267 3 phononTS 0.0024429 -1.71461 3.71453 0.0331718 10.9412 0.00104229 1 0.0403466 -0.159457 0.05 39169.4
0 2267 8 phononTF 0.000451687 0.0403466 -0.159457 0.049999 39169.4 0.00034743 1 -0.0793537 -0.158942 0.05 39237
0 2272 2 phononTS 0.00147219 -1.08543 3.70133 0.0438786 2703.54 0.00034743 1 0.0403598 -0.130379 0.05 65471.4
0 2272 7 phononL 0.000605873 0.0403598 -0.130379 0.049999 65471.4 0.00034743 1 -0.044391 -0.207113 0.05 113872
0 2273 7 phononTS 0.000693563 3.03728 -4.03719 0.0130301 164778 0.00034743 1 0.100546 -0.200259 0.05 183932
0 2273 6 phononL 0.000806276 3.03728 -4.03719 0.0130301 164778 0.00034743 1 0.0299475 -0.12148 0.05 627226
0 2278 3 phononL 0.00202082 -1.4919 3.35484 0.00717017 137.055 0.00034743 1 -0.110233 -0.202197 0.05 30826.2
0 2278 5 phononL 0.00158545 -0.110233 -0.202197 0.049999 30826.2 0.00034743 1 -0.0340885 -0.13518 0.05 30871.1
0 2281 3 phononTF 0.0021991 1.68102 4.96331 0.0169011 8885.99 0.00034743 1 -0.0714434 -0.272464 0.05 107994
0 2281 2 phononTS 0.0018009 1.68102 4.96331 0.0169011 8885.99 0.00034743 1 -0.066611 -0.147745 0.05 268547
0 2282 3 phononTF 0.00207667 -0.603521 4.5412 0.0400486 7981.92 0.00069486 1 0.0606335 -0.199883 0.05 88102.2
0 2282 2 phononL 0.00192333 -0.603521 4.5412 0.0400486 7981.92 0.00069486 1 0.0254265 -0.260663 0.05 41096.8
0 2285 3 phononTF 0.00160469 -0.320188 4.85093 0.0226743 4443.19 0.00034743 1 -0.0383478 -0.236137 0.05 352922
0 2285 5 phononTS 0.000614968 -0.0383478 -0.236137 0.049999 352922 0.00034743 1 -0.108723 -0.183235 0.05 352993
0 2287 3 phononTF 0.00272535 -4.51864 3.66133 -0.0149458 15796.8 0.00069486 1 -0.0690878 -0.173481 0.05 50728.6
0 2290 2 phononTF 0.00208313 -2.42202 4.12635 -0.047828 612.907 0.00069486 1 -0.0621262 -0.112677 0.05 7177.87
0 2294 5 phononL 0.00165952 -1.76783 3.77447 0.0483869 8982.06 0.00034743 1 0.0440077 -0.107074 0.05 326624
0 2294 7 phononL 0.00120531 0.0440077 -0.107074 0.049999 326624 0.00034743 1 0.0218759 -0.139836 0.05 326699
0 2297 5 phononTF 0.00132057 -0.611309 2.29701 -0.0241472 22642 0.00104229 1 -0.0977173 -0.173461 0.05 758935
0 2299 5 phononL 0.00143379 4.87779 4.99052 0.0334494 167744 0.00034743 1 -0.0510221 -0.228516 0.05 213689
0 2300 5 phononTS 0.00112769 2.73994 4.44715 -0.0391326 41735.3 0.00034743 1 0.0267335 -0.185958 0.05 343861
0 2300 7 phononTS 0.000766304 0.0267335 -0.185958 0.049999 343861 0.00034743 1 -0.023819 -0.121159 0.05 344136
0 2300 4 phononTS 0.00132785 2.73994 4.44715 -0.0391326 41735.3 0.00069486 1 0.0119611 -0.1955 0.05 131510
0 2304 5 phononTF 0.00118648 -3.51324 -1.49715 0.00399965 48693.8 0.00069486 1 -0.0324275 -0.203596 0.05 514611
0 2305 3 phononTF 0.00163247 1.96394 1.27573 -0.0480193 16089.4 0.00034743 1 -0.0290549 -0.101521 0.05 182403
0 2305 10 phononTF 0.00112693 -1.00531 -2.54484 -0.0222299 37154.9 0.00069486 1 -0.0682159 -0.188522 0.05 254481
0 2307 2 phononTF 0.00209489 -2.33543 3.29571 0.0257189 9688.52 0.00034743 1 0.0328142 -0.202068 0.05 23193.5
0 2315 5 phononTS 0.00129987 -4.44384 0.672576 0.0391849 38473.3 0.00069486 1 0.11287 -0.190335 0.05 47657.6
0 2321 4 phononL 0.00101355 2.46803 0.0226414 0.0218567 108511 0.00069486 1 -0.0642031 -0.266831 0.05 245082
0 2324 5 phononTS 0.00156742 -4.55341 2.49578 -0.0498016 172805 0.00034743 1 -0.0617665 -0.113724 0.05 205069
0 2325 2 phononTS 0.00201484 -1.7772 3.43803 -0.00853129 129.117 0.00069486 1 -0.0434094 -0.123695 0.05 58266
0 2328 2 phononTS 0.000825321 -1.65383 3.80717 -0.0331169 26.0208 0.00034743 1 0.0296779 -0.164756 0.05 7130.57
0 2330 2 phononTS 0.00212746 -1.12177 3.97327 -0.0443915 4385.48 0.00034743 1 -0.0386383 -0.178016 0.05 281930
0 2332 4 phononL 0.000755745 3.0791 -3.30848 0.0415556 259067 0.00069486 1 0.10137 -0.149033 0.05 407043
0 2332 13 phononTF 0.00151118 -0.429581 2.83794 -0.00984741 181128 0.00034743 1 0.0696379 -0.234724 0.05 426307
0 2337 3 phononL 0.00181539 -3.50124 3.90105 -0.0144265 2886.96 0.00034743 1 0.0722255 -0.229893 0.05 574267
0 2337 14 phononTF 0.00142127 -4.10668 3.30093 0.0300268 18869.6 0.00034743 1 -0.0626859 -0.160488 0.05 185886
0 2337 17 phononTS 0.000366584 -0.0626859 -0.160488 0.049999 185886 0.00034743 1 -0.094602 -0.181129 0.05 185951
0 2345 4 phononTS 0.00131294 -0.324562 2.94949 0.0418246 20367.1 0.00034743 1 -0.079261 -0.129807 0.05 75159.5
0 2346 2 phononTF 0.00273595 -1.8234 3.79973 -0.0141538 9641.72 0.00104229 1 0.115158 -0.207391 0.05 58963.3
0 2347 7 phononTS 0.000578905 -4.2422 3.96955 0.000468978 430803 0.00034743 1 -0.0465331 -0.303178 0.05 512498
0 2350 5 phononTF 0.00088033 -4.03929 2.27744 0.00868413 66574.6 0.00069486 1 0.0830261 -0.161263 0.05 97110.5
0 2352 5 phononL 0.00245652 -1.92744 0.13292 -0.0044326 80737.8 0.00069486 1 -0.0309009 -0.116862 0.05 220043
0 2352 6 phononTS 0.00137268 -0.0309009 -0.116862 0.049999 220043 0.00034743 1 0.110538 -0.209011 0.05 220134
0 2356 3 phononTF 0.00159414 -1.73254 3.65367 0.0309691 2740.5 0.00034743 1 -0.019359 -0.238959 0.05 107955
0 2357 4 phononTF 0.00095219 3.4173 1.22411 0.0451683 83703.6 0.00034743 1 -0.0430736 -0.206478 0.05 202712
0 2359 9 phononTF 0.000845719 -1.61614 4.75857 -0.0181393 96060.3 0.00034743 1 -0.0449999 -0.0993946 0.05 344655
0 2361 3 phononTF 0.00157063 -2.35661 4.02393 -0.0422547 3823.37 0.00034743 1 -0.0379472 -0.125646 0.05 59632.4
0 2361 2 phononTS 0.00242937 -2.35661 4.02393 -0.0422547 3823.37 0.00034743 1 0.103602 -0.184085 0.05 9292.16
0 2361 13 phononTS 0.00179163 0.103602 -0.184085 0.049999 9292.16 0.00034743 1 -0.0412019 -0.239399 0.05 9858.03
0 2364 2 phononL 0.00176009 -1.56622 4.94388 -0.00978403 6976.06 0.00034743 1 -0.0815822 -0.147423 0.05 132956
0 2365 3 phononTF 0.00185481 -0.985672 2.98214 0.0362875 10335.4 0.00104229 1 -0.0673715 -0.260572 0.05 203494
0 2369 5 phononTF 0.00145831 -3.58358 -3.12624 0.00731362 58940.6 0.00069486 1 -0.0406789 -0.138201 0.05 150440
0 2370 4 phononTF 0.00122707 2.53754 4.82452 0.00625827 9610.86 0.00069486 1 0.0347872 -0.113693 0.05 170607
0 2371 5 phononTS 0.00127599 0.162814 0.0867793 -0.019793 44336.9 0.00069486 1 0.0568914 -0.293386 0.05 46560.7
0 2372 2 phononTF 0.00180122 -1.77112 3.44352 0.0292518 10792 0.00034743 1 0.104239 -0.168643 0.05 77200.3
0 2373 6 phononL 0.000879345 -0.668398 0.0748116 -0.0200029 69974.2 0.00034743 1 -0.110861 -0.214516 0.05 175527
0 2375 5 phononTF 0.00143501 -3.70782 2.16294 -0.00502966 22854.4 0.00034743 1 -0.0629786 -0.117078 0.05 372059
0 2375 6 phononTS 0.000857091 -0.0629786 -0.117078 0.049999 372059 0.00034743 1 -0.0488989 -0.294496 0.05 372179
0 2377 2 phononTF 0.0017573 -0.928013 4.02795 0.0237698 1959.57 0.00034743 1 -0.0597236 -0.226877 0.05 40755.3
0 2379 2 phononTS 0.00154965 1.53 4.93927 0.0134309 11757.4 0.00034743 1 -0.0342324 -0.123123 0.05 100259
0 2381 3 phononTF 0.00182843 -2.8054 4.07848 -0.0454997 11345.5 0.00069486 1 -0.0152153 -0.209136 0.05 132716
0 2382 2 phononTS 0.00161472 -0.681254 0.682452 0.038173 18185 0.00069486 1 -0.102504 -0.162271 0.05 19884.6
0 2384 7 phononTS 0.000674517 1.52816 0.594154 0.0349261 152666 0.00034743 1 -0.0423538 -0.105447 0.05 558047
0 2386 5 phononTS 0.00219127 4.36935 0.694469 0.0404796 32377.2 0.00034743 1 0.052737 -0.105802 0.05 86592.4
0 2387 2 phononTS 0.00219268 -1.83248 1.23479 0.0468602 2804.81 0.00069486 1 -0.0950326 -0.170644 0.05 34841.3
0 2389 6 phononTF 0.000680209 0.887493 3.01548 -0.0246111 32168 0.00034743 1 -0.0771574 -0.155388 0.05 239702
0 2393 4 phononTS 0.00103498 -4.0907 1.96287 0.0464372 27928.2 0.00034743 1 0.0112153 -0.185343 0.05 65953
0 2396 3 phononL 0.00228295 -2.60997 3.84774 -0.00101464 1967.74 0.00138972 1 -0.0630556 -0.190936 0.05 82388.5
0 2400 3 phononTS 0.00250857 -2.0351 2.64943 -0.0152964 12417.4 0.00034743 1 -0.0258469 -0.191669 0.05 53137.3
0 2403 5 phononTS 0.00127667 -3.86748 -4.11484 -0.0458503 32552.5 0.00034743 1 -0.0173696 -0.19809 0.05 412210
0 2403 6 phononTS 0.000471476 -0.0173696 -0.19809 0.049999 412210 0.00034743 1 0.0342618 -0.275925 0.05 412580
0 2403 2 phononTS 0.00165673 -1.71512 4.36649 0.0142055 3987.48 0.00034743 1 -0.0366258 -0.24685 0.05 592715
0 2403 19 phononL 0.000896595 -0.0366258 -0.24685 0.049999 592715 0.00034743 1 -0.0614109 -0.203035 0.05 592934
0 2404 5 phononTF 0.00156886 0.429295 2.2246 -0.00435014 37092.5 0.00034743 1 0.0860494 -0.129837 0.05 199008
0 2405 7 phononTF 0.00102231 -4.72222 -1.28262 0.0125723 396051 0.00034743 1 -0.0658296 -0.110559 0.05 462289
0 2407 3 phononTF 0.00155832 -1.74515 3.73927 -0.00942952 2.79104 0.00069486 1 0.114244 -0.218466 0.05 615698
0 2409 3 phononTF 0.00179061 0.891716 1.74971 0.0345257 13196.2 0.00034743 1 0.0709409 -0.126976 0.05 98357.7
0 2409 10 phononTS 0.00116843 3.59672 -3.86741 0.024628 118981 0.00034743 1 0.109839 -0.215312 0.05 411304
0 2409 14 phononL 0.000490607 0.109839 -0.215312 0.049999 411304 0.00034743 1 -0.0443813 -0.20892 0.05 825283
0 2410 3 phononTS 0.00126736 -0.230556 4.89695 0.0138382 20184.2 0.00034743 1 -0.0406701 -0.208501 0.05 90028.8
0 2410 12 phononTS 0.00211811 3.83256 -3.18414 -0.0171367 53275.2 0.00069486 1 0.114056 -0.236283 0.05 105507
0 2411 6 phononTS 0.000955965 3.96082 -2.08286 0.00572035 39542.3 0.00069486 1 -0.0633972 -0.288508 0.05 60686.7
0 2412 5 phononTS 0.00157567 0.433603 -0.100621 -0.0460554 14271.1 0.00069486 1 -0.0984704 -0.146981 0.05 105436
0 2416 5 phononL 0.0018123 -4.3392 3.74685 -0.0330247 66388.8 0.00069486 1 -0.0309351 -0.168725 0.05 113784
0 2416 11 phononTS 0.000469103 -0.0309351 -0.168725 0.049999 113784 0.00034743 1 0.0289462 -0.262675 0.05 1.2948e+06
0 2420 2 phononTS 0.00131932 -1.52799 1.19835 0.0489711 15240.9 0.00034743 1 -0.0262605 -0.244971 0.05 228856
0 2421 5 phononTS 0.000727908 1.18067 1.33158 0.0305631 94216.1 0.00034743 1 -0.0153916 -0.218118 0.05 128031
0 2422 3 phononTS 0.00170423 -1.02928 1.87357 -0.0242021 13479.9 0.00069486 1 0.0478989 -0.121842 0.05 17098.6
0 2422 2 phononTS 0.00229577 -1.02928 1.87357 -0.0242021 13479.9 0.00069486 1 -0.101292 -0.191405 0.05 16242.7
0 2422 22 phononTF 0.000363498 -0.101292 -0.191405 0.049999 16242.7 0.00034743 1 0.0611624 -0.23191 0.05 445618
0 2422 21 phononTF 0.000484342 -0.101292 -0.191405 0.049999 16242.7 0.00034743 1 -0.0627692 -0.118449 0.05 16778.1
0 2423 6 phononL 0.000622658 -0.856359 -1.09942 -0.0478738 205500 0.00034743 1 -0.0789594 -0.181831 0.05 264943
0 2428 5 phononTS 0.0015755 -2.49001 -4.12541 0.0181686 8004.75 0.00104229 1 -0.0743077 -0.153604 0.05 114208
0 2430 3 phononTF 0.00192986 -2.64121 1.90553 0.0215383 23982 0.00034743 1 -0.111498 -0.189051 0.05 141351
0 2436 5 phononL 0.00116763 -1.85204 3.03267 -0.0117 37900 0.00069486 1 -0.0357912 -0.23453 0.05 361362
0 2438 2 phononTS 0.00146677 -1.5065 4.09713 -0.0431873 10879.2 0.00034743 1 0.10158 -0.168389 0.05 290892
0 2438 8 phononTS 0.000822998 0.10158 -0.168389 0.049999 290892 0.00034743 1 -0.0423796 -0.185634 0.05 407476
0 2439 3 phononTS 0.00172408 -1.74072 3.59029 0.00052662 1538.18 0.00034743 1 -0.0862776 -0.210501 0.05 159641
0 2439 4 phononTF 0.000371849 -0.0862776 -0.210501 0.049999 159641 0.00034743 1 -0.0758937 -0.239239 0.05 159831
0 2440 3 phononTF 0.00164364 -0.705845 3.75139 -0.0401955 7399.4 0.00034743 1 0.0604072 -0.253957 0.05 264224
0 2440 4 phononTS 0.000698338 0.0604072 -0.253957 0.049999 264224 0.00034743 1 -0.0328294 -0.138503 0.05 264847
0 2445 5 phononTS 0.00216644 -3.53739 1.55621 -0.0385655 55249.4 0.00034743 1 -0.0194071 -0.233745 0.05 212175
0 2449 6 phononTF 0.000813566 0.384537 -4.08912 0.0106732 317553 0.00034743 1 0.112222 -0.159465 0.05 425278
0 2450 7 phononTF 0.00088656 -4.73073 -2.56107 -0.0361077 95708.9 0.00034743 1 -0.0545195 -0.15925 0.05 355891
0 2454 2 phononTS 0.00251209 -1.79944 2.42138 0.00709586 1456.17 0.00034743 1 -0.0460879 -0.18689 0.05 142396
0 2455 9 phononTF 0.00151277 0.979597 1.25979 -0.0168283 62779.7 0.00034743 1 -0.0888761 -0.124632 0.05 120516
0 2455 12 phononTS 0.00041359 -0.0888761 -0.124632 0.049999 120516 0.00034743 1 -0.0954932 -0.161118 0.05 412486
0 2457 5 phononTF 0.00158779 -0.415253 3.45162 0.0251506 33140.3 0.00034743 1 -0.0346172 -0.166378 0.05 264349
0 2460 4 phononL 0.00167206 -4.74395 1.86201 -0.0447797 30991.2 0.00069486 1 0.0935467 -0.130453 0.05 143094
0 2460 9 phononTF 0.000506891 0.0935467 -0.130453 0.049999 143094 0.00034743 1 -0.0508928 -0.248968 0.05 143251
0 2465 5 phononL 0.000808411 -4.28129 -1.05839 -0.00658006 137279 0.00034743 1 -0.0153863 -0.172448 0.05 224504
0 2468 4 phononTS 0.000953838 2.41281 -3.47539 -0.01561 27415.6 0.00034743 1 0.0584874 -0.204952 0.05 290456
0 2470 7 phononTF 0.000864833 1.15568 4.75349 0.00583147 183339 0.00034743 1 0.0662537 -0.273261 0.05 457558
0 2473 3 phononTF 0.00137981 -1.84819 3.94351 -0.0195816 2699.6 0.00034743 1 0.0185089 -0.151074 0.05 296643
0 2474 2 phononTF 0.00128424 -0.504963 4.83326 0.0378176 10116.7 0.00069486 1 0.103278 -0.183687 0.05 12486.1
0 2478 2 phononTS 0.00121754 -4.09751 4.54156 -0.0331749 10458.4 0.00034743 1 -0.072071 -0.152661 0.05 201119
0 2482 5 phononL 0.00126863 -3.50365 4.37269 -0.0180033 19648.1 0.00034743 1 0.0213298 -0.157306 0.05 40300.8
0 2491 7 phononTS 0.00118994 1.28423 -0.000223285 0.0137173 111513 0.00069486 1 0.0292453 -0.184183 0.05 289229
0 2492 5 phononL 0.0012686 -2.74464 3.95799 0.0235439 5077.39 0.00034743 1 -0.0790069 -0.120883 0.05 159724
0 2492 6 phononTS 0.000447585 -0.0790069 -0.120883 0.049999 159724 0.00034743 1 0.0663479 -0.29407 0.05 160846
0 2492 4 phononTF 0.00145524 -2.74464 3.95799 0.0235439 5077.39 0.00069486 1 -0.0648472 -0.261012 0.05 9280.27
0 2492 17 phononTF 0.000615079 -0.0648472 -0.261012 0.049998 9280.27 0.00034743 1 -0.0842074 -0.174149 0.05 41081.1
0 2496 4 phononTF 0.00168694 4.23192 4.62365 0.0441854 81186.3 0.00069486 1 -0.0869439 -0.203127 0.05 179478
0 2498 5 phononL 0.000520617 2.21267 3.42482 -0.0427488 58526.8 0.00034743 1 -0.0129011 -0.17869 0.05 90149.1
0 2499 4 phononTF 0.00146118 -1.33122 4.76365 -0.0403005 5855.34 0.00034743 1 0.068416 -0.280429 0.05 240457
0 2501 3 phononL 0.00234445 0.457533 4.97694 -0.042618 6492.81 0.00034743 1 -0.0651179 -0.118254 0.05 82373.7
0 2501 6 phononL 0.00155181 -0.0651179 -0.118254 0.049999 82373.7 0.00034743 1 -0.0732572 -0.224183 0.05 82739.3
0 2504 2 phononTS 0.00176691 -1.64992 4.12306 -0.042056 3314.55 0.00034743 1 0.058681 -0.224506 0.05 86438.7
0 2504 4 phononTS 0.00129632 0.058681 -0.224506 0.049999 86438.7 0.00034743 1 -0.0354831 -0.113606 0.05 454226
0 2504 10 phononTF 0.000425597 -0.0354831 -0.113606 0.049999 454226 0.00034743 1 0.0334803 -0.112893 0.05 454354
0 2505 2 phononTS 0.00258209 -2.30737 1.81167 -0.0156652 4984.42 0.00034743 1 -0.06392 -0.190595 0.05 81784.9
0 2507 2 phononTS 0.00182593 -1.94395 3.69246 -0.00985201 50.0804 0.00034743 1 -0.0811259 -0.186492 0.05 35998.8
0 2510 2 phononTF 0.00200561 -1.86046 3.45268 -0.0293307 490.467 0.00034743 1 0.0170498 -0.201278 0.05 15806.4
0 2512 3 phononTF 0.00128384 -1.7203 3.61596 0.0185311 166.652 0.00034743 1 0.0846335 -0.264972 0.05 118598
0 2517 4 phononTF 0.00139638 -4.80333 4.25896 0.0359302 29615.6 0.00069486 1 -0.078125 -0.139052 0.05 312365
0 2519 4 phononL 0.000770329 -3.15251 4.06513 0.042952 22187 0.00034743 1 -0.0257882 -0.137948 0.05 161014
0 2521 5 phononTF 0.000897722 -0.495883 3.7775 0.0361852 26144.8 0.00034743 1 -0.0766797 -0.148503 0.05 38014.7
0 2522 3 phononTS 0.00139168 -1.29643 3.72946 0.0103625 359.159 0.00034743 1 -0.111955 -0.24143 0.05 77050.6
0 2523 5 phononL 0.00136422 -1.32917 1.19772 0.0376522 19093.8 0.00069486 1 -0.0399796 -0.26142 0.05 171215
0 2525 5 phononTS 0.00150278 1.65065 -3.55064 0.0377848 104219 0.00034743 1 -0.112045 -0.17752 0.05 197524
0 2530 3 phononTS 0.00254884 -0.875388 0.865621 0.00489738 19934.7 0.00034743 1 -0.0542654 -0.171238 0.05 165280
0 2530 11 phononTS 0.000458657 -4.68183 -4.16158 0.0308625 107905 0.00034743 1 0.0307863 -0.264772 0.05 222866
0 2532 2 phononTS 0.00138017 -1.81946 4.02493 -0.0461908 1358.56 0.00034743 1 -0.0526009 -0.225381 0.05 18081.9
0 2533 6 phononL 0.000716575 -4.27419 -0.735561 0.0283718 105329 0.00034743 1 -0.086109 -0.278547 0.05 201134
0 2533 2 phononTF 0.00136363 -0.635344 3.43864 0.0111245 6777.47 0.00034743 1 0.0774933 -0.2474 0.05 502644
0 2536 3 phononTF 0.00167854 -3.34405 4.4866 0.0498327 2657.93 0.00034743 1 -0.0576845 -0.128254 0.05 117744
0 2536 10 phononTF 0.00143288 -4.22582 4.64023 -0.0495115 79205.9 0.00034743 1 -0.0328506 -0.296078 0.05 284182
0 2544 2 phononTS 0.00171194 -2.36041 3.78258 0.0116587 6427.79 0.00034743 1 -0.082446 -0.248734 0.05 37883.8
0 2549 2 phononTF 0.0019189 -1.60579 4.93275 0.0104994 4701.27 0.00034743 1 -0.0385829 -0.15952 0.05 15298.1
0 2551 2 phononTF 0.00164289 -1.97319 3.10828 -0.0403154 3258.99 0.00069486 1 -0.0703102 -0.218962 0.05 24367.8
0 2553 4 phononTF 0.00147038 2.11066 4.76694 -0.0337044 37695.7 0.00034743 1 0.0174729 -0.195554 0.05 299325
0 2553 6 phononTF 0.000785788 0.0174729 -0.195554 0.049999 299325 0.00034743 1 -0.0569058 -0.151458 0.05 299395
0 2554 4 phononTS 0.00157977 -0.77934 4.39965 -9.22168e-05 13907.5 0.00034743 1 -0.0855668 -0.171004 0.05 81709.3
0 2554 6 phononTS 0.000554216 -0.0855668 -0.171004 0.049999 81709.3 0.00034743 1 -0.0569883 -0.144798 0.05 81990.5
0 2555 5 phononTF 0.00112602 -2.22935 2.10031 -0.010218 9773.45 0.00069486 1 -0.0911221 -0.165493 0.05 195010
0 2555 4 phononTF 0.00171226 -2.22935 2.10031 -0.010218 9773.45 0.00034743 1 0.0406673 -0.293648 0.05 214284
0 2556 5 phononTF 0.00171191 -3.76319 0.765461 -0.00846585 29608.9 0.00069486 1 -0.0509321 -0.144923 0.05 286892
0 2562 6 phononTF 0.00036326 -4.08844 4.16232 -0.0180446 64986.2 0.00034743 1 0.0747015 -0.277084 0.05 153459
0 2563 4 phononL 0.00130404 2.50367 1.49859 0.0215698 99668.3 0.00034743 1 -0.0499963 -0.159605 0.05 211416
0 2563 6 phononTF 0.000584287 -0.0499963 -0.159605 0.049999 211416 0.00034743 1 0.0324158 -0.223853 0.05 285694
0 2564 3 phononTS 0.00202057 0.041061 2.84669 -0.0150463 10961.2 0.00069486 1 0.0231692 -0.241033 0.05 46874.9
0 2564 4 phononTS 0.000474135 0.0231692 -0.241033 0.049999 46874.9 0.00034743 1 0.0341334 -0.205739 0.05 46980.3
0 2564 2 phononTF 0.00197943 0.041061 2.84669 -0.0150463 10961.2 0.00069486 1 0.0662969 -0.284344 0.05 111893
0 2566 2 phononTF 0.00162108 -1.28701 4.01794 -0.0121286 13190.1 0.00034743 1 0.0801425 -0.127395 0.05 98018.7
0 2568 2 phononTF 0.00114455 -1.89041 4.85699 0.0111012 3689.15 0.00034743 1 0.0551292 -0.271547 0.05 17540
0 2570 4 phononTS 0.00165757 -3.71792 3.78487 0.00186274 23415.6 0.00034743 1 0.0945611 -0.135105 0.05 79552.2
0 2574 3 phononL 0.00157093 -0.513304 4.32879 -0.0374353 8654.64 0.00034743 1 0.0692374 -0.211617 0.05 58242.4
0 2574 6 phononTS 0.000816227 0.0692374 -0.211617 0.049999 58242.4 0.00034743 1 0.0655211 -0.204494 0.05 58532
0 2577 5 phononTF 0.00172428 2.34076 1.18984 0.0191161 26688.9 0.00034743 1 0.0419496 -0.205387 0.05 97451.6
0 2577 2 phononTS 0.0016894 0.063943 3.17192 -0.0195491 11670.1 0.00069486 1 -0.0196592 -0.203809 0.05 190942
0 2579 5 phononTF 0.0012008 -1.44852 2.80116 -0.0106054 116048 0.00034743 1 -0.034101 -0.267053 0.05 428032
0 2579 6 phononTF 0.000405074 -0.034101 -0.267053 0.049999 428032 0.00034743 1 -0.117949 -0.207319 0.05 430180
0 2583 5 phononTF 0.0016402 -1.60237 3.38475 0.0494385 13462.2 0.00034743 1 0.0464812 -0.302213 0.05 22952.9
0 2584 4 phononTS 0.00110362 0.475757 1.28011 0.000243434 100588 0.00069486 1 0.113578 -0.213847 0.05 178282
0 2584 15 phononTF 0.000473254 -0.695242 4.76234 0.0285326 206362 0.00034743 1 -0.0558387 -0.109722 0.05 238969
0 2584 14 phononTF 0.0011184 -0.695242 4.76234 0.0285326 206362 0.00034743 1 0.106954 -0.224836 0.05 342065
0 2584 21 phononTS 0.000647313 0.106954 -0.224836 0.049999 342065 0.00034743 1 0.117004 -0.185623 0.05 342126
0 2587 7 phononL 0.00133191 2.69262 1.3532 -0.00409762 49585.3 0.00034743 1 0.0819402 -0.192689 0.05 219727
0 2589 3 phononL 0.0021026 -2.88016 3.80557 -0.0331074 3475.17 0.00069486 1 -0.062135 -0.189731 0.05 8017.47
0 2589 10 phononTS 0.000563453 -0.062135 -0.189731 0.049998 8017.47 0.00034743 1 -0.0334822 -0.141721 0.05 8081.85
0 2593 3 phononTS 0.00195667 -2.42339 4.85827 0.026398 1761.13 0.00069486 1 0.0955144 -0.154897 0.05 303071
0 2593 14 phononL 0.00128733 -0.57606 -2.85974 0.0217478 84571.5 0.00069486 1 -0.11785 -0.217112 0.05 109944
0 2598 3 phononTF 0.00182454 -2.785 2.55644 -0.031595 2342.72 0.00104229 1 0.0753095 -0.246203 0.05 64722.4
0 2598 19 phononTF 0.000353287 4.77738 0.970853 -0.0269212 193845 0.00034743 1 0.0857513 -0.247139 0.05 395620
0 2601 5 phononTF 0.00125842 4.44267 4.82107 0.0266566 252038 0.00069486 1 0.0864277 -0.275992 0.05 449689
0 2601 4 phononL 0.00105733 4.44267 4.82107 0.0266566 252038 0.00034743 1 -0.0499266 -0.171004 0.05 613081
0 2602 5 phononTS 0.0015197 -3.19502 3.88587 0.0220341 14179.8 0.00069486 1 -0.0531476 -0.240015 0.05 122132
0 2604 3 phononL 0.00167882 -2.08399 2.49563 -0.0235359 10989.5 0.00069486 1 -0.0334381 -0.216593 0.05 40739.8
0 2604 2 phononTF 0.00232118 -2.08399 2.49563 -0.0235359 10989.5 0.00069486 1 -0.105136 -0.242603 0.05 156617
0 2604 13 phononTS 0.000616471 -0.105136 -0.242603 0.049999 156617 0.00034743 1 -0.106521 -0.200848 0.05 156825
0 2607 2 phononTF 0.00160318 -0.789822 3.41377 0.0469108 26241.7 0.00034743 1 0.0485022 -0.233633 0.05 167247
0 2611 9 phononL 0.000586721 0.117227 4.40471 0.040045 238803 0.00034743 1 -0.0522403 -0.178642 0.05 414070
0 2617 2 phononTF 0.00167911 -2.17176 3.89429 -0.038888 2253.37 0.00034743 1 0.0768861 -0.19111 0.05 48648.2
0 2618 4 phononL 0.000564921 4.54253 -3.51618 -0.042572 161045 0.00034743 1 -0.0734088 -0.143471 0.05 331400
0 2618 2 phononTF 0.00215966 0.104115 3.79878 0.0042322 8088.06 0.00069486 1 0.0231359 -0.186204 0.05 93694.9
0 2621 4 phononTS 0.00138565 -4.87126 -4.99459 -0.00835281 50726.9 0.00069486 1 0.0325658 -0.174672 0.05 217832
0 2622 7 phononL 0.00101876 4.66553 -4.45663 -0.00806741 45001.1 0.00034743 1 -0.054086 -0.201751 0.05 119200
0 2624 4 phononTF 0.000537876 0.496804 4.61401 -0.0435533 144674 0.00034743 1 -0.0210284 -0.143576 0.05 267930
0 2625 2 phononTS 0.00158793 -2.58449 3.54254 -0.0059364 3226.08 0.00069486 1 0.0374347 -0.135298 0.05 276413
0 2628 6 phononTS 0.00117924 -1.88198 0.109093 0.0439465 135249 0.00034743 1 0.0348779 -0.164896 0.05 410649
0 2630 4 phononTS 0.0018103 -4.45615 -3.84923 -0.0264226 69311.7 0.00034743 1 -0.0715563 -0.175669 0.05 344720
0 2637 2 phononTS 0.00164559 -1.91875 4.17661 -0.0298051 7365.68 0.00069486 1 -0.105862 -0.166753 0.05 266744
0 2642 5 phononTS 0.00236669 -4.66461 -3.78304 0.0177239 124147 0.00034743 1 -0.0440966 -0.132429 0.05 271119
0 2642 2 phononL 0.00120086 -2.7169 4.02098 0.0226688 5856.98 0.00034743 1 -0.0808456 -0.268716 0.05 660294
0 2643 3 phononTF 0.00136168 -4.51601 4.89081 -0.0135301 33157.4 0.00069486 1 0.0672875 -0.186496 0.05 72539.1
0 2650 3 phononTS 0.00194889 -1.51049 3.05893 0.00116075 1952.99 0.00034743 1 0.0369817 -0.0972893 0.05 35657.2
0 2650 9 phononL 0.00107573 0.875613 -0.337537 0.0127007 12754.4 0.00034743 1 -0.112679 -0.17374 0.05 222567
0 2650 11 phononL 0.000531965 -0.112679 -0.17374 0.049999 222567 0.00034743 1 0.0703368 -0.133035 0.05 223389
0 2666 7 phononTS 0.000635392 2.13836 -0.463002 0.00740135 83281.9 0.00034743 1 0.0812358 -0.28232 0.05 191566
0 2667 4 phononTS 0.0010253 -3.25371 4.47514 0.043384 40842.8 0.00034743 1 0.0740823 -0.254609 0.05 111566
0 2668 4 phononTS 0.000838606 -2.13575 0.876409 0.01575 29289.5 0.00034743 1 0.0313993 -0.10564 0.05 60310.6
0 2675 3 phononTS 0.00219508 0.317095 3.45387 0.0194001 14009.6 0.00034743 1 -0.0812379 -0.209328 0.05 336592
0 2676 4 phononTS 0.000530337 -0.204844 4.59174 0.0051483 4652.04 0.00034743 1 0.0686949 -0.172394 0.05 34166.3
0 2678 3 phononTS 0.00241548 -1.45436 3.98742 0.0478124 1621.14 0.00034743 1 0.0467155 -0.104419 0.05 162704
0 2678 13 phononL 0.000989683 -2.5309 0.511945 0.0221576 49480.6 0.00034743 1 -0.0601431 -0.202681 0.05 305559
0 2685 3 phononTS 0.00109481 -2.98359 3.24409 0.0272254 13279.8 0.00034743 1 0.0687945 -0.267619 0.05 105371
0 2691 5 phononTF 0.000988199 -1.32849 4.92098 -0.00385088 137991 0.00034743 1 0.0315496 -0.273462 0.05 148829
0 2692 5 phononTF 0.000568689 -4.10366 -1.5736 0.00252727 86933.7 0.00034743 1 0.0547037 -0.295984 0.05 207360
0 2695 5 phononTS 0.000812549 0.552557 0.389548 0.0273822 143356 0.00034743 1 0.11928 -0.202663 0.05 190393
0 2698 5 phononTS 0.00181236 -2.60079 2.79706 0.0128547 35295.6 0.00104229 1 0.046086 -0.294525 0.05 208792
0 2698 4 phononTF 0.00147943 -2.60079 2.79706 0.0128547 35295.6 0.00034743 1 0.0607409 -0.123417 0.05 45853
0 2698 20 phononTS 0.00112565 0.0607409 -0.123417 0.049998 45853 0.00034743 1 -0.0706245 -0.290141 0.05 46049.5
0 2702 5 phononTF 0.00115153 3.02662 -3.19579 -0.020159 107351 0.00034743 1 -0.0873035 -0.199282 0.05 206188
0 2704 4 phononTS 0.0018983 -2.5439 4.38958 0.00849335 7347.41 0.00034743 1 -0.049692 -0.117892 0.05 84279
0 2707 3 phononTF 0.0019379 -2.84655 2.69235 -0.0384182 6505.92 0.00104229 1 -0.0117131 -0.191554 0.05 23430.5
0 2714 5 phononTF 0.000837088 -0.89772 -4.10053 0.0491101 62106.7 0.00034743 1 0.0411587 -0.286162 0.05 121697
0 2715 2 phononTF 0.00202182 -1.73543 3.77258 -0.0225825 2751.74 0.00069486 1 0.101022 -0.17518 0.05 125547
0 2716 5 phononTS 0.000801064 -1.00646 -1.63757 -0.0355196 35198.5 0.00034743 1 -0.0775791 -0.277662 0.05 157948
0 2717 4 phononL 0.00128858 -2.56812 -2.31462 -0.0364432 187259 0.00069486 1 -0.118469 -0.211397 0.05 270237
0 2717 10 phononTS 0.000422112 -0.118469 -0.211397 0.049999 270237 0.00034743 1 0.0476073 -0.255046 0.05 440367
0 2725 5 phononTS 0.000749793 -4.61291 -1.1786 -0.0230529 85551.9 0.00034743 1 0.0468328 -0.130158 0.05 648246
0 2727 5 phononTF 0.0012922 -2.50538 1.3277 0.0484263 28330.8 0.00034743 1 -0.0422813 -0.239389 0.05 111412
0 2730 2 phononTF 0.00122184 -3.72331 4.23233 -0.0332768 10417.3 0.00104229 1 -0.113598 -0.177286 0.05 109562
0 2732 5 phononTS 0.00100652 2.868 -1.16567 -0.0176067 185925 0.00034743 1 0.114076 -0.211336 0.05 430110
0 2732 6 phononL 0.000561389 0.114076 -0.211336 0.049999 430110 0.00034743 1 0.0557646 -0.245805 0.05 487759
0 2739 5 phononL 0.00157796 -4.57105 0.900283 -0.0379149 39337.4 0.00034743 1 -0.0868525 -0.198299 0.05 72654.6
0 2743 4 phononTS 0.00110732 0.657629 -4.04208 0.018989 54455.9 0.00034743 1 -0.107465 -0.237562 0.05 291859
0 2746 5 phononL 0.000876685 -0.620906 -0.282316 -0.00727159 498318 0.00034743 1 0.0909111 -0.261483 0.05 503235
0 2747 3 phononTS 0.00205766 -1.79774 2.74693 -0.0104604 7851.78 0.00034743 1 0.0675917 -0.121168 0.05 10650.9
0 2747 6 phononL 0.00105335 0.0675917 -0.121168 0.049999 10650.9 0.00034743 1 -0.0495282 -0.253088 0.05 123062
0 2747 9 phononTF 0.000452321 -0.0495282 -0.253088 0.049999 123062 0.00034743 1 -0.0629054 -0.262215 0.05 123358
0 2748 7 phononL 0.000851546 0.344199 -2.94866 -0.0396008 99152.8 0.00034743 1 0.0164691 -0.216607 0.05 261545
0 2748 6 phononTS 0.00101148 0.344199 -2.94866 -0.0396008 99152.8 0.00069486 1 -0.119781 -0.191382 0.05 170195
0 2751 2 phononL 0.0011225 -0.407235 4.62935 -0.0337434 11030.9 0.00034743 1 0.0620618 -0.207406 0.05 316946
0 2754 3 phononTS 0.000803668 -2.19386 4.37219 -0.0340697 11804.7 0.00034743 1 0.0663913 -0.226864 0.05 171532
0 2759 5 phononTS 0.00170295 -1.1025 -3.58207 0.0299892 79516.2 0.00034743 1 -0.104282 -0.14951 0.05 138000
0 2759 8 phononTS 0.00114402 -0.104282 -0.14951 0.049999 138000 0.00034743 1 -0.0862659 -0.244513 0.05 212906
0 2759 12 phononTS 0.000442738 -0.0862659 -0.244513 0.049999 212906 0.00034743 1 0.10459 -0.143402 0.05 213059
0 2759 24 phononTS 0.00105786 -2.78834 -4.92117 -0.0373367 122914 0.00034743 1 -0.0998283 -0.19098 0.05 148607
0 2760 4 phononTS 0.00101084 0.692402 0.175825 0.00521917 25662.2 0.00034743 1 -0.109992 -0.178709 0.05 175020
0 2760 6 phononTF 0.000405007 -0.109992 -0.178709 0.049999 175020 0.00034743 1 -0.0252115 -0.265425 0.05 203809
0 2761 2 phononL 0.00124212 -1.85013 3.67303 0.0260627 498.04 0.00034743 1 0.0932196 -0.153593 0.05 194819
0 2762 4 phononTS 0.00102515 -3.25874 -2.39418 0.0430566 22595.5 0.00034743 1 0.0354815 -0.132796 0.05 668081
0 2764 3 phononL 0.000940692 -1.63537 4.12314 0.0137046 3806.39 0.00034743 1 0.0101752 -0.209746 0.05 193469
0 2764 10 phononTS 0.00175341 3.26543 -1.98872 -0.0353212 40897.6 0.00069486 1 0.0145825 -0.199646 0.05 55262.1
0 2764 11 phononTS 0.000480907 0.0145825 -0.199646 0.049999 55262.1 0.00034743 1 0.0420838 -0.207952 0.05 55325.9
0 2765 3 phononTS 0.00192666 -1.72863 3.75779 0.0395011 8533.55 0.00034743 1 -0.0595049 -0.1501 0.05 179006
0 2767 3 phononL 0.00205125 -1.84453 2.39941 -0.0261157 8732.55 0.00034743 1 -0.0614826 -0.244534 0.05 76649.7
0 2767 6 phononTS 0.000707504 -0.0614826 -0.244534 0.049999 76649.7 0.00034743 1 -0.0497808 -0.240441 0.05 76709.9
0 2767 4 phononTF 0.000737289 -0.0614826 -0.244534 0.049999 76649.7 0.00034743 1 -0.0775629 -0.183383 0.05 76728.3
0 2767 2 phononL 0.00194875 -1.84453 2.39941 -0.0261157 8732.55 0.00069486 1 -0.10571 -0.217176 0.05 71212.5
0 2768 4 phononTF 0.00121744 0.0114271 0.251453 0.0354529 29584.7 0.00034743 1 -0.100954 -0.14143 0.05 103424
0 2769 4 phononL 0.000971598 4.68603 -4.21913 -0.0404284 103186 0.00034743 1 0.0398808 -0.264206 0.05 332587
0 2774 7 phononTF 0.000807804 4.61574 0.211356 -0.00683055 109431 0.00069486 1 -0.0653917 -0.192394 0.05 275860
0 2774 2 phononTS 0.000898807 -2.03457 3.01379 -0.0347669 3377.18 0.00034743 1 0.0467783 -0.102366 0.05 298904
0 2777 5 phononTS 0.00122114 -0.412277 4.68624 -0.0257975 114925 0.00069486 1 -0.102997 -0.213345 0.05 229800
0 2777 4 phononL 0.0011306 -0.412277 4.68624 -0.0257975 114925 0.00034743 1 0.0421856 -0.231015 0.05 334744
0 2778 2 phononTS 0.000663467 -1.87538 3.65169 0.00965142 431.731 0.00034743 1 -0.0181159 -0.210476 0.05 212620
0 2780 4 phononTS 0.00134269 -1.1668 3.58443 0.00854787 27583.2 0.00034743 1 -0.0394942 -0.234243 0.05 205797
0 2781 4 phononL 0.00118214 -2.41205 -0.920949 -0.0295296 164299 0.00034743 1 -0.100048 -0.23152 0.05 257090
0 2782 5 phononL 0.000862518 -4.50045 1.73314 -0.0491658 25180.2 0.00034743 1 -0.0839341 -0.1983 0.05 40296.5
0 2783 5 phononL 0.00137471 -2.42782 4.2535 -0.0457544 16718.8 0.00069486 1 -0.105021 -0.171094 0.05 245255
0 2783 4 phononTS 0.00183389 -2.42782 4.2535 -0.0457544 16718.8 0.00034743 1 -0.045843 -0.128425 0.05 189896
0 2783 21 phononTS 0.000707361 -0.045843 -0.128425 0.049999 189896 0.00034743 1 -0.0643428 -0.159773 0.05 189961
0 2783 2 phononTS 0.000791401 -2.25819 3.72937 -0.0161486 4248.14 0.00034743 1 0.030878 -0.141921 0.05 329196
0 2783 30 phononTS 0.000371959 0.030878 -0.141921 0.049999 329196 0.00034743 1 -0.0190942 -0.169035 0.05 329266
0 2785 3 phononTS 0.00248117 -2.18391 3.65507 -0.0309054 2306.38 0.00104229 1 0.0226383 -0.140314 0.05 36981.2
0 2785 6 phononTF 0.00037627 0.0226383 -0.140314 0.049999 36981.2 0.00034743 1 -0.110364 -0.185832 0.05 724225
0 2790 2 phononTF 0.0014392 -1.92603 3.87277 -0.00746547 206.824 0.00034743 1 -0.107016 -0.228765 0.05 59113
0 2791 6 phononTS 0.00117555 2.50039 0.517654 0.0131072 15203.9 0.00034743 1 0.0955462 -0.141318 0.05 329283
0 2794 3 phononTF 0.00134032 0.018247 3.03425 -0.0419514 14909.5 0.00034743 1 0.101363 -0.145538 0.05 263363
0 2794 5 phononTF 0.000526793 0.101363 -0.145538 0.049999 263363 0.00034743 1 0.0981318 -0.251396 0.05 290846
0 2794 18 phononTF 0.00112894 0.302322 4.47229 -0.0360276 130183 0.00034743 1 0.0525207 -0.176583 0.05 532995
0 2797 5 phononTF 0.00136095 0.764966 3.97237 0.0299588 106712 0.00069486 1 -0.0970777 -0.261625 0.05 117646
0 2803 2 phononTF 0.00195494 -1.81468 4.33946 0.038141 1883.11 0.00034743 1 0.0885468 -0.262543 0.05 209828
0 2803 4 phononTS 0.0012295 0.0885468 -0.262543 0.049999 209828 0.00069486 1 -0.0248702 -0.186168 0.05 210574
0 2803 10 phononTF 0.000411704 -0.0248702 -0.186168 0.049999 210574 0.00034743 1 -0.115332 -0.213528 0.05 210693
0 2804 2 phononL 0.0018623 -2.57892 1.43593 0.0229541 6792.81 0.00034743 1 0.0500459 -0.161116 0.05 21984.7
0 2805 7 phononL 0.000961893 -3.03935 4.08907 0.0223277 116589 0.00034743 1 0.0710115 -0.24402 0.05 154004
0 2808 6 phononTS 0.00110414 4.07398 2.97398 0.00501628 97605.8 0.00034743 1 0.0799428 -0.217888 0.05 160764
0 2808 8 phononTF 0.000641953 0.0799428 -0.217888 0.049999 160764 0.00034743 1 0.0404017 -0.24544 0.05 237091
0 2813 5 phononL 0.00137308 -3.35542 1.41012 0.0196554 37217.2 0.00069486 1 0.084916 -0.202181 0.05 274498
0 2815 2 phononTF 0.000616854 -4.00586 0.68951 0.00599321 8339.68 0.00034743 1 0.0726778 -0.125048 0.05 165509
0 2816 5 phononTS 0.00161744 -3.38322 -3.59826 0.0180249 28632.1 0.00069486 1 -0.0654324 -0.195057 0.05 265512
0 2819 3 phononTF 0.00116433 -1.81106 3.54525 -0.047354 6496.33 0.00034743 1 -0.0478506 -0.251744 0.05 122953
0 2819 10 phononL 0.00119086 -2.20275 3.57797 0.0167733 9488.81 0.00034743 1 0.0773979 -0.167749 0.05 74796.5
0 2820 2 phononL 0.00117617 -1.61672 3.27157 0.00210717 13033.8 0.00034743 1 0.0360757 -0.194156 0.05 518809
0 2820 5 phononTS 0.000620719 0.0360757 -0.194156 0.049999 518809 0.00034743 1 0.0321569 -0.216596 0.05 518913
0 2826 6 phononTS 0.00112098 -2.69978 4.8895 -0.0216772 9092.41 0.00034743 1 0.0632911 -0.212138 0.05 313156
0 2826 9 phononTS 0.000448606 0.0632911 -0.212138 0.049999 313156 0.00034743 1 0.0771244 -0.162564 0.05 391556
0 2827 3 phononTF 0.00155053 -2.62735 4.07848 -0.0393208 13013.2 0.00069486 1 0.0291169 -0.117164 0.05 34282.1
0 2831 2 phononTS 0.00154858 -0.950348 2.85793 -0.0346056 9420.65 0.00069486 1 -0.107179 -0.198555 0.05 279618
0 2832 5 phononTS 0.0017338 -3.99124 1.01968 0.0133255 15375.5 0.00069486 1 0.0231205 -0.147874 0.05 176463
0 2836 5 phononL 0.00106391 -0.953982 2.05359 0.03126 6822.51 0.00034743 1 -0.0649035 -0.108545 0.05 123547
0 2836 6 phononL 0.000584886 -0.0649035 -0.108545 0.049999 123547 0.00034743 1 -0.0857221 -0.18401 0.05 432652
0 2840 3 phononTS 0.0016248 -1.90372 3.59499 -0.0339265 41.2102 0.00034743 1 -0.0296023 -0.181906 0.05 170787
0 2841 6 phononTS 0.00120464 4.5396 0.223727 -0.0109003 169374 0.00034743 1 0.103315 -0.254367 0.05 399852
0 2847 4 phononTS 0.00115947 -1.73815 -0.159091 0.0262432 7978 0.00034743 1 -0.100294 -0.195049 0.05 277299
0 2847 8 phononTF 0.000656592 -0.100294 -0.195049 0.049999 277299 0.00034743 1 -0.0559461 -0.151194 0.05 372778
0 2849 3 phononTF 0.00232243 -1.69377 3.61481 0.0113231 283.358 0.00034743 1 0.0391451 -0.25191 0.05 77169.8
0 2853 3 phononTS 0.00248509 0.392358 2.44524 0.0311563 14696.6 0.00069486 1 -0.0685834 -0.156297 0.05 142495
0 2853 8 phononTF 0.000641968 -0.0685834 -0.156297 0.049999 142495 0.00034743 1 -0.0663728 -0.222827 0.05 142565
0 2857 5 phononL 0.00128915 -2.31851 2.94252 -0.0139 20467.6 0.00034743 1 0.0368009 -0.231596 0.05 218694
0 2867 2 phononTS 0.00191284 -1.5411 3.06396 -0.0396996 646.374 0.00069486 1 -0.119111 -0.219309 0.05 232654
0 2868 2 phononTS 0.00189475 -2.00112 4.53032 0.0126599 2500.37 0.00069486 1 0.034995 -0.300959 0.05 15426.9
0 2868 10 phononL 0.000507487 0.034995 -0.300959 0.049999 15426.9 0.00034743 1 -0.0455368 -0.172524 0.05 15830.8
0 2873 6 phononL 0.0012235 -0.579743 0.81045 0.00173475 9029.65 0.00069486 1 -0.03889 -0.14746 0.05 15950.7
0 2878 2 phononTS 0.0020185 -1.93363 3.79396 0.0496409 38.8989 0.00069486 1 0.110079 -0.241827 0.05 180127
0 2879 6 phononTS 0.000913796 3.23446 3.335 -0.0444573 98586.8 0.00069486 1 -0.0579225 -0.258974 0.05 157249
0 2880 4 phononTS 0.00122701 3.88722 1.85028 0.00210655 43374.3 0.00034743 1 -0.0440386 -0.119444 0.05 361845
0 2882 5 phononTF 0.00127551 -0.627113 2.10319 -0.0393894 35908.8 0.00034743 1 -0.0833377 -0.206111 0.05 281458
0 2882 6 phononL 0.000626946 -0.0833377 -0.206111 0.049999 281458 0.00034743 1 -0.041524 -0.181574 0.05 508371
0 2886 4 phononL 0.000897374 0.159895 -3.54946 0.00110538 137138 0.00034743 1 0.0211275 -0.220495 0.05 399052
0 2887 7 phononTS 0.00142423 -1.32373 -1.26077 0.023978 207292 0.00034743 1 0.05842 -0.245015 0.05 208931
0 2892 2 phononL 0.00189389 -2.23764 4.53966 -0.0289889 5204.72 0.00034743 1 0.0816651 -0.274767 0.05 108118
0 2893 2 phononTF 0.00136815 -1.22946 2.88678 -0.0381506 4697.05 0.00034743 1 -0.0498451 -0.176532 0.05 71955.7
0 2895 2 phononTS 0.00122578 -0.766971 4.81997 -0.0273524 10886.8 0.00034743 1 -0.0255483 -0.286398 0.05 26598.1
0 2895 6 phononTS 0.000673428 -0.0255483 -0.286398 0.049999 26598.1 0.00034743 1 -0.0896193 -0.208273 0.05 26671.7
0 2896 5 phononTF 0.000907718 -1.18703 4.73883 -0.0340138 9722.29 0.00069486 1 0.0448352 -0.149609 0.05 49103.6
0 2903 4 phononTF 0.00153899 -1.99002 4.96178 -0.0230796 2564.39 0.00034743 1 -0.0895934 -0.237294 0.05 72012.7
0 2904 2 phononL 0.00126121 -0.691472 2.54781 -0.00446093 31400.8 0.00069486 1 0.0760345 -0.179491 0.05 123938
0 2906 2 phononTF 0.00192524 -1.69842 4.72631 0.0285537 5105.25 0.00034743 1 0.0402405 -0.232765 0.05 85071.7
0 2906 5 phononTS 0.000482247 0.0402405 -0.232765 0.049999 85071.7 0.00034743 1 0.0766867 -0.145481 0.05 247790
0 2910 5 phononTS 0.000937069 3.2165 -1.38295 -0.0329493 65943.9 0.00034743 1 0.0410077 -0.10729 0.05 277182
0 2914 5 phononTS 0.000565516 -2.89518 3.82299 0.0392515 15315 0.00034743 1 0.0763111 -0.193835 0.05 68245.7
0 2917 4 phononL 0.00190522 -0.654435 2.1224 0.0493923 7209.88 0.00034743 1 0.0341572 -0.251345 0.05 27419.5
0 2919 5 phononTS 0.00191336 1.69388 4.31701 0.0189256 26079.9 0.00069486 1 0.0678217 -0.208661 0.05 96720.1
0 2920 3 phononTF 0.00206962 -2.05068 3.17652 -0.0433395 2046.76 0.00069486 1 -0.0534546 -0.160138 0.05 132246
0 2922 7 phononL 0.00226183 4.22545 -3.64609 -0.00279755 35218.7 0.00069486 1 0.0645544 -0.24279 0.05 100335
0 2924 4 phononTF 0.00105243 2.67381 3.77403 -0.00578831 136351 0.00034743 1 -0.037166 -0.171183 0.05 222396
0 2927 3 phononTS 0.00211535 -1.69646 3.79156 -0.00789234 12.8477 0.00034743 1 0.0783132 -0.175067 0.05 46488.8
0 2927 6 phononL 0.000372927 0.0783132 -0.175067 0.049998 46488.8 0.00034743 1 -0.0643347 -0.128901 0.05 58430.2
0 2927 5 phononTF 0.000918752 0.0783132 -0.175067 0.049998 46488.8 0.00034743 1 -0.0674841 -0.128784 0.05 143621
0 2927 4 phononTS 0.000419488 0.0783132 -0.175067 0.049998 46488.8 0.00034743 1 -0.03624 -0.206591 0.05 46616
0 2928 5 phononL 0.00123927 -3.4425 -0.554734 0.0220471 153696 0.00034743 1 0.0337317 -0.206924 0.05 613530
0 2940 5 phononTS 0.00142329 -0.799467 3.78946 0.0423689 2676.41 0.00069486 1 -0.0794032 -0.12625 0.05 130730
0 2944 5 phononTS 0.00153548 -3.73911 1.15867 -0.000215776 17217.6 0.00069486 1 0.062528 -0.254858 0.05 263256
0 2944 6 phononTS 0.00053385 0.062528 -0.254858 0.049999 263256 0.00034743 1 0.111786 -0.193219 0.05 263903
0 2952 4 phononTF 0.00142299 -0.539743 2.82591 -0.0195419 54514.2 0.00034743 1 -0.0484867 -0.22271 0.05 119519
0 2952 9 phononTF 0.000935373 -0.0484867 -0.22271 0.049999 119519 0.00034743 1 -0.0523088 -0.18623 0.05 119584
0 2956 2 phononTS 0.00213259 -2.00991 2.68555 -0.0256268 4246.89 0.00104229 1 0.0281675 -0.209944 0.05 182041
0 2958 6 phononTS 0.00129117 2.87046 -1.45562 0.036664 130874 0.00034743 1 0.0754461 -0.199818 0.05 372857
0 2958 9 phononL 0.000520979 0.0754461 -0.199818 0.049999 372857 0.00034743 1 -0.0721735 -0.242236 0.05 463393
0 2959 5 phononTS 0.000661754 -2.42398 0.906858 -0.0378537 221268 0.00034743 1 -0.0554397 -0.163875 0.05 224618
0 2960 3 phononTS 0.00229412 -2.10888 3.73582 -0.0283584 666.868 0.00069486 1 -0.039494 -0.175991 0.05 84250.6
0 2966 5 phononL 0.00125196 2.1649 -2.21492 0.0083724 214422 0.00034743 1 0.068989 -0.145661 0.05 390689
0 2966 8 phononTF 0.000647179 0.068989 -0.145661 0.049999 390689 0.00034743 1 0.101592 -0.250564 0.05 390761
0 2969 3 phononTS 0.001348 -2.51148 4.08814 -0.00573078 4170.78 0.00034743 1 0.104154 -0.228992 0.05 34877.8
0 2969 11 phononTS 0.00161898 -2.5753 0.752991 -0.0211782 28472.8 0.00034743 1 0.0130245 -0.176194 0.05 46010.5
0 2974 2 phononTF 0.00138204 -1.03919 2.09176 0.0269391 25323.2 0.00034743 1 -0.0746521 -0.164304 0.05 155082
0 2977 5 phononTF 0.0012096 4.75627 -4.20998 0.0199368 76782.4 0.00069486 1 0.0579022 -0.251007 0.05 344810
0 2978 4 phononL 0.00172559 2.10456 -1.98214 0.0221442 72148.7 0.00069486 1 -0.0768883 -0.266312 0.05 220105
0 2979 3 phononTS 0.00167995 -3.19529 3.70445 0.0416439 8951.05 0.00034743 1 -0.0409079 -0.296072 0.05 50925.4
0 2981 5 phononTS 0.00153893 -3.49956 1.52523 -0.00794707 34765.1 0.00069486 1 -0.0236943 -0.134662 0.05 166589
0 2982 2 phononTF 0.00194768 -2.80115 2.67982 -0.0376868 5607.13 0.00069486 1 0.023128 -0.188488 0.05 27847.7
0 2983 4 phononTS 0.000950157 1.10372 0.452696 -0.0352893 5601.8 0.00034743 1 0.0206829 -0.213149 0.05 35954.9
0 2983 7 phononTF 0.000412285 0.0206829 -0.213149 0.049999 35954.9 0.00034743 1 -0.0367944 -0.214742 0.05 36029.8
0 2984 2 phononTF 0.00206797 -1.4306 3.52045 0.0171965 642.909 0.00069486 1 -0.0698606 -0.227699 0.05 71264.7
0 2984 10 phononTS 0.000455534 -0.0698606 -0.227699 0.049998 71264.7 0.00034743 1 -0.0766849 -0.147764 0.05 71338.9
0 2988 4 phononTS 0.00133132 0.729273 -1.59117 -0.0486474 26838 0.00069486 1 0.0206019 -0.184752 0.05 198683
0 2988 11 phononTS 0.000367818 0.0206019 -0.184752 0.049999 198683 0.00034743 1 -0.0703843 -0.110926 0.05 199017
0 2990 3 phononL 0.00151438 -2.00326 3.9278 -0.0337813 3705.95 0.00034743 1 0.0350988 -0.292477 0.05 146069
0 2990 11 phononL 0.00150346 1.50247 2.90121 0.00916072 63777.2 0.00104229 1 0.0795173 -0.169711 0.05 76909.6
0 2991 5 phononTF 0.00150046 -0.770602 4.80119 -0.0166797 8786.41 0.00104229 1 -0.0723296 -0.127766 0.05 46151.9
0 2991 6 phononTS 0.000349207 -0.0723296 -0.127766 0.049999 46151.9 0.00034743 1 0.0585435 -0.141414 0.05 51704.2
0 2991 4 phononTS 0.00148137 -0.770602 4.80119 -0.0166797 8786.41 0.00034743 1 0.0764672 -0.285472 0.05 237946
0 2998 3 phononL 0.00246033 -3.20773 3.12525 0.0139899 3880.4 0.00069486 1 0.0625144 -0.229991 0.05 24411.4
0 2998 8 phononTF 0.000409328 0.0625144 -0.229991 0.049999 24411.4 0.00034743 1 0.0576485 -0.205562 0.05 24482.4
0 3002 4 phononTF 0.00147199 -1.45171 3.59418 0.0357877 2404.01 0.00034743 1 0.105413 -0.205417 0.05 60385.5
0 3005 5 phononTF 0.00184639 -3.4478 2.9697 -0.0290933 14109.6 0.00034743 1 -0.081294 -0.273988 0.05 84826
0 3005 7 phononTS 0.0013056 -0.081294 -0.273988 0.049999 84826 0.00069486 1 0.0717167 -0.193474 0.05 85095.4
0 3007 3 phononTF 0.00265828 -2.03418 3.34694 0.0218566 2224.32 0.00104229 1 -0.0462571 -0.231944 0.05 83747.3
0 3010 3 phononTF 0.00289094 -1.81074 3.70122 -0.0338524 18.9918 0.00069486 1 0.0293383 -0.101257 0.05 11862.8
0 3010 6 phononTF 0.000558722 0.0293383 -0.101257 0.049999 11862.8 0.00034743 1 -0.0573622 -0.137469 0.05 12125
0 3021 5 phononTF 0.000885499 0.0168974 1.7338 -0.0478384 24212.3 0.00034743 1 -0.0239465 -0.226313 0.05 152774
0 3021 4 phononTS 0.00134174 0.0168974 1.7338 -0.0478384 24212.3 0.00069486 1 0.0694224 -0.133805 0.05 214834
0 3022 6 phononTS 0.000602898 -0.730077 0.352364 -0.0322332 286238 0.00034743 1 -0.0851985 -0.212984 0.05 700698
0 3026 2 phononTF 0.00184277 -0.525556 3.22374 -0.010354 2583.41 0.00034743 1 0.110047 -0.217534 0.05 42066.2
0 3026 4 phononTS 0.000718254 0.110047 -0.217534 0.049999 42066.2 0.00034743 1 0.117249 -0.204873 0.05 42122.5
0 3040 3 phononTF 0.00141865 -1.9176 3.91875 -0.0034538 306.61 0.00034743 1 -0.0282085 -0.274826 0.05 34667.7
0 3040 4 phononTF 0.000742967 -0.0282085 -0.274826 0.049999 34667.7 0.00034743 1 -0.0314396 -0.132871 0.05 34737.9
0 3040 17 phononL 0.000700428 3.38972 2.49005 0.0291969 242477 0.00034743 1 0.0216923 -0.210335 0.05 250642
0 3041 5 phononTS 0.00145514 -1.60935 3.12189 -0.00747005 215479 0.00034743 1 0.0613478 -0.175855 0.05 576345
0 3042 5 phononTS 0.0017809 -3.95661 2.31481 0.0328238 34273.9 0.00034743 1 0.0595814 -0.23509 0.05 106322
0 3043 5 phononTS 0.0015712 -2.50695 4.66556 0.01131 37298 0.00104229 1 0.0779624 -0.150373 0.05 180604
0 3043 2 phononTS 0.000914925 -3.17545 3.52577 -0.0406707 6627.76 0.00034743 1 0.0728085 -0.188454 0.05 649528
0 3047 5 phononTS 0.00106472 -3.57784 3.9366 -0.00871087 18725.3 0.00034743 1 0.101902 -0.199658 0.05 63871.8
0 3047 7 phononTS 0.000692227 0.101902 -0.199658 0.049999 63871.8 0.00034743 1 0.0709038 -0.215245 0.05 464080
0 3047 14 phononTS 0.00122098 -4.8412 4.54753 -0.009481 36137.1 0.00069486 1 -0.0996845 -0.195377 0.05 196211
0 3047 13 phononTF 0.000363974 -4.8412 4.54753 -0.009481 36137.1 0.00034743 1 0.014039 -0.184952 0.05 530022
0 3048 5 phononTS 0.00183564 -3.34296 3.26658 -0.0021082 28292.8 0.00069486 1 0.0172239 -0.241294 0.05 84180.1
0 3056 2 phononTS 0.00251412 -1.99654 3.1044 0.0177468 6476.13 0.00034743 1 0.0382342 -0.0984838 0.05 192289
0 3056 4 phononTS 0.000432078 0.0382342 -0.0984838 0.049999 192289 0.00034743 1 -0.0706265 -0.164159 0.05 226654
0 3057 5 phononTS 0.00104789 -3.36205 1.60269 0.00445023 33531.5 0.00034743 1 -0.079028 -0.251891 0.05 113740
0 3057 7 phononTF 0.000364675 -0.079028 -0.251891 0.049999 113740 0.00034743 1 -0.0264986 -0.253867 0.05 113857
0 3058 6 phononTF 0.00108763 -2.72254 -1.20045 -0.0023605 549607 0.00034743 1 0.0856206 -0.178358 0.05 1.01061e+06
0 3059 4 phononTS 0.000761219 -2.65424 4.36928 0.0489499 31217.7 0.00034743 1 0.035814 -0.110561 0.05 99882.2
0 3066 2 phononTS 0.00176847 -1.45956 3.92031 0.025996 1129.83 0.00069486 1 -0.117415 -0.175969 0.05 88326
0 3074 3 phononL 0.00256728 -2.71481 4.54078 -0.0222194 8057.27 0.00069486 1 0.0386241 -0.150025 0.05 63926.7
0 3074 2 phononTS 0.00143272 -2.71481 4.54078 -0.0222194 8057.27 0.00034743 1 0.102746 -0.199047 0.05 183024
0 3079 4 phononTS 0.000668423 -3.9151 4.36711 -0.0407906 156865 0.00034743 1 -0.0683586 -0.190257 0.05 271838
0 3082 4 phononTF 0.000783626 -4.882 3.91408 0.025326 43660 0.00034743 1 0.0348091 -0.191734 0.05 536508
0 3084 7 phononTF 0.000766361 -4.91294 -0.944042 -0.047116 335063 0.00034743 1 0.0492719 -0.227379 0.05 453639
0 3085 3 phononTS 0.0017291 -1.57717 4.29681 0.0476281 3819.76 0.00034743 1 0.0727806 -0.189141 0.05 127655
0 3085 5 phononTS 0.00137453 0.0727806 -0.189141 0.049999 127655 0.00034743 1 -0.0884307 -0.192507 0.05 131394
0 3087 3 phononL 0.00198702 -2.08516 3.55464 -0.0015853 582.539 0.00069486 1 -0.0729459 -0.211904 0.05 30171.2
0 3087 2 phononTS 0.00201298 -2.08516 3.55464 -0.0015853 582.539 0.00069486 1 0.0119754 -0.206125 0.05 146939
0 3087 17 phononTS 0.000492769 0.0119754 -0.206125 0.049999 146939 0.00034743 1 0.101833 -0.173014 0.05 148183
0 3088 4 phononL 0.000722199 -3.2587 -4.28049 0.0429128 319283 0.00034743 1 0.0332536 -0.282247 0.05 477578
0 3092 2 phononTF 0.00164333 -1.75034 3.75086 -0.00123118 0.290633 0.00104229 1 -0.0253465 -0.251793 0.05 367771
0 3095 5 phononL 0.00190637 4.68689 -2.72799 0.0103428 30782.8 0.00104229 1 -0.0475309 -0.112301 0.05 182110
0 3096 3 phononTF 0.0016214 -1.43465 3.01517 0.00171585 3385.96 0.00069486 1 -0.0382376 -0.140647 0.05 366064
0 3097 4 phononTS 0.00175398 -0.549985 -0.330432 -0.0270772 35469.9 0.00034743 1 0.0306667 -0.227106 0.05 253928
0 3097 7 phononTS 0.00108131 0.0306667 -0.227106 0.049999 253928 0.00034743 1 0.0320673 -0.115079 0.05 254009
0 3097 11 phononL 0.000570686 0.0320673 -0.115079 0.049999 254009 0.00034743 1 -0.0496511 -0.17523 0.05 254065
0 3099 4 phononTF 0.00191897 -0.00498591 3.96491 -0.0467887 23504.9 0.00034743 1 -0.0649803 -0.170459 0.05 668774
0 3099 9 phononL 0.000761785 -0.0649803 -0.170459 0.049999 668774 0.00034743 1 -0.0439739 -0.303646 0.05 882969
0 3099 8 phononL 0.000475709 -0.0649803 -0.170459 0.049999 668774 0.00034743 1 -0.0226965 -0.136024 0.05 668824
0 3103 2 phononTS 0.00281288 0.990591 1.55815 0.021469 13926.7 0.00138972 1 0.0569654 -0.270913 0.05 16953.9
0 3106 2 phononTS 0.00102355 0.15183 2.65126 0.0441214 12469.6 0.00034743 1 0.0703845 -0.147813 0.05 277440
0 3107 4 phononTF 0.00149727 -3.38306 0.996466 0.044035 125819 0.00069486 1 0.0117838 -0.207679 0.05 331577
0 3110 3 phononTS 0.00189222 -1.96523 3.6741 0.0241748 1100.01 0.00069486 1 0.048747 -0.184489 0.05 81219.5
0 3112 2 phononTF 0.00119906 -2.5063 2.21747 0.0368837 8172.94 0.00034743 1 0.106563 -0.222619 0.05 51968.4
0 3114 3 phononL 0.00158867 -1.44517 3.49542 0.0246057 1326.87 0.00034743 1 -0.0327794 -0.206387 0.05 37504.6
0 3124 5 phononTF 0.000683491 -4.42955 3.4763 -0.0215393 7134.32 0.00034743 1 0.0329469 -0.179792 0.05 397665
0 3125 3 phononTS 0.00263724 -1.12991 3.47396 0.0145933 1202.77 0.00069486 1 -0.0456525 -0.252674 0.05 110527
0 3125 8 phononL 0.00137049 -0.0456525 -0.252674 0.049999 110527 0.00034743 1 0.0917141 -0.129667 0.05 112459
0 3126 4 phononTF 0.00137656 -2.98126 3.75692 -0.00776823 14977.3 0.00034743 1 0.107321 -0.16094 0.05 231084
0 3126 6 phononL 0.000749308 0.107321 -0.16094 0.049999 231084 0.00034743 1 0.111851 -0.193584 0.05 231653
0 3137 2 phononTS 0.00156131 -1.69305 3.79143 -0.02197 768.3 0.00034743 1 0.0206897 -0.232843 0.05 51242.1
0 3141 3 phononTS 0.00181011 0.284955 4.52624 0.00685439 4005.52 0.00104229 1 0.0351554 -0.10328 0.05 190338
0 3142 3 phononTS 0.000710769 -0.445236 0.0199531 0.049999 22616.8 0.00034743 1 -0.0219038 -0.235744 0.05 24641.3
0 3143 2 phononTF 0.00193375 -2.01827 1.63907 0.0345763 8148.69 0.00069486 1 0.094622 -0.134873 0.05 68955.6
0 3150 3 phononTF 0.00222702 -3.57735 2.1736 0.047859 3869.55 0.00138972 1 -0.112811 -0.1762 0.05 56700.2
0 3151 3 phononL 0.00152497 -0.411127 3.75486 0.023101 2814.11 0.00034743 1 -0.0796491 -0.20464 0.05 27340.2
0 3151 4 phononL 0.000939709 -0.0796491 -0.20464 0.049998 27340.2 0.00034743 1 -0.0471223 -0.188567 0.05 28456.1
0 3151 18 phononTF 0.00177672 -0.632323 -1.10321 0.0437015 15608.8 0.00034743 1 -0.0232533 -0.267223 0.05 362058
0 3153 3 phononTF 0.00195649 -2.57674 2.69336 -0.00979602 5040.64 0.00034743 1 -0.0689993 -0.128642 0.05 80479
0 3154 4 phononTS 0.000925916 -2.9563 4.92391 -0.0361873 39870.7 0.00034743 1 -0.0623504 -0.292016 0.05 103578
0 3156 5 phononTS 0.00132876 0.756131 -1.48913 -0.00337955 61577.5 0.00034743 1 0.0575122 -0.106187 0.05 75699.9
0 3161 7 phononL 0.00128273 0.562378 1.8064 -0.0122782 111389 0.00069486 1 0.0731689 -0.285348 0.05 273549
0 3161 6 phononTS 0.00119484 0.562378 1.8064 -0.0122782 111389 0.00034743 1 -0.101004 -0.260576 0.05 491016
0 3161 2 phononTS 0.00120809 -0.0291847 3.60953 0.0242451 3766.2 0.00034743 1 -0.0596812 -0.234254 0.05 15928.4
0 3161 26 phononTF 0.000631491 -0.0596812 -0.234254 0.049999 15928.4 0.00034743 1 -0.0232178 -0.145133 0.05 16291.4
0 3164 5 phononTS 0.00111211 3.79896 -4.52214 0.00141644 98689.3 0.00034743 1 -0.0773786 -0.177127 0.05 219230
0 3164 4 phononTF 0.000395945 3.79896 -4.52214 0.00141644 98689.3 0.00034743 1 0.0845647 -0.163728 0.05 178078
0 3169 3 phononTS 0.00189139 -1.04328 3.91228 0.0296252 1324.28 0.00069486 1 -0.0890054 -0.251722 0.05 5590.01
0 3171 3 phononTS 0.00176183 -0.541613 3.96594 0.0215044 12117 0.00034743 1 0.0385129 -0.106058 0.05 289540
0 3174 8 phononTS 0.000740486 -4.00201 3.40625 -0.0131072 339414 0.00034743 1 0.0522052 -0.276627 0.05 429849
0 3175 6 phononTS 0.000972146 -1.28448 4.25034 -0.0262454 13693.5 0.00034743 1 -0.0712559 -0.290482 0.05 395733
0 3179 3 phononTS 0.00175583 -1.90643 2.76964 -0.00422294 8266.08 0.00069486 1 0.0828071 -0.182334 0.05 26140.7
0 3179 2 phononTS 0.00224417 -1.90643 2.76964 -0.00422294 8266.08 0.00034743 1 0.0673798 -0.261558 0.05 127746
0 3179 17 phononTS 0.0018127 0.0673798 -0.261558 0.049999 127746 0.00069486 1 0.0317414 -0.305247 0.05 127843
0 3182 2 phononTS 0.00182341 -0.229767 2.87087 -0.0235482 4930.66 0.00034743 1 0.0213836 -0.140494 0.05 26291.5
0 3187 7 phononL 0.00138956 3.06796 -3.34101 -0.0372431 296695 0.00034743 1 0.02466 -0.160542 0.05 368520
0 3188 6 phononTF 0.00114923 -0.941083 1.02014 -0.0307561 36463.1 0.00034743 1 -0.100502 -0.190911 0.05 211822
0 3189 3 phononTS 0.0014598 -1.60634 1.79861 -0.00578167 13284.2 0.00034743 1 -0.0984869 -0.177521 0.05 144840
0 3189 11 phononTS 0.00160566 -3.64014 -4.20104 0.0491191 32053.2 0.00034743 1 -0.0400436 -0.162082 0.05 53098.8
0 3189 15 phononTS 0.000562159 -0.0400436 -0.162082 0.049999 53098.8 0.00034743 1 0.0174416 -0.207564 0.05 91751.9
0 3191 5 phononTS 0.00168411 -4.41079 -0.193678 -0.0219637 36133.9 0.00069486 1 0.088647 -0.125988 0.05 70691.4
0 3192 5 phononTF 0.00160935 -2.94532 4.87412 0.0414921 64521.1 0.00034743 1 -0.0185681 -0.231472 0.05 236275
0 3192 7 phononTS 0.00114954 -0.0185681 -0.231472 0.049998 236275 0.00034743 1 0.0886904 -0.267844 0.05 236361
0 3195 5 phononTS 0.00153191 2.52887 -4.2241 -0.0338529 56959.5 0.00069486 1 0.0452625 -0.163788 0.05 183424
0 3195 4 phononTF 0.000965168 2.52887 -4.2241 -0.0338529 56959.5 0.00034743 1 -0.0313917 -0.196682 0.05 920241
0 3195 16 phononTF 0.00046666 -0.0313917 -0.196682 0.049999 920241 0.00034743 1 -0.0419542 -0.27936 0.05 1.0052e+06
0 3197 2 phononTS 0.00187837 -1.74495 4.20021 -0.0344781 1101.15 0.00034743 1 -0.110106 -0.211757 0.05 157770
0 3199 3 phononL 0.0029136 -3.66653 3.89847 -0.0327676 8136.12 0.00034743 1 -0.0579214 -0.174121 0.05 74590.8
0 3202 6 phononL 0.00146757 -2.21855 -0.791587 -0.0163392 76821.7 0.00034743 1 -0.0625904 -0.107705 0.05 178197
0 3205 4 phononTF 0.00114285 -0.216761 4.89098 0.0168033 42284.9 0.00034743 1 -0.0940645 -0.227945 0.05 145361
0 3205 8 phononTS 0.000563096 -0.0940645 -0.227945 0.049999 145361 0.00034743 1 -0.0864625 -0.242413 0.05 145544
0 3206 5 phononTS 0.00173496 0.892288 4.51796 0.0392625 4855.24 0.00034743 1 -0.0331013 -0.117369 0.05 436540
0 3214 4 phononL 0.00106751 0.255303 -0.915507 0.00420152 28653.1 0.00069486 1 0.0478391 -0.253326 0.05 67519.7
0 3219 5 phononTF 0.0010538 -1.83059 4.52409 0.000442917 78526 0.00069486 1 0.033302 -0.304405 0.05 88537.3
0 3224 4 phononTS 0.00156217 3.15262 1.05997 0.0398591 58689.9 0.00034743 1 0.0397954 -0.110812 0.05 72004.1
0 3224 2 phononL 0.00135285 -1.74547 4.27958 0.0231707 2049.71 0.00034743 1 0.0854451 -0.261989 0.05 100151
0 3224 13 phononL 0.000752118 0.0854451 -0.261989 0.049999 100151 0.00034743 1 -0.032219 -0.12841 0.05 100537
0 3225 2 phononTF 0.000962906 -2.02105 3.14744 0.00533918 8376.97 0.00034743 1 -0.0623625 -0.234167 0.05 389529
0 3226 3 phononL 0.00253265 -0.760008 3.46106 -0.00800807 12051.4 0.00069486 1 0.0474765 -0.229475 0.05 98614.6
0 3230 6 phononL 0.000783914 2.01727 -2.39118 0.0383527 199777 0.00034743 1 0.033376 -0.262568 0.05 307122
0 3234 4 phononL 0.000984674 -2.50313 3.4435 0.0260563 3391.59 0.00034743 1 -0.036852 -0.155863 0.05 114920
0 3234 8 phononTF 0.000604359 -0.036852 -0.155863 0.049999 114920 0.00034743 1 -0.0629663 -0.274066 0.05 502081
0 3235 2 phononL 0.0012174 -2.67226 4.73415 0.0316325 6006.53 0.00034743 1 0.0478639 -0.288615 0.05 69505.8
0 3236 3 phononTS 0.00236623 0.348064 4.23212 -0.0383793 14931.7 0.00034743 1 0.092545 -0.262569 0.05 122534
0 3236 7 phononL 0.000524039 0.092545 -0.262569 0.049999 122534 0.00034743 1 0.0699993 -0.249044 0.05 247431
0 3242 2 phononTS 0.0015471 -1.82135 3.98195 0.0392784 901.419 0.00034743 1 -0.0676344 -0.206838 0.05 85203.9
0 3242 4 phononTS 0.000774004 -0.0676344 -0.206838 0.049999 85203.9 0.00034743 1 -0.0812781 -0.178896 0.05 85267.6
0 3244 3 phononL 0.00141349 -0.613707 3.48328 -0.0277546 19699.4 0.00069486 1 -0.042627 -0.254982 0.05 331672
0 3244 2 phononTS 0.00258651 -0.613707 3.48328 -0.0277546 19699.4 0.00034743 1 0.113178 -0.202754 0.05 61568.9
0 3246 6 phononL 0.00122527 0.490445 1.2243 -0.00129187 49890.9 0.00034743 1 0.0761212 -0.189254 0.05 116098
0 3248 3 phononTF 0.00117145 -1.82659 3.2838 0.0339727 3231.98 0.00034743 1 0.0363093 -0.229092 0.05 48884.8
0 3248 4 phononTF 0.000550902 0.0363093 -0.229092 0.049998 48884.8 0.00034743 1 0.0131428 -0.204153 0.05 48943.6
0 3252 4 phononTS 0.00200128 -1.7331 0.304329 0.0351923 36941 0.00034743 1 0.0847841 -0.267534 0.05 171947
0 3252 7 phononTS 0.00105609 0.0847841 -0.267534 0.049999 171947 0.00034743 1 -0.0196414 -0.170186 0.05 172398
0 3253 2 phononTF 0.00130588 -0.571229 3.83943 -0.0220859 4336.54 0.00034743 1 0.0299839 -0.28949 0.05 128197
0 3254 2 phononTS 0.00206808 -3.62686 2.61506 -0.0353906 11460 0.00034743 1 0.0406187 -0.249379 0.05 67296
0 3260 3 phononTS 0.00238255 -0.537252 2.21452 0.00356596 8385.55 0.00069486 1 0.0782256 -0.134124 0.05 37772.7
0 3261 2 phononTF 0.00157842 0.373649 3.50727 0.0279607 6365.03 0.00034743 1 -0.0787867 -0.196961 0.05 90529.7
0 3264 3 phononTF 0.00141679 -1.76982 3.76948 -0.0173228 5.96596 0.00034743 1 0.0514836 -0.160466 0.05 103435
0 3266 3 phononL 0.00239436 -1.57669 3.48094 0.0148945 1553.27 0.00104229 1 -0.0498301 -0.285306 0.05 59032.2
0 3266 6 phononTF 0.000392415 -0.0498301 -0.285306 0.049999 59032.2 0.00034743 1 -0.0854301 -0.177208 0.05 67098.7
0 3266 2 phononTS 0.00160564 -1.57669 3.48094 0.0148945 1553.27 0.00069486 1 0.0526934 -0.147591 0.05 46566.1
0 3267 5 phononTS 0.000912904 -4.08087 1.03137 -0.000583597 30476.2 0.00034743 1 -0.074172 -0.224422 0.05 48463.9
0 3272 4 phononTF 0.00194743 0.125977 1.76653 -0.00367684 12032 0.00034743 1 -0.0380964 -0.154931 0.05 84119.3
0 3272 6 phononL 0.00109273 -0.0380964 -0.154931 0.049999 84119.3 0.00034743 1 -0.0936998 -0.136975 0.05 96208.2
0 3272 13 phononTS 0.000736004 -0.0936998 -0.136975 0.049999 96208.2 0.00034743 1 -0.0486595 -0.164237 0.05 96272.9
0 3276 5 phononTS 0.00143639 -4.87548 4.83052 -0.0303987 62864.6 0.00104229 1 -0.0881599 -0.163456 0.05 410914
0 3277 9 phononTF 0.00110604 3.62561 -1.2128 0.0280926 229665 0.00034743 1 -0.0320748 -0.102459 0.05 546965
0 3277 8 phononTS 0.000572438 3.62561 -1.2128 0.0280926 229665 0.00034743 1 -0.0611053 -0.108096 0.05 262558
0 3279 2 phononTS 0.00186161 -0.0804037 4.46589 -0.0369606 3409.47 0.00069486 1 -0.0517371 -0.189315 0.05 320296
0 3280 3 phononTS 0.00180538 -2.56332 3.18655 -0.0282642 2063.25 0.00034743 1 -0.042997 -0.152305 0.05 9263.05
0 3280 7 phononL 0.000351932 -0.042997 -0.152305 0.049999 9263.05 0.00034743 1 -0.0859001 -0.255008 0.05 9320.82
0 3281 4 phononTS 0.00169951 -0.358921 3.01614 0.00240406 13269.9 0.00069486 1 0.0440697 -0.258867 0.05 20151.6
0 3282 3 phononTS 0.002742 0.166715 1.36986 0.00987911 9366.78 0.00069486 1 0.0622645 -0.168045 0.05 16330.8
0 3283 3 phononL 0.0017812 -0.92952 3.74616 -0.0346736 3822.32 0.00034743 1 -0.0374379 -0.218128 0.05 91798.8
0 3283 5 phononTF 0.00133648 -0.0374379 -0.218128 0.049998 91798.8 0.00034743 1 0.0713989 -0.225826 0.05 92001.7
0 3283 8 phononTF 0.000710818 0.0713989 -0.225826 0.049999 92001.7 0.00034743 1 0.0973659 -0.202799 0.05 95336.4
0 3284 3 phononTS 0.00189289 -2.2603 3.59697 0.0318682 2218.28 0.00034743 1 -0.0785371 -0.187799 0.05 21770.4
0 3286 3 phononTS 0.00290486 -1.71697 4.02269 -0.0204617 15976.5 0.00034743 1 -0.0863358 -0.265184 0.05 56771.7
0 3288 5 phononTS 0.00117024 -1.96526 3.46966 -0.00271438 1915.54 0.00034743 1 0.0558025 -0.177793 0.05 56568.2
0 3288 7 phononL 0.000464104 0.0558025 -0.177793 0.049998 56568.2 0.00034743 1 0.0347436 -0.275315 0.05 56972.8
0 3289 4 phononTF 0.00104347 -0.0462652 4.45985 0.0203546 28469.5 0.00069486 1 -0.0610034 -0.272085 0.05 501509
0 3291 4 phononTS 0.000545339 -3.76697 0.432632 -0.0167576 15744.5 0.00034743 1 -0.0629869 -0.192654 0.05 150668
0 3293 6 phononL 0.00110257 -1.17938 -2.61815 0.0353423 122860 0.00034743 1 -0.0166153 -0.188499 0.05 471570
0 3299 2 phononTS 0.00113918 -2.42728 2.42502 -0.0255994 2609.35 0.00034743 1 0.0475683 -0.109374 0.05 215996
0 3302 3 phononTS 0.00192923 -0.464175 4.31615 -0.0269799 3770.07 0.00034743 1 -0.0746094 -0.126436 0.05 163005
0 3302 4 phononTF 0.0012941 -0.0746094 -0.126436 0.049998 163005 0.00069486 1 0.0939828 -0.194164 0.05 163097
0 3304 3 phononTF 0.00180031 -0.98274 1.30683 0.02599 9067.69 0.00034743 1 -0.0568385 -0.286901 0.05 44600.8
0 3304 2 phononTF 0.00219969 -0.98274 1.30683 0.02599 9067.69 0.00034743 1 -0.0283118 -0.123467 0.05 284920
0 3304 11 phononTF 0.00155212 -0.0283118 -0.123467 0.049998 284920 0.00034743 1 0.100188 -0.198172 0.05 366377
0 3305 2 phononTS 0.00234945 -1.45618 4.14344 -0.0335467 4778.34 0.00104229 1 -0.0579037 -0.139591 0.05 85907.6
0 3307 4 phononL 0.00136326 -0.751177 -2.25144 -0.037917 131015 0.00034743 1 0.0790442 -0.201123 0.05 399002
0 3309 7 phononL 0.00111601 3.59125 -1.1202 -0.00399736 20937.4 0.00069486 1 0.0846757 -0.271532 0.05 105175
0 3310 5 phononL 0.0013228 -1.7588 -4.16513 0.0105535 161998 0.00034743 1 0.0567145 -0.162377 0.05 218328
0 3315 5 phononL 0.00095818 -2.06081 3.7148 -0.0251242 41323.6 0.00034743 1 -0.10916 -0.215657 0.05 272748
0 3315 14 phononTS 0.000745539 -0.824855 1.66101 -0.0157887 305303 0.00034743 1 -0.0715295 -0.180593 0.05 393026
0 3317 3 phononL 0.00204828 -1.72389 3.7244 -0.0318839 8.85979 0.00034743 1 0.0566281 -0.291765 0.05 16883
0 3318 5 phononL 0.000909622 2.12255 2.84993 0.00547563 93203.7 0.00034743 1 -0.046615 -0.26638 0.05 160949
0 3319 5 phononTF 0.00130033 3.74643 0.0907161 -0.0101837 33066.7 0.00069486 1 -0.0365119 -0.179799 0.05 349882
0 3320 2 phononTF 0.00140651 -2.40104 3.54469 0.0380174 1280.29 0.00034743 1 0.0372561 -0.263343 0.05 428227
0 3324 4 phononTF 0.000599388 -2.44661 -1.34214 0.0154491 466398 0.00034743 1 -0.0423449 -0.225432 0.05 488345
0 3329 2 phononTF 0.00252802 -1.10255 3.85793 -0.0366665 4990.84 0.00034743 1 -0.0535425 -0.212182 0.05 44708.4
0 3329 7 phononTF 0.00124052 -0.0535425 -0.212182 0.049999 44708.4 0.00034743 1 0.119692 -0.212247 0.05 44784.6
0 3331 4 phononTF 0.000806134 -2.05328 0.421419 0.0266728 19996.9 0.00034743 1 0.101299 -0.235766 0.05 420920
0 3335 4 phononTF 0.00128275 1.53182 2.99771 -0.0234513 11056.2 0.00069486 1 0.0490412 -0.141569 0.05 517238
0 3336 2 phononTS 0.00157141 -2.59794 3.963 -0.0096864 1565.02 0.00069486 1 0.0416563 -0.252973 0.05 208191
0 3338 3 phononL 0.00117798 -0.776834 3.92595 -0.000500795 15007.3 0.00034743 1 -0.0953386 -0.155356 0.05 107327
0 3339 5 phononTS 0.00131784 -4.05097 3.24718 -0.0329199 52986.2 0.00034743 1 0.109638 -0.240585 0.05 169521
0 3341 4 phononTS 0.0014484 -2.27868 0.00933731 -0.0307589 9712.92 0.00034743 1 0.0450692 -0.264597 0.05 14703.3
0 3344 2 phononTF 0.00144882 -0.196194 2.13089 -0.0170553 20936.4 0.00069486 1 -0.0541465 -0.187303 0.05 192170
0 3345 6 phononTS 0.000499321 -3.09434 -0.104499 0.0242379 44068.1 0.00034743 1 -0.0337902 -0.179897 0.05 348172
0 3349 7 phononL 0.00130686 3.47894 2.62231 -0.049402 239308 0.00034743 1 0.0174817 -0.18393 0.05 312857
0 3350 6 phononTF 0.000711515 -0.786048 -3.99464 0.00352391 358498 0.00034743 1 -0.0780812 -0.233156 0.05 572008
0 3351 2 phononTS 0.00142709 -3.26228 4.59697 0.0262803 16037.6 0.00034743 1 0.0612647 -0.296401 0.05 174045
0 3354 7 phononTS 0.00114344 0.233166 0.0644557 0.0329356 96149.3 0.00034743 1 -0.060374 -0.217664 0.05 105282
0 3356 3 phononTF 0.00115082 -2.17 3.17358 0.00940652 1200.63 0.00034743 1 -0.0220122 -0.2504 0.05 350928
0 3359 5 phononL 0.000601765 -2.09839 -2.95638 0.049746 69334.6 0.00034743 1 0.116955 -0.22846 0.05 546631
0 3365 3 phononTF 0.00222135 -1.47352 1.87645 -0.00140663 7851.44 0.00104229 1 0.0160922 -0.208567 0.05 45898.5
0 3365 10 phononL 0.000370144 0.0160922 -0.208567 0.049999 45898.5 0.00034743 1 0.0606006 -0.165443 0.05 425707
0 3365 2 phononTF 0.00177865 -1.47352 1.87645 -0.00140663 7851.44 0.00034743 1 -0.0331183 -0.167371 0.05 23622.9
0 3365 21 phononTS 0.00096276 -0.0331183 -0.167371 0.049999 23622.9 0.00034743 1 0.0299343 -0.241196 0.05 23695.7
0 3366 5 phononTS 0.00201938 -3.53234 4.80051 -0.0202614 33097.8 0.00034743 1 -0.118384 -0.186526 0.05 96152.1
0 3369 5 phononL 0.00167512 -4.08319 -3.02664 0.0420949 68599.2 0.00034743 1 0.0914017 -0.269213 0.05 160337
0 3369 7 phononTF 0.000911202 0.0914017 -0.269213 0.049999 160337 0.00034743 1 0.034986 -0.170139 0.05 213686
0 3370 2 phononTF 0.00138512 -2.6159 3.05839 0.0034501 4109.74 0.00069486 1 0.0691612 -0.13328 0.05 94553
0 3375 5 phononL 0.000474934 2.79169 3.05792 0.0369443 20163.2 0.00034743 1 -0.0295912 -0.107224 0.05 115141
0 3375 10 phononL 0.001095 -1.41407 2.19863 -0.0243464 64130.9 0.00034743 1 -0.0764017 -0.226406 0.05 144156
0 3377 4 phononTS 0.000902458 2.32441 2.57534 0.0169114 164624 0.00034743 1 -0.0868547 -0.214177 0.05 172200
0 3379 3 phononTS 0.00157599 -4.66088 3.34486 -0.00157182 15571 0.00069486 1 -0.0554128 -0.100975 0.05 72861.3
0 3381 9 phononTS 0.000766793 0.754683 3.78172 0.00152075 414037 0.00034743 1 -0.0473838 -0.296961 0.05 940075
0 3382 3 phononTF 0.00180711 -1.49562 3.73712 -0.00753319 11987.3 0.00034743 1 0.0365972 -0.118259 0.05 304086
0 3388 5 phononL 0.00212886 -2.98837 2.9625 -0.0325889 32061.8 0.00069486 1 -0.0584428 -0.243593 0.05 49930.1
0 3391 5 phononTF 0.00104539 -3.56902 3.09761 0.0282882 74720.4 0.00069486 1 0.0311592 -0.293228 0.05 195688
0 3391 2 phononL 0.001985 -1.73686 3.60256 0.0174248 1276.37 0.00034743 1 0.0607904 -0.145518 0.05 127082
0 3399 5 phononTF 0.00117957 0.666425 3.48363 0.0342474 7576.33 0.00034743 1 0.0301729 -0.200027 0.05 464790
0 3400 4 phononL 0.000805538 -0.363268 3.98138 0.0395795 11698.6 0.00034743 1 0.0562594 -0.206875 0.05 150456
0 3400 2 phononTF 0.00114354 0.762982 3.41182 -0.0144501 9868.56 0.00034743 1 0.0689377 -0.190525 0.05 28003.7
0 3403 5 phononTF 0.00209721 -4.67784 4.97869 0.00194654 25113.9 0.00034743 1 -0.0808767 -0.161621 0.05 115472
0 3409 3 phononTS 0.0028945 -0.726384 3.75299 -0.0142529 3530.43 0.00069486 1 -0.0441715 -0.237452 0.05 9843.38
0 3409 8 phononTF 0.00092158 -0.0441715 -0.237452 0.049999 9843.38 0.00034743 1 0.0755528 -0.247233 0.05 325669
0 3413 5 phononTF 0.0011861 0.142685 2.05583 -0.00956685 131136 0.00034743 1 0.103631 -0.167002 0.05 895390
0 3414 2 phononTF 0.00168407 -1.83849 4.2246 0.0159769 3299.45 0.00034743 1 0.088908 -0.201916 0.05 193545
0 3421 2 phononTF 0.00245912 -1.44759 3.06258 0.043712 1936.92 0.00069486 1 0.01992 -0.220519 0.05 39667.1
0 3421 5 phononTF 0.000374652 0.01992 -0.220519 0.049999 39667.1 0.00034743 1 -0.0339418 -0.140463 0.05 39753.9
0 3422 5 phononTF 0.00143633 -2.87966 0.833645 0.0169561 25132.8 0.00104229 1 0.0996179 -0.244665 0.05 117836
0 3423 5 phononTF 0.00221476 -2.92935 2.7305 -0.011775 8464.95 0.00104229 1 -0.0357255 -0.160769 0.05 99873.8
0 3428 5 phononTF 0.00133114 -0.24413 3.5033 -0.0290819 28172.6 0.00034743 1 -0.0534791 -0.172326 0.05 273995
0 3432 2 phononTS 0.0011156 -1.93122 3.57627 0.0158935 896.971 0.00069486 1 0.0702372 -0.118913 0.05 160746
0 3434 2 phononTS 0.00175868 -1.18218 2.76287 0.0482121 2043.27 0.00069486 1 0.0276816 -0.258569 0.05 96369.6
0 3435 4 phononL 0.000834664 -2.64059 -2.84739 0.0344765 106517 0.00069486 1 0.104629 -0.24162 0.05 253401
0 3436 4 phononTS 0.00161166 3.0787 1.42967 0.0394185 64435.6 0.00034743 1 -0.0229564 -0.17386 0.05 266327
0 3436 7 phononTF 0.000564842 -0.0229564 -0.17386 0.049999 266327 0.00034743 1 -0.0346801 -0.20831 0.05 666690
0 3439 3 phononTS 0.00225306 -1.77511 3.69941 -0.0487113 52.746 0.00069486 1 -0.0697494 -0.226689 0.05 57381.9
0 3439 13 phononTS 0.00114906 -4.5454 -1.46378 0.030716 39030.2 0.00034743 1 -0.0304022 -0.157524 0.05 263755
0 3445 2 phononTS 0.00161364 -1.94984 4.48941 -0.0149404 1902.96 0.00034743 1 -0.0331747 -0.16186 0.05 113046
0 3448 7 phononTS 0.000482508 -1.53088 -0.130069 -0.0201254 138269 0.00034743 1 -0.0551514 -0.194785 0.05 1.08543e+06
0 3450 5 phononTS 0.000603898 1.69682 1.23185 0.030943 30685.1 0.00034743 1 0.0610906 -0.120469 0.05 88479
0 3451 5 phononTS 0.00114632 0.138316 4.57222 -0.0171654 21469.1 0.00034743 1 -0.0385297 -0.181392 0.05 182595
0 3451 7 phononL 0.00050015 -0.0385297 -0.181392 0.049999 182595 0.00034743 1 -0.0220169 -0.263515 0.05 184121
0 3452 5 phononTF 0.00126178 -0.379512 -0.990058 -0.0390996 65643 0.00034743 1 0.0859177 -0.263262 0.05 293251
0 3452 8 phononTS 0.000563468 0.0859177 -0.263262 0.049999 293251 0.00034743 1 -0.104702 -0.246128 0.05 293571
0 3452 4 phononTS 0.00133053 -0.379512 -0.990058 -0.0390996 65643 0.00034743 1 -0.105683 -0.182399 0.05 474404
0 3452 17 phononTS 0.000903754 -0.105683 -0.182399 0.049999 474404 0.00034743 1 0.0276309 -0.247397 0.05 577728
0 3454 4 phononTS 0.00092498 -2.47197 -0.840269 -0.00119395 49757.4 0.00034743 1 0.0741748 -0.186109 0.05 109730
0 3455 4 phononL 0.00123501 4.14605 1.1387 0.0131668 117834 0.00069486 1 0.0354835 -0.241097 0.05 195851
0 3456 5 phononTF 0.00157603 -4.56845 3.3508 0.0141057 46447.2 0.00034743 1 0.0987143 -0.226297 0.05 252529
0 3456 2 phononTS 0.00152891 -2.53565 3.31415 -0.0451214 9404.74 0.00034743 1 0.0402769 -0.264774 0.05 75114.1
0 3457 4 phononL 0.00143049 -2.00848 0.199864 0.00889709 244990 0.00069486 1 -0.0765979 -0.179761 0.05 573241
0 3458 5 phononTF 0.00168875 -1.57159 3.01233 -0.0279938 125489 0.00069486 1 -0.0884262 -0.185264 0.05 222020
0 3473 4 phononTS 0.000888175 -4.03894 2.71205 0.041367 34538.6 0.00034743 1 0.0283156 -0.149558 0.05 104457
0 3475 3 phononTS 0.00156083 -1.42499 -0.0374304 0.0348251 9265.39 0.00034743 1 0.0333491 -0.266855 0.05 107211
0 3475 6 phononTF 0.000647762 0.0333491 -0.266855 0.049999 107211 0.00034743 1 -0.0265913 -0.267923 0.05 107271
0 3475 4 phononTS 0.000499869 0.0333491 -0.266855 0.049999 107211 0.00034743 1 -0.0633011 -0.285888 0.05 399796
0 3476 5 phononL 0.000957861 -1.33725 1.00059 -0.0472037 122189 0.00034743 1 0.0301911 -0.270795 0.05 282053
0 3476 4 phononTF 0.00101292 -1.33725 1.00059 -0.0472037 122189 0.00034743 1 -0.0466507 -0.167945 0.05 167360
0 3478 2 phononTS 0.0015231 -1.82063 4.16685 0.0340881 256.449 0.00034743 1 -0.0331021 -0.265126 0.05 20582.4
0 3482 2 phononTF 0.00190937 -1.93063 3.69481 0.00798253 693.682 0.00034743 1 0.0776155 -0.257415 0.05 55727.2
0 3482 8 phononTF 0.0013023 0.0776155 -0.257415 0.049999 55727.2 0.00069486 1 -0.0150021 -0.196866 0.05 287493
0 3483 4 phononTS 0.000843431 0.923704 0.100648 0.049999 17139.8 0.00034743 1 0.0774508 -0.234742 0.05 163473
0 3485 3 phononTF 0.00148735 -1.42345 3.73912 -0.0452568 4085.69 0.00069486 1 -0.059279 -0.255762 0.05 38140.5
0 3487 2 phononTF 0.00135996 -1.86717 3.99398 0.0305036 669.981 0.00034743 1 -0.0814743 -0.190035 0.05 171654
0 3492 2 phononTS 0.00167969 -0.394289 4.82198 0.040822 4456.39 0.00034743 1 0.0470599 -0.168482 0.05 117731
0 3492 10 phononTF 0.00103315 0.0470599 -0.168482 0.049999 117731 0.00034743 1 0.0531091 -0.15051 0.05 117802
0 3493 4 phononTS 0.000911403 4.90164 4.48381 -0.0167116 35695.9 0.00034743 1 -0.0126789 -0.210803 0.05 464154
0 3493 2 phononL 0.00125351 -1.46918 3.72303 0.0366333 5999.24 0.00034743 1 -0.0325783 -0.177309 0.05 68602.1
0 3494 3 phononL 0.00194817 -1.90585 3.06924 -0.0262935 988.798 0.00034743 1 -0.0563832 -0.135476 0.05 154567
0 3498 2 phononTS 0.000947333 0.309863 4.51845 -0.0291976 20799.7 0.00034743 1 -0.0692079 -0.246394 0.05 50430.4
0 3499 3 phononTS 0.00185418 -0.629395 3.84569 -0.044115 1326.31 0.00034743 1 0.0410562 -0.283147 0.05 222348
0 3499 13 phononTF 0.00163115 4.32862 1.47811 -0.0222231 25751.1 0.00034743 1 0.0621726 -0.225542 0.05 299696
0 3499 14 phononL 0.001099 0.0621726 -0.225542 0.049999 299696 0.00034743 1 0.0602986 -0.258436 0.05 602185
0 3502 3 phononTS 0.00121385 -2.35147 3.3632 0.000856273 2897.61 0.00034743 1 -0.067114 -0.123396 0.05 200446
0 3502 5 phononTF 0.000837572 -0.067114 -0.123396 0.049999 200446 0.00034743 1 0.0957227 -0.158891 0.05 200640
0 3502 17 phononTS 0.00105915 2.41014 1.07996 -0.029698 144572 0.00034743 1 -0.0237525 -0.12659 0.05 541845
0 3502 19 phononTF 0.000395548 -0.0237525 -0.12659 0.049999 541845 0.00034743 1 0.0601934 -0.264831 0.05 788858
0 3507 3 phononTS 0.00178282 -0.53609 3.60775 -0.0341888 10188.7 0.00034743 1 -0.013893 -0.174612 0.05 19168.8
0 3524 4 phononTF 0.0012964 -2.19549 4.53835 0.0345327 18549.7 0.00069486 1 -0.0242825 -0.180983 0.05 38327.6
0 3524 11 phononTF 0.000353621 -0.0242825 -0.180983 0.049999 38327.6 0.00034743 1 -0.0343033 -0.168173 0.05 38472
0 3528 2 phononL 0.00189238 -2.5115 3.97204 0.0407217 1454.32 0.00034743 1 -0.0816426 -0.249473 0.05 112655
0 3528 10 phononTS 0.000418639 -0.0816426 -0.249473 0.049999 112655 0.00034743 1 0.0771641 -0.171052 0.05 215485
0 3528 8 phononL 0.000577869 -0.0816426 -0.249473 0.049999 112655 0.00034743 1 0.0665411 -0.220804 0.05 119595
0 3530 5 phononTF 0.00125158 -2.78145 4.43187 0.0124949 14711.6 0.00034743 1 0.062532 -0.27149 0.05 120499
0 3530 2 phononL 0.00137225 -1.87773 2.93677 -0.048265 4669.94 0.00034743 1 0.0698834 -0.261185 0.05 343141
0 3531 2 phononTS 0.0016048 -1.25076 3.48744 0.0181843 2396.63 0.00034743 1 -0.0646157 -0.219292 0.05 246439
0 3534 6 phononTS 0.000856012 3.48665 2.57025 -0.0113776 59272.6 0.00034743 1 0.0707698 -0.140022 0.05 72782.6
0 3536 4 phononTF 0.00120532 1.57978 -0.06119 0.00548389 29693.2 0.00069486 1 -0.0862122 -0.17249 0.05 181074
0 3536 16 phononTF 0.00160886 -1.62951 1.39473 0.0193982 109521 0.00069486 1 0.116563 -0.223499 0.05 144760
0 3538 7 phononTS 0.0011113 -1.95151 -3.33312 0.0312757 59393.8 0.00034743 1 -0.0507823 -0.157376 0.05 140422
0 3539 4 phononTS 0.00137387 -0.315822 3.76856 -0.00515365 22341.1 0.00034743 1 -0.111619 -0.191992 0.05 678851
0 3539 10 phononTF 0.000673111 -0.111619 -0.191992 0.049999 678851 0.00034743 1 0.0486551 -0.10891 0.05 680431
0 3544 3 phononTF 0.00235087 -1.21427 3.08686 -0.0456707 1877.81 0.00034743 1 0.0800354 -0.121845 0.05 156698
0 3544 2 phononTF 0.00164913 -1.21427 3.08686 -0.0456707 1877.81 0.00034743 1 0.0591878 -0.146108 0.05 169544
0 3546 3 phononTF 0.00226014 -1.73695 3.77132 0.0270783 57.3646 0.00034743 1 -0.0296695 -0.169883 0.05 41272.9
0 3546 4 phononTS 0.0014852 -0.0296695 -0.169883 0.049999 41272.9 0.00034743 1 0.0414766 -0.103907 0.05 41350.8
0 3554 4 phononTS 0.00180609 1.60566 2.77539 -0.0361573 15240.5 0.00034743 1 -0.0246141 -0.14707 0.05 204269
0 3561 2 phononTF 0.00267882 -3.34321 4.81703 -0.0473591 8009.01 0.00069486 1 -0.0403645 -0.2092 0.05 32392.1
0 3561 4 phononTF 0.00173858 -0.0403645 -0.2092 0.049999 32392.1 0.00034743 1 -0.0483777 -0.224431 0.05 32454.7
0 3561 12 phononTS 0.000680374 -0.0483777 -0.224431 0.049999 32454.7 0.00034743 1 0.0998592 -0.138912 0.05 32725.7
0 3563 4 phononL 0.00117635 -0.85748 -0.628428 -0.0142489 125291 0.00034743 1 -0.056394 -0.252351 0.05 290040
0 3568 4 phononTS 0.000770664 0.333103 3.27327 0.0321792 337395 0.00034743 1 0.0544238 -0.161662 0.05 399442
0 3569 2 phononTS 0.00182788 -0.922011 1.58951 -0.0140076 5372.39 0.00034743 1 -0.0972311 -0.133917 0.05 49728.6
0 3569 6 phononL 0.00108138 -0.0972311 -0.133917 0.049999 49728.6 0.00034743 1 0.0927268 -0.264671 0.05 99236.5
0 3571 4 phononTF 0.000796725 -4.18412 3.76057 -0.0232778 72019.8 0.00034743 1 -0.0833867 -0.232806 0.05 155317
0 3573 3 phononTF 0.00147492 -1.01083 3.73671 -0.0422668 1510.91 0.00069486 1 0.0752966 -0.272489 0.05 5774.84
0 3578 4 phononL 0.00132443 -3.56926 1.51927 -0.0474372 96197.6 0.00034743 1 -0.0890239 -0.202758 0.05 1.01037e+06
0 3580 3 phononL 0.0026058 0.148485 2.58176 -0.0191523 13472.9 0.00069486 1 -0.118334 -0.182953 0.05 41902
0 3581 5 phononTS 0.00106212 -3.96504 0.933423 -0.0429546 104394 0.00034743 1 -0.0624629 -0.131104 0.05 211752
0 3581 7 phononTS 0.000412954 -0.0624629 -0.131104 0.049999 211752 0.00034743 1 0.0994478 -0.166911 0.05 215283
0 3587 2 phononTS 0.00147987 -1.28341 4.32155 -0.0373965 7743.16 0.00034743 1 -0.0607083 -0.103629 0.05 591621
0 3589 7 phononTS 0.000919689 -0.379566 -3.47355 -0.0250939 224352 0.00034743 1 0.112291 -0.230033 0.05 237269
0 3595 3 phononTS 0.00247869 -2.55783 3.95189 -0.0495485 6004.62 0.00069486 1 0.0738643 -0.214435 0.05 32763.2
0 3600 2 phononL 0.00134092 -2.71329 3.49873 -0.0126191 6472.36 0.00069486 1 0.0810504 -0.179077 0.05 168778
0 3602 5 phononTS 0.00174294 4.66339 2.19093 0.0259067 31235.1 0.00069486 1 -0.0646958 -0.222877 0.05 250700
0 3602 8 phononTF 0.000504865 -0.0646958 -0.222877 0.049999 250700 0.00034743 1 0.11766 -0.189979 0.05 262437
0 3602 4 phononL 0.000975451 4.66339 2.19093 0.0259067 31235.1 0.00034743 1 -0.0364316 -0.235428 0.05 158898
0 3603 3 phononL 0.0025318 -0.479092 4.82606 0.0152493 9070.38 0.00034743 1 -0.0331438 -0.0994426 0.05 47635
0 3603 5 phononTS 0.000494541 -0.0331438 -0.0994426 0.049999 47635 0.00034743 1 0.0175666 -0.186987 0.05 61901.5
0 3605 5 phononTF 0.00177642 1.10985 4.62464 0.023462 24186.1 0.00034743 1 -0.102154 -0.198604 0.05 119658
0 3605 4 phononTF 0.000736678 1.10985 4.62464 0.023462 24186.1 0.00034743 1 -0.0980455 -0.262819 0.05 759990
0 3607 3 phononTS 0.00235086 -1.21952 4.72471 0.0327604 3930.3 0.00034743 1 0.0543807 -0.275135 0.05 55044.9
0 3607 5 phononTF 0.00163683 0.0543807 -0.275135 0.049999 55044.9 0.00069486 1 -0.0798591 -0.197266 0.05 60902
0 3612 5 phononTF 0.001134 4.37598 -1.05119 0.046281 38266.3 0.00034743 1 -0.0186607 -0.184667 0.05 67223.9
0 3612 8 phononL 0.000499493 -0.0186607 -0.184667 0.049999 67223.9 0.00034743 1 -0.0624996 -0.268922 0.05 67278.1
0 3614 4 phononTF 0.000647093 -2.71815 2.11087 0.0187256 69998.2 0.00034743 1 -0.0948354 -0.151548 0.05 198123
0 3615 6 phononTF 0.000519019 -2.62824 0.542482 -0.0489921 85512.6 0.00034743 1 0.0198324 -0.239094 0.05 266691
0 3618 5 phononTS 0.00120627 -0.0632097 2.92873 -0.0312295 101780 0.00034743 1 -0.0514433 -0.260009 0.05 109570
0 3618 6 phononTS 0.000478357 -0.0514433 -0.260009 0.049999 109570 0.00034743 1 -0.0642149 -0.199916 0.05 109713
0 3623 3 phononTS 0.00152372 -1.71905 0.981497 0.0227054 17962.8 0.00069486 1 0.0362969 -0.24526 0.05 28418.9
0 3624 2 phononTF 0.00225888 -2.12481 4.45827 0.00338807 6041.35 0.00104229 1 0.107273 -0.180847 0.05 319487
0 3627 5 phononTS 0.00193058 2.90232 0.0249043 0.0420412 21732.2 0.00034743 1 0.0748503 -0.213562 0.05 276770
0 3631 4 phononTF 0.00106713 4.47991 1.71858 -0.0179128 73541.2 0.00034743 1 0.0501398 -0.265575 0.05 273353
0 3631 2 phononTF 0.00176553 -1.9874 4.35132 0.0411722 3477.26 0.00034743 1 -0.0340423 -0.282991 0.05 51504.5
0 3631 13 phononTS 0.000957127 -0.0340423 -0.282991 0.049999 51504.5 0.00034743 1 -0.0406003 -0.263048 0.05 51562.3
0 3632 4 phononTS 0.000990518 4.78892 -4.23046 0.0446382 202575 0.00034743 1 0.069797 -0.162998 0.05 256251
0 3635 5 phononTS 0.00128016 4.97982 -2.16151 0.0296686 35703.2 0.00034743 1 -0.0431898 -0.165253 0.05 329547
0 3636 4 phononTS 0.00167028 -0.296858 4.86 -0.00299358 59607.1 0.00034743 1 -0.0576165 -0.193593 0.05 411163
0 3637 4 phononTS 0.000868582 4.16288 0.530453 0.0263863 105644 0.00034743 1 0.0820519 -0.27214 0.05 124325
0 3637 2 phononTF 0.00222891 -1.93054 4.88588 0.0143176 1177.71 0.00034743 1 -0.0582483 -0.231811 0.05 474062
0 3637 11 phononTS 0.00126713 -0.0582483 -0.231811 0.049999 474062 0.00069486 1 0.0412726 -0.14408 0.05 474151
0 3644 2 phononTS 0.00138619 -1.6133 3.94249 -0.0105543 325.211 0.00034743 1 0.0922749 -0.219808 0.05 317802
0 3644 7 phononTS 0.000493634 0.0922749 -0.219808 0.049999 317802 0.00034743 1 -0.0751827 -0.210556 0.05 317962
0 3648 3 phononTS 0.00135038 -1.82627 3.78909 0.0054156 3943.81 0.00069486 1 0.0310949 -0.124908 0.05 157527
0 3650 3 phononTS 0.00220766 -2.38311 2.76934 0.0231607 20909.2 0.00069486 1 -0.0475897 -0.256223 0.05 131526
0 3651 4 phononTS 0.00117336 2.87534 0.165805 0.0321759 69611.4 0.00069486 1 -0.0344022 -0.112607 0.05 228516
0 3654 5 phononL 0.00119103 0.811989 -3.38457 -0.029038 191953 0.00069486 1 0.0317511 -0.198379 0.05 595950
0 3654 2 phononTF 0.00145387 -3.47731 3.81969 -0.0133951 8821.8 0.00034743 1 0.0638499 -0.131822 0.05 20303.2
0 3654 16 phononTS 0.000513575 0.0638499 -0.131822 0.049999 20303.2 0.00034743 1 -0.0950263 -0.137394 0.05 23260.6
0 3655 3 phononTF 0.00191819 -4.67591 2.38847 0.0232287 13606.3 0.00034743 1 0.0740787 -0.135538 0.05 34182.3
0 3656 6 phononTS 0.000941678 0.184929 -3.33336 -0.0347698 84554.8 0.00034743 1 0.103694 -0.252486 0.05 102385
0 3658 3 phononTS 0.00158616 -1.83703 3.4547 -0.0295586 349.06 0.00069486 1 0.0790597 -0.183882 0.05 664093
0 3658 18 phononTF 0.000559953 -0.77476 -1.61801 -0.00714364 195351 0.00034743 1 0.0860282 -0.205355 0.05 231487
0 3661 5 phononTF 0.00153388 -3.04448 3.96008 -0.0473038 9939.39 0.00034743 1 -0.0329468 -0.302575 0.05 30521.8
0 3661 8 phononTF 0.000609672 -0.0329468 -0.302575 0.049999 30521.8 0.00034743 1 0.0256306 -0.266806 0.05 30977.1
0 3661 18 phononTS 0.000708025 -3.53147 3.05326 0.045404 8374.73 0.00034743 1 -0.1158 -0.177427 0.05 273756
0 3666 2 phononTS 0.00176102 -2.49964 3.53512 0.0115714 2802.3 0.00034743 1 -0.048681 -0.101584 0.05 253442
0 3666 7 phononTF 0.00135897 -0.048681 -0.101584 0.049999 253442 0.00069486 1 -0.0808671 -0.189368 0.05 253585
0 3671 4 phononL 0.00131751 -1.82767 1.48211 0.0178142 9177.64 0.00069486 1 -0.0254144 -0.140063 0.05 415485
0 3674 4 phononTF 0.000813721 0.813939 4.85159 0.00946983 44236.8 0.00034743 1 -0.04016 -0.270544 0.05 100085
0 3677 2 phononTS 0.00170371 0.403138 2.76756 -0.0102712 7060.07 0.00034743 1 -0.0763647 -0.198438 0.05 139111
0 3681 2 phononTS 0.00246737 -1.32065 4.63252 0.0347143 1824.01 0.00069486 1 0.039652 -0.185568 0.05 23724.1
0 3683 3 phononL 0.00231672 -1.44624 4.06743 0.0303566 1636.27 0.00034743 1 -0.0973447 -0.212578 0.05 26151.9
0 3685 3 phononTF 0.00161359 -0.73201 3.4792 0.0257827 2202.55 0.00034743 1 -0.086773 -0.222719 0.05 26071.2
0 3690 2 phononTF 0.00138857 -1.22304 4.84375 0.0420834 30561.5 0.00034743 1 -0.0858088 -0.224593 0.05 209783
0 3691 6 phononTS 0.00111995 1.36093 -3.20362 -0.00960987 118136 0.00034743 1 0.0283769 -0.287137 0.05 158785
0 3691 9 phononTS 0.000450355 0.0283769 -0.287137 0.049999 158785 0.00034743 1 0.0982183 -0.167623 0.05 158984
0 3691 2 phononTF 0.00101472 -1.86082 4.13498 0.0112548 3999.35 0.00034743 1 0.0472995 -0.0988359 0.05 23841.8
0 3692 4 phononTS 0.00088183 3.53222 -2.43831 -0.0244588 629387 0.00034743 1 0.0225206 -0.244916 0.05 852310
0 3693 5 phononL 0.000712795 -0.425204 3.97977 0.0101731 303797 0.00034743 1 -0.113681 -0.21142 0.05 341750
0 3694 5 phononTF 0.00119672 -4.34089 2.63749 -0.0466564 7262.94 0.00069486 1 0.0404515 -0.263909 0.05 52930.2
0 3694 4 phononTS 0.000984197 -4.34089 2.63749 -0.0466564 7262.94 0.00034743 1 0.0650558 -0.178161 0.05 95118
0 3694 16 phononTS 0.000542442 0.0650558 -0.178161 0.049999 95118 0.00034743 1 0.0749594 -0.20198 0.05 195268
0 3710 4 phononL 0.000828523 1.4243 4.28865 0.00202031 102997 0.00034743 1 0.0489986 -0.181109 0.05 119756
0 3716 6 phononTS 0.000759776 -4.50372 -4.04051 0.0453402 294338 0.00034743 1 -0.0656923 -0.167007 0.05 432431
0 3721 4 phononL 0.00172174 -2.45367 4.1114 0.0442389 8085.27 0.00104229 1 0.099796 -0.252519 0.05 404594
0 3722 5 phononTS 0.00116021 -3.3795 3.99677 0.0355306 33241.9 0.00034743 1 0.0541196 -0.134985 0.05 268236
0 3722 4 phononTS 0.00129927 -3.3795 3.99677 0.0355306 33241.9 0.00034743 1 0.0430182 -0.248406 0.05 79049.3
0 3722 12 phononTS 0.00042426 0.0430182 -0.248406 0.049999 79049.3 0.00034743 1 0.113797 -0.233646 0.05 79307.9
0 3726 2 phononTS 0.00235588 -3.98483 4.98194 0.00482081 12724.7 0.00069486 1 0.118318 -0.185346 0.05 24402.9
0 3727 2 phononTF 0.00155717 -1.11842 4.32031 0.00253835 2566.31 0.00034743 1 -0.0294261 -0.175424 0.05 18824.2
0 3728 5 phononTF 0.0010514 0.090865 4.02365 0.0371213 56522.8 0.00034743 1 0.0531918 -0.288924 0.05 397942
0 3728 12 phononTF 0.000459906 -1.40783 2.49327 0.00706723 102689 0.00034743 1 -0.0435324 -0.262967 0.05 182552
0 3732 2 phononTS 0.00206026 -1.38428 0.551115 -0.0280959 7518.07 0.00034743 1 -0.0679214 -0.187625 0.05 8360.32
0 3734 6 phononTF 0.000670398 0.577469 1.91727 0.0177108 563032 0.00034743 1 0.0818826 -0.126099 0.05 914593
0 3739 3 phononTF 0.00249388 2.5396 2.16176 -0.0499042 27783.4 0.00069486 1 0.120527 -0.205353 0.05 141208
0 3739 6 phononTS 0.000390884 0.120527 -0.205353 0.049999 141208 0.00034743 1 0.043121 -0.101225 0.05 360860
0 3739 2 phononTF 0.00150612 2.5396 2.16176 -0.0499042 27783.4 0.00034743 1 0.100888 -0.197844 0.05 342592
0 3742 3 phononTS 0.00197104 0.409421 4.44775 0.00710584 33593.7 0.00034743 1 0.0379632 -0.115962 0.05 87941.4
0 3744 4 phononL 0.00110285 0.777075 -0.843223 0.0169247 31968.5 0.00034743 1 0.0800447 -0.283542 0.05 57759.2
0 3746 2 phononTS 0.00204511 -1.40511 3.68738 0.0138051 409.273 0.00034743 1 -0.101534 -0.148167 0.05 109650
0 3746 5 phononTF 0.000756648 -0.101534 -0.148167 0.049999 109650 0.00034743 1 -0.0253758 -0.237805 0.05 135578
0 3746 4 phononTF 0.000354734 -0.101534 -0.148167 0.049999 109650 0.00034743 1 0.035471 -0.193957 0.05 110475
0 3747 3 phononTS 0.00157187 -1.98978 1.73303 0.0361209 5033.27 0.00069486 1 0.0540741 -0.193993 0.05 275912
0 3752 4 phononTS 0.000738444 -0.223718 -1.31633 -0.0104944 72086.5 0.00034743 1 0.0247575 -0.25193 0.05 96457
0 3753 2 phononTS 0.00280338 -0.0905035 2.68668 -0.0437465 9102.21 0.00104229 1 -0.0721386 -0.119871 0.05 37955.1
0 3753 4 phononL 0.000632787 -0.0721386 -0.119871 0.049999 37955.1 0.00034743 1 -0.0851402 -0.121764 0.05 38060.9
0 3757 4 phononL 0.0012436 2.07892 4.11848 -0.0262584 95925.7 0.00034743 1 -0.0648891 -0.173524 0.05 287507
0 3764 4 phononTS 0.000834182 -1.79543 2.50633 -0.0397171 1721.26 0.00034743 1 -0.119394 -0.212991 0.05 244822
0 3767 3 phononTF 0.0015506 -2.38885 2.24806 -0.00300598 24760 0.00034743 1 0.109178 -0.198417 0.05 64163.8
0 3767 6 phononTF 0.000549787 0.109178 -0.198417 0.049999 64163.8 0.00034743 1 -0.0199741 -0.252761 0.05 64306.4
0 3768 5 phononTS 0.00125665 2.62992 -3.17529 0.036924 132605 0.00034743 1 -0.118576 -0.184934 0.05 201006
0 3774 2 phononTF 0.00140115 -2.16282 3.36312 0.02018 4697.37 0.00034743 1 -0.0314269 -0.225537 0.05 539826
0 3774 6 phononTF 0.00101498 -0.0314269 -0.225537 0.049999 539826 0.00034743 1 0.0347738 -0.179361 0.05 540325
0 3776 4 phononTS 0.00097368 -0.478993 -3.9543 -0.00665959 46585.4 0.00034743 1 0.0351315 -0.129886 0.05 97325.9
0 3778 2 phononTS 0.00116648 -2.03832 4.36254 -0.0496844 3473.4 0.00069486 1 -0.0871577 -0.251876 0.05 72148.5
0 3780 8 phononTF 0.00102106 -1.65129 -0.575169 -0.0305052 350441 0.00069486 1 0.10636 -0.211024 0.05 572074
0 3781 3 phononTS 0.0024756 -1.61335 3.08841 -0.0183202 3447.83 0.00069486 1 -0.0710102 -0.124482 0.05 36450.2
0 3781 4 phononTF 0.00127724 -0.0710102 -0.124482 0.049999 36450.2 0.00034743 1 0.0546473 -0.103556 0.05 36716.9
0 3784 7 phononTS 0.00210813 -2.95914 1.90639 -0.0191452 39781.4 0.00034743 1 0.03148 -0.128908 0.05 58894.7
0 3784 10 phononTS 0.000691154 0.03148 -0.128908 0.049999 58894.7 0.00034743 1 -0.0259625 -0.196022 0.05 58968.9
0 3784 9 phononL 0.00073947 0.03148 -0.128908 0.049999 58894.7 0.00034743 1 0.0726296 -0.244622 0.05 493786
0 3787 2 phononTF 0.00177655 -1.66686 3.68585 -0.0386099 666.027 0.00034743 1 -0.0492275 -0.212738 0.05 13778.4
0 3789 2 phononTS 0.00118206 -0.927118 1.97948 0.0245047 7108.01 0.00034743 1 -0.0614102 -0.245819 0.05 83170.8
0 3790 5 phononTF 0.00125612 0.276856 3.80229 0.0204721 123270 0.00069486 1 -0.0400849 -0.0964348 0.05 374617
0 3791 3 phononTF 0.00135761 -1.26267 3.11266 0.0228492 2456.32 0.00034743 1 -0.101755 -0.252321 0.05 381210
0 3796 5 phononTS 0.00131989 3.94405 -2.28473 -0.0326091 198786 0.00069486 1 0.0349255 -0.14099 0.05 628915
0 3797 4 phononTF 0.00133622 1.69134 0.94548 -0.0438884 32771.9 0.00034743 1 -0.104937 -0.143799 0.05 360374
0 3798 2 phononTF 0.00197341 -1.44144 3.7944 -0.0360507 1119.63 0.00034743 1 0.0551186 -0.223848 0.05 169072
0 3801 5 phononTS 0.000901312 -1.79578 0.469659 0.0146568 9799.46 0.00034743 1 0.0847649 -0.210282 0.05 63016.9
0 3805 5 phononTF 0.000988354 3.01168 4.99357 0.00343081 621300 0.00034743 1 0.0250476 -0.149927 0.05 756872
0 3814 3 phononTS 0.00276161 -2.66082 1.09756 -0.00169348 16220.4 0.00104229 1 0.0611635 -0.210897 0.05 39758
0 3817 7 phononTF 0.00142298 -1.88904 1.70547 0.0164522 118070 0.00034743 1 -0.0535959 -0.127855 0.05 319085
0 3817 6 phononTS 0.000582668 -1.88904 1.70547 0.0164522 118070 0.00034743 1 0.0931821 -0.140878 0.05 316410
0 3818 2 phononTS 0.00200032 -2.66998 4.34793 0.0158478 3367.92 0.00034743 1 -0.0511551 -0.281545 0.05 33147
0 3822 3 phononTS 0.00209676 -2.28969 1.56538 -0.0220167 9927.4 0.00069486 1 0.0568047 -0.184366 0.05 222122
0 3822 5 phononTS 0.00051322 0.0568047 -0.184366 0.049998 222122 0.00034743 1 0.0460694 -0.177518 0.05 222179
0 3822 2 phononTS 0.00190324 -2.28969 1.56538 -0.0220167 9927.4 0.00069486 1 0.114093 -0.212015 0.05 26882.1
0 3822 21 phononTS 0.000371626 0.114093 -0.212015 0.049999 26882.1 0.00034743 1 0.110582 -0.166644 0.05 26947.1
0 3825 3 phononL 0.00188366 -2.71395 2.34812 0.0139656 37863.7 0.00034743 1 -0.0481883 -0.098486 0.05 199732
0 3825 4 phononTS 0.000940931 -0.0481883 -0.098486 0.049998 199732 0.00034743 1 0.0829934 -0.221033 0.05 685701
0 3825 14 phononL 0.000538838 0.0829934 -0.221033 0.049999 685701 0.00034743 1 -0.0295768 -0.154155 0.05 685856
0 3833 2 phononTF 0.00156396 -1.63023 3.69916 0.0250939 1576.98 0.00034743 1 -0.0284558 -0.150658 0.05 94790.2
0 3833 6 phononTF 0.000800448 -0.0284558 -0.150658 0.049999 94790.2 0.00069486 1 0.0738675 -0.222121 0.05 95009.8
0 3839 5 phononL 0.00107977 3.03585 -1.6847 0.0430541 33221 0.00034743 1 0.0264823 -0.158474 0.05 96540.6
0 3840 4 phononTS 0.00127213 1.45062 -3.53648 0.0430349 96764.8 0.00034743 1 0.052018 -0.226999 0.05 665266
0 3840 7 phononTS 0.000884751 0.052018 -0.226999 0.049999 665266 0.00034743 1 -0.0502082 -0.199272 0.05 666134
0 3840 2 phononTS 0.00128809 -3.09564 4.21396 0.0350787 6132.1 0.00034743 1 -0.0828887 -0.252534 0.05 77743.8
0 3845 5 phononL 0.00180998 1.09285 -1.05648 -0.0190466 79201.5 0.00069486 1 -0.0358819 -0.159621 0.05 90085
0 3845 4 phononTF 0.000991514 1.09285 -1.05648 -0.0190466 79201.5 0.00034743 1 -0.0646972 -0.222623 0.05 82546.1
0 3849 4 phononTF 0.00139849 1.42539 1.66597 0.0281389 27774.4 0.00034743 1 0.0205815 -0.191869 0.05 64983
0 3852 5 phononTS 0.00160213 -1.17222 2.71033 0.00608679 9850.38 0.00034743 1 0.0470798 -0.231179 0.05 57873.9
0 3855 7 phononL 0.00111974 4.82456 -0.670009 0.00375368 195141 0.00034743 1 -0.0841409 -0.231656 0.05 220297
0 3855 4 phononTF 0.000993592 -1.11684 3.96746 -0.00493187 121790 0.00034743 1 0.0167522 -0.220311 0.05 183622
0 3857 6 phononTF 0.000716635 2.36016 1.20751 -0.0497926 80400.2 0.00034743 1 0.0212681 -0.170723 0.05 204186
0 3857 2 phononTS 0.00157025 -2.08116 3.80788 0.0432555 952.196 0.00034743 1 -0.0885429 -0.236138 0.05 74104.1
0 3857 13 phononTF 0.000430795 -0.0885429 -0.236138 0.049999 74104.1 0.00034743 1 -0.0320041 -0.301283 0.05 276390
0 3859 5 phononTF 0.00170407 -4.18395 -0.317904 0.00997041 20425.6 0.00069486 1 -0.101056 -0.173107 0.05 74489.4
0 3860 4 phononTS 0.00195443 -2.8906 3.46381 0.0394096 10037.8 0.00104229 1 0.112856 -0.160761 0.05 77429.7
0 3861 5 phononTS 0.00117303 0.140375 3.05133 0.0251814 55728.1 0.00069486 1 0.0719632 -0.144909 0.05 184055
0 3861 2 phononTS 0.00200739 -4.31936 4.00667 0.0486246 23775.9 0.00069486 1 -0.063151 -0.186045 0.05 240209
0 3867 4 phononTF 0.000472483 0.941927 -0.0387444 -0.033175 338831 0.00034743 1 0.0484475 -0.171187 0.05 354521
0 3870 4 phononTS 0.00103743 -4.32674 4.74138 -0.0270909 10060.4 0.00034743 1 0.0526597 -0.280214 0.05 243779
0 3871 4 phononTS 0.000896013 -1.4904 0.483338 0.0221769 29574.8 0.00034743 1 0.0756705 -0.185922 0.05 30756.2
0 3875 3 phononTS 0.00160813 -3.97436 4.83834 0.0141849 21756.8 0.00069486 1 0.0441209 -0.14437 0.05 63109.1
0 3878 2 phononTS 0.00115978 0.154847 4.51688 -0.0336838 10351.9 0.00034743 1 0.0269913 -0.244339 0.05 243728
0 3880 2 phononTS 0.00137825 -2.03025 4.35041 0.0150004 1462.04 0.00034743 1 0.0792279 -0.12358 0.05 57618.4
0 3888 2 phononTF 0.00207752 -1.33477 4.75287 -0.00531111 4950.58 0.00069486 1 -0.0214976 -0.139453 0.05 63830.4
0 3892 3 phononTS 0.00261117 -0.797244 3.91937 0.0272841 2795.74 0.00069486 1 -0.057559 -0.254872 0.05 30284.3
0 3894 2 phononTF 0.00263432 -1.02152 3.73713 -0.0129178 6037.96 0.00069486 1 0.06001 -0.289468 0.05 17627.3
0 3894 8 phononTS 0.00118104 0.06001 -0.289468 0.049999 17627.3 0.00034743 1 -0.0617478 -0.29248 0.05 132163
0 3894 4 phononL 0.000444853 0.06001 -0.289468 0.049999 17627.3 0.00034743 1 0.0521383 -0.228922 0.05 18128.2
0 3895 5 phononTS 0.00191556 -2.0052 4.79311 0.0400922 1507.83 0.00034743 1 0.0265324 -0.146375 0.05 21390
0 3895 7 phononTS 0.00120605 0.0265324 -0.146375 0.049999 21390 0.00034743 1 -0.0617967 -0.204106 0.05 22083.9
0 3895 15 phononTF 0.000719936 -0.0617967 -0.204106 0.049999 22083.9 0.00034743 1 -0.111036 -0.196202 0.05 22223.5
0 3897 2 phononTS 0.00171441 -2.38467 3.71571 0.0136708 815.196 0.00069486 1 0.0578505 -0.257231 0.05 170613
0 3897 4 phononTF 0.000595046 0.0578505 -0.257231 0.049999 170613 0.00034743 1 0.0357262 -0.127024 0.05 172210
0 3899 7 phononTS 0.00119641 -1.11283 1.50631 -0.0182877 89925.3 0.00034743 1 0.030579 -0.208408 0.05 115118
0 3899 8 phononTF 0.000658576 0.030579 -0.208408 0.049999 115118 0.00034743 1 -0.10174 -0.143603 0.05 115805
0 3900 5 phononTF 0.000989487 -1.41008 0.844789 -0.0186251 8302.84 0.00034743 1 -0.101597 -0.199347 0.05 41644.9
0 3900 7 phononTS 0.000631265 -0.101597 -0.199347 0.049999 41644.9 0.00034743 1 -0.0735157 -0.210321 0.05 41726.5
0 3902 2 phononTS 0.0013712 -1.58674 3.83393 0.00811403 2119.24 0.00069486 1 -0.0578904 -0.286514 0.05 108740
0 3908 5 phononTF 0.00159801 -2.94407 3.63396 -0.033934 24281.9 0.00034743 1 0.101532 -0.210476 0.05 128123
0 3908 7 phononTS 0.000613269 0.101532 -0.210476 0.049999 128123 0.00034743 1 0.108681 -0.20804 0.05 128183
0 3909 6 phononTS 0.000572675 -3.98132 2.65981 0.0163437 56200.4 0.00034743 1 0.0187835 -0.162748 0.05 101117
0 3911 4 phononTS 0.00164745 -1.50245 2.95888 -0.0364424 3398.42 0.00034743 1 0.103798 -0.158021 0.05 68951.9
0 3911 9 phononL 0.000963823 0.103798 -0.158021 0.049999 68951.9 0.00034743 1 -0.0393587 -0.261336 0.05 69008.8
0 3913 5 phononTF 0.00129054 4.87913 0.949202 -0.0130323 58008 0.00069486 1 -0.0659964 -0.219052 0.05 78057.7
0 3916 6 phononTS 0.000517214 3.37983 2.32338 -0.0304833 240832 0.00034743 1 0.100001 -0.226812 0.05 684838
0 3921 3 phononL 0.00184859 -2.97356 2.89282 0.0351921 16070.2 0.00034743 1 0.0722261 -0.114055 0.05 208019
0 3921 8 phononTF 0.00135372 -0.375999 -4.38118 -0.0284052 70054.2 0.00069486 1 -0.0582 -0.148615 0.05 277381
0 3922 7 phononL 0.000654141 -3.72515 -2.2729 -0.0186934 436780 0.00034743 1 -0.0506518 -0.217136 0.05 490045
0 3930 7 phononTS 0.00178681 -3.39216 -2.06535 -0.0310691 107438 0.00034743 1 0.0467316 -0.204173 0.05 559996
0 3931 4 phononTS 0.001088 2.12396 4.00479 0.0382639 112597 0.00034743 1 0.0308372 -0.247167 0.05 255070
0 3932 5 phononTS 0.00152978 -0.979172 -3.19037 0.0498717 50970.9 0.00034743 1 -0.0829958 -0.257689 0.05 119702
0 3933 2 phononTS 0.00115585 -1.5423 4.2438 -0.00185925 1702.71 0.00069486 1 0.0196106 -0.146031 0.05 206710
0 3935 3 phononTF 0.00239165 -1.5413 4.26531 0.0199765 14094.1 0.00104229 1 0.0608204 -0.194433 0.05 25480.6
0 3936 2 phononL 0.000888564 -1.43238 2.92417 -0.0367686 2451.23 0.00034743 1 -0.0880988 -0.274741 0.05 56841.2
0 3938 3 phononTS 0.00201421 -1.69036 3.5063 0.0486395 697.492 0.00034743 1 -0.085788 -0.164518 0.05 119813
0 3938 7 phononTS 0.00061629 -0.085788 -0.164518 0.049999 119813 0.00034743 1 0.0404376 -0.0952751 0.05 120148
0 3939 3 phononTF 0.00119386 -1.7308 3.44948 0.0449068 491.06 0.00069486 1 -0.0801393 -0.115924 0.05 108728
0 3939 14 phononTS 0.00149591 1.24669 0.586257 0.0224003 15184.7 0.00034743 1 -0.0428899 -0.144854 0.05 25592.4
0 3940 5 phononTS 0.00174484 -1.37805 3.10919 0.0292491 946.578 0.00104229 1 -0.0448153 -0.175983 0.05 50465.1
0 3941 5 phononTS 0.00165866 4.19147 3.12804 -0.0139239 129978 0.00034743 1 0.0681994 -0.166771 0.05 328494
0 3941 6 phononTF 0.00102125 0.0681994 -0.166771 0.049999 328494 0.00034743 1 -0.0697154 -0.14911 0.05 328600
0 3942 3 phononTS 0.00257452 -0.429726 4.36979 0.0123434 12235.9 0.00069486 1 -0.0923132 -0.269918 0.05 49127
0 3945 5 phononTS 0.00141237 -4.07223 2.13552 0.0276546 50901.3 0.00034743 1 0.0490264 -0.277794 0.05 154353
0 3947 5 phononTS 0.0018543 0.112542 4.69179 0.0456526 5958.98 0.00034743 1 -0.0152902 -0.165841 0.05 298789
0 3948 5 phononTS 0.00121429 2.34173 1.21031 -0.0458473 94401.2 0.00069486 1 0.105881 -0.197446 0.05 128262
0 3948 4 phononTS 0.000860153 2.34173 1.21031 -0.0458473 94401.2 0.00034743 1 0.0772154 -0.192886 0.05 311042
0 3948 2 phononTS 0.00192555 -1.11794 4.58762 0.0357305 5135.45 0.00069486 1 0.0615789 -0.214585 0.05 130671
0 3949 5 phononL 0.00113121 -2.52258 -0.531264 0.0090291 67778 0.00034743 1 -0.0685355 -0.291723 0.05 259925
0 3949 2 phononTF 0.00212205 -1.52404 3.07332 -0.0242998 11620.5 0.00104229 1 0.0563215 -0.166488 0.05 61815.8
0 3955 3 phononTF 0.00206602 -2.06718 4.83899 0.0101014 9508.06 0.00034743 1 0.0400614 -0.159239 0.05 74186.6
0 3958 2 phononL 0.00181169 -1.80165 3.78413 -0.0174373 28.7211 0.00034743 1 0.027594 -0.185198 0.05 88335.8
0 3961 5 phononTF 0.00174918 -4.85052 2.43262 0.0216493 49303 0.00069486 1 -0.0599229 -0.240789 0.05 61301.8
0 3961 6 phononL 0.00056107 -0.0599229 -0.240789 0.049999 61301.8 0.00034743 1 -0.110154 -0.184269 0.05 61455.6
0 3966 3 phononTF 0.00261065 -1.57297 2.98903 0.0370932 1094.4 0.00034743 1 -0.0850021 -0.175223 0.05 32458
0 3966 7 phononTS 0.000667656 -0.0850021 -0.175223 0.049999 32458 0.00034743 1 -0.077648 -0.183497 0.05 32514.6
0 3966 2 phononL 0.00138935 -1.57297 2.98903 0.0370932 1094.4 0.00034743 1 -0.0535702 -0.13367 0.05 214632
0 3967 4 phononTS 0.00121841 2.74317 4.79471 -0.0344672 116364 0.00034743 1 0.089244 -0.173315 0.05 292861
0 3968 3 phononTS 0.00157082 -1.55813 3.71888 0.0319326 12982.3 0.00069486 1 0.0433804 -0.248942 0.05 83165.4
0 3969 5 phononTS 0.000974163 0.703311 2.33684 -0.0317548 71449.8 0.00034743 1 -0.100728 -0.209604 0.05 88558.7
0 3969 4 phononTF 0.00138509 0.703311 2.33684 -0.0317548 71449.8 0.00034743 1 0.0367669 -0.275801 0.05 86179.2
0 3969 13 phononL 0.000603225 0.0367669 -0.275801 0.049999 86179.2 0.00034743 1 -0.0771716 -0.281516 0.05 153359
0 3973 2 phononL 0.00119856 -1.7464 3.79768 -0.0209658 401.803 0.00069486 1 -0.0874178 -0.207375 0.05 45059.3
0 3976 5 phononTF 0.000832168 2.23741 0.630712 -0.0463183 41742.1 0.00034743 1 0.11253 -0.23275 0.05 173097
0 3977 3 phononTS 0.00208862 -2.32963 2.63247 0.0158127 4164.26 0.00034743 1 -0.0847135 -0.18624 0.05 29516.4
0 3980 4 phononTS 0.00106123 0.65383 4.39134 0.000928142 23771 0.00034743 1 -0.0472839 -0.127951 0.05 308351
0 3991 4 phononTS 0.00120924 -3.11548 3.23862 -0.00618079 4638.38 0.00034743 1 -0.0688592 -0.231804 0.05 74064.5
0 3992 6 phononTS 0.000828281 -3.06553 1.84076 0.0206304 37212.3 0.00034743 1 0.0773662 -0.143539 0.05 55834.1
0 3999 3 phononL 0.00131531 -2.23111 3.35482 -0.0442909 3950.47 0.00034743 1 -0.04685 -0.22078 0.05 155264
0 3999 4 phononTF 0.000442721 -0.04685 -0.22078 0.049999 155264 0.00034743 1 -0.0501143 -0.144743 0.05 155384
0 3999 13 phononTS 0.00194525 2.99203 -1.44823 0.00995253 90417.4 0.00069486 1 0.0258926 -0.221074 0.05 106118
0 4004 7 phononTF 0.00124194 3.46053 -1.26839 0.0134272 147446 0.00069486 1 -0.0868821 -0.244656 0.05 376601
0 4006 2 phononTF 0.00180716 -1.26491 3.33658 -0.0276432 1876.34 0.00104229 1 0.0858189 -0.212818 0.05 38135.1
0 4013 3 phononL 0.00246623 -0.807966 3.39183 0.0289258 2387.1 0.00138972 1 0.0541659 -0.261726 0.05 23864.2
0 4014 4 phononL 0.0011544 -1.74924 -1.28685 -0.0258263 21337.3 0.00069486 1 0.0441849 -0.142629 0.05 82295.1
0 4015 6 phononTF 0.000569388 1.84856 1.61452 -0.00887455 463466 0.00034743 1 0.0708352 -0.290671 0.05 734388
0 4015 4 phononTF 0.00139813 0.321812 4.66027 -0.0105036 9842.85 0.00034743 1 0.115981 -0.215328 0.05 189490
0 4015 13 phononL 0.00038703 0.115981 -0.215328 0.049999 189490 0.00034743 1 0.104924 -0.159451 0.05 190168
0 4018 3 phononTS 0.0015841 -0.619413 3.34427 0.0437608 7894.26 0.00034743 1 -0.034116 -0.185318 0.05 326984
0 4018 10 phononTS 0.00165607 4.89257 2.74333 0.00375446 342336 0.00069486 1 -0.040535 -0.180538 0.05 361030
0 4019 5 phononTS 0.00131912 -4.37612 0.0947635 0.00394014 43482.4 0.00034743 1 0.0786543 -0.186509 0.05 51768.8
0 4019 8 phononL 0.000602341 0.0786543 -0.186509 0.049999 51768.8 0.00034743 1 -0.0190874 -0.168549 0.05 99095.6
0 4022 2 phononTS 0.00202191 -1.69925 4.20873 -0.00925869 320.798 0.00034743 1 -0.0833276 -0.255825 0.05 166142
0 4022 7 phononTS 0.000529335 -0.0833276 -0.255825 0.049999 166142 0.00034743 1 -0.093403 -0.190886 0.05 166281
0 4025 3 phononTF 0.00209453 -1.9957 4.92552 0.0185352 7393.51 0.00069486 1 -0.0392461 -0.214738 0.05 67915.5
0 4030 5 phononL 0.000984906 -1.35498 -2.06124 -0.0449351 153872 0.00034743 1 -0.113317 -0.168833 0.05 206500
0 4030 7 phononTS 0.000502012 -0.113317 -0.168833 0.049998 206500 0.00034743 1 0.0601567 -0.129886 0.05 764832
0 4030 16 phononTF 0.00134558 2.36297 3.12471 0.0487458 56926.1 0.00034743 1 0.0752853 -0.164362 0.05 69887.3
0 4035 5 phononTS 0.00147597 0.111459 4.06256 -0.0189172 188538 0.00034743 1 -0.0575586 -0.291214 0.05 548013
0 4045 3 phononTS 0.00170671 -3.45021 4.2247 0.0480267 1679.9 0.00104229 1 0.0660203 -0.264722 0.05 50671.3
0 4046 4 phononTF 0.00111912 4.80146 -2.52439 0.001342 163897 0.00069486 1 -0.0538577 -0.258448 0.05 215094
0 4046 15 phononTF 0.000619528 -4.50403 -2.58113 0.0260046 46481.5 0.00034743 1 0.0988704 -0.196481 0.05 123120
0 4049 7 phononTF 0.00107852 -1.28447 -3.81977 0.0497593 70165 0.00034743 1 0.026373 -0.118942 0.05 553283
0 4051 4 phononTF 0.00198852 -2.36467 -4.55932 -0.0293238 135438 0.00069486 1 0.0165921 -0.211869 0.05 171426
0 4053 4 phononL 0.000820441 2.75874 4.5537 0.0197498 16463.3 0.00034743 1 0.0582149 -0.28398 0.05 240632
0 4054 2 phononTS 0.00147654 -2.19836 3.54658 0.0441143 932.897 0.00069486 1 0.0792201 -0.277876 0.05 198054
0 4055 3 phononTS 0.00175612 -2.96212 4.96713 0.0466358 16304.3 0.00034743 1 0.0519512 -0.150403 0.05 236696
0 4060 3 phononTS 0.00166617 -1.79354 4.25222 -0.016169 814.502 0.00069486 1 0.0249022 -0.271692 0.05 50201.1
0 4061 3 phononTS 0.00222411 -1.9557 3.72077 0.010805 124.622 0.00034743 1 0.0584352 -0.173361 0.05 138998
0 4065 8 phononTS 0.00108464 -0.0624596 0.184764 -0.0358932 512227 0.00034743 1 0.0922652 -0.210242 0.05 1.06066e+06
0 4071 2 phononTS 0.00207644 -0.603823 4.7805 0.0213572 5603.32 0.00034743 1 0.0718262 -0.19353 0.05 281857
0 4074 4 phononTF 0.00184049 0.647449 3.11854 -0.032122 10806.6 0.00069486 1 -0.0731295 -0.206214 0.05 101666
0 4074 10 phononL 0.000382116 -0.0731295 -0.206214 0.049998 101666 0.00034743 1 0.0103832 -0.190092 0.05 101737
0 4077 4 phononTS 0.00116124 -1.27529 1.67578 0.0156874 22360.5 0.00034743 1 0.0860409 -0.200963 0.05 51736.1
0 4077 8 phononTF 0.000663358 0.0860409 -0.200963 0.049999 51736.1 0.00034743 1 0.0365948 -0.167335 0.05 52175.3
0 4079 5 phononTS 0.00106329 -1.18368 -2.9094 0.0441634 85471.7 0.00034743 1 0.0602541 -0.291787 0.05 181831
0 4080 2 phononTS 0.00199779 -1.873 3.61364 -0.03399 1903.51 0.00034743 1 -0.0161176 -0.236723 0.05 54551.7
0 4080 7 phononTS 0.000608639 -0.0161176 -0.236723 0.049999 54551.7 0.00034743 1 0.0339625 -0.257332 0.05 92288.4
0 4080 6 phononTF 0.000978059 -0.0161176 -0.236723 0.049999 54551.7 0.00034743 1 -0.0629808 -0.144116 0.05 54622
0 4083 3 phononL 0.00173856 -1.85782 3.21791 -0.00214538 22033 0.00034743 1 0.0169534 -0.236967 0.05 165302
0 4084 5 phononTS 0.00147568 4.31056 1.44154 0.0282016 60512.5 0.00104229 1 -0.0351774 -0.10161 0.05 264596
0 4086 5 phononTF 0.000885151 -1.08483 2.01915 0.00928803 8267.43 0.00034743 1 -0.0375565 -0.288012 0.05 489227
0 4088 4 phononL 0.00166061 3.20582 1.11737 -0.0250133 128172 0.00034743 1 -0.0732873 -0.189924 0.05 632642
0 4088 6 phononTF 0.000485794 -0.0732873 -0.189924 0.049999 632642 0.00034743 1 -0.0549535 -0.185326 0.05 632767
0 4091 6 phononTS 0.000806921 1.16619 -0.665247 0.0305625 145411 0.00034743 1 -0.108472 -0.212753 0.05 294869
0 4094 4 phononL 0.00162895 -1.31445 4.98344 -0.0254629 15387.3 0.00069486 1 0.0584154 -0.104067 0.05 184852
0 4095 5 phononTS 0.00182014 2.5982 3.46637 -0.0309539 100573 0.00034743 1 -0.037036 -0.18249 0.05 106703
0 4096 4 phononTF 0.0015303 1.77782 3.02865 0.00872694 16943.7 0.00034743 1 -0.0266148 -0.238513 0.05 37228.6
0 4097 2 phononL 0.00184176 -2.39556 4.16785 0.049158 6903.91 0.00069486 1 0.040505 -0.21987 0.05 165348
0 4100 5 phononTS 0.00122884 -0.341497 3.95341 0.0128874 13978.6 0.00069486 1 0.0645191 -0.245283 0.05 28991
0 4101 3 phononTF 0.00170274 -1.51883 2.86808 0.013256 3307.98 0.00069486 1 -0.0729638 -0.207027 0.05 67136.1
0 4101 6 phononTF 0.000380185 -0.0729638 -0.207027 0.049999 67136.1 0.00034743 1 -0.115972 -0.196783 0.05 67396.7
0 4102 3 phononL 0.00216984 -2.24857 4.14988 0.0143663 1093.36 0.00034743 1 0.031594 -0.286651 0.05 50779.7
0 4102 4 phononTS 0.000429232 0.031594 -0.286651 0.049999 50779.7 0.00034743 1 0.0934904 -0.180186 0.05 51152.2
0 4106 3 phononL 0.00200682 -0.503168 4.54987 -0.0114077 5333.77 0.00069486 1 0.0488484 -0.291115 0.05 123970
0 4106 10 phononTF 0.000989308 0.0488484 -0.291115 0.049999 123970 0.00034743 1 0.0539896 -0.173285 0.05 124036
0 4111 4 phononTS 0.00109833 -1.95525 4.98771 0.00807258 131836 0.00034743 1 0.0949519 -0.157068 0.05 449491
0 4117 4 phononTF 0.000592708 2.01423 -2.51485 -0.0228594 67088.2 0.00034743 1 -0.0964666 -0.163335 0.05 214054
0 4119 5 phononL 0.00167313 -1.97026 4.67726 0.0208556 1206.01 0.00034743 1 0.0645056 -0.208577 0.05 6729.2
0 4119 4 phononTS 0.00172953 -1.97026 4.67726 0.0208556 1206.01 0.00034743 1 -0.0468899 -0.229266 0.05 227829
0 4122 5 phononTF 0.00185398 -3.90545 2.6394 0.0334922 19761.5 0.00034743 1 0.0546589 -0.101003 0.05 367375
0 4122 7 phononL 0.000640651 0.0546589 -0.101003 0.049999 367375 0.00034743 1 -0.0264025 -0.11055 0.05 367528
0 4123 3 phononTS 0.00185744 -0.3752 2.74978 -0.0177833 8873.46 0.00034743 1 -0.10104 -0.193225 0.05 266880
0 4124 5 phononTS 0.00183122 -1.13284 -4.06228 0.0420668 38118.3 0.00069486 1 0.108301 -0.206264 0.05 263430
0 4124 9 phononTF 0.000398288 0.108301 -0.206264 0.049999 263430 0.00034743 1 0.053615 -0.212295 0.05 263495
0 4128 2 phononL 0.00170437 -1.33682 4.53919 0.0152114 5104.8 0.00034743 1 -0.0505863 -0.266511 0.05 200777
0 4136 6 phononTS 0.000755214 4.77752 2.64385 -0.0407647 66282.9 0.00034743 1 -0.100103 -0.193426 0.05 779696
0 4136 4 phononTS 0.00149514 -4.31761 3.57424 0.0378202 17321.2 0.00034743 1 -0.10408 -0.209475 0.05 213991
0 4136 12 phononTS 0.00108164 -0.10408 -0.209475 0.049999 213991 0.00034743 1 0.0731467 -0.177911 0.05 214088
0 4136 2 phononTF 0.000843279 -2.01376 4.16797 0.0338784 4469.53 0.00034743 1 -0.102665 -0.204641 0.05 121075
0 4137 5 phononTF 0.000948705 -0.0604516 3.57801 -0.00937774 13689.6 0.00034743 1 -0.0896241 -0.269333 0.05 56206.8
0 4138 2 phononTS 0.00236804 -1.15791 4.57468 -0.028122 1923.52 0.00069486 1 0.0154473 -0.211135 0.05 86595.6
0 4138 4 phononTS 0.00113763 0.0154473 -0.211135 0.049998 86595.6 0.00069486 1 0.0677745 -0.139845 0.05 86774.7
0 4141 5 phononL 0.00130324 3.947 -2.26365 0.00245265 45329.8 0.00034743 1 0.0502233 -0.252809 0.05 318950
0 4144 3 phononL 0.00163498 -1.63408 3.74386 -0.00249278 704.242 0.00034743 1 0.0212813 -0.202526 0.05 250485
0 4145 2 phononTF 0.00143909 -1.46574 4.10092 0.0135422 813.175 0.00069486 1 -0.0411014 -0.110974 0.05 57880.7
0 4147 6 phononTS 0.000764798 1.02872 -0.341288 0.00357768 62384.7 0.00034743 1 0.0723557 -0.249039 0.05 63132.6
0 4157 3 phononTS 0.00233548 -2.92479 4.00376 0.0132489 5759.21 0.00034743 1 0.0647153 -0.283783 0.05 55739.4
0 4157 2 phononTF 0.00166452 -2.92479 4.00376 0.0132489 5759.21 0.00034743 1 -0.0616243 -0.168978 0.05 62910.6
0 4163 4 phononL 0.00157251 -4.80944 3.11188 -0.0216233 41062.9 0.00069486 1 0.10626 -0.214639 0.05 69132.6
0 4163 2 phononL 0.00130713 -0.790001 4.3499 -0.0467042 4634.7 0.00069486 1 -0.0886827 -0.223429 0.05 34966.8
0 4167 2 phononTS 0.00188307 -3.38188 4.67809 -0.033286 2692.72 0.00034743 1 0.0345106 -0.139369 0.05 77854.6
0 4167 4 phononTS 0.001014 0.0345106 -0.139369 0.049999 77854.6 0.00034743 1 -0.0492299 -0.26987 0.05 187632
0 4168 3 phononL 0.00262384 -3.36936 3.01121 0.0201189 5113.93 0.00034743 1 0.0217453 -0.266999 0.05 57126.2
0 4171 5 phononTS 0.000536914 -2.82844 3.14396 -0.0217416 142697 0.00034743 1 0.0333746 -0.287045 0.05 201560
0 4175 3 phononL 0.00257115 -2.61535 1.81466 0.012152 24743.7 0.00069486 1 -0.119147 -0.221224 0.05 36168.4
0 4175 6 phononL 0.000659469 -0.119147 -0.221224 0.049998 36168.4 0.00034743 1 -0.0713528 -0.11642 0.05 38880
0 4177 5 phononTS 0.00142638 -3.11348 -3.03776 -0.0353713 38592.1 0.00069486 1 -0.0658097 -0.188789 0.05 69664.9
0 4178 3 phononTS 0.00166605 -1.85982 4.17703 -0.0204945 1409.12 0.00034743 1 0.0357236 -0.154188 0.05 30941.6
0 4178 5 phononTS 0.000388036 0.0357236 -0.154188 0.049999 30941.6 0.00034743 1 -0.0228808 -0.25215 0.05 31596.5
0 4179 2 phononL 0.00156319 3.42011 4.18491 -0.0344244 16055.4 0.00069486 1 -0.0379825 -0.155964 0.05 168526
0 4182 4 phononTF 0.00105355 0.246425 -1.86494 0.0443674 54769.2 0.00034743 1 -0.0235705 -0.174827 0.05 216723
0 4183 2 phononTS 0.00159946 -1.76146 3.76864 0.000842313 4.20215 0.00034743 1 -0.0195803 -0.207512 0.05 230896
0 4185 2 phononTS 0.00224814 -2.25533 4.47704 0.02174 11374 0.00034743 1 -0.058796 -0.180224 0.05 53264
0 4186 5 phononL 0.00130311 -1.87302 -4.60914 -0.000889308 96625.4 0.00069486 1 -0.042517 -0.166202 0.05 187265
0 4187 5 phononL 0.000516592 -4.77445 2.21882 0.0254664 258494 0.00034743 1 0.0338719 -0.277585 0.05 935867
0 4189 5 phononTF 0.00124722 -3.02424 3.84711 0.0406621 4172.53 0.00034743 1 -0.0390996 -0.260662 0.05 101051
0 4192 4 phononTS 0.00176741 -0.588783 1.88249 0.0224985 29764.9 0.00104229 1 -0.0587432 -0.214072 0.05 63509.8
0 4195 2 phononTS 0.00152355 -0.984873 4.12377 0.0401068 5989.6 0.00069486 1 -0.0968406 -0.157788 0.05 162143
0 4196 3 phononTF 0.00107215 -1.99114 4.0441 0.0200382 4976.18 0.00034743 1 0.0542529 -0.166315 0.05 369071
0 4197 8 phononTS 0.00095996 -3.4737 -2.14414 -0.0484107 360123 0.00034743 1 -0.0248101 -0.206665 0.05 393021
0 4201 4 phononL 0.00114956 1.80416 1.26795 0.0254573 70879.6 0.00069486 1 -0.0349019 -0.127588 0.05 213194
0 4206 5 phononL 0.00131483 -2.47722 4.09139 0.000409889 19121 0.00034743 1 -0.0344753 -0.200973 0.05 207637
0 4208 4 phononTS 0.000601843 -2.47857 0.81459 -0.020614 92941.4 0.00034743 1 -0.0894119 -0.193584 0.05 99487.5
0 4208 12 phononTF 0.00140069 0.390627 4.42859 0.0152772 5028.84 0.00069486 1 -0.0527642 -0.267723 0.05 278012
0 4210 5 phononTS 0.00133224 -3.10008 3.23136 -0.0411634 85506.3 0.00069486 1 0.0478387 -0.211307 0.05 180712
0 4214 4 phononTS 0.00124416 4.49463 3.39417 0.0228704 166907 0.00069486 1 0.0297081 -0.247497 0.05 340920
0 4215 2 phononTS 0.00132097 0.369377 4.79883 -0.041716 19600.9 0.00069486 1 0.0485632 -0.221708 0.05 39565.8
0 4224 2 phononTS 0.00238132 -4.00878 4.73977 -0.0374071 24840.8 0.00069486 1 -0.11239 -0.237905 0.05 38707.3
0 4224 4 phononTS 0.00113689 -0.11239 -0.237905 0.049999 38707.3 0.00034743 1 0.0228605 -0.168178 0.05 40149.3
0 4224 13 phononTF 0.000432519 0.0228605 -0.168178 0.049999 40149.3 0.00034743 1 0.0292243 -0.253031 0.05 40216.7
0 4225 2 phononTS 0.00249548 -2.66637 2.91579 -0.0494452 10715.2 0.00069486 1 0.06773 -0.178082 0.05 43350.5
0 4230 5 phononTS 0.00174134 -0.892653 3.16915 0.0386884 7569.48 0.00034743 1 -0.0240635 -0.21096 0.05 110340
0 4232 6 phononL 0.00122833 0.650399 3.58338 0.00143723 104170 0.00034743 1 0.0678901 -0.229186 0.05 205081
0 4237 2 phononL 0.0019991 -0.384978 2.69162 0.0139526 5420.78 0.00069486 1 -0.117863 -0.201298 0.05 260775
0 4238 2 phononTF 0.0012608 -2.54546 2.40322 0.0229249 24427.8 0.00034743 1 0.109187 -0.200026 0.05 423757
0 4238 6 phononTS 0.000611419 0.109187 -0.200026 0.049999 423757 0.00034743 1 0.119842 -0.213188 0.05 423817
0 4240 5 phononTS 0.00130064 0.864398 -0.367851 0.00222627 76349 0.00034743 1 -0.0687526 -0.148106 0.05 234995
0 4245 6 phononTF 0.00053824 2.6368 3.50255 0.0274285 89712.8 0.00034743 1 0.0473395 -0.121604 0.05 354057
0 4247 2 phononTS 0.00170543 0.110745 4.94558 -0.000738535 16276 0.00034743 1 0.113141 -0.166638 0.05 50654.5
0 4250 4 phononTF 0.000915586 -0.882376 3.02817 -0.0146784 29307.9 0.00034743 1 -0.0423877 -0.197615 0.05 57815.9
0 4250 2 phononTF 0.00164797 -1.81832 2.8384 -0.0120035 5678.43 0.00104229 1 0.112118 -0.220179 0.05 134689
0 4253 5 phononTF 0.00103877 1.61624 3.3608 0.0117066 27467 0.00069486 1 -0.0790037 -0.147361 0.05 94310.8
0 4255 2 phononL 0.00193808 -2.54699 3.89866 0.043513 1550.39 0.00069486 1 -0.0913087 -0.243005 0.05 91438.9
0 4257 2 phononTF 0.00295874 -2.57453 4.70221 -0.0149936 9367.61 0.00034743 1 -0.0663035 -0.166997 0.05 55753.2
0 4257 5 phononTF 0.00104541 -0.0663035 -0.166997 0.049999 55753.2 0.00034743 1 -0.0396929 -0.171482 0.05 55816
0 4258 3 phononTF 0.00150935 -1.63924 3.45061 0.0391114 4027.31 0.00034743 1 -0.0924329 -0.132283 0.05 64589.3
0 4260 4 phononTF 0.00104663 -3.71306 4.43879 0.0403082 61839.6 0.00034743 1 0.0982598 -0.200322 0.05 186504
0 4262 7 phononL 0.000795574 1.35792 -0.542023 -0.0308386 119415 0.00034743 1 -0.0604422 -0.260477 0.05 131032
0 4266 7 phononTF 0.000671037 -1.46398 -0.178411 -0.0444663 71538.1 0.00034743 1 0.087519 -0.255685 0.05 319800
0 4268 7 phononTS 0.0010398 1.7111 -3.98279 -0.0383192 174013 0.00034743 1 -0.0299945 -0.239716 0.05 225185
0 4269 3 phononL 0.00169834 -1.67934 3.70382 -0.0198649 2073.88 0.00034743 1 -0.0513012 -0.244352 0.05 76305.2
0 4269 4 phononTS 0.000444386 -0.0513012 -0.244352 0.049999 76305.2 0.00034743 1 -0.0430714 -0.23941 0.05 76364.1
0 4270 4 phononTF 0.000935097 3.64166 -4.2162 -0.0302174 28600 0.00069486 1 -0.0993209 -0.17048 0.05 180534
0 4274 2 phononTS 0.00157257 -1.24884 3.80514 0.0358502 2023.44 0.00034743 1 0.0932661 -0.240259 0.05 62673.8
0 4274 5 phononTS 0.000428944 0.0932661 -0.240259 0.049998 62673.8 0.00034743 1 -0.0285865 -0.267945 0.05 62758
0 4282 4 phononL 0.000814362 1.16084 -0.58784 0.00562198 50402.9 0.00034743 1 0.0592992 -0.270498 0.05 238708
0 4287 2 phononTF 0.00178536 -1.32067 4.60095 -0.0185271 2295.27 0.00069486 1 -0.0668075 -0.190849 0.05 141240
0 4295 4 phononTF 0.00162501 -1.05552 4.81389 -0.000592873 19439.8 0.00034743 1 0.0903835 -0.186459 0.05 388649
0 4299 5 phononTS 0.00139238 -0.611901 -0.712279 -0.012558 18404.1 0.00069486 1 0.0587752 -0.278886 0.05 23944.7
0 4300 3 phononTF 0.00192882 -3.11565 4.83766 0.00982618 13788.5 0.00034743 1 0.0180999 -0.21234 0.05 216382
0 4300 5 phononTF 0.00157472 0.0180999 -0.21234 0.049999 216382 0.00034743 1 0.038141 -0.28923 0.05 471298
0 4300 2 phononTS 0.00207118 -3.11565 4.83766 0.00982618 13788.5 0.00069486 1 0.0303466 -0.219017 0.05 123336
0 4300 13 phononTS 0.00112653 0.0303466 -0.219017 0.049999 123336 0.00034743 1 0.0916345 -0.221243 0.05 123581
0 4301 3 phononTS 0.00256037 -2.42024 3.43376 0.00911436 2936.16 0.00069486 1 -0.101792 -0.165222 0.05 39783.4
0 4301 8 phononTS 0.000367181 -0.101792 -0.165222 0.049999 39783.4 0.00034743 1 0.0933231 -0.196176 0.05 337086
0 4302 3 phononTS 0.00218964 -0.956023 3.3597 0.0354827 1227.09 0.00069486 1 0.0598934 -0.246636 0.05 224539
0 4302 6 phononTF 0.000348671 0.0598934 -0.246636 0.049999 224539 0.00034743 1 -0.0180462 -0.176138 0.05 619480
0 4303 2 phononTS 0.0018334 -1.77602 4.74763 -0.0136194 8703.36 0.00034743 1 -0.11613 -0.180152 0.05 68285.4
0 4306 2 phononTS 0.00163645 -1.10002 4.44916 0.0115075 3282.25 0.00034743 1 0.0636271 -0.250989 0.05 158763
0 4307 5 phononTS 0.00152199 -4.5133 -0.241535 0.00704711 15813.3 0.00034743 1 0.0755636 -0.287576 0.05 150000
0 4310 6 phononTF 0.000953599 -3.02394 1.56191 -0.0321472 272994 0.00034743 1 -0.0317534 -0.202825 0.05 424843
0 4310 13 phononTF 0.000702029 -3.70926 3.33638 0.0164038 20411.4 0.00034743 1 0.0573459 -0.109417 0.05 349897
0 4311 2 phononTF 0.000919595 -1.80387 3.70305 0.0143077 57.67 0.00034743 1 0.0799388 -0.145735 0.05 95198.8
0 4314 5 phononTS 0.000645704 0.129077 -2.49362 0.0307162 103822 0.00034743 1 -0.0851455 -0.12958 0.05 166263
0 4316 2 phononTS 0.00130428 -2.75372 4.40175 0.0455528 1827.28 0.00069486 1 0.0627024 -0.19953 0.05 112035
0 4319 7 phononTS 0.000932414 2.26837 1.65061 0.0275944 119786 0.00034743 1 -0.0622823 -0.159692 0.05 176745
0 4323 4 phononL 0.000950126 -1.45214 4.82703 0.0184523 34786.6 0.00034743 1 0.0500143 -0.268521 0.05 206396
0 4324 3 phononTS 0.0015986 -2.05193 1.67213 -0.0255771 2495.44 0.00069486 1 -0.0501901 -0.14206 0.05 105806
0 4325 2 phononL 0.00156093 -2.374 3.50398 -0.0104148 1796.19 0.00034743 1 -0.089794 -0.253007 0.05 256712
0 4328 3 phononTS 0.00149522 -1.91302 4.13709 -0.0249128 2964.06 0.00034743 1 0.0101507 -0.205078 0.05 41369.2
0 4328 5 phononTF 0.000999496 0.0101507 -0.205078 0.049999 41369.2 0.00034743 1 -0.0333861 -0.219922 0.05 189928
0 4330 4 phononL 0.000972158 0.841342 2.72654 0.048252 68263.1 0.00034743 1 -0.09545 -0.254578 0.05 154313
0 4336 2 phononTS 0.00149459 -1.65695 3.30697 -0.0393111 11342.5 0.00034743 1 0.112157 -0.200329 0.05 22114.7
0 4336 8 phononL 0.000554939 0.112157 -0.200329 0.049999 22114.7 0.00034743 1 0.0797502 -0.116664 0.05 325446
0 4338 2 phononTF 0.0020565 -1.6508 2.59045 -0.0118352 4491.92 0.00034743 1 0.0183339 -0.251264 0.05 115345
0 4342 5 phononL 0.000943563 -3.55187 -4.41893 -0.0240499 78817.3 0.00069486 1 0.0434564 -0.178917 0.05 438774
0 4342 12 phononL 0.00195144 -1.36327 3.69387 -0.0293557 44946.4 0.00069486 1 0.0505121 -0.180323 0.05 101637
0 4343 2 phononTF 0.00183316 -2.46439 4.64551 -0.0336613 19639.5 0.00034743 1 -0.0207779 -0.143498 0.05 1.18113e+06
0 4362 4 phononTS 0.00140458 -0.264979 4.03603 0.0406767 59192.8 0.00034743 1 0.101011 -0.173769 0.05 154429
0 4365 5 phononTF 0.00163155 -1.94672 0.75501 0.0156291 91010.8 0.00069486 1 -0.0517148 -0.29611 0.05 258109
0 4365 17 phononTS 0.00116081 4.80123 -2.76857 -0.0158775 171520 0.00034743 1 -0.0509691 -0.133982 0.05 181285
0 4365 20 phononTS 0.000555024 -0.0509691 -0.133982 0.049999 181285 0.00034743 1 -0.0517524 -0.187561 0.05 181354
0 4370 6 phononTS 0.000964702 4.75869 3.22278 -0.0420775 122763 0.00034743 1 -0.0980694 -0.261004 0.05 378971
0 4372 4 phononTS 0.000864072 -3.65725 -0.243888 0.0280739 130372 0.00034743 1 0.114735 -0.206345 0.05 263680
0 4374 3 phononTS 0.00161851 -2.02692 4.78182 0.0461285 16251.9 0.00034743 1 0.0980943 -0.217644 0.05 323952
0 4374 4 phononTS 0.000848896 0.0980943 -0.217644 0.049999 323952 0.00034743 1 -0.0938856 -0.161627 0.05 324359
0 4375 3 phononTF 0.0023171 -1.51001 2.28284 0.0315519 7759.65 0.00069486 1 -0.0539112 -0.286354 0.05 23938.4
0 4376 2 phononTS 0.00122127 -1.45728 4.59918 -0.0380415 6486.61 0.00034743 1 -0.0327749 -0.231685 0.05 372860
0 4376 6 phononTS 0.000377066 -0.0327749 -0.231685 0.049999 372860 0.00034743 1 -0.0408581 -0.211502 0.05 372917
0 4380 3 phononTS 0.00237705 -1.10011 3.81729 -0.0121231 2732.7 0.00069486 1 0.0919124 -0.184791 0.05 8968.66
0 4382 7 phononTS 0.00140874 -1.03134 0.477224 0.0361389 41495 0.00069486 1 0.0980092 -0.180042 0.05 336960
0 4382 14 phononTF 0.000526717 0.0980092 -0.180042 0.049999 336960 0.00034743 1 -0.0224929 -0.236917 0.05 430159
0 4387 7 phononL 0.00079787 1.61881 -1.05409 0.000687087 149168 0.00034743 1 0.0150018 -0.222215 0.05 628128
0 4387 6 phononTS 0.000531168 1.61881 -1.05409 0.000687087 149168 0.00034743 1 0.078906 -0.246776 0.05 324832
0 4389 2 phononTF 0.00219299 -1.05471 3.40588 6.74323e-05 5445.54 0.00034743 1 0.0870331 -0.127553 0.05 134309
0 4392 3 phononTF 0.00252594 0.540175 4.71643 0.0319934 21335.5 0.00034743 1 0.0486792 -0.277561 0.05 36813.1
0 4392 6 phononTS 0.000587869 0.0486792 -0.277561 0.049999 36813.1 0.00034743 1 -0.092802 -0.145896 0.05 82386.7
0 4394 2 phononTS 0.00181302 -1.96452 3.83287 0.0412071 8581.73 0.00104229 1 -0.0618999 -0.134335 0.05 266760
0 4397 4 phononTS 0.000758852 -3.96183 4.83622 0.00172893 71029 0.00034743 1 -0.03056 -0.257616 0.05 289082
0 4397 2 phononTF 0.00237695 -2.33382 2.9442 -0.00684841 2987.96 0.00069486 1 -0.0337839 -0.245171 0.05 53272.7
0 4401 4 phononTF 0.0011866 -1.3677 2.97908 0.0373523 66927 0.00034743 1 -0.043937 -0.303831 0.05 495168
0 4404 4 phononTF 0.000921003 -2.97395 -3.80942 -0.0200241 232974 0.00034743 1 0.0393407 -0.152337 0.05 247142
0 4406 7 phononTF 0.000999 0.505399 4.29281 0.00813855 876991 0.00034743 1 0.0431544 -0.302794 0.05 1.11357e+06
0 4407 4 phononTF 0.00119319 4.47092 0.511015 -0.0430258 60909 0.00034743 1 -0.0502668 -0.280075 0.05 137115
0 4407 7 phononTS 0.000645489 -0.0502668 -0.280075 0.049999 137115 0.00034743 1 0.0977719 -0.233003 0.05 217292
0 4408 7 phononTS 0.00146358 -2.50803 3.89058 0.0142355 290276 0.00034743 1 0.0966862 -0.241924 0.05 345606
0 4410 9 phononTS 0.00140684 -1.02661 1.59152 -0.017917 131190 0.00034743 1 0.0664104 -0.107063 0.05 232704
0 4415 5 phononL 0.00105001 0.408917 4.87817 -0.0120445 19321.2 0.00034743 1 -0.106305 -0.166779 0.05 36099.3
0 4418 2 phononL 0.00255339 -2.20323 2.50923 -0.0120803 12807.3 0.00034743 1 0.106685 -0.220763 0.05 34656.5
0 4418 6 phononL 0.00115772 0.106685 -0.220763 0.049999 34656.5 0.00034743 1 -0.0250105 -0.159551 0.05 259206
0 4419 3 phononL 0.00203405 -2.29232 4.98633 0.0312805 10288.2 0.00034743 1 -0.0014698 -0.200749 0.05 77805.4
0 4419 5 phononTF 0.000931096 -0.0014698 -0.200749 0.049999 77805.4 0.00034743 1 0.0474427 -0.190269 0.05 77985.3
0 4420 5 phononTF 0.00197706 2.4496 3.09917 -0.0058397 98401.5 0.00069486 1 0.0361319 -0.285062 0.05 192027
0 4420 8 phononL 0.000389986 0.0361319 -0.285062 0.049999 192027 0.00034743 1 -0.103309 -0.175983 0.05 279333
0 4421 7 phononTF 0.00105071 -2.20513 -0.0968352 -0.0474799 146055 0.00034743 1 0.0268504 -0.243128 0.05 352601
0 4429 5 phononL 0.00154489 -4.29251 -0.282718 -0.0468678 105399 0.00034743 1 -0.0694221 -0.245246 0.05 264139
0 4431 2 phononTS 0.00150904 0.886941 3.01378 -0.00246651 11465.2 0.00034743 1 0.0268302 -0.191456 0.05 590863
0 4436 2 phononTS 0.00131832 -2.43154 3.60274 -0.024512 5910.88 0.00034743 1 0.100954 -0.206884 0.05 348974
0 4437 3 phononL 0.0014806 -0.867778 3.02245 0.0301296 1803.47 0.00034743 1 -0.0148534 -0.189996 0.05 94035.8
0 4437 4 phononTS 0.000682999 -0.0148534 -0.189996 0.049999 94035.8 0.00034743 1 -0.0446374 -0.302323 0.05 438374
0 4441 5 phononTF 0.000911151 1.00796 2.31638 0.0453164 115831 0.00034743 1 -0.0542526 -0.245312 0.05 120814
0 4442 4 phononTS 0.00127687 -0.0534398 4.99973 -0.0370006 59873.5 0.00034743 1 0.0607407 -0.160912 0.05 164256
0 4446 4 phononL 0.00196395 -4.29806 1.46391 0.0282715 48984.1 0.00069486 1 -0.0353079 -0.181533 0.05 78157.1
0 4446 8 phononTS 0.000609133 -0.0353079 -0.181533 0.049999 78157.1 0.00034743 1 -0.0250707 -0.25515 0.05 78232.9
0 4447 4 phononTS 0.00116376 -0.623177 3.72121 -0.048765 7294.77 0.00034743 1 -0.0317776 -0.24065 0.05 359649
0 4447 9 phononTS 0.00040744 -0.0317776 -0.24065 0.049999 359649 0.00034743 1 0.115195 -0.215581 0.05 935450
0 4449 7 phononTS 0.00182775 -0.842537 1.15209 -0.0482352 48042.2 0.00069486 1 -0.0742428 -0.126018 0.05 57039.2
0 4449 6 phononL 0.000857359 -0.842537 1.15209 -0.0482352 48042.2 0.00034743 1 -0.0549495 -0.162034 0.05 107759
0 4449 4 phononL 0.000916907 -1.79143 3.8927 0.0433193 31027 0.00034743 1 0.042983 -0.281207 0.05 77922.7
0 4450 2 phononL 0.00245649 -1.64529 3.31146 0.0382961 5508.73 0.00034743 1 -0.0745943 -0.115645 0.05 42722.8
0 4450 4 phononL 0.00120993 -0.0745943 -0.115645 0.049998 42722.8 0.00034743 1 -0.0911077 -0.22395 0.05 42825.1
0 4450 13 phononTF 0.000351976 -0.0911077 -0.22395 0.049999 42825.1 0.00034743 1 0.0648477 -0.203556 0.05 43624.4
0 4451 5 phononL 0.00177965 -3.88338 1.09273 0.0208783 28449.4 0.00034743 1 0.0234346 -0.140855 0.05 210917
0 4453 7 phononTF 0.000723229 2.34497 1.42771 -0.0136124 103267 0.00034743 1 -0.0738986 -0.260497 0.05 194450
0 4455 3 phononTS 0.0013653 -0.058633 2.96441 -0.0421255 6644.81 0.00034743 1 0.0787359 -0.268202 0.05 155406
0 4459 7 phononTF 0.00105385 -3.26083 3.77766 -0.044084 37016.5 0.00034743 1 0.0818137 -0.212667 0.05 143152
0 4464 3 phononTS 0.00106389 -2.73581 3.03202 0.0469744 11073.1 0.00034743 1 -0.0345078 -0.22838 0.05 113358
0 4464 13 phononTF 0.000626188 3.9455 1.02225 -0.0144611 95111.1 0.00034743 1 -0.0343752 -0.205885 0.05 514632
0 4465 5 phononTF 0.000649372 -4.06101 4.61786 0.00651969 12099.1 0.00034743 1 -0.0385704 -0.190392 0.05 145972
0 4466 4 phononTS 0.000838567 -2.95097 4.3189 -0.028184 110185 0.00034743 1 0.0583654 -0.216068 0.05 219996
0 4467 4 phononTF 0.00124978 -2.04387 1.62959 0.0192495 21813.1 0.00069486 1 -0.0603377 -0.227966 0.05 452030
0 4468 3 phononTS 0.00184444 -4.5356 4.44709 0.0203937 53023.8 0.00034743 1 -0.0732432 -0.181898 0.05 393824
0 4469 7 phononTS 0.00105932 -4.9048 -3.99767 0.0342303 277916 0.00034743 1 -0.0429364 -0.263764 0.05 888709
0 4470 5 phononTS 0.00201126 -4.67141 0.693156 -0.0159304 90015 0.00104229 1 -0.0462896 -0.146804 0.05 178628
0 4474 2 phononTS 0.00157767 -1.40084 3.41082 -0.0288162 696.93 0.00034743 1 0.0314713 -0.133894 0.05 80966
0 4483 7 phononTS 0.000955067 2.67196 4.28816 0.0105964 54028 0.00034743 1 0.0936641 -0.199598 0.05 580160
0 4483 9 phononTF 0.000422326 0.0936641 -0.199598 0.049999 580160 0.00034743 1 -0.102628 -0.170097 0.05 587911
0 4485 3 phononTS 0.0017963 -3.39908 3.70077 -0.0349537 10309 0.00034743 1 0.037933 -0.104457 0.05 21333.2
0 4485 2 phononTS 0.0022037 -3.39908 3.70077 -0.0349537 10309 0.00069486 1 0.105558 -0.197224 0.05 30334.5
0 4488 2 phononTS 0.00203365 -1.94678 3.6841 0.00220442 372.2 0.00034743 1 -0.0927438 -0.247963 0.05 78636.4
0 4490 3 phononL 0.00237326 -2.39775 3.61308 -0.0275529 14997.9 0.00034743 1 0.0639646 -0.224975 0.05 334880
0 4490 6 phononTS 0.00141858 0.0639646 -0.224975 0.049999 334880 0.00069486 1 -0.0401941 -0.247366 0.05 334959
0 4493 3 phononL 0.00134699 -2.55999 3.63955 -0.0130157 5401.85 0.00034743 1 0.0586797 -0.114128 0.05 22150.5
0 4497 2 phononTS 0.00203134 -2.37536 3.20536 0.00385833 2254.51 0.00104229 1 -0.103991 -0.253967 0.05 82254.8
0 4499 5 phononTF 0.00130393 4.6343 2.03142 0.040091 38015.8 0.00034743 1 0.0896138 -0.275842 0.05 78240.1
0 4500 6 phononL 0.00106088 1.78434 1.69914 -0.0198074 300007 0.00034743 1 -0.0598177 -0.288197 0.05 312998
0 4501 4 phononTS 0.00113 0.119966 -3.93995 -0.00916292 21233.8 0.00034743 1 0.103225 -0.179719 0.05 85146.1
0 4505 4 phononTF 0.000878205 -4.10426 4.38861 0.0233859 5513.22 0.00069486 1 0.024311 -0.207002 0.05 86125.8
0 4507 3 phononTS 0.00192632 -0.833861 3.75499 0.00116898 2550.65 0.00069486 1 -0.0610234 -0.232467 0.05 9571.07
0 4508 5 phononL 0.00133625 -0.735277 1.157 0.0431918 83265.1 0.00034743 1 0.0365454 -0.109095 0.05 97183.4
0 4509 5 phononTF 0.00121517 2.21467 -0.383121 -0.0463346 141607 0.00034743 1 -0.036205 -0.290138 0.05 242612
0 4510 6 phononTS 0.00104991 3.26467 3.47282 -0.0427232 125798 0.00069486 1 0.0417955 -0.101991 0.05 240309
0 4514 2 phononTS 0.0025947 -2.50026 3.81527 -0.0361125 17850.6 0.00138972 1 -0.0418988 -0.265276 0.05 75977
0 4515 3 phononTS 0.00239453 -1.72032 4.13193 -0.0497984 1222.83 0.00069486 1 -0.0545456 -0.300175 0.05 196011
0 4515 10 phononTF 0.000522199 -0.0545456 -0.300175 0.049999 196011 0.00034743 1 0.0379728 -0.289816 0.05 197847
0 4515 8 phononTF 0.000385559 -0.0545456 -0.300175 0.049999 196011 0.00034743 1 0.0334075 -0.10365 0.05 230268
0 4522 3 phononTF 0.00152284 -2.35 4.66644 -0.0326696 11339.3 0.00034743 1 -0.0837568 -0.279046 0.05 84800.9
0 4524 2 phononTF 0.0026489 -1.87366 3.54802 -0.0401975 22654.9 0.00034743 1 -0.0602419 -0.174941 0.05 89897.5
0 4524 5 phononTF 0.00114283 -0.0602419 -0.174941 0.049999 89897.5 0.00034743 1 -0.0815164 -0.195831 0.05 90026.8
0 4524 12 phononTS 0.000462783 -0.0815164 -0.195831 0.049999 90026.8 0.00034743 1 -0.0703076 -0.195438 0.05 90085.3
0 4526 4 phononTS 0.00136051 3.63114 2.91445 -0.0485416 35870.8 0.00034743 1 0.0758183 -0.21933 0.05 50536.1
0 4526 6 phononTS 0.000947883 0.0758183 -0.21933 0.049999 50536.1 0.00034743 1 -0.044333 -0.127252 0.05 50684.9
0 4534 2 phononL 0.00134986 -2.1454 3.64005 0.0329263 2664.7 0.00069486 1 -0.0752297 -0.240248 0.05 38964.8
0 4536 3 phononTS 0.00222708 -1.53085 4.44402 -0.0397563 4168.91 0.00034743 1 0.041305 -0.18764 0.05 64824.3
0 4544 5 phononL 0.00199977 -1.35626 -1.41995 -0.0135898 47276.3 0.00034743 1 0.0499944 -0.206111 0.05 101220
0 4544 7 phononTS 0.000751526 0.0499944 -0.206111 0.049999 101220 0.00034743 1 -0.0522375 -0.140096 0.05 101620
0 4545 2 phononTS 0.00227197 -1.43075 4.76874 0.0308346 11769.6 0.00104229 1 0.0986907 -0.153376 0.05 46096.6
0 4548 7 phononL 0.000673155 -2.02843 -0.414457 0.0442039 360857 0.00034743 1 -0.0264285 -0.185794 0.05 374285
0 4548 2 phononTF 0.00174569 -0.501907 3.32495 0.0104349 1170.49 0.00034743 1 -0.0625008 -0.121293 0.05 182024
0 4549 4 phononTF 0.000880325 -1.88486 0.590774 -0.020097 71628.4 0.00034743 1 0.028705 -0.205104 0.05 75347.6
0 4555 2 phononTS 0.00136888 -3.33854 3.80803 -0.0424308 3905.21 0.00034743 1 0.0409876 -0.193846 0.05 54413.5
0 4559 2 phononTS 0.001248 -0.928475 3.20493 -0.0298448 6597.14 0.00034743 1 -0.0185641 -0.224757 0.05 41899.4
0 4561 5 phononTS 0.00150125 -0.177865 4.30222 0.0150768 290874 0.00034743 1 -0.052517 -0.271726 0.05 388736
0 4561 8 phononTF 0.000895539 -0.052517 -0.271726 0.049999 388736 0.00034743 1 -0.0338191 -0.239818 0.05 388800
0 4564 2 phononL 0.00203928 -1.38121 3.44475 -0.0365463 4429.22 0.00069486 1 -0.0738247 -0.174416 0.05 105395
0 4565 2 phononTF 0.00168769 -1.97903 4.83926 0.0357731 3850.28 0.00069486 1 0.0226379 -0.267782 0.05 115580
0 4569 3 phononTF 0.00124635 -2.13638 4.06742 0.0200601 802.324 0.00069486 1 -0.107306 -0.170362 0.05 76531.2
0 4569 11 phononTF 0.00164726 -2.67481 2.60315 0.0236976 11370 0.00034743 1 -0.0122143 -0.21514 0.05 184780
0 4573 5 phononL 0.00180094 1.55066 2.35714 0.049191 43106.7 0.00034743 1 -0.0300182 -0.135469 0.05 96830.9
0 4573 7 phononTF 0.00122653 -0.0300182 -0.135469 0.049998 96830.9 0.00034743 1 -0.0287029 -0.205141 0.05 97037.2
0 4573 2 phononTF 0.000784148 -0.347511 2.25577 0.0363765 22518.3 0.00034743 1 0.0875385 -0.157855 0.05 47147.1
0 4575 4 phononTS 0.00169433 -1.19825 -2.58833 -0.00744348 26067.5 0.00069486 1 0.0267434 -0.149145 0.05 131828
0 4575 6 phononTF 0.000467637 0.0267434 -0.149145 0.049999 131828 0.00034743 1 0.0518919 -0.176 0.05 187559
0 4577 3 phononL 0.00134912 -2.3807 4.09675 0.0210317 2617.46 0.00034743 1 -0.0429539 -0.16906 0.05 7555.45
0 4583 3 phononTF 0.00188768 0.449613 2.83523 -0.00985925 8799.79 0.00034743 1 0.0317567 -0.240945 0.05 21099.2
0 4583 4 phononL 0.00108098 0.0317567 -0.240945 0.049999 21099.2 0.00069486 1 0.0523963 -0.268523 0.05 21148.1
0 4587 2 phononTS 0.0013578 1.52983 2.87245 0.0465777 13950.8 0.00034743 1 0.0434714 -0.248555 0.05 183940
0 4588 4 phononL 0.00199418 -0.607681 4.35092 -0.00982145 57907.7 0.00069486 1 -0.0116693 -0.184752 0.05 174764
0 4591 3 phononTS 0.00161409 -2.91815 4.09649 0.018175 2621.75 0.00034743 1 0.0348443 -0.243913 0.05 135673
0 4594 2 phononTF 0.00213037 -1.72852 3.56203 -0.0121066 3003.88 0.00034743 1 -0.0990822 -0.20992 0.05 36966.8
0 4594 8 phononTF 0.000376086 -0.0990822 -0.20992 0.049999 36966.8 0.00034743 1 0.0478623 -0.194427 0.05 37052
0 4597 2 phononTF 0.00131532 -1.49985 3.75903 0.000740833 120.28 0.00034743 1 -0.0566387 -0.240608 0.05 69802.4
0 4600 2 phononL 0.00142495 -2.31814 3.61036 -0.0100633 4069.03 0.00034743 1 -0.0693978 -0.264674 0.05 198204
0 4600 8 phononTS 0.000812933 -0.0693978 -0.264674 0.049999 198204 0.00034743 1 -0.0459371 -0.232441 0.05 198368
0 4603 4 phononTS 0.00129081 4.25299 3.10293 0.0331156 44361 0.00034743 1 0.0886391 -0.178861 0.05 52258.4
0 4605 4 phononL 0.000871354 2.68803 -1.03392 -0.00229187 123912 0.00034743 1 0.0663135 -0.178871 0.05 323449
0 4610 5 phononTF 0.00151172 -1.52286 0.82514 -0.02572 13839.2 0.00069486 1 0.0556922 -0.187703 0.05 619736
0 4610 4 phononTF 0.00110608 -1.52286 0.82514 -0.02572 13839.2 0.00034743 1 -0.042709 -0.121812 0.05 74259
0 4615 4 phononTS 0.000612377 -2.55795 -4.50323 0.042894 247222 0.00034743 1 0.100823 -0.190387 0.05 440570
0 4616 5 phononTF 0.00101649 -0.683201 -1.53372 0.0299886 193468 0.00034743 1 -0.116093 -0.230028 0.05 434598
0 4627 6 phononTS 0.000607813 -2.77539 -2.13968 0.0202222 215389 0.00034743 1 0.0495727 -0.195601 0.05 693043
0 4629 3 phononTS 0.00227799 -1.82401 3.61529 0.0307573 525.916 0.00034743 1 -0.0218673 -0.224085 0.05 34789.8
0 4629 7 phononL 0.000911683 -0.0218673 -0.224085 0.049999 34789.8 0.00034743 1 -0.0936366 -0.197465 0.05 35322.2
0 4629 4 phononTS 0.000583091 -0.0218673 -0.224085 0.049999 34789.8 0.00034743 1 0.0229422 -0.210119 0.05 34928.6
0 4630 4 phononTS 0.000911047 0.236105 0.709586 -0.0328724 60124.7 0.00034743 1 -0.0566034 -0.143473 0.05 61524.7
0 4633 2 phononTS 0.00210293 -2.41675 1.00726 0.013741 14795 0.00034743 1 0.0748799 -0.228428 0.05 36828.7
0 4633 8 phononTS 0.00151813 0.0748799 -0.228428 0.049998 36828.7 0.00034743 1 0.0672017 -0.280708 0.05 37020.1
0 4636 5 phononL 0.0015457 -2.42698 0.867793 -0.0334124 31733.8 0.00034743 1 0.0473553 -0.150688 0.05 41956.5
0 4636 6 phononTF 0.000867833 0.0473553 -0.150688 0.049999 41956.5 0.00069486 1 0.0898995 -0.213478 0.05 42189.5
0 4637 4 phononL 0.00141498 -1.6081 -0.148633 -0.00357882 74707.4 0.00034743 1 -0.0555079 -0.179457 0.05 88564.1
0 4644 2 phononTS 0.00146328 -3.94749 3.31936 -0.0443831 18187.6 0.00034743 1 -0.0578718 -0.26999 0.05 68862.4
0 4644 7 phononL 0.00102107 -0.0578718 -0.26999 0.049999 68862.4 0.00034743 1 0.0559648 -0.145497 0.05 69097.3
0 4645 4 phononTS 0.000791833 -2.64506 4.67421 0.0381015 12433.9 0.00034743 1 -0.113785 -0.231554 0.05 114519
0 4651 5 phononTS 0.000985753 -4.66119 0.0826807 0.0293685 28951 0.00034743 1 0.054852 -0.235158 0.05 54946.8
0 4653 2 phononTS 0.00135107 -1.45079 3.90397 -0.0468721 8767.81 0.00069486 1 -0.074297 -0.126208 0.05 29747.9
0 4655 3 phononTF 0.00174065 -1.77226 3.6869 -0.0181204 19.8519 0.00069486 1 -0.0210922 -0.153138 0.05 285739
0 4655 2 phononTS 0.00225935 -1.77226 3.6869 -0.0181204 19.8519 0.00034743 1 0.0572256 -0.181903 0.05 138673
0 4657 3 phononTS 0.0018816 -2.61012 4.75681 0.0461377 4197.94 0.00034743 1 0.0994448 -0.154478 0.05 70517
0 4658 3 phononTS 0.00234933 0.0602174 4.67006 0.0435253 5154.61 0.00104229 1 0.0535661 -0.119669 0.05 18738.7
0 4658 6 phononTS 0.000396879 0.0535661 -0.119669 0.049999 18738.7 0.00034743 1 -0.0535916 -0.128528 0.05 179469
0 4658 2 phononTF 0.00165067 0.0602174 4.67006 0.0435253 5154.61 0.00034743 1 0.0309409 -0.162711 0.05 155124
0 4659 4 phononL 0.00138267 3.78997 -0.869711 0.0482059 87823.2 0.00034743 1 0.0763188 -0.257568 0.05 106588
0 4665 7 phononTF 0.000977837 -2.14655 -4.74122 -0.000902383 220166 0.00034743 1 -0.0857725 -0.225994 0.05 242265
0 4666 5 phononL 0.000778965 2.72599 2.02269 0.0435574 651308 0.00034743 1 -0.0586677 -0.177527 0.05 676690
0 4666 7 phononTF 0.000427858 -0.0586677 -0.177527 0.049999 676690 0.00034743 1 0.0610479 -0.250296 0.05 990407
0 4668 5 phononL 0.00142096 -3.48952 2.9138 -0.0156798 30474.6 0.00034743 1 0.0160635 -0.229328 0.05 71531.5
0 4670 4 phononTF 0.00140536 -2.95338 0.0471749 -0.0200598 154230 0.00034743 1 0.0652824 -0.188777 0.05 207038
0 4675 3 phononL 0.00121544 -1.72716 3.69237 -0.03048 652.496 0.00034743 1 0.0668284 -0.116241 0.05 276491
0 4675 4 phononTF 0.000614875 0.0668284 -0.116241 0.049999 276491 0.00034743 1 0.0300905 -0.217477 0.05 341408
0 4679 4 phononTF 0.000694762 -4.22469 -3.09233 -0.0494357 84826.3 0.00034743 1 0.104962 -0.165287 0.05 236139
0 4680 5 phononL 0.00124312 -4.29196 3.51988 -0.0391029 42431.1 0.00034743 1 -0.0428658 -0.144453 0.05 400109
0 4680 7 phononTS 0.000501422 -0.0428658 -0.144453 0.049999 400109 0.00034743 1 -0.0907497 -0.147377 0.05 861149
0 4681 7 phononL 0.00153063 -0.258705 2.9304 0.0127181 79395.9 0.00069486 1 0.0591134 -0.184614 0.05 263805
0 4686 4 phononTF 0.00137754 -4.31586 2.00326 0.0329682 9716.1 0.00104229 1 0.0313551 -0.268534 0.05 120554
0 4693 7 phononTS 0.000930169 4.5908 1.43586 -0.0219732 128426 0.00069486 1 0.0710607 -0.130863 0.05 275742
0 4699 4 phononTF 0.000907533 2.58511 2.87262 0.0193243 10617.8 0.00034743 1 -0.0543141 -0.200016 0.05 97008.6
0 4701 4 phononTS 0.00140097 -3.11795 0.951397 -0.0360312 192649 0.00034743 1 -0.0519412 -0.238677 0.05 201430
0 4704 2 phononTF 0.00200509 -2.73575 4.21513 0.0256566 8168.62 0.00034743 1 0.0334337 -0.213825 0.05 222028
0 4707 5 phononL 0.00134278 -4.52133 -1.97909 0.0172763 36194.8 0.00034743 1 -0.0358098 -0.165124 0.05 231614
0 4708 7 phononTS 0.00145738 0.167815 3.52719 -0.038078 9692.77 0.00034743 1 -0.0927345 -0.150121 0.05 197348
0 4710 5 phononL 0.000894494 -4.64379 4.53395 0.00379073 36599.5 0.00034743 1 -0.039022 -0.100914 0.05 854685
0 4713 4 phononTS 0.00104834 -4.30345 -4.81953 -0.00798255 227885 0.00034743 1 0.0533805 -0.155514 0.05 308264
0 4713 7 phononTF 0.000690986 0.0533805 -0.155514 0.049999 308264 0.00034743 1 0.0614949 -0.122722 0.05 308322
0 4714 4 phononTS 0.000950539 -1.97026 2.87235 -0.0180758 29260.5 0.00034743 1 0.0414099 -0.263719 0.05 152093
0 4721 5 phononTF 0.00153673 0.162152 -3.77495 0.0455534 94472.3 0.00034743 1 -0.023605 -0.248337 0.05 132920
0 4724 6 phononL 0.000851165 0.607448 4.29381 0.0437363 793268 0.00034743 1 0.0905606 -0.256713 0.05 1.40344e+06
0 4726 7 phononL 0.00109588 -0.739303 -0.391497 0.0272561 100978 0.00034743 1 -0.0972706 -0.25127 0.05 298904
0 4727 3 phononTS 0.00213192 1.56392 2.15469 -0.0487183 11215.1 0.00069486 1 -0.0612145 -0.271966 0.05 15698.9
0 4727 2 phononTF 0.00186808 1.56392 2.15469 -0.0487183 11215.1 0.00069486 1 0.0828553 -0.212715 0.05 15827.2
0 4734 4 phononTF 0.000798663 2.51584 -3.35209 0.0163175 46906.2 0.00034743 1 -0.0481971 -0.290389 0.05 52838.6
0 4735 5 phononTS 0.00159892 -2.62533 -3.32947 -0.0176975 73641 0.00034743 1 -0.0750447 -0.197457 0.05 334505
0 4738 2 phononTS 0.00223177 -1.31398 2.51297 -0.0196422 12677 0.00104229 1 -0.0274364 -0.124941 0.05 120445
0 4745 4 phononL 0.00146328 1.92405 -2.55649 0.0395437 132463 0.00034743 1 0.0542472 -0.154339 0.05 349478
0 4748 2 phononL 0.00263012 -1.33259 3.30136 -0.0491047 4603.59 0.00034743 1 0.0585553 -0.128368 0.05 44069
0 4748 7 phononTS 0.000483761 0.0585553 -0.128368 0.049999 44069 0.00034743 1 -0.0193899 -0.195342 0.05 44232.1
0 4749 2 phononTS 0.00142413 -0.778686 4.31151 -0.0324478 980.835 0.00034743 1 -0.101073 -0.259108 0.05 68465.9
0 4749 6 phononL 0.000397262 -0.101073 -0.259108 0.049999 68465.9 0.00034743 1 0.038085 -0.162261 0.05 69441.5
0 4752 2 phononTS 0.00122464 -0.0380997 3.73934 -0.00196388 9521.83 0.00034743 1 -0.044152 -0.0959613 0.05 48601.5
0 4756 3 phononTS 0.00214942 -2.28718 4.98199 -0.0202992 5096.78 0.00069486 1 0.0153582 -0.213826 0.05 94643.2
0 4756 8 phononTS 0.000419767 0.0153582 -0.213826 0.049999 94643.2 0.00034743 1 0.0115919 -0.2042 0.05 94700.4
0 4756 4 phononTS 0.000508464 0.0153582 -0.213826 0.049999 94643.2 0.00034743 1 -0.0718405 -0.13763 0.05 94754.2
0 4758 2 phononTF 0.0017292 -1.63342 4.74231 0.0412817 17106.2 0.00069486 1 0.0501329 -0.148435 0.05 139381
0 4766 5 phononTS 0.00131537 0.102299 -0.0516055 -0.0151777 32064.6 0.00034743 1 -0.0344762 -0.141194 0.05 33828.9
0 4766 7 phononTF 0.000568527 -0.0344762 -0.141194 0.049999 33828.9 0.00034743 1 -0.0416138 -0.276991 0.05 38348.8
0 4766 2 phononTF 0.00131422 -1.10845 2.79746 -0.00429694 12318.8 0.00034743 1 0.0299591 -0.274356 0.05 227428
0 4767 5 phononTF 0.00100986 -0.460469 4.83418 0.0227308 11337.1 0.00034743 1 -0.0980244 -0.198351 0.05 77022.6
0 4768 3 phononTF 0.00151058 0.446203 2.62649 -0.0304497 18483.8 0.00069486 1 0.0259393 -0.233652 0.05 245981
0 4769 4 phononTS 0.00170922 -3.02964 1.57096 -0.00363987 68442.6 0.00034743 1 -0.114559 -0.225091 0.05 282235
0 4772 2 phononTS 0.000777723 -1.86457 0.577039 -0.0472402 14008.8 0.00034743 1 -0.0478104 -0.262642 0.05 174629
0 4782 5 phononTS 0.00120252 -3.58343 -1.96261 -0.0317578 134368 0.00034743 1 -0.0449098 -0.266671 0.05 251497
0 4787 2 phononTF 0.00184696 -3.08318 3.59119 0.00640138 6088.66 0.00069486 1 0.0753245 -0.25877 0.05 114762
0 4787 6 phononL 0.000363843 0.0753245 -0.25877 0.049999 114762 0.00034743 1 -0.0975865 -0.164567 0.05 263806
0 4789 2 phononL 0.00168768 -1.99675 4.16358 -0.024948 9937.37 0.00069486 1 0.0565858 -0.273928 0.05 89624.9
0 4791 2 phononTS 0.00169748 -1.51041 4.21336 -0.017406 1240.67 0.00034743 1 0.0792804 -0.204781 0.05 6657.01
0 4792 4 phononTF 0.000668347 3.94957 1.56783 -0.0312787 59240 0.00034743 1 -0.114269 -0.203875 0.05 482112
0 4793 2 phononTF 0.00143724 0.394244 4.48589 0.00365368 11740.1 0.00069486 1 0.0440217 -0.139946 0.05 320621
0 4795 6 phononTS 0.00134105 -1.54878 4.4216 -0.0260998 88021.2 0.00034743 1 -0.0597877 -0.195944 0.05 266505
0 4795 10 phononL 0.000589582 -0.0597877 -0.195944 0.049999 266505 0.00034743 1 -0.0610116 -0.23287 0.05 268666
0 4797 3 phononTS 0.00185969 -4.00732 3.9921 -0.0400631 26570 0.00069486 1 -0.0210507 -0.233703 0.05 117348
0 4798 2 phononTS 0.00195101 -2.23553 3.91143 0.000470295 6409.07 0.00034743 1 0.0656893 -0.229217 0.05 32811.4
0 4798 9 phononTS 0.00113924 0.0656893 -0.229217 0.049999 32811.4 0.00034743 1 0.0141875 -0.171992 0.05 32886
0 4800 2 phononTS 0.00133858 -1.70698 4.68828 -0.0449238 2411.1 0.00034743 1 0.105693 -0.15487 0.05 180637
0 4800 8 phononTS 0.00038733 0.105693 -0.15487 0.049998 180637 0.00034743 1 -0.0966711 -0.213189 0.05 202749
0 4802 5 phononTF 0.00129612 3.93174 1.44491 0.00635117 82458.2 0.00034743 1 0.095531 -0.247176 0.05 154458
0 4804 3 phononL 0.00231185 -1.84109 3.45759 0.0224777 5640.57 0.00034743 1 0.0490853 -0.203061 0.05 43936
0 4805 5 phononL 0.00168514 -3.04223 -2.34093 -0.00491295 173462 0.00104229 1 -0.0519823 -0.183582 0.05 277625
0 4806 4 phononTS 0.000931332 -1.84602 3.38538 0.00975288 41845.2 0.00034743 1 0.0232168 -0.194693 0.05 189192
0 4807 5 phononL 0.00219253 0.394288 0.613643 -0.0366715 53691.1 0.00069486 1 0.0281009 -0.114648 0.05 54851.7
0 4807 6 phononTS 0.00110339 0.0281009 -0.114648 0.049999 54851.7 0.00069486 1 0.0386848 -0.0976416 0.05 54912.9
0 4808 7 phononTS 0.00134352 -0.833599 -1.93733 0.00638441 51331.3 0.00034743 1 0.0644685 -0.115889 0.05 192228
0 4813 6 phononTS 0.00110746 4.54647 4.22007 -0.0341455 78310.1 0.00034743 1 -0.0654244 -0.292893 0.05 353009
0 4815 3 phononTS 0.00148068 -0.902661 3.96346 0.0320198 1978.54 0.00034743 1 0.0228984 -0.140273 0.05 17499.1
0 4817 9 phononL 0.000618454 0.195497 4.55247 -0.033679 189774 0.00034743 1 0.0452303 -0.154598 0.05 219925
0 4818 5 phononTF 0.00163337 1.87339 3.31506 -0.0146771 38048.8 0.00034743 1 0.032122 -0.206293 0.05 343065
0 4825 4 phononTS 0.00151718 0.405409 1.73742 0.0262039 87826 0.00104229 1 0.0292529 -0.174511 0.05 103559
0 4825 2 phononTS 0.00187041 -4.50749 3.81839 0.00434304 18491.8 0.00069486 1 0.0823239 -0.118116 0.05 326712
0 4828 3 phononL 0.00260527 -1.67752 3.31863 -0.0349171 3092.06 0.00104229 1 0.0319805 -0.124291 0.05 183428
0 4835 8 phononTF 0.000494551 -3.88204 -4.45078 -0.0297331 227206 0.00034743 1 0.0953638 -0.226338 0.05 646307
0 4836 2 phononTS 0.00128165 -1.72865 3.71926 0.0270744 18.7123 0.00034743 1 -0.0625334 -0.16452 0.05 534906
0 4839 2 phononTF 0.00118867 -2.6142 2.50627 0.0286747 2268.15 0.00034743 1 -0.0893396 -0.224854 0.05 213503
0 4839 7 phononTS 0.000507035 -0.0893396 -0.224854 0.049999 213503 0.00034743 1 -0.0705484 -0.199717 0.05 213566
0 4840 2 phononTS 0.00169445 -1.98753 2.17879 0.0105762 3863.15 0.00069486 1 -0.0783987 -0.20617 0.05 91751.4
0 4840 6 phononL 0.000545646 -0.0783987 -0.20617 0.049999 91751.4 0.00034743 1 0.0338357 -0.251983 0.05 103749
0 4848 4 phononTS 0.00135646 -3.2343 3.00743 0.018349 48925.8 0.00034743 1 -0.0580256 -0.147648 0.05 423999
0 4849 7 phononTF 0.000770891 -4.10749 -0.44505 -0.00189243 80138.4 0.00034743 1 0.076087 -0.28468 0.05 149531
0 4849 2 phononTF 0.00197881 -1.09655 4.5454 -0.0132741 3263.59 0.00034743 1 0.0595471 -0.217116 0.05 357519
0 4856 5 phononTS 0.00142699 -3.81995 -4.38418 -0.00503551 17088.4 0.00034743 1 0.0940363 -0.259511 0.05 103189
0 4859 3 phononTS 0.00170905 -0.823388 1.96176 0.0146964 5238.97 0.00034743 1 0.0628731 -0.214172 0.05 39837.1
0 4859 4 phononTF 0.000742368 0.0628731 -0.214172 0.049999 39837.1 0.00034743 1 -0.0580955 -0.13593 0.05 262924
0 4860 4 phononTS 0.00169705 -4.26309 3.03508 -0.00237619 25299 0.00069486 1 -0.100515 -0.26059 0.05 98112.6
0 4863 5 phononTS 0.00105228 0.269813 4.67923 0.0108443 2668.18 0.00034743 1 -0.0283171 -0.125546 0.05 57239.5
0 4865 5 phononTS 0.00164303 -1.90359 -4.72181 0.0400691 122193 0.00034743 1 0.0164487 -0.239739 0.05 132617
0 4865 4 phononTS 0.00135499 -1.90359 -4.72181 0.0400691 122193 0.00034743 1 0.0342698 -0.103109 0.05 233016
0 4867 7 phononTF 0.000914943 -0.904906 3.77739 0.0289156 243565 0.00034743 1 0.108117 -0.172218 0.05 362974
0 4869 5 phononTF 0.000679103 0.288391 4.53687 -0.00834013 15793.1 0.00034743 1 0.0464647 -0.117827 0.05 245759
0 4870 7 phononTF 0.00115026 3.01748 -4.26069 0.0099162 40600 0.00034743 1 0.0398351 -0.214685 0.05 211476
0 4873 5 phononL 0.00106526 -1.99215 -3.76628 -0.0298882 25516.4 0.00034743 1 0.0851646 -0.165962 0.05 409044
0 4877 3 phononTS 0.00130028 -1.78237 3.77374 0.049686 11.9311 0.00034743 1 0.118389 -0.220137 0.05 127373
0 4879 2 phononTF 0.0022036 -2.25529 3.5603 -0.0171717 2132.22 0.00069486 1 -0.105372 -0.243725 0.05 156007
0 4881 2 phononTS 0.00229785 -0.117405 3.9882 0.00639241 15314.6 0.00034743 1 -0.0437213 -0.270803 0.05 22845.9
0 4882 2 phononTS 0.00143429 -2.34846 3.79601 -0.0232863 3726.24 0.00034743 1 0.110662 -0.166034 0.05 156153
0 4886 4 phononTF 0.000974343 -3.39304 0.870351 -0.00476105 19257.2 0.00034743 1 0.0172439 -0.205615 0.05 28693.2
0 4888 4 phononTF 0.000954556 2.08738 -3.7236 -0.00768931 105896 0.00034743 1 0.0800021 -0.251629 0.05 254556
0 4889 7 phononL 0.000484592 2.35577 2.79598 0.0451487 844968 0.00034743 1 -0.0316018 -0.306264 0.05 1.01237e+06
0 4892 3 phononTF 0.00238869 -0.148251 4.40917 0.00121803 8708.9 0.00104229 1 0.0146523 -0.223311 0.05 303323
0 4892 7 phononTS 0.000976098 0.0146523 -0.223311 0.049999 303323 0.00069486 1 0.0446859 -0.264235 0.05 303388
0 4893 2 phononTS 0.00215105 -1.11473 4.46466 -0.0111298 12348.7 0.00069486 1 0.0330224 -0.173274 0.05 28093.5
0 4895 5 phononTS 0.000770909 -0.00538732 -0.507492 0.0339577 40793.6 0.00034743 1 -0.10589 -0.246184 0.05 421359
0 4898 3 phononTS 0.0027114 -0.0644755 3.36669 -0.00923 20325.8 0.00069486 1 0.108935 -0.213074 0.05 119362
0 4898 2 phononTS 0.0012886 -0.0644755 3.36669 -0.00923 20325.8 0.00034743 1 -0.0614368 -0.197068 0.05 44662
0 4902 4 phononTS 0.00124095 -4.25678 4.95106 0.0352085 40321.8 0.00034743 1 -0.0248749 -0.266927 0.05 71721.8
0 4904 4 phononL 0.00077478 -3.15765 3.80822 0.00792782 18227.4 0.00034743 1 -0.0723113 -0.124411 0.05 108205
0 4906 5 phononTF 0.000970089 -1.82769 4.02884 -0.0120292 114310 0.00034743 1 -0.0261233 -0.274329 0.05 184616
0 4906 8 phononTS 0.000401566 -0.0261233 -0.274329 0.049998 184616 0.00034743 1 0.0706071 -0.149983 0.05 184840
0 4906 4 phononTF 0.00078619 -1.82769 4.02884 -0.0120292 114310 0.00034743 1 -0.04569 -0.107744 0.05 123035
0 4909 4 phononTF 0.00173819 -1.50623 1.43199 -0.00979454 135703 0.00069486 1 -0.0801327 -0.155737 0.05 143379
0 4911 3 phononTS 0.00181828 -1.16007 2.89462 0.0104006 1549.23 0.00034743 1 0.0786213 -0.201019 0.05 82631.7
0 4912 4 phononL 0.00176621 -1.47586 2.50788 0.0309788 77381.3 0.00034743 1 -0.0583544 -0.10219 0.05 207255
0 4912 8 phononTF 0.000376227 -0.0583544 -0.10219 0.049998 207255 0.00034743 1 0.0366226 -0.12912 0.05 207389
0 4913 7 phononTS 0.00165788 -0.41422 0.607628 -0.0238256 29244 0.00069486 1 0.10658 -0.155547 0.05 106968
0 4916 2 phononL 0.00154467 0.262072 4.13934 0.037911 11345.2 0.00069486 1 0.06158 -0.137215 0.05 40135.2
0 4919 2 phononTS 0.00144481 2.16325 2.31672 0.00192897 12764.3 0.00034743 1 -0.0682598 -0.131366 0.05 43276.2
0 4920 2 phononTS 0.00179235 -1.8669 3.26182 -0.041787 303.227 0.00069486 1 0.0920513 -0.173212 0.05 86682.7
0 4924 3 phononL 0.00151507 -2.19516 4.07592 -0.0430666 1102.37 0.00034743 1 0.115579 -0.219926 0.05 75531.1
0 4924 2 phononTS 0.00248493 -2.19516 4.07592 -0.0430666 1102.37 0.00034743 1 0.113299 -0.222236 0.05 22400.8
0 4924 10 phononL 0.000590133 0.113299 -0.222236 0.049999 22400.8 0.00034743 1 0.0269884 -0.247967 0.05 22503.7
0 4925 7 phononTS 0.00109607 0.15936 3.09644 0.0170442 81355.4 0.00034743 1 0.0573833 -0.284714 0.05 136208
0 4925 9 phononTF 0.000649015 0.0573833 -0.284714 0.049999 136208 0.00034743 1 0.0224447 -0.180445 0.05 380027
0 4932 2 phononTS 0.00200855 -2.46613 3.73377 -0.005757 3323.59 0.00069486 1 -0.09993 -0.230451 0.05 80793.9
0 4934 6 phononTF 0.00118894 0.697627 -0.906917 -0.0482223 47632.8 0.00034743 1 0.106634 -0.192918 0.05 50746
0 4935 3 phononTS 0.00188729 -2.9662 3.28772 -0.0373847 3183.04 0.00034743 1 -0.0738386 -0.219974 0.05 14406.8
0 4937 4 phononTS 0.00114949 -1.39056 4.10345 0.0134102 23428.6 0.00034743 1 0.044088 -0.205877 0.05 416832
0 4937 6 phononTS 0.000700058 0.044088 -0.205877 0.049999 416832 0.00034743 1 -0.0392189 -0.132076 0.05 416906
0 4937 2 phononTF 0.00162001 -3.17708 3.9965 0.00728684 3555.77 0.00034743 1 -0.0283724 -0.153147 0.05 364029
0 4939 4 phononTF 0.00051625 0.8898 4.37177 0.049472 9813.3 0.00034743 1 0.0329534 -0.146728 0.05 52631.1
0 4942 3 phononTS 0.00158626 -0.698434 4.69569 0.045876 19550.7 0.00069486 1 -0.0235368 -0.208814 0.05 109226
0 4943 6 phononTS 0.000502569 -0.41596 3.20235 0.0225255 276953 0.00034743 1 0.0710511 -0.2511 0.05 300761
0 4950 3 phononTF 0.00212094 -2.423 4.74647 0.0319889 12719.8 0.00034743 1 0.0876425 -0.187025 0.05 22823.5
0 4952 5 phononTF 0.000817584 0.550653 2.55092 -0.0162254 32952.4 0.00034743 1 -0.0669823 -0.175507 0.05 212958
0 4953 5 phononTF 0.00145741 -1.30133 3.62544 0.0147465 12516.3 0.00069486 1 -0.0354551 -0.267281 0.05 77979
0 4955 4 phononTS 0.00123533 1.25165 -4.04546 -0.0230405 109519 0.00034743 1 0.109544 -0.231467 0.05 524724
0 4955 6 phononTF 0.000755656 0.109544 -0.231467 0.049999 524724 0.00034743 1 -0.0608194 -0.13451 0.05 525012
0 4957 3 phononTS 0.00177793 -1.84122 3.63386 0.028453 96.1063 0.00069486 1 0.0190768 -0.157361 0.05 87460
0 4959 5 phononTS 0.000743303 -2.04644 4.84904 -0.0327613 47187 0.00034743 1 0.0882425 -0.231251 0.05 116200
0 4960 5 phononTS 0.000710983 -3.15368 2.88904 0.0451015 267305 0.00034743 1 -0.104218 -0.159504 0.05 375595
0 4960 12 phononTS 0.00107932 -0.11678 2.25224 0.00764756 169623 0.00069486 1 0.0916131 -0.218392 0.05 296323
0 4963 3 phononTF 0.00211356 -1.6467 3.23241 0.0487131 8118.87 0.00034743 1 0.0895072 -0.188759 0.05 56845.9
0 4965 2 phononTS 0.00143874 -2.07158 4.44347 -0.0279515 1316.79 0.00034743 1 0.0217791 -0.249326 0.05 91479.8
0 4965 7 phononTS 0.000539908 0.0217791 -0.249326 0.049999 91479.8 0.00034743 1 -0.0978863 -0.146954 0.05 135303
0 4966 7 phononL 0.000710078 2.66649 2.91719 0.0477245 207154 0.00034743 1 -0.0335494 -0.289675 0.05 273204
0 4966 4 phononL 0.000512054 -2.52071 4.70316 -0.0448268 2997.35 0.00034743 1 0.0500431 -0.187849 0.05 146827
0 4967 3 phononTF 0.00209677 -1.82434 3.79293 -0.0129369 60.8366 0.00069486 1 -0.0342574 -0.10894 0.05 50387.1
0 4968 2 phononTS 0.00228296 -1.33531 4.29897 0.0136367 8902.43 0.00034743 1 -0.0650864 -0.113814 0.05 30231.8
0 4970 6 phononTS 0.00128747 -2.29522 4.67276 0.040329 26616.9 0.00034743 1 -0.109574 -0.201628 0.05 72935.1
0 4971 2 phononTS 0.00216955 -2.02529 3.13614 0.0407894 2248.17 0.00034743 1 -0.0249772 -0.204729 0.05 191135
0 4971 6 phononL 0.000604914 -0.0249772 -0.204729 0.049999 191135 0.00034743 1 -0.0463869 -0.238301 0.05 762983
0 4974 5 phononTS 0.000942896 3.72753 3.312 0.0217857 59781.2 0.00069486 1 -0.0293554 -0.148847 0.05 309795
0 4974 2 phononTS 0.00196699 2.08447 3.76392 -0.035967 10571.1 0.00069486 1 -0.0287281 -0.102091 0.05 103355
0 4975 5 phononTS 0.00120285 0.585679 3.55721 -0.0363009 79686.1 0.00069486 1 0.106868 -0.252364 0.05 141827
0 4976 5 phononTS 0.00139247 -0.471879 -2.08254 0.0424846 128812 0.00034743 1 -0.0369219 -0.114471 0.05 244120
0 4978 2 phononTS 0.00274258 -2.06563 3.62702 0.0355478 1133.17 0.00069486 1 -0.054089 -0.261382 0.05 28151.9
0 4979 7 phononTF 0.000905493 -2.80958 2.40806 0.0381201 35232.4 0.00034743 1 -0.0734496 -0.1164 0.05 103661
0 4983 5 phononTS 0.00140791 0.226479 2.52696 -0.0424535 48521.7 0.00034743 1 -0.0488647 -0.227709 0.05 193151
0 4985 5 phononTS 0.00159182 -1.91931 4.82532 0.0304492 6815.16 0.00034743 1 0.100418 -0.204609 0.05 23240.9
0 4985 6 phononTS 0.00052323 0.100418 -0.204609 0.049999 23240.9 0.00034743 1 0.0680386 -0.182943 0.05 23303.6
0 4987 4 phononTS 0.00120481 3.67463 -2.84793 0.0106055 74129.2 0.00069486 1 -0.0259725 -0.26506 0.05 135464
0 4989 5 phononTS 0.000996932 -1.19715 2.20156 0.0287581 18337.3 0.00034743 1 0.0703248 -0.213496 0.05 37935.5
0 4989 7 phononTS 0.000471864 0.0703248 -0.213496 0.049999 37935.5 0.00034743 1 0.111642 -0.199074 0.05 38061.7
0 4997 3 phononTF 0.00241501 -2.38604 4.80785 -0.00122712 5536.21 0.00069486 1 0.111556 -0.182932 0.05 140155
0 4997 9 phononTS 0.000917332 0.111556 -0.182932 0.049999 140155 0.00034743 1 0.0867033 -0.198202 0.05 140216
0 4997 2 phononTF 0.00158499 -2.38604 4.80785 -0.00122712 5536.21 0.00069486 1 0.0367199 -0.168323 0.05 164874
