Run ID,Event ID,Particle Name,Start Energy [eV],Start X [mm],Start Y [mm],Start Z [mm],Start Time [ns]
0 0 phononL 0.004 -1.23165 0.392488 0.0396758 0
0 1 phononL 0.004 -0.110834 0.142652 -0.0104693 0
0 2 phononL 0.004 -1.18405 0.94895 0.0368341 0
0 3 phononL 0.004 0.196154 -1.33265 -0.0284643 0
0 4 phononL 0.004 1.26082 -0.669298 -0.00265405 0
0 5 phononL 0.004 -1.50118 -0.298018 0.0102037 0
0 6 phononL 0.004 -1.24534 0.257445 0.0337868 0
0 7 phononL 0.004 0.0504605 -1.29336 -0.00349904 0
0 8 phononL 0.004 0.0552759 -1.43033 -0.0329476 0
0 9 phononL 0.004 0.901036 -0.169962 -0.0288866 0
0 10 phononL 0.004 -1.514 -0.909679 -0.0285132 0
0 11 phononL 0.004 -0.877724 1.61065 -0.00975233 0
0 12 phononL 0.004 -0.0734928 0.33994 0.0161663 0
0 13 phononL 0.004 -0.965547 -1.55716 0.0154343 0
0 14 phononL 0.004 1.10155 -0.0814486 0.00471335 0
0 15 phononL 0.004 1.44028 -1.56116 -0.0356842 0
0 16 phononL 0.004 -0.599854 -1.19135 0.0387165 0
0 17 phononL 0.004 1.16833 -0.139122 -0.0333965 0
0 18 phononL 0.004 0.266166 -0.62334 0.0307773 0
0 19 phononL 0.004 0.276305 1.203 -0.0196707 0
0 20 phononL 0.004 0.182421 -1.37456 0.0347272 0
0 21 phononL 0.004 1.12135 0.577396 -0.00202432 0
0 22 phononL 0.004 -0.124046 -1.36337 -0.0133294 0
0 23 phononL 0.004 0.373399 -0.693258 -0.0275114 0
0 24 phononL 0.004 -0.182673 0.942303 -0.038479 0
0 25 phononL 0.004 -0.991691 -1.48377 -0.0343284 0
0 26 phononL 0.004 0.604465 0.696209 0.00810955 0
0 27 phononL 0.004 -0.0834206 0.776976 -0.0337753 0
0 28 phononL 0.004 -0.173703 -1.33345 -0.0230734 0
0 29 phononL 0.004 1.41562 -0.556312 -0.00831871 0
0 30 phononL 0.004 -0.805502 0.503616 -0.0107479 0
0 31 phononL 0.004 -1.30005 -1.2996 -0.027445 0
0 32 phononL 0.004 0.429221 -1.282 0.0270856 0
0 33 phononL 0.004 0.9768 1.06233 -0.0169244 0
0 34 phononL 0.004 0.142313 -0.147004 -0.00170653 0
0 35 phononL 0.004 -0.704568 -1.37432 -0.0264187 0
0 36 phononL 0.004 0.0781398 1.47058 0.0323477 0
0 37 phononL 0.004 -0.580384 0.754863 0.00478468 0
0 38 phononL 0.004 -0.689721 0.127819 -0.00872615 0
0 39 phononL 0.004 -0.107135 -0.76811 0.0319191 0
0 40 phononL 0.004 1.45951 -1.0958 -0.0128629 0
0 41 phononL 0.004 1.00501 -0.420425 -0.014414 0
0 42 phononL 0.004 -0.124555 -0.46089 -0.03674 0
0 43 phononL 0.004 0.514264 0.645652 0.0258027 0
0 44 phononL 0.004 1.34934 1.24599 -0.00417256 0
0 45 phononL 0.004 -1.1928 1.08526 0.0109314 0
0 46 phononL 0.004 -0.427888 0.246708 0.00968173 0
0 47 phononL 0.004 -1.29956 0.875981 -0.0222324 0
0 48 phononL 0.004 -0.354462 0.68367 -0.00624954 0
0 49 phononL 0.004 -0.884754 -1.01057 0.00230205 0
0 50 phononL 0.004 0.835729 -0.198676 -0.00600088 0
0 51 phononL 0.004 -0.475074 0.570195 0.0399004 0
0 52 phononL 0.004 0.236144 -1.03084 0.00967677 0
0 53 phononL 0.004 0.0513514 0.412457 0.0313441 0
0 54 phononL 0.004 -0.657558 0.193403 0.00386566 0
0 55 phononL 0.004 0.762955 1.60452 -0.0107203 0
0 56 phononL 0.004 0.721791 0.99301 -0.00266623 0
0 57 phononL 0.004 -1.31055 -1.03736 0.0340697 0
0 58 phononL 0.004 -1.41902 -1.43421 -0.0347526 0
0 59 phononL 0.004 0.706831 1.24252 -0.0159993 0
0 60 phononL 0.004 -0.340781 -1.01003 -0.0254967 0
0 61 phononL 0.004 -1.03193 0.117074 -0.00112037 0
0 62 phononL 0.004 -0.645607 -0.920288 0.011182 0
0 63 phononL 0.004 1.24431 1.59083 -0.00980699 0
0 64 phononL 0.004 -0.137738 -1.11567 -0.0361528 0
0 65 phononL 0.004 1.59891 -0.226266 0.0399621 0
0 66 phononL 0.004 0.916389 0.795895 0.0211325 0
0 67 phononL 0.004 1.09313 -1.03546 -0.0308335 0
0 68 phononL 0.004 0.014938 0.317421 0.0336168 0
0 69 phononL 0.004 1.03478 -0.231517 -0.026392 0
0 70 phononL 0.004 -0.11658 -0.803589 -0.035983 0
0 71 phononL 0.004 0.665843 0.181926 0.0228869 0
0 72 phononL 0.004 -0.756091 -0.361234 0.0310206 0
0 73 phononL 0.004 0.454609 0.819337 -0.0208346 0
0 74 phononL 0.004 0.217989 -0.720578 0.0337831 0
0 75 phononL 0.004 -0.0960426 0.0809898 -0.00106515 0
0 76 phononL 0.004 0.0740407 0.835689 0.000646278 0
0 77 phononL 0.004 0.25175 1.00141 -0.0248746 0
0 78 phononL 0.004 -0.913328 -1.63311 -0.00422716 0
0 79 phononL 0.004 0.755367 -1.54412 -0.0322017 0
0 80 phononL 0.004 0.459651 1.59206 -0.00955654 0
0 81 phononL 0.004 0.580657 1.46591 -0.0204669 0
0 82 phononL 0.004 -1.16091 -0.855177 -0.00947609 0
0 83 phononL 0.004 -1.17496 -0.252161 0.0120216 0
0 84 phononL 0.004 0.302947 1.20666 -0.0149466 0
0 85 phononL 0.004 -0.52698 -1.56391 0.0246331 0
0 86 phononL 0.004 1.1867 -0.0176975 -0.00566963 0
0 87 phononL 0.004 -0.713515 1.38436 0.0206534 0
0 88 phononL 0.004 0.876743 1.46864 0.0127487 0
0 89 phononL 0.004 -0.663187 1.08088 -0.0173845 0
0 90 phononL 0.004 0.0330176 1.0336 -0.00202557 0
0 91 phononL 0.004 0.416741 -1.45721 -0.0185068 0
0 92 phononL 0.004 0.344659 -1.47517 -0.0358996 0
0 93 phononL 0.004 0.0773023 0.967554 -0.00106066 0
0 94 phononL 0.004 1.47677 0.317013 -0.017713 0
0 95 phononL 0.004 0.240732 -0.875614 0.0395824 0
0 96 phononL 0.004 -0.664385 -0.810964 0.0348453 0
0 97 phononL 0.004 -0.337177 -0.811406 -0.0278619 0
0 98 phononL 0.004 0.402716 0.188903 0.0264156 0
0 99 phononL 0.004 1.04447 0.608443 -0.0269484 0
0 100 phononL 0.004 0.0452171 0.230714 -0.0305998 0
0 101 phononL 0.004 -0.0588873 1.55201 -0.0241486 0
0 102 phononL 0.004 -0.582184 1.37519 -0.0254906 0
0 103 phononL 0.004 0.296841 0.204355 -0.0312682 0
0 104 phononL 0.004 -1.61119 -1.04378 -0.033777 0
0 105 phononL 0.004 -0.120244 0.791422 -0.00360002 0
0 106 phononL 0.004 -0.930354 -1.19445 0.026607 0
0 107 phononL 0.004 -0.86839 0.605774 0.0112164 0
0 108 phononL 0.004 -0.49001 1.49446 -0.0208231 0
0 109 phononL 0.004 -0.483161 0.976766 -0.000508738 0
0 110 phononL 0.004 1.38899 1.06393 0.0130438 0
0 111 phononL 0.004 1.4038 1.45373 0.026785 0
0 112 phononL 0.004 -1.10106 -0.645919 0.0279435 0
0 113 phononL 0.004 -1.14196 0.0974541 -0.00885574 0
0 114 phononL 0.004 1.33122 -1.48206 -0.0196949 0
0 115 phononL 0.004 1.05495 1.02393 -0.0135827 0
0 116 phononL 0.004 0.160898 -0.452394 -0.0156499 0
0 117 phononL 0.004 0.818951 -0.983638 0.00121903 0
0 118 phononL 0.004 -1.14495 0.113919 -0.00344504 0
0 119 phononL 0.004 -0.908097 -1.43093 -0.0393331 0
0 120 phononL 0.004 1.16675 -1.17357 0.0320672 0
0 121 phononL 0.004 0.0728682 -0.832368 -0.0340359 0
0 122 phononL 0.004 0.812697 0.441749 -0.0386218 0
0 123 phononL 0.004 -0.308975 -0.168696 0.00651188 0
0 124 phononL 0.004 0.40775 -0.679922 -0.0183972 0
0 125 phononL 0.004 1.34329 0.918937 -0.0350691 0
0 126 phononL 0.004 -1.28304 -0.706928 0.00969278 0
0 127 phononL 0.004 -0.225729 -1.57184 -0.0190381 0
0 128 phononL 0.004 1.52844 -1.39561 0.0243192 0
0 129 phononL 0.004 -0.541837 -1.00645 0.0190411 0
0 130 phononL 0.004 -1.58755 -0.987635 -0.00707024 0
0 131 phononL 0.004 1.00527 -0.617223 -0.0023336 0
0 132 phononL 0.004 -0.594982 0.562347 0.00471681 0
0 133 phononL 0.004 1.05419 0.3394 0.01608 0
0 134 phononL 0.004 -0.262937 0.490182 -0.0201148 0
0 135 phononL 0.004 -0.036441 0.465109 0.0355886 0
0 136 phononL 0.004 1.13317 -0.128378 0.0258646 0
0 137 phononL 0.004 0.231981 -1.53311 -0.00352098 0
0 138 phononL 0.004 -0.976418 -1.48611 0.00618866 0
0 139 phononL 0.004 -1.15131 0.519507 -0.0111251 0
0 140 phononL 0.004 1.255 -1.65638 0.00808974 0
0 141 phononL 0.004 0.967934 -0.924267 -0.0119358 0
0 142 phononL 0.004 0.527524 1.29341 0.0300229 0
0 143 phononL 0.004 1.59797 -0.198979 0.00596189 0
0 144 phononL 0.004 -1.50117 1.35491 0.0369211 0
0 145 phononL 0.004 0.823457 1.2491 0.00352544 0
0 146 phononL 0.004 1.34638 -0.786125 -0.0325715 0
0 147 phononL 0.004 1.20398 0.744894 0.0187483 0
0 148 phononL 0.004 -0.433185 0.939799 0.00856388 0
0 149 phononL 0.004 1.16211 1.03402 0.0218711 0
0 150 phononL 0.004 -0.178204 -1.32082 -0.0279417 0
0 151 phononL 0.004 -1.61734 1.51182 -0.0379602 0
0 152 phononL 0.004 -0.607319 0.984484 0.0268669 0
0 153 phononL 0.004 0.888525 -1.39112 0.00677635 0
0 154 phononL 0.004 0.299962 1.28927 -0.0365553 0
0 155 phononL 0.004 1.05546 0.184405 -0.00856008 0
0 156 phononL 0.004 0.230803 0.717091 -0.0365395 0
0 157 phononL 0.004 0.744035 0.841897 0.0354986 0
0 158 phononL 0.004 -1.26023 0.528098 0.00145453 0
0 159 phononL 0.004 -0.632744 -0.25733 -0.0145506 0
0 160 phononL 0.004 0.940829 -0.818045 -0.0286928 0
0 161 phononL 0.004 -0.994983 1.38626 0.00982875 0
0 162 phononL 0.004 -0.442233 0.309501 0.00444332 0
0 163 phononL 0.004 -0.998316 0.691311 -0.00930444 0
0 164 phononL 0.004 -0.323346 -0.459789 -0.0302235 0
0 165 phononL 0.004 1.26763 0.534707 1.26372e-05 0
0 166 phononL 0.004 1.32987 -0.231183 -0.0125989 0
0 167 phononL 0.004 -0.678234 -0.648111 -0.000192199 0
0 168 phononL 0.004 0.188732 -1.20929 -0.00371314 0
0 169 phononL 0.004 0.452108 -0.287245 0.0167244 0
0 170 phononL 0.004 -0.0209687 -1.176 -0.0215975 0
0 171 phononL 0.004 0.391626 -0.525503 -0.000107171 0
0 172 phononL 0.004 -0.684782 1.52405 -0.0220506 0
0 173 phononL 0.004 0.450858 0.740197 0.000785043 0
0 174 phononL 0.004 -0.744824 -1.37522 -0.00681735 0
0 175 phononL 0.004 0.807913 1.06411 0.0383124 0
0 176 phononL 0.004 -0.97876 -0.841562 -0.0226328 0
0 177 phononL 0.004 -0.18964 -0.424841 -0.0206444 0
0 178 phononL 0.004 -1.50791 -1.00986 -0.0236683 0
0 179 phononL 0.004 -0.424287 0.399404 -0.0256751 0
0 180 phononL 0.004 -0.550083 -1.02748 -0.000814288 0
0 181 phononL 0.004 -1.28184 -0.958988 0.00598822 0
0 182 phononL 0.004 -1.03075 0.241148 -0.0171347 0
0 183 phononL 0.004 0.995052 0.749449 0.0349395 0
0 184 phononL 0.004 1.06101 -0.733305 0.0212968 0
0 185 phononL 0.004 -1.65064 1.2323 0.0210812 0
0 186 phononL 0.004 -0.0943587 -0.0318451 -0.00127376 0
0 187 phononL 0.004 -1.60984 -0.22224 0.0193665 0
0 188 phononL 0.004 1.57041 0.0191941 0.0222913 0
0 189 phononL 0.004 1.53086 -0.452707 0.0202256 0
0 190 phononL 0.004 0.865103 0.143647 -0.00317054 0
0 191 phononL 0.004 1.20145 1.2239 -0.0390543 0
0 192 phononL 0.004 -1.20544 -1.40546 -0.0100492 0
0 193 phononL 0.004 0.307429 0.770613 -0.02922 0
0 194 phononL 0.004 1.23753 1.62356 -0.0296376 0
0 195 phononL 0.004 1.11952 -1.438 -0.0273241 0
0 196 phononL 0.004 0.00626444 1.16072 0.0195843 0
0 197 phononL 0.004 1.26293 0.68117 -0.0262895 0
0 198 phononL 0.004 -1.64546 0.397228 0.00110719 0
0 199 phononL 0.004 -1.22423 1.18654 -0.0299102 0
0 200 phononL 0.004 1.59559 1.4351 -0.00640233 0
0 201 phononL 0.004 0.780979 -1.63363 0.0124384 0
0 202 phononL 0.004 -0.938228 -0.973583 -0.0164203 0
0 203 phononL 0.004 -0.000354109 1.6118 -0.0242196 0
0 204 phononL 0.004 -0.77067 -0.137083 -0.0164482 0
0 205 phononL 0.004 0.165695 -0.864384 -0.00687885 0
0 206 phononL 0.004 -1.61429 1.11102 -0.034899 0
0 207 phononL 0.004 0.278471 0.391477 -0.0153131 0
0 208 phononL 0.004 1.21868 -1.19443 -0.0248391 0
0 209 phononL 0.004 -1.23674 -1.0496 -0.00195839 0
0 210 phononL 0.004 1.5923 0.43357 0.0313353 0
0 211 phononL 0.004 0.709285 0.0760261 -0.0390802 0
0 212 phononL 0.004 0.776442 -1.16529 0.00983062 0
0 213 phononL 0.004 -1.30761 0.960654 -0.0379962 0
0 214 phononL 0.004 -0.495999 1.39939 0.0218541 0
0 215 phononL 0.004 -0.177621 -0.800394 -0.0351226 0
0 216 phononL 0.004 -0.274323 1.14297 0.0192727 0
0 217 phononL 0.004 -0.961088 0.248504 -0.024342 0
0 218 phononL 0.004 0.437585 0.505203 0.0011982 0
0 219 phononL 0.004 0.599027 -0.60124 -0.00607626 0
0 220 phononL 0.004 0.287753 0.176733 0.0252038 0
0 221 phononL 0.004 1.28804 -0.131017 0.00273787 0
0 222 phononL 0.004 -0.522235 -1.04435 -0.0331424 0
0 223 phononL 0.004 1.62352 -0.813096 0.00799416 0
0 224 phononL 0.004 1.55495 0.538744 -0.0254007 0
0 225 phononL 0.004 0.835721 -0.999382 -0.00308518 0
0 226 phononL 0.004 -0.890081 -1.45433 -0.0380794 0
0 227 phononL 0.004 -1.49938 0.396831 -0.00536902 0
0 228 phononL 0.004 1.60691 1.02491 0.0115735 0
0 229 phononL 0.004 1.59511 -0.841682 -0.00375232 0
0 230 phononL 0.004 -0.390225 1.17385 -0.0255404 0
0 231 phononL 0.004 -1.38371 1.65171 -0.0334566 0
0 232 phononL 0.004 0.657806 -0.480177 -0.00678615 0
0 233 phononL 0.004 0.160396 -1.4424 -0.02727 0
0 234 phononL 0.004 -0.721464 -1.34794 0.00184953 0
0 235 phononL 0.004 0.402116 -0.228993 0.00461055 0
0 236 phononL 0.004 0.452876 0.665695 0.0158285 0
0 237 phononL 0.004 0.75682 0.429965 -0.00503942 0
0 238 phononL 0.004 0.868382 -1.48435 0.0099273 0
0 239 phononL 0.004 1.16471 0.709658 0.0387545 0
0 240 phononL 0.004 0.972753 1.19049 -0.0394598 0
0 241 phononL 0.004 -0.748808 -0.940339 0.0271442 0
0 242 phononL 0.004 0.245968 -1.36532 0.0130031 0
0 243 phononL 0.004 0.535557 1.43667 0.0354156 0
0 244 phononL 0.004 -0.0737185 -0.00233837 -0.0397103 0
0 245 phononL 0.004 -1.09851 0.969351 0.00368382 0
0 246 phononL 0.004 -0.737565 -0.18005 -0.0289506 0
0 247 phononL 0.004 -0.436338 1.09067 -0.0329941 0
0 248 phononL 0.004 1.45031 0.0420096 0.002872 0
0 249 phononL 0.004 0.988026 -0.0997121 -0.0130284 0
0 250 phononL 0.004 -0.345627 1.44981 -0.0274138 0
0 251 phononL 0.004 -0.376 1.19635 -0.0229747 0
0 252 phononL 0.004 -1.12643 1.2114 0.00617864 0
0 253 phononL 0.004 -1.29255 -0.763106 -0.00811558 0
0 254 phononL 0.004 1.49857 -0.872105 0.0395145 0
0 255 phononL 0.004 -1.62597 0.918766 0.00697087 0
0 256 phononL 0.004 -0.471802 -1.30165 0.0178534 0
0 257 phononL 0.004 -1.1362 -1.28091 -0.0317078 0
0 258 phononL 0.004 -1.65585 -1.61705 -0.0059505 0
0 259 phononL 0.004 0.685296 -0.757407 -0.00471695 0
0 260 phononL 0.004 -1.46313 -0.669369 -0.00513472 0
0 261 phononL 0.004 0.432607 -0.881802 0.026922 0
0 262 phononL 0.004 -0.870203 -0.41588 0.0334259 0
0 263 phononL 0.004 -0.167619 -0.0146547 -0.00534028 0
0 264 phononL 0.004 1.65149 0.389723 -0.0129953 0
0 265 phononL 0.004 -0.887686 1.42571 0.00710545 0
0 266 phononL 0.004 -0.662623 0.210115 -0.0164039 0
0 267 phononL 0.004 -0.354314 1.17862 0.0291921 0
0 268 phononL 0.004 -1.4537 1.51177 0.0104334 0
0 269 phononL 0.004 -1.5766 1.63323 -0.0354507 0
0 270 phononL 0.004 1.22652 -1.3632 0.0354375 0
0 271 phononL 0.004 -0.459725 0.591133 0.0305867 0
0 272 phononL 0.004 0.514914 -1.41117 -0.00859715 0
0 273 phononL 0.004 -0.361542 1.15992 -0.029606 0
0 274 phononL 0.004 -0.60193 1.58267 0.0251611 0
0 275 phononL 0.004 1.66472 0.930383 -0.0067973 0
0 276 phononL 0.004 0.234268 0.0597216 0.0121767 0
0 277 phononL 0.004 -1.06076 -0.627877 -0.0166138 0
0 278 phononL 0.004 1.15368 0.683949 -0.035824 0
0 279 phononL 0.004 0.958549 0.488852 -0.00459196 0
0 280 phononL 0.004 -1.08371 1.43459 0.0350217 0
0 281 phononL 0.004 -1.44694 0.238981 0.0131719 0
0 282 phononL 0.004 -1.61219 -1.0967 -0.0353184 0
0 283 phononL 0.004 -0.0335342 -0.501305 0.0279261 0
0 284 phononL 0.004 1.58582 -0.339079 -0.00143593 0
0 285 phononL 0.004 -1.22663 1.54854 0.0393427 0
0 286 phononL 0.004 1.30646 1.27662 0.0326186 0
0 287 phononL 0.004 0.372226 0.60182 0.0274113 0
0 288 phononL 0.004 1.19224 -0.220746 -0.00433612 0
0 289 phononL 0.004 -1.52296 1.25156 0.0245868 0
0 290 phononL 0.004 0.358323 -1.37409 -0.0190099 0
0 291 phononL 0.004 -1.14745 -1.62388 -0.00975524 0
0 292 phononL 0.004 0.0151918 1.19969 0.0189412 0
0 293 phononL 0.004 0.750311 -1.01483 0.032169 0
0 294 phononL 0.004 0.333831 0.343815 -0.0107517 0
0 295 phononL 0.004 1.33787 1.65019 -0.0339828 0
0 296 phononL 0.004 -1.22875 0.906685 -0.021053 0
0 297 phononL 0.004 -1.64508 -1.12871 -0.0368119 0
0 298 phononL 0.004 1.49739 0.472104 0.0284087 0
0 299 phononL 0.004 1.06166 -0.501186 0.0244227 0
0 300 phononL 0.004 -0.329153 1.49031 -0.0148388 0
0 301 phononL 0.004 -0.616905 -0.0756508 0.0238979 0
0 302 phononL 0.004 -0.408562 -0.796802 -0.00671727 0
0 303 phononL 0.004 -1.3241 -1.58082 0.0383909 0
0 304 phononL 0.004 1.08111 -0.782497 0.0363384 0
0 305 phononL 0.004 -0.999376 1.40053 0.0320138 0
0 306 phononL 0.004 -0.56302 1.55066 -0.00771927 0
0 307 phononL 0.004 0.713262 -0.576359 -0.0356595 0
0 308 phononL 0.004 0.61928 1.00688 0.0362358 0
0 309 phononL 0.004 1.31087 0.016354 -0.0358476 0
0 310 phononL 0.004 0.182324 1.26047 0.0180488 0
0 311 phononL 0.004 -0.0645954 0.30556 0.000119825 0
0 312 phononL 0.004 -0.424338 -0.195494 -0.0335193 0
0 313 phononL 0.004 -1.33263 -1.01265 -0.0285348 0
0 314 phononL 0.004 1.43059 0.288028 -0.00237821 0
0 315 phononL 0.004 -0.561941 -1.39715 -0.0144039 0
0 316 phononL 0.004 1.19981 -1.26786 -0.0234554 0
0 317 phononL 0.004 0.280447 -1.45933 0.0387815 0
0 318 phononL 0.004 -0.776081 -0.156161 -0.00848789 0
0 319 phononL 0.004 0.302365 -0.809761 -0.0264032 0
0 320 phononL 0.004 -1.60836 0.490409 -0.00310938 0
0 321 phononL 0.004 -0.622035 1.59194 -0.00330969 0
0 322 phononL 0.004 -0.593173 0.82002 -0.0164917 0
0 323 phononL 0.004 1.50286 -1.34441 -0.0302443 0
0 324 phononL 0.004 0.894245 0.758645 -0.0107748 0
0 325 phononL 0.004 0.0530233 -0.76529 0.0158154 0
0 326 phononL 0.004 -1.34528 1.12834 0.0302767 0
0 327 phononL 0.004 1.47761 0.583587 -0.0183423 0
0 328 phononL 0.004 1.43004 0.628864 0.0378475 0
0 329 phononL 0.004 0.600477 1.25859 -0.0285233 0
0 330 phononL 0.004 0.56579 -0.718453 -0.0238633 0
0 331 phononL 0.004 -1.52679 1.02604 -0.00198736 0
0 332 phononL 0.004 -1.26216 1.65027 -0.0219623 0
0 333 phononL 0.004 -0.608006 -0.0148591 -0.00183368 0
0 334 phononL 0.004 1.29047 -1.39965 0.00200195 0
0 335 phononL 0.004 -0.231836 0.628583 0.0326463 0
0 336 phononL 0.004 -1.5386 -1.66235 0.0288597 0
0 337 phononL 0.004 0.141928 1.56276 -0.0224536 0
0 338 phononL 0.004 1.30737 1.47625 0.0132903 0
0 339 phononL 0.004 0.226252 1.14692 0.0156424 0
0 340 phononL 0.004 -1.66237 0.926528 0.0300463 0
0 341 phononL 0.004 1.6288 1.54703 -0.0108457 0
0 342 phononL 0.004 -0.734623 0.147467 -0.00857372 0
0 343 phononL 0.004 -0.473505 0.762805 -0.015978 0
0 344 phononL 0.004 -1.03145 1.42429 0.032084 0
0 345 phononL 0.004 0.739748 -0.768649 0.0185845 0
0 346 phononL 0.004 -0.25907 0.974435 0.0365965 0
0 347 phononL 0.004 -1.39476 -1.47143 0.0336286 0
0 348 phononL 0.004 1.02813 -0.563718 0.00875963 0
0 349 phononL 0.004 1.64643 1.18634 -0.00787471 0
0 350 phononL 0.004 0.258575 1.24184 0.00397844 0
0 351 phononL 0.004 1.01275 -0.547498 -0.0159189 0
0 352 phononL 0.004 1.51352 0.945059 -0.0140815 0
0 353 phononL 0.004 1.51338 1.0482 0.0110188 0
0 354 phononL 0.004 -0.954747 1.66366 -0.0345521 0
0 355 phononL 0.004 1.16301 0.0472144 -0.00141323 0
0 356 phononL 0.004 1.38332 1.55618 -0.00711309 0
0 357 phononL 0.004 -1.54619 0.016214 0.0295147 0
0 358 phononL 0.004 -1.12028 -1.61285 0.0267211 0
0 359 phononL 0.004 0.855416 0.745211 -0.00262833 0
0 360 phononL 0.004 -0.00976892 0.888303 0.0161047 0
0 361 phononL 0.004 -0.948519 -0.132433 -0.00938821 0
0 362 phononL 0.004 0.702134 1.00913 -0.00513991 0
0 363 phononL 0.004 1.35964 0.957278 -0.0371769 0
0 364 phononL 0.004 0.3982 -1.41184 0.0300165 0
0 365 phononL 0.004 0.0770474 0.674642 -0.0345071 0
0 366 phononL 0.004 0.961031 -0.520798 0.0301006 0
0 367 phononL 0.004 0.832869 0.642713 0.0173034 0
0 368 phononL 0.004 -1.07378 0.605879 -0.00108743 0
0 369 phononL 0.004 1.11936 1.60678 -0.0295055 0
0 370 phononL 0.004 0.138017 -1.33161 -0.00216491 0
0 371 phononL 0.004 -0.406219 -0.283206 -0.0396638 0
0 372 phononL 0.004 -0.418857 1.50543 0.0189256 0
0 373 phononL 0.004 -1.64688 0.920797 0.0286671 0
0 374 phononL 0.004 -0.268885 1.27175 0.0201469 0
0 375 phononL 0.004 0.0353329 -0.574956 0.0235003 0
0 376 phononL 0.004 0.465634 1.31532 -0.0120616 0
0 377 phononL 0.004 -0.858388 -0.669464 0.0188527 0
0 378 phononL 0.004 -1.38337 -1.20193 -0.0140036 0
0 379 phononL 0.004 -0.953569 -0.184819 -0.00565964 0
0 380 phononL 0.004 0.396228 0.401857 -0.0224686 0
0 381 phononL 0.004 0.704634 1.0092 0.0147488 0
0 382 phononL 0.004 0.651635 -0.873712 -0.00208238 0
0 383 phononL 0.004 0.782985 -1.25132 0.0255924 0
0 384 phononL 0.004 -0.64886 -0.82143 -0.00291086 0
0 385 phononL 0.004 0.9124 1.61559 -0.0326801 0
0 386 phononL 0.004 0.305804 0.454102 -0.0325723 0
0 387 phononL 0.004 -1.55217 0.53395 -0.0113646 0
0 388 phononL 0.004 0.730726 -0.401862 0.0108418 0
0 389 phononL 0.004 0.464812 0.275647 -0.0321628 0
0 390 phononL 0.004 -0.755576 -0.430122 -0.0247693 0
0 391 phononL 0.004 1.64453 -0.218259 0.0368044 0
0 392 phononL 0.004 1.10859 -0.122622 0.0181269 0
0 393 phononL 0.004 0.16503 -1.31952 -0.0390456 0
0 394 phononL 0.004 1.48988 1.49608 -0.0185315 0
0 395 phononL 0.004 -1.1507 0.105405 0.0167216 0
0 396 phononL 0.004 -1.43917 1.08931 -0.0236889 0
0 397 phononL 0.004 -0.435748 -0.162918 0.0241708 0
0 398 phononL 0.004 -1.05583 -1.56921 -0.0336722 0
0 399 phononL 0.004 1.35015 1.26837 0.0225593 0
0 400 phononL 0.004 1.15829 -1.1797 0.0213744 0
0 401 phononL 0.004 1.31732 0.225572 0.0306624 0
0 402 phononL 0.004 0.165428 -1.55989 -0.038627 0
0 403 phononL 0.004 -0.41592 0.348785 0.021615 0
0 404 phononL 0.004 0.145692 -0.959894 -0.0215621 0
0 405 phononL 0.004 -1.62901 -0.574063 -0.0140394 0
0 406 phononL 0.004 -0.700081 0.331579 0.0336538 0
0 407 phononL 0.004 -0.0950326 -0.68845 -0.01839 0
0 408 phononL 0.004 0.744324 1.59364 0.00126629 0
0 409 phononL 0.004 1.13916 -0.627868 -0.0380739 0
0 410 phononL 0.004 0.255598 -0.134765 0.00383504 0
0 411 phononL 0.004 0.784903 0.135658 -0.00209104 0
0 412 phononL 0.004 0.312553 -0.0683852 0.0302139 0
0 413 phononL 0.004 0.237598 1.59055 0.0103238 0
0 414 phononL 0.004 -0.851764 -1.22628 -0.0396651 0
0 415 phononL 0.004 -1.07421 -0.796795 -0.0295987 0
0 416 phononL 0.004 -1.02688 0.270344 -0.0202255 0
0 417 phononL 0.004 -0.31829 1.14025 -0.0230293 0
0 418 phononL 0.004 1.65954 0.536697 0.00127173 0
0 419 phononL 0.004 -1.62883 -1.5611 0.00507691 0
0 420 phononL 0.004 -1.31406 -0.570316 0.00757061 0
0 421 phononL 0.004 -1.45314 -1.19745 0.00217633 0
0 422 phononL 0.004 -1.5217 -1.40024 0.0276155 0
0 423 phononL 0.004 0.74529 0.860915 -0.0387388 0
0 424 phononL 0.004 -1.51174 -0.590111 0.0202189 0
0 425 phononL 0.004 -0.201731 0.670817 0.0172762 0
0 426 phononL 0.004 -0.93246 0.38904 -0.00418148 0
0 427 phononL 0.004 -0.528065 0.797983 0.000409696 0
0 428 phononL 0.004 -1.52917 0.096256 0.0103609 0
0 429 phononL 0.004 1.19103 1.08196 0.0308422 0
0 430 phononL 0.004 0.0500697 0.820308 0.0219128 0
0 431 phononL 0.004 0.667006 -0.268208 -0.00780898 0
0 432 phononL 0.004 -0.0167973 -0.243041 0.00732116 0
0 433 phononL 0.004 0.421044 -0.0749845 0.0273612 0
0 434 phononL 0.004 1.0379 -0.477963 -0.00768182 0
0 435 phononL 0.004 -0.323286 -1.47701 0.0167516 0
0 436 phononL 0.004 0.467745 -0.703347 -0.0394773 0
0 437 phononL 0.004 -1.47649 0.529511 0.0322056 0
0 438 phononL 0.004 -1.21021 -0.354037 -0.0129103 0
0 439 phononL 0.004 -1.50957 -0.651254 -0.0321837 0
0 440 phononL 0.004 1.25483 -1.21143 -0.0376822 0
0 441 phononL 0.004 0.652967 -1.20658 0.00188159 0
0 442 phononL 0.004 0.798885 0.460566 -0.00606324 0
0 443 phononL 0.004 1.60686 1.51448 0.0327424 0
0 444 phononL 0.004 1.36225 -0.262117 -0.0142499 0
0 445 phononL 0.004 1.25071 0.250168 0.0269083 0
0 446 phononL 0.004 -0.129574 0.851213 0.0178498 0
0 447 phononL 0.004 -0.228096 -1.37442 -0.0109313 0
0 448 phononL 0.004 -0.886594 0.907702 0.0346984 0
0 449 phononL 0.004 -0.971613 -1.11239 -0.0246346 0
0 450 phononL 0.004 0.125828 0.759653 0.0323189 0
0 451 phononL 0.004 1.52324 0.714805 -0.00421211 0
0 452 phononL 0.004 -1.6318 1.42629 0.00443312 0
0 453 phononL 0.004 -0.841258 0.119519 -0.0143294 0
0 454 phononL 0.004 0.605168 -0.923678 0.0269177 0
0 455 phononL 0.004 -0.904771 -0.741357 0.0331599 0
0 456 phononL 0.004 -1.1263 -1.31452 -0.0102863 0
0 457 phononL 0.004 -0.16199 1.61496 0.0367847 0
0 458 phononL 0.004 0.580346 0.364162 0.0350159 0
0 459 phononL 0.004 -0.347253 -1.3201 0.0131171 0
0 460 phononL 0.004 -0.0217216 -1.27931 0.00375261 0
0 461 phononL 0.004 -1.41147 -1.08639 0.0329452 0
0 462 phononL 0.004 0.614851 1.57438 0.0160274 0
0 463 phononL 0.004 0.518461 1.50095 0.0347782 0
0 464 phononL 0.004 -0.992425 0.634169 -0.0315801 0
0 465 phononL 0.004 1.48641 0.158217 0.0363419 0
0 466 phononL 0.004 -0.970435 -1.01302 -0.0313597 0
0 467 phononL 0.004 0.0891018 -1.5943 0.0142588 0
0 468 phononL 0.004 -0.70098 1.50874 -0.0232532 0
0 469 phononL 0.004 -0.715317 -1.13762 0.0200551 0
0 470 phononL 0.004 -0.483433 -0.733844 -0.0313904 0
0 471 phononL 0.004 -1.32711 0.643202 -0.00232768 0
0 472 phononL 0.004 0.580386 1.00327 0.000754087 0
0 473 phononL 0.004 0.531551 -0.136119 -0.0244393 0
0 474 phononL 0.004 0.554668 -0.471315 -0.0364063 0
0 475 phononL 0.004 -1.13511 -0.0171517 0.0120918 0
0 476 phononL 0.004 -0.674049 0.701798 -0.00672186 0
0 477 phononL 0.004 0.853413 -0.29156 -0.0165836 0
0 478 phononL 0.004 0.567349 1.51313 0.00670816 0
0 479 phononL 0.004 1.40887 -0.0086947 -0.00626114 0
0 480 phononL 0.004 0.0543062 0.214266 -0.0186285 0
0 481 phononL 0.004 0.442859 1.10482 0.00158219 0
0 482 phononL 0.004 -0.673223 -1.40987 0.0091512 0
0 483 phononL 0.004 1.02514 1.63702 0.0169837 0
0 484 phononL 0.004 -0.65791 -1.11166 -0.0376116 0
0 485 phononL 0.004 0.225605 -0.453139 0.0288938 0
0 486 phononL 0.004 -0.759151 1.33569 0.0146963 0
0 487 phononL 0.004 0.872205 -0.795085 0.0117315 0
0 488 phononL 0.004 0.342819 0.850298 0.02497 0
0 489 phononL 0.004 -1.47675 -1.49981 -0.0216992 0
0 490 phononL 0.004 0.903711 0.879687 -0.0173308 0
0 491 phononL 0.004 -1.47003 -0.677182 0.0331121 0
0 492 phononL 0.004 -1.17103 0.369465 0.014808 0
0 493 phononL 0.004 1.10715 0.969714 -0.000813007 0
0 494 phononL 0.004 -0.0292187 -0.252922 -0.0250187 0
0 495 phononL 0.004 1.40078 -1.21799 -0.0281578 0
0 496 phononL 0.004 -1.48348 -0.343778 0.0272805 0
0 497 phononL 0.004 0.752569 -1.10943 0.00219721 0
0 498 phononL 0.004 0.741404 -1.48026 -0.00926647 0
0 499 phononL 0.004 -1.2345 1.03827 -0.0273776 0
0 500 phononL 0.004 -1.32677 -0.94091 -0.0365045 0
0 501 phononL 0.004 -0.984852 1.38912 0.00191104 0
0 502 phononL 0.004 1.01412 1.37325 0.0202041 0
0 503 phononL 0.004 1.14222 1.03126 -0.0378549 0
0 504 phononL 0.004 1.13347 -0.329185 0.0370839 0
0 505 phononL 0.004 -1.47148 -0.662384 -0.035733 0
0 506 phononL 0.004 0.892868 -0.1699 0.032419 0
0 507 phononL 0.004 1.07081 -0.59258 -0.00586958 0
0 508 phononL 0.004 -0.929163 -1.38705 0.0399298 0
0 509 phononL 0.004 -1.55406 -0.0360582 -0.02015 0
0 510 phononL 0.004 1.34185 1.52645 0.026296 0
0 511 phononL 0.004 0.935045 0.162439 0.0116492 0
0 512 phononL 0.004 -0.423896 1.53404 -0.0189998 0
0 513 phononL 0.004 -1.30281 -1.12644 0.00480847 0
0 514 phononL 0.004 1.31713 0.0998398 0.0310282 0
0 515 phononL 0.004 -0.906586 0.979119 0.00677545 0
0 516 phononL 0.004 0.398442 -0.245778 -0.0257407 0
0 517 phononL 0.004 -0.333549 -0.0750749 -0.00639739 0
0 518 phononL 0.004 0.0928862 -1.04405 0.0253358 0
0 519 phononL 0.004 0.373253 -1.36674 0.0271462 0
0 520 phononL 0.004 1.23758 0.680262 0.0236399 0
0 521 phononL 0.004 -0.709246 -0.529902 0.0152669 0
0 522 phononL 0.004 -0.376661 -1.38 0.0349378 0
0 523 phononL 0.004 -0.83276 -0.569374 -0.0271071 0
0 524 phononL 0.004 1.28194 1.53457 0.0148801 0
0 525 phononL 0.004 1.3111 0.805611 0.0307534 0
0 526 phononL 0.004 -0.926267 -0.705774 0.0324043 0
0 527 phononL 0.004 0.159142 0.576783 -0.0323438 0
0 528 phononL 0.004 -0.930545 0.418802 -0.0291756 0
0 529 phononL 0.004 -0.0418331 0.186386 0.0305701 0
0 530 phononL 0.004 0.792105 0.413823 -0.0183171 0
0 531 phononL 0.004 -1.52504 -0.931031 0.0154291 0
0 532 phononL 0.004 -0.182725 -0.260201 -0.0159515 0
0 533 phononL 0.004 -0.776355 -0.524419 -0.016194 0
0 534 phononL 0.004 1.11683 0.487512 -0.0228655 0
0 535 phononL 0.004 -1.46278 0.507649 -0.0303587 0
0 536 phononL 0.004 1.15509 1.4123 0.0165765 0
0 537 phononL 0.004 0.997832 0.0214787 0.00946635 0
0 538 phononL 0.004 0.456735 0.405486 0.0192373 0
0 539 phononL 0.004 -1.52316 0.324236 0.00322148 0
0 540 phononL 0.004 -0.279512 -0.0229429 -0.0200306 0
0 541 phononL 0.004 -0.77884 -1.0491 0.012935 0
0 542 phononL 0.004 0.7811 0.498075 -0.00412843 0
0 543 phononL 0.004 1.55441 0.241493 0.00145488 0
0 544 phononL 0.004 -1.5608 0.0378165 0.0252783 0
0 545 phononL 0.004 1.47525 1.31711 0.0119705 0
0 546 phononL 0.004 -0.293495 1.35861 -0.0149747 0
0 547 phononL 0.004 -0.03197 -1.51484 0.000990541 0
0 548 phononL 0.004 0.718454 -0.538613 -0.037365 0
0 549 phononL 0.004 -1.22692 -0.132679 -0.0144762 0
0 550 phononL 0.004 -0.681632 -1.51827 0.010518 0
0 551 phononL 0.004 -1.20279 -0.220111 -0.0208201 0
0 552 phononL 0.004 0.127813 1.26316 -0.0104348 0
0 553 phononL 0.004 -0.982988 0.975988 0.0383883 0
0 554 phononL 0.004 0.868256 -1.51895 0.0161826 0
0 555 phononL 0.004 0.541226 -0.655404 0.0148726 0
0 556 phononL 0.004 1.6335 0.985593 -0.00876319 0
0 557 phononL 0.004 0.460343 0.727128 -0.00521685 0
0 558 phononL 0.004 0.462176 1.01472 0.0107558 0
0 559 phononL 0.004 0.380771 -0.810204 -0.0202902 0
0 560 phononL 0.004 0.300021 0.633331 0.0150743 0
0 561 phononL 0.004 0.329265 -1.33506 -0.0169279 0
0 562 phononL 0.004 0.947388 -0.422295 0.00302819 0
0 563 phononL 0.004 1.53354 1.53922 0.027845 0
0 564 phononL 0.004 0.257023 0.926377 0.00316438 0
0 565 phononL 0.004 1.61912 0.0577618 -0.0103471 0
0 566 phononL 0.004 1.58943 0.422305 0.00482254 0
0 567 phononL 0.004 0.510293 -1.03001 -0.0155545 0
0 568 phononL 0.004 1.41404 -0.215935 0.0266035 0
0 569 phononL 0.004 1.47177 0.785499 -0.0330413 0
0 570 phononL 0.004 -0.606728 1.32294 0.0270679 0
0 571 phononL 0.004 -0.0516175 1.14983 0.0395276 0
0 572 phononL 0.004 0.34414 0.817372 0.0376288 0
0 573 phononL 0.004 -0.199279 0.703209 0.00080528 0
0 574 phononL 0.004 0.979315 0.0912247 -0.00419606 0
0 575 phononL 0.004 -1.5903 -1.37243 0.0278767 0
0 576 phononL 0.004 0.0380992 0.444465 -0.00938778 0
0 577 phononL 0.004 0.498134 1.13189 0.0153101 0
0 578 phononL 0.004 -1.40577 -0.783084 0.0250253 0
0 579 phononL 0.004 -1.65582 -1.16582 0.00692039 0
0 580 phononL 0.004 0.69175 -0.680452 0.0375775 0
0 581 phononL 0.004 -1.00853 1.28063 -0.0251802 0
0 582 phononL 0.004 1.59809 -0.814805 -0.0286047 0
0 583 phononL 0.004 0.765415 -0.415524 0.000201522 0
0 584 phononL 0.004 -0.480983 0.69614 0.0125568 0
0 585 phononL 0.004 0.1793 0.0946465 0.0197663 0
0 586 phononL 0.004 0.0926105 -1.61109 -0.0152301 0
0 587 phononL 0.004 -1.33267 -1.10505 -0.0322145 0
0 588 phononL 0.004 -0.95012 0.0131538 0.0126975 0
0 589 phononL 0.004 -1.07836 0.718095 -0.00998106 0
0 590 phononL 0.004 0.0181811 -0.830758 -0.00769521 0
0 591 phononL 0.004 -0.766434 0.00568367 0.016926 0
0 592 phononL 0.004 0.826716 -1.46688 -0.0235339 0
0 593 phononL 0.004 0.517818 0.62463 0.0029777 0
0 594 phononL 0.004 0.499565 0.862165 0.0231099 0
0 595 phononL 0.004 -0.562008 -0.629088 0.0185298 0
0 596 phononL 0.004 1.62057 0.680624 0.0129597 0
0 597 phononL 0.004 -0.939366 0.254344 0.0142053 0
0 598 phononL 0.004 -1.33837 -1.65594 0.0106898 0
0 599 phononL 0.004 -0.823537 0.320224 -0.0356474 0
0 600 phononL 0.004 0.151305 0.59504 -0.0339743 0
0 601 phononL 0.004 0.270851 -0.691805 0.0143172 0
0 602 phononL 0.004 0.57785 0.203971 0.00332842 0
0 603 phononL 0.004 0.760866 -0.694306 0.00580823 0
0 604 phononL 0.004 1.21447 -0.632384 0.00192682 0
0 605 phononL 0.004 1.51563 0.319173 0.0364037 0
0 606 phononL 0.004 0.902666 -0.491715 -0.00909036 0
0 607 phononL 0.004 -1.6458 -1.59887 0.0136641 0
0 608 phononL 0.004 1.02201 1.04287 -0.00326449 0
0 609 phononL 0.004 1.56582 -1.48298 0.0283109 0
0 610 phononL 0.004 1.17923 1.40551 -0.0319771 0
0 611 phononL 0.004 0.859978 -1.01567 0.0350248 0
0 612 phononL 0.004 -1.62385 -0.449984 -0.0269865 0
0 613 phononL 0.004 -0.565173 -0.157792 0.0193041 0
0 614 phononL 0.004 -0.351351 -0.297716 0.0243379 0
0 615 phononL 0.004 -0.169723 -0.127358 0.0211505 0
0 616 phononL 0.004 -0.146995 1.59335 -0.0190508 0
0 617 phononL 0.004 -0.15549 -0.728883 -0.00169642 0
0 618 phononL 0.004 -0.790538 0.916194 -0.0196344 0
0 619 phononL 0.004 1.56517 -0.303857 -0.0121249 0
0 620 phononL 0.004 -0.465171 -0.914544 0.0351113 0
0 621 phononL 0.004 1.10962 -0.499276 -0.0206969 0
0 622 phononL 0.004 -0.350215 1.49637 0.0137952 0
0 623 phononL 0.004 0.112066 1.39348 0.0221825 0
0 624 phononL 0.004 0.817259 0.577565 -0.0344323 0
0 625 phononL 0.004 1.31428 1.11914 0.00917274 0
0 626 phononL 0.004 -0.0895261 -0.0979536 -0.023619 0
0 627 phononL 0.004 -1.47797 -0.828863 -0.0267509 0
0 628 phononL 0.004 -1.40515 -1.34618 -0.0377654 0
0 629 phononL 0.004 -0.682084 -0.42821 0.00963572 0
0 630 phononL 0.004 0.707285 -1.03604 -0.0337641 0
0 631 phononL 0.004 -1.2426 0.980591 0.0394605 0
0 632 phononL 0.004 -0.742158 1.2565 -0.015649 0
0 633 phononL 0.004 0.510267 -0.903827 -0.00246982 0
0 634 phononL 0.004 0.495213 -0.74161 -0.00217083 0
0 635 phononL 0.004 -1.2615 -0.248242 -0.0011726 0
0 636 phononL 0.004 1.65912 -0.491635 -0.0273584 0
0 637 phononL 0.004 -0.52721 1.42112 0.00776443 0
0 638 phononL 0.004 -1.4004 -0.288863 0.0249631 0
0 639 phononL 0.004 -0.115218 -0.505133 0.000947559 0
0 640 phononL 0.004 0.680253 0.890064 0.0132722 0
0 641 phononL 0.004 0.714773 -0.0963334 -0.0294839 0
0 642 phononL 0.004 -0.0738858 -0.212334 0.0105157 0
0 643 phononL 0.004 -1.26855 0.170824 0.0315065 0
0 644 phononL 0.004 0.536809 -1.27025 -0.0306098 0
0 645 phononL 0.004 -0.956054 0.676294 0.0275746 0
0 646 phononL 0.004 -0.59998 -0.277974 0.0155086 0
0 647 phononL 0.004 0.422304 1.09483 -0.00664699 0
0 648 phononL 0.004 -1.50965 -0.614244 -0.0249783 0
0 649 phononL 0.004 -0.782304 -0.598601 -0.0110692 0
0 650 phononL 0.004 0.543979 -0.703371 -0.0157331 0
0 651 phononL 0.004 -0.083454 1.12667 0.0250516 0
0 652 phononL 0.004 1.06568 -0.958138 -0.0148915 0
0 653 phononL 0.004 0.0884059 -1.53616 -0.000200393 0
0 654 phononL 0.004 -0.354299 -0.922596 -0.0202771 0
0 655 phononL 0.004 -0.92699 1.51553 0.0316698 0
0 656 phononL 0.004 0.482546 -0.0473583 0.00856715 0
0 657 phononL 0.004 -0.804083 0.559471 -0.0322029 0
0 658 phononL 0.004 0.176608 -0.0230651 -0.0349129 0
0 659 phononL 0.004 -0.475344 -0.589326 0.0297763 0
0 660 phononL 0.004 -0.69965 -1.26878 0.0399901 0
0 661 phononL 0.004 -1.52397 -1.19539 0.0258396 0
0 662 phononL 0.004 -0.332356 1.45251 0.0373172 0
0 663 phononL 0.004 0.728043 1.57977 0.00546976 0
0 664 phononL 0.004 -1.52192 1.04219 -0.0219638 0
0 665 phononL 0.004 -0.260665 0.908419 0.0226861 0
0 666 phononL 0.004 0.174402 1.2126 0.0383428 0
0 667 phononL 0.004 0.949654 1.63723 0.00153386 0
0 668 phononL 0.004 1.51092 1.5632 -0.0244686 0
0 669 phononL 0.004 1.32065 -0.622835 -0.0376568 0
0 670 phononL 0.004 -1.26124 0.540982 -0.0299221 0
0 671 phononL 0.004 -0.292914 -1.3609 0.0170827 0
0 672 phononL 0.004 -1.63451 1.11911 0.0341286 0
0 673 phononL 0.004 -0.809608 -0.727541 -0.0238631 0
0 674 phononL 0.004 -1.32809 -0.387275 0.0217193 0
0 675 phononL 0.004 -1.08854 0.957284 0.012571 0
0 676 phononL 0.004 1.05455 0.455744 0.031589 0
0 677 phononL 0.004 -1.62972 1.28705 -0.0106575 0
0 678 phononL 0.004 -0.495677 0.615586 -0.0094998 0
0 679 phononL 0.004 -0.252299 -0.929389 -0.00918247 0
0 680 phononL 0.004 0.0976921 -0.0172648 -0.00100768 0
0 681 phononL 0.004 -1.65374 1.18678 -0.00468278 0
0 682 phononL 0.004 -0.831346 0.805511 -0.0291248 0
0 683 phononL 0.004 0.847799 -1.08079 0.0128559 0
0 684 phononL 0.004 -1.19422 -0.430405 0.0210895 0
0 685 phononL 0.004 0.451388 1.28831 0.00240673 0
0 686 phononL 0.004 -0.814392 0.936541 0.000987199 0
0 687 phononL 0.004 1.13528 1.52897 0.00863137 0
0 688 phononL 0.004 -0.0853015 0.0653588 -0.0083204 0
0 689 phononL 0.004 -1.17004 1.39202 -0.00229655 0
0 690 phononL 0.004 -0.503741 -0.445004 -0.0301034 0
0 691 phononL 0.004 -0.808141 0.474675 -0.000813283 0
0 692 phononL 0.004 0.773872 1.62169 -0.0230891 0
0 693 phononL 0.004 1.23218 -0.942682 -0.0395615 0
0 694 phononL 0.004 -0.249896 -1.29633 0.0171574 0
0 695 phononL 0.004 -0.463887 1.52252 -0.0280995 0
0 696 phononL 0.004 -0.0538995 0.0715975 -0.0204189 0
0 697 phononL 0.004 -0.764669 -1.25282 -0.0317937 0
0 698 phononL 0.004 -1.02163 -0.683227 -0.0384318 0
0 699 phononL 0.004 0.390893 -0.791342 -0.0211689 0
0 700 phononL 0.004 -1.54607 -0.714837 0.0283245 0
0 701 phononL 0.004 0.114736 0.351385 -0.00960249 0
0 702 phononL 0.004 1.24031 0.944089 0.00455587 0
0 703 phononL 0.004 -1.43401 -1.01945 -0.031486 0
0 704 phononL 0.004 1.00674 -0.911394 0.00530254 0
0 705 phononL 0.004 -0.978202 1.42167 0.0298459 0
0 706 phononL 0.004 1.11518 0.66526 0.00669118 0
0 707 phononL 0.004 0.179977 -1.49371 -0.0206553 0
0 708 phononL 0.004 -1.01863 -0.526007 -0.0361686 0
0 709 phononL 0.004 -1.38008 -1.13802 0.0325744 0
0 710 phononL 0.004 1.27587 0.0655385 -0.0352984 0
0 711 phononL 0.004 0.543951 1.42247 0.0223845 0
0 712 phononL 0.004 0.0183365 0.553823 0.00495165 0
0 713 phononL 0.004 -1.42435 0.928713 -0.00219266 0
0 714 phononL 0.004 1.37974 0.928822 -0.00132288 0
0 715 phononL 0.004 -0.648055 0.130227 -0.0235146 0
0 716 phononL 0.004 1.2744 -1.33947 -0.0270639 0
0 717 phononL 0.004 0.720281 -0.413061 -0.0178047 0
0 718 phononL 0.004 0.552765 -0.2123 0.013247 0
0 719 phononL 0.004 0.649173 -0.708678 -0.0222237 0
0 720 phononL 0.004 -0.0516247 0.688295 0.0372892 0
0 721 phononL 0.004 0.827354 0.183847 -0.0249175 0
0 722 phononL 0.004 -0.589743 0.0905314 -0.0106544 0
0 723 phononL 0.004 1.12914 -1.44382 0.021989 0
0 724 phononL 0.004 -1.46617 0.15953 -0.0323364 0
0 725 phononL 0.004 -0.428924 1.47146 0.0355322 0
0 726 phononL 0.004 1.27854 0.858311 -0.0191424 0
0 727 phononL 0.004 -1.23348 0.174728 0.023629 0
0 728 phononL 0.004 -0.830191 0.52999 -0.0052317 0
0 729 phononL 0.004 0.975524 -1.34926 -0.00321777 0
0 730 phononL 0.004 -0.865813 -1.05002 0.0164672 0
0 731 phononL 0.004 -0.699765 -1.46282 -0.010673 0
0 732 phononL 0.004 1.48085 -0.0752542 0.0378092 0
0 733 phononL 0.004 0.933268 0.743026 -0.00406993 0
0 734 phononL 0.004 -0.83598 0.653091 0.00906414 0
0 735 phononL 0.004 0.130577 -0.220435 -0.00118089 0
0 736 phononL 0.004 0.708862 0.117477 0.0238508 0
0 737 phononL 0.004 -0.8999 1.12286 -0.0378314 0
0 738 phononL 0.004 -1.06738 1.59417 0.038057 0
0 739 phononL 0.004 -0.760707 0.933679 -0.00773967 0
0 740 phononL 0.004 1.57267 -1.05049 -0.0355898 0
0 741 phononL 0.004 0.44389 0.90833 0.0185389 0
0 742 phononL 0.004 1.05049 0.904855 -0.0245812 0
0 743 phononL 0.004 0.565458 1.47143 0.023112 0
0 744 phononL 0.004 0.485421 0.253549 0.00524455 0
0 745 phononL 0.004 0.0814057 0.272157 -0.033499 0
0 746 phononL 0.004 0.774492 0.054822 -0.0160599 0
0 747 phononL 0.004 1.14073 -1.58002 -0.0366888 0
0 748 phononL 0.004 0.00390948 -0.555775 -0.00297356 0
0 749 phononL 0.004 0.659652 -1.04434 0.00703317 0
0 750 phononL 0.004 -1.61342 0.489941 0.0277234 0
0 751 phononL 0.004 0.412657 -0.241858 -0.0164611 0
0 752 phononL 0.004 -1.38698 -1.55902 -0.0070829 0
0 753 phononL 0.004 -1.41361 -0.0395738 0.0230163 0
0 754 phononL 0.004 0.346217 0.378097 0.000108591 0
0 755 phononL 0.004 -1.12972 -0.407423 0.00742544 0
0 756 phononL 0.004 1.25216 0.85914 0.0298592 0
0 757 phononL 0.004 0.851589 -1.07826 0.0291804 0
0 758 phononL 0.004 -0.479789 0.34426 0.0119286 0
0 759 phononL 0.004 1.50287 0.860982 -0.0135197 0
0 760 phononL 0.004 -1.23002 -1.4232 -0.0126112 0
0 761 phononL 0.004 1.25609 -0.292925 0.00449809 0
0 762 phononL 0.004 -0.311593 0.945998 0.000355801 0
0 763 phononL 0.004 0.982524 0.432318 -0.00301062 0
0 764 phononL 0.004 -0.643481 0.697355 0.0281734 0
0 765 phononL 0.004 0.116589 0.541149 0.0226291 0
0 766 phononL 0.004 -0.155885 -0.251757 0.0154182 0
0 767 phononL 0.004 1.51725 0.302576 -0.0365601 0
0 768 phononL 0.004 -0.885481 -0.964241 0.0374871 0
0 769 phononL 0.004 1.51253 1.52192 -0.0382406 0
0 770 phononL 0.004 1.37969 -0.14245 -0.0394748 0
0 771 phononL 0.004 0.0574472 0.28603 0.0348771 0
0 772 phononL 0.004 -1.5129 -1.57096 -0.0122855 0
0 773 phononL 0.004 -0.251534 -0.497947 0.0157808 0
0 774 phononL 0.004 -0.822164 0.141344 -0.0222083 0
0 775 phononL 0.004 0.654766 0.182293 -0.0353323 0
0 776 phononL 0.004 1.52971 0.970101 0.0156981 0
0 777 phononL 0.004 0.771761 -0.0836992 0.00387214 0
0 778 phononL 0.004 0.0253135 -1.27834 -0.0232687 0
0 779 phononL 0.004 -0.886596 -0.0902152 0.0220356 0
0 780 phononL 0.004 -1.66557 -1.42028 -0.0360471 0
0 781 phononL 0.004 0.890702 0.0727587 0.00765627 0
0 782 phononL 0.004 1.40925 0.92631 -0.0333864 0
0 783 phononL 0.004 -1.31654 0.205847 0.0245994 0
0 784 phononL 0.004 0.741083 1.36752 0.0120302 0
0 785 phononL 0.004 -0.157746 -0.11874 -0.0104888 0
0 786 phononL 0.004 0.715514 1.36627 -0.0258713 0
0 787 phononL 0.004 0.0828281 0.412233 -0.0323679 0
0 788 phononL 0.004 0.765584 -0.754893 0.0276545 0
0 789 phononL 0.004 0.873112 -0.105814 -0.00309604 0
0 790 phononL 0.004 0.78211 1.15574 -0.0079229 0
0 791 phononL 0.004 -0.960486 -1.50046 -0.0272298 0
0 792 phononL 0.004 -0.333279 -0.770553 -0.0176987 0
0 793 phononL 0.004 0.582606 0.25469 -0.0344803 0
0 794 phononL 0.004 -0.987833 -0.86096 -0.0194346 0
0 795 phononL 0.004 -0.721152 0.933851 0.00511437 0
0 796 phononL 0.004 -0.764757 1.18234 0.0170297 0
0 797 phononL 0.004 0.11189 1.0628 -0.038675 0
0 798 phononL 0.004 -0.315727 0.739534 0.0365397 0
0 799 phononL 0.004 0.68393 0.776675 -0.0374834 0
0 800 phononL 0.004 -1.3059 -1.23694 -0.00763739 0
0 801 phononL 0.004 -0.667907 1.14042 0.00389144 0
0 802 phononL 0.004 -0.193457 0.588332 -0.0320224 0
0 803 phononL 0.004 -1.57728 -0.756832 0.00783871 0
0 804 phononL 0.004 -0.785886 -1.09318 0.00974632 0
0 805 phononL 0.004 -0.284246 -0.854751 0.0182511 0
0 806 phononL 0.004 -1.39763 0.758231 0.00243504 0
0 807 phononL 0.004 0.840472 0.716023 0.0354695 0
0 808 phononL 0.004 -1.03313 0.661848 0.0233903 0
0 809 phononL 0.004 -0.345281 0.588941 -0.0137079 0
0 810 phononL 0.004 -1.60355 -0.672944 -0.0333539 0
0 811 phononL 0.004 0.294391 -1.15738 0.00552071 0
0 812 phononL 0.004 1.1003 0.0697808 -0.0186487 0
0 813 phononL 0.004 -0.98849 1.21992 0.0364491 0
0 814 phononL 0.004 0.576185 -0.969241 -0.0342902 0
0 815 phononL 0.004 -0.698711 -1.24809 -0.00236805 0
0 816 phononL 0.004 -0.463509 -0.87074 -0.0142975 0
0 817 phononL 0.004 -0.107743 1.00058 -0.0024124 0
0 818 phononL 0.004 -1.33257 -0.752633 -0.0227728 0
0 819 phononL 0.004 -0.203208 -1.28121 -0.0302598 0
0 820 phononL 0.004 0.759079 0.727706 0.000237349 0
0 821 phononL 0.004 -1.00192 -1.00639 -0.0315462 0
0 822 phononL 0.004 0.483139 -0.153474 0.0161685 0
0 823 phononL 0.004 -0.674821 1.48689 0.00792354 0
0 824 phononL 0.004 0.343536 -0.773565 -0.00215554 0
0 825 phononL 0.004 0.513006 -1.10551 -0.0185288 0
0 826 phononL 0.004 0.18939 -0.107808 -0.00708282 0
0 827 phononL 0.004 0.416892 1.21162 -0.00540166 0
0 828 phononL 0.004 -0.292602 -0.626745 0.0214072 0
0 829 phononL 0.004 1.30747 0.385104 0.00254252 0
0 830 phononL 0.004 0.952402 -0.739035 -0.0113076 0
0 831 phononL 0.004 0.824232 -0.0733603 0.00786058 0
0 832 phononL 0.004 1.16713 0.745334 -0.026398 0
0 833 phononL 0.004 0.187978 1.22593 0.0290937 0
0 834 phononL 0.004 -0.0821053 1.46285 0.0371965 0
0 835 phononL 0.004 1.32627 1.05267 -0.00248756 0
0 836 phononL 0.004 0.197237 -0.430888 -0.0367606 0
0 837 phononL 0.004 -1.55821 -1.53518 0.0170637 0
0 838 phononL 0.004 -0.0127627 -0.121864 0.00500266 0
0 839 phononL 0.004 1.23829 -1.04527 0.0348557 0
0 840 phononL 0.004 -0.853716 -0.56234 0.0231529 0
0 841 phononL 0.004 0.0723136 0.6168 0.0208998 0
0 842 phononL 0.004 -1.14997 0.520781 -0.0179448 0
0 843 phononL 0.004 -0.302191 -1.65631 0.0113354 0
0 844 phononL 0.004 -0.69861 0.742337 0.0210447 0
0 845 phononL 0.004 1.11396 -0.824912 -0.0189368 0
0 846 phononL 0.004 1.333 -1.00397 0.00371387 0
0 847 phononL 0.004 0.583951 -1.29188 -0.0314744 0
0 848 phononL 0.004 0.223265 0.808783 0.0380309 0
0 849 phononL 0.004 0.045543 -1.55473 0.0346593 0
0 850 phononL 0.004 -1.61532 -1.60301 0.0250759 0
0 851 phononL 0.004 0.797645 1.52361 -0.00917235 0
0 852 phononL 0.004 -1.54639 0.664197 -0.032999 0
0 853 phononL 0.004 0.719908 -1.56734 -0.0172693 0
0 854 phononL 0.004 0.440233 -0.219912 0.0229234 0
0 855 phononL 0.004 -0.11944 -0.417158 -0.00597237 0
0 856 phononL 0.004 0.119111 1.3833 -0.0165646 0
0 857 phononL 0.004 0.832722 -0.028628 -0.032173 0
0 858 phononL 0.004 -0.975281 -0.108118 0.0235149 0
0 859 phononL 0.004 -1.14112 -0.966991 0.0225738 0
0 860 phononL 0.004 -0.921799 0.537297 -0.00148544 0
0 861 phononL 0.004 -0.687041 0.503064 0.0359685 0
0 862 phononL 0.004 -0.613326 0.795208 -0.0366083 0
0 863 phononL 0.004 1.57573 -0.163675 0.00531491 0
0 864 phononL 0.004 -1.58979 -0.201688 0.0181 0
0 865 phononL 0.004 -0.479488 -0.580305 0.0107512 0
0 866 phononL 0.004 0.433362 1.35214 -0.0219263 0
0 867 phononL 0.004 0.0773179 -1.2525 -0.0138642 0
0 868 phononL 0.004 1.45831 -1.17528 -0.0338407 0
0 869 phononL 0.004 -0.81694 -0.317875 0.0387061 0
0 870 phononL 0.004 1.02496 -1.26888 0.0287087 0
0 871 phononL 0.004 1.24636 1.14737 0.0147613 0
0 872 phononL 0.004 0.337578 0.00539546 0.0338035 0
0 873 phononL 0.004 0.261058 0.686261 0.0385331 0
0 874 phononL 0.004 0.446498 0.0103794 0.00173229 0
0 875 phononL 0.004 0.0801563 -1.4641 0.015009 0
0 876 phononL 0.004 1.29565 -1.47994 -0.00411818 0
0 877 phononL 0.004 -1.09174 -1.09892 -0.0268801 0
0 878 phononL 0.004 -1.64015 0.184356 -0.0293642 0
0 879 phononL 0.004 0.272238 1.0112 -0.0256807 0
0 880 phononL 0.004 0.238408 1.34697 -0.0253836 0
0 881 phononL 0.004 0.738682 -1.55791 -0.0012931 0
0 882 phononL 0.004 -0.59849 -0.201502 0.0106624 0
0 883 phononL 0.004 1.53243 -1.38127 -0.0275291 0
0 884 phononL 0.004 -1.27677 0.603816 -0.0328866 0
0 885 phononL 0.004 0.762518 -0.685622 0.0373707 0
0 886 phononL 0.004 0.147655 0.743466 -0.0235854 0
0 887 phononL 0.004 -1.52449 -1.05849 -0.023421 0
0 888 phononL 0.004 -0.330317 -1.49482 0.00720126 0
0 889 phononL 0.004 0.799834 -1.00787 -0.0191164 0
0 890 phononL 0.004 -0.0310034 0.140091 -0.0216625 0
0 891 phononL 0.004 1.56271 -0.916851 0.0161061 0
0 892 phononL 0.004 -0.19682 0.404924 0.00202915 0
0 893 phononL 0.004 -1.47891 -0.535206 -0.0112354 0
0 894 phononL 0.004 -0.109263 -1.03836 0.000535072 0
0 895 phononL 0.004 -1.58518 0.584747 -0.0287974 0
0 896 phononL 0.004 -0.415008 -0.82072 -0.0202643 0
0 897 phononL 0.004 0.272278 -0.957487 0.00635603 0
0 898 phononL 0.004 0.611661 1.51647 0.0111273 0
0 899 phononL 0.004 0.19454 -0.0479106 -0.0372554 0
0 900 phononL 0.004 -1.61892 1.18856 -0.00885713 0
0 901 phononL 0.004 1.36785 1.37309 -0.0186481 0
0 902 phononL 0.004 -0.296818 0.716975 -0.0062079 0
0 903 phononL 0.004 -1.00321 -1.37046 0.0187869 0
0 904 phononL 0.004 -0.884536 -0.985982 -0.0207416 0
0 905 phononL 0.004 -1.4931 0.0215058 0.00313382 0
0 906 phononL 0.004 0.427093 -1.62033 -0.0260325 0
0 907 phononL 0.004 -0.12752 0.955095 -0.00960834 0
0 908 phononL 0.004 0.712936 0.638644 -0.0301007 0
0 909 phononL 0.004 -1.01608 0.355019 -0.00905112 0
0 910 phononL 0.004 0.696989 -0.871722 0.025205 0
0 911 phononL 0.004 -0.381895 -1.05119 -0.0157115 0
0 912 phononL 0.004 -1.11233 0.842575 0.0222802 0
0 913 phononL 0.004 -0.294441 -0.767961 0.0316968 0
0 914 phononL 0.004 -0.800544 -0.630172 0.00460018 0
0 915 phononL 0.004 -0.0717225 0.329484 0.0372988 0
0 916 phononL 0.004 1.05323 -0.409136 -0.016569 0
0 917 phononL 0.004 1.09922 1.56868 0.0147837 0
0 918 phononL 0.004 -0.899881 0.993239 -0.0284577 0
0 919 phononL 0.004 0.0113274 -0.429718 -0.0300511 0
0 920 phononL 0.004 1.55427 0.0844311 -0.0119831 0
0 921 phononL 0.004 0.824019 0.121724 -0.00199481 0
0 922 phononL 0.004 -1.63681 1.07524 -0.00302711 0
0 923 phononL 0.004 -0.247931 -1.27759 -0.00454432 0
0 924 phononL 0.004 -1.06305 -1.51049 -0.0374949 0
0 925 phononL 0.004 -1.03728 0.35653 -0.0239048 0
0 926 phononL 0.004 -0.459346 0.862037 0.0124414 0
0 927 phononL 0.004 -0.930511 0.232288 -0.0314721 0
0 928 phononL 0.004 -0.311977 1.56267 -0.0254012 0
0 929 phononL 0.004 -0.95983 0.578783 -0.0207334 0
0 930 phononL 0.004 -0.808717 -0.949818 -0.0386164 0
0 931 phononL 0.004 -0.127575 0.254139 -0.00997582 0
0 932 phononL 0.004 -0.0783664 0.59371 -0.0233083 0
0 933 phononL 0.004 0.657172 -0.37214 -0.00946817 0
0 934 phononL 0.004 -0.349505 0.0051691 0.0104571 0
0 935 phononL 0.004 -0.401994 0.764754 -0.0391323 0
0 936 phononL 0.004 -0.741843 1.30163 0.0279833 0
0 937 phononL 0.004 0.186748 0.613293 -0.012934 0
0 938 phononL 0.004 -0.2286 -1.28517 0.00801066 0
0 939 phononL 0.004 -1.11774 -1.0467 0.0110969 0
0 940 phononL 0.004 -0.340235 -1.17791 -0.0282468 0
0 941 phononL 0.004 0.52395 -1.30487 0.0149713 0
0 942 phononL 0.004 -0.483726 0.832546 -0.0200139 0
0 943 phononL 0.004 1.5927 -0.345776 0.0209502 0
0 944 phononL 0.004 -1.0569 0.108702 0.0373444 0
0 945 phononL 0.004 0.401776 -0.335166 -0.02536 0
0 946 phononL 0.004 -0.0621733 0.163557 -0.00925985 0
0 947 phononL 0.004 -0.289419 1.57136 0.0132855 0
0 948 phononL 0.004 -0.975694 1.33267 -0.0202708 0
0 949 phononL 0.004 0.360212 -0.262702 -0.0163484 0
0 950 phononL 0.004 0.776439 -0.49475 -0.0064912 0
0 951 phononL 0.004 -0.806677 -1.56547 -0.00546399 0
0 952 phononL 0.004 -0.385362 -0.808237 0.0196297 0
0 953 phononL 0.004 -0.539679 0.27161 0.0106681 0
0 954 phononL 0.004 -0.82555 -1.6291 -0.0227915 0
0 955 phononL 0.004 -1.10116 -0.582397 -0.00780854 0
0 956 phononL 0.004 -0.0360568 0.507322 0.0384796 0
0 957 phononL 0.004 -0.490052 0.756335 0.0293019 0
0 958 phononL 0.004 -1.38862 -1.19024 -0.0119312 0
0 959 phononL 0.004 1.50732 0.226255 0.0156029 0
0 960 phononL 0.004 1.50106 0.00569582 -0.00537353 0
0 961 phononL 0.004 -0.298357 -0.750456 0.0158912 0
0 962 phononL 0.004 1.34064 0.183906 -0.0126392 0
0 963 phononL 0.004 -0.935178 -0.440939 -0.0366861 0
0 964 phononL 0.004 1.43119 0.797648 -0.0253412 0
0 965 phononL 0.004 0.561122 -0.433412 -0.000659354 0
0 966 phononL 0.004 -1.50498 -0.572293 -0.0131184 0
0 967 phononL 0.004 -0.525348 -1.38786 -0.0089536 0
0 968 phononL 0.004 1.4765 1.08224 -0.0123273 0
0 969 phononL 0.004 -0.472133 -0.470926 0.032199 0
0 970 phononL 0.004 0.630305 -1.57675 0.00541718 0
0 971 phononL 0.004 0.733692 -0.283851 -0.0341582 0
0 972 phononL 0.004 -0.247734 -1.05476 -0.0358509 0
0 973 phononL 0.004 0.974447 -0.263755 0.0112083 0
0 974 phononL 0.004 1.10594 1.25837 -0.0396617 0
0 975 phononL 0.004 0.169098 -0.73323 -0.0320666 0
0 976 phononL 0.004 -0.0316628 -1.27475 0.0130952 0
0 977 phononL 0.004 -1.07956 0.714593 0.0376564 0
0 978 phononL 0.004 0.698059 -1.5475 -0.0152089 0
0 979 phononL 0.004 -0.887398 -1.47906 -0.0012517 0
0 980 phononL 0.004 1.01207 -0.794711 0.0292905 0
0 981 phononL 0.004 -0.818452 0.348795 0.00966328 0
0 982 phononL 0.004 0.191886 -0.0289681 -0.00378716 0
0 983 phononL 0.004 0.106397 1.07292 -0.00232886 0
0 984 phononL 0.004 -0.378393 -0.357253 0.0351433 0
0 985 phononL 0.004 1.38264 1.46919 0.0391133 0
0 986 phononL 0.004 0.790439 0.605322 -0.0259029 0
0 987 phononL 0.004 -0.303914 -1.52224 0.0141799 0
0 988 phononL 0.004 -1.06215 -1.19537 -0.0381266 0
0 989 phononL 0.004 -1.29682 1.22257 -0.00581074 0
0 990 phononL 0.004 -0.408964 0.349018 0.0276543 0
0 991 phononL 0.004 0.655487 -0.479291 0.00227092 0
0 992 phononL 0.004 -1.43364 1.43052 -0.00819437 0
0 993 phononL 0.004 0.104203 1.17611 0.0257861 0
0 994 phononL 0.004 0.748687 -0.683489 0.0381775 0
0 995 phononL 0.004 -0.333432 -0.243993 -0.0370838 0
0 996 phononL 0.004 0.0810003 -1.23146 -0.0209884 0
0 997 phononL 0.004 -0.853126 1.41748 -0.00650767 0
0 998 phononL 0.004 0.568427 1.04872 -0.00237392 0
0 999 phononL 0.004 -1.49084 -0.932874 -0.0310348 0
0 1000 phononL 0.004 0.209506 0.977563 -0.0301958 0
0 1001 phononL 0.004 -1.58328 -1.3031 0.0347435 0
0 1002 phononL 0.004 -1.51329 0.201889 -0.0150748 0
0 1003 phononL 0.004 -1.41076 -0.832303 0.0370055 0
0 1004 phononL 0.004 -0.951717 1.03366 0.0271242 0
0 1005 phononL 0.004 1.65839 -1.49395 -0.0172751 0
0 1006 phononL 0.004 1.45939 -0.201324 0.0230543 0
0 1007 phononL 0.004 1.52396 0.476454 -0.0259412 0
0 1008 phononL 0.004 -1.54945 0.777544 0.0209502 0
0 1009 phononL 0.004 -0.319842 1.13126 0.0101629 0
0 1010 phononL 0.004 0.423365 1.29112 0.00739414 0
0 1011 phononL 0.004 0.639783 -1.62995 -0.0328669 0
0 1012 phononL 0.004 -0.524651 -0.0868032 -0.0132118 0
0 1013 phononL 0.004 1.185 -0.0929143 -0.010407 0
0 1014 phononL 0.004 -0.0931977 1.42609 -0.0272105 0
0 1015 phononL 0.004 1.05197 0.167612 0.0247653 0
0 1016 phononL 0.004 -0.62021 0.235027 0.0253449 0
0 1017 phononL 0.004 0.778699 0.283641 0.0242061 0
0 1018 phononL 0.004 -1.4399 -0.149857 0.0107463 0
0 1019 phononL 0.004 -1.44671 1.58413 0.000418618 0
0 1020 phononL 0.004 -0.808502 0.624523 -0.0150178 0
0 1021 phononL 0.004 -0.35976 -0.957318 0.0202138 0
0 1022 phononL 0.004 -1.53033 1.03379 -0.0392925 0
0 1023 phononL 0.004 -1.24568 1.13276 -0.0281895 0
0 1024 phononL 0.004 0.877324 -0.0133342 -0.0329023 0
0 1025 phononL 0.004 0.96424 -0.12784 -0.0280867 0
0 1026 phononL 0.004 0.668797 1.37345 0.0348518 0
0 1027 phononL 0.004 -0.602088 1.22041 -0.02257 0
0 1028 phononL 0.004 -0.865341 -1.11327 0.0348358 0
0 1029 phononL 0.004 -0.888228 -0.0290786 0.0204382 0
0 1030 phononL 0.004 0.354263 0.411131 0.0116204 0
0 1031 phononL 0.004 0.214719 1.57366 -0.00828918 0
0 1032 phononL 0.004 1.22403 -0.766711 0.00759882 0
0 1033 phononL 0.004 -0.800389 -1.10265 0.0397098 0
0 1034 phononL 0.004 -1.3551 -1.4871 0.0264887 0
0 1035 phononL 0.004 0.0836122 0.0563387 0.0314944 0
0 1036 phononL 0.004 0.805181 -0.70579 0.0195448 0
0 1037 phononL 0.004 0.887862 1.47982 -0.0363311 0
0 1038 phononL 0.004 -1.06919 0.148563 -0.0300861 0
0 1039 phononL 0.004 -0.76069 0.273731 0.0385436 0
0 1040 phononL 0.004 -0.601181 -0.223268 0.0230886 0
0 1041 phononL 0.004 -1.13209 0.421818 -0.00994268 0
0 1042 phononL 0.004 -0.776347 1.36039 -0.0389592 0
0 1043 phononL 0.004 -1.61713 0.0824736 -0.00921046 0
0 1044 phononL 0.004 -0.165168 1.15761 0.0273859 0
0 1045 phononL 0.004 -0.644117 -1.42086 0.0343645 0
0 1046 phononL 0.004 -1.04094 0.780353 -0.0125505 0
0 1047 phononL 0.004 -0.191277 -1.49643 -0.0031551 0
0 1048 phononL 0.004 1.21571 0.497662 -0.0270259 0
0 1049 phononL 0.004 -0.101109 -0.0359049 0.0106338 0
0 1050 phononL 0.004 -0.119208 -1.46802 -0.0349504 0
0 1051 phononL 0.004 -0.172014 -1.21284 -0.00445831 0
0 1052 phononL 0.004 1.48299 0.525198 -0.0364191 0
0 1053 phononL 0.004 -0.489629 0.305846 0.0191396 0
0 1054 phononL 0.004 -0.297628 -0.349803 0.00662592 0
0 1055 phononL 0.004 0.273486 -0.0484287 -0.0206225 0
0 1056 phononL 0.004 -1.11867 0.414901 0.00916984 0
0 1057 phononL 0.004 0.64323 -1.65305 -0.0374919 0
0 1058 phononL 0.004 0.758463 0.908921 -0.00736238 0
0 1059 phononL 0.004 -0.413848 -0.706533 0.0115397 0
0 1060 phononL 0.004 -1.05647 1.49327 0.0079503 0
0 1061 phononL 0.004 0.449651 -1.24442 -0.0159431 0
0 1062 phononL 0.004 -1.3557 -0.674307 0.00547607 0
0 1063 phononL 0.004 0.645515 -1.21429 -0.0206483 0
0 1064 phononL 0.004 1.15692 1.56128 -0.0303891 0
0 1065 phononL 0.004 0.867578 1.51715 0.00204761 0
0 1066 phononL 0.004 0.81365 -0.255115 0.0183539 0
0 1067 phononL 0.004 -1.2859 1.06612 0.0197879 0
0 1068 phononL 0.004 -1.44918 -1.35583 0.00839677 0
0 1069 phononL 0.004 0.799937 -0.479022 0.0187284 0
0 1070 phononL 0.004 -1.66368 1.16675 0.0349461 0
0 1071 phononL 0.004 0.792717 0.963662 0.0360558 0
0 1072 phononL 0.004 0.880174 0.646905 -0.00868713 0
0 1073 phononL 0.004 0.459192 1.30523 -0.0385041 0
0 1074 phononL 0.004 -0.338982 -1.31042 0.0122649 0
0 1075 phononL 0.004 -0.249718 -0.787247 0.0322992 0
0 1076 phononL 0.004 0.777699 -0.0683086 0.0167599 0
0 1077 phononL 0.004 0.0286942 -0.80833 -0.000600833 0
0 1078 phononL 0.004 1.17037 -1.25547 -0.00696866 0
0 1079 phononL 0.004 1.56911 1.07416 0.0302491 0
0 1080 phononL 0.004 -1.44755 -1.37074 0.0230506 0
0 1081 phononL 0.004 -0.27514 0.309407 -0.0302933 0
0 1082 phononL 0.004 -1.46644 -1.62746 -0.0223713 0
0 1083 phononL 0.004 0.750579 -0.597796 -0.0157126 0
0 1084 phononL 0.004 -0.383991 -1.66539 0.00515003 0
0 1085 phononL 0.004 -1.04115 -0.357481 -0.0375738 0
0 1086 phononL 0.004 1.21982 -0.275502 -0.0318005 0
0 1087 phononL 0.004 -1.40052 0.128163 -0.00975068 0
0 1088 phononL 0.004 -1.35012 0.153481 0.0170754 0
0 1089 phononL 0.004 -1.35882 -0.415242 0.0104779 0
0 1090 phononL 0.004 -1.0924 0.268257 0.0215198 0
0 1091 phononL 0.004 1.50878 -0.679789 -0.0344909 0
0 1092 phononL 0.004 1.59601 -0.992732 0.00776 0
0 1093 phononL 0.004 1.36055 -0.499585 -0.0371123 0
0 1094 phononL 0.004 1.22281 0.626962 0.0024036 0
0 1095 phononL 0.004 0.373148 -1.31823 0.0328723 0
0 1096 phononL 0.004 -1.37355 -0.644295 0.0104772 0
0 1097 phononL 0.004 1.10269 -1.44481 0.0109915 0
0 1098 phononL 0.004 0.686745 0.97451 -0.0138194 0
0 1099 phononL 0.004 0.954576 -1.5256 0.00214741 0
0 1100 phononL 0.004 -0.355583 1.11659 0.0115534 0
0 1101 phononL 0.004 -0.0980251 1.22904 -0.0293964 0
0 1102 phononL 0.004 0.932047 -1.43716 0.0153398 0
0 1103 phononL 0.004 0.798294 -0.343479 0.00679738 0
0 1104 phononL 0.004 -0.856099 0.40017 -0.0362736 0
0 1105 phononL 0.004 -1.20859 -0.219482 -0.00239154 0
0 1106 phononL 0.004 0.0112012 -0.912331 0.00608127 0
0 1107 phononL 0.004 -0.57569 -0.505701 -0.0359181 0
0 1108 phononL 0.004 -0.339638 -0.0827914 -0.0246181 0
0 1109 phononL 0.004 1.42841 0.00369955 -0.0260647 0
0 1110 phononL 0.004 -1.30512 1.11737 0.0375995 0
0 1111 phononL 0.004 -0.345367 1.44064 0.0335945 0
0 1112 phononL 0.004 -0.967977 0.632843 -0.00960619 0
0 1113 phononL 0.004 -1.56376 -0.958664 -0.000687972 0
0 1114 phononL 0.004 1.58316 -0.262883 0.0285437 0
0 1115 phononL 0.004 -0.82454 -0.984027 -0.0354437 0
0 1116 phononL 0.004 1.34971 0.490815 0.0100979 0
0 1117 phononL 0.004 -0.244463 -0.433505 0.0219112 0
0 1118 phononL 0.004 -0.0226653 -1.63811 0.021552 0
0 1119 phononL 0.004 -0.172933 0.819593 0.0321239 0
0 1120 phononL 0.004 1.3215 -0.903274 -0.0112111 0
0 1121 phononL 0.004 -1.10836 0.363373 -0.0265545 0
0 1122 phononL 0.004 -0.169383 -1.44914 -0.00499788 0
0 1123 phononL 0.004 1.63657 -0.833572 -0.0256384 0
0 1124 phononL 0.004 0.59988 0.838684 -0.0324741 0
0 1125 phononL 0.004 -1.02398 0.309387 0.0350847 0
0 1126 phononL 0.004 0.524964 0.268816 -0.0158432 0
0 1127 phononL 0.004 0.893368 0.896231 0.0394593 0
0 1128 phononL 0.004 0.335963 -0.885662 -0.0245454 0
0 1129 phononL 0.004 -0.376238 0.026869 -0.0272342 0
0 1130 phononL 0.004 -1.57475 1.26353 0.00317189 0
0 1131 phononL 0.004 -0.218635 1.19653 0.0288122 0
0 1132 phononL 0.004 0.408131 0.964862 -0.0285568 0
0 1133 phononL 0.004 -0.140496 -1.29162 -0.00601258 0
0 1134 phononL 0.004 -0.67917 1.15674 -0.0234192 0
0 1135 phononL 0.004 0.628588 -0.0994665 -0.0203914 0
0 1136 phononL 0.004 -0.218913 0.747839 -0.0149079 0
0 1137 phononL 0.004 -1.16659 -0.953088 -0.0107393 0
0 1138 phononL 0.004 -0.313121 0.382985 -0.0110282 0
0 1139 phononL 0.004 0.20873 -0.798138 -0.0164957 0
0 1140 phononL 0.004 1.43475 -0.386835 0.0229358 0
0 1141 phononL 0.004 1.29966 0.114607 0.00705147 0
0 1142 phononL 0.004 1.61308 0.873718 -0.00397552 0
0 1143 phononL 0.004 1.44629 1.14094 0.0129944 0
0 1144 phononL 0.004 -0.579787 -0.661326 0.0146873 0
0 1145 phononL 0.004 0.708471 -0.701694 0.000546198 0
0 1146 phononL 0.004 -0.104462 -0.99844 -0.016121 0
0 1147 phononL 0.004 1.37288 -0.0105306 0.0238905 0
0 1148 phononL 0.004 -0.0149219 -1.6301 0.024173 0
0 1149 phononL 0.004 -1.11596 0.437609 -0.0139456 0
0 1150 phononL 0.004 -0.98312 -0.580113 0.0197582 0
0 1151 phononL 0.004 -0.608795 -0.787586 -0.0275582 0
0 1152 phononL 0.004 -1.10065 0.526256 0.022976 0
0 1153 phononL 0.004 -1.28476 0.0231216 -0.00499919 0
0 1154 phononL 0.004 -0.511341 -0.308954 -0.0242171 0
0 1155 phononL 0.004 -0.223686 -0.717283 -0.0080723 0
0 1156 phononL 0.004 -1.63591 0.767726 -0.0066566 0
0 1157 phononL 0.004 1.0529 0.717156 -0.022748 0
0 1158 phononL 0.004 0.888535 -1.073 -0.00298256 0
0 1159 phononL 0.004 1.38171 0.591823 -0.0374217 0
0 1160 phononL 0.004 1.19717 0.12022 0.0079957 0
0 1161 phononL 0.004 -1.1096 1.59014 -0.0171189 0
0 1162 phononL 0.004 1.39703 1.26971 -0.0288243 0
0 1163 phononL 0.004 -0.277866 -0.763398 -0.0284585 0
0 1164 phononL 0.004 0.713576 -1.25348 -0.026099 0
0 1165 phononL 0.004 -1.35969 1.03059 0.0288889 0
0 1166 phononL 0.004 0.663182 -0.111037 0.0171195 0
0 1167 phononL 0.004 1.17026 -0.58333 -0.0292155 0
0 1168 phononL 0.004 1.30218 1.29426 0.00538089 0
0 1169 phononL 0.004 1.51825 -0.354242 -0.0101727 0
0 1170 phononL 0.004 0.389659 1.04473 0.013565 0
0 1171 phononL 0.004 -0.70959 0.681798 0.0361909 0
0 1172 phononL 0.004 -1.53354 0.650884 -0.0328107 0
0 1173 phononL 0.004 0.0716576 -1.35823 0.00149987 0
0 1174 phononL 0.004 1.00901 1.07515 0.0112306 0
0 1175 phononL 0.004 0.576144 -1.58396 0.00276246 0
0 1176 phononL 0.004 -0.0886894 -1.47261 0.000991506 0
0 1177 phononL 0.004 -1.42245 -0.66697 -0.027524 0
0 1178 phononL 0.004 -1.54509 1.16858 0.0236095 0
0 1179 phononL 0.004 -0.313137 0.442876 -0.0276929 0
0 1180 phononL 0.004 -0.190194 -1.44032 -0.0159092 0
0 1181 phononL 0.004 -1.33663 1.19537 0.0236826 0
0 1182 phononL 0.004 0.547175 -0.973382 0.0271362 0
0 1183 phononL 0.004 1.26681 -0.101548 -0.0293225 0
0 1184 phononL 0.004 1.62313 0.101333 0.00885325 0
0 1185 phononL 0.004 -0.539876 0.914802 -0.0211726 0
0 1186 phononL 0.004 1.13747 1.59458 0.032327 0
0 1187 phononL 0.004 -1.07916 -1.44002 -0.0115004 0
0 1188 phononL 0.004 -0.697818 1.50681 0.00473935 0
0 1189 phononL 0.004 0.660131 -1.62636 -0.00501006 0
0 1190 phononL 0.004 -0.682264 0.484436 0.0287949 0
0 1191 phononL 0.004 1.14343 -1.41228 0.0281706 0
0 1192 phononL 0.004 -0.484543 -1.1747 0.0238138 0
0 1193 phononL 0.004 -0.728898 0.184519 -0.0209461 0
0 1194 phononL 0.004 -1.1661 -0.238761 -0.0240409 0
0 1195 phononL 0.004 -0.506165 0.722903 -0.0268336 0
0 1196 phononL 0.004 -1.63586 1.34973 0.037203 0
0 1197 phononL 0.004 -0.318993 -0.149775 0.038434 0
0 1198 phononL 0.004 0.403834 -1.41471 0.0284668 0
0 1199 phononL 0.004 0.350563 0.820239 0.0122055 0
0 1200 phononL 0.004 -0.911525 -1.16192 -0.0339033 0
0 1201 phononL 0.004 1.18823 1.61564 -0.016741 0
0 1202 phononL 0.004 0.377232 -0.611821 -0.00733729 0
0 1203 phononL 0.004 0.760153 1.18331 -0.0283415 0
0 1204 phononL 0.004 0.0172468 -0.751483 0.0267743 0
0 1205 phononL 0.004 -1.65939 -0.226845 -0.00288736 0
0 1206 phononL 0.004 -1.03479 0.290786 -0.0248753 0
0 1207 phononL 0.004 0.228423 -0.972821 -0.0133216 0
0 1208 phononL 0.004 -0.0687324 -1.64227 0.0303369 0
0 1209 phononL 0.004 -0.727429 0.773544 0.0119246 0
0 1210 phononL 0.004 1.27457 -0.29476 0.00548047 0
0 1211 phononL 0.004 0.716612 0.0641038 -0.0222794 0
0 1212 phononL 0.004 0.63024 -0.700433 0.0334424 0
0 1213 phononL 0.004 0.416498 0.629483 0.00456987 0
0 1214 phononL 0.004 0.247269 -1.65538 -0.00823108 0
0 1215 phononL 0.004 0.59679 1.31945 0.0370288 0
0 1216 phononL 0.004 0.70934 -1.06601 -0.0197224 0
0 1217 phononL 0.004 -1.50153 1.31099 -0.00457874 0
0 1218 phononL 0.004 1.45879 -0.119684 -0.0171296 0
0 1219 phononL 0.004 0.49907 -1.51249 -0.0269325 0
0 1220 phononL 0.004 1.44097 -0.914423 0.0186886 0
0 1221 phononL 0.004 0.219826 0.879109 0.0178659 0
0 1222 phononL 0.004 -0.800698 -0.741185 0.0140611 0
0 1223 phononL 0.004 0.678463 1.51425 -0.0286783 0
0 1224 phononL 0.004 -0.711254 1.44777 -0.00915783 0
0 1225 phononL 0.004 -1.00767 -0.485055 0.0283766 0
0 1226 phononL 0.004 -0.0734881 -0.200651 -0.00561744 0
0 1227 phononL 0.004 -0.282873 -1.37772 0.00823404 0
0 1228 phononL 0.004 1.4542 -1.09439 0.0151318 0
0 1229 phononL 0.004 -1.60663 0.263209 -0.00953204 0
0 1230 phononL 0.004 -1.00724 0.73454 0.00153283 0
0 1231 phononL 0.004 0.259964 1.53323 -0.0199217 0
0 1232 phononL 0.004 -1.39095 0.533006 0.00177347 0
0 1233 phononL 0.004 0.855813 -0.117524 0.0240387 0
0 1234 phononL 0.004 0.602871 0.438837 -0.0389413 0
0 1235 phononL 0.004 -1.05269 -1.06981 0.0258769 0
0 1236 phononL 0.004 -1.16616 0.41031 -0.0112422 0
0 1237 phononL 0.004 0.538905 -1.46483 -0.0227755 0
0 1238 phononL 0.004 -1.24658 0.14049 -0.0247945 0
0 1239 phononL 0.004 1.27536 1.4167 0.00410777 0
0 1240 phononL 0.004 -1.28309 -0.0951145 -0.0369632 0
0 1241 phononL 0.004 -0.0770582 -0.97881 0.0311966 0
0 1242 phononL 0.004 0.797585 -1.58727 -0.0227556 0
0 1243 phononL 0.004 -0.360233 0.46657 0.0281409 0
0 1244 phononL 0.004 -1.30757 0.0800656 0.0302544 0
0 1245 phononL 0.004 0.728828 -1.23419 -0.0295419 0
0 1246 phononL 0.004 -0.385503 1.02589 0.0225453 0
0 1247 phononL 0.004 -1.36668 -0.398939 0.00294358 0
0 1248 phononL 0.004 -1.42287 -0.310679 0.0389501 0
0 1249 phononL 0.004 -1.35824 1.57332 -0.0330703 0
0 1250 phononL 0.004 -1.38017 0.853146 -0.0156183 0
0 1251 phononL 0.004 1.60542 0.989614 0.000933776 0
0 1252 phononL 0.004 1.49735 -1.52766 0.00728011 0
0 1253 phononL 0.004 0.581599 -0.995822 -0.018054 0
0 1254 phononL 0.004 1.30099 0.0268159 0.0243883 0
0 1255 phononL 0.004 -1.25802 -1.00405 -0.0271675 0
0 1256 phononL 0.004 -1.59183 0.61264 -0.0349933 0
0 1257 phononL 0.004 -1.02013 1.40429 -0.0115163 0
0 1258 phononL 0.004 0.465628 -1.24262 0.0077321 0
0 1259 phononL 0.004 0.30691 -1.43706 0.0289989 0
0 1260 phononL 0.004 1.33199 0.424966 0.00906276 0
0 1261 phononL 0.004 1.65709 0.479075 -0.0264343 0
0 1262 phononL 0.004 -1.25463 0.126506 0.0102431 0
0 1263 phononL 0.004 -0.673905 1.65525 0.0198392 0
0 1264 phononL 0.004 -0.351442 1.01769 0.0115147 0
0 1265 phononL 0.004 1.61856 -1.55148 -0.019369 0
0 1266 phononL 0.004 0.911763 -0.788763 0.00697632 0
0 1267 phononL 0.004 0.56696 -1.42707 0.012006 0
0 1268 phononL 0.004 0.53057 -0.435851 0.0379777 0
0 1269 phononL 0.004 -1.40796 1.10252 0.00120015 0
0 1270 phononL 0.004 -1.14032 -0.471721 -0.00513588 0
0 1271 phononL 0.004 -1.62424 1.58626 0.0182164 0
0 1272 phononL 0.004 -1.66071 0.746547 -0.0232215 0
0 1273 phononL 0.004 -0.596502 -0.602195 0.0170917 0
0 1274 phononL 0.004 -1.33529 -0.747117 0.0101735 0
0 1275 phononL 0.004 -0.530133 -0.812988 0.00855893 0
0 1276 phononL 0.004 -0.451813 -0.190193 -0.011993 0
0 1277 phononL 0.004 -1.19878 1.38938 0.0201566 0
0 1278 phononL 0.004 0.966039 -1.34929 0.00115167 0
0 1279 phononL 0.004 -0.332554 -1.43042 -0.0231407 0
0 1280 phononL 0.004 1.50262 1.41667 -0.035228 0
0 1281 phononL 0.004 -0.511608 -1.00604 0.0193296 0
0 1282 phononL 0.004 -1.19586 1.56582 -0.00155801 0
0 1283 phononL 0.004 1.31705 -0.551032 -0.000578612 0
0 1284 phononL 0.004 1.6028 -1.16459 -0.000540204 0
0 1285 phononL 0.004 0.327219 0.0825192 -0.0106306 0
0 1286 phononL 0.004 -1.65575 1.64549 -0.0256776 0
0 1287 phononL 0.004 0.191354 1.21973 -0.0373722 0
0 1288 phononL 0.004 1.16896 0.315276 0.0202223 0
0 1289 phononL 0.004 0.556492 -1.56882 0.00563875 0
0 1290 phononL 0.004 -1.52003 -1.04709 0.016995 0
0 1291 phononL 0.004 -1.47401 0.804587 -0.0191976 0
0 1292 phononL 0.004 -1.06032 -0.264967 0.0264706 0
0 1293 phononL 0.004 0.0360295 1.07002 0.0376673 0
0 1294 phononL 0.004 -0.654866 0.260366 -0.0303596 0
0 1295 phononL 0.004 -0.0666965 -1.34477 -0.00686477 0
0 1296 phononL 0.004 1.55964 -0.763617 0.0174245 0
0 1297 phononL 0.004 -0.116785 1.47224 -0.004838 0
0 1298 phononL 0.004 0.554369 -1.65952 0.00587668 0
0 1299 phononL 0.004 0.797588 -0.606907 -0.0399442 0
0 1300 phononL 0.004 1.44515 -0.923679 -0.00415541 0
0 1301 phononL 0.004 1.48411 -0.504244 -0.00314092 0
0 1302 phononL 0.004 -0.868215 0.757718 0.0223617 0
0 1303 phononL 0.004 -0.211365 -1.56772 -0.00152451 0
0 1304 phononL 0.004 0.0396274 -1.19852 -0.0140768 0
0 1305 phononL 0.004 0.216548 0.666064 -0.0308158 0
0 1306 phononL 0.004 -1.24056 0.870748 -0.00806874 0
0 1307 phononL 0.004 -1.5264 1.46667 -0.0174176 0
0 1308 phononL 0.004 -1.65295 -0.0808293 0.0259159 0
0 1309 phononL 0.004 -1.17229 -1.01162 0.00715165 0
0 1310 phononL 0.004 -0.351188 1.49251 0.0113446 0
0 1311 phononL 0.004 1.32765 -0.821276 -0.0187284 0
0 1312 phononL 0.004 -0.55993 -0.439606 0.030594 0
0 1313 phononL 0.004 -1.47811 -0.595314 -0.00467629 0
0 1314 phononL 0.004 0.91703 -1.52443 0.0352876 0
0 1315 phononL 0.004 0.564418 -0.150217 -0.0161145 0
0 1316 phononL 0.004 -1.64515 -0.898883 0.00983204 0
0 1317 phononL 0.004 1.19068 -0.139343 -0.0223994 0
0 1318 phononL 0.004 1.1065 0.780192 0.0212681 0
0 1319 phononL 0.004 0.89864 0.0660161 -0.0391746 0
0 1320 phononL 0.004 -1.51867 -0.265205 -0.0140299 0
0 1321 phononL 0.004 0.932841 -1.39799 0.0283677 0
0 1322 phononL 0.004 1.43132 -1.15805 -0.0339055 0
0 1323 phononL 0.004 0.220564 1.48373 -0.0115385 0
0 1324 phononL 0.004 0.896727 -0.241923 -0.0192753 0
0 1325 phononL 0.004 1.05618 -1.18289 -0.00555158 0
0 1326 phononL 0.004 1.00974 -0.332176 0.0314774 0
0 1327 phononL 0.004 -0.367966 -1.02838 0.0108843 0
0 1328 phononL 0.004 0.920071 -0.934291 -0.0121076 0
0 1329 phononL 0.004 -0.963711 1.53894 -0.0206408 0
0 1330 phononL 0.004 0.198481 -1.05051 -0.00213611 0
0 1331 phononL 0.004 0.0574916 -1.27261 -0.0190565 0
0 1332 phononL 0.004 0.546163 -0.688707 -0.0144974 0
0 1333 phononL 0.004 -0.896142 0.154929 -0.0175097 0
0 1334 phononL 0.004 -0.498965 -0.977534 0.0236247 0
0 1335 phononL 0.004 -1.60294 -1.18946 0.0287274 0
0 1336 phononL 0.004 1.50508 0.47801 -0.0126665 0
0 1337 phononL 0.004 0.51064 0.853361 0.0260508 0
0 1338 phononL 0.004 -1.63673 1.05012 0.0327733 0
0 1339 phononL 0.004 -1.06148 0.107243 0.00697692 0
0 1340 phononL 0.004 -0.482499 -1.54904 0.0092416 0
0 1341 phononL 0.004 -0.0437668 -0.131906 -0.0368511 0
0 1342 phononL 0.004 -1.45392 -1.45098 -0.00670026 0
0 1343 phononL 0.004 -1.06242 -0.960289 -0.0292796 0
0 1344 phononL 0.004 0.624681 -1.2996 0.0126045 0
0 1345 phononL 0.004 -0.0365283 -1.59827 -0.0120024 0
0 1346 phononL 0.004 -0.1833 -1.3781 0.00278778 0
0 1347 phononL 0.004 0.516599 1.05787 -0.00097202 0
0 1348 phononL 0.004 0.731423 -0.587057 0.0128546 0
0 1349 phononL 0.004 -1.60096 1.11683 -0.0047103 0
0 1350 phononL 0.004 -1.64862 1.28207 0.0390778 0
0 1351 phononL 0.004 -1.24882 -1.24872 -0.0199074 0
0 1352 phononL 0.004 -0.691131 -0.954826 0.029754 0
0 1353 phononL 0.004 1.14389 -0.536819 -0.0150234 0
0 1354 phononL 0.004 -1.04243 1.24067 -0.0394316 0
0 1355 phononL 0.004 1.14741 1.52249 -0.0342806 0
0 1356 phononL 0.004 1.5964 -0.811508 -0.00328857 0
0 1357 phononL 0.004 0.350336 0.168779 -0.0115301 0
0 1358 phononL 0.004 0.741531 0.882698 0.0299833 0
0 1359 phononL 0.004 0.413961 1.59452 0.00490802 0
0 1360 phononL 0.004 0.023327 -0.48139 0.0383194 0
0 1361 phononL 0.004 1.66108 -1.14183 0.00604015 0
0 1362 phononL 0.004 1.18396 0.80318 -0.00657308 0
0 1363 phononL 0.004 -1.16005 0.300611 -0.0190392 0
0 1364 phononL 0.004 -0.596647 -0.891261 -0.00110126 0
0 1365 phononL 0.004 -0.800507 -1.46231 -0.0143401 0
0 1366 phononL 0.004 -0.890768 -0.911328 -0.0318527 0
0 1367 phononL 0.004 0.728466 -1.50269 -0.0391346 0
0 1368 phononL 0.004 0.833806 -0.910121 0.0378126 0
0 1369 phononL 0.004 1.58727 1.64864 0.0081906 0
0 1370 phononL 0.004 -0.15505 -0.0040457 0.00222596 0
0 1371 phononL 0.004 -1.56157 -1.03538 -0.0298748 0
0 1372 phononL 0.004 -1.63151 1.01435 -0.001921 0
0 1373 phononL 0.004 0.677583 -1.00614 -0.0311279 0
0 1374 phononL 0.004 -1.20285 -1.24106 -0.0194333 0
0 1375 phononL 0.004 -1.09327 0.46232 -0.036537 0
0 1376 phononL 0.004 0.020145 0.679557 -0.0103035 0
0 1377 phononL 0.004 -0.752753 0.90015 0.000226713 0
0 1378 phononL 0.004 -0.407473 -1.56908 -0.0225043 0
0 1379 phononL 0.004 0.72331 -0.363617 -0.0234822 0
0 1380 phononL 0.004 0.348489 -1.13369 0.0222455 0
0 1381 phononL 0.004 -0.505233 0.219096 -0.00376495 0
0 1382 phononL 0.004 1.33781 1.24561 -0.00182093 0
0 1383 phononL 0.004 0.214776 0.83989 -0.0146623 0
0 1384 phononL 0.004 0.294638 -1.19991 -0.00372298 0
0 1385 phononL 0.004 -1.36966 -0.443032 0.0219816 0
0 1386 phononL 0.004 -1.45715 0.172718 0.0287427 0
0 1387 phononL 0.004 -0.991401 0.505435 -0.017685 0
0 1388 phononL 0.004 -0.307534 -1.18716 -0.00862199 0
0 1389 phononL 0.004 -0.672312 1.08285 -0.014138 0
0 1390 phononL 0.004 1.0297 1.31728 0.0287271 0
0 1391 phononL 0.004 0.649469 0.0804971 0.0351899 0
0 1392 phononL 0.004 -1.06434 1.59525 0.0374262 0
0 1393 phononL 0.004 0.284979 -1.07749 -0.0292093 0
0 1394 phononL 0.004 -1.41274 0.668148 0.032606 0
0 1395 phononL 0.004 -1.58489 -0.104587 -0.00446419 0
0 1396 phononL 0.004 0.647704 1.59194 0.0277948 0
0 1397 phononL 0.004 -1.30431 -0.428597 -0.0175474 0
0 1398 phononL 0.004 -1.0014 0.752832 0.0074602 0
0 1399 phononL 0.004 -0.254476 0.284776 -0.0390529 0
0 1400 phononL 0.004 0.318701 -0.46458 -0.00670201 0
0 1401 phononL 0.004 1.23395 -0.347109 0.0317081 0
0 1402 phononL 0.004 -0.585596 0.37435 -0.0164669 0
0 1403 phononL 0.004 1.05048 0.922065 0.00589104 0
0 1404 phononL 0.004 -1.62872 -0.808476 0.0328007 0
0 1405 phononL 0.004 1.66095 1.20218 -0.00329279 0
0 1406 phononL 0.004 1.14382 0.436503 -0.0223991 0
0 1407 phononL 0.004 -1.01091 -1.62644 -0.000748299 0
0 1408 phononL 0.004 -0.046149 1.51329 0.0182651 0
0 1409 phononL 0.004 -1.06608 0.0661627 0.0369681 0
0 1410 phononL 0.004 1.45623 -0.809349 -0.0300261 0
0 1411 phononL 0.004 0.0423143 1.58824 -0.0271289 0
0 1412 phononL 0.004 -0.51559 1.29228 -0.0330673 0
0 1413 phononL 0.004 0.427079 0.923096 0.0125421 0
0 1414 phononL 0.004 0.443583 1.45229 -0.0199818 0
0 1415 phononL 0.004 -1.61704 1.1683 0.0275908 0
0 1416 phononL 0.004 -1.52382 1.28179 -0.0392141 0
0 1417 phononL 0.004 0.69302 0.864353 -0.00594469 0
0 1418 phononL 0.004 -0.763366 -0.075112 0.0311558 0
0 1419 phononL 0.004 0.272059 1.30838 0.0322981 0
0 1420 phononL 0.004 -1.62645 1.5826 -0.0178988 0
0 1421 phononL 0.004 0.642576 1.04942 0.0313729 0
0 1422 phononL 0.004 -1.26312 0.562598 -0.017705 0
0 1423 phononL 0.004 -1.26417 -0.422021 0.0143496 0
0 1424 phononL 0.004 -0.598207 1.14721 -0.0384869 0
0 1425 phononL 0.004 -0.883026 -0.987434 -0.0344308 0
0 1426 phononL 0.004 -1.27199 -0.995532 0.0275423 0
0 1427 phononL 0.004 0.4005 1.23962 -0.03744 0
0 1428 phononL 0.004 -0.0534197 1.01959 0.0313365 0
0 1429 phononL 0.004 0.483458 -0.72076 0.0369936 0
0 1430 phononL 0.004 1.19969 1.0148 -0.0128954 0
0 1431 phononL 0.004 -0.299389 0.915326 0.0107941 0
0 1432 phononL 0.004 0.602169 0.39198 0.0363165 0
0 1433 phononL 0.004 -0.83385 0.0043582 -0.0361554 0
0 1434 phononL 0.004 -0.878528 -0.305437 0.0141213 0
0 1435 phononL 0.004 -1.66037 -0.818593 0.00352043 0
0 1436 phononL 0.004 -1.03511 -0.0154116 -0.035628 0
0 1437 phononL 0.004 -1.53865 -1.63723 -0.0301372 0
0 1438 phononL 0.004 0.0830822 -0.214961 -0.00964606 0
0 1439 phononL 0.004 -0.408416 0.29786 0.0126015 0
0 1440 phononL 0.004 1.17588 -0.0651864 -0.0187503 0
0 1441 phononL 0.004 0.86392 -1.10827 0.024708 0
0 1442 phononL 0.004 1.12453 -0.364279 0.0214216 0
0 1443 phononL 0.004 1.28961 -1.05878 -0.00230479 0
0 1444 phononL 0.004 -0.699761 1.4424 -0.00136012 0
0 1445 phononL 0.004 -1.49319 1.31017 -0.000868526 0
0 1446 phononL 0.004 0.787817 -1.03342 -0.00504122 0
0 1447 phononL 0.004 0.920029 -0.97231 0.0111031 0
0 1448 phononL 0.004 -0.463287 -1.65813 -0.0268035 0
0 1449 phononL 0.004 0.735451 0.19677 0.0314709 0
0 1450 phononL 0.004 -1.32433 0.673388 0.035911 0
0 1451 phononL 0.004 0.294614 -1.3903 -0.0285356 0
0 1452 phononL 0.004 -0.933749 -0.543046 -0.000522409 0
0 1453 phononL 0.004 -1.21329 -1.22946 0.00568687 0
0 1454 phononL 0.004 -1.37934 0.177451 -0.00477814 0
0 1455 phononL 0.004 -1.21309 1.38202 -0.0173049 0
0 1456 phononL 0.004 -1.197 0.683283 0.0328321 0
0 1457 phononL 0.004 -0.940011 -0.866386 0.0246417 0
0 1458 phononL 0.004 -0.909143 0.512565 0.000717265 0
0 1459 phononL 0.004 1.17295 -0.697034 -0.0179301 0
0 1460 phononL 0.004 1.20978 -1.57399 0.0204226 0
0 1461 phononL 0.004 -1.34831 0.170765 0.0253811 0
0 1462 phononL 0.004 -1.15208 1.22339 0.0192659 0
0 1463 phononL 0.004 -0.0793499 0.286557 -0.0252022 0
0 1464 phononL 0.004 -1.59702 0.817909 0.0275621 0
0 1465 phononL 0.004 0.381332 1.15974 0.0213806 0
0 1466 phononL 0.004 -0.618057 -0.0800133 0.019972 0
0 1467 phononL 0.004 1.36917 -1.22045 -0.0393876 0
0 1468 phononL 0.004 -0.26293 0.0514658 -0.0362221 0
0 1469 phononL 0.004 -1.46104 -0.484004 -0.00661019 0
0 1470 phononL 0.004 1.61983 -1.20498 0.0317003 0
0 1471 phononL 0.004 -0.17062 -0.33665 -0.0182224 0
0 1472 phononL 0.004 0.827496 0.62494 0.0223159 0
0 1473 phononL 0.004 -1.28538 1.26028 -0.0291644 0
0 1474 phononL 0.004 -1.64841 1.31966 0.0178299 0
0 1475 phononL 0.004 -1.45298 0.218233 -0.014976 0
0 1476 phononL 0.004 -0.545585 1.11899 -0.0383506 0
0 1477 phononL 0.004 0.209231 0.20771 -0.0225535 0
0 1478 phononL 0.004 1.04463 0.300913 0.0395028 0
0 1479 phononL 0.004 -1.24086 0.12917 -0.0252131 0
0 1480 phononL 0.004 -1.12028 -1.12078 0.0356968 0
0 1481 phononL 0.004 -0.657616 1.30397 -0.0289651 0
0 1482 phononL 0.004 -1.44491 0.397251 0.0302908 0
0 1483 phononL 0.004 0.24492 -1.34658 -0.00274697 0
0 1484 phononL 0.004 0.665282 0.433455 0.0166353 0
0 1485 phononL 0.004 -1.35404 -0.59988 -0.0197356 0
0 1486 phononL 0.004 -0.190348 1.28502 0.02149 0
0 1487 phononL 0.004 -1.52192 -1.43102 -0.0319789 0
0 1488 phononL 0.004 0.568007 0.871415 0.0322011 0
0 1489 phononL 0.004 -0.817438 0.646983 0.038264 0
0 1490 phononL 0.004 0.686911 -0.0914004 -0.0315071 0
0 1491 phononL 0.004 -1.57158 -1.54755 0.0064843 0
0 1492 phononL 0.004 -1.06404 -1.42428 0.0380249 0
0 1493 phononL 0.004 -0.56601 0.139203 0.00550566 0
0 1494 phononL 0.004 0.141574 -0.50833 -0.0267614 0
0 1495 phononL 0.004 -0.334908 1.3986 -0.00974841 0
0 1496 phononL 0.004 0.890325 -0.327211 0.0195091 0
0 1497 phononL 0.004 -0.0873212 1.27702 0.012999 0
0 1498 phononL 0.004 -1.39185 0.573101 0.0312276 0
0 1499 phononL 0.004 0.183457 -1.49882 0.0279356 0
0 1500 phononL 0.004 1.07615 1.44559 0.0315571 0
0 1501 phononL 0.004 -0.938904 0.175543 0.00079981 0
0 1502 phononL 0.004 -1.59818 -0.28093 0.000994797 0
0 1503 phononL 0.004 0.892048 0.0859297 -0.0205512 0
0 1504 phononL 0.004 0.195453 0.321379 0.00595468 0
0 1505 phononL 0.004 -0.0488616 0.564845 -0.0120827 0
0 1506 phononL 0.004 -0.791444 -1.15336 -0.00361145 0
0 1507 phononL 0.004 0.764506 -0.428329 -0.0336379 0
0 1508 phononL 0.004 0.569704 -0.791425 0.00154614 0
0 1509 phononL 0.004 -0.720134 1.0948 -0.0156907 0
0 1510 phononL 0.004 -1.5991 1.66564 0.0333004 0
0 1511 phononL 0.004 -0.891563 -1.11832 0.0391742 0
0 1512 phononL 0.004 -1.31841 -0.407634 -0.00494246 0
0 1513 phononL 0.004 -0.597469 -0.581213 -0.0153184 0
0 1514 phononL 0.004 -1.46831 -0.356348 -0.02391 0
0 1515 phononL 0.004 0.995579 1.11425 -0.0323613 0
0 1516 phononL 0.004 0.72541 0.152725 0.00429518 0
0 1517 phononL 0.004 0.0550917 -1.53375 -0.0345605 0
0 1518 phononL 0.004 -0.527999 0.0665739 0.0368826 0
0 1519 phononL 0.004 -0.599604 -0.69631 -0.0246282 0
0 1520 phononL 0.004 1.62835 0.333893 -0.0229174 0
0 1521 phononL 0.004 -0.0714316 -0.258088 -0.0323253 0
0 1522 phononL 0.004 -0.829223 0.525115 3.86863e-06 0
0 1523 phononL 0.004 0.824733 -0.379064 0.0172894 0
0 1524 phononL 0.004 -1.00184 0.141861 -0.0243366 0
0 1525 phononL 0.004 -0.240747 1.40407 -0.000800392 0
0 1526 phononL 0.004 0.206312 -0.717583 -0.0178313 0
0 1527 phononL 0.004 0.243778 -1.59428 -0.00959187 0
0 1528 phononL 0.004 0.436437 0.481048 0.00871802 0
0 1529 phononL 0.004 0.990795 0.00755771 -0.0032923 0
0 1530 phononL 0.004 -0.0485592 0.368482 0.00297933 0
0 1531 phononL 0.004 -0.0888086 -0.644825 -0.00101699 0
0 1532 phononL 0.004 -0.591194 -0.816596 0.00618731 0
0 1533 phononL 0.004 0.754089 0.407806 -0.0218747 0
0 1534 phononL 0.004 -1.53642 1.51746 -0.0231972 0
0 1535 phononL 0.004 0.482424 0.326629 -0.0293019 0
0 1536 phononL 0.004 1.48803 -0.950259 -0.0119589 0
0 1537 phononL 0.004 0.485507 0.98818 0.013731 0
0 1538 phononL 0.004 -1.29413 0.555016 -0.0391797 0
0 1539 phononL 0.004 0.232455 -0.83389 0.0315549 0
0 1540 phononL 0.004 -1.03074 -1.16709 -0.00137419 0
0 1541 phononL 0.004 -1.46285 -0.899465 -0.0198708 0
0 1542 phononL 0.004 0.550018 -1.29005 0.032758 0
0 1543 phononL 0.004 0.45515 0.432157 0.0345318 0
0 1544 phononL 0.004 1.50481 0.700363 0.00790342 0
0 1545 phononL 0.004 -0.696612 0.062903 -0.00695581 0
0 1546 phononL 0.004 0.105313 -1.50049 -0.0125045 0
0 1547 phononL 0.004 -0.755718 -1.54317 -0.0381294 0
0 1548 phononL 0.004 -0.968372 0.10112 -0.0199603 0
0 1549 phononL 0.004 -1.31917 0.301384 -0.0294524 0
0 1550 phononL 0.004 0.649865 -0.635456 0.0327195 0
0 1551 phononL 0.004 0.441646 -1.23045 -0.0252971 0
0 1552 phononL 0.004 0.477046 -0.228224 -0.0214901 0
0 1553 phononL 0.004 -1.29151 0.915982 0.0294419 0
0 1554 phononL 0.004 -1.08276 -0.298672 -0.00925395 0
0 1555 phononL 0.004 -0.908587 1.42976 0.0129277 0
0 1556 phononL 0.004 1.36939 -0.382713 -0.0313501 0
0 1557 phononL 0.004 0.557729 1.16828 0.00783608 0
0 1558 phononL 0.004 0.750853 -1.18427 -0.00984078 0
0 1559 phononL 0.004 -0.743503 1.10961 0.0379724 0
0 1560 phononL 0.004 -1.37218 0.98605 -0.00257543 0
0 1561 phononL 0.004 0.364965 1.637 -0.0321955 0
0 1562 phononL 0.004 -1.26559 -0.804875 -0.00732842 0
0 1563 phononL 0.004 -1.16347 -1.33664 -0.0345354 0
0 1564 phononL 0.004 -1.10644 -1.25854 0.023598 0
0 1565 phononL 0.004 1.22313 1.06005 0.0284312 0
0 1566 phononL 0.004 0.998067 -1.06295 -0.000364998 0
0 1567 phononL 0.004 -1.33086 -1.66094 -0.00055591 0
0 1568 phononL 0.004 0.881908 1.27831 -0.0224969 0
0 1569 phononL 0.004 0.596516 -0.977995 -0.0397866 0
0 1570 phononL 0.004 0.193785 0.41289 -0.00361199 0
0 1571 phononL 0.004 -0.965242 -0.887746 0.0196644 0
0 1572 phononL 0.004 1.30823 -0.565576 0.0192876 0
0 1573 phononL 0.004 -1.25839 -0.828327 0.0110463 0
0 1574 phononL 0.004 -1.40387 -0.581006 0.0315113 0
0 1575 phononL 0.004 0.508229 -0.2395 0.0232173 0
0 1576 phononL 0.004 -0.246489 0.937691 0.0228505 0
0 1577 phononL 0.004 1.50914 0.690602 0.0155207 0
0 1578 phononL 0.004 0.888672 -0.227699 -0.0018521 0
0 1579 phononL 0.004 0.943564 -1.37875 0.00312622 0
0 1580 phononL 0.004 0.461143 -0.445586 -0.0155801 0
0 1581 phononL 0.004 -0.187058 -0.388032 0.0263945 0
0 1582 phononL 0.004 -0.508032 0.159701 -0.038871 0
0 1583 phononL 0.004 -0.249684 0.94754 0.0267963 0
0 1584 phononL 0.004 -0.958594 -0.856556 0.00235899 0
0 1585 phononL 0.004 -0.464654 1.2482 0.035128 0
0 1586 phononL 0.004 1.33502 1.43072 0.0395653 0
0 1587 phononL 0.004 1.25169 1.0439 0.0242635 0
0 1588 phononL 0.004 0.679526 1.03845 0.026219 0
0 1589 phononL 0.004 1.13412 1.41687 -0.0228944 0
0 1590 phononL 0.004 0.423676 -0.095684 -0.0216738 0
0 1591 phononL 0.004 -0.151935 -0.534731 -0.0341446 0
0 1592 phononL 0.004 -0.208389 0.627106 -0.00965173 0
0 1593 phononL 0.004 0.116525 1.37424 0.0381674 0
0 1594 phononL 0.004 0.224899 -1.49192 0.0200697 0
0 1595 phononL 0.004 -1.20932 0.854765 -0.00858724 0
0 1596 phononL 0.004 -0.557395 0.425262 0.0290573 0
0 1597 phononL 0.004 -0.671204 -0.120922 0.0136561 0
0 1598 phononL 0.004 -0.0521626 1.05722 0.00770423 0
0 1599 phononL 0.004 1.63173 1.10892 0.034144 0
0 1600 phononL 0.004 1.43184 -1.49418 0.0156494 0
0 1601 phononL 0.004 0.0990634 -0.255081 0.0160312 0
0 1602 phononL 0.004 0.206876 1.09926 -0.0208277 0
0 1603 phononL 0.004 0.635404 0.895637 -0.0333853 0
0 1604 phononL 0.004 -1.49699 1.56658 -0.0223156 0
0 1605 phononL 0.004 -0.947525 1.11118 -0.0364025 0
0 1606 phononL 0.004 1.4918 0.620902 -0.0249665 0
0 1607 phononL 0.004 -0.176641 0.362056 -0.0167328 0
0 1608 phononL 0.004 -0.0585242 -0.693464 0.0301407 0
0 1609 phononL 0.004 -0.328582 0.698136 0.0136882 0
0 1610 phononL 0.004 1.19371 0.111679 0.0186233 0
0 1611 phononL 0.004 -0.702878 -0.160251 -0.0374672 0
0 1612 phononL 0.004 -1.51315 -0.686162 0.0289617 0
0 1613 phononL 0.004 -1.61106 0.764832 -0.00874358 0
0 1614 phononL 0.004 -0.00945958 1.31786 0.0109964 0
0 1615 phononL 0.004 -0.080601 0.250158 0.0366248 0
0 1616 phononL 0.004 -0.878488 0.141057 0.0221405 0
0 1617 phononL 0.004 -0.702334 1.10477 0.0166185 0
0 1618 phononL 0.004 1.12449 -1.17288 0.0059821 0
0 1619 phononL 0.004 -1.05184 1.55565 -0.0220822 0
0 1620 phononL 0.004 0.524934 -0.143337 -0.0396649 0
0 1621 phononL 0.004 0.627844 0.708809 -0.0146352 0
0 1622 phononL 0.004 0.634434 -1.20042 -0.0167486 0
0 1623 phononL 0.004 -1.20064 -0.351712 -0.0177953 0
0 1624 phononL 0.004 -1.15522 1.51955 0.039759 0
0 1625 phononL 0.004 -0.252838 -0.0346378 0.00766775 0
0 1626 phononL 0.004 0.856659 -0.19216 -0.01327 0
0 1627 phononL 0.004 1.08349 -0.46713 -0.0231938 0
0 1628 phononL 0.004 -1.4225 -1.60704 -0.0179955 0
0 1629 phononL 0.004 0.552775 1.37981 0.00358346 0
0 1630 phononL 0.004 -1.18412 0.656229 -0.00812685 0
0 1631 phononL 0.004 0.101717 -1.43352 -0.0219797 0
0 1632 phononL 0.004 -0.478092 -1.15246 -0.0329786 0
0 1633 phononL 0.004 0.94909 -1.56681 0.0232483 0
0 1634 phononL 0.004 1.42657 -0.569897 0.030207 0
0 1635 phononL 0.004 -0.140141 1.63076 0.0107181 0
0 1636 phononL 0.004 -1.17551 1.27814 -0.030914 0
0 1637 phononL 0.004 -0.281844 -0.0512458 -0.0103584 0
0 1638 phononL 0.004 -1.29091 -1.01394 0.026067 0
0 1639 phononL 0.004 -1.49722 0.970694 0.00575379 0
0 1640 phononL 0.004 -1.48809 1.23292 0.00394729 0
0 1641 phononL 0.004 0.404396 -0.690205 0.0270912 0
0 1642 phononL 0.004 -1.40295 -1.0139 0.00567614 0
0 1643 phononL 0.004 -0.268286 -1.15498 -0.010889 0
0 1644 phononL 0.004 1.45757 -0.378362 -0.00853095 0
0 1645 phononL 0.004 0.217335 0.344107 0.0214813 0
0 1646 phononL 0.004 -0.243566 -0.338035 0.00134373 0
0 1647 phononL 0.004 -1.6503 -1.61212 -0.0344473 0
0 1648 phononL 0.004 -0.268045 0.191537 0.0227286 0
0 1649 phononL 0.004 1.56084 0.595962 0.0138843 0
0 1650 phononL 0.004 0.465962 0.085431 0.0195795 0
0 1651 phononL 0.004 0.291 -1.58332 -0.0127668 0
0 1652 phononL 0.004 -0.300802 -0.459004 -0.0250972 0
0 1653 phononL 0.004 0.106546 -0.411785 0.0170054 0
0 1654 phononL 0.004 -1.25729 0.156676 -0.0264901 0
0 1655 phononL 0.004 1.24489 -1.35795 -0.010792 0
0 1656 phononL 0.004 1.04708 0.339203 -0.00870211 0
0 1657 phononL 0.004 -1.4142 -0.206027 -0.028826 0
0 1658 phononL 0.004 -1.37959 -0.916531 0.0314624 0
0 1659 phononL 0.004 -1.52261 1.64856 -0.00481615 0
0 1660 phononL 0.004 1.40931 1.233 -0.0326752 0
0 1661 phononL 0.004 -0.454099 0.747541 -0.0286697 0
0 1662 phononL 0.004 -0.930196 0.373177 0.0330983 0
0 1663 phononL 0.004 -1.47247 -1.46832 0.0329339 0
0 1664 phononL 0.004 1.09189 -1.60259 -0.038451 0
0 1665 phononL 0.004 -1.59255 1.52894 -0.00383994 0
0 1666 phononL 0.004 -0.654031 1.45218 -0.00273672 0
0 1667 phononL 0.004 1.00137 1.11588 -0.0261538 0
0 1668 phononL 0.004 0.420331 -0.0327076 -0.00631191 0
0 1669 phononL 0.004 0.741777 -0.866723 -0.00869197 0
0 1670 phononL 0.004 -0.401774 -0.679995 -0.0229063 0
0 1671 phononL 0.004 -0.0809513 -0.796947 -0.0155618 0
0 1672 phononL 0.004 -0.85948 -1.0133 -0.0126727 0
0 1673 phononL 0.004 -0.848482 -1.15767 -0.0305569 0
0 1674 phononL 0.004 1.0992 -1.00806 0.00843037 0
0 1675 phononL 0.004 -1.57139 0.907856 0.00115489 0
0 1676 phononL 0.004 0.697238 0.13908 -0.0111041 0
0 1677 phononL 0.004 -0.0310606 0.869602 -0.0346768 0
0 1678 phononL 0.004 -0.0113838 -1.32327 -0.0243357 0
0 1679 phononL 0.004 0.803061 0.157105 0.0215285 0
0 1680 phononL 0.004 -1.60235 -1.49855 -0.023045 0
0 1681 phononL 0.004 0.286714 0.948837 -0.0173577 0
0 1682 phononL 0.004 -0.236394 1.57702 -0.0170216 0
0 1683 phononL 0.004 -0.455975 -0.780133 -0.00960389 0
0 1684 phononL 0.004 1.41402 1.65287 -0.0332875 0
0 1685 phononL 0.004 -1.19258 -1.58818 -0.0316585 0
0 1686 phononL 0.004 0.134841 0.254489 -0.00408312 0
0 1687 phononL 0.004 -0.117012 -1.25966 -0.0114848 0
0 1688 phononL 0.004 -1.58215 1.27392 0.0292335 0
0 1689 phononL 0.004 -0.583689 0.854753 -0.0321609 0
0 1690 phononL 0.004 -1.60892 -0.331951 -0.000139676 0
0 1691 phononL 0.004 -1.26775 0.0512754 -0.0242954 0
0 1692 phononL 0.004 0.922175 -1.11164 -0.0201418 0
0 1693 phononL 0.004 0.925695 0.769037 0.0260214 0
0 1694 phononL 0.004 1.64467 1.48678 -0.0287449 0
0 1695 phononL 0.004 -1.06997 -0.749544 -0.0105393 0
0 1696 phononL 0.004 -0.217536 1.28096 0.0173594 0
0 1697 phononL 0.004 1.00318 -0.0657234 -0.033927 0
0 1698 phononL 0.004 -0.900804 0.607994 0.0268315 0
0 1699 phononL 0.004 -0.807138 -0.578219 0.0250084 0
0 1700 phononL 0.004 0.659384 1.34787 -0.0153436 0
0 1701 phononL 0.004 0.896757 -0.858042 0.0327062 0
0 1702 phononL 0.004 1.01149 1.14673 -0.0289885 0
0 1703 phononL 0.004 0.150639 0.839472 -0.0203604 0
0 1704 phononL 0.004 -0.19725 -1.54076 -0.00906461 0
0 1705 phononL 0.004 -1.2924 1.66184 -0.00479603 0
0 1706 phononL 0.004 0.95473 -0.961617 -0.0114581 0
0 1707 phononL 0.004 0.0391013 0.634038 -0.0168964 0
0 1708 phononL 0.004 -0.433411 1.57368 0.0344803 0
0 1709 phononL 0.004 -0.0995939 -0.247034 0.0126711 0
0 1710 phononL 0.004 1.22796 0.519509 0.0190716 0
0 1711 phononL 0.004 0.331733 1.57198 -0.00892032 0
0 1712 phononL 0.004 1.57791 -1.37224 0.0162643 0
0 1713 phononL 0.004 -0.631656 -1.58824 0.0133661 0
0 1714 phononL 0.004 -0.586351 1.35008 -0.00275128 0
0 1715 phononL 0.004 -1.11153 0.629607 0.0123391 0
0 1716 phononL 0.004 0.160491 1.16714 0.0127437 0
0 1717 phononL 0.004 0.582583 -0.90214 0.00196984 0
0 1718 phononL 0.004 0.214669 1.27769 -0.034118 0
0 1719 phononL 0.004 0.813258 1.33764 0.0300236 0
0 1720 phononL 0.004 -1.57804 -0.500578 0.0154655 0
0 1721 phononL 0.004 -0.891334 0.994521 0.0155443 0
0 1722 phononL 0.004 -1.44858 -1.02562 -0.0352908 0
0 1723 phononL 0.004 -1.15325 -1.66215 0.0124546 0
0 1724 phononL 0.004 1.35089 -0.541648 -0.0192145 0
0 1725 phononL 0.004 1.65394 0.689191 0.0311172 0
0 1726 phononL 0.004 -0.291751 -0.579251 -0.0150017 0
0 1727 phononL 0.004 0.568113 -0.316754 -0.0326319 0
0 1728 phononL 0.004 0.944116 -1.11932 0.0180806 0
0 1729 phononL 0.004 -1.1593 -1.28414 0.0363072 0
0 1730 phononL 0.004 1.51767 -1.34609 -0.0148788 0
0 1731 phononL 0.004 -0.435637 -0.261592 -0.0244148 0
0 1732 phononL 0.004 -0.672831 0.617134 0.000897977 0
0 1733 phononL 0.004 -1.07039 0.294449 0.034776 0
0 1734 phononL 0.004 -0.471772 -0.671789 0.0048288 0
0 1735 phononL 0.004 1.05346 -1.61269 0.020895 0
0 1736 phononL 0.004 -0.603145 0.195867 0.0296564 0
0 1737 phononL 0.004 1.4339 -1.32192 0.0178465 0
0 1738 phononL 0.004 1.16689 0.486887 0.0121498 0
0 1739 phononL 0.004 -0.0470394 -0.640205 0.0117991 0
0 1740 phononL 0.004 -0.467014 1.37524 -0.0347578 0
0 1741 phononL 0.004 -0.820097 1.28758 0.0245385 0
0 1742 phononL 0.004 0.509057 1.61497 0.026711 0
0 1743 phononL 0.004 0.240124 1.12756 0.0372024 0
0 1744 phononL 0.004 1.31519 -0.598431 0.0261087 0
0 1745 phononL 0.004 -0.373735 -1.02077 -0.014291 0
0 1746 phononL 0.004 -0.284756 1.24033 -0.00449629 0
0 1747 phononL 0.004 -0.180864 -0.920248 0.000658471 0
0 1748 phononL 0.004 -0.130933 1.14016 -0.0143713 0
0 1749 phononL 0.004 -0.695532 -0.74619 -0.0129514 0
0 1750 phononL 0.004 0.374267 -0.246178 -0.0392067 0
0 1751 phononL 0.004 -0.81059 0.242707 -0.024076 0
0 1752 phononL 0.004 -0.0408166 0.88751 0.00418641 0
0 1753 phononL 0.004 -1.07188 -0.104183 -0.0301364 0
0 1754 phononL 0.004 1.12907 0.626743 0.0374687 0
0 1755 phononL 0.004 -0.642227 1.37985 -0.00175506 0
0 1756 phononL 0.004 0.885772 1.32852 0.0147375 0
0 1757 phononL 0.004 -1.18842 -1.29499 0.00386169 0
0 1758 phononL 0.004 -0.50502 0.547441 0.00963923 0
0 1759 phononL 0.004 -1.30539 -0.951147 -0.0123079 0
0 1760 phononL 0.004 0.499836 -0.403728 0.0164975 0
0 1761 phononL 0.004 -1.09896 -0.171357 -0.0108596 0
0 1762 phononL 0.004 0.317385 1.62001 -0.0158111 0
0 1763 phononL 0.004 -0.898989 0.690466 0.0161907 0
0 1764 phononL 0.004 -0.688953 -0.987793 -0.0191136 0
0 1765 phononL 0.004 0.736209 -1.29131 -0.00226247 0
0 1766 phononL 0.004 -0.0204337 0.115041 -0.0394943 0
0 1767 phononL 0.004 0.145741 -1.38347 -0.0133651 0
0 1768 phononL 0.004 1.05679 0.273937 -0.019531 0
0 1769 phononL 0.004 -1.61785 -0.191266 -0.0201252 0
0 1770 phononL 0.004 -1.47532 0.298498 -0.0112211 0
0 1771 phononL 0.004 -1.15542 -0.717788 -0.0296009 0
0 1772 phononL 0.004 -0.35838 -1.25335 -0.0254698 0
0 1773 phononL 0.004 -0.148124 0.685499 -0.0151791 0
0 1774 phononL 0.004 1.57948 -0.891721 -0.0232705 0
0 1775 phononL 0.004 1.42031 -0.130256 0.000622768 0
0 1776 phononL 0.004 0.574573 -1.12999 -0.00681035 0
0 1777 phononL 0.004 -1.28997 0.927 -0.0283488 0
0 1778 phononL 0.004 -0.714553 -1.25532 0.0115571 0
0 1779 phononL 0.004 -1.29493 0.378711 0.0287941 0
0 1780 phononL 0.004 -1.4272 0.389872 -0.0096835 0
0 1781 phononL 0.004 1.607 0.230643 0.038213 0
0 1782 phononL 0.004 -0.141441 1.17605 0.0305933 0
0 1783 phononL 0.004 1.04712 -1.07792 0.00589904 0
0 1784 phononL 0.004 0.541805 0.212896 0.0358144 0
0 1785 phononL 0.004 1.07927 -0.17934 0.0324776 0
0 1786 phononL 0.004 1.49813 1.13818 0.0348252 0
0 1787 phononL 0.004 0.877018 -1.11945 0.0245646 0
0 1788 phononL 0.004 0.50028 0.590832 -0.0123782 0
0 1789 phononL 0.004 -1.43936 -0.000981855 -0.023995 0
0 1790 phononL 0.004 1.48238 0.533366 -0.0278828 0
0 1791 phononL 0.004 -0.0956263 0.176849 -0.00232318 0
0 1792 phononL 0.004 0.97667 -0.243397 0.0223499 0
0 1793 phononL 0.004 0.57872 -0.917693 0.0353026 0
0 1794 phononL 0.004 1.63653 -1.51727 -0.00156407 0
0 1795 phononL 0.004 -0.267289 -0.163869 -0.0381857 0
0 1796 phononL 0.004 -1.10204 0.742518 -0.0377176 0
0 1797 phononL 0.004 -1.51697 0.00574314 -0.0308141 0
0 1798 phononL 0.004 -0.845732 -1.34946 0.0325012 0
0 1799 phononL 0.004 -0.089002 -0.213477 -0.0196462 0
0 1800 phononL 0.004 1.61951 -0.456838 0.0160954 0
0 1801 phononL 0.004 -1.00775 0.786279 -0.0234202 0
0 1802 phononL 0.004 -0.739311 -1.56287 0.0158611 0
0 1803 phononL 0.004 -1.43426 -1.53961 -0.0166625 0
0 1804 phononL 0.004 -0.150263 -0.104136 -0.0125603 0
0 1805 phononL 0.004 -1.26446 0.0192734 0.00889076 0
0 1806 phononL 0.004 1.51714 -1.41775 -0.0111074 0
0 1807 phononL 0.004 -0.946338 -1.02671 0.0171783 0
0 1808 phononL 0.004 -0.135453 1.16608 -0.0201031 0
0 1809 phononL 0.004 -1.63384 1.60186 -0.0310892 0
0 1810 phononL 0.004 -1.25029 -0.815874 -0.00769929 0
0 1811 phononL 0.004 -0.518363 -0.878079 0.0150786 0
0 1812 phononL 0.004 0.978303 -0.108449 0.00305079 0
0 1813 phononL 0.004 -0.371751 1.36583 -0.00600092 0
0 1814 phononL 0.004 1.36003 1.24904 0.00877114 0
0 1815 phononL 0.004 3.8454e-05 -0.691992 -0.00482968 0
0 1816 phononL 0.004 0.587718 0.33381 -0.011297 0
0 1817 phononL 0.004 1.30242 -0.90558 -0.0371139 0
0 1818 phononL 0.004 1.59159 0.371003 -0.0266464 0
0 1819 phononL 0.004 -0.171668 0.886217 -0.00186659 0
0 1820 phononL 0.004 -0.580455 -0.190671 -0.0232012 0
0 1821 phononL 0.004 0.377035 -0.257963 -0.0160554 0
0 1822 phononL 0.004 0.508858 -1.13914 -0.0311365 0
0 1823 phononL 0.004 0.71269 -0.187846 0.0193189 0
0 1824 phononL 0.004 1.23901 -1.56045 -0.0270665 0
0 1825 phononL 0.004 0.95637 1.33078 -0.0250968 0
0 1826 phononL 0.004 -0.449763 -1.10569 -0.0364313 0
0 1827 phononL 0.004 0.176361 -0.373723 0.0222791 0
0 1828 phononL 0.004 1.13517 -1.52347 0.0183994 0
0 1829 phononL 0.004 0.685402 -1.12787 -0.0389375 0
0 1830 phononL 0.004 0.22339 -1.03194 -0.0111519 0
0 1831 phononL 0.004 1.56027 0.663185 0.0124315 0
0 1832 phononL 0.004 1.22504 1.52276 0.00133908 0
0 1833 phononL 0.004 -0.931625 0.648708 -0.0125793 0
0 1834 phononL 0.004 0.393082 -0.859029 -0.0395598 0
0 1835 phononL 0.004 -1.18788 0.0494078 0.0371926 0
0 1836 phononL 0.004 -0.138802 -0.726834 0.00646253 0
0 1837 phononL 0.004 -1.58656 1.40465 0.0164398 0
0 1838 phononL 0.004 -1.09364 -0.697884 0.0167235 0
0 1839 phononL 0.004 -1.29863 -0.802253 0.0337736 0
0 1840 phononL 0.004 -0.426421 -1.43225 -0.0169541 0
0 1841 phononL 0.004 0.854976 0.163228 -0.0304173 0
0 1842 phononL 0.004 -0.179379 0.646215 0.0204385 0
0 1843 phononL 0.004 -1.47476 -0.88447 0.0172236 0
0 1844 phononL 0.004 1.30784 -0.933166 0.0397669 0
0 1845 phononL 0.004 -0.532344 -1.3276 0.00359369 0
0 1846 phononL 0.004 -0.0570955 -0.943654 0.00818704 0
0 1847 phononL 0.004 -0.219704 -1.62407 -0.0100425 0
0 1848 phononL 0.004 -1.24603 -1.44687 0.0373713 0
0 1849 phononL 0.004 1.65536 -1.10004 -0.0352857 0
0 1850 phononL 0.004 -0.243285 0.0517134 -0.0026258 0
0 1851 phononL 0.004 0.395331 -0.802719 0.00760627 0
0 1852 phononL 0.004 0.0437857 1.13736 -0.0290046 0
0 1853 phononL 0.004 -0.0416864 -0.344072 0.000461323 0
0 1854 phononL 0.004 1.5756 -1.49271 -0.0142273 0
0 1855 phononL 0.004 0.962345 -0.897565 0.00263484 0
0 1856 phononL 0.004 0.482207 -0.859304 0.00346474 0
0 1857 phononL 0.004 0.477968 -1.54909 -0.00785427 0
0 1858 phononL 0.004 -0.153484 -0.0689066 0.0120096 0
0 1859 phononL 0.004 0.664919 -1.44972 0.0216242 0
0 1860 phononL 0.004 0.99553 -1.40002 -0.0262388 0
0 1861 phononL 0.004 -0.742887 -1.13008 0.021888 0
0 1862 phononL 0.004 -1.06276 -0.315761 -0.0136993 0
0 1863 phononL 0.004 0.776298 -1.05674 0.0316732 0
0 1864 phononL 0.004 1.14059 -1.00683 0.0154007 0
0 1865 phononL 0.004 0.902726 1.20567 0.0329001 0
0 1866 phononL 0.004 0.643079 1.37827 -0.0305793 0
0 1867 phononL 0.004 -0.912427 -1.58259 -0.0332926 0
0 1868 phononL 0.004 -1.14313 0.184712 0.0148411 0
0 1869 phononL 0.004 -0.249686 -1.09668 -0.000230867 0
0 1870 phononL 0.004 0.487562 -1.36569 0.0325759 0
0 1871 phononL 0.004 1.21541 -0.0808539 -0.00892666 0
0 1872 phononL 0.004 1.36691 -0.508339 0.00740181 0
0 1873 phononL 0.004 0.0700691 -0.370884 0.0254386 0
0 1874 phononL 0.004 -0.513839 0.554282 -0.0304216 0
0 1875 phononL 0.004 -0.20376 -1.14362 0.0117394 0
0 1876 phononL 0.004 0.311273 0.373167 -0.0110983 0
0 1877 phononL 0.004 -1.27338 -0.487756 0.00168934 0
0 1878 phononL 0.004 -1.66249 0.221021 0.0389268 0
0 1879 phononL 0.004 -1.15647 0.16873 0.0124492 0
0 1880 phononL 0.004 1.17822 -0.78725 -0.0186329 0
0 1881 phononL 0.004 0.194935 0.223255 -0.006035 0
0 1882 phononL 0.004 -0.475262 -0.286365 -0.0128754 0
0 1883 phononL 0.004 -1.31191 -1.38678 -0.0212293 0
0 1884 phononL 0.004 0.985692 -0.797381 0.0193677 0
0 1885 phononL 0.004 1.26628 -1.59953 -0.0367015 0
0 1886 phononL 0.004 -0.110444 -0.605502 -0.0220988 0
0 1887 phononL 0.004 -1.38436 0.550291 0.0187002 0
0 1888 phononL 0.004 1.13503 1.01916 0.0285046 0
0 1889 phononL 0.004 -0.828539 1.37521 -0.0265965 0
0 1890 phononL 0.004 0.412415 -1.10027 -0.0138897 0
0 1891 phononL 0.004 1.5032 1.50482 -0.0112117 0
0 1892 phononL 0.004 1.19273 0.17813 -0.0231257 0
0 1893 phononL 0.004 0.962677 1.44075 -0.0125682 0
0 1894 phononL 0.004 -1.21011 0.644014 0.0194937 0
0 1895 phononL 0.004 0.219562 0.501834 0.0110616 0
0 1896 phononL 0.004 -0.0742598 0.422716 0.00685297 0
0 1897 phononL 0.004 0.0758477 -1.21032 0.0294052 0
0 1898 phononL 0.004 1.1052 -0.225373 -0.0156049 0
0 1899 phononL 0.004 0.853521 1.58637 0.0143848 0
0 1900 phononL 0.004 0.0491489 1.64234 0.0328729 0
0 1901 phononL 0.004 -1.58523 -1.55034 0.0385017 0
0 1902 phononL 0.004 -0.661085 0.217444 -0.00949982 0
0 1903 phononL 0.004 1.52008 1.34889 -0.0130907 0
0 1904 phononL 0.004 -1.64479 -1.09441 -0.00831831 0
0 1905 phononL 0.004 1.49753 0.638396 -0.0320595 0
0 1906 phononL 0.004 0.980451 -1.20288 -0.0346033 0
0 1907 phononL 0.004 0.998415 -0.197163 0.0206011 0
0 1908 phononL 0.004 1.47026 -0.0782136 -0.0371973 0
0 1909 phononL 0.004 -1.38443 1.4915 0.018108 0
0 1910 phononL 0.004 0.649482 0.843098 0.0235498 0
0 1911 phononL 0.004 0.459134 1.20651 0.0144943 0
0 1912 phononL 0.004 0.910508 1.10878 -0.0312821 0
0 1913 phononL 0.004 0.466476 -1.11 -0.034797 0
0 1914 phononL 0.004 1.23841 -1.24894 0.0137329 0
0 1915 phononL 0.004 -1.38292 1.23536 0.0139537 0
0 1916 phononL 0.004 1.51263 0.678875 -0.0151366 0
0 1917 phononL 0.004 0.471647 0.690955 0.0365839 0
0 1918 phononL 0.004 -0.547335 -0.776828 -0.0392372 0
0 1919 phononL 0.004 0.679709 1.4455 -0.0182919 0
0 1920 phononL 0.004 0.445642 -1.01796 0.00666803 0
0 1921 phononL 0.004 -1.35917 -0.125377 -0.0100816 0
0 1922 phononL 0.004 0.819693 -0.174935 0.0218791 0
0 1923 phononL 0.004 1.07119 0.137585 0.00670167 0
0 1924 phononL 0.004 -0.334783 1.5195 -0.011986 0
0 1925 phononL 0.004 0.280033 0.801619 -0.0191223 0
0 1926 phononL 0.004 0.200117 1.41959 -0.0212631 0
0 1927 phononL 0.004 1.14615 -1.30396 0.0243783 0
0 1928 phononL 0.004 0.780402 1.01844 0.0229727 0
0 1929 phononL 0.004 1.57945 0.208695 0.000245136 0
0 1930 phononL 0.004 0.17836 1.44299 0.00140243 0
0 1931 phononL 0.004 0.412383 0.601589 -0.0183616 0
0 1932 phononL 0.004 -0.418338 1.01578 0.00934993 0
0 1933 phononL 0.004 -0.270769 -0.535435 -0.034351 0
0 1934 phononL 0.004 1.24946 -1.09125 0.0374372 0
0 1935 phononL 0.004 -1.15451 -1.30207 -0.00409934 0
0 1936 phononL 0.004 0.768435 0.046544 0.0216422 0
0 1937 phononL 0.004 -0.648954 -1.37881 0.0257736 0
0 1938 phononL 0.004 1.24601 -0.599022 -0.0388845 0
0 1939 phononL 0.004 -0.0681582 0.257689 0.0252385 0
0 1940 phononL 0.004 -0.00711148 -0.00228556 0.0265571 0
0 1941 phononL 0.004 -0.427833 1.65256 0.0151947 0
0 1942 phononL 0.004 1.16041 1.31871 0.0295449 0
0 1943 phononL 0.004 1.05399 -0.169686 -0.00314684 0
0 1944 phononL 0.004 -1.25696 -0.567832 -0.0302433 0
0 1945 phononL 0.004 0.71118 1.45781 0.0129124 0
0 1946 phononL 0.004 1.44805 -1.44352 0.0309378 0
0 1947 phononL 0.004 -0.911312 -0.919949 0.0329606 0
0 1948 phononL 0.004 0.0299625 -1.29727 -0.0181167 0
0 1949 phononL 0.004 0.927252 1.57268 -0.0393084 0
0 1950 phononL 0.004 -1.10834 0.0978181 -0.00834253 0
0 1951 phononL 0.004 -0.451583 -1.12142 0.0257404 0
0 1952 phononL 0.004 0.168361 0.0232111 0.00192955 0
0 1953 phononL 0.004 1.47224 0.0376507 -0.027958 0
0 1954 phononL 0.004 -0.705671 0.209806 0.013841 0
0 1955 phononL 0.004 0.79063 1.2899 0.00607428 0
0 1956 phononL 0.004 1.12635 -0.964623 -0.0035755 0
0 1957 phononL 0.004 0.523201 0.263786 -0.02916 0
0 1958 phononL 0.004 1.40995 -1.09059 0.0260961 0
0 1959 phononL 0.004 -0.688245 0.741172 0.0151464 0
0 1960 phononL 0.004 0.906695 0.807404 -0.0159351 0
0 1961 phononL 0.004 -0.267944 0.520364 -0.0287195 0
0 1962 phononL 0.004 0.492272 -0.00377719 0.0256997 0
0 1963 phononL 0.004 -1.65148 -1.40442 -0.0334654 0
0 1964 phononL 0.004 0.781504 -1.31891 -0.0128146 0
0 1965 phononL 0.004 1.26317 0.864205 0.0158084 0
0 1966 phononL 0.004 -0.854907 1.25361 0.0212067 0
0 1967 phononL 0.004 -0.873444 0.264584 -0.0218363 0
0 1968 phononL 0.004 -0.221005 -0.775425 -0.0315317 0
0 1969 phononL 0.004 0.642751 1.44599 0.0225001 0
0 1970 phononL 0.004 0.955351 0.920384 -0.00902067 0
0 1971 phononL 0.004 0.353894 -0.600352 -0.0269007 0
0 1972 phononL 0.004 0.620946 0.803693 -0.0104683 0
0 1973 phononL 0.004 1.34697 -1.55207 0.00694791 0
0 1974 phononL 0.004 -0.3539 -0.658238 0.0375852 0
0 1975 phononL 0.004 1.4029 0.159671 -0.00522613 0
0 1976 phononL 0.004 -1.55621 -0.584646 -0.0158643 0
0 1977 phononL 0.004 0.834776 -0.337684 0.0209357 0
0 1978 phononL 0.004 -1.1063 0.450535 0.0246666 0
0 1979 phononL 0.004 1.43897 1.10708 0.0134015 0
0 1980 phononL 0.004 0.151131 0.18958 -0.0169484 0
0 1981 phononL 0.004 -0.890975 -1.11898 0.0361521 0
0 1982 phononL 0.004 -0.906919 0.546135 -0.0153284 0
0 1983 phononL 0.004 -1.59512 0.929403 0.0362199 0
0 1984 phononL 0.004 1.52734 0.124636 0.00388766 0
0 1985 phononL 0.004 -0.652644 0.793725 0.0141931 0
0 1986 phononL 0.004 -0.103769 -0.256911 0.0198033 0
0 1987 phononL 0.004 -1.29908 0.968451 0.00477683 0
0 1988 phononL 0.004 -0.941096 -0.0398428 -0.00761234 0
0 1989 phononL 0.004 -0.345597 0.101012 0.000771429 0
0 1990 phononL 0.004 -0.945829 -0.169513 -0.0244809 0
0 1991 phononL 0.004 -0.151326 1.00846 0.0200287 0
0 1992 phononL 0.004 -0.613075 0.227302 0.03373 0
0 1993 phononL 0.004 -1.1043 -0.746528 -0.0149609 0
0 1994 phononL 0.004 -1.14967 -1.04215 0.0373638 0
0 1995 phononL 0.004 -0.844738 0.806149 -0.0346479 0
0 1996 phononL 0.004 1.26259 -1.22583 -0.0133854 0
0 1997 phononL 0.004 -0.376425 -0.517979 -0.00298814 0
0 1998 phononL 0.004 -0.49782 0.954361 -0.0300082 0
0 1999 phononL 0.004 -1.62313 0.726774 -0.0106635 0
0 2000 phononL 0.004 0.331424 -1.15021 -0.00278261 0
0 2001 phononL 0.004 1.14324 -0.645154 0.0192791 0
0 2002 phononL 0.004 0.170357 0.385831 -0.00360728 0
0 2003 phononL 0.004 -0.386042 -1.14399 -0.0222321 0
0 2004 phononL 0.004 -1.54128 0.200439 -0.034906 0
0 2005 phononL 0.004 1.08645 0.57678 -0.0162342 0
0 2006 phononL 0.004 -0.476936 -1.18126 0.0161706 0
0 2007 phononL 0.004 -0.214905 0.91934 0.0238159 0
0 2008 phononL 0.004 -0.294823 0.140579 -0.00981565 0
0 2009 phononL 0.004 -0.01554 -1.30572 0.0214289 0
0 2010 phononL 0.004 0.261043 0.436549 -0.0326444 0
0 2011 phononL 0.004 -1.29907 -0.85092 0.0166099 0
0 2012 phononL 0.004 -1.09502 -1.56644 0.0385558 0
0 2013 phononL 0.004 1.0653 0.402123 -0.0284554 0
0 2014 phononL 0.004 -0.563845 -0.200561 -0.0254805 0
0 2015 phononL 0.004 0.664052 1.40656 0.0243083 0
0 2016 phononL 0.004 -1.01375 0.358423 -0.0167734 0
0 2017 phononL 0.004 -0.749837 -0.00338237 -0.0219752 0
0 2018 phononL 0.004 -0.334499 -0.742469 -0.00739207 0
0 2019 phononL 0.004 1.35635 0.802996 0.0169957 0
0 2020 phononL 0.004 1.30328 -1.51984 -0.0216581 0
0 2021 phononL 0.004 0.780941 -1.06482 -0.00822925 0
0 2022 phononL 0.004 -0.417355 0.2901 0.026143 0
0 2023 phononL 0.004 -1.14389 0.300252 0.0399513 0
0 2024 phononL 0.004 -0.486083 0.577106 -0.0146907 0
0 2025 phononL 0.004 -1.65886 -1.25226 0.0252495 0
0 2026 phononL 0.004 1.45821 -1.05918 -0.0113818 0
0 2027 phononL 0.004 0.246458 -0.292167 -0.0385869 0
0 2028 phononL 0.004 1.05084 -0.768109 -0.00892416 0
0 2029 phononL 0.004 -1.03941 0.402839 -0.0182766 0
0 2030 phononL 0.004 -1.54288 0.737682 0.028985 0
0 2031 phononL 0.004 -0.283933 -0.547279 0.0106608 0
0 2032 phononL 0.004 -1.52215 -0.994243 -0.0206115 0
0 2033 phononL 0.004 -0.461374 1.14984 0.0232568 0
0 2034 phononL 0.004 1.26237 0.0653557 -0.0333076 0
0 2035 phononL 0.004 0.0475365 -0.420034 0.0319829 0
0 2036 phononL 0.004 -0.479425 0.641546 0.0245157 0
0 2037 phononL 0.004 1.43921 -1.1961 0.0107332 0
0 2038 phononL 0.004 0.515121 -0.823471 0.0173697 0
0 2039 phononL 0.004 -1.31294 1.33593 -0.00882035 0
0 2040 phononL 0.004 -1.46558 1.10802 -0.0189809 0
0 2041 phononL 0.004 0.0331219 -1.55082 0.0163523 0
0 2042 phononL 0.004 -1.0466 -1.11654 -0.0151926 0
0 2043 phononL 0.004 1.03738 -1.22855 0.0179707 0
0 2044 phononL 0.004 0.532764 -1.27816 -0.0395047 0
0 2045 phononL 0.004 1.65827 0.229696 -0.0245565 0
0 2046 phononL 0.004 1.30764 0.574241 0.0197415 0
0 2047 phononL 0.004 -1.1924 -1.36548 -0.028146 0
0 2048 phononL 0.004 -1.357 0.609205 -0.017035 0
0 2049 phononL 0.004 0.0449133 1.48083 0.0263968 0
0 2050 phononL 0.004 -0.965659 -0.72155 -0.0257373 0
0 2051 phononL 0.004 1.15696 0.913301 0.000608248 0
0 2052 phononL 0.004 1.65025 -0.284079 -0.0275085 0
0 2053 phononL 0.004 0.344411 1.00835 -0.0277816 0
0 2054 phononL 0.004 -1.00312 0.946914 0.00698936 0
0 2055 phononL 0.004 1.58803 -0.464795 -0.0380498 0
0 2056 phononL 0.004 -0.245969 0.739755 0.00333842 0
0 2057 phononL 0.004 1.08818 -0.365889 0.0180428 0
0 2058 phononL 0.004 -0.135216 -0.328571 0.0181781 0
0 2059 phononL 0.004 0.220691 0.581984 -0.0192308 0
0 2060 phononL 0.004 0.783138 -1.3915 0.00541401 0
0 2061 phononL 0.004 -0.530793 -1.44984 -0.0157561 0
0 2062 phononL 0.004 -0.120239 -0.99616 0.0271712 0
0 2063 phononL 0.004 -0.613288 -1.36912 -0.0208721 0
0 2064 phononL 0.004 -1.31305 0.341697 0.00971558 0
0 2065 phononL 0.004 0.434635 0.762914 -0.000501291 0
0 2066 phononL 0.004 0.343903 0.485436 -0.034859 0
0 2067 phononL 0.004 -0.671387 1.08232 -0.023881 0
0 2068 phononL 0.004 -0.446148 1.26187 0.0283879 0
0 2069 phononL 0.004 -0.19325 1.31787 -0.010723 0
0 2070 phononL 0.004 1.20795 0.27653 -0.00903455 0
0 2071 phononL 0.004 1.45558 -1.25055 -0.0180362 0
0 2072 phononL 0.004 0.157898 -0.120682 0.00931925 0
0 2073 phononL 0.004 -0.128556 -1.34594 0.0318991 0
0 2074 phononL 0.004 0.907188 -0.660845 -0.0209893 0
0 2075 phononL 0.004 -0.65658 1.16702 -0.000320208 0
0 2076 phononL 0.004 -1.38609 -0.814758 0.0276087 0
0 2077 phononL 0.004 0.482006 1.25136 -0.0207821 0
0 2078 phononL 0.004 -0.976664 -0.563298 -0.0093254 0
0 2079 phononL 0.004 -0.937004 0.32716 -0.00349726 0
0 2080 phononL 0.004 -1.63388 -0.882296 -0.0245137 0
0 2081 phononL 0.004 0.799485 0.101371 0.0307937 0
0 2082 phononL 0.004 1.63907 0.822256 -0.0205902 0
0 2083 phononL 0.004 -0.748045 1.09222 -0.0155653 0
0 2084 phononL 0.004 -0.95112 -0.25551 -0.0198653 0
0 2085 phononL 0.004 0.926161 -0.985607 -0.00500142 0
0 2086 phononL 0.004 -1.61427 -0.165093 -0.0126889 0
0 2087 phononL 0.004 1.03956 -0.267928 0.034692 0
0 2088 phononL 0.004 -0.515176 1.43461 0.0320763 0
0 2089 phononL 0.004 0.420732 0.895031 0.0217692 0
0 2090 phononL 0.004 -0.688362 0.0319127 -0.0335324 0
0 2091 phononL 0.004 1.18213 1.081 0.0328075 0
0 2092 phononL 0.004 1.57248 -0.572253 0.00359841 0
0 2093 phononL 0.004 -1.5363 0.767355 0.00354994 0
0 2094 phononL 0.004 -0.503712 1.54447 0.0288526 0
0 2095 phononL 0.004 -1.05845 1.55573 -0.0171103 0
0 2096 phononL 0.004 -1.05825 -0.0994815 0.0113034 0
0 2097 phononL 0.004 -1.19807 0.0126732 0.00279725 0
0 2098 phononL 0.004 -1.34336 -0.0557868 0.0291228 0
0 2099 phononL 0.004 -1.63163 0.533935 -0.00492076 0
0 2100 phononL 0.004 -1.10738 -1.41162 -0.0363736 0
0 2101 phononL 0.004 1.59208 -0.557307 -0.0299133 0
0 2102 phononL 0.004 0.0325286 1.33452 -0.00413827 0
0 2103 phononL 0.004 0.0631742 0.689677 0.0124166 0
0 2104 phononL 0.004 1.13501 -1.36261 -0.00264923 0
0 2105 phononL 0.004 0.529756 -0.752076 -0.00607847 0
0 2106 phononL 0.004 0.578911 1.61742 -0.00701133 0
0 2107 phononL 0.004 1.44958 0.480251 0.000362206 0
0 2108 phononL 0.004 -1.65585 0.200701 -0.0374526 0
0 2109 phononL 0.004 -0.911556 0.638588 -0.0159851 0
0 2110 phononL 0.004 -0.639983 1.27202 0.000711402 0
0 2111 phononL 0.004 1.12393 -1.41479 -0.0394167 0
0 2112 phononL 0.004 -0.774436 -1.42608 -0.0353342 0
0 2113 phononL 0.004 1.48881 -1.59769 0.027746 0
0 2114 phononL 0.004 -0.74083 0.529342 -0.0129614 0
0 2115 phononL 0.004 -0.317641 0.567834 0.0316734 0
0 2116 phononL 0.004 1.59659 -0.845958 -0.00832586 0
0 2117 phononL 0.004 0.248532 1.47118 0.0313763 0
0 2118 phononL 0.004 0.668979 -1.32081 0.0143348 0
0 2119 phononL 0.004 -0.669363 1.17833 -0.013929 0
0 2120 phononL 0.004 -0.803643 -1.31255 0.0267947 0
0 2121 phononL 0.004 1.31449 -0.647158 -0.0317907 0
0 2122 phononL 0.004 -0.344854 0.690516 0.025591 0
0 2123 phononL 0.004 -1.54117 -0.271933 0.033691 0
0 2124 phononL 0.004 -1.29148 -0.849554 -0.00796503 0
0 2125 phononL 0.004 -1.02326 -0.0313713 -0.0159445 0
0 2126 phononL 0.004 -1.24011 1.39808 -0.026584 0
0 2127 phononL 0.004 -0.603709 1.26857 0.037875 0
0 2128 phononL 0.004 0.769356 1.23431 0.0183462 0
0 2129 phononL 0.004 1.43333 -0.475535 -0.021926 0
0 2130 phononL 0.004 -1.45515 0.627013 0.00365506 0
0 2131 phononL 0.004 1.50939 -0.374667 -0.0311607 0
0 2132 phononL 0.004 0.647105 0.243295 0.00619606 0
0 2133 phononL 0.004 0.472122 -1.45711 0.0244107 0
0 2134 phononL 0.004 0.206853 0.93792 0.0162206 0
0 2135 phononL 0.004 -1.40493 -0.191401 0.00765894 0
0 2136 phononL 0.004 -1.36269 -0.388007 0.000862488 0
0 2137 phononL 0.004 1.57135 1.15081 0.0142085 0
0 2138 phononL 0.004 -1.299 -0.316707 0.00214849 0
0 2139 phononL 0.004 1.21613 1.1232 -0.0298377 0
0 2140 phononL 0.004 1.37634 0.238029 0.00884742 0
0 2141 phononL 0.004 0.197087 0.918238 0.0191676 0
0 2142 phononL 0.004 0.846364 0.803036 0.0148571 0
0 2143 phononL 0.004 1.13377 -0.850875 -0.0106285 0
0 2144 phononL 0.004 -0.144594 1.26068 -0.022992 0
0 2145 phononL 0.004 0.128897 1.41214 -0.00465477 0
0 2146 phononL 0.004 -0.974656 0.504009 0.0398561 0
0 2147 phononL 0.004 -0.0187141 1.32773 0.0242509 0
0 2148 phononL 0.004 -0.143012 -1.64135 0.00903212 0
0 2149 phononL 0.004 1.24852 -1.22927 0.00217961 0
0 2150 phononL 0.004 1.54648 -0.673362 0.00138239 0
0 2151 phononL 0.004 1.22221 -0.73469 -0.0139973 0
0 2152 phononL 0.004 0.787767 1.15432 -0.0282612 0
0 2153 phononL 0.004 0.561539 0.763282 -0.00182787 0
0 2154 phononL 0.004 0.317597 -0.974867 0.0162273 0
0 2155 phononL 0.004 -0.460729 0.784991 -0.0251793 0
0 2156 phononL 0.004 1.29445 0.259023 -0.0324864 0
0 2157 phononL 0.004 0.884403 1.25789 -0.0368388 0
0 2158 phononL 0.004 0.956988 -0.116578 0.0251784 0
0 2159 phononL 0.004 -0.110883 -1.28819 0.0085303 0
0 2160 phononL 0.004 1.08966 1.61834 -0.00581338 0
0 2161 phononL 0.004 0.0428203 1.01737 -0.0255998 0
0 2162 phononL 0.004 -0.985153 -1.38126 -0.0203039 0
0 2163 phononL 0.004 0.556159 1.2284 -0.0066718 0
0 2164 phononL 0.004 1.6027 0.163121 -0.0339498 0
0 2165 phononL 0.004 0.268496 0.593037 -0.0263255 0
0 2166 phononL 0.004 0.385707 1.29535 0.0264324 0
0 2167 phononL 0.004 1.21811 -0.147851 -0.0243159 0
0 2168 phononL 0.004 -1.54166 -1.43149 -0.019976 0
0 2169 phononL 0.004 1.2668 -1.25659 -0.0307563 0
0 2170 phononL 0.004 0.357877 -0.372837 0.0328907 0
0 2171 phononL 0.004 0.920972 -1.04642 -0.0200188 0
0 2172 phononL 0.004 0.00927965 1.48033 -0.0102316 0
0 2173 phononL 0.004 0.945723 -0.382827 -0.0144792 0
0 2174 phononL 0.004 -1.21865 0.798607 -0.0250934 0
0 2175 phononL 0.004 1.38248 -0.205906 0.0362429 0
0 2176 phononL 0.004 0.38289 0.628933 0.0255519 0
0 2177 phononL 0.004 -1.55106 1.53475 0.0238762 0
0 2178 phononL 0.004 1.56574 1.12616 -0.0136312 0
0 2179 phononL 0.004 -1.66593 -1.61112 0.0165896 0
0 2180 phononL 0.004 -0.112741 1.53642 0.00366644 0
0 2181 phononL 0.004 1.64124 -0.7356 0.0169693 0
0 2182 phononL 0.004 -0.750936 0.561727 0.0330685 0
0 2183 phononL 0.004 -1.1808 0.431105 -0.0245379 0
0 2184 phononL 0.004 -0.639019 1.42672 -0.0369883 0
0 2185 phononL 0.004 -0.0575146 0.406226 0.0199357 0
0 2186 phononL 0.004 -1.17274 -0.552481 0.0220504 0
0 2187 phononL 0.004 -1.62369 1.17003 0.0269321 0
0 2188 phononL 0.004 1.25204 0.0806845 0.0124253 0
0 2189 phononL 0.004 0.698669 0.794379 0.0142158 0
0 2190 phononL 0.004 -1.06296 1.30631 0.0116076 0
0 2191 phononL 0.004 1.38514 1.47039 -0.0173632 0
0 2192 phononL 0.004 0.52341 -1.44218 -0.0196381 0
0 2193 phononL 0.004 1.61655 -0.928906 -0.0299904 0
0 2194 phononL 0.004 0.518298 -1.35812 0.0141855 0
0 2195 phononL 0.004 1.22498 0.427228 0.00836613 0
0 2196 phononL 0.004 -1.40454 0.261987 0.00967941 0
0 2197 phononL 0.004 0.927904 -0.0456371 0.0010038 0
0 2198 phononL 0.004 -0.477628 0.709125 -0.00705194 0
0 2199 phononL 0.004 0.218856 -0.68531 -0.0250286 0
0 2200 phononL 0.004 0.372273 0.347952 -0.000368604 0
0 2201 phononL 0.004 0.0799505 0.242612 0.0315217 0
0 2202 phononL 0.004 1.31633 1.35288 -0.0301935 0
0 2203 phononL 0.004 0.209377 0.949436 0.0337944 0
0 2204 phononL 0.004 0.175959 0.638303 0.0374761 0
0 2205 phononL 0.004 -1.09091 0.346596 -0.00484593 0
0 2206 phononL 0.004 1.01513 -0.2085 0.0287168 0
0 2207 phononL 0.004 0.956677 0.105057 0.0194209 0
0 2208 phononL 0.004 -1.02299 0.72774 -0.0372734 0
0 2209 phononL 0.004 -1.64563 -0.314618 0.003953 0
0 2210 phononL 0.004 0.0618234 0.780259 -0.0245602 0
0 2211 phononL 0.004 0.677123 1.32369 -0.0137563 0
0 2212 phononL 0.004 1.32259 -0.0909853 -0.0144192 0
0 2213 phononL 0.004 1.47623 0.59441 0.0283064 0
0 2214 phononL 0.004 -0.008555 0.838785 -0.0267053 0
0 2215 phononL 0.004 1.17275 0.735621 -0.0321036 0
0 2216 phononL 0.004 0.652455 -0.530204 0.02562 0
0 2217 phononL 0.004 -0.985458 0.0853992 0.0156074 0
0 2218 phononL 0.004 0.693776 -1.14622 -0.0180213 0
0 2219 phononL 0.004 0.867053 1.61548 -0.0380181 0
0 2220 phononL 0.004 -0.567699 -1.12284 0.0379506 0
0 2221 phononL 0.004 -0.185989 1.04607 0.00285996 0
0 2222 phononL 0.004 -1.36667 0.558419 0.00184435 0
0 2223 phononL 0.004 0.961316 0.145153 0.0325067 0
0 2224 phononL 0.004 0.507434 1.48345 -0.0351668 0
0 2225 phononL 0.004 0.858067 0.836634 0.00548702 0
0 2226 phononL 0.004 -0.614605 -0.353752 -0.0374776 0
0 2227 phononL 0.004 -0.710183 -1.49761 0.0115787 0
0 2228 phononL 0.004 -0.822164 -0.212154 0.0341375 0
0 2229 phononL 0.004 -0.642168 0.520485 -0.00298369 0
0 2230 phononL 0.004 -0.451825 0.273416 -0.00172659 0
0 2231 phononL 0.004 -1.3107 0.325536 -0.00980555 0
0 2232 phononL 0.004 -1.2111 1.34427 0.000514645 0
0 2233 phononL 0.004 0.551273 1.32827 -0.00493705 0
0 2234 phononL 0.004 0.824243 -0.152799 0.0155542 0
0 2235 phononL 0.004 -0.560245 0.287599 0.0124153 0
0 2236 phononL 0.004 -0.905087 1.56612 -0.00607519 0
0 2237 phononL 0.004 -0.916416 -0.636806 -0.0278682 0
0 2238 phononL 0.004 -0.743104 1.5961 0.0071676 0
0 2239 phononL 0.004 -0.533745 -1.30554 -0.00899686 0
0 2240 phononL 0.004 -0.566622 0.157049 -0.034439 0
0 2241 phononL 0.004 -1.05382 -0.402886 -0.0144163 0
0 2242 phononL 0.004 -0.0782913 -1.31104 0.0260897 0
0 2243 phononL 0.004 -1.0942 0.5317 0.0256656 0
0 2244 phononL 0.004 1.10112 0.500096 0.00477613 0
0 2245 phononL 0.004 -0.0650402 0.900117 -0.0257088 0
0 2246 phononL 0.004 -1.2039 1.6654 -0.0115468 0
0 2247 phononL 0.004 -1.42323 -1.60135 -0.00606698 0
0 2248 phononL 0.004 -1.46382 -1.03288 0.0231925 0
0 2249 phononL 0.004 0.80199 1.1336 0.0167199 0
0 2250 phononL 0.004 0.558464 0.195778 0.0155934 0
0 2251 phononL 0.004 1.02624 -1.26669 -0.0275332 0
0 2252 phononL 0.004 1.66621 0.38662 0.0381905 0
0 2253 phononL 0.004 -0.544086 -0.0190296 0.00236924 0
0 2254 phononL 0.004 0.621498 -0.754952 0.0207636 0
0 2255 phononL 0.004 0.605867 0.307367 0.0289692 0
0 2256 phononL 0.004 0.848459 -1.31739 0.0377774 0
0 2257 phononL 0.004 0.412568 -1.51299 -0.0207126 0
0 2258 phononL 0.004 -1.31184 -0.204731 0.038795 0
0 2259 phononL 0.004 0.877442 0.762011 -0.0221194 0
0 2260 phononL 0.004 -0.154068 -0.19538 0.0278503 0
0 2261 phononL 0.004 -1.61904 0.886894 -0.0393404 0
0 2262 phononL 0.004 0.290405 0.996927 -0.0115199 0
0 2263 phononL 0.004 0.509667 -0.122734 -0.00908879 0
0 2264 phononL 0.004 -0.607697 -1.06192 -0.0170895 0
0 2265 phononL 0.004 0.984543 1.59402 -0.0146393 0
0 2266 phononL 0.004 0.726311 0.281084 -0.0155585 0
0 2267 phononL 0.004 -1.57904 1.24347 0.0116021 0
0 2268 phononL 0.004 0.09646 1.24228 -0.0333913 0
0 2269 phononL 0.004 1.28462 1.51734 -0.0102331 0
0 2270 phononL 0.004 0.443059 -0.955114 -0.00570416 0
0 2271 phononL 0.004 -0.5528 0.198864 0.0390221 0
0 2272 phononL 0.004 1.29973 -0.0147651 0.0327405 0
0 2273 phononL 0.004 1.22281 -1.62217 -0.0366308 0
0 2274 phononL 0.004 -0.737842 0.852215 0.0145374 0
0 2275 phononL 0.004 0.819727 -0.719477 -0.0196159 0
0 2276 phononL 0.004 0.434976 -1.58805 -0.0270925 0
0 2277 phononL 0.004 -1.63838 -1.58011 -0.0148904 0
0 2278 phononL 0.004 -0.32789 1.25048 -0.0199434 0
0 2279 phononL 0.004 0.430936 0.450806 0.0165176 0
0 2280 phononL 0.004 1.015 0.550393 0.0118255 0
0 2281 phononL 0.004 1.03373 1.452 0.0258412 0
0 2282 phononL 0.004 0.236201 0.2091 0.000546104 0
0 2283 phononL 0.004 0.821755 0.48986 0.00851653 0
0 2284 phononL 0.004 0.609586 0.418178 -0.0143206 0
0 2285 phononL 0.004 0.4999 0.961596 -0.0159314 0
0 2286 phononL 0.004 0.673527 0.607323 -0.0338303 0
0 2287 phononL 0.004 -1.6566 -0.907721 -0.00307988 0
0 2288 phononL 0.004 0.243773 0.595786 -0.0359839 0
0 2289 phononL 0.004 1.43349 0.630146 -0.0399755 0
0 2290 phononL 0.004 -1.03016 -0.178255 -0.029792 0
0 2291 phononL 0.004 -0.967205 -1.46431 0.0265991 0
0 2292 phononL 0.004 0.457946 -0.0509031 -0.0146452 0
0 2293 phononL 0.004 -0.476368 -0.433403 0.0272122 0
0 2294 phononL 0.004 -0.634235 1.13486 0.0385084 0
0 2295 phononL 0.004 -0.660377 1.22923 0.034861 0
0 2296 phononL 0.004 0.226708 -1.35876 -0.0113146 0
0 2297 phononL 0.004 0.68871 0.503927 0.0375695 0
0 2298 phononL 0.004 0.138714 -1.51134 0.0375402 0
0 2299 phononL 0.004 -1.13807 -0.361155 -0.00915714 0
0 2300 phononL 0.004 1.09709 0.893752 0.0240025 0
0 2301 phononL 0.004 0.470376 -1.59676 -0.018544 0
0 2302 phononL 0.004 1.09307 1.44694 -0.0339422 0
0 2303 phononL 0.004 0.0897248 -0.37491 0.0166113 0
0 2304 phononL 0.004 0.810271 -0.970086 -0.00125073 0
0 2305 phononL 0.004 -0.174572 -0.917437 0.0112811 0
0 2306 phononL 0.004 -1.52018 -1.58045 0.00381555 0
0 2307 phononL 0.004 0.338821 1.4476 0.016968 0
0 2308 phononL 0.004 -1.20366 1.58242 0.000427991 0
0 2309 phononL 0.004 -0.0467306 -0.574551 0.0173546 0
0 2310 phononL 0.004 -0.401462 1.48241 0.0339086 0
0 2311 phononL 0.004 -0.699274 0.846145 0.0291369 0
0 2312 phononL 0.004 -0.754091 -0.226692 0.0138436 0
0 2313 phononL 0.004 -0.149806 -0.201466 -0.00217157 0
0 2314 phononL 0.004 0.595449 -0.660753 -0.00603588 0
0 2315 phononL 0.004 0.0070557 -0.109981 -0.0139531 0
0 2316 phononL 0.004 1.50832 1.38584 0.019178 0
0 2317 phononL 0.004 -1.27676 0.0311207 -0.0147544 0
0 2318 phononL 0.004 -1.1509 1.53993 0.0323453 0
0 2319 phononL 0.004 0.632597 -0.649645 -0.0129355 0
0 2320 phononL 0.004 1.39624 -0.394828 -0.0139973 0
0 2321 phononL 0.004 -1.17226 -0.148892 -0.0168248 0
0 2322 phononL 0.004 1.42333 0.298567 -0.031401 0
0 2323 phononL 0.004 -1.46029 1.43814 -0.0391807 0
0 2324 phononL 0.004 -1.21686 1.64254 -0.0226983 0
0 2325 phononL 0.004 -0.0983656 -1.1392 0.0173602 0
0 2326 phononL 0.004 -0.642883 1.19439 0.00135374 0
0 2327 phononL 0.004 -0.38333 -1.07559 -0.0373944 0
0 2328 phononL 0.004 -0.74233 -1.48333 -0.0100119 0
0 2329 phononL 0.004 -0.685782 1.36575 0.0192771 0
0 2330 phononL 0.004 0.851994 -1.66638 0.0337151 0
0 2331 phononL 0.004 1.31695 -0.64605 -0.0368516 0
0 2332 phononL 0.004 0.463122 -0.786684 0.00870411 0
0 2333 phononL 0.004 1.42448 -1.37217 0.0396306 0
0 2334 phononL 0.004 0.0289741 -0.459841 -0.0181864 0
0 2335 phononL 0.004 0.35298 1.21185 -0.0119217 0
0 2336 phononL 0.004 0.548023 -1.52607 -0.0196186 0
0 2337 phononL 0.004 0.940614 0.888623 0.0359439 0
0 2338 phononL 0.004 -1.10723 0.565502 -0.0183699 0
0 2339 phononL 0.004 0.0285682 -1.29433 -0.039697 0
0 2340 phononL 0.004 0.729629 -0.363834 0.016902 0
0 2341 phononL 0.004 0.129418 0.565666 0.0312936 0
0 2342 phononL 0.004 -0.849988 -0.80193 0.0235296 0
0 2343 phononL 0.004 -1.36834 1.00109 0.0288604 0
0 2344 phononL 0.004 0.569357 -1.37421 0.0399546 0
0 2345 phononL 0.004 1.0818 0.519524 0.0115079 0
0 2346 phononL 0.004 0.0119878 0.661719 -0.0264491 0
0 2347 phononL 0.004 -0.398244 -0.787993 -0.0229746 0
0 2348 phononL 0.004 0.386935 1.57845 -0.015491 0
0 2349 phononL 0.004 0.857133 -1.48826 0.00184372 0
0 2350 phononL 0.004 0.566219 -1.62686 -0.0237267 0
0 2351 phononL 0.004 0.507609 0.22697 0.0372442 0
0 2352 phononL 0.004 -0.593954 -0.771825 -0.00153003 0
0 2353 phononL 0.004 -1.07332 1.5395 0.00514386 0
0 2354 phononL 0.004 0.56637 0.994138 -0.00962122 0
0 2355 phononL 0.004 0.6657 -1.41136 -0.000276122 0
0 2356 phononL 0.004 -0.995979 0.526716 0.0171157 0
0 2357 phononL 0.004 -0.0497885 -0.928633 -0.00150094 0
0 2358 phononL 0.004 0.816122 1.00157 -0.00116031 0
0 2359 phononL 0.004 -1.42379 0.00647103 -0.0228872 0
0 2360 phononL 0.004 0.174615 0.69621 0.00356973 0
0 2361 phononL 0.004 -1.13347 -0.891128 0.0124375 0
0 2362 phononL 0.004 1.42639 -0.777217 -0.0101893 0
0 2363 phononL 0.004 -1.55614 -1.49888 0.0393446 0
0 2364 phononL 0.004 0.482416 1.52767 0.0344054 0
0 2365 phononL 0.004 -0.273615 -0.138001 0.0306952 0
0 2366 phononL 0.004 -0.617303 -1.51002 -5.48032e-05 0
0 2367 phononL 0.004 0.0407539 -1.59304 0.0291999 0
0 2368 phononL 0.004 -1.27757 1.45569 -0.00806104 0
0 2369 phononL 0.004 -0.449682 -0.150124 -0.0196165 0
0 2370 phononL 0.004 0.16374 -1.51733 0.0394806 0
0 2371 phononL 0.004 -0.425617 -0.756918 -0.0211648 0
0 2372 phononL 0.004 1.27441 -1.48141 0.0179486 0
0 2373 phononL 0.004 0.127403 -0.518446 0.00604583 0
0 2374 phononL 0.004 -0.691506 -0.105861 0.00917268 0
0 2375 phononL 0.004 1.11929 0.256339 -0.0318212 0
0 2376 phononL 0.004 -0.827277 1.64472 0.00225599 0
0 2377 phononL 0.004 0.651138 -0.883614 -0.0326508 0
0 2378 phononL 0.004 -0.316272 0.281743 0.0284961 0
0 2379 phononL 0.004 0.467219 -1.59663 -0.0210312 0
0 2380 phononL 0.004 -1.09566 1.66338 0.0350055 0
0 2381 phononL 0.004 -1.40379 -0.0985018 0.0387037 0
0 2382 phononL 0.004 -1.0705 -0.502133 0.0296836 0
0 2383 phononL 0.004 -1.07003 1.5068 -0.00361726 0
0 2384 phononL 0.004 -1.65201 -1.42417 -0.00215963 0
0 2385 phononL 0.004 -0.370712 -0.987482 -0.0242935 0
0 2386 phononL 0.004 0.559337 -0.608164 -0.0301396 0
0 2387 phononL 0.004 0.556926 0.467141 -0.034271 0
0 2388 phononL 0.004 1.37176 1.06348 -0.0336789 0
0 2389 phononL 0.004 -1.03938 -1.1381 -0.00610021 0
0 2390 phononL 0.004 -0.0347793 1.38812 -0.00319926 0
0 2391 phononL 0.004 1.35655 -0.115297 0.0372621 0
0 2392 phononL 0.004 -1.49685 0.531723 0.0371696 0
0 2393 phononL 0.004 -1.25479 -0.607632 -0.0357193 0
0 2394 phononL 0.004 -0.100044 -0.778856 0.0177524 0
0 2395 phononL 0.004 -0.216554 1.52818 0.0190766 0
0 2396 phononL 0.004 1.24625 1.15527 0.0380758 0
0 2397 phononL 0.004 -0.498317 -1.26922 0.0357734 0
0 2398 phononL 0.004 1.24728 -1.23015 0.0122149 0
0 2399 phononL 0.004 1.63446 -1.22435 0.0265062 0
0 2400 phononL 0.004 -1.29805 -0.654824 -0.0133326 0
0 2401 phononL 0.004 -1.60658 1.58358 0.020985 0
0 2402 phononL 0.004 -0.906212 0.407913 -0.00733141 0
0 2403 phononL 0.004 0.81095 0.618545 -0.0116719 0
0 2404 phononL 0.004 -1.40658 1.09263 0.0211454 0
0 2405 phononL 0.004 0.377324 -1.48767 -0.0307875 0
0 2406 phononL 0.004 -0.833066 0.260154 -0.012209 0
0 2407 phononL 0.004 1.35914 -0.302841 -0.0290104 0
0 2408 phononL 0.004 1.00281 -1.09152 0.0209457 0
0 2409 phononL 0.004 0.360208 -0.354815 0.0314055 0
0 2410 phononL 0.004 -1.65208 -0.574008 -0.00982385 0
0 2411 phononL 0.004 -0.602273 0.399039 0.0190196 0
0 2412 phononL 0.004 0.587423 -1.34463 -0.00213838 0
0 2413 phononL 0.004 -1.10671 0.450019 0.0166377 0
0 2414 phononL 0.004 -0.498236 -1.21618 -0.0263336 0
0 2415 phononL 0.004 0.773327 -0.00227595 -0.0200349 0
0 2416 phononL 0.004 1.15235 0.818098 -0.0206298 0
0 2417 phononL 0.004 -1.18214 0.0228845 0.0167859 0
0 2418 phononL 0.004 1.64373 -0.588148 0.0281733 0
0 2419 phononL 0.004 -1.53624 0.818877 -0.0252064 0
0 2420 phononL 0.004 0.632481 -0.90565 0.000578508 0
0 2421 phononL 0.004 -0.445263 0.122854 0.0230971 0
0 2422 phononL 0.004 -0.741635 0.646752 0.0127059 0
0 2423 phononL 0.004 1.60672 -1.5961 0.0101093 0
0 2424 phononL 0.004 -0.255899 -0.516357 -0.00614424 0
0 2425 phononL 0.004 -0.447194 -1.17865 0.0203529 0
0 2426 phononL 0.004 0.450558 -1.51176 -0.00990199 0
0 2427 phononL 0.004 -0.458365 0.770709 0.00469082 0
0 2428 phononL 0.004 -0.114309 0.225379 -0.000339153 0
0 2429 phononL 0.004 0.751996 -0.398048 0.0250487 0
0 2430 phononL 0.004 0.590874 -1.46876 0.0258884 0
0 2431 phononL 0.004 1.00474 -1.28901 0.0291283 0
0 2432 phononL 0.004 -0.620084 1.38455 -0.0285502 0
0 2433 phononL 0.004 -1.10247 -1.41057 -0.022646 0
0 2434 phononL 0.004 1.26814 -1.39856 -0.0366099 0
0 2435 phononL 0.004 0.407671 0.710657 0.011189 0
0 2436 phononL 0.004 -0.909935 -0.27074 0.0141987 0
0 2437 phononL 0.004 -1.07887 1.21447 0.0353453 0
0 2438 phononL 0.004 1.52952 0.108307 -0.00657786 0
0 2439 phononL 0.004 -0.315123 -0.959076 0.0248849 0
0 2440 phononL 0.004 -0.913093 0.227491 -0.0180829 0
0 2441 phononL 0.004 -0.438392 0.203402 -0.0175073 0
0 2442 phononL 0.004 -0.73393 0.590203 -0.0113299 0
0 2443 phononL 0.004 -0.281503 -0.400913 0.00122126 0
0 2444 phononL 0.004 1.30845 -0.433296 0.0323484 0
0 2445 phononL 0.004 -0.82688 1.12329 0.0108676 0
0 2446 phononL 0.004 -0.638323 0.296925 0.0345434 0
0 2447 phononL 0.004 -0.37993 0.927393 0.0328776 0
0 2448 phononL 0.004 1.42954 0.129737 0.0345079 0
0 2449 phononL 0.004 -1.55135 -0.342863 -0.0168312 0
0 2450 phononL 0.004 -0.304452 0.957938 -0.00299709 0
0 2451 phononL 0.004 -0.729503 -0.773458 0.0129911 0
0 2452 phononL 0.004 -0.268287 1.57059 0.0221102 0
0 2453 phononL 0.004 0.104856 0.172359 -0.0278534 0
0 2454 phononL 0.004 1.37584 1.39225 0.0308492 0
0 2455 phononL 0.004 -0.541879 -1.58923 0.00225222 0
0 2456 phononL 0.004 1.49127 0.947615 -0.00429396 0
0 2457 phononL 0.004 1.11251 1.11172 -0.0292045 0
0 2458 phononL 0.004 -1.19107 0.192922 0.0143359 0
0 2459 phononL 0.004 -0.73593 0.691994 0.0188264 0
0 2460 phononL 0.004 -0.0671594 1.59358 0.0203958 0
0 2461 phononL 0.004 0.957287 -1.38828 -0.0140894 0
0 2462 phononL 0.004 1.00088 -0.362026 -0.0383676 0
0 2463 phononL 0.004 1.27018 -1.5373 0.00832484 0
0 2464 phononL 0.004 -0.893042 -0.447026 0.00392722 0
0 2465 phononL 0.004 0.69757 0.667636 -0.0289002 0
0 2466 phononL 0.004 -1.53207 -1.435 -0.0281398 0
0 2467 phononL 0.004 1.37779 1.0771 0.0043589 0
0 2468 phononL 0.004 1.35787 -0.046069 -0.00987599 0
0 2469 phononL 0.004 -0.867672 -0.782632 0.019243 0
0 2470 phononL 0.004 -1.06026 -0.1608 -0.0229098 0
0 2471 phononL 0.004 -0.824998 0.750473 0.0364799 0
0 2472 phononL 0.004 -1.26286 0.40875 -0.0373663 0
0 2473 phononL 0.004 0.564876 -1.24702 -0.0276725 0
0 2474 phononL 0.004 -0.688951 -1.60703 -0.0276713 0
0 2475 phononL 0.004 -0.264659 0.742418 0.000485583 0
0 2476 phononL 0.004 -0.259637 1.22268 0.02435 0
0 2477 phononL 0.004 -1.22677 -0.226093 0.028565 0
0 2478 phononL 0.004 0.803106 1.65984 -0.00449602 0
0 2479 phononL 0.004 0.455461 -0.102835 0.0350283 0
0 2480 phononL 0.004 -0.400161 -1.08049 -0.0122068 0
0 2481 phononL 0.004 -0.596202 -1.38852 0.00756183 0
0 2482 phononL 0.004 1.3134 1.11892 -0.0395655 0
0 2483 phononL 0.004 -1.2354 0.366132 -0.0251675 0
0 2484 phononL 0.004 -1.57102 0.652658 0.000517308 0
0 2485 phononL 0.004 0.85671 0.9984 0.00227879 0
0 2486 phononL 0.004 -0.432061 0.317896 0.00671264 0
0 2487 phononL 0.004 1.52966 0.137402 -0.0279994 0
0 2488 phononL 0.004 -0.469883 -1.04615 0.00550886 0
0 2489 phononL 0.004 1.05566 -0.140341 -0.0226444 0
0 2490 phononL 0.004 -1.37814 -1.29927 0.00413562 0
0 2491 phononL 0.004 0.0954466 -0.432039 -0.0326733 0
0 2492 phononL 0.004 -1.33622 -0.113234 0.0200412 0
0 2493 phononL 0.004 0.240256 -1.44182 -0.0260826 0
0 2494 phononL 0.004 -0.296181 -0.864109 -0.0281288 0
0 2495 phononL 0.004 -0.988609 -0.633538 0.018524 0
0 2496 phononL 0.004 -0.583965 -0.706417 0.0304596 0
0 2497 phononL 0.004 0.783291 1.5077 0.01222 0
0 2498 phononL 0.004 0.227521 0.931187 0.0114264 0
0 2499 phononL 0.004 -1.17744 0.907037 -0.0383782 0
0 2500 phononL 0.004 1.59642 -0.544796 -0.0254529 0
0 2501 phononL 0.004 -0.698389 -1.53238 0.010297 0
0 2502 phononL 0.004 1.16554 1.48724 0.00571923 0
0 2503 phononL 0.004 1.03826 1.61224 0.00320905 0
0 2504 phononL 0.004 0.260037 -0.387677 -0.0227673 0
0 2505 phononL 0.004 1.01902 1.40245 0.01489 0
0 2506 phononL 0.004 1.36298 -0.614967 0.0216866 0
0 2507 phononL 0.004 1.4709 1.61815 0.0276541 0
0 2508 phononL 0.004 -0.852077 1.53637 -0.023948 0
0 2509 phononL 0.004 1.17302 -0.00332879 0.0144996 0
0 2510 phononL 0.004 -0.567506 0.323511 -0.0107429 0
0 2511 phononL 0.004 -1.62566 0.899648 0.00531438 0
0 2512 phononL 0.004 0.670011 0.334818 -0.0108519 0
0 2513 phononL 0.004 -1.50358 -0.431892 0.013039 0
0 2514 phononL 0.004 0.605096 1.38326 0.0225543 0
0 2515 phononL 0.004 -0.607663 0.525316 -0.0398347 0
0 2516 phononL 0.004 0.874978 0.143085 0.0300072 0
0 2517 phononL 0.004 0.459974 1.29349 0.0143694 0
0 2518 phononL 0.004 -0.24582 -0.986895 0.0284515 0
0 2519 phononL 0.004 0.718511 -1.48413 0.0139795 0
0 2520 phononL 0.004 -0.192186 -0.862581 0.00204987 0
0 2521 phononL 0.004 -0.955041 0.106696 0.0333627 0
0 2522 phononL 0.004 -0.218323 0.972477 0.0271994 0
0 2523 phononL 0.004 0.517224 0.354939 0.0280942 0
0 2524 phononL 0.004 -1.02534 -1.04983 -0.0189866 0
0 2525 phononL 0.004 1.33681 -0.25958 -0.0318291 0
0 2526 phononL 0.004 -1.41976 1.51108 0.0118106 0
0 2527 phononL 0.004 1.20879 0.730581 0.0371481 0
0 2528 phononL 0.004 0.512194 1.58787 0.0267341 0
0 2529 phononL 0.004 1.00241 -0.759492 0.0386304 0
0 2530 phononL 0.004 0.445388 -1.66319 -0.0234445 0
0 2531 phononL 0.004 1.18844 -0.624597 -0.00276479 0
0 2532 phononL 0.004 0.836805 0.368123 -0.0209436 0
0 2533 phononL 0.004 1.16849 -0.857718 0.034439 0
0 2534 phononL 0.004 0.202234 -1.22299 0.0112104 0
0 2535 phononL 0.004 -1.53227 0.110287 -0.0177305 0
0 2536 phononL 0.004 -1.22389 -1.60239 0.0202045 0
0 2537 phononL 0.004 -0.0511532 -1.59187 -0.00437988 0
0 2538 phononL 0.004 -0.173088 -1.02655 -0.0375361 0
0 2539 phononL 0.004 -1.62316 -1.53261 0.0240446 0
0 2540 phononL 0.004 -1.23254 1.53283 -0.00205916 0
0 2541 phononL 0.004 1.02028 -1.11818 0.0214615 0
0 2542 phononL 0.004 1.5467 -0.450981 -0.0352581 0
0 2543 phononL 0.004 0.697322 0.106747 -0.0260047 0
0 2544 phononL 0.004 -0.851208 0.0148468 -0.00796216 0
0 2545 phononL 0.004 -0.0734201 -0.513406 0.0108893 0
0 2546 phononL 0.004 -1.22634 1.17061 -0.00564241 0
0 2547 phononL 0.004 0.338636 0.245601 0.00624521 0
0 2548 phononL 0.004 0.244607 0.792005 -0.0149583 0
0 2549 phononL 0.004 1.32091 -0.27076 0.00127284 0
0 2550 phononL 0.004 -0.986526 -0.287601 -0.0386312 0
0 2551 phononL 0.004 1.6236 -0.00309479 0.0180003 0
0 2552 phononL 0.004 -0.254879 0.0107604 -0.0376686 0
0 2553 phononL 0.004 -0.1569 -0.416455 0.00389701 0
0 2554 phononL 0.004 0.526151 0.352722 0.0233763 0
0 2555 phononL 0.004 -0.939164 0.204105 -0.00533299 0
0 2556 phononL 0.004 1.57717 -0.00623614 -0.0240371 0
0 2557 phononL 0.004 1.18531 0.297683 -0.0331292 0
0 2558 phononL 0.004 0.550478 -0.105729 -0.0379362 0
0 2559 phononL 0.004 0.58574 0.786669 -0.0329476 0
0 2560 phononL 0.004 1.6649 -0.0468817 0.0232185 0
0 2561 phononL 0.004 1.65211 0.422297 -0.000399142 0
0 2562 phononL 0.004 1.54705 0.14187 -0.0131007 0
0 2563 phononL 0.004 0.332901 -0.511101 -0.0336291 0
0 2564 phononL 0.004 -0.793732 -0.73445 -0.00801361 0
0 2565 phononL 0.004 -1.10505 0.735565 -0.0222684 0
0 2566 phononL 0.004 1.13996 0.693095 0.0164348 0
0 2567 phononL 0.004 -1.29019 0.144656 0.0399487 0
0 2568 phononL 0.004 0.720672 -1.18862 0.0254356 0
0 2569 phononL 0.004 0.183202 0.893965 0.0296235 0
0 2570 phononL 0.004 -0.664048 -1.32111 -0.033247 0
0 2571 phononL 0.004 0.719646 -0.92614 -0.0299957 0
0 2572 phononL 0.004 0.767063 1.63676 -0.0373751 0
0 2573 phononL 0.004 1.21122 -0.472112 -0.0177259 0
0 2574 phononL 0.004 -1.44345 -0.326816 -0.0256363 0
0 2575 phononL 0.004 -0.888435 -0.905655 0.0334722 0
0 2576 phononL 0.004 -0.642672 1.29132 0.0206362 0
0 2577 phononL 0.004 -1.2547 -0.0860853 0.0150455 0
0 2578 phononL 0.004 1.04089 -1.50072 -0.0287742 0
0 2579 phononL 0.004 -1.08913 0.0763446 0.0339615 0
0 2580 phononL 0.004 -1.50697 -0.367369 -0.0207073 0
0 2581 phononL 0.004 0.0274786 1.42904 0.0138553 0
0 2582 phononL 0.004 0.861567 -0.997741 -0.00105195 0
0 2583 phononL 0.004 0.449604 1.19252 0.0385048 0
0 2584 phononL 0.004 0.507213 1.57712 -0.0117157 0
0 2585 phononL 0.004 1.28933 1.1346 0.0313316 0
0 2586 phononL 0.004 -1.09826 1.17802 0.0112232 0
0 2587 phononL 0.004 0.160665 -0.366296 -0.0224779 0
0 2588 phononL 0.004 -1.22148 0.417427 0.036017 0
0 2589 phononL 0.004 1.25748 1.54445 0.00329806 0
0 2590 phononL 0.004 -0.566345 1.07706 -0.00981389 0
0 2591 phononL 0.004 -0.797557 1.51554 -0.0110945 0
0 2592 phononL 0.004 -0.0903962 -0.185592 -0.012578 0
0 2593 phononL 0.004 -0.145807 -0.339598 0.0373102 0
0 2594 phononL 0.004 1.38814 0.0810818 -0.013049 0
0 2595 phononL 0.004 1.36233 1.51456 0.021167 0
0 2596 phononL 0.004 1.63806 -1.02185 0.0226754 0
0 2597 phononL 0.004 0.713844 0.532957 -0.0215277 0
0 2598 phononL 0.004 0.289065 1.05659 0.0318773 0
0 2599 phononL 0.004 0.0831626 1.18864 0.00829207 0
0 2600 phononL 0.004 1.37303 -1.16037 0.0336108 0
0 2601 phononL 0.004 0.123572 0.272698 -0.0127556 0
0 2602 phononL 0.004 -1.33713 0.158844 0.0272331 0
0 2603 phononL 0.004 0.825387 0.251545 0.0180862 0
0 2604 phononL 0.004 0.145189 -1.20819 0.0149061 0
0 2605 phononL 0.004 1.51741 0.847227 -0.0246484 0
0 2606 phononL 0.004 -1.1703 0.517179 -0.00805456 0
0 2607 phononL 0.004 1.24405 1.23833 -0.00589175 0
0 2608 phononL 0.004 1.13246 0.197304 -0.0331018 0
0 2609 phononL 0.004 -1.20054 -1.35086 0.013526 0
0 2610 phononL 0.004 1.02806 -1.54773 -0.0174729 0
0 2611 phononL 0.004 -0.88873 -1.2284 0.0371411 0
0 2612 phononL 0.004 -0.638179 -1.54411 0.00751368 0
0 2613 phononL 0.004 0.813993 -1.61883 -0.0160898 0
0 2614 phononL 0.004 1.4989 -1.56519 -0.0196039 0
0 2615 phononL 0.004 1.40971 0.665179 0.0218452 0
0 2616 phononL 0.004 1.14003 -0.0182635 0.0295105 0
0 2617 phononL 0.004 -0.088481 -0.157904 0.0215356 0
0 2618 phononL 0.004 1.01971 -1.18782 -0.0180657 0
0 2619 phononL 0.004 1.57959 -1.13675 0.0162472 0
0 2620 phononL 0.004 0.805435 -1.64508 -0.0364953 0
0 2621 phononL 0.004 0.294317 1.61627 0.0237119 0
0 2622 phononL 0.004 1.62078 0.614463 0.0244372 0
0 2623 phononL 0.004 1.1395 0.462764 -0.0289611 0
0 2624 phononL 0.004 0.806813 0.567468 0.0349947 0
0 2625 phononL 0.004 1.09071 -0.536052 0.0364147 0
0 2626 phononL 0.004 0.201004 -1.34995 -0.0101248 0
0 2627 phononL 0.004 -1.31849 0.758628 -0.02723 0
0 2628 phononL 0.004 -0.816301 -0.427169 -0.0399128 0
0 2629 phononL 0.004 0.0497896 1.52843 0.0379227 0
0 2630 phononL 0.004 -0.255088 -0.731103 -0.0299902 0
0 2631 phononL 0.004 0.592194 -1.15558 0.0292781 0
0 2632 phononL 0.004 -1.47316 -1.3456 0.0349452 0
0 2633 phononL 0.004 0.781997 1.21584 0.022271 0
0 2634 phononL 0.004 -1.23449 -0.0276119 -0.024261 0
0 2635 phononL 0.004 1.39653 0.494907 0.0301497 0
0 2636 phononL 0.004 -1.04711 1.41289 -0.0396819 0
0 2637 phononL 0.004 0.434701 1.37931 0.0242559 0
0 2638 phononL 0.004 -1.42122 0.896566 -0.0345209 0
0 2639 phononL 0.004 1.66275 1.66365 0.0339724 0
0 2640 phononL 0.004 0.271408 -1.17313 0.0172376 0
0 2641 phononL 0.004 1.03183 0.133393 -0.00401289 0
0 2642 phononL 0.004 1.417 -0.699035 -0.010365 0
0 2643 phononL 0.004 -0.415695 -1.52848 -0.0353577 0
0 2644 phononL 0.004 0.548363 -0.602919 0.00962932 0
0 2645 phononL 0.004 -0.015192 0.831694 -0.0393433 0
0 2646 phononL 0.004 1.52098 1.0278 0.0257981 0
0 2647 phononL 0.004 1.13117 -0.919418 0.034236 0
0 2648 phononL 0.004 -1.25998 -0.614366 -0.0232917 0
0 2649 phononL 0.004 -1.54984 1.46904 -0.000964553 0
0 2650 phononL 0.004 0.978895 -0.472234 0.0152265 0
0 2651 phononL 0.004 0.272451 -0.390443 0.0368543 0
0 2652 phononL 0.004 -0.516317 0.797897 -0.00313898 0
0 2653 phononL 0.004 1.40032 -0.0976229 -0.00902372 0
0 2654 phononL 0.004 -1.41002 -1.15371 -0.0230039 0
0 2655 phononL 0.004 0.0259322 0.782311 -0.0360177 0
0 2656 phononL 0.004 -1.58492 1.09237 0.0141315 0
0 2657 phononL 0.004 1.56074 -0.0592823 -0.03887 0
0 2658 phononL 0.004 -1.62518 1.29413 0.0371777 0
0 2659 phononL 0.004 -0.2403 -1.09575 0.0270882 0
0 2660 phononL 0.004 -0.521522 0.98494 0.0122457 0
0 2661 phononL 0.004 1.07671 -1.52028 0.029067 0
0 2662 phononL 0.004 -1.12869 -1.36729 0.0128846 0
0 2663 phononL 0.004 0.0923023 0.455951 0.00520229 0
0 2664 phononL 0.004 1.17913 -1.27548 0.0387851 0
0 2665 phononL 0.004 -0.579779 -1.61071 0.0201439 0
0 2666 phononL 0.004 1.29772 -0.0224373 0.00647767 0
0 2667 phononL 0.004 -1.24315 0.561155 0.0172478 0
0 2668 phononL 0.004 -0.75459 -1.18166 0.00394639 0
0 2669 phononL 0.004 -1.49102 1.07776 -0.00314046 0
0 2670 phononL 0.004 -1.22275 -1.2041 -0.00819122 0
0 2671 phononL 0.004 0.690532 -1.52422 0.0184243 0
0 2672 phononL 0.004 -1.23306 0.178389 0.00504114 0
0 2673 phononL 0.004 0.915786 -1.33573 -0.010779 0
0 2674 phononL 0.004 -0.869039 1.61189 -0.0337878 0
0 2675 phononL 0.004 -0.035796 -0.0514539 0.0160793 0
0 2676 phononL 0.004 0.843627 -0.488731 -0.00593225 0
0 2677 phononL 0.004 -0.854854 -0.150232 -0.0306018 0
0 2678 phononL 0.004 -0.155675 1.4171 -0.0206845 0
0 2679 phononL 0.004 1.27665 1.1353 0.00866674 0
0 2680 phononL 0.004 -0.488689 1.61347 -0.0217175 0
0 2681 phononL 0.004 -1.30791 0.599366 0.0179284 0
0 2682 phononL 0.004 0.680052 0.312572 -0.00982676 0
0 2683 phononL 0.004 -1.42972 -0.992916 0.0103033 0
0 2684 phononL 0.004 -0.512957 -1.55003 0.0219802 0
0 2685 phononL 0.004 0.207942 -0.739637 0.00475619 0
0 2686 phononL 0.004 -0.700679 -0.468502 -0.0182485 0
0 2687 phononL 0.004 0.139093 -0.982571 -0.0180582 0
0 2688 phononL 0.004 -0.40494 -0.93333 0.0282424 0
0 2689 phononL 0.004 -0.0843087 1.43448 -0.00741334 0
0 2690 phononL 0.004 -0.309268 -0.291021 -0.0256754 0
0 2691 phononL 0.004 0.592963 0.557603 0.00646145 0
0 2692 phononL 0.004 -0.334401 0.774373 -0.0112805 0
0 2693 phononL 0.004 -1.10513 -0.918286 -0.034001 0
0 2694 phononL 0.004 0.545631 -0.61469 0.0233904 0
0 2695 phononL 0.004 0.485538 0.909649 -0.0110792 0
0 2696 phononL 0.004 0.699122 1.22319 0.0154002 0
0 2697 phononL 0.004 1.21189 -1.15533 0.00643077 0
0 2698 phononL 0.004 -1.51892 -0.564726 0.0384222 0
0 2699 phononL 0.004 0.133212 -1.65562 0.00258114 0
0 2700 phononL 0.004 -1.02451 -0.118295 -0.0277171 0
0 2701 phononL 0.004 -1.23787 1.18767 0.012954 0
0 2702 phononL 0.004 0.309627 -1.37757 0.0175278 0
0 2703 phononL 0.004 0.653625 -1.54897 0.0332039 0
0 2704 phononL 0.004 1.45245 -1.59155 0.0213891 0
0 2705 phononL 0.004 1.04998 0.488224 0.0116822 0
0 2706 phononL 0.004 0.327846 -1.32662 0.0147403 0
0 2707 phononL 0.004 1.34328 1.03218 0.026129 0
0 2708 phononL 0.004 0.627183 -0.462814 0.0372294 0
0 2709 phononL 0.004 -1.25905 -1.32121 -0.0214572 0
0 2710 phononL 0.004 0.301928 0.501842 -0.00704635 0
0 2711 phononL 0.004 -0.521599 -1.34427 -0.00426824 0
0 2712 phononL 0.004 -0.270298 -0.890679 -0.00722219 0
0 2713 phononL 0.004 -0.884829 -0.695993 -0.0104351 0
0 2714 phononL 0.004 0.552082 0.498395 -0.00404746 0
0 2715 phononL 0.004 0.0207597 1.27146 0.0124339 0
0 2716 phononL 0.004 0.786913 0.178092 0.0166383 0
0 2717 phononL 0.004 -0.374882 -1.5663 0.0175442 0
0 2718 phononL 0.004 -0.0837213 1.26907 0.0104775 0
0 2719 phononL 0.004 -0.146775 0.0965852 0.0243599 0
0 2720 phononL 0.004 -0.149655 -0.10995 -0.0245246 0
0 2721 phononL 0.004 1.59517 -0.988081 0.0171586 0
0 2722 phononL 0.004 -0.0380772 -1.20383 -0.0116818 0
0 2723 phononL 0.004 -0.101763 -1.3471 0.00314613 0
0 2724 phononL 0.004 0.0761609 -0.503078 0.0299245 0
0 2725 phononL 0.004 0.177301 -0.523548 0.0303214 0
0 2726 phononL 0.004 0.55526 0.821552 0.0337645 0
0 2727 phononL 0.004 -1.45604 -0.192017 0.0270375 0
0 2728 phononL 0.004 1.52387 -1.15519 -0.0312355 0
0 2729 phononL 0.004 1.10696 0.0309096 0.0250706 0
0 2730 phononL 0.004 1.41225 0.511998 0.00367755 0
0 2731 phononL 0.004 -0.92176 0.689003 -0.00208114 0
0 2732 phononL 0.004 -1.57762 0.311998 0.0197063 0
0 2733 phononL 0.004 -0.129099 -0.861444 0.0241969 0
0 2734 phononL 0.004 -0.0682283 1.12876 0.000533862 0
0 2735 phononL 0.004 0.488233 -0.179794 0.0211022 0
0 2736 phononL 0.004 -0.961276 -0.536396 -0.0382548 0
0 2737 phononL 0.004 0.413248 0.0902991 -0.0208768 0
0 2738 phononL 0.004 0.176101 1.18961 0.0246687 0
0 2739 phononL 0.004 -0.0260496 -1.56446 0.00517411 0
0 2740 phononL 0.004 -1.23082 -0.166862 0.0213674 0
0 2741 phononL 0.004 0.327487 -1.46441 0.012086 0
0 2742 phononL 0.004 0.781846 -0.758365 0.0391528 0
0 2743 phononL 0.004 -0.343105 -1.58696 0.0201431 0
0 2744 phononL 0.004 -0.783147 1.32028 0.0170728 0
0 2745 phononL 0.004 0.200048 0.409625 -0.0135539 0
0 2746 phononL 0.004 0.00544594 1.15302 -1.02243e-05 0
0 2747 phononL 0.004 1.24378 0.80749 0.0259831 0
0 2748 phononL 0.004 -1.14819 -0.786547 0.0363221 0
0 2749 phononL 0.004 -0.194513 1.01926 0.0374835 0
0 2750 phononL 0.004 0.407526 1.12355 -0.00947898 0
0 2751 phononL 0.004 1.05202 -0.345524 0.0261874 0
0 2752 phononL 0.004 -1.06743 1.20154 0.00783933 0
0 2753 phononL 0.004 -1.13283 0.0451245 0.0195232 0
0 2754 phononL 0.004 0.049629 -0.865092 -0.0325802 0
0 2755 phononL 0.004 1.38332 -0.218397 -0.0194961 0
0 2756 phononL 0.004 -0.0414867 0.907378 -0.0310338 0
0 2757 phononL 0.004 -0.0247205 0.0165919 -0.035238 0
0 2758 phononL 0.004 0.0401097 -0.713964 0.0267188 0
0 2759 phononL 0.004 0.61499 0.999522 0.00295743 0
0 2760 phononL 0.004 -0.989506 0.779274 0.0179998 0
0 2761 phononL 0.004 -0.076037 0.0697735 -0.0183197 0
0 2762 phononL 0.004 0.953947 0.172805 -0.0147903 0
0 2763 phononL 0.004 0.380463 -1.20519 0.00481932 0
0 2764 phononL 0.004 0.499513 -0.0860614 0.0267517 0
0 2765 phononL 0.004 -0.84226 1.24673 0.0350244 0
0 2766 phononL 0.004 0.713682 1.43411 -0.0398125 0
0 2767 phononL 0.004 -0.117939 1.45111 -0.0290965 0
0 2768 phononL 0.004 -0.551098 1.62789 -0.0178312 0
0 2769 phononL 0.004 -0.641654 -0.969175 0.00601979 0
0 2770 phononL 0.004 -1.21755 -0.539748 0.0374714 0
0 2771 phononL 0.004 0.820483 1.3907 -0.0288215 0
0 2772 phononL 0.004 1.24661 0.918147 -0.00746335 0
0 2773 phononL 0.004 -0.569804 -0.442564 0.00402912 0
0 2774 phononL 0.004 -0.647288 0.515154 -0.037786 0
0 2775 phononL 0.004 -0.226793 1.61079 0.031337 0
0 2776 phononL 0.004 -1.02598 0.689084 -0.0102735 0
0 2777 phononL 0.004 1.56738 -1.60248 -0.0267231 0
0 2778 phononL 0.004 -1.45033 0.698157 0.0235118 0
0 2779 phononL 0.004 -1.26562 0.723601 0.00294634 0
0 2780 phononL 0.004 -0.954075 -0.715791 -0.0134747 0
0 2781 phononL 0.004 0.974109 -0.962665 -0.00129782 0
0 2782 phononL 0.004 0.0429274 -1.25394 0.0288516 0
0 2783 phononL 0.004 -1.1683 -0.593374 -0.02553 0
0 2784 phononL 0.004 0.258721 1.55048 -0.0206893 0
0 2785 phononL 0.004 0.627912 -0.287941 -0.0258187 0
0 2786 phononL 0.004 1.36694 1.42742 -0.0021143 0
0 2787 phononL 0.004 0.829537 -0.783798 -0.00611955 0
0 2788 phononL 0.004 -1.01905 0.158754 0.0141222 0
0 2789 phononL 0.004 -0.310077 -0.997554 0.0046546 0
0 2790 phononL 0.004 1.20188 -0.125032 -0.0184025 0
0 2791 phononL 0.004 -0.215083 1.11493 -0.0192676 0
0 2792 phononL 0.004 0.509877 -1.33982 0.0217465 0
0 2793 phononL 0.004 -0.538773 0.258788 0.0264494 0
0 2794 phononL 0.004 -1.21388 -0.591228 0.0208762 0
0 2795 phononL 0.004 0.372829 1.53421 -0.0277887 0
0 2796 phononL 0.004 -0.185487 -0.905104 -0.0264645 0
0 2797 phononL 0.004 0.661207 1.14868 -0.0134822 0
0 2798 phononL 0.004 1.50093 1.57911 -0.0145046 0
0 2799 phononL 0.004 -1.53337 0.733519 0.0148191 0
0 2800 phononL 0.004 -0.457437 0.929238 0.0323823 0
0 2801 phononL 0.004 0.805786 0.259015 0.0231188 0
0 2802 phononL 0.004 -0.318802 -1.07851 0.0141671 0
0 2803 phononL 0.004 -0.304402 -0.762415 -0.0186513 0
0 2804 phononL 0.004 -0.837925 0.794174 -0.0132329 0
0 2805 phononL 0.004 0.089012 -0.705942 0.0242193 0
0 2806 phononL 0.004 0.590111 -0.713441 -0.00386555 0
0 2807 phononL 0.004 -1.16412 -1.26801 -0.0125684 0
0 2808 phononL 0.004 0.544891 0.456781 -0.0184151 0
0 2809 phononL 0.004 0.511061 0.668385 -0.00371247 0
0 2810 phononL 0.004 -0.945031 -0.170467 -0.0249225 0
0 2811 phononL 0.004 0.547618 -1.58765 0.0178373 0
0 2812 phononL 0.004 -0.0489515 1.16669 -0.0252051 0
0 2813 phononL 0.004 1.30589 0.304827 0.0344655 0
0 2814 phononL 0.004 -0.36628 -0.890501 -0.0290438 0
0 2815 phononL 0.004 0.575814 1.14211 0.0239695 0
0 2816 phononL 0.004 -0.641147 -1.40519 0.0292296 0
0 2817 phononL 0.004 -0.392537 -0.684733 0.0136561 0
0 2818 phononL 0.004 0.0731463 -0.338263 0.00489772 0
0 2819 phononL 0.004 0.757239 1.48527 -0.0379841 0
0 2820 phononL 0.004 1.57035 -0.858254 -0.0133789 0
0 2821 phononL 0.004 0.910428 0.909919 0.0387176 0
0 2822 phononL 0.004 -0.0218507 1.36097 -0.00762699 0
0 2823 phononL 0.004 -1.25163 -0.865205 -0.000394389 0
0 2824 phononL 0.004 -0.698343 -1.59021 0.0368763 0
0 2825 phononL 0.004 1.57499 0.848068 0.025228 0
0 2826 phononL 0.004 1.35633 -0.095692 -0.0395102 0
0 2827 phononL 0.004 1.00146 -1.26002 -0.00826444 0
0 2828 phononL 0.004 0.601421 1.59992 0.0132731 0
0 2829 phononL 0.004 0.149115 -0.263043 -0.0234524 0
0 2830 phononL 0.004 -1.15449 0.612806 -0.0313243 0
0 2831 phononL 0.004 1.27765 -0.644283 0.0281024 0
0 2832 phononL 0.004 -0.946071 0.128524 -0.0292473 0
0 2833 phononL 0.004 0.820831 1.17483 0.0218793 0
0 2834 phononL 0.004 -1.56106 -0.373239 0.0321898 0
0 2835 phononL 0.004 0.486614 -1.38988 0.00200066 0
0 2836 phononL 0.004 1.56504 -0.95738 0.0151292 0
0 2837 phononL 0.004 0.10084 -1.12031 -0.0257867 0
0 2838 phononL 0.004 1.22995 -1.00738 0.0215033 0
0 2839 phononL 0.004 1.22678 -0.172613 0.0355238 0
0 2840 phononL 0.004 -1.34817 -1.63297 0.0135569 0
0 2841 phononL 0.004 1.01245 1.35113 -0.0190525 0
0 2842 phononL 0.004 -0.974524 0.380729 0.0181288 0
0 2843 phononL 0.004 1.19286 -0.281681 -0.000275469 0
0 2844 phononL 0.004 1.58673 0.0365952 -0.0300781 0
0 2845 phononL 0.004 -1.12496 -0.985476 -0.0159362 0
0 2846 phononL 0.004 1.13464 1.23108 -0.0242831 0
0 2847 phononL 0.004 1.38624 1.04535 -0.00287131 0
0 2848 phononL 0.004 -1.27556 -0.675605 -0.00981134 0
0 2849 phononL 0.004 0.64893 0.384822 -0.0106576 0
0 2850 phononL 0.004 0.34365 -0.317274 0.011062 0
0 2851 phononL 0.004 -1.42892 1.28544 -0.0287638 0
0 2852 phononL 0.004 -0.0498616 -0.198501 -0.0252118 0
0 2853 phononL 0.004 -0.650992 -1.21768 -0.0192011 0
0 2854 phononL 0.004 -0.39773 0.40255 -0.0395881 0
0 2855 phononL 0.004 0.455957 -0.141199 0.0379511 0
0 2856 phononL 0.004 0.0240278 -0.915229 -0.0318717 0
0 2857 phononL 0.004 0.423157 1.05805 -0.0192992 0
0 2858 phononL 0.004 -1.30895 1.06464 -0.0350067 0
0 2859 phononL 0.004 -0.203378 0.117169 0.00445677 0
0 2860 phononL 0.004 -0.405696 0.984826 -5.41913e-05 0
0 2861 phononL 0.004 -1.31389 -1.62109 0.0316093 0
0 2862 phononL 0.004 -0.253503 0.491732 0.0160355 0
0 2863 phononL 0.004 -0.706579 1.3467 0.00585032 0
0 2864 phononL 0.004 -0.0620975 1.24051 0.0174422 0
0 2865 phononL 0.004 -1.47706 1.10964 -0.038824 0
0 2866 phononL 0.004 0.528746 -1.51589 -0.0291917 0
0 2867 phononL 0.004 -1.33681 -0.416175 0.0324017 0
0 2868 phononL 0.004 -0.815844 0.0862388 0.00161766 0
0 2869 phononL 0.004 0.94188 -0.805705 0.00547858 0
0 2870 phononL 0.004 -1.212 -1.35894 -0.0196353 0
0 2871 phononL 0.004 -0.315823 0.880921 -0.00622122 0
0 2872 phononL 0.004 -1.23446 -1.3185 0.0290531 0
0 2873 phononL 0.004 -1.53561 1.09608 -0.00260158 0
0 2874 phononL 0.004 1.42228 0.0621136 -0.0258156 0
0 2875 phononL 0.004 -0.781474 -1.66243 -0.021028 0
0 2876 phononL 0.004 1.09019 1.47587 -0.0118978 0
0 2877 phononL 0.004 -1.11214 -0.437502 0.00879322 0
0 2878 phononL 0.004 0.120432 -0.561988 0.0325926 0
0 2879 phononL 0.004 0.257223 0.225618 0.0189606 0
0 2880 phononL 0.004 1.52089 0.0478025 0.014864 0
0 2881 phononL 0.004 -0.470081 -0.911124 0.0269288 0
0 2882 phononL 0.004 -1.45054 0.820974 -0.0118418 0
0 2883 phononL 0.004 0.770135 1.02864 -0.0173794 0
0 2884 phononL 0.004 -1.60728 -0.482886 -0.0311209 0
0 2885 phononL 0.004 -1.00381 0.366464 0.0333741 0
0 2886 phononL 0.004 0.589248 1.10392 0.0267878 0
0 2887 phononL 0.004 -0.653487 -0.229077 0.0333458 0
0 2888 phononL 0.004 -1.32957 1.34463 0.00642195 0
0 2889 phononL 0.004 -1.41185 -0.119449 0.0133899 0
0 2890 phononL 0.004 -0.280176 0.697828 -0.0378359 0
0 2891 phononL 0.004 -0.0934952 0.0723978 0.011268 0
0 2892 phononL 0.004 -1.45319 -1.52847 -0.0231243 0
0 2893 phononL 0.004 0.829786 -1.56436 0.013549 0
0 2894 phononL 0.004 -1.17244 1.08043 -0.0230383 0
0 2895 phononL 0.004 -0.732264 -1.56539 -0.0116598 0
0 2896 phononL 0.004 0.136433 0.384752 0.0320131 0
0 2897 phononL 0.004 0.279421 -0.383464 -0.0135566 0
0 2898 phononL 0.004 -0.975586 -1.38645 -0.0265736 0
0 2899 phononL 0.004 0.157232 -0.137451 0.0168618 0
0 2900 phononL 0.004 -1.52747 -1.51395 0.0232039 0
0 2901 phononL 0.004 0.313224 0.386228 -0.00516527 0
0 2902 phononL 0.004 1.04521 -0.670284 0.028811 0
0 2903 phononL 0.004 1.2666 1.17312 0.00585051 0
0 2904 phononL 0.004 -0.661764 0.542551 -0.0325543 0
0 2905 phononL 0.004 -0.0571875 -0.961406 0.0372328 0
0 2906 phononL 0.004 -1.42935 1.10435 0.0026541 0
0 2907 phononL 0.004 0.274422 -0.592396 -0.00534117 0
0 2908 phononL 0.004 -0.272125 0.797799 0.0338901 0
0 2909 phononL 0.004 -1.21506 -0.807933 -0.0303546 0
0 2910 phononL 0.004 -1.54542 -0.098352 -0.00824651 0
0 2911 phononL 0.004 0.970769 -0.474221 0.0316529 0
0 2912 phononL 0.004 0.653498 0.548554 0.00948626 0
0 2913 phononL 0.004 -1.31081 0.645653 0.03096 0
0 2914 phononL 0.004 -1.04311 -1.38666 -0.0391704 0
0 2915 phononL 0.004 -0.256656 0.254319 -0.00116132 0
0 2916 phononL 0.004 -0.643409 -0.137194 -0.0230465 0
0 2917 phononL 0.004 -1.20958 0.615807 0.0348797 0
0 2918 phononL 0.004 -1.0317 -0.970072 -0.0217072 0
0 2919 phononL 0.004 0.234037 0.394269 -0.0245384 0
0 2920 phononL 0.004 -0.0589557 1.63288 0.011906 0
0 2921 phononL 0.004 -1.52859 -0.357854 -0.0125455 0
0 2922 phononL 0.004 -0.827843 -0.498672 0.0373075 0
0 2923 phononL 0.004 0.966919 -0.121222 0.0297357 0
0 2924 phononL 0.004 1.25445 1.08408 -0.0169544 0
0 2925 phononL 0.004 -0.854593 0.700428 -0.0154806 0
0 2926 phononL 0.004 -1.4454 0.256585 0.0314487 0
0 2927 phononL 0.004 -0.88224 1.33531 0.00867464 0
0 2928 phononL 0.004 1.19077 -1.16782 0.0339652 0
0 2929 phononL 0.004 -1.24025 -0.735394 0.000653964 0
0 2930 phononL 0.004 0.463362 -0.643703 -0.0097501 0
0 2931 phononL 0.004 -0.125375 -1.07918 0.00646702 0
0 2932 phononL 0.004 1.15087 -0.663437 -0.0300418 0
0 2933 phononL 0.004 0.0960955 1.0905 -0.033049 0
0 2934 phononL 0.004 0.908091 0.632743 -0.00667371 0
0 2935 phononL 0.004 0.630787 -0.883571 0.007794 0
0 2936 phononL 0.004 -0.90691 -1.51408 0.0156766 0
0 2937 phononL 0.004 0.771248 -0.0505691 -0.0215263 0
0 2938 phononL 0.004 -0.413443 1.00618 0.00281967 0
0 2939 phononL 0.004 0.971732 0.594768 0.0102149 0
0 2940 phononL 0.004 0.956245 -1.51281 -0.0174756 0
0 2941 phononL 0.004 0.528984 -1.07829 0.0107564 0
0 2942 phononL 0.004 -0.450973 -0.505601 -0.00929265 0
0 2943 phononL 0.004 -0.75167 0.941003 -0.00110088 0
0 2944 phononL 0.004 1.26975 1.06395 0.00179556 0
0 2945 phononL 0.004 1.34828 0.542257 -0.0149756 0
0 2946 phononL 0.004 -0.73657 0.568477 0.00413571 0
0 2947 phononL 0.004 -0.943762 1.25924 -0.0211789 0
0 2948 phononL 0.004 -0.100914 0.587384 -0.0251374 0
0 2949 phononL 0.004 1.54286 0.0864507 0.021245 0
0 2950 phononL 0.004 1.45352 -0.431088 -0.0356003 0
0 2951 phononL 0.004 -1.56879 -1.15064 -0.0137311 0
0 2952 phononL 0.004 0.247149 0.0208824 -0.028959 0
0 2953 phononL 0.004 1.49018 -0.563215 0.00504805 0
0 2954 phononL 0.004 -0.421346 -0.0706937 -0.00807122 0
0 2955 phononL 0.004 -0.929411 0.211569 0.00951686 0
0 2956 phononL 0.004 1.3101 1.33639 0.0342147 0
0 2957 phononL 0.004 0.0679623 1.31842 -0.0315336 0
0 2958 phononL 0.004 1.0338 0.563859 -0.0129643 0
0 2959 phononL 0.004 -0.830131 0.650978 0.0361609 0
0 2960 phononL 0.004 -0.479284 1.51207 -0.0318642 0
0 2961 phononL 0.004 -0.619534 -0.942567 0.0347313 0
0 2962 phononL 0.004 1.47301 0.488037 0.0119221 0
0 2963 phononL 0.004 1.3177 -0.545285 0.0140434 0
0 2964 phononL 0.004 1.56906 0.834216 0.019041 0
0 2965 phononL 0.004 1.48872 0.00791732 -0.00741362 0
0 2966 phononL 0.004 0.303756 -0.564143 0.0357682 0
0 2967 phononL 0.004 -1.45044 0.192768 0.00693144 0
0 2968 phononL 0.004 1.51041 1.33993 0.0159294 0
0 2969 phononL 0.004 -1.56124 -1.511 0.00264542 0
0 2970 phononL 0.004 1.04458 -0.573302 -0.0344194 0
0 2971 phononL 0.004 -1.1446 0.284359 0.0331787 0
0 2972 phononL 0.004 -0.935248 1.15589 0.0131428 0
0 2973 phononL 0.004 -0.224944 -0.57475 0.0198828 0
0 2974 phononL 0.004 -0.498307 1.5398 -0.0124899 0
0 2975 phononL 0.004 0.649079 -0.87377 0.0183347 0
0 2976 phononL 0.004 -1.36945 0.174945 0.0363199 0
0 2977 phononL 0.004 1.62312 -0.331643 0.00785155 0
0 2978 phononL 0.004 -0.513933 1.48664 0.0204956 0
0 2979 phononL 0.004 -1.45036 1.51154 -0.00548925 0
0 2980 phononL 0.004 0.731556 -0.0354164 -0.0197754 0
0 2981 phononL 0.004 -0.426479 1.33795 -0.0187885 0
0 2982 phononL 0.004 -0.713315 0.119692 -0.00770709 0
0 2983 phononL 0.004 0.838669 0.463221 -0.034622 0
0 2984 phononL 0.004 1.24677 -0.91888 0.0345665 0
0 2985 phononL 0.004 -0.964924 -1.02908 -0.00496859 0
0 2986 phononL 0.004 1.66235 1.66105 -0.0309237 0
0 2987 phononL 0.004 0.782511 -0.0178234 0.00221847 0
0 2988 phononL 0.004 -0.704923 -1.64895 0.00962375 0
0 2989 phononL 0.004 0.910233 -1.17288 -0.024231 0
0 2990 phononL 0.004 -1.34374 0.0903445 0.00675623 0
0 2991 phononL 0.004 -0.697495 -1.5022 -0.0285895 0
0 2992 phononL 0.004 0.773107 1.56648 -0.0252851 0
0 2993 phononL 0.004 -0.415627 0.802034 0.0205043 0
0 2994 phononL 0.004 -1.00705 1.15557 0.0187348 0
0 2995 phononL 0.004 -0.505956 -0.507111 -0.0286366 0
0 2996 phononL 0.004 -0.228854 -0.948041 -0.0326897 0
0 2997 phononL 0.004 -1.65876 -1.36277 0.0227202 0
0 2998 phononL 0.004 -1.58828 -1.3729 -0.0241999 0
0 2999 phononL 0.004 0.585897 -0.250694 0.0123031 0
0 3000 phononL 0.004 1.1999 1.0237 0.00461669 0
0 3001 phononL 0.004 0.147201 1.30605 -0.0087289 0
0 3002 phononL 0.004 -0.665565 0.863229 0.0112115 0
0 3003 phononL 0.004 1.33407 -0.894991 0.0217291 0
0 3004 phononL 0.004 1.03099 1.12068 0.0386751 0
0 3005 phononL 0.004 -0.155901 -0.140154 -0.00620223 0
0 3006 phononL 0.004 -0.829723 -0.297172 -0.0315849 0
0 3007 phononL 0.004 0.0437242 -0.0536712 -0.0251492 0
0 3008 phononL 0.004 0.80368 -0.493574 0.0167119 0
0 3009 phononL 0.004 0.127558 1.19026 -0.00973446 0
0 3010 phononL 0.004 1.32354 -1.18113 0.0173865 0
0 3011 phononL 0.004 -0.660069 -0.264658 0.00951974 0
0 3012 phononL 0.004 0.960477 0.604381 -0.0116878 0
0 3013 phononL 0.004 0.327245 0.700512 -0.0189556 0
0 3014 phononL 0.004 -0.6911 0.794412 0.0136907 0
0 3015 phononL 0.004 -1.06433 0.568022 -0.0192253 0
0 3016 phononL 0.004 0.204669 -0.889443 0.0103288 0
0 3017 phononL 0.004 -1.06585 0.398148 -0.023252 0
0 3018 phononL 0.004 -1.28581 0.397078 0.0301201 0
0 3019 phononL 0.004 0.705549 1.63225 0.0270361 0
0 3020 phononL 0.004 1.34843 1.27047 -0.00506977 0
0 3021 phononL 0.004 -0.109152 -1.66512 0.0355549 0
0 3022 phononL 0.004 -1.02258 -0.128356 0.0228804 0
0 3023 phononL 0.004 0.352054 -0.0254855 0.0368207 0
0 3024 phononL 0.004 -1.22131 1.0518 0.0356043 0
0 3025 phononL 0.004 0.294764 -0.35311 0.0158693 0
0 3026 phononL 0.004 -0.902813 -0.264077 -0.02435 0
0 3027 phononL 0.004 -1.58725 -1.00646 -0.0153269 0
0 3028 phononL 0.004 -1.41886 0.351931 0.00876931 0
0 3029 phononL 0.004 -1.60966 0.0751647 0.0187888 0
0 3030 phononL 0.004 -0.324833 0.712187 0.00298195 0
0 3031 phononL 0.004 -1.15195 -0.0581786 0.0328952 0
0 3032 phononL 0.004 0.898914 0.260642 0.0374008 0
0 3033 phononL 0.004 0.859142 1.07051 0.00458272 0
0 3034 phononL 0.004 0.319464 0.753153 0.0082541 0
0 3035 phononL 0.004 1.42146 0.907844 0.0158898 0
0 3036 phononL 0.004 -1.51856 0.101613 0.032032 0
0 3037 phononL 0.004 -1.20766 -0.0367465 0.0131203 0
0 3038 phononL 0.004 1.50886 -1.47672 -0.0136765 0
0 3039 phononL 0.004 -0.297268 0.351096 0.0179877 0
0 3040 phononL 0.004 0.968662 -1.31582 0.00863758 0
0 3041 phononL 0.004 -0.897444 -0.403831 -0.00542079 0
0 3042 phononL 0.004 -1.12954 0.40287 -0.0218335 0
0 3043 phononL 0.004 0.126002 -1.24071 0.0159725 0
0 3044 phononL 0.004 -1.35183 -1.09324 -0.0382163 0
0 3045 phononL 0.004 0.601557 -1.20413 -0.030956 0
0 3046 phononL 0.004 0.344687 -0.785159 -0.0104303 0
0 3047 phononL 0.004 -1.3472 -1.24011 0.0236192 0
0 3048 phononL 0.004 -1.45902 0.547255 0.0327805 0
0 3049 phononL 0.004 -0.605709 -0.0149955 0.0312471 0
0 3050 phononL 0.004 1.60915 -1.11825 -0.0268047 0
0 3051 phononL 0.004 1.12113 -1.30731 0.00855258 0
0 3052 phononL 0.004 0.753448 -0.696751 -0.0132365 0
0 3053 phononL 0.004 -1.32431 -0.287412 0.0094214 0
0 3054 phononL 0.004 1.50499 -0.698989 -0.0161055 0
0 3055 phononL 0.004 -0.426283 -0.271626 0.0324514 0
0 3056 phononL 0.004 1.46651 0.269784 -0.01156 0
0 3057 phononL 0.004 -0.474933 -1.16687 0.0183183 0
0 3058 phononL 0.004 1.40987 1.13408 -0.00847997 0
0 3059 phononL 0.004 0.941487 -0.0804291 0.0296634 0
0 3060 phononL 0.004 -1.29453 -1.08886 -0.0113077 0
0 3061 phononL 0.004 -0.350347 -0.870556 -0.0191781 0
0 3062 phononL 0.004 -0.293415 0.612612 -0.00949352 0
0 3063 phononL 0.004 -0.859338 -0.500948 0.0214842 0
0 3064 phononL 0.004 0.571059 -0.722338 -0.0281461 0
0 3065 phononL 0.004 -0.398957 -1.07363 0.0213882 0
0 3066 phononL 0.004 1.26446 1.06986 0.0125535 0
0 3067 phononL 0.004 -1.22084 -1.18049 -0.0159262 0
0 3068 phononL 0.004 -1.42631 0.969845 -0.0358308 0
0 3069 phononL 0.004 -1.51966 1.52024 0.00545173 0
0 3070 phononL 0.004 0.418865 -0.858724 -0.0257134 0
0 3071 phononL 0.004 1.6652 -0.103034 -0.0231033 0
0 3072 phononL 0.004 0.516229 -1.585 -0.00167536 0
0 3073 phononL 0.004 -0.920708 1.39403 -0.0291268 0
0 3074 phononL 0.004 -1.5501 -0.410903 -0.0158654 0
0 3075 phononL 0.004 -1.10715 1.04095 0.00400796 0
0 3076 phononL 0.004 -0.91813 -1.16579 0.0150775 0
0 3077 phononL 0.004 -1.18349 -0.892161 0.00374841 0
0 3078 phononL 0.004 -0.9848 -0.150073 0.00394677 0
0 3079 phononL 0.004 -0.592859 1.10114 0.0116063 0
0 3080 phononL 0.004 -0.631333 0.296315 0.0189724 0
0 3081 phononL 0.004 0.750903 -0.550745 0.0163827 0
0 3082 phononL 0.004 1.32321 -0.574238 -0.0131721 0
0 3083 phononL 0.004 -1.4302 0.347545 -0.033907 0
0 3084 phononL 0.004 0.0131778 -1.1933 0.0283843 0
0 3085 phononL 0.004 -1.09775 -0.563749 -0.0281357 0
0 3086 phononL 0.004 -1.11744 -0.0280935 0.0186104 0
0 3087 phononL 0.004 -0.611228 1.15974 0.0220854 0
0 3088 phononL 0.004 1.57462 -1.11523 -0.0039625 0
0 3089 phononL 0.004 -1.61316 1.26311 -0.0360577 0
0 3090 phononL 0.004 0.932655 -0.957249 0.00272628 0
0 3091 phononL 0.004 0.138286 1.2191 -0.00964891 0
0 3092 phononL 0.004 -0.13728 1.18632 0.0183614 0
0 3093 phononL 0.004 0.256634 -0.858387 0.0208487 0
0 3094 phononL 0.004 0.00635251 0.842938 -0.0125253 0
0 3095 phononL 0.004 -0.781948 -1.45776 0.0345787 0
0 3096 phononL 0.004 1.14307 1.22206 0.00151844 0
0 3097 phononL 0.004 -0.843613 -1.06688 0.00277529 0
0 3098 phononL 0.004 -0.118717 0.602055 -0.0297602 0
0 3099 phononL 0.004 1.06507 0.701107 0.00553871 0
0 3100 phononL 0.004 0.426743 1.05434 0.0398129 0
0 3101 phononL 0.004 0.365131 0.889081 0.0264086 0
0 3102 phononL 0.004 0.0714248 1.66066 0.0329847 0
0 3103 phononL 0.004 0.92837 1.12684 -0.0241083 0
0 3104 phononL 0.004 0.654233 -0.978789 -0.0133927 0
0 3105 phononL 0.004 -0.46181 1.21571 0.0379609 0
0 3106 phononL 0.004 0.723394 -1.49601 0.0181449 0
0 3107 phononL 0.004 0.79478 0.420675 -0.0346971 0
0 3108 phononL 0.004 0.324867 -1.64733 0.0383378 0
0 3109 phononL 0.004 0.744653 0.905751 0.021204 0
0 3110 phononL 0.004 1.44945 1.24054 0.0165144 0
0 3111 phononL 0.004 -1.27921 -1.14606 -0.0347991 0
0 3112 phononL 0.004 1.12596 -0.42076 0.0227029 0
0 3113 phononL 0.004 -1.51142 0.344403 0.0107496 0
0 3114 phononL 0.004 -0.00709899 -0.415933 0.0318594 0
0 3115 phononL 0.004 1.12281 0.179828 -0.0181059 0
0 3116 phononL 0.004 -0.815794 0.724735 0.0246151 0
0 3117 phononL 0.004 0.985999 -0.843427 -0.0340865 0
0 3118 phononL 0.004 -0.751479 -0.815228 -0.030627 0
0 3119 phononL 0.004 0.0330124 0.546201 0.00035055 0
0 3120 phononL 0.004 -0.517146 -1.11795 -0.0116786 0
0 3121 phononL 0.004 0.259689 0.491106 0.0323425 0
0 3122 phononL 0.004 -0.188294 0.62211 -0.0234786 0
0 3123 phononL 0.004 1.05913 -0.399436 0.0119542 0
0 3124 phononL 0.004 -0.900846 1.60913 -0.0302424 0
0 3125 phononL 0.004 0.0652131 0.968572 -0.0281769 0
0 3126 phononL 0.004 0.73156 1.51745 0.0244857 0
0 3127 phononL 0.004 0.295181 -0.485999 -0.0313819 0
0 3128 phononL 0.004 0.681538 1.63363 -0.0233509 0
0 3129 phononL 0.004 -0.342352 -0.172544 0.0180704 0
0 3130 phononL 0.004 -1.39409 0.749827 -0.0238705 0
0 3131 phononL 0.004 1.19717 -1.62019 -0.0119565 0
0 3132 phononL 0.004 0.854012 -0.897297 -0.00553018 0
0 3133 phononL 0.004 1.52376 1.49925 0.0321061 0
0 3134 phononL 0.004 -1.33762 -1.00628 0.0364547 0
0 3135 phononL 0.004 0.750298 -0.637678 -0.0366993 0
0 3136 phononL 0.004 -0.387605 1.65344 -0.00771912 0
0 3137 phononL 0.004 -0.019461 1.51356 0.0384037 0
0 3138 phononL 0.004 0.609749 0.962118 -0.0370686 0
0 3139 phononL 0.004 -0.924724 -0.152872 -0.0294582 0
0 3140 phononL 0.004 1.14006 0.200716 0.0297196 0
0 3141 phononL 0.004 -1.65601 -0.992651 0.00438995 0
0 3142 phononL 0.004 0.511287 1.26765 0.0179958 0
0 3143 phononL 0.004 -1.00367 0.134561 -0.0102459 0
0 3144 phononL 0.004 -0.559619 -1.55332 0.0373898 0
0 3145 phononL 0.004 0.683918 0.621609 0.00785007 0
0 3146 phononL 0.004 1.29627 0.921372 -0.031819 0
0 3147 phononL 0.004 0.434882 1.1831 0.0132904 0
0 3148 phononL 0.004 -1.0296 0.867783 0.0142418 0
0 3149 phononL 0.004 -0.12964 1.22824 -0.00258664 0
0 3150 phononL 0.004 -0.513527 0.613209 -0.0342828 0
0 3151 phononL 0.004 1.23331 -0.40198 0.020018 0
0 3152 phononL 0.004 0.1099 -1.02148 0.0213264 0
0 3153 phononL 0.004 -0.0930825 0.741698 -0.0285888 0
0 3154 phononL 0.004 0.194969 -0.0677352 0.0366467 0
0 3155 phononL 0.004 0.15751 0.110938 -0.0177864 0
0 3156 phononL 0.004 1.53265 1.32528 -0.0355979 0
0 3157 phononL 0.004 -1.29867 -1.63898 0.0264412 0
0 3158 phononL 0.004 0.522148 -1.62729 -0.0149101 0
0 3159 phononL 0.004 -1.00772 -0.157103 -0.0239264 0
0 3160 phononL 0.004 1.07846 0.37746 0.0344522 0
0 3161 phononL 0.004 -1.06768 -1.17313 0.0163574 0
0 3162 phononL 0.004 -0.693498 -0.619833 0.0160916 0
0 3163 phononL 0.004 -1.37988 -1.36958 -0.0398569 0
0 3164 phononL 0.004 -0.304939 0.0994291 -0.0196906 0
0 3165 phononL 0.004 -1.36871 -0.100313 0.0322882 0
0 3166 phononL 0.004 0.432984 1.26228 0.00605845 0
0 3167 phononL 0.004 0.816566 0.519674 0.00649515 0
0 3168 phononL 0.004 -0.536347 -1.55088 0.0291011 0
0 3169 phononL 0.004 0.671922 -1.1903 0.0387987 0
0 3170 phononL 0.004 -1.55743 -0.838 -0.0334948 0
0 3171 phononL 0.004 1.39832 1.23998 -0.0274389 0
0 3172 phononL 0.004 0.962982 -1.32459 0.0315585 0
0 3173 phononL 0.004 1.27926 1.60191 0.0312515 0
0 3174 phononL 0.004 0.152337 -1.2542 -0.0203268 0
0 3175 phononL 0.004 -1.08128 0.463484 -0.0144492 0
0 3176 phononL 0.004 -0.567689 -0.518182 0.0358359 0
0 3177 phononL 0.004 -0.0988048 -1.38019 -0.0334678 0
0 3178 phononL 0.004 0.353345 -1.58147 -0.016961 0
0 3179 phononL 0.004 1.48369 0.56557 -0.00386001 0
0 3180 phononL 0.004 1.46081 -0.522535 0.00661955 0
0 3181 phononL 0.004 -0.150559 -0.116336 -0.036297 0
0 3182 phononL 0.004 1.49209 -0.962182 -0.0125853 0
0 3183 phononL 0.004 -0.174639 -1.08855 -0.0243601 0
0 3184 phononL 0.004 -0.545937 0.0875619 -0.0183859 0
0 3185 phononL 0.004 -0.92294 0.879129 -0.0328265 0
0 3186 phononL 0.004 -0.739782 -0.837538 0.024807 0
0 3187 phononL 0.004 0.851672 -1.18545 0.0120181 0
0 3188 phononL 0.004 0.0775887 -1.49285 -0.0204094 0
0 3189 phononL 0.004 1.54079 0.141092 0.0263994 0
0 3190 phononL 0.004 -1.37726 0.0839509 -0.00492946 0
0 3191 phononL 0.004 0.770311 -1.65566 -0.0011649 0
0 3192 phononL 0.004 -1.65322 1.47395 -0.0210971 0
0 3193 phononL 0.004 0.767661 -0.081792 -0.00546422 0
0 3194 phononL 0.004 -0.932928 -0.19247 -0.0132667 0
0 3195 phononL 0.004 1.00091 0.207944 0.0327712 0
0 3196 phononL 0.004 -0.844521 -0.450657 -0.0256918 0
0 3197 phononL 0.004 1.17639 1.54715 -0.00970804 0
0 3198 phononL 0.004 -0.304444 -0.9504 0.00892379 0
0 3199 phononL 0.004 0.7008 -0.719958 0.0161276 0
0 3200 phononL 0.004 -0.112571 0.406171 0.0376841 0
0 3201 phononL 0.004 -0.000789098 0.694814 -0.0342399 0
0 3202 phononL 0.004 1.65618 0.57638 -0.00809582 0
0 3203 phononL 0.004 0.316839 0.240299 -0.0284427 0
0 3204 phononL 0.004 -1.27352 1.58254 0.0190494 0
0 3205 phononL 0.004 1.0402 0.446134 -0.00719676 0
0 3206 phononL 0.004 0.199524 1.2978 -0.0123374 0
0 3207 phononL 0.004 -0.250632 0.376832 0.000146469 0
0 3208 phononL 0.004 1.49744 -0.397287 -0.010883 0
0 3209 phononL 0.004 0.543976 0.120969 -0.0109312 0
0 3210 phononL 0.004 1.43411 0.390564 0.0353247 0
0 3211 phononL 0.004 -0.139917 1.35246 0.0111274 0
0 3212 phononL 0.004 -0.608536 -0.679691 0.02427 0
0 3213 phononL 0.004 -1.33958 -0.247862 0.0203407 0
0 3214 phononL 0.004 1.19271 -0.946782 -0.00262687 0
0 3215 phononL 0.004 -0.465262 1.02775 -0.0159501 0
0 3216 phononL 0.004 -1.10149 1.61091 -0.0363548 0
0 3217 phononL 0.004 1.46092 -0.362855 -0.00595462 0
0 3218 phononL 0.004 0.603423 -1.51992 0.0244663 0
0 3219 phononL 0.004 -1.6367 -1.17042 0.0326501 0
0 3220 phononL 0.004 -0.646014 0.376313 0.0280056 0
0 3221 phononL 0.004 0.967776 -1.6592 -0.0173378 0
0 3222 phononL 0.004 1.40802 -0.406522 -0.0137545 0
0 3223 phononL 0.004 1.55118 -0.374743 -0.000276103 0
0 3224 phononL 0.004 0.319303 -0.135956 -0.0168982 0
0 3225 phononL 0.004 -1.63362 -0.100723 0.00319862 0
0 3226 phononL 0.004 -0.830329 1.57919 0.0127026 0
0 3227 phononL 0.004 0.0415809 -1.19211 0.0304827 0
0 3228 phononL 0.004 0.0157029 -0.900818 -0.0296861 0
0 3229 phononL 0.004 -1.41295 -0.793724 -0.0338646 0
0 3230 phononL 0.004 -0.521792 -1.27742 -0.0256045 0
0 3231 phononL 0.004 -1.17134 1.3131 0.0216696 0
0 3232 phononL 0.004 0.90031 0.462704 0.0269585 0
0 3233 phononL 0.004 -0.28287 -1.58993 0.00770244 0
0 3234 phononL 0.004 0.417799 0.6439 0.0267746 0
0 3235 phononL 0.004 -1.03495 -0.692139 0.0333472 0
0 3236 phononL 0.004 -0.204321 0.444571 -0.0374247 0
0 3237 phononL 0.004 -0.198085 1.02132 -0.00624694 0
0 3238 phononL 0.004 -0.0237041 -0.683381 -0.0315375 0
0 3239 phononL 0.004 -0.557508 -1.55145 -0.00598806 0
0 3240 phononL 0.004 -1.0001 1.42982 0.0247821 0
0 3241 phononL 0.004 0.750579 1.03711 -0.00121315 0
0 3242 phononL 0.004 0.892671 1.24226 -0.01663 0
0 3243 phononL 0.004 1.14875 0.404563 -0.011361 0
0 3244 phononL 0.004 -0.0897225 -1.26858 -0.0224863 0
0 3245 phononL 0.004 0.260233 0.338396 0.00652333 0
0 3246 phononL 0.004 1.34813 -1.52646 0.00777758 0
0 3247 phononL 0.004 -1.41923 -0.035848 -0.00954858 0
0 3248 phononL 0.004 -1.27485 -1.64621 -0.0298676 0
0 3249 phononL 0.004 -0.444324 -1.06218 -0.00110432 0
0 3250 phononL 0.004 -1.14064 -1.45656 0.00810805 0
0 3251 phononL 0.004 -0.392118 1.00921 0.0389517 0
0 3252 phononL 0.004 -0.329854 -1.49143 -0.0225203 0
0 3253 phononL 0.004 -0.0834778 -1.50064 -0.0276296 0
0 3254 phononL 0.004 0.164409 0.323474 -0.0212532 0
0 3255 phononL 0.004 0.317425 -0.0925593 0.0378955 0
0 3256 phononL 0.004 -0.246913 0.00717484 0.0363923 0
0 3257 phononL 0.004 0.802036 0.670444 -0.0239703 0
0 3258 phononL 0.004 -0.990504 -1.61568 0.000504216 0
0 3259 phononL 0.004 -0.294558 1.24586 -0.0142635 0
0 3260 phononL 0.004 -0.631033 -0.43058 -0.0347169 0
0 3261 phononL 0.004 -0.445328 0.688503 -0.0255058 0
0 3262 phononL 0.004 -1.59113 -0.944996 0.033818 0
0 3263 phononL 0.004 0.179423 1.164 -0.0384641 0
0 3264 phononL 0.004 -1.15322 1.31759 -0.00595002 0
0 3265 phononL 0.004 0.212474 -1.59784 0.033669 0
0 3266 phononL 0.004 -1.27897 1.17052 0.0264402 0
0 3267 phononL 0.004 -0.459697 -1.28658 0.0208932 0
0 3268 phononL 0.004 -0.522125 0.919249 0.000448799 0
0 3269 phononL 0.004 1.21768 -1.09687 0.0127851 0
0 3270 phononL 0.004 0.319441 -1.13997 0.0236191 0
0 3271 phononL 0.004 -0.160924 1.2467 -0.00387084 0
0 3272 phononL 0.004 1.50323 1.20309 0.00061643 0
0 3273 phononL 0.004 -1.4427 0.563794 0.0112111 0
0 3274 phononL 0.004 0.197054 -1.32946 -0.0169486 0
0 3275 phononL 0.004 -1.10543 -0.602458 0.0327953 0
0 3276 phononL 0.004 0.108031 0.211015 0.0192393 0
0 3277 phononL 0.004 -0.293813 -0.228396 -0.0241295 0
0 3278 phononL 0.004 0.739428 -0.290727 0.0360711 0
0 3279 phononL 0.004 -1.57855 0.0967866 -0.0297528 0
0 3280 phononL 0.004 0.889461 0.155168 -0.00963746 0
0 3281 phononL 0.004 1.13724 -0.384768 0.0170189 0
0 3282 phononL 0.004 -0.348273 -1.26477 0.000894926 0
0 3283 phononL 0.004 -1.3722 -0.542475 -0.00992701 0
0 3284 phononL 0.004 1.47847 -1.62317 0.0117593 0
0 3285 phononL 0.004 -1.45908 1.01065 0.00526303 0
0 3286 phononL 0.004 -0.172114 -0.437409 -0.030726 0
0 3287 phononL 0.004 1.4667 0.681035 0.0105272 0
0 3288 phononL 0.004 -0.467271 1.11006 0.000978172 0
0 3289 phononL 0.004 0.825327 1.51334 0.0288821 0
0 3290 phononL 0.004 -0.232972 0.81114 0.017685 0
0 3291 phononL 0.004 0.10561 1.55853 -0.0286826 0
0 3292 phononL 0.004 -1.11954 0.902561 0.0347058 0
0 3293 phononL 0.004 1.36578 -0.63631 -0.0390876 0
0 3294 phononL 0.004 -0.921181 0.953262 0.0285019 0
0 3295 phononL 0.004 -1.10507 -0.161455 0.00748948 0
0 3296 phononL 0.004 0.244324 -1.0327 -0.0162012 0
0 3297 phononL 0.004 -0.321634 -1.34824 0.0248547 0
0 3298 phononL 0.004 1.43195 0.681963 0.0278168 0
0 3299 phononL 0.004 -1.64448 0.679487 -0.00907961 0
0 3300 phononL 0.004 1.14721 -0.252496 -0.00663822 0
0 3301 phononL 0.004 1.19413 -0.714969 0.0269623 0
0 3302 phononL 0.004 -0.887668 0.305502 0.0162326 0
0 3303 phononL 0.004 -0.930306 -0.158227 0.0177511 0
0 3304 phononL 0.004 1.50785 1.48097 0.0184844 0
0 3305 phononL 0.004 -0.473038 -1.43366 -0.00609133 0
0 3306 phononL 0.004 -0.0494472 -0.212757 -0.0108238 0
0 3307 phononL 0.004 1.18783 -0.700765 -0.0315275 0
0 3308 phononL 0.004 0.294967 -1.06459 -0.0182856 0
0 3309 phononL 0.004 -1.55972 0.496256 0.0365148 0
0 3310 phononL 0.004 -1.29256 -1.12711 -0.0223585 0
0 3311 phononL 0.004 -1.1593 1.40853 -0.0167984 0
0 3312 phononL 0.004 -0.963069 0.779972 -0.0351861 0
0 3313 phononL 0.004 1.2079 1.44414 0.0346191 0
0 3314 phononL 0.004 -0.241236 -0.290839 0.0167915 0
0 3315 phononL 0.004 -1.64981 1.34066 0.0133224 0
0 3316 phononL 0.004 0.768265 0.347985 0.00145795 0
0 3317 phononL 0.004 -0.536021 -0.575501 0.00465559 0
0 3318 phononL 0.004 -0.772085 0.327262 -0.036845 0
0 3319 phononL 0.004 -0.839125 0.350172 -0.0146093 0
0 3320 phononL 0.004 -0.0244686 -1.4778 -0.0267826 0
0 3321 phononL 0.004 0.0652407 -0.384964 0.0268909 0
0 3322 phononL 0.004 1.55861 0.729163 -0.0304125 0
0 3323 phononL 0.004 0.914807 0.9323 0.00825334 0
0 3324 phononL 0.004 0.299847 -0.951155 0.0397102 0
0 3325 phononL 0.004 -0.0924246 0.683482 0.032323 0
0 3326 phononL 0.004 -0.0629097 -0.673306 -0.0172391 0
0 3327 phononL 0.004 -0.394383 -1.16052 0.0180499 0
0 3328 phononL 0.004 -0.938694 1.0065 -0.036281 0
0 3329 phononL 0.004 -0.702515 1.57359 -0.0150725 0
0 3330 phononL 0.004 0.305219 0.716258 -0.0206168 0
0 3331 phononL 0.004 -0.0696631 1.36199 -0.037882 0
0 3332 phononL 0.004 -0.670485 -0.316153 -0.0382839 0
0 3333 phononL 0.004 1.57347 0.0925939 -0.0270777 0
0 3334 phononL 0.004 1.36296 -1.54504 -0.0390499 0
0 3335 phononL 0.004 0.747677 0.392981 0.0314585 0
0 3336 phononL 0.004 1.32574 0.188342 -0.026203 0
0 3337 phononL 0.004 0.647619 -0.223186 0.0389621 0
0 3338 phononL 0.004 0.558795 -1.43577 -0.0196232 0
0 3339 phononL 0.004 1.59313 0.537538 -0.000972313 0
0 3340 phononL 0.004 -1.49257 -0.938372 -0.000981619 0
0 3341 phononL 0.004 0.0895775 0.277259 0.00432907 0
0 3342 phononL 0.004 0.789423 -0.812899 -0.0147998 0
0 3343 phononL 0.004 -0.342563 0.552505 0.0366254 0
0 3344 phononL 0.004 -0.688934 0.036792 0.00922395 0
0 3345 phononL 0.004 -0.532589 -1.29863 -0.0145929 0
0 3346 phononL 0.004 -0.868351 -0.474368 0.0248907 0
0 3347 phononL 0.004 0.261673 -1.01646 -0.0230482 0
0 3348 phononL 0.004 1.3296 -1.15927 -0.0262627 0
0 3349 phononL 0.004 0.665812 0.042149 0.0124372 0
0 3350 phononL 0.004 -0.149695 -1.59162 0.0150199 0
0 3351 phononL 0.004 -1.16196 -1.20879 -0.00494347 0
0 3352 phononL 0.004 -1.60908 0.791981 0.0239044 0
0 3353 phononL 0.004 -0.691924 -0.265328 -0.0254163 0
0 3354 phononL 0.004 -0.293473 -0.934117 -0.0279393 0
0 3355 phononL 0.004 -0.113991 -0.963179 -0.0225217 0
0 3356 phononL 0.004 1.42596 0.313761 0.0193664 0
0 3357 phononL 0.004 -0.829714 -0.342487 0.0385929 0
0 3358 phononL 0.004 0.402327 -1.44655 -0.0239967 0
0 3359 phononL 0.004 -1.04299 -0.64912 0.0290412 0
0 3360 phononL 0.004 -0.641635 0.928994 0.0278722 0
0 3361 phononL 0.004 0.884144 0.823545 -0.0123871 0
0 3362 phononL 0.004 1.36212 -0.476819 0.0246048 0
0 3363 phononL 0.004 0.221804 -0.628768 -0.019368 0
0 3364 phononL 0.004 1.63798 0.838018 0.039566 0
0 3365 phononL 0.004 -0.0428218 -0.719107 -0.00673892 0
0 3366 phononL 0.004 0.40342 0.524218 0.00244343 0
0 3367 phononL 0.004 -1.0781 -0.358496 -0.00351348 0
0 3368 phononL 0.004 0.719265 1.48806 0.00439488 0
0 3369 phononL 0.004 -0.189538 1.07499 0.023324 0
0 3370 phononL 0.004 0.988067 -1.56599 0.0350375 0
0 3371 phononL 0.004 1.2228 0.954622 0.0229629 0
0 3372 phononL 0.004 0.115867 -1.51008 -0.015155 0
0 3373 phononL 0.004 0.127217 1.45773 0.0113205 0
0 3374 phononL 0.004 -1.16942 -1.12899 0.020744 0
0 3375 phononL 0.004 -1.3423 0.587109 0.0367319 0
0 3376 phononL 0.004 -0.64894 -1.44377 0.0251125 0
0 3377 phononL 0.004 0.161275 1.30576 -0.0152831 0
0 3378 phononL 0.004 1.09684 -1.12369 -0.001026 0
0 3379 phononL 0.004 -0.872022 -1.08166 -0.0356228 0
0 3380 phononL 0.004 -0.928307 0.061904 -0.0386585 0
0 3381 phononL 0.004 0.500967 1.61143 -0.00984092 0
0 3382 phononL 0.004 0.234405 -0.635294 -0.0320213 0
0 3383 phononL 0.004 1.12819 -1.42438 -0.00498061 0
0 3384 phononL 0.004 -0.974676 -1.39022 0.032408 0
0 3385 phononL 0.004 -0.292758 -1.29667 -0.018226 0
0 3386 phononL 0.004 -0.241352 0.0788716 -0.020113 0
0 3387 phononL 0.004 -1.02101 -1.16132 0.00619383 0
0 3388 phononL 0.004 -0.993705 0.387251 -0.0263725 0
0 3389 phononL 0.004 0.605279 -1.23604 -0.0158691 0
0 3390 phononL 0.004 1.09888 -0.935002 0.0192362 0
0 3391 phononL 0.004 -0.239358 -0.47792 0.0314115 0
0 3392 phononL 0.004 0.526134 1.29514 0.0162895 0
0 3393 phononL 0.004 -0.155949 -0.581818 -0.0120015 0
0 3394 phononL 0.004 -1.20797 -0.522138 -0.0338953 0
0 3395 phononL 0.004 0.309469 -1.5619 0.0359408 0
0 3396 phononL 0.004 -1.39351 -0.812699 -0.0344218 0
0 3397 phononL 0.004 -0.774842 -1.53785 -0.00690716 0
0 3398 phononL 0.004 -0.936577 0.547812 0.000878391 0
0 3399 phononL 0.004 -0.261887 0.141951 -0.0374027 0
0 3400 phononL 0.004 0.818362 1.47507 0.00996909 0
0 3401 phononL 0.004 0.612084 -0.672368 0.0154754 0
0 3402 phononL 0.004 0.484182 0.980912 0.0380076 0
0 3403 phononL 0.004 -1.578 1.27571 -0.0399912 0
0 3404 phononL 0.004 1.13072 -1.53223 0.0265184 0
0 3405 phononL 0.004 0.773473 1.63433 -0.0269402 0
0 3406 phononL 0.004 0.973611 1.40839 -0.0349751 0
0 3407 phononL 0.004 0.266418 1.29764 0.0317584 0
0 3408 phononL 0.004 -0.424094 -0.74273 -0.0337735 0
0 3409 phononL 0.004 0.712946 1.6455 -0.0175087 0
0 3410 phononL 0.004 -1.34308 1.05273 -0.0339512 0
0 3411 phononL 0.004 -0.252931 -1.53014 -0.0128378 0
0 3412 phononL 0.004 -0.440795 -0.0967187 0.0142031 0
0 3413 phononL 0.004 1.12623 0.85546 0.0321369 0
0 3414 phononL 0.004 -0.857831 -0.949699 -0.0133142 0
0 3415 phononL 0.004 0.780797 0.829128 -0.0315533 0
0 3416 phononL 0.004 -0.822961 -0.0155814 0.0342026 0
0 3417 phononL 0.004 0.557444 0.972826 -0.0347436 0
0 3418 phononL 0.004 0.211425 -0.121348 -0.0212914 0
0 3419 phononL 0.004 -0.0422883 -0.104056 -0.011419 0
0 3420 phononL 0.004 1.59304 0.859193 -0.0194534 0
0 3421 phononL 0.004 -1.17677 1.40361 -0.0147734 0
0 3422 phononL 0.004 1.05791 0.85195 -0.0247398 0
0 3423 phononL 0.004 -0.826551 -1.54957 -0.0225765 0
0 3424 phononL 0.004 -1.42948 -0.644059 -0.0399931 0
0 3425 phononL 0.004 1.00197 1.0476 0.017188 0
0 3426 phononL 0.004 0.912997 -1.54365 -0.0158107 0
0 3427 phononL 0.004 1.43556 1.56508 -0.0236156 0
0 3428 phononL 0.004 0.315315 -0.818322 0.0382364 0
0 3429 phononL 0.004 1.07853 1.33772 0.00242259 0
0 3430 phononL 0.004 1.41674 -0.247325 -0.0135584 0
0 3431 phononL 0.004 0.164486 -1.38673 -0.0330738 0
0 3432 phononL 0.004 -0.324464 -1.37667 0.0261931 0
0 3433 phononL 0.004 0.391895 0.486042 -0.0238065 0
0 3434 phononL 0.004 -1.1205 0.569198 0.0314018 0
0 3435 phononL 0.004 0.390293 1.57636 -0.00897049 0
0 3436 phononL 0.004 1.39136 1.03661 0.0375331 0
0 3437 phononL 0.004 -0.0524441 -1.07211 0.0191572 0
0 3438 phononL 0.004 1.08295 -0.705151 -0.00715957 0
0 3439 phononL 0.004 1.14389 0.594285 0.0143994 0
0 3440 phononL 0.004 -1.25077 1.05268 -0.00807541 0
0 3441 phononL 0.004 1.24402 -0.66589 -0.00891309 0
0 3442 phononL 0.004 1.50366 1.64579 -0.00359182 0
0 3443 phononL 0.004 -1.07697 0.0905609 0.0232444 0
0 3444 phononL 0.004 -0.0877854 -1.2379 -0.0054451 0
0 3445 phononL 0.004 -0.452369 0.287958 -0.0394248 0
0 3446 phononL 0.004 0.60587 1.48613 -0.029838 0
0 3447 phononL 0.004 0.952816 0.881675 -0.00719864 0
0 3448 phononL 0.004 -1.42337 -0.937084 -0.0223293 0
0 3449 phononL 0.004 0.414543 -0.295957 -0.0361489 0
0 3450 phononL 0.004 1.24708 0.751485 0.0387997 0
0 3451 phononL 0.004 -0.9892 -1.6396 -0.0303481 0
0 3452 phononL 0.004 -1.48504 -1.3758 -0.00180685 0
0 3453 phononL 0.004 0.265131 -0.246922 0.0392973 0
0 3454 phononL 0.004 -1.61588 -0.493243 0.0340199 0
0 3455 phononL 0.004 0.729979 1.48168 -0.00991222 0
0 3456 phononL 0.004 0.805879 1.08325 -0.00136757 0
0 3457 phononL 0.004 -1.03372 0.795633 0.0219738 0
0 3458 phononL 0.004 0.289422 -0.699622 0.0311759 0
0 3459 phononL 0.004 -1.2883 1.66316 -0.00960535 0
0 3460 phononL 0.004 -0.730086 -0.334077 0.00586746 0
0 3461 phononL 0.004 0.9416 1.00433 -0.00272402 0
0 3462 phononL 0.004 0.598152 1.43984 -0.00366966 0
0 3463 phononL 0.004 -0.48612 0.330551 -0.0359342 0
0 3464 phononL 0.004 -1.64787 0.241103 0.00821709 0
0 3465 phononL 0.004 -1.30149 -0.468084 -0.0164247 0
0 3466 phononL 0.004 1.26767 -0.772676 -0.0248536 0
0 3467 phononL 0.004 -0.598117 -0.512512 0.0293046 0
0 3468 phononL 0.004 0.481118 -0.927328 -0.0120549 0
0 3469 phononL 0.004 -1.40102 -1.04728 0.0210535 0
0 3470 phononL 0.004 1.41451 -0.611318 0.0228202 0
0 3471 phononL 0.004 -1.64231 -0.593302 0.0362414 0
0 3472 phononL 0.004 -1.01874 -1.23447 0.028529 0
0 3473 phononL 0.004 1.1292 0.307722 -0.0177427 0
0 3474 phononL 0.004 0.301991 1.07287 -0.0323649 0
0 3475 phononL 0.004 -1.37249 -1.41577 0.0133104 0
0 3476 phononL 0.004 -1.36196 -1.28109 -0.00107837 0
0 3477 phononL 0.004 -0.603214 -1.61211 -0.0143558 0
0 3478 phononL 0.004 0.183043 -0.710793 -0.0199286 0
0 3479 phononL 0.004 -0.808795 -1.58288 -0.0287449 0
0 3480 phononL 0.004 -0.938759 -0.27716 -0.00276248 0
0 3481 phononL 0.004 0.639081 1.59641 0.00302667 0
0 3482 phononL 0.004 -1.12758 0.297831 0.00295498 0
0 3483 phononL 0.004 -0.551528 1.38919 0.00869247 0
0 3484 phononL 0.004 0.861145 -0.365993 0.0206775 0
0 3485 phononL 0.004 0.409879 -0.554789 0.0218271 0
0 3486 phononL 0.004 -0.171145 0.595007 0.0362945 0
0 3487 phononL 0.004 -0.891765 -0.506695 0.0318941 0
0 3488 phononL 0.004 0.55304 -0.578379 -0.00194858 0
0 3489 phononL 0.004 0.503239 1.43774 -0.00168784 0
0 3490 phononL 0.004 0.131206 -1.19134 -0.0280779 0
0 3491 phononL 0.004 0.137407 -0.201073 -0.0272371 0
0 3492 phononL 0.004 1.07053 0.619312 -0.00570073 0
0 3493 phononL 0.004 0.812147 0.260654 0.0105552 0
0 3494 phononL 0.004 0.805223 -1.0952 -0.00538206 0
0 3495 phononL 0.004 -1.30147 1.12661 -0.0386554 0
0 3496 phononL 0.004 -1.33196 -0.347972 -0.0174881 0
0 3497 phononL 0.004 -0.678819 1.00194 -0.0142233 0
0 3498 phononL 0.004 -0.889265 0.497159 0.038698 0
0 3499 phononL 0.004 -1.13985 -0.027173 -0.0184293 0
0 3500 phononL 0.004 -0.10269 -0.511191 0.000476466 0
0 3501 phononL 0.004 1.25611 0.917034 -0.019913 0
0 3502 phononL 0.004 0.138248 1.00984 -0.0268128 0
0 3503 phononL 0.004 -1.61915 -1.38275 -0.00631657 0
0 3504 phononL 0.004 -0.095052 -0.398352 -0.0169124 0
0 3505 phononL 0.004 0.642554 0.380627 -0.0356346 0
0 3506 phononL 0.004 0.655692 0.725149 0.0317606 0
0 3507 phononL 0.004 -1.56352 0.044853 -0.034496 0
0 3508 phononL 0.004 -0.351925 1.52318 0.00826897 0
0 3509 phononL 0.004 0.460572 1.29722 0.00675909 0
0 3510 phononL 0.004 -1.03011 0.95668 -0.0345741 0
0 3511 phononL 0.004 0.0507785 0.360571 0.0249555 0
0 3512 phononL 0.004 -0.111888 1.54435 -0.0381948 0
0 3513 phononL 0.004 -0.300823 -1.37695 0.0393308 0
0 3514 phononL 0.004 -0.558007 -0.854848 -2.60625e-05 0
0 3515 phononL 0.004 1.1064 -0.277574 -0.014848 0
0 3516 phononL 0.004 -1.45007 -1.59499 0.0379277 0
0 3517 phononL 0.004 -0.759773 0.145496 0.0147794 0
0 3518 phononL 0.004 0.371207 0.561428 0.00517954 0
0 3519 phononL 0.004 0.639225 0.561664 -0.0188889 0
0 3520 phononL 0.004 1.55874 1.36944 0.0364411 0
0 3521 phononL 0.004 -0.109185 1.15386 -0.031721 0
0 3522 phononL 0.004 0.317147 1.61955 -0.0234175 0
0 3523 phononL 0.004 0.249239 0.913051 0.0130475 0
0 3524 phononL 0.004 0.454567 -1.13632 -0.00473413 0
0 3525 phononL 0.004 1.63015 0.439749 -0.0345238 0
0 3526 phononL 0.004 1.60763 -1.41566 0.00854677 0
0 3527 phononL 0.004 -0.56798 -0.460971 -0.0197 0
0 3528 phononL 0.004 1.50452 0.249762 0.0360013 0
0 3529 phononL 0.004 0.78421 0.919845 -0.00763597 0
0 3530 phononL 0.004 1.19195 1.11335 0.030819 0
0 3531 phononL 0.004 0.791317 -1.08925 0.00792689 0
0 3532 phononL 0.004 0.634768 -1.2139 0.0217901 0
0 3533 phononL 0.004 1.61711 -1.57165 0.0181544 0
0 3534 phononL 0.004 1.13787 0.248018 0.0345608 0
0 3535 phononL 0.004 1.09468 1.3954 -0.00659106 0
0 3536 phononL 0.004 1.42254 1.44831 -0.0167949 0
0 3537 phononL 0.004 -1.49851 -0.889645 0.0320392 0
0 3538 phononL 0.004 0.216171 1.52165 -0.0343895 0
0 3539 phononL 0.004 -0.959583 0.891422 0.00830662 0
0 3540 phononL 0.004 0.398236 1.00284 0.00794147 0
0 3541 phononL 0.004 -1.169 -0.938439 0.0259373 0
0 3542 phononL 0.004 1.66059 -1.40783 0.0106426 0
0 3543 phononL 0.004 -0.517706 -0.365383 0.00460206 0
0 3544 phononL 0.004 -0.256926 0.186738 -0.0173919 0
0 3545 phononL 0.004 -0.168064 -0.852876 -0.028204 0
0 3546 phononL 0.004 1.31885 -0.439543 -0.00406498 0
0 3547 phononL 0.004 -0.248262 0.690066 -0.0285572 0
0 3548 phononL 0.004 0.0955358 1.00038 -0.0330748 0
0 3549 phononL 0.004 -1.2208 0.214904 0.0330816 0
0 3550 phononL 0.004 1.1328 1.23867 0.0245512 0
0 3551 phononL 0.004 1.0568 -0.284606 -0.0306193 0
0 3552 phononL 0.004 0.78711 0.0976543 0.00890696 0
0 3553 phononL 0.004 0.196933 0.98988 0.0287948 0
0 3554 phononL 0.004 -1.13045 -0.653299 -0.0236034 0
0 3555 phononL 0.004 1.01871 -1.6533 0.0199564 0
0 3556 phononL 0.004 -0.210087 1.04992 0.0217683 0
0 3557 phononL 0.004 -1.65157 1.27986 0.0277036 0
0 3558 phononL 0.004 -0.181416 -1.53845 0.0018477 0
0 3559 phononL 0.004 1.39276 1.37888 0.00530006 0
0 3560 phononL 0.004 0.227578 -1.40083 0.00958751 0
0 3561 phononL 0.004 1.56108 -0.76721 -0.00799543 0
0 3562 phononL 0.004 1.54631 0.0177808 -0.00971738 0
0 3563 phononL 0.004 0.454575 -0.58882 -0.0197561 0
0 3564 phononL 0.004 0.249276 0.173068 -0.0119678 0
0 3565 phononL 0.004 1.09184 -1.01032 -0.0290904 0
0 3566 phononL 0.004 0.65713 1.54959 -0.0149257 0
0 3567 phononL 0.004 0.46925 -0.766446 0.00110658 0
0 3568 phononL 0.004 1.6599 -0.827159 -0.0303693 0
0 3569 phononL 0.004 -0.854067 0.304334 -0.0266474 0
0 3570 phononL 0.004 1.59586 1.55656 -0.0184632 0
0 3571 phononL 0.004 -0.841056 1.53615 0.00346495 0
0 3572 phononL 0.004 0.107923 -0.404033 0.0209449 0
0 3573 phononL 0.004 0.663752 1.51747 -0.0295294 0
0 3574 phononL 0.004 -1.2055 1.38517 -0.0372225 0
0 3575 phononL 0.004 -1.40953 0.355938 -0.019237 0
0 3576 phononL 0.004 1.40958 0.0468685 0.0172864 0
0 3577 phononL 0.004 1.26517 -1.00508 0.0330235 0
0 3578 phononL 0.004 -0.512663 -1.53079 -0.00551492 0
0 3579 phononL 0.004 -1.55737 -0.312982 0.00735014 0
0 3580 phononL 0.004 1.40994 0.891851 -0.0387227 0
0 3581 phononL 0.004 -1.31463 -0.770308 0.00283103 0
0 3582 phononL 0.004 0.375171 -1.17314 0.0194933 0
0 3583 phononL 0.004 -0.093027 -0.880024 0.0366187 0
0 3584 phononL 0.004 -0.234749 1.09336 -0.0348194 0
0 3585 phononL 0.004 -0.838939 -0.939218 0.0183603 0
0 3586 phononL 0.004 -0.0323988 -1.05405 -0.0299256 0
0 3587 phononL 0.004 1.10136 -1.47542 0.0109257 0
0 3588 phononL 0.004 1.32227 0.720172 0.0159985 0
0 3589 phononL 0.004 -0.276022 -0.670815 -0.0384471 0
0 3590 phononL 0.004 -0.235972 1.60616 0.00716154 0
0 3591 phononL 0.004 -0.916987 1.17607 -0.0379051 0
0 3592 phononL 0.004 1.23196 -0.548743 0.034138 0
0 3593 phononL 0.004 1.44034 -1.18792 -0.00558885 0
0 3594 phononL 0.004 -0.658395 1.5551 -0.0347975 0
0 3595 phononL 0.004 1.34524 1.23536 0.0232139 0
0 3596 phononL 0.004 -0.581892 -0.770015 -0.0344122 0
0 3597 phononL 0.004 -0.0544767 -1.09029 -0.0157771 0
0 3598 phononL 0.004 0.118977 0.539609 0.00829818 0
0 3599 phononL 0.004 1.03975 0.825604 -0.0367666 0
0 3600 phononL 0.004 0.742164 -0.610935 -0.00878067 0
0 3601 phononL 0.004 0.103578 0.11232 -0.0328379 0
0 3602 phononL 0.004 1.07118 -0.612778 0.00537929 0
0 3603 phononL 0.004 0.114352 1.24385 0.010228 0
0 3604 phononL 0.004 0.773993 -0.449028 -0.0081355 0
0 3605 phononL 0.004 -1.50743 0.673962 -0.00272658 0
0 3606 phononL 0.004 -1.29791 -1.39734 -0.0378491 0
0 3607 phononL 0.004 0.608883 -1.18842 0.038187 0
0 3608 phononL 0.004 -0.886514 -1.12763 -0.019786 0
0 3609 phononL 0.004 1.40733 -1.64227 0.0324004 0
0 3610 phononL 0.004 0.0225469 -1.58664 0.00154053 0
0 3611 phononL 0.004 1.51376 -0.415714 -0.0204767 0
0 3612 phononL 0.004 0.918179 1.37556 0.0350886 0
0 3613 phononL 0.004 -1.11408 -1.26462 -0.0158469 0
0 3614 phononL 0.004 1.3812 -0.469975 0.0146372 0
0 3615 phononL 0.004 1.61222 1.20156 0.00319557 0
0 3616 phononL 0.004 -1.04814 0.686034 0.0257954 0
0 3617 phononL 0.004 -1.66461 -1.26015 0.0177065 0
0 3618 phononL 0.004 -1.37884 0.97789 -0.0187316 0
0 3619 phononL 0.004 -0.489798 1.57491 0.00108986 0
0 3620 phononL 0.004 -0.708795 -0.376654 -0.0217152 0
0 3621 phononL 0.004 -0.206778 0.566128 -0.0378273 0
0 3622 phononL 0.004 0.596383 -0.892167 0.0356255 0
0 3623 phononL 0.004 -0.627066 0.539201 0.00711303 0
0 3624 phononL 0.004 -1.4087 1.36313 0.00820094 0
0 3625 phononL 0.004 -0.561983 -1.20145 -0.0015215 0
0 3626 phononL 0.004 1.05075 1.28362 -0.00875107 0
0 3627 phononL 0.004 0.148063 1.45549 0.00245763 0
0 3628 phononL 0.004 -1.59274 0.620351 0.00865377 0
0 3629 phononL 0.004 -0.177327 0.860287 0.0351661 0
0 3630 phononL 0.004 -0.424215 0.126064 0.00111835 0
0 3631 phononL 0.004 -1.48841 -0.794674 -0.0352553 0
0 3632 phononL 0.004 1.04604 -0.173751 -0.012736 0
0 3633 phononL 0.004 -0.086614 -1.65393 0.0308548 0
0 3634 phononL 0.004 -0.641902 1.65108 -0.0248684 0
0 3635 phononL 0.004 -0.204337 0.242704 0.00574432 0
0 3636 phononL 0.004 0.395927 -1.55281 0.0024476 0
0 3637 phononL 0.004 0.297933 -0.49173 -0.0392634 0
0 3638 phononL 0.004 0.473135 -0.618206 -0.00287301 0
0 3639 phononL 0.004 -0.31662 1.59937 -0.0152616 0
0 3640 phononL 0.004 -0.204556 1.11955 -0.000921859 0
0 3641 phononL 0.004 -0.0388882 0.882822 0.0223681 0
0 3642 phononL 0.004 -0.768359 -0.178518 -0.0268907 0
0 3643 phononL 0.004 -0.456675 -1.2649 0.029465 0
0 3644 phononL 0.004 1.33371 1.17141 -0.0145056 0
0 3645 phononL 0.004 0.547512 -1.19934 -0.0366513 0
0 3646 phononL 0.004 0.063227 -0.612163 0.0162665 0
0 3647 phononL 0.004 1.27409 -0.78446 -0.000979214 0
0 3648 phononL 0.004 -0.638232 -1.09198 0.0242966 0
0 3649 phononL 0.004 -1.28594 0.70025 -0.0290399 0
0 3650 phononL 0.004 0.977522 1.2086 0.0120621 0
0 3651 phononL 0.004 -1.27874 1.01329 0.0284271 0
0 3652 phononL 0.004 1.32473 1.25922 0.0134387 0
0 3653 phononL 0.004 1.64406 -0.852303 0.0234426 0
0 3654 phononL 0.004 1.28578 1.10037 0.0215306 0
0 3655 phononL 0.004 0.440246 -1.29082 0.0325602 0
0 3656 phononL 0.004 0.753274 1.35939 0.0188935 0
0 3657 phononL 0.004 -0.775076 -1.65093 -0.00130315 0
0 3658 phononL 0.004 -0.919447 -1.5153 0.0101853 0
0 3659 phononL 0.004 1.05843 0.482416 0.0193576 0
0 3660 phononL 0.004 0.554152 -0.0505549 0.00219713 0
0 3661 phononL 0.004 -1.44081 1.60164 -0.0247051 0
0 3662 phononL 0.004 0.700212 0.803885 -0.0280539 0
0 3663 phononL 0.004 -1.37515 -0.58965 0.0190009 0
0 3664 phononL 0.004 1.56076 0.414358 -0.0312661 0
0 3665 phononL 0.004 -0.828807 0.898782 -0.00216958 0
0 3666 phononL 0.004 0.180339 -1.39053 0.0170516 0
0 3667 phononL 0.004 -1.25784 -1.14804 0.0378996 0
0 3668 phononL 0.004 -1.41972 0.384474 -0.0109243 0
0 3669 phononL 0.004 1.6218 -0.363884 -0.031051 0
0 3670 phononL 0.004 -0.468337 -0.0380665 -0.00845996 0
0 3671 phononL 0.004 -1.44772 -1.6073 -0.0264177 0
0 3672 phononL 0.004 0.0777822 -1.30154 -0.00281282 0
0 3673 phononL 0.004 -0.911646 -0.793348 0.00670433 0
0 3674 phononL 0.004 0.78916 -0.400825 -0.0361989 0
0 3675 phononL 0.004 1.52693 1.60803 0.0165756 0
0 3676 phononL 0.004 -1.38963 0.205091 -0.000468669 0
0 3677 phononL 0.004 -1.11557 -0.590809 0.0360606 0
0 3678 phononL 0.004 -1.42507 -0.784818 -0.0125485 0
0 3679 phononL 0.004 0.117878 -1.43357 -0.0114906 0
0 3680 phononL 0.004 1.23181 1.13763 0.0383199 0
0 3681 phononL 0.004 0.978335 1.64439 -0.013274 0
0 3682 phononL 0.004 0.616245 0.565045 -0.0260706 0
0 3683 phononL 0.004 1.03032 -0.386606 0.0375783 0
0 3684 phononL 0.004 -0.549954 -1.35517 0.03985 0
0 3685 phononL 0.004 -0.428114 -0.882117 -0.0183514 0
0 3686 phononL 0.004 -0.0714832 0.267299 0.0192537 0
0 3687 phononL 0.004 -0.483656 0.770808 0.0214896 0
0 3688 phononL 0.004 0.234752 0.718819 -0.0319598 0
0 3689 phononL 0.004 -1.02184 -0.879637 -0.0192066 0
0 3690 phononL 0.004 0.767791 1.39244 -0.0253999 0
0 3691 phononL 0.004 0.577769 -1.19387 -0.0187379 0
0 3692 phononL 0.004 1.21751 -0.00712888 -0.0375041 0
0 3693 phononL 0.004 -0.429601 0.312358 -0.00350669 0
0 3694 phononL 0.004 1.64371 0.242396 0.00556199 0
0 3695 phononL 0.004 -1.39454 -1.49241 -0.0157594 0
0 3696 phononL 0.004 -0.898702 1.60097 0.00623391 0
0 3697 phononL 0.004 0.429994 -0.698072 0.0190849 0
0 3698 phononL 0.004 -1.59238 1.54131 0.00410643 0
0 3699 phononL 0.004 -0.244405 0.825438 -0.00111863 0
0 3700 phononL 0.004 -1.06955 0.686109 0.0157834 0
0 3701 phononL 0.004 1.06518 -0.686919 -0.0081773 0
0 3702 phononL 0.004 -0.813982 -1.23081 -0.013685 0
0 3703 phononL 0.004 1.45542 1.51034 0.0307055 0
0 3704 phononL 0.004 -0.044957 -0.206548 0.0147556 0
0 3705 phononL 0.004 -1.25811 0.883626 0.0384929 0
0 3706 phononL 0.004 0.976549 -0.527878 0.0104122 0
0 3707 phononL 0.004 -0.111191 -1.58878 -0.0159432 0
0 3708 phononL 0.004 0.188897 0.83938 -0.0373718 0
0 3709 phononL 0.004 1.3851 0.071898 -0.0263162 0
0 3710 phononL 0.004 0.0381914 1.03303 -0.02108 0
0 3711 phononL 0.004 -1.3407 0.232604 0.0151644 0
0 3712 phononL 0.004 1.4011 -1.20022 0.0376502 0
0 3713 phononL 0.004 0.0424173 -0.0147026 -0.0161393 0
0 3714 phononL 0.004 -0.241303 0.359586 -0.0263247 0
0 3715 phononL 0.004 -1.32435 -1.60023 0.00189637 0
0 3716 phononL 0.004 0.386476 0.702374 -0.016853 0
0 3717 phononL 0.004 -1.48855 -0.406483 0.0375536 0
0 3718 phononL 0.004 0.111403 -1.14968 0.0115449 0
0 3719 phononL 0.004 -1.52078 1.35087 0.00351578 0
0 3720 phononL 0.004 0.475743 1.57742 0.030112 0
0 3721 phononL 0.004 0.53781 -1.06178 -0.0275448 0
0 3722 phononL 0.004 0.101958 -0.718866 0.0239862 0
0 3723 phononL 0.004 -1.0987 -0.1622 -0.00372692 0
0 3724 phononL 0.004 -0.066081 1.50871 0.0208283 0
0 3725 phononL 0.004 -1.28416 -0.764768 -0.038587 0
0 3726 phononL 0.004 -1.50438 0.0451864 -0.0280269 0
0 3727 phononL 0.004 1.2826 1.16011 0.00112122 0
0 3728 phononL 0.004 1.2529 -1.46708 -0.031554 0
0 3729 phononL 0.004 -1.14366 0.945659 -0.0189482 0
0 3730 phononL 0.004 1.53164 0.679603 0.00726865 0
0 3731 phononL 0.004 1.04542 -0.258786 0.0136895 0
0 3732 phononL 0.004 -0.491761 1.14618 0.0381193 0
0 3733 phononL 0.004 -0.625021 -0.584498 -0.00762936 0
0 3734 phononL 0.004 0.251008 0.767737 0.0301093 0
0 3735 phononL 0.004 0.491338 1.54039 -0.00367385 0
0 3736 phononL 0.004 -0.970281 -0.166808 -0.017949 0
0 3737 phononL 0.004 -1.3561 1.44813 0.0391299 0
0 3738 phononL 0.004 1.28828 0.239466 0.0297837 0
0 3739 phononL 0.004 -0.872705 -1.47248 0.0283857 0
0 3740 phononL 0.004 -0.532489 1.07715 -0.00264764 0
0 3741 phononL 0.004 -0.957438 0.686997 -0.00762345 0
0 3742 phononL 0.004 -0.400349 -0.146798 -0.00179776 0
0 3743 phononL 0.004 -0.572003 -0.616067 -0.0203292 0
0 3744 phononL 0.004 0.64032 0.614021 -0.0294589 0
0 3745 phononL 0.004 1.60537 -1.41482 -0.02826 0
0 3746 phononL 0.004 1.46547 0.883017 0.023045 0
0 3747 phononL 0.004 -1.40358 -0.094103 0.0163918 0
0 3748 phononL 0.004 -0.747806 -1.39498 -0.0048243 0
0 3749 phononL 0.004 0.868568 1.27183 -0.00316967 0
0 3750 phononL 0.004 -0.31689 -1.08186 -0.0272787 0
0 3751 phononL 0.004 -1.3544 -0.247616 -0.0169534 0
0 3752 phononL 0.004 0.878978 0.69497 -0.00373415 0
0 3753 phononL 0.004 -0.362353 1.35025 -0.0248137 0
0 3754 phononL 0.004 0.952787 -1.09065 -0.033277 0
0 3755 phononL 0.004 -1.41362 0.965358 -0.01759 0
0 3756 phononL 0.004 -0.951824 1.65825 0.0352835 0
0 3757 phononL 0.004 -0.978165 -1.30427 0.0373843 0
0 3758 phononL 0.004 1.0215 1.38379 -0.0117496 0
0 3759 phononL 0.004 0.591919 -1.03173 -0.0213229 0
0 3760 phononL 0.004 -0.827345 1.21594 -0.0101089 0
0 3761 phononL 0.004 1.22563 -1.49908 -0.0232916 0
0 3762 phononL 0.004 -1.17414 1.47889 0.031127 0
0 3763 phononL 0.004 1.36536 0.516409 0.00738766 0
0 3764 phononL 0.004 1.24539 1.38642 -0.0159215 0
0 3765 phononL 0.004 0.566926 1.07244 -0.0201124 0
0 3766 phononL 0.004 -0.176243 0.734502 -0.00592685 0
0 3767 phononL 0.004 -0.649724 0.628973 0.0241425 0
0 3768 phononL 0.004 -0.17673 -1.34245 -0.0379786 0
0 3769 phononL 0.004 1.44595 0.639403 0.0162957 0
0 3770 phononL 0.004 -0.9215 -1.31016 -0.0330969 0
0 3771 phononL 0.004 0.656326 -0.999449 -0.0228236 0
0 3772 phononL 0.004 0.311692 1.2253 -0.00969325 0
0 3773 phononL 0.004 -0.209893 -0.647444 0.0226897 0
0 3774 phononL 0.004 -1.11975 1.32559 -0.00490218 0
0 3775 phononL 0.004 -1.49122 -1.4235 0.0116966 0
0 3776 phononL 0.004 1.63893 0.00922417 -0.0048862 0
0 3777 phononL 0.004 -0.111398 0.422525 -0.0210376 0
0 3778 phononL 0.004 -0.985287 1.15628 0.0221289 0
0 3779 phononL 0.004 -0.349337 0.245179 -0.00851409 0
0 3780 phononL 0.004 -1.6378 -1.22831 0.0366796 0
0 3781 phononL 0.004 0.542287 1.28198 0.0077551 0
0 3782 phononL 0.004 0.451151 0.772646 -0.026162 0
0 3783 phononL 0.004 1.62191 0.797244 -0.0342033 0
0 3784 phononL 0.004 0.729373 -0.448522 0.0383713 0
0 3785 phononL 0.004 -0.033505 0.168698 0.0328912 0
0 3786 phononL 0.004 1.40241 1.09056 0.0251626 0
0 3787 phononL 0.004 0.889925 -1.07692 0.0268896 0
0 3788 phononL 0.004 1.49332 0.523322 0.0247695 0
0 3789 phononL 0.004 -0.274016 0.801237 0.0255948 0
0 3790 phononL 0.004 -0.684144 -0.240325 0.0349855 0
0 3791 phononL 0.004 1.593 -1.24342 0.00381327 0
0 3792 phononL 0.004 0.836977 0.545113 -0.00608451 0
0 3793 phononL 0.004 1.21948 -1.47027 -0.0361285 0
0 3794 phononL 0.004 0.00579635 -0.876208 0.011633 0
0 3795 phononL 0.004 0.694642 0.982105 -0.00999294 0
0 3796 phononL 0.004 -0.714745 0.0488327 0.035773 0
0 3797 phononL 0.004 -0.798018 -0.878805 -8.38898e-05 0
0 3798 phononL 0.004 1.30846 1.20391 -0.0186405 0
0 3799 phononL 0.004 -1.47999 -0.838473 0.0301505 0
0 3800 phononL 0.004 0.2044 1.28133 0.00847734 0
0 3801 phononL 0.004 1.40691 -1.02826 0.0163248 0
0 3802 phononL 0.004 -1.45318 0.514961 -0.00184958 0
0 3803 phononL 0.004 0.737526 1.56095 -0.0264701 0
0 3804 phononL 0.004 -0.0167309 0.184151 0.0277329 0
0 3805 phononL 0.004 -0.862749 0.882267 0.0049767 0
0 3806 phononL 0.004 -0.744566 0.53201 0.00674298 0
0 3807 phononL 0.004 1.15767 -1.11238 -0.0304397 0
0 3808 phononL 0.004 1.61903 -0.211097 -0.0080733 0
0 3809 phononL 0.004 0.433827 -0.571205 0.0338577 0
0 3810 phononL 0.004 -0.881534 1.30688 0.0347136 0
0 3811 phononL 0.004 1.44134 -0.186389 0.000889419 0
0 3812 phononL 0.004 0.718325 -0.92104 0.00726425 0
0 3813 phononL 0.004 1.26494 -1.09485 0.0248732 0
0 3814 phononL 0.004 -0.87962 -0.716627 -0.030036 0
0 3815 phononL 0.004 -1.34415 0.659945 0.0339136 0
0 3816 phononL 0.004 -0.0943483 -0.142672 -0.0119231 0
0 3817 phononL 0.004 -1.22902 0.0626758 0.0201831 0
0 3818 phononL 0.004 1.51086 -1.24627 0.00175871 0
0 3819 phononL 0.004 -1.44628 -1.02214 0.0240729 0
0 3820 phononL 0.004 0.803207 0.526236 0.0125645 0
0 3821 phononL 0.004 0.565511 -0.416241 -0.000646455 0
0 3822 phononL 0.004 0.0156323 0.137311 0.030253 0
0 3823 phononL 0.004 1.10653 0.0125276 0.00626034 0
0 3824 phononL 0.004 -1.52013 -0.544741 0.0334104 0
0 3825 phononL 0.004 -1.50097 -1.42484 0.0317728 0
0 3826 phononL 0.004 -0.757582 -0.428846 -0.0320602 0
0 3827 phononL 0.004 1.31933 -1.29407 -0.0284399 0
0 3828 phononL 0.004 -0.95245 0.792705 -0.0398782 0
0 3829 phononL 0.004 1.14586 1.25329 0.0371516 0
0 3830 phononL 0.004 1.40061 -0.345189 0.0112408 0
0 3831 phononL 0.004 0.570681 0.293014 0.0168463 0
0 3832 phononL 0.004 -1.16906 -1.4337 -0.0112315 0
0 3833 phononL 0.004 -0.307523 0.825824 -0.0291527 0
0 3834 phononL 0.004 -1.48146 1.21143 0.0157406 0
0 3835 phononL 0.004 0.121037 -1.01624 -0.0349662 0
0 3836 phononL 0.004 1.38949 1.02863 -0.0229622 0
0 3837 phononL 0.004 1.21277 1.58735 0.0009703 0
0 3838 phononL 0.004 0.488526 -0.795501 -0.0313347 0
0 3839 phononL 0.004 1.31267 -1.17848 -0.0339304 0
0 3840 phononL 0.004 -0.639391 0.438668 -0.0374812 0
0 3841 phononL 0.004 1.43809 -1.15649 -0.0391697 0
0 3842 phononL 0.004 0.919418 -1.28648 0.000417144 0
0 3843 phononL 0.004 1.41083 -0.926498 0.0179411 0
0 3844 phononL 0.004 1.48968 -0.772403 -0.0181741 0
0 3845 phononL 0.004 0.813112 -0.676113 -0.0329221 0
0 3846 phononL 0.004 0.72937 0.163568 -0.032127 0
0 3847 phononL 0.004 0.626986 -0.0767282 0.0323863 0
0 3848 phononL 0.004 -0.870176 1.09631 -0.0370254 0
0 3849 phononL 0.004 -1.64651 -0.467252 -0.00233118 0
0 3850 phononL 0.004 -1.53772 -1.25932 -0.00958716 0
0 3851 phononL 0.004 -0.147566 0.339243 -0.0075783 0
0 3852 phononL 0.004 -0.617092 -0.76037 -0.00104402 0
0 3853 phononL 0.004 1.02582 -1.25768 0.0119138 0
0 3854 phononL 0.004 0.144282 0.618935 -0.0217702 0
0 3855 phononL 0.004 -0.179024 0.32414 -0.00290466 0
0 3856 phononL 0.004 0.0933065 -0.588257 0.00937649 0
0 3857 phononL 0.004 0.37975 0.475327 0.00411396 0
0 3858 phononL 0.004 1.26587 -1.43361 0.0265854 0
0 3859 phononL 0.004 0.0359681 -0.596569 0.00642424 0
0 3860 phononL 0.004 1.51412 -0.525511 -0.00739213 0
0 3861 phononL 0.004 -1.31433 -0.938359 -0.025774 0
0 3862 phononL 0.004 -0.980592 0.692618 -0.0265351 0
0 3863 phononL 0.004 1.14988 -1.63392 0.0325844 0
0 3864 phononL 0.004 -0.366531 0.819801 0.0273959 0
0 3865 phononL 0.004 -0.599223 1.19864 -0.0172643 0
0 3866 phononL 0.004 1.27551 0.196289 -0.0369917 0
0 3867 phononL 0.004 1.2263 -1.3412 -0.0353859 0
0 3868 phononL 0.004 0.221647 -0.108165 0.0099683 0
0 3869 phononL 0.004 1.16491 1.25858 -0.00334682 0
0 3870 phononL 0.004 -1.28561 -0.720567 -0.0296574 0
0 3871 phononL 0.004 1.20582 -1.55737 -0.0128122 0
0 3872 phononL 0.004 0.897497 1.66152 0.0173783 0
0 3873 phononL 0.004 0.214029 -1.63704 0.00319536 0
0 3874 phononL 0.004 -0.481301 1.54221 -0.0395218 0
0 3875 phononL 0.004 -1.08407 -0.31747 -0.0200935 0
0 3876 phononL 0.004 -0.652151 -1.41845 0.0386669 0
0 3877 phononL 0.004 -1.01503 -0.908391 -0.00418445 0
0 3878 phononL 0.004 -1.36167 -0.948977 -0.0316468 0
0 3879 phononL 0.004 0.89244 0.648152 0.0198857 0
0 3880 phononL 0.004 1.22355 -1.63483 -0.00907016 0
0 3881 phononL 0.004 -0.704284 1.33602 -0.0268172 0
0 3882 phononL 0.004 0.0635538 0.726064 0.0220795 0
0 3883 phononL 0.004 -0.334369 -0.952605 -0.0389858 0
0 3884 phononL 0.004 0.482352 0.102716 0.0143146 0
0 3885 phononL 0.004 1.5976 -0.49089 -0.00376885 0
0 3886 phononL 0.004 0.311155 -0.295437 -0.0302624 0
0 3887 phononL 0.004 0.852484 1.64831 -0.0112752 0
0 3888 phononL 0.004 -0.901558 0.596121 -0.0389497 0
0 3889 phononL 0.004 1.19696 -0.865726 -0.0286995 0
0 3890 phononL 0.004 1.31762 -0.0367005 -0.0312704 0
0 3891 phononL 0.004 1.02351 1.32234 -0.0188523 0
0 3892 phononL 0.004 -0.129558 0.775335 -0.00896255 0
0 3893 phononL 0.004 -0.591966 -1.12156 0.0274176 0
0 3894 phononL 0.004 -0.370674 1.51243 0.0236502 0
0 3895 phononL 0.004 1.16609 0.248419 0.0165865 0
0 3896 phononL 0.004 -1.3257 -0.377694 -0.0397303 0
0 3897 phononL 0.004 0.825892 -1.06416 -0.0305504 0
0 3898 phononL 0.004 1.10564 1.52686 -0.0110211 0
0 3899 phononL 0.004 1.66621 -0.114725 0.000903427 0
0 3900 phononL 0.004 -0.346658 0.197518 0.0213342 0
0 3901 phononL 0.004 0.246595 1.38834 0.0103789 0
0 3902 phononL 0.004 1.20658 0.961331 0.00935402 0
0 3903 phononL 0.004 -0.995674 -0.702946 -0.012263 0
0 3904 phononL 0.004 -1.00503 0.58706 0.0206316 0
0 3905 phononL 0.004 -0.955517 0.0201641 -0.0168866 0
0 3906 phononL 0.004 0.0994723 1.62355 0.0172153 0
0 3907 phononL 0.004 -0.302823 -0.0032407 -0.006029 0
0 3908 phononL 0.004 -0.618467 -0.417705 0.0333198 0
0 3909 phononL 0.004 1.43835 1.00092 0.014404 0
0 3910 phononL 0.004 0.468513 -0.898365 0.00854286 0
0 3911 phononL 0.004 1.50617 0.502424 -0.0113277 0
0 3912 phononL 0.004 -0.86924 1.34311 -0.0167003 0
0 3913 phononL 0.004 0.304942 -0.93789 0.0178342 0
0 3914 phononL 0.004 1.60239 -1.53339 -0.0163199 0
0 3915 phononL 0.004 0.767626 0.859306 0.0232813 0
0 3916 phononL 0.004 1.17483 0.178995 0.0357147 0
0 3917 phononL 0.004 -0.319513 0.497398 -0.0392832 0
0 3918 phononL 0.004 0.540004 -1.64763 -0.031863 0
0 3919 phononL 0.004 -1.08691 1.51931 0.016179 0
0 3920 phononL 0.004 -0.743344 -1.23496 0.0267412 0
0 3921 phononL 0.004 0.347407 1.01394 0.0240547 0
0 3922 phononL 0.004 -0.648602 -0.243729 -0.00528196 0
0 3923 phononL 0.004 0.0411278 0.143973 -0.01398 0
0 3924 phononL 0.004 -0.0257064 0.515593 0.000415437 0
0 3925 phononL 0.004 -1.40808 0.833181 0.0117262 0
0 3926 phononL 0.004 -1.62223 -1.03102 -0.00969448 0
0 3927 phononL 0.004 0.735344 1.46687 0.0333979 0
0 3928 phononL 0.004 -1.58328 0.729369 0.0279419 0
0 3929 phononL 0.004 -0.056675 -1.55667 0.0371432 0
0 3930 phononL 0.004 -0.878822 0.463603 -0.0303821 0
0 3931 phononL 0.004 1.37486 1.43728 -0.0391574 0
0 3932 phononL 0.004 -0.761461 0.807756 0.0324883 0
0 3933 phononL 0.004 -0.928023 0.407558 0.0233545 0
0 3934 phononL 0.004 -0.195968 -0.846498 0.0277235 0
0 3935 phononL 0.004 0.516988 -0.481041 0.0285512 0
0 3936 phononL 0.004 -0.48551 0.571154 -0.0178583 0
0 3937 phononL 0.004 1.04705 -1.59885 -0.0366248 0
0 3938 phononL 0.004 0.884597 1.49233 0.0105795 0
0 3939 phononL 0.004 1.45048 0.684791 0.0035463 0
0 3940 phononL 0.004 0.0877334 0.227511 -0.0383974 0
0 3941 phononL 0.004 0.480654 0.632971 -0.0304953 0
0 3942 phononL 0.004 0.0705147 -0.509095 -0.0274855 0
0 3943 phononL 0.004 -1.63315 1.07997 0.0309328 0
0 3944 phononL 0.004 0.000862082 -0.232941 -0.0127905 0
0 3945 phononL 0.004 1.06371 -1.05823 0.0235462 0
0 3946 phononL 0.004 -0.981479 -1.21948 0.0339566 0
0 3947 phononL 0.004 0.397469 0.399673 -0.0213889 0
0 3948 phononL 0.004 -1.03334 0.837833 -0.0275899 0
0 3949 phononL 0.004 0.36013 -1.38684 -0.0292949 0
0 3950 phononL 0.004 0.470022 0.38368 -0.0389222 0
0 3951 phononL 0.004 0.324433 1.58631 -0.0163229 0
0 3952 phononL 0.004 0.633594 0.73389 -0.0303115 0
0 3953 phononL 0.004 -1.56729 1.32753 -0.0320668 0
0 3954 phononL 0.004 0.275692 0.0802611 0.0021952 0
0 3955 phononL 0.004 -0.22696 0.48038 0.0208462 0
0 3956 phononL 0.004 0.011962 -0.858074 -0.0218902 0
0 3957 phononL 0.004 -0.810578 -0.399093 -0.0216729 0
0 3958 phononL 0.004 -1.01154 -0.31062 0.0268053 0
0 3959 phononL 0.004 -1.23802 1.56514 -0.0280884 0
0 3960 phononL 0.004 0.346978 0.486225 -0.000136901 0
0 3961 phononL 0.004 0.457371 0.744944 0.00624644 0
0 3962 phononL 0.004 1.41674 0.242227 0.0347958 0
0 3963 phononL 0.004 0.748159 -1.23777 -0.0305823 0
0 3964 phononL 0.004 -0.26443 1.4688 0.0209766 0
0 3965 phononL 0.004 -1.38033 -0.380952 -0.0196314 0
0 3966 phononL 0.004 0.233763 1.00334 0.00519847 0
0 3967 phononL 0.004 0.0154336 -0.261439 0.00176799 0
0 3968 phononL 0.004 0.081532 0.548646 0.0395257 0
0 3969 phononL 0.004 0.538577 -0.279656 0.00149875 0
0 3970 phononL 0.004 1.23033 -0.296895 -0.0290403 0
0 3971 phononL 0.004 1.18904 -0.523517 0.0304592 0
0 3972 phononL 0.004 -0.581547 -1.4118 0.00624007 0
0 3973 phononL 0.004 0.610634 -0.838949 -0.0397885 0
0 3974 phononL 0.004 1.45383 0.229178 -0.0112946 0
0 3975 phononL 0.004 -0.380039 -0.417692 0.029474 0
0 3976 phononL 0.004 -0.475319 -1.04381 0.00792474 0
0 3977 phononL 0.004 1.66061 0.963894 -0.00531095 0
0 3978 phononL 0.004 0.786596 -0.31723 0.0379466 0
0 3979 phononL 0.004 1.64372 -0.458486 -0.0299755 0
0 3980 phononL 0.004 -1.41655 -1.20418 -0.00735758 0
0 3981 phononL 0.004 -0.704638 -0.410949 -2.56738e-05 0
0 3982 phononL 0.004 -0.473816 -1.37562 0.0185323 0
0 3983 phononL 0.004 -0.565243 -0.37976 -0.0109784 0
0 3984 phononL 0.004 -1.41567 -0.4694 0.0373616 0
0 3985 phononL 0.004 0.498459 -0.317011 0.0377248 0
0 3986 phononL 0.004 -1.1627 -0.759374 0.0379697 0
0 3987 phononL 0.004 0.658808 -0.699785 -0.00198186 0
0 3988 phononL 0.004 -1.5716 1.15886 -0.0104846 0
0 3989 phononL 0.004 -1.6403 -0.710665 0.00150447 0
0 3990 phononL 0.004 0.674163 -0.37079 0.0150899 0
0 3991 phononL 0.004 -0.704151 0.692072 -0.00571198 0
0 3992 phononL 0.004 -0.388958 0.0354765 -0.0203289 0
0 3993 phononL 0.004 0.281856 -1.49115 -0.0207918 0
0 3994 phononL 0.004 -0.723154 1.53508 0.0170439 0
0 3995 phononL 0.004 -0.134868 -1.40119 -0.0030098 0
0 3996 phononL 0.004 -0.0279939 -1.58565 0.0227054 0
0 3997 phononL 0.004 1.16355 -0.940786 0.0126414 0
0 3998 phononL 0.004 1.45226 -1.27542 -0.0142812 0
0 3999 phononL 0.004 0.912296 1.47728 0.0314932 0
0 4000 phononL 0.004 0.916109 1.19942 -0.00597844 0
0 4001 phononL 0.004 1.07064 0.297043 0.026991 0
0 4002 phononL 0.004 -0.755889 0.412736 0.0049518 0
0 4003 phononL 0.004 0.820751 -0.380021 0.0213011 0
0 4004 phononL 0.004 0.594754 1.09446 0.0208684 0
0 4005 phononL 0.004 -0.765177 -1.45896 -0.0224066 0
0 4006 phononL 0.004 0.85418 0.83536 0.00811373 0
0 4007 phononL 0.004 0.120551 -1.58216 0.0356721 0
0 4008 phononL 0.004 1.01571 1.21809 0.00364774 0
0 4009 phononL 0.004 -0.520269 -1.63812 0.0011793 0
0 4010 phononL 0.004 1.0029 -1.19453 0.0382123 0
0 4011 phononL 0.004 0.28598 -0.343678 -0.0281238 0
0 4012 phononL 0.004 -1.21321 0.763235 0.0136905 0
0 4013 phononL 0.004 1.51136 -0.41317 -0.0323691 0
0 4014 phononL 0.004 1.4356 0.959082 -0.0379258 0
0 4015 phononL 0.004 1.30972 1.43986 -0.0309164 0
0 4016 phononL 0.004 -1.17969 0.482957 -0.0357736 0
0 4017 phononL 0.004 -0.130436 -1.10564 0.0298069 0
0 4018 phononL 0.004 1.47833 0.64995 0.0372854 0
0 4019 phononL 0.004 1.57826 -1.30522 0.0248738 0
0 4020 phononL 0.004 -1.5562 0.786658 -0.0359585 0
0 4021 phononL 0.004 -0.625564 -1.60635 -0.0284351 0
0 4022 phononL 0.004 -0.438479 -0.774185 -0.0248747 0
0 4023 phononL 0.004 -0.364286 1.50141 -0.0271528 0
0 4024 phononL 0.004 1.10135 -0.211768 -0.032468 0
0 4025 phononL 0.004 -1.63086 1.15491 -0.0315238 0
0 4026 phononL 0.004 0.388156 1.12189 -0.00129371 0
0 4027 phononL 0.004 -1.1602 -1.25131 -0.0151227 0
0 4028 phononL 0.004 1.52391 1.29277 -0.0104151 0
0 4029 phononL 0.004 -1.06428 0.671568 -0.0239066 0
0 4030 phononL 0.004 -1.2317 1.65551 0.0226964 0
0 4031 phononL 0.004 -0.841301 0.0387665 0.0117085 0
0 4032 phononL 0.004 -0.86718 1.61284 0.00509135 0
0 4033 phononL 0.004 0.652978 0.421427 0.0310395 0
0 4034 phononL 0.004 -1.33272 1.49248 0.00109981 0
0 4035 phononL 0.004 1.08877 0.852896 -0.0258344 0
0 4036 phononL 0.004 -1.02252 -0.740385 0.0321589 0
0 4037 phononL 0.004 -0.569756 -1.39862 -0.0351829 0
0 4038 phononL 0.004 -0.263846 1.52733 -0.0221378 0
0 4039 phononL 0.004 -0.981164 -0.818197 0.0382216 0
0 4040 phononL 0.004 0.761249 1.4378 -0.00354995 0
0 4041 phononL 0.004 0.797727 0.448062 -0.0261005 0
0 4042 phononL 0.004 1.08271 0.844896 0.0122676 0
0 4043 phononL 0.004 0.231794 0.175745 -0.0136726 0
0 4044 phononL 0.004 -0.223501 0.987594 0.0227159 0
0 4045 phononL 0.004 -1.48594 0.122856 -0.03408 0
0 4046 phononL 0.004 0.52951 -0.680171 -0.00957584 0
0 4047 phononL 0.004 0.4419 -0.880162 -0.00707062 0
0 4048 phononL 0.004 1.4186 0.509282 -0.00838169 0
0 4049 phononL 0.004 -1.15176 0.56628 0.0314288 0
0 4050 phononL 0.004 0.533882 -1.04831 -0.0135954 0
0 4051 phononL 0.004 0.941365 1.0732 0.00588721 0
0 4052 phononL 0.004 -0.423527 -0.434176 -0.0205676 0
0 4053 phononL 0.004 1.29903 1.50624 -0.0363396 0
0 4054 phononL 0.004 1.16907 -1.57893 0.0291429 0
0 4055 phononL 0.004 0.214851 -0.950314 -0.00470268 0
0 4056 phononL 0.004 -1.40602 0.198713 -0.00174956 0
0 4057 phononL 0.004 0.136628 1.55211 0.00838767 0
0 4058 phononL 0.004 0.29915 -0.334155 -0.0184846 0
0 4059 phononL 0.004 -0.912108 -0.196956 0.0105396 0
0 4060 phononL 0.004 -1.54904 -0.847246 0.0062713 0
0 4061 phononL 0.004 -1.37517 -1.35753 -0.0247804 0
0 4062 phononL 0.004 -0.952821 0.600722 -0.0326628 0
0 4063 phononL 0.004 0.022801 1.54987 0.018691 0
0 4064 phononL 0.004 -0.396256 0.934662 -0.0307247 0
0 4065 phononL 0.004 -1.06487 0.894266 0.0280253 0
0 4066 phononL 0.004 -1.06619 1.44376 0.0363491 0
0 4067 phononL 0.004 0.462872 0.32818 -0.0177406 0
0 4068 phononL 0.004 0.83794 -1.51531 0.00122682 0
0 4069 phononL 0.004 -0.337991 -1.5579 0.000398596 0
0 4070 phononL 0.004 -0.137491 1.14783 -0.0163986 0
0 4071 phononL 0.004 -0.374258 0.161281 0.0154115 0
0 4072 phononL 0.004 0.756058 0.549019 -0.0363342 0
0 4073 phononL 0.004 -1.00378 0.560704 0.0214386 0
0 4074 phononL 0.004 -1.39876 -1.22362 -0.00251069 0
0 4075 phononL 0.004 -0.361204 -0.524748 0.0261931 0
0 4076 phononL 0.004 -0.929469 -0.506099 0.0373027 0
0 4077 phononL 0.004 1.35443 -0.699164 0.0135776 0
0 4078 phononL 0.004 0.0687504 0.328603 0.0197743 0
0 4079 phononL 0.004 -0.35749 1.48648 -0.00371023 0
0 4080 phononL 0.004 -1.40272 -1.20901 0.0367685 0
0 4081 phononL 0.004 1.34979 0.599205 0.03566 0
0 4082 phononL 0.004 0.947339 -0.911046 0.0134059 0
0 4083 phononL 0.004 0.387478 -0.0871043 0.0275124 0
0 4084 phononL 0.004 -0.422213 -1.52975 -0.0137027 0
0 4085 phononL 0.004 -0.307426 1.56282 0.0187758 0
0 4086 phononL 0.004 -0.197121 -1.49215 0.0194635 0
0 4087 phononL 0.004 0.793532 -1.43152 0.0389497 0
0 4088 phononL 0.004 -0.217218 -0.762604 -0.0310027 0
0 4089 phononL 0.004 -0.635373 -0.742192 0.0108094 0
0 4090 phononL 0.004 1.33387 -0.000126002 -0.0132777 0
0 4091 phononL 0.004 -0.738062 -0.756356 -0.0133723 0
0 4092 phononL 0.004 0.453261 1.38658 0.0347732 0
0 4093 phononL 0.004 -0.800996 0.861677 -0.0397481 0
0 4094 phononL 0.004 1.61407 0.0722163 0.0388962 0
0 4095 phononL 0.004 0.301096 0.227912 0.00125879 0
0 4096 phononL 0.004 -0.824937 -1.59435 -0.0296689 0
0 4097 phononL 0.004 -0.236313 1.53381 -0.00792585 0
0 4098 phononL 0.004 -0.724508 0.145035 0.0197434 0
0 4099 phononL 0.004 1.56008 -1.48422 0.030603 0
0 4100 phononL 0.004 0.518818 1.54437 -0.0230889 0
0 4101 phononL 0.004 0.929563 -0.629587 -0.0241836 0
0 4102 phononL 0.004 -0.27399 -0.445715 -0.0344887 0
0 4103 phononL 0.004 0.0619487 -0.409134 -0.00519469 0
0 4104 phononL 0.004 -0.614501 -0.0523899 -0.0367455 0
0 4105 phononL 0.004 -0.908422 1.0268 0.0172937 0
0 4106 phononL 0.004 0.140932 -0.156279 -0.00424726 0
0 4107 phononL 0.004 -0.287039 1.61842 0.01537 0
0 4108 phononL 0.004 1.61001 1.49733 -0.00633631 0
0 4109 phononL 0.004 1.61216 1.22758 0.00581191 0
0 4110 phononL 0.004 -0.0606051 1.19109 -0.0257489 0
0 4111 phononL 0.004 -0.518867 -1.03325 -0.0329265 0
0 4112 phononL 0.004 -0.783344 0.440067 0.0392777 0
0 4113 phononL 0.004 -0.654134 1.59414 -0.0336977 0
0 4114 phononL 0.004 1.32414 -0.837293 -0.0202205 0
0 4115 phononL 0.004 0.0038385 -0.676835 0.0328474 0
0 4116 phononL 0.004 0.192894 0.531758 -0.0230999 0
0 4117 phononL 0.004 -1.19082 1.46451 0.0269237 0
0 4118 phononL 0.004 -0.394519 -1.5619 0.0120957 0
0 4119 phononL 0.004 -1.14235 -0.957471 0.00683923 0
0 4120 phononL 0.004 0.782927 1.08508 -0.00772602 0
0 4121 phononL 0.004 0.382829 -1.15648 -0.0062328 0
0 4122 phononL 0.004 -0.439523 -0.669993 0.00882609 0
0 4123 phononL 0.004 1.61593 -0.458308 0.0217917 0
0 4124 phononL 0.004 -1.261 0.233982 0.0220282 0
0 4125 phononL 0.004 -1.50321 -1.35702 0.00376239 0
0 4126 phononL 0.004 -1.50029 1.63848 -0.0391824 0
0 4127 phononL 0.004 0.595663 1.63582 -0.0251855 0
0 4128 phononL 0.004 -1.21426 -1.02271 0.0212394 0
0 4129 phononL 0.004 -0.624824 -0.259677 0.0208979 0
0 4130 phononL 0.004 -0.999278 -0.236561 -0.0162768 0
0 4131 phononL 0.004 1.27 0.0690848 0.0326826 0
0 4132 phononL 0.004 0.113974 1.65174 0.00827488 0
0 4133 phononL 0.004 -1.02819 -0.863812 0.0101608 0
0 4134 phononL 0.004 -0.470937 -0.938768 -0.0178086 0
0 4135 phononL 0.004 0.743341 -0.475807 -0.00492149 0
0 4136 phononL 0.004 1.32505 -0.185503 0.0327114 0
0 4137 phononL 0.004 0.0954689 -0.941416 0.0330907 0
0 4138 phononL 0.004 -1.0932 1.39207 0.0023285 0
0 4139 phononL 0.004 -0.669917 -1.15216 0.0286965 0
0 4140 phononL 0.004 -1.04002 1.32306 -0.0276675 0
0 4141 phononL 0.004 0.897196 -1.13864 -0.0321313 0
0 4142 phononL 0.004 0.757318 0.283941 0.0100205 0
0 4143 phononL 0.004 -0.18639 -0.981965 -0.0179788 0
0 4144 phononL 0.004 0.0403316 1.37301 -0.0227362 0
0 4145 phononL 0.004 -1.24875 0.588936 -0.0388271 0
0 4146 phononL 0.004 -0.722231 -1.46849 0.0366907 0
0 4147 phononL 0.004 1.65454 0.375279 -0.00206238 0
0 4148 phononL 0.004 -0.708789 -0.992259 0.0346976 0
0 4149 phononL 0.004 0.395971 -1.39329 0.00661524 0
0 4150 phononL 0.004 1.51052 -0.625223 0.00169321 0
0 4151 phononL 0.004 0.315225 -0.574802 -0.0337496 0
0 4152 phononL 0.004 -0.648378 -1.27926 -0.00783298 0
0 4153 phononL 0.004 1.41501 0.755552 -0.0212479 0
0 4154 phononL 0.004 -0.116137 -1.37394 -0.0315159 0
0 4155 phononL 0.004 0.723966 0.115984 0.0034024 0
0 4156 phononL 0.004 -1.06399 0.0577373 -0.013306 0
0 4157 phononL 0.004 0.525873 1.35781 -0.0255732 0
0 4158 phononL 0.004 -0.915324 -1.66517 -0.00126928 0
0 4159 phononL 0.004 0.690019 0.487863 -0.000288815 0
0 4160 phononL 0.004 -1.62143 0.548726 0.0309225 0
0 4161 phononL 0.004 1.58106 0.113432 0.0385622 0
0 4162 phononL 0.004 1.47503 1.37152 -0.0293536 0
0 4163 phononL 0.004 0.918499 -0.670407 -0.0279157 0
0 4164 phononL 0.004 1.07957 -1.65189 0.0358735 0
0 4165 phononL 0.004 -0.508674 -1.52519 -0.0220829 0
0 4166 phononL 0.004 -0.927244 -1.03616 -0.033564 0
0 4167 phononL 0.004 -0.153124 0.290966 0.00918045 0
0 4168 phononL 0.004 -0.40424 1.28867 -0.0288058 0
0 4169 phononL 0.004 1.06096 1.08568 0.0122055 0
0 4170 phononL 0.004 -1.19406 -0.474622 -0.0357758 0
0 4171 phononL 0.004 -0.807112 0.311288 -0.00126159 0
0 4172 phononL 0.004 -0.99334 -0.322819 -0.0322624 0
0 4173 phononL 0.004 -0.228406 -1.19872 0.0375447 0
0 4174 phononL 0.004 1.41751 -0.746358 0.0314643 0
0 4175 phononL 0.004 -0.258492 0.582686 -0.0103081 0
0 4176 phononL 0.004 1.20399 -0.409503 -0.0333754 0
0 4177 phononL 0.004 0.253042 0.414127 -0.0229536 0
0 4178 phononL 0.004 0.707898 0.593497 0.00584063 0
0 4179 phononL 0.004 -0.0196718 1.14997 0.0226808 0
0 4180 phononL 0.004 -1.63608 -1.0659 -0.0285759 0
0 4181 phononL 0.004 -0.103792 1.24694 0.0281083 0
0 4182 phononL 0.004 1.52917 0.262926 -0.0205431 0
0 4183 phononL 0.004 -1.53638 -0.540886 0.0195043 0
0 4184 phononL 0.004 0.297868 0.511814 0.0230576 0
0 4185 phononL 0.004 -0.0456712 -1.12205 0.0354705 0
0 4186 phononL 0.004 -1.57079 1.42216 0.0227957 0
0 4187 phononL 0.004 1.31017 -1.63591 0.0310732 0
0 4188 phononL 0.004 -1.00794 0.991559 -0.0300517 0
0 4189 phononL 0.004 1.46226 -0.956053 -0.0094358 0
0 4190 phononL 0.004 -0.142293 -0.44514 -0.0110376 0
0 4191 phononL 0.004 -0.673337 -1.45839 0.0393827 0
0 4192 phononL 0.004 -0.247727 1.28718 0.00671195 0
0 4193 phononL 0.004 1.30601 -1.07677 0.0047068 0
0 4194 phononL 0.004 -0.230005 1.59244 0.00638285 0
0 4195 phononL 0.004 -1.64337 0.125366 -0.0283915 0
0 4196 phononL 0.004 -0.941323 1.02687 0.0183048 0
0 4197 phononL 0.004 -1.27446 1.33996 0.0159216 0
0 4198 phononL 0.004 1.59965 -0.575069 -0.0245487 0
0 4199 phononL 0.004 -0.777575 0.0035336 -0.00827503 0
0 4200 phononL 0.004 0.188421 0.485228 -0.0318364 0
0 4201 phononL 0.004 -0.346172 -1.00468 0.0208078 0
0 4202 phononL 0.004 -0.113614 -1.04191 0.0168076 0
0 4203 phononL 0.004 -1.15968 -0.518401 0.0186745 0
0 4204 phononL 0.004 1.19378 -0.582284 0.0322217 0
0 4205 phononL 0.004 -0.674318 -1.51395 0.0286541 0
0 4206 phononL 0.004 -0.985574 1.49977 -0.00236765 0
0 4207 phononL 0.004 -0.772088 0.0887207 0.0216631 0
0 4208 phononL 0.004 -0.997743 -0.892888 -0.0104887 0
0 4209 phononL 0.004 1.40262 -0.740161 -0.0210944 0
0 4210 phononL 0.004 0.443604 -0.596715 0.0310401 0
0 4211 phononL 0.004 0.217537 -1.3578 0.0187442 0
0 4212 phononL 0.004 1.58624 -0.0470216 -0.0281638 0
0 4213 phononL 0.004 -0.391064 -0.764185 -0.00102824 0
0 4214 phononL 0.004 -0.695966 1.5741 0.0270083 0
0 4215 phononL 0.004 -0.510958 -0.922985 0.009271 0
0 4216 phononL 0.004 -1.58371 -0.396483 0.0391665 0
0 4217 phononL 0.004 -0.440912 -0.0977212 -0.0111779 0
0 4218 phononL 0.004 -1.1413 0.91344 0.0370978 0
0 4219 phononL 0.004 -0.848117 -0.845054 -0.0222776 0
0 4220 phononL 0.004 1.36352 -0.239234 0.00561814 0
0 4221 phononL 0.004 1.2781 0.773613 0.017328 0
0 4222 phononL 0.004 -1.64955 -0.503603 -0.0287181 0
0 4223 phononL 0.004 -1.62542 -0.946022 -0.00702228 0
0 4224 phononL 0.004 -0.816983 0.346453 -0.0304024 0
0 4225 phononL 0.004 -0.866991 0.699035 0.0174037 0
0 4226 phononL 0.004 -1.33065 -0.763958 0.0069035 0
0 4227 phononL 0.004 -1.51971 1.42769 0.024954 0
0 4228 phononL 0.004 -0.628741 1.5286 -0.0272292 0
0 4229 phononL 0.004 0.992923 1.16277 -0.0200486 0
0 4230 phononL 0.004 -1.40937 -1.42132 -0.0145627 0
0 4231 phononL 0.004 -0.686761 0.532334 0.0284804 0
0 4232 phononL 0.004 -0.304904 -0.79601 0.0174135 0
0 4233 phononL 0.004 1.31937 -0.148008 0.0150675 0
0 4234 phononL 0.004 -1.61107 0.0111079 0.00633762 0
0 4235 phononL 0.004 0.0644154 0.152531 0.0332678 0
0 4236 phononL 0.004 -0.787696 -0.350707 -0.0325363 0
0 4237 phononL 0.004 1.18014 -0.225932 -0.0380894 0
0 4238 phononL 0.004 0.984579 0.0895723 0.0363816 0
0 4239 phononL 0.004 1.34289 0.550688 -0.0319977 0
0 4240 phononL 0.004 -0.14922 -0.531045 -0.0266866 0
0 4241 phononL 0.004 -1.12561 0.631636 0.000561026 0
0 4242 phononL 0.004 -0.54646 0.732442 -0.00873979 0
0 4243 phononL 0.004 0.760443 -1.5814 0.0009308 0
0 4244 phononL 0.004 0.880813 -0.420938 -0.0134529 0
0 4245 phononL 0.004 0.909232 -0.439608 0.0257446 0
0 4246 phononL 0.004 -0.793958 1.09229 -0.00120955 0
0 4247 phononL 0.004 -0.723412 1.63259 0.027319 0
0 4248 phononL 0.004 -1.11327 -1.60248 -0.026664 0
0 4249 phononL 0.004 -1.19878 -0.187201 -0.0103421 0
0 4250 phononL 0.004 -0.522661 -0.868204 0.033206 0
0 4251 phononL 0.004 -0.859316 -1.58687 -0.0214794 0
0 4252 phononL 0.004 -0.732468 -0.622052 -0.00381665 0
0 4253 phononL 0.004 -1.11815 1.61431 -0.0331787 0
0 4254 phononL 0.004 1.13814 -0.696177 -0.0034696 0
0 4255 phononL 0.004 -0.290758 1.3001 0.0175686 0
0 4256 phononL 0.004 0.78792 1.08837 0.0116935 0
0 4257 phononL 0.004 -1.00356 0.731576 0.012965 0
0 4258 phononL 0.004 -0.159477 -0.558567 -0.00900373 0
0 4259 phononL 0.004 -0.250805 -0.596993 0.0332327 0
0 4260 phononL 0.004 -0.528426 0.457732 -0.00600154 0
0 4261 phononL 0.004 -1.3874 -0.61039 0.0368149 0
0 4262 phononL 0.004 0.275295 -1.55455 0.00102375 0
0 4263 phononL 0.004 -0.486038 -0.432669 0.012791 0
0 4264 phononL 0.004 -1.08934 -1.52148 -0.00723092 0
0 4265 phononL 0.004 0.573547 0.4605 0.0161737 0
0 4266 phononL 0.004 0.609576 0.490405 0.0304087 0
0 4267 phononL 0.004 1.24189 0.952798 -0.0259738 0
0 4268 phononL 0.004 -1.21147 1.42396 -0.00726632 0
0 4269 phononL 0.004 1.04104 0.337203 -0.00113331 0
0 4270 phononL 0.004 -1.28901 -1.0095 0.00999387 0
0 4271 phononL 0.004 0.88659 1.48279 0.024076 0
0 4272 phononL 0.004 -0.427741 0.624331 -0.00629052 0
0 4273 phononL 0.004 -0.488329 0.215541 0.012983 0
0 4274 phononL 0.004 -1.174 0.783843 -0.0395822 0
0 4275 phononL 0.004 -1.32976 0.457725 0.0175042 0
0 4276 phononL 0.004 -0.158703 0.0416044 -0.033751 0
0 4277 phononL 0.004 -1.36176 -0.203055 -0.00288939 0
0 4278 phononL 0.004 -0.929101 -0.396902 -0.00628394 0
0 4279 phononL 0.004 -0.335523 1.1835 -0.00307066 0
0 4280 phononL 0.004 0.124877 -1.38615 0.0339449 0
0 4281 phononL 0.004 1.58132 0.510294 -0.0394805 0
0 4282 phononL 0.004 -1.3123 1.29956 -0.00792368 0
0 4283 phononL 0.004 -1.05483 1.30362 -0.0171559 0
0 4284 phononL 0.004 0.903683 -0.523009 0.0336452 0
0 4285 phononL 0.004 0.345058 0.992861 -0.0229321 0
0 4286 phononL 0.004 0.746653 -1.5677 -0.030068 0
0 4287 phononL 0.004 -0.784816 -0.172551 -0.00338656 0
0 4288 phononL 0.004 0.18566 -0.0986102 0.0374327 0
0 4289 phononL 0.004 0.133202 0.232411 0.0358913 0
0 4290 phononL 0.004 -1.14889 1.32366 -0.00254655 0
0 4291 phononL 0.004 0.0641902 -0.519041 0.0141028 0
0 4292 phononL 0.004 -0.245081 -0.0134956 0.0103175 0
0 4293 phononL 0.004 -0.325903 -1.18939 0.0306208 0
0 4294 phononL 0.004 0.946816 1.38308 0.0114331 0
0 4295 phononL 0.004 0.68751 -1.48682 -0.0195986 0
0 4296 phononL 0.004 -0.0405675 0.825306 -0.0253311 0
0 4297 phononL 0.004 1.09723 0.995901 0.0367931 0
0 4298 phononL 0.004 0.593504 1.00827 0.0363046 0
0 4299 phononL 0.004 0.548917 -0.354143 0.0180342 0
0 4300 phononL 0.004 0.585859 -1.14829 -0.0154502 0
0 4301 phononL 0.004 0.773969 0.212993 -0.00413461 0
0 4302 phononL 0.004 -1.18188 -1.58948 0.0244427 0
0 4303 phononL 0.004 0.08668 1.60464 -0.000879344 0
0 4304 phononL 0.004 0.963884 1.29598 -0.0381147 0
0 4305 phononL 0.004 1.07648 0.532932 0.00122721 0
0 4306 phononL 0.004 -0.859488 1.06747 0.00310552 0
0 4307 phononL 0.004 0.360444 -0.28706 -0.0337938 0
0 4308 phononL 0.004 -0.162748 0.701244 0.00906814 0
0 4309 phononL 0.004 1.27394 -1.0693 0.0279256 0
0 4310 phononL 0.004 -0.75012 0.206466 0.000419184 0
0 4311 phononL 0.004 -0.901961 1.20743 -0.015733 0
0 4312 phononL 0.004 -1.37673 -0.00769515 -0.0274407 0
0 4313 phononL 0.004 -0.334373 -0.697438 -0.0339463 0
0 4314 phononL 0.004 0.855445 -1.46427 0.0122764 0
0 4315 phononL 0.004 -1.39599 -0.659691 0.0392939 0
0 4316 phononL 0.004 -0.090374 1.38377 0.0175733 0
0 4317 phononL 0.004 1.33407 -1.48073 0.00727926 0
0 4318 phononL 0.004 -1.45126 0.310217 -0.0232336 0
0 4319 phononL 0.004 0.539408 0.266776 -0.0178128 0
0 4320 phononL 0.004 1.55291 -1.34821 0.0321191 0
0 4321 phononL 0.004 1.04031 -0.215516 -0.0344743 0
0 4322 phononL 0.004 -0.786992 -0.0906425 -0.0159393 0
0 4323 phononL 0.004 -0.843157 1.05368 0.00531432 0
0 4324 phononL 0.004 0.819216 -1.25594 -0.0353692 0
0 4325 phononL 0.004 1.6536 -1.66352 -0.0199706 0
0 4326 phononL 0.004 -1.02347 -0.208708 -0.0034774 0
0 4327 phononL 0.004 -1.21282 -1.47421 -0.0119751 0
0 4328 phononL 0.004 0.236596 -0.934901 0.0236827 0
0 4329 phononL 0.004 1.47716 1.09642 -0.0131432 0
0 4330 phononL 0.004 -1.50778 -1.38343 0.0317571 0
0 4331 phononL 0.004 -0.171103 1.65094 0.0364468 0
0 4332 phononL 0.004 0.104665 -1.53378 -0.0391199 0
0 4333 phononL 0.004 1.19812 -1.63625 0.0397058 0
0 4334 phononL 0.004 -0.579899 -1.57302 0.029329 0
0 4335 phononL 0.004 1.3628 -0.742646 -0.0284252 0
0 4336 phononL 0.004 -0.551565 0.946887 -0.00887554 0
0 4337 phononL 0.004 0.298097 -0.231285 -0.030455 0
0 4338 phononL 0.004 1.16251 1.30635 0.00907007 0
0 4339 phononL 0.004 -1.43198 -1.35669 0.0246719 0
0 4340 phononL 0.004 -1.21845 0.590715 0.0380108 0
0 4341 phononL 0.004 0.0706232 -1.50685 -0.0173187 0
0 4342 phononL 0.004 0.474501 -0.133449 0.0130214 0
0 4343 phononL 0.004 0.529886 1.45194 -0.00770533 0
0 4344 phononL 0.004 -0.81971 -0.182742 -0.00112033 0
0 4345 phononL 0.004 -0.503792 -0.460058 0.0144173 0
0 4346 phononL 0.004 -0.73175 -0.328364 0.0210871 0
0 4347 phononL 0.004 1.40367 0.822724 -0.00907914 0
0 4348 phononL 0.004 -1.30248 0.264813 0.0214429 0
0 4349 phononL 0.004 1.66055 0.78123 -0.020128 0
0 4350 phononL 0.004 0.900926 0.0254271 0.00798744 0
0 4351 phononL 0.004 -1.19875 0.141156 -0.00413454 0
0 4352 phononL 0.004 0.0346498 0.586392 0.0125899 0
0 4353 phononL 0.004 0.228069 -0.355392 -0.000987912 0
0 4354 phononL 0.004 0.524875 -0.765689 0.0269777 0
0 4355 phononL 0.004 -0.065112 1.29905 0.024899 0
0 4356 phononL 0.004 1.27674 1.05789 0.0139112 0
0 4357 phononL 0.004 -1.01048 -0.220892 -0.0128742 0
0 4358 phononL 0.004 1.05514 0.345107 -0.0112078 0
0 4359 phononL 0.004 0.563014 -1.17653 -0.0309751 0
0 4360 phononL 0.004 -1.41091 -0.825339 -0.00722754 0
0 4361 phononL 0.004 0.10719 0.848174 -0.038978 0
0 4362 phononL 0.004 -1.52931 0.953608 -0.0398871 0
0 4363 phononL 0.004 0.571397 0.600529 -0.0182885 0
0 4364 phononL 0.004 -0.698876 -1.64279 -0.037541 0
0 4365 phononL 0.004 -1.42792 0.64285 -0.0303996 0
0 4366 phononL 0.004 0.949254 -0.750438 0.0312756 0
0 4367 phononL 0.004 0.949821 -0.67812 0.00123575 0
0 4368 phononL 0.004 0.482095 1.05667 0.00281919 0
0 4369 phononL 0.004 1.50667 -0.289313 -0.0325269 0
0 4370 phononL 0.004 -0.439121 0.314703 0.00296862 0
0 4371 phononL 0.004 -1.0086 -0.220829 0.00680419 0
0 4372 phononL 0.004 -0.740834 -1.49564 0.0200239 0
0 4373 phononL 0.004 1.30178 0.349439 -0.0396641 0
0 4374 phononL 0.004 0.823577 -0.993218 -0.0102291 0
0 4375 phononL 0.004 -1.52801 -0.967616 0.0352535 0
0 4376 phononL 0.004 0.0209691 1.66118 0.000616809 0
0 4377 phononL 0.004 -0.405401 -0.579343 -0.0201803 0
0 4378 phononL 0.004 -1.24396 0.458694 0.0140396 0
0 4379 phononL 0.004 1.60666 0.880948 0.0337966 0
0 4380 phononL 0.004 0.910135 -0.682017 0.0189681 0
0 4381 phononL 0.004 -0.994446 0.0648295 -0.00949077 0
0 4382 phononL 0.004 0.821874 -1.65443 -0.0182598 0
0 4383 phononL 0.004 -0.3169 -0.282939 0.0350407 0
0 4384 phononL 0.004 1.2851 -0.608384 0.00540639 0
0 4385 phononL 0.004 0.142686 0.795849 0.0144861 0
0 4386 phononL 0.004 -0.855003 -1.5814 -0.0116023 0
0 4387 phononL 0.004 0.581656 -1.07439 -0.0351433 0
0 4388 phononL 0.004 0.634451 -1.19032 0.00659136 0
0 4389 phononL 0.004 0.792157 1.42529 -0.00433385 0
0 4390 phononL 0.004 -1.05731 -1.30917 -0.0182046 0
0 4391 phononL 0.004 -1.11419 1.01483 -0.0278255 0
0 4392 phononL 0.004 -1.55047 -0.0383418 -0.00890569 0
0 4393 phononL 0.004 0.822329 -1.43149 0.0196407 0
0 4394 phononL 0.004 -0.434116 0.0642139 -0.0190558 0
0 4395 phononL 0.004 1.20981 -0.829875 -0.0141565 0
0 4396 phononL 0.004 0.245535 -0.501254 0.0397544 0
0 4397 phononL 0.004 -1.46769 -0.558646 -0.0215234 0
0 4398 phononL 0.004 0.876507 -0.679101 0.0245596 0
0 4399 phononL 0.004 -1.38431 -0.536266 -0.0139747 0
0 4400 phononL 0.004 0.691032 -0.62383 -0.00930978 0
0 4401 phononL 0.004 0.319178 0.902504 -0.0314011 0
0 4402 phononL 0.004 -1.34814 -1.63639 -0.027939 0
0 4403 phononL 0.004 -0.665019 -1.37923 -0.0244124 0
0 4404 phononL 0.004 -0.244531 0.31748 -0.00800527 0
0 4405 phononL 0.004 1.36947 -1.14881 -0.00163648 0
0 4406 phononL 0.004 -1.58616 0.138789 0.0113179 0
0 4407 phononL 0.004 -0.869594 0.229289 0.00151919 0
0 4408 phononL 0.004 -1.3312 -1.14929 -0.00371351 0
0 4409 phononL 0.004 -0.559554 -1.08414 -0.00603067 0
0 4410 phononL 0.004 1.18939 -1.17965 0.00650978 0
0 4411 phononL 0.004 1.60203 -0.0216172 -0.0199685 0
0 4412 phononL 0.004 -0.424588 1.07965 0.0157605 0
0 4413 phononL 0.004 0.177642 -0.487916 0.031233 0
0 4414 phononL 0.004 -1.28628 -0.291972 0.00170382 0
0 4415 phononL 0.004 1.05108 -0.384233 0.023002 0
0 4416 phononL 0.004 1.27091 1.23629 -0.00769537 0
0 4417 phononL 0.004 -0.125606 1.65185 0.00113115 0
0 4418 phononL 0.004 -0.745677 1.10257 0.0230691 0
0 4419 phononL 0.004 1.18071 -1.04754 -0.0398231 0
0 4420 phononL 0.004 1.46714 0.0890912 -0.0186707 0
0 4421 phononL 0.004 -0.519967 -0.696844 -0.0209016 0
0 4422 phononL 0.004 -1.39479 1.29952 -0.00621971 0
0 4423 phononL 0.004 1.55399 -1.01076 -0.0298124 0
0 4424 phononL 0.004 1.29616 0.599439 -0.0228395 0
0 4425 phononL 0.004 -0.63141 -1.60754 -0.0302869 0
0 4426 phononL 0.004 1.01454 -0.486812 0.0117671 0
0 4427 phononL 0.004 0.374548 -0.375818 -0.0101054 0
0 4428 phononL 0.004 -0.57397 -0.697646 0.0293217 0
0 4429 phononL 0.004 0.726388 -1.01041 0.0394532 0
0 4430 phononL 0.004 -1.54528 -0.590836 0.0346408 0
0 4431 phononL 0.004 0.576164 -0.530069 -0.00819171 0
0 4432 phononL 0.004 0.873811 0.712183 -0.0259709 0
0 4433 phononL 0.004 1.09706 -1.22333 -0.0203833 0
0 4434 phononL 0.004 0.923144 -0.359826 -0.0246775 0
0 4435 phononL 0.004 1.34503 0.970266 -0.0274506 0
0 4436 phononL 0.004 0.898145 1.08188 0.0328154 0
0 4437 phononL 0.004 -0.776071 0.50103 -0.013197 0
0 4438 phononL 0.004 0.759693 0.177534 -0.0399027 0
0 4439 phononL 0.004 -1.14409 1.41398 -0.0305947 0
0 4440 phononL 0.004 0.110343 0.885248 -0.00435789 0
0 4441 phononL 0.004 1.37118 1.49349 0.00140666 0
0 4442 phononL 0.004 0.47345 1.55076 -0.0336161 0
0 4443 phononL 0.004 -1.47419 -0.674655 0.00940076 0
0 4444 phononL 0.004 -0.457346 -1.34061 0.0106569 0
0 4445 phononL 0.004 -1.35677 0.698749 -0.034114 0
0 4446 phononL 0.004 -0.0580872 0.626982 0.011238 0
0 4447 phononL 0.004 0.469641 -0.832753 0.00556064 0
0 4448 phononL 0.004 1.42683 -0.200794 -0.0235616 0
0 4449 phononL 0.004 -1.45034 1.63891 0.0277375 0
0 4450 phononL 0.004 0.354466 -0.265348 -0.0283028 0
0 4451 phononL 0.004 -0.281441 1.55143 0.011719 0
0 4452 phononL 0.004 1.5101 -0.852639 0.0176706 0
0 4453 phononL 0.004 -0.188848 0.303905 0.0248963 0
0 4454 phononL 0.004 0.000943263 -0.644273 0.0290145 0
0 4455 phononL 0.004 -0.817855 1.20635 0.00144272 0
0 4456 phononL 0.004 -0.824867 -0.96013 0.0198198 0
0 4457 phononL 0.004 -0.0577687 -0.784459 0.0255195 0
0 4458 phononL 0.004 -0.564603 0.185866 0.00118257 0
0 4459 phononL 0.004 0.654747 0.542067 -0.0150092 0
0 4460 phononL 0.004 -0.913086 -1.34285 0.00925649 0
0 4461 phononL 0.004 -0.533553 -1.47917 -0.0368958 0
0 4462 phononL 0.004 1.35369 -0.387398 0.0212142 0
0 4463 phononL 0.004 -1.59733 1.07744 0.0182273 0
0 4464 phononL 0.004 -0.353151 0.662025 0.0353588 0
0 4465 phononL 0.004 1.45366 0.493812 -0.0104439 0
0 4466 phononL 0.004 -1.40158 0.302032 -0.0120492 0
0 4467 phononL 0.004 -1.04208 -1.44706 0.0389754 0
0 4468 phononL 0.004 -0.0946477 -0.54717 0.00100246 0
0 4469 phononL 0.004 0.742112 0.982599 -0.0143047 0
0 4470 phononL 0.004 -1.39076 0.330616 -0.00946039 0
0 4471 phononL 0.004 0.644417 0.0494516 -0.0349225 0
0 4472 phononL 0.004 0.983312 1.57647 0.00454892 0
0 4473 phononL 0.004 -0.492687 -0.991786 -0.0294651 0
0 4474 phononL 0.004 -0.367578 -0.12009 -0.035608 0
0 4475 phononL 0.004 -1.29387 -0.725053 -0.0325222 0
0 4476 phononL 0.004 0.910461 -0.0120384 0.0378109 0
0 4477 phononL 0.004 0.200086 0.065983 0.0135998 0
0 4478 phononL 0.004 -1.43333 -0.135687 0.0306177 0
0 4479 phononL 0.004 1.26711 -0.963492 -0.0255986 0
0 4480 phononL 0.004 -1.47438 -0.755645 -0.0318242 0
0 4481 phononL 0.004 -1.1131 0.996698 0.0298129 0
0 4482 phononL 0.004 0.973122 -1.24313 -4.4159e-05 0
0 4483 phononL 0.004 0.127184 -1.11109 -0.0259229 0
0 4484 phononL 0.004 -1.62277 -1.43132 0.00678681 0
0 4485 phononL 0.004 1.57878 -1.61093 0.00297197 0
0 4486 phononL 0.004 -1.01078 1.60883 0.026035 0
0 4487 phononL 0.004 0.0725809 -0.685372 -0.0389907 0
0 4488 phononL 0.004 0.774318 -0.0570249 -0.0242738 0
0 4489 phononL 0.004 -1.57354 -0.905967 0.0317678 0
0 4490 phononL 0.004 -0.817016 0.260527 0.00794512 0
0 4491 phononL 0.004 -0.313971 -1.22318 -0.0181426 0
0 4492 phononL 0.004 -0.5382 0.120244 0.0245057 0
0 4493 phononL 0.004 0.90581 -1.18376 0.0328183 0
0 4494 phononL 0.004 0.611008 -0.603597 -0.0228131 0
0 4495 phononL 0.004 -1.55103 -0.825696 0.0135863 0
0 4496 phononL 0.004 -1.12055 1.07766 0.0317559 0
0 4497 phononL 0.004 -0.580706 -0.135495 0.00134276 0
0 4498 phononL 0.004 1.53843 1.31825 0.0268338 0
0 4499 phononL 0.004 -1.52563 -1.06406 -0.0237638 0
0 4500 phononL 0.004 -1.19381 -1.24383 -0.0209529 0
0 4501 phononL 0.004 -0.57791 -0.0860816 0.00698538 0
0 4502 phononL 0.004 -0.00333062 0.803552 0.0222581 0
0 4503 phononL 0.004 1.61744 -0.653203 0.00881174 0
0 4504 phononL 0.004 -1.47758 0.642483 0.0074369 0
0 4505 phononL 0.004 -0.906322 0.662926 0.0151098 0
0 4506 phononL 0.004 -1.43669 -0.932219 -0.0190514 0
0 4507 phononL 0.004 1.56621 0.0452435 -0.0120149 0
0 4508 phononL 0.004 1.21808 1.33468 0.00162715 0
0 4509 phononL 0.004 -0.982595 -0.582053 0.0246768 0
0 4510 phononL 0.004 1.45109 -0.413755 0.0359573 0
0 4511 phononL 0.004 0.209641 1.2021 0.0308092 0
0 4512 phononL 0.004 0.0862447 -0.335621 0.033177 0
0 4513 phononL 0.004 0.843099 -0.849067 0.030313 0
0 4514 phononL 0.004 -1.44655 0.80543 -0.0389329 0
0 4515 phononL 0.004 0.333037 -0.792788 -0.0187594 0
0 4516 phononL 0.004 -0.25904 0.346555 -0.0189071 0
0 4517 phononL 0.004 -0.596019 -0.978319 0.0111454 0
0 4518 phononL 0.004 1.25267 1.34535 -0.0314832 0
0 4519 phononL 0.004 -1.48805 1.19438 0.00348967 0
0 4520 phononL 0.004 0.034083 -0.736407 0.0191402 0
0 4521 phononL 0.004 -0.110404 0.521364 0.00026146 0
0 4522 phononL 0.004 0.837241 1.4092 -0.0162214 0
0 4523 phononL 0.004 -0.527965 -0.890899 -0.035791 0
0 4524 phononL 0.004 -0.563581 0.925181 -0.0222723 0
0 4525 phononL 0.004 0.728638 1.30457 0.0277878 0
0 4526 phononL 0.004 -0.586605 1.11774 0.0387327 0
0 4527 phononL 0.004 -1.059 -0.631414 0.0301176 0
0 4528 phononL 0.004 1.41774 -0.908684 0.00697491 0
0 4529 phononL 0.004 -1.10632 -1.30362 0.025506 0
0 4530 phononL 0.004 -1.58843 -1.18711 -0.0349981 0
0 4531 phononL 0.004 -0.589167 -0.408966 0.0209655 0
0 4532 phononL 0.004 0.991671 -1.51761 0.000503502 0
0 4533 phononL 0.004 1.3493 -0.739238 -0.0120378 0
0 4534 phononL 0.004 -1.38175 0.0838972 -0.0091165 0
0 4535 phononL 0.004 0.671412 0.836509 0.00754851 0
0 4536 phononL 0.004 0.659417 0.418021 0.000521757 0
0 4537 phononL 0.004 0.657169 -0.668214 -0.0289573 0
0 4538 phononL 0.004 0.346584 0.874661 -0.0240733 0
0 4539 phononL 0.004 -0.126795 1.08628 -0.0195044 0
0 4540 phononL 0.004 1.05183 0.0572786 0.0117901 0
0 4541 phononL 0.004 1.15081 -1.07612 -0.0125185 0
0 4542 phononL 0.004 -0.735094 -0.244918 0.0121416 0
0 4543 phononL 0.004 0.698931 0.670625 -0.008503 0
0 4544 phononL 0.004 -0.597292 -1.63205 0.035417 0
0 4545 phononL 0.004 -0.144989 0.312545 -0.0128123 0
0 4546 phononL 0.004 -0.854715 -1.3969 -0.0108705 0
0 4547 phononL 0.004 1.03451 0.102558 0.0217611 0
0 4548 phononL 0.004 -1.00224 -1.49005 0.0374444 0
0 4549 phononL 0.004 0.667272 -0.972484 -0.0177777 0
0 4550 phononL 0.004 -1.62621 1.54476 -0.0300386 0
0 4551 phononL 0.004 -1.58437 0.602419 0.0291414 0
0 4552 phononL 0.004 -0.554933 -1.28448 -0.0226085 0
0 4553 phononL 0.004 -1.15578 -1.34075 -0.0285283 0
0 4554 phononL 0.004 -0.186297 0.559876 -0.00837612 0
0 4555 phononL 0.004 -1.28275 1.40857 -0.014995 0
0 4556 phononL 0.004 0.989567 0.396329 -0.0152922 0
0 4557 phononL 0.004 -1.26672 -0.999176 -0.00024102 0
0 4558 phononL 0.004 1.18101 -0.604252 -0.0252483 0
0 4559 phononL 0.004 -1.01651 0.993403 0.0167524 0
0 4560 phononL 0.004 -1.10188 0.496442 -0.0266369 0
0 4561 phononL 0.004 -0.911391 0.174971 -0.0209047 0
0 4562 phononL 0.004 -0.452667 -0.138274 -0.00289663 0
0 4563 phononL 0.004 1.46315 0.837357 0.01971 0
0 4564 phononL 0.004 -1.25836 -0.749069 -0.0148376 0
0 4565 phononL 0.004 -0.965126 -0.16104 -0.0141188 0
0 4566 phononL 0.004 -1.40801 0.742562 0.0236754 0
0 4567 phononL 0.004 -1.52065 -1.2479 -0.0302127 0
0 4568 phononL 0.004 -0.391647 0.730761 0.0029462 0
0 4569 phononL 0.004 0.299033 0.882596 -0.02238 0
0 4570 phononL 0.004 -1.63337 -0.99693 -0.0122693 0
0 4571 phononL 0.004 -1.43625 -0.911127 0.00340947 0
0 4572 phononL 0.004 0.47431 -1.43782 0.037771 0
0 4573 phononL 0.004 -0.33944 0.723362 0.0375715 0
0 4574 phononL 0.004 0.182498 0.651561 -0.0317702 0
0 4575 phononL 0.004 0.256544 0.894941 0.0348596 0
0 4576 phononL 0.004 0.823333 0.00751455 0.0396871 0
0 4577 phononL 0.004 -1.38421 1.14409 0.00511659 0
0 4578 phononL 0.004 0.245969 -0.331712 0.0132 0
0 4579 phononL 0.004 -1.56337 1.65899 0.0144823 0
0 4580 phononL 0.004 1.52648 -1.34259 0.0288435 0
0 4581 phononL 0.004 -1.48856 0.918719 0.0260258 0
0 4582 phononL 0.004 -0.523837 0.899774 -0.0241271 0
0 4583 phononL 0.004 0.712431 0.121155 -0.0118433 0
0 4584 phononL 0.004 0.612105 1.1318 -0.0018837 0
0 4585 phononL 0.004 1.0456 -1.1902 0.0286913 0
0 4586 phononL 0.004 -1.22774 -0.454912 0.0217643 0
0 4587 phononL 0.004 -0.401299 1.64837 -0.0199595 0
0 4588 phononL 0.004 1.24039 1.22913 0.024836 0
0 4589 phononL 0.004 0.338211 -0.834012 -0.00204862 0
0 4590 phononL 0.004 -1.09556 -1.38499 -0.0274825 0
0 4591 phononL 0.004 0.949244 -0.804014 -0.010501 0
0 4592 phononL 0.004 -0.958058 -1.14172 -0.0321218 0
0 4593 phononL 0.004 0.0577873 -0.336197 -0.0047163 0
0 4594 phononL 0.004 1.25547 1.36795 0.00230735 0
0 4595 phononL 0.004 -1.0223 0.376534 -0.0273157 0
0 4596 phononL 0.004 -1.45174 1.56723 0.0304163 0
0 4597 phononL 0.004 0.568456 -0.703585 0.0189644 0
0 4598 phononL 0.004 1.02842 0.352521 -0.00113779 0
0 4599 phononL 0.004 -0.46876 0.213512 -0.00175273 0
0 4600 phononL 0.004 -0.0303442 -1.45236 0.00623758 0
0 4601 phononL 0.004 0.431166 -0.861337 -0.0309881 0
0 4602 phononL 0.004 -1.35586 0.968002 0.00741295 0
0 4603 phononL 0.004 -0.995297 1.00891 -0.0208995 0
0 4604 phononL 0.004 -0.22417 0.0132065 0.0356519 0
0 4605 phononL 0.004 -1.25974 -0.736536 -0.0342274 0
0 4606 phononL 0.004 1.28023 -0.153407 -0.0208251 0
0 4607 phononL 0.004 -0.0723303 1.61317 -0.00776002 0
0 4608 phononL 0.004 0.63653 -1.42884 -0.0168935 0
0 4609 phononL 0.004 0.712027 0.383791 -0.0314639 0
0 4610 phononL 0.004 1.23882 4.38447e-05 0.0209422 0
0 4611 phononL 0.004 0.326868 0.86151 -0.0212353 0
0 4612 phononL 0.004 0.0313312 -0.236831 -0.0288076 0
0 4613 phononL 0.004 1.45564 -0.148879 -0.0143005 0
0 4614 phononL 0.004 -1.48728 -0.590973 -0.0378794 0
0 4615 phononL 0.004 0.572984 1.59234 -0.0268955 0
0 4616 phononL 0.004 -0.715664 -0.313555 0.038786 0
0 4617 phononL 0.004 0.788246 0.0328482 0.0302186 0
0 4618 phononL 0.004 -1.06553 -0.81288 0.0305761 0
0 4619 phononL 0.004 -0.698949 0.97541 -0.00967838 0
0 4620 phononL 0.004 -1.32636 -0.347802 0.0381673 0
0 4621 phononL 0.004 -0.136713 0.612364 -0.0299415 0
0 4622 phononL 0.004 -0.0625903 1.32931 0.00450883 0
0 4623 phononL 0.004 1.52702 0.796569 -0.0146607 0
0 4624 phononL 0.004 -0.109501 1.22587 -0.0258009 0
0 4625 phononL 0.004 -1.01641 -0.85527 0.0284461 0
0 4626 phononL 0.004 1.47915 -1.5081 0.0337632 0
0 4627 phononL 0.004 -1.49585 0.92455 0.0272759 0
0 4628 phononL 0.004 -1.086 -0.0834419 0.0189373 0
0 4629 phononL 0.004 1.57388 -1.18072 0.0375982 0
0 4630 phononL 0.004 1.12359 1.20921 -0.0320095 0
0 4631 phononL 0.004 0.152616 -0.272633 0.0167354 0
0 4632 phononL 0.004 1.41287 -1.02672 -0.00369782 0
0 4633 phononL 0.004 -1.06727 0.34899 -0.0305122 0
0 4634 phononL 0.004 -1.00062 -0.604376 -0.000464828 0
0 4635 phononL 0.004 -1.17418 -0.158686 0.0300002 0
0 4636 phononL 0.004 -1.07325 1.48912 0.0281574 0
0 4637 phononL 0.004 0.851073 -0.192089 0.0190462 0
0 4638 phononL 0.004 -0.690123 -0.0908679 0.0266655 0
0 4639 phononL 0.004 1.1525 1.52325 -0.0250206 0
0 4640 phononL 0.004 1.01162 0.249939 0.00159014 0
0 4641 phononL 0.004 -1.49671 0.233403 -0.0303471 0
0 4642 phononL 0.004 -0.986893 -1.47863 -0.010153 0
0 4643 phononL 0.004 -0.232605 0.458587 0.000708279 0
0 4644 phononL 0.004 -0.95413 -0.725526 0.00648413 0
0 4645 phononL 0.004 0.816102 -0.0194923 0.00266371 0
0 4646 phononL 0.004 -0.0331429 -0.0461436 -0.0276927 0
0 4647 phononL 0.004 0.536193 -1.51661 -0.0207199 0
0 4648 phononL 0.004 -0.208263 -0.353353 0.00291022 0
0 4649 phononL 0.004 -1.3806 0.250396 -0.0128881 0
0 4650 phononL 0.004 -0.39516 0.40687 -0.0352125 0
0 4651 phononL 0.004 0.702442 0.736897 0.0168951 0
0 4652 phononL 0.004 -0.668225 -0.0782913 0.00976975 0
0 4653 phononL 0.004 1.12042 -0.540338 -0.0353579 0
0 4654 phononL 0.004 -1.00753 -1.37726 -0.0145339 0
0 4655 phononL 0.004 -1.50191 -1.22799 0.00469888 0
0 4656 phononL 0.004 1.58862 -1.11336 0.00593566 0
0 4657 phononL 0.004 -1.35267 1.0991 0.00827575 0
0 4658 phononL 0.004 1.18073 -1.38376 -0.0262042 0
0 4659 phononL 0.004 0.450608 -1.56592 0.0296111 0
0 4660 phononL 0.004 0.598305 0.120589 0.0204781 0
0 4661 phononL 0.004 0.893113 0.598551 -0.0316458 0
0 4662 phononL 0.004 0.636789 -1.43226 0.0368621 0
0 4663 phononL 0.004 -0.165233 -0.350283 0.00764145 0
0 4664 phononL 0.004 -1.2464 0.502203 -0.0310377 0
0 4665 phononL 0.004 -1.02366 -0.546886 -0.0374242 0
0 4666 phononL 0.004 -1.33404 1.54691 0.0174938 0
0 4667 phononL 0.004 0.938227 -0.419052 0.0270315 0
0 4668 phononL 0.004 1.42599 0.110043 0.0174704 0
0 4669 phononL 0.004 0.642548 -1.60831 -0.00774807 0
0 4670 phononL 0.004 -1.08763 1.05497 -0.0139736 0
0 4671 phononL 0.004 -0.65077 -1.51188 -0.0285306 0
0 4672 phononL 0.004 0.963172 -1.53543 0.00546487 0
0 4673 phononL 0.004 1.31633 -0.250666 0.028557 0
0 4674 phononL 0.004 0.207909 1.09838 -0.0242056 0
0 4675 phononL 0.004 -0.79048 0.972298 0.0230473 0
0 4676 phononL 0.004 -0.398943 0.476265 -0.00637054 0
0 4677 phononL 0.004 0.972446 1.4369 0.0263396 0
0 4678 phononL 0.004 0.161561 -0.0636189 -0.028663 0
0 4679 phononL 0.004 1.41805 1.43118 0.0208833 0
0 4680 phononL 0.004 1.40197 -0.168066 0.0240925 0
0 4681 phononL 0.004 -0.39609 -0.474254 -0.00067243 0
0 4682 phononL 0.004 0.781483 -1.52854 -0.0178849 0
0 4683 phononL 0.004 -1.4572 1.21509 -0.0294792 0
0 4684 phononL 0.004 -1.3057 -0.408743 0.005788 0
0 4685 phononL 0.004 1.41008 1.64002 0.00253273 0
0 4686 phononL 0.004 -0.137617 0.75957 -0.00453322 0
0 4687 phononL 0.004 -0.493909 1.34016 0.0142559 0
0 4688 phononL 0.004 0.348117 -0.777569 0.00631086 0
0 4689 phononL 0.004 -0.509175 1.2263 0.0189675 0
0 4690 phononL 0.004 1.5504 -0.589642 -0.0294632 0
0 4691 phononL 0.004 0.896001 -1.07058 -0.00455852 0
0 4692 phononL 0.004 -1.56503 -0.720798 -0.0200844 0
0 4693 phononL 0.004 0.141886 -0.02103 -0.0193162 0
0 4694 phononL 0.004 -0.61991 -0.265933 0.00109463 0
0 4695 phononL 0.004 0.0909377 0.434755 -0.0338143 0
0 4696 phononL 0.004 0.031448 -1.48847 0.0058757 0
0 4697 phononL 0.004 -1.43527 0.307147 -0.0294268 0
0 4698 phononL 0.004 1.09096 -0.514767 0.0242885 0
0 4699 phononL 0.004 -0.341835 0.111507 0.0171751 0
0 4700 phononL 0.004 -0.310129 0.883707 -0.0358284 0
0 4701 phononL 0.004 -1.11512 0.557315 -0.00355246 0
0 4702 phononL 0.004 0.083402 0.714201 0.0266016 0
0 4703 phononL 0.004 0.872163 -1.41081 -0.0245787 0
0 4704 phononL 0.004 1.35943 -0.388591 -0.00507526 0
0 4705 phononL 0.004 -0.281541 -0.170572 -0.0241691 0
0 4706 phononL 0.004 -0.994002 -0.781265 -0.0300029 0
0 4707 phononL 0.004 -1.58639 -0.122806 -0.00768614 0
0 4708 phononL 0.004 -0.939305 0.851295 0.022335 0
0 4709 phononL 0.004 1.44907 0.781426 0.0361714 0
0 4710 phononL 0.004 0.404949 -0.423209 0.00790697 0
0 4711 phononL 0.004 -0.329477 1.60521 0.00794759 0
0 4712 phononL 0.004 0.0149631 0.465566 0.0296516 0
0 4713 phononL 0.004 0.92547 -0.454764 0.00752387 0
0 4714 phononL 0.004 -0.914961 1.11375 0.0395159 0
0 4715 phononL 0.004 -1.08738 0.406267 -0.034133 0
0 4716 phononL 0.004 0.0720978 1.57789 0.00107843 0
0 4717 phononL 0.004 -0.1823 -0.227802 0.0312522 0
0 4718 phononL 0.004 0.923393 0.809922 0.0377654 0
0 4719 phononL 0.004 1.54434 1.57731 0.0134902 0
0 4720 phononL 0.004 0.177194 0.108472 -0.00364413 0
0 4721 phononL 0.004 -0.683169 0.172362 0.00833035 0
0 4722 phononL 0.004 0.336541 -1.47942 -0.0233634 0
0 4723 phononL 0.004 -1.58716 1.40893 -0.0268507 0
0 4724 phononL 0.004 0.517235 -1.36995 0.00854856 0
0 4725 phononL 0.004 0.371277 1.35982 -0.0341917 0
0 4726 phononL 0.004 1.06816 -0.220843 0.0156535 0
0 4727 phononL 0.004 1.18524 1.11532 -0.00217288 0
0 4728 phononL 0.004 0.408079 0.0265472 0.00339214 0
0 4729 phononL 0.004 -1.07468 -1.52179 -0.00175342 0
0 4730 phononL 0.004 1.19853 0.196588 0.0389871 0
0 4731 phononL 0.004 -1.44756 1.27875 -0.0301113 0
0 4732 phononL 0.004 0.199522 -1.42331 -0.0220072 0
0 4733 phononL 0.004 -1.65518 1.58415 0.00165879 0
0 4734 phononL 0.004 -1.29192 -0.679478 0.0337042 0
0 4735 phononL 0.004 -1.36325 -0.543286 0.0203345 0
0 4736 phononL 0.004 -0.21629 -0.184182 0.0291247 0
0 4737 phononL 0.004 -0.870954 -1.06584 0.0346408 0
0 4738 phononL 0.004 -0.443248 -0.692624 0.0320454 0
0 4739 phononL 0.004 -1.15505 1.31777 -0.00993436 0
0 4740 phononL 0.004 -0.501596 -0.658182 0.00667189 0
0 4741 phononL 0.004 1.20457 -0.985718 -0.0367444 0
0 4742 phononL 0.004 1.14465 -0.177685 -0.0343187 0
0 4743 phononL 0.004 -0.780796 1.49011 0.00965805 0
0 4744 phononL 0.004 0.739259 0.768353 0.00867311 0
0 4745 phononL 0.004 -0.662261 1.50511 -0.0217859 0
0 4746 phononL 0.004 -0.672767 -1.52684 -0.00839304 0
0 4747 phononL 0.004 1.53024 -0.162189 0.0378454 0
0 4748 phononL 0.004 -1.51085 1.42253 0.0304851 0
0 4749 phononL 0.004 -1.42903 -0.532725 0.017145 0
0 4750 phononL 0.004 1.57269 1.21979 0.0232692 0
0 4751 phononL 0.004 0.291854 -0.0306608 0.0147068 0
0 4752 phononL 0.004 -1.25718 0.151362 -0.0224865 0
0 4753 phononL 0.004 1.00022 -0.640163 -0.02692 0
0 4754 phononL 0.004 0.358591 -0.0929237 0.0352089 0
0 4755 phononL 0.004 0.581086 1.37563 -0.0325758 0
0 4756 phononL 0.004 -1.30223 -0.454924 -0.0179174 0
0 4757 phononL 0.004 -0.272034 -0.999333 0.0126619 0
0 4758 phononL 0.004 -1.59153 1.06241 -0.00949159 0
0 4759 phononL 0.004 -0.102902 -1.30187 0.00340929 0
0 4760 phononL 0.004 -1.43247 0.590249 -0.0150711 0
0 4761 phononL 0.004 0.770178 -0.536939 0.0246429 0
0 4762 phononL 0.004 -1.38076 0.533312 0.0241352 0
0 4763 phononL 0.004 1.46945 -1.262 -0.0189001 0
0 4764 phononL 0.004 0.686645 0.15182 -0.0347281 0
0 4765 phononL 0.004 0.845087 -0.198843 -0.0105163 0
0 4766 phononL 0.004 -0.0640958 -1.56964 0.0395779 0
0 4767 phononL 0.004 -1.25271 -0.414665 -0.0173172 0
0 4768 phononL 0.004 -0.661946 -0.663732 0.00744366 0
0 4769 phononL 0.004 1.30169 -0.339838 -0.0278482 0
0 4770 phononL 0.004 -0.569278 -1.2561 0.038583 0
0 4771 phononL 0.004 0.297139 1.56978 0.0257052 0
0 4772 phononL 0.004 -1.31543 0.535152 -0.0255895 0
0 4773 phononL 0.004 -1.60924 0.528011 -0.0082977 0
0 4774 phononL 0.004 1.28394 -0.716882 -0.00760374 0
0 4775 phononL 0.004 1.36192 -0.0667024 -0.0174694 0
0 4776 phononL 0.004 0.625006 -1.26354 -0.0372153 0
0 4777 phononL 0.004 0.181322 -1.17852 -0.0291708 0
0 4778 phononL 0.004 -1.52699 -0.606923 -0.0140294 0
0 4779 phononL 0.004 0.935498 0.216362 0.00724909 0
0 4780 phononL 0.004 0.0272024 -1.36707 0.0383061 0
0 4781 phononL 0.004 0.571831 1.58615 -0.00569819 0
0 4782 phononL 0.004 -0.435347 0.456176 -0.0318285 0
0 4783 phononL 0.004 -1.34377 0.957626 -0.0311485 0
0 4784 phononL 0.004 0.894655 -0.477363 -0.00527365 0
0 4785 phononL 0.004 -0.463415 0.620874 -0.0109335 0
0 4786 phononL 0.004 1.16908 0.182243 0.0318542 0
0 4787 phononL 0.004 0.510974 1.2454 -0.000447566 0
0 4788 phononL 0.004 1.19222 1.41993 -0.00988032 0
0 4789 phononL 0.004 -0.673004 -0.942895 0.0218161 0
0 4790 phononL 0.004 -0.543536 -0.19688 0.014077 0
0 4791 phononL 0.004 -0.15527 -0.991734 0.0375778 0
0 4792 phononL 0.004 -0.069872 -0.635641 0.0209306 0
0 4793 phononL 0.004 0.0801502 -0.912849 -0.0244494 0
0 4794 phononL 0.004 -1.09141 0.0845671 -0.0312334 0
0 4795 phononL 0.004 1.594 0.082997 -0.0346206 0
0 4796 phononL 0.004 0.35558 -1.18411 0.00591852 0
0 4797 phononL 0.004 -1.5558 1.6496 -0.0097725 0
0 4798 phononL 0.004 1.56272 0.900533 0.0298934 0
0 4799 phononL 0.004 -1.6298 1.10089 0.0148034 0
0 4800 phononL 0.004 -0.0496442 -1.23251 0.00415796 0
0 4801 phononL 0.004 -0.446015 -1.27216 -0.026933 0
0 4802 phononL 0.004 -0.0523489 0.0818478 -0.00898897 0
0 4803 phononL 0.004 0.571463 -0.335098 -0.000824506 0
0 4804 phononL 0.004 -1.35355 0.0271406 -0.0154696 0
0 4805 phononL 0.004 -0.880456 0.89459 0.00237002 0
0 4806 phononL 0.004 1.1467 -0.709408 0.0116759 0
0 4807 phononL 0.004 -1.61625 0.0837752 0.0367432 0
0 4808 phononL 0.004 0.395145 0.77849 0.0243125 0
0 4809 phononL 0.004 1.28754 -1.40446 -0.0291455 0
0 4810 phononL 0.004 0.481828 1.04923 0.00277328 0
0 4811 phononL 0.004 0.0766052 1.52534 -0.00872407 0
0 4812 phononL 0.004 0.510126 -0.94748 -0.0108372 0
0 4813 phononL 0.004 -0.585706 -0.495096 0.00917718 0
0 4814 phononL 0.004 -1.02078 -1.12189 -0.00459003 0
0 4815 phononL 0.004 1.51441 -0.111332 -0.0159808 0
0 4816 phononL 0.004 0.0131243 1.27568 -0.0310998 0
0 4817 phononL 0.004 0.169312 0.415255 0.0260198 0
0 4818 phononL 0.004 -1.14293 -0.926003 0.000172337 0
0 4819 phononL 0.004 1.25564 0.0405449 0.0104591 0
0 4820 phononL 0.004 0.05176 0.615312 -0.0176477 0
0 4821 phononL 0.004 -1.31368 0.0953514 -0.0174751 0
0 4822 phononL 0.004 0.641357 -1.10811 0.0241754 0
0 4823 phononL 0.004 0.457895 -1.54684 -0.0031204 0
0 4824 phononL 0.004 -1.03023 -1.5405 0.0317626 0
0 4825 phononL 0.004 1.55638 1.21544 0.0138948 0
0 4826 phononL 0.004 -0.283185 -0.139182 -0.026267 0
0 4827 phononL 0.004 0.298444 -0.799213 -0.00533941 0
0 4828 phononL 0.004 -1.10877 -0.830476 -0.0231562 0
0 4829 phononL 0.004 0.248862 0.133217 0.0182722 0
0 4830 phononL 0.004 -0.331682 -0.972294 0.0377468 0
0 4831 phononL 0.004 0.00991117 -0.481072 -0.0370589 0
0 4832 phononL 0.004 -0.429707 -0.32245 0.00869919 0
0 4833 phononL 0.004 -0.803977 1.38832 0.0158784 0
0 4834 phononL 0.004 -0.142824 0.672955 0.000341319 0
0 4835 phononL 0.004 1.13042 1.15982 -0.0238472 0
0 4836 phononL 0.004 -0.376289 -0.561312 0.009541 0
0 4837 phononL 0.004 0.630673 -0.598784 0.011746 0
0 4838 phononL 0.004 -0.936577 -1.56178 0.0359275 0
0 4839 phononL 0.004 0.653431 -0.219109 -0.000266663 0
0 4840 phononL 0.004 1.42319 -1.21668 0.026795 0
0 4841 phononL 0.004 -1.2659 0.0560083 -0.0214065 0
0 4842 phononL 0.004 0.389394 1.17639 -0.0204676 0
0 4843 phononL 0.004 1.42793 -0.160003 0.0264132 0
0 4844 phononL 0.004 -1.60115 -0.362706 -0.0329983 0
0 4845 phononL 0.004 0.692907 1.49296 0.013842 0
0 4846 phononL 0.004 0.766714 -1.538 0.0334372 0
0 4847 phononL 0.004 1.08059 -0.227416 -0.0215061 0
0 4848 phononL 0.004 1.07827 0.910258 0.00745406 0
0 4849 phononL 0.004 -0.366869 -0.500754 -0.0201849 0
0 4850 phononL 0.004 0.0859329 1.1028 0.00660066 0
0 4851 phononL 0.004 -0.20511 -0.0979088 -0.00968615 0
0 4852 phononL 0.004 -0.060245 -0.720865 -0.0277532 0
0 4853 phononL 0.004 1.60869 -0.378079 0.0170498 0
0 4854 phononL 0.004 -0.0847492 -1.38785 0.0110308 0
0 4855 phononL 0.004 0.190353 0.295184 0.00450355 0
0 4856 phononL 0.004 -0.784379 1.23447 0.0286391 0
0 4857 phononL 0.004 1.64978 -0.118576 0.0348966 0
0 4858 phononL 0.004 1.48094 -0.558537 0.00938106 0
0 4859 phononL 0.004 -0.729045 0.220008 0.00846263 0
0 4860 phononL 0.004 -0.831797 0.568695 0.0321845 0
0 4861 phononL 0.004 0.288998 0.585031 -0.0238072 0
0 4862 phononL 0.004 -1.21361 -1.17151 0.0119425 0
0 4863 phononL 0.004 1.19493 -0.881401 -0.024888 0
0 4864 phononL 0.004 0.590723 -1.54951 0.00613969 0
0 4865 phononL 0.004 1.02759 -0.523797 -0.0039714 0
0 4866 phononL 0.004 -0.873088 0.508046 -0.0180848 0
0 4867 phononL 0.004 1.53818 -0.857552 -0.0206695 0
0 4868 phononL 0.004 0.483914 -1.29689 -0.0338212 0
0 4869 phononL 0.004 1.21584 -0.389663 0.0215806 0
0 4870 phononL 0.004 -1.25243 0.142956 0.00831429 0
0 4871 phononL 0.004 -0.452828 0.711227 -0.024543 0
0 4872 phononL 0.004 0.768558 0.14008 -0.0381077 0
0 4873 phononL 0.004 -1.12975 -0.549668 -0.0382743 0
0 4874 phononL 0.004 -0.657353 -0.963779 0.0128882 0
0 4875 phononL 0.004 -1.33188 0.370764 -0.0317666 0
0 4876 phononL 0.004 0.679741 -0.746531 -6.4731e-05 0
0 4877 phononL 0.004 0.642305 1.19886 -0.0171561 0
0 4878 phononL 0.004 -1.53736 1.17961 -0.010339 0
0 4879 phononL 0.004 -0.0562462 -0.167484 0.0168189 0
0 4880 phononL 0.004 -0.565755 1.66389 -0.00178517 0
0 4881 phononL 0.004 0.108896 0.669476 -0.00159639 0
0 4882 phononL 0.004 -0.408093 1.2166 -0.00543494 0
0 4883 phononL 0.004 0.16332 0.633041 0.0291986 0
0 4884 phononL 0.004 0.877071 0.266504 -0.0248121 0
0 4885 phononL 0.004 -0.0742279 1.21533 -0.0188504 0
0 4886 phononL 0.004 1.4949 -1.63674 0.0169238 0
0 4887 phononL 0.004 1.02798 0.49885 0.0200161 0
0 4888 phononL 0.004 0.516542 -1.22949 -0.0224711 0
0 4889 phononL 0.004 0.537648 -0.0460264 0.0253738 0
0 4890 phononL 0.004 -0.529422 1.56932 0.00280211 0
0 4891 phononL 0.004 -1.08718 0.0981399 0.0283371 0
0 4892 phononL 0.004 0.534367 -0.220521 -0.0196431 0
0 4893 phononL 0.004 -0.20575 -0.137897 -0.0173588 0
0 4894 phononL 0.004 -1.31222 0.860871 0.0288259 0
0 4895 phononL 0.004 -1.09414 -1.14841 -0.0373934 0
0 4896 phononL 0.004 1.5982 0.950452 0.00699471 0
0 4897 phononL 0.004 -0.510614 1.0813 -0.0171595 0
0 4898 phononL 0.004 1.37013 -1.22445 -0.0268164 0
0 4899 phononL 0.004 0.9297 1.48131 0.00556306 0
0 4900 phononL 0.004 0.614855 1.56387 0.028727 0
0 4901 phononL 0.004 0.585476 0.558319 -0.0180525 0
0 4902 phononL 0.004 0.347472 0.605202 -0.0277297 0
0 4903 phononL 0.004 -0.848499 -1.38623 0.0321743 0
0 4904 phononL 0.004 -0.853294 -1.54468 0.00413472 0
0 4905 phononL 0.004 -0.867832 0.0383881 -0.00726653 0
0 4906 phononL 0.004 0.816964 0.99936 -0.0261145 0
0 4907 phononL 0.004 -1.04113 -0.135453 0.0134406 0
0 4908 phononL 0.004 -0.567094 0.0902416 0.0197856 0
0 4909 phononL 0.004 0.951652 -1.47751 -0.00273545 0
0 4910 phononL 0.004 -0.651114 -1.11445 -0.0361669 0
0 4911 phononL 0.004 1.34155 -0.552433 -0.00600764 0
0 4912 phononL 0.004 0.954169 0.844426 -0.0255129 0
0 4913 phononL 0.004 -0.559524 1.29769 -0.0285254 0
0 4914 phononL 0.004 0.831735 -0.277725 -0.00506094 0
0 4915 phononL 0.004 -1.26542 -0.621362 0.0378231 0
0 4916 phononL 0.004 0.0903144 0.590796 0.0283132 0
0 4917 phononL 0.004 0.0248204 0.710753 0.0255412 0
0 4918 phononL 0.004 0.183524 1.0999 0.0316922 0
0 4919 phononL 0.004 -1.56709 -1.2076 0.0259587 0
0 4920 phononL 0.004 -0.986526 -0.521353 0.0145048 0
0 4921 phononL 0.004 -0.363506 0.81269 -0.0128382 0
0 4922 phononL 0.004 -0.757526 -0.84575 0.00382444 0
0 4923 phononL 0.004 -1.00476 -1.52241 -0.0164324 0
0 4924 phononL 0.004 0.546555 0.730232 0.0213988 0
0 4925 phononL 0.004 0.818678 -1.19204 0.0209021 0
0 4926 phononL 0.004 -0.615303 1.06432 -0.0281335 0
0 4927 phononL 0.004 0.290948 -1.355 0.0127612 0
0 4928 phononL 0.004 0.512283 -1.45045 0.00994402 0
0 4929 phononL 0.004 1.23894 -1.2299 -0.039231 0
0 4930 phononL 0.004 -1.06095 0.676195 0.0125697 0
0 4931 phononL 0.004 0.994085 -0.246003 0.0366639 0
0 4932 phononL 0.004 0.00945155 0.737721 -0.0369633 0
0 4933 phononL 0.004 -0.082238 -0.790605 -0.0255974 0
0 4934 phononL 0.004 1.08655 0.685973 0.0143544 0
0 4935 phononL 0.004 -0.899618 -1.42232 -0.0332437 0
0 4936 phononL 0.004 -0.912526 1.35666 -0.0331265 0
0 4937 phononL 0.004 1.39348 -1.24027 -0.0185316 0
0 4938 phononL 0.004 -1.29883 1.12032 -0.0192946 0
0 4939 phononL 0.004 -1.15383 1.41911 0.0324575 0
0 4940 phononL 0.004 -1.14735 -0.0163732 0.020133 0
0 4941 phononL 0.004 0.77523 -1.09802 -0.00564927 0
0 4942 phononL 0.004 1.12208 0.259313 -0.021355 0
0 4943 phononL 0.004 -0.935199 -0.919453 0.0124402 0
0 4944 phononL 0.004 1.43583 0.97471 0.0108734 0
0 4945 phononL 0.004 1.3904 0.564478 -0.00196563 0
0 4946 phononL 0.004 0.433987 -0.661495 -0.016273 0
0 4947 phononL 0.004 1.66144 1.1502 -0.00276454 0
0 4948 phononL 0.004 0.0584128 -0.494663 0.0091189 0
0 4949 phononL 0.004 -0.188622 -0.184877 0.0155768 0
0 4950 phononL 0.004 -0.512143 1.24689 -0.0228558 0
0 4951 phononL 0.004 -0.621119 1.10276 -0.0270267 0
0 4952 phononL 0.004 0.473282 0.0657232 -0.0370684 0
0 4953 phononL 0.004 1.48792 -1.62714 0.016063 0
0 4954 phononL 0.004 1.44159 1.53311 -0.0178045 0
0 4955 phononL 0.004 0.511336 -0.0232625 -0.024572 0
0 4956 phononL 0.004 -0.999593 -0.408627 -0.0315538 0
0 4957 phononL 0.004 1.06448 -0.333539 -0.0266376 0
0 4958 phononL 0.004 -0.724141 -1.42823 -0.0161187 0
0 4959 phononL 0.004 -1.63413 -0.595913 -0.00486298 0
0 4960 phononL 0.004 0.0188587 -0.196446 0.0313078 0
0 4961 phononL 0.004 -0.645815 -0.69 0.0269254 0
0 4962 phononL 0.004 -0.216172 -0.627325 -0.0167857 0
0 4963 phononL 0.004 1.59197 0.746054 -0.0317359 0
0 4964 phononL 0.004 1.13059 -1.65468 -0.0347214 0
0 4965 phononL 0.004 0.455766 1.4324 0.027608 0
0 4966 phononL 0.004 -0.0635619 -0.880624 -0.0233478 0
0 4967 phononL 0.004 -0.342111 0.382634 0.0329782 0
0 4968 phononL 0.004 0.610663 1.27145 0.0186667 0
0 4969 phononL 0.004 -0.161781 -0.841023 0.0198773 0
0 4970 phononL 0.004 0.56515 0.510465 0.0252437 0
0 4971 phononL 0.004 0.686414 -0.358939 -0.0218598 0
0 4972 phononL 0.004 -0.294644 -0.104077 -0.0225369 0
0 4973 phononL 0.004 -1.223 -1.08003 0.0174455 0
0 4974 phononL 0.004 1.08648 1.54051 0.0237791 0
0 4975 phononL 0.004 1.29093 -0.852603 -0.0284704 0
0 4976 phononL 0.004 0.715302 -0.550982 0.00945338 0
0 4977 phononL 0.004 -0.947022 -0.391777 -0.0355004 0
0 4978 phononL 0.004 1.01433 1.23812 -0.0122894 0
0 4979 phononL 0.004 -0.0182146 -0.0801443 -0.0162995 0
0 4980 phononL 0.004 -0.612197 1.12047 -0.0106312 0
0 4981 phononL 0.004 0.851861 0.068643 0.0329257 0
0 4982 phononL 0.004 -0.815889 1.23474 0.012455 0
0 4983 phononL 0.004 -0.639307 0.825229 -0.0237182 0
0 4984 phononL 0.004 0.960682 -1.44599 -0.0238026 0
0 4985 phononL 0.004 -0.256076 0.540582 0.00404692 0
0 4986 phononL 0.004 -1.35581 -0.235598 -0.0363491 0
0 4987 phononL 0.004 0.0239802 -0.91351 0.0296083 0
0 4988 phononL 0.004 0.106841 1.57712 -0.00562128 0
0 4989 phononL 0.004 0.415556 -0.596806 0.00512838 0
0 4990 phononL 0.004 -0.771931 1.03552 -0.00339901 0
0 4991 phononL 0.004 1.30783 1.43182 -0.00560652 0
0 4992 phononL 0.004 -0.571367 0.63144 0.0185376 0
0 4993 phononL 0.004 1.01526 0.586146 0.009246 0
0 4994 phononL 0.004 -0.400639 1.24122 0.02036 0
0 4995 phononL 0.004 0.932641 -0.990923 -0.0329989 0
0 4996 phononL 0.004 -0.677319 1.2584 -0.0285276 0
0 4997 phononL 0.004 1.56804 -0.510092 -0.0373229 0
0 4998 phononL 0.004 -0.611879 -0.0025946 0.0299793 0
0 4999 phononL 0.004 0.864396 -0.459764 -0.0307993 0
0 5000 phononL 0.004 1.42083 -0.335698 0.0394217 0
0 5001 phononL 0.004 0.254773 0.0425165 -0.030236 0
0 5002 phononL 0.004 0.468168 0.817707 0.0192342 0
0 5003 phononL 0.004 -0.110851 -1.25197 0.0116802 0
0 5004 phononL 0.004 -0.487851 0.0138742 -0.00864149 0
0 5005 phononL 0.004 -1.11128 -1.38068 -0.0102814 0
0 5006 phononL 0.004 0.242826 -0.0527995 0.0192301 0
0 5007 phononL 0.004 -0.754938 0.0749849 -0.0105478 0
0 5008 phononL 0.004 -0.180411 -0.14229 -0.0248773 0
0 5009 phononL 0.004 -0.947483 -0.259033 0.0140535 0
0 5010 phononL 0.004 1.09006 -0.997069 -0.018862 0
0 5011 phononL 0.004 -0.205113 -1.11959 -0.0379769 0
0 5012 phononL 0.004 -1.38252 -1.03403 -0.0213504 0
0 5013 phononL 0.004 0.71401 -1.3611 -0.00836572 0
0 5014 phononL 0.004 1.19333 -1.50777 -0.0094072 0
0 5015 phononL 0.004 -1.31118 1.52658 -0.0113807 0
0 5016 phononL 0.004 -1.09262 -0.802562 0.0110536 0
0 5017 phononL 0.004 -0.921127 -1.38949 0.0196359 0
0 5018 phononL 0.004 0.814738 0.260969 0.0216625 0
0 5019 phononL 0.004 1.38279 1.45034 0.00783192 0
0 5020 phononL 0.004 0.989474 -1.51048 -0.0184361 0
0 5021 phononL 0.004 1.62992 1.41944 -0.016405 0
0 5022 phononL 0.004 0.779513 0.455012 0.0266506 0
0 5023 phononL 0.004 1.25075 1.40583 0.00227635 0
0 5024 phononL 0.004 0.180179 -0.317176 0.0311486 0
0 5025 phononL 0.004 0.648402 -0.107966 -0.011308 0
0 5026 phononL 0.004 -0.530666 0.670861 -0.00581983 0
0 5027 phononL 0.004 -1.04941 0.97419 -0.00711909 0
0 5028 phononL 0.004 -1.45283 0.560497 0.0204243 0
0 5029 phononL 0.004 -0.778538 0.707901 -0.0170665 0
0 5030 phononL 0.004 0.267004 -1.44807 -0.0193322 0
0 5031 phononL 0.004 -0.367155 -0.523626 -0.0227743 0
0 5032 phononL 0.004 0.807499 1.31624 0.0015635 0
0 5033 phononL 0.004 -0.763178 -0.60677 -0.00815009 0
0 5034 phononL 0.004 -0.885567 -1.22556 0.0150107 0
0 5035 phononL 0.004 0.132097 -0.251397 -0.0242067 0
0 5036 phononL 0.004 1.641 0.828719 -0.0314783 0
0 5037 phononL 0.004 -1.50729 0.908058 0.00142175 0
0 5038 phononL 0.004 -0.0288935 -0.424583 0.0146959 0
0 5039 phononL 0.004 1.54448 -1.18458 0.000673341 0
0 5040 phononL 0.004 -0.0764267 -1.43741 0.0150517 0
0 5041 phononL 0.004 0.514221 0.152408 -0.0013328 0
0 5042 phononL 0.004 -1.05081 -1.09427 0.00657791 0
0 5043 phononL 0.004 -0.474484 -1.47357 -0.0225762 0
0 5044 phononL 0.004 -1.52468 -0.455312 -0.0133078 0
0 5045 phononL 0.004 -0.796839 1.50113 -0.00100425 0
0 5046 phononL 0.004 -0.347054 -0.423011 -0.0217766 0
0 5047 phononL 0.004 -1.25919 0.658727 0.0147345 0
0 5048 phononL 0.004 -0.808499 -0.625125 0.0291323 0
0 5049 phononL 0.004 -0.310074 0.939307 0.00399827 0
0 5050 phononL 0.004 0.878693 1.34134 0.00982262 0
0 5051 phononL 0.004 -0.421564 1.61414 -0.0327699 0
0 5052 phononL 0.004 0.772108 0.724125 0.0270276 0
0 5053 phononL 0.004 1.23197 -0.963414 0.0154222 0
0 5054 phononL 0.004 -0.259003 1.33419 0.015881 0
0 5055 phononL 0.004 1.53536 0.846689 0.00376722 0
0 5056 phononL 0.004 0.746434 0.927191 -0.0135101 0
0 5057 phononL 0.004 0.58341 -1.11351 -0.0223684 0
0 5058 phononL 0.004 0.0105137 -0.48108 -0.0274888 0
0 5059 phononL 0.004 1.12589 1.10885 -0.0167095 0
0 5060 phononL 0.004 -0.164088 -1.58665 0.0339156 0
0 5061 phononL 0.004 0.0166826 1.63205 -0.0325888 0
0 5062 phononL 0.004 -0.529253 -0.257444 -0.00256277 0
0 5063 phononL 0.004 0.882406 1.35506 -0.0268191 0
0 5064 phononL 0.004 1.65275 0.0684246 0.00220039 0
0 5065 phononL 0.004 0.994915 1.58384 0.0391094 0
0 5066 phononL 0.004 -0.886586 -1.0135 -0.0126199 0
0 5067 phononL 0.004 1.53843 0.841673 -0.00622617 0
0 5068 phononL 0.004 -0.824263 0.161109 0.00664205 0
0 5069 phononL 0.004 0.210617 -0.628809 -0.0190391 0
0 5070 phononL 0.004 -1.10909 -0.0770786 0.0203589 0
0 5071 phononL 0.004 -1.44461 -1.02288 -0.0386918 0
0 5072 phononL 0.004 0.110641 1.62442 -0.0128003 0
0 5073 phononL 0.004 1.1299 -0.86483 -0.00877371 0
0 5074 phononL 0.004 0.278681 -0.860151 -0.0138904 0
0 5075 phononL 0.004 0.810427 0.548428 -0.0381459 0
0 5076 phononL 0.004 -0.735496 -0.98905 0.0196121 0
0 5077 phononL 0.004 0.562343 -0.973696 -0.00136189 0
0 5078 phononL 0.004 -0.0638932 -1.43363 -0.00988608 0
0 5079 phononL 0.004 0.293776 -1.46807 -0.0149669 0
0 5080 phononL 0.004 0.792276 1.47971 -0.0397569 0
0 5081 phononL 0.004 -1.47035 -1.28051 0.0395755 0
0 5082 phononL 0.004 -0.543527 -0.212498 -0.00865706 0
0 5083 phononL 0.004 0.0638688 1.45634 -0.00732371 0
0 5084 phononL 0.004 -0.0577952 0.359372 0.00536291 0
0 5085 phononL 0.004 -0.59494 -1.36524 -0.00865182 0
0 5086 phononL 0.004 -0.86204 0.0332296 -0.0221312 0
0 5087 phononL 0.004 -1.11947 0.626914 -0.037973 0
0 5088 phononL 0.004 -0.52214 1.05645 0.0295561 0
0 5089 phononL 0.004 -1.02773 0.560186 0.0230404 0
0 5090 phononL 0.004 1.32094 -1.26856 0.0178697 0
0 5091 phononL 0.004 -0.344158 -0.747321 -0.0323397 0
0 5092 phononL 0.004 0.860286 -0.149716 0.0252915 0
0 5093 phononL 0.004 -1.18551 -0.740326 -0.00435619 0
0 5094 phononL 0.004 0.283224 -0.365816 -0.010902 0
0 5095 phononL 0.004 -1.00991 0.310611 -0.00826936 0
0 5096 phononL 0.004 0.0217435 0.340181 -0.00763267 0
0 5097 phononL 0.004 1.63995 -1.05475 -0.0324659 0
0 5098 phononL 0.004 0.0116742 1.37869 0.0361544 0
0 5099 phononL 0.004 1.10587 1.28111 -0.0334626 0
0 5100 phononL 0.004 -1.51499 0.202342 0.0150861 0
0 5101 phononL 0.004 -1.12332 0.0104261 -0.0372254 0
0 5102 phononL 0.004 -1.63904 0.346807 0.0346648 0
0 5103 phononL 0.004 1.63987 0.261439 -0.0161492 0
0 5104 phononL 0.004 -0.274485 -1.51106 -0.00338954 0
0 5105 phononL 0.004 -1.05684 -0.0352275 -0.0194211 0
0 5106 phononL 0.004 -0.0510372 -1.20507 0.0220466 0
0 5107 phononL 0.004 -0.0662198 -0.950997 -0.021599 0
0 5108 phononL 0.004 -0.347207 1.09818 0.0384841 0
0 5109 phononL 0.004 -1.40852 0.911765 -0.0231559 0
0 5110 phononL 0.004 0.445532 1.00872 0.00681372 0
0 5111 phononL 0.004 -0.129547 -0.709115 0.0211427 0
0 5112 phononL 0.004 0.122699 -0.618159 0.0276666 0
0 5113 phononL 0.004 -0.545407 -0.36487 -0.0341287 0
0 5114 phononL 0.004 0.533192 1.54473 -0.0100726 0
0 5115 phononL 0.004 0.895184 1.18896 -0.00646305 0
0 5116 phononL 0.004 1.08096 0.923237 0.0309141 0
0 5117 phononL 0.004 -1.08747 -0.959416 0.011302 0
0 5118 phononL 0.004 1.21643 0.80732 0.0324084 0
0 5119 phononL 0.004 -0.237497 0.0886919 -0.006354 0
0 5120 phononL 0.004 -0.853559 0.198256 -0.0140853 0
0 5121 phononL 0.004 1.39386 0.24599 0.0287185 0
0 5122 phononL 0.004 0.199753 -0.139619 0.0287648 0
0 5123 phononL 0.004 -1.6108 -1.27125 0.000116914 0
0 5124 phononL 0.004 0.301251 1.17963 0.0152523 0
0 5125 phononL 0.004 -1.25179 -1.36822 -0.00794624 0
0 5126 phononL 0.004 0.417293 0.271961 0.01035 0
0 5127 phononL 0.004 -0.561397 0.848791 0.00866215 0
0 5128 phononL 0.004 -1.18209 1.36633 0.0354821 0
0 5129 phononL 0.004 0.854038 -1.25905 -0.00494016 0
0 5130 phononL 0.004 -1.28574 -0.555489 -0.00778939 0
0 5131 phononL 0.004 -1.51787 0.159169 -0.0291181 0
0 5132 phononL 0.004 1.15275 0.0679214 0.0211262 0
0 5133 phononL 0.004 0.386385 0.922086 0.0301302 0
0 5134 phononL 0.004 -0.703882 -0.792726 0.0329747 0
0 5135 phononL 0.004 -0.141543 0.529337 -0.011814 0
0 5136 phononL 0.004 1.17802 1.11039 0.00236732 0
0 5137 phononL 0.004 -0.740819 -0.93266 0.0224316 0
0 5138 phononL 0.004 0.418375 1.2575 -0.0159733 0
0 5139 phononL 0.004 0.0419601 -0.988948 0.0175317 0
0 5140 phononL 0.004 -0.385424 -1.65127 0.0110717 0
0 5141 phononL 0.004 1.07617 0.290744 0.0310486 0
0 5142 phononL 0.004 -1.43579 -1.03132 0.0122354 0
0 5143 phononL 0.004 1.016 1.49099 0.0200895 0
0 5144 phononL 0.004 -0.853006 -1.23099 -0.00618774 0
0 5145 phononL 0.004 0.768789 1.52516 0.00673001 0
0 5146 phononL 0.004 0.305718 -1.47822 0.0127348 0
0 5147 phononL 0.004 -1.15412 -0.76127 0.0255297 0
0 5148 phononL 0.004 0.45742 -1.58031 -0.0388163 0
0 5149 phononL 0.004 0.21255 0.71848 0.0100424 0
0 5150 phononL 0.004 0.0693146 -0.833215 0.00484494 0
0 5151 phononL 0.004 -0.488182 0.487433 -0.0368615 0
0 5152 phononL 0.004 1.22518 -0.141193 0.0210528 0
0 5153 phononL 0.004 0.718339 0.131211 -0.00803499 0
0 5154 phononL 0.004 -1.66097 0.915302 0.0157055 0
0 5155 phononL 0.004 -0.626978 1.3252 0.0110426 0
0 5156 phononL 0.004 -1.12309 0.755213 0.0101781 0
0 5157 phononL 0.004 -0.0673057 0.614953 0.0104395 0
0 5158 phononL 0.004 1.0819 -0.863783 -0.0215271 0
0 5159 phononL 0.004 -1.38637 1.38404 -0.016606 0
0 5160 phononL 0.004 0.250804 1.0863 -0.0115419 0
0 5161 phononL 0.004 -0.831169 0.615596 0.0140791 0
0 5162 phononL 0.004 -0.000475268 -0.918413 -0.0196549 0
0 5163 phononL 0.004 -1.43418 -0.572667 -0.0385095 0
0 5164 phononL 0.004 0.167005 0.210145 -0.000983797 0
0 5165 phononL 0.004 1.40112 0.227043 -0.0217903 0
0 5166 phononL 0.004 1.12117 -0.086238 -0.0364111 0
0 5167 phononL 0.004 -1.12434 1.49197 0.0293434 0
0 5168 phononL 0.004 0.0562099 1.59249 0.0343578 0
0 5169 phononL 0.004 -0.461281 0.55673 -0.0267617 0
0 5170 phononL 0.004 0.26974 1.19413 -0.0020021 0
0 5171 phononL 0.004 1.05436 -0.391959 0.00500786 0
0 5172 phononL 0.004 -0.846153 -1.43071 -0.03334 0
0 5173 phononL 0.004 0.853192 0.35782 0.0157704 0
0 5174 phononL 0.004 0.40472 1.3245 -0.00586949 0
0 5175 phononL 0.004 0.478572 -0.753164 0.0254958 0
0 5176 phononL 0.004 -0.795845 0.169543 -0.0177789 0
0 5177 phononL 0.004 -0.627047 -1.20688 0.0157629 0
0 5178 phononL 0.004 0.39462 1.44731 -0.0244851 0
0 5179 phononL 0.004 -1.5541 -0.173097 -0.039989 0
0 5180 phononL 0.004 -0.0865276 -0.225762 -0.01249 0
0 5181 phononL 0.004 -0.415061 -0.141204 0.0387966 0
0 5182 phononL 0.004 0.550751 0.434304 -0.011421 0
0 5183 phononL 0.004 -0.171261 -1.17966 0.0102747 0
0 5184 phononL 0.004 -0.0268904 0.0719763 -0.00734667 0
0 5185 phononL 0.004 1.3197 -1.56362 0.0368437 0
0 5186 phononL 0.004 -0.654107 -1.34643 -0.00872816 0
0 5187 phononL 0.004 1.5574 -1.626 -0.00707252 0
0 5188 phononL 0.004 -1.0895 1.2724 0.0163272 0
0 5189 phononL 0.004 -0.488762 0.785375 -0.0266667 0
0 5190 phononL 0.004 0.0686267 1.35307 -0.0307855 0
0 5191 phononL 0.004 1.5577 -1.22026 0.0102901 0
0 5192 phononL 0.004 0.92802 1.48524 0.00313597 0
0 5193 phononL 0.004 1.38411 0.980904 0.0283152 0
0 5194 phononL 0.004 -0.480744 -1.15947 -0.0367945 0
0 5195 phononL 0.004 0.756819 0.748066 -0.0322276 0
0 5196 phononL 0.004 0.201522 1.29006 -0.020051 0
0 5197 phononL 0.004 -0.657001 -0.240473 0.0168021 0
0 5198 phononL 0.004 -1.28578 1.29182 -0.0248391 0
0 5199 phononL 0.004 -0.424541 0.748517 -0.0213925 0
0 5200 phononL 0.004 0.395941 1.14998 0.001639 0
0 5201 phononL 0.004 -0.420932 0.937 0.0363375 0
0 5202 phononL 0.004 1.40885 -0.683482 0.0107091 0
0 5203 phononL 0.004 -1.15464 -0.237057 0.0240783 0
0 5204 phononL 0.004 0.87488 -0.510418 0.0289335 0
0 5205 phononL 0.004 0.251737 -0.0975502 -0.00366115 0
0 5206 phononL 0.004 0.9563 -0.302224 0.0040121 0
0 5207 phononL 0.004 1.52182 -1.14644 -0.0318348 0
0 5208 phononL 0.004 0.0064312 1.05671 0.0271908 0
0 5209 phononL 0.004 -0.0310424 0.298416 0.00143232 0
0 5210 phononL 0.004 -1.10521 -0.683739 0.0228477 0
0 5211 phononL 0.004 -0.837122 -1.02371 -0.0227849 0
0 5212 phononL 0.004 -0.0479408 -0.871024 -0.033297 0
0 5213 phononL 0.004 1.25228 0.0473316 -0.0329847 0
0 5214 phononL 0.004 0.0464121 -1.23141 0.00873344 0
0 5215 phononL 0.004 1.07718 0.965656 0.0368827 0
0 5216 phononL 0.004 0.92949 0.68544 0.0373893 0
0 5217 phononL 0.004 -0.855376 1.00693 -0.0187255 0
0 5218 phononL 0.004 -1.60256 -0.983338 -0.0369991 0
0 5219 phononL 0.004 0.378041 -0.785496 0.00399933 0
0 5220 phononL 0.004 0.786039 0.196451 0.0121987 0
0 5221 phononL 0.004 1.64594 -1.5135 -0.00713524 0
0 5222 phononL 0.004 0.405278 -1.49973 0.00399684 0
0 5223 phononL 0.004 -0.744077 -0.0291949 0.00336911 0
0 5224 phononL 0.004 0.178794 1.21104 0.0282357 0
0 5225 phononL 0.004 -0.36942 0.506734 0.0148093 0
0 5226 phononL 0.004 1.0491 -0.396134 0.0249916 0
0 5227 phononL 0.004 -0.688586 0.291655 -0.000584436 0
0 5228 phononL 0.004 0.177218 0.623054 -0.02296 0
0 5229 phononL 0.004 1.04678 -0.881246 -0.0275235 0
0 5230 phononL 0.004 -0.853034 -0.0627929 -0.0053955 0
0 5231 phononL 0.004 -1.61063 -0.866575 0.0128894 0
0 5232 phononL 0.004 -0.526969 1.02797 0.0202963 0
0 5233 phononL 0.004 0.733795 -0.307949 -0.00394757 0
0 5234 phononL 0.004 -0.430022 -1.33909 0.0368103 0
0 5235 phononL 0.004 0.912784 -1.11488 -0.00108162 0
0 5236 phononL 0.004 -0.0327339 1.1327 -0.0212038 0
0 5237 phononL 0.004 0.536355 -0.0703406 0.0258254 0
0 5238 phononL 0.004 1.64986 1.26207 -0.0239696 0
0 5239 phononL 0.004 -0.436729 1.20161 0.0384558 0
0 5240 phononL 0.004 1.27477 1.09901 0.0393137 0
0 5241 phononL 0.004 -1.14564 1.13788 0.0129727 0
0 5242 phononL 0.004 0.626944 1.41471 -0.00842803 0
0 5243 phononL 0.004 1.6125 -1.26573 -0.0106666 0
0 5244 phononL 0.004 0.861851 -0.616442 -0.00663622 0
0 5245 phononL 0.004 -0.266259 -0.802595 -0.000802199 0
0 5246 phononL 0.004 0.4929 0.95499 -0.0390735 0
0 5247 phononL 0.004 -0.100801 0.946568 -0.0219508 0
0 5248 phononL 0.004 -0.0388722 -1.62452 0.010604 0
0 5249 phononL 0.004 -1.29621 1.5941 -0.00803144 0
0 5250 phononL 0.004 -1.48537 -0.481154 -0.0347602 0
0 5251 phononL 0.004 1.05243 -1.3468 0.00938914 0
0 5252 phononL 0.004 0.298986 0.622271 0.0197855 0
0 5253 phononL 0.004 1.08157 1.04436 0.00756411 0
0 5254 phononL 0.004 1.20132 0.714245 -0.0261896 0
0 5255 phononL 0.004 1.20473 0.134381 -0.0288909 0
0 5256 phononL 0.004 -1.11452 -0.63665 -0.0298847 0
0 5257 phononL 0.004 0.3712 -0.56941 0.00153612 0
0 5258 phononL 0.004 0.548229 1.25494 -0.0291125 0
0 5259 phononL 0.004 1.44655 -0.547402 0.0308929 0
0 5260 phononL 0.004 -0.227616 0.80952 -0.017733 0
0 5261 phononL 0.004 0.609602 -1.55238 0.0336625 0
0 5262 phononL 0.004 -0.186373 -0.525963 -0.026012 0
0 5263 phononL 0.004 -0.631349 -1.36467 0.0311445 0
0 5264 phononL 0.004 1.07731 -1.61906 -0.0255078 0
0 5265 phononL 0.004 0.179013 -0.0945926 0.0142745 0
0 5266 phononL 0.004 1.21558 -0.357446 -0.0328962 0
0 5267 phononL 0.004 1.59726 -0.544029 0.00129051 0
0 5268 phononL 0.004 0.717272 -0.369803 0.0325644 0
0 5269 phononL 0.004 -0.371984 1.03271 0.0374528 0
0 5270 phononL 0.004 0.365804 -1.54904 0.0069854 0
0 5271 phononL 0.004 -1.5622 0.259004 0.00157996 0
0 5272 phononL 0.004 -0.94725 -1.6009 -0.0132532 0
0 5273 phononL 0.004 -0.186544 0.141464 0.030233 0
0 5274 phononL 0.004 -0.931493 0.372069 -0.0189738 0
0 5275 phononL 0.004 -0.336224 0.605455 -0.0161897 0
0 5276 phononL 0.004 -0.896606 1.02015 -0.038885 0
0 5277 phononL 0.004 0.469463 1.37402 0.0313779 0
0 5278 phononL 0.004 1.01301 1.63968 -0.0353282 0
0 5279 phononL 0.004 0.401331 1.42135 -0.0104022 0
0 5280 phononL 0.004 0.865661 0.667115 0.00293469 0
0 5281 phononL 0.004 1.57663 -0.951221 0.0194788 0
0 5282 phononL 0.004 -1.31562 -1.31923 0.022623 0
0 5283 phononL 0.004 1.64009 0.292055 -0.0387927 0
0 5284 phononL 0.004 1.51172 -1.19861 -0.00192245 0
0 5285 phononL 0.004 1.01505 -0.416099 -0.020303 0
0 5286 phononL 0.004 -0.662243 -1.06028 -0.0358924 0
0 5287 phononL 0.004 0.962914 -1.40282 0.0281265 0
0 5288 phononL 0.004 0.596087 -0.985564 -0.024572 0
0 5289 phononL 0.004 0.664703 0.825597 -0.0274219 0
0 5290 phononL 0.004 -0.680303 -0.0806184 0.0399932 0
0 5291 phononL 0.004 1.44201 0.579209 0.0221139 0
0 5292 phononL 0.004 0.402609 1.37589 0.00562656 0
0 5293 phononL 0.004 0.830858 -0.410567 -0.0226564 0
0 5294 phononL 0.004 0.978826 1.57708 0.0128792 0
0 5295 phononL 0.004 1.54436 -0.259274 0.018747 0
0 5296 phononL 0.004 -0.0827317 1.2248 0.0291613 0
0 5297 phononL 0.004 -0.782879 -0.412616 0.039672 0
0 5298 phononL 0.004 1.56244 -1.56222 0.00377855 0
0 5299 phononL 0.004 0.641263 -0.213794 -0.0348718 0
0 5300 phononL 0.004 -0.467915 1.00872 -0.0191503 0
0 5301 phononL 0.004 -0.00188568 -1.10199 0.0293668 0
0 5302 phononL 0.004 -1.13911 1.60389 -0.0144098 0
0 5303 phononL 0.004 0.375991 1.5524 0.0355219 0
0 5304 phononL 0.004 -0.1828 1.5213 -0.00461033 0
0 5305 phononL 0.004 -1.46511 -0.953699 -0.00114147 0
0 5306 phononL 0.004 -0.532827 0.116407 -0.0192981 0
0 5307 phononL 0.004 1.6307 0.135978 0.0261541 0
0 5308 phononL 0.004 -1.01891 -0.192702 -0.0217287 0
0 5309 phononL 0.004 -1.43303 -0.0333978 0.0278329 0
0 5310 phononL 0.004 -1.4289 0.7238 0.0340042 0
0 5311 phononL 0.004 0.749787 0.19071 0.0221888 0
0 5312 phononL 0.004 -1.07408 -1.18774 -0.0245644 0
0 5313 phononL 0.004 -1.59053 1.04798 0.0240739 0
0 5314 phononL 0.004 -0.19018 0.0888519 -0.000933026 0
0 5315 phononL 0.004 0.504071 1.33351 -0.0398517 0
0 5316 phononL 0.004 1.06583 -1.49451 0.0349478 0
0 5317 phononL 0.004 -0.894949 1.18639 0.0207013 0
0 5318 phononL 0.004 -0.0217615 1.63202 -0.00258475 0
0 5319 phononL 0.004 0.23654 0.791699 0.0285535 0
0 5320 phononL 0.004 0.467694 0.285036 -0.035005 0
0 5321 phononL 0.004 1.61035 -0.847283 0.0292531 0
0 5322 phononL 0.004 -0.0446672 0.261177 -0.0340679 0
0 5323 phononL 0.004 -1.18205 0.0560861 0.0387613 0
0 5324 phononL 0.004 -0.278106 1.58252 -0.0332157 0
0 5325 phononL 0.004 0.951085 0.640448 -0.00688801 0
0 5326 phononL 0.004 -0.319959 -0.946095 -0.0235033 0
0 5327 phononL 0.004 1.46773 -0.32495 -0.015599 0
0 5328 phononL 0.004 -1.23941 0.903386 0.0269472 0
0 5329 phononL 0.004 1.32093 1.51697 0.00581095 0
0 5330 phononL 0.004 -1.1179 1.21786 -0.0291336 0
0 5331 phononL 0.004 1.09446 -0.659956 0.00349182 0
0 5332 phononL 0.004 1.47265 0.370205 0.00369583 0
0 5333 phononL 0.004 -1.60637 -0.110155 -0.00331141 0
0 5334 phononL 0.004 1.45232 0.67355 0.0393301 0
0 5335 phononL 0.004 0.452872 -1.24517 -0.0293994 0
0 5336 phononL 0.004 1.22168 -0.0107259 -0.000367488 0
0 5337 phononL 0.004 0.715087 -0.850531 0.0196952 0
0 5338 phononL 0.004 -0.257112 0.0410201 0.0293084 0
0 5339 phononL 0.004 -0.993524 -0.741274 0.0374427 0
0 5340 phononL 0.004 0.295348 1.45829 -0.00351558 0
0 5341 phononL 0.004 0.875364 0.893268 0.0262254 0
0 5342 phononL 0.004 1.54305 0.200227 0.00950916 0
0 5343 phononL 0.004 -0.577669 0.767518 -0.000116917 0
0 5344 phononL 0.004 -0.00355519 0.165898 0.0082179 0
0 5345 phononL 0.004 -0.198923 -0.828467 -0.016146 0
0 5346 phononL 0.004 0.269439 -1.23168 -0.00805577 0
0 5347 phononL 0.004 0.386718 -0.0407657 -0.0298106 0
0 5348 phononL 0.004 -0.681411 -0.211308 0.0159096 0
0 5349 phononL 0.004 1.60315 0.210255 -0.0291192 0
0 5350 phononL 0.004 -1.53314 0.63178 -0.00363639 0
0 5351 phononL 0.004 0.705669 1.15905 0.0274579 0
0 5352 phononL 0.004 0.270924 1.62401 0.00194891 0
0 5353 phononL 0.004 -1.07659 0.439265 0.0118403 0
0 5354 phononL 0.004 0.0814121 -1.4074 -0.0309229 0
0 5355 phononL 0.004 0.472745 -1.49549 0.0203252 0
0 5356 phononL 0.004 1.28014 0.0342307 -0.00558673 0
0 5357 phononL 0.004 0.241215 -1.51334 0.0295202 0
0 5358 phononL 0.004 0.295396 1.54139 -0.018105 0
0 5359 phononL 0.004 -0.530086 1.58346 -0.0167628 0
0 5360 phononL 0.004 1.37288 0.788572 4.80014e-05 0
0 5361 phononL 0.004 -0.0146419 1.20977 -0.0143961 0
0 5362 phononL 0.004 -0.743163 0.674769 -0.0270431 0
0 5363 phononL 0.004 1.27626 -1.55346 0.0237564 0
0 5364 phononL 0.004 0.0088622 -0.609242 0.0355774 0
0 5365 phononL 0.004 1.27923 -0.769596 0.00268754 0
0 5366 phononL 0.004 -1.65452 0.850717 0.0309238 0
0 5367 phononL 0.004 -0.76256 -0.361129 -0.0335407 0
0 5368 phononL 0.004 0.992451 1.19598 0.015672 0
0 5369 phononL 0.004 0.773151 1.6468 -0.00800959 0
0 5370 phononL 0.004 0.648452 1.12748 -0.0378202 0
0 5371 phononL 0.004 -0.770288 -0.761172 0.0161561 0
0 5372 phononL 0.004 -1.3087 -0.361867 0.0142128 0
0 5373 phononL 0.004 -0.23992 0.499474 0.025197 0
0 5374 phononL 0.004 -1.46094 -0.509629 -0.0230554 0
0 5375 phononL 0.004 -0.239626 1.50795 -0.0364429 0
0 5376 phononL 0.004 -0.256034 -0.778963 -0.0262019 0
0 5377 phononL 0.004 0.788876 -0.00633236 0.0351123 0
0 5378 phononL 0.004 0.799977 1.32791 0.0340799 0
0 5379 phononL 0.004 -0.660106 -1.34754 0.00933808 0
0 5380 phononL 0.004 -0.243675 0.783063 0.0116492 0
0 5381 phononL 0.004 -0.644105 0.0762237 0.0102845 0
0 5382 phononL 0.004 0.97252 1.55773 -0.0102708 0
0 5383 phononL 0.004 -1.05602 0.688137 -0.0182429 0
0 5384 phononL 0.004 0.542088 1.509 0.0150492 0
0 5385 phononL 0.004 -0.168188 -1.45195 -0.0228427 0
0 5386 phononL 0.004 -1.5717 1.21292 -0.0332665 0
0 5387 phononL 0.004 -0.0742892 -1.28272 -0.019105 0
0 5388 phononL 0.004 -0.822521 1.24432 -0.00728433 0
0 5389 phononL 0.004 -0.407233 -1.38298 0.0012852 0
0 5390 phononL 0.004 -1.52018 -0.118144 0.021416 0
0 5391 phononL 0.004 -1.21735 0.433158 -0.0328339 0
0 5392 phononL 0.004 -1.55664 -0.288214 -0.0298312 0
0 5393 phononL 0.004 1.48126 -1.60584 -0.0136588 0
0 5394 phononL 0.004 0.806888 0.13523 -0.0332665 0
0 5395 phononL 0.004 1.0614 0.989711 -0.0274733 0
0 5396 phononL 0.004 0.0215105 -1.39338 0.039058 0
0 5397 phononL 0.004 0.053039 0.320445 0.00666184 0
0 5398 phononL 0.004 -0.922594 -1.36694 -0.0250082 0
0 5399 phononL 0.004 1.34474 -1.4119 -0.0101999 0
0 5400 phononL 0.004 -1.48638 1.14578 -0.0167508 0
0 5401 phononL 0.004 0.208653 1.52588 0.0367153 0
0 5402 phononL 0.004 -1.19251 -0.0281161 0.0205734 0
0 5403 phononL 0.004 1.36484 -0.491474 0.0337683 0
0 5404 phononL 0.004 0.84298 1.12682 -0.0348797 0
0 5405 phononL 0.004 0.415005 -0.116479 0.0215814 0
0 5406 phononL 0.004 0.838212 1.31931 -0.0383076 0
0 5407 phononL 0.004 1.12328 -0.754483 0.0164138 0
0 5408 phononL 0.004 0.873524 0.561322 -0.02629 0
0 5409 phononL 0.004 -0.406708 0.485089 0.0153626 0
0 5410 phononL 0.004 -0.535277 -0.995075 -0.0188627 0
0 5411 phononL 0.004 0.73718 -0.473709 0.0332481 0
0 5412 phononL 0.004 0.715583 -0.094036 0.0171489 0
0 5413 phononL 0.004 -0.412324 0.0681704 0.0272065 0
0 5414 phononL 0.004 0.246492 -1.31088 0.0080296 0
0 5415 phononL 0.004 -1.48339 -1.13897 -0.0260842 0
0 5416 phononL 0.004 -0.713854 -0.537207 0.0145362 0
0 5417 phononL 0.004 1.64012 0.860339 -0.0227058 0
0 5418 phononL 0.004 -1.6015 -0.790883 0.0297415 0
0 5419 phononL 0.004 1.13855 1.02156 -0.0268239 0
0 5420 phononL 0.004 0.607433 0.944703 0.00467748 0
0 5421 phononL 0.004 0.0531083 1.1774 0.00944087 0
0 5422 phononL 0.004 -1.46275 -0.631286 0.0161448 0
0 5423 phononL 0.004 -1.19652 -0.415393 -0.0300282 0
0 5424 phononL 0.004 -1.3772 0.133448 -0.0184191 0
0 5425 phononL 0.004 -0.808629 0.464897 -0.0230817 0
0 5426 phononL 0.004 0.722291 1.05711 0.0108287 0
0 5427 phononL 0.004 -1.54093 1.30821 0.0102996 0
0 5428 phononL 0.004 -1.51656 -0.511034 0.0281421 0
0 5429 phononL 0.004 -0.851865 0.964123 0.00307761 0
0 5430 phononL 0.004 1.61886 0.322668 -0.00177807 0
0 5431 phononL 0.004 0.701364 -1.35096 0.00250577 0
0 5432 phononL 0.004 -1.33042 -0.135707 0.0129166 0
0 5433 phononL 0.004 -0.0857497 0.999452 -0.000407602 0
0 5434 phononL 0.004 0.186031 0.443603 -0.00702899 0
0 5435 phononL 0.004 0.180135 1.42727 -0.0208001 0
0 5436 phononL 0.004 0.158636 -1.34281 -0.0124847 0
0 5437 phononL 0.004 1.28333 1.47033 0.025406 0
0 5438 phononL 0.004 -0.436441 -1.31633 -0.0108689 0
0 5439 phononL 0.004 -0.242457 0.816961 0.0279885 0
0 5440 phononL 0.004 0.85994 -1.65524 0.0264569 0
0 5441 phononL 0.004 0.876777 -1.13282 -0.0107722 0
0 5442 phononL 0.004 -1.44025 -1.08716 -0.0118113 0
0 5443 phononL 0.004 0.10652 -0.924388 0.00333855 0
0 5444 phononL 0.004 -0.814255 1.28975 0.00988327 0
0 5445 phononL 0.004 -1.41797 0.285424 0.0299126 0
0 5446 phononL 0.004 0.692836 -0.757825 -0.00120417 0
0 5447 phononL 0.004 0.406921 -0.106923 0.0397199 0
0 5448 phononL 0.004 0.628173 -0.408047 0.0058215 0
0 5449 phononL 0.004 0.0664932 0.916093 0.0192282 0
0 5450 phononL 0.004 -0.507859 -1.39093 0.0091255 0
0 5451 phononL 0.004 1.55573 -0.602018 -0.00205205 0
0 5452 phononL 0.004 0.934932 -0.528788 0.0378234 0
0 5453 phononL 0.004 1.6545 -0.885248 0.00568364 0
0 5454 phononL 0.004 -0.891639 0.223378 0.0319735 0
0 5455 phononL 0.004 0.13733 -0.556843 -0.0190491 0
0 5456 phononL 0.004 -0.530141 0.804199 0.0279923 0
0 5457 phononL 0.004 -1.11271 0.987571 0.00370392 0
0 5458 phononL 0.004 1.41175 -1.45974 -0.02166 0
0 5459 phononL 0.004 0.310845 0.865603 0.0237498 0
0 5460 phononL 0.004 0.969341 0.0898827 0.0211581 0
0 5461 phononL 0.004 -1.37177 -0.511736 0.0376622 0
0 5462 phononL 0.004 -0.80332 0.397857 0.0036179 0
0 5463 phononL 0.004 1.44216 -0.826817 -0.0109966 0
0 5464 phononL 0.004 0.111839 1.04047 -0.0155824 0
0 5465 phononL 0.004 -0.631198 -1.36252 -0.0205818 0
0 5466 phononL 0.004 0.166038 -0.798826 -0.023289 0
0 5467 phononL 0.004 0.694849 0.362745 -0.0153406 0
0 5468 phononL 0.004 -0.0993971 0.378122 -0.00786586 0
0 5469 phononL 0.004 -0.198461 -0.513625 0.0284211 0
0 5470 phononL 0.004 -0.756269 -0.733003 -0.0313422 0
0 5471 phononL 0.004 -1.47555 1.4193 0.00825117 0
0 5472 phononL 0.004 -0.817635 0.867332 -0.0200457 0
0 5473 phononL 0.004 1.4345 -0.31289 -0.0285375 0
0 5474 phononL 0.004 1.39692 -0.997464 0.00192038 0
0 5475 phononL 0.004 0.719204 -0.00485124 0.0334175 0
0 5476 phononL 0.004 0.572203 -0.447389 0.010539 0
0 5477 phononL 0.004 -0.822727 1.19342 -0.00979544 0
0 5478 phononL 0.004 0.148059 1.19584 0.013183 0
0 5479 phononL 0.004 -0.629309 -1.02433 -0.0279869 0
0 5480 phononL 0.004 -0.529678 0.243733 -0.0260018 0
0 5481 phononL 0.004 1.6631 1.42045 0.0348523 0
0 5482 phononL 0.004 0.794039 0.815525 0.00434444 0
0 5483 phononL 0.004 0.59228 -0.96181 0.000360646 0
0 5484 phononL 0.004 0.299568 -0.806339 -0.0149899 0
0 5485 phononL 0.004 1.36953 0.0582919 0.0276215 0
0 5486 phononL 0.004 1.57602 -1.5328 0.0365285 0
0 5487 phononL 0.004 -0.829461 -0.54855 0.0202687 0
0 5488 phononL 0.004 1.53269 1.10798 -0.00260573 0
0 5489 phononL 0.004 -0.341763 -0.703765 0.0177927 0
0 5490 phononL 0.004 -1.31784 0.593605 0.0140466 0
0 5491 phononL 0.004 0.573212 -0.414559 0.00956354 0
0 5492 phononL 0.004 -0.0575484 -0.712539 -0.0310313 0
0 5493 phononL 0.004 -0.540895 -0.587733 0.0228095 0
0 5494 phononL 0.004 0.607826 0.343109 -0.00147292 0
0 5495 phononL 0.004 -1.20119 0.0454376 -0.0303332 0
0 5496 phononL 0.004 0.749048 -0.807784 -0.00642092 0
0 5497 phononL 0.004 1.38131 1.20154 0.026231 0
0 5498 phononL 0.004 0.32799 1.27535 0.0297873 0
0 5499 phononL 0.004 0.285361 0.693933 0.0193718 0
0 5500 phononL 0.004 -0.0809031 1.05851 -0.00904918 0
0 5501 phononL 0.004 -0.856871 1.57702 0.000790027 0
0 5502 phononL 0.004 1.29646 -1.0559 0.0273173 0
0 5503 phononL 0.004 -0.391963 1.32845 -0.026205 0
0 5504 phononL 0.004 0.0954485 0.195296 -0.027497 0
0 5505 phononL 0.004 -1.57202 1.36703 -0.0381284 0
0 5506 phononL 0.004 0.232368 0.0936131 0.00641706 0
0 5507 phononL 0.004 0.430117 1.15281 -0.0288538 0
0 5508 phononL 0.004 0.791743 -0.0964271 -0.0145814 0
0 5509 phononL 0.004 0.727513 0.757519 -0.0307267 0
0 5510 phononL 0.004 -0.135141 -0.569621 0.0347759 0
0 5511 phononL 0.004 1.34214 -1.38935 0.0261596 0
0 5512 phononL 0.004 1.16287 -0.779241 0.0268038 0
0 5513 phononL 0.004 1.38539 0.168681 -0.0355906 0
0 5514 phononL 0.004 0.928222 0.376829 0.0151222 0
0 5515 phononL 0.004 0.107958 -1.30457 -0.00569771 0
0 5516 phononL 0.004 0.121046 0.676142 -0.0176669 0
0 5517 phononL 0.004 0.579008 1.30276 0.00839522 0
0 5518 phononL 0.004 -0.635639 -0.376406 -0.0221117 0
0 5519 phononL 0.004 -0.754552 -0.727154 -0.0289858 0
0 5520 phononL 0.004 -0.412866 1.51106 -0.0192703 0
0 5521 phononL 0.004 0.963841 0.224927 -0.0171936 0
0 5522 phononL 0.004 -0.923938 -1.36289 0.0384099 0
0 5523 phononL 0.004 0.866741 -1.26152 -0.0396307 0
0 5524 phononL 0.004 1.25669 -0.858023 -0.000310488 0
0 5525 phononL 0.004 -0.71104 1.56651 -0.0202504 0
0 5526 phononL 0.004 1.49352 0.79504 0.0128084 0
0 5527 phononL 0.004 -1.05863 1.64741 -0.00368965 0
0 5528 phononL 0.004 1.06048 0.616175 0.039509 0
0 5529 phononL 0.004 1.02832 -0.551181 0.000425952 0
0 5530 phononL 0.004 1.26535 1.30436 -0.0345539 0
0 5531 phononL 0.004 -0.43396 -1.23446 0.0316377 0
0 5532 phononL 0.004 -0.457545 -0.888335 -0.0249687 0
0 5533 phononL 0.004 -0.610509 -0.127573 0.0327444 0
0 5534 phononL 0.004 -0.969928 -1.06384 0.0378037 0
0 5535 phononL 0.004 0.535799 -0.888787 0.0235184 0
0 5536 phononL 0.004 1.13767 -0.11622 0.00457848 0
0 5537 phononL 0.004 -1.51321 -1.07617 -0.0342841 0
0 5538 phononL 0.004 0.190169 0.666983 -0.0298555 0
0 5539 phononL 0.004 -0.666523 -0.433421 0.0213961 0
0 5540 phononL 0.004 -0.230075 -1.29175 0.0183609 0
0 5541 phononL 0.004 1.48278 1.23743 -0.000444593 0
0 5542 phononL 0.004 -1.61342 -1.0413 -0.0373682 0
0 5543 phononL 0.004 1.63565 -1.36955 -0.0166198 0
0 5544 phononL 0.004 1.25004 0.273387 -0.0135174 0
0 5545 phononL 0.004 1.13313 1.25254 0.00901138 0
0 5546 phononL 0.004 -1.30433 1.31829 0.0337624 0
0 5547 phononL 0.004 1.1882 -1.16355 0.0145707 0
0 5548 phononL 0.004 0.378396 -0.369666 0.0132469 0
0 5549 phononL 0.004 0.578889 -0.657827 -0.00467145 0
0 5550 phononL 0.004 -1.23341 1.48851 -0.0315476 0
0 5551 phononL 0.004 -0.0303229 -1.00729 0.0315852 0
0 5552 phononL 0.004 -0.510095 0.441427 -0.0254514 0
0 5553 phononL 0.004 -0.0372496 1.20156 -0.0223821 0
0 5554 phononL 0.004 1.58711 -1.04392 -0.0380571 0
0 5555 phononL 0.004 -1.37367 1.06609 -0.00565804 0
0 5556 phononL 0.004 -0.424378 0.203719 -0.0123686 0
0 5557 phononL 0.004 1.63956 0.525548 0.0198771 0
0 5558 phononL 0.004 1.66328 -0.397111 0.0169459 0
0 5559 phononL 0.004 0.81961 0.225677 -0.0030493 0
0 5560 phononL 0.004 0.162247 0.578877 -0.00490595 0
0 5561 phononL 0.004 -1.49073 1.5229 -0.0368384 0
0 5562 phononL 0.004 -0.944937 1.08235 -0.0173797 0
0 5563 phononL 0.004 0.704441 1.03425 0.011972 0
0 5564 phononL 0.004 1.2093 -1.62424 -0.0126636 0
0 5565 phononL 0.004 0.929748 -0.483362 -0.0128846 0
0 5566 phononL 0.004 0.251565 0.462645 0.00536355 0
0 5567 phononL 0.004 -0.151556 -0.0710793 0.0386691 0
0 5568 phononL 0.004 0.213569 -1.43025 -0.0275462 0
0 5569 phononL 0.004 0.874523 -0.973809 0.0237793 0
0 5570 phononL 0.004 -1.0907 1.58964 -0.015552 0
0 5571 phononL 0.004 0.24065 1.66389 0.0331488 0
0 5572 phononL 0.004 -0.69714 0.802513 -0.0190594 0
0 5573 phononL 0.004 1.28524 1.03683 -0.0380756 0
0 5574 phononL 0.004 -0.0537306 1.42041 -0.00523381 0
0 5575 phononL 0.004 0.353799 0.267803 0.0343218 0
0 5576 phononL 0.004 0.962936 0.0183293 -0.011258 0
0 5577 phononL 0.004 1.63741 -0.439914 -0.0167706 0
0 5578 phononL 0.004 1.0225 1.21571 -0.00403991 0
0 5579 phononL 0.004 -0.508785 1.23173 0.00970195 0
0 5580 phononL 0.004 1.31288 -1.4129 -0.0343186 0
0 5581 phononL 0.004 -0.459597 -0.0091661 0.0397861 0
0 5582 phononL 0.004 0.725715 -0.758944 -0.00689733 0
0 5583 phononL 0.004 -0.632204 -1.0158 -0.0316699 0
0 5584 phononL 0.004 -0.784619 0.573623 -0.00651201 0
0 5585 phononL 0.004 -0.308147 0.128635 0.00356025 0
0 5586 phononL 0.004 -1.00834 -0.30939 -0.0107267 0
0 5587 phononL 0.004 1.09928 -1.5416 -0.0204226 0
0 5588 phononL 0.004 0.214559 1.07153 0.00454909 0
0 5589 phononL 0.004 -0.935782 -1.57366 0.0159778 0
0 5590 phononL 0.004 1.24733 0.318489 -0.0273953 0
0 5591 phononL 0.004 -1.26138 1.48419 0.0136956 0
0 5592 phononL 0.004 -1.16398 -0.436893 -0.00419162 0
0 5593 phononL 0.004 1.28819 1.08457 -0.0361095 0
0 5594 phononL 0.004 1.27385 0.442675 0.00384726 0
0 5595 phononL 0.004 1.074 0.182262 -0.0119571 0
0 5596 phononL 0.004 0.720036 -0.990775 -0.0385981 0
0 5597 phononL 0.004 1.14265 -1.38456 -0.0358713 0
0 5598 phononL 0.004 0.188874 0.25893 0.003119 0
0 5599 phononL 0.004 0.155907 -0.38109 -0.00678007 0
0 5600 phononL 0.004 0.14078 -0.341061 -0.0363051 0
0 5601 phononL 0.004 0.778163 1.2493 -0.0396386 0
0 5602 phononL 0.004 1.64728 -0.994574 0.0158028 0
0 5603 phononL 0.004 -1.50976 1.45565 0.0316102 0
0 5604 phononL 0.004 -0.641901 0.854477 0.0113327 0
0 5605 phononL 0.004 0.787829 0.318747 -0.0267223 0
0 5606 phononL 0.004 -0.302566 1.40207 -0.0111828 0
0 5607 phononL 0.004 0.471905 -0.175068 0.0143421 0
0 5608 phononL 0.004 0.00101125 0.463208 0.0303636 0
0 5609 phononL 0.004 0.838457 0.0781868 0.0328556 0
0 5610 phononL 0.004 1.60178 0.30735 0.0147718 0
0 5611 phononL 0.004 0.398563 -0.0560487 -0.0231531 0
0 5612 phononL 0.004 0.862517 1.05361 0.0344317 0
0 5613 phononL 0.004 0.360827 -0.882172 -0.0164401 0
0 5614 phononL 0.004 0.027567 1.17577 -0.019985 0
0 5615 phononL 0.004 0.57944 -0.904773 -0.0355636 0
0 5616 phononL 0.004 1.08475 -0.121352 0.00383146 0
0 5617 phononL 0.004 0.0340755 0.648275 0.00621404 0
0 5618 phononL 0.004 1.00685 1.10395 0.0327548 0
0 5619 phononL 0.004 0.356981 -0.989793 0.00739313 0
0 5620 phononL 0.004 0.901378 1.54203 -0.000442025 0
0 5621 phononL 0.004 -0.900838 -0.833576 0.039046 0
0 5622 phononL 0.004 1.21338 0.114869 0.0198886 0
0 5623 phononL 0.004 0.676436 -0.841465 0.0105155 0
0 5624 phononL 0.004 -0.331324 1.53027 -0.0109334 0
0 5625 phononL 0.004 -1.01233 1.07668 -0.0138722 0
0 5626 phononL 0.004 1.64781 -1.13889 0.0150858 0
0 5627 phononL 0.004 -0.757175 -0.781022 -0.0138645 0
0 5628 phononL 0.004 1.47293 -0.542655 -0.0284931 0
0 5629 phononL 0.004 1.28057 -1.53858 0.0306975 0
0 5630 phononL 0.004 0.941063 -0.243804 0.019553 0
0 5631 phononL 0.004 -1.00975 1.2313 -0.0205556 0
0 5632 phononL 0.004 -0.582257 -1.26228 -0.0374304 0
0 5633 phononL 0.004 -0.052962 0.501124 -0.0143742 0
0 5634 phononL 0.004 0.226287 0.910256 -0.0371498 0
0 5635 phononL 0.004 0.630428 0.802664 0.0223308 0
0 5636 phononL 0.004 0.0402457 1.56002 -0.0280299 0
0 5637 phononL 0.004 0.420507 1.03413 -0.00344847 0
0 5638 phononL 0.004 1.10764 0.711245 0.0248479 0
0 5639 phononL 0.004 1.32923 0.705839 0.0346587 0
0 5640 phononL 0.004 1.56378 -0.911857 -0.00848576 0
0 5641 phononL 0.004 0.628531 0.192078 0.00102912 0
0 5642 phononL 0.004 -1.53906 0.831703 -0.0146756 0
0 5643 phononL 0.004 -1.395 -1.21841 0.0283186 0
0 5644 phononL 0.004 -0.547349 -0.720838 0.0268327 0
0 5645 phononL 0.004 0.828069 1.59246 -0.0209123 0
0 5646 phononL 0.004 0.530488 0.954555 0.000786399 0
0 5647 phononL 0.004 -0.912691 0.260266 0.0224648 0
0 5648 phononL 0.004 -0.874239 -1.05844 -0.000897344 0
0 5649 phononL 0.004 -0.479025 -0.646492 -0.00636711 0
0 5650 phononL 0.004 -0.50396 -0.167698 -0.0187917 0
0 5651 phononL 0.004 0.328647 1.33175 -0.0340963 0
0 5652 phononL 0.004 0.967541 -0.808589 -0.0134067 0
0 5653 phononL 0.004 -0.59267 1.30382 -0.0374497 0
0 5654 phononL 0.004 1.16141 0.324717 0.031058 0
0 5655 phononL 0.004 0.0187135 0.979886 0.00903515 0
0 5656 phononL 0.004 0.877213 -0.722388 0.00840088 0
0 5657 phononL 0.004 -0.573001 0.21444 -0.0376903 0
0 5658 phononL 0.004 -1.33544 -1.33514 -0.0231287 0
0 5659 phononL 0.004 -0.108526 -0.565883 -0.0301262 0
0 5660 phononL 0.004 -0.640783 0.215418 0.00525118 0
0 5661 phononL 0.004 0.34597 1.14257 -0.00278095 0
0 5662 phononL 0.004 -1.23851 -1.60622 0.00790265 0
0 5663 phononL 0.004 -1.06797 -1.46012 -0.00914631 0
0 5664 phononL 0.004 -1.29759 -1.53456 0.0324662 0
0 5665 phononL 0.004 1.47887 -1.64626 0.0313568 0
0 5666 phononL 0.004 -0.71919 0.180735 0.0395378 0
0 5667 phononL 0.004 -0.384193 1.58433 -0.0109084 0
0 5668 phononL 0.004 0.138254 -0.227944 -0.0246579 0
0 5669 phononL 0.004 1.66581 0.860802 -0.000369859 0
0 5670 phononL 0.004 -1.47301 -1.39949 -0.0149952 0
0 5671 phononL 0.004 -1.20198 0.736589 0.0286756 0
0 5672 phononL 0.004 0.435523 0.941586 0.0286242 0
0 5673 phononL 0.004 0.082703 0.28218 -0.00586363 0
0 5674 phononL 0.004 -0.20173 -0.409144 0.0158219 0
0 5675 phononL 0.004 0.706227 0.0700126 -0.00218145 0
0 5676 phononL 0.004 -0.00682794 1.08727 0.029286 0
0 5677 phononL 0.004 0.785414 -0.152127 -0.0313119 0
0 5678 phononL 0.004 -1.3625 -0.512045 -0.00433381 0
0 5679 phononL 0.004 0.410459 -1.42442 -0.0320018 0
0 5680 phononL 0.004 -0.0455209 0.755014 -0.0368799 0
0 5681 phononL 0.004 0.268887 -1.49924 -0.0261075 0
0 5682 phononL 0.004 1.22566 0.674746 -0.0228697 0
0 5683 phononL 0.004 1.4102 0.837245 -0.0242038 0
0 5684 phononL 0.004 -0.128083 -0.418422 -0.0270717 0
0 5685 phononL 0.004 -1.61505 1.24794 0.0333903 0
0 5686 phononL 0.004 0.67385 0.251787 0.0395999 0
0 5687 phononL 0.004 1.47541 0.542876 0.013678 0
0 5688 phononL 0.004 0.438725 1.03536 -0.00304887 0
0 5689 phononL 0.004 0.478817 -0.573086 -0.0275416 0
0 5690 phononL 0.004 -0.396564 1.39515 0.0326415 0
0 5691 phononL 0.004 0.381188 0.659574 -0.016194 0
0 5692 phononL 0.004 1.43005 0.353888 0.00112324 0
0 5693 phononL 0.004 -0.932782 1.54995 -0.00479138 0
0 5694 phononL 0.004 -1.42582 -0.573358 0.0172253 0
0 5695 phononL 0.004 -0.925577 0.418348 -0.0397423 0
0 5696 phononL 0.004 -1.44009 -1.11667 0.0220358 0
0 5697 phononL 0.004 -0.308465 1.261 0.000487175 0
0 5698 phononL 0.004 -0.403232 1.55052 0.0185179 0
0 5699 phononL 0.004 1.6563 1.47435 0.0129998 0
0 5700 phononL 0.004 1.57533 -0.480218 0.0104807 0
0 5701 phononL 0.004 -1.24532 -0.18382 0.00437265 0
0 5702 phononL 0.004 -1.09539 0.982551 0.00348214 0
0 5703 phononL 0.004 -0.0281175 -1.32474 0.0329591 0
0 5704 phononL 0.004 -1.10155 0.323996 0.00972628 0
0 5705 phononL 0.004 1.11865 -0.343792 0.00186497 0
0 5706 phononL 0.004 1.33011 -0.541515 -0.016604 0
0 5707 phononL 0.004 -0.583235 -0.694692 -0.0326341 0
0 5708 phononL 0.004 0.598638 0.488506 -0.011489 0
0 5709 phononL 0.004 0.379834 -0.985174 0.0126718 0
0 5710 phononL 0.004 0.374447 -1.20165 -0.0100739 0
0 5711 phononL 0.004 1.15847 0.46364 -0.0381945 0
0 5712 phononL 0.004 -0.51708 -1.51404 -0.038774 0
0 5713 phononL 0.004 -0.613867 -0.918969 -0.0153297 0
0 5714 phononL 0.004 0.600662 -1.0278 0.0298729 0
0 5715 phononL 0.004 1.14976 -1.05863 -0.0332358 0
0 5716 phononL 0.004 -0.559999 0.220304 -0.0313055 0
0 5717 phononL 0.004 -1.09776 1.53693 -0.0316689 0
0 5718 phononL 0.004 0.253991 -0.303857 -0.00824904 0
0 5719 phononL 0.004 -0.526359 1.31893 -0.000431675 0
0 5720 phononL 0.004 0.146508 -0.174472 -0.00183027 0
0 5721 phononL 0.004 1.40989 1.50673 0.00905139 0
0 5722 phononL 0.004 0.766102 0.127238 -0.032656 0
0 5723 phononL 0.004 0.406741 0.804239 0.00627871 0
0 5724 phononL 0.004 1.16034 -0.671287 -0.0349071 0
0 5725 phononL 0.004 0.27633 0.501386 0.0302792 0
0 5726 phononL 0.004 1.04705 0.608527 0.0299365 0
0 5727 phononL 0.004 1.40095 1.00923 0.0187441 0
0 5728 phononL 0.004 1.454 0.416327 0.0261248 0
0 5729 phononL 0.004 1.19181 0.0619098 0.0235327 0
0 5730 phononL 0.004 -0.742553 0.0944059 -0.0379957 0
0 5731 phononL 0.004 1.65003 0.595227 -0.00521966 0
0 5732 phononL 0.004 0.187445 -0.786507 -0.0257461 0
0 5733 phononL 0.004 0.541687 -0.301733 -0.0218621 0
0 5734 phononL 0.004 -1.1327 -0.360308 -0.0280937 0
0 5735 phononL 0.004 -1.24907 0.417136 -0.0130435 0
0 5736 phononL 0.004 -0.706455 1.41315 -0.0202579 0
0 5737 phononL 0.004 -1.0465 1.08504 -0.0363135 0
0 5738 phononL 0.004 -0.151259 -1.33847 0.0276251 0
0 5739 phononL 0.004 -1.29329 -1.09259 -0.028906 0
0 5740 phononL 0.004 0.588174 -1.10546 -0.00195992 0
0 5741 phononL 0.004 -1.48537 -0.436812 0.0100302 0
0 5742 phononL 0.004 0.798694 -1.63651 0.0115599 0
0 5743 phononL 0.004 -0.628542 -0.304524 -0.0297771 0
0 5744 phononL 0.004 0.888961 -1.32272 -0.0313957 0
0 5745 phononL 0.004 -1.16823 0.500139 0.000429461 0
0 5746 phononL 0.004 -1.14804 0.197019 0.0262192 0
0 5747 phononL 0.004 -0.0261171 -0.532467 -0.0251496 0
0 5748 phononL 0.004 1.39384 -1.65939 -0.0306433 0
0 5749 phononL 0.004 -1.52172 0.431522 -0.00440427 0
0 5750 phononL 0.004 -1.20493 -1.10494 -0.0329346 0
0 5751 phononL 0.004 -1.16397 1.63091 0.0264516 0
0 5752 phononL 0.004 0.799263 -1.51032 -0.0138114 0
0 5753 phononL 0.004 -0.781945 -0.771514 -0.000836807 0
0 5754 phononL 0.004 0.249485 0.323023 -0.0329561 0
0 5755 phononL 0.004 -1.18695 -1.26851 0.0174295 0
0 5756 phononL 0.004 -1.32997 1.1482 0.000134322 0
0 5757 phononL 0.004 1.10531 1.11427 0.0313422 0
0 5758 phononL 0.004 0.569043 -0.414929 0.012574 0
0 5759 phononL 0.004 0.111612 -1.34538 -0.0266983 0
0 5760 phononL 0.004 -1.6183 0.837417 0.0246467 0
0 5761 phononL 0.004 0.631213 -0.692166 0.0146452 0
0 5762 phononL 0.004 -1.52553 -0.902861 -0.0321756 0
0 5763 phononL 0.004 -0.413507 0.189872 -0.0398876 0
0 5764 phononL 0.004 0.151683 -0.82336 0.0214293 0
0 5765 phononL 0.004 -0.0718118 -0.618927 -0.00238212 0
0 5766 phononL 0.004 1.38273 1.08005 0.0363838 0
0 5767 phononL 0.004 0.297394 0.492777 0.0222491 0
0 5768 phononL 0.004 -0.0941258 -0.335071 -0.0295221 0
0 5769 phononL 0.004 -1.63304 0.0566385 -0.0323002 0
0 5770 phononL 0.004 1.54841 0.860217 -0.0243777 0
0 5771 phononL 0.004 -1.17743 1.04671 -0.0352693 0
0 5772 phononL 0.004 -0.0224475 1.42213 0.0247297 0
0 5773 phononL 0.004 -0.622659 0.857858 0.00138752 0
0 5774 phononL 0.004 -0.0563003 1.15614 0.00950246 0
0 5775 phononL 0.004 1.57013 -0.807324 0.00444997 0
0 5776 phononL 0.004 -1.60185 1.46838 0.0312 0
0 5777 phononL 0.004 -0.199707 -0.355287 -0.0266819 0
0 5778 phononL 0.004 -1.65357 0.316862 0.00528794 0
0 5779 phononL 0.004 -0.795586 -1.38077 0.0317621 0
0 5780 phononL 0.004 -0.61444 0.291348 0.0182735 0
0 5781 phononL 0.004 0.919039 -1.5276 0.0288411 0
0 5782 phononL 0.004 -0.357581 1.1315 0.0103966 0
0 5783 phononL 0.004 0.942787 1.44803 0.033077 0
0 5784 phononL 0.004 -0.41333 0.588705 -0.0312253 0
0 5785 phononL 0.004 -1.4177 -0.417463 0.0091658 0
0 5786 phononL 0.004 -0.589086 0.316263 0.0364915 0
0 5787 phononL 0.004 1.2246 0.139309 -0.0190353 0
0 5788 phononL 0.004 -0.899676 0.168003 0.00500074 0
0 5789 phononL 0.004 -0.67821 -1.26089 0.0119038 0
0 5790 phononL 0.004 -1.49057 -1.6628 -0.0138384 0
0 5791 phononL 0.004 -0.881732 -0.763675 -0.0248935 0
0 5792 phononL 0.004 -0.498196 1.19095 -0.0288067 0
0 5793 phononL 0.004 1.12958 0.9507 0.00297741 0
0 5794 phononL 0.004 1.03765 0.896254 -0.0113839 0
0 5795 phononL 0.004 -0.518652 -0.225957 0.0206849 0
0 5796 phononL 0.004 0.550485 1.64165 -0.00803856 0
0 5797 phononL 0.004 -1.43356 0.806304 -0.0361755 0
0 5798 phononL 0.004 -1.04428 -0.643299 -0.016757 0
0 5799 phononL 0.004 0.357254 -1.0625 -0.00268651 0
0 5800 phononL 0.004 0.229705 0.796205 -0.0380357 0
0 5801 phononL 0.004 -1.09134 0.15404 0.00748441 0
0 5802 phononL 0.004 -0.870281 -1.38671 -0.00741915 0
0 5803 phononL 0.004 1.39713 -0.379972 -0.0148217 0
0 5804 phononL 0.004 -1.46822 1.3189 0.0342423 0
0 5805 phononL 0.004 -1.40664 -1.19483 0.023494 0
0 5806 phononL 0.004 1.02149 0.463965 0.0255644 0
0 5807 phononL 0.004 0.319135 1.12913 -0.00646444 0
0 5808 phononL 0.004 1.08446 -0.85438 -0.0191384 0
0 5809 phononL 0.004 0.0433264 -1.17624 0.0362065 0
0 5810 phononL 0.004 -0.328895 0.959344 0.0278207 0
0 5811 phononL 0.004 0.530263 0.473718 -0.0295031 0
0 5812 phononL 0.004 0.286483 0.934675 0.00186744 0
0 5813 phononL 0.004 -0.63403 0.547106 -0.0307591 0
0 5814 phononL 0.004 -1.19453 -0.559023 -0.018776 0
0 5815 phononL 0.004 -1.03404 0.492605 -0.000843769 0
0 5816 phononL 0.004 -0.348112 1.2677 0.0229981 0
0 5817 phononL 0.004 1.14001 -1.63771 0.0235587 0
0 5818 phononL 0.004 -0.768693 -0.811296 -0.0186554 0
0 5819 phononL 0.004 -1.36518 0.244568 -0.00104432 0
0 5820 phononL 0.004 1.00835 1.30457 0.0321802 0
0 5821 phononL 0.004 -0.799045 1.23564 -0.0297893 0
0 5822 phononL 0.004 -1.63204 -1.12574 0.0345865 0
0 5823 phononL 0.004 -1.44167 -0.921515 -0.0273901 0
0 5824 phononL 0.004 0.956346 0.641526 0.00516484 0
0 5825 phononL 0.004 1.51044 0.278266 -0.00219054 0
0 5826 phononL 0.004 -0.25247 0.721947 -0.0252261 0
0 5827 phononL 0.004 -0.582404 -0.564429 -0.0342927 0
0 5828 phononL 0.004 0.983673 -1.3603 0.0392143 0
0 5829 phononL 0.004 -1.18317 1.61903 0.0238685 0
0 5830 phononL 0.004 1.32025 1.40066 0.0287013 0
0 5831 phononL 0.004 0.14753 -1.54897 0.0315394 0
0 5832 phononL 0.004 1.18404 -1.09069 0.00271255 0
0 5833 phononL 0.004 -0.435399 1.26313 0.00635865 0
0 5834 phononL 0.004 -0.236235 1.60941 -0.014371 0
0 5835 phononL 0.004 -1.218 -0.581493 0.00949107 0
0 5836 phononL 0.004 -0.194346 0.391755 -0.00996065 0
0 5837 phononL 0.004 0.141174 0.382943 0.00504318 0
0 5838 phononL 0.004 0.774406 -0.699296 0.0193251 0
0 5839 phononL 0.004 -0.805402 1.32293 -0.0284954 0
0 5840 phononL 0.004 -0.813034 1.04419 0.0238411 0
0 5841 phononL 0.004 0.624763 0.694213 0.0250438 0
0 5842 phononL 0.004 1.63395 -0.640531 -0.0142743 0
0 5843 phononL 0.004 1.14724 -0.155083 0.00585432 0
0 5844 phononL 0.004 -0.482819 -1.01653 0.0120499 0
0 5845 phononL 0.004 -0.636211 0.831598 0.0311949 0
0 5846 phononL 0.004 -1.6207 -0.0143839 -0.00956444 0
0 5847 phononL 0.004 0.441348 -0.604556 -0.0268049 0
0 5848 phononL 0.004 1.26382 -1.0841 -0.0178995 0
0 5849 phononL 0.004 -0.706143 1.03708 0.0045421 0
0 5850 phononL 0.004 -1.55753 -1.44336 0.00788056 0
0 5851 phononL 0.004 -0.0634582 1.24399 -0.024895 0
0 5852 phononL 0.004 -0.375185 -1.18241 0.020606 0
0 5853 phononL 0.004 1.19359 1.5036 0.00564225 0
0 5854 phononL 0.004 1.09157 -0.127652 0.0211605 0
0 5855 phononL 0.004 0.312718 -1.65438 -0.00328635 0
0 5856 phononL 0.004 1.24833 0.731222 -0.020644 0
0 5857 phononL 0.004 -1.49832 -1.4111 -0.0251394 0
0 5858 phononL 0.004 -1.61508 -1.25732 0.0385254 0
0 5859 phononL 0.004 1.02328 0.639339 0.0140785 0
0 5860 phononL 0.004 0.323701 0.0317672 0.0398169 0
0 5861 phononL 0.004 1.62789 -1.43672 0.00248178 0
0 5862 phononL 0.004 0.0080766 -1.05631 -0.00904187 0
0 5863 phononL 0.004 -1.52178 1.53579 -0.0386868 0
0 5864 phononL 0.004 -1.40148 1.13554 -0.0333462 0
0 5865 phononL 0.004 1.57374 0.799778 -0.0189208 0
0 5866 phononL 0.004 -0.477139 -1.36193 0.0145306 0
0 5867 phononL 0.004 -1.64838 -0.499479 0.015078 0
0 5868 phononL 0.004 0.945773 -0.142434 -0.0173983 0
0 5869 phononL 0.004 -0.549177 1.54675 -0.0341114 0
0 5870 phononL 0.004 1.65651 0.0693376 -0.00473219 0
0 5871 phononL 0.004 0.861344 0.707226 -0.0169397 0
0 5872 phononL 0.004 -1.38442 -0.478676 -0.0307545 0
0 5873 phononL 0.004 -0.361503 -1.0321 -0.0167578 0
0 5874 phononL 0.004 0.759504 0.917373 -0.0353785 0
0 5875 phononL 0.004 -0.292754 0.303769 0.00844848 0
0 5876 phononL 0.004 0.0850655 -1.13772 -0.00174642 0
0 5877 phononL 0.004 1.34032 0.325361 -0.0151355 0
0 5878 phononL 0.004 -0.0214586 1.28736 -0.0365791 0
0 5879 phononL 0.004 1.65704 0.0818957 0.00731804 0
0 5880 phononL 0.004 -1.43776 1.58889 0.0101904 0
0 5881 phononL 0.004 0.0458414 -0.772173 0.0175526 0
0 5882 phononL 0.004 1.14492 0.332267 -0.0377817 0
0 5883 phononL 0.004 -1.02102 -0.722909 -0.0185016 0
0 5884 phononL 0.004 0.735183 -1.36263 0.0302152 0
0 5885 phononL 0.004 0.349151 -1.63607 0.0182315 0
0 5886 phononL 0.004 -0.694701 1.54097 -0.00948146 0
0 5887 phononL 0.004 0.6438 -0.208804 0.0369423 0
0 5888 phononL 0.004 0.263134 -1.21505 -0.0176864 0
0 5889 phononL 0.004 0.0968944 0.771375 -0.0211976 0
0 5890 phononL 0.004 0.253673 1.52856 0.0287599 0
0 5891 phononL 0.004 -0.796613 -0.868942 0.039689 0
0 5892 phononL 0.004 -0.115046 0.430731 0.00831331 0
0 5893 phononL 0.004 1.36192 -0.385692 0.0336307 0
0 5894 phononL 0.004 -0.740259 -1.6638 0.0104983 0
0 5895 phononL 0.004 -0.104785 -0.642368 0.0377159 0
0 5896 phononL 0.004 -0.646697 -0.853965 -0.0319087 0
0 5897 phononL 0.004 -0.770674 0.15284 0.0280983 0
0 5898 phononL 0.004 -0.105522 -0.622287 -0.00159976 0
0 5899 phononL 0.004 -1.47758 1.20908 -0.0163742 0
0 5900 phononL 0.004 0.88835 -0.392996 0.0102638 0
0 5901 phononL 0.004 1.03403 -0.0798319 0.0103215 0
0 5902 phononL 0.004 0.0883286 1.002 0.0158643 0
0 5903 phononL 0.004 1.56561 1.52769 -0.0383088 0
0 5904 phononL 0.004 -1.47045 -1.1297 -0.0175054 0
0 5905 phononL 0.004 -1.34458 -0.588909 0.00875478 0
0 5906 phononL 0.004 0.214654 0.990636 -0.0213945 0
0 5907 phononL 0.004 -0.591838 1.59713 0.00319642 0
0 5908 phononL 0.004 0.109076 0.23576 0.00307309 0
0 5909 phononL 0.004 1.15703 0.133851 -0.0112036 0
0 5910 phononL 0.004 1.38182 1.11836 -0.0397989 0
0 5911 phononL 0.004 0.551229 -0.471943 -0.0231513 0
0 5912 phononL 0.004 1.4478 0.127365 -0.0355579 0
0 5913 phononL 0.004 -1.10465 -1.11467 -0.0214857 0
0 5914 phononL 0.004 0.368486 1.24605 0.0076446 0
0 5915 phononL 0.004 0.761886 0.620315 0.0368358 0
0 5916 phononL 0.004 0.993639 1.50227 -0.0394201 0
0 5917 phononL 0.004 0.20074 -1.04517 -0.027238 0
0 5918 phononL 0.004 1.11243 -1.53509 -0.00717066 0
0 5919 phononL 0.004 1.39307 -1.38015 -0.0245014 0
0 5920 phononL 0.004 -1.27198 -0.0935963 -0.0316149 0
0 5921 phononL 0.004 -0.256766 -0.375527 -0.0114217 0
0 5922 phononL 0.004 -1.09664 -1.56895 -0.0142695 0
0 5923 phononL 0.004 0.958338 -1.26201 0.0352536 0
0 5924 phononL 0.004 0.804618 -0.366932 0.023058 0
0 5925 phononL 0.004 -0.806076 1.09286 -0.0174737 0
0 5926 phononL 0.004 -0.141738 -0.429992 -0.0270689 0
0 5927 phononL 0.004 -0.441503 1.54735 0.0238841 0
0 5928 phononL 0.004 -1.32867 -1.18456 0.00663608 0
0 5929 phononL 0.004 -1.37662 1.48067 -0.0319597 0
0 5930 phononL 0.004 -0.54965 0.0893304 -0.0114182 0
0 5931 phononL 0.004 -0.569364 0.637994 0.00592097 0
0 5932 phononL 0.004 0.157573 -0.467971 0.0316812 0
0 5933 phononL 0.004 1.10228 -1.65957 -0.0203706 0
0 5934 phononL 0.004 1.41445 0.880814 0.0237242 0
0 5935 phononL 0.004 0.878676 1.27526 -0.0123833 0
0 5936 phononL 0.004 0.359691 0.740808 0.0363974 0
0 5937 phononL 0.004 -1.29333 1.27099 0.0272199 0
0 5938 phononL 0.004 1.64873 -0.879311 0.0288783 0
0 5939 phononL 0.004 -0.837137 -0.44122 -0.0222755 0
0 5940 phononL 0.004 0.536138 -0.899973 -0.0273173 0
0 5941 phononL 0.004 0.63052 -0.82501 -0.0139841 0
0 5942 phononL 0.004 0.594838 1.50241 -0.0222897 0
0 5943 phononL 0.004 -0.0381762 -0.274563 0.0212984 0
0 5944 phononL 0.004 -0.323665 -0.274647 0.0161331 0
0 5945 phononL 0.004 -0.321113 -1.13975 -0.0175184 0
0 5946 phononL 0.004 0.250762 -0.453097 0.0342631 0
0 5947 phononL 0.004 0.36846 -0.422948 0.014053 0
0 5948 phononL 0.004 0.717197 0.73339 -0.00750087 0
0 5949 phononL 0.004 1.199 1.66409 0.027283 0
0 5950 phononL 0.004 0.167963 0.481863 0.0377957 0
0 5951 phononL 0.004 1.07899 1.40763 -0.0345138 0
0 5952 phononL 0.004 1.48066 0.218817 -0.0391766 0
0 5953 phononL 0.004 1.57267 1.63236 0.0290194 0
0 5954 phononL 0.004 0.166381 0.480736 0.0380025 0
0 5955 phononL 0.004 1.58207 1.51241 0.022356 0
0 5956 phononL 0.004 0.99244 -1.01052 0.00899778 0
0 5957 phononL 0.004 1.3807 -0.694672 -0.019355 0
0 5958 phononL 0.004 1.31678 -0.623887 -0.0194571 0
0 5959 phononL 0.004 -0.953122 0.310534 -0.0355426 0
0 5960 phononL 0.004 0.396432 -1.52921 0.0255057 0
0 5961 phononL 0.004 -0.65887 0.276955 0.0180384 0
0 5962 phononL 0.004 -0.846844 1.40323 0.0305021 0
0 5963 phononL 0.004 -0.631402 -0.22402 -0.0396355 0
0 5964 phononL 0.004 1.15081 0.76284 0.0274082 0
0 5965 phononL 0.004 0.44087 0.533521 0.012054 0
0 5966 phononL 0.004 0.0810531 -0.0154404 -0.0134604 0
0 5967 phononL 0.004 0.931985 0.431711 0.021051 0
0 5968 phononL 0.004 -0.624638 0.0560365 0.0150458 0
0 5969 phononL 0.004 -0.201141 0.324959 0.019799 0
0 5970 phononL 0.004 0.938293 1.31157 -0.00303073 0
0 5971 phononL 0.004 0.546219 0.956292 -0.0283939 0
0 5972 phononL 0.004 -1.48173 -1.09581 0.023286 0
0 5973 phononL 0.004 1.12794 0.92357 -0.031962 0
0 5974 phononL 0.004 -0.346073 1.26686 -0.0168975 0
0 5975 phononL 0.004 -1.12605 0.788481 0.00554345 0
0 5976 phononL 0.004 -0.590456 -0.287121 0.00470089 0
0 5977 phononL 0.004 -0.112397 -1.10136 -0.00993572 0
0 5978 phononL 0.004 1.39198 -1.49467 0.0176464 0
0 5979 phononL 0.004 -0.252441 -1.12758 0.000193399 0
0 5980 phononL 0.004 -1.36184 -0.770054 0.0267908 0
0 5981 phononL 0.004 0.813761 1.29879 -0.0375192 0
0 5982 phononL 0.004 0.75113 -0.0463262 0.0243851 0
0 5983 phononL 0.004 1.5491 1.12817 0.00930785 0
0 5984 phononL 0.004 0.746618 0.0935619 0.0167423 0
0 5985 phononL 0.004 -0.838383 -1.23553 0.00798583 0
0 5986 phononL 0.004 -0.293822 0.102657 0.00697873 0
0 5987 phononL 0.004 -0.023483 0.0535182 0.00197096 0
0 5988 phononL 0.004 1.40707 -0.891193 -0.0376121 0
0 5989 phononL 0.004 0.525328 0.071649 -0.0296694 0
0 5990 phononL 0.004 0.365326 -1.13638 -0.00447173 0
0 5991 phononL 0.004 -1.08135 -0.697105 0.0289814 0
0 5992 phononL 0.004 0.645316 0.492741 0.000670956 0
0 5993 phononL 0.004 -1.33256 -0.2843 0.00479986 0
0 5994 phononL 0.004 0.340748 1.29466 0.00332615 0
0 5995 phononL 0.004 0.793884 0.578298 0.000578544 0
0 5996 phononL 0.004 -1.15132 0.856951 0.0236006 0
0 5997 phononL 0.004 -0.464669 -0.123039 0.0274908 0
0 5998 phononL 0.004 1.55302 -0.286453 -0.0398049 0
0 5999 phononL 0.004 0.992347 0.916676 -0.0291258 0
0 6000 phononL 0.004 -1.30958 0.46501 0.00548001 0
0 6001 phononL 0.004 0.410512 -0.190152 0.000251461 0
0 6002 phononL 0.004 -0.979135 1.04597 -0.00217756 0
0 6003 phononL 0.004 1.63507 -0.0219206 -0.0356027 0
0 6004 phononL 0.004 -0.253815 -0.859688 0.0251029 0
0 6005 phononL 0.004 -1.38148 -0.855731 0.0365569 0
0 6006 phononL 0.004 -0.434008 -0.889377 -0.0167045 0
0 6007 phononL 0.004 0.20167 -0.84024 0.00812485 0
0 6008 phononL 0.004 0.384588 -1.38391 -0.0320366 0
0 6009 phononL 0.004 1.06389 -1.2413 0.00271143 0
0 6010 phononL 0.004 -0.719157 0.548275 -0.00528183 0
0 6011 phononL 0.004 0.485569 -0.593755 -0.0285395 0
0 6012 phononL 0.004 0.4898 1.66272 -0.0300484 0
0 6013 phononL 0.004 0.867699 1.27139 -0.0256925 0
0 6014 phononL 0.004 0.122027 -1.49715 -0.00342988 0
0 6015 phononL 0.004 1.41661 0.48271 0.00691607 0
0 6016 phononL 0.004 -0.577848 1.32154 0.0211158 0
0 6017 phononL 0.004 -0.892265 -1.15069 0.0173166 0
0 6018 phononL 0.004 0.0975035 -1.47546 -0.0173087 0
0 6019 phononL 0.004 0.505965 0.375929 -0.0281784 0
0 6020 phononL 0.004 1.35416 1.34364 0.0224408 0
0 6021 phononL 0.004 -1.39462 -0.220234 0.01592 0
0 6022 phononL 0.004 -1.15788 0.642249 0.0369277 0
0 6023 phononL 0.004 -0.35737 -0.108184 0.00386983 0
0 6024 phononL 0.004 0.745496 -1.43665 -0.0317773 0
0 6025 phononL 0.004 -1.06584 -0.996594 0.0377354 0
0 6026 phononL 0.004 -0.485264 1.65132 0.0244675 0
0 6027 phononL 0.004 -1.63551 0.434696 -0.0322371 0
0 6028 phononL 0.004 -1.62101 -0.517421 -0.00106751 0
0 6029 phononL 0.004 -1.46628 -1.1312 0.0106028 0
0 6030 phononL 0.004 0.869018 -0.445086 0.0104489 0
0 6031 phononL 0.004 -1.398 -1.62032 0.0290701 0
0 6032 phononL 0.004 -0.569516 0.401481 0.00964032 0
0 6033 phononL 0.004 0.289256 -0.856825 -0.0246021 0
0 6034 phononL 0.004 -0.880505 -1.56246 -0.00142549 0
0 6035 phononL 0.004 1.32832 -1.02025 0.0122205 0
0 6036 phononL 0.004 1.04158 1.17108 -0.00404519 0
0 6037 phononL 0.004 -0.0419563 -0.284453 0.0110712 0
0 6038 phononL 0.004 1.35016 0.977651 -0.0192479 0
0 6039 phononL 0.004 -1.01708 0.768676 0.025645 0
0 6040 phononL 0.004 0.32223 1.18615 -0.0186599 0
0 6041 phononL 0.004 -1.13485 0.521696 0.029929 0
0 6042 phononL 0.004 1.46895 0.613461 -0.0206029 0
0 6043 phononL 0.004 -1.32221 -0.510588 0.0171592 0
0 6044 phononL 0.004 0.19445 1.47139 0.0100519 0
0 6045 phononL 0.004 -1.30797 0.206495 -0.0367286 0
0 6046 phononL 0.004 0.505929 0.869537 -9.99296e-05 0
0 6047 phononL 0.004 -0.670502 -0.20475 -0.0399588 0
0 6048 phononL 0.004 0.946033 0.173026 0.00183858 0
0 6049 phononL 0.004 0.861052 1.34692 -0.0184795 0
0 6050 phononL 0.004 1.02375 0.419063 0.0287039 0
0 6051 phononL 0.004 0.694358 -0.8884 -0.0140365 0
0 6052 phononL 0.004 -0.816938 -1.2075 -0.0160075 0
0 6053 phononL 0.004 0.661889 -0.188722 -0.0075881 0
0 6054 phononL 0.004 0.876893 1.40607 -0.0154494 0
0 6055 phononL 0.004 -0.275932 0.898678 0.0198378 0
0 6056 phononL 0.004 0.845645 0.730762 -0.0250514 0
0 6057 phononL 0.004 1.60298 -0.73334 -0.00644259 0
0 6058 phononL 0.004 -1.58125 0.238166 -0.029913 0
0 6059 phononL 0.004 0.965521 -0.782432 -0.0154072 0
0 6060 phononL 0.004 1.12397 -0.698388 0.009805 0
0 6061 phononL 0.004 -0.637479 0.78716 0.0319164 0
0 6062 phononL 0.004 -0.755978 1.47219 -0.0153937 0
0 6063 phononL 0.004 1.52133 1.43839 0.0392544 0
0 6064 phononL 0.004 -0.688955 1.44782 0.00698303 0
0 6065 phononL 0.004 -1.12186 -0.313728 0.010905 0
0 6066 phononL 0.004 1.01349 -0.797845 -0.0274772 0
0 6067 phononL 0.004 1.18935 1.26158 0.0249085 0
0 6068 phononL 0.004 0.398035 1.45454 -0.00955584 0
0 6069 phononL 0.004 -0.144128 -0.378558 0.0151248 0
0 6070 phononL 0.004 -1.08552 0.267556 -0.0164738 0
0 6071 phononL 0.004 -0.894951 0.35895 0.0256214 0
0 6072 phononL 0.004 -0.801693 0.70158 0.0140209 0
0 6073 phononL 0.004 1.16777 1.22978 0.0278369 0
0 6074 phononL 0.004 -1.60183 1.24782 -0.016791 0
0 6075 phononL 0.004 -1.34915 -0.439704 0.00730192 0
0 6076 phononL 0.004 1.59559 0.37605 0.0039095 0
0 6077 phononL 0.004 -0.724427 1.28364 -0.0294859 0
0 6078 phononL 0.004 -0.657821 0.68622 0.0321858 0
0 6079 phononL 0.004 0.945758 -0.685639 0.0117662 0
0 6080 phononL 0.004 1.57399 1.09471 0.00757419 0
0 6081 phononL 0.004 -0.41157 0.727622 0.0152482 0
0 6082 phononL 0.004 1.36228 -1.44389 0.0258435 0
0 6083 phononL 0.004 0.872272 0.383079 0.00826174 0
0 6084 phononL 0.004 0.764269 0.502784 0.0170527 0
0 6085 phononL 0.004 -1.04792 0.968495 -0.0173355 0
0 6086 phononL 0.004 1.30831 1.12601 -0.0138872 0
0 6087 phononL 0.004 -1.59765 1.4916 0.010227 0
0 6088 phononL 0.004 1.00815 -1.23296 -0.0116459 0
0 6089 phononL 0.004 -0.812034 0.690888 -0.0247717 0
0 6090 phononL 0.004 0.348611 -0.156134 -0.0216747 0
0 6091 phononL 0.004 0.867611 0.546092 0.0126817 0
0 6092 phononL 0.004 0.529985 -0.413096 0.0252802 0
0 6093 phononL 0.004 1.08607 0.0465317 0.0258057 0
0 6094 phononL 0.004 -1.3258 0.155961 -0.0265375 0
0 6095 phononL 0.004 -0.594593 -0.423042 0.00224135 0
0 6096 phononL 0.004 1.07377 -0.563001 -0.0142357 0
0 6097 phononL 0.004 0.0833476 0.351261 -0.0227179 0
0 6098 phononL 0.004 1.48356 -0.767577 -0.0355044 0
0 6099 phononL 0.004 -1.34778 -0.52395 -0.0276285 0
0 6100 phononL 0.004 -0.24244 0.721009 0.015855 0
0 6101 phononL 0.004 0.372331 -1.36047 0.0139621 0
0 6102 phononL 0.004 0.521269 -1.17752 0.0231893 0
0 6103 phononL 0.004 0.516619 -1.08181 0.0377525 0
0 6104 phononL 0.004 1.38776 -1.66036 0.0313105 0
0 6105 phononL 0.004 1.00075 -0.673569 0.03339 0
0 6106 phononL 0.004 0.699325 -1.12379 0.0299563 0
0 6107 phononL 0.004 -0.361923 -0.326684 -0.0350524 0
0 6108 phononL 0.004 -0.746242 -1.0103 -0.0230569 0
0 6109 phononL 0.004 -1.09086 -0.523168 -0.0117955 0
0 6110 phononL 0.004 0.311701 0.894892 0.0373711 0
0 6111 phononL 0.004 -1.58016 1.40517 0.0393096 0
0 6112 phononL 0.004 0.34882 0.719189 0.036643 0
0 6113 phononL 0.004 -0.611518 -0.450734 0.0137302 0
0 6114 phononL 0.004 -1.26305 -1.43256 -0.0180569 0
0 6115 phononL 0.004 -1.1673 0.984465 0.0113865 0
0 6116 phononL 0.004 1.24908 -0.968808 0.0277057 0
0 6117 phononL 0.004 1.02484 -0.355074 -0.0347467 0
0 6118 phononL 0.004 -1.58016 1.58834 -0.0328472 0
0 6119 phononL 0.004 0.904045 0.875516 0.00416214 0
0 6120 phononL 0.004 -0.158041 1.12802 -0.0376789 0
0 6121 phononL 0.004 0.924995 -1.59593 -0.0034623 0
0 6122 phononL 0.004 -1.21939 -0.837504 -0.0189223 0
0 6123 phononL 0.004 -1.29864 -0.310885 -0.0172497 0
0 6124 phononL 0.004 -1.1425 -1.36855 -0.0248338 0
0 6125 phononL 0.004 -0.442654 0.0948067 -0.0185668 0
0 6126 phononL 0.004 1.66053 0.388806 -0.0281841 0
0 6127 phononL 0.004 -0.880623 0.439532 -0.0023222 0
0 6128 phononL 0.004 1.56291 0.395744 0.0107586 0
0 6129 phononL 0.004 0.0839419 1.18573 0.019789 0
0 6130 phononL 0.004 0.23372 -0.0184109 -0.0271752 0
0 6131 phononL 0.004 -1.01313 0.533539 -0.0396992 0
0 6132 phononL 0.004 -0.833107 -0.782562 0.0277052 0
0 6133 phononL 0.004 -1.41684 1.45635 -0.000349082 0
0 6134 phononL 0.004 -0.840837 1.11965 0.0263972 0
0 6135 phononL 0.004 0.297553 1.2244 0.0119128 0
0 6136 phononL 0.004 -0.827866 -1.44827 0.0243447 0
0 6137 phononL 0.004 0.516778 -0.647275 -0.0388761 0
0 6138 phononL 0.004 -0.226597 -0.650572 -0.0202164 0
0 6139 phononL 0.004 0.598207 0.278664 -0.00779436 0
0 6140 phononL 0.004 -1.56833 0.708398 0.000459274 0
0 6141 phononL 0.004 0.139697 0.844372 -0.0167629 0
0 6142 phononL 0.004 1.60122 -0.999184 -0.00976847 0
0 6143 phononL 0.004 -0.544008 1.57995 -0.00701603 0
0 6144 phononL 0.004 1.39992 -0.345104 -0.0398092 0
0 6145 phononL 0.004 1.07219 -0.424085 0.010541 0
0 6146 phononL 0.004 0.811224 0.00682424 0.0281271 0
0 6147 phononL 0.004 -0.101116 1.13021 -0.0236232 0
0 6148 phononL 0.004 0.510303 0.900755 -0.0303525 0
0 6149 phononL 0.004 0.66127 0.730671 0.00200702 0
0 6150 phononL 0.004 0.87757 1.21539 -0.028502 0
0 6151 phononL 0.004 -0.696553 -0.364972 -0.00240046 0
0 6152 phononL 0.004 -0.138097 -0.5229 -0.0376746 0
0 6153 phononL 0.004 -1.46408 1.3875 -0.0141907 0
0 6154 phononL 0.004 1.1511 -1.37091 -0.0380155 0
0 6155 phononL 0.004 -1.36243 -1.08302 0.011003 0
0 6156 phononL 0.004 -0.762768 1.24905 -0.00366932 0
0 6157 phononL 0.004 1.20136 -0.489734 -0.0387438 0
0 6158 phononL 0.004 -0.102615 -1.22042 0.0135323 0
0 6159 phononL 0.004 -0.191819 -1.66206 -0.0223182 0
0 6160 phononL 0.004 -0.143468 0.821971 0.0106138 0
0 6161 phononL 0.004 1.33235 1.23547 -0.0114619 0
0 6162 phononL 0.004 -0.361242 -1.24925 0.0163115 0
0 6163 phononL 0.004 1.35283 0.119784 0.00869828 0
0 6164 phononL 0.004 -0.628699 -0.820831 0.00811568 0
0 6165 phononL 0.004 -1.10318 -1.28295 0.00358382 0
0 6166 phononL 0.004 0.614285 -1.32705 0.017016 0
0 6167 phononL 0.004 -1.44953 1.06851 -0.0358261 0
0 6168 phononL 0.004 1.2758 -1.61822 0.0311992 0
0 6169 phononL 0.004 -1.04661 0.927236 0.0123538 0
0 6170 phononL 0.004 -0.290989 0.291419 0.0382018 0
0 6171 phononL 0.004 -1.40666 1.54831 -0.0367275 0
0 6172 phononL 0.004 0.707481 0.559598 0.0237146 0
0 6173 phononL 0.004 -0.611344 -1.50777 -0.000130831 0
0 6174 phononL 0.004 -1.4639 -1.29243 -0.0181122 0
0 6175 phononL 0.004 -0.83728 -0.85027 0.00902001 0
0 6176 phononL 0.004 1.42833 1.37519 0.0304005 0
0 6177 phononL 0.004 1.36558 -0.852017 -0.0242695 0
0 6178 phononL 0.004 -0.71573 0.736454 -0.00628476 0
0 6179 phononL 0.004 1.31726 -1.53709 -0.0106093 0
0 6180 phononL 0.004 -1.45222 0.142738 -0.0345986 0
0 6181 phononL 0.004 -1.26456 1.21208 -0.0397288 0
0 6182 phononL 0.004 0.545335 -1.49816 0.0144329 0
0 6183 phononL 0.004 -1.36025 -1.34683 -0.0270006 0
0 6184 phononL 0.004 -1.64233 -0.395727 0.0167612 0
0 6185 phononL 0.004 -1.06723 -0.226289 0.00253341 0
0 6186 phononL 0.004 -0.466131 0.0130476 0.0322695 0
0 6187 phononL 0.004 -1.16578 1.26671 -0.00289684 0
0 6188 phononL 0.004 -1.35239 0.693781 0.0382543 0
0 6189 phononL 0.004 -0.978277 -1.39161 0.0378458 0
0 6190 phononL 0.004 -0.819591 1.01587 0.0181183 0
0 6191 phononL 0.004 -1.35536 0.209943 -0.0199132 0
0 6192 phononL 0.004 1.3901 -1.33361 -0.00961053 0
0 6193 phononL 0.004 0.610296 1.06618 -0.0303306 0
0 6194 phononL 0.004 1.22236 1.4787 -0.00349623 0
0 6195 phononL 0.004 -0.386998 -0.838294 -0.0267779 0
0 6196 phononL 0.004 1.13311 1.31035 -0.00288525 0
0 6197 phononL 0.004 1.4777 -1.25531 0.0054318 0
0 6198 phononL 0.004 -1.21952 0.127605 -0.00122732 0
0 6199 phononL 0.004 1.10622 1.46297 0.0329771 0
0 6200 phononL 0.004 1.00657 0.896718 -0.00937623 0
0 6201 phononL 0.004 -0.975576 -0.775286 0.0144221 0
0 6202 phononL 0.004 0.111093 -1.09808 0.0330189 0
0 6203 phononL 0.004 0.438383 1.54882 0.0186984 0
0 6204 phononL 0.004 0.137727 0.219476 0.0197259 0
0 6205 phononL 0.004 0.726632 1.31682 -0.00571245 0
0 6206 phononL 0.004 0.143794 -0.477754 0.0363678 0
0 6207 phononL 0.004 -0.395406 -0.24989 -0.0217607 0
0 6208 phononL 0.004 -0.805848 1.58211 0.0236859 0
0 6209 phononL 0.004 -0.595095 1.36503 0.00160934 0
0 6210 phononL 0.004 0.432185 0.999519 0.012495 0
0 6211 phononL 0.004 -0.0919614 0.122281 0.0269479 0
0 6212 phononL 0.004 -0.746448 -0.426857 -0.0356525 0
0 6213 phononL 0.004 -0.429843 -1.13495 -0.0241971 0
0 6214 phononL 0.004 0.526073 -0.04723 -0.0347843 0
0 6215 phononL 0.004 -0.395536 -0.179779 -0.0264016 0
0 6216 phononL 0.004 -1.45627 -1.13705 -0.0278671 0
0 6217 phononL 0.004 -1.06076 0.263096 0.00561936 0
0 6218 phononL 0.004 0.0910929 1.45318 0.0148547 0
0 6219 phononL 0.004 0.0918377 -1.2291 0.0131535 0
0 6220 phononL 0.004 -0.514619 -1.5573 0.0229579 0
0 6221 phononL 0.004 -0.27454 -0.300951 0.0145195 0
0 6222 phononL 0.004 -1.60645 -0.425417 0.00158175 0
0 6223 phononL 0.004 -1.15204 -1.20491 -0.0103976 0
0 6224 phononL 0.004 0.119507 0.977847 0.0244518 0
0 6225 phononL 0.004 1.27606 -1.41916 -0.00151466 0
0 6226 phononL 0.004 0.0467639 0.883799 0.00100222 0
0 6227 phononL 0.004 -1.42301 1.50772 0.0347874 0
0 6228 phononL 0.004 -0.392917 -1.1818 -0.0243629 0
0 6229 phononL 0.004 1.2103 1.03683 0.0218202 0
0 6230 phononL 0.004 1.49156 0.753887 -0.00221281 0
0 6231 phononL 0.004 0.0497317 1.62966 -0.00929727 0
0 6232 phononL 0.004 -0.838306 -1.08141 -0.00597841 0
0 6233 phononL 0.004 1.02323 0.793837 0.0145197 0
0 6234 phononL 0.004 -0.15953 -1.07153 0.019035 0
0 6235 phononL 0.004 1.22601 1.46217 0.0337658 0
0 6236 phononL 0.004 -1.55559 0.540596 0.0144207 0
0 6237 phononL 0.004 -1.25642 0.123398 0.00394121 0
0 6238 phononL 0.004 -0.494493 0.839372 0.00499657 0
0 6239 phononL 0.004 -1.11021 -1.03586 -0.00760522 0
0 6240 phononL 0.004 -0.925185 -1.19247 0.0108458 0
0 6241 phononL 0.004 -1.59028 -1.39326 0.00108834 0
0 6242 phononL 0.004 -1.12433 -1.5305 -0.0162039 0
0 6243 phononL 0.004 -0.412614 0.0713191 0.00855491 0
0 6244 phononL 0.004 1.62112 1.4889 -0.00992239 0
0 6245 phononL 0.004 1.08042 -1.16509 0.00743469 0
0 6246 phononL 0.004 -0.541073 1.56573 -0.0200753 0
0 6247 phononL 0.004 1.07106 -1.42299 -0.0152461 0
0 6248 phononL 0.004 -0.670343 0.677332 0.0191622 0
0 6249 phononL 0.004 -0.341248 0.0809234 0.00519889 0
0 6250 phononL 0.004 -0.0962359 -1.39822 0.0308037 0
0 6251 phononL 0.004 -1.06173 -0.680777 0.0146653 0
0 6252 phononL 0.004 -0.799933 1.18208 -0.0378218 0
0 6253 phononL 0.004 -0.652241 -1.626 0.0321594 0
0 6254 phononL 0.004 -0.398931 -1.40156 0.00962236 0
0 6255 phononL 0.004 0.51591 0.744429 -0.00513629 0
0 6256 phononL 0.004 0.582938 0.285443 0.0143316 0
0 6257 phononL 0.004 0.340524 -0.850466 -0.00507575 0
0 6258 phononL 0.004 0.836145 -0.0705344 -0.0152971 0
0 6259 phononL 0.004 1.61871 -0.044688 -0.0166052 0
0 6260 phononL 0.004 0.709869 1.00568 -0.00599676 0
0 6261 phononL 0.004 -1.32189 -0.350269 0.0363396 0
0 6262 phononL 0.004 1.41921 0.903853 -0.0196691 0
0 6263 phononL 0.004 -1.01842 -0.190171 0.00867384 0
0 6264 phononL 0.004 1.13197 -0.532708 0.0104368 0
0 6265 phononL 0.004 0.00679123 0.748019 0.0255571 0
0 6266 phononL 0.004 1.10825 1.25977 0.0280638 0
0 6267 phononL 0.004 1.65093 -0.0701387 0.0290896 0
0 6268 phononL 0.004 0.834371 -0.836408 -0.0277329 0
0 6269 phononL 0.004 0.615645 1.04968 -0.00690842 0
0 6270 phononL 0.004 1.65196 -1.5881 -0.00710954 0
0 6271 phononL 0.004 0.795474 -0.424116 0.0234527 0
0 6272 phononL 0.004 -0.626354 0.693124 -0.0304164 0
0 6273 phononL 0.004 -1.08819 0.220825 -0.0245822 0
0 6274 phononL 0.004 0.0794044 -1.52334 -0.0262406 0
0 6275 phononL 0.004 1.11717 -1.62364 -0.00914614 0
0 6276 phononL 0.004 1.09369 1.50424 0.0285517 0
0 6277 phononL 0.004 -1.64027 -0.256245 -0.0232247 0
0 6278 phononL 0.004 -1.07312 1.55765 0.0293721 0
0 6279 phononL 0.004 1.41139 -1.64338 -0.0324357 0
0 6280 phononL 0.004 0.351332 1.62755 -0.0367796 0
0 6281 phononL 0.004 -0.622183 -1.05502 0.0327723 0
0 6282 phononL 0.004 0.332325 -0.812583 0.00945575 0
0 6283 phononL 0.004 1.18289 0.0561478 -0.00762571 0
0 6284 phononL 0.004 -1.43161 0.412677 0.00766201 0
0 6285 phononL 0.004 -0.0163983 -0.738163 -0.0259023 0
0 6286 phononL 0.004 -0.973325 -0.850574 -0.0398328 0
0 6287 phononL 0.004 -0.899229 -1.63696 -0.0266337 0
0 6288 phononL 0.004 0.335643 -1.63564 -0.0211841 0
0 6289 phononL 0.004 -1.16897 -0.159076 -0.00472118 0
0 6290 phononL 0.004 0.445342 -0.504901 0.0206289 0
0 6291 phononL 0.004 1.42508 -0.848289 -0.0316712 0
0 6292 phononL 0.004 1.17965 0.0888488 -0.0273064 0
0 6293 phononL 0.004 0.7939 0.193655 0.0248769 0
0 6294 phononL 0.004 0.311963 0.750785 0.000614754 0
0 6295 phononL 0.004 -0.586298 0.148692 -0.001615 0
0 6296 phononL 0.004 1.12348 0.166461 -0.0305759 0
0 6297 phononL 0.004 0.774298 -0.768483 0.0315595 0
0 6298 phononL 0.004 -1.35641 0.711509 -0.00305036 0
0 6299 phononL 0.004 -1.55342 0.446488 0.0189 0
0 6300 phononL 0.004 1.51512 -0.499426 -0.0023477 0
0 6301 phononL 0.004 -1.22492 -0.150603 -0.00438252 0
0 6302 phononL 0.004 0.399463 1.14495 0.0283049 0
0 6303 phononL 0.004 0.710485 1.17542 0.0138452 0
0 6304 phononL 0.004 -0.752216 0.638256 0.0376157 0
0 6305 phononL 0.004 0.892489 1.10055 -0.0389404 0
0 6306 phononL 0.004 1.36693 -1.25688 0.0155655 0
0 6307 phononL 0.004 0.799292 1.4405 0.0226057 0
0 6308 phononL 0.004 -1.05205 -1.00371 0.0140155 0
0 6309 phononL 0.004 1.47191 1.28868 -0.0083189 0
0 6310 phononL 0.004 -0.892455 0.649874 0.00383017 0
0 6311 phononL 0.004 0.100056 1.44755 0.0326433 0
0 6312 phononL 0.004 1.42249 0.723422 0.0127069 0
0 6313 phononL 0.004 0.555636 -1.14625 0.034128 0
0 6314 phononL 0.004 -1.42581 0.443129 -0.0206061 0
0 6315 phononL 0.004 0.405721 1.65804 -0.00689386 0
0 6316 phononL 0.004 0.797794 -0.0242466 -0.00861881 0
0 6317 phononL 0.004 -1.5161 -0.563117 0.000190684 0
0 6318 phononL 0.004 1.0161 0.244381 0.0322471 0
0 6319 phononL 0.004 1.1452 -0.675327 0.0181176 0
0 6320 phononL 0.004 0.576929 1.64859 -0.0389771 0
0 6321 phononL 0.004 1.17577 1.25537 0.0129279 0
0 6322 phononL 0.004 1.13482 -1.12788 -0.0107944 0
0 6323 phononL 0.004 -0.930596 -0.177208 0.0344994 0
0 6324 phononL 0.004 0.0145779 0.913123 -0.00592715 0
0 6325 phononL 0.004 -0.192631 0.0759907 0.00327635 0
0 6326 phononL 0.004 -1.62039 1.15365 0.0151528 0
0 6327 phononL 0.004 -0.44602 0.802789 0.0108632 0
0 6328 phononL 0.004 0.0911955 -1.29892 -0.0029241 0
0 6329 phononL 0.004 -1.45446 -0.577615 -0.0189888 0
0 6330 phononL 0.004 1.59217 -0.124417 -0.0159945 0
0 6331 phononL 0.004 -0.408392 -0.315777 -0.024558 0
0 6332 phononL 0.004 -0.0082471 -0.133816 -0.0367094 0
0 6333 phononL 0.004 1.40712 0.872469 0.0147377 0
0 6334 phononL 0.004 -0.0845892 -1.2025 -0.00722474 0
0 6335 phononL 0.004 1.08884 0.131702 0.0174702 0
0 6336 phononL 0.004 0.35134 -0.5814 0.0231712 0
0 6337 phononL 0.004 -1.38212 1.28413 0.00614432 0
0 6338 phononL 0.004 -0.100553 -0.293088 -0.0136887 0
0 6339 phononL 0.004 -0.885412 0.62041 0.0343402 0
0 6340 phononL 0.004 1.61053 0.795359 0.00522722 0
0 6341 phononL 0.004 -0.01054 -0.29644 -0.00337358 0
0 6342 phononL 0.004 -0.331316 -0.236689 -0.00318659 0
0 6343 phononL 0.004 0.651989 -0.306069 -0.0252312 0
0 6344 phononL 0.004 -0.256204 -0.534031 0.0116765 0
0 6345 phononL 0.004 0.497204 -1.5644 -0.0367062 0
0 6346 phononL 0.004 -0.70366 0.657252 0.0081956 0
0 6347 phononL 0.004 1.42507 1.26679 -0.0318916 0
0 6348 phononL 0.004 -0.390118 -0.306585 0.0308564 0
0 6349 phononL 0.004 1.29195 -0.600714 0.0288887 0
0 6350 phononL 0.004 1.15564 0.856881 -0.0248075 0
0 6351 phononL 0.004 1.51912 -0.637509 0.03632 0
0 6352 phononL 0.004 0.612786 1.06654 0.037155 0
0 6353 phononL 0.004 0.732754 0.565335 -0.0339681 0
0 6354 phononL 0.004 -0.125615 1.06208 0.00299806 0
0 6355 phononL 0.004 1.4074 -1.05615 -0.0368269 0
0 6356 phononL 0.004 -0.89446 -0.164999 -0.0316132 0
0 6357 phononL 0.004 0.742441 1.07043 -0.0257958 0
0 6358 phononL 0.004 0.142628 -0.925037 -0.00437659 0
0 6359 phononL 0.004 1.64424 -0.708084 -0.0196199 0
0 6360 phononL 0.004 1.48964 -1.12231 -0.0353367 0
0 6361 phononL 0.004 -0.522021 1.01138 0.0322081 0
0 6362 phononL 0.004 1.12451 1.50502 0.037135 0
0 6363 phononL 0.004 0.681743 0.181843 0.0309438 0
0 6364 phononL 0.004 0.250493 0.0223804 -0.0293032 0
0 6365 phononL 0.004 1.39674 0.961125 -0.00678121 0
0 6366 phononL 0.004 1.42761 -0.257489 -0.037296 0
0 6367 phononL 0.004 -0.263341 -0.421275 0.0112336 0
0 6368 phononL 0.004 -0.741427 -1.23411 0.0177145 0
0 6369 phononL 0.004 -0.79826 1.22235 0.0240715 0
0 6370 phononL 0.004 -1.58059 1.39414 -0.00472763 0
0 6371 phononL 0.004 -0.0554299 -1.30239 0.032316 0
0 6372 phononL 0.004 -1.2038 0.369453 -0.00414668 0
0 6373 phononL 0.004 -1.26518 0.758797 0.0236844 0
0 6374 phononL 0.004 -0.678048 -1.43324 0.0160747 0
0 6375 phononL 0.004 -0.716186 -1.48389 0.0258652 0
0 6376 phononL 0.004 0.184441 0.96157 0.0237941 0
0 6377 phononL 0.004 -0.776778 -1.59036 0.00525897 0
0 6378 phononL 0.004 -0.256009 -0.694371 0.0356924 0
0 6379 phononL 0.004 1.04503 -0.357221 0.0214513 0
0 6380 phononL 0.004 -0.187183 -1.53865 0.00076478 0
0 6381 phononL 0.004 -0.527548 -0.0624946 -0.0361421 0
0 6382 phononL 0.004 -0.192186 1.33536 -0.02128 0
0 6383 phononL 0.004 -0.484366 0.037511 -0.0146205 0
0 6384 phononL 0.004 -0.488207 -0.986169 -0.00646525 0
0 6385 phononL 0.004 0.868361 -1.07828 0.0219065 0
0 6386 phononL 0.004 0.442791 -1.37518 0.0373689 0
0 6387 phononL 0.004 -0.771449 0.82855 0.0119359 0
0 6388 phononL 0.004 -1.54038 0.706483 -0.00681506 0
0 6389 phononL 0.004 -1.28422 -1.5274 0.0122278 0
0 6390 phononL 0.004 0.347616 -1.25501 -0.00605904 0
0 6391 phononL 0.004 0.871848 -1.54818 -0.0334422 0
0 6392 phononL 0.004 1.08277 0.659049 0.0242243 0
0 6393 phononL 0.004 -0.617347 -0.263043 0.0223712 0
0 6394 phononL 0.004 0.119156 -1.60062 0.024669 0
0 6395 phononL 0.004 -0.0272905 -1.62922 0.0373647 0
0 6396 phononL 0.004 -1.65325 -1.27782 -0.00613285 0
0 6397 phononL 0.004 -1.22099 -0.543071 0.0292744 0
0 6398 phononL 0.004 -0.159465 -1.66638 -0.0314248 0
0 6399 phononL 0.004 -1.25677 -0.293912 -0.00947847 0
0 6400 phononL 0.004 -1.49526 0.565411 -0.0374119 0
0 6401 phononL 0.004 -0.379585 1.0318 0.0286566 0
0 6402 phononL 0.004 1.58664 0.312732 0.00209097 0
0 6403 phononL 0.004 0.208866 0.349377 0.0156726 0
0 6404 phononL 0.004 0.141017 0.993568 0.0159347 0
0 6405 phononL 0.004 -1.28295 0.0650993 -0.030086 0
0 6406 phononL 0.004 -1.62766 1.11305 0.0287015 0
0 6407 phononL 0.004 0.217085 0.142321 0.0126961 0
0 6408 phononL 0.004 -0.989166 1.649 0.0257254 0
0 6409 phononL 0.004 1.19758 -0.898161 0.0308988 0
0 6410 phononL 0.004 0.0975048 1.42865 0.027687 0
0 6411 phononL 0.004 -0.00854004 -1.22966 0.00710623 0
0 6412 phononL 0.004 -0.541475 -0.890818 0.0254008 0
0 6413 phononL 0.004 -1.46356 0.85304 -0.00383131 0
0 6414 phononL 0.004 0.885019 -0.568958 -0.0213674 0
0 6415 phononL 0.004 -0.426519 1.20593 -0.0140631 0
0 6416 phononL 0.004 -0.691988 1.00033 -0.00470253 0
0 6417 phononL 0.004 -0.946767 -0.905141 -0.0148599 0
0 6418 phononL 0.004 1.40945 0.0259283 -0.0207313 0
0 6419 phononL 0.004 1.11976 -0.708471 0.0357932 0
0 6420 phononL 0.004 -0.0951748 -0.534995 0.0382523 0
0 6421 phononL 0.004 0.971843 1.65213 0.00259432 0
0 6422 phononL 0.004 -1.13216 -1.39995 -0.0301068 0
0 6423 phononL 0.004 1.51817 1.43624 0.00794342 0
0 6424 phononL 0.004 -1.01721 1.24407 0.0339614 0
0 6425 phononL 0.004 1.43018 -1.44998 0.00950697 0
0 6426 phononL 0.004 0.402749 -0.345602 0.000840961 0
0 6427 phononL 0.004 -0.297211 -0.61526 -0.0287997 0
0 6428 phononL 0.004 -1.61437 1.17224 0.028084 0
0 6429 phononL 0.004 -1.34057 1.08494 0.024909 0
0 6430 phononL 0.004 0.809042 -1.40979 0.0172654 0
0 6431 phononL 0.004 0.741368 -1.0678 0.0231918 0
0 6432 phononL 0.004 1.08692 0.478707 0.0148985 0
0 6433 phononL 0.004 0.732434 -1.33933 0.000188052 0
0 6434 phononL 0.004 1.01032 -0.577653 -0.0303775 0
0 6435 phononL 0.004 0.646977 0.52222 -0.00159388 0
0 6436 phononL 0.004 -0.309139 -0.0576013 -0.0273105 0
0 6437 phononL 0.004 0.0138669 0.729799 0.0372499 0
0 6438 phononL 0.004 0.545047 0.688661 0.0185253 0
0 6439 phononL 0.004 -1.30479 0.419647 -0.00948049 0
0 6440 phononL 0.004 1.1158 0.542578 0.00650306 0
0 6441 phononL 0.004 1.24899 0.852938 -0.00150455 0
0 6442 phononL 0.004 0.649685 -1.41343 -0.0148829 0
0 6443 phononL 0.004 0.418386 1.17035 0.0375057 0
0 6444 phononL 0.004 0.9762 -0.830203 -0.00179114 0
0 6445 phononL 0.004 -1.42821 1.03725 -0.0280622 0
0 6446 phononL 0.004 0.667704 -1.21785 -0.0151408 0
0 6447 phononL 0.004 0.818599 1.03818 0.024881 0
0 6448 phononL 0.004 -1.63807 1.16986 -0.0160409 0
0 6449 phononL 0.004 0.241743 -0.906103 0.0292181 0
0 6450 phononL 0.004 -1.46662 0.881828 0.0368804 0
0 6451 phononL 0.004 -1.54609 1.59895 0.0264258 0
0 6452 phononL 0.004 1.27899 -1.14194 0.0080451 0
0 6453 phononL 0.004 -0.917401 -0.608102 -0.00669513 0
0 6454 phononL 0.004 -0.402374 0.591412 0.0250542 0
0 6455 phononL 0.004 0.290695 0.299038 -0.0130041 0
0 6456 phononL 0.004 1.40428 -1.35777 -0.0120143 0
0 6457 phononL 0.004 0.713556 1.62527 0.0110738 0
0 6458 phononL 0.004 -1.54799 1.19066 0.0260556 0
0 6459 phononL 0.004 0.24582 -0.130976 -0.0220086 0
0 6460 phononL 0.004 1.65671 -1.58104 0.0129874 0
0 6461 phononL 0.004 0.808014 -1.20297 -0.0137488 0
0 6462 phononL 0.004 -0.427774 0.000460034 0.000504757 0
0 6463 phononL 0.004 -0.438441 -0.725596 -0.00501182 0
0 6464 phononL 0.004 -0.765007 -0.375234 -0.0249129 0
0 6465 phononL 0.004 0.140775 -1.64307 0.0325317 0
0 6466 phononL 0.004 0.237384 -0.190761 -0.0225707 0
0 6467 phononL 0.004 1.15836 -0.631379 0.0340483 0
0 6468 phononL 0.004 1.49596 1.19618 0.0254232 0
0 6469 phononL 0.004 -0.95356 -0.757899 -0.0209823 0
0 6470 phononL 0.004 0.320606 -0.619372 0.0131162 0
0 6471 phononL 0.004 0.121438 0.0830374 0.0386698 0
0 6472 phononL 0.004 -1.12454 -0.260256 0.00403778 0
0 6473 phononL 0.004 -1.6109 -0.0398124 -0.020776 0
0 6474 phononL 0.004 1.29428 0.535895 0.0151582 0
0 6475 phononL 0.004 -0.648642 0.662598 -0.0137902 0
0 6476 phononL 0.004 -1.28157 -0.717346 -0.0187007 0
0 6477 phononL 0.004 -0.32983 1.39213 -0.0330778 0
0 6478 phononL 0.004 0.407837 -0.436605 0.0279021 0
0 6479 phononL 0.004 -1.25052 0.697714 0.0360996 0
0 6480 phononL 0.004 0.51603 -0.306685 -0.0331644 0
0 6481 phononL 0.004 0.831839 -1.06101 -0.0319187 0
0 6482 phononL 0.004 -0.989472 -0.530248 0.0397158 0
0 6483 phononL 0.004 -0.963251 -1.53832 -0.0185101 0
0 6484 phononL 0.004 -0.736207 -0.0376961 -0.00265407 0
0 6485 phononL 0.004 0.38133 -1.38779 0.0203348 0
0 6486 phononL 0.004 -1.16589 0.895637 0.0217597 0
0 6487 phononL 0.004 -0.499292 -1.03425 -0.0349468 0
0 6488 phononL 0.004 -0.906917 -1.31699 0.011539 0
0 6489 phononL 0.004 -0.653585 0.0318759 0.00509215 0
0 6490 phononL 0.004 1.61599 -0.760772 -0.0318785 0
0 6491 phononL 0.004 -1.2187 -0.598214 0.0397787 0
0 6492 phononL 0.004 -1.44276 -0.345084 -0.0143051 0
0 6493 phononL 0.004 1.5952 -0.295675 0.00610441 0
0 6494 phononL 0.004 1.16624 -1.37028 0.0125135 0
0 6495 phononL 0.004 1.24601 1.09766 0.0310842 0
0 6496 phononL 0.004 0.5371 0.171579 0.038011 0
0 6497 phononL 0.004 0.411613 -1.57796 -0.0314719 0
0 6498 phononL 0.004 -1.47223 1.42286 -0.0357299 0
0 6499 phononL 0.004 -0.854874 0.791232 -0.0360222 0
0 6500 phononL 0.004 0.407632 0.78341 -0.0186991 0
0 6501 phononL 0.004 -1.02696 -1.42328 -0.00437146 0
0 6502 phononL 0.004 0.577292 -0.0414906 0.00497604 0
0 6503 phononL 0.004 0.616931 -0.935868 0.0338398 0
0 6504 phononL 0.004 0.53089 0.752564 -0.0204844 0
0 6505 phononL 0.004 0.2112 -1.12254 -0.0217394 0
0 6506 phononL 0.004 -1.42986 -0.574449 0.0196093 0
0 6507 phononL 0.004 -0.395538 0.403535 0.030891 0
0 6508 phononL 0.004 -0.218242 -0.626651 0.0173004 0
0 6509 phononL 0.004 0.608773 0.314706 0.00754947 0
0 6510 phononL 0.004 0.563236 -0.420445 -0.020972 0
0 6511 phononL 0.004 1.01679 0.273197 -0.015071 0
0 6512 phononL 0.004 1.02042 -0.5346 0.0258732 0
0 6513 phononL 0.004 -0.904756 0.856564 -0.0221163 0
0 6514 phononL 0.004 0.558954 0.318641 0.035601 0
0 6515 phononL 0.004 0.910782 -0.74849 -0.00459384 0
0 6516 phononL 0.004 1.47181 1.26247 0.0249683 0
0 6517 phononL 0.004 -0.929681 0.0975767 0.00483504 0
0 6518 phononL 0.004 0.403142 0.895367 -0.0132665 0
0 6519 phononL 0.004 0.581363 0.31568 0.0193235 0
0 6520 phononL 0.004 -0.759688 0.611423 0.00320049 0
0 6521 phononL 0.004 0.418632 0.941492 -0.034885 0
0 6522 phononL 0.004 -0.641567 -0.261213 -0.00030455 0
0 6523 phononL 0.004 1.19226 0.963978 0.00193036 0
0 6524 phononL 0.004 0.374874 1.29482 0.0192582 0
0 6525 phononL 0.004 -1.34448 -1.46322 -0.0353041 0
0 6526 phononL 0.004 -0.524264 -0.0592555 -0.00620276 0
0 6527 phononL 0.004 0.488917 1.18317 -0.0292657 0
0 6528 phononL 0.004 1.62876 -0.996926 -0.00369828 0
0 6529 phononL 0.004 0.345953 -0.165022 -0.00979331 0
0 6530 phononL 0.004 -0.0459268 -1.38576 -0.017293 0
0 6531 phononL 0.004 0.698975 -0.647473 -0.0121977 0
0 6532 phononL 0.004 -0.783488 1.30266 -0.0178896 0
0 6533 phononL 0.004 -0.245392 0.521252 -0.0241041 0
0 6534 phononL 0.004 -0.665515 0.987649 0.00154022 0
0 6535 phononL 0.004 0.652531 -1.07551 -0.0150527 0
0 6536 phononL 0.004 -1.63713 -1.47915 0.0193628 0
0 6537 phononL 0.004 -1.13754 1.56406 -0.017068 0
0 6538 phononL 0.004 0.341944 0.942655 0.0243616 0
0 6539 phononL 0.004 1.64975 0.976012 -0.0383627 0
0 6540 phononL 0.004 -1.28049 -1.10072 0.0104399 0
0 6541 phononL 0.004 0.936763 -1.25682 0.0253593 0
0 6542 phononL 0.004 -0.0276033 -1.5841 -0.00805427 0
0 6543 phononL 0.004 1.25225 0.322938 0.00154927 0
0 6544 phononL 0.004 1.64014 -0.563734 -0.0207315 0
0 6545 phononL 0.004 -1.19073 0.688908 -0.0116842 0
0 6546 phononL 0.004 0.98769 -0.0364755 0.0364243 0
0 6547 phononL 0.004 -0.637911 -0.450454 -0.0253429 0
0 6548 phononL 0.004 -0.428876 -0.861483 0.0349543 0
0 6549 phononL 0.004 -0.559833 -0.103337 -0.020998 0
0 6550 phononL 0.004 -0.317187 -0.344772 -0.0155995 0
0 6551 phononL 0.004 0.984346 -0.15924 -0.00612189 0
0 6552 phononL 0.004 1.3315 -0.764708 -0.00237804 0
0 6553 phononL 0.004 -0.218669 -1.13751 -0.0397104 0
0 6554 phononL 0.004 0.272923 0.0590364 -0.0326858 0
0 6555 phononL 0.004 -1.33157 1.10741 0.00330625 0
0 6556 phononL 0.004 1.2505 -0.252856 0.0227957 0
0 6557 phononL 0.004 1.59679 0.53805 0.0357302 0
0 6558 phononL 0.004 1.5925 -0.153335 0.0288127 0
0 6559 phononL 0.004 1.48482 0.948511 -0.0286702 0
0 6560 phononL 0.004 0.71226 0.769953 -0.0344516 0
0 6561 phononL 0.004 -0.219805 -0.302788 -0.0202445 0
0 6562 phononL 0.004 -1.2443 1.62046 0.015429 0
0 6563 phononL 0.004 0.442417 -0.117155 0.00988561 0
0 6564 phononL 0.004 0.852674 1.30379 -0.0106596 0
0 6565 phononL 0.004 0.879374 -0.130283 0.000447138 0
0 6566 phononL 0.004 -0.965097 -0.0441845 0.0364257 0
0 6567 phononL 0.004 0.339198 1.42388 0.0225589 0
0 6568 phononL 0.004 -0.413578 -0.607451 0.00169999 0
0 6569 phononL 0.004 -0.477104 -0.998096 0.0281753 0
0 6570 phononL 0.004 1.37486 -1.00861 0.0186257 0
0 6571 phononL 0.004 1.5595 1.50911 0.0323286 0
0 6572 phononL 0.004 -0.244715 0.254231 -0.0160268 0
0 6573 phononL 0.004 0.00039779 -1.45146 0.0361397 0
0 6574 phononL 0.004 1.46449 -0.0569821 0.00912982 0
0 6575 phononL 0.004 -0.239756 -0.835897 -0.00856194 0
0 6576 phononL 0.004 -0.33823 -0.870214 -0.0391676 0
0 6577 phononL 0.004 0.479257 0.131875 -0.00615442 0
0 6578 phononL 0.004 0.768865 1.29753 -0.0296837 0
0 6579 phononL 0.004 -0.378197 0.350892 0.0259996 0
0 6580 phononL 0.004 -1.33363 1.57692 0.00104911 0
0 6581 phononL 0.004 1.43717 -0.304947 0.0139285 0
0 6582 phononL 0.004 0.16331 -0.35218 0.0104916 0
0 6583 phononL 0.004 -1.4925 1.52844 0.00828376 0
0 6584 phononL 0.004 0.959421 -1.30891 -0.00660538 0
0 6585 phononL 0.004 -0.530326 -0.815452 0.0343473 0
0 6586 phononL 0.004 1.45431 0.986214 0.0116252 0
0 6587 phononL 0.004 -0.180851 0.200445 -0.0314696 0
0 6588 phononL 0.004 -1.10813 0.787071 0.0247051 0
0 6589 phononL 0.004 1.0296 0.91254 -0.0264374 0
0 6590 phononL 0.004 0.702069 -1.3915 -0.0308495 0
0 6591 phononL 0.004 -0.981681 0.491977 -0.0341849 0
0 6592 phononL 0.004 1.20958 0.135972 -0.00813749 0
0 6593 phononL 0.004 -0.774961 0.314051 0.0218277 0
0 6594 phononL 0.004 1.37017 0.332971 0.0366922 0
0 6595 phononL 0.004 -1.48575 -1.36378 -0.0250308 0
0 6596 phononL 0.004 0.996776 -1.0469 0.00520693 0
0 6597 phononL 0.004 -0.674241 -0.301334 0.000160513 0
0 6598 phononL 0.004 -0.824836 -1.34221 0.0285859 0
0 6599 phononL 0.004 1.04074 0.614622 0.0334829 0
0 6600 phononL 0.004 -0.766028 -0.0399863 -0.0340665 0
0 6601 phononL 0.004 1.22889 -0.683129 0.00557844 0
0 6602 phononL 0.004 -0.338176 -0.173111 -0.00421169 0
0 6603 phononL 0.004 1.23203 -0.722507 -0.0338198 0
0 6604 phononL 0.004 0.393329 -1.26048 -0.00899071 0
0 6605 phononL 0.004 1.22599 -0.620033 -0.0287061 0
0 6606 phononL 0.004 0.33113 -1.02751 0.0265148 0
0 6607 phononL 0.004 -0.592119 0.849654 -0.0348623 0
0 6608 phononL 0.004 -1.41578 1.52677 -0.00831505 0
0 6609 phononL 0.004 1.2637 -0.488634 0.0234385 0
0 6610 phononL 0.004 -0.143665 -0.544328 -0.0228088 0
0 6611 phononL 0.004 0.331574 1.52732 0.0199447 0
0 6612 phononL 0.004 -0.353518 -0.605675 -0.0266253 0
0 6613 phononL 0.004 1.48084 0.495629 -0.0262744 0
0 6614 phononL 0.004 1.32161 -0.787446 0.00174586 0
0 6615 phononL 0.004 0.766967 0.286742 0.0129891 0
0 6616 phononL 0.004 -0.904247 -1.00905 0.0139552 0
0 6617 phononL 0.004 1.54047 1.39508 0.0236876 0
0 6618 phononL 0.004 -1.30327 1.07559 -0.0186956 0
0 6619 phononL 0.004 -0.789098 0.195262 0.00527416 0
0 6620 phononL 0.004 -0.89727 -0.253202 -0.00480922 0
0 6621 phononL 0.004 -0.802002 0.370784 -0.0122812 0
0 6622 phononL 0.004 -1.50104 1.61349 -0.000371618 0
0 6623 phononL 0.004 0.522563 -0.612857 -0.0104472 0
0 6624 phononL 0.004 1.18402 -1.35867 0.01356 0
0 6625 phononL 0.004 1.27058 0.133014 0.0349163 0
0 6626 phononL 0.004 -0.891769 -0.0729393 -0.0112553 0
0 6627 phononL 0.004 0.497875 -0.45014 0.0312607 0
0 6628 phononL 0.004 -0.570795 0.68494 -0.0256942 0
0 6629 phononL 0.004 -1.37207 -0.319996 -0.0347943 0
0 6630 phononL 0.004 -1.2256 -0.264815 -0.00973348 0
0 6631 phononL 0.004 -1.04562 0.703893 -0.0330459 0
0 6632 phononL 0.004 -0.774999 1.46463 -0.0153865 0
0 6633 phononL 0.004 -0.309631 -1.05249 0.0105542 0
0 6634 phononL 0.004 -0.326066 0.899708 -0.0204229 0
0 6635 phononL 0.004 0.554643 -0.109574 -0.0294518 0
0 6636 phononL 0.004 -0.82066 -0.25791 0.0271968 0
0 6637 phononL 0.004 -0.852471 0.0837343 0.0153343 0
0 6638 phononL 0.004 0.722617 1.05904 0.0373421 0
0 6639 phononL 0.004 -0.592915 -1.49295 -0.0149144 0
0 6640 phononL 0.004 -0.063083 -0.235506 0.0375061 0
0 6641 phononL 0.004 -0.59129 0.902666 -0.00790752 0
0 6642 phononL 0.004 1.30839 0.910595 -0.0268791 0
0 6643 phononL 0.004 -0.578198 -1.36361 -0.0384366 0
0 6644 phononL 0.004 0.0811326 -0.224329 0.0201807 0
0 6645 phononL 0.004 0.836281 0.774592 0.0357312 0
0 6646 phononL 0.004 -0.177519 -0.558306 0.0246128 0
0 6647 phononL 0.004 1.54623 -1.64688 -0.0328288 0
0 6648 phononL 0.004 -0.564752 1.5124 -0.0346706 0
0 6649 phononL 0.004 1.42276 0.802725 0.0313744 0
0 6650 phononL 0.004 0.0794767 -0.67591 -0.00374509 0
0 6651 phononL 0.004 1.37638 1.0296 -0.00527925 0
0 6652 phononL 0.004 0.0944604 -0.0355027 0.0166494 0
0 6653 phononL 0.004 1.506 -1.10635 0.0180527 0
0 6654 phononL 0.004 0.971725 -0.0770814 0.00881438 0
0 6655 phononL 0.004 -0.110593 0.112634 0.0185108 0
0 6656 phononL 0.004 1.37118 -0.849478 -0.0397591 0
0 6657 phononL 0.004 0.399996 1.19339 0.0170949 0
0 6658 phononL 0.004 -0.408656 1.43353 0.0280977 0
0 6659 phononL 0.004 -0.157703 -0.216395 0.0305078 0
0 6660 phononL 0.004 0.645884 1.65215 0.0388292 0
0 6661 phononL 0.004 -1.06359 -0.421534 0.0295128 0
0 6662 phononL 0.004 1.4077 1.32985 -0.0154853 0
0 6663 phononL 0.004 0.840505 -1.61095 -0.00773197 0
0 6664 phononL 0.004 -0.551911 1.13305 0.0323078 0
0 6665 phononL 0.004 0.0458078 1.54644 -0.02742 0
0 6666 phononL 0.004 -1.25518 1.43226 0.0101249 0
0 6667 phononL 0.004 1.34746 -1.60172 0.00248214 0
0 6668 phononL 0.004 -1.30936 -0.240243 0.00545511 0
0 6669 phononL 0.004 1.41637 1.35846 0.0105495 0
0 6670 phononL 0.004 -0.552159 1.49916 -0.0100176 0
0 6671 phononL 0.004 -1.60399 -0.183011 0.0279075 0
0 6672 phononL 0.004 -1.22948 -0.149265 0.031229 0
0 6673 phononL 0.004 -1.52303 -0.574387 0.0389181 0
0 6674 phononL 0.004 0.604424 1.32069 0.0246251 0
0 6675 phononL 0.004 -0.0412983 -0.124315 -0.0371645 0
0 6676 phononL 0.004 -0.106073 1.16545 -0.0333837 0
0 6677 phononL 0.004 0.310604 1.05365 0.0336901 0
0 6678 phononL 0.004 -0.728821 -0.338647 -0.033884 0
0 6679 phononL 0.004 -0.596137 0.224064 -0.0202383 0
0 6680 phononL 0.004 -1.18451 1.06734 -0.0121432 0
0 6681 phononL 0.004 1.56231 0.0757116 0.026103 0
0 6682 phononL 0.004 0.360023 1.41234 -0.0336094 0
0 6683 phononL 0.004 0.846452 -1.63709 -0.0245375 0
0 6684 phononL 0.004 -0.738236 1.58032 0.036452 0
0 6685 phononL 0.004 0.25421 -1.63001 0.0162344 0
0 6686 phononL 0.004 1.04664 -0.714409 -0.0291038 0
0 6687 phononL 0.004 0.550329 0.554452 -0.0337819 0
0 6688 phononL 0.004 -0.998436 -0.646463 -0.0262084 0
0 6689 phononL 0.004 -1.16341 -0.575035 0.013828 0
0 6690 phononL 0.004 0.735844 -1.16973 0.0316966 0
0 6691 phononL 0.004 -1.39768 -1.33178 0.0330428 0
0 6692 phononL 0.004 0.674655 -1.47863 -0.0112226 0
0 6693 phononL 0.004 -1.05199 0.820273 -0.0112814 0
0 6694 phononL 0.004 0.570419 0.852791 -0.00115025 0
0 6695 phononL 0.004 -0.0545721 -0.322984 0.0325886 0
0 6696 phononL 0.004 -0.656797 -0.760573 -0.0126056 0
0 6697 phononL 0.004 0.0447277 -0.736058 0.000358437 0
0 6698 phononL 0.004 0.801841 0.890572 0.0257151 0
0 6699 phononL 0.004 1.31112 0.167731 -0.02504 0
0 6700 phononL 0.004 -1.27823 -0.706242 -0.010422 0
0 6701 phononL 0.004 -0.502118 0.0124512 0.0309204 0
0 6702 phononL 0.004 0.652762 -0.0710403 -0.00360444 0
0 6703 phononL 0.004 -1.32829 -0.819364 0.0055334 0
0 6704 phononL 0.004 -1.18489 1.62981 -0.0325061 0
0 6705 phononL 0.004 -0.0375686 -0.725075 -0.0354446 0
0 6706 phononL 0.004 0.0837754 0.363642 0.00525871 0
0 6707 phononL 0.004 1.40185 0.0221582 -0.0275235 0
0 6708 phononL 0.004 -0.372624 -1.17418 -0.00631424 0
0 6709 phononL 0.004 -0.916854 0.917096 -0.0108528 0
0 6710 phononL 0.004 0.874829 0.107384 0.0269959 0
0 6711 phononL 0.004 0.741719 -0.67721 0.0255201 0
0 6712 phononL 0.004 -0.154263 -0.350462 -0.0260278 0
0 6713 phononL 0.004 1.0089 0.359861 -0.0119416 0
0 6714 phononL 0.004 -0.735472 0.886227 -0.00555014 0
0 6715 phononL 0.004 0.820019 0.613049 -0.011075 0
0 6716 phononL 0.004 0.325685 1.51871 -0.0390993 0
0 6717 phononL 0.004 1.58194 1.28373 -0.0316017 0
0 6718 phononL 0.004 -0.190527 -1.18874 -0.0320745 0
0 6719 phononL 0.004 -0.0904086 -0.0143081 -0.0394333 0
0 6720 phononL 0.004 0.127377 -0.950616 0.00573945 0
0 6721 phononL 0.004 1.1229 1.48466 -0.0314979 0
0 6722 phononL 0.004 -0.295402 0.622921 -0.00697974 0
0 6723 phononL 0.004 0.780095 1.17074 -0.0374369 0
0 6724 phononL 0.004 0.200928 0.145875 0.00301451 0
0 6725 phononL 0.004 0.261784 1.24603 0.033977 0
0 6726 phononL 0.004 1.22946 0.86847 0.0196088 0
0 6727 phononL 0.004 1.12196 0.229673 0.0266495 0
0 6728 phononL 0.004 1.3046 1.40274 0.0384533 0
0 6729 phononL 0.004 -0.506573 1.0277 0.0254402 0
0 6730 phononL 0.004 1.64693 -0.420833 -0.00454106 0
0 6731 phononL 0.004 -0.352853 1.49853 -0.0395258 0
0 6732 phononL 0.004 -0.287505 -1.00816 -0.0257006 0
0 6733 phononL 0.004 0.748459 -0.575974 -0.0294392 0
0 6734 phononL 0.004 0.792295 1.22308 -0.0209573 0
0 6735 phononL 0.004 -0.896814 0.649935 0.0334814 0
0 6736 phononL 0.004 -0.288288 -0.288537 0.00116238 0
0 6737 phononL 0.004 -0.32904 0.767341 -0.00702847 0
0 6738 phononL 0.004 0.127824 -0.70781 0.00901895 0
0 6739 phononL 0.004 -1.49529 0.806733 -0.004182 0
0 6740 phononL 0.004 1.44273 -1.62672 0.00628244 0
0 6741 phononL 0.004 -1.28718 -0.600074 0.0309962 0
0 6742 phononL 0.004 -0.668481 1.58933 -0.0353805 0
0 6743 phononL 0.004 0.413989 -0.577282 -0.0106838 0
0 6744 phononL 0.004 -0.658195 -0.151567 -0.00171301 0
0 6745 phononL 0.004 -1.66308 0.278986 -0.0319828 0
0 6746 phononL 0.004 0.985995 1.05508 -0.00974025 0
0 6747 phononL 0.004 0.55859 0.577098 -0.0328334 0
0 6748 phononL 0.004 -1.13446 -1.50838 0.0136478 0
0 6749 phononL 0.004 1.00123 0.729543 -0.0321626 0
0 6750 phononL 0.004 0.766719 0.937862 -0.0295032 0
0 6751 phononL 0.004 0.399907 -0.455054 -0.0224499 0
0 6752 phononL 0.004 -0.164801 -0.222041 -0.0335002 0
0 6753 phononL 0.004 -0.563473 -0.980267 0.0347316 0
0 6754 phononL 0.004 1.44466 1.40833 0.0224754 0
0 6755 phononL 0.004 -1.33783 -0.665261 -0.0197847 0
0 6756 phononL 0.004 -1.02379 -0.891494 -0.0252048 0
0 6757 phononL 0.004 0.364072 -1.3514 -0.0185707 0
0 6758 phononL 0.004 0.627042 -0.835845 0.00146824 0
0 6759 phononL 0.004 1.16812 -0.172291 -0.0144756 0
0 6760 phononL 0.004 -0.107437 1.56581 0.0339723 0
0 6761 phononL 0.004 0.56695 1.13083 0.0118492 0
0 6762 phononL 0.004 -0.717443 0.997975 0.00877351 0
0 6763 phononL 0.004 -0.742586 0.735504 0.00545678 0
0 6764 phononL 0.004 -1.072 0.536322 -0.0255946 0
0 6765 phononL 0.004 0.516864 0.657117 0.0314174 0
0 6766 phononL 0.004 -1.14309 0.709624 0.00177124 0
0 6767 phononL 0.004 -0.693711 -0.675826 -0.019821 0
0 6768 phononL 0.004 -1.01114 -0.0296134 0.0350456 0
0 6769 phononL 0.004 0.392745 1.16708 0.0324809 0
0 6770 phononL 0.004 -1.41194 1.1994 0.0331114 0
0 6771 phononL 0.004 -1.64418 -0.707557 0.0208323 0
0 6772 phononL 0.004 -1.42675 -0.128792 -0.0318453 0
0 6773 phononL 0.004 0.523876 0.922775 0.0369209 0
0 6774 phononL 0.004 0.924361 0.0913544 0.0356246 0
0 6775 phononL 0.004 -1.01138 0.756121 -0.0255277 0
0 6776 phononL 0.004 -0.50258 -0.825349 -0.0199342 0
0 6777 phononL 0.004 0.315876 0.39548 -0.00177926 0
0 6778 phononL 0.004 -1.03649 -0.738135 -0.00399838 0
0 6779 phononL 0.004 -0.79414 0.166971 0.0149825 0
0 6780 phononL 0.004 1.52436 -0.194677 -0.0292828 0
0 6781 phononL 0.004 -0.274049 -1.39733 -0.0278278 0
0 6782 phononL 0.004 -0.835918 0.451365 -0.00314982 0
0 6783 phononL 0.004 -0.647132 0.183829 0.0300222 0
0 6784 phononL 0.004 -0.701612 -1.45609 -0.0364552 0
0 6785 phononL 0.004 -0.373333 0.104675 -0.00441274 0
0 6786 phononL 0.004 -0.0696497 -0.614001 0.0191666 0
0 6787 phononL 0.004 -1.22198 0.908038 0.0281822 0
0 6788 phononL 0.004 0.151837 1.59162 0.0246727 0
0 6789 phononL 0.004 -0.699557 1.47031 -0.0148474 0
0 6790 phononL 0.004 -0.378303 -1.39711 -0.0150122 0
0 6791 phononL 0.004 -0.361278 0.606881 -0.0150745 0
0 6792 phononL 0.004 -0.758501 0.326989 0.016517 0
0 6793 phononL 0.004 1.52276 -0.354694 0.0255397 0
0 6794 phononL 0.004 -0.0771078 0.0339879 -0.0333469 0
0 6795 phononL 0.004 -1.35611 -0.829339 -0.0345006 0
0 6796 phononL 0.004 0.873155 0.881646 0.0392102 0
0 6797 phononL 0.004 -0.968222 0.566239 0.00585756 0
0 6798 phononL 0.004 -0.931532 -0.680909 -0.00549449 0
0 6799 phononL 0.004 0.553641 0.433744 -0.00728286 0
0 6800 phononL 0.004 -0.910498 -1.47667 0.0273956 0
0 6801 phononL 0.004 -1.33134 -0.826787 0.00425338 0
0 6802 phononL 0.004 -0.573334 0.2952 0.0269483 0
0 6803 phononL 0.004 0.0788505 -0.806564 0.03357 0
0 6804 phononL 0.004 -0.649751 0.737005 0.0202028 0
0 6805 phononL 0.004 1.13201 -0.994858 0.0332229 0
0 6806 phononL 0.004 1.46247 1.53599 -0.0125169 0
0 6807 phononL 0.004 -0.935605 0.248282 0.0141518 0
0 6808 phononL 0.004 -0.670918 0.792103 -0.0247384 0
0 6809 phononL 0.004 -1.04187 0.0885048 0.0227873 0
0 6810 phononL 0.004 -0.496493 -1.15885 -0.0127298 0
0 6811 phononL 0.004 1.12163 1.55277 -0.0351872 0
0 6812 phononL 0.004 -0.325633 -1.49152 0.000467149 0
0 6813 phononL 0.004 -0.133315 -0.615824 -0.00916151 0
0 6814 phononL 0.004 1.25104 -1.56267 0.0257615 0
0 6815 phononL 0.004 1.36093 -1.17427 0.00605007 0
0 6816 phononL 0.004 -1.33533 -1.19529 -0.00907374 0
0 6817 phononL 0.004 -0.975486 1.10928 -0.000735656 0
0 6818 phononL 0.004 -0.242044 -0.700941 0.0342664 0
0 6819 phononL 0.004 0.19835 -0.670917 -0.0104944 0
0 6820 phononL 0.004 0.877293 0.0171337 -0.0324736 0
0 6821 phononL 0.004 0.622811 1.51993 -0.0118116 0
0 6822 phononL 0.004 -0.664546 -1.65641 -0.0307746 0
0 6823 phononL 0.004 0.283695 -0.0730961 0.0383205 0
0 6824 phononL 0.004 0.921127 0.392195 0.0295026 0
0 6825 phononL 0.004 -0.495826 0.915703 -0.039162 0
0 6826 phononL 0.004 -0.184005 -0.587476 0.0275384 0
0 6827 phononL 0.004 -0.746721 1.26374 -0.0248707 0
0 6828 phononL 0.004 0.369121 1.52106 0.0188481 0
0 6829 phononL 0.004 1.34242 1.4119 0.0122956 0
0 6830 phononL 0.004 -0.651914 -1.66058 -0.026821 0
0 6831 phononL 0.004 -0.350591 -0.612431 0.00613632 0
0 6832 phononL 0.004 0.613629 0.551665 0.000153816 0
0 6833 phononL 0.004 0.17086 1.45301 -0.0373307 0
0 6834 phononL 0.004 0.0180302 -0.484273 -0.0348548 0
0 6835 phononL 0.004 -0.413489 1.66155 0.0264628 0
0 6836 phononL 0.004 -1.07722 0.150957 -0.0222903 0
0 6837 phononL 0.004 -0.628734 -1.2137 -0.0110646 0
0 6838 phononL 0.004 -0.54167 -0.10183 -0.0285491 0
0 6839 phononL 0.004 0.521517 -1.48389 0.012048 0
0 6840 phononL 0.004 1.12396 -0.823739 -0.0103256 0
0 6841 phononL 0.004 1.14292 -0.194996 0.00458996 0
0 6842 phononL 0.004 -0.551338 -1.30514 0.0129133 0
0 6843 phononL 0.004 -0.919129 -0.881932 0.0140884 0
0 6844 phononL 0.004 0.835733 -1.63363 -0.0202259 0
0 6845 phononL 0.004 -1.12703 -0.130362 0.0367937 0
0 6846 phononL 0.004 1.25637 -0.914351 -0.0385079 0
0 6847 phononL 0.004 -0.795163 1.43598 -0.0281821 0
0 6848 phononL 0.004 -1.05522 1.38661 -0.00058943 0
0 6849 phononL 0.004 -0.67044 0.268697 0.0185963 0
0 6850 phononL 0.004 0.483784 -1.48837 -0.0259587 0
0 6851 phononL 0.004 0.298777 0.89523 0.0155901 0
0 6852 phononL 0.004 -1.14122 0.537464 0.0179472 0
0 6853 phononL 0.004 -0.156755 -0.793682 -0.00560982 0
0 6854 phononL 0.004 0.332149 -0.691653 0.023017 0
0 6855 phononL 0.004 0.452785 0.147069 0.0399286 0
0 6856 phononL 0.004 -0.127259 1.14839 -0.0389925 0
0 6857 phononL 0.004 1.26085 0.970713 0.0022 0
0 6858 phononL 0.004 0.616072 -0.409209 0.0298607 0
0 6859 phononL 0.004 -0.363295 -1.61953 0.0171486 0
0 6860 phononL 0.004 -0.279587 -0.0728529 -0.00210471 0
0 6861 phononL 0.004 0.514468 0.790129 0.0346242 0
0 6862 phononL 0.004 -0.357077 -1.03753 0.0147757 0
0 6863 phononL 0.004 -1.03801 1.55893 -0.00491122 0
0 6864 phononL 0.004 0.944839 1.13685 -0.039125 0
0 6865 phononL 0.004 0.0277666 -0.303924 -0.00658677 0
0 6866 phononL 0.004 1.55636 0.668793 0.00762396 0
0 6867 phononL 0.004 1.22853 0.237441 0.00324081 0
0 6868 phononL 0.004 -1.50124 -1.47889 0.0222819 0
0 6869 phononL 0.004 -0.220801 1.56124 0.0358051 0
0 6870 phononL 0.004 0.898203 1.6293 -0.0142638 0
0 6871 phononL 0.004 1.19395 -1.13033 0.0168486 0
0 6872 phononL 0.004 0.341494 1.02818 -0.0119042 0
0 6873 phononL 0.004 0.75899 -0.0339181 0.0233212 0
0 6874 phononL 0.004 1.57697 0.789423 0.0386892 0
0 6875 phononL 0.004 1.60488 0.995013 0.0297133 0
0 6876 phononL 0.004 -0.488584 -0.0822569 0.00776946 0
0 6877 phononL 0.004 1.29013 1.63711 -0.000267746 0
0 6878 phononL 0.004 -0.320857 1.22723 -0.00279388 0
0 6879 phononL 0.004 1.23316 1.0568 0.0341123 0
0 6880 phononL 0.004 -0.422604 -1.52272 -0.00235992 0
0 6881 phononL 0.004 1.24047 -0.339535 -0.0204922 0
0 6882 phononL 0.004 -0.00839189 -0.472454 -0.0113447 0
0 6883 phononL 0.004 -1.19409 -1.15764 -0.0119664 0
0 6884 phononL 0.004 -1.5546 0.729968 0.0247978 0
0 6885 phononL 0.004 -0.634936 -0.190835 0.037242 0
0 6886 phononL 0.004 0.174553 1.26284 0.000665954 0
0 6887 phononL 0.004 -0.726692 0.263616 -0.00746159 0
0 6888 phononL 0.004 -0.82751 -1.60565 -0.0176354 0
0 6889 phononL 0.004 0.700148 -0.337545 0.0286925 0
0 6890 phononL 0.004 0.877419 1.44885 0.0214078 0
0 6891 phononL 0.004 -0.115513 0.905306 0.031888 0
0 6892 phononL 0.004 -1.60985 0.345606 -0.018663 0
0 6893 phononL 0.004 1.03547 0.944675 -0.0230789 0
0 6894 phononL 0.004 -0.621679 -0.776404 -0.01338 0
0 6895 phononL 0.004 -0.0209375 0.917006 -0.0204352 0
0 6896 phononL 0.004 0.489455 -0.586674 0.0169927 0
0 6897 phononL 0.004 -1.63991 0.0957271 0.00378974 0
0 6898 phononL 0.004 1.27193 1.25591 0.028024 0
0 6899 phononL 0.004 -0.21195 -0.549886 0.00554956 0
0 6900 phononL 0.004 1.55801 -1.65448 0.0273176 0
0 6901 phononL 0.004 -1.51411 0.10224 -0.00782131 0
0 6902 phononL 0.004 -1.41758 0.383595 -0.0249461 0
0 6903 phononL 0.004 1.53778 0.639674 -0.0355674 0
0 6904 phononL 0.004 -0.501397 -0.882738 0.0235917 0
0 6905 phononL 0.004 1.63489 -0.819535 -0.00167457 0
0 6906 phononL 0.004 -0.879411 0.425014 0.0143258 0
0 6907 phononL 0.004 -0.74296 0.853654 -0.00230246 0
0 6908 phononL 0.004 1.63063 1.28447 0.0104949 0
0 6909 phononL 0.004 0.278001 0.498312 -0.0392328 0
0 6910 phononL 0.004 -1.286 -0.341059 -0.0269451 0
0 6911 phononL 0.004 1.26478 0.765299 -0.0302171 0
0 6912 phononL 0.004 0.326776 -0.327575 0.0353384 0
0 6913 phononL 0.004 0.929193 -1.49453 -0.0282534 0
0 6914 phononL 0.004 -0.150319 -0.279462 -0.013769 0
0 6915 phononL 0.004 -1.42812 -0.462766 0.021321 0
0 6916 phononL 0.004 0.342105 -0.442681 -0.013876 0
0 6917 phononL 0.004 -1.38075 0.880281 -0.0197091 0
0 6918 phononL 0.004 -0.209421 0.0689318 -3.21425e-05 0
0 6919 phononL 0.004 0.252475 -0.182464 0.00365594 0
0 6920 phononL 0.004 -0.296716 -1.36168 0.0382283 0
0 6921 phononL 0.004 0.299996 0.35791 -0.000395619 0
0 6922 phononL 0.004 0.924325 -0.646958 -0.0399953 0
0 6923 phononL 0.004 1.56623 -1.01124 0.0299499 0
0 6924 phononL 0.004 0.773128 -1.55114 -0.00989888 0
0 6925 phononL 0.004 -1.42545 -0.234854 0.0369333 0
0 6926 phononL 0.004 -0.265924 0.441665 -0.010576 0
0 6927 phononL 0.004 -0.337336 -0.343442 -0.0328927 0
0 6928 phononL 0.004 0.217003 0.600811 0.0269568 0
0 6929 phononL 0.004 -1.43459 -1.27279 0.0226393 0
0 6930 phononL 0.004 -0.219449 -1.10642 -0.00270125 0
0 6931 phononL 0.004 0.519788 0.263481 0.0303223 0
0 6932 phononL 0.004 -1.57264 0.317655 0.0192586 0
0 6933 phononL 0.004 0.658816 0.363268 -0.0314978 0
0 6934 phononL 0.004 1.66518 1.34253 -0.0274886 0
0 6935 phononL 0.004 -1.15169 -0.845553 0.0184744 0
0 6936 phononL 0.004 0.581202 1.35124 0.0276905 0
0 6937 phononL 0.004 1.15178 1.26951 -0.0033646 0
0 6938 phononL 0.004 -1.47791 0.995608 -0.00195001 0
0 6939 phononL 0.004 0.275318 1.00169 0.00748284 0
0 6940 phononL 0.004 1.43476 -1.39443 -0.0131355 0
0 6941 phononL 0.004 0.990161 -0.208351 0.0109582 0
0 6942 phononL 0.004 -0.827673 1.25878 0.0219912 0
0 6943 phononL 0.004 -0.335748 -0.893651 -0.024192 0
0 6944 phononL 0.004 -0.027031 -0.0105362 0.00721899 0
0 6945 phononL 0.004 -0.210439 -1.07591 -0.00230537 0
0 6946 phononL 0.004 0.86513 -1.45753 -0.000839284 0
0 6947 phononL 0.004 -0.541088 -0.620571 0.0367002 0
0 6948 phononL 0.004 -0.431589 0.720813 0.0135001 0
0 6949 phononL 0.004 -0.634285 -1.63761 -0.00101398 0
0 6950 phononL 0.004 -1.48429 -1.64273 -0.0264042 0
0 6951 phononL 0.004 -1.03487 -1.35068 -0.0221863 0
0 6952 phononL 0.004 -1.54628 -1.09283 -0.0308266 0
0 6953 phononL 0.004 -1.13998 -0.697071 -0.0187311 0
0 6954 phononL 0.004 0.243169 0.37062 0.0105114 0
0 6955 phononL 0.004 -0.00798774 -0.98504 0.0268088 0
0 6956 phononL 0.004 -1.2332 -0.991702 -0.028987 0
0 6957 phononL 0.004 0.605665 -1.6442 0.0280825 0
0 6958 phononL 0.004 1.37296 0.11152 -0.0128683 0
0 6959 phononL 0.004 1.31575 -1.1891 0.0342527 0
0 6960 phononL 0.004 -1.21016 -0.214568 -0.028532 0
0 6961 phononL 0.004 -0.381577 -0.862362 -0.00124574 0
0 6962 phononL 0.004 -0.326436 -1.63523 0.0380772 0
0 6963 phononL 0.004 0.117224 0.704671 0.00545266 0
0 6964 phononL 0.004 -0.828743 -0.875513 0.000317405 0
0 6965 phononL 0.004 -1.18617 -0.165062 0.0292897 0
0 6966 phononL 0.004 1.56179 -0.0398394 0.00318946 0
0 6967 phononL 0.004 -0.101486 1.13899 0.0220812 0
0 6968 phononL 0.004 -0.772932 0.402651 0.0236137 0
0 6969 phononL 0.004 -1.32859 1.08222 -0.0345249 0
0 6970 phononL 0.004 1.18286 -0.209718 -0.0127502 0
0 6971 phononL 0.004 -1.44651 0.106545 -0.0319237 0
0 6972 phononL 0.004 -1.06797 -0.14098 -0.00377326 0
0 6973 phononL 0.004 0.318596 -0.00793695 -0.00114944 0
0 6974 phononL 0.004 -1.27354 0.468812 0.0268538 0
0 6975 phononL 0.004 -1.05768 -0.842664 -0.0304616 0
0 6976 phononL 0.004 -0.246829 -0.351989 0.0380297 0
0 6977 phononL 0.004 0.402979 -0.96327 -0.0205565 0
0 6978 phononL 0.004 0.520127 -0.525684 -0.020502 0
0 6979 phononL 0.004 0.447097 -1.33026 -0.0331287 0
0 6980 phononL 0.004 -0.496817 0.935529 0.0361362 0
0 6981 phononL 0.004 -1.48758 1.08456 0.0155955 0
0 6982 phononL 0.004 0.802779 -0.908669 0.0395669 0
0 6983 phononL 0.004 -0.282793 0.857891 0.0351252 0
0 6984 phononL 0.004 -0.573458 -0.749535 -0.0132034 0
0 6985 phononL 0.004 -1.0692 1.27325 -0.00920393 0
0 6986 phononL 0.004 -1.41982 -1.48746 0.0171309 0
0 6987 phononL 0.004 0.104656 0.0696873 -0.0347396 0
0 6988 phononL 0.004 0.0427957 -0.524718 -0.000873042 0
0 6989 phononL 0.004 -0.671327 -0.606405 -0.0174792 0
0 6990 phononL 0.004 1.06044 0.908083 0.0106553 0
0 6991 phononL 0.004 0.713448 -1.20617 -0.0178366 0
0 6992 phononL 0.004 1.53238 -0.719378 0.026519 0
0 6993 phononL 0.004 1.05488 0.0064285 -0.00493644 0
0 6994 phononL 0.004 0.627164 0.110121 0.00686596 0
0 6995 phononL 0.004 -1.38087 -1.37947 0.00591611 0
0 6996 phononL 0.004 -0.831983 -0.791769 0.00224667 0
0 6997 phononL 0.004 -0.821912 -0.569367 -0.0216328 0
0 6998 phononL 0.004 -1.17453 -0.789365 -0.0281471 0
0 6999 phononL 0.004 -1.21539 -0.0854044 -0.00438655 0
0 7000 phononL 0.004 -0.67227 -0.584122 0.0286899 0
0 7001 phononL 0.004 -0.920646 1.57728 -0.0331473 0
0 7002 phononL 0.004 1.65362 -0.116623 0.0278669 0
0 7003 phononL 0.004 0.540424 0.608709 -0.0356543 0
0 7004 phononL 0.004 0.993991 1.43962 -0.0346343 0
0 7005 phononL 0.004 0.691957 -0.642963 0.019575 0
0 7006 phononL 0.004 0.868169 -0.801163 -0.00357414 0
0 7007 phononL 0.004 0.975736 1.115 0.0138097 0
0 7008 phononL 0.004 1.20201 0.921246 0.0301715 0
0 7009 phononL 0.004 0.736359 -1.29862 0.000913397 0
0 7010 phononL 0.004 -0.482822 -1.33964 0.0248774 0
0 7011 phononL 0.004 -1.60365 0.771731 0.00196138 0
0 7012 phononL 0.004 -0.967783 0.934939 0.00689289 0
0 7013 phononL 0.004 -0.599317 -1.07995 0.0326404 0
0 7014 phononL 0.004 -1.41826 -0.986085 0.0133311 0
0 7015 phononL 0.004 -1.19346 0.493592 0.0321262 0
0 7016 phononL 0.004 1.66114 1.11392 -0.00421705 0
0 7017 phononL 0.004 -0.0862555 -0.380615 -0.0373018 0
0 7018 phononL 0.004 0.0824388 1.18613 -0.0140059 0
0 7019 phononL 0.004 -0.925249 0.609257 0.0163665 0
0 7020 phononL 0.004 -0.568386 0.206455 0.0261129 0
0 7021 phononL 0.004 0.318241 1.04697 -0.0344354 0
0 7022 phononL 0.004 -0.029333 -0.188428 -0.0132341 0
0 7023 phononL 0.004 -0.468119 -1.60358 0.0239818 0
0 7024 phononL 0.004 0.803163 1.36015 0.0061421 0
0 7025 phononL 0.004 1.00294 -0.247851 0.021068 0
0 7026 phononL 0.004 0.399253 1.18696 -0.00182929 0
0 7027 phononL 0.004 -1.34941 0.124256 0.0231868 0
0 7028 phononL 0.004 1.63967 -0.502645 -0.0075167 0
0 7029 phononL 0.004 -0.610425 -0.81855 0.0320704 0
0 7030 phononL 0.004 -1.02031 -0.151804 -0.0227333 0
0 7031 phononL 0.004 -1.42329 0.60372 -0.0172981 0
0 7032 phononL 0.004 0.894588 -0.201327 -0.031278 0
0 7033 phononL 0.004 -0.743721 -1.59442 -0.024499 0
0 7034 phononL 0.004 -1.66239 0.0709558 -0.00796009 0
0 7035 phononL 0.004 -0.648963 -0.203573 -0.029203 0
0 7036 phononL 0.004 1.22125 0.11618 -0.0315327 0
0 7037 phononL 0.004 -0.594382 0.896596 0.0335757 0
0 7038 phononL 0.004 -0.44326 0.131862 0.0128275 0
0 7039 phononL 0.004 -0.296784 -0.268941 0.00308487 0
0 7040 phononL 0.004 -1.00647 -1.4286 0.0318133 0
0 7041 phononL 0.004 -0.28536 -0.873529 0.0241684 0
0 7042 phononL 0.004 1.48891 0.86744 0.0385563 0
0 7043 phononL 0.004 0.141608 0.736313 -0.0245243 0
0 7044 phononL 0.004 1.63116 -1.49607 -0.0174054 0
0 7045 phononL 0.004 0.923956 0.0146689 0.0111801 0
0 7046 phononL 0.004 -0.824649 -0.16959 -0.0120778 0
0 7047 phononL 0.004 0.297572 1.02216 0.0327629 0
0 7048 phononL 0.004 -1.35886 -0.0497238 0.00720264 0
0 7049 phononL 0.004 0.832189 1.56854 -0.0306388 0
0 7050 phononL 0.004 0.676116 1.25458 0.0304176 0
0 7051 phononL 0.004 1.54375 -1.63647 0.0348908 0
0 7052 phononL 0.004 1.07581 -0.463881 -0.0122016 0
0 7053 phononL 0.004 -0.0706245 1.11714 0.00375009 0
0 7054 phononL 0.004 -1.10741 -0.192384 0.0358139 0
0 7055 phononL 0.004 -1.50214 -0.432377 0.00286022 0
0 7056 phononL 0.004 -1.54396 -0.87455 0.0344938 0
0 7057 phononL 0.004 -0.0845882 -1.39961 0.015772 0
0 7058 phononL 0.004 -0.421389 0.0799722 0.0262222 0
0 7059 phononL 0.004 0.110013 0.590554 -0.0385736 0
0 7060 phononL 0.004 -1.09965 -0.728888 -0.0365789 0
0 7061 phononL 0.004 0.96851 -1.4918 0.000150651 0
0 7062 phononL 0.004 0.161363 1.43695 -0.00825375 0
0 7063 phononL 0.004 -0.693303 1.26974 0.0133063 0
0 7064 phononL 0.004 -0.725972 0.499521 0.00077584 0
0 7065 phononL 0.004 -1.61466 0.480167 0.0316364 0
0 7066 phononL 0.004 -0.335803 1.26991 0.0255707 0
0 7067 phononL 0.004 0.676233 0.372025 -0.0112734 0
0 7068 phononL 0.004 1.29997 0.966069 0.0316505 0
0 7069 phononL 0.004 -0.65331 -0.353501 -0.0296297 0
0 7070 phononL 0.004 1.41272 -0.146451 0.0272727 0
0 7071 phononL 0.004 -1.21081 -1.53193 -0.0131871 0
0 7072 phononL 0.004 -0.259529 -0.510114 0.0311195 0
0 7073 phononL 0.004 -0.0397057 1.43614 0.0351436 0
0 7074 phononL 0.004 -0.805526 1.4054 0.0253058 0
0 7075 phononL 0.004 -0.271644 -0.288723 -0.0180396 0
0 7076 phononL 0.004 -0.827017 -0.0106689 0.0281563 0
0 7077 phononL 0.004 0.640871 -0.677817 -0.0153894 0
0 7078 phononL 0.004 -1.52945 1.24993 -0.0136294 0
0 7079 phononL 0.004 -1.43199 -1.46626 -0.00116648 0
0 7080 phononL 0.004 -0.694086 -0.944075 -0.0162976 0
0 7081 phononL 0.004 1.10752 -1.45475 0.00847328 0
0 7082 phononL 0.004 -0.383985 0.318853 -0.00596133 0
0 7083 phononL 0.004 -0.931023 -1.13786 0.0346351 0
0 7084 phononL 0.004 0.893262 0.468475 0.0113742 0
0 7085 phononL 0.004 -1.00284 0.961613 0.0239155 0
0 7086 phononL 0.004 0.0762564 -0.00228413 0.034685 0
0 7087 phononL 0.004 1.62036 0.952478 0.0238195 0
0 7088 phononL 0.004 0.988708 0.914272 -0.0231646 0
0 7089 phononL 0.004 -1.54268 -0.204108 -0.0301552 0
0 7090 phononL 0.004 -0.659033 -0.542578 -0.037774 0
0 7091 phononL 0.004 -0.460659 0.957911 -0.00617483 0
0 7092 phononL 0.004 -1.59992 -1.45741 -0.0207963 0
0 7093 phononL 0.004 -0.730469 0.658709 -0.0390307 0
0 7094 phononL 0.004 -1.26995 -0.757584 -0.0140673 0
0 7095 phononL 0.004 -1.37412 -1.58476 -0.00670994 0
0 7096 phononL 0.004 0.695902 0.261894 -0.0129213 0
0 7097 phononL 0.004 1.50639 -1.64413 0.00387143 0
0 7098 phononL 0.004 0.601409 0.0951523 0.00618647 0
0 7099 phononL 0.004 1.58193 -1.16347 0.00897069 0
0 7100 phononL 0.004 0.395649 -0.384932 -0.032791 0
0 7101 phononL 0.004 1.0937 -1.58479 -0.0302234 0
0 7102 phononL 0.004 1.57937 -0.295421 9.13357e-05 0
0 7103 phononL 0.004 1.50042 -1.48614 -0.0129772 0
0 7104 phononL 0.004 0.898414 0.0461055 -0.0137286 0
0 7105 phononL 0.004 -0.185762 0.565654 -0.0178942 0
0 7106 phononL 0.004 -1.46138 -0.151712 0.0343979 0
0 7107 phononL 0.004 -1.2691 0.454606 -0.0280799 0
0 7108 phononL 0.004 1.27563 -1.08964 0.0306559 0
0 7109 phononL 0.004 -1.00676 -1.14414 0.0293327 0
0 7110 phononL 0.004 0.0960983 -0.235528 0.0047091 0
0 7111 phononL 0.004 -1.06074 1.22432 -0.0206433 0
0 7112 phononL 0.004 -0.422384 1.56936 0.00388511 0
0 7113 phononL 0.004 -0.770216 -0.367303 0.00632515 0
0 7114 phononL 0.004 0.221372 0.984167 0.0365563 0
0 7115 phononL 0.004 -0.988828 -0.283555 -0.022813 0
0 7116 phononL 0.004 1.50896 0.0510881 0.0343029 0
0 7117 phononL 0.004 0.708894 -0.00324984 -0.0341569 0
0 7118 phononL 0.004 0.380453 -0.462031 0.00448214 0
0 7119 phononL 0.004 0.0699205 -1.26229 0.0228707 0
0 7120 phononL 0.004 0.854168 -1.34141 -0.00915024 0
0 7121 phononL 0.004 0.41349 -1.59862 -0.0322666 0
0 7122 phononL 0.004 -0.762086 -0.153515 0.0289786 0
0 7123 phononL 0.004 -0.55811 -0.0270906 0.0276022 0
0 7124 phononL 0.004 -0.690628 -0.299799 -0.00529501 0
0 7125 phononL 0.004 1.41784 -0.332447 0.011727 0
0 7126 phononL 0.004 -0.255033 1.17292 -0.0231663 0
0 7127 phononL 0.004 1.36926 -1.57327 -0.00857844 0
0 7128 phononL 0.004 -0.144046 0.315679 -0.0345974 0
0 7129 phononL 0.004 -1.37373 1.04198 -0.0123874 0
0 7130 phononL 0.004 -1.08536 0.501614 -0.0310162 0
0 7131 phononL 0.004 1.05528 1.23932 -0.0335675 0
0 7132 phononL 0.004 1.23961 -1.27374 0.025819 0
0 7133 phononL 0.004 -1.14742 0.74675 0.0178614 0
0 7134 phononL 0.004 1.20308 -0.287511 -0.0168805 0
0 7135 phononL 0.004 -1.56213 1.43394 -0.0105734 0
0 7136 phononL 0.004 -1.0878 0.708311 0.0247894 0
0 7137 phononL 0.004 1.37459 1.38677 0.0321309 0
0 7138 phononL 0.004 -0.139827 -1.37188 0.0151913 0
0 7139 phononL 0.004 1.65253 0.212613 0.0271516 0
0 7140 phononL 0.004 -0.556376 1.55198 -0.0317603 0
0 7141 phononL 0.004 1.16905 -0.933365 0.00946572 0
0 7142 phononL 0.004 0.587227 -0.434565 -0.0398118 0
0 7143 phononL 0.004 -0.0198732 -0.356647 -0.0104028 0
0 7144 phononL 0.004 -1.37897 0.572371 -0.0271263 0
0 7145 phononL 0.004 0.591405 1.24829 0.0369618 0
0 7146 phononL 0.004 -0.563517 0.218428 -0.0222678 0
0 7147 phononL 0.004 -1.44354 -0.683466 0.036971 0
0 7148 phononL 0.004 -0.705116 0.991357 0.0180595 0
0 7149 phononL 0.004 0.125742 0.0990492 -0.0370875 0
0 7150 phononL 0.004 1.08564 0.189837 0.026676 0
0 7151 phononL 0.004 -0.00957621 0.117845 0.0356265 0
0 7152 phononL 0.004 0.882763 0.969846 0.0352453 0
0 7153 phononL 0.004 -0.247369 1.28996 -0.0142146 0
0 7154 phononL 0.004 0.407971 -0.176663 0.00693662 0
0 7155 phononL 0.004 -0.615111 -1.07689 0.0299077 0
0 7156 phononL 0.004 -1.05278 1.63161 -0.0297134 0
0 7157 phononL 0.004 -1.17352 -1.50205 0.0130487 0
0 7158 phononL 0.004 1.20302 -1.42522 0.00189119 0
0 7159 phononL 0.004 0.708246 -1.56609 -0.0289005 0
0 7160 phononL 0.004 1.64908 0.66599 0.022484 0
0 7161 phononL 0.004 1.28968 1.17413 0.00256833 0
0 7162 phononL 0.004 -0.00678734 -1.61057 0.00570042 0
0 7163 phononL 0.004 0.799936 0.391271 -0.0361641 0
0 7164 phononL 0.004 -1.51584 -0.289402 -0.00218612 0
0 7165 phononL 0.004 0.692244 0.701235 -0.0322656 0
0 7166 phononL 0.004 0.219149 1.04712 0.0270208 0
0 7167 phononL 0.004 0.24225 -1.40819 0.00623383 0
0 7168 phononL 0.004 0.78041 1.31677 0.0105189 0
0 7169 phononL 0.004 -1.12189 -0.381172 0.0266352 0
0 7170 phononL 0.004 0.960966 -1.04323 -0.0216219 0
0 7171 phononL 0.004 0.155574 0.0862344 0.0206093 0
0 7172 phononL 0.004 0.477976 -0.154885 -0.0146737 0
0 7173 phononL 0.004 1.60891 -0.117877 0.0118439 0
0 7174 phononL 0.004 0.644676 0.203823 -0.00451849 0
0 7175 phononL 0.004 -0.797967 -1.12209 0.0183661 0
0 7176 phononL 0.004 1.28819 -1.45691 -0.00211851 0
0 7177 phononL 0.004 1.10105 -1.6665 0.0206398 0
0 7178 phononL 0.004 0.00375469 -1.25584 -0.0190019 0
0 7179 phononL 0.004 -0.546863 1.37291 0.0312499 0
0 7180 phononL 0.004 0.966623 0.293763 0.0234301 0
0 7181 phononL 0.004 -0.598933 -0.391234 -0.0216738 0
0 7182 phononL 0.004 1.65247 -0.142934 -0.0227201 0
0 7183 phononL 0.004 0.567047 1.0695 0.00393484 0
0 7184 phononL 0.004 0.226658 -1.37912 -0.0258879 0
0 7185 phononL 0.004 1.20563 0.491043 0.0268581 0
0 7186 phononL 0.004 0.718184 0.873384 -0.0399938 0
0 7187 phononL 0.004 1.61665 -0.669005 -0.0293687 0
0 7188 phononL 0.004 -1.63806 1.15774 0.0367359 0
0 7189 phononL 0.004 -1.4756 0.974727 -0.0110045 0
0 7190 phononL 0.004 -0.503155 0.172206 -0.012412 0
0 7191 phononL 0.004 -1.53567 -1.45021 -0.0288572 0
0 7192 phononL 0.004 1.09028 -1.11339 -0.0233683 0
0 7193 phononL 0.004 -0.529506 -1.05521 -0.0257221 0
0 7194 phononL 0.004 -0.663978 0.402303 0.00536616 0
0 7195 phononL 0.004 0.903582 0.447839 -0.00397564 0
0 7196 phononL 0.004 -1.1894 0.0295321 0.0393805 0
0 7197 phononL 0.004 -0.694945 0.412082 0.0218732 0
0 7198 phononL 0.004 0.711486 1.5012 0.031281 0
0 7199 phononL 0.004 -0.272554 0.688465 0.0372672 0
0 7200 phononL 0.004 -0.959954 -0.568344 -0.0265418 0
0 7201 phononL 0.004 -1.5517 0.05389 0.00556532 0
0 7202 phononL 0.004 -1.03964 1.16361 0.0357966 0
0 7203 phononL 0.004 -1.03584 0.570233 0.0368119 0
0 7204 phononL 0.004 0.149751 0.59862 0.0340317 0
0 7205 phononL 0.004 -0.322837 -0.487095 0.00107457 0
0 7206 phononL 0.004 0.825579 0.404561 -0.00245022 0
0 7207 phononL 0.004 -0.0922597 -0.946579 -0.0335524 0
0 7208 phononL 0.004 0.545586 -0.635044 0.0118663 0
0 7209 phononL 0.004 -0.381306 1.01987 -0.0283129 0
0 7210 phononL 0.004 -0.152169 -1.20401 -0.00205471 0
0 7211 phononL 0.004 -0.446495 -1.04177 0.00601726 0
0 7212 phononL 0.004 0.197535 0.841226 -0.0221494 0
0 7213 phononL 0.004 0.987766 1.65223 -0.0093211 0
0 7214 phononL 0.004 1.0062 -1.04067 -0.0112385 0
0 7215 phononL 0.004 0.562839 -1.16958 -0.00650846 0
0 7216 phononL 0.004 -1.21662 1.42635 0.0207351 0
0 7217 phononL 0.004 1.01932 0.630996 0.0375047 0
0 7218 phononL 0.004 -0.718353 0.0835241 0.0372086 0
0 7219 phononL 0.004 1.63652 -1.2015 -0.0166755 0
0 7220 phononL 0.004 1.49388 -1.27124 0.0176505 0
0 7221 phononL 0.004 0.0247928 1.18657 -0.0338958 0
0 7222 phononL 0.004 1.55825 -1.6301 0.0100692 0
0 7223 phononL 0.004 0.467619 -1.57289 -0.00690395 0
0 7224 phononL 0.004 -1.06921 -0.808812 -0.0100254 0
0 7225 phononL 0.004 0.29263 1.21152 0.0256097 0
0 7226 phononL 0.004 -0.389954 1.41639 -0.0380669 0
0 7227 phononL 0.004 -1.63622 1.42734 -0.0359612 0
0 7228 phononL 0.004 1.16873 -1.10562 -0.0353527 0
0 7229 phononL 0.004 1.10678 -1.1088 0.00317717 0
0 7230 phononL 0.004 0.98002 1.2231 -0.0240059 0
0 7231 phononL 0.004 1.43415 -0.23316 0.0342062 0
0 7232 phononL 0.004 -0.600421 0.861104 -0.037386 0
0 7233 phononL 0.004 1.15067 -0.00374857 0.0394918 0
0 7234 phononL 0.004 0.267539 0.101275 0.0149615 0
0 7235 phononL 0.004 0.364725 -0.722571 0.00677617 0
0 7236 phononL 0.004 -1.14184 0.968242 0.0131303 0
0 7237 phononL 0.004 0.210494 -0.258946 -0.00365064 0
0 7238 phononL 0.004 -0.851913 -0.888101 0.0176175 0
0 7239 phononL 0.004 -0.360809 -1.51938 0.0195944 0
0 7240 phononL 0.004 -0.353234 -1.33868 0.0196654 0
0 7241 phononL 0.004 0.01236 -0.922778 0.019914 0
0 7242 phononL 0.004 -0.752479 0.474814 -0.016787 0
0 7243 phononL 0.004 0.230061 -0.837557 0.0186047 0
0 7244 phononL 0.004 -0.633587 -0.257701 0.022366 0
0 7245 phononL 0.004 -1.04065 0.592574 0.0373069 0
0 7246 phononL 0.004 0.951481 0.267805 -0.0389116 0
0 7247 phononL 0.004 0.543986 1.29744 -0.0128842 0
0 7248 phononL 0.004 0.484933 -0.587506 -0.0069322 0
0 7249 phononL 0.004 -0.753483 1.29178 0.0200114 0
0 7250 phononL 0.004 -0.0224071 -0.885711 -0.0236225 0
0 7251 phononL 0.004 -0.222044 -0.0772267 -0.0353818 0
0 7252 phononL 0.004 -1.61545 1.52856 -0.00806151 0
0 7253 phononL 0.004 -0.752225 1.20534 0.0399594 0
0 7254 phononL 0.004 -0.172464 0.310452 0.0288632 0
0 7255 phononL 0.004 1.60798 -1.07321 -0.0107921 0
0 7256 phononL 0.004 -0.0198127 -1.14117 -0.0162459 0
0 7257 phononL 0.004 0.215857 -0.61182 0.00372333 0
0 7258 phononL 0.004 1.24778 -1.26668 -0.0024704 0
0 7259 phononL 0.004 -0.845666 -0.327533 0.0256861 0
0 7260 phononL 0.004 0.555241 -0.301544 -0.0369695 0
0 7261 phononL 0.004 0.152801 0.676716 0.00729594 0
0 7262 phononL 0.004 1.22746 1.65015 0.0370382 0
0 7263 phononL 0.004 -0.603845 -0.0606187 0.03086 0
0 7264 phononL 0.004 -0.620805 -1.5268 0.0174536 0
0 7265 phononL 0.004 -0.899464 0.328085 -0.0270806 0
0 7266 phononL 0.004 -1.59921 -0.268344 0.0141864 0
0 7267 phononL 0.004 -1.10809 -0.776556 -0.0335114 0
0 7268 phononL 0.004 -0.804381 -1.07768 0.00745801 0
0 7269 phononL 0.004 -0.591527 -1.60038 0.00518025 0
0 7270 phononL 0.004 -0.78647 -1.26687 -0.00179687 0
0 7271 phononL 0.004 0.94407 0.486336 0.0287729 0
0 7272 phononL 0.004 1.01949 0.0819637 0.00885029 0
0 7273 phononL 0.004 0.470099 -1.51426 0.0395151 0
0 7274 phononL 0.004 1.41183 1.52335 0.0380886 0
0 7275 phononL 0.004 -1.25326 -0.694757 0.03981 0
0 7276 phononL 0.004 -1.50891 0.533648 0.0190105 0
0 7277 phononL 0.004 1.65802 -0.432243 0.0211582 0
0 7278 phononL 0.004 -0.883622 -1.41688 -0.0251344 0
0 7279 phononL 0.004 0.572372 0.986835 0.00359582 0
0 7280 phononL 0.004 0.367212 -1.14942 0.0170973 0
0 7281 phononL 0.004 -1.03178 1.10921 -0.0265141 0
0 7282 phononL 0.004 1.53867 1.36369 -0.0107262 0
0 7283 phononL 0.004 -0.807105 1.61327 0.0207756 0
0 7284 phononL 0.004 -0.742468 -0.00079552 0.00974764 0
0 7285 phononL 0.004 0.509057 1.17282 -0.00399536 0
0 7286 phononL 0.004 1.33988 -0.459036 -0.00666968 0
0 7287 phononL 0.004 0.0265735 -0.0502191 4.70777e-05 0
0 7288 phononL 0.004 -1.5749 -1.0991 0.037694 0
0 7289 phononL 0.004 -1.37378 1.65023 0.00750454 0
0 7290 phononL 0.004 1.00941 -0.571621 -0.00203177 0
0 7291 phononL 0.004 -1.34515 -0.668091 0.0172462 0
0 7292 phononL 0.004 -0.802636 -0.908949 0.0175401 0
0 7293 phononL 0.004 0.754495 -1.54729 -0.00153628 0
0 7294 phononL 0.004 -1.63838 0.448514 -0.0308324 0
0 7295 phononL 0.004 -1.17738 -0.902459 0.0260583 0
0 7296 phononL 0.004 -0.508413 -0.209457 0.0225256 0
0 7297 phononL 0.004 0.327233 -0.439789 0.0282431 0
0 7298 phononL 0.004 -1.54065 -1.55822 0.0346881 0
0 7299 phononL 0.004 -1.02625 -0.607539 -0.0330185 0
0 7300 phononL 0.004 0.80435 0.0377836 0.0272748 0
0 7301 phononL 0.004 -0.738291 -1.02721 0.00716838 0
0 7302 phononL 0.004 0.87749 -0.924329 -0.0087827 0
0 7303 phononL 0.004 -0.959706 -0.602504 -0.00620516 0
0 7304 phononL 0.004 -0.414506 -0.377355 -0.0106798 0
0 7305 phononL 0.004 1.14795 0.330309 0.0372927 0
0 7306 phononL 0.004 1.19961 0.957188 -0.0185425 0
0 7307 phononL 0.004 1.62645 0.144766 0.00354112 0
0 7308 phononL 0.004 0.338708 -0.21608 0.0268898 0
0 7309 phononL 0.004 0.720888 1.30857 -0.00454034 0
0 7310 phononL 0.004 0.523876 0.710273 0.0345983 0
0 7311 phononL 0.004 -0.912367 -0.184944 0.00924082 0
0 7312 phononL 0.004 -0.524658 -1.65472 0.0208403 0
0 7313 phononL 0.004 -0.751212 -0.149453 -0.0318517 0
0 7314 phononL 0.004 -0.044425 -1.31974 -0.022206 0
0 7315 phononL 0.004 0.162476 0.559804 0.0364189 0
0 7316 phononL 0.004 0.358009 -0.662205 0.0151428 0
0 7317 phononL 0.004 0.327159 1.21877 -0.0388471 0
0 7318 phononL 0.004 -0.523428 -0.403973 0.00542405 0
0 7319 phononL 0.004 -0.945958 -0.0430017 -0.0242004 0
0 7320 phononL 0.004 -1.09328 1.43254 0.0366397 0
0 7321 phononL 0.004 -1.64071 -1.09453 0.0337204 0
0 7322 phononL 0.004 1.13098 -0.329432 -0.0263668 0
0 7323 phononL 0.004 -0.171948 -0.543638 0.0166568 0
0 7324 phononL 0.004 0.535694 -0.513135 0.0337261 0
0 7325 phononL 0.004 -0.593957 0.396468 0.024798 0
0 7326 phononL 0.004 1.1293 -0.779306 -0.0382699 0
0 7327 phononL 0.004 -0.844708 -0.245996 0.019989 0
0 7328 phononL 0.004 0.743218 -0.932127 0.00758569 0
0 7329 phononL 0.004 -1.51644 -0.230652 -0.00701265 0
0 7330 phononL 0.004 -0.712249 1.5823 -0.000956066 0
0 7331 phononL 0.004 -1.173 -0.547554 0.0195036 0
0 7332 phononL 0.004 1.29266 -1.22123 0.0155166 0
0 7333 phononL 0.004 -1.2944 -0.789811 0.0383462 0
0 7334 phononL 0.004 -1.56589 -0.515516 0.0222488 0
0 7335 phononL 0.004 -0.348435 0.00791591 0.0228642 0
0 7336 phononL 0.004 -1.19142 0.898577 0.0307264 0
0 7337 phononL 0.004 -1.14754 -0.933305 0.0241381 0
0 7338 phononL 0.004 0.529686 -0.636949 0.0104031 0
0 7339 phononL 0.004 -0.372622 0.0639939 -0.032351 0
0 7340 phononL 0.004 -0.216257 0.228647 -0.0115249 0
0 7341 phononL 0.004 5.7878e-05 -1.55413 0.0215968 0
0 7342 phononL 0.004 -0.562326 -1.19444 0.0180237 0
0 7343 phononL 0.004 0.627854 -0.276627 -0.0137541 0
0 7344 phononL 0.004 0.286798 -0.412395 -0.0362922 0
0 7345 phononL 0.004 -1.51032 0.891408 0.0257764 0
0 7346 phononL 0.004 -0.966941 -0.839155 0.014328 0
0 7347 phononL 0.004 1.31755 -1.57423 -0.00923618 0
0 7348 phononL 0.004 -0.711163 1.31509 -0.00103841 0
0 7349 phononL 0.004 -0.281985 -1.00658 -0.00782576 0
0 7350 phononL 0.004 0.0960868 -0.409068 0.0221444 0
0 7351 phononL 0.004 1.23003 -0.321789 0.0147258 0
0 7352 phononL 0.004 -1.09428 1.56756 0.0133157 0
0 7353 phononL 0.004 1.11986 -0.602196 -0.0290592 0
0 7354 phononL 0.004 -1.13168 -0.599807 -0.00551224 0
0 7355 phononL 0.004 0.996441 0.905766 0.0314689 0
0 7356 phononL 0.004 0.727647 -0.175018 0.00168761 0
0 7357 phononL 0.004 -0.24341 -1.21844 0.0118393 0
0 7358 phononL 0.004 0.394991 -0.776913 0.0328436 0
0 7359 phononL 0.004 -0.0676142 -0.85963 0.0189404 0
0 7360 phononL 0.004 1.59598 -1.601 0.00395217 0
0 7361 phononL 0.004 -1.35773 0.400126 0.0180419 0
0 7362 phononL 0.004 1.39762 0.684899 -0.0221819 0
0 7363 phononL 0.004 1.29328 -1.26098 -0.0343273 0
0 7364 phononL 0.004 -0.825025 0.842337 -0.0395244 0
0 7365 phononL 0.004 -1.03216 -0.418054 0.0111472 0
0 7366 phononL 0.004 0.918086 -0.589277 -0.0245984 0
0 7367 phononL 0.004 0.324137 1.37395 -0.0103476 0
0 7368 phononL 0.004 -0.817149 -0.103564 0.033426 0
0 7369 phononL 0.004 -1.39981 -1.49732 -0.028729 0
0 7370 phononL 0.004 -0.925592 1.06375 -0.0136263 0
0 7371 phononL 0.004 -0.490095 1.47728 0.0134173 0
0 7372 phononL 0.004 0.285251 -1.11841 0.0302851 0
0 7373 phononL 0.004 -0.337141 -1.20697 0.0124342 0
0 7374 phononL 0.004 1.00041 1.24748 -0.0387935 0
0 7375 phononL 0.004 -0.250696 -0.667727 -0.0376338 0
0 7376 phononL 0.004 -1.37592 1.11516 0.00575825 0
0 7377 phononL 0.004 1.24077 0.22727 0.00322511 0
0 7378 phononL 0.004 -0.948318 1.31145 0.00363639 0
0 7379 phononL 0.004 0.340771 0.698597 0.0151239 0
0 7380 phononL 0.004 0.942847 0.78212 -0.0223107 0
0 7381 phononL 0.004 1.11602 -0.386207 0.0289351 0
0 7382 phononL 0.004 1.52343 -0.802564 0.00582251 0
0 7383 phononL 0.004 -0.308467 -1.12801 0.0310256 0
0 7384 phononL 0.004 0.0312462 -0.184075 0.0374499 0
0 7385 phononL 0.004 -0.950269 0.735081 0.0025405 0
0 7386 phononL 0.004 1.2082 1.17732 -0.0258431 0
0 7387 phononL 0.004 -0.450496 -0.0879555 0.0181642 0
0 7388 phononL 0.004 0.0639193 -0.953985 0.0106371 0
0 7389 phononL 0.004 -0.370993 -0.859866 -0.0369506 0
0 7390 phononL 0.004 0.725376 0.385482 -0.0267041 0
0 7391 phononL 0.004 -0.0805634 1.52102 -0.0365219 0
0 7392 phononL 0.004 -1.02506 0.662545 0.0122595 0
0 7393 phononL 0.004 -0.634246 0.834314 0.0131023 0
0 7394 phononL 0.004 1.47835 0.748097 -0.0200619 0
0 7395 phononL 0.004 -1.14828 0.257099 0.039537 0
0 7396 phononL 0.004 -0.127939 -0.231624 0.0099799 0
0 7397 phononL 0.004 -0.151989 -0.852935 0.00545056 0
0 7398 phononL 0.004 -1.45878 -0.906253 0.016444 0
0 7399 phononL 0.004 1.24806 -1.27759 -0.037529 0
0 7400 phononL 0.004 1.06573 1.03065 0.03829 0
0 7401 phononL 0.004 0.789272 1.25748 0.0270213 0
0 7402 phononL 0.004 0.426847 0.2959 -0.00899397 0
0 7403 phononL 0.004 0.693342 1.5689 0.00140349 0
0 7404 phononL 0.004 -0.456001 0.348654 0.0245885 0
0 7405 phononL 0.004 1.10482 -0.180625 -0.037626 0
0 7406 phononL 0.004 -1.51336 -1.49202 -0.0320205 0
0 7407 phononL 0.004 1.19032 -1.51782 0.0125752 0
0 7408 phononL 0.004 0.717843 0.768196 -0.0348657 0
0 7409 phononL 0.004 -1.63524 1.5831 0.0146232 0
0 7410 phononL 0.004 0.706344 -1.40992 -0.0283279 0
0 7411 phononL 0.004 -1.18435 -0.205333 -0.0306404 0
0 7412 phononL 0.004 0.96313 1.62701 -0.021543 0
0 7413 phononL 0.004 -1.30886 0.622735 0.00189044 0
0 7414 phononL 0.004 -0.137503 0.734515 -0.0269441 0
0 7415 phononL 0.004 -0.391889 0.905298 -0.008131 0
0 7416 phononL 0.004 -1.58955 1.39247 0.027828 0
0 7417 phononL 0.004 1.16746 -0.140423 -0.00414041 0
0 7418 phononL 0.004 -0.956767 0.334501 -0.0304083 0
0 7419 phononL 0.004 -1.16993 0.799248 -0.00801545 0
0 7420 phononL 0.004 1.23836 -0.387496 0.0163503 0
0 7421 phononL 0.004 1.43551 1.49919 -0.0251683 0
0 7422 phononL 0.004 -1.25825 1.06007 -0.00556349 0
0 7423 phononL 0.004 0.00740449 1.32673 0.0113488 0
0 7424 phononL 0.004 1.04317 1.36059 0.0241667 0
0 7425 phononL 0.004 -0.0149611 0.841191 0.0265482 0
0 7426 phononL 0.004 -0.83704 0.839611 -0.0359811 0
0 7427 phononL 0.004 1.63117 0.5319 -0.0368077 0
0 7428 phononL 0.004 -0.182824 -1.04109 0.0156336 0
0 7429 phononL 0.004 1.51982 1.58797 0.0142349 0
0 7430 phononL 0.004 -0.524801 -0.629737 -0.0208328 0
0 7431 phononL 0.004 1.09274 0.314968 0.0150304 0
0 7432 phononL 0.004 -0.0865308 -0.192017 0.0148423 0
0 7433 phononL 0.004 1.58215 -0.0035187 -0.0282894 0
0 7434 phononL 0.004 -1.51301 -1.16068 -0.0303636 0
0 7435 phononL 0.004 0.754267 0.641793 -0.0115028 0
0 7436 phononL 0.004 1.1375 -0.52946 -0.031999 0
0 7437 phononL 0.004 0.401146 1.62119 0.036012 0
0 7438 phononL 0.004 -0.456185 0.901528 0.00728 0
0 7439 phononL 0.004 -0.874168 0.498153 -0.0373333 0
0 7440 phononL 0.004 0.0797718 1.50685 0.0358476 0
0 7441 phononL 0.004 -1.38383 1.5431 0.0104058 0
0 7442 phononL 0.004 0.928412 0.451344 0.0190906 0
0 7443 phononL 0.004 1.51007 0.78432 -0.038327 0
0 7444 phononL 0.004 -0.881625 0.12319 -0.00709118 0
0 7445 phononL 0.004 -0.905762 0.968337 0.0364779 0
0 7446 phononL 0.004 -0.339023 -1.59078 -0.0352484 0
0 7447 phononL 0.004 0.582022 0.870622 0.0311974 0
0 7448 phononL 0.004 1.26833 -0.735053 0.0253438 0
0 7449 phononL 0.004 -0.866429 -1.29105 0.00373527 0
0 7450 phononL 0.004 0.947361 -0.906537 -0.0216681 0
0 7451 phononL 0.004 -1.62511 -0.382633 -0.0267336 0
0 7452 phononL 0.004 0.709226 -1.1539 0.0340112 0
0 7453 phononL 0.004 1.36534 -1.08592 -0.0184119 0
0 7454 phononL 0.004 -0.784428 0.767354 -0.0344906 0
0 7455 phononL 0.004 -1.48874 1.03773 -0.0397883 0
0 7456 phononL 0.004 1.56033 1.15478 -0.0341138 0
0 7457 phononL 0.004 -1.65054 1.56508 0.0179439 0
0 7458 phononL 0.004 -0.629372 0.891392 0.0399327 0
0 7459 phononL 0.004 0.184355 0.793399 -0.0264933 0
0 7460 phononL 0.004 -0.904328 -0.0164684 -0.0367402 0
0 7461 phononL 0.004 0.00403382 -0.429194 -0.0218954 0
0 7462 phononL 0.004 0.0526411 -0.135543 0.00146357 0
0 7463 phononL 0.004 -0.289351 1.58894 0.0129393 0
0 7464 phononL 0.004 -0.869782 0.24446 -0.00259898 0
0 7465 phononL 0.004 0.781192 -1.41848 0.0123041 0
0 7466 phononL 0.004 0.206875 1.52948 -0.0136516 0
0 7467 phononL 0.004 -0.479287 -0.752549 -0.00730473 0
0 7468 phononL 0.004 -1.3373 1.08355 -0.00920505 0
0 7469 phononL 0.004 -0.644676 -0.579901 0.0123625 0
0 7470 phononL 0.004 1.49382 1.09124 0.0249555 0
0 7471 phononL 0.004 -1.59064 -0.150753 -0.0164571 0
0 7472 phononL 0.004 1.38347 0.529623 0.0329148 0
0 7473 phononL 0.004 0.777709 -0.683053 0.00714861 0
0 7474 phononL 0.004 1.33893 -1.47018 -0.0304416 0
0 7475 phononL 0.004 -0.324159 -1.36662 0.0263228 0
0 7476 phononL 0.004 0.458944 1.6148 0.0191315 0
0 7477 phononL 0.004 -1.39816 1.62548 0.0279101 0
0 7478 phononL 0.004 -0.923703 -0.567021 0.0124382 0
0 7479 phononL 0.004 1.16963 0.996344 -0.00398123 0
0 7480 phononL 0.004 -1.2111 -0.377487 -0.0210746 0
0 7481 phononL 0.004 0.947607 1.51381 -0.0119112 0
0 7482 phononL 0.004 0.523806 0.194266 0.0264955 0
0 7483 phononL 0.004 -0.126586 -0.558798 -0.0260538 0
0 7484 phononL 0.004 -1.6225 0.0841796 -0.0332689 0
0 7485 phononL 0.004 0.305754 0.467125 0.00787469 0
0 7486 phononL 0.004 -0.750873 1.5867 0.0249451 0
0 7487 phononL 0.004 0.240159 1.50947 0.0128539 0
0 7488 phononL 0.004 0.310481 -1.41672 -0.034399 0
0 7489 phononL 0.004 -0.0462698 1.00115 -0.0152205 0
0 7490 phononL 0.004 -0.249441 1.21742 0.0124203 0
0 7491 phononL 0.004 -1.12135 -1.62445 -0.00382211 0
0 7492 phononL 0.004 1.64182 -0.881363 -0.0383078 0
0 7493 phononL 0.004 -0.0418796 -1.0685 -0.0306643 0
0 7494 phononL 0.004 0.310066 0.904995 -0.0231483 0
0 7495 phononL 0.004 0.605305 -1.57465 0.0180699 0
0 7496 phononL 0.004 0.644265 0.827616 0.0255334 0
0 7497 phononL 0.004 1.28613 1.38489 0.0196582 0
0 7498 phononL 0.004 0.892006 -1.09934 -0.01713 0
0 7499 phononL 0.004 -0.940772 -0.392542 -0.0100825 0
0 7500 phononL 0.004 0.48984 0.244437 0.0236383 0
0 7501 phononL 0.004 1.37083 0.294875 -0.0307995 0
0 7502 phononL 0.004 -0.0245342 0.910548 0.0398198 0
0 7503 phononL 0.004 -0.0612235 1.05814 -0.000520006 0
0 7504 phononL 0.004 -0.115157 1.38252 0.0192307 0
0 7505 phononL 0.004 -1.19646 -0.34316 0.00316896 0
0 7506 phononL 0.004 -0.267614 -1.11643 -0.0259665 0
0 7507 phononL 0.004 0.864575 -0.600786 -0.0342073 0
0 7508 phononL 0.004 -0.322777 -0.295198 -0.00774505 0
0 7509 phononL 0.004 1.33199 1.60524 -0.0143283 0
0 7510 phononL 0.004 -1.64734 1.11829 -0.0170677 0
0 7511 phononL 0.004 -1.24752 0.337786 0.00163748 0
0 7512 phononL 0.004 -0.417803 -0.490365 -0.0265879 0
0 7513 phononL 0.004 -0.169909 0.682609 0.00338763 0
0 7514 phononL 0.004 0.855871 0.324576 0.0183882 0
0 7515 phononL 0.004 1.62667 1.28331 0.0251087 0
0 7516 phononL 0.004 0.455834 0.941705 -0.0225889 0
0 7517 phononL 0.004 -0.235387 -0.366527 -0.0152568 0
0 7518 phononL 0.004 0.388782 -0.836358 -0.0151849 0
0 7519 phononL 0.004 1.31034 1.1256 -0.000268822 0
0 7520 phononL 0.004 -0.448845 0.118831 0.0328288 0
0 7521 phononL 0.004 1.60789 0.446183 0.0362151 0
0 7522 phononL 0.004 0.533157 -0.202261 0.00421147 0
0 7523 phononL 0.004 -1.08325 -0.863622 0.00811966 0
0 7524 phononL 0.004 -0.430404 -1.46541 -0.0165385 0
0 7525 phononL 0.004 1.07891 0.288138 0.019713 0
0 7526 phononL 0.004 0.423802 1.46276 -0.0240132 0
0 7527 phononL 0.004 1.30707 -0.190477 0.0129735 0
0 7528 phononL 0.004 -1.19628 0.251044 0.010326 0
0 7529 phononL 0.004 -0.930793 -0.966007 -0.00414915 0
0 7530 phononL 0.004 0.895862 1.37873 0.00387777 0
0 7531 phononL 0.004 0.8727 0.466465 0.0270359 0
0 7532 phononL 0.004 -0.26776 -0.0648734 0.0252627 0
0 7533 phononL 0.004 -0.0656213 0.263224 -0.00315953 0
0 7534 phononL 0.004 -0.85288 1.20494 0.00211176 0
0 7535 phononL 0.004 -1.37219 -0.681494 -0.00821842 0
0 7536 phononL 0.004 -1.49339 -0.293716 0.000798908 0
0 7537 phononL 0.004 0.562302 -0.562059 -0.0100563 0
0 7538 phononL 0.004 -1.61531 1.19027 -0.0150177 0
0 7539 phononL 0.004 1.5056 0.225885 0.0302433 0
0 7540 phononL 0.004 1.3314 0.673673 0.0295206 0
0 7541 phononL 0.004 1.09988 1.57142 0.0320638 0
0 7542 phononL 0.004 -0.859433 -0.413431 -0.00663303 0
0 7543 phononL 0.004 1.40648 0.0250534 -0.0240446 0
0 7544 phononL 0.004 -0.220404 1.60203 0.0117844 0
0 7545 phononL 0.004 -0.30384 -1.37798 0.0345138 0
0 7546 phononL 0.004 0.111771 1.06932 -0.0103587 0
0 7547 phononL 0.004 1.39465 0.492424 0.0388526 0
0 7548 phononL 0.004 -1.21111 0.241451 0.00694574 0
0 7549 phononL 0.004 0.849942 -0.718083 0.0396033 0
0 7550 phononL 0.004 -0.3494 0.960182 0.0228 0
0 7551 phononL 0.004 0.08165 -1.07326 0.0183221 0
0 7552 phononL 0.004 -1.22602 -0.0323148 0.0154796 0
0 7553 phononL 0.004 1.13851 0.447264 -0.0329295 0
0 7554 phononL 0.004 0.569843 -0.173905 0.0357345 0
0 7555 phononL 0.004 -1.46458 -0.0340302 0.00413477 0
0 7556 phononL 0.004 0.733502 -0.19766 -0.00425747 0
0 7557 phononL 0.004 -0.930756 -1.14522 0.0253984 0
0 7558 phononL 0.004 -1.40892 0.551555 -0.0167803 0
0 7559 phononL 0.004 -1.26116 0.962714 -0.0118119 0
0 7560 phononL 0.004 -1.50401 0.37008 -0.0317597 0
0 7561 phononL 0.004 1.61672 0.112497 0.00936076 0
0 7562 phononL 0.004 1.30634 1.38461 0.0145378 0
0 7563 phononL 0.004 -0.668849 0.952671 -0.0384913 0
0 7564 phononL 0.004 -1.52992 0.875726 -0.0333036 0
0 7565 phononL 0.004 -1.30587 -1.59965 0.00331685 0
0 7566 phononL 0.004 -0.244439 -1.32057 0.0137371 0
0 7567 phononL 0.004 -0.32374 0.104996 -0.0131011 0
0 7568 phononL 0.004 -1.29438 -0.821415 -0.0222292 0
0 7569 phononL 0.004 -1.26948 1.5063 0.0240812 0
0 7570 phononL 0.004 1.14052 0.680881 -0.00667471 0
0 7571 phononL 0.004 1.53368 -1.64651 -0.0127419 0
0 7572 phononL 0.004 0.540554 1.34796 -0.0297909 0
0 7573 phononL 0.004 -1.02787 0.978853 0.000767483 0
0 7574 phononL 0.004 1.20504 -0.613626 0.0382798 0
0 7575 phononL 0.004 1.04995 1.10195 -0.0299554 0
0 7576 phononL 0.004 -0.839967 0.574678 0.0394917 0
0 7577 phononL 0.004 1.3675 -0.457931 0.00734822 0
0 7578 phononL 0.004 0.307037 -0.50941 0.00118145 0
0 7579 phononL 0.004 1.2241 -0.696159 0.0202293 0
0 7580 phononL 0.004 -1.08293 0.611012 -0.0374508 0
0 7581 phononL 0.004 -0.788979 0.0868467 -0.0389574 0
0 7582 phononL 0.004 -0.922485 1.40973 0.0286785 0
0 7583 phononL 0.004 0.249505 0.461373 -0.00747537 0
0 7584 phononL 0.004 -0.00357601 -0.211379 -0.0317176 0
0 7585 phononL 0.004 1.21626 0.489609 0.00697862 0
0 7586 phononL 0.004 1.06703 -0.967597 0.0213578 0
0 7587 phononL 0.004 0.809625 0.0785138 0.00327151 0
0 7588 phononL 0.004 -0.424218 -1.51908 -0.0107046 0
0 7589 phononL 0.004 0.437823 -1.40194 -0.0139788 0
0 7590 phononL 0.004 1.38706 -1.08592 0.0365225 0
0 7591 phononL 0.004 -1.6539 -0.495178 -0.0282652 0
0 7592 phononL 0.004 1.07221 -0.685686 -0.00942335 0
0 7593 phononL 0.004 -1.52853 0.552743 -0.00141263 0
0 7594 phononL 0.004 -1.40969 0.62046 -0.0144392 0
0 7595 phononL 0.004 1.28313 -0.85194 0.0159374 0
0 7596 phononL 0.004 -1.61828 1.36648 -0.00417175 0
0 7597 phononL 0.004 1.54572 0.770998 -0.0161314 0
0 7598 phononL 0.004 0.635553 -0.974885 -0.0186425 0
0 7599 phononL 0.004 -1.51661 -0.754438 0.0315883 0
0 7600 phononL 0.004 -0.422277 0.143848 0.0197594 0
0 7601 phononL 0.004 1.30319 0.285987 -0.0168478 0
0 7602 phononL 0.004 1.20508 0.101077 -0.0214058 0
0 7603 phononL 0.004 0.792365 0.504707 -0.0211258 0
0 7604 phononL 0.004 0.424005 -0.316806 -0.011553 0
0 7605 phononL 0.004 -1.02523 1.20387 0.0310397 0
0 7606 phononL 0.004 1.46477 0.318863 -0.0395004 0
0 7607 phononL 0.004 -1.15286 0.431057 0.00439796 0
0 7608 phononL 0.004 1.59562 0.873816 0.00545515 0
0 7609 phononL 0.004 -0.664676 -0.731182 -0.030983 0
0 7610 phononL 0.004 0.17038 -1.35742 -0.0262407 0
0 7611 phononL 0.004 -1.20965 0.153036 0.0319704 0
0 7612 phononL 0.004 -1.06492 1.09864 0.0240603 0
0 7613 phononL 0.004 -0.517576 0.995211 0.0221971 0
0 7614 phononL 0.004 -0.866397 0.397349 -0.00972064 0
0 7615 phononL 0.004 0.860257 1.41251 0.0157623 0
0 7616 phononL 0.004 -0.996256 -0.542686 0.0219007 0
0 7617 phononL 0.004 1.34024 0.888508 -0.00208459 0
0 7618 phononL 0.004 -1.09061 -1.17726 -0.0066368 0
0 7619 phononL 0.004 -1.32878 -0.139118 0.0106929 0
0 7620 phononL 0.004 -0.103917 0.907713 0.0194428 0
0 7621 phononL 0.004 -0.923346 0.77315 0.0160383 0
0 7622 phononL 0.004 0.619144 -1.63789 0.0399732 0
0 7623 phononL 0.004 0.60884 -0.965919 -0.0397338 0
0 7624 phononL 0.004 -0.689519 -1.04722 0.0123935 0
0 7625 phononL 0.004 0.820089 1.13405 0.00911902 0
0 7626 phononL 0.004 0.406333 0.689829 -0.0166878 0
0 7627 phononL 0.004 -0.13996 -0.833616 0.026036 0
0 7628 phononL 0.004 -1.24523 -1.19044 -0.00915581 0
0 7629 phononL 0.004 -1.02586 -0.0868568 0.0282547 0
0 7630 phononL 0.004 -0.43967 -1.57921 -0.0280663 0
0 7631 phononL 0.004 -0.667951 1.40433 -0.00733336 0
0 7632 phononL 0.004 -0.768224 0.195962 -0.0247061 0
0 7633 phononL 0.004 0.69492 0.502616 -0.00824692 0
0 7634 phononL 0.004 -1.34196 1.42201 -0.00487196 0
0 7635 phononL 0.004 -1.12469 1.28243 0.0156747 0
0 7636 phononL 0.004 1.13343 -1.30382 0.000202055 0
0 7637 phononL 0.004 0.954629 -0.988128 -0.0344234 0
0 7638 phononL 0.004 1.45341 -1.61769 0.00973316 0
0 7639 phononL 0.004 -0.169924 0.103721 0.0212748 0
0 7640 phononL 0.004 0.267574 -1.22156 0.0140117 0
0 7641 phononL 0.004 -0.397549 1.66159 -0.0235377 0
0 7642 phononL 0.004 -0.0858743 -0.401101 -0.0284082 0
0 7643 phononL 0.004 -0.977388 0.744284 0.0379186 0
0 7644 phononL 0.004 -1.5481 1.03347 0.00292809 0
0 7645 phononL 0.004 1.35527 0.0710354 0.00557463 0
0 7646 phononL 0.004 0.119678 1.5284 0.0293579 0
0 7647 phononL 0.004 0.232659 -1.38687 0.0210224 0
0 7648 phononL 0.004 -1.02782 0.207279 -0.00389158 0
0 7649 phononL 0.004 -0.20916 -0.74013 -0.0120884 0
0 7650 phononL 0.004 0.125075 0.404839 -0.0192444 0
0 7651 phononL 0.004 0.513257 -0.617822 -0.0395506 0
0 7652 phononL 0.004 -1.56808 1.40315 0.0296219 0
0 7653 phononL 0.004 1.27151 -0.92229 0.0178293 0
0 7654 phononL 0.004 0.683023 -0.561922 -0.00560245 0
0 7655 phononL 0.004 -0.328215 -0.264871 0.0156431 0
0 7656 phononL 0.004 -0.787043 -0.101257 -0.0283845 0
0 7657 phononL 0.004 -0.188184 -0.042706 0.0210938 0
0 7658 phononL 0.004 0.506385 0.702336 0.0033392 0
0 7659 phononL 0.004 1.15743 0.613002 0.0346654 0
0 7660 phononL 0.004 -0.164209 -0.905448 0.0206643 0
0 7661 phononL 0.004 -0.383156 0.264643 0.0175678 0
0 7662 phononL 0.004 -1.26239 0.811422 0.0112296 0
0 7663 phononL 0.004 -1.2206 -0.354296 0.0200739 0
0 7664 phononL 0.004 1.53562 0.619571 -0.0154536 0
0 7665 phononL 0.004 1.46509 -1.38445 0.0304639 0
0 7666 phononL 0.004 -0.442679 0.567086 -0.0227882 0
0 7667 phononL 0.004 1.10864 -0.626754 0.00220186 0
0 7668 phononL 0.004 0.410485 0.553256 -0.009339 0
0 7669 phononL 0.004 -0.505866 -0.717132 -0.0317305 0
0 7670 phononL 0.004 0.285787 0.652001 -0.0132659 0
0 7671 phononL 0.004 0.695445 0.568345 0.0191709 0
0 7672 phononL 0.004 1.49453 -0.396581 0.0302879 0
0 7673 phononL 0.004 -0.313411 1.04303 -0.00795275 0
0 7674 phononL 0.004 -0.722522 -1.4806 -0.0395567 0
0 7675 phononL 0.004 -1.08422 -1.44228 0.0241936 0
0 7676 phononL 0.004 -1.52333 -0.155007 -0.0240567 0
0 7677 phononL 0.004 -1.20056 -0.885695 -0.0181451 0
0 7678 phononL 0.004 -1.06885 0.390945 0.0170578 0
0 7679 phononL 0.004 -1.629 -0.281654 0.00461173 0
0 7680 phononL 0.004 0.0947953 -0.0640439 0.0223321 0
0 7681 phononL 0.004 -0.702673 -0.339296 -0.00519942 0
0 7682 phononL 0.004 0.157705 0.16397 -0.0321679 0
0 7683 phononL 0.004 -1.01231 1.51362 -0.0350645 0
0 7684 phononL 0.004 0.753108 0.300924 0.0223292 0
0 7685 phononL 0.004 -0.537426 0.575917 0.0254847 0
0 7686 phononL 0.004 0.518425 1.5165 -0.0294709 0
0 7687 phononL 0.004 -0.403627 0.285068 -0.00130458 0
0 7688 phononL 0.004 1.30389 1.32455 0.0260126 0
0 7689 phononL 0.004 1.48372 -1.44517 -0.0295006 0
0 7690 phononL 0.004 -0.903498 -0.304553 0.00815918 0
0 7691 phononL 0.004 0.378767 0.286322 -0.0263566 0
0 7692 phononL 0.004 0.0240792 -0.50232 0.0398365 0
0 7693 phononL 0.004 -1.36286 1.08755 -0.0136971 0
0 7694 phononL 0.004 -1.47975 0.396225 -0.0381193 0
0 7695 phononL 0.004 -0.766906 -0.506454 -0.0360177 0
0 7696 phononL 0.004 -1.46978 0.158958 -0.011659 0
0 7697 phononL 0.004 0.0882514 -0.910796 -0.023097 0
0 7698 phononL 0.004 1.53097 1.27725 0.0264092 0
0 7699 phononL 0.004 1.56422 1.49771 -0.0327725 0
0 7700 phononL 0.004 -1.65705 0.666622 0.0282254 0
0 7701 phononL 0.004 0.296139 -0.606105 0.0134807 0
0 7702 phononL 0.004 0.525016 0.654993 0.0226362 0
0 7703 phononL 0.004 -0.440862 -1.14909 0.0329607 0
0 7704 phononL 0.004 1.61555 -0.744836 0.0188822 0
0 7705 phononL 0.004 1.52636 -0.58426 0.0122222 0
0 7706 phononL 0.004 0.0286452 -1.22042 0.0375017 0
0 7707 phononL 0.004 0.648661 -0.545611 0.0166975 0
0 7708 phononL 0.004 -1.10962 0.809878 0.0184555 0
0 7709 phononL 0.004 0.861768 0.242048 -0.0201148 0
0 7710 phononL 0.004 0.877828 -1.5453 -0.00592778 0
0 7711 phononL 0.004 -0.482306 -1.03603 -0.000313144 0
0 7712 phononL 0.004 1.36174 0.745385 -0.0346573 0
0 7713 phononL 0.004 0.217619 1.49926 0.00540455 0
0 7714 phononL 0.004 -1.38825 0.294741 -0.0310104 0
0 7715 phononL 0.004 -0.595923 0.326366 0.0117219 0
0 7716 phononL 0.004 1.14411 0.285244 -0.0284913 0
0 7717 phononL 0.004 1.4059 0.0931547 0.00151747 0
0 7718 phononL 0.004 -1.60418 -0.00231612 0.0297085 0
0 7719 phononL 0.004 0.00364647 -1.54044 0.00954961 0
0 7720 phononL 0.004 1.39257 -1.43154 -0.032422 0
0 7721 phononL 0.004 -0.363401 0.96598 -0.0347315 0
0 7722 phononL 0.004 -1.19479 -1.2368 -0.0374389 0
0 7723 phononL 0.004 -1.35959 1.45507 -0.01373 0
0 7724 phononL 0.004 -1.51284 -0.949709 -0.0254625 0
0 7725 phononL 0.004 -1.63111 1.60115 -0.0374995 0
0 7726 phononL 0.004 -0.623855 -1.39268 0.033908 0
0 7727 phononL 0.004 -1.41965 0.749951 0.0221978 0
0 7728 phononL 0.004 -1.05657 1.42425 0.0033873 0
0 7729 phononL 0.004 -1.50882 0.64408 0.00690644 0
0 7730 phononL 0.004 -0.00328773 0.355263 -0.0377904 0
0 7731 phononL 0.004 0.561256 1.4034 0.0208042 0
0 7732 phononL 0.004 1.35313 0.896896 -0.0393731 0
0 7733 phononL 0.004 0.714901 -0.746249 -0.0114596 0
0 7734 phononL 0.004 1.40402 1.25992 0.000410671 0
0 7735 phononL 0.004 -0.625348 -1.08789 -0.0258782 0
0 7736 phononL 0.004 1.56453 0.889154 0.0254561 0
0 7737 phononL 0.004 -0.853064 0.353952 -0.025546 0
0 7738 phononL 0.004 -1.15176 0.990769 0.00398494 0
0 7739 phononL 0.004 -1.39067 1.6645 -0.0346194 0
0 7740 phononL 0.004 -1.14267 0.260544 0.011688 0
0 7741 phononL 0.004 1.25409 -1.63232 -0.0196628 0
0 7742 phononL 0.004 1.58775 0.308376 0.039107 0
0 7743 phononL 0.004 0.19018 1.53543 0.00789405 0
0 7744 phononL 0.004 -1.60156 0.548094 -0.0347774 0
0 7745 phononL 0.004 -1.51001 -1.14568 -0.0248713 0
0 7746 phononL 0.004 0.909574 0.29078 0.0127021 0
0 7747 phononL 0.004 -0.743181 0.466356 -0.00837125 0
0 7748 phononL 0.004 -0.987005 -1.11731 -0.0347436 0
0 7749 phononL 0.004 0.332351 0.145086 -0.0304411 0
0 7750 phononL 0.004 -1.47173 -1.14657 -0.032005 0
0 7751 phononL 0.004 0.522227 1.64265 0.0229815 0
0 7752 phononL 0.004 0.715191 1.26359 0.0141599 0
0 7753 phononL 0.004 1.53298 -0.266507 -0.0362705 0
0 7754 phononL 0.004 1.60928 0.0981623 0.0190537 0
0 7755 phononL 0.004 1.58138 -0.572069 -0.0209134 0
0 7756 phononL 0.004 1.51871 -1.29509 -0.0340866 0
0 7757 phononL 0.004 1.61677 0.157152 -0.027594 0
0 7758 phononL 0.004 0.205777 0.294177 0.0222421 0
0 7759 phononL 0.004 -0.371621 -0.297297 -0.00871799 0
0 7760 phononL 0.004 -0.649625 -0.903596 0.0241824 0
0 7761 phononL 0.004 0.39143 1.37363 -0.0155146 0
0 7762 phononL 0.004 0.884192 0.87873 0.0334038 0
0 7763 phononL 0.004 1.39492 1.0331 -0.0393594 0
0 7764 phononL 0.004 -1.0587 -0.360422 -0.00995831 0
0 7765 phononL 0.004 0.534548 -1.51566 -0.0109803 0
0 7766 phononL 0.004 1.45666 -1.12955 -0.0347077 0
0 7767 phononL 0.004 -0.0434613 1.27713 0.0297659 0
0 7768 phononL 0.004 -1.42948 0.826838 -0.016729 0
0 7769 phononL 0.004 -0.68514 0.670531 -0.032062 0
0 7770 phononL 0.004 0.907514 -1.05114 -0.0351828 0
0 7771 phononL 0.004 -1.18817 1.35271 -0.0305785 0
0 7772 phononL 0.004 0.23467 -0.291176 0.0312325 0
0 7773 phononL 0.004 -0.394774 0.560523 0.00671105 0
0 7774 phononL 0.004 -1.27254 0.63936 -0.0331231 0
0 7775 phononL 0.004 0.328415 0.00890749 0.0301203 0
0 7776 phononL 0.004 0.507266 1.28 0.00764532 0
0 7777 phononL 0.004 1.59542 1.00053 -0.0215291 0
0 7778 phononL 0.004 0.341652 0.603031 0.00520139 0
0 7779 phononL 0.004 -0.96704 0.091418 0.0146417 0
0 7780 phononL 0.004 0.944575 0.862811 -0.0375293 0
0 7781 phononL 0.004 -1.37745 0.0500708 0.0244558 0
0 7782 phononL 0.004 -1.4576 0.969444 0.0334633 0
0 7783 phononL 0.004 1.06739 -0.989187 0.030079 0
0 7784 phononL 0.004 1.44704 -1.44077 0.000215432 0
0 7785 phononL 0.004 -0.394419 1.42827 -0.0117057 0
0 7786 phononL 0.004 1.63987 1.49379 -0.0225379 0
0 7787 phononL 0.004 -1.63315 0.300248 -0.0322441 0
0 7788 phononL 0.004 -1.07218 -1.13824 0.0134086 0
0 7789 phononL 0.004 -0.671853 -0.930959 0.0206894 0
0 7790 phononL 0.004 0.219029 -1.66323 0.0125457 0
0 7791 phononL 0.004 -0.112094 -0.735215 0.00930752 0
0 7792 phononL 0.004 -0.0377642 -0.506923 0.00891992 0
0 7793 phononL 0.004 0.371428 1.21278 0.000650885 0
0 7794 phononL 0.004 -0.0689493 1.2519 0.0347748 0
0 7795 phononL 0.004 -0.919091 0.433099 0.0307569 0
0 7796 phononL 0.004 0.533374 -1.57354 -0.0129864 0
0 7797 phononL 0.004 0.524522 1.49038 0.0321259 0
0 7798 phononL 0.004 -1.37904 1.16468 0.0313012 0
0 7799 phononL 0.004 0.863867 -0.640564 0.0328989 0
0 7800 phononL 0.004 -0.252615 -0.466929 0.0141919 0
0 7801 phononL 0.004 -0.159292 1.19806 0.00528675 0
0 7802 phononL 0.004 1.0577 0.6997 0.030154 0
0 7803 phononL 0.004 -0.0123609 -0.158774 -0.0159353 0
0 7804 phononL 0.004 -1.52708 1.38425 0.0130799 0
0 7805 phononL 0.004 -0.0351471 -1.54235 0.00743031 0
0 7806 phononL 0.004 -0.227364 0.951135 0.018858 0
0 7807 phononL 0.004 -1.35927 -0.863741 -0.0270829 0
0 7808 phononL 0.004 1.23868 -0.776931 0.0397571 0
0 7809 phononL 0.004 1.50441 -1.45622 0.0175666 0
0 7810 phononL 0.004 0.497718 1.43515 -0.0212166 0
0 7811 phononL 0.004 -0.0184335 1.02856 0.00646463 0
0 7812 phononL 0.004 -0.130824 1.42393 0.0284871 0
0 7813 phononL 0.004 1.07835 -1.59701 -0.0309177 0
0 7814 phononL 0.004 0.621182 -0.24458 0.00638768 0
0 7815 phononL 0.004 0.191048 -1.55773 -0.0290094 0
0 7816 phononL 0.004 -0.523755 -1.65127 -0.0398448 0
0 7817 phononL 0.004 0.906923 1.06135 0.0362482 0
0 7818 phononL 0.004 -0.447726 1.4055 -0.0358093 0
0 7819 phononL 0.004 -0.198775 -0.622429 0.0271455 0
0 7820 phononL 0.004 -0.941123 1.66131 0.0171888 0
0 7821 phononL 0.004 -0.154102 0.261051 -0.011365 0
0 7822 phononL 0.004 0.920002 -1.45223 -0.0167442 0
0 7823 phononL 0.004 -0.340281 0.400517 0.0300391 0
0 7824 phononL 0.004 0.984474 1.13856 -0.0357596 0
0 7825 phononL 0.004 -0.88973 -0.0780141 -0.0178866 0
0 7826 phononL 0.004 -1.44493 -1.57944 0.00632075 0
0 7827 phononL 0.004 -0.21679 1.60683 0.0327416 0
0 7828 phononL 0.004 -0.296389 -1.66644 -0.0111284 0
0 7829 phononL 0.004 -1.55201 -0.0939559 0.0133995 0
0 7830 phononL 0.004 1.48221 -0.894755 -0.0246691 0
0 7831 phononL 0.004 0.936035 -1.25985 0.0388674 0
0 7832 phononL 0.004 1.11569 -1.16421 -0.00373359 0
0 7833 phononL 0.004 -0.805942 -0.696571 0.00955358 0
0 7834 phononL 0.004 1.25144 0.0508788 -0.0381901 0
0 7835 phononL 0.004 -0.36885 0.126136 0.00910179 0
0 7836 phononL 0.004 1.30703 1.05842 -0.00122444 0
0 7837 phononL 0.004 1.65549 0.0853697 0.0281976 0
0 7838 phononL 0.004 0.592441 1.01261 0.0292381 0
0 7839 phononL 0.004 -0.0251232 -0.306381 -0.0373243 0
0 7840 phononL 0.004 -1.14474 0.250369 -0.00800672 0
0 7841 phononL 0.004 -0.772545 -0.380774 0.0331698 0
0 7842 phononL 0.004 -0.736183 -0.556741 0.0164397 0
0 7843 phononL 0.004 1.62248 -0.315271 0.0261833 0
0 7844 phononL 0.004 -0.659516 1.55362 -0.0238555 0
0 7845 phononL 0.004 0.943223 -0.817449 0.0154095 0
0 7846 phononL 0.004 1.18025 -0.74477 -0.0116184 0
0 7847 phononL 0.004 0.0720105 0.555062 0.0266622 0
0 7848 phononL 0.004 -0.592989 0.285905 0.0138843 0
0 7849 phononL 0.004 -0.749539 -0.613001 0.0254483 0
0 7850 phononL 0.004 0.932495 -0.656502 -0.0110516 0
0 7851 phononL 0.004 -0.896766 1.14374 0.0115302 0
0 7852 phononL 0.004 -0.879376 -0.281134 0.010751 0
0 7853 phononL 0.004 -1.37312 -1.25805 -0.0186858 0
0 7854 phononL 0.004 1.57175 0.627962 -0.0111639 0
0 7855 phononL 0.004 -1.65697 0.857716 0.0129894 0
0 7856 phononL 0.004 -0.454824 0.0310451 5.80038e-05 0
0 7857 phononL 0.004 -0.28693 0.70247 0.0394937 0
0 7858 phononL 0.004 -0.0660344 -0.258391 -0.00928945 0
0 7859 phononL 0.004 -0.238716 0.116455 -0.02989 0
0 7860 phononL 0.004 -1.49189 -1.20188 0.0116287 0
0 7861 phononL 0.004 1.39372 0.335562 -0.0232021 0
0 7862 phononL 0.004 0.545923 0.987271 -0.0116826 0
0 7863 phononL 0.004 -1.11812 1.38536 0.0362442 0
0 7864 phononL 0.004 0.719433 -1.37433 -0.0256223 0
0 7865 phononL 0.004 -1.26781 -1.14953 0.0228706 0
0 7866 phononL 0.004 0.0653993 -0.319459 -0.0191115 0
0 7867 phononL 0.004 -0.393707 -0.0817146 -0.0350263 0
0 7868 phononL 0.004 -0.890285 0.782836 -0.0229334 0
0 7869 phononL 0.004 0.760049 -0.0982966 -0.00123268 0
0 7870 phononL 0.004 -0.178228 0.0753882 0.0263871 0
0 7871 phononL 0.004 -0.295403 -0.777737 0.0028746 0
0 7872 phononL 0.004 -1.14644 0.316863 0.0315882 0
0 7873 phononL 0.004 -1.00099 -0.85335 0.0256983 0
0 7874 phononL 0.004 -0.945496 -1.05781 0.00526868 0
0 7875 phononL 0.004 -0.151305 -0.599988 0.0167327 0
0 7876 phononL 0.004 0.18518 1.4865 -0.0311044 0
0 7877 phononL 0.004 1.43302 0.558382 0.00546429 0
0 7878 phononL 0.004 -1.07218 0.799606 0.014342 0
0 7879 phononL 0.004 -0.784993 1.34971 -0.0248123 0
0 7880 phononL 0.004 0.582131 -0.933441 0.00724794 0
0 7881 phononL 0.004 -1.25533 -1.20831 -0.01476 0
0 7882 phononL 0.004 -1.36778 0.57215 -0.0336744 0
0 7883 phononL 0.004 1.32566 0.291348 -0.037863 0
0 7884 phononL 0.004 0.354128 0.152166 0.0154086 0
0 7885 phononL 0.004 0.734985 0.865042 -0.012197 0
0 7886 phononL 0.004 0.156186 -0.710652 -0.0301997 0
0 7887 phononL 0.004 0.0843822 -1.48962 0.0120361 0
0 7888 phononL 0.004 -0.3616 0.495054 0.0208386 0
0 7889 phononL 0.004 1.54116 0.61021 0.0310308 0
0 7890 phononL 0.004 -1.56051 -0.904993 -0.0219323 0
0 7891 phononL 0.004 0.556024 -1.16492 0.0303468 0
0 7892 phononL 0.004 -0.317464 1.12117 0.0265045 0
0 7893 phononL 0.004 -1.19899 0.700744 -0.0226228 0
0 7894 phononL 0.004 -0.784582 0.698348 -0.0138335 0
0 7895 phononL 0.004 -0.297792 1.56 -0.0334466 0
0 7896 phononL 0.004 0.411069 -1.44617 -0.0387035 0
0 7897 phononL 0.004 -1.00825 1.16768 -0.00449552 0
0 7898 phononL 0.004 -1.03648 0.473495 0.0183814 0
0 7899 phononL 0.004 1.10754 1.35356 0.0192765 0
0 7900 phononL 0.004 0.839884 1.41831 0.0372126 0
0 7901 phononL 0.004 -1.41718 -0.642788 -0.00563208 0
0 7902 phononL 0.004 -1.07329 -0.360201 -0.0102151 0
0 7903 phononL 0.004 -1.56597 -0.545381 0.0306381 0
0 7904 phononL 0.004 1.20899 1.14085 0.0149071 0
0 7905 phononL 0.004 -0.567776 0.295269 0.0222276 0
0 7906 phononL 0.004 0.1498 -1.42987 0.0215211 0
0 7907 phononL 0.004 -1.64669 -0.464049 0.016066 0
0 7908 phononL 0.004 -1.51849 -1.02497 0.0181678 0
0 7909 phononL 0.004 -1.22657 -0.705607 0.0381507 0
0 7910 phononL 0.004 0.366449 -0.993721 0.0140536 0
0 7911 phononL 0.004 0.764645 0.38815 0.0124876 0
0 7912 phononL 0.004 -0.169429 -0.481835 0.00771827 0
0 7913 phononL 0.004 -0.939065 1.64934 0.0246078 0
0 7914 phononL 0.004 0.523871 -0.107736 -0.0197063 0
0 7915 phononL 0.004 -0.400192 -1.39264 -0.00441834 0
0 7916 phononL 0.004 1.66604 -0.344435 -0.0312561 0
0 7917 phononL 0.004 -0.0285649 1.2819 0.00739254 0
0 7918 phononL 0.004 -0.167568 0.431939 0.020755 0
0 7919 phononL 0.004 -1.22315 -0.833473 0.0144277 0
0 7920 phononL 0.004 1.33016 -0.465017 0.0331674 0
0 7921 phononL 0.004 0.394932 1.3621 -0.0128334 0
0 7922 phononL 0.004 -0.186805 -1.10052 -0.0214012 0
0 7923 phononL 0.004 0.927099 0.80819 0.00729527 0
0 7924 phononL 0.004 -1.51534 1.28662 -0.0233867 0
0 7925 phononL 0.004 -0.993946 -1.49981 -0.0312185 0
0 7926 phononL 0.004 1.40509 -0.967876 0.0123183 0
0 7927 phononL 0.004 -0.865283 0.333897 -0.00912166 0
0 7928 phononL 0.004 1.16554 0.919376 -0.00898994 0
0 7929 phononL 0.004 -0.685489 -1.00883 -0.0282662 0
0 7930 phononL 0.004 0.433853 -0.956156 -0.000839575 0
0 7931 phononL 0.004 0.474546 -0.806951 0.0107174 0
0 7932 phononL 0.004 -0.0122648 1.36706 0.000606635 0
0 7933 phononL 0.004 1.56145 -0.877266 -0.0374361 0
0 7934 phononL 0.004 -1.13985 -0.657729 0.0141539 0
0 7935 phononL 0.004 0.0693432 -1.64305 0.000324868 0
0 7936 phononL 0.004 0.626672 1.55115 -0.0370898 0
0 7937 phononL 0.004 -1.31641 -1.3256 0.0331867 0
0 7938 phononL 0.004 -0.207449 -0.664349 -0.00697048 0
0 7939 phononL 0.004 0.209423 1.01703 0.0280121 0
0 7940 phononL 0.004 -0.710631 1.1062 0.0195694 0
0 7941 phononL 0.004 1.02523 -1.32385 -0.0301745 0
0 7942 phononL 0.004 -1.19262 -1.57004 0.038458 0
0 7943 phononL 0.004 -0.477336 -1.25686 0.00534749 0
0 7944 phononL 0.004 1.09497 -1.44447 0.0128036 0
0 7945 phononL 0.004 0.414683 -0.99164 0.00910208 0
0 7946 phononL 0.004 -0.273293 0.76871 -0.00811872 0
0 7947 phononL 0.004 0.582153 -0.261811 -0.00557398 0
0 7948 phononL 0.004 -0.176852 1.28923 -0.0106594 0
0 7949 phononL 0.004 -0.37789 -0.362623 -0.0376421 0
0 7950 phononL 0.004 -1.39113 -0.730491 -0.0239477 0
0 7951 phononL 0.004 -0.127021 -0.273373 0.0104549 0
0 7952 phononL 0.004 -1.64491 -0.97799 -0.0137029 0
0 7953 phononL 0.004 1.12199 -0.758565 -0.00356695 0
0 7954 phononL 0.004 -0.980897 0.985727 0.0304936 0
0 7955 phononL 0.004 1.58948 1.3295 0.0283254 0
0 7956 phononL 0.004 -0.545852 -0.445514 -0.00211525 0
0 7957 phononL 0.004 0.0309479 -1.57575 0.0299819 0
0 7958 phononL 0.004 0.864053 0.545878 0.00408807 0
0 7959 phononL 0.004 0.263471 -0.0841098 0.00277027 0
0 7960 phononL 0.004 -1.19964 0.370142 0.0134373 0
0 7961 phononL 0.004 -1.45661 -0.4897 -0.0167087 0
0 7962 phononL 0.004 0.274408 -1.4046 0.0297133 0
0 7963 phononL 0.004 -1.42899 1.14044 0.0168579 0
0 7964 phononL 0.004 -1.6103 0.553533 -0.0245657 0
0 7965 phononL 0.004 1.00371 -1.29115 -0.0142452 0
0 7966 phononL 0.004 0.518707 -1.25883 -0.0156558 0
0 7967 phononL 0.004 1.35612 -0.747358 0.0178052 0
0 7968 phononL 0.004 -1.51319 0.519538 -0.00426645 0
0 7969 phononL 0.004 1.1549 -1.4223 0.0135769 0
0 7970 phononL 0.004 1.56282 0.675291 -0.0379172 0
0 7971 phononL 0.004 -1.31217 -0.787172 0.0256663 0
0 7972 phononL 0.004 -0.892332 1.29776 -0.0179435 0
0 7973 phononL 0.004 1.21536 1.14847 -0.030049 0
0 7974 phononL 0.004 -1.61727 0.157304 -0.0360313 0
0 7975 phononL 0.004 0.22816 -1.24875 0.0161213 0
0 7976 phononL 0.004 0.138634 -1.62328 -0.0181164 0
0 7977 phononL 0.004 -1.42687 1.16245 -0.0245763 0
0 7978 phononL 0.004 1.10557 -1.28712 -0.00402712 0
0 7979 phononL 0.004 -1.65295 0.64142 0.0292308 0
0 7980 phononL 0.004 -0.62453 1.60911 0.0170167 0
0 7981 phononL 0.004 0.706559 -0.73091 -0.0235742 0
0 7982 phononL 0.004 1.0308 -1.49247 0.0282239 0
0 7983 phononL 0.004 0.63891 1.46439 -0.00296778 0
0 7984 phononL 0.004 1.26368 -0.404384 -0.0263651 0
0 7985 phononL 0.004 0.599348 -1.06347 -0.0224691 0
0 7986 phononL 0.004 0.846205 -1.54694 0.0167989 0
0 7987 phononL 0.004 0.322631 0.193136 0.00617099 0
0 7988 phononL 0.004 -1.13433 -0.661342 0.0141003 0
0 7989 phononL 0.004 -0.494057 -0.158986 -0.0372051 0
0 7990 phononL 0.004 -0.636224 0.56097 -0.0212288 0
0 7991 phononL 0.004 -0.525733 -0.405137 0.0166801 0
0 7992 phononL 0.004 -0.884238 1.60085 -0.000394774 0
0 7993 phononL 0.004 -0.583295 -0.405984 -0.021611 0
0 7994 phononL 0.004 0.277491 0.256427 0.0116612 0
0 7995 phononL 0.004 0.311315 -0.586457 0.0246241 0
0 7996 phononL 0.004 0.646261 -0.286306 -0.0194941 0
0 7997 phononL 0.004 -0.620579 -0.724257 -0.00456625 0
0 7998 phononL 0.004 1.23765 1.27707 -0.0295014 0
0 7999 phononL 0.004 -0.395976 -0.3204 -0.0144935 0
0 8000 phononL 0.004 -0.292274 1.57756 -0.0226169 0
0 8001 phononL 0.004 -0.830571 1.48341 0.0068269 0
0 8002 phononL 0.004 1.02953 -0.169254 0.0362557 0
0 8003 phononL 0.004 -0.594477 -0.0884612 0.0248801 0
0 8004 phononL 0.004 -1.12428 1.27971 0.0166159 0
0 8005 phononL 0.004 -0.371011 -1.66243 -0.0284211 0
0 8006 phononL 0.004 -0.940988 0.716254 0.0255431 0
0 8007 phononL 0.004 -0.486041 1.11999 0.0183432 0
0 8008 phononL 0.004 0.690684 1.18924 0.0060972 0
0 8009 phononL 0.004 0.972994 -0.129873 0.00591769 0
0 8010 phononL 0.004 0.36039 1.41674 -0.0358156 0
0 8011 phononL 0.004 0.565676 1.3118 0.00371437 0
0 8012 phononL 0.004 0.408308 -1.06322 -0.0338037 0
0 8013 phononL 0.004 -0.841876 0.437157 0.013583 0
0 8014 phononL 0.004 1.4294 -0.657743 -0.00477577 0
0 8015 phononL 0.004 1.31024 1.53916 -0.037393 0
0 8016 phononL 0.004 -1.35996 -0.166974 -0.014957 0
0 8017 phononL 0.004 1.30745 0.241658 -0.00286645 0
0 8018 phononL 0.004 -1.60432 -0.917541 -0.0161004 0
0 8019 phononL 0.004 0.714706 -1.12009 -0.0257708 0
0 8020 phononL 0.004 -0.179318 -1.18316 -0.0124525 0
0 8021 phononL 0.004 -1.29474 -0.905068 -0.0354568 0
0 8022 phononL 0.004 0.675025 1.09362 -0.0154555 0
0 8023 phononL 0.004 -1.49786 0.323531 -0.0251856 0
0 8024 phononL 0.004 0.152905 -0.758996 0.00871299 0
0 8025 phononL 0.004 -0.257722 0.775497 0.00457377 0
0 8026 phononL 0.004 -1.1804 0.480992 -0.00383981 0
0 8027 phononL 0.004 1.53632 -1.51235 0.0182279 0
0 8028 phononL 0.004 0.942431 -0.754832 -0.0209124 0
0 8029 phononL 0.004 0.470182 0.744352 0.0187656 0
0 8030 phononL 0.004 0.0800287 -1.37905 0.0394428 0
0 8031 phononL 0.004 -1.12408 1.38499 0.0355747 0
0 8032 phononL 0.004 -0.580289 -1.56935 -0.0227321 0
0 8033 phononL 0.004 -0.962409 -0.522674 0.0396254 0
0 8034 phononL 0.004 -1.46232 -0.0365329 -0.00269679 0
0 8035 phononL 0.004 -0.548466 -1.52633 -0.0173384 0
0 8036 phononL 0.004 1.11389 1.08299 -0.0260094 0
0 8037 phononL 0.004 -0.962793 1.22187 -0.0333823 0
0 8038 phononL 0.004 1.06473 -0.729956 0.0274607 0
0 8039 phononL 0.004 -0.187645 0.864442 0.00313884 0
0 8040 phononL 0.004 0.993931 -0.861126 -0.0349088 0
0 8041 phononL 0.004 -0.974036 -0.460035 -0.0143887 0
0 8042 phononL 0.004 0.551015 -0.845655 0.0387032 0
0 8043 phononL 0.004 1.10596 -0.480499 0.00276753 0
0 8044 phononL 0.004 0.829957 0.456148 0.0148137 0
0 8045 phononL 0.004 -0.663716 -1.55427 0.00902147 0
0 8046 phononL 0.004 -0.242775 1.51537 0.0295814 0
0 8047 phononL 0.004 -1.07635 -0.805473 0.00870214 0
0 8048 phononL 0.004 -1.29687 -0.101242 0.010843 0
0 8049 phononL 0.004 -1.39306 -0.569884 -0.0326173 0
0 8050 phononL 0.004 0.552217 -0.714483 0.000759722 0
0 8051 phononL 0.004 -0.491691 -0.43593 0.00690535 0
0 8052 phononL 0.004 0.120412 0.175776 -0.0319799 0
0 8053 phononL 0.004 0.202573 -0.680287 0.00154494 0
0 8054 phononL 0.004 0.555207 0.94148 0.00139067 0
0 8055 phononL 0.004 1.10655 -0.492255 -0.0253631 0
0 8056 phononL 0.004 0.734807 -0.450256 -0.00778976 0
0 8057 phononL 0.004 0.125015 1.44211 0.0124675 0
0 8058 phononL 0.004 -0.461095 1.15834 -0.0308775 0
0 8059 phononL 0.004 0.0294609 0.594982 -0.0335678 0
0 8060 phononL 0.004 -1.66173 -1.10361 0.0128485 0
0 8061 phononL 0.004 -0.429686 1.20139 0.0267595 0
0 8062 phononL 0.004 1.05619 -0.938216 0.032964 0
0 8063 phononL 0.004 0.957327 -0.0338899 -0.00945108 0
0 8064 phononL 0.004 0.550624 -0.225022 -0.0116974 0
0 8065 phononL 0.004 0.639619 0.30805 0.0393548 0
0 8066 phononL 0.004 -0.892471 -1.04505 0.00169554 0
0 8067 phononL 0.004 -1.22028 0.889922 0.0289258 0
0 8068 phononL 0.004 0.302655 -1.17424 0.00775274 0
0 8069 phononL 0.004 -0.350925 -1.58498 0.0156942 0
0 8070 phononL 0.004 0.97584 0.306705 -0.00735456 0
0 8071 phononL 0.004 -0.883106 1.30978 0.00453259 0
0 8072 phononL 0.004 -1.15771 -0.616433 -0.0212436 0
0 8073 phononL 0.004 0.255926 0.327869 0.0319099 0
0 8074 phononL 0.004 0.0778297 -0.74051 0.031318 0
0 8075 phononL 0.004 -0.32649 0.713678 -0.000119516 0
0 8076 phononL 0.004 -1.07413 -0.652974 -0.0276353 0
0 8077 phononL 0.004 -0.0683213 -1.53404 -0.0312994 0
0 8078 phononL 0.004 -0.492288 -1.31173 0.0178708 0
0 8079 phononL 0.004 1.2222 -1.50806 -0.0383977 0
0 8080 phononL 0.004 1.47573 -0.993918 -0.0341999 0
0 8081 phononL 0.004 -0.810606 0.761731 0.0169523 0
0 8082 phononL 0.004 -1.64283 -1.24518 -0.0267472 0
0 8083 phononL 0.004 1.56931 0.878645 0.024062 0
0 8084 phononL 0.004 0.737242 1.24606 0.0344195 0
0 8085 phononL 0.004 -1.22781 0.473577 0.0201717 0
0 8086 phononL 0.004 0.270513 -1.63308 -0.0266637 0
0 8087 phononL 0.004 0.86912 0.845825 0.0179711 0
0 8088 phononL 0.004 -0.164096 -1.62087 0.036125 0
0 8089 phononL 0.004 0.268551 0.240963 0.0173607 0
0 8090 phononL 0.004 -0.761945 -0.717372 0.0395507 0
0 8091 phononL 0.004 -1.37158 0.917763 0.0270397 0
0 8092 phononL 0.004 -0.804381 1.01329 -0.00375148 0
0 8093 phononL 0.004 1.02434 0.00871335 0.00848481 0
0 8094 phononL 0.004 -1.22192 -0.924723 -0.0132825 0
0 8095 phononL 0.004 -0.536179 -1.58061 -0.00284307 0
0 8096 phononL 0.004 0.874464 -0.637875 0.0357088 0
0 8097 phononL 0.004 -0.23703 0.0795655 0.0273869 0
0 8098 phononL 0.004 -0.32001 -0.490251 -0.0201276 0
0 8099 phononL 0.004 -0.482436 1.0244 -0.0395616 0
0 8100 phononL 0.004 -1.50387 0.850161 0.018142 0
0 8101 phononL 0.004 0.0992186 -0.449446 0.023428 0
0 8102 phononL 0.004 1.61837 1.4384 0.0301076 0
0 8103 phononL 0.004 -0.0852754 -0.532037 0.00348271 0
0 8104 phononL 0.004 1.12424 -0.555944 0.00105075 0
0 8105 phononL 0.004 -1.17556 -1.38465 -0.00637394 0
0 8106 phononL 0.004 0.343214 -1.62277 -0.0102902 0
0 8107 phononL 0.004 1.07068 -0.490457 0.023644 0
0 8108 phononL 0.004 1.03283 0.498174 -0.0286877 0
0 8109 phononL 0.004 -0.456538 1.30221 0.00362013 0
0 8110 phononL 0.004 -0.861653 1.5349 -0.00214338 0
0 8111 phononL 0.004 1.40863 0.199577 0.0218009 0
0 8112 phononL 0.004 -1.56594 -1.41106 0.0141412 0
0 8113 phononL 0.004 0.564381 -0.58739 0.0292783 0
0 8114 phononL 0.004 1.35109 -1.615 -0.00068955 0
0 8115 phononL 0.004 0.405854 0.717426 0.0222654 0
0 8116 phononL 0.004 -1.42549 1.09286 0.033814 0
0 8117 phononL 0.004 1.19423 1.59416 0.0360659 0
0 8118 phononL 0.004 0.14723 -1.22772 -0.0393077 0
0 8119 phononL 0.004 -1.04905 1.03714 0.0231019 0
0 8120 phononL 0.004 0.0800294 0.692796 0.00738678 0
0 8121 phononL 0.004 0.0433306 -0.000294161 0.00800951 0
0 8122 phononL 0.004 -0.753615 -0.917408 -0.0122761 0
0 8123 phononL 0.004 1.03336 -1.15891 0.0273569 0
0 8124 phononL 0.004 -0.969781 -1.05902 0.0170705 0
0 8125 phononL 0.004 -0.713633 0.967602 0.0071906 0
0 8126 phononL 0.004 0.565476 -1.34192 0.0289238 0
0 8127 phononL 0.004 0.530647 0.186157 -0.0327094 0
0 8128 phononL 0.004 0.755914 1.37576 0.0149881 0
0 8129 phononL 0.004 0.603649 0.961001 -0.0245639 0
0 8130 phononL 0.004 0.0370311 0.781001 0.0154478 0
0 8131 phononL 0.004 -1.31739 -1.35078 -0.0289117 0
0 8132 phononL 0.004 -1.57678 0.101751 0.0207627 0
0 8133 phononL 0.004 0.206933 -0.773497 0.0253189 0
0 8134 phononL 0.004 0.364504 -1.52749 -0.00931998 0
0 8135 phononL 0.004 -0.424582 1.38135 0.0378871 0
0 8136 phononL 0.004 -1.19992 1.46267 0.0096875 0
0 8137 phononL 0.004 0.882025 1.47375 0.0061834 0
0 8138 phononL 0.004 -0.0127995 -0.848732 0.000221036 0
0 8139 phononL 0.004 1.03994 0.907231 0.038046 0
0 8140 phononL 0.004 -1.48486 0.872569 0.0160616 0
0 8141 phononL 0.004 1.37805 1.56343 0.034206 0
0 8142 phononL 0.004 1.42773 -0.0236038 -0.00960543 0
0 8143 phononL 0.004 0.994491 -0.181569 0.0112404 0
0 8144 phononL 0.004 0.603539 -0.737216 -0.0212797 0
0 8145 phononL 0.004 0.274233 0.501766 0.0362421 0
0 8146 phononL 0.004 -1.51704 1.62604 0.0230473 0
0 8147 phononL 0.004 0.499148 1.52442 0.039518 0
0 8148 phononL 0.004 0.147124 -1.62778 0.0113194 0
0 8149 phononL 0.004 0.730037 1.2489 -0.0200079 0
0 8150 phononL 0.004 -1.64819 -0.211155 -0.0315711 0
0 8151 phononL 0.004 0.109736 -1.45445 -0.0122956 0
0 8152 phononL 0.004 -1.39649 0.243482 -0.0253546 0
0 8153 phononL 0.004 -0.528494 1.10618 -0.0379862 0
0 8154 phononL 0.004 -0.332047 -1.39214 -0.0348943 0
0 8155 phononL 0.004 -0.837582 -1.34656 0.0321698 0
0 8156 phononL 0.004 -0.374792 -0.550432 0.0344313 0
0 8157 phononL 0.004 -0.683867 1.34744 0.00407066 0
0 8158 phononL 0.004 0.50223 -1.06508 -0.0121708 0
0 8159 phononL 0.004 0.529956 -0.168528 0.0072795 0
0 8160 phononL 0.004 -0.963197 -0.835231 -0.00902465 0
0 8161 phononL 0.004 -0.0191205 0.57006 0.0380729 0
0 8162 phononL 0.004 -0.216163 0.540222 0.0205432 0
0 8163 phononL 0.004 0.773536 0.937766 0.0271035 0
0 8164 phononL 0.004 0.0623925 -0.402191 -0.03636 0
0 8165 phononL 0.004 0.669832 -1.44249 -0.000198566 0
0 8166 phononL 0.004 1.41254 -0.119033 0.021353 0
0 8167 phononL 0.004 0.800849 -1.36535 -0.0186564 0
0 8168 phononL 0.004 -0.453448 -1.17375 -0.034792 0
0 8169 phononL 0.004 -0.218309 -0.395098 -0.00458471 0
0 8170 phononL 0.004 -0.752364 -1.45751 -0.033786 0
0 8171 phononL 0.004 0.96217 -0.710785 0.0121274 0
0 8172 phononL 0.004 -1.45175 1.54049 0.00488268 0
0 8173 phononL 0.004 -0.499521 -1.08415 -0.0275989 0
0 8174 phononL 0.004 -0.984299 -0.234069 -0.0399493 0
0 8175 phononL 0.004 -1.0081 0.996328 0.0209585 0
0 8176 phononL 0.004 -0.872584 0.421482 -0.000658787 0
0 8177 phononL 0.004 0.864768 -0.6228 -0.0188844 0
0 8178 phononL 0.004 1.41419 -1.2067 0.0386424 0
0 8179 phononL 0.004 -1.45407 0.569657 0.0380934 0
0 8180 phononL 0.004 -1.47032 -0.244407 0.0153146 0
0 8181 phononL 0.004 -0.0904538 0.991066 0.00243602 0
0 8182 phononL 0.004 1.06908 0.3777 -0.0379234 0
0 8183 phononL 0.004 0.00277856 -0.703711 -0.0103704 0
0 8184 phononL 0.004 -0.721339 1.43721 -0.0162066 0
0 8185 phononL 0.004 -1.08488 -1.59379 0.0168366 0
0 8186 phononL 0.004 0.933439 -0.383269 0.00978094 0
0 8187 phononL 0.004 1.66153 -0.00534253 0.0383955 0
0 8188 phononL 0.004 -0.376465 -1.55034 -0.0388232 0
0 8189 phononL 0.004 -0.574024 0.83379 -0.00118467 0
0 8190 phononL 0.004 -1.44919 -0.605015 -0.0255906 0
0 8191 phononL 0.004 -0.242116 -1.63224 0.00405494 0
0 8192 phononL 0.004 0.551746 -0.96407 -0.00770668 0
0 8193 phononL 0.004 1.26559 0.885173 0.0327781 0
0 8194 phononL 0.004 -1.2191 1.45761 -0.0204565 0
0 8195 phononL 0.004 0.488469 0.548221 -0.00258826 0
0 8196 phononL 0.004 -1.09717 0.453294 -0.0140665 0
0 8197 phononL 0.004 1.19107 -0.328241 -0.0132304 0
0 8198 phononL 0.004 -1.49511 1.18089 0.0366795 0
0 8199 phononL 0.004 0.512358 0.544895 0.032411 0
0 8200 phononL 0.004 -0.171367 -0.778887 -0.0187727 0
0 8201 phononL 0.004 -0.2657 0.365913 -0.0313493 0
0 8202 phononL 0.004 0.199641 -0.939928 -0.0268889 0
0 8203 phononL 0.004 1.46456 0.824872 0.0302974 0
0 8204 phononL 0.004 -0.679838 0.342854 -0.0234608 0
0 8205 phononL 0.004 0.806336 1.45935 0.006421 0
0 8206 phononL 0.004 0.61421 1.44524 0.00885742 0
0 8207 phononL 0.004 -1.64873 -0.654482 -0.0216975 0
0 8208 phononL 0.004 0.0521272 0.757533 -0.00619221 0
0 8209 phononL 0.004 0.491403 -0.393491 -0.00464557 0
0 8210 phononL 0.004 1.38966 1.41742 0.0081606 0
0 8211 phononL 0.004 -0.750482 0.886158 -0.0278321 0
0 8212 phononL 0.004 0.237237 1.46353 -0.0175704 0
0 8213 phononL 0.004 0.719268 -1.46461 -0.0214299 0
0 8214 phononL 0.004 0.365269 1.00618 0.0163125 0
0 8215 phononL 0.004 -1.53836 -1.4234 0.00655565 0
0 8216 phononL 0.004 -1.06358 -0.915211 0.015566 0
0 8217 phononL 0.004 -0.513542 0.401144 0.020692 0
0 8218 phononL 0.004 1.4964 0.745436 0.0278285 0
0 8219 phononL 0.004 1.57405 -1.58443 -0.0169021 0
0 8220 phononL 0.004 -0.269181 0.145707 0.0244027 0
0 8221 phononL 0.004 0.0952264 -0.430874 0.0380827 0
0 8222 phononL 0.004 -1.28753 -1.54109 0.0260585 0
0 8223 phononL 0.004 -0.147067 0.373908 0.0203068 0
0 8224 phononL 0.004 0.241361 1.33521 -0.00143473 0
0 8225 phononL 0.004 0.322766 -0.93973 0.00201706 0
0 8226 phononL 0.004 0.792384 -0.530897 -0.0115182 0
0 8227 phononL 0.004 -0.629636 0.592398 -0.0283567 0
0 8228 phononL 0.004 -0.94853 1.41319 0.00540001 0
0 8229 phononL 0.004 -0.363101 1.00299 -0.0316742 0
0 8230 phononL 0.004 -0.429844 -1.40471 0.0163403 0
0 8231 phononL 0.004 -0.272728 0.969001 0.0132605 0
0 8232 phononL 0.004 0.536478 -1.36998 0.011107 0
0 8233 phononL 0.004 1.37487 -1.54733 -0.0367463 0
0 8234 phononL 0.004 -1.24373 0.277848 -0.0346782 0
0 8235 phononL 0.004 0.409081 -0.0295627 -0.0114228 0
0 8236 phononL 0.004 -1.57831 1.33895 0.0225841 0
0 8237 phononL 0.004 -1.65286 0.528513 0.0235794 0
0 8238 phononL 0.004 0.694399 -0.659668 -0.00044284 0
0 8239 phononL 0.004 0.809015 0.00256009 -0.0307881 0
0 8240 phononL 0.004 -1.60797 -0.883755 0.0171901 0
0 8241 phononL 0.004 -0.582002 0.580833 0.0235848 0
0 8242 phononL 0.004 1.63498 -0.756497 -0.0245047 0
0 8243 phononL 0.004 -1.10996 1.10119 0.0098192 0
0 8244 phononL 0.004 -0.651944 0.396377 0.00961589 0
0 8245 phononL 0.004 -1.50706 -0.523465 0.00257046 0
0 8246 phononL 0.004 1.28561 0.806258 0.0083396 0
0 8247 phononL 0.004 -0.134259 -0.205582 -0.00437268 0
0 8248 phononL 0.004 1.53435 0.713913 0.038928 0
0 8249 phononL 0.004 1.51699 1.48947 0.0276676 0
0 8250 phononL 0.004 1.57854 -0.445537 -0.0168155 0
0 8251 phononL 0.004 -0.995092 -0.639876 -0.00457308 0
0 8252 phononL 0.004 -1.04551 -1.45039 -0.0111783 0
0 8253 phononL 0.004 -0.268175 0.909697 0.00642798 0
0 8254 phononL 0.004 -0.567263 1.47016 0.0251495 0
0 8255 phononL 0.004 1.31001 -1.60987 -0.031425 0
0 8256 phononL 0.004 0.483782 0.305937 -0.0374053 0
0 8257 phononL 0.004 1.63575 0.718483 -0.0139035 0
0 8258 phononL 0.004 1.24281 1.66264 0.0185182 0
0 8259 phononL 0.004 0.357445 0.574012 -0.0318881 0
0 8260 phononL 0.004 -1.25648 0.593841 0.0361367 0
0 8261 phononL 0.004 1.107 1.01743 0.0219735 0
0 8262 phononL 0.004 0.800509 -1.34006 -0.0318391 0
0 8263 phononL 0.004 -1.16111 0.239051 -0.0300215 0
0 8264 phononL 0.004 0.264115 -1.07064 -0.0309004 0
0 8265 phononL 0.004 -0.82399 -0.289249 -0.0168959 0
0 8266 phononL 0.004 -1.28827 -0.242804 -0.00381824 0
0 8267 phononL 0.004 0.726455 0.604942 0.0231399 0
0 8268 phononL 0.004 1.27169 -1.53985 0.00876456 0
0 8269 phononL 0.004 0.382063 1.39453 0.0285461 0
0 8270 phononL 0.004 1.2985 -0.359659 0.0290579 0
0 8271 phononL 0.004 -0.244944 0.68267 -0.00125021 0
0 8272 phononL 0.004 -0.133816 -1.11341 0.0310575 0
0 8273 phononL 0.004 -1.13671 0.792688 -0.0292598 0
0 8274 phononL 0.004 -1.43019 0.149349 -0.0348137 0
0 8275 phononL 0.004 0.909863 -0.817059 0.0177022 0
0 8276 phononL 0.004 -0.430557 -1.55947 -0.00188254 0
0 8277 phononL 0.004 -1.58284 1.18486 -0.033203 0
0 8278 phononL 0.004 -1.23032 -1.38449 0.034151 0
0 8279 phononL 0.004 0.382042 1.62146 -0.0351905 0
0 8280 phononL 0.004 -0.822269 -1.28496 0.0035056 0
0 8281 phononL 0.004 1.53423 0.115752 -0.0106306 0
0 8282 phononL 0.004 -0.400594 -0.0026545 -0.0165537 0
0 8283 phononL 0.004 -0.11171 -0.642155 0.0239776 0
0 8284 phononL 0.004 -1.66377 -1.10825 0.0269024 0
0 8285 phononL 0.004 -0.547667 0.497277 0.0225645 0
0 8286 phononL 0.004 0.623196 0.713424 0.00717386 0
0 8287 phononL 0.004 -0.183083 0.264102 -0.02599 0
0 8288 phononL 0.004 -0.0474685 -0.947399 -0.00593837 0
0 8289 phononL 0.004 0.922351 -1.11199 -0.0292345 0
0 8290 phononL 0.004 -1.47142 1.26362 -0.0312052 0
0 8291 phononL 0.004 -1.6655 1.21578 0.0145174 0
0 8292 phononL 0.004 1.35257 -0.00841815 0.0159713 0
0 8293 phononL 0.004 0.768828 -0.488289 0.00758636 0
0 8294 phononL 0.004 -0.43408 -0.823634 -0.00997062 0
0 8295 phononL 0.004 0.679267 1.37168 0.0278471 0
0 8296 phononL 0.004 0.370907 1.30632 0.0137165 0
0 8297 phononL 0.004 -0.29947 1.62478 0.0340994 0
0 8298 phononL 0.004 0.807508 0.447487 0.00159185 0
0 8299 phononL 0.004 -1.53835 -0.0966156 0.0393837 0
0 8300 phononL 0.004 1.59467 -0.706064 -0.0105723 0
0 8301 phononL 0.004 0.235954 0.308386 -0.0134356 0
0 8302 phononL 0.004 -1.61537 0.515077 0.021444 0
0 8303 phononL 0.004 1.11934 -1.49927 0.0181056 0
0 8304 phononL 0.004 0.833981 0.170525 0.0263535 0
0 8305 phononL 0.004 -0.71022 0.531349 0.00102174 0
0 8306 phononL 0.004 1.48022 1.40424 0.0345236 0
0 8307 phononL 0.004 1.35546 -0.733846 -0.0245808 0
0 8308 phononL 0.004 -1.46844 -1.16576 0.00352682 0
0 8309 phononL 0.004 -1.0011 1.51363 0.0379452 0
0 8310 phononL 0.004 1.0302 0.752023 -0.0145813 0
0 8311 phononL 0.004 1.49183 -0.664326 0.021176 0
0 8312 phononL 0.004 -0.133468 0.275916 -0.00954517 0
0 8313 phononL 0.004 0.424728 1.00904 0.0355518 0
0 8314 phononL 0.004 1.17449 -0.678224 0.0345045 0
0 8315 phononL 0.004 -0.668341 0.254477 -0.00181541 0
0 8316 phononL 0.004 1.13742 0.807604 -0.0227003 0
0 8317 phononL 0.004 -1.42348 0.245469 0.0229025 0
0 8318 phononL 0.004 -0.471218 -0.304659 0.036515 0
0 8319 phononL 0.004 1.042 -1.35851 -0.0385771 0
0 8320 phononL 0.004 -0.884259 -1.0767 0.0304971 0
0 8321 phononL 0.004 0.620114 0.205339 -0.0040457 0
0 8322 phononL 0.004 0.649616 -0.307263 0.0107169 0
0 8323 phononL 0.004 1.07185 1.11754 0.0393757 0
0 8324 phononL 0.004 -0.549415 -0.116306 0.0325912 0
0 8325 phononL 0.004 0.0335525 0.551559 0.0367562 0
0 8326 phononL 0.004 1.30195 0.938379 -0.033155 0
0 8327 phononL 0.004 -0.704501 0.984316 0.00969855 0
0 8328 phononL 0.004 0.481504 0.757233 -0.0100458 0
0 8329 phononL 0.004 0.520815 -0.0488168 0.0153547 0
0 8330 phononL 0.004 -1.31792 1.45413 0.0116083 0
0 8331 phononL 0.004 0.0785461 1.02948 0.0395314 0
0 8332 phononL 0.004 0.20656 1.65918 0.0105074 0
0 8333 phononL 0.004 -1.40219 -1.55485 -0.00315167 0
0 8334 phononL 0.004 -0.476396 -0.324809 0.0149404 0
0 8335 phononL 0.004 1.54704 0.972239 -0.0202087 0
0 8336 phononL 0.004 -0.312344 0.801608 -0.00334458 0
0 8337 phononL 0.004 -1.17858 -1.26157 -0.0127066 0
0 8338 phononL 0.004 1.12042 1.34035 0.00508857 0
0 8339 phononL 0.004 -1.54154 -0.302278 -0.0196492 0
0 8340 phononL 0.004 1.56681 0.398879 -0.0305166 0
0 8341 phononL 0.004 -0.0190505 -1.17119 0.0326805 0
0 8342 phononL 0.004 -0.47198 0.713917 -0.039658 0
0 8343 phononL 0.004 -0.083977 1.00124 0.0210424 0
0 8344 phononL 0.004 -1.06581 1.34056 -0.0309726 0
0 8345 phononL 0.004 0.0139576 -1.54537 0.0278355 0
0 8346 phononL 0.004 0.602953 -1.07121 -0.0155341 0
0 8347 phononL 0.004 -0.24871 -1.55357 0.0397962 0
0 8348 phononL 0.004 0.940313 -0.891863 0.0178523 0
0 8349 phononL 0.004 0.690994 -0.266889 -0.0203644 0
0 8350 phononL 0.004 -0.315583 1.28346 0.0359484 0
0 8351 phononL 0.004 0.536323 1.05414 -0.0140004 0
0 8352 phononL 0.004 -1.20136 -0.940848 -0.0372658 0
0 8353 phononL 0.004 0.827147 1.41913 0.0229347 0
0 8354 phononL 0.004 -0.896197 0.904826 0.0255716 0
0 8355 phononL 0.004 1.64383 0.178753 0.00168126 0
0 8356 phononL 0.004 1.4605 0.761419 0.0399887 0
0 8357 phononL 0.004 -1.01057 1.29224 0.0204778 0
0 8358 phononL 0.004 1.16576 0.66777 0.0125652 0
0 8359 phononL 0.004 -1.26983 -1.58623 0.0230153 0
0 8360 phononL 0.004 -0.699989 1.34889 0.00960955 0
0 8361 phononL 0.004 -0.358099 0.552544 0.0355252 0
0 8362 phononL 0.004 0.217933 -1.44781 0.0106379 0
0 8363 phononL 0.004 1.28349 0.830021 -0.0335832 0
0 8364 phononL 0.004 0.528268 0.318674 -0.0194024 0
0 8365 phononL 0.004 1.32127 -0.102598 -0.0270688 0
0 8366 phononL 0.004 -0.460262 0.384676 -0.0161247 0
0 8367 phononL 0.004 -0.972563 -0.374569 0.0139655 0
0 8368 phononL 0.004 0.747566 -0.253689 -0.00582422 0
0 8369 phononL 0.004 -1.29364 1.34471 0.0149327 0
0 8370 phononL 0.004 1.31132 -0.218032 -0.0137352 0
0 8371 phononL 0.004 -0.686434 -1.32219 0.0320529 0
0 8372 phononL 0.004 -0.252061 -1.35488 -0.0398401 0
0 8373 phononL 0.004 1.23947 -0.103727 -0.039535 0
0 8374 phononL 0.004 1.30758 0.800526 -0.000873808 0
0 8375 phononL 0.004 1.58883 1.31592 -0.034058 0
0 8376 phononL 0.004 1.40109 1.49398 -0.0274763 0
0 8377 phononL 0.004 -0.147861 -1.18944 -0.0195043 0
0 8378 phononL 0.004 -0.652566 1.32722 0.0284843 0
0 8379 phononL 0.004 -1.01797 1.60951 -0.0277896 0
0 8380 phononL 0.004 -1.03423 -1.47717 -0.0143751 0
0 8381 phononL 0.004 -0.0402114 0.314472 0.0102542 0
0 8382 phononL 0.004 -0.696189 1.389 -0.0316587 0
0 8383 phononL 0.004 -1.33428 -0.958795 -0.0239346 0
0 8384 phononL 0.004 1.62658 1.53181 -0.0357644 0
0 8385 phononL 0.004 1.50645 -1.46453 -0.00822378 0
0 8386 phononL 0.004 -0.0296394 -0.521121 -0.0385744 0
0 8387 phononL 0.004 0.928353 -0.644215 -0.0398477 0
0 8388 phononL 0.004 0.494862 1.41371 -0.0190879 0
0 8389 phononL 0.004 -0.550832 -1.59521 -0.0151613 0
0 8390 phononL 0.004 0.821933 1.26777 0.00952643 0
0 8391 phononL 0.004 0.810129 -0.331674 -0.02963 0
0 8392 phononL 0.004 -0.820915 1.05458 -0.0283264 0
0 8393 phononL 0.004 1.08956 1.64576 0.00402614 0
0 8394 phononL 0.004 0.917739 -0.506043 -0.018289 0
0 8395 phononL 0.004 0.786501 1.26748 -0.00038989 0
0 8396 phononL 0.004 1.53173 -1.56835 0.00594492 0
0 8397 phononL 0.004 -0.50482 -0.225687 -0.0332696 0
0 8398 phononL 0.004 1.05654 -1.12577 -0.0137726 0
0 8399 phononL 0.004 0.794585 -0.0348662 -0.0103979 0
0 8400 phononL 0.004 -0.678584 0.0354645 0.0262121 0
0 8401 phononL 0.004 -0.0184022 -0.2638 -0.0201466 0
0 8402 phononL 0.004 -1.01019 -0.783134 -0.00837668 0
0 8403 phononL 0.004 0.840223 0.680897 0.0343748 0
0 8404 phononL 0.004 -0.640504 -0.479024 -0.0186735 0
0 8405 phononL 0.004 0.579341 -1.46992 -0.00598939 0
0 8406 phononL 0.004 -0.430195 -1.58676 -0.0296199 0
0 8407 phononL 0.004 0.915937 0.65467 0.000851489 0
0 8408 phononL 0.004 -0.924103 0.084003 -0.00517719 0
0 8409 phononL 0.004 0.910968 0.851617 0.0348818 0
0 8410 phononL 0.004 -0.57601 1.49192 -0.0131503 0
0 8411 phononL 0.004 0.783219 -0.573126 -0.00124875 0
0 8412 phononL 0.004 0.459449 0.691035 -0.00399172 0
0 8413 phononL 0.004 -1.30963 0.660497 0.023714 0
0 8414 phononL 0.004 1.51496 -1.52838 0.0335631 0
0 8415 phononL 0.004 -0.314994 -0.0970993 -0.00151782 0
0 8416 phononL 0.004 -0.874593 0.881957 -0.0314495 0
0 8417 phononL 0.004 0.239358 0.250309 0.0207692 0
0 8418 phononL 0.004 -0.820872 0.938147 0.035046 0
0 8419 phononL 0.004 1.65599 -0.342153 0.0335485 0
0 8420 phononL 0.004 -1.30972 -0.680475 -0.0284593 0
0 8421 phononL 0.004 -1.66395 0.794232 0.0063757 0
0 8422 phononL 0.004 0.323795 0.0219058 -0.0350205 0
0 8423 phononL 0.004 1.41072 -0.920163 0.0258845 0
0 8424 phononL 0.004 -0.745105 -1.31098 -0.0156902 0
0 8425 phononL 0.004 -0.579737 -0.438738 0.0246936 0
0 8426 phononL 0.004 -1.21388 -1.39034 -0.0181513 0
0 8427 phononL 0.004 -0.801056 -0.394929 0.0335976 0
0 8428 phononL 0.004 -0.0442134 -1.58489 -0.0333024 0
0 8429 phononL 0.004 0.399792 1.54726 0.0159112 0
0 8430 phononL 0.004 -0.664128 0.745661 0.0142543 0
0 8431 phononL 0.004 -0.982711 1.17711 -0.0172456 0
0 8432 phononL 0.004 1.03197 -0.799549 0.00612005 0
0 8433 phononL 0.004 -0.713586 -1.37204 -0.0240358 0
0 8434 phononL 0.004 1.42756 1.02142 0.0104828 0
0 8435 phononL 0.004 0.211254 -0.960461 0.0148674 0
0 8436 phononL 0.004 1.20737 -0.681154 0.00621814 0
0 8437 phononL 0.004 0.985405 0.664092 -0.028844 0
0 8438 phononL 0.004 0.771979 -0.10198 -0.0100473 0
0 8439 phononL 0.004 0.487973 0.18881 -0.0142829 0
0 8440 phononL 0.004 -0.0463638 0.914754 -0.0340346 0
0 8441 phononL 0.004 -0.332187 1.1651 -0.0165904 0
0 8442 phononL 0.004 1.46671 1.14158 -0.00953339 0
0 8443 phononL 0.004 0.406071 -0.547536 0.0330721 0
0 8444 phononL 0.004 -0.819269 -1.24034 0.0138656 0
0 8445 phononL 0.004 0.794157 -1.61185 -0.0121207 0
0 8446 phononL 0.004 1.32466 1.01856 -0.0246149 0
0 8447 phononL 0.004 0.253742 -0.00213894 -0.0224276 0
0 8448 phononL 0.004 0.287911 -0.267175 0.0344415 0
0 8449 phononL 0.004 0.502428 0.0694982 0.0277342 0
0 8450 phononL 0.004 0.00332833 -1.24496 0.00768435 0
0 8451 phononL 0.004 1.57988 0.590038 -0.011707 0
0 8452 phononL 0.004 1.17253 0.0553784 -0.00833021 0
0 8453 phononL 0.004 0.39728 0.755612 -0.0242423 0
0 8454 phononL 0.004 1.06615 0.143085 0.00743105 0
0 8455 phononL 0.004 -1.22182 0.252171 0.0048287 0
0 8456 phononL 0.004 1.18615 -1.06841 -0.0273554 0
0 8457 phononL 0.004 0.122393 0.0120708 -0.00189765 0
0 8458 phononL 0.004 1.2096 -0.391733 -0.0295777 0
0 8459 phononL 0.004 0.409046 1.15055 -0.0286763 0
0 8460 phononL 0.004 0.138414 1.47036 0.0271095 0
0 8461 phononL 0.004 -1.18901 0.124581 0.0248427 0
0 8462 phononL 0.004 -1.12891 -0.0527483 -0.0139523 0
0 8463 phononL 0.004 0.79088 -1.19721 -0.0217726 0
0 8464 phononL 0.004 1.66095 -0.960735 0.00163658 0
0 8465 phononL 0.004 1.38516 1.0725 -0.0217977 0
0 8466 phononL 0.004 0.818084 -1.50311 -0.0274365 0
0 8467 phononL 0.004 -0.821183 -1.16943 -0.0331116 0
0 8468 phononL 0.004 0.504522 -1.02514 0.00347142 0
0 8469 phononL 0.004 0.715626 -0.942497 -0.00727217 0
0 8470 phononL 0.004 0.971263 0.582785 -0.00515961 0
0 8471 phononL 0.004 -0.454172 -1.34205 -0.0285554 0
0 8472 phononL 0.004 -0.0657662 1.27783 -0.020267 0
0 8473 phononL 0.004 -1.19446 -0.435862 0.0321816 0
0 8474 phononL 0.004 -1.40248 0.727486 0.00332954 0
0 8475 phononL 0.004 0.222987 -0.499989 -0.0288955 0
0 8476 phononL 0.004 -0.956116 0.428919 0.00186201 0
0 8477 phononL 0.004 1.08581 -0.451832 0.0213283 0
0 8478 phononL 0.004 0.882069 -0.0307068 -0.0174632 0
0 8479 phononL 0.004 1.43383 1.32045 -0.0125691 0
0 8480 phononL 0.004 1.50492 -0.379187 0.0309402 0
0 8481 phononL 0.004 0.656992 0.338258 -0.0304499 0
0 8482 phononL 0.004 -0.233088 1.18337 0.027813 0
0 8483 phononL 0.004 -0.0351338 0.399822 0.0381003 0
0 8484 phononL 0.004 0.868737 -1.43331 0.0398781 0
0 8485 phononL 0.004 -0.481797 -0.745853 0.0234907 0
0 8486 phononL 0.004 -0.916767 -1.2581 -0.0124402 0
0 8487 phononL 0.004 0.0455921 0.160716 0.0116672 0
0 8488 phononL 0.004 -0.452456 -0.624862 -0.000863321 0
0 8489 phononL 0.004 1.28219 0.461022 -0.00356993 0
0 8490 phononL 0.004 0.902442 -0.73932 -0.026196 0
0 8491 phononL 0.004 0.410249 1.06505 -0.0330527 0
0 8492 phononL 0.004 0.883935 1.46745 -0.0341673 0
0 8493 phononL 0.004 -1.16787 -0.918471 0.0211752 0
0 8494 phononL 0.004 -0.30638 -1.59144 0.0160942 0
0 8495 phononL 0.004 -0.919134 0.0568404 0.0341205 0
0 8496 phononL 0.004 1.59577 1.55237 -0.0393671 0
0 8497 phononL 0.004 0.557166 0.0148998 0.0132498 0
0 8498 phononL 0.004 0.849024 -1.34402 0.0139579 0
0 8499 phononL 0.004 -0.137204 -1.37562 0.0213244 0
0 8500 phononL 0.004 1.32983 0.405543 0.00118876 0
0 8501 phononL 0.004 1.28148 -0.865381 0.0299765 0
0 8502 phononL 0.004 0.575104 0.0574359 -0.0201959 0
0 8503 phononL 0.004 -0.305779 1.39049 0.0188134 0
0 8504 phononL 0.004 0.696809 0.595912 -0.0344773 0
0 8505 phononL 0.004 0.804543 -0.595415 0.0237823 0
0 8506 phononL 0.004 -0.571669 -0.500483 -0.00787065 0
0 8507 phononL 0.004 -1.60427 1.58859 -0.0149486 0
0 8508 phononL 0.004 0.85029 -0.996764 0.0147374 0
0 8509 phononL 0.004 -0.573732 -1.38071 -0.0324734 0
0 8510 phononL 0.004 1.33398 -0.184337 0.0187592 0
0 8511 phononL 0.004 0.810875 -0.749757 0.0283129 0
0 8512 phononL 0.004 1.14678 0.401487 -0.0327507 0
0 8513 phononL 0.004 -1.02325 0.636501 -0.018476 0
0 8514 phononL 0.004 -1.11893 1.05146 0.0304767 0
0 8515 phononL 0.004 0.903977 -0.82811 0.0304722 0
0 8516 phononL 0.004 -1.20832 -0.2523 0.0360478 0
0 8517 phononL 0.004 0.08968 -0.781217 -0.0217483 0
0 8518 phononL 0.004 -1.14842 0.372953 0.0195957 0
0 8519 phononL 0.004 1.25321 -0.564383 -0.0211468 0
0 8520 phononL 0.004 0.637228 -0.623055 -0.0202543 0
0 8521 phononL 0.004 1.13791 -0.242619 -0.00913739 0
0 8522 phononL 0.004 -0.0421701 1.16626 0.0286405 0
0 8523 phononL 0.004 -0.566899 -0.995088 -0.0148863 0
0 8524 phononL 0.004 -1.27125 -1.28569 0.0360862 0
0 8525 phononL 0.004 0.27709 0.253906 0.0325797 0
0 8526 phononL 0.004 -0.81875 0.934874 -0.0267903 0
0 8527 phononL 0.004 -1.34397 0.989727 0.0370816 0
0 8528 phononL 0.004 -0.231697 -0.303053 0.00209134 0
0 8529 phononL 0.004 -0.8955 -1.44604 0.0198676 0
0 8530 phononL 0.004 0.333798 -1.02734 -0.0369695 0
0 8531 phononL 0.004 0.391786 -1.30802 -0.0243434 0
0 8532 phononL 0.004 1.02602 0.0876203 -0.0250135 0
0 8533 phononL 0.004 0.78132 -0.965945 -0.0234417 0
0 8534 phononL 0.004 1.03781 -0.689371 0.0221715 0
0 8535 phononL 0.004 0.725736 1.33176 -0.020402 0
0 8536 phononL 0.004 -1.64163 0.654949 -0.0294478 0
0 8537 phononL 0.004 -0.369914 -0.317194 -0.00744805 0
0 8538 phononL 0.004 0.467923 -0.111803 -0.0203454 0
0 8539 phononL 0.004 -1.4395 1.23556 0.00254442 0
0 8540 phononL 0.004 0.00653913 -0.417611 0.0362234 0
0 8541 phononL 0.004 0.684358 -0.946663 0.0232613 0
0 8542 phononL 0.004 0.993098 0.40186 0.0146232 0
0 8543 phononL 0.004 0.336656 0.485722 -0.0151509 0
0 8544 phononL 0.004 0.347234 -0.712645 -0.0314347 0
0 8545 phononL 0.004 1.31464 1.55181 0.0192019 0
0 8546 phononL 0.004 -0.152211 -0.324944 0.0154142 0
0 8547 phononL 0.004 -0.00465644 -0.123235 0.0199806 0
0 8548 phononL 0.004 0.912316 -0.487274 -0.0383462 0
0 8549 phononL 0.004 -1.12491 -0.200803 -0.021077 0
0 8550 phononL 0.004 0.0274784 -0.782476 -0.0352114 0
0 8551 phononL 0.004 -1.04322 0.322082 0.00160038 0
0 8552 phononL 0.004 -0.630392 1.41405 0.0352527 0
0 8553 phononL 0.004 0.526772 -1.41469 0.0237384 0
0 8554 phononL 0.004 1.11067 0.215716 0.00866038 0
0 8555 phononL 0.004 -0.345019 0.376521 0.0189122 0
0 8556 phononL 0.004 -0.383219 0.701516 -0.00914946 0
0 8557 phononL 0.004 1.46108 -1.05734 0.016582 0
0 8558 phononL 0.004 -1.4587 1.26667 0.0177112 0
0 8559 phononL 0.004 -0.113971 0.510074 -0.029614 0
0 8560 phononL 0.004 -0.349942 0.867768 -0.0255869 0
0 8561 phononL 0.004 -0.313577 -0.233859 -0.00408774 0
0 8562 phononL 0.004 0.408911 -0.215721 0.0134558 0
0 8563 phononL 0.004 0.61256 0.0173791 0.018086 0
0 8564 phononL 0.004 1.03138 0.59134 -0.0314554 0
0 8565 phononL 0.004 -1.12021 -1.0257 0.0330863 0
0 8566 phononL 0.004 -0.656791 1.64278 -0.0338977 0
0 8567 phononL 0.004 0.0338659 -1.37308 -0.00124705 0
0 8568 phononL 0.004 0.228864 -0.0747343 0.00754236 0
0 8569 phononL 0.004 1.4205 1.30798 -0.025068 0
0 8570 phononL 0.004 0.190011 0.0571734 0.0273457 0
0 8571 phononL 0.004 -1.43204 0.675648 0.0171682 0
0 8572 phononL 0.004 0.918411 -0.349122 -0.000885629 0
0 8573 phononL 0.004 1.49649 1.19075 0.0253371 0
0 8574 phononL 0.004 -0.642439 -0.735207 -0.0341838 0
0 8575 phononL 0.004 -1.40636 -0.541898 0.037553 0
0 8576 phononL 0.004 -1.21573 -0.107829 0.038081 0
0 8577 phononL 0.004 -1.50069 -0.822349 -0.029861 0
0 8578 phononL 0.004 1.18517 0.33246 -0.0354823 0
0 8579 phononL 0.004 -0.418709 -0.936682 -0.018354 0
0 8580 phononL 0.004 -0.620459 1.63575 0.0187714 0
0 8581 phononL 0.004 -0.0551618 -1.60869 -0.036249 0
0 8582 phononL 0.004 -0.0607313 1.24455 -0.0356135 0
0 8583 phononL 0.004 -1.24344 1.24961 0.0354889 0
0 8584 phononL 0.004 -0.208408 -1.46027 0.0211093 0
0 8585 phononL 0.004 -0.560303 0.647459 -0.0245734 0
0 8586 phononL 0.004 0.729967 1.10235 0.00800643 0
0 8587 phononL 0.004 -0.28185 1.26011 -0.00850385 0
0 8588 phononL 0.004 -0.716487 -0.792329 0.0199698 0
0 8589 phononL 0.004 0.216949 -0.870202 -0.016972 0
0 8590 phononL 0.004 -1.47216 0.882127 -0.0369479 0
0 8591 phononL 0.004 -0.353959 0.0554554 0.00849133 0
0 8592 phononL 0.004 0.797041 -1.15858 0.00531936 0
0 8593 phononL 0.004 -1.28507 -0.975136 -0.00664443 0
0 8594 phononL 0.004 0.0672685 1.61159 0.0225622 0
0 8595 phononL 0.004 -1.63177 1.49872 -0.00940433 0
0 8596 phononL 0.004 0.19824 0.268723 -0.000198402 0
0 8597 phononL 0.004 1.58887 -0.865542 0.0254055 0
0 8598 phononL 0.004 -0.840753 -1.45164 0.0365695 0
0 8599 phononL 0.004 0.955228 0.625989 0.0234691 0
0 8600 phononL 0.004 1.32102 1.34669 0.0307659 0
0 8601 phononL 0.004 0.01414 1.06114 0.0235135 0
0 8602 phononL 0.004 -1.6374 0.468861 -0.00537863 0
0 8603 phononL 0.004 -1.42748 0.431581 0.0122363 0
0 8604 phononL 0.004 -0.669782 0.689904 -0.0165296 0
0 8605 phononL 0.004 0.913133 0.335381 0.018149 0
0 8606 phononL 0.004 1.22321 -0.135961 -0.0347522 0
0 8607 phononL 0.004 1.09885 0.532176 -0.00838365 0
0 8608 phononL 0.004 1.44365 1.27501 -0.00795123 0
0 8609 phononL 0.004 0.112879 -0.863636 -0.0343526 0
0 8610 phononL 0.004 0.180668 -0.698531 -0.0257509 0
0 8611 phononL 0.004 -0.84621 -0.0208952 -0.0173779 0
0 8612 phononL 0.004 1.62988 0.479795 -0.0353316 0
0 8613 phononL 0.004 1.27587 1.34498 0.0088258 0
0 8614 phononL 0.004 1.63681 -0.770008 -0.00939518 0
0 8615 phononL 0.004 -1.04401 1.47572 -0.00792628 0
0 8616 phononL 0.004 -1.52668 -0.491142 -0.035368 0
0 8617 phononL 0.004 1.21181 -0.777266 -0.0335161 0
0 8618 phononL 0.004 -1.56747 -0.719941 0.00524264 0
0 8619 phononL 0.004 0.709653 -0.132647 0.0209748 0
0 8620 phononL 0.004 -1.4923 -0.160523 0.0190325 0
0 8621 phononL 0.004 0.428254 -0.715067 0.0286374 0
0 8622 phononL 0.004 0.585815 -0.945188 -0.00223937 0
0 8623 phononL 0.004 1.10286 0.839429 -0.0257054 0
0 8624 phononL 0.004 0.093 -0.136051 -0.0181726 0
0 8625 phononL 0.004 0.981626 -0.687231 -0.00455702 0
0 8626 phononL 0.004 1.41402 -0.599757 0.0181682 0
0 8627 phononL 0.004 0.25231 -1.04093 -0.0366018 0
0 8628 phononL 0.004 0.559164 0.789254 0.0267124 0
0 8629 phononL 0.004 0.302514 -0.3597 0.00419225 0
0 8630 phononL 0.004 1.58051 -0.236157 -0.0197871 0
0 8631 phononL 0.004 -0.0660903 -1.46404 -0.00770162 0
0 8632 phononL 0.004 -0.995651 -1.23326 0.0317219 0
0 8633 phononL 0.004 -0.518717 -1.07685 0.0377694 0
0 8634 phononL 0.004 0.994903 1.46399 0.00821864 0
0 8635 phononL 0.004 0.434177 1.26939 -0.00385912 0
0 8636 phononL 0.004 0.389604 -0.388506 -0.00248369 0
0 8637 phononL 0.004 1.08915 -0.511332 -0.00189618 0
0 8638 phononL 0.004 0.0836729 -1.37258 0.0310359 0
0 8639 phononL 0.004 -0.904843 0.879343 0.0219174 0
0 8640 phononL 0.004 -1.15008 1.05971 0.0299359 0
0 8641 phononL 0.004 0.487901 -1.18698 0.00411478 0
0 8642 phononL 0.004 -1.58351 0.809872 0.00862114 0
0 8643 phononL 0.004 -0.254795 0.716204 0.0307006 0
0 8644 phononL 0.004 1.59213 -0.279731 0.0189598 0
0 8645 phononL 0.004 -1.38044 -0.953578 0.0306597 0
0 8646 phononL 0.004 0.249196 1.01213 0.033228 0
0 8647 phononL 0.004 0.170407 1.2814 -0.00183844 0
0 8648 phononL 0.004 0.821558 -1.06339 -0.0124191 0
0 8649 phononL 0.004 0.927323 -1.55503 0.0244131 0
0 8650 phononL 0.004 1.5245 0.960972 -0.00703906 0
0 8651 phononL 0.004 -1.43028 0.779886 0.0344535 0
0 8652 phononL 0.004 1.22746 -0.626654 0.00846949 0
0 8653 phononL 0.004 0.439301 0.305856 -0.0326014 0
0 8654 phononL 0.004 0.855647 0.903586 0.0358143 0
0 8655 phononL 0.004 -0.630252 0.428344 0.0289819 0
0 8656 phononL 0.004 0.740799 -1.37428 0.00677087 0
0 8657 phononL 0.004 -1.03122 0.784167 0.0236473 0
0 8658 phononL 0.004 -0.578368 -0.292357 0.0292526 0
0 8659 phononL 0.004 -1.26807 -1.22592 -0.000794037 0
0 8660 phononL 0.004 1.30514 -1.63018 -0.013501 0
0 8661 phononL 0.004 0.773783 1.24688 -0.00485934 0
0 8662 phononL 0.004 -0.648852 -1.17886 -0.0318039 0
0 8663 phononL 0.004 -0.54113 0.82958 0.0397041 0
0 8664 phononL 0.004 -0.227264 0.515173 0.00468371 0
0 8665 phononL 0.004 0.401958 -0.00599422 0.0129172 0
0 8666 phononL 0.004 1.37585 0.379294 0.0144314 0
0 8667 phononL 0.004 1.58513 0.96079 -0.0140986 0
0 8668 phononL 0.004 1.35396 1.02333 0.0264259 0
0 8669 phononL 0.004 1.55706 -0.573365 0.0100851 0
0 8670 phononL 0.004 0.513347 -1.34119 -0.0193668 0
0 8671 phononL 0.004 0.313505 -0.839708 -0.031031 0
0 8672 phononL 0.004 -1.64185 1.38773 0.0290214 0
0 8673 phononL 0.004 0.118133 1.32246 -0.00868584 0
0 8674 phononL 0.004 -1.64637 0.191053 -0.00142083 0
0 8675 phononL 0.004 0.633791 -1.40684 0.028289 0
0 8676 phononL 0.004 -0.0620212 0.918291 -0.0317763 0
0 8677 phononL 0.004 -0.235106 1.51773 -0.0285676 0
0 8678 phononL 0.004 0.322233 1.34896 0.0214407 0
0 8679 phononL 0.004 -0.016118 -1.14057 0.0286345 0
0 8680 phononL 0.004 0.889833 -0.446291 -0.00645682 0
0 8681 phononL 0.004 -0.407838 1.1792 -0.0136784 0
0 8682 phononL 0.004 -1.40156 -0.0485572 -0.0301244 0
0 8683 phononL 0.004 -0.122745 -1.34679 0.0137444 0
0 8684 phononL 0.004 -0.751583 -1.10397 0.01388 0
0 8685 phononL 0.004 1.234 1.52773 -0.03454 0
0 8686 phononL 0.004 0.729571 0.570579 -0.0245343 0
0 8687 phononL 0.004 -1.56003 0.188628 0.0125766 0
0 8688 phononL 0.004 -0.616625 -1.19901 0.019129 0
0 8689 phononL 0.004 -0.682896 0.773561 0.0123579 0
0 8690 phononL 0.004 -0.336872 0.3568 -0.0317358 0
0 8691 phononL 0.004 1.61795 -0.84554 0.0296347 0
0 8692 phononL 0.004 -0.738873 0.0212276 -0.034714 0
0 8693 phononL 0.004 -1.10223 1.49181 -0.0151921 0
0 8694 phononL 0.004 1.34152 1.07387 0.0141107 0
0 8695 phononL 0.004 0.476552 -0.655353 -0.00138342 0
0 8696 phononL 0.004 0.757064 -0.136543 0.0383553 0
0 8697 phononL 0.004 1.3878 0.155508 0.01648 0
0 8698 phononL 0.004 0.841491 -1.03999 0.0195209 0
0 8699 phononL 0.004 -0.442962 0.40992 0.0301753 0
0 8700 phononL 0.004 0.244479 0.956471 0.0268687 0
0 8701 phononL 0.004 0.472421 1.35668 -0.0286244 0
0 8702 phononL 0.004 1.48972 -0.911736 0.019211 0
0 8703 phononL 0.004 -0.0384577 -0.315909 0.00554685 0
0 8704 phononL 0.004 -0.849263 -1.58799 -0.0329594 0
0 8705 phononL 0.004 -0.0650978 -1.37038 -0.00612126 0
0 8706 phononL 0.004 -0.753813 1.39675 0.00380858 0
0 8707 phononL 0.004 -0.483246 1.45582 0.00858665 0
0 8708 phononL 0.004 0.370323 -0.543965 -0.0278509 0
0 8709 phononL 0.004 0.830757 -1.27145 -0.00512742 0
0 8710 phononL 0.004 -1.12654 -0.0222108 0.0244734 0
0 8711 phononL 0.004 0.89521 0.983237 0.0210091 0
0 8712 phononL 0.004 0.716218 1.45209 0.0272368 0
0 8713 phononL 0.004 1.44472 -0.317906 0.0200299 0
0 8714 phononL 0.004 -0.594759 -0.89568 0.034255 0
0 8715 phononL 0.004 1.40804 0.511137 -0.0354161 0
0 8716 phononL 0.004 -1.63676 0.512257 -0.0341918 0
0 8717 phononL 0.004 -1.54141 -0.410742 -0.0060015 0
0 8718 phononL 0.004 0.20859 -1.4333 -0.01032 0
0 8719 phononL 0.004 1.19814 -0.466031 -0.00038659 0
0 8720 phononL 0.004 -1.2929 0.25935 0.0167475 0
0 8721 phononL 0.004 -1.19709 -1.63855 0.000879793 0
0 8722 phononL 0.004 0.377072 -1.12814 -0.0352619 0
0 8723 phononL 0.004 -1.24661 0.346952 -0.00845549 0
0 8724 phononL 0.004 -0.32356 -0.738833 -0.0121231 0
0 8725 phononL 0.004 0.990343 -1.48742 -0.0098398 0
0 8726 phononL 0.004 -0.843473 0.300352 -0.00291055 0
0 8727 phononL 0.004 0.993818 -1.26451 0.020656 0
0 8728 phononL 0.004 0.597425 0.552119 0.0170549 0
0 8729 phononL 0.004 1.13937 0.878099 -0.0235094 0
0 8730 phononL 0.004 1.57097 1.32382 0.00551016 0
0 8731 phononL 0.004 -1.52756 1.1249 -0.00991729 0
0 8732 phononL 0.004 0.981445 -0.346554 -0.016437 0
0 8733 phononL 0.004 -0.710516 -0.410162 0.028924 0
0 8734 phononL 0.004 -1.19388 0.0308321 0.00391536 0
0 8735 phononL 0.004 -0.398934 -0.741166 0.0317845 0
0 8736 phononL 0.004 -1.36198 0.391595 0.00044999 0
0 8737 phononL 0.004 -1.23795 -1.19249 -0.00546518 0
0 8738 phononL 0.004 -0.171408 1.47224 0.0300286 0
0 8739 phononL 0.004 0.0691177 -1.15456 0.00357967 0
0 8740 phononL 0.004 1.37512 0.389927 -0.015152 0
0 8741 phononL 0.004 -0.493663 -0.783938 -0.0029013 0
0 8742 phononL 0.004 0.419691 1.1173 -0.0256774 0
0 8743 phononL 0.004 -0.987945 0.045052 -0.00472828 0
0 8744 phononL 0.004 -0.388608 -0.325048 0.0180282 0
0 8745 phononL 0.004 -0.733814 0.2396 0.0106129 0
0 8746 phononL 0.004 -1.59193 -1.44348 -0.00145131 0
0 8747 phononL 0.004 1.65231 -0.873633 0.0174751 0
0 8748 phononL 0.004 -0.0261239 -1.55258 0.00580433 0
0 8749 phononL 0.004 -1.33706 1.35906 -0.00731491 0
0 8750 phononL 0.004 -0.670224 -1.12826 0.0393837 0
0 8751 phononL 0.004 -0.0302132 -1.44705 -0.0258874 0
0 8752 phononL 0.004 0.0720331 0.164371 -0.0320927 0
0 8753 phononL 0.004 -0.22637 1.49247 -0.026202 0
0 8754 phononL 0.004 -1.01561 1.33903 0.0106462 0
0 8755 phononL 0.004 0.681612 -0.621507 0.0228413 0
0 8756 phononL 0.004 -0.665628 -0.544926 -0.000625459 0
0 8757 phononL 0.004 0.32117 -0.16199 -0.00455124 0
0 8758 phononL 0.004 -0.110339 -0.972791 -0.00827107 0
0 8759 phononL 0.004 0.164474 0.671187 -0.00656595 0
0 8760 phononL 0.004 -1.38644 0.0352243 0.0044764 0
0 8761 phononL 0.004 -0.868699 0.199176 -0.0278374 0
0 8762 phononL 0.004 0.25455 -0.138261 0.0383189 0
0 8763 phononL 0.004 1.63111 0.535341 0.0118501 0
0 8764 phononL 0.004 -0.16026 -1.54568 0.0177448 0
0 8765 phononL 0.004 -1.54836 -1.28646 -0.0189252 0
0 8766 phononL 0.004 0.582833 1.27196 -0.0321872 0
0 8767 phononL 0.004 -1.42526 -1.47638 -0.0364401 0
0 8768 phononL 0.004 -0.669089 -0.394794 0.00957728 0
0 8769 phononL 0.004 1.38292 -1.26021 -0.00923291 0
0 8770 phononL 0.004 -0.131162 -1.21358 -0.0355856 0
0 8771 phononL 0.004 -0.355512 -1.13716 -0.0309275 0
0 8772 phononL 0.004 1.53676 0.361704 0.00399673 0
0 8773 phononL 0.004 1.60287 1.46003 0.0332818 0
0 8774 phononL 0.004 -0.0888245 0.817332 0.0173682 0
0 8775 phononL 0.004 -1.14646 -1.40915 -0.0180463 0
0 8776 phononL 0.004 1.41487 1.50735 0.00503442 0
0 8777 phononL 0.004 0.152066 1.55032 0.0139549 0
0 8778 phononL 0.004 -1.52931 1.60481 -0.0280197 0
0 8779 phononL 0.004 1.37009 0.994591 0.0117735 0
0 8780 phononL 0.004 -0.995979 -1.57911 -0.00160462 0
0 8781 phononL 0.004 -0.664379 1.32202 -0.00690791 0
0 8782 phononL 0.004 -0.58547 -0.0531317 0.0057989 0
0 8783 phononL 0.004 1.47713 -1.38245 0.00971901 0
0 8784 phononL 0.004 -0.992615 -1.08401 -0.0146194 0
0 8785 phononL 0.004 0.449953 0.855523 -0.00929337 0
0 8786 phononL 0.004 -1.19853 0.799082 -0.0295768 0
0 8787 phononL 0.004 1.50461 0.847334 -0.0152772 0
0 8788 phononL 0.004 0.523392 -0.907471 -0.00895148 0
0 8789 phononL 0.004 -1.46349 1.02119 -0.0197633 0
0 8790 phononL 0.004 -0.275685 -1.21175 -0.024579 0
0 8791 phononL 0.004 0.186816 0.0440441 -0.0352495 0
0 8792 phononL 0.004 -1.20425 0.518691 -0.0127088 0
0 8793 phononL 0.004 1.6506 -1.0714 0.0125835 0
0 8794 phononL 0.004 -1.58307 1.30384 0.0202258 0
0 8795 phononL 0.004 0.597402 -1.5702 0.027658 0
0 8796 phononL 0.004 -1.19484 1.28486 -0.0273882 0
0 8797 phononL 0.004 0.271853 0.706598 -0.0107091 0
0 8798 phononL 0.004 0.0478626 0.483737 0.00561754 0
0 8799 phononL 0.004 1.23249 0.858949 0.0332843 0
0 8800 phononL 0.004 -0.411504 -0.073897 0.0387204 0
0 8801 phononL 0.004 1.20982 -0.157316 0.0265636 0
0 8802 phononL 0.004 -0.172309 -0.617576 0.0387101 0
0 8803 phononL 0.004 1.08637 -0.286296 0.0212477 0
0 8804 phononL 0.004 1.35407 -0.745653 0.0281215 0
0 8805 phononL 0.004 0.401742 0.773993 0.0212054 0
0 8806 phononL 0.004 0.42681 -1.4921 0.0376153 0
0 8807 phononL 0.004 0.38328 -1.55405 -0.022403 0
0 8808 phononL 0.004 1.59094 0.196835 0.00758634 0
0 8809 phononL 0.004 -0.464651 -0.729611 0.0363444 0
0 8810 phononL 0.004 -0.646226 -1.6505 0.0258134 0
0 8811 phononL 0.004 -0.576704 -0.221062 0.027595 0
0 8812 phononL 0.004 -1.0285 0.0797367 0.00474256 0
0 8813 phononL 0.004 1.27875 -1.37993 -0.0183184 0
0 8814 phononL 0.004 0.193862 -0.62458 -0.000283013 0
0 8815 phononL 0.004 1.24515 -0.646908 0.0305724 0
0 8816 phononL 0.004 0.628085 -0.639936 0.0194499 0
0 8817 phononL 0.004 -1.50619 1.13033 0.0356639 0
0 8818 phononL 0.004 0.791255 -1.31562 0.00874866 0
0 8819 phononL 0.004 -0.893044 1.52544 -0.00930712 0
0 8820 phononL 0.004 -1.02628 1.13905 -0.0297458 0
0 8821 phononL 0.004 -0.615653 0.160779 0.0132325 0
0 8822 phononL 0.004 0.75074 0.886318 0.0327705 0
0 8823 phononL 0.004 0.357494 1.4833 -0.0381851 0
0 8824 phononL 0.004 -0.721189 -1.52926 0.00342786 0
0 8825 phononL 0.004 -0.78767 1.06464 0.0219586 0
0 8826 phononL 0.004 -0.0395588 -0.716176 0.0269109 0
0 8827 phononL 0.004 -1.01332 -0.80465 0.0057411 0
0 8828 phononL 0.004 0.752118 -0.796093 -0.00814698 0
0 8829 phononL 0.004 -0.113775 -0.620919 -0.0373397 0
0 8830 phononL 0.004 -1.63982 0.630661 -0.0153491 0
0 8831 phononL 0.004 1.06869 0.0581033 0.0243414 0
0 8832 phononL 0.004 0.504964 -0.818137 -0.0102345 0
0 8833 phononL 0.004 1.14599 1.07917 0.0230906 0
0 8834 phononL 0.004 0.0201901 -0.752689 0.0163094 0
0 8835 phononL 0.004 1.06844 -0.554981 -0.0124542 0
0 8836 phononL 0.004 -1.08365 1.00211 -0.0348611 0
0 8837 phononL 0.004 0.178596 0.163394 0.00976083 0
0 8838 phononL 0.004 1.1365 -1.33031 -0.00665056 0
0 8839 phononL 0.004 0.920956 -0.339538 -0.00665013 0
0 8840 phononL 0.004 -0.413576 -0.910899 0.0262622 0
0 8841 phononL 0.004 1.5907 1.13204 0.00361171 0
0 8842 phononL 0.004 1.46648 -1.54504 0.0302823 0
0 8843 phononL 0.004 -0.954195 -1.33903 0.00538188 0
0 8844 phononL 0.004 -0.671322 0.349603 0.00263406 0
0 8845 phononL 0.004 0.471831 0.379937 -0.0323816 0
0 8846 phononL 0.004 1.11025 -0.907668 -0.02051 0
0 8847 phononL 0.004 1.05979 -0.538686 -0.00797574 0
0 8848 phononL 0.004 -0.33775 0.598728 0.0282721 0
0 8849 phononL 0.004 0.581642 -0.0714741 0.0279028 0
0 8850 phononL 0.004 -0.518802 -1.3113 0.0370471 0
0 8851 phononL 0.004 0.841915 -1.17441 0.0182183 0
0 8852 phononL 0.004 0.815157 -0.0536084 -0.0255218 0
0 8853 phononL 0.004 1.61519 0.387064 -0.00552146 0
0 8854 phononL 0.004 0.153304 0.818179 -0.00735973 0
0 8855 phononL 0.004 1.51048 0.677989 -0.0233984 0
0 8856 phononL 0.004 -0.850241 -1.27009 0.00797439 0
0 8857 phononL 0.004 -0.53599 1.54616 -0.0301786 0
0 8858 phononL 0.004 0.698281 0.381403 -0.0354419 0
0 8859 phononL 0.004 -1.18803 -0.291344 0.0258538 0
0 8860 phononL 0.004 1.23388 0.830708 0.00556741 0
0 8861 phononL 0.004 0.727164 1.3499 0.0303307 0
0 8862 phononL 0.004 -0.753756 -0.76638 -0.0387741 0
0 8863 phononL 0.004 0.163109 1.61416 -0.0164861 0
0 8864 phononL 0.004 1.54437 -1.51369 -0.000183462 0
0 8865 phononL 0.004 1.36312 0.838616 -0.0193002 0
0 8866 phononL 0.004 -1.08733 0.807006 0.02691 0
0 8867 phononL 0.004 -0.892866 -0.425765 -0.00537387 0
0 8868 phononL 0.004 -1.069 -0.227654 0.0170161 0
0 8869 phononL 0.004 -0.263497 1.35001 -0.0193341 0
0 8870 phononL 0.004 1.04277 -1.25222 -0.0245253 0
0 8871 phononL 0.004 -0.558379 1.1826 0.000602547 0
0 8872 phononL 0.004 0.534867 -1.32503 0.0185115 0
0 8873 phononL 0.004 -1.27046 0.801034 -0.0182746 0
0 8874 phononL 0.004 -0.919211 -0.984099 0.00246592 0
0 8875 phononL 0.004 0.627179 -0.314686 -0.0398742 0
0 8876 phononL 0.004 -1.19791 -1.55776 6.44337e-06 0
0 8877 phononL 0.004 0.151736 0.923274 -0.00780427 0
0 8878 phononL 0.004 -0.18978 0.605079 -0.0352898 0
0 8879 phononL 0.004 -0.614405 -0.530929 0.0111926 0
0 8880 phononL 0.004 1.52017 -0.227789 0.0350091 0
0 8881 phononL 0.004 0.67862 0.672996 0.0173775 0
0 8882 phononL 0.004 -1.62567 -1.16912 0.00921949 0
0 8883 phononL 0.004 -0.0493323 -1.42193 0.0106384 0
0 8884 phononL 0.004 1.29095 0.569396 -0.00963517 0
0 8885 phononL 0.004 0.591994 -1.14479 0.0128587 0
0 8886 phononL 0.004 0.198251 0.972367 -0.000751804 0
0 8887 phononL 0.004 -0.741948 -0.879176 -0.0155366 0
0 8888 phononL 0.004 -0.744634 1.63351 0.0236813 0
0 8889 phononL 0.004 0.108434 -0.465668 0.0212989 0
0 8890 phononL 0.004 1.29599 -0.663849 0.0337036 0
0 8891 phononL 0.004 0.0976629 -1.49373 -0.0133612 0
0 8892 phononL 0.004 -1.54516 -0.726793 0.00663446 0
0 8893 phononL 0.004 1.5535 -1.14289 -0.0269455 0
0 8894 phononL 0.004 -0.290028 1.60144 -0.00244429 0
0 8895 phononL 0.004 0.427104 0.0558439 0.00847525 0
0 8896 phononL 0.004 0.586856 -0.155489 -0.0321078 0
0 8897 phononL 0.004 -1.35426 -1.08058 0.0329147 0
0 8898 phononL 0.004 0.457896 1.0881 0.0151133 0
0 8899 phononL 0.004 0.932453 0.832132 0.0351384 0
0 8900 phononL 0.004 -1.11697 -0.315235 -0.00334467 0
0 8901 phononL 0.004 1.07073 0.602164 0.00805049 0
0 8902 phononL 0.004 0.622086 -0.849361 -0.0279468 0
0 8903 phononL 0.004 -1.28955 -1.38816 -0.00194583 0
0 8904 phononL 0.004 0.386295 1.55071 -0.0226771 0
0 8905 phononL 0.004 0.40452 -0.873619 -0.00365759 0
0 8906 phononL 0.004 0.961453 -0.653627 0.0278362 0
0 8907 phononL 0.004 0.262505 1.4062 -0.00227078 0
0 8908 phononL 0.004 -0.0981259 -1.39189 0.033029 0
0 8909 phononL 0.004 1.24495 -1.57188 -0.00998276 0
0 8910 phononL 0.004 -1.15781 -0.0626629 -0.0349709 0
0 8911 phononL 0.004 0.685696 0.658585 -0.0306025 0
0 8912 phononL 0.004 -0.624304 -0.187226 -0.0371396 0
0 8913 phononL 0.004 -0.218499 -0.398973 -0.017526 0
0 8914 phononL 0.004 -1.1483 1.01963 -0.000802756 0
0 8915 phononL 0.004 -0.903352 -1.10777 -0.0197635 0
0 8916 phononL 0.004 -0.416362 -0.578291 0.0241461 0
0 8917 phononL 0.004 -1.47381 1.32874 0.0069477 0
0 8918 phononL 0.004 -0.665162 -0.265363 -0.0223268 0
0 8919 phononL 0.004 0.619257 0.961272 -0.0269309 0
0 8920 phononL 0.004 -1.60966 1.3021 0.0331937 0
0 8921 phononL 0.004 1.21744 1.41652 -0.0118925 0
0 8922 phononL 0.004 -1.35327 -1.07522 -0.00848356 0
0 8923 phononL 0.004 0.747004 -0.0404481 -0.00494826 0
0 8924 phononL 0.004 -1.41229 -0.236452 0.0395678 0
0 8925 phononL 0.004 -0.377004 -0.574937 -0.0128405 0
0 8926 phononL 0.004 -0.0802214 -0.618837 0.0365798 0
0 8927 phononL 0.004 -0.0910675 -0.731595 -0.00595393 0
0 8928 phononL 0.004 -0.404638 0.229302 0.022972 0
0 8929 phononL 0.004 -0.0127937 0.581283 0.0224378 0
0 8930 phononL 0.004 0.518098 -1.01026 -0.0345214 0
0 8931 phononL 0.004 -0.0155877 0.92979 0.0308167 0
0 8932 phononL 0.004 1.04516 1.08794 0.01603 0
0 8933 phononL 0.004 0.759213 1.04379 -0.0122701 0
0 8934 phononL 0.004 1.09045 0.938986 0.0308757 0
0 8935 phononL 0.004 1.28319 -0.487267 0.00810258 0
0 8936 phononL 0.004 -1.50371 1.13225 0.0103499 0
0 8937 phononL 0.004 -0.303534 -0.936298 -0.00927891 0
0 8938 phononL 0.004 1.15945 0.284611 -0.0119989 0
0 8939 phononL 0.004 -0.337268 -0.686181 0.0100249 0
0 8940 phononL 0.004 -0.924155 0.98925 -0.0345918 0
0 8941 phononL 0.004 -1.53054 -0.537245 0.0386514 0
0 8942 phononL 0.004 -0.165408 -0.214409 -0.0113012 0
0 8943 phononL 0.004 -0.331654 -0.246049 0.0123739 0
0 8944 phononL 0.004 -0.34016 -0.127676 -0.0327916 0
0 8945 phononL 0.004 -0.237304 0.375198 0.0391657 0
0 8946 phononL 0.004 -0.325208 1.06116 0.0340558 0
0 8947 phononL 0.004 -1.41256 -0.871094 0.0366718 0
0 8948 phononL 0.004 1.60286 1.25583 -0.00977756 0
0 8949 phononL 0.004 0.0785938 -1.42395 -0.00882982 0
0 8950 phononL 0.004 -0.622794 0.835757 0.0222196 0
0 8951 phononL 0.004 -1.02687 -0.807819 -0.0019236 0
0 8952 phononL 0.004 1.57983 -1.11265 0.0135332 0
0 8953 phononL 0.004 -0.624339 -1.5027 0.0142126 0
0 8954 phononL 0.004 -1.34929 -0.848534 0.0258508 0
0 8955 phononL 0.004 -0.284816 -0.442335 -0.039494 0
0 8956 phononL 0.004 -1.64659 -1.27056 -0.0073714 0
0 8957 phononL 0.004 0.154648 -1.16434 0.013798 0
0 8958 phononL 0.004 -1.00129 0.110956 -0.0197121 0
0 8959 phononL 0.004 -0.278928 -0.844978 0.020841 0
0 8960 phononL 0.004 0.576902 0.940068 -0.031676 0
0 8961 phononL 0.004 1.31164 1.3586 0.0204269 0
0 8962 phononL 0.004 1.42905 -0.0272576 0.000468945 0
0 8963 phononL 0.004 -1.53358 -0.126139 -0.0165528 0
0 8964 phononL 0.004 0.912332 -0.388882 -0.0253499 0
0 8965 phononL 0.004 -1.10214 -1.17195 -0.026298 0
0 8966 phononL 0.004 -0.492226 -1.2922 0.0363144 0
0 8967 phononL 0.004 0.928498 -1.65782 0.0152933 0
0 8968 phononL 0.004 -1.04212 -1.00025 0.0159796 0
0 8969 phononL 0.004 0.805714 -0.773842 -0.0259608 0
0 8970 phononL 0.004 -0.619943 0.352323 -0.0287437 0
0 8971 phononL 0.004 0.0270792 -1.20569 -0.0397552 0
0 8972 phononL 0.004 -1.06726 0.0242124 0.0324401 0
0 8973 phononL 0.004 -0.71272 0.0897819 0.0382329 0
0 8974 phononL 0.004 -0.0528464 0.262775 0.0279138 0
0 8975 phononL 0.004 0.297849 0.425795 -0.0359081 0
0 8976 phononL 0.004 0.602463 0.61665 0.0338544 0
0 8977 phononL 0.004 0.49002 0.500176 0.0327711 0
0 8978 phononL 0.004 -1.10281 -0.795649 -0.0391371 0
0 8979 phononL 0.004 0.278572 -1.2393 0.0251391 0
0 8980 phononL 0.004 1.22736 0.908204 -0.0358946 0
0 8981 phononL 0.004 -1.55448 -0.789643 0.00978222 0
0 8982 phononL 0.004 -1.07697 1.34703 0.00587563 0
0 8983 phononL 0.004 1.35165 -0.978017 -0.0192532 0
0 8984 phononL 0.004 -1.61036 1.63875 -0.0222758 0
0 8985 phononL 0.004 0.144328 0.739025 0.00176529 0
0 8986 phononL 0.004 -0.908829 -1.49547 0.00402992 0
0 8987 phononL 0.004 -0.4458 0.156098 -0.014867 0
0 8988 phononL 0.004 0.316388 1.04058 0.00595077 0
0 8989 phononL 0.004 1.26767 1.24048 0.0154926 0
0 8990 phononL 0.004 -0.751568 0.529018 0.0108687 0
0 8991 phononL 0.004 -1.00757 1.21643 0.0138761 0
0 8992 phononL 0.004 -0.805958 -1.44519 0.0373645 0
0 8993 phononL 0.004 -1.10403 1.47308 0.0118464 0
0 8994 phononL 0.004 -0.829238 0.250915 0.000124689 0
0 8995 phononL 0.004 -1.4572 -1.53892 -0.0229597 0
0 8996 phononL 0.004 0.0658788 -1.1688 -0.0139744 0
0 8997 phononL 0.004 -0.458353 -0.350861 -0.0113481 0
0 8998 phononL 0.004 0.829372 0.738179 0.0381478 0
0 8999 phononL 0.004 -1.16376 0.529959 -0.0396388 0
0 9000 phononL 0.004 -0.525783 -1.24576 -0.0363499 0
0 9001 phononL 0.004 -0.578331 1.56797 -0.0333026 0
0 9002 phononL 0.004 1.10276 -1.40993 -0.0130284 0
0 9003 phononL 0.004 1.53954 -1.47591 0.02784 0
0 9004 phononL 0.004 -1.0132 -0.056573 0.0357067 0
0 9005 phononL 0.004 1.53922 0.324701 -0.0278042 0
0 9006 phononL 0.004 0.0458855 0.102048 0.0042258 0
0 9007 phononL 0.004 0.552922 -1.05186 0.0290888 0
0 9008 phononL 0.004 -0.535491 1.28122 0.013286 0
0 9009 phononL 0.004 -1.56256 -0.133629 -0.0302746 0
0 9010 phononL 0.004 0.269487 -0.517455 0.0372369 0
0 9011 phononL 0.004 -0.872266 -0.388245 -0.0321886 0
0 9012 phononL 0.004 -0.961549 1.55501 -0.0031506 0
0 9013 phononL 0.004 1.529 -1.65898 0.0373867 0
0 9014 phononL 0.004 0.923755 -0.816026 0.0114053 0
0 9015 phononL 0.004 0.209497 -0.0275117 -0.0352909 0
0 9016 phononL 0.004 -0.00779986 1.36864 0.0192638 0
0 9017 phononL 0.004 0.847001 0.964171 -0.0176957 0
0 9018 phononL 0.004 -1.60068 -0.848864 -0.016726 0
0 9019 phononL 0.004 -1.65499 -0.193303 -0.000520859 0
0 9020 phononL 0.004 0.0355801 1.2556 0.0259951 0
0 9021 phononL 0.004 0.0434993 -1.26184 -0.0393769 0
0 9022 phononL 0.004 -1.35188 1.38055 0.0135843 0
0 9023 phononL 0.004 1.46868 -1.65247 -0.0112851 0
0 9024 phononL 0.004 1.37905 0.0196955 -0.029869 0
0 9025 phononL 0.004 -0.940888 -0.344521 0.0371414 0
0 9026 phononL 0.004 -0.299008 -1.61563 0.00377701 0
0 9027 phononL 0.004 -1.49762 -1.01636 0.0283862 0
0 9028 phononL 0.004 0.850806 1.4156 0.0132964 0
0 9029 phononL 0.004 -0.465122 -1.42697 0.0148647 0
0 9030 phononL 0.004 -1.19282 -0.966332 0.0150933 0
0 9031 phononL 0.004 -1.46251 0.868489 -0.0260238 0
0 9032 phononL 0.004 -0.643753 0.347591 0.0306293 0
0 9033 phononL 0.004 0.1453 -0.664877 0.0222806 0
0 9034 phononL 0.004 -1.34923 0.714621 -0.00510117 0
0 9035 phononL 0.004 -0.247767 0.50902 0.00713932 0
0 9036 phononL 0.004 -1.56206 1.51681 0.0374873 0
0 9037 phononL 0.004 0.299202 0.802634 -0.0268998 0
0 9038 phononL 0.004 -0.0977661 -1.07322 -0.0297194 0
0 9039 phononL 0.004 0.471313 1.23695 0.0036809 0
0 9040 phononL 0.004 0.0891048 0.573031 -0.0194406 0
0 9041 phononL 0.004 1.16443 -1.62905 -3.30972e-05 0
0 9042 phononL 0.004 0.985686 -1.13542 -0.0264255 0
0 9043 phononL 0.004 -0.487551 0.746984 0.0258342 0
0 9044 phononL 0.004 -1.41604 1.23934 -0.0114219 0
0 9045 phononL 0.004 0.46778 1.51405 0.00395708 0
0 9046 phononL 0.004 0.521642 -1.3903 -0.0048 0
0 9047 phononL 0.004 0.550277 1.22249 0.0336488 0
0 9048 phononL 0.004 -0.156036 -0.651123 0.0275797 0
0 9049 phononL 0.004 -1.35827 0.421195 0.0299979 0
0 9050 phononL 0.004 -1.52594 0.37816 -0.0170427 0
0 9051 phononL 0.004 1.59718 -0.567775 0.032489 0
0 9052 phononL 0.004 -1.41212 -1.6227 0.0162215 0
0 9053 phononL 0.004 1.04575 0.807092 -0.00954159 0
0 9054 phononL 0.004 -0.543075 -1.44506 0.0289346 0
0 9055 phononL 0.004 0.96062 -0.763921 -0.00582042 0
0 9056 phononL 0.004 -0.499782 1.49459 -0.00763529 0
0 9057 phononL 0.004 -1.04505 1.52977 0.0179536 0
0 9058 phononL 0.004 0.62095 -0.379718 0.0227084 0
0 9059 phononL 0.004 1.6282 -0.119205 -0.0071229 0
0 9060 phononL 0.004 -1.1076 0.975464 -0.0126156 0
0 9061 phononL 0.004 0.957965 0.683813 0.000830911 0
0 9062 phononL 0.004 -0.888866 -0.0459809 -0.00238449 0
0 9063 phononL 0.004 -1.45054 1.60395 0.0113642 0
0 9064 phononL 0.004 1.2654 1.40916 -0.00765061 0
0 9065 phononL 0.004 1.27845 -0.777587 0.0180391 0
0 9066 phononL 0.004 -1.49434 -1.30516 0.0363201 0
0 9067 phononL 0.004 0.839706 1.20095 0.030631 0
0 9068 phononL 0.004 -1.02158 1.40186 -0.0265223 0
0 9069 phononL 0.004 0.315741 -1.33961 0.0243686 0
0 9070 phononL 0.004 -1.35602 0.696485 -0.038539 0
0 9071 phononL 0.004 -1.38245 -0.525661 0.0386685 0
0 9072 phononL 0.004 1.30634 0.075619 0.0291627 0
0 9073 phononL 0.004 -0.622177 0.0445978 -0.0369362 0
0 9074 phononL 0.004 -0.756288 0.137516 0.00530891 0
0 9075 phononL 0.004 -0.508647 -1.23618 -0.0359519 0
0 9076 phononL 0.004 -0.222418 -0.678683 -0.000923598 0
0 9077 phononL 0.004 -0.373808 -0.084258 -0.035316 0
0 9078 phononL 0.004 1.48287 -0.691986 0.032832 0
0 9079 phononL 0.004 0.878453 -0.941601 0.0359292 0
0 9080 phononL 0.004 -0.713422 -0.864837 -0.000890926 0
0 9081 phononL 0.004 -1.50026 1.33171 0.0312981 0
0 9082 phononL 0.004 -0.443184 -0.607445 -0.00569386 0
0 9083 phononL 0.004 1.41584 -1.60883 -0.0236009 0
0 9084 phononL 0.004 -1.18844 1.10797 0.0358597 0
0 9085 phononL 0.004 0.528673 -1.4005 0.0282939 0
0 9086 phononL 0.004 0.595053 -0.650971 -0.0115948 0
0 9087 phononL 0.004 -1.30776 0.167713 0.035422 0
0 9088 phononL 0.004 -0.679195 0.464297 0.00934516 0
0 9089 phononL 0.004 -0.407831 1.1428 0.0276747 0
0 9090 phononL 0.004 -1.13386 -0.137951 0.0101667 0
0 9091 phononL 0.004 -1.62317 -1.57707 0.0104801 0
0 9092 phononL 0.004 0.757409 0.278915 0.0306024 0
0 9093 phononL 0.004 -1.00551 0.285571 -0.0154389 0
0 9094 phononL 0.004 0.855081 -1.38393 -0.00346737 0
0 9095 phononL 0.004 0.606394 -1.00918 0.0295408 0
0 9096 phononL 0.004 1.27769 1.05843 0.0173711 0
0 9097 phononL 0.004 -0.0109438 0.656806 0.0111846 0
0 9098 phononL 0.004 1.36006 -1.5423 -0.0031809 0
0 9099 phononL 0.004 1.59128 1.46662 -0.0235736 0
0 9100 phononL 0.004 0.371707 -0.351911 0.00138931 0
0 9101 phononL 0.004 1.37499 -0.655122 -0.00668796 0
0 9102 phononL 0.004 1.31248 -0.938001 0.0244376 0
0 9103 phononL 0.004 -0.610782 0.575629 -0.0359637 0
0 9104 phononL 0.004 -0.589096 1.63104 0.0317382 0
0 9105 phononL 0.004 0.76286 0.790257 -0.00572267 0
0 9106 phononL 0.004 -0.30841 -1.5178 -0.0326223 0
0 9107 phononL 0.004 0.334532 1.34066 -0.0340002 0
0 9108 phononL 0.004 1.01457 -0.132894 -0.00360935 0
0 9109 phononL 0.004 1.41701 -1.49103 0.000964568 0
0 9110 phononL 0.004 0.503146 -1.14001 0.0230859 0
0 9111 phononL 0.004 0.820569 -0.96725 -0.0115065 0
0 9112 phononL 0.004 -1.17441 -1.54742 -0.0297947 0
0 9113 phononL 0.004 -0.45194 -1.65304 0.0361727 0
0 9114 phononL 0.004 -1.11651 -0.0785045 -0.00682904 0
0 9115 phononL 0.004 0.30107 0.985742 -0.0186096 0
0 9116 phononL 0.004 0.972263 -1.54531 -0.0337643 0
0 9117 phononL 0.004 0.773325 0.746535 -0.0146774 0
0 9118 phononL 0.004 -0.802436 -1.20577 0.00768754 0
0 9119 phononL 0.004 1.34031 -1.47548 -0.0387242 0
0 9120 phononL 0.004 1.16011 0.0337288 -0.0243355 0
0 9121 phononL 0.004 0.794225 -0.181245 0.0220714 0
0 9122 phononL 0.004 0.057125 0.921508 0.0106452 0
0 9123 phononL 0.004 1.5463 -0.368689 -0.0260588 0
0 9124 phononL 0.004 1.66016 1.23365 0.0337823 0
0 9125 phononL 0.004 -0.160886 -0.931447 -0.0168097 0
0 9126 phononL 0.004 0.183909 -0.623868 -0.0337615 0
0 9127 phononL 0.004 -1.52622 -0.695521 -0.00722273 0
0 9128 phononL 0.004 0.828412 1.46712 0.0200072 0
0 9129 phononL 0.004 -0.76234 0.43148 0.0298831 0
0 9130 phononL 0.004 0.978181 -0.36794 -0.0267876 0
0 9131 phononL 0.004 -0.0873024 0.185701 0.0390211 0
0 9132 phononL 0.004 -0.956937 -0.679379 0.0329052 0
0 9133 phononL 0.004 1.09388 -0.250192 -0.027131 0
0 9134 phononL 0.004 1.09241 0.512173 0.0230553 0
0 9135 phononL 0.004 1.02642 -0.0235345 0.0389243 0
0 9136 phononL 0.004 -1.57865 -1.6256 -0.0187815 0
0 9137 phononL 0.004 -0.273151 1.43106 0.00559781 0
0 9138 phononL 0.004 0.652326 -1.54791 0.0392034 0
0 9139 phononL 0.004 0.0625608 0.81953 -0.0271654 0
0 9140 phononL 0.004 1.48183 1.12282 -0.0386429 0
0 9141 phononL 0.004 0.302312 -0.209104 -0.0162358 0
0 9142 phononL 0.004 0.270265 -1.2734 -0.00965392 0
0 9143 phononL 0.004 1.23454 -1.50804 0.0292218 0
0 9144 phononL 0.004 1.57369 -0.00724276 -0.03069 0
0 9145 phononL 0.004 0.516034 1.48896 0.00219615 0
0 9146 phononL 0.004 1.07714 1.20317 0.0227806 0
0 9147 phononL 0.004 1.04138 -0.624817 -0.0181713 0
0 9148 phononL 0.004 1.34166 -0.48131 -0.0377374 0
0 9149 phononL 0.004 1.23194 0.0326174 0.0146362 0
0 9150 phononL 0.004 -1.50654 1.25067 -0.0303012 0
0 9151 phononL 0.004 0.587469 0.158744 0.032418 0
0 9152 phononL 0.004 1.27425 -0.946957 0.0223268 0
0 9153 phononL 0.004 -1.53803 -1.62548 0.000703336 0
0 9154 phononL 0.004 -0.627606 -1.46169 0.00569133 0
0 9155 phononL 0.004 1.46907 0.636001 0.0107532 0
0 9156 phononL 0.004 1.13219 0.00363191 -0.0295555 0
0 9157 phononL 0.004 -1.26666 0.91055 -0.0163976 0
0 9158 phononL 0.004 -0.958204 0.262466 0.0341311 0
0 9159 phononL 0.004 -1.09324 0.510944 0.0389005 0
0 9160 phononL 0.004 0.0430906 0.540046 0.0126341 0
0 9161 phononL 0.004 1.1795 0.0578739 0.0257688 0
0 9162 phononL 0.004 -1.35109 -0.628821 -0.0139194 0
0 9163 phononL 0.004 0.986568 -0.0400022 -0.0386223 0
0 9164 phononL 0.004 0.111494 0.00697962 0.00866699 0
0 9165 phononL 0.004 -1.2596 -0.490066 -0.0345572 0
0 9166 phononL 0.004 -0.925543 1.52827 -0.0188077 0
0 9167 phononL 0.004 0.175191 1.49862 0.038587 0
0 9168 phononL 0.004 -1.34159 -0.0730294 -0.0194717 0
0 9169 phononL 0.004 0.187226 1.22707 0.00419684 0
0 9170 phononL 0.004 -1.63023 0.688847 -0.00599806 0
0 9171 phononL 0.004 -0.672109 1.32232 -0.0174134 0
0 9172 phononL 0.004 1.03061 -0.855471 -0.0137716 0
0 9173 phononL 0.004 1.43367 1.50786 0.0153353 0
0 9174 phononL 0.004 -1.10341 0.548956 0.020996 0
0 9175 phononL 0.004 -1.3327 1.49139 0.00216852 0
0 9176 phononL 0.004 0.345796 -0.0275456 -0.0190062 0
0 9177 phononL 0.004 -0.791412 -1.22824 -0.00836415 0
0 9178 phononL 0.004 1.30624 -1.05143 -0.00424446 0
0 9179 phononL 0.004 -0.542355 0.0476737 -0.024596 0
0 9180 phononL 0.004 0.393561 1.14444 0.0200249 0
0 9181 phononL 0.004 1.29334 0.855101 0.0246282 0
0 9182 phononL 0.004 -0.0383043 0.886148 -0.000184586 0
0 9183 phononL 0.004 1.55547 -0.12204 -0.000148605 0
0 9184 phononL 0.004 -0.976897 1.38766 0.00653544 0
0 9185 phononL 0.004 -0.553682 -1.41958 0.0273478 0
0 9186 phononL 0.004 -1.01107 1.57133 -0.0180157 0
0 9187 phononL 0.004 -0.518869 -0.400383 -0.0277532 0
0 9188 phononL 0.004 -1.31904 0.00683174 0.0318513 0
0 9189 phononL 0.004 1.66028 -0.261272 0.014559 0
0 9190 phononL 0.004 0.349713 0.37313 -0.0186691 0
0 9191 phononL 0.004 -1.01502 -1.17706 -0.000169833 0
0 9192 phononL 0.004 -0.99605 1.24696 0.0368134 0
0 9193 phononL 0.004 1.34802 -1.31035 0.0362773 0
0 9194 phononL 0.004 1.54604 -0.382244 0.0315601 0
0 9195 phononL 0.004 0.224217 -0.789863 -0.0296329 0
0 9196 phononL 0.004 -1.29609 -0.38845 0.0186219 0
0 9197 phononL 0.004 -1.00302 -0.910353 -0.020183 0
0 9198 phononL 0.004 1.21013 1.38401 0.0273082 0
0 9199 phononL 0.004 0.174172 -0.617616 0.00807391 0
0 9200 phononL 0.004 -0.865068 -1.52383 0.0178144 0
0 9201 phononL 0.004 0.331659 -0.863815 -0.0330986 0
0 9202 phononL 0.004 0.911535 -0.313451 -0.0338887 0
0 9203 phononL 0.004 -0.704522 0.762301 -0.0119773 0
0 9204 phononL 0.004 -0.886812 1.00611 -0.0174847 0
0 9205 phononL 0.004 0.564891 1.30795 0.0291171 0
0 9206 phononL 0.004 -0.0917278 1.21584 0.00250521 0
0 9207 phononL 0.004 -1.21229 -1.12308 -0.0341899 0
0 9208 phononL 0.004 0.797568 -0.155479 -0.0080172 0
0 9209 phononL 0.004 -0.767821 -0.132968 -0.0226437 0
0 9210 phononL 0.004 0.222367 -1.42624 -0.00808259 0
0 9211 phononL 0.004 1.02539 0.0210047 0.0185911 0
0 9212 phononL 0.004 1.46313 -0.256583 -0.0278374 0
0 9213 phononL 0.004 0.051308 1.15505 0.0374048 0
0 9214 phononL 0.004 -1.34474 -0.221297 -0.0341705 0
0 9215 phononL 0.004 -0.770292 -0.259872 0.0306666 0
0 9216 phononL 0.004 0.371341 0.907271 -0.0321449 0
0 9217 phononL 0.004 0.753384 -0.163103 -0.00867054 0
0 9218 phononL 0.004 -0.76561 -0.607785 0.0353354 0
0 9219 phononL 0.004 -0.440917 -1.35839 -0.0290073 0
0 9220 phononL 0.004 1.25943 -0.429 0.00782016 0
0 9221 phononL 0.004 0.755801 -0.736504 -0.0288981 0
0 9222 phononL 0.004 0.427395 -1.22159 0.00371744 0
0 9223 phononL 0.004 1.43043 0.600504 -0.0304433 0
0 9224 phononL 0.004 -0.531609 -0.0098157 0.0307091 0
0 9225 phononL 0.004 -0.168395 -0.580413 -0.00440402 0
0 9226 phononL 0.004 1.02624 -0.573579 0.0227469 0
0 9227 phononL 0.004 1.31568 1.26688 -0.0225242 0
0 9228 phononL 0.004 -1.35056 0.557024 -0.0397902 0
0 9229 phononL 0.004 1.29274 1.29788 -0.0242728 0
0 9230 phononL 0.004 -0.575787 -1.0273 -0.0368081 0
0 9231 phononL 0.004 -1.61051 -0.717154 -0.0243552 0
0 9232 phononL 0.004 -1.14773 -0.851557 0.00104783 0
0 9233 phononL 0.004 1.13784 -0.0149238 -0.0236727 0
0 9234 phononL 0.004 1.27598 0.390795 0.0161969 0
0 9235 phononL 0.004 0.199925 -0.672946 0.0216357 0
0 9236 phononL 0.004 -0.725308 1.26137 0.0130476 0
0 9237 phononL 0.004 1.64679 0.805463 0.0163394 0
0 9238 phononL 0.004 -1.45698 1.19171 -0.0310527 0
0 9239 phononL 0.004 -0.66685 -0.498285 0.0321531 0
0 9240 phononL 0.004 -0.831753 1.27729 -0.0189493 0
0 9241 phononL 0.004 -0.706348 1.45843 0.0126075 0
0 9242 phononL 0.004 0.867859 0.502128 -0.0199982 0
0 9243 phononL 0.004 0.973195 -0.0213264 -0.00503949 0
0 9244 phononL 0.004 -0.175898 -1.59878 -0.025107 0
0 9245 phononL 0.004 1.14166 -1.40706 -0.0104104 0
0 9246 phononL 0.004 0.930945 0.877169 -0.0318325 0
0 9247 phononL 0.004 -1.18042 0.475955 0.00312088 0
0 9248 phononL 0.004 -0.903535 1.3788 -0.0155296 0
0 9249 phononL 0.004 1.26594 -0.73867 -0.00726468 0
0 9250 phononL 0.004 -0.439114 1.50397 -0.0317954 0
0 9251 phononL 0.004 -1.33679 -0.937621 0.0157714 0
0 9252 phononL 0.004 0.861079 1.43716 0.0251345 0
0 9253 phononL 0.004 1.08331 0.468709 0.00119558 0
0 9254 phononL 0.004 -1.24414 1.39755 -0.017889 0
0 9255 phononL 0.004 -0.725222 0.0363487 -0.0204204 0
0 9256 phononL 0.004 0.66786 -1.48326 -0.0259415 0
0 9257 phononL 0.004 -0.992506 0.989355 0.0110476 0
0 9258 phononL 0.004 -0.756171 0.242584 -0.038428 0
0 9259 phononL 0.004 -1.31296 0.330062 0.0232898 0
0 9260 phononL 0.004 -0.586902 -0.536489 0.0364386 0
0 9261 phononL 0.004 -0.558719 -1.66567 0.0178056 0
0 9262 phononL 0.004 1.56141 -0.733339 -0.0106974 0
0 9263 phononL 0.004 -1.46408 -1.06538 0.0181701 0
0 9264 phononL 0.004 -0.634575 -0.0864814 -0.0185756 0
0 9265 phononL 0.004 -1.07079 0.0635367 -0.0117964 0
0 9266 phononL 0.004 0.655791 -0.614801 0.000416119 0
0 9267 phononL 0.004 -0.147487 0.944784 0.0168074 0
0 9268 phononL 0.004 0.207969 -0.452936 0.0323218 0
0 9269 phononL 0.004 0.427782 -0.319743 0.00449999 0
0 9270 phononL 0.004 -0.537548 1.54406 -0.00802966 0
0 9271 phononL 0.004 -0.64797 0.184637 0.000868243 0
0 9272 phononL 0.004 -1.23781 0.784838 -0.039267 0
0 9273 phononL 0.004 1.61888 -1.35872 -0.0375436 0
0 9274 phononL 0.004 -0.0602309 -1.21794 -0.0170913 0
0 9275 phononL 0.004 0.0408172 0.886262 -0.000832267 0
0 9276 phononL 0.004 -1.25021 0.667438 -0.0338256 0
0 9277 phononL 0.004 1.25737 0.850396 0.0334326 0
0 9278 phononL 0.004 -0.407535 0.766473 0.0301634 0
0 9279 phononL 0.004 1.22822 1.45945 0.0288288 0
0 9280 phononL 0.004 -1.17273 -0.165822 0.0342291 0
0 9281 phononL 0.004 -0.671083 -1.45667 -0.0379717 0
0 9282 phononL 0.004 1.24448 0.449577 -0.0206569 0
0 9283 phononL 0.004 -1.11018 -0.67805 -0.0214425 0
0 9284 phononL 0.004 -1.14856 -0.315212 -0.0312234 0
0 9285 phononL 0.004 -0.195909 -1.58985 -0.00413355 0
0 9286 phononL 0.004 -1.47892 -1.24222 0.0236164 0
0 9287 phononL 0.004 0.625603 1.61749 0.00568681 0
0 9288 phononL 0.004 -0.381931 0.43229 0.0301853 0
0 9289 phononL 0.004 -0.467916 -0.145582 0.00518859 0
0 9290 phononL 0.004 -1.6274 -0.0646506 -0.0205764 0
0 9291 phononL 0.004 -0.69743 -1.57481 -0.0308512 0
0 9292 phononL 0.004 -0.198202 -0.257233 -0.0283421 0
0 9293 phononL 0.004 -0.668972 0.204387 0.023964 0
0 9294 phononL 0.004 0.817264 0.0594128 0.0223964 0
0 9295 phononL 0.004 0.901901 -0.83425 0.0299685 0
0 9296 phononL 0.004 1.53053 0.868575 -0.018353 0
0 9297 phononL 0.004 -0.0626153 -1.03536 -0.0368896 0
0 9298 phononL 0.004 -0.993604 -1.41859 0.0256802 0
0 9299 phononL 0.004 -1.25903 0.396848 0.0153671 0
0 9300 phononL 0.004 1.2115 0.0508946 0.00374578 0
0 9301 phononL 0.004 -0.392491 0.967185 -0.034967 0
0 9302 phononL 0.004 0.187355 -0.392723 -0.0351204 0
0 9303 phononL 0.004 1.23341 -1.53404 -0.0195955 0
0 9304 phononL 0.004 0.834025 -0.601201 0.0374446 0
0 9305 phononL 0.004 -1.09957 -1.51549 0.0332066 0
0 9306 phononL 0.004 0.583215 1.09719 -0.029175 0
0 9307 phononL 0.004 -1.57419 1.1506 -0.00311761 0
0 9308 phononL 0.004 -1.6035 -1.0706 -0.00471678 0
0 9309 phononL 0.004 -0.774884 -0.568577 -0.00562718 0
0 9310 phononL 0.004 1.33787 0.795131 -0.0338768 0
0 9311 phononL 0.004 1.05575 1.1075 0.0283964 0
0 9312 phononL 0.004 0.346564 1.47454 -0.033148 0
0 9313 phononL 0.004 -1.38126 -0.241123 0.0216962 0
0 9314 phononL 0.004 0.916593 -0.684506 -0.0116002 0
0 9315 phononL 0.004 -0.0625838 -0.254909 -0.0173155 0
0 9316 phononL 0.004 1.2186 -0.577727 0.0304721 0
0 9317 phononL 0.004 -1.55303 0.258021 -0.00816773 0
0 9318 phononL 0.004 -1.48976 -1.25627 -0.0102638 0
0 9319 phononL 0.004 1.23836 1.2885 -0.012102 0
0 9320 phononL 0.004 0.650638 -0.475161 -0.0375569 0
0 9321 phononL 0.004 0.931231 0.204526 -0.0368841 0
0 9322 phononL 0.004 -0.847181 1.61688 -0.0159354 0
0 9323 phononL 0.004 -1.43831 -0.231345 -0.00112865 0
0 9324 phononL 0.004 -1.59407 -0.0734821 0.0173315 0
0 9325 phononL 0.004 0.0692483 0.423961 -0.0353994 0
0 9326 phononL 0.004 0.892948 -1.16448 0.0202755 0
0 9327 phononL 0.004 -0.697393 -0.171225 -0.0251317 0
0 9328 phononL 0.004 -0.126373 -1.45187 -0.0203983 0
0 9329 phononL 0.004 -1.12563 0.555621 -0.0370575 0
0 9330 phononL 0.004 -1.12771 0.322647 0.00706879 0
0 9331 phononL 0.004 -0.696158 -0.193548 -0.0287057 0
0 9332 phononL 0.004 0.346354 1.52476 0.00871215 0
0 9333 phononL 0.004 0.584852 -0.921486 0.0315962 0
0 9334 phononL 0.004 1.61392 1.623 0.016486 0
0 9335 phononL 0.004 1.35141 -1.52748 0.0362241 0
0 9336 phononL 0.004 0.0409383 0.428743 0.0151542 0
0 9337 phononL 0.004 1.55623 0.224337 0.022255 0
0 9338 phononL 0.004 -0.0606665 0.975842 -0.00471395 0
0 9339 phononL 0.004 1.61542 1.37485 0.0258931 0
0 9340 phononL 0.004 0.925456 1.40752 -0.00438639 0
0 9341 phononL 0.004 -0.595744 -0.0510256 -0.0364543 0
0 9342 phononL 0.004 0.54477 0.435461 0.0131589 0
0 9343 phononL 0.004 -1.2943 1.17404 -0.0156847 0
0 9344 phononL 0.004 -1.20953 1.54002 0.0296757 0
0 9345 phononL 0.004 1.5091 -0.534359 -0.0207258 0
0 9346 phononL 0.004 0.336419 -1.23958 0.0273956 0
0 9347 phononL 0.004 1.56351 1.26942 -0.00579971 0
0 9348 phononL 0.004 0.795526 0.708271 -0.0160955 0
0 9349 phononL 0.004 -1.28603 1.52963 0.0382597 0
0 9350 phononL 0.004 -1.65451 0.396821 0.0133553 0
0 9351 phononL 0.004 -0.131512 -0.851919 0.0277544 0
0 9352 phononL 0.004 0.164824 0.665541 -0.00587734 0
0 9353 phononL 0.004 -0.683817 -1.46301 0.0311169 0
0 9354 phononL 0.004 0.480816 -0.503616 -0.0198392 0
0 9355 phononL 0.004 1.29851 -1.28738 -0.00751064 0
0 9356 phononL 0.004 -0.114153 -0.747105 -0.00199509 0
0 9357 phononL 0.004 0.600317 0.046244 0.00325997 0
0 9358 phononL 0.004 -1.33917 1.11747 -0.0148904 0
0 9359 phononL 0.004 -1.25711 -1.08929 0.0244274 0
0 9360 phononL 0.004 1.20984 0.98733 -0.0194003 0
0 9361 phononL 0.004 -0.116809 0.456491 -0.0285498 0
0 9362 phononL 0.004 0.41361 0.158046 -0.0288143 0
0 9363 phononL 0.004 -1.6014 0.436013 0.027594 0
0 9364 phononL 0.004 1.53499 -0.807168 -0.0120744 0
0 9365 phononL 0.004 -0.476466 -0.53716 0.0273305 0
0 9366 phononL 0.004 -1.07977 -0.942469 0.00705299 0
0 9367 phononL 0.004 -0.735788 -0.408956 -0.00142514 0
0 9368 phononL 0.004 0.723085 -0.0743288 -0.00107373 0
0 9369 phononL 0.004 -1.66039 0.75735 -0.0234827 0
0 9370 phononL 0.004 -0.518707 -0.603109 -0.0228232 0
0 9371 phononL 0.004 -1.15537 -0.18301 -0.0164943 0
0 9372 phononL 0.004 1.32975 0.757814 0.0253392 0
0 9373 phononL 0.004 -0.267149 0.390155 0.0309218 0
0 9374 phononL 0.004 0.638162 -0.631577 -0.00317247 0
0 9375 phononL 0.004 -1.46019 0.447809 -0.0336173 0
0 9376 phononL 0.004 0.122931 -1.03865 -0.0276455 0
0 9377 phononL 0.004 0.537609 -0.981997 -0.00114102 0
0 9378 phononL 0.004 0.00564466 1.1201 0.0265016 0
0 9379 phononL 0.004 -0.818175 0.870637 0.0121197 0
0 9380 phononL 0.004 0.323763 -0.809592 0.0349099 0
0 9381 phononL 0.004 1.0018 -0.985651 -0.0244748 0
0 9382 phononL 0.004 0.0374457 1.59418 -0.00123941 0
0 9383 phononL 0.004 0.456449 1.15931 -0.00464639 0
0 9384 phononL 0.004 -1.58499 0.764222 0.00303279 0
0 9385 phononL 0.004 -1.01264 1.19183 -0.023105 0
0 9386 phononL 0.004 0.464031 0.858126 -0.0286305 0
0 9387 phononL 0.004 -1.05882 -0.271121 0.0287424 0
0 9388 phononL 0.004 -1.54075 1.40228 0.0297161 0
0 9389 phononL 0.004 0.419103 -0.535535 0.0331957 0
0 9390 phononL 0.004 -0.496342 0.922037 0.0323738 0
0 9391 phononL 0.004 -1.29166 0.991303 -8.80897e-05 0
0 9392 phononL 0.004 -0.210288 -0.0558488 0.00542403 0
0 9393 phononL 0.004 0.166373 0.954298 -0.0366337 0
0 9394 phononL 0.004 0.625231 -1.03562 -0.012606 0
0 9395 phononL 0.004 -0.319169 -0.791743 -0.00694266 0
0 9396 phononL 0.004 0.202193 -0.0600333 0.0301413 0
0 9397 phononL 0.004 -1.23095 0.910456 -0.0214104 0
0 9398 phononL 0.004 1.23927 -1.31984 -0.0341448 0
0 9399 phononL 0.004 -1.0448 -0.476489 0.0171451 0
0 9400 phononL 0.004 -0.254756 1.04029 -0.0304231 0
0 9401 phononL 0.004 -1.51106 -0.45831 -0.0312697 0
0 9402 phononL 0.004 -0.171479 1.4546 -0.0374401 0
0 9403 phononL 0.004 -0.289476 -1.4598 -0.00441279 0
0 9404 phononL 0.004 -0.803544 0.527993 0.00738034 0
0 9405 phononL 0.004 -0.486572 0.240675 0.00341781 0
0 9406 phononL 0.004 0.122086 0.742857 0.0309832 0
0 9407 phononL 0.004 1.19916 0.814926 -0.0178112 0
0 9408 phononL 0.004 -1.40051 -1.12678 0.0390321 0
0 9409 phononL 0.004 -0.0853167 -0.359838 0.033488 0
0 9410 phononL 0.004 -1.61645 -1.05806 0.000553497 0
0 9411 phononL 0.004 -0.18776 0.261859 -0.0360361 0
0 9412 phononL 0.004 0.490756 0.850847 0.0224799 0
0 9413 phononL 0.004 1.43894 -0.500277 -0.0331219 0
0 9414 phononL 0.004 -0.11274 -0.818133 0.010005 0
0 9415 phononL 0.004 -1.41829 0.710414 -0.0224155 0
0 9416 phononL 0.004 1.34841 0.856381 0.0336411 0
0 9417 phononL 0.004 0.632461 0.177957 -0.0302433 0
0 9418 phononL 0.004 -0.284385 -0.909695 -0.0269583 0
0 9419 phononL 0.004 -0.794997 1.03033 0.0356503 0
0 9420 phononL 0.004 0.531119 0.455483 0.0275181 0
0 9421 phononL 0.004 -1.50111 0.201671 -0.0379691 0
0 9422 phononL 0.004 1.2862 -1.24789 0.00450568 0
0 9423 phononL 0.004 -1.19173 -0.801173 0.00911188 0
0 9424 phononL 0.004 0.376447 -1.40651 0.00265843 0
0 9425 phononL 0.004 0.393668 -0.399689 -0.00718123 0
0 9426 phononL 0.004 1.4049 0.206075 -0.0340935 0
0 9427 phononL 0.004 0.0814418 -0.487752 -0.0199836 0
0 9428 phononL 0.004 0.368074 0.48738 0.0328356 0
0 9429 phononL 0.004 1.52539 0.562677 -0.0394785 0
0 9430 phononL 0.004 0.97814 -1.22142 4.59504e-05 0
0 9431 phononL 0.004 0.68313 1.62458 0.00117118 0
0 9432 phononL 0.004 -1.18207 1.07472 0.0342251 0
0 9433 phononL 0.004 -1.58484 -0.410475 0.0179068 0
0 9434 phononL 0.004 0.169592 -0.400543 -0.038894 0
0 9435 phononL 0.004 0.364491 0.288587 0.0325398 0
0 9436 phononL 0.004 -1.3126 1.60541 0.00524779 0
0 9437 phononL 0.004 -1.35659 0.927758 0.0249436 0
0 9438 phononL 0.004 0.751816 1.2248 -0.00885122 0
0 9439 phononL 0.004 0.847111 -0.106927 -0.0252083 0
0 9440 phononL 0.004 -1.31299 0.858004 -0.0393564 0
0 9441 phononL 0.004 1.16565 -0.85492 0.0365183 0
0 9442 phononL 0.004 -0.912785 -0.891708 0.0317577 0
0 9443 phononL 0.004 -1.09533 -0.708821 0.021707 0
0 9444 phononL 0.004 0.394052 -0.871156 -0.00755578 0
0 9445 phononL 0.004 0.115392 0.899944 0.0384034 0
0 9446 phononL 0.004 -0.289841 -0.084606 0.0352724 0
0 9447 phononL 0.004 1.15576 -0.0133789 -0.0227938 0
0 9448 phononL 0.004 1.17456 -0.994805 -0.0300179 0
0 9449 phononL 0.004 1.5746 1.09738 0.0321775 0
0 9450 phononL 0.004 -0.454081 1.19566 -0.000566725 0
0 9451 phononL 0.004 -0.294807 1.36048 -0.0231974 0
0 9452 phononL 0.004 -0.332117 -1.47173 -0.0254824 0
0 9453 phononL 0.004 -1.03355 0.490858 -0.0319834 0
0 9454 phononL 0.004 0.52523 -0.303725 0.00431529 0
0 9455 phononL 0.004 -0.697296 -1.056 -0.0110253 0
0 9456 phononL 0.004 -1.44648 0.213915 -0.0284939 0
0 9457 phononL 0.004 -1.49899 0.2295 0.00391683 0
0 9458 phononL 0.004 -0.686702 -1.28836 -0.0207072 0
0 9459 phononL 0.004 0.622265 -0.0282439 0.0388268 0
0 9460 phononL 0.004 0.493787 -1.40571 -0.000833727 0
0 9461 phononL 0.004 -0.330897 -0.342099 -0.0259488 0
0 9462 phononL 0.004 -1.5622 1.4812 -0.000351118 0
0 9463 phononL 0.004 0.895951 0.177452 -0.0183926 0
0 9464 phononL 0.004 -1.14092 -0.677696 0.0180636 0
0 9465 phononL 0.004 -0.944871 -0.365717 0.0287457 0
0 9466 phononL 0.004 0.322435 -1.16542 0.0143758 0
0 9467 phononL 0.004 -1.02939 0.84502 0.0124034 0
0 9468 phononL 0.004 -0.699743 -0.331631 -0.028358 0
0 9469 phononL 0.004 1.62988 0.857734 0.0245762 0
0 9470 phononL 0.004 -1.09871 0.611191 0.0320964 0
0 9471 phononL 0.004 -0.0496734 -0.0835094 0.00482075 0
0 9472 phononL 0.004 -0.751386 0.566836 -0.00381165 0
0 9473 phononL 0.004 0.490068 0.803166 -0.0201624 0
0 9474 phononL 0.004 1.21533 1.39723 0.0283843 0
0 9475 phononL 0.004 0.579239 1.3924 -0.000390296 0
0 9476 phononL 0.004 1.05 1.29399 -0.0145757 0
0 9477 phononL 0.004 -0.0160882 -0.301184 0.00462489 0
0 9478 phononL 0.004 0.295763 0.997762 0.00365425 0
0 9479 phononL 0.004 -1.48287 1.30355 0.00620057 0
0 9480 phononL 0.004 -1.31073 -0.890789 0.0159152 0
0 9481 phononL 0.004 -0.892165 1.08075 -0.0253888 0
0 9482 phononL 0.004 -1.00823 0.616399 0.0390239 0
0 9483 phononL 0.004 1.66273 -0.383789 -0.00110831 0
0 9484 phononL 0.004 -0.681894 0.590755 -0.028034 0
0 9485 phononL 0.004 0.556202 -0.34493 0.0196151 0
0 9486 phononL 0.004 -0.470414 -1.59484 0.0212273 0
0 9487 phononL 0.004 -0.726791 0.367562 -0.0283796 0
0 9488 phononL 0.004 -1.50018 0.454741 0.0352345 0
0 9489 phononL 0.004 0.860875 0.0452556 0.0341573 0
0 9490 phononL 0.004 -1.62862 -0.926184 -0.0213239 0
0 9491 phononL 0.004 -1.34946 1.47538 0.0396297 0
0 9492 phononL 0.004 -0.288422 -1.26438 -0.0376043 0
0 9493 phononL 0.004 0.0103543 0.395793 -0.0037941 0
0 9494 phononL 0.004 -1.06744 -0.244695 0.0275858 0
0 9495 phononL 0.004 1.06863 -1.01716 -0.0055815 0
0 9496 phononL 0.004 -1.18626 -1.42834 -0.0396334 0
0 9497 phononL 0.004 1.57508 1.08817 0.00102474 0
0 9498 phononL 0.004 0.417633 -1.07865 -0.019979 0
0 9499 phononL 0.004 1.38208 1.43335 0.0388218 0
0 9500 phononL 0.004 -0.0750614 -0.92383 0.0170137 0
0 9501 phononL 0.004 -0.562446 -0.731449 0.0163907 0
0 9502 phononL 0.004 -0.523154 -1.54961 0.00556552 0
0 9503 phononL 0.004 0.159174 -0.0584854 0.0258577 0
0 9504 phononL 0.004 -0.505008 0.726434 -0.0221317 0
0 9505 phononL 0.004 -0.910701 -0.686207 0.0278188 0
0 9506 phononL 0.004 -0.596402 -1.16411 -0.0311514 0
0 9507 phononL 0.004 -0.75315 0.28727 0.013556 0
0 9508 phononL 0.004 -1.38429 0.325902 0.0332606 0
0 9509 phononL 0.004 1.24543 0.768678 -0.0150608 0
0 9510 phononL 0.004 0.685027 1.13816 0.0246297 0
0 9511 phononL 0.004 1.65607 -1.20319 0.0179886 0
0 9512 phononL 0.004 -1.59053 -0.985212 0.000315998 0
0 9513 phononL 0.004 0.408156 -1.06062 0.0376756 0
0 9514 phononL 0.004 1.31464 -1.38293 0.0306153 0
0 9515 phononL 0.004 -0.778498 1.03283 0.014539 0
0 9516 phononL 0.004 -0.0421136 -0.00142989 0.0267319 0
0 9517 phononL 0.004 0.507362 1.24841 0.00203659 0
0 9518 phononL 0.004 -0.192256 0.204073 0.0328525 0
0 9519 phononL 0.004 0.154585 -0.664846 -0.0152309 0
0 9520 phononL 0.004 1.07545 0.643111 -0.0143076 0
0 9521 phononL 0.004 0.131085 0.281501 0.0176151 0
0 9522 phononL 0.004 1.15434 -0.506257 0.00957602 0
0 9523 phononL 0.004 0.820462 -1.23466 -0.0342762 0
0 9524 phononL 0.004 -1.64426 -0.967691 -0.00537505 0
0 9525 phononL 0.004 0.530681 0.333572 -0.00127637 0
0 9526 phononL 0.004 -1.46786 -0.528028 -0.0283168 0
0 9527 phononL 0.004 1.28867 -0.852078 -0.0246043 0
0 9528 phononL 0.004 -1.29843 -0.403074 -0.0191233 0
0 9529 phononL 0.004 -1.07703 0.0824491 0.0137004 0
0 9530 phononL 0.004 1.06291 -0.671131 -0.0253515 0
0 9531 phononL 0.004 -0.424348 1.02425 0.0267476 0
0 9532 phononL 0.004 1.59195 -0.545244 0.0363051 0
0 9533 phononL 0.004 0.280256 -0.813461 0.0282442 0
0 9534 phononL 0.004 -1.17437 -0.25915 -0.00786268 0
0 9535 phononL 0.004 1.5137 1.58491 -0.00405702 0
0 9536 phononL 0.004 -0.138424 -0.572424 0.0212632 0
0 9537 phononL 0.004 -1.45827 -0.615906 0.00617351 0
0 9538 phononL 0.004 -0.410421 -0.71125 -0.00697306 0
0 9539 phononL 0.004 0.505314 1.18864 -0.0267381 0
0 9540 phononL 0.004 -0.267065 1.38899 -0.0129118 0
0 9541 phononL 0.004 1.60719 1.35717 0.0292498 0
0 9542 phononL 0.004 -1.52467 0.340298 0.00166338 0
0 9543 phononL 0.004 0.848668 -0.649772 0.00485998 0
0 9544 phononL 0.004 0.18471 -1.29911 -0.000231333 0
0 9545 phononL 0.004 -0.163996 1.18494 -0.00788061 0
0 9546 phononL 0.004 -0.264237 0.47685 0.0272615 0
0 9547 phononL 0.004 0.0941724 0.458455 0.0312412 0
0 9548 phononL 0.004 -0.612716 0.39229 -0.0100321 0
0 9549 phononL 0.004 0.701843 -1.18747 0.0214033 0
0 9550 phononL 0.004 -0.599512 1.2115 0.0382073 0
0 9551 phononL 0.004 0.0294003 -1.62173 -0.0266815 0
0 9552 phononL 0.004 1.64471 0.469035 0.0212652 0
0 9553 phononL 0.004 -0.416422 -0.794038 -0.039624 0
0 9554 phononL 0.004 0.972198 -1.25571 0.00573675 0
0 9555 phononL 0.004 -1.39184 -0.0559523 0.0242209 0
0 9556 phononL 0.004 -1.3904 -1.41893 0.0252146 0
0 9557 phononL 0.004 0.381113 1.65583 0.0345431 0
0 9558 phononL 0.004 1.13298 0.0458816 0.0152052 0
0 9559 phononL 0.004 -0.57728 -0.463008 -0.034701 0
0 9560 phononL 0.004 -1.17709 -0.815663 -0.00815801 0
0 9561 phononL 0.004 0.443766 0.938851 0.0253374 0
0 9562 phononL 0.004 1.46294 0.498875 -0.035426 0
0 9563 phononL 0.004 0.013125 0.207347 0.00150997 0
0 9564 phononL 0.004 0.173941 0.549364 0.0306514 0
0 9565 phononL 0.004 -0.00684086 -0.419316 -0.00706039 0
0 9566 phononL 0.004 1.07816 -0.162571 0.0302526 0
0 9567 phononL 0.004 0.907726 -0.744174 0.0385874 0
0 9568 phononL 0.004 -1.18799 -1.03102 0.0393777 0
0 9569 phononL 0.004 1.29814 1.62836 -0.0121831 0
0 9570 phononL 0.004 -0.759044 0.191742 -0.0392502 0
0 9571 phononL 0.004 -1.60384 0.209258 0.0301783 0
0 9572 phononL 0.004 1.25658 0.0538869 0.0177157 0
0 9573 phononL 0.004 -0.386391 -1.40669 0.020105 0
0 9574 phononL 0.004 -1.47802 0.629412 -0.0388209 0
0 9575 phononL 0.004 0.182114 -0.592399 -0.0374536 0
0 9576 phononL 0.004 0.348386 -0.516205 0.00718669 0
0 9577 phononL 0.004 -1.65027 -0.750056 0.00150618 0
0 9578 phononL 0.004 -0.724095 0.0675931 -0.0297019 0
0 9579 phononL 0.004 -0.0876231 1.06528 -0.0320993 0
0 9580 phononL 0.004 1.09429 -0.132576 0.0121823 0
0 9581 phononL 0.004 -1.0001 0.284058 0.0234549 0
0 9582 phononL 0.004 -1.44927 1.07521 -0.0185036 0
0 9583 phononL 0.004 1.23256 -0.332192 0.0373314 0
0 9584 phononL 0.004 -1.32928 -1.5989 0.00182256 0
0 9585 phononL 0.004 -1.45744 0.885368 0.00646344 0
0 9586 phononL 0.004 1.40953 1.60528 0.0340722 0
0 9587 phononL 0.004 -0.709763 0.139371 -0.0266997 0
0 9588 phononL 0.004 0.260654 -1.36472 -0.00662698 0
0 9589 phononL 0.004 0.948058 0.215343 0.0280784 0
0 9590 phononL 0.004 -0.960102 -0.657658 0.0245266 0
0 9591 phononL 0.004 -1.52297 -1.66567 0.0226159 0
0 9592 phononL 0.004 -1.25136 -1.18142 0.0251711 0
0 9593 phononL 0.004 1.24857 -0.918149 -0.025891 0
0 9594 phononL 0.004 0.443887 0.0930941 -0.0249139 0
0 9595 phononL 0.004 -1.12287 1.04719 -0.00602691 0
0 9596 phononL 0.004 0.482648 0.211613 0.0133252 0
0 9597 phononL 0.004 0.265626 -1.4282 -0.0337722 0
0 9598 phononL 0.004 0.370141 0.502875 -0.0030482 0
0 9599 phononL 0.004 1.01347 0.614024 0.00293796 0
0 9600 phononL 0.004 1.61244 0.18701 0.00712629 0
0 9601 phononL 0.004 -1.48122 -0.412651 -0.0159124 0
0 9602 phononL 0.004 -1.10073 -1.50396 0.0298757 0
0 9603 phononL 0.004 0.568087 0.898765 -0.0154613 0
0 9604 phononL 0.004 0.482061 0.745486 0.000335584 0
0 9605 phononL 0.004 0.892766 -0.0412073 0.0285345 0
0 9606 phononL 0.004 -1.0447 -0.693281 -0.0377473 0
0 9607 phononL 0.004 -1.34676 1.25954 -0.0117289 0
0 9608 phononL 0.004 1.66547 0.367852 -0.00184036 0
0 9609 phononL 0.004 1.05262 0.436112 0.0234459 0
0 9610 phononL 0.004 -1.48683 -0.373869 0.0235507 0
0 9611 phononL 0.004 1.44 -1.26187 -0.00904661 0
0 9612 phononL 0.004 -0.91732 0.272344 -0.0112708 0
0 9613 phononL 0.004 1.31879 -0.0644852 -0.0257149 0
0 9614 phononL 0.004 -1.47048 -1.12679 -0.0340503 0
0 9615 phononL 0.004 1.53236 0.922611 0.0189322 0
0 9616 phononL 0.004 0.517399 -0.884483 0.0396439 0
0 9617 phononL 0.004 -0.468925 -1.14614 0.00746621 0
0 9618 phononL 0.004 1.38796 -1.43224 -0.0270736 0
0 9619 phononL 0.004 1.16574 -1.3552 -0.0397888 0
0 9620 phononL 0.004 -0.700401 0.69208 0.0135081 0
0 9621 phononL 0.004 -1.46545 -0.535177 -0.00596621 0
0 9622 phononL 0.004 -1.07351 0.893797 -0.0186611 0
0 9623 phononL 0.004 -0.738685 -0.398435 -0.0253654 0
0 9624 phononL 0.004 0.112429 -0.822127 -0.0198787 0
0 9625 phononL 0.004 1.4487 -1.42833 0.00683806 0
0 9626 phononL 0.004 -1.33285 -0.404224 0.00627029 0
0 9627 phononL 0.004 0.204007 1.09753 -0.0356645 0
0 9628 phononL 0.004 0.630292 1.3829 -0.0367598 0
0 9629 phononL 0.004 -1.55506 1.54294 -0.0271292 0
0 9630 phononL 0.004 -1.56609 -0.108674 -0.0301221 0
0 9631 phononL 0.004 -0.853393 -0.478634 0.0291233 0
0 9632 phononL 0.004 0.646252 -1.03878 -0.0320385 0
0 9633 phononL 0.004 1.56072 -1.20687 -0.0362128 0
0 9634 phononL 0.004 0.14712 -1.37626 0.0162233 0
0 9635 phononL 0.004 -1.21331 -0.54761 -0.000664986 0
0 9636 phononL 0.004 0.924516 -1.39207 0.0237292 0
0 9637 phononL 0.004 0.783806 1.1373 0.0363047 0
0 9638 phononL 0.004 -0.792423 1.46568 -0.0213878 0
0 9639 phononL 0.004 1.51668 0.448622 -0.0360303 0
0 9640 phononL 0.004 -0.585061 0.844001 0.0378981 0
0 9641 phononL 0.004 0.160646 0.676789 0.031518 0
0 9642 phononL 0.004 -0.905117 1.08722 -0.0359801 0
0 9643 phononL 0.004 -0.429964 0.0107734 -0.0314037 0
0 9644 phononL 0.004 -1.14841 0.753095 0.015192 0
0 9645 phononL 0.004 -0.152608 -0.823692 0.0198116 0
0 9646 phononL 0.004 0.262839 -0.654796 0.0378961 0
0 9647 phononL 0.004 -0.861355 -0.524696 -0.0330448 0
0 9648 phononL 0.004 -0.18982 -0.91205 -0.00556055 0
0 9649 phononL 0.004 -0.97683 -0.272606 -0.00435896 0
0 9650 phononL 0.004 -0.0887446 -1.66426 -0.0018644 0
0 9651 phononL 0.004 1.55593 0.549618 -0.0347625 0
0 9652 phononL 0.004 -1.44771 -1.47725 0.0397767 0
0 9653 phononL 0.004 1.0211 -1.07774 0.0371958 0
0 9654 phononL 0.004 -0.502817 0.75204 0.0305133 0
0 9655 phononL 0.004 1.15442 -1.41396 0.00636501 0
0 9656 phononL 0.004 0.956947 -1.0977 0.0304892 0
0 9657 phononL 0.004 1.2227 -0.973374 -0.0378135 0
0 9658 phononL 0.004 1.12187 -1.28824 -0.0351376 0
0 9659 phononL 0.004 1.0765 -0.80881 -0.0279396 0
0 9660 phononL 0.004 -0.590184 1.43548 0.0196708 0
0 9661 phononL 0.004 -1.38558 1.2268 -0.0257043 0
0 9662 phononL 0.004 0.0877877 1.55498 -0.0308362 0
0 9663 phononL 0.004 0.285681 -0.75685 0.0131159 0
0 9664 phononL 0.004 0.216672 0.450566 0.0306482 0
0 9665 phononL 0.004 0.774322 1.18036 -0.00867348 0
0 9666 phononL 0.004 -0.891718 0.948069 0.0378846 0
0 9667 phononL 0.004 0.677552 0.130867 -0.0048855 0
0 9668 phononL 0.004 -0.581154 0.376981 0.00605185 0
0 9669 phononL 0.004 0.743351 -0.502439 -0.0376545 0
0 9670 phononL 0.004 -1.52512 -1.52543 -0.0290344 0
0 9671 phononL 0.004 0.792004 -0.914626 -0.0361928 0
0 9672 phononL 0.004 0.193269 -0.0106914 0.00417525 0
0 9673 phononL 0.004 -1.08597 -1.31891 0.0157012 0
0 9674 phononL 0.004 -0.905208 1.31131 0.0207771 0
0 9675 phononL 0.004 -0.400322 -1.20508 -0.017133 0
0 9676 phononL 0.004 0.626549 -1.08528 -0.019751 0
0 9677 phononL 0.004 -0.427744 0.0017786 -0.0119779 0
0 9678 phononL 0.004 1.62638 -0.0297826 1.19775e-05 0
0 9679 phononL 0.004 1.40391 1.54269 -0.0334611 0
0 9680 phononL 0.004 0.0293515 -1.0423 -0.000315393 0
0 9681 phononL 0.004 -0.131253 -0.585338 0.0127024 0
0 9682 phononL 0.004 -1.6627 1.27799 0.0358821 0
0 9683 phononL 0.004 1.26316 1.58518 -0.016754 0
0 9684 phononL 0.004 1.38617 0.150155 0.0210399 0
0 9685 phononL 0.004 -1.58035 1.56177 0.0165224 0
0 9686 phononL 0.004 1.22 0.803899 -0.0337743 0
0 9687 phononL 0.004 -1.644 -0.168447 6.82182e-06 0
0 9688 phononL 0.004 0.894284 0.477127 0.0177196 0
0 9689 phononL 0.004 -0.557721 -1.3292 0.0161479 0
0 9690 phononL 0.004 0.380479 0.517654 0.002873 0
0 9691 phononL 0.004 1.13307 -0.00165519 -0.0340394 0
0 9692 phononL 0.004 0.273422 -1.57667 -0.0213717 0
0 9693 phononL 0.004 -0.49795 -1.33766 -0.00379237 0
0 9694 phononL 0.004 -1.04302 1.512 0.0323312 0
0 9695 phononL 0.004 1.40691 -1.35459 -0.0161416 0
0 9696 phononL 0.004 -1.40149 0.151829 0.0238237 0
0 9697 phononL 0.004 -0.521773 1.63983 -0.0323835 0
0 9698 phononL 0.004 -0.718126 0.20761 -0.0180746 0
0 9699 phononL 0.004 -1.08948 1.16097 0.0364547 0
0 9700 phononL 0.004 1.2268 -1.03526 0.0389326 0
0 9701 phononL 0.004 -0.782111 -0.164783 -0.00163228 0
0 9702 phononL 0.004 1.1721 1.26621 0.00274295 0
0 9703 phononL 0.004 -0.142773 1.1099 -0.0275541 0
0 9704 phononL 0.004 -1.00931 1.15354 -0.0194914 0
0 9705 phononL 0.004 -0.952066 -0.51427 -0.0331758 0
0 9706 phononL 0.004 -0.616648 -0.370532 0.0266008 0
0 9707 phononL 0.004 0.877433 0.24026 0.0359154 0
0 9708 phononL 0.004 0.465299 -0.757279 0.0263013 0
0 9709 phononL 0.004 -0.654827 0.365699 0.00758365 0
0 9710 phononL 0.004 -0.124052 -0.788241 -0.00488854 0
0 9711 phononL 0.004 -0.423672 1.29005 0.0238382 0
0 9712 phononL 0.004 0.090281 0.215547 -0.0379474 0
0 9713 phononL 0.004 -1.19476 0.0857239 0.0319811 0
0 9714 phononL 0.004 -0.348417 0.933145 0.0383743 0
0 9715 phononL 0.004 0.466412 0.184775 0.00461224 0
0 9716 phononL 0.004 1.27941 -1.14301 -0.0367188 0
0 9717 phononL 0.004 -0.00991147 0.578934 0.00652637 0
0 9718 phononL 0.004 -1.52249 1.28225 0.0356428 0
0 9719 phononL 0.004 0.503773 -0.984048 0.011343 0
0 9720 phononL 0.004 0.816588 -0.055723 0.00349403 0
0 9721 phononL 0.004 -1.10822 -0.245722 0.00663871 0
0 9722 phononL 0.004 1.64645 -0.67633 -0.0143624 0
0 9723 phononL 0.004 0.457195 0.191186 -0.0153702 0
0 9724 phononL 0.004 1.1285 0.430006 -0.0160645 0
0 9725 phononL 0.004 -1.23727 0.80234 0.0191025 0
0 9726 phononL 0.004 1.25527 -0.955327 0.00467252 0
0 9727 phononL 0.004 -1.00513 -0.498516 0.0375571 0
0 9728 phononL 0.004 -1.65175 0.608414 0.030453 0
0 9729 phononL 0.004 -0.41571 -1.6146 -0.00704719 0
0 9730 phononL 0.004 -1.1361 -0.174735 0.0118297 0
0 9731 phononL 0.004 -0.000238605 -1.40323 -0.0190781 0
0 9732 phononL 0.004 1.39521 -0.416786 0.0115854 0
0 9733 phononL 0.004 0.703343 -0.605344 -0.0017647 0
0 9734 phononL 0.004 1.1102 1.278 0.0311661 0
0 9735 phononL 0.004 -0.919141 -0.397569 -0.0262103 0
0 9736 phononL 0.004 1.65882 1.62182 0.00149156 0
0 9737 phononL 0.004 0.946472 1.06022 -0.0361281 0
0 9738 phononL 0.004 0.573067 -1.18259 0.0057416 0
0 9739 phononL 0.004 -0.3366 0.921458 0.0315921 0
0 9740 phononL 0.004 0.505821 1.24723 0.0115404 0
0 9741 phononL 0.004 0.476992 0.451783 0.035388 0
0 9742 phononL 0.004 -0.896954 -1.65484 -0.0209695 0
0 9743 phononL 0.004 -0.896803 -0.904332 -0.00482381 0
0 9744 phononL 0.004 -1.43555 0.619733 -0.0170626 0
0 9745 phononL 0.004 -0.627334 -1.19944 0.0079418 0
0 9746 phononL 0.004 -0.949876 0.906176 -0.030984 0
0 9747 phononL 0.004 0.699976 -0.486347 -0.00802519 0
0 9748 phononL 0.004 0.848096 0.307189 -0.0251681 0
0 9749 phononL 0.004 -1.04364 -1.32518 0.0155708 0
0 9750 phononL 0.004 -0.536085 -0.0474427 -0.0119778 0
0 9751 phononL 0.004 0.937701 -1.48668 0.0291717 0
0 9752 phononL 0.004 -1.53347 -0.772836 0.0205959 0
0 9753 phononL 0.004 1.128 0.294582 0.0175238 0
0 9754 phononL 0.004 1.08315 1.32439 -0.00808715 0
0 9755 phononL 0.004 -0.330687 -0.16537 0.0256906 0
0 9756 phononL 0.004 0.530563 -1.11361 0.0196322 0
0 9757 phononL 0.004 0.0140508 -0.0858555 0.0237667 0
0 9758 phononL 0.004 -0.60609 0.66009 0.021355 0
0 9759 phononL 0.004 -1.10797 -0.0881357 0.0310095 0
0 9760 phononL 0.004 0.414205 -1.58757 0.0316845 0
0 9761 phononL 0.004 -0.695595 1.56237 -0.0188894 0
0 9762 phononL 0.004 -0.814674 -1.40066 -0.0157157 0
0 9763 phononL 0.004 0.588725 1.53253 0.0355908 0
0 9764 phononL 0.004 -0.140952 1.62785 -0.0335979 0
0 9765 phononL 0.004 1.29688 -1.16249 0.0227837 0
0 9766 phononL 0.004 0.685597 -1.66175 0.0131268 0
0 9767 phononL 0.004 -1.17696 0.212974 0.0238416 0
0 9768 phononL 0.004 -0.132742 -0.322434 -0.0214507 0
0 9769 phononL 0.004 -0.00635187 1.43485 -0.00318472 0
0 9770 phononL 0.004 0.832288 0.803399 -0.0231882 0
0 9771 phononL 0.004 1.10572 0.234237 -0.020767 0
0 9772 phononL 0.004 1.15685 -0.2585 0.0348478 0
0 9773 phononL 0.004 0.552349 1.53702 0.0310608 0
0 9774 phononL 0.004 1.23788 0.878762 -0.0395022 0
0 9775 phononL 0.004 1.57492 -1.34936 -0.0295304 0
0 9776 phononL 0.004 1.08989 -1.56143 -0.0360342 0
0 9777 phononL 0.004 0.412296 1.04542 -0.0397421 0
0 9778 phononL 0.004 0.0231606 -0.760015 0.00496571 0
0 9779 phononL 0.004 -0.290148 -1.05358 0.0181029 0
0 9780 phononL 0.004 -1.00518 -0.869382 0.0145814 0
0 9781 phononL 0.004 1.23268 -0.0110833 0.0123756 0
0 9782 phononL 0.004 1.56392 1.44958 0.015108 0
0 9783 phononL 0.004 -1.0668 -0.813387 0.0317554 0
0 9784 phononL 0.004 -1.1167 1.52319 0.0209347 0
0 9785 phononL 0.004 1.31823 -0.149068 -0.00434002 0
0 9786 phononL 0.004 -0.802957 1.4343 0.00193904 0
0 9787 phononL 0.004 -1.61661 0.233406 0.00267681 0
0 9788 phononL 0.004 0.246014 -0.592946 -0.0364419 0
0 9789 phononL 0.004 0.98961 -0.0744848 0.00536852 0
0 9790 phononL 0.004 0.125934 -1.05443 -0.015898 0
0 9791 phononL 0.004 0.00359358 -0.638631 0.0146132 0
0 9792 phononL 0.004 -0.876853 -0.588277 -0.014251 0
0 9793 phononL 0.004 -1.15777 1.09809 0.00834721 0
0 9794 phononL 0.004 0.487881 -1.56493 0.00235556 0
0 9795 phononL 0.004 -0.0627678 0.410128 -0.0273854 0
0 9796 phononL 0.004 -1.42034 -0.842957 -0.0351174 0
0 9797 phononL 0.004 -0.120558 1.10565 0.0337919 0
0 9798 phononL 0.004 1.31425 0.641741 -0.0161515 0
0 9799 phononL 0.004 -1.54706 -1.56186 -0.0377947 0
0 9800 phononL 0.004 -0.33732 -0.318113 0.0166242 0
0 9801 phononL 0.004 -0.249213 1.46879 0.039971 0
0 9802 phononL 0.004 -1.00547 0.6844 -0.029651 0
0 9803 phononL 0.004 1.15257 1.47987 -0.0372571 0
0 9804 phononL 0.004 1.56398 0.150141 -0.0133435 0
0 9805 phononL 0.004 1.6585 1.61187 -0.0183633 0
0 9806 phononL 0.004 -1.27426 1.19468 -0.0112801 0
0 9807 phononL 0.004 0.56286 -0.785986 0.0215574 0
0 9808 phononL 0.004 0.259171 1.20091 -0.0223658 0
0 9809 phononL 0.004 0.852796 -0.25469 0.0269992 0
0 9810 phononL 0.004 0.992119 -1.3491 -0.0187005 0
0 9811 phononL 0.004 -0.3317 -0.397926 -0.0181455 0
0 9812 phononL 0.004 -0.830564 1.0795 -0.000604421 0
0 9813 phononL 0.004 0.943951 1.40941 0.00852332 0
0 9814 phononL 0.004 0.648675 -0.450527 0.0151941 0
0 9815 phononL 0.004 0.836072 -0.450144 0.0309866 0
0 9816 phononL 0.004 -0.278994 1.1001 0.00299605 0
0 9817 phononL 0.004 -0.4957 1.44925 -0.00785294 0
0 9818 phononL 0.004 0.414686 -0.870178 -0.0142404 0
0 9819 phononL 0.004 1.46454 -1.58063 -0.025735 0
0 9820 phononL 0.004 0.162633 1.57922 -0.00850629 0
0 9821 phononL 0.004 -0.778551 -0.59625 -0.020476 0
0 9822 phononL 0.004 1.53571 0.132207 0.0271704 0
0 9823 phononL 0.004 1.47991 0.457351 -0.00649344 0
0 9824 phononL 0.004 0.823269 -0.921107 -0.0158553 0
0 9825 phononL 0.004 -0.719094 0.677578 -0.0114057 0
0 9826 phononL 0.004 0.260301 0.928421 0.0396506 0
0 9827 phononL 0.004 -1.47704 0.582872 -0.00110931 0
0 9828 phononL 0.004 -1.35565 0.0716465 -0.0394887 0
0 9829 phononL 0.004 0.458285 0.841985 -0.0132572 0
0 9830 phononL 0.004 0.701548 1.62657 0.00700807 0
0 9831 phononL 0.004 -1.43205 0.215474 0.0237837 0
0 9832 phononL 0.004 -1.35757 -0.299602 0.00435266 0
0 9833 phononL 0.004 1.18422 -0.235967 0.0267391 0
0 9834 phononL 0.004 -1.0859 1.58879 -0.0201737 0
0 9835 phononL 0.004 -1.17201 0.842411 0.0218342 0
0 9836 phononL 0.004 0.0104228 0.732352 0.0132051 0
0 9837 phononL 0.004 -1.22453 0.669208 -0.0383575 0
0 9838 phononL 0.004 0.15661 1.07001 -0.00363998 0
0 9839 phononL 0.004 -1.48515 1.26946 -0.0117609 0
0 9840 phononL 0.004 -0.259147 -0.865617 0.0136108 0
0 9841 phononL 0.004 0.320872 -0.867718 -0.0092597 0
0 9842 phononL 0.004 0.25429 1.12712 0.037427 0
0 9843 phononL 0.004 1.47938 0.393668 0.00102172 0
0 9844 phononL 0.004 1.23889 1.39302 0.023164 0
0 9845 phononL 0.004 -0.941464 1.50638 -0.0314816 0
0 9846 phononL 0.004 -0.927306 -0.353183 0.00315516 0
0 9847 phononL 0.004 0.535902 -0.333294 0.0327684 0
0 9848 phononL 0.004 -1.44788 1.26568 0.0227807 0
0 9849 phononL 0.004 0.651151 1.28098 -0.0286375 0
0 9850 phononL 0.004 -1.15618 0.0613348 -0.00407631 0
0 9851 phononL 0.004 1.37506 -1.31357 -0.0232744 0
0 9852 phononL 0.004 -0.626257 0.281999 0.0245242 0
0 9853 phononL 0.004 0.934641 -1.19363 -0.00921721 0
0 9854 phononL 0.004 0.0844973 0.633761 0.013802 0
0 9855 phononL 0.004 -0.94603 0.102949 -0.00968495 0
0 9856 phononL 0.004 -0.625596 -1.40202 0.0219859 0
0 9857 phononL 0.004 -1.44336 1.35695 -0.0167059 0
0 9858 phononL 0.004 1.02845 -1.07224 -0.0311835 0
0 9859 phononL 0.004 -0.249955 0.19891 -0.035854 0
0 9860 phononL 0.004 0.0114781 -0.856335 -0.0232205 0
0 9861 phononL 0.004 -0.909266 0.371534 -0.0145874 0
0 9862 phononL 0.004 -0.856054 0.812378 -0.0336707 0
0 9863 phononL 0.004 1.63147 1.44521 0.00460745 0
0 9864 phononL 0.004 -0.722307 -0.888671 -0.0291372 0
0 9865 phononL 0.004 -0.627271 -1.14561 -0.00868831 0
0 9866 phononL 0.004 1.59576 -1.36549 -0.0320353 0
0 9867 phononL 0.004 -0.621023 0.848695 0.00329044 0
0 9868 phononL 0.004 -0.452398 1.55962 -0.0390927 0
0 9869 phononL 0.004 -1.13602 1.03588 -0.00435942 0
0 9870 phononL 0.004 0.542017 -0.118113 -0.0114492 0
0 9871 phononL 0.004 1.17126 -0.0390756 0.0328971 0
0 9872 phononL 0.004 0.333551 -1.19751 0.0328711 0
0 9873 phononL 0.004 0.903349 0.63279 -0.0147511 0
0 9874 phononL 0.004 1.25414 -0.577738 -0.0304677 0
0 9875 phononL 0.004 1.37289 0.892852 -0.0253974 0
0 9876 phononL 0.004 1.53608 -1.30662 -0.0388251 0
0 9877 phononL 0.004 -0.905731 -0.557487 0.028637 0
0 9878 phononL 0.004 -1.38538 -0.72988 0.00145505 0
0 9879 phononL 0.004 -0.457248 -0.316271 0.0282191 0
0 9880 phononL 0.004 -0.642127 -1.50819 -0.00921001 0
0 9881 phononL 0.004 1.29982 0.853474 -0.037553 0
0 9882 phononL 0.004 0.303179 0.963288 -0.0326752 0
0 9883 phononL 0.004 0.575184 -0.673451 0.00620599 0
0 9884 phononL 0.004 0.12487 1.22988 0.00474506 0
0 9885 phononL 0.004 0.606002 1.03828 0.0107405 0
0 9886 phononL 0.004 -0.744342 1.62482 -0.00651875 0
0 9887 phononL 0.004 0.19494 -1.07664 -0.0191347 0
0 9888 phononL 0.004 0.403367 -0.378099 0.0182808 0
0 9889 phononL 0.004 0.153136 1.09224 -0.0047282 0
0 9890 phononL 0.004 -1.47941 0.711568 -0.0241689 0
0 9891 phononL 0.004 0.120301 -1.56855 -0.013379 0
0 9892 phononL 0.004 -1.4908 -1.13875 -0.0114003 0
0 9893 phononL 0.004 1.41034 -0.503345 0.0147794 0
0 9894 phononL 0.004 0.16957 1.59072 -0.00982432 0
0 9895 phononL 0.004 -1.27935 1.00496 0.0336591 0
0 9896 phononL 0.004 0.725334 -0.18017 0.0351292 0
0 9897 phononL 0.004 -1.42645 -0.641487 -0.0122055 0
0 9898 phononL 0.004 0.173578 0.289843 -0.0316584 0
0 9899 phononL 0.004 -0.819567 -0.185251 0.0378629 0
0 9900 phononL 0.004 -1.16627 -0.738197 -0.0124733 0
0 9901 phononL 0.004 -0.0573129 1.65498 0.0199439 0
0 9902 phononL 0.004 0.388658 -0.352341 0.00600678 0
0 9903 phononL 0.004 0.725334 -0.29051 0.0334411 0
0 9904 phononL 0.004 0.601685 1.5336 0.0225149 0
0 9905 phononL 0.004 -0.837561 1.28764 -0.00796725 0
0 9906 phononL 0.004 0.116435 -1.51892 -0.0130307 0
0 9907 phononL 0.004 1.31996 -0.243292 0.00536957 0
0 9908 phononL 0.004 -1.57639 0.602317 0.0195532 0
0 9909 phononL 0.004 0.905254 1.10872 -0.02893 0
0 9910 phononL 0.004 0.643659 -1.43646 0.00289565 0
0 9911 phononL 0.004 1.07848 0.812756 -0.00640679 0
0 9912 phononL 0.004 1.22106 -0.323144 0.0185259 0
0 9913 phononL 0.004 1.14336 -0.136125 -0.0370161 0
0 9914 phononL 0.004 -0.191331 -1.55189 0.0377009 0
0 9915 phononL 0.004 -0.498113 -0.0440402 0.0181263 0
0 9916 phononL 0.004 -0.495467 -1.58301 0.0252964 0
0 9917 phononL 0.004 0.877744 0.00155194 0.0071626 0
0 9918 phononL 0.004 0.389411 -0.0797195 0.0397776 0
0 9919 phononL 0.004 1.61589 -0.959867 0.00604233 0
0 9920 phononL 0.004 -0.698786 0.374301 0.00710703 0
0 9921 phononL 0.004 0.761563 -0.2308 0.0285845 0
0 9922 phononL 0.004 1.45277 0.485476 0.0363807 0
0 9923 phononL 0.004 1.06089 0.190415 0.0208207 0
0 9924 phononL 0.004 1.24507 1.07959 0.0383252 0
0 9925 phononL 0.004 1.00118 -0.789832 0.0120723 0
0 9926 phononL 0.004 1.19188 -0.551205 0.0246375 0
0 9927 phononL 0.004 0.874368 0.631541 0.0189668 0
0 9928 phononL 0.004 -1.02992 -0.442933 0.0045604 0
0 9929 phononL 0.004 -1.45554 0.480505 0.0354353 0
0 9930 phononL 0.004 -0.97316 -0.916663 0.0186208 0
0 9931 phononL 0.004 0.341422 -1.59046 -0.0392905 0
0 9932 phononL 0.004 1.48024 0.688153 -0.00693079 0
0 9933 phononL 0.004 -0.913437 -1.395 0.0246599 0
0 9934 phononL 0.004 0.789176 -0.256454 -0.019784 0
0 9935 phononL 0.004 -0.869094 1.22275 0.0291842 0
0 9936 phononL 0.004 -1.17948 1.3026 0.014019 0
0 9937 phononL 0.004 -0.815758 -0.726809 -0.00644414 0
0 9938 phononL 0.004 -0.218289 0.422958 -0.021 0
0 9939 phononL 0.004 -0.152927 -1.06459 0.016475 0
0 9940 phononL 0.004 -1.66419 -0.320526 -0.0274147 0
0 9941 phononL 0.004 -0.217827 -0.234543 -0.00418018 0
0 9942 phononL 0.004 0.123661 1.40065 -0.0349323 0
0 9943 phononL 0.004 1.58588 -1.16634 0.0395899 0
0 9944 phononL 0.004 0.0672039 -0.455274 -0.0331072 0
0 9945 phononL 0.004 -0.841398 -1.03504 -0.00287518 0
0 9946 phononL 0.004 -1.27146 0.116411 -0.0346101 0
0 9947 phononL 0.004 -1.00238 0.387017 -0.00201029 0
0 9948 phononL 0.004 0.806022 1.14533 -0.0213325 0
0 9949 phononL 0.004 -0.91079 -1.53608 -0.0395677 0
0 9950 phononL 0.004 -1.2152 0.295785 -0.0171581 0
0 9951 phononL 0.004 -1.0904 1.58169 -0.0165991 0
0 9952 phononL 0.004 -0.850002 -0.67854 0.0382434 0
0 9953 phononL 0.004 -1.10013 -1.43665 0.0113698 0
0 9954 phononL 0.004 -0.754714 0.387083 -0.0221247 0
0 9955 phononL 0.004 -0.0656255 -1.03219 0.0271382 0
0 9956 phononL 0.004 -0.806094 1.24015 0.00861693 0
0 9957 phononL 0.004 0.579004 -0.916818 0.0273055 0
0 9958 phononL 0.004 -1.6023 -1.48488 0.0273007 0
0 9959 phononL 0.004 -1.11834 -0.983713 -0.0204613 0
0 9960 phononL 0.004 -0.265826 -0.287377 -0.0262019 0
0 9961 phononL 0.004 1.27255 0.591305 0.0311085 0
0 9962 phononL 0.004 1.4822 -0.514679 0.000648237 0
0 9963 phononL 0.004 -0.135029 -1.62955 0.0207585 0
0 9964 phononL 0.004 0.572889 1.21525 0.000544521 0
0 9965 phononL 0.004 1.45572 -0.299565 -0.0204441 0
0 9966 phononL 0.004 0.289737 1.51927 -0.0394659 0
0 9967 phononL 0.004 0.289612 1.30663 -0.0183744 0
0 9968 phononL 0.004 0.711764 -0.845073 -0.00192749 0
0 9969 phononL 0.004 -1.2114 1.37687 0.0277471 0
0 9970 phononL 0.004 0.566042 -0.761278 -0.0130947 0
0 9971 phononL 0.004 -1.46613 1.15228 -0.00338805 0
0 9972 phononL 0.004 -1.27934 0.18742 0.0165249 0
0 9973 phononL 0.004 0.0431885 0.913592 0.0189827 0
0 9974 phononL 0.004 0.202704 -1.01061 0.0160706 0
0 9975 phononL 0.004 -1.66257 -0.638183 -0.034733 0
0 9976 phononL 0.004 0.387915 -0.643234 -0.0256667 0
0 9977 phononL 0.004 -0.683684 0.285462 -0.0399981 0
0 9978 phononL 0.004 0.0300107 -0.669235 -0.0160854 0
0 9979 phononL 0.004 1.60302 0.230947 -0.0130452 0
0 9980 phononL 0.004 0.217152 0.251772 -0.00535961 0
0 9981 phononL 0.004 0.703661 0.276165 -0.0105138 0
0 9982 phononL 0.004 -1.42934 -1.36064 0.0178515 0
0 9983 phononL 0.004 1.28121 1.52118 0.0337537 0
0 9984 phononL 0.004 -0.337179 1.14338 -0.00822803 0
0 9985 phononL 0.004 -1.18053 -0.164265 -0.00943403 0
0 9986 phononL 0.004 -0.171484 1.3733 -0.0340395 0
0 9987 phononL 0.004 0.546987 -1.20079 0.000927474 0
0 9988 phononL 0.004 -0.511576 -0.0737829 -0.0372851 0
0 9989 phononL 0.004 1.2017 -0.43192 0.0297401 0
0 9990 phononL 0.004 0.971009 -0.569834 -0.0268793 0
0 9991 phononL 0.004 -0.208517 0.146868 0.0299008 0
0 9992 phononL 0.004 -0.788289 -0.072133 -0.00672747 0
0 9993 phononL 0.004 -0.548324 0.890432 0.0369472 0
0 9994 phononL 0.004 0.597601 0.723862 -0.0051202 0
0 9995 phononL 0.004 -0.444728 -0.378178 0.022311 0
0 9996 phononL 0.004 0.373164 1.5639 0.0252142 0
0 9997 phononL 0.004 0.967506 -0.0305221 0.0258457 0
0 9998 phononL 0.004 -1.20578 -1.10559 0.00385491 0
0 9999 phononL 0.004 -0.8919 1.392 -0.00400307 0
