solid single_squat_BE1
   facet normal 0.000000e+00 0.000000e+00 1.000000e+00
      outer loop
         vertex -1.579908e+04 2.517390e+03 2.000000e-01
         vertex -1.579960e+04 2.520000e+03 2.000000e-01
         vertex -1.580702e+04 2.520000e+03 2.000000e-01
      endloop
   endfacet
   facet normal -0.000000e+00 0.000000e+00 1.000000e+00
      outer loop
         vertex -1.583236e+04 2.411903e+03 2.000000e-01
         vertex -1.583231e+04 2.411888e+03 2.000000e-01
         vertex -1.583125e+04 2.422137e+03 2.000000e-01
      endloop
   endfacet
   facet normal -0.000000e+00 0.000000e+00 1.000000e+00
      outer loop
         vertex -1.582642e+04 2.410289e+03 2.000000e-01
         vertex -1.582350e+04 2.409617e+03 2.000000e-01
         vertex -1.581787e+04 2.422137e+03 2.000000e-01
      endloop
   endfacet
   facet normal 0.000000e+00 0.000000e+00 1.000000e+00
      outer loop
         vertex -1.581787e+04 2.422137e+03 2.000000e-01
         vertex -1.582350e+04 2.409617e+03 2.000000e-01
         vertex -1.582345e+04 2.409606e+03 2.000000e-01
      endloop
   endfacet
   facet normal 0.000000e+00 0.000000e+00 1.000000e+00
      outer loop
         vertex -1.581787e+04 2.422137e+03 2.000000e-01
         vertex -1.582345e+04 2.409606e+03 2.000000e-01
         vertex -1.582019e+04 2.410473e+03 2.000000e-01
      endloop
   endfacet
   facet normal -0.000000e+00 0.000000e+00 1.000000e+00
      outer loop
         vertex -1.583231e+04 2.411888e+03 2.000000e-01
         vertex -1.582943e+04 2.411064e+03 2.000000e-01
         vertex -1.583125e+04 2.422137e+03 2.000000e-01
      endloop
   endfacet
   facet normal 0.000000e+00 0.000000e+00 1.000000e+00
      outer loop
         vertex -1.583125e+04 2.422137e+03 2.000000e-01
         vertex -1.582943e+04 2.411064e+03 2.000000e-01
         vertex -1.582938e+04 2.411050e+03 2.000000e-01
      endloop
   endfacet
   facet normal 0.000000e+00 0.000000e+00 1.000000e+00
      outer loop
         vertex -1.583125e+04 2.422137e+03 2.000000e-01
         vertex -1.582938e+04 2.411050e+03 2.000000e-01
         vertex -1.582647e+04 2.410301e+03 2.000000e-01
      endloop
   endfacet
   facet normal 0.000000e+00 0.000000e+00 1.000000e+00
      outer loop
         vertex -1.582019e+04 2.410473e+03 2.000000e-01
         vertex -1.582345e+04 2.409606e+03 2.000000e-01
         vertex -1.582021e+04 2.410402e+03 2.000000e-01
      endloop
   endfacet
   facet normal 0.000000e+00 0.000000e+00 1.000000e+00
      outer loop
         vertex -1.582021e+04 2.410402e+03 2.000000e-01
         vertex -1.582345e+04 2.409606e+03 2.000000e-01
         vertex -1.582195e+04 2.409302e+03 2.000000e-01
      endloop
   endfacet
   facet normal 0.000000e+00 0.000000e+00 1.000000e+00
      outer loop
         vertex -1.582021e+04 2.410402e+03 2.000000e-01
         vertex -1.582195e+04 2.409302e+03 2.000000e-01
         vertex -1.582188e+04 2.409290e+03 2.000000e-01
      endloop
   endfacet
   facet normal 0.000000e+00 -0.000000e+00 1.000000e+00
      outer loop
         vertex -1.582030e+04 2.410126e+03 2.000000e-01
         vertex -1.582028e+04 2.410193e+03 2.000000e-01
         vertex -1.582151e+04 2.409280e+03 2.000000e-01
      endloop
   endfacet
   facet normal 0.000000e+00 -0.000000e+00 1.000000e+00
      outer loop
         vertex -1.582151e+04 2.409280e+03 2.000000e-01
         vertex -1.582021e+04 2.410402e+03 2.000000e-01
         vertex -1.582158e+04 2.409274e+03 2.000000e-01
      endloop
   endfacet
   facet normal 0.000000e+00 -0.000000e+00 1.000000e+00
      outer loop
         vertex -1.582158e+04 2.409274e+03 2.000000e-01
         vertex -1.582021e+04 2.410402e+03 2.000000e-01
         vertex -1.582166e+04 2.409273e+03 2.000000e-01
      endloop
   endfacet
   facet normal -0.000000e+00 0.000000e+00 1.000000e+00
      outer loop
         vertex -1.582188e+04 2.409290e+03 2.000000e-01
         vertex -1.582180e+04 2.409280e+03 2.000000e-01
         vertex -1.582021e+04 2.410402e+03 2.000000e-01
      endloop
   endfacet
   facet normal 0.000000e+00 0.000000e+00 1.000000e+00
      outer loop
         vertex -1.582021e+04 2.410402e+03 2.000000e-01
         vertex -1.582180e+04 2.409280e+03 2.000000e-01
         vertex -1.582173e+04 2.409275e+03 2.000000e-01
      endloop
   endfacet
   facet normal 0.000000e+00 0.000000e+00 1.000000e+00
      outer loop
         vertex -1.582021e+04 2.410402e+03 2.000000e-01
         vertex -1.582173e+04 2.409275e+03 2.000000e-01
         vertex -1.582166e+04 2.409273e+03 2.000000e-01
      endloop
   endfacet
   facet normal 0.000000e+00 0.000000e+00 1.000000e+00
      outer loop
         vertex -1.582144e+04 2.409288e+03 2.000000e-01
         vertex -1.582137e+04 2.409301e+03 2.000000e-01
         vertex -1.582037e+04 2.409997e+03 2.000000e-01
      endloop
   endfacet
   facet normal 0.000000e+00 0.000000e+00 1.000000e+00
      outer loop
         vertex -1.582037e+04 2.409997e+03 2.000000e-01
         vertex -1.582137e+04 2.409301e+03 2.000000e-01
         vertex -1.582129e+04 2.409317e+03 2.000000e-01
      endloop
   endfacet
   facet normal 0.000000e+00 -0.000000e+00 1.000000e+00
      outer loop
         vertex -1.582144e+04 2.409288e+03 2.000000e-01
         vertex -1.582037e+04 2.409997e+03 2.000000e-01
         vertex -1.582151e+04 2.409280e+03 2.000000e-01
      endloop
   endfacet
   facet normal 0.000000e+00 0.000000e+00 1.000000e+00
      outer loop
         vertex -1.582151e+04 2.409280e+03 2.000000e-01
         vertex -1.582037e+04 2.409997e+03 2.000000e-01
         vertex -1.582034e+04 2.410060e+03 2.000000e-01
      endloop
   endfacet
   facet normal 0.000000e+00 0.000000e+00 1.000000e+00
      outer loop
         vertex -1.582151e+04 2.409280e+03 2.000000e-01
         vertex -1.582034e+04 2.410060e+03 2.000000e-01
         vertex -1.582030e+04 2.410126e+03 2.000000e-01
      endloop
   endfacet
   facet normal 0.000000e+00 -0.000000e+00 1.000000e+00
      outer loop
         vertex -1.582028e+04 2.410193e+03 2.000000e-01
         vertex -1.582025e+04 2.410261e+03 2.000000e-01
         vertex -1.582151e+04 2.409280e+03 2.000000e-01
      endloop
   endfacet
   facet normal 0.000000e+00 0.000000e+00 1.000000e+00
      outer loop
         vertex -1.582151e+04 2.409280e+03 2.000000e-01
         vertex -1.582025e+04 2.410261e+03 2.000000e-01
         vertex -1.582022e+04 2.410331e+03 2.000000e-01
      endloop
   endfacet
   facet normal 0.000000e+00 0.000000e+00 1.000000e+00
      outer loop
         vertex -1.582151e+04 2.409280e+03 2.000000e-01
         vertex -1.582022e+04 2.410331e+03 2.000000e-01
         vertex -1.582021e+04 2.410402e+03 2.000000e-01
      endloop
   endfacet
   facet normal 0.000000e+00 0.000000e+00 1.000000e+00
      outer loop
         vertex -1.582129e+04 2.409317e+03 2.000000e-01
         vertex -1.582122e+04 2.409336e+03 2.000000e-01
         vertex -1.582037e+04 2.409997e+03 2.000000e-01
      endloop
   endfacet
   facet normal 0.000000e+00 0.000000e+00 1.000000e+00
      outer loop
         vertex -1.582037e+04 2.409997e+03 2.000000e-01
         vertex -1.582122e+04 2.409336e+03 2.000000e-01
         vertex -1.582115e+04 2.409359e+03 2.000000e-01
      endloop
   endfacet
   facet normal 0.000000e+00 0.000000e+00 1.000000e+00
      outer loop
         vertex -1.582037e+04 2.409997e+03 2.000000e-01
         vertex -1.582115e+04 2.409359e+03 2.000000e-01
         vertex -1.582108e+04 2.409385e+03 2.000000e-01
      endloop
   endfacet
   facet normal 0.000000e+00 0.000000e+00 1.000000e+00
      outer loop
         vertex -1.582108e+04 2.409385e+03 2.000000e-01
         vertex -1.582102e+04 2.409415e+03 2.000000e-01
         vertex -1.582037e+04 2.409997e+03 2.000000e-01
      endloop
   endfacet
   facet normal 0.000000e+00 0.000000e+00 1.000000e+00
      outer loop
         vertex -1.582037e+04 2.409997e+03 2.000000e-01
         vertex -1.582102e+04 2.409415e+03 2.000000e-01
         vertex -1.582095e+04 2.409448e+03 2.000000e-01
      endloop
   endfacet
   facet normal 0.000000e+00 0.000000e+00 1.000000e+00
      outer loop
         vertex -1.582037e+04 2.409997e+03 2.000000e-01
         vertex -1.582095e+04 2.409448e+03 2.000000e-01
         vertex -1.582089e+04 2.409484e+03 2.000000e-01
      endloop
   endfacet
   facet normal 0.000000e+00 0.000000e+00 1.000000e+00
      outer loop
         vertex -1.582071e+04 2.409610e+03 2.000000e-01
         vertex -1.582065e+04 2.409658e+03 2.000000e-01
         vertex -1.582037e+04 2.409997e+03 2.000000e-01
      endloop
   endfacet
   facet normal 0.000000e+00 0.000000e+00 1.000000e+00
      outer loop
         vertex -1.582037e+04 2.409997e+03 2.000000e-01
         vertex -1.582065e+04 2.409658e+03 2.000000e-01
         vertex -1.582060e+04 2.409708e+03 2.000000e-01
      endloop
   endfacet
   facet normal 0.000000e+00 0.000000e+00 1.000000e+00
      outer loop
         vertex -1.582037e+04 2.409997e+03 2.000000e-01
         vertex -1.582060e+04 2.409708e+03 2.000000e-01
         vertex -1.582055e+04 2.409761e+03 2.000000e-01
      endloop
   endfacet
   facet normal 0.000000e+00 0.000000e+00 1.000000e+00
      outer loop
         vertex -1.582055e+04 2.409761e+03 2.000000e-01
         vertex -1.582050e+04 2.409817e+03 2.000000e-01
         vertex -1.582037e+04 2.409997e+03 2.000000e-01
      endloop
   endfacet
   facet normal 0.000000e+00 0.000000e+00 1.000000e+00
      outer loop
         vertex -1.582037e+04 2.409997e+03 2.000000e-01
         vertex -1.582050e+04 2.409817e+03 2.000000e-01
         vertex -1.582045e+04 2.409875e+03 2.000000e-01
      endloop
   endfacet
   facet normal 0.000000e+00 0.000000e+00 1.000000e+00
      outer loop
         vertex -1.582037e+04 2.409997e+03 2.000000e-01
         vertex -1.582045e+04 2.409875e+03 2.000000e-01
         vertex -1.582041e+04 2.409935e+03 2.000000e-01
      endloop
   endfacet
   facet normal 0.000000e+00 0.000000e+00 1.000000e+00
      outer loop
         vertex -1.582089e+04 2.409484e+03 2.000000e-01
         vertex -1.582083e+04 2.409523e+03 2.000000e-01
         vertex -1.582037e+04 2.409997e+03 2.000000e-01
      endloop
   endfacet
   facet normal 0.000000e+00 0.000000e+00 1.000000e+00
      outer loop
         vertex -1.582037e+04 2.409997e+03 2.000000e-01
         vertex -1.582083e+04 2.409523e+03 2.000000e-01
         vertex -1.582077e+04 2.409565e+03 2.000000e-01
      endloop
   endfacet
   facet normal 0.000000e+00 0.000000e+00 1.000000e+00
      outer loop
         vertex -1.582037e+04 2.409997e+03 2.000000e-01
         vertex -1.582077e+04 2.409565e+03 2.000000e-01
         vertex -1.582071e+04 2.409610e+03 2.000000e-01
      endloop
   endfacet
   facet normal -0.000000e+00 0.000000e+00 1.000000e+00
      outer loop
         vertex -1.585476e+04 2.421328e+03 2.000000e-01
         vertex -1.585472e+04 2.421302e+03 2.000000e-01
         vertex -1.583125e+04 2.422137e+03 2.000000e-01
      endloop
   endfacet
   facet normal 0.000000e+00 0.000000e+00 1.000000e+00
      outer loop
         vertex -1.583125e+04 2.422137e+03 2.000000e-01
         vertex -1.585472e+04 2.421302e+03 2.000000e-01
         vertex -1.585209e+04 2.419894e+03 2.000000e-01
      endloop
   endfacet
   facet normal 0.000000e+00 0.000000e+00 1.000000e+00
      outer loop
         vertex -1.583125e+04 2.422137e+03 2.000000e-01
         vertex -1.584383e+04 2.416025e+03 2.000000e-01
         vertex -1.584378e+04 2.416004e+03 2.000000e-01
      endloop
   endfacet
   facet normal 0.000000e+00 0.000000e+00 1.000000e+00
      outer loop
         vertex -1.583125e+04 2.422137e+03 2.000000e-01
         vertex -1.583815e+04 2.413813e+03 2.000000e-01
         vertex -1.583810e+04 2.413795e+03 2.000000e-01
      endloop
   endfacet
   facet normal -0.000000e+00 0.000000e+00 1.000000e+00
      outer loop
         vertex -1.585209e+04 2.419894e+03 2.000000e-01
         vertex -1.585204e+04 2.419870e+03 2.000000e-01
         vertex -1.583125e+04 2.422137e+03 2.000000e-01
      endloop
   endfacet
   facet normal 0.000000e+00 0.000000e+00 1.000000e+00
      outer loop
         vertex -1.583125e+04 2.422137e+03 2.000000e-01
         vertex -1.585204e+04 2.419870e+03 2.000000e-01
         vertex -1.584937e+04 2.418532e+03 2.000000e-01
      endloop
   endfacet
   facet normal 0.000000e+00 0.000000e+00 1.000000e+00
      outer loop
         vertex -1.583125e+04 2.422137e+03 2.000000e-01
         vertex -1.584937e+04 2.418532e+03 2.000000e-01
         vertex -1.584932e+04 2.418509e+03 2.000000e-01
      endloop
   endfacet
   facet normal -0.000000e+00 0.000000e+00 1.000000e+00
      outer loop
         vertex -1.584378e+04 2.416004e+03 2.000000e-01
         vertex -1.584100e+04 2.414882e+03 2.000000e-01
         vertex -1.583125e+04 2.422137e+03 2.000000e-01
      endloop
   endfacet
   facet normal 0.000000e+00 0.000000e+00 1.000000e+00
      outer loop
         vertex -1.583125e+04 2.422137e+03 2.000000e-01
         vertex -1.584100e+04 2.414882e+03 2.000000e-01
         vertex -1.584095e+04 2.414863e+03 2.000000e-01
      endloop
   endfacet
   facet normal 0.000000e+00 0.000000e+00 1.000000e+00
      outer loop
         vertex -1.583125e+04 2.422137e+03 2.000000e-01
         vertex -1.584095e+04 2.414863e+03 2.000000e-01
         vertex -1.583815e+04 2.413813e+03 2.000000e-01
      endloop
   endfacet
   facet normal -0.000000e+00 0.000000e+00 1.000000e+00
      outer loop
         vertex -1.583810e+04 2.413795e+03 2.000000e-01
         vertex -1.583527e+04 2.412820e+03 2.000000e-01
         vertex -1.583125e+04 2.422137e+03 2.000000e-01
      endloop
   endfacet
   facet normal 0.000000e+00 0.000000e+00 1.000000e+00
      outer loop
         vertex -1.583125e+04 2.422137e+03 2.000000e-01
         vertex -1.583527e+04 2.412820e+03 2.000000e-01
         vertex -1.583522e+04 2.412804e+03 2.000000e-01
      endloop
   endfacet
   facet normal 0.000000e+00 0.000000e+00 1.000000e+00
      outer loop
         vertex -1.583125e+04 2.422137e+03 2.000000e-01
         vertex -1.583522e+04 2.412804e+03 2.000000e-01
         vertex -1.583236e+04 2.411903e+03 2.000000e-01
      endloop
   endfacet
   facet normal -0.000000e+00 0.000000e+00 1.000000e+00
      outer loop
         vertex -1.584932e+04 2.418509e+03 2.000000e-01
         vertex -1.584661e+04 2.417242e+03 2.000000e-01
         vertex -1.583125e+04 2.422137e+03 2.000000e-01
      endloop
   endfacet
   facet normal 0.000000e+00 0.000000e+00 1.000000e+00
      outer loop
         vertex -1.583125e+04 2.422137e+03 2.000000e-01
         vertex -1.584661e+04 2.417242e+03 2.000000e-01
         vertex -1.584657e+04 2.417220e+03 2.000000e-01
      endloop
   endfacet
   facet normal 0.000000e+00 0.000000e+00 1.000000e+00
      outer loop
         vertex -1.583125e+04 2.422137e+03 2.000000e-01
         vertex -1.584657e+04 2.417220e+03 2.000000e-01
         vertex -1.584383e+04 2.416025e+03 2.000000e-01
      endloop
   endfacet
   facet normal 0.000000e+00 0.000000e+00 1.000000e+00
      outer loop
         vertex -1.584750e+04 2.440000e+03 2.000000e-01
         vertex -1.585875e+04 2.465000e+03 2.000000e-01
         vertex -1.584750e+04 2.435000e+03 2.000000e-01
      endloop
   endfacet
   facet normal 0.000000e+00 0.000000e+00 1.000000e+00
      outer loop
         vertex -1.584750e+04 2.435000e+03 2.000000e-01
         vertex -1.585875e+04 2.465000e+03 2.000000e-01
         vertex -1.585995e+04 2.424375e+03 2.000000e-01
      endloop
   endfacet
   facet normal 0.000000e+00 0.000000e+00 1.000000e+00
      outer loop
         vertex -1.584750e+04 2.435000e+03 2.000000e-01
         vertex -1.585995e+04 2.424375e+03 2.000000e-01
         vertex -1.585740e+04 2.422831e+03 2.000000e-01
      endloop
   endfacet
   facet normal 0.000000e+00 0.000000e+00 1.000000e+00
      outer loop
         vertex -1.583125e+04 2.465000e+03 2.000000e-01
         vertex -1.584250e+04 2.440000e+03 2.000000e-01
         vertex -1.583125e+04 2.422137e+03 2.000000e-01
      endloop
   endfacet
   facet normal 0.000000e+00 0.000000e+00 1.000000e+00
      outer loop
         vertex -1.583125e+04 2.422137e+03 2.000000e-01
         vertex -1.584250e+04 2.440000e+03 2.000000e-01
         vertex -1.584250e+04 2.435000e+03 2.000000e-01
      endloop
   endfacet
   facet normal 0.000000e+00 0.000000e+00 1.000000e+00
      outer loop
         vertex -1.583125e+04 2.422137e+03 2.000000e-01
         vertex -1.584250e+04 2.435000e+03 2.000000e-01
         vertex -1.585476e+04 2.421328e+03 2.000000e-01
      endloop
   endfacet
   facet normal 0.000000e+00 0.000000e+00 1.000000e+00
      outer loop
         vertex -1.585476e+04 2.421328e+03 2.000000e-01
         vertex -1.584250e+04 2.435000e+03 2.000000e-01
         vertex -1.584750e+04 2.435000e+03 2.000000e-01
      endloop
   endfacet
   facet normal 0.000000e+00 -0.000000e+00 1.000000e+00
      outer loop
         vertex -1.585476e+04 2.421328e+03 2.000000e-01
         vertex -1.584750e+04 2.435000e+03 2.000000e-01
         vertex -1.585736e+04 2.422804e+03 2.000000e-01
      endloop
   endfacet
   facet normal 0.000000e+00 -0.000000e+00 1.000000e+00
      outer loop
         vertex -1.585736e+04 2.422804e+03 2.000000e-01
         vertex -1.584750e+04 2.435000e+03 2.000000e-01
         vertex -1.585740e+04 2.422831e+03 2.000000e-01
      endloop
   endfacet
   facet normal -0.000000e+00 0.000000e+00 1.000000e+00
      outer loop
         vertex -1.586501e+04 2.427718e+03 2.000000e-01
         vertex -1.586255e+04 2.426043e+03 2.000000e-01
         vertex -1.585875e+04 2.465000e+03 2.000000e-01
      endloop
   endfacet
   facet normal 0.000000e+00 -0.000000e+00 1.000000e+00
      outer loop
         vertex -1.587457e+04 2.435215e+03 2.000000e-01
         vertex -1.585875e+04 2.465000e+03 2.000000e-01
         vertex -1.587677e+04 2.437197e+03 2.000000e-01
      endloop
   endfacet
   facet normal 0.000000e+00 -0.000000e+00 1.000000e+00
      outer loop
         vertex -1.587677e+04 2.437197e+03 2.000000e-01
         vertex -1.585875e+04 2.465000e+03 2.000000e-01
         vertex -1.587681e+04 2.437234e+03 2.000000e-01
      endloop
   endfacet
   facet normal -0.000000e+00 0.000000e+00 1.000000e+00
      outer loop
         vertex -1.589256e+04 2.455313e+03 2.000000e-01
         vertex -1.589084e+04 2.452917e+03 2.000000e-01
         vertex -1.585875e+04 2.465000e+03 2.000000e-01
      endloop
   endfacet
   facet normal -0.000000e+00 0.000000e+00 1.000000e+00
      outer loop
         vertex -1.587969e+04 2.440000e+03 2.000000e-01
         vertex -1.587900e+04 2.439312e+03 2.000000e-01
         vertex -1.585875e+04 2.465000e+03 2.000000e-01
      endloop
   endfacet
   facet normal 0.000000e+00 0.000000e+00 1.000000e+00
      outer loop
         vertex -1.585875e+04 2.465000e+03 2.000000e-01
         vertex -1.587900e+04 2.439312e+03 2.000000e-01
         vertex -1.587896e+04 2.439274e+03 2.000000e-01
      endloop
   endfacet
   facet normal 0.000000e+00 0.000000e+00 1.000000e+00
      outer loop
         vertex -1.585875e+04 2.465000e+03 2.000000e-01
         vertex -1.587896e+04 2.439274e+03 2.000000e-01
         vertex -1.587681e+04 2.437234e+03 2.000000e-01
      endloop
   endfacet
   facet normal -0.000000e+00 0.000000e+00 1.000000e+00
      outer loop
         vertex -1.587457e+04 2.435215e+03 2.000000e-01
         vertex -1.587453e+04 2.435179e+03 2.000000e-01
         vertex -1.585875e+04 2.465000e+03 2.000000e-01
      endloop
   endfacet
   facet normal 0.000000e+00 0.000000e+00 1.000000e+00
      outer loop
         vertex -1.585875e+04 2.465000e+03 2.000000e-01
         vertex -1.587453e+04 2.435179e+03 2.000000e-01
         vertex -1.587227e+04 2.433255e+03 2.000000e-01
      endloop
   endfacet
   facet normal 0.000000e+00 0.000000e+00 1.000000e+00
      outer loop
         vertex -1.585875e+04 2.465000e+03 2.000000e-01
         vertex -1.587227e+04 2.433255e+03 2.000000e-01
         vertex -1.587222e+04 2.433221e+03 2.000000e-01
      endloop
   endfacet
   facet normal -0.000000e+00 0.000000e+00 1.000000e+00
      outer loop
         vertex -1.587222e+04 2.433221e+03 2.000000e-01
         vertex -1.586991e+04 2.431357e+03 2.000000e-01
         vertex -1.585875e+04 2.465000e+03 2.000000e-01
      endloop
   endfacet
   facet normal 0.000000e+00 0.000000e+00 1.000000e+00
      outer loop
         vertex -1.585875e+04 2.465000e+03 2.000000e-01
         vertex -1.586991e+04 2.431357e+03 2.000000e-01
         vertex -1.586987e+04 2.431323e+03 2.000000e-01
      endloop
   endfacet
   facet normal 0.000000e+00 0.000000e+00 1.000000e+00
      outer loop
         vertex -1.585875e+04 2.465000e+03 2.000000e-01
         vertex -1.586987e+04 2.431323e+03 2.000000e-01
         vertex -1.586751e+04 2.429521e+03 2.000000e-01
      endloop
   endfacet
   facet normal -0.000000e+00 0.000000e+00 1.000000e+00
      outer loop
         vertex -1.586751e+04 2.429521e+03 2.000000e-01
         vertex -1.586746e+04 2.429489e+03 2.000000e-01
         vertex -1.585875e+04 2.465000e+03 2.000000e-01
      endloop
   endfacet
   facet normal 0.000000e+00 0.000000e+00 1.000000e+00
      outer loop
         vertex -1.585875e+04 2.465000e+03 2.000000e-01
         vertex -1.586746e+04 2.429489e+03 2.000000e-01
         vertex -1.586505e+04 2.427749e+03 2.000000e-01
      endloop
   endfacet
   facet normal 0.000000e+00 0.000000e+00 1.000000e+00
      outer loop
         vertex -1.585875e+04 2.465000e+03 2.000000e-01
         vertex -1.586505e+04 2.427749e+03 2.000000e-01
         vertex -1.586501e+04 2.427718e+03 2.000000e-01
      endloop
   endfacet
   facet normal -0.000000e+00 0.000000e+00 1.000000e+00
      outer loop
         vertex -1.586255e+04 2.426043e+03 2.000000e-01
         vertex -1.586250e+04 2.426013e+03 2.000000e-01
         vertex -1.585875e+04 2.465000e+03 2.000000e-01
      endloop
   endfacet
   facet normal 0.000000e+00 0.000000e+00 1.000000e+00
      outer loop
         vertex -1.585875e+04 2.465000e+03 2.000000e-01
         vertex -1.586250e+04 2.426013e+03 2.000000e-01
         vertex -1.586000e+04 2.424403e+03 2.000000e-01
      endloop
   endfacet
   facet normal 0.000000e+00 0.000000e+00 1.000000e+00
      outer loop
         vertex -1.585875e+04 2.465000e+03 2.000000e-01
         vertex -1.586000e+04 2.424403e+03 2.000000e-01
         vertex -1.585995e+04 2.424375e+03 2.000000e-01
      endloop
   endfacet
   facet normal -0.000000e+00 0.000000e+00 1.000000e+00
      outer loop
         vertex -1.589084e+04 2.452917e+03 2.000000e-01
         vertex -1.589081e+04 2.452873e+03 2.000000e-01
         vertex -1.585875e+04 2.465000e+03 2.000000e-01
      endloop
   endfacet
   facet normal 0.000000e+00 0.000000e+00 1.000000e+00
      outer loop
         vertex -1.585875e+04 2.465000e+03 2.000000e-01
         vertex -1.589081e+04 2.452873e+03 2.000000e-01
         vertex -1.588903e+04 2.450522e+03 2.000000e-01
      endloop
   endfacet
   facet normal 0.000000e+00 0.000000e+00 1.000000e+00
      outer loop
         vertex -1.585875e+04 2.465000e+03 2.000000e-01
         vertex -1.588903e+04 2.450522e+03 2.000000e-01
         vertex -1.588900e+04 2.450479e+03 2.000000e-01
      endloop
   endfacet
   facet normal -0.000000e+00 0.000000e+00 1.000000e+00
      outer loop
         vertex -1.588900e+04 2.450479e+03 2.000000e-01
         vertex -1.588715e+04 2.448176e+03 2.000000e-01
         vertex -1.585875e+04 2.465000e+03 2.000000e-01
      endloop
   endfacet
   facet normal 0.000000e+00 0.000000e+00 1.000000e+00
      outer loop
         vertex -1.585875e+04 2.465000e+03 2.000000e-01
         vertex -1.588715e+04 2.448176e+03 2.000000e-01
         vertex -1.588711e+04 2.448134e+03 2.000000e-01
      endloop
   endfacet
   facet normal 0.000000e+00 0.000000e+00 1.000000e+00
      outer loop
         vertex -1.585875e+04 2.465000e+03 2.000000e-01
         vertex -1.588711e+04 2.448134e+03 2.000000e-01
         vertex -1.588521e+04 2.445880e+03 2.000000e-01
      endloop
   endfacet
   facet normal -0.000000e+00 0.000000e+00 1.000000e+00
      outer loop
         vertex -1.588521e+04 2.445880e+03 2.000000e-01
         vertex -1.588517e+04 2.445839e+03 2.000000e-01
         vertex -1.585875e+04 2.465000e+03 2.000000e-01
      endloop
   endfacet
   facet normal 0.000000e+00 0.000000e+00 1.000000e+00
      outer loop
         vertex -1.585875e+04 2.465000e+03 2.000000e-01
         vertex -1.588517e+04 2.445839e+03 2.000000e-01
         vertex -1.588320e+04 2.443637e+03 2.000000e-01
      endloop
   endfacet
   facet normal 0.000000e+00 0.000000e+00 1.000000e+00
      outer loop
         vertex -1.585875e+04 2.465000e+03 2.000000e-01
         vertex -1.588320e+04 2.443637e+03 2.000000e-01
         vertex -1.588316e+04 2.443597e+03 2.000000e-01
      endloop
   endfacet
   facet normal -0.000000e+00 0.000000e+00 1.000000e+00
      outer loop
         vertex -1.588316e+04 2.443597e+03 2.000000e-01
         vertex -1.588113e+04 2.441447e+03 2.000000e-01
         vertex -1.585875e+04 2.465000e+03 2.000000e-01
      endloop
   endfacet
   facet normal 0.000000e+00 0.000000e+00 1.000000e+00
      outer loop
         vertex -1.585875e+04 2.465000e+03 2.000000e-01
         vertex -1.588113e+04 2.441447e+03 2.000000e-01
         vertex -1.588109e+04 2.441408e+03 2.000000e-01
      endloop
   endfacet
   facet normal 0.000000e+00 0.000000e+00 1.000000e+00
      outer loop
         vertex -1.585875e+04 2.465000e+03 2.000000e-01
         vertex -1.588109e+04 2.441408e+03 2.000000e-01
         vertex -1.587969e+04 2.440000e+03 2.000000e-01
      endloop
   endfacet
   facet normal -0.000000e+00 0.000000e+00 1.000000e+00
      outer loop
         vertex -1.589739e+04 2.462899e+03 2.000000e-01
         vertex -1.589588e+04 2.460375e+03 2.000000e-01
         vertex -1.585875e+04 2.465000e+03 2.000000e-01
      endloop
   endfacet
   facet normal 0.000000e+00 0.000000e+00 1.000000e+00
      outer loop
         vertex -1.585875e+04 2.465000e+03 2.000000e-01
         vertex -1.589588e+04 2.460375e+03 2.000000e-01
         vertex -1.589585e+04 2.460328e+03 2.000000e-01
      endloop
   endfacet
   facet normal 0.000000e+00 0.000000e+00 1.000000e+00
      outer loop
         vertex -1.585875e+04 2.465000e+03 2.000000e-01
         vertex -1.589585e+04 2.460328e+03 2.000000e-01
         vertex -1.589427e+04 2.457845e+03 2.000000e-01
      endloop
   endfacet
   facet normal -0.000000e+00 0.000000e+00 1.000000e+00
      outer loop
         vertex -1.589427e+04 2.457845e+03 2.000000e-01
         vertex -1.589424e+04 2.457799e+03 2.000000e-01
         vertex -1.585875e+04 2.465000e+03 2.000000e-01
      endloop
   endfacet
   facet normal 0.000000e+00 0.000000e+00 1.000000e+00
      outer loop
         vertex -1.585875e+04 2.465000e+03 2.000000e-01
         vertex -1.589424e+04 2.457799e+03 2.000000e-01
         vertex -1.589259e+04 2.455358e+03 2.000000e-01
      endloop
   endfacet
   facet normal 0.000000e+00 0.000000e+00 1.000000e+00
      outer loop
         vertex -1.585875e+04 2.465000e+03 2.000000e-01
         vertex -1.589259e+04 2.455358e+03 2.000000e-01
         vertex -1.589256e+04 2.455313e+03 2.000000e-01
      endloop
   endfacet
   facet normal -0.000000e+00 0.000000e+00 1.000000e+00
      outer loop
         vertex -1.587000e+04 2.490000e+03 2.000000e-01
         vertex -1.585875e+04 2.465000e+03 2.000000e-01
         vertex -1.587000e+04 2.495000e+03 2.000000e-01
      endloop
   endfacet
   facet normal -0.000000e+00 0.000000e+00 1.000000e+00
      outer loop
         vertex -1.587000e+04 2.495000e+03 2.000000e-01
         vertex -1.585875e+04 2.465000e+03 2.000000e-01
         vertex -1.585875e+04 2.520000e+03 2.000000e-01
      endloop
   endfacet
   facet normal 0.000000e+00 -0.000000e+00 1.000000e+00
      outer loop
         vertex -1.587000e+04 2.495000e+03 2.000000e-01
         vertex -1.585875e+04 2.520000e+03 2.000000e-01
         vertex -1.587500e+04 2.495000e+03 2.000000e-01
      endloop
   endfacet
   facet normal 0.000000e+00 0.000000e+00 1.000000e+00
      outer loop
         vertex -1.590998e+04 2.496269e+03 2.000000e-01
         vertex -1.590971e+04 2.495000e+03 2.000000e-01
         vertex -1.587500e+04 2.495000e+03 2.000000e-01
      endloop
   endfacet
   facet normal -0.000000e+00 0.000000e+00 1.000000e+00
      outer loop
         vertex -1.590971e+04 2.495000e+03 2.000000e-01
         vertex -1.590937e+04 2.493409e+03 2.000000e-01
         vertex -1.587500e+04 2.495000e+03 2.000000e-01
      endloop
   endfacet
   facet normal 0.000000e+00 0.000000e+00 1.000000e+00
      outer loop
         vertex -1.587500e+04 2.495000e+03 2.000000e-01
         vertex -1.590937e+04 2.493409e+03 2.000000e-01
         vertex -1.590936e+04 2.493355e+03 2.000000e-01
      endloop
   endfacet
   facet normal 0.000000e+00 0.000000e+00 1.000000e+00
      outer loop
         vertex -1.587500e+04 2.495000e+03 2.000000e-01
         vertex -1.590936e+04 2.493355e+03 2.000000e-01
         vertex -1.590867e+04 2.490512e+03 2.000000e-01
      endloop
   endfacet
   facet normal -0.000000e+00 0.000000e+00 1.000000e+00
      outer loop
         vertex -1.590027e+04 2.468206e+03 2.000000e-01
         vertex -1.590025e+04 2.468157e+03 2.000000e-01
         vertex -1.587500e+04 2.490000e+03 2.000000e-01
      endloop
   endfacet
   facet normal 0.000000e+00 0.000000e+00 1.000000e+00
      outer loop
         vertex -1.587500e+04 2.490000e+03 2.000000e-01
         vertex -1.590025e+04 2.468157e+03 2.000000e-01
         vertex -1.589888e+04 2.465557e+03 2.000000e-01
      endloop
   endfacet
   facet normal -0.000000e+00 0.000000e+00 1.000000e+00
      outer loop
         vertex -1.587500e+04 2.490000e+03 2.000000e-01
         vertex -1.589888e+04 2.465557e+03 2.000000e-01
         vertex -1.587000e+04 2.490000e+03 2.000000e-01
      endloop
   endfacet
   facet normal 0.000000e+00 0.000000e+00 1.000000e+00
      outer loop
         vertex -1.587000e+04 2.490000e+03 2.000000e-01
         vertex -1.589888e+04 2.465557e+03 2.000000e-01
         vertex -1.589886e+04 2.465509e+03 2.000000e-01
      endloop
   endfacet
   facet normal 0.000000e+00 0.000000e+00 1.000000e+00
      outer loop
         vertex -1.587000e+04 2.490000e+03 2.000000e-01
         vertex -1.589886e+04 2.465509e+03 2.000000e-01
         vertex -1.585875e+04 2.465000e+03 2.000000e-01
      endloop
   endfacet
   facet normal 0.000000e+00 0.000000e+00 1.000000e+00
      outer loop
         vertex -1.585875e+04 2.465000e+03 2.000000e-01
         vertex -1.589886e+04 2.465509e+03 2.000000e-01
         vertex -1.589742e+04 2.462946e+03 2.000000e-01
      endloop
   endfacet
   facet normal 0.000000e+00 0.000000e+00 1.000000e+00
      outer loop
         vertex -1.585875e+04 2.465000e+03 2.000000e-01
         vertex -1.589742e+04 2.462946e+03 2.000000e-01
         vertex -1.589739e+04 2.462899e+03 2.000000e-01
      endloop
   endfacet
   facet normal 0.000000e+00 0.000000e+00 1.000000e+00
      outer loop
         vertex -1.585875e+04 2.520000e+03 2.000000e-01
         vertex -1.591196e+04 2.520000e+03 2.000000e-01
         vertex -1.587500e+04 2.495000e+03 2.000000e-01
      endloop
   endfacet
   facet normal 0.000000e+00 0.000000e+00 1.000000e+00
      outer loop
         vertex -1.587500e+04 2.495000e+03 2.000000e-01
         vertex -1.591196e+04 2.520000e+03 2.000000e-01
         vertex -1.591196e+04 2.519947e+03 2.000000e-01
      endloop
   endfacet
   facet normal 0.000000e+00 0.000000e+00 1.000000e+00
      outer loop
         vertex -1.587500e+04 2.495000e+03 2.000000e-01
         vertex -1.591196e+04 2.519947e+03 2.000000e-01
         vertex -1.591200e+04 2.517028e+03 2.000000e-01
      endloop
   endfacet
   facet normal -0.000000e+00 0.000000e+00 1.000000e+00
      outer loop
         vertex -1.590867e+04 2.490512e+03 2.000000e-01
         vertex -1.590866e+04 2.490458e+03 2.000000e-01
         vertex -1.587500e+04 2.495000e+03 2.000000e-01
      endloop
   endfacet
   facet normal 0.000000e+00 0.000000e+00 1.000000e+00
      outer loop
         vertex -1.587500e+04 2.495000e+03 2.000000e-01
         vertex -1.590866e+04 2.490458e+03 2.000000e-01
         vertex -1.590790e+04 2.487634e+03 2.000000e-01
      endloop
   endfacet
   facet normal 0.000000e+00 0.000000e+00 1.000000e+00
      outer loop
         vertex -1.587500e+04 2.495000e+03 2.000000e-01
         vertex -1.590790e+04 2.487634e+03 2.000000e-01
         vertex -1.590788e+04 2.487580e+03 2.000000e-01
      endloop
   endfacet
   facet normal -0.000000e+00 0.000000e+00 1.000000e+00
      outer loop
         vertex -1.590788e+04 2.487580e+03 2.000000e-01
         vertex -1.590704e+04 2.484777e+03 2.000000e-01
         vertex -1.587500e+04 2.495000e+03 2.000000e-01
      endloop
   endfacet
   facet normal 0.000000e+00 0.000000e+00 1.000000e+00
      outer loop
         vertex -1.587500e+04 2.495000e+03 2.000000e-01
         vertex -1.590704e+04 2.484777e+03 2.000000e-01
         vertex -1.590703e+04 2.484724e+03 2.000000e-01
      endloop
   endfacet
   facet normal 0.000000e+00 0.000000e+00 1.000000e+00
      outer loop
         vertex -1.587500e+04 2.495000e+03 2.000000e-01
         vertex -1.590703e+04 2.484724e+03 2.000000e-01
         vertex -1.590611e+04 2.481944e+03 2.000000e-01
      endloop
   endfacet
   facet normal -0.000000e+00 0.000000e+00 1.000000e+00
      outer loop
         vertex -1.590611e+04 2.481944e+03 2.000000e-01
         vertex -1.590609e+04 2.481892e+03 2.000000e-01
         vertex -1.587500e+04 2.495000e+03 2.000000e-01
      endloop
   endfacet
   facet normal 0.000000e+00 0.000000e+00 1.000000e+00
      outer loop
         vertex -1.587500e+04 2.495000e+03 2.000000e-01
         vertex -1.590609e+04 2.481892e+03 2.000000e-01
         vertex -1.590510e+04 2.479137e+03 2.000000e-01
      endloop
   endfacet
   facet normal 0.000000e+00 0.000000e+00 1.000000e+00
      outer loop
         vertex -1.587500e+04 2.495000e+03 2.000000e-01
         vertex -1.590510e+04 2.479137e+03 2.000000e-01
         vertex -1.587500e+04 2.490000e+03 2.000000e-01
      endloop
   endfacet
   facet normal 0.000000e+00 0.000000e+00 1.000000e+00
      outer loop
         vertex -1.587500e+04 2.490000e+03 2.000000e-01
         vertex -1.590510e+04 2.479137e+03 2.000000e-01
         vertex -1.590508e+04 2.479086e+03 2.000000e-01
      endloop
   endfacet
   facet normal 0.000000e+00 0.000000e+00 1.000000e+00
      outer loop
         vertex -1.587500e+04 2.490000e+03 2.000000e-01
         vertex -1.590508e+04 2.479086e+03 2.000000e-01
         vertex -1.590400e+04 2.476358e+03 2.000000e-01
      endloop
   endfacet
   facet normal -0.000000e+00 0.000000e+00 1.000000e+00
      outer loop
         vertex -1.590400e+04 2.476358e+03 2.000000e-01
         vertex -1.590398e+04 2.476307e+03 2.000000e-01
         vertex -1.587500e+04 2.490000e+03 2.000000e-01
      endloop
   endfacet
   facet normal 0.000000e+00 0.000000e+00 1.000000e+00
      outer loop
         vertex -1.587500e+04 2.490000e+03 2.000000e-01
         vertex -1.590398e+04 2.476307e+03 2.000000e-01
         vertex -1.590284e+04 2.473608e+03 2.000000e-01
      endloop
   endfacet
   facet normal 0.000000e+00 0.000000e+00 1.000000e+00
      outer loop
         vertex -1.587500e+04 2.490000e+03 2.000000e-01
         vertex -1.590284e+04 2.473608e+03 2.000000e-01
         vertex -1.590281e+04 2.473558e+03 2.000000e-01
      endloop
   endfacet
   facet normal 0.000000e+00 0.000000e+00 1.000000e+00
      outer loop
         vertex -1.591200e+04 2.517028e+03 2.000000e-01
         vertex -1.591200e+04 2.516972e+03 2.000000e-01
         vertex -1.587500e+04 2.495000e+03 2.000000e-01
      endloop
   endfacet
   facet normal 0.000000e+00 0.000000e+00 1.000000e+00
      outer loop
         vertex -1.587500e+04 2.495000e+03 2.000000e-01
         vertex -1.591200e+04 2.516972e+03 2.000000e-01
         vertex -1.591196e+04 2.514053e+03 2.000000e-01
      endloop
   endfacet
   facet normal 0.000000e+00 0.000000e+00 1.000000e+00
      outer loop
         vertex -1.587500e+04 2.495000e+03 2.000000e-01
         vertex -1.591196e+04 2.514053e+03 2.000000e-01
         vertex -1.591196e+04 2.513997e+03 2.000000e-01
      endloop
   endfacet
   facet normal -0.000000e+00 0.000000e+00 1.000000e+00
      outer loop
         vertex -1.590281e+04 2.473558e+03 2.000000e-01
         vertex -1.590159e+04 2.470890e+03 2.000000e-01
         vertex -1.587500e+04 2.490000e+03 2.000000e-01
      endloop
   endfacet
   facet normal 0.000000e+00 0.000000e+00 1.000000e+00
      outer loop
         vertex -1.587500e+04 2.490000e+03 2.000000e-01
         vertex -1.590159e+04 2.470890e+03 2.000000e-01
         vertex -1.590157e+04 2.470840e+03 2.000000e-01
      endloop
   endfacet
   facet normal 0.000000e+00 0.000000e+00 1.000000e+00
      outer loop
         vertex -1.587500e+04 2.490000e+03 2.000000e-01
         vertex -1.590157e+04 2.470840e+03 2.000000e-01
         vertex -1.590027e+04 2.468206e+03 2.000000e-01
      endloop
   endfacet
   facet normal 0.000000e+00 0.000000e+00 1.000000e+00
      outer loop
         vertex -1.591196e+04 2.513997e+03 2.000000e-01
         vertex -1.591184e+04 2.511080e+03 2.000000e-01
         vertex -1.587500e+04 2.495000e+03 2.000000e-01
      endloop
   endfacet
   facet normal 0.000000e+00 0.000000e+00 1.000000e+00
      outer loop
         vertex -1.587500e+04 2.495000e+03 2.000000e-01
         vertex -1.591184e+04 2.511080e+03 2.000000e-01
         vertex -1.591183e+04 2.511024e+03 2.000000e-01
      endloop
   endfacet
   facet normal 0.000000e+00 0.000000e+00 1.000000e+00
      outer loop
         vertex -1.587500e+04 2.495000e+03 2.000000e-01
         vertex -1.591183e+04 2.511024e+03 2.000000e-01
         vertex -1.591163e+04 2.508111e+03 2.000000e-01
      endloop
   endfacet
   facet normal 0.000000e+00 0.000000e+00 1.000000e+00
      outer loop
         vertex -1.591163e+04 2.508111e+03 2.000000e-01
         vertex -1.591162e+04 2.508056e+03 2.000000e-01
         vertex -1.587500e+04 2.495000e+03 2.000000e-01
      endloop
   endfacet
   facet normal 0.000000e+00 0.000000e+00 1.000000e+00
      outer loop
         vertex -1.587500e+04 2.495000e+03 2.000000e-01
         vertex -1.591162e+04 2.508056e+03 2.000000e-01
         vertex -1.591134e+04 2.505149e+03 2.000000e-01
      endloop
   endfacet
   facet normal 0.000000e+00 0.000000e+00 1.000000e+00
      outer loop
         vertex -1.587500e+04 2.495000e+03 2.000000e-01
         vertex -1.591134e+04 2.505149e+03 2.000000e-01
         vertex -1.591134e+04 2.505094e+03 2.000000e-01
      endloop
   endfacet
   facet normal 0.000000e+00 0.000000e+00 1.000000e+00
      outer loop
         vertex -1.591052e+04 2.499253e+03 2.000000e-01
         vertex -1.591051e+04 2.499198e+03 2.000000e-01
         vertex -1.587500e+04 2.495000e+03 2.000000e-01
      endloop
   endfacet
   facet normal 0.000000e+00 0.000000e+00 1.000000e+00
      outer loop
         vertex -1.587500e+04 2.495000e+03 2.000000e-01
         vertex -1.591051e+04 2.499198e+03 2.000000e-01
         vertex -1.590998e+04 2.496323e+03 2.000000e-01
      endloop
   endfacet
   facet normal 0.000000e+00 0.000000e+00 1.000000e+00
      outer loop
         vertex -1.587500e+04 2.495000e+03 2.000000e-01
         vertex -1.590998e+04 2.496323e+03 2.000000e-01
         vertex -1.590998e+04 2.496269e+03 2.000000e-01
      endloop
   endfacet
   facet normal 0.000000e+00 0.000000e+00 1.000000e+00
      outer loop
         vertex -1.591134e+04 2.505094e+03 2.000000e-01
         vertex -1.591097e+04 2.502196e+03 2.000000e-01
         vertex -1.587500e+04 2.495000e+03 2.000000e-01
      endloop
   endfacet
   facet normal 0.000000e+00 0.000000e+00 1.000000e+00
      outer loop
         vertex -1.587500e+04 2.495000e+03 2.000000e-01
         vertex -1.591097e+04 2.502196e+03 2.000000e-01
         vertex -1.591096e+04 2.502141e+03 2.000000e-01
      endloop
   endfacet
   facet normal 0.000000e+00 0.000000e+00 1.000000e+00
      outer loop
         vertex -1.587500e+04 2.495000e+03 2.000000e-01
         vertex -1.591096e+04 2.502141e+03 2.000000e-01
         vertex -1.591052e+04 2.499253e+03 2.000000e-01
      endloop
   endfacet
   facet normal -0.000000e+00 0.000000e+00 1.000000e+00
      outer loop
         vertex -1.589739e+04 2.571101e+03 2.000000e-01
         vertex -1.587500e+04 2.550000e+03 2.000000e-01
         vertex -1.589588e+04 2.573625e+03 2.000000e-01
      endloop
   endfacet
   facet normal 0.000000e+00 0.000000e+00 1.000000e+00
      outer loop
         vertex -1.589588e+04 2.573625e+03 2.000000e-01
         vertex -1.587500e+04 2.550000e+03 2.000000e-01
         vertex -1.587000e+04 2.550000e+03 2.000000e-01
      endloop
   endfacet
   facet normal 0.000000e+00 0.000000e+00 1.000000e+00
      outer loop
         vertex -1.590400e+04 2.557642e+03 2.000000e-01
         vertex -1.590508e+04 2.554914e+03 2.000000e-01
         vertex -1.587500e+04 2.545000e+03 2.000000e-01
      endloop
   endfacet
   facet normal 0.000000e+00 0.000000e+00 1.000000e+00
      outer loop
         vertex -1.590508e+04 2.554914e+03 2.000000e-01
         vertex -1.590510e+04 2.554863e+03 2.000000e-01
         vertex -1.587500e+04 2.545000e+03 2.000000e-01
      endloop
   endfacet
   facet normal 0.000000e+00 0.000000e+00 1.000000e+00
      outer loop
         vertex -1.587500e+04 2.545000e+03 2.000000e-01
         vertex -1.590510e+04 2.554863e+03 2.000000e-01
         vertex -1.590609e+04 2.552108e+03 2.000000e-01
      endloop
   endfacet
   facet normal 0.000000e+00 0.000000e+00 1.000000e+00
      outer loop
         vertex -1.587500e+04 2.545000e+03 2.000000e-01
         vertex -1.590609e+04 2.552108e+03 2.000000e-01
         vertex -1.590611e+04 2.552056e+03 2.000000e-01
      endloop
   endfacet
   facet normal -0.000000e+00 0.000000e+00 1.000000e+00
      outer loop
         vertex -1.591134e+04 2.528851e+03 2.000000e-01
         vertex -1.591162e+04 2.525944e+03 2.000000e-01
         vertex -1.587500e+04 2.545000e+03 2.000000e-01
      endloop
   endfacet
   facet normal 0.000000e+00 0.000000e+00 1.000000e+00
      outer loop
         vertex -1.590611e+04 2.552056e+03 2.000000e-01
         vertex -1.590679e+04 2.550000e+03 2.000000e-01
         vertex -1.587500e+04 2.545000e+03 2.000000e-01
      endloop
   endfacet
   facet normal 0.000000e+00 0.000000e+00 1.000000e+00
      outer loop
         vertex -1.587500e+04 2.545000e+03 2.000000e-01
         vertex -1.590679e+04 2.550000e+03 2.000000e-01
         vertex -1.590703e+04 2.549276e+03 2.000000e-01
      endloop
   endfacet
   facet normal 0.000000e+00 0.000000e+00 1.000000e+00
      outer loop
         vertex -1.587500e+04 2.545000e+03 2.000000e-01
         vertex -1.590703e+04 2.549276e+03 2.000000e-01
         vertex -1.590704e+04 2.549223e+03 2.000000e-01
      endloop
   endfacet
   facet normal -0.000000e+00 0.000000e+00 1.000000e+00
      outer loop
         vertex -1.590866e+04 2.543542e+03 2.000000e-01
         vertex -1.590867e+04 2.543488e+03 2.000000e-01
         vertex -1.587500e+04 2.545000e+03 2.000000e-01
      endloop
   endfacet
   facet normal 0.000000e+00 0.000000e+00 1.000000e+00
      outer loop
         vertex -1.587500e+04 2.545000e+03 2.000000e-01
         vertex -1.590867e+04 2.543488e+03 2.000000e-01
         vertex -1.590936e+04 2.540645e+03 2.000000e-01
      endloop
   endfacet
   facet normal -0.000000e+00 0.000000e+00 1.000000e+00
      outer loop
         vertex -1.590936e+04 2.540645e+03 2.000000e-01
         vertex -1.590937e+04 2.540591e+03 2.000000e-01
         vertex -1.587500e+04 2.545000e+03 2.000000e-01
      endloop
   endfacet
   facet normal 0.000000e+00 0.000000e+00 1.000000e+00
      outer loop
         vertex -1.587500e+04 2.545000e+03 2.000000e-01
         vertex -1.590937e+04 2.540591e+03 2.000000e-01
         vertex -1.590998e+04 2.537731e+03 2.000000e-01
      endloop
   endfacet
   facet normal 0.000000e+00 0.000000e+00 1.000000e+00
      outer loop
         vertex -1.587500e+04 2.545000e+03 2.000000e-01
         vertex -1.590998e+04 2.537731e+03 2.000000e-01
         vertex -1.590998e+04 2.537677e+03 2.000000e-01
      endloop
   endfacet
   facet normal 0.000000e+00 0.000000e+00 1.000000e+00
      outer loop
         vertex -1.589739e+04 2.571101e+03 2.000000e-01
         vertex -1.589742e+04 2.571054e+03 2.000000e-01
         vertex -1.587500e+04 2.550000e+03 2.000000e-01
      endloop
   endfacet
   facet normal 0.000000e+00 0.000000e+00 1.000000e+00
      outer loop
         vertex -1.587500e+04 2.550000e+03 2.000000e-01
         vertex -1.589742e+04 2.571054e+03 2.000000e-01
         vertex -1.589886e+04 2.568491e+03 2.000000e-01
      endloop
   endfacet
   facet normal 0.000000e+00 0.000000e+00 1.000000e+00
      outer loop
         vertex -1.587500e+04 2.550000e+03 2.000000e-01
         vertex -1.589886e+04 2.568491e+03 2.000000e-01
         vertex -1.589888e+04 2.568443e+03 2.000000e-01
      endloop
   endfacet
   facet normal 0.000000e+00 0.000000e+00 1.000000e+00
      outer loop
         vertex -1.587500e+04 2.550000e+03 2.000000e-01
         vertex -1.590284e+04 2.560392e+03 2.000000e-01
         vertex -1.587500e+04 2.545000e+03 2.000000e-01
      endloop
   endfacet
   facet normal 0.000000e+00 0.000000e+00 1.000000e+00
      outer loop
         vertex -1.587500e+04 2.545000e+03 2.000000e-01
         vertex -1.590284e+04 2.560392e+03 2.000000e-01
         vertex -1.590398e+04 2.557693e+03 2.000000e-01
      endloop
   endfacet
   facet normal 0.000000e+00 0.000000e+00 1.000000e+00
      outer loop
         vertex -1.587500e+04 2.545000e+03 2.000000e-01
         vertex -1.590398e+04 2.557693e+03 2.000000e-01
         vertex -1.590400e+04 2.557642e+03 2.000000e-01
      endloop
   endfacet
   facet normal 0.000000e+00 0.000000e+00 1.000000e+00
      outer loop
         vertex -1.590704e+04 2.549223e+03 2.000000e-01
         vertex -1.590788e+04 2.546420e+03 2.000000e-01
         vertex -1.587500e+04 2.545000e+03 2.000000e-01
      endloop
   endfacet
   facet normal 0.000000e+00 0.000000e+00 1.000000e+00
      outer loop
         vertex -1.587500e+04 2.545000e+03 2.000000e-01
         vertex -1.590788e+04 2.546420e+03 2.000000e-01
         vertex -1.590790e+04 2.546366e+03 2.000000e-01
      endloop
   endfacet
   facet normal 0.000000e+00 0.000000e+00 1.000000e+00
      outer loop
         vertex -1.587500e+04 2.545000e+03 2.000000e-01
         vertex -1.590790e+04 2.546366e+03 2.000000e-01
         vertex -1.590866e+04 2.543542e+03 2.000000e-01
      endloop
   endfacet
   facet normal 0.000000e+00 0.000000e+00 1.000000e+00
      outer loop
         vertex -1.585875e+04 2.575000e+03 2.000000e-01
         vertex -1.587000e+04 2.550000e+03 2.000000e-01
         vertex -1.585875e+04 2.520000e+03 2.000000e-01
      endloop
   endfacet
   facet normal 0.000000e+00 0.000000e+00 1.000000e+00
      outer loop
         vertex -1.585875e+04 2.520000e+03 2.000000e-01
         vertex -1.587000e+04 2.550000e+03 2.000000e-01
         vertex -1.587000e+04 2.545000e+03 2.000000e-01
      endloop
   endfacet
   facet normal 0.000000e+00 0.000000e+00 1.000000e+00
      outer loop
         vertex -1.585875e+04 2.520000e+03 2.000000e-01
         vertex -1.587000e+04 2.545000e+03 2.000000e-01
         vertex -1.591196e+04 2.520000e+03 2.000000e-01
      endloop
   endfacet
   facet normal 0.000000e+00 0.000000e+00 1.000000e+00
      outer loop
         vertex -1.591196e+04 2.520000e+03 2.000000e-01
         vertex -1.587000e+04 2.545000e+03 2.000000e-01
         vertex -1.587500e+04 2.545000e+03 2.000000e-01
      endloop
   endfacet
   facet normal 0.000000e+00 0.000000e+00 1.000000e+00
      outer loop
         vertex -1.591196e+04 2.520000e+03 2.000000e-01
         vertex -1.587500e+04 2.545000e+03 2.000000e-01
         vertex -1.591196e+04 2.520003e+03 2.000000e-01
      endloop
   endfacet
   facet normal 0.000000e+00 0.000000e+00 1.000000e+00
      outer loop
         vertex -1.591196e+04 2.520003e+03 2.000000e-01
         vertex -1.587500e+04 2.545000e+03 2.000000e-01
         vertex -1.591184e+04 2.522920e+03 2.000000e-01
      endloop
   endfacet
   facet normal 0.000000e+00 0.000000e+00 1.000000e+00
      outer loop
         vertex -1.589888e+04 2.568443e+03 2.000000e-01
         vertex -1.590025e+04 2.565843e+03 2.000000e-01
         vertex -1.587500e+04 2.550000e+03 2.000000e-01
      endloop
   endfacet
   facet normal 0.000000e+00 0.000000e+00 1.000000e+00
      outer loop
         vertex -1.587500e+04 2.550000e+03 2.000000e-01
         vertex -1.590025e+04 2.565843e+03 2.000000e-01
         vertex -1.590027e+04 2.565794e+03 2.000000e-01
      endloop
   endfacet
   facet normal 0.000000e+00 0.000000e+00 1.000000e+00
      outer loop
         vertex -1.587500e+04 2.550000e+03 2.000000e-01
         vertex -1.590027e+04 2.565794e+03 2.000000e-01
         vertex -1.590157e+04 2.563160e+03 2.000000e-01
      endloop
   endfacet
   facet normal 0.000000e+00 0.000000e+00 1.000000e+00
      outer loop
         vertex -1.590157e+04 2.563160e+03 2.000000e-01
         vertex -1.590159e+04 2.563110e+03 2.000000e-01
         vertex -1.587500e+04 2.550000e+03 2.000000e-01
      endloop
   endfacet
   facet normal 0.000000e+00 0.000000e+00 1.000000e+00
      outer loop
         vertex -1.587500e+04 2.550000e+03 2.000000e-01
         vertex -1.590159e+04 2.563110e+03 2.000000e-01
         vertex -1.590281e+04 2.560442e+03 2.000000e-01
      endloop
   endfacet
   facet normal 0.000000e+00 0.000000e+00 1.000000e+00
      outer loop
         vertex -1.587500e+04 2.550000e+03 2.000000e-01
         vertex -1.590281e+04 2.560442e+03 2.000000e-01
         vertex -1.590284e+04 2.560392e+03 2.000000e-01
      endloop
   endfacet
   facet normal -0.000000e+00 0.000000e+00 1.000000e+00
      outer loop
         vertex -1.590998e+04 2.537677e+03 2.000000e-01
         vertex -1.591051e+04 2.534802e+03 2.000000e-01
         vertex -1.587500e+04 2.545000e+03 2.000000e-01
      endloop
   endfacet
   facet normal 0.000000e+00 0.000000e+00 1.000000e+00
      outer loop
         vertex -1.587500e+04 2.545000e+03 2.000000e-01
         vertex -1.591051e+04 2.534802e+03 2.000000e-01
         vertex -1.591052e+04 2.534747e+03 2.000000e-01
      endloop
   endfacet
   facet normal 0.000000e+00 0.000000e+00 1.000000e+00
      outer loop
         vertex -1.587500e+04 2.545000e+03 2.000000e-01
         vertex -1.591052e+04 2.534747e+03 2.000000e-01
         vertex -1.591096e+04 2.531859e+03 2.000000e-01
      endloop
   endfacet
   facet normal -0.000000e+00 0.000000e+00 1.000000e+00
      outer loop
         vertex -1.591162e+04 2.525944e+03 2.000000e-01
         vertex -1.591163e+04 2.525889e+03 2.000000e-01
         vertex -1.587500e+04 2.545000e+03 2.000000e-01
      endloop
   endfacet
   facet normal 0.000000e+00 0.000000e+00 1.000000e+00
      outer loop
         vertex -1.587500e+04 2.545000e+03 2.000000e-01
         vertex -1.591163e+04 2.525889e+03 2.000000e-01
         vertex -1.591183e+04 2.522976e+03 2.000000e-01
      endloop
   endfacet
   facet normal 0.000000e+00 0.000000e+00 1.000000e+00
      outer loop
         vertex -1.587500e+04 2.545000e+03 2.000000e-01
         vertex -1.591183e+04 2.522976e+03 2.000000e-01
         vertex -1.591184e+04 2.522920e+03 2.000000e-01
      endloop
   endfacet
   facet normal -0.000000e+00 0.000000e+00 1.000000e+00
      outer loop
         vertex -1.591096e+04 2.531859e+03 2.000000e-01
         vertex -1.591097e+04 2.531804e+03 2.000000e-01
         vertex -1.587500e+04 2.545000e+03 2.000000e-01
      endloop
   endfacet
   facet normal 0.000000e+00 0.000000e+00 1.000000e+00
      outer loop
         vertex -1.587500e+04 2.545000e+03 2.000000e-01
         vertex -1.591097e+04 2.531804e+03 2.000000e-01
         vertex -1.591134e+04 2.528906e+03 2.000000e-01
      endloop
   endfacet
   facet normal 0.000000e+00 0.000000e+00 1.000000e+00
      outer loop
         vertex -1.587500e+04 2.545000e+03 2.000000e-01
         vertex -1.591134e+04 2.528906e+03 2.000000e-01
         vertex -1.591134e+04 2.528851e+03 2.000000e-01
      endloop
   endfacet
   facet normal 0.000000e+00 0.000000e+00 1.000000e+00
      outer loop
         vertex -1.586501e+04 2.606282e+03 2.000000e-01
         vertex -1.586505e+04 2.606251e+03 2.000000e-01
         vertex -1.585875e+04 2.575000e+03 2.000000e-01
      endloop
   endfacet
   facet normal 0.000000e+00 0.000000e+00 1.000000e+00
      outer loop
         vertex -1.586000e+04 2.609597e+03 2.000000e-01
         vertex -1.586250e+04 2.607987e+03 2.000000e-01
         vertex -1.585875e+04 2.575000e+03 2.000000e-01
      endloop
   endfacet
   facet normal 0.000000e+00 0.000000e+00 1.000000e+00
      outer loop
         vertex -1.585875e+04 2.575000e+03 2.000000e-01
         vertex -1.586250e+04 2.607987e+03 2.000000e-01
         vertex -1.586255e+04 2.607957e+03 2.000000e-01
      endloop
   endfacet
   facet normal 0.000000e+00 0.000000e+00 1.000000e+00
      outer loop
         vertex -1.585875e+04 2.575000e+03 2.000000e-01
         vertex -1.586255e+04 2.607957e+03 2.000000e-01
         vertex -1.586501e+04 2.606282e+03 2.000000e-01
      endloop
   endfacet
   facet normal 0.000000e+00 0.000000e+00 1.000000e+00
      outer loop
         vertex -1.588113e+04 2.592553e+03 2.000000e-01
         vertex -1.588316e+04 2.590403e+03 2.000000e-01
         vertex -1.585875e+04 2.575000e+03 2.000000e-01
      endloop
   endfacet
   facet normal 0.000000e+00 0.000000e+00 1.000000e+00
      outer loop
         vertex -1.585875e+04 2.575000e+03 2.000000e-01
         vertex -1.588316e+04 2.590403e+03 2.000000e-01
         vertex -1.588320e+04 2.590363e+03 2.000000e-01
      endloop
   endfacet
   facet normal 0.000000e+00 0.000000e+00 1.000000e+00
      outer loop
         vertex -1.585875e+04 2.575000e+03 2.000000e-01
         vertex -1.588320e+04 2.590363e+03 2.000000e-01
         vertex -1.588517e+04 2.588161e+03 2.000000e-01
      endloop
   endfacet
   facet normal 0.000000e+00 0.000000e+00 1.000000e+00
      outer loop
         vertex -1.588517e+04 2.588161e+03 2.000000e-01
         vertex -1.588521e+04 2.588120e+03 2.000000e-01
         vertex -1.585875e+04 2.575000e+03 2.000000e-01
      endloop
   endfacet
   facet normal 0.000000e+00 0.000000e+00 1.000000e+00
      outer loop
         vertex -1.585875e+04 2.575000e+03 2.000000e-01
         vertex -1.588521e+04 2.588120e+03 2.000000e-01
         vertex -1.588711e+04 2.585866e+03 2.000000e-01
      endloop
   endfacet
   facet normal 0.000000e+00 0.000000e+00 1.000000e+00
      outer loop
         vertex -1.585875e+04 2.575000e+03 2.000000e-01
         vertex -1.588711e+04 2.585866e+03 2.000000e-01
         vertex -1.588715e+04 2.585824e+03 2.000000e-01
      endloop
   endfacet
   facet normal 0.000000e+00 0.000000e+00 1.000000e+00
      outer loop
         vertex -1.588715e+04 2.585824e+03 2.000000e-01
         vertex -1.588900e+04 2.583521e+03 2.000000e-01
         vertex -1.585875e+04 2.575000e+03 2.000000e-01
      endloop
   endfacet
   facet normal 0.000000e+00 0.000000e+00 1.000000e+00
      outer loop
         vertex -1.585875e+04 2.575000e+03 2.000000e-01
         vertex -1.588900e+04 2.583521e+03 2.000000e-01
         vertex -1.588903e+04 2.583478e+03 2.000000e-01
      endloop
   endfacet
   facet normal 0.000000e+00 0.000000e+00 1.000000e+00
      outer loop
         vertex -1.585875e+04 2.575000e+03 2.000000e-01
         vertex -1.588903e+04 2.583478e+03 2.000000e-01
         vertex -1.589081e+04 2.581127e+03 2.000000e-01
      endloop
   endfacet
   facet normal 0.000000e+00 0.000000e+00 1.000000e+00
      outer loop
         vertex -1.586505e+04 2.606251e+03 2.000000e-01
         vertex -1.586679e+04 2.605000e+03 2.000000e-01
         vertex -1.585875e+04 2.575000e+03 2.000000e-01
      endloop
   endfacet
   facet normal 0.000000e+00 0.000000e+00 1.000000e+00
      outer loop
         vertex -1.585875e+04 2.575000e+03 2.000000e-01
         vertex -1.586679e+04 2.605000e+03 2.000000e-01
         vertex -1.586746e+04 2.604511e+03 2.000000e-01
      endloop
   endfacet
   facet normal 0.000000e+00 0.000000e+00 1.000000e+00
      outer loop
         vertex -1.585875e+04 2.575000e+03 2.000000e-01
         vertex -1.586746e+04 2.604511e+03 2.000000e-01
         vertex -1.586751e+04 2.604479e+03 2.000000e-01
      endloop
   endfacet
   facet normal 0.000000e+00 0.000000e+00 1.000000e+00
      outer loop
         vertex -1.586751e+04 2.604479e+03 2.000000e-01
         vertex -1.586987e+04 2.602677e+03 2.000000e-01
         vertex -1.585875e+04 2.575000e+03 2.000000e-01
      endloop
   endfacet
   facet normal 0.000000e+00 0.000000e+00 1.000000e+00
      outer loop
         vertex -1.585875e+04 2.575000e+03 2.000000e-01
         vertex -1.586987e+04 2.602677e+03 2.000000e-01
         vertex -1.586991e+04 2.602643e+03 2.000000e-01
      endloop
   endfacet
   facet normal 0.000000e+00 0.000000e+00 1.000000e+00
      outer loop
         vertex -1.585875e+04 2.575000e+03 2.000000e-01
         vertex -1.586991e+04 2.602643e+03 2.000000e-01
         vertex -1.587222e+04 2.600779e+03 2.000000e-01
      endloop
   endfacet
   facet normal 0.000000e+00 0.000000e+00 1.000000e+00
      outer loop
         vertex -1.587222e+04 2.600779e+03 2.000000e-01
         vertex -1.587227e+04 2.600745e+03 2.000000e-01
         vertex -1.585875e+04 2.575000e+03 2.000000e-01
      endloop
   endfacet
   facet normal 0.000000e+00 0.000000e+00 1.000000e+00
      outer loop
         vertex -1.585875e+04 2.575000e+03 2.000000e-01
         vertex -1.587227e+04 2.600745e+03 2.000000e-01
         vertex -1.587453e+04 2.598821e+03 2.000000e-01
      endloop
   endfacet
   facet normal 0.000000e+00 0.000000e+00 1.000000e+00
      outer loop
         vertex -1.585875e+04 2.575000e+03 2.000000e-01
         vertex -1.587453e+04 2.598821e+03 2.000000e-01
         vertex -1.587457e+04 2.598785e+03 2.000000e-01
      endloop
   endfacet
   facet normal 0.000000e+00 0.000000e+00 1.000000e+00
      outer loop
         vertex -1.589081e+04 2.581127e+03 2.000000e-01
         vertex -1.589084e+04 2.581083e+03 2.000000e-01
         vertex -1.585875e+04 2.575000e+03 2.000000e-01
      endloop
   endfacet
   facet normal 0.000000e+00 0.000000e+00 1.000000e+00
      outer loop
         vertex -1.585875e+04 2.575000e+03 2.000000e-01
         vertex -1.589084e+04 2.581083e+03 2.000000e-01
         vertex -1.589256e+04 2.578687e+03 2.000000e-01
      endloop
   endfacet
   facet normal 0.000000e+00 0.000000e+00 1.000000e+00
      outer loop
         vertex -1.585875e+04 2.575000e+03 2.000000e-01
         vertex -1.589256e+04 2.578687e+03 2.000000e-01
         vertex -1.589259e+04 2.578642e+03 2.000000e-01
      endloop
   endfacet
   facet normal 0.000000e+00 0.000000e+00 1.000000e+00
      outer loop
         vertex -1.589259e+04 2.578642e+03 2.000000e-01
         vertex -1.589424e+04 2.576201e+03 2.000000e-01
         vertex -1.585875e+04 2.575000e+03 2.000000e-01
      endloop
   endfacet
   facet normal 0.000000e+00 0.000000e+00 1.000000e+00
      outer loop
         vertex -1.585875e+04 2.575000e+03 2.000000e-01
         vertex -1.589424e+04 2.576201e+03 2.000000e-01
         vertex -1.589427e+04 2.576155e+03 2.000000e-01
      endloop
   endfacet
   facet normal 0.000000e+00 0.000000e+00 1.000000e+00
      outer loop
         vertex -1.585875e+04 2.575000e+03 2.000000e-01
         vertex -1.589427e+04 2.576155e+03 2.000000e-01
         vertex -1.587000e+04 2.550000e+03 2.000000e-01
      endloop
   endfacet
   facet normal 0.000000e+00 0.000000e+00 1.000000e+00
      outer loop
         vertex -1.587000e+04 2.550000e+03 2.000000e-01
         vertex -1.589427e+04 2.576155e+03 2.000000e-01
         vertex -1.589585e+04 2.573672e+03 2.000000e-01
      endloop
   endfacet
   facet normal 0.000000e+00 0.000000e+00 1.000000e+00
      outer loop
         vertex -1.587000e+04 2.550000e+03 2.000000e-01
         vertex -1.589585e+04 2.573672e+03 2.000000e-01
         vertex -1.589588e+04 2.573625e+03 2.000000e-01
      endloop
   endfacet
   facet normal 0.000000e+00 0.000000e+00 1.000000e+00
      outer loop
         vertex -1.587457e+04 2.598785e+03 2.000000e-01
         vertex -1.587677e+04 2.596803e+03 2.000000e-01
         vertex -1.585875e+04 2.575000e+03 2.000000e-01
      endloop
   endfacet
   facet normal 0.000000e+00 0.000000e+00 1.000000e+00
      outer loop
         vertex -1.585875e+04 2.575000e+03 2.000000e-01
         vertex -1.587677e+04 2.596803e+03 2.000000e-01
         vertex -1.587681e+04 2.596766e+03 2.000000e-01
      endloop
   endfacet
   facet normal 0.000000e+00 0.000000e+00 1.000000e+00
      outer loop
         vertex -1.585875e+04 2.575000e+03 2.000000e-01
         vertex -1.587681e+04 2.596766e+03 2.000000e-01
         vertex -1.587896e+04 2.594726e+03 2.000000e-01
      endloop
   endfacet
   facet normal 0.000000e+00 0.000000e+00 1.000000e+00
      outer loop
         vertex -1.587896e+04 2.594726e+03 2.000000e-01
         vertex -1.587900e+04 2.594688e+03 2.000000e-01
         vertex -1.585875e+04 2.575000e+03 2.000000e-01
      endloop
   endfacet
   facet normal 0.000000e+00 0.000000e+00 1.000000e+00
      outer loop
         vertex -1.585875e+04 2.575000e+03 2.000000e-01
         vertex -1.587900e+04 2.594688e+03 2.000000e-01
         vertex -1.588109e+04 2.592592e+03 2.000000e-01
      endloop
   endfacet
   facet normal 0.000000e+00 0.000000e+00 1.000000e+00
      outer loop
         vertex -1.585875e+04 2.575000e+03 2.000000e-01
         vertex -1.588109e+04 2.592592e+03 2.000000e-01
         vertex -1.588113e+04 2.592553e+03 2.000000e-01
      endloop
   endfacet
   facet normal 0.000000e+00 0.000000e+00 1.000000e+00
      outer loop
         vertex -1.582943e+04 2.622936e+03 2.000000e-01
         vertex -1.584250e+04 2.605000e+03 2.000000e-01
         vertex -1.583125e+04 2.575000e+03 2.000000e-01
      endloop
   endfacet
   facet normal 0.000000e+00 0.000000e+00 1.000000e+00
      outer loop
         vertex -1.583125e+04 2.575000e+03 2.000000e-01
         vertex -1.584250e+04 2.605000e+03 2.000000e-01
         vertex -1.584250e+04 2.600000e+03 2.000000e-01
      endloop
   endfacet
   facet normal 0.000000e+00 0.000000e+00 1.000000e+00
      outer loop
         vertex -1.584250e+04 2.600000e+03 2.000000e-01
         vertex -1.584750e+04 2.600000e+03 2.000000e-01
         vertex -1.585875e+04 2.575000e+03 2.000000e-01
      endloop
   endfacet
   facet normal 0.000000e+00 0.000000e+00 1.000000e+00
      outer loop
         vertex -1.585209e+04 2.614106e+03 2.000000e-01
         vertex -1.585472e+04 2.612698e+03 2.000000e-01
         vertex -1.584750e+04 2.605000e+03 2.000000e-01
      endloop
   endfacet
   facet normal 0.000000e+00 0.000000e+00 1.000000e+00
      outer loop
         vertex -1.584750e+04 2.605000e+03 2.000000e-01
         vertex -1.585472e+04 2.612698e+03 2.000000e-01
         vertex -1.585476e+04 2.612672e+03 2.000000e-01
      endloop
   endfacet
   facet normal 0.000000e+00 0.000000e+00 1.000000e+00
      outer loop
         vertex -1.584750e+04 2.605000e+03 2.000000e-01
         vertex -1.585476e+04 2.612672e+03 2.000000e-01
         vertex -1.584750e+04 2.600000e+03 2.000000e-01
      endloop
   endfacet
   facet normal 0.000000e+00 0.000000e+00 1.000000e+00
      outer loop
         vertex -1.582943e+04 2.622936e+03 2.000000e-01
         vertex -1.583231e+04 2.622112e+03 2.000000e-01
         vertex -1.584250e+04 2.605000e+03 2.000000e-01
      endloop
   endfacet
   facet normal 0.000000e+00 0.000000e+00 1.000000e+00
      outer loop
         vertex -1.584250e+04 2.605000e+03 2.000000e-01
         vertex -1.583231e+04 2.622112e+03 2.000000e-01
         vertex -1.583236e+04 2.622097e+03 2.000000e-01
      endloop
   endfacet
   facet normal 0.000000e+00 0.000000e+00 1.000000e+00
      outer loop
         vertex -1.584250e+04 2.605000e+03 2.000000e-01
         vertex -1.583236e+04 2.622097e+03 2.000000e-01
         vertex -1.583522e+04 2.621196e+03 2.000000e-01
      endloop
   endfacet
   facet normal 0.000000e+00 0.000000e+00 1.000000e+00
      outer loop
         vertex -1.585476e+04 2.612672e+03 2.000000e-01
         vertex -1.585736e+04 2.611196e+03 2.000000e-01
         vertex -1.584750e+04 2.600000e+03 2.000000e-01
      endloop
   endfacet
   facet normal 0.000000e+00 0.000000e+00 1.000000e+00
      outer loop
         vertex -1.584750e+04 2.600000e+03 2.000000e-01
         vertex -1.585736e+04 2.611196e+03 2.000000e-01
         vertex -1.585740e+04 2.611169e+03 2.000000e-01
      endloop
   endfacet
   facet normal 0.000000e+00 0.000000e+00 1.000000e+00
      outer loop
         vertex -1.584750e+04 2.600000e+03 2.000000e-01
         vertex -1.585740e+04 2.611169e+03 2.000000e-01
         vertex -1.585875e+04 2.575000e+03 2.000000e-01
      endloop
   endfacet
   facet normal 0.000000e+00 -0.000000e+00 1.000000e+00
      outer loop
         vertex -1.585875e+04 2.575000e+03 2.000000e-01
         vertex -1.585740e+04 2.611169e+03 2.000000e-01
         vertex -1.585995e+04 2.609625e+03 2.000000e-01
      endloop
   endfacet
   facet normal 0.000000e+00 0.000000e+00 1.000000e+00
      outer loop
         vertex -1.585875e+04 2.575000e+03 2.000000e-01
         vertex -1.585995e+04 2.609625e+03 2.000000e-01
         vertex -1.586000e+04 2.609597e+03 2.000000e-01
      endloop
   endfacet
   facet normal 0.000000e+00 0.000000e+00 1.000000e+00
      outer loop
         vertex -1.583522e+04 2.621196e+03 2.000000e-01
         vertex -1.583527e+04 2.621180e+03 2.000000e-01
         vertex -1.584250e+04 2.605000e+03 2.000000e-01
      endloop
   endfacet
   facet normal 0.000000e+00 0.000000e+00 1.000000e+00
      outer loop
         vertex -1.584250e+04 2.605000e+03 2.000000e-01
         vertex -1.583527e+04 2.621180e+03 2.000000e-01
         vertex -1.583810e+04 2.620205e+03 2.000000e-01
      endloop
   endfacet
   facet normal 0.000000e+00 0.000000e+00 1.000000e+00
      outer loop
         vertex -1.584250e+04 2.605000e+03 2.000000e-01
         vertex -1.583810e+04 2.620205e+03 2.000000e-01
         vertex -1.583815e+04 2.620187e+03 2.000000e-01
      endloop
   endfacet
   facet normal 0.000000e+00 0.000000e+00 1.000000e+00
      outer loop
         vertex -1.583815e+04 2.620187e+03 2.000000e-01
         vertex -1.584095e+04 2.619137e+03 2.000000e-01
         vertex -1.584250e+04 2.605000e+03 2.000000e-01
      endloop
   endfacet
   facet normal 0.000000e+00 0.000000e+00 1.000000e+00
      outer loop
         vertex -1.584250e+04 2.605000e+03 2.000000e-01
         vertex -1.584095e+04 2.619137e+03 2.000000e-01
         vertex -1.584100e+04 2.619118e+03 2.000000e-01
      endloop
   endfacet
   facet normal 0.000000e+00 -0.000000e+00 1.000000e+00
      outer loop
         vertex -1.584250e+04 2.605000e+03 2.000000e-01
         vertex -1.584100e+04 2.619118e+03 2.000000e-01
         vertex -1.584378e+04 2.617996e+03 2.000000e-01
      endloop
   endfacet
   facet normal 0.000000e+00 0.000000e+00 1.000000e+00
      outer loop
         vertex -1.584378e+04 2.617996e+03 2.000000e-01
         vertex -1.584383e+04 2.617975e+03 2.000000e-01
         vertex -1.584250e+04 2.605000e+03 2.000000e-01
      endloop
   endfacet
   facet normal 0.000000e+00 0.000000e+00 1.000000e+00
      outer loop
         vertex -1.584250e+04 2.605000e+03 2.000000e-01
         vertex -1.584383e+04 2.617975e+03 2.000000e-01
         vertex -1.584657e+04 2.616780e+03 2.000000e-01
      endloop
   endfacet
   facet normal 0.000000e+00 0.000000e+00 1.000000e+00
      outer loop
         vertex -1.584250e+04 2.605000e+03 2.000000e-01
         vertex -1.584657e+04 2.616780e+03 2.000000e-01
         vertex -1.584661e+04 2.616758e+03 2.000000e-01
      endloop
   endfacet
   facet normal 0.000000e+00 0.000000e+00 1.000000e+00
      outer loop
         vertex -1.584661e+04 2.616758e+03 2.000000e-01
         vertex -1.584932e+04 2.615491e+03 2.000000e-01
         vertex -1.584250e+04 2.605000e+03 2.000000e-01
      endloop
   endfacet
   facet normal 0.000000e+00 0.000000e+00 1.000000e+00
      outer loop
         vertex -1.584250e+04 2.605000e+03 2.000000e-01
         vertex -1.584932e+04 2.615491e+03 2.000000e-01
         vertex -1.584937e+04 2.615468e+03 2.000000e-01
      endloop
   endfacet
   facet normal 0.000000e+00 0.000000e+00 1.000000e+00
      outer loop
         vertex -1.584250e+04 2.605000e+03 2.000000e-01
         vertex -1.584937e+04 2.615468e+03 2.000000e-01
         vertex -1.584750e+04 2.605000e+03 2.000000e-01
      endloop
   endfacet
   facet normal 0.000000e+00 0.000000e+00 1.000000e+00
      outer loop
         vertex -1.584750e+04 2.605000e+03 2.000000e-01
         vertex -1.584937e+04 2.615468e+03 2.000000e-01
         vertex -1.585204e+04 2.614130e+03 2.000000e-01
      endloop
   endfacet
   facet normal 0.000000e+00 0.000000e+00 1.000000e+00
      outer loop
         vertex -1.584750e+04 2.605000e+03 2.000000e-01
         vertex -1.585204e+04 2.614130e+03 2.000000e-01
         vertex -1.585209e+04 2.614106e+03 2.000000e-01
      endloop
   endfacet
   facet normal 0.000000e+00 0.000000e+00 1.000000e+00
      outer loop
         vertex -1.582195e+04 2.624698e+03 2.000000e-01
         vertex -1.582345e+04 2.624394e+03 2.000000e-01
         vertex -1.582021e+04 2.623598e+03 2.000000e-01
      endloop
   endfacet
   facet normal 0.000000e+00 0.000000e+00 1.000000e+00
      outer loop
         vertex -1.582350e+04 2.624383e+03 2.000000e-01
         vertex -1.582642e+04 2.623711e+03 2.000000e-01
         vertex -1.581054e+04 2.575000e+03 2.000000e-01
      endloop
   endfacet
   facet normal 0.000000e+00 0.000000e+00 1.000000e+00
      outer loop
         vertex -1.581054e+04 2.575000e+03 2.000000e-01
         vertex -1.582642e+04 2.623711e+03 2.000000e-01
         vertex -1.582647e+04 2.623699e+03 2.000000e-01
      endloop
   endfacet
   facet normal 0.000000e+00 0.000000e+00 1.000000e+00
      outer loop
         vertex -1.581054e+04 2.575000e+03 2.000000e-01
         vertex -1.582647e+04 2.623699e+03 2.000000e-01
         vertex -1.582938e+04 2.622950e+03 2.000000e-01
      endloop
   endfacet
   facet normal -0.000000e+00 0.000000e+00 1.000000e+00
      outer loop
         vertex -1.582350e+04 2.624383e+03 2.000000e-01
         vertex -1.581054e+04 2.575000e+03 2.000000e-01
         vertex -1.582345e+04 2.624394e+03 2.000000e-01
      endloop
   endfacet
   facet normal 0.000000e+00 0.000000e+00 1.000000e+00
      outer loop
         vertex -1.582345e+04 2.624394e+03 2.000000e-01
         vertex -1.581054e+04 2.575000e+03 2.000000e-01
         vertex -1.582019e+04 2.623527e+03 2.000000e-01
      endloop
   endfacet
   facet normal 0.000000e+00 0.000000e+00 1.000000e+00
      outer loop
         vertex -1.582345e+04 2.624394e+03 2.000000e-01
         vertex -1.582019e+04 2.623527e+03 2.000000e-01
         vertex -1.582021e+04 2.623598e+03 2.000000e-01
      endloop
   endfacet
   facet normal 0.000000e+00 0.000000e+00 1.000000e+00
      outer loop
         vertex -1.582025e+04 2.623739e+03 2.000000e-01
         vertex -1.582028e+04 2.623807e+03 2.000000e-01
         vertex -1.582151e+04 2.624720e+03 2.000000e-01
      endloop
   endfacet
   facet normal 0.000000e+00 0.000000e+00 1.000000e+00
      outer loop
         vertex -1.582151e+04 2.624720e+03 2.000000e-01
         vertex -1.582028e+04 2.623807e+03 2.000000e-01
         vertex -1.582030e+04 2.623874e+03 2.000000e-01
      endloop
   endfacet
   facet normal 0.000000e+00 0.000000e+00 1.000000e+00
      outer loop
         vertex -1.582158e+04 2.624726e+03 2.000000e-01
         vertex -1.582166e+04 2.624727e+03 2.000000e-01
         vertex -1.582021e+04 2.623598e+03 2.000000e-01
      endloop
   endfacet
   facet normal 0.000000e+00 0.000000e+00 1.000000e+00
      outer loop
         vertex -1.582021e+04 2.623598e+03 2.000000e-01
         vertex -1.582166e+04 2.624727e+03 2.000000e-01
         vertex -1.582173e+04 2.624725e+03 2.000000e-01
      endloop
   endfacet
   facet normal 0.000000e+00 0.000000e+00 1.000000e+00
      outer loop
         vertex -1.582158e+04 2.624726e+03 2.000000e-01
         vertex -1.582021e+04 2.623598e+03 2.000000e-01
         vertex -1.582151e+04 2.624720e+03 2.000000e-01
      endloop
   endfacet
   facet normal 0.000000e+00 0.000000e+00 1.000000e+00
      outer loop
         vertex -1.582151e+04 2.624720e+03 2.000000e-01
         vertex -1.582021e+04 2.623598e+03 2.000000e-01
         vertex -1.582022e+04 2.623669e+03 2.000000e-01
      endloop
   endfacet
   facet normal 0.000000e+00 0.000000e+00 1.000000e+00
      outer loop
         vertex -1.582151e+04 2.624720e+03 2.000000e-01
         vertex -1.582022e+04 2.623669e+03 2.000000e-01
         vertex -1.582025e+04 2.623739e+03 2.000000e-01
      endloop
   endfacet
   facet normal 0.000000e+00 0.000000e+00 1.000000e+00
      outer loop
         vertex -1.582030e+04 2.623874e+03 2.000000e-01
         vertex -1.582034e+04 2.623940e+03 2.000000e-01
         vertex -1.582151e+04 2.624720e+03 2.000000e-01
      endloop
   endfacet
   facet normal 0.000000e+00 0.000000e+00 1.000000e+00
      outer loop
         vertex -1.582151e+04 2.624720e+03 2.000000e-01
         vertex -1.582034e+04 2.623940e+03 2.000000e-01
         vertex -1.582037e+04 2.624003e+03 2.000000e-01
      endloop
   endfacet
   facet normal 0.000000e+00 0.000000e+00 1.000000e+00
      outer loop
         vertex -1.582151e+04 2.624720e+03 2.000000e-01
         vertex -1.582037e+04 2.624003e+03 2.000000e-01
         vertex -1.582144e+04 2.624712e+03 2.000000e-01
      endloop
   endfacet
   facet normal 0.000000e+00 0.000000e+00 1.000000e+00
      outer loop
         vertex -1.582144e+04 2.624712e+03 2.000000e-01
         vertex -1.582037e+04 2.624003e+03 2.000000e-01
         vertex -1.582137e+04 2.624699e+03 2.000000e-01
      endloop
   endfacet
   facet normal 0.000000e+00 0.000000e+00 1.000000e+00
      outer loop
         vertex -1.582173e+04 2.624725e+03 2.000000e-01
         vertex -1.582180e+04 2.624720e+03 2.000000e-01
         vertex -1.582021e+04 2.623598e+03 2.000000e-01
      endloop
   endfacet
   facet normal 0.000000e+00 0.000000e+00 1.000000e+00
      outer loop
         vertex -1.582021e+04 2.623598e+03 2.000000e-01
         vertex -1.582180e+04 2.624720e+03 2.000000e-01
         vertex -1.582188e+04 2.624710e+03 2.000000e-01
      endloop
   endfacet
   facet normal 0.000000e+00 0.000000e+00 1.000000e+00
      outer loop
         vertex -1.582021e+04 2.623598e+03 2.000000e-01
         vertex -1.582188e+04 2.624710e+03 2.000000e-01
         vertex -1.582195e+04 2.624698e+03 2.000000e-01
      endloop
   endfacet
   facet normal 0.000000e+00 0.000000e+00 1.000000e+00
      outer loop
         vertex -1.582095e+04 2.624552e+03 2.000000e-01
         vertex -1.582102e+04 2.624585e+03 2.000000e-01
         vertex -1.582037e+04 2.624003e+03 2.000000e-01
      endloop
   endfacet
   facet normal 0.000000e+00 0.000000e+00 1.000000e+00
      outer loop
         vertex -1.582037e+04 2.624003e+03 2.000000e-01
         vertex -1.582102e+04 2.624585e+03 2.000000e-01
         vertex -1.582108e+04 2.624615e+03 2.000000e-01
      endloop
   endfacet
   facet normal 0.000000e+00 0.000000e+00 1.000000e+00
      outer loop
         vertex -1.582037e+04 2.624003e+03 2.000000e-01
         vertex -1.582108e+04 2.624615e+03 2.000000e-01
         vertex -1.582115e+04 2.624641e+03 2.000000e-01
      endloop
   endfacet
   facet normal 0.000000e+00 0.000000e+00 1.000000e+00
      outer loop
         vertex -1.582115e+04 2.624641e+03 2.000000e-01
         vertex -1.582122e+04 2.624664e+03 2.000000e-01
         vertex -1.582037e+04 2.624003e+03 2.000000e-01
      endloop
   endfacet
   facet normal 0.000000e+00 0.000000e+00 1.000000e+00
      outer loop
         vertex -1.582037e+04 2.624003e+03 2.000000e-01
         vertex -1.582122e+04 2.624664e+03 2.000000e-01
         vertex -1.582129e+04 2.624683e+03 2.000000e-01
      endloop
   endfacet
   facet normal 0.000000e+00 0.000000e+00 1.000000e+00
      outer loop
         vertex -1.582037e+04 2.624003e+03 2.000000e-01
         vertex -1.582129e+04 2.624683e+03 2.000000e-01
         vertex -1.582137e+04 2.624699e+03 2.000000e-01
      endloop
   endfacet
   facet normal 0.000000e+00 0.000000e+00 1.000000e+00
      outer loop
         vertex -1.582037e+04 2.624003e+03 2.000000e-01
         vertex -1.582041e+04 2.624065e+03 2.000000e-01
         vertex -1.582045e+04 2.624125e+03 2.000000e-01
      endloop
   endfacet
   facet normal 0.000000e+00 0.000000e+00 1.000000e+00
      outer loop
         vertex -1.582045e+04 2.624125e+03 2.000000e-01
         vertex -1.582050e+04 2.624183e+03 2.000000e-01
         vertex -1.582037e+04 2.624003e+03 2.000000e-01
      endloop
   endfacet
   facet normal 0.000000e+00 0.000000e+00 1.000000e+00
      outer loop
         vertex -1.582037e+04 2.624003e+03 2.000000e-01
         vertex -1.582050e+04 2.624183e+03 2.000000e-01
         vertex -1.582055e+04 2.624239e+03 2.000000e-01
      endloop
   endfacet
   facet normal 0.000000e+00 0.000000e+00 1.000000e+00
      outer loop
         vertex -1.582037e+04 2.624003e+03 2.000000e-01
         vertex -1.582055e+04 2.624239e+03 2.000000e-01
         vertex -1.582060e+04 2.624292e+03 2.000000e-01
      endloop
   endfacet
   facet normal 0.000000e+00 0.000000e+00 1.000000e+00
      outer loop
         vertex -1.582060e+04 2.624292e+03 2.000000e-01
         vertex -1.582065e+04 2.624342e+03 2.000000e-01
         vertex -1.582037e+04 2.624003e+03 2.000000e-01
      endloop
   endfacet
   facet normal 0.000000e+00 0.000000e+00 1.000000e+00
      outer loop
         vertex -1.582037e+04 2.624003e+03 2.000000e-01
         vertex -1.582065e+04 2.624342e+03 2.000000e-01
         vertex -1.582071e+04 2.624390e+03 2.000000e-01
      endloop
   endfacet
   facet normal 0.000000e+00 0.000000e+00 1.000000e+00
      outer loop
         vertex -1.582037e+04 2.624003e+03 2.000000e-01
         vertex -1.582071e+04 2.624390e+03 2.000000e-01
         vertex -1.582077e+04 2.624435e+03 2.000000e-01
      endloop
   endfacet
   facet normal 0.000000e+00 0.000000e+00 1.000000e+00
      outer loop
         vertex -1.582077e+04 2.624435e+03 2.000000e-01
         vertex -1.582083e+04 2.624477e+03 2.000000e-01
         vertex -1.582037e+04 2.624003e+03 2.000000e-01
      endloop
   endfacet
   facet normal 0.000000e+00 0.000000e+00 1.000000e+00
      outer loop
         vertex -1.582037e+04 2.624003e+03 2.000000e-01
         vertex -1.582083e+04 2.624477e+03 2.000000e-01
         vertex -1.582089e+04 2.624516e+03 2.000000e-01
      endloop
   endfacet
   facet normal 0.000000e+00 0.000000e+00 1.000000e+00
      outer loop
         vertex -1.582037e+04 2.624003e+03 2.000000e-01
         vertex -1.582089e+04 2.624516e+03 2.000000e-01
         vertex -1.582095e+04 2.624552e+03 2.000000e-01
      endloop
   endfacet
   facet normal 0.000000e+00 0.000000e+00 1.000000e+00
      outer loop
         vertex -1.581500e+04 2.545000e+03 2.000000e-01
         vertex -1.580702e+04 2.557317e+03 2.000000e-01
         vertex -1.581500e+04 2.550000e+03 2.000000e-01
      endloop
   endfacet
   facet normal 0.000000e+00 0.000000e+00 1.000000e+00
      outer loop
         vertex -1.581500e+04 2.550000e+03 2.000000e-01
         vertex -1.580702e+04 2.557317e+03 2.000000e-01
         vertex -1.581054e+04 2.575000e+03 2.000000e-01
      endloop
   endfacet
   facet normal 0.000000e+00 -0.000000e+00 1.000000e+00
      outer loop
         vertex -1.581500e+04 2.550000e+03 2.000000e-01
         vertex -1.581054e+04 2.575000e+03 2.000000e-01
         vertex -1.583125e+04 2.575000e+03 2.000000e-01
      endloop
   endfacet
   facet normal 0.000000e+00 0.000000e+00 1.000000e+00
      outer loop
         vertex -1.583125e+04 2.575000e+03 2.000000e-01
         vertex -1.581054e+04 2.575000e+03 2.000000e-01
         vertex -1.582938e+04 2.622950e+03 2.000000e-01
      endloop
   endfacet
   facet normal 0.000000e+00 0.000000e+00 1.000000e+00
      outer loop
         vertex -1.583125e+04 2.575000e+03 2.000000e-01
         vertex -1.582938e+04 2.622950e+03 2.000000e-01
         vertex -1.582943e+04 2.622936e+03 2.000000e-01
      endloop
   endfacet
   facet normal 0.000000e+00 0.000000e+00 1.000000e+00
      outer loop
         vertex -1.579960e+04 2.520000e+03 2.000000e-01
         vertex -1.580702e+04 2.557317e+03 2.000000e-01
         vertex -1.580702e+04 2.520000e+03 2.000000e-01
      endloop
   endfacet
   facet normal 0.000000e+00 -0.000000e+00 1.000000e+00
      outer loop
         vertex -1.580702e+04 2.520000e+03 2.000000e-01
         vertex -1.580702e+04 2.557317e+03 2.000000e-01
         vertex -1.581500e+04 2.545000e+03 2.000000e-01
      endloop
   endfacet
   facet normal 0.000000e+00 0.000000e+00 1.000000e+00
      outer loop
         vertex -1.580702e+04 2.520000e+03 2.000000e-01
         vertex -1.581500e+04 2.545000e+03 2.000000e-01
         vertex -1.583125e+04 2.520000e+03 2.000000e-01
      endloop
   endfacet
   facet normal 0.000000e+00 0.000000e+00 1.000000e+00
      outer loop
         vertex -1.583125e+04 2.520000e+03 2.000000e-01
         vertex -1.581500e+04 2.545000e+03 2.000000e-01
         vertex -1.582000e+04 2.545000e+03 2.000000e-01
      endloop
   endfacet
   facet normal 0.000000e+00 0.000000e+00 1.000000e+00
      outer loop
         vertex -1.583125e+04 2.520000e+03 2.000000e-01
         vertex -1.582000e+04 2.545000e+03 2.000000e-01
         vertex -1.583125e+04 2.575000e+03 2.000000e-01
      endloop
   endfacet
   facet normal 0.000000e+00 0.000000e+00 1.000000e+00
      outer loop
         vertex -1.583125e+04 2.575000e+03 2.000000e-01
         vertex -1.582000e+04 2.545000e+03 2.000000e-01
         vertex -1.582000e+04 2.550000e+03 2.000000e-01
      endloop
   endfacet
   facet normal 0.000000e+00 0.000000e+00 1.000000e+00
      outer loop
         vertex -1.583125e+04 2.575000e+03 2.000000e-01
         vertex -1.582000e+04 2.550000e+03 2.000000e-01
         vertex -1.581500e+04 2.550000e+03 2.000000e-01
      endloop
   endfacet
   facet normal 0.000000e+00 0.000000e+00 1.000000e+00
      outer loop
         vertex -1.579904e+04 2.517000e+03 2.000000e-01
         vertex -1.579904e+04 2.517028e+03 2.000000e-01
         vertex -1.580702e+04 2.520000e+03 2.000000e-01
      endloop
   endfacet
   facet normal 0.000000e+00 0.000000e+00 1.000000e+00
      outer loop
         vertex -1.580702e+04 2.520000e+03 2.000000e-01
         vertex -1.579904e+04 2.517028e+03 2.000000e-01
         vertex -1.579904e+04 2.517098e+03 2.000000e-01
      endloop
   endfacet
   facet normal 0.000000e+00 0.000000e+00 1.000000e+00
      outer loop
         vertex -1.580702e+04 2.476684e+03 2.000000e-01
         vertex -1.579908e+04 2.516610e+03 2.000000e-01
         vertex -1.580702e+04 2.520000e+03 2.000000e-01
      endloop
   endfacet
   facet normal 0.000000e+00 0.000000e+00 1.000000e+00
      outer loop
         vertex -1.580702e+04 2.520000e+03 2.000000e-01
         vertex -1.579908e+04 2.516610e+03 2.000000e-01
         vertex -1.579906e+04 2.516707e+03 2.000000e-01
      endloop
   endfacet
   facet normal 0.000000e+00 -0.000000e+00 1.000000e+00
      outer loop
         vertex -1.579906e+04 2.516707e+03 2.000000e-01
         vertex -1.579905e+04 2.516804e+03 2.000000e-01
         vertex -1.580702e+04 2.520000e+03 2.000000e-01
      endloop
   endfacet
   facet normal 0.000000e+00 0.000000e+00 1.000000e+00
      outer loop
         vertex -1.580702e+04 2.520000e+03 2.000000e-01
         vertex -1.579905e+04 2.516804e+03 2.000000e-01
         vertex -1.579904e+04 2.516902e+03 2.000000e-01
      endloop
   endfacet
   facet normal 0.000000e+00 0.000000e+00 1.000000e+00
      outer loop
         vertex -1.580702e+04 2.520000e+03 2.000000e-01
         vertex -1.579904e+04 2.516902e+03 2.000000e-01
         vertex -1.579904e+04 2.517000e+03 2.000000e-01
      endloop
   endfacet
   facet normal 0.000000e+00 0.000000e+00 1.000000e+00
      outer loop
         vertex -1.579904e+04 2.517098e+03 2.000000e-01
         vertex -1.579905e+04 2.517196e+03 2.000000e-01
         vertex -1.580702e+04 2.520000e+03 2.000000e-01
      endloop
   endfacet
   facet normal 0.000000e+00 0.000000e+00 1.000000e+00
      outer loop
         vertex -1.580702e+04 2.520000e+03 2.000000e-01
         vertex -1.579905e+04 2.517196e+03 2.000000e-01
         vertex -1.579906e+04 2.517293e+03 2.000000e-01
      endloop
   endfacet
   facet normal 0.000000e+00 0.000000e+00 1.000000e+00
      outer loop
         vertex -1.580702e+04 2.520000e+03 2.000000e-01
         vertex -1.579906e+04 2.517293e+03 2.000000e-01
         vertex -1.579908e+04 2.517390e+03 2.000000e-01
      endloop
   endfacet
   facet normal -0.000000e+00 0.000000e+00 1.000000e+00
      outer loop
         vertex -1.581500e+04 2.490000e+03 2.000000e-01
         vertex -1.580702e+04 2.476684e+03 2.000000e-01
         vertex -1.581500e+04 2.495000e+03 2.000000e-01
      endloop
   endfacet
   facet normal -0.000000e+00 0.000000e+00 1.000000e+00
      outer loop
         vertex -1.581500e+04 2.495000e+03 2.000000e-01
         vertex -1.580702e+04 2.476684e+03 2.000000e-01
         vertex -1.580702e+04 2.520000e+03 2.000000e-01
      endloop
   endfacet
   facet normal 0.000000e+00 -0.000000e+00 1.000000e+00
      outer loop
         vertex -1.581500e+04 2.495000e+03 2.000000e-01
         vertex -1.580702e+04 2.520000e+03 2.000000e-01
         vertex -1.582000e+04 2.495000e+03 2.000000e-01
      endloop
   endfacet
   facet normal 0.000000e+00 -0.000000e+00 1.000000e+00
      outer loop
         vertex -1.582000e+04 2.495000e+03 2.000000e-01
         vertex -1.580702e+04 2.520000e+03 2.000000e-01
         vertex -1.583125e+04 2.520000e+03 2.000000e-01
      endloop
   endfacet
   facet normal 0.000000e+00 0.000000e+00 1.000000e+00
      outer loop
         vertex -1.582000e+04 2.495000e+03 2.000000e-01
         vertex -1.583125e+04 2.520000e+03 2.000000e-01
         vertex -1.582000e+04 2.490000e+03 2.000000e-01
      endloop
   endfacet
   facet normal 0.000000e+00 0.000000e+00 1.000000e+00
      outer loop
         vertex -1.582000e+04 2.490000e+03 2.000000e-01
         vertex -1.583125e+04 2.520000e+03 2.000000e-01
         vertex -1.583125e+04 2.465000e+03 2.000000e-01
      endloop
   endfacet
   facet normal 0.000000e+00 0.000000e+00 1.000000e+00
      outer loop
         vertex -1.581500e+04 2.490000e+03 2.000000e-01
         vertex -1.582000e+04 2.490000e+03 2.000000e-01
         vertex -1.580702e+04 2.476684e+03 2.000000e-01
      endloop
   endfacet
   facet normal 0.000000e+00 0.000000e+00 1.000000e+00
      outer loop
         vertex -1.580702e+04 2.476684e+03 2.000000e-01
         vertex -1.582000e+04 2.490000e+03 2.000000e-01
         vertex -1.583125e+04 2.465000e+03 2.000000e-01
      endloop
   endfacet
   facet normal 0.000000e+00 0.000000e+00 1.000000e+00
      outer loop
         vertex -1.580702e+04 2.476684e+03 2.000000e-01
         vertex -1.583125e+04 2.465000e+03 2.000000e-01
         vertex -1.580934e+04 2.465000e+03 2.000000e-01
      endloop
   endfacet
   facet normal 0.000000e+00 0.000000e+00 1.000000e+00
      outer loop
         vertex -1.580934e+04 2.465000e+03 2.000000e-01
         vertex -1.583125e+04 2.465000e+03 2.000000e-01
         vertex -1.583125e+04 2.422137e+03 2.000000e-01
      endloop
   endfacet
   facet normal 0.000000e+00 0.000000e+00 1.000000e+00
      outer loop
         vertex -1.580934e+04 2.465000e+03 2.000000e-01
         vertex -1.583125e+04 2.422137e+03 2.000000e-01
         vertex -1.581787e+04 2.422137e+03 2.000000e-01
      endloop
   endfacet
   facet normal 0.000000e+00 0.000000e+00 1.000000e+00
      outer loop
         vertex -1.581787e+04 2.422137e+03 2.000000e-01
         vertex -1.583125e+04 2.422137e+03 2.000000e-01
         vertex -1.582647e+04 2.410301e+03 2.000000e-01
      endloop
   endfacet
   facet normal 0.000000e+00 0.000000e+00 1.000000e+00
      outer loop
         vertex -1.581787e+04 2.422137e+03 2.000000e-01
         vertex -1.582647e+04 2.410301e+03 2.000000e-01
         vertex -1.582642e+04 2.410289e+03 2.000000e-01
      endloop
   endfacet
   facet normal 0.000000e+00 0.000000e+00 1.000000e+00
      outer loop
         vertex -1.584250e+04 2.600000e+03 2.000000e-01
         vertex -1.585875e+04 2.575000e+03 2.000000e-01
         vertex -1.583125e+04 2.575000e+03 2.000000e-01
      endloop
   endfacet
   facet normal 0.000000e+00 0.000000e+00 1.000000e+00
      outer loop
         vertex -1.583125e+04 2.575000e+03 2.000000e-01
         vertex -1.585875e+04 2.575000e+03 2.000000e-01
         vertex -1.585875e+04 2.520000e+03 2.000000e-01
      endloop
   endfacet
   facet normal 0.000000e+00 0.000000e+00 1.000000e+00
      outer loop
         vertex -1.583125e+04 2.575000e+03 2.000000e-01
         vertex -1.585875e+04 2.520000e+03 2.000000e-01
         vertex -1.583125e+04 2.520000e+03 2.000000e-01
      endloop
   endfacet
   facet normal 0.000000e+00 0.000000e+00 1.000000e+00
      outer loop
         vertex -1.583125e+04 2.520000e+03 2.000000e-01
         vertex -1.585875e+04 2.520000e+03 2.000000e-01
         vertex -1.585875e+04 2.465000e+03 2.000000e-01
      endloop
   endfacet
   facet normal 0.000000e+00 0.000000e+00 1.000000e+00
      outer loop
         vertex -1.583125e+04 2.520000e+03 2.000000e-01
         vertex -1.585875e+04 2.465000e+03 2.000000e-01
         vertex -1.583125e+04 2.465000e+03 2.000000e-01
      endloop
   endfacet
   facet normal 0.000000e+00 0.000000e+00 1.000000e+00
      outer loop
         vertex -1.583125e+04 2.465000e+03 2.000000e-01
         vertex -1.585875e+04 2.465000e+03 2.000000e-01
         vertex -1.584750e+04 2.440000e+03 2.000000e-01
      endloop
   endfacet
   facet normal 0.000000e+00 0.000000e+00 1.000000e+00
      outer loop
         vertex -1.583125e+04 2.465000e+03 2.000000e-01
         vertex -1.584750e+04 2.440000e+03 2.000000e-01
         vertex -1.584250e+04 2.440000e+03 2.000000e-01
      endloop
   endfacet
   facet normal 0.000000e+00 0.000000e+00 -1.000000e+00
      outer loop
         vertex -1.587000e+04 2.495000e+03 0.000000e+00
         vertex -1.587500e+04 2.495000e+03 0.000000e+00
         vertex -1.591196e+04 2.520000e+03 0.000000e+00
      endloop
   endfacet
   facet normal 0.000000e+00 0.000000e+00 -1.000000e+00
      outer loop
         vertex -1.581500e+04 2.550000e+03 0.000000e+00
         vertex -1.582000e+04 2.550000e+03 0.000000e+00
         vertex -1.583125e+04 2.575000e+03 0.000000e+00
      endloop
   endfacet
   facet normal -0.000000e+00 0.000000e+00 -1.000000e+00
      outer loop
         vertex -1.579908e+04 2.516610e+03 0.000000e+00
         vertex -1.580702e+04 2.476684e+03 0.000000e+00
         vertex -1.580702e+04 2.520000e+03 0.000000e+00
      endloop
   endfacet
   facet normal 0.000000e+00 0.000000e+00 -1.000000e+00
      outer loop
         vertex -1.581500e+04 2.495000e+03 0.000000e+00
         vertex -1.582000e+04 2.495000e+03 0.000000e+00
         vertex -1.583125e+04 2.520000e+03 0.000000e+00
      endloop
   endfacet
   facet normal 0.000000e+00 0.000000e+00 -1.000000e+00
      outer loop
         vertex -1.582350e+04 2.409617e+03 0.000000e+00
         vertex -1.582642e+04 2.410289e+03 0.000000e+00
         vertex -1.581787e+04 2.422137e+03 0.000000e+00
      endloop
   endfacet
   facet normal 0.000000e+00 0.000000e+00 -1.000000e+00
      outer loop
         vertex -1.582195e+04 2.409302e+03 0.000000e+00
         vertex -1.582345e+04 2.409606e+03 0.000000e+00
         vertex -1.582021e+04 2.410402e+03 0.000000e+00
      endloop
   endfacet
   facet normal 0.000000e+00 0.000000e+00 -1.000000e+00
      outer loop
         vertex -1.582647e+04 2.410301e+03 0.000000e+00
         vertex -1.582938e+04 2.411050e+03 0.000000e+00
         vertex -1.583125e+04 2.422137e+03 0.000000e+00
      endloop
   endfacet
   facet normal 0.000000e+00 0.000000e+00 -1.000000e+00
      outer loop
         vertex -1.582350e+04 2.409617e+03 0.000000e+00
         vertex -1.581787e+04 2.422137e+03 0.000000e+00
         vertex -1.582345e+04 2.409606e+03 0.000000e+00
      endloop
   endfacet
   facet normal 0.000000e+00 0.000000e+00 -1.000000e+00
      outer loop
         vertex -1.582345e+04 2.409606e+03 0.000000e+00
         vertex -1.581787e+04 2.422137e+03 0.000000e+00
         vertex -1.582019e+04 2.410473e+03 0.000000e+00
      endloop
   endfacet
   facet normal 0.000000e+00 0.000000e+00 -1.000000e+00
      outer loop
         vertex -1.582345e+04 2.409606e+03 0.000000e+00
         vertex -1.582019e+04 2.410473e+03 0.000000e+00
         vertex -1.582021e+04 2.410402e+03 0.000000e+00
      endloop
   endfacet
   facet normal 0.000000e+00 0.000000e+00 -1.000000e+00
      outer loop
         vertex -1.582025e+04 2.410261e+03 0.000000e+00
         vertex -1.582028e+04 2.410193e+03 0.000000e+00
         vertex -1.582151e+04 2.409280e+03 0.000000e+00
      endloop
   endfacet
   facet normal 0.000000e+00 0.000000e+00 -1.000000e+00
      outer loop
         vertex -1.582151e+04 2.409280e+03 0.000000e+00
         vertex -1.582028e+04 2.410193e+03 0.000000e+00
         vertex -1.582030e+04 2.410126e+03 0.000000e+00
      endloop
   endfacet
   facet normal -0.000000e+00 0.000000e+00 -1.000000e+00
      outer loop
         vertex -1.582158e+04 2.409274e+03 0.000000e+00
         vertex -1.582166e+04 2.409273e+03 0.000000e+00
         vertex -1.582021e+04 2.410402e+03 0.000000e+00
      endloop
   endfacet
   facet normal 0.000000e+00 0.000000e+00 -1.000000e+00
      outer loop
         vertex -1.582021e+04 2.410402e+03 0.000000e+00
         vertex -1.582166e+04 2.409273e+03 0.000000e+00
         vertex -1.582173e+04 2.409275e+03 0.000000e+00
      endloop
   endfacet
   facet normal 0.000000e+00 0.000000e+00 -1.000000e+00
      outer loop
         vertex -1.582158e+04 2.409274e+03 0.000000e+00
         vertex -1.582021e+04 2.410402e+03 0.000000e+00
         vertex -1.582151e+04 2.409280e+03 0.000000e+00
      endloop
   endfacet
   facet normal 0.000000e+00 0.000000e+00 -1.000000e+00
      outer loop
         vertex -1.582151e+04 2.409280e+03 0.000000e+00
         vertex -1.582021e+04 2.410402e+03 0.000000e+00
         vertex -1.582022e+04 2.410331e+03 0.000000e+00
      endloop
   endfacet
   facet normal 0.000000e+00 0.000000e+00 -1.000000e+00
      outer loop
         vertex -1.582151e+04 2.409280e+03 0.000000e+00
         vertex -1.582022e+04 2.410331e+03 0.000000e+00
         vertex -1.582025e+04 2.410261e+03 0.000000e+00
      endloop
   endfacet
   facet normal 0.000000e+00 0.000000e+00 -1.000000e+00
      outer loop
         vertex -1.582030e+04 2.410126e+03 0.000000e+00
         vertex -1.582034e+04 2.410060e+03 0.000000e+00
         vertex -1.582151e+04 2.409280e+03 0.000000e+00
      endloop
   endfacet
   facet normal 0.000000e+00 0.000000e+00 -1.000000e+00
      outer loop
         vertex -1.582151e+04 2.409280e+03 0.000000e+00
         vertex -1.582034e+04 2.410060e+03 0.000000e+00
         vertex -1.582037e+04 2.409997e+03 0.000000e+00
      endloop
   endfacet
   facet normal 0.000000e+00 0.000000e+00 -1.000000e+00
      outer loop
         vertex -1.582151e+04 2.409280e+03 0.000000e+00
         vertex -1.582037e+04 2.409997e+03 0.000000e+00
         vertex -1.582144e+04 2.409288e+03 0.000000e+00
      endloop
   endfacet
   facet normal 0.000000e+00 0.000000e+00 -1.000000e+00
      outer loop
         vertex -1.582144e+04 2.409288e+03 0.000000e+00
         vertex -1.582037e+04 2.409997e+03 0.000000e+00
         vertex -1.582137e+04 2.409301e+03 0.000000e+00
      endloop
   endfacet
   facet normal 0.000000e+00 0.000000e+00 -1.000000e+00
      outer loop
         vertex -1.582173e+04 2.409275e+03 0.000000e+00
         vertex -1.582180e+04 2.409280e+03 0.000000e+00
         vertex -1.582021e+04 2.410402e+03 0.000000e+00
      endloop
   endfacet
   facet normal 0.000000e+00 0.000000e+00 -1.000000e+00
      outer loop
         vertex -1.582021e+04 2.410402e+03 0.000000e+00
         vertex -1.582180e+04 2.409280e+03 0.000000e+00
         vertex -1.582188e+04 2.409290e+03 0.000000e+00
      endloop
   endfacet
   facet normal 0.000000e+00 0.000000e+00 -1.000000e+00
      outer loop
         vertex -1.582021e+04 2.410402e+03 0.000000e+00
         vertex -1.582188e+04 2.409290e+03 0.000000e+00
         vertex -1.582195e+04 2.409302e+03 0.000000e+00
      endloop
   endfacet
   facet normal -0.000000e+00 0.000000e+00 -1.000000e+00
      outer loop
         vertex -1.582095e+04 2.409448e+03 0.000000e+00
         vertex -1.582102e+04 2.409415e+03 0.000000e+00
         vertex -1.582037e+04 2.409997e+03 0.000000e+00
      endloop
   endfacet
   facet normal 0.000000e+00 0.000000e+00 -1.000000e+00
      outer loop
         vertex -1.582037e+04 2.409997e+03 0.000000e+00
         vertex -1.582102e+04 2.409415e+03 0.000000e+00
         vertex -1.582108e+04 2.409385e+03 0.000000e+00
      endloop
   endfacet
   facet normal 0.000000e+00 0.000000e+00 -1.000000e+00
      outer loop
         vertex -1.582037e+04 2.409997e+03 0.000000e+00
         vertex -1.582108e+04 2.409385e+03 0.000000e+00
         vertex -1.582115e+04 2.409359e+03 0.000000e+00
      endloop
   endfacet
   facet normal -0.000000e+00 0.000000e+00 -1.000000e+00
      outer loop
         vertex -1.582115e+04 2.409359e+03 0.000000e+00
         vertex -1.582122e+04 2.409336e+03 0.000000e+00
         vertex -1.582037e+04 2.409997e+03 0.000000e+00
      endloop
   endfacet
   facet normal 0.000000e+00 0.000000e+00 -1.000000e+00
      outer loop
         vertex -1.582037e+04 2.409997e+03 0.000000e+00
         vertex -1.582122e+04 2.409336e+03 0.000000e+00
         vertex -1.582129e+04 2.409317e+03 0.000000e+00
      endloop
   endfacet
   facet normal 0.000000e+00 0.000000e+00 -1.000000e+00
      outer loop
         vertex -1.582037e+04 2.409997e+03 0.000000e+00
         vertex -1.582129e+04 2.409317e+03 0.000000e+00
         vertex -1.582137e+04 2.409301e+03 0.000000e+00
      endloop
   endfacet
   facet normal 0.000000e+00 0.000000e+00 -1.000000e+00
      outer loop
         vertex -1.582037e+04 2.409997e+03 0.000000e+00
         vertex -1.582041e+04 2.409935e+03 0.000000e+00
         vertex -1.582045e+04 2.409875e+03 0.000000e+00
      endloop
   endfacet
   facet normal -0.000000e+00 0.000000e+00 -1.000000e+00
      outer loop
         vertex -1.582045e+04 2.409875e+03 0.000000e+00
         vertex -1.582050e+04 2.409817e+03 0.000000e+00
         vertex -1.582037e+04 2.409997e+03 0.000000e+00
      endloop
   endfacet
   facet normal 0.000000e+00 0.000000e+00 -1.000000e+00
      outer loop
         vertex -1.582037e+04 2.409997e+03 0.000000e+00
         vertex -1.582050e+04 2.409817e+03 0.000000e+00
         vertex -1.582055e+04 2.409761e+03 0.000000e+00
      endloop
   endfacet
   facet normal 0.000000e+00 0.000000e+00 -1.000000e+00
      outer loop
         vertex -1.582037e+04 2.409997e+03 0.000000e+00
         vertex -1.582055e+04 2.409761e+03 0.000000e+00
         vertex -1.582060e+04 2.409708e+03 0.000000e+00
      endloop
   endfacet
   facet normal -0.000000e+00 0.000000e+00 -1.000000e+00
      outer loop
         vertex -1.582060e+04 2.409708e+03 0.000000e+00
         vertex -1.582065e+04 2.409658e+03 0.000000e+00
         vertex -1.582037e+04 2.409997e+03 0.000000e+00
      endloop
   endfacet
   facet normal 0.000000e+00 0.000000e+00 -1.000000e+00
      outer loop
         vertex -1.582037e+04 2.409997e+03 0.000000e+00
         vertex -1.582065e+04 2.409658e+03 0.000000e+00
         vertex -1.582071e+04 2.409610e+03 0.000000e+00
      endloop
   endfacet
   facet normal 0.000000e+00 0.000000e+00 -1.000000e+00
      outer loop
         vertex -1.582037e+04 2.409997e+03 0.000000e+00
         vertex -1.582071e+04 2.409610e+03 0.000000e+00
         vertex -1.582077e+04 2.409565e+03 0.000000e+00
      endloop
   endfacet
   facet normal -0.000000e+00 0.000000e+00 -1.000000e+00
      outer loop
         vertex -1.582077e+04 2.409565e+03 0.000000e+00
         vertex -1.582083e+04 2.409523e+03 0.000000e+00
         vertex -1.582037e+04 2.409997e+03 0.000000e+00
      endloop
   endfacet
   facet normal 0.000000e+00 0.000000e+00 -1.000000e+00
      outer loop
         vertex -1.582037e+04 2.409997e+03 0.000000e+00
         vertex -1.582083e+04 2.409523e+03 0.000000e+00
         vertex -1.582089e+04 2.409484e+03 0.000000e+00
      endloop
   endfacet
   facet normal 0.000000e+00 0.000000e+00 -1.000000e+00
      outer loop
         vertex -1.582037e+04 2.409997e+03 0.000000e+00
         vertex -1.582089e+04 2.409484e+03 0.000000e+00
         vertex -1.582095e+04 2.409448e+03 0.000000e+00
      endloop
   endfacet
   facet normal 0.000000e+00 0.000000e+00 -1.000000e+00
      outer loop
         vertex -1.583125e+04 2.465000e+03 0.000000e+00
         vertex -1.580934e+04 2.465000e+03 0.000000e+00
         vertex -1.581787e+04 2.422137e+03 0.000000e+00
      endloop
   endfacet
   facet normal 0.000000e+00 0.000000e+00 -1.000000e+00
      outer loop
         vertex -1.580934e+04 2.465000e+03 0.000000e+00
         vertex -1.583125e+04 2.465000e+03 0.000000e+00
         vertex -1.580702e+04 2.476684e+03 0.000000e+00
      endloop
   endfacet
   facet normal 0.000000e+00 0.000000e+00 -1.000000e+00
      outer loop
         vertex -1.583125e+04 2.520000e+03 0.000000e+00
         vertex -1.582000e+04 2.495000e+03 0.000000e+00
         vertex -1.583125e+04 2.465000e+03 0.000000e+00
      endloop
   endfacet
   facet normal 0.000000e+00 0.000000e+00 -1.000000e+00
      outer loop
         vertex -1.583125e+04 2.520000e+03 0.000000e+00
         vertex -1.580702e+04 2.520000e+03 0.000000e+00
         vertex -1.581500e+04 2.495000e+03 0.000000e+00
      endloop
   endfacet
   facet normal 0.000000e+00 0.000000e+00 -1.000000e+00
      outer loop
         vertex -1.581500e+04 2.495000e+03 0.000000e+00
         vertex -1.580702e+04 2.520000e+03 0.000000e+00
         vertex -1.580702e+04 2.476684e+03 0.000000e+00
      endloop
   endfacet
   facet normal 0.000000e+00 0.000000e+00 -1.000000e+00
      outer loop
         vertex -1.581500e+04 2.495000e+03 0.000000e+00
         vertex -1.580702e+04 2.476684e+03 0.000000e+00
         vertex -1.581500e+04 2.490000e+03 0.000000e+00
      endloop
   endfacet
   facet normal 0.000000e+00 -0.000000e+00 -1.000000e+00
      outer loop
         vertex -1.581500e+04 2.490000e+03 0.000000e+00
         vertex -1.580702e+04 2.476684e+03 0.000000e+00
         vertex -1.583125e+04 2.465000e+03 0.000000e+00
      endloop
   endfacet
   facet normal -0.000000e+00 0.000000e+00 -1.000000e+00
      outer loop
         vertex -1.581500e+04 2.490000e+03 0.000000e+00
         vertex -1.583125e+04 2.465000e+03 0.000000e+00
         vertex -1.582000e+04 2.490000e+03 0.000000e+00
      endloop
   endfacet
   facet normal -0.000000e+00 0.000000e+00 -1.000000e+00
      outer loop
         vertex -1.582000e+04 2.490000e+03 0.000000e+00
         vertex -1.583125e+04 2.465000e+03 0.000000e+00
         vertex -1.582000e+04 2.495000e+03 0.000000e+00
      endloop
   endfacet
   facet normal 0.000000e+00 0.000000e+00 -1.000000e+00
      outer loop
         vertex -1.580702e+04 2.557317e+03 0.000000e+00
         vertex -1.579960e+04 2.520000e+03 0.000000e+00
         vertex -1.580702e+04 2.520000e+03 0.000000e+00
      endloop
   endfacet
   facet normal 0.000000e+00 0.000000e+00 -1.000000e+00
      outer loop
         vertex -1.580702e+04 2.520000e+03 0.000000e+00
         vertex -1.579960e+04 2.520000e+03 0.000000e+00
         vertex -1.579908e+04 2.517390e+03 0.000000e+00
      endloop
   endfacet
   facet normal 0.000000e+00 0.000000e+00 -1.000000e+00
      outer loop
         vertex -1.580702e+04 2.520000e+03 0.000000e+00
         vertex -1.579908e+04 2.517390e+03 0.000000e+00
         vertex -1.579906e+04 2.517293e+03 0.000000e+00
      endloop
   endfacet
   facet normal 0.000000e+00 0.000000e+00 -1.000000e+00
      outer loop
         vertex -1.579904e+04 2.516902e+03 0.000000e+00
         vertex -1.580702e+04 2.520000e+03 0.000000e+00
         vertex -1.579904e+04 2.517000e+03 0.000000e+00
      endloop
   endfacet
   facet normal 0.000000e+00 0.000000e+00 -1.000000e+00
      outer loop
         vertex -1.579904e+04 2.517000e+03 0.000000e+00
         vertex -1.580702e+04 2.520000e+03 0.000000e+00
         vertex -1.579904e+04 2.517028e+03 0.000000e+00
      endloop
   endfacet
   facet normal -0.000000e+00 -0.000000e+00 -1.000000e+00
      outer loop
         vertex -1.579906e+04 2.517293e+03 0.000000e+00
         vertex -1.579905e+04 2.517196e+03 0.000000e+00
         vertex -1.580702e+04 2.520000e+03 0.000000e+00
      endloop
   endfacet
   facet normal 0.000000e+00 0.000000e+00 -1.000000e+00
      outer loop
         vertex -1.580702e+04 2.520000e+03 0.000000e+00
         vertex -1.579905e+04 2.517196e+03 0.000000e+00
         vertex -1.579904e+04 2.517098e+03 0.000000e+00
      endloop
   endfacet
   facet normal 0.000000e+00 0.000000e+00 -1.000000e+00
      outer loop
         vertex -1.580702e+04 2.520000e+03 0.000000e+00
         vertex -1.579904e+04 2.517098e+03 0.000000e+00
         vertex -1.579904e+04 2.517028e+03 0.000000e+00
      endloop
   endfacet
   facet normal -0.000000e+00 0.000000e+00 -1.000000e+00
      outer loop
         vertex -1.579904e+04 2.516902e+03 0.000000e+00
         vertex -1.579905e+04 2.516804e+03 0.000000e+00
         vertex -1.580702e+04 2.520000e+03 0.000000e+00
      endloop
   endfacet
   facet normal 0.000000e+00 0.000000e+00 -1.000000e+00
      outer loop
         vertex -1.580702e+04 2.520000e+03 0.000000e+00
         vertex -1.579905e+04 2.516804e+03 0.000000e+00
         vertex -1.579906e+04 2.516707e+03 0.000000e+00
      endloop
   endfacet
   facet normal 0.000000e+00 0.000000e+00 -1.000000e+00
      outer loop
         vertex -1.580702e+04 2.520000e+03 0.000000e+00
         vertex -1.579906e+04 2.516707e+03 0.000000e+00
         vertex -1.579908e+04 2.516610e+03 0.000000e+00
      endloop
   endfacet
   facet normal 0.000000e+00 0.000000e+00 -1.000000e+00
      outer loop
         vertex -1.583125e+04 2.575000e+03 0.000000e+00
         vertex -1.582000e+04 2.550000e+03 0.000000e+00
         vertex -1.583125e+04 2.520000e+03 0.000000e+00
      endloop
   endfacet
   facet normal 0.000000e+00 0.000000e+00 -1.000000e+00
      outer loop
         vertex -1.583125e+04 2.520000e+03 0.000000e+00
         vertex -1.582000e+04 2.550000e+03 0.000000e+00
         vertex -1.582000e+04 2.545000e+03 0.000000e+00
      endloop
   endfacet
   facet normal 0.000000e+00 0.000000e+00 -1.000000e+00
      outer loop
         vertex -1.583125e+04 2.520000e+03 0.000000e+00
         vertex -1.582000e+04 2.545000e+03 0.000000e+00
         vertex -1.580702e+04 2.520000e+03 0.000000e+00
      endloop
   endfacet
   facet normal 0.000000e+00 0.000000e+00 -1.000000e+00
      outer loop
         vertex -1.580702e+04 2.520000e+03 0.000000e+00
         vertex -1.582000e+04 2.545000e+03 0.000000e+00
         vertex -1.581500e+04 2.545000e+03 0.000000e+00
      endloop
   endfacet
   facet normal 0.000000e+00 0.000000e+00 -1.000000e+00
      outer loop
         vertex -1.580702e+04 2.520000e+03 0.000000e+00
         vertex -1.581500e+04 2.545000e+03 0.000000e+00
         vertex -1.580702e+04 2.557317e+03 0.000000e+00
      endloop
   endfacet
   facet normal 0.000000e+00 0.000000e+00 -1.000000e+00
      outer loop
         vertex -1.581500e+04 2.545000e+03 0.000000e+00
         vertex -1.581500e+04 2.550000e+03 0.000000e+00
         vertex -1.580702e+04 2.557317e+03 0.000000e+00
      endloop
   endfacet
   facet normal -0.000000e+00 0.000000e+00 -1.000000e+00
      outer loop
         vertex -1.580702e+04 2.557317e+03 0.000000e+00
         vertex -1.581500e+04 2.550000e+03 0.000000e+00
         vertex -1.583125e+04 2.575000e+03 0.000000e+00
      endloop
   endfacet
   facet normal 0.000000e+00 0.000000e+00 -1.000000e+00
      outer loop
         vertex -1.580702e+04 2.557317e+03 0.000000e+00
         vertex -1.583125e+04 2.575000e+03 0.000000e+00
         vertex -1.581054e+04 2.575000e+03 0.000000e+00
      endloop
   endfacet
   facet normal 0.000000e+00 0.000000e+00 -1.000000e+00
      outer loop
         vertex -1.581054e+04 2.575000e+03 0.000000e+00
         vertex -1.583125e+04 2.575000e+03 0.000000e+00
         vertex -1.582943e+04 2.622936e+03 0.000000e+00
      endloop
   endfacet
   facet normal 0.000000e+00 0.000000e+00 -1.000000e+00
      outer loop
         vertex -1.582943e+04 2.622936e+03 0.000000e+00
         vertex -1.582938e+04 2.622950e+03 0.000000e+00
         vertex -1.581054e+04 2.575000e+03 0.000000e+00
      endloop
   endfacet
   facet normal 0.000000e+00 0.000000e+00 -1.000000e+00
      outer loop
         vertex -1.581054e+04 2.575000e+03 0.000000e+00
         vertex -1.582938e+04 2.622950e+03 0.000000e+00
         vertex -1.582647e+04 2.623699e+03 0.000000e+00
      endloop
   endfacet
   facet normal 0.000000e+00 0.000000e+00 -1.000000e+00
      outer loop
         vertex -1.581054e+04 2.575000e+03 0.000000e+00
         vertex -1.582647e+04 2.623699e+03 0.000000e+00
         vertex -1.582642e+04 2.623711e+03 0.000000e+00
      endloop
   endfacet
   facet normal 0.000000e+00 0.000000e+00 -1.000000e+00
      outer loop
         vertex -1.582642e+04 2.623711e+03 0.000000e+00
         vertex -1.582350e+04 2.624383e+03 0.000000e+00
         vertex -1.581054e+04 2.575000e+03 0.000000e+00
      endloop
   endfacet
   facet normal 0.000000e+00 0.000000e+00 -1.000000e+00
      outer loop
         vertex -1.581054e+04 2.575000e+03 0.000000e+00
         vertex -1.582350e+04 2.624383e+03 0.000000e+00
         vertex -1.582345e+04 2.624394e+03 0.000000e+00
      endloop
   endfacet
   facet normal 0.000000e+00 0.000000e+00 -1.000000e+00
      outer loop
         vertex -1.581054e+04 2.575000e+03 0.000000e+00
         vertex -1.582345e+04 2.624394e+03 0.000000e+00
         vertex -1.582019e+04 2.623527e+03 0.000000e+00
      endloop
   endfacet
   facet normal 0.000000e+00 0.000000e+00 -1.000000e+00
      outer loop
         vertex -1.582019e+04 2.623527e+03 0.000000e+00
         vertex -1.582345e+04 2.624394e+03 0.000000e+00
         vertex -1.582021e+04 2.623598e+03 0.000000e+00
      endloop
   endfacet
   facet normal 0.000000e+00 0.000000e+00 -1.000000e+00
      outer loop
         vertex -1.582021e+04 2.623598e+03 0.000000e+00
         vertex -1.582345e+04 2.624394e+03 0.000000e+00
         vertex -1.582195e+04 2.624698e+03 0.000000e+00
      endloop
   endfacet
   facet normal 0.000000e+00 0.000000e+00 -1.000000e+00
      outer loop
         vertex -1.582021e+04 2.623598e+03 0.000000e+00
         vertex -1.582195e+04 2.624698e+03 0.000000e+00
         vertex -1.582188e+04 2.624710e+03 0.000000e+00
      endloop
   endfacet
   facet normal -0.000000e+00 -0.000000e+00 -1.000000e+00
      outer loop
         vertex -1.582030e+04 2.623874e+03 0.000000e+00
         vertex -1.582028e+04 2.623807e+03 0.000000e+00
         vertex -1.582151e+04 2.624720e+03 0.000000e+00
      endloop
   endfacet
   facet normal -0.000000e+00 -0.000000e+00 -1.000000e+00
      outer loop
         vertex -1.582151e+04 2.624720e+03 0.000000e+00
         vertex -1.582021e+04 2.623598e+03 0.000000e+00
         vertex -1.582158e+04 2.624726e+03 0.000000e+00
      endloop
   endfacet
   facet normal -0.000000e+00 -0.000000e+00 -1.000000e+00
      outer loop
         vertex -1.582158e+04 2.624726e+03 0.000000e+00
         vertex -1.582021e+04 2.623598e+03 0.000000e+00
         vertex -1.582166e+04 2.624727e+03 0.000000e+00
      endloop
   endfacet
   facet normal 0.000000e+00 0.000000e+00 -1.000000e+00
      outer loop
         vertex -1.582188e+04 2.624710e+03 0.000000e+00
         vertex -1.582180e+04 2.624720e+03 0.000000e+00
         vertex -1.582021e+04 2.623598e+03 0.000000e+00
      endloop
   endfacet
   facet normal 0.000000e+00 0.000000e+00 -1.000000e+00
      outer loop
         vertex -1.582021e+04 2.623598e+03 0.000000e+00
         vertex -1.582180e+04 2.624720e+03 0.000000e+00
         vertex -1.582173e+04 2.624725e+03 0.000000e+00
      endloop
   endfacet
   facet normal 0.000000e+00 0.000000e+00 -1.000000e+00
      outer loop
         vertex -1.582021e+04 2.623598e+03 0.000000e+00
         vertex -1.582173e+04 2.624725e+03 0.000000e+00
         vertex -1.582166e+04 2.624727e+03 0.000000e+00
      endloop
   endfacet
   facet normal 0.000000e+00 0.000000e+00 -1.000000e+00
      outer loop
         vertex -1.582144e+04 2.624712e+03 0.000000e+00
         vertex -1.582137e+04 2.624699e+03 0.000000e+00
         vertex -1.582037e+04 2.624003e+03 0.000000e+00
      endloop
   endfacet
   facet normal 0.000000e+00 0.000000e+00 -1.000000e+00
      outer loop
         vertex -1.582037e+04 2.624003e+03 0.000000e+00
         vertex -1.582137e+04 2.624699e+03 0.000000e+00
         vertex -1.582129e+04 2.624683e+03 0.000000e+00
      endloop
   endfacet
   facet normal -0.000000e+00 -0.000000e+00 -1.000000e+00
      outer loop
         vertex -1.582144e+04 2.624712e+03 0.000000e+00
         vertex -1.582037e+04 2.624003e+03 0.000000e+00
         vertex -1.582151e+04 2.624720e+03 0.000000e+00
      endloop
   endfacet
   facet normal 0.000000e+00 0.000000e+00 -1.000000e+00
      outer loop
         vertex -1.582151e+04 2.624720e+03 0.000000e+00
         vertex -1.582037e+04 2.624003e+03 0.000000e+00
         vertex -1.582034e+04 2.623940e+03 0.000000e+00
      endloop
   endfacet
   facet normal 0.000000e+00 0.000000e+00 -1.000000e+00
      outer loop
         vertex -1.582151e+04 2.624720e+03 0.000000e+00
         vertex -1.582034e+04 2.623940e+03 0.000000e+00
         vertex -1.582030e+04 2.623874e+03 0.000000e+00
      endloop
   endfacet
   facet normal -0.000000e+00 -0.000000e+00 -1.000000e+00
      outer loop
         vertex -1.582028e+04 2.623807e+03 0.000000e+00
         vertex -1.582025e+04 2.623739e+03 0.000000e+00
         vertex -1.582151e+04 2.624720e+03 0.000000e+00
      endloop
   endfacet
   facet normal 0.000000e+00 0.000000e+00 -1.000000e+00
      outer loop
         vertex -1.582151e+04 2.624720e+03 0.000000e+00
         vertex -1.582025e+04 2.623739e+03 0.000000e+00
         vertex -1.582022e+04 2.623669e+03 0.000000e+00
      endloop
   endfacet
   facet normal 0.000000e+00 0.000000e+00 -1.000000e+00
      outer loop
         vertex -1.582151e+04 2.624720e+03 0.000000e+00
         vertex -1.582022e+04 2.623669e+03 0.000000e+00
         vertex -1.582021e+04 2.623598e+03 0.000000e+00
      endloop
   endfacet
   facet normal 0.000000e+00 0.000000e+00 -1.000000e+00
      outer loop
         vertex -1.582129e+04 2.624683e+03 0.000000e+00
         vertex -1.582122e+04 2.624664e+03 0.000000e+00
         vertex -1.582037e+04 2.624003e+03 0.000000e+00
      endloop
   endfacet
   facet normal 0.000000e+00 0.000000e+00 -1.000000e+00
      outer loop
         vertex -1.582037e+04 2.624003e+03 0.000000e+00
         vertex -1.582122e+04 2.624664e+03 0.000000e+00
         vertex -1.582115e+04 2.624641e+03 0.000000e+00
      endloop
   endfacet
   facet normal 0.000000e+00 0.000000e+00 -1.000000e+00
      outer loop
         vertex -1.582037e+04 2.624003e+03 0.000000e+00
         vertex -1.582115e+04 2.624641e+03 0.000000e+00
         vertex -1.582108e+04 2.624615e+03 0.000000e+00
      endloop
   endfacet
   facet normal 0.000000e+00 0.000000e+00 -1.000000e+00
      outer loop
         vertex -1.582108e+04 2.624615e+03 0.000000e+00
         vertex -1.582102e+04 2.624585e+03 0.000000e+00
         vertex -1.582037e+04 2.624003e+03 0.000000e+00
      endloop
   endfacet
   facet normal 0.000000e+00 0.000000e+00 -1.000000e+00
      outer loop
         vertex -1.582037e+04 2.624003e+03 0.000000e+00
         vertex -1.582102e+04 2.624585e+03 0.000000e+00
         vertex -1.582095e+04 2.624552e+03 0.000000e+00
      endloop
   endfacet
   facet normal 0.000000e+00 0.000000e+00 -1.000000e+00
      outer loop
         vertex -1.582037e+04 2.624003e+03 0.000000e+00
         vertex -1.582095e+04 2.624552e+03 0.000000e+00
         vertex -1.582089e+04 2.624516e+03 0.000000e+00
      endloop
   endfacet
   facet normal 0.000000e+00 0.000000e+00 -1.000000e+00
      outer loop
         vertex -1.582071e+04 2.624390e+03 0.000000e+00
         vertex -1.582065e+04 2.624342e+03 0.000000e+00
         vertex -1.582037e+04 2.624003e+03 0.000000e+00
      endloop
   endfacet
   facet normal 0.000000e+00 0.000000e+00 -1.000000e+00
      outer loop
         vertex -1.582037e+04 2.624003e+03 0.000000e+00
         vertex -1.582065e+04 2.624342e+03 0.000000e+00
         vertex -1.582060e+04 2.624292e+03 0.000000e+00
      endloop
   endfacet
   facet normal 0.000000e+00 0.000000e+00 -1.000000e+00
      outer loop
         vertex -1.582037e+04 2.624003e+03 0.000000e+00
         vertex -1.582060e+04 2.624292e+03 0.000000e+00
         vertex -1.582055e+04 2.624239e+03 0.000000e+00
      endloop
   endfacet
   facet normal 0.000000e+00 0.000000e+00 -1.000000e+00
      outer loop
         vertex -1.582055e+04 2.624239e+03 0.000000e+00
         vertex -1.582050e+04 2.624183e+03 0.000000e+00
         vertex -1.582037e+04 2.624003e+03 0.000000e+00
      endloop
   endfacet
   facet normal 0.000000e+00 0.000000e+00 -1.000000e+00
      outer loop
         vertex -1.582037e+04 2.624003e+03 0.000000e+00
         vertex -1.582050e+04 2.624183e+03 0.000000e+00
         vertex -1.582045e+04 2.624125e+03 0.000000e+00
      endloop
   endfacet
   facet normal 0.000000e+00 0.000000e+00 -1.000000e+00
      outer loop
         vertex -1.582037e+04 2.624003e+03 0.000000e+00
         vertex -1.582045e+04 2.624125e+03 0.000000e+00
         vertex -1.582041e+04 2.624065e+03 0.000000e+00
      endloop
   endfacet
   facet normal 0.000000e+00 0.000000e+00 -1.000000e+00
      outer loop
         vertex -1.582089e+04 2.624516e+03 0.000000e+00
         vertex -1.582083e+04 2.624477e+03 0.000000e+00
         vertex -1.582037e+04 2.624003e+03 0.000000e+00
      endloop
   endfacet
   facet normal 0.000000e+00 0.000000e+00 -1.000000e+00
      outer loop
         vertex -1.582037e+04 2.624003e+03 0.000000e+00
         vertex -1.582083e+04 2.624477e+03 0.000000e+00
         vertex -1.582077e+04 2.624435e+03 0.000000e+00
      endloop
   endfacet
   facet normal 0.000000e+00 0.000000e+00 -1.000000e+00
      outer loop
         vertex -1.582037e+04 2.624003e+03 0.000000e+00
         vertex -1.582077e+04 2.624435e+03 0.000000e+00
         vertex -1.582071e+04 2.624390e+03 0.000000e+00
      endloop
   endfacet
   facet normal 0.000000e+00 0.000000e+00 -1.000000e+00
      outer loop
         vertex -1.585875e+04 2.575000e+03 0.000000e+00
         vertex -1.585995e+04 2.609625e+03 0.000000e+00
         vertex -1.585740e+04 2.611169e+03 0.000000e+00
      endloop
   endfacet
   facet normal -0.000000e+00 -0.000000e+00 -1.000000e+00
      outer loop
         vertex -1.584750e+04 2.605000e+03 0.000000e+00
         vertex -1.584750e+04 2.600000e+03 0.000000e+00
         vertex -1.585736e+04 2.611196e+03 0.000000e+00
      endloop
   endfacet
   facet normal 0.000000e+00 0.000000e+00 -1.000000e+00
      outer loop
         vertex -1.585736e+04 2.611196e+03 0.000000e+00
         vertex -1.585476e+04 2.612672e+03 0.000000e+00
         vertex -1.584750e+04 2.605000e+03 0.000000e+00
      endloop
   endfacet
   facet normal 0.000000e+00 0.000000e+00 -1.000000e+00
      outer loop
         vertex -1.584750e+04 2.605000e+03 0.000000e+00
         vertex -1.585476e+04 2.612672e+03 0.000000e+00
         vertex -1.585472e+04 2.612698e+03 0.000000e+00
      endloop
   endfacet
   facet normal 0.000000e+00 0.000000e+00 -1.000000e+00
      outer loop
         vertex -1.584750e+04 2.605000e+03 0.000000e+00
         vertex -1.585472e+04 2.612698e+03 0.000000e+00
         vertex -1.585209e+04 2.614106e+03 0.000000e+00
      endloop
   endfacet
   facet normal 0.000000e+00 -0.000000e+00 -1.000000e+00
      outer loop
         vertex -1.583236e+04 2.622097e+03 0.000000e+00
         vertex -1.583231e+04 2.622112e+03 0.000000e+00
         vertex -1.584250e+04 2.605000e+03 0.000000e+00
      endloop
   endfacet
   facet normal 0.000000e+00 0.000000e+00 -1.000000e+00
      outer loop
         vertex -1.584250e+04 2.605000e+03 0.000000e+00
         vertex -1.583231e+04 2.622112e+03 0.000000e+00
         vertex -1.582943e+04 2.622936e+03 0.000000e+00
      endloop
   endfacet
   facet normal 0.000000e+00 0.000000e+00 -1.000000e+00
      outer loop
         vertex -1.584250e+04 2.605000e+03 0.000000e+00
         vertex -1.582943e+04 2.622936e+03 0.000000e+00
         vertex -1.584250e+04 2.600000e+03 0.000000e+00
      endloop
   endfacet
   facet normal 0.000000e+00 0.000000e+00 -1.000000e+00
      outer loop
         vertex -1.584250e+04 2.600000e+03 0.000000e+00
         vertex -1.582943e+04 2.622936e+03 0.000000e+00
         vertex -1.583125e+04 2.575000e+03 0.000000e+00
      endloop
   endfacet
   facet normal -0.000000e+00 -0.000000e+00 -1.000000e+00
      outer loop
         vertex -1.584250e+04 2.600000e+03 0.000000e+00
         vertex -1.583125e+04 2.575000e+03 0.000000e+00
         vertex -1.584750e+04 2.600000e+03 0.000000e+00
      endloop
   endfacet
   facet normal 0.000000e+00 0.000000e+00 -1.000000e+00
      outer loop
         vertex -1.584250e+04 2.605000e+03 0.000000e+00
         vertex -1.583815e+04 2.620187e+03 0.000000e+00
         vertex -1.583810e+04 2.620205e+03 0.000000e+00
      endloop
   endfacet
   facet normal 0.000000e+00 0.000000e+00 -1.000000e+00
      outer loop
         vertex -1.584661e+04 2.616758e+03 0.000000e+00
         vertex -1.584657e+04 2.616780e+03 0.000000e+00
         vertex -1.584250e+04 2.605000e+03 0.000000e+00
      endloop
   endfacet
   facet normal 0.000000e+00 0.000000e+00 -1.000000e+00
      outer loop
         vertex -1.584250e+04 2.605000e+03 0.000000e+00
         vertex -1.584657e+04 2.616780e+03 0.000000e+00
         vertex -1.584383e+04 2.617975e+03 0.000000e+00
      endloop
   endfacet
   facet normal 0.000000e+00 0.000000e+00 -1.000000e+00
      outer loop
         vertex -1.584250e+04 2.605000e+03 0.000000e+00
         vertex -1.584383e+04 2.617975e+03 0.000000e+00
         vertex -1.584378e+04 2.617996e+03 0.000000e+00
      endloop
   endfacet
   facet normal 0.000000e+00 0.000000e+00 -1.000000e+00
      outer loop
         vertex -1.584378e+04 2.617996e+03 0.000000e+00
         vertex -1.584100e+04 2.619118e+03 0.000000e+00
         vertex -1.584250e+04 2.605000e+03 0.000000e+00
      endloop
   endfacet
   facet normal 0.000000e+00 0.000000e+00 -1.000000e+00
      outer loop
         vertex -1.584250e+04 2.605000e+03 0.000000e+00
         vertex -1.584100e+04 2.619118e+03 0.000000e+00
         vertex -1.584095e+04 2.619137e+03 0.000000e+00
      endloop
   endfacet
   facet normal 0.000000e+00 0.000000e+00 -1.000000e+00
      outer loop
         vertex -1.584250e+04 2.605000e+03 0.000000e+00
         vertex -1.584095e+04 2.619137e+03 0.000000e+00
         vertex -1.583815e+04 2.620187e+03 0.000000e+00
      endloop
   endfacet
   facet normal 0.000000e+00 -0.000000e+00 -1.000000e+00
      outer loop
         vertex -1.583810e+04 2.620205e+03 0.000000e+00
         vertex -1.583527e+04 2.621180e+03 0.000000e+00
         vertex -1.584250e+04 2.605000e+03 0.000000e+00
      endloop
   endfacet
   facet normal 0.000000e+00 0.000000e+00 -1.000000e+00
      outer loop
         vertex -1.584250e+04 2.605000e+03 0.000000e+00
         vertex -1.583527e+04 2.621180e+03 0.000000e+00
         vertex -1.583522e+04 2.621196e+03 0.000000e+00
      endloop
   endfacet
   facet normal 0.000000e+00 0.000000e+00 -1.000000e+00
      outer loop
         vertex -1.584250e+04 2.605000e+03 0.000000e+00
         vertex -1.583522e+04 2.621196e+03 0.000000e+00
         vertex -1.583236e+04 2.622097e+03 0.000000e+00
      endloop
   endfacet
   facet normal 0.000000e+00 0.000000e+00 -1.000000e+00
      outer loop
         vertex -1.585209e+04 2.614106e+03 0.000000e+00
         vertex -1.585204e+04 2.614130e+03 0.000000e+00
         vertex -1.584750e+04 2.605000e+03 0.000000e+00
      endloop
   endfacet
   facet normal 0.000000e+00 0.000000e+00 -1.000000e+00
      outer loop
         vertex -1.584750e+04 2.605000e+03 0.000000e+00
         vertex -1.585204e+04 2.614130e+03 0.000000e+00
         vertex -1.584937e+04 2.615468e+03 0.000000e+00
      endloop
   endfacet
   facet normal 0.000000e+00 0.000000e+00 -1.000000e+00
      outer loop
         vertex -1.584750e+04 2.605000e+03 0.000000e+00
         vertex -1.584937e+04 2.615468e+03 0.000000e+00
         vertex -1.584250e+04 2.605000e+03 0.000000e+00
      endloop
   endfacet
   facet normal 0.000000e+00 0.000000e+00 -1.000000e+00
      outer loop
         vertex -1.584250e+04 2.605000e+03 0.000000e+00
         vertex -1.584937e+04 2.615468e+03 0.000000e+00
         vertex -1.584932e+04 2.615491e+03 0.000000e+00
      endloop
   endfacet
   facet normal 0.000000e+00 0.000000e+00 -1.000000e+00
      outer loop
         vertex -1.584250e+04 2.605000e+03 0.000000e+00
         vertex -1.584932e+04 2.615491e+03 0.000000e+00
         vertex -1.584661e+04 2.616758e+03 0.000000e+00
      endloop
   endfacet
   facet normal 0.000000e+00 0.000000e+00 -1.000000e+00
      outer loop
         vertex -1.589081e+04 2.581127e+03 0.000000e+00
         vertex -1.588903e+04 2.583478e+03 0.000000e+00
         vertex -1.585875e+04 2.575000e+03 0.000000e+00
      endloop
   endfacet
   facet normal 0.000000e+00 -0.000000e+00 -1.000000e+00
      outer loop
         vertex -1.586255e+04 2.607957e+03 0.000000e+00
         vertex -1.585875e+04 2.575000e+03 0.000000e+00
         vertex -1.586501e+04 2.606282e+03 0.000000e+00
      endloop
   endfacet
   facet normal 0.000000e+00 -0.000000e+00 -1.000000e+00
      outer loop
         vertex -1.586501e+04 2.606282e+03 0.000000e+00
         vertex -1.585875e+04 2.575000e+03 0.000000e+00
         vertex -1.586505e+04 2.606251e+03 0.000000e+00
      endloop
   endfacet
   facet normal 0.000000e+00 0.000000e+00 -1.000000e+00
      outer loop
         vertex -1.589424e+04 2.576201e+03 0.000000e+00
         vertex -1.589259e+04 2.578642e+03 0.000000e+00
         vertex -1.585875e+04 2.575000e+03 0.000000e+00
      endloop
   endfacet
   facet normal 0.000000e+00 0.000000e+00 -1.000000e+00
      outer loop
         vertex -1.588903e+04 2.583478e+03 0.000000e+00
         vertex -1.588900e+04 2.583521e+03 0.000000e+00
         vertex -1.585875e+04 2.575000e+03 0.000000e+00
      endloop
   endfacet
   facet normal 0.000000e+00 0.000000e+00 -1.000000e+00
      outer loop
         vertex -1.585875e+04 2.575000e+03 0.000000e+00
         vertex -1.588900e+04 2.583521e+03 0.000000e+00
         vertex -1.588715e+04 2.585824e+03 0.000000e+00
      endloop
   endfacet
   facet normal 0.000000e+00 0.000000e+00 -1.000000e+00
      outer loop
         vertex -1.585875e+04 2.575000e+03 0.000000e+00
         vertex -1.588715e+04 2.585824e+03 0.000000e+00
         vertex -1.588711e+04 2.585866e+03 0.000000e+00
      endloop
   endfacet
   facet normal 0.000000e+00 0.000000e+00 -1.000000e+00
      outer loop
         vertex -1.588711e+04 2.585866e+03 0.000000e+00
         vertex -1.588521e+04 2.588120e+03 0.000000e+00
         vertex -1.585875e+04 2.575000e+03 0.000000e+00
      endloop
   endfacet
   facet normal 0.000000e+00 0.000000e+00 -1.000000e+00
      outer loop
         vertex -1.585875e+04 2.575000e+03 0.000000e+00
         vertex -1.588521e+04 2.588120e+03 0.000000e+00
         vertex -1.588517e+04 2.588161e+03 0.000000e+00
      endloop
   endfacet
   facet normal 0.000000e+00 0.000000e+00 -1.000000e+00
      outer loop
         vertex -1.585875e+04 2.575000e+03 0.000000e+00
         vertex -1.588517e+04 2.588161e+03 0.000000e+00
         vertex -1.588320e+04 2.590363e+03 0.000000e+00
      endloop
   endfacet
   facet normal 0.000000e+00 0.000000e+00 -1.000000e+00
      outer loop
         vertex -1.586255e+04 2.607957e+03 0.000000e+00
         vertex -1.586250e+04 2.607987e+03 0.000000e+00
         vertex -1.585875e+04 2.575000e+03 0.000000e+00
      endloop
   endfacet
   facet normal 0.000000e+00 0.000000e+00 -1.000000e+00
      outer loop
         vertex -1.585875e+04 2.575000e+03 0.000000e+00
         vertex -1.586250e+04 2.607987e+03 0.000000e+00
         vertex -1.586000e+04 2.609597e+03 0.000000e+00
      endloop
   endfacet
   facet normal 0.000000e+00 0.000000e+00 -1.000000e+00
      outer loop
         vertex -1.585875e+04 2.575000e+03 0.000000e+00
         vertex -1.586000e+04 2.609597e+03 0.000000e+00
         vertex -1.585995e+04 2.609625e+03 0.000000e+00
      endloop
   endfacet
   facet normal 0.000000e+00 0.000000e+00 -1.000000e+00
      outer loop
         vertex -1.589259e+04 2.578642e+03 0.000000e+00
         vertex -1.589256e+04 2.578687e+03 0.000000e+00
         vertex -1.585875e+04 2.575000e+03 0.000000e+00
      endloop
   endfacet
   facet normal 0.000000e+00 0.000000e+00 -1.000000e+00
      outer loop
         vertex -1.585875e+04 2.575000e+03 0.000000e+00
         vertex -1.589256e+04 2.578687e+03 0.000000e+00
         vertex -1.589084e+04 2.581083e+03 0.000000e+00
      endloop
   endfacet
   facet normal 0.000000e+00 0.000000e+00 -1.000000e+00
      outer loop
         vertex -1.585875e+04 2.575000e+03 0.000000e+00
         vertex -1.589084e+04 2.581083e+03 0.000000e+00
         vertex -1.589081e+04 2.581127e+03 0.000000e+00
      endloop
   endfacet
   facet normal 0.000000e+00 0.000000e+00 -1.000000e+00
      outer loop
         vertex -1.588320e+04 2.590363e+03 0.000000e+00
         vertex -1.588316e+04 2.590403e+03 0.000000e+00
         vertex -1.585875e+04 2.575000e+03 0.000000e+00
      endloop
   endfacet
   facet normal 0.000000e+00 0.000000e+00 -1.000000e+00
      outer loop
         vertex -1.585875e+04 2.575000e+03 0.000000e+00
         vertex -1.588316e+04 2.590403e+03 0.000000e+00
         vertex -1.588113e+04 2.592553e+03 0.000000e+00
      endloop
   endfacet
   facet normal 0.000000e+00 0.000000e+00 -1.000000e+00
      outer loop
         vertex -1.585875e+04 2.575000e+03 0.000000e+00
         vertex -1.588113e+04 2.592553e+03 0.000000e+00
         vertex -1.588109e+04 2.592592e+03 0.000000e+00
      endloop
   endfacet
   facet normal 0.000000e+00 0.000000e+00 -1.000000e+00
      outer loop
         vertex -1.587453e+04 2.598821e+03 0.000000e+00
         vertex -1.587227e+04 2.600745e+03 0.000000e+00
         vertex -1.585875e+04 2.575000e+03 0.000000e+00
      endloop
   endfacet
   facet normal 0.000000e+00 0.000000e+00 -1.000000e+00
      outer loop
         vertex -1.585875e+04 2.575000e+03 0.000000e+00
         vertex -1.587227e+04 2.600745e+03 0.000000e+00
         vertex -1.587222e+04 2.600779e+03 0.000000e+00
      endloop
   endfacet
   facet normal 0.000000e+00 0.000000e+00 -1.000000e+00
      outer loop
         vertex -1.587222e+04 2.600779e+03 0.000000e+00
         vertex -1.586991e+04 2.602643e+03 0.000000e+00
         vertex -1.585875e+04 2.575000e+03 0.000000e+00
      endloop
   endfacet
   facet normal 0.000000e+00 0.000000e+00 -1.000000e+00
      outer loop
         vertex -1.585875e+04 2.575000e+03 0.000000e+00
         vertex -1.586991e+04 2.602643e+03 0.000000e+00
         vertex -1.586987e+04 2.602677e+03 0.000000e+00
      endloop
   endfacet
   facet normal 0.000000e+00 0.000000e+00 -1.000000e+00
      outer loop
         vertex -1.585875e+04 2.575000e+03 0.000000e+00
         vertex -1.586987e+04 2.602677e+03 0.000000e+00
         vertex -1.586751e+04 2.604479e+03 0.000000e+00
      endloop
   endfacet
   facet normal 0.000000e+00 0.000000e+00 -1.000000e+00
      outer loop
         vertex -1.586751e+04 2.604479e+03 0.000000e+00
         vertex -1.586746e+04 2.604511e+03 0.000000e+00
         vertex -1.585875e+04 2.575000e+03 0.000000e+00
      endloop
   endfacet
   facet normal 0.000000e+00 0.000000e+00 -1.000000e+00
      outer loop
         vertex -1.585875e+04 2.575000e+03 0.000000e+00
         vertex -1.586746e+04 2.604511e+03 0.000000e+00
         vertex -1.586679e+04 2.605000e+03 0.000000e+00
      endloop
   endfacet
   facet normal 0.000000e+00 0.000000e+00 -1.000000e+00
      outer loop
         vertex -1.585875e+04 2.575000e+03 0.000000e+00
         vertex -1.586679e+04 2.605000e+03 0.000000e+00
         vertex -1.586505e+04 2.606251e+03 0.000000e+00
      endloop
   endfacet
   facet normal 0.000000e+00 0.000000e+00 -1.000000e+00
      outer loop
         vertex -1.587681e+04 2.596766e+03 0.000000e+00
         vertex -1.587677e+04 2.596803e+03 0.000000e+00
         vertex -1.585875e+04 2.575000e+03 0.000000e+00
      endloop
   endfacet
   facet normal 0.000000e+00 0.000000e+00 -1.000000e+00
      outer loop
         vertex -1.585875e+04 2.575000e+03 0.000000e+00
         vertex -1.587677e+04 2.596803e+03 0.000000e+00
         vertex -1.587457e+04 2.598785e+03 0.000000e+00
      endloop
   endfacet
   facet normal 0.000000e+00 0.000000e+00 -1.000000e+00
      outer loop
         vertex -1.585875e+04 2.575000e+03 0.000000e+00
         vertex -1.587457e+04 2.598785e+03 0.000000e+00
         vertex -1.587453e+04 2.598821e+03 0.000000e+00
      endloop
   endfacet
   facet normal 0.000000e+00 0.000000e+00 -1.000000e+00
      outer loop
         vertex -1.588109e+04 2.592592e+03 0.000000e+00
         vertex -1.587900e+04 2.594688e+03 0.000000e+00
         vertex -1.585875e+04 2.575000e+03 0.000000e+00
      endloop
   endfacet
   facet normal 0.000000e+00 0.000000e+00 -1.000000e+00
      outer loop
         vertex -1.585875e+04 2.575000e+03 0.000000e+00
         vertex -1.587900e+04 2.594688e+03 0.000000e+00
         vertex -1.587896e+04 2.594726e+03 0.000000e+00
      endloop
   endfacet
   facet normal 0.000000e+00 0.000000e+00 -1.000000e+00
      outer loop
         vertex -1.585875e+04 2.575000e+03 0.000000e+00
         vertex -1.587896e+04 2.594726e+03 0.000000e+00
         vertex -1.587681e+04 2.596766e+03 0.000000e+00
      endloop
   endfacet
   facet normal 0.000000e+00 0.000000e+00 -1.000000e+00
      outer loop
         vertex -1.587000e+04 2.550000e+03 0.000000e+00
         vertex -1.585875e+04 2.575000e+03 0.000000e+00
         vertex -1.587000e+04 2.545000e+03 0.000000e+00
      endloop
   endfacet
   facet normal 0.000000e+00 0.000000e+00 -1.000000e+00
      outer loop
         vertex -1.587000e+04 2.545000e+03 0.000000e+00
         vertex -1.585875e+04 2.575000e+03 0.000000e+00
         vertex -1.585875e+04 2.520000e+03 0.000000e+00
      endloop
   endfacet
   facet normal -0.000000e+00 -0.000000e+00 -1.000000e+00
      outer loop
         vertex -1.587000e+04 2.545000e+03 0.000000e+00
         vertex -1.585875e+04 2.520000e+03 0.000000e+00
         vertex -1.587500e+04 2.545000e+03 0.000000e+00
      endloop
   endfacet
   facet normal 0.000000e+00 0.000000e+00 -1.000000e+00
      outer loop
         vertex -1.587000e+04 2.550000e+03 0.000000e+00
         vertex -1.587500e+04 2.550000e+03 0.000000e+00
         vertex -1.589739e+04 2.571101e+03 0.000000e+00
      endloop
   endfacet
   facet normal 0.000000e+00 0.000000e+00 -1.000000e+00
      outer loop
         vertex -1.590866e+04 2.543542e+03 0.000000e+00
         vertex -1.590790e+04 2.546366e+03 0.000000e+00
         vertex -1.587500e+04 2.545000e+03 0.000000e+00
      endloop
   endfacet
   facet normal 0.000000e+00 0.000000e+00 -1.000000e+00
      outer loop
         vertex -1.589739e+04 2.571101e+03 0.000000e+00
         vertex -1.589588e+04 2.573625e+03 0.000000e+00
         vertex -1.587000e+04 2.550000e+03 0.000000e+00
      endloop
   endfacet
   facet normal 0.000000e+00 0.000000e+00 -1.000000e+00
      outer loop
         vertex -1.587000e+04 2.550000e+03 0.000000e+00
         vertex -1.589588e+04 2.573625e+03 0.000000e+00
         vertex -1.589585e+04 2.573672e+03 0.000000e+00
      endloop
   endfacet
   facet normal 0.000000e+00 0.000000e+00 -1.000000e+00
      outer loop
         vertex -1.587000e+04 2.550000e+03 0.000000e+00
         vertex -1.589585e+04 2.573672e+03 0.000000e+00
         vertex -1.585875e+04 2.575000e+03 0.000000e+00
      endloop
   endfacet
   facet normal -0.000000e+00 0.000000e+00 -1.000000e+00
      outer loop
         vertex -1.585875e+04 2.575000e+03 0.000000e+00
         vertex -1.589585e+04 2.573672e+03 0.000000e+00
         vertex -1.589427e+04 2.576155e+03 0.000000e+00
      endloop
   endfacet
   facet normal 0.000000e+00 0.000000e+00 -1.000000e+00
      outer loop
         vertex -1.585875e+04 2.575000e+03 0.000000e+00
         vertex -1.589427e+04 2.576155e+03 0.000000e+00
         vertex -1.589424e+04 2.576201e+03 0.000000e+00
      endloop
   endfacet
   facet normal 0.000000e+00 0.000000e+00 -1.000000e+00
      outer loop
         vertex -1.590998e+04 2.537731e+03 0.000000e+00
         vertex -1.590937e+04 2.540591e+03 0.000000e+00
         vertex -1.587500e+04 2.545000e+03 0.000000e+00
      endloop
   endfacet
   facet normal 0.000000e+00 0.000000e+00 -1.000000e+00
      outer loop
         vertex -1.590703e+04 2.549276e+03 0.000000e+00
         vertex -1.590679e+04 2.550000e+03 0.000000e+00
         vertex -1.587500e+04 2.545000e+03 0.000000e+00
      endloop
   endfacet
   facet normal 0.000000e+00 0.000000e+00 -1.000000e+00
      outer loop
         vertex -1.587500e+04 2.545000e+03 0.000000e+00
         vertex -1.590679e+04 2.550000e+03 0.000000e+00
         vertex -1.590611e+04 2.552056e+03 0.000000e+00
      endloop
   endfacet
   facet normal 0.000000e+00 0.000000e+00 -1.000000e+00
      outer loop
         vertex -1.590611e+04 2.552056e+03 0.000000e+00
         vertex -1.590609e+04 2.552108e+03 0.000000e+00
         vertex -1.587500e+04 2.545000e+03 0.000000e+00
      endloop
   endfacet
   facet normal 0.000000e+00 0.000000e+00 -1.000000e+00
      outer loop
         vertex -1.587500e+04 2.545000e+03 0.000000e+00
         vertex -1.590609e+04 2.552108e+03 0.000000e+00
         vertex -1.590510e+04 2.554863e+03 0.000000e+00
      endloop
   endfacet
   facet normal 0.000000e+00 0.000000e+00 -1.000000e+00
      outer loop
         vertex -1.587500e+04 2.545000e+03 0.000000e+00
         vertex -1.590510e+04 2.554863e+03 0.000000e+00
         vertex -1.590508e+04 2.554914e+03 0.000000e+00
      endloop
   endfacet
   facet normal 0.000000e+00 0.000000e+00 -1.000000e+00
      outer loop
         vertex -1.590937e+04 2.540591e+03 0.000000e+00
         vertex -1.590936e+04 2.540645e+03 0.000000e+00
         vertex -1.587500e+04 2.545000e+03 0.000000e+00
      endloop
   endfacet
   facet normal 0.000000e+00 0.000000e+00 -1.000000e+00
      outer loop
         vertex -1.587500e+04 2.545000e+03 0.000000e+00
         vertex -1.590936e+04 2.540645e+03 0.000000e+00
         vertex -1.590867e+04 2.543488e+03 0.000000e+00
      endloop
   endfacet
   facet normal 0.000000e+00 0.000000e+00 -1.000000e+00
      outer loop
         vertex -1.587500e+04 2.545000e+03 0.000000e+00
         vertex -1.590867e+04 2.543488e+03 0.000000e+00
         vertex -1.590866e+04 2.543542e+03 0.000000e+00
      endloop
   endfacet
   facet normal 0.000000e+00 0.000000e+00 -1.000000e+00
      outer loop
         vertex -1.590790e+04 2.546366e+03 0.000000e+00
         vertex -1.590788e+04 2.546420e+03 0.000000e+00
         vertex -1.587500e+04 2.545000e+03 0.000000e+00
      endloop
   endfacet
   facet normal 0.000000e+00 0.000000e+00 -1.000000e+00
      outer loop
         vertex -1.587500e+04 2.545000e+03 0.000000e+00
         vertex -1.590788e+04 2.546420e+03 0.000000e+00
         vertex -1.590704e+04 2.549223e+03 0.000000e+00
      endloop
   endfacet
   facet normal 0.000000e+00 0.000000e+00 -1.000000e+00
      outer loop
         vertex -1.587500e+04 2.545000e+03 0.000000e+00
         vertex -1.590704e+04 2.549223e+03 0.000000e+00
         vertex -1.590703e+04 2.549276e+03 0.000000e+00
      endloop
   endfacet
   facet normal 0.000000e+00 0.000000e+00 -1.000000e+00
      outer loop
         vertex -1.590508e+04 2.554914e+03 0.000000e+00
         vertex -1.590400e+04 2.557642e+03 0.000000e+00
         vertex -1.587500e+04 2.545000e+03 0.000000e+00
      endloop
   endfacet
   facet normal 0.000000e+00 0.000000e+00 -1.000000e+00
      outer loop
         vertex -1.587500e+04 2.545000e+03 0.000000e+00
         vertex -1.590400e+04 2.557642e+03 0.000000e+00
         vertex -1.590398e+04 2.557693e+03 0.000000e+00
      endloop
   endfacet
   facet normal 0.000000e+00 0.000000e+00 -1.000000e+00
      outer loop
         vertex -1.587500e+04 2.545000e+03 0.000000e+00
         vertex -1.590398e+04 2.557693e+03 0.000000e+00
         vertex -1.587500e+04 2.550000e+03 0.000000e+00
      endloop
   endfacet
   facet normal 0.000000e+00 0.000000e+00 -1.000000e+00
      outer loop
         vertex -1.587500e+04 2.550000e+03 0.000000e+00
         vertex -1.590398e+04 2.557693e+03 0.000000e+00
         vertex -1.590284e+04 2.560392e+03 0.000000e+00
      endloop
   endfacet
   facet normal 0.000000e+00 0.000000e+00 -1.000000e+00
      outer loop
         vertex -1.589888e+04 2.568443e+03 0.000000e+00
         vertex -1.589886e+04 2.568491e+03 0.000000e+00
         vertex -1.587500e+04 2.550000e+03 0.000000e+00
      endloop
   endfacet
   facet normal 0.000000e+00 0.000000e+00 -1.000000e+00
      outer loop
         vertex -1.587500e+04 2.550000e+03 0.000000e+00
         vertex -1.589886e+04 2.568491e+03 0.000000e+00
         vertex -1.589742e+04 2.571054e+03 0.000000e+00
      endloop
   endfacet
   facet normal 0.000000e+00 0.000000e+00 -1.000000e+00
      outer loop
         vertex -1.587500e+04 2.550000e+03 0.000000e+00
         vertex -1.589742e+04 2.571054e+03 0.000000e+00
         vertex -1.589739e+04 2.571101e+03 0.000000e+00
      endloop
   endfacet
   facet normal 0.000000e+00 0.000000e+00 -1.000000e+00
      outer loop
         vertex -1.591184e+04 2.522920e+03 0.000000e+00
         vertex -1.591183e+04 2.522976e+03 0.000000e+00
         vertex -1.587500e+04 2.545000e+03 0.000000e+00
      endloop
   endfacet
   facet normal 0.000000e+00 0.000000e+00 -1.000000e+00
      outer loop
         vertex -1.587500e+04 2.545000e+03 0.000000e+00
         vertex -1.591183e+04 2.522976e+03 0.000000e+00
         vertex -1.591163e+04 2.525889e+03 0.000000e+00
      endloop
   endfacet
   facet normal 0.000000e+00 0.000000e+00 -1.000000e+00
      outer loop
         vertex -1.591163e+04 2.525889e+03 0.000000e+00
         vertex -1.591162e+04 2.525944e+03 0.000000e+00
         vertex -1.587500e+04 2.545000e+03 0.000000e+00
      endloop
   endfacet
   facet normal 0.000000e+00 0.000000e+00 -1.000000e+00
      outer loop
         vertex -1.587500e+04 2.545000e+03 0.000000e+00
         vertex -1.591162e+04 2.525944e+03 0.000000e+00
         vertex -1.591134e+04 2.528851e+03 0.000000e+00
      endloop
   endfacet
   facet normal 0.000000e+00 0.000000e+00 -1.000000e+00
      outer loop
         vertex -1.587500e+04 2.545000e+03 0.000000e+00
         vertex -1.591134e+04 2.528851e+03 0.000000e+00
         vertex -1.591134e+04 2.528906e+03 0.000000e+00
      endloop
   endfacet
   facet normal 0.000000e+00 0.000000e+00 -1.000000e+00
      outer loop
         vertex -1.591052e+04 2.534747e+03 0.000000e+00
         vertex -1.591051e+04 2.534802e+03 0.000000e+00
         vertex -1.587500e+04 2.545000e+03 0.000000e+00
      endloop
   endfacet
   facet normal 0.000000e+00 0.000000e+00 -1.000000e+00
      outer loop
         vertex -1.587500e+04 2.545000e+03 0.000000e+00
         vertex -1.591051e+04 2.534802e+03 0.000000e+00
         vertex -1.590998e+04 2.537677e+03 0.000000e+00
      endloop
   endfacet
   facet normal 0.000000e+00 0.000000e+00 -1.000000e+00
      outer loop
         vertex -1.587500e+04 2.545000e+03 0.000000e+00
         vertex -1.590998e+04 2.537677e+03 0.000000e+00
         vertex -1.590998e+04 2.537731e+03 0.000000e+00
      endloop
   endfacet
   facet normal 0.000000e+00 0.000000e+00 -1.000000e+00
      outer loop
         vertex -1.590284e+04 2.560392e+03 0.000000e+00
         vertex -1.590281e+04 2.560442e+03 0.000000e+00
         vertex -1.587500e+04 2.550000e+03 0.000000e+00
      endloop
   endfacet
   facet normal 0.000000e+00 0.000000e+00 -1.000000e+00
      outer loop
         vertex -1.587500e+04 2.550000e+03 0.000000e+00
         vertex -1.590281e+04 2.560442e+03 0.000000e+00
         vertex -1.590159e+04 2.563110e+03 0.000000e+00
      endloop
   endfacet
   facet normal 0.000000e+00 0.000000e+00 -1.000000e+00
      outer loop
         vertex -1.587500e+04 2.550000e+03 0.000000e+00
         vertex -1.590159e+04 2.563110e+03 0.000000e+00
         vertex -1.590157e+04 2.563160e+03 0.000000e+00
      endloop
   endfacet
   facet normal 0.000000e+00 0.000000e+00 -1.000000e+00
      outer loop
         vertex -1.590157e+04 2.563160e+03 0.000000e+00
         vertex -1.590027e+04 2.565794e+03 0.000000e+00
         vertex -1.587500e+04 2.550000e+03 0.000000e+00
      endloop
   endfacet
   facet normal 0.000000e+00 0.000000e+00 -1.000000e+00
      outer loop
         vertex -1.587500e+04 2.550000e+03 0.000000e+00
         vertex -1.590027e+04 2.565794e+03 0.000000e+00
         vertex -1.590025e+04 2.565843e+03 0.000000e+00
      endloop
   endfacet
   facet normal 0.000000e+00 0.000000e+00 -1.000000e+00
      outer loop
         vertex -1.587500e+04 2.550000e+03 0.000000e+00
         vertex -1.590025e+04 2.565843e+03 0.000000e+00
         vertex -1.589888e+04 2.568443e+03 0.000000e+00
      endloop
   endfacet
   facet normal 0.000000e+00 0.000000e+00 -1.000000e+00
      outer loop
         vertex -1.591134e+04 2.528906e+03 0.000000e+00
         vertex -1.591097e+04 2.531804e+03 0.000000e+00
         vertex -1.587500e+04 2.545000e+03 0.000000e+00
      endloop
   endfacet
   facet normal 0.000000e+00 0.000000e+00 -1.000000e+00
      outer loop
         vertex -1.587500e+04 2.545000e+03 0.000000e+00
         vertex -1.591097e+04 2.531804e+03 0.000000e+00
         vertex -1.591096e+04 2.531859e+03 0.000000e+00
      endloop
   endfacet
   facet normal 0.000000e+00 0.000000e+00 -1.000000e+00
      outer loop
         vertex -1.587500e+04 2.545000e+03 0.000000e+00
         vertex -1.591096e+04 2.531859e+03 0.000000e+00
         vertex -1.591052e+04 2.534747e+03 0.000000e+00
      endloop
   endfacet
   facet normal 0.000000e+00 -0.000000e+00 -1.000000e+00
      outer loop
         vertex -1.585875e+04 2.520000e+03 0.000000e+00
         vertex -1.585875e+04 2.465000e+03 0.000000e+00
         vertex -1.587000e+04 2.490000e+03 0.000000e+00
      endloop
   endfacet
   facet normal 0.000000e+00 0.000000e+00 -1.000000e+00
      outer loop
         vertex -1.587000e+04 2.490000e+03 0.000000e+00
         vertex -1.587000e+04 2.495000e+03 0.000000e+00
         vertex -1.585875e+04 2.520000e+03 0.000000e+00
      endloop
   endfacet
   facet normal -0.000000e+00 0.000000e+00 -1.000000e+00
      outer loop
         vertex -1.585875e+04 2.520000e+03 0.000000e+00
         vertex -1.587000e+04 2.495000e+03 0.000000e+00
         vertex -1.591196e+04 2.520000e+03 0.000000e+00
      endloop
   endfacet
   facet normal 0.000000e+00 0.000000e+00 -1.000000e+00
      outer loop
         vertex -1.585875e+04 2.520000e+03 0.000000e+00
         vertex -1.591196e+04 2.520000e+03 0.000000e+00
         vertex -1.587500e+04 2.545000e+03 0.000000e+00
      endloop
   endfacet
   facet normal 0.000000e+00 0.000000e+00 -1.000000e+00
      outer loop
         vertex -1.587500e+04 2.545000e+03 0.000000e+00
         vertex -1.591196e+04 2.520000e+03 0.000000e+00
         vertex -1.591196e+04 2.520003e+03 0.000000e+00
      endloop
   endfacet
   facet normal 0.000000e+00 0.000000e+00 -1.000000e+00
      outer loop
         vertex -1.587500e+04 2.545000e+03 0.000000e+00
         vertex -1.591196e+04 2.520003e+03 0.000000e+00
         vertex -1.591184e+04 2.522920e+03 0.000000e+00
      endloop
   endfacet
   facet normal 0.000000e+00 0.000000e+00 -1.000000e+00
      outer loop
         vertex -1.589888e+04 2.465557e+03 0.000000e+00
         vertex -1.587500e+04 2.490000e+03 0.000000e+00
         vertex -1.589886e+04 2.465509e+03 0.000000e+00
      endloop
   endfacet
   facet normal 0.000000e+00 0.000000e+00 -1.000000e+00
      outer loop
         vertex -1.589886e+04 2.465509e+03 0.000000e+00
         vertex -1.587500e+04 2.490000e+03 0.000000e+00
         vertex -1.587000e+04 2.490000e+03 0.000000e+00
      endloop
   endfacet
   facet normal 0.000000e+00 0.000000e+00 -1.000000e+00
      outer loop
         vertex -1.589886e+04 2.465509e+03 0.000000e+00
         vertex -1.587000e+04 2.490000e+03 0.000000e+00
         vertex -1.589742e+04 2.462946e+03 0.000000e+00
      endloop
   endfacet
   facet normal 0.000000e+00 0.000000e+00 -1.000000e+00
      outer loop
         vertex -1.589742e+04 2.462946e+03 0.000000e+00
         vertex -1.587000e+04 2.490000e+03 0.000000e+00
         vertex -1.585875e+04 2.465000e+03 0.000000e+00
      endloop
   endfacet
   facet normal 0.000000e+00 0.000000e+00 -1.000000e+00
      outer loop
         vertex -1.589742e+04 2.462946e+03 0.000000e+00
         vertex -1.585875e+04 2.465000e+03 0.000000e+00
         vertex -1.589739e+04 2.462899e+03 0.000000e+00
      endloop
   endfacet
   facet normal 0.000000e+00 0.000000e+00 -1.000000e+00
      outer loop
         vertex -1.590866e+04 2.490458e+03 0.000000e+00
         vertex -1.590867e+04 2.490512e+03 0.000000e+00
         vertex -1.587500e+04 2.495000e+03 0.000000e+00
      endloop
   endfacet
   facet normal 0.000000e+00 0.000000e+00 -1.000000e+00
      outer loop
         vertex -1.587500e+04 2.495000e+03 0.000000e+00
         vertex -1.590867e+04 2.490512e+03 0.000000e+00
         vertex -1.590936e+04 2.493355e+03 0.000000e+00
      endloop
   endfacet
   facet normal 0.000000e+00 0.000000e+00 -1.000000e+00
      outer loop
         vertex -1.587500e+04 2.495000e+03 0.000000e+00
         vertex -1.590936e+04 2.493355e+03 0.000000e+00
         vertex -1.590937e+04 2.493409e+03 0.000000e+00
      endloop
   endfacet
   facet normal 0.000000e+00 0.000000e+00 -1.000000e+00
      outer loop
         vertex -1.590937e+04 2.493409e+03 0.000000e+00
         vertex -1.590971e+04 2.495000e+03 0.000000e+00
         vertex -1.587500e+04 2.495000e+03 0.000000e+00
      endloop
   endfacet
   facet normal 0.000000e+00 0.000000e+00 -1.000000e+00
      outer loop
         vertex -1.587500e+04 2.495000e+03 0.000000e+00
         vertex -1.590971e+04 2.495000e+03 0.000000e+00
         vertex -1.590998e+04 2.496269e+03 0.000000e+00
      endloop
   endfacet
   facet normal 0.000000e+00 0.000000e+00 -1.000000e+00
      outer loop
         vertex -1.587500e+04 2.495000e+03 0.000000e+00
         vertex -1.590998e+04 2.496269e+03 0.000000e+00
         vertex -1.590998e+04 2.496323e+03 0.000000e+00
      endloop
   endfacet
   facet normal 0.000000e+00 0.000000e+00 -1.000000e+00
      outer loop
         vertex -1.589888e+04 2.465557e+03 0.000000e+00
         vertex -1.590025e+04 2.468157e+03 0.000000e+00
         vertex -1.587500e+04 2.490000e+03 0.000000e+00
      endloop
   endfacet
   facet normal 0.000000e+00 0.000000e+00 -1.000000e+00
      outer loop
         vertex -1.587500e+04 2.490000e+03 0.000000e+00
         vertex -1.590025e+04 2.468157e+03 0.000000e+00
         vertex -1.590027e+04 2.468206e+03 0.000000e+00
      endloop
   endfacet
   facet normal 0.000000e+00 0.000000e+00 -1.000000e+00
      outer loop
         vertex -1.587500e+04 2.490000e+03 0.000000e+00
         vertex -1.590027e+04 2.468206e+03 0.000000e+00
         vertex -1.590157e+04 2.470840e+03 0.000000e+00
      endloop
   endfacet
   facet normal 0.000000e+00 0.000000e+00 -1.000000e+00
      outer loop
         vertex -1.590284e+04 2.473608e+03 0.000000e+00
         vertex -1.590398e+04 2.476307e+03 0.000000e+00
         vertex -1.587500e+04 2.490000e+03 0.000000e+00
      endloop
   endfacet
   facet normal 0.000000e+00 0.000000e+00 -1.000000e+00
      outer loop
         vertex -1.587500e+04 2.490000e+03 0.000000e+00
         vertex -1.590398e+04 2.476307e+03 0.000000e+00
         vertex -1.590400e+04 2.476358e+03 0.000000e+00
      endloop
   endfacet
   facet normal 0.000000e+00 0.000000e+00 -1.000000e+00
      outer loop
         vertex -1.590611e+04 2.481944e+03 0.000000e+00
         vertex -1.590703e+04 2.484724e+03 0.000000e+00
         vertex -1.587500e+04 2.495000e+03 0.000000e+00
      endloop
   endfacet
   facet normal 0.000000e+00 0.000000e+00 -1.000000e+00
      outer loop
         vertex -1.587500e+04 2.495000e+03 0.000000e+00
         vertex -1.590703e+04 2.484724e+03 0.000000e+00
         vertex -1.590704e+04 2.484777e+03 0.000000e+00
      endloop
   endfacet
   facet normal 0.000000e+00 0.000000e+00 -1.000000e+00
      outer loop
         vertex -1.591134e+04 2.505149e+03 0.000000e+00
         vertex -1.591162e+04 2.508056e+03 0.000000e+00
         vertex -1.587500e+04 2.495000e+03 0.000000e+00
      endloop
   endfacet
   facet normal 0.000000e+00 0.000000e+00 -1.000000e+00
      outer loop
         vertex -1.590704e+04 2.484777e+03 0.000000e+00
         vertex -1.590788e+04 2.487580e+03 0.000000e+00
         vertex -1.587500e+04 2.495000e+03 0.000000e+00
      endloop
   endfacet
   facet normal 0.000000e+00 0.000000e+00 -1.000000e+00
      outer loop
         vertex -1.587500e+04 2.495000e+03 0.000000e+00
         vertex -1.590788e+04 2.487580e+03 0.000000e+00
         vertex -1.590790e+04 2.487634e+03 0.000000e+00
      endloop
   endfacet
   facet normal 0.000000e+00 0.000000e+00 -1.000000e+00
      outer loop
         vertex -1.587500e+04 2.495000e+03 0.000000e+00
         vertex -1.590790e+04 2.487634e+03 0.000000e+00
         vertex -1.590866e+04 2.490458e+03 0.000000e+00
      endloop
   endfacet
   facet normal 0.000000e+00 0.000000e+00 -1.000000e+00
      outer loop
         vertex -1.590157e+04 2.470840e+03 0.000000e+00
         vertex -1.590159e+04 2.470890e+03 0.000000e+00
         vertex -1.587500e+04 2.490000e+03 0.000000e+00
      endloop
   endfacet
   facet normal 0.000000e+00 0.000000e+00 -1.000000e+00
      outer loop
         vertex -1.587500e+04 2.490000e+03 0.000000e+00
         vertex -1.590159e+04 2.470890e+03 0.000000e+00
         vertex -1.590281e+04 2.473558e+03 0.000000e+00
      endloop
   endfacet
   facet normal 0.000000e+00 0.000000e+00 -1.000000e+00
      outer loop
         vertex -1.587500e+04 2.490000e+03 0.000000e+00
         vertex -1.590281e+04 2.473558e+03 0.000000e+00
         vertex -1.590284e+04 2.473608e+03 0.000000e+00
      endloop
   endfacet
   facet normal 0.000000e+00 0.000000e+00 -1.000000e+00
      outer loop
         vertex -1.590400e+04 2.476358e+03 0.000000e+00
         vertex -1.590508e+04 2.479086e+03 0.000000e+00
         vertex -1.587500e+04 2.490000e+03 0.000000e+00
      endloop
   endfacet
   facet normal 0.000000e+00 0.000000e+00 -1.000000e+00
      outer loop
         vertex -1.587500e+04 2.490000e+03 0.000000e+00
         vertex -1.590508e+04 2.479086e+03 0.000000e+00
         vertex -1.590510e+04 2.479137e+03 0.000000e+00
      endloop
   endfacet
   facet normal -0.000000e+00 0.000000e+00 -1.000000e+00
      outer loop
         vertex -1.587500e+04 2.490000e+03 0.000000e+00
         vertex -1.590510e+04 2.479137e+03 0.000000e+00
         vertex -1.587500e+04 2.495000e+03 0.000000e+00
      endloop
   endfacet
   facet normal 0.000000e+00 0.000000e+00 -1.000000e+00
      outer loop
         vertex -1.587500e+04 2.495000e+03 0.000000e+00
         vertex -1.590510e+04 2.479137e+03 0.000000e+00
         vertex -1.590609e+04 2.481892e+03 0.000000e+00
      endloop
   endfacet
   facet normal 0.000000e+00 0.000000e+00 -1.000000e+00
      outer loop
         vertex -1.587500e+04 2.495000e+03 0.000000e+00
         vertex -1.590609e+04 2.481892e+03 0.000000e+00
         vertex -1.590611e+04 2.481944e+03 0.000000e+00
      endloop
   endfacet
   facet normal 0.000000e+00 0.000000e+00 -1.000000e+00
      outer loop
         vertex -1.591184e+04 2.511080e+03 0.000000e+00
         vertex -1.591196e+04 2.513997e+03 0.000000e+00
         vertex -1.587500e+04 2.495000e+03 0.000000e+00
      endloop
   endfacet
   facet normal 0.000000e+00 0.000000e+00 -1.000000e+00
      outer loop
         vertex -1.587500e+04 2.495000e+03 0.000000e+00
         vertex -1.591196e+04 2.513997e+03 0.000000e+00
         vertex -1.591196e+04 2.514053e+03 0.000000e+00
      endloop
   endfacet
   facet normal 0.000000e+00 0.000000e+00 -1.000000e+00
      outer loop
         vertex -1.587500e+04 2.495000e+03 0.000000e+00
         vertex -1.591196e+04 2.514053e+03 0.000000e+00
         vertex -1.591200e+04 2.516972e+03 0.000000e+00
      endloop
   endfacet
   facet normal 0.000000e+00 0.000000e+00 -1.000000e+00
      outer loop
         vertex -1.591200e+04 2.516972e+03 0.000000e+00
         vertex -1.591200e+04 2.517028e+03 0.000000e+00
         vertex -1.587500e+04 2.495000e+03 0.000000e+00
      endloop
   endfacet
   facet normal 0.000000e+00 0.000000e+00 -1.000000e+00
      outer loop
         vertex -1.587500e+04 2.495000e+03 0.000000e+00
         vertex -1.591200e+04 2.517028e+03 0.000000e+00
         vertex -1.591196e+04 2.519947e+03 0.000000e+00
      endloop
   endfacet
   facet normal 0.000000e+00 0.000000e+00 -1.000000e+00
      outer loop
         vertex -1.587500e+04 2.495000e+03 0.000000e+00
         vertex -1.591196e+04 2.519947e+03 0.000000e+00
         vertex -1.591196e+04 2.520000e+03 0.000000e+00
      endloop
   endfacet
   facet normal 0.000000e+00 0.000000e+00 -1.000000e+00
      outer loop
         vertex -1.590998e+04 2.496323e+03 0.000000e+00
         vertex -1.591051e+04 2.499198e+03 0.000000e+00
         vertex -1.587500e+04 2.495000e+03 0.000000e+00
      endloop
   endfacet
   facet normal 0.000000e+00 0.000000e+00 -1.000000e+00
      outer loop
         vertex -1.587500e+04 2.495000e+03 0.000000e+00
         vertex -1.591051e+04 2.499198e+03 0.000000e+00
         vertex -1.591052e+04 2.499253e+03 0.000000e+00
      endloop
   endfacet
   facet normal 0.000000e+00 0.000000e+00 -1.000000e+00
      outer loop
         vertex -1.587500e+04 2.495000e+03 0.000000e+00
         vertex -1.591052e+04 2.499253e+03 0.000000e+00
         vertex -1.591096e+04 2.502141e+03 0.000000e+00
      endloop
   endfacet
   facet normal 0.000000e+00 0.000000e+00 -1.000000e+00
      outer loop
         vertex -1.591162e+04 2.508056e+03 0.000000e+00
         vertex -1.591163e+04 2.508111e+03 0.000000e+00
         vertex -1.587500e+04 2.495000e+03 0.000000e+00
      endloop
   endfacet
   facet normal 0.000000e+00 0.000000e+00 -1.000000e+00
      outer loop
         vertex -1.587500e+04 2.495000e+03 0.000000e+00
         vertex -1.591163e+04 2.508111e+03 0.000000e+00
         vertex -1.591183e+04 2.511024e+03 0.000000e+00
      endloop
   endfacet
   facet normal 0.000000e+00 0.000000e+00 -1.000000e+00
      outer loop
         vertex -1.587500e+04 2.495000e+03 0.000000e+00
         vertex -1.591183e+04 2.511024e+03 0.000000e+00
         vertex -1.591184e+04 2.511080e+03 0.000000e+00
      endloop
   endfacet
   facet normal 0.000000e+00 0.000000e+00 -1.000000e+00
      outer loop
         vertex -1.591096e+04 2.502141e+03 0.000000e+00
         vertex -1.591097e+04 2.502196e+03 0.000000e+00
         vertex -1.587500e+04 2.495000e+03 0.000000e+00
      endloop
   endfacet
   facet normal 0.000000e+00 0.000000e+00 -1.000000e+00
      outer loop
         vertex -1.587500e+04 2.495000e+03 0.000000e+00
         vertex -1.591097e+04 2.502196e+03 0.000000e+00
         vertex -1.591134e+04 2.505094e+03 0.000000e+00
      endloop
   endfacet
   facet normal 0.000000e+00 0.000000e+00 -1.000000e+00
      outer loop
         vertex -1.587500e+04 2.495000e+03 0.000000e+00
         vertex -1.591134e+04 2.505094e+03 0.000000e+00
         vertex -1.591134e+04 2.505149e+03 0.000000e+00
      endloop
   endfacet
   facet normal 0.000000e+00 0.000000e+00 -1.000000e+00
      outer loop
         vertex -1.586501e+04 2.427718e+03 0.000000e+00
         vertex -1.586505e+04 2.427749e+03 0.000000e+00
         vertex -1.585875e+04 2.465000e+03 0.000000e+00
      endloop
   endfacet
   facet normal 0.000000e+00 0.000000e+00 -1.000000e+00
      outer loop
         vertex -1.585875e+04 2.465000e+03 0.000000e+00
         vertex -1.585995e+04 2.424375e+03 0.000000e+00
         vertex -1.586000e+04 2.424403e+03 0.000000e+00
      endloop
   endfacet
   facet normal 0.000000e+00 0.000000e+00 -1.000000e+00
      outer loop
         vertex -1.587677e+04 2.437197e+03 0.000000e+00
         vertex -1.587681e+04 2.437234e+03 0.000000e+00
         vertex -1.585875e+04 2.465000e+03 0.000000e+00
      endloop
   endfacet
   facet normal 0.000000e+00 0.000000e+00 -1.000000e+00
      outer loop
         vertex -1.585875e+04 2.465000e+03 0.000000e+00
         vertex -1.587681e+04 2.437234e+03 0.000000e+00
         vertex -1.587896e+04 2.439274e+03 0.000000e+00
      endloop
   endfacet
   facet normal 0.000000e+00 0.000000e+00 -1.000000e+00
      outer loop
         vertex -1.588900e+04 2.450479e+03 0.000000e+00
         vertex -1.588903e+04 2.450522e+03 0.000000e+00
         vertex -1.585875e+04 2.465000e+03 0.000000e+00
      endloop
   endfacet
   facet normal 0.000000e+00 0.000000e+00 -1.000000e+00
      outer loop
         vertex -1.586000e+04 2.424403e+03 0.000000e+00
         vertex -1.586250e+04 2.426013e+03 0.000000e+00
         vertex -1.585875e+04 2.465000e+03 0.000000e+00
      endloop
   endfacet
   facet normal 0.000000e+00 0.000000e+00 -1.000000e+00
      outer loop
         vertex -1.585875e+04 2.465000e+03 0.000000e+00
         vertex -1.586250e+04 2.426013e+03 0.000000e+00
         vertex -1.586255e+04 2.426043e+03 0.000000e+00
      endloop
   endfacet
   facet normal 0.000000e+00 0.000000e+00 -1.000000e+00
      outer loop
         vertex -1.585875e+04 2.465000e+03 0.000000e+00
         vertex -1.586255e+04 2.426043e+03 0.000000e+00
         vertex -1.586501e+04 2.427718e+03 0.000000e+00
      endloop
   endfacet
   facet normal 0.000000e+00 0.000000e+00 -1.000000e+00
      outer loop
         vertex -1.586505e+04 2.427749e+03 0.000000e+00
         vertex -1.586746e+04 2.429489e+03 0.000000e+00
         vertex -1.585875e+04 2.465000e+03 0.000000e+00
      endloop
   endfacet
   facet normal 0.000000e+00 0.000000e+00 -1.000000e+00
      outer loop
         vertex -1.585875e+04 2.465000e+03 0.000000e+00
         vertex -1.586746e+04 2.429489e+03 0.000000e+00
         vertex -1.586751e+04 2.429521e+03 0.000000e+00
      endloop
   endfacet
   facet normal 0.000000e+00 0.000000e+00 -1.000000e+00
      outer loop
         vertex -1.585875e+04 2.465000e+03 0.000000e+00
         vertex -1.586751e+04 2.429521e+03 0.000000e+00
         vertex -1.586987e+04 2.431323e+03 0.000000e+00
      endloop
   endfacet
   facet normal 0.000000e+00 0.000000e+00 -1.000000e+00
      outer loop
         vertex -1.586987e+04 2.431323e+03 0.000000e+00
         vertex -1.586991e+04 2.431357e+03 0.000000e+00
         vertex -1.585875e+04 2.465000e+03 0.000000e+00
      endloop
   endfacet
   facet normal 0.000000e+00 0.000000e+00 -1.000000e+00
      outer loop
         vertex -1.585875e+04 2.465000e+03 0.000000e+00
         vertex -1.586991e+04 2.431357e+03 0.000000e+00
         vertex -1.587222e+04 2.433221e+03 0.000000e+00
      endloop
   endfacet
   facet normal 0.000000e+00 0.000000e+00 -1.000000e+00
      outer loop
         vertex -1.585875e+04 2.465000e+03 0.000000e+00
         vertex -1.587222e+04 2.433221e+03 0.000000e+00
         vertex -1.587227e+04 2.433255e+03 0.000000e+00
      endloop
   endfacet
   facet normal 0.000000e+00 0.000000e+00 -1.000000e+00
      outer loop
         vertex -1.587227e+04 2.433255e+03 0.000000e+00
         vertex -1.587453e+04 2.435179e+03 0.000000e+00
         vertex -1.585875e+04 2.465000e+03 0.000000e+00
      endloop
   endfacet
   facet normal 0.000000e+00 0.000000e+00 -1.000000e+00
      outer loop
         vertex -1.585875e+04 2.465000e+03 0.000000e+00
         vertex -1.587453e+04 2.435179e+03 0.000000e+00
         vertex -1.587457e+04 2.435215e+03 0.000000e+00
      endloop
   endfacet
   facet normal 0.000000e+00 0.000000e+00 -1.000000e+00
      outer loop
         vertex -1.585875e+04 2.465000e+03 0.000000e+00
         vertex -1.587457e+04 2.435215e+03 0.000000e+00
         vertex -1.587677e+04 2.437197e+03 0.000000e+00
      endloop
   endfacet
   facet normal 0.000000e+00 0.000000e+00 -1.000000e+00
      outer loop
         vertex -1.588320e+04 2.443637e+03 0.000000e+00
         vertex -1.588517e+04 2.445839e+03 0.000000e+00
         vertex -1.585875e+04 2.465000e+03 0.000000e+00
      endloop
   endfacet
   facet normal 0.000000e+00 0.000000e+00 -1.000000e+00
      outer loop
         vertex -1.585875e+04 2.465000e+03 0.000000e+00
         vertex -1.588517e+04 2.445839e+03 0.000000e+00
         vertex -1.588521e+04 2.445880e+03 0.000000e+00
      endloop
   endfacet
   facet normal 0.000000e+00 0.000000e+00 -1.000000e+00
      outer loop
         vertex -1.587896e+04 2.439274e+03 0.000000e+00
         vertex -1.587900e+04 2.439312e+03 0.000000e+00
         vertex -1.585875e+04 2.465000e+03 0.000000e+00
      endloop
   endfacet
   facet normal 0.000000e+00 0.000000e+00 -1.000000e+00
      outer loop
         vertex -1.585875e+04 2.465000e+03 0.000000e+00
         vertex -1.587900e+04 2.439312e+03 0.000000e+00
         vertex -1.587969e+04 2.440000e+03 0.000000e+00
      endloop
   endfacet
   facet normal 0.000000e+00 0.000000e+00 -1.000000e+00
      outer loop
         vertex -1.585875e+04 2.465000e+03 0.000000e+00
         vertex -1.587969e+04 2.440000e+03 0.000000e+00
         vertex -1.588109e+04 2.441408e+03 0.000000e+00
      endloop
   endfacet
   facet normal 0.000000e+00 0.000000e+00 -1.000000e+00
      outer loop
         vertex -1.588521e+04 2.445880e+03 0.000000e+00
         vertex -1.588711e+04 2.448134e+03 0.000000e+00
         vertex -1.585875e+04 2.465000e+03 0.000000e+00
      endloop
   endfacet
   facet normal 0.000000e+00 0.000000e+00 -1.000000e+00
      outer loop
         vertex -1.585875e+04 2.465000e+03 0.000000e+00
         vertex -1.588711e+04 2.448134e+03 0.000000e+00
         vertex -1.588715e+04 2.448176e+03 0.000000e+00
      endloop
   endfacet
   facet normal 0.000000e+00 0.000000e+00 -1.000000e+00
      outer loop
         vertex -1.585875e+04 2.465000e+03 0.000000e+00
         vertex -1.588715e+04 2.448176e+03 0.000000e+00
         vertex -1.588900e+04 2.450479e+03 0.000000e+00
      endloop
   endfacet
   facet normal 0.000000e+00 0.000000e+00 -1.000000e+00
      outer loop
         vertex -1.588109e+04 2.441408e+03 0.000000e+00
         vertex -1.588113e+04 2.441447e+03 0.000000e+00
         vertex -1.585875e+04 2.465000e+03 0.000000e+00
      endloop
   endfacet
   facet normal 0.000000e+00 0.000000e+00 -1.000000e+00
      outer loop
         vertex -1.585875e+04 2.465000e+03 0.000000e+00
         vertex -1.588113e+04 2.441447e+03 0.000000e+00
         vertex -1.588316e+04 2.443597e+03 0.000000e+00
      endloop
   endfacet
   facet normal 0.000000e+00 0.000000e+00 -1.000000e+00
      outer loop
         vertex -1.585875e+04 2.465000e+03 0.000000e+00
         vertex -1.588316e+04 2.443597e+03 0.000000e+00
         vertex -1.588320e+04 2.443637e+03 0.000000e+00
      endloop
   endfacet
   facet normal 0.000000e+00 0.000000e+00 -1.000000e+00
      outer loop
         vertex -1.588903e+04 2.450522e+03 0.000000e+00
         vertex -1.589081e+04 2.452873e+03 0.000000e+00
         vertex -1.585875e+04 2.465000e+03 0.000000e+00
      endloop
   endfacet
   facet normal 0.000000e+00 0.000000e+00 -1.000000e+00
      outer loop
         vertex -1.585875e+04 2.465000e+03 0.000000e+00
         vertex -1.589081e+04 2.452873e+03 0.000000e+00
         vertex -1.589084e+04 2.452917e+03 0.000000e+00
      endloop
   endfacet
   facet normal 0.000000e+00 0.000000e+00 -1.000000e+00
      outer loop
         vertex -1.585875e+04 2.465000e+03 0.000000e+00
         vertex -1.589084e+04 2.452917e+03 0.000000e+00
         vertex -1.589256e+04 2.455313e+03 0.000000e+00
      endloop
   endfacet
   facet normal 0.000000e+00 0.000000e+00 -1.000000e+00
      outer loop
         vertex -1.589256e+04 2.455313e+03 0.000000e+00
         vertex -1.589259e+04 2.455358e+03 0.000000e+00
         vertex -1.585875e+04 2.465000e+03 0.000000e+00
      endloop
   endfacet
   facet normal 0.000000e+00 0.000000e+00 -1.000000e+00
      outer loop
         vertex -1.585875e+04 2.465000e+03 0.000000e+00
         vertex -1.589259e+04 2.455358e+03 0.000000e+00
         vertex -1.589424e+04 2.457799e+03 0.000000e+00
      endloop
   endfacet
   facet normal 0.000000e+00 0.000000e+00 -1.000000e+00
      outer loop
         vertex -1.585875e+04 2.465000e+03 0.000000e+00
         vertex -1.589424e+04 2.457799e+03 0.000000e+00
         vertex -1.589427e+04 2.457845e+03 0.000000e+00
      endloop
   endfacet
   facet normal 0.000000e+00 0.000000e+00 -1.000000e+00
      outer loop
         vertex -1.589427e+04 2.457845e+03 0.000000e+00
         vertex -1.589585e+04 2.460328e+03 0.000000e+00
         vertex -1.585875e+04 2.465000e+03 0.000000e+00
      endloop
   endfacet
   facet normal 0.000000e+00 0.000000e+00 -1.000000e+00
      outer loop
         vertex -1.585875e+04 2.465000e+03 0.000000e+00
         vertex -1.589585e+04 2.460328e+03 0.000000e+00
         vertex -1.589588e+04 2.460375e+03 0.000000e+00
      endloop
   endfacet
   facet normal 0.000000e+00 0.000000e+00 -1.000000e+00
      outer loop
         vertex -1.585875e+04 2.465000e+03 0.000000e+00
         vertex -1.589588e+04 2.460375e+03 0.000000e+00
         vertex -1.589739e+04 2.462899e+03 0.000000e+00
      endloop
   endfacet
   facet normal 0.000000e+00 0.000000e+00 -1.000000e+00
      outer loop
         vertex -1.582642e+04 2.410289e+03 0.000000e+00
         vertex -1.582647e+04 2.410301e+03 0.000000e+00
         vertex -1.581787e+04 2.422137e+03 0.000000e+00
      endloop
   endfacet
   facet normal -0.000000e+00 0.000000e+00 -1.000000e+00
      outer loop
         vertex -1.581787e+04 2.422137e+03 0.000000e+00
         vertex -1.582647e+04 2.410301e+03 0.000000e+00
         vertex -1.583125e+04 2.422137e+03 0.000000e+00
      endloop
   endfacet
   facet normal 0.000000e+00 0.000000e+00 -1.000000e+00
      outer loop
         vertex -1.581787e+04 2.422137e+03 0.000000e+00
         vertex -1.583125e+04 2.422137e+03 0.000000e+00
         vertex -1.583125e+04 2.465000e+03 0.000000e+00
      endloop
   endfacet
   facet normal 0.000000e+00 -0.000000e+00 -1.000000e+00
      outer loop
         vertex -1.583125e+04 2.465000e+03 0.000000e+00
         vertex -1.583125e+04 2.422137e+03 0.000000e+00
         vertex -1.584250e+04 2.435000e+03 0.000000e+00
      endloop
   endfacet
   facet normal 0.000000e+00 0.000000e+00 -1.000000e+00
      outer loop
         vertex -1.585736e+04 2.422804e+03 0.000000e+00
         vertex -1.585740e+04 2.422831e+03 0.000000e+00
         vertex -1.584750e+04 2.435000e+03 0.000000e+00
      endloop
   endfacet
   facet normal 0.000000e+00 0.000000e+00 -1.000000e+00
      outer loop
         vertex -1.584750e+04 2.435000e+03 0.000000e+00
         vertex -1.585740e+04 2.422831e+03 0.000000e+00
         vertex -1.585995e+04 2.424375e+03 0.000000e+00
      endloop
   endfacet
   facet normal -0.000000e+00 0.000000e+00 -1.000000e+00
      outer loop
         vertex -1.584750e+04 2.435000e+03 0.000000e+00
         vertex -1.585995e+04 2.424375e+03 0.000000e+00
         vertex -1.584750e+04 2.440000e+03 0.000000e+00
      endloop
   endfacet
   facet normal -0.000000e+00 0.000000e+00 -1.000000e+00
      outer loop
         vertex -1.584750e+04 2.440000e+03 0.000000e+00
         vertex -1.585995e+04 2.424375e+03 0.000000e+00
         vertex -1.585875e+04 2.465000e+03 0.000000e+00
      endloop
   endfacet
   facet normal 0.000000e+00 0.000000e+00 -1.000000e+00
      outer loop
         vertex -1.584750e+04 2.440000e+03 0.000000e+00
         vertex -1.585875e+04 2.465000e+03 0.000000e+00
         vertex -1.584250e+04 2.440000e+03 0.000000e+00
      endloop
   endfacet
   facet normal -0.000000e+00 -0.000000e+00 -1.000000e+00
      outer loop
         vertex -1.584250e+04 2.435000e+03 0.000000e+00
         vertex -1.583125e+04 2.422137e+03 0.000000e+00
         vertex -1.584750e+04 2.435000e+03 0.000000e+00
      endloop
   endfacet
   facet normal 0.000000e+00 -0.000000e+00 -1.000000e+00
      outer loop
         vertex -1.584750e+04 2.435000e+03 0.000000e+00
         vertex -1.583125e+04 2.422137e+03 0.000000e+00
         vertex -1.585476e+04 2.421328e+03 0.000000e+00
      endloop
   endfacet
   facet normal 0.000000e+00 0.000000e+00 -1.000000e+00
      outer loop
         vertex -1.584750e+04 2.435000e+03 0.000000e+00
         vertex -1.585476e+04 2.421328e+03 0.000000e+00
         vertex -1.585736e+04 2.422804e+03 0.000000e+00
      endloop
   endfacet
   facet normal 0.000000e+00 0.000000e+00 -1.000000e+00
      outer loop
         vertex -1.584937e+04 2.418532e+03 0.000000e+00
         vertex -1.585204e+04 2.419870e+03 0.000000e+00
         vertex -1.583125e+04 2.422137e+03 0.000000e+00
      endloop
   endfacet
   facet normal 0.000000e+00 0.000000e+00 -1.000000e+00
      outer loop
         vertex -1.582938e+04 2.411050e+03 0.000000e+00
         vertex -1.582943e+04 2.411064e+03 0.000000e+00
         vertex -1.583125e+04 2.422137e+03 0.000000e+00
      endloop
   endfacet
   facet normal 0.000000e+00 -0.000000e+00 -1.000000e+00
      outer loop
         vertex -1.583125e+04 2.422137e+03 0.000000e+00
         vertex -1.582943e+04 2.411064e+03 0.000000e+00
         vertex -1.583231e+04 2.411888e+03 0.000000e+00
      endloop
   endfacet
   facet normal 0.000000e+00 0.000000e+00 -1.000000e+00
      outer loop
         vertex -1.583125e+04 2.422137e+03 0.000000e+00
         vertex -1.583231e+04 2.411888e+03 0.000000e+00
         vertex -1.583236e+04 2.411903e+03 0.000000e+00
      endloop
   endfacet
   facet normal 0.000000e+00 0.000000e+00 -1.000000e+00
      outer loop
         vertex -1.585204e+04 2.419870e+03 0.000000e+00
         vertex -1.585209e+04 2.419894e+03 0.000000e+00
         vertex -1.583125e+04 2.422137e+03 0.000000e+00
      endloop
   endfacet
   facet normal 0.000000e+00 0.000000e+00 -1.000000e+00
      outer loop
         vertex -1.583125e+04 2.422137e+03 0.000000e+00
         vertex -1.585209e+04 2.419894e+03 0.000000e+00
         vertex -1.585472e+04 2.421302e+03 0.000000e+00
      endloop
   endfacet
   facet normal 0.000000e+00 0.000000e+00 -1.000000e+00
      outer loop
         vertex -1.583125e+04 2.422137e+03 0.000000e+00
         vertex -1.585472e+04 2.421302e+03 0.000000e+00
         vertex -1.585476e+04 2.421328e+03 0.000000e+00
      endloop
   endfacet
   facet normal 0.000000e+00 0.000000e+00 -1.000000e+00
      outer loop
         vertex -1.583236e+04 2.411903e+03 0.000000e+00
         vertex -1.583522e+04 2.412804e+03 0.000000e+00
         vertex -1.583125e+04 2.422137e+03 0.000000e+00
      endloop
   endfacet
   facet normal 0.000000e+00 0.000000e+00 -1.000000e+00
      outer loop
         vertex -1.583125e+04 2.422137e+03 0.000000e+00
         vertex -1.583522e+04 2.412804e+03 0.000000e+00
         vertex -1.583527e+04 2.412820e+03 0.000000e+00
      endloop
   endfacet
   facet normal 0.000000e+00 0.000000e+00 -1.000000e+00
      outer loop
         vertex -1.583125e+04 2.422137e+03 0.000000e+00
         vertex -1.583527e+04 2.412820e+03 0.000000e+00
         vertex -1.583810e+04 2.413795e+03 0.000000e+00
      endloop
   endfacet
   facet normal 0.000000e+00 0.000000e+00 -1.000000e+00
      outer loop
         vertex -1.583810e+04 2.413795e+03 0.000000e+00
         vertex -1.583815e+04 2.413813e+03 0.000000e+00
         vertex -1.583125e+04 2.422137e+03 0.000000e+00
      endloop
   endfacet
   facet normal 0.000000e+00 0.000000e+00 -1.000000e+00
      outer loop
         vertex -1.583125e+04 2.422137e+03 0.000000e+00
         vertex -1.583815e+04 2.413813e+03 0.000000e+00
         vertex -1.584095e+04 2.414863e+03 0.000000e+00
      endloop
   endfacet
   facet normal 0.000000e+00 0.000000e+00 -1.000000e+00
      outer loop
         vertex -1.583125e+04 2.422137e+03 0.000000e+00
         vertex -1.584095e+04 2.414863e+03 0.000000e+00
         vertex -1.584100e+04 2.414882e+03 0.000000e+00
      endloop
   endfacet
   facet normal 0.000000e+00 0.000000e+00 -1.000000e+00
      outer loop
         vertex -1.584100e+04 2.414882e+03 0.000000e+00
         vertex -1.584378e+04 2.416004e+03 0.000000e+00
         vertex -1.583125e+04 2.422137e+03 0.000000e+00
      endloop
   endfacet
   facet normal 0.000000e+00 0.000000e+00 -1.000000e+00
      outer loop
         vertex -1.583125e+04 2.422137e+03 0.000000e+00
         vertex -1.584378e+04 2.416004e+03 0.000000e+00
         vertex -1.584383e+04 2.416025e+03 0.000000e+00
      endloop
   endfacet
   facet normal 0.000000e+00 0.000000e+00 -1.000000e+00
      outer loop
         vertex -1.583125e+04 2.422137e+03 0.000000e+00
         vertex -1.584383e+04 2.416025e+03 0.000000e+00
         vertex -1.584657e+04 2.417220e+03 0.000000e+00
      endloop
   endfacet
   facet normal 0.000000e+00 0.000000e+00 -1.000000e+00
      outer loop
         vertex -1.584657e+04 2.417220e+03 0.000000e+00
         vertex -1.584661e+04 2.417242e+03 0.000000e+00
         vertex -1.583125e+04 2.422137e+03 0.000000e+00
      endloop
   endfacet
   facet normal 0.000000e+00 0.000000e+00 -1.000000e+00
      outer loop
         vertex -1.583125e+04 2.422137e+03 0.000000e+00
         vertex -1.584661e+04 2.417242e+03 0.000000e+00
         vertex -1.584932e+04 2.418509e+03 0.000000e+00
      endloop
   endfacet
   facet normal 0.000000e+00 0.000000e+00 -1.000000e+00
      outer loop
         vertex -1.583125e+04 2.422137e+03 0.000000e+00
         vertex -1.584932e+04 2.418509e+03 0.000000e+00
         vertex -1.584937e+04 2.418532e+03 0.000000e+00
      endloop
   endfacet
   facet normal 0.000000e+00 0.000000e+00 -1.000000e+00
      outer loop
         vertex -1.584250e+04 2.435000e+03 0.000000e+00
         vertex -1.584250e+04 2.440000e+03 0.000000e+00
         vertex -1.583125e+04 2.465000e+03 0.000000e+00
      endloop
   endfacet
   facet normal -0.000000e+00 0.000000e+00 -1.000000e+00
      outer loop
         vertex -1.583125e+04 2.465000e+03 0.000000e+00
         vertex -1.584250e+04 2.440000e+03 0.000000e+00
         vertex -1.585875e+04 2.465000e+03 0.000000e+00
      endloop
   endfacet
   facet normal 0.000000e+00 0.000000e+00 -1.000000e+00
      outer loop
         vertex -1.583125e+04 2.465000e+03 0.000000e+00
         vertex -1.585875e+04 2.465000e+03 0.000000e+00
         vertex -1.583125e+04 2.520000e+03 0.000000e+00
      endloop
   endfacet
   facet normal -0.000000e+00 0.000000e+00 -1.000000e+00
      outer loop
         vertex -1.583125e+04 2.520000e+03 0.000000e+00
         vertex -1.585875e+04 2.465000e+03 0.000000e+00
         vertex -1.585875e+04 2.520000e+03 0.000000e+00
      endloop
   endfacet
   facet normal 0.000000e+00 0.000000e+00 -1.000000e+00
      outer loop
         vertex -1.583125e+04 2.520000e+03 0.000000e+00
         vertex -1.585875e+04 2.520000e+03 0.000000e+00
         vertex -1.583125e+04 2.575000e+03 0.000000e+00
      endloop
   endfacet
   facet normal -0.000000e+00 0.000000e+00 -1.000000e+00
      outer loop
         vertex -1.583125e+04 2.575000e+03 0.000000e+00
         vertex -1.585875e+04 2.520000e+03 0.000000e+00
         vertex -1.585875e+04 2.575000e+03 0.000000e+00
      endloop
   endfacet
   facet normal 0.000000e+00 0.000000e+00 -1.000000e+00
      outer loop
         vertex -1.583125e+04 2.575000e+03 0.000000e+00
         vertex -1.585875e+04 2.575000e+03 0.000000e+00
         vertex -1.584750e+04 2.600000e+03 0.000000e+00
      endloop
   endfacet
   facet normal -0.000000e+00 0.000000e+00 -1.000000e+00
      outer loop
         vertex -1.584750e+04 2.600000e+03 0.000000e+00
         vertex -1.585875e+04 2.575000e+03 0.000000e+00
         vertex -1.585740e+04 2.611169e+03 0.000000e+00
      endloop
   endfacet
   facet normal 0.000000e+00 0.000000e+00 -1.000000e+00
      outer loop
         vertex -1.584750e+04 2.600000e+03 0.000000e+00
         vertex -1.585740e+04 2.611169e+03 0.000000e+00
         vertex -1.585736e+04 2.611196e+03 0.000000e+00
      endloop
   endfacet
   facet normal 1.623163e-02 -9.998683e-01 0.000000e+00
      outer loop
         vertex -1.582158e+04 2.409274e+03 2.000000e-01
         vertex -1.582166e+04 2.409273e+03 2.000000e-01
         vertex -1.582158e+04 2.409274e+03 -1.084202e-16
      endloop
   endfacet
   facet normal 1.623163e-02 -9.998683e-01 0.000000e+00
      outer loop
         vertex -1.582158e+04 2.409274e+03 -1.084202e-16
         vertex -1.582166e+04 2.409273e+03 2.000000e-01
         vertex -1.582166e+04 2.409273e+03 -1.084202e-16
      endloop
   endfacet
   facet normal 8.196016e-02 -9.966356e-01 0.000000e+00
      outer loop
         vertex -1.582151e+04 2.409280e+03 2.000000e-01
         vertex -1.582158e+04 2.409274e+03 2.000000e-01
         vertex -1.582151e+04 2.409280e+03 0.000000e+00
      endloop
   endfacet
   facet normal 8.196016e-02 -9.966356e-01 0.000000e+00
      outer loop
         vertex -1.582151e+04 2.409280e+03 0.000000e+00
         vertex -1.582158e+04 2.409274e+03 2.000000e-01
         vertex -1.582158e+04 2.409274e+03 0.000000e+00
      endloop
   endfacet
   facet normal 1.065331e-01 -9.943092e-01 0.000000e+00
      outer loop
         vertex -1.582144e+04 2.409288e+03 2.000000e-01
         vertex -1.582151e+04 2.409280e+03 2.000000e-01
         vertex -1.582144e+04 2.409288e+03 -1.084202e-16
      endloop
   endfacet
   facet normal 1.065331e-01 -9.943092e-01 0.000000e+00
      outer loop
         vertex -1.582144e+04 2.409288e+03 -1.084202e-16
         vertex -1.582151e+04 2.409280e+03 2.000000e-01
         vertex -1.582151e+04 2.409280e+03 -1.084202e-16
      endloop
   endfacet
   facet normal 1.803279e-01 -9.836066e-01 0.000000e+00
      outer loop
         vertex -1.582137e+04 2.409301e+03 2.000000e-01
         vertex -1.582144e+04 2.409288e+03 2.000000e-01
         vertex -1.582137e+04 2.409301e+03 0.000000e+00
      endloop
   endfacet
   facet normal 1.803279e-01 -9.836066e-01 0.000000e+00
      outer loop
         vertex -1.582137e+04 2.409301e+03 0.000000e+00
         vertex -1.582144e+04 2.409288e+03 2.000000e-01
         vertex -1.582144e+04 2.409288e+03 0.000000e+00
      endloop
   endfacet
   facet normal 2.152295e-01 -9.765635e-01 0.000000e+00
      outer loop
         vertex -1.582129e+04 2.409317e+03 2.000000e-01
         vertex -1.582137e+04 2.409301e+03 2.000000e-01
         vertex -1.582129e+04 2.409317e+03 0.000000e+00
      endloop
   endfacet
   facet normal 2.152295e-01 -9.765635e-01 0.000000e+00
      outer loop
         vertex -1.582129e+04 2.409317e+03 0.000000e+00
         vertex -1.582137e+04 2.409301e+03 2.000000e-01
         vertex -1.582137e+04 2.409301e+03 0.000000e+00
      endloop
   endfacet
   facet normal 2.609090e-01 -9.653634e-01 0.000000e+00
      outer loop
         vertex -1.582122e+04 2.409336e+03 2.000000e-01
         vertex -1.582129e+04 2.409317e+03 2.000000e-01
         vertex -1.582122e+04 2.409336e+03 0.000000e+00
      endloop
   endfacet
   facet normal 2.609090e-01 -9.653634e-01 0.000000e+00
      outer loop
         vertex -1.582122e+04 2.409336e+03 0.000000e+00
         vertex -1.582129e+04 2.409317e+03 2.000000e-01
         vertex -1.582129e+04 2.409317e+03 0.000000e+00
      endloop
   endfacet
   facet normal 3.123211e-01 -9.499766e-01 0.000000e+00
      outer loop
         vertex -1.582115e+04 2.409359e+03 2.000000e-01
         vertex -1.582122e+04 2.409336e+03 2.000000e-01
         vertex -1.582115e+04 2.409359e+03 -1.084202e-16
      endloop
   endfacet
   facet normal 3.123211e-01 -9.499766e-01 0.000000e+00
      outer loop
         vertex -1.582115e+04 2.409359e+03 -1.084202e-16
         vertex -1.582122e+04 2.409336e+03 2.000000e-01
         vertex -1.582122e+04 2.409336e+03 -1.084202e-16
      endloop
   endfacet
   facet normal 3.539689e-01 -9.352572e-01 0.000000e+00
      outer loop
         vertex -1.582108e+04 2.409385e+03 2.000000e-01
         vertex -1.582115e+04 2.409359e+03 2.000000e-01
         vertex -1.582108e+04 2.409385e+03 -1.084202e-16
      endloop
   endfacet
   facet normal 3.539689e-01 -9.352572e-01 0.000000e+00
      outer loop
         vertex -1.582108e+04 2.409385e+03 -1.084202e-16
         vertex -1.582115e+04 2.409359e+03 2.000000e-01
         vertex -1.582115e+04 2.409359e+03 -1.084202e-16
      endloop
   endfacet
   facet normal 4.103647e-01 -9.119215e-01 0.000000e+00
      outer loop
         vertex -1.582102e+04 2.409415e+03 2.000000e-01
         vertex -1.582108e+04 2.409385e+03 2.000000e-01
         vertex -1.582102e+04 2.409415e+03 0.000000e+00
      endloop
   endfacet
   facet normal 4.103647e-01 -9.119215e-01 0.000000e+00
      outer loop
         vertex -1.582102e+04 2.409415e+03 0.000000e+00
         vertex -1.582108e+04 2.409385e+03 2.000000e-01
         vertex -1.582108e+04 2.409385e+03 0.000000e+00
      endloop
   endfacet
   facet normal 4.524517e-01 -8.917889e-01 0.000000e+00
      outer loop
         vertex -1.582095e+04 2.409448e+03 2.000000e-01
         vertex -1.582102e+04 2.409415e+03 2.000000e-01
         vertex -1.582095e+04 2.409448e+03 -1.084202e-16
      endloop
   endfacet
   facet normal 4.524517e-01 -8.917889e-01 0.000000e+00
      outer loop
         vertex -1.582095e+04 2.409448e+03 -1.084202e-16
         vertex -1.582102e+04 2.409415e+03 2.000000e-01
         vertex -1.582102e+04 2.409415e+03 -1.084202e-16
      endloop
   endfacet
   facet normal 4.853700e-01 -8.743089e-01 0.000000e+00
      outer loop
         vertex -1.582089e+04 2.409484e+03 2.000000e-01
         vertex -1.582095e+04 2.409448e+03 2.000000e-01
         vertex -1.582089e+04 2.409484e+03 -1.084202e-16
      endloop
   endfacet
   facet normal 4.853700e-01 -8.743089e-01 0.000000e+00
      outer loop
         vertex -1.582089e+04 2.409484e+03 -1.084202e-16
         vertex -1.582095e+04 2.409448e+03 2.000000e-01
         vertex -1.582095e+04 2.409448e+03 -1.084202e-16
      endloop
   endfacet
   facet normal 5.335033e-01 -8.457980e-01 0.000000e+00
      outer loop
         vertex -1.582083e+04 2.409523e+03 2.000000e-01
         vertex -1.582089e+04 2.409484e+03 2.000000e-01
         vertex -1.582083e+04 2.409523e+03 0.000000e+00
      endloop
   endfacet
   facet normal 5.335033e-01 -8.457980e-01 0.000000e+00
      outer loop
         vertex -1.582083e+04 2.409523e+03 0.000000e+00
         vertex -1.582089e+04 2.409484e+03 2.000000e-01
         vertex -1.582089e+04 2.409484e+03 0.000000e+00
      endloop
   endfacet
   facet normal 5.787470e-01 -8.155071e-01 0.000000e+00
      outer loop
         vertex -1.582077e+04 2.409565e+03 2.000000e-01
         vertex -1.582083e+04 2.409523e+03 2.000000e-01
         vertex -1.582077e+04 2.409565e+03 0.000000e+00
      endloop
   endfacet
   facet normal 5.787470e-01 -8.155071e-01 0.000000e+00
      outer loop
         vertex -1.582077e+04 2.409565e+03 0.000000e+00
         vertex -1.582083e+04 2.409523e+03 2.000000e-01
         vertex -1.582083e+04 2.409523e+03 0.000000e+00
      endloop
   endfacet
   facet normal 6.123692e-01 -7.905719e-01 0.000000e+00
      outer loop
         vertex -1.582071e+04 2.409610e+03 2.000000e-01
         vertex -1.582077e+04 2.409565e+03 2.000000e-01
         vertex -1.582071e+04 2.409610e+03 0.000000e+00
      endloop
   endfacet
   facet normal 6.123692e-01 -7.905719e-01 0.000000e+00
      outer loop
         vertex -1.582071e+04 2.409610e+03 0.000000e+00
         vertex -1.582077e+04 2.409565e+03 2.000000e-01
         vertex -1.582077e+04 2.409565e+03 0.000000e+00
      endloop
   endfacet
   facet normal 6.483972e-01 -7.613022e-01 0.000000e+00
      outer loop
         vertex -1.582065e+04 2.409658e+03 2.000000e-01
         vertex -1.582071e+04 2.409610e+03 2.000000e-01
         vertex -1.582065e+04 2.409658e+03 -1.084202e-16
      endloop
   endfacet
   facet normal 6.483972e-01 -7.613022e-01 0.000000e+00
      outer loop
         vertex -1.582065e+04 2.409658e+03 -1.084202e-16
         vertex -1.582071e+04 2.409610e+03 2.000000e-01
         vertex -1.582071e+04 2.409610e+03 -1.084202e-16
      endloop
   endfacet
   facet normal 6.839411e-01 -7.295372e-01 0.000000e+00
      outer loop
         vertex -1.582060e+04 2.409708e+03 2.000000e-01
         vertex -1.582065e+04 2.409658e+03 2.000000e-01
         vertex -1.582060e+04 2.409708e+03 0.000000e+00
      endloop
   endfacet
   facet normal 6.839411e-01 -7.295372e-01 0.000000e+00
      outer loop
         vertex -1.582060e+04 2.409708e+03 0.000000e+00
         vertex -1.582065e+04 2.409658e+03 2.000000e-01
         vertex -1.582065e+04 2.409658e+03 0.000000e+00
      endloop
   endfacet
   facet normal 7.232076e-01 -6.906307e-01 0.000000e+00
      outer loop
         vertex -1.582055e+04 2.409761e+03 2.000000e-01
         vertex -1.582060e+04 2.409708e+03 2.000000e-01
         vertex -1.582055e+04 2.409761e+03 0.000000e+00
      endloop
   endfacet
   facet normal 7.232076e-01 -6.906307e-01 0.000000e+00
      outer loop
         vertex -1.582055e+04 2.409761e+03 0.000000e+00
         vertex -1.582060e+04 2.409708e+03 2.000000e-01
         vertex -1.582060e+04 2.409708e+03 0.000000e+00
      endloop
   endfacet
   facet normal 7.615394e-01 -6.481186e-01 0.000000e+00
      outer loop
         vertex -1.582050e+04 2.409817e+03 2.000000e-01
         vertex -1.582055e+04 2.409761e+03 2.000000e-01
         vertex -1.582050e+04 2.409817e+03 -1.084202e-16
      endloop
   endfacet
   facet normal 7.615394e-01 -6.481186e-01 0.000000e+00
      outer loop
         vertex -1.582050e+04 2.409817e+03 -1.084202e-16
         vertex -1.582055e+04 2.409761e+03 2.000000e-01
         vertex -1.582055e+04 2.409761e+03 -1.084202e-16
      endloop
   endfacet
   facet normal 7.846347e-01 -6.199583e-01 0.000000e+00
      outer loop
         vertex -1.582045e+04 2.409875e+03 2.000000e-01
         vertex -1.582050e+04 2.409817e+03 2.000000e-01
         vertex -1.582045e+04 2.409875e+03 -1.084202e-16
      endloop
   endfacet
   facet normal 7.846347e-01 -6.199583e-01 0.000000e+00
      outer loop
         vertex -1.582045e+04 2.409875e+03 -1.084202e-16
         vertex -1.582050e+04 2.409817e+03 2.000000e-01
         vertex -1.582050e+04 2.409817e+03 -1.084202e-16
      endloop
   endfacet
   facet normal 8.198428e-01 -5.725886e-01 0.000000e+00
      outer loop
         vertex -1.582041e+04 2.409935e+03 2.000000e-01
         vertex -1.582045e+04 2.409875e+03 2.000000e-01
         vertex -1.582041e+04 2.409935e+03 -1.084202e-16
      endloop
   endfacet
   facet normal 8.198428e-01 -5.725886e-01 0.000000e+00
      outer loop
         vertex -1.582041e+04 2.409935e+03 -1.084202e-16
         vertex -1.582045e+04 2.409875e+03 2.000000e-01
         vertex -1.582045e+04 2.409875e+03 -1.084202e-16
      endloop
   endfacet
   facet normal 8.457980e-01 -5.335033e-01 0.000000e+00
      outer loop
         vertex -1.582037e+04 2.409997e+03 2.000000e-01
         vertex -1.582041e+04 2.409935e+03 2.000000e-01
         vertex -1.582037e+04 2.409997e+03 0.000000e+00
      endloop
   endfacet
   facet normal 8.457980e-01 -5.335033e-01 0.000000e+00
      outer loop
         vertex -1.582037e+04 2.409997e+03 0.000000e+00
         vertex -1.582041e+04 2.409935e+03 2.000000e-01
         vertex -1.582041e+04 2.409935e+03 0.000000e+00
      endloop
   endfacet
   facet normal 8.666225e-01 -4.989644e-01 0.000000e+00
      outer loop
         vertex -1.582034e+04 2.410060e+03 2.000000e-01
         vertex -1.582037e+04 2.409997e+03 2.000000e-01
         vertex -1.582034e+04 2.410060e+03 0.000000e+00
      endloop
   endfacet
   facet normal 8.666225e-01 -4.989644e-01 0.000000e+00
      outer loop
         vertex -1.582034e+04 2.410060e+03 0.000000e+00
         vertex -1.582037e+04 2.409997e+03 2.000000e-01
         vertex -1.582037e+04 2.409997e+03 0.000000e+00
      endloop
   endfacet
   facet normal 8.924857e-01 -4.510758e-01 0.000000e+00
      outer loop
         vertex -1.582030e+04 2.410126e+03 2.000000e-01
         vertex -1.582034e+04 2.410060e+03 2.000000e-01
         vertex -1.582030e+04 2.410126e+03 -1.084202e-16
      endloop
   endfacet
   facet normal 8.924857e-01 -4.510758e-01 0.000000e+00
      outer loop
         vertex -1.582030e+04 2.410126e+03 -1.084202e-16
         vertex -1.582034e+04 2.410060e+03 2.000000e-01
         vertex -1.582034e+04 2.410060e+03 -1.084202e-16
      endloop
   endfacet
   facet normal 9.196521e-01 -3.927340e-01 0.000000e+00
      outer loop
         vertex -1.582028e+04 2.410193e+03 2.000000e-01
         vertex -1.582030e+04 2.410126e+03 2.000000e-01
         vertex -1.582028e+04 2.410193e+03 0.000000e+00
      endloop
   endfacet
   facet normal 9.196521e-01 -3.927340e-01 0.000000e+00
      outer loop
         vertex -1.582028e+04 2.410193e+03 0.000000e+00
         vertex -1.582030e+04 2.410126e+03 2.000000e-01
         vertex -1.582030e+04 2.410126e+03 0.000000e+00
      endloop
   endfacet
   facet normal 9.262185e-01 -3.769872e-01 0.000000e+00
      outer loop
         vertex -1.582025e+04 2.410261e+03 2.000000e-01
         vertex -1.582028e+04 2.410193e+03 2.000000e-01
         vertex -1.582025e+04 2.410261e+03 0.000000e+00
      endloop
   endfacet
   facet normal 9.262185e-01 -3.769872e-01 0.000000e+00
      outer loop
         vertex -1.582025e+04 2.410261e+03 0.000000e+00
         vertex -1.582028e+04 2.410193e+03 2.000000e-01
         vertex -1.582028e+04 2.410193e+03 0.000000e+00
      endloop
   endfacet
   facet normal 9.506055e-01 -3.104018e-01 0.000000e+00
      outer loop
         vertex -1.582022e+04 2.410331e+03 2.000000e-01
         vertex -1.582025e+04 2.410261e+03 2.000000e-01
         vertex -1.582022e+04 2.410331e+03 0.000000e+00
      endloop
   endfacet
   facet normal 9.506055e-01 -3.104018e-01 0.000000e+00
      outer loop
         vertex -1.582022e+04 2.410331e+03 0.000000e+00
         vertex -1.582025e+04 2.410261e+03 2.000000e-01
         vertex -1.582025e+04 2.410261e+03 0.000000e+00
      endloop
   endfacet
   facet normal 9.658033e-01 -2.592760e-01 0.000000e+00
      outer loop
         vertex -1.582021e+04 2.410402e+03 2.000000e-01
         vertex -1.582022e+04 2.410331e+03 2.000000e-01
         vertex -1.582021e+04 2.410402e+03 -1.084202e-16
      endloop
   endfacet
   facet normal 9.658033e-01 -2.592760e-01 0.000000e+00
      outer loop
         vertex -1.582021e+04 2.410402e+03 -1.084202e-16
         vertex -1.582022e+04 2.410331e+03 2.000000e-01
         vertex -1.582022e+04 2.410331e+03 -1.084202e-16
      endloop
   endfacet
   facet normal 9.749397e-01 -2.224695e-01 0.000000e+00
      outer loop
         vertex -1.582019e+04 2.410473e+03 2.000000e-01
         vertex -1.582021e+04 2.410402e+03 2.000000e-01
         vertex -1.582019e+04 2.410473e+03 0.000000e+00
      endloop
   endfacet
   facet normal 9.749397e-01 -2.224695e-01 0.000000e+00
      outer loop
         vertex -1.582019e+04 2.410473e+03 0.000000e+00
         vertex -1.582021e+04 2.410402e+03 2.000000e-01
         vertex -1.582021e+04 2.410402e+03 0.000000e+00
      endloop
   endfacet
   facet normal 9.807806e-01 -1.951136e-01 0.000000e+00
      outer loop
         vertex -1.582019e+04 2.410473e+03 2.000000e-01
         vertex -1.582019e+04 2.410473e+03 -1.084202e-16
         vertex -1.581787e+04 2.422137e+03 2.000000e-01
      endloop
   endfacet
   facet normal 9.807806e-01 -1.951136e-01 0.000000e+00
      outer loop
         vertex -1.581787e+04 2.422137e+03 2.000000e-01
         vertex -1.582019e+04 2.410473e+03 -1.084202e-16
         vertex -1.581787e+04 2.422137e+03 0.000000e+00
      endloop
   endfacet
   facet normal 9.807862e-01 -1.950858e-01 0.000000e+00
      outer loop
         vertex -1.581787e+04 2.422137e+03 2.000000e-01
         vertex -1.581787e+04 2.422137e+03 0.000000e+00
         vertex -1.580934e+04 2.465000e+03 2.000000e-01
      endloop
   endfacet
   facet normal 9.807862e-01 -1.950858e-01 0.000000e+00
      outer loop
         vertex -1.580934e+04 2.465000e+03 2.000000e-01
         vertex -1.581787e+04 2.422137e+03 0.000000e+00
         vertex -1.580934e+04 2.465000e+03 0.000000e+00
      endloop
   endfacet
   facet normal 9.807841e-01 -1.950961e-01 0.000000e+00
      outer loop
         vertex -1.580934e+04 2.465000e+03 2.000000e-01
         vertex -1.580934e+04 2.465000e+03 0.000000e+00
         vertex -1.580702e+04 2.476684e+03 2.000000e-01
      endloop
   endfacet
   facet normal 9.807841e-01 -1.950961e-01 0.000000e+00
      outer loop
         vertex -1.580702e+04 2.476684e+03 2.000000e-01
         vertex -1.580934e+04 2.465000e+03 0.000000e+00
         vertex -1.580702e+04 2.476684e+03 0.000000e+00
      endloop
   endfacet
   facet normal 9.807880e-01 -1.950765e-01 0.000000e+00
      outer loop
         vertex -1.580702e+04 2.476684e+03 2.000000e-01
         vertex -1.580702e+04 2.476684e+03 0.000000e+00
         vertex -1.579908e+04 2.516610e+03 2.000000e-01
      endloop
   endfacet
   facet normal 9.807880e-01 -1.950765e-01 0.000000e+00
      outer loop
         vertex -1.579908e+04 2.516610e+03 2.000000e-01
         vertex -1.580702e+04 2.476684e+03 0.000000e+00
         vertex -1.579908e+04 2.516610e+03 -1.084202e-16
      endloop
   endfacet
   facet normal 9.847104e-01 -1.741994e-01 0.000000e+00
      outer loop
         vertex -1.579906e+04 2.516707e+03 2.000000e-01
         vertex -1.579908e+04 2.516610e+03 2.000000e-01
         vertex -1.579906e+04 2.516707e+03 0.000000e+00
      endloop
   endfacet
   facet normal 9.847104e-01 -1.741994e-01 0.000000e+00
      outer loop
         vertex -1.579906e+04 2.516707e+03 0.000000e+00
         vertex -1.579908e+04 2.516610e+03 2.000000e-01
         vertex -1.579908e+04 2.516610e+03 0.000000e+00
      endloop
   endfacet
   facet normal 9.931173e-01 -1.171244e-01 0.000000e+00
      outer loop
         vertex -1.579905e+04 2.516804e+03 2.000000e-01
         vertex -1.579906e+04 2.516707e+03 2.000000e-01
         vertex -1.579905e+04 2.516804e+03 5.421011e-17
      endloop
   endfacet
   facet normal 9.931173e-01 -1.171244e-01 0.000000e+00
      outer loop
         vertex -1.579905e+04 2.516804e+03 5.421011e-17
         vertex -1.579906e+04 2.516707e+03 2.000000e-01
         vertex -1.579906e+04 2.516707e+03 5.421011e-17
      endloop
   endfacet
   facet normal 9.969827e-01 -7.762396e-02 0.000000e+00
      outer loop
         vertex -1.579904e+04 2.516902e+03 2.000000e-01
         vertex -1.579905e+04 2.516804e+03 2.000000e-01
         vertex -1.579904e+04 2.516902e+03 -1.084202e-16
      endloop
   endfacet
   facet normal 9.969827e-01 -7.762396e-02 0.000000e+00
      outer loop
         vertex -1.579904e+04 2.516902e+03 -1.084202e-16
         vertex -1.579905e+04 2.516804e+03 2.000000e-01
         vertex -1.579905e+04 2.516804e+03 -1.084202e-16
      endloop
   endfacet
   facet normal 9.995740e-01 -2.918464e-02 0.000000e+00
      outer loop
         vertex -1.579904e+04 2.517000e+03 2.000000e-01
         vertex -1.579904e+04 2.516902e+03 2.000000e-01
         vertex -1.579904e+04 2.517000e+03 0.000000e+00
      endloop
   endfacet
   facet normal 9.995740e-01 -2.918464e-02 0.000000e+00
      outer loop
         vertex -1.579904e+04 2.517000e+03 0.000000e+00
         vertex -1.579904e+04 2.516902e+03 2.000000e-01
         vertex -1.579904e+04 2.516902e+03 0.000000e+00
      endloop
   endfacet
   facet normal 9.994259e-01 3.387885e-02 0.000000e+00
      outer loop
         vertex -1.579904e+04 2.517028e+03 2.000000e-01
         vertex -1.579904e+04 2.517000e+03 2.000000e-01
         vertex -1.579904e+04 2.517028e+03 0.000000e+00
      endloop
   endfacet
   facet normal 9.994259e-01 3.387885e-02 0.000000e+00
      outer loop
         vertex -1.579904e+04 2.517028e+03 0.000000e+00
         vertex -1.579904e+04 2.517000e+03 2.000000e-01
         vertex -1.579904e+04 2.517000e+03 0.000000e+00
      endloop
   endfacet
   facet normal 9.996275e-01 2.729358e-02 0.000000e+00
      outer loop
         vertex -1.579904e+04 2.517098e+03 2.000000e-01
         vertex -1.579904e+04 2.517028e+03 2.000000e-01
         vertex -1.579904e+04 2.517098e+03 5.421011e-17
      endloop
   endfacet
   facet normal 9.996275e-01 2.729358e-02 0.000000e+00
      outer loop
         vertex -1.579904e+04 2.517098e+03 5.421011e-17
         vertex -1.579904e+04 2.517028e+03 2.000000e-01
         vertex -1.579904e+04 2.517028e+03 5.421011e-17
      endloop
   endfacet
   facet normal 9.969827e-01 7.762396e-02 0.000000e+00
      outer loop
         vertex -1.579905e+04 2.517196e+03 2.000000e-01
         vertex -1.579904e+04 2.517098e+03 2.000000e-01
         vertex -1.579905e+04 2.517196e+03 -1.084202e-16
      endloop
   endfacet
   facet normal 9.969827e-01 7.762396e-02 0.000000e+00
      outer loop
         vertex -1.579905e+04 2.517196e+03 -1.084202e-16
         vertex -1.579904e+04 2.517098e+03 2.000000e-01
         vertex -1.579904e+04 2.517098e+03 -1.084202e-16
      endloop
   endfacet
   facet normal 9.931173e-01 1.171244e-01 0.000000e+00
      outer loop
         vertex -1.579906e+04 2.517293e+03 2.000000e-01
         vertex -1.579905e+04 2.517196e+03 2.000000e-01
         vertex -1.579906e+04 2.517293e+03 5.421011e-17
      endloop
   endfacet
   facet normal 9.931173e-01 1.171244e-01 0.000000e+00
      outer loop
         vertex -1.579906e+04 2.517293e+03 5.421011e-17
         vertex -1.579905e+04 2.517196e+03 2.000000e-01
         vertex -1.579905e+04 2.517196e+03 5.421011e-17
      endloop
   endfacet
   facet normal 9.847104e-01 1.741994e-01 0.000000e+00
      outer loop
         vertex -1.579908e+04 2.517390e+03 2.000000e-01
         vertex -1.579906e+04 2.517293e+03 2.000000e-01
         vertex -1.579908e+04 2.517390e+03 0.000000e+00
      endloop
   endfacet
   facet normal 9.847104e-01 1.741994e-01 0.000000e+00
      outer loop
         vertex -1.579908e+04 2.517390e+03 0.000000e+00
         vertex -1.579906e+04 2.517293e+03 2.000000e-01
         vertex -1.579906e+04 2.517293e+03 0.000000e+00
      endloop
   endfacet
   facet normal 9.808109e-01 1.949616e-01 0.000000e+00
      outer loop
         vertex -1.579908e+04 2.517390e+03 2.000000e-01
         vertex -1.579908e+04 2.517390e+03 -1.084202e-16
         vertex -1.579960e+04 2.520000e+03 2.000000e-01
      endloop
   endfacet
   facet normal 9.808109e-01 1.949616e-01 0.000000e+00
      outer loop
         vertex -1.579960e+04 2.520000e+03 2.000000e-01
         vertex -1.579908e+04 2.517390e+03 -1.084202e-16
         vertex -1.579960e+04 2.520000e+03 0.000000e+00
      endloop
   endfacet
   facet normal 9.807867e-01 1.950833e-01 0.000000e+00
      outer loop
         vertex -1.579960e+04 2.520000e+03 2.000000e-01
         vertex -1.579960e+04 2.520000e+03 0.000000e+00
         vertex -1.580702e+04 2.557317e+03 2.000000e-01
      endloop
   endfacet
   facet normal 9.807867e-01 1.950833e-01 0.000000e+00
      outer loop
         vertex -1.580702e+04 2.557317e+03 2.000000e-01
         vertex -1.579960e+04 2.520000e+03 0.000000e+00
         vertex -1.580702e+04 2.557317e+03 0.000000e+00
      endloop
   endfacet
   facet normal 9.807886e-01 1.950734e-01 0.000000e+00
      outer loop
         vertex -1.580702e+04 2.557317e+03 2.000000e-01
         vertex -1.580702e+04 2.557317e+03 0.000000e+00
         vertex -1.581054e+04 2.575000e+03 2.000000e-01
      endloop
   endfacet
   facet normal 9.807886e-01 1.950734e-01 0.000000e+00
      outer loop
         vertex -1.581054e+04 2.575000e+03 2.000000e-01
         vertex -1.580702e+04 2.557317e+03 0.000000e+00
         vertex -1.581054e+04 2.575000e+03 0.000000e+00
      endloop
   endfacet
   facet normal 9.807835e-01 1.950995e-01 0.000000e+00
      outer loop
         vertex -1.581054e+04 2.575000e+03 2.000000e-01
         vertex -1.581054e+04 2.575000e+03 0.000000e+00
         vertex -1.582019e+04 2.623527e+03 2.000000e-01
      endloop
   endfacet
   facet normal 9.807835e-01 1.950995e-01 0.000000e+00
      outer loop
         vertex -1.582019e+04 2.623527e+03 2.000000e-01
         vertex -1.581054e+04 2.575000e+03 0.000000e+00
         vertex -1.582019e+04 2.623527e+03 -1.084202e-16
      endloop
   endfacet
   facet normal 9.749397e-01 2.224695e-01 0.000000e+00
      outer loop
         vertex -1.582021e+04 2.623598e+03 2.000000e-01
         vertex -1.582019e+04 2.623527e+03 2.000000e-01
         vertex -1.582021e+04 2.623598e+03 0.000000e+00
      endloop
   endfacet
   facet normal 9.749397e-01 2.224695e-01 0.000000e+00
      outer loop
         vertex -1.582021e+04 2.623598e+03 0.000000e+00
         vertex -1.582019e+04 2.623527e+03 2.000000e-01
         vertex -1.582019e+04 2.623527e+03 0.000000e+00
      endloop
   endfacet
   facet normal 9.655844e-01 2.600901e-01 0.000000e+00
      outer loop
         vertex -1.582022e+04 2.623669e+03 2.000000e-01
         vertex -1.582021e+04 2.623598e+03 2.000000e-01
         vertex -1.582022e+04 2.623669e+03 0.000000e+00
      endloop
   endfacet
   facet normal 9.655844e-01 2.600901e-01 0.000000e+00
      outer loop
         vertex -1.582022e+04 2.623669e+03 0.000000e+00
         vertex -1.582021e+04 2.623598e+03 2.000000e-01
         vertex -1.582021e+04 2.623598e+03 0.000000e+00
      endloop
   endfacet
   facet normal 9.506055e-01 3.104018e-01 0.000000e+00
      outer loop
         vertex -1.582025e+04 2.623739e+03 2.000000e-01
         vertex -1.582022e+04 2.623669e+03 2.000000e-01
         vertex -1.582025e+04 2.623739e+03 0.000000e+00
      endloop
   endfacet
   facet normal 9.506055e-01 3.104018e-01 0.000000e+00
      outer loop
         vertex -1.582025e+04 2.623739e+03 0.000000e+00
         vertex -1.582022e+04 2.623669e+03 2.000000e-01
         vertex -1.582022e+04 2.623669e+03 0.000000e+00
      endloop
   endfacet
   facet normal 9.262185e-01 3.769872e-01 0.000000e+00
      outer loop
         vertex -1.582028e+04 2.623807e+03 2.000000e-01
         vertex -1.582025e+04 2.623739e+03 2.000000e-01
         vertex -1.582028e+04 2.623807e+03 0.000000e+00
      endloop
   endfacet
   facet normal 9.262185e-01 3.769872e-01 0.000000e+00
      outer loop
         vertex -1.582028e+04 2.623807e+03 0.000000e+00
         vertex -1.582025e+04 2.623739e+03 2.000000e-01
         vertex -1.582025e+04 2.623739e+03 0.000000e+00
      endloop
   endfacet
   facet normal 9.196521e-01 3.927340e-01 0.000000e+00
      outer loop
         vertex -1.582030e+04 2.623874e+03 2.000000e-01
         vertex -1.582028e+04 2.623807e+03 2.000000e-01
         vertex -1.582030e+04 2.623874e+03 0.000000e+00
      endloop
   endfacet
   facet normal 9.196521e-01 3.927340e-01 0.000000e+00
      outer loop
         vertex -1.582030e+04 2.623874e+03 0.000000e+00
         vertex -1.582028e+04 2.623807e+03 2.000000e-01
         vertex -1.582028e+04 2.623807e+03 0.000000e+00
      endloop
   endfacet
   facet normal 8.924857e-01 4.510758e-01 0.000000e+00
      outer loop
         vertex -1.582034e+04 2.623940e+03 2.000000e-01
         vertex -1.582030e+04 2.623874e+03 2.000000e-01
         vertex -1.582034e+04 2.623940e+03 -1.084202e-16
      endloop
   endfacet
   facet normal 8.924857e-01 4.510758e-01 0.000000e+00
      outer loop
         vertex -1.582034e+04 2.623940e+03 -1.084202e-16
         vertex -1.582030e+04 2.623874e+03 2.000000e-01
         vertex -1.582030e+04 2.623874e+03 -1.084202e-16
      endloop
   endfacet
   facet normal 8.666225e-01 4.989644e-01 0.000000e+00
      outer loop
         vertex -1.582037e+04 2.624003e+03 2.000000e-01
         vertex -1.582034e+04 2.623940e+03 2.000000e-01
         vertex -1.582037e+04 2.624003e+03 -1.084202e-16
      endloop
   endfacet
   facet normal 8.666225e-01 4.989644e-01 0.000000e+00
      outer loop
         vertex -1.582037e+04 2.624003e+03 -1.084202e-16
         vertex -1.582034e+04 2.623940e+03 2.000000e-01
         vertex -1.582034e+04 2.623940e+03 -1.084202e-16
      endloop
   endfacet
   facet normal 8.457980e-01 5.335033e-01 0.000000e+00
      outer loop
         vertex -1.582041e+04 2.624065e+03 2.000000e-01
         vertex -1.582037e+04 2.624003e+03 2.000000e-01
         vertex -1.582041e+04 2.624065e+03 -1.084202e-16
      endloop
   endfacet
   facet normal 8.457980e-01 5.335033e-01 0.000000e+00
      outer loop
         vertex -1.582041e+04 2.624065e+03 -1.084202e-16
         vertex -1.582037e+04 2.624003e+03 2.000000e-01
         vertex -1.582037e+04 2.624003e+03 -1.084202e-16
      endloop
   endfacet
   facet normal 8.198428e-01 5.725886e-01 0.000000e+00
      outer loop
         vertex -1.582045e+04 2.624125e+03 2.000000e-01
         vertex -1.582041e+04 2.624065e+03 2.000000e-01
         vertex -1.582045e+04 2.624125e+03 -1.084202e-16
      endloop
   endfacet
   facet normal 8.198428e-01 5.725886e-01 0.000000e+00
      outer loop
         vertex -1.582045e+04 2.624125e+03 -1.084202e-16
         vertex -1.582041e+04 2.624065e+03 2.000000e-01
         vertex -1.582041e+04 2.624065e+03 -1.084202e-16
      endloop
   endfacet
   facet normal 7.846347e-01 6.199583e-01 0.000000e+00
      outer loop
         vertex -1.582050e+04 2.624183e+03 2.000000e-01
         vertex -1.582045e+04 2.624125e+03 2.000000e-01
         vertex -1.582050e+04 2.624183e+03 0.000000e+00
      endloop
   endfacet
   facet normal 7.846347e-01 6.199583e-01 0.000000e+00
      outer loop
         vertex -1.582050e+04 2.624183e+03 0.000000e+00
         vertex -1.582045e+04 2.624125e+03 2.000000e-01
         vertex -1.582045e+04 2.624125e+03 0.000000e+00
      endloop
   endfacet
   facet normal 7.615394e-01 6.481186e-01 0.000000e+00
      outer loop
         vertex -1.582055e+04 2.624239e+03 2.000000e-01
         vertex -1.582050e+04 2.624183e+03 2.000000e-01
         vertex -1.582055e+04 2.624239e+03 0.000000e+00
      endloop
   endfacet
   facet normal 7.615394e-01 6.481186e-01 0.000000e+00
      outer loop
         vertex -1.582055e+04 2.624239e+03 0.000000e+00
         vertex -1.582050e+04 2.624183e+03 2.000000e-01
         vertex -1.582050e+04 2.624183e+03 0.000000e+00
      endloop
   endfacet
   facet normal 7.232076e-01 6.906307e-01 0.000000e+00
      outer loop
         vertex -1.582060e+04 2.624292e+03 2.000000e-01
         vertex -1.582055e+04 2.624239e+03 2.000000e-01
         vertex -1.582060e+04 2.624292e+03 0.000000e+00
      endloop
   endfacet
   facet normal 7.232076e-01 6.906307e-01 0.000000e+00
      outer loop
         vertex -1.582060e+04 2.624292e+03 0.000000e+00
         vertex -1.582055e+04 2.624239e+03 2.000000e-01
         vertex -1.582055e+04 2.624239e+03 0.000000e+00
      endloop
   endfacet
   facet normal 6.839411e-01 7.295372e-01 0.000000e+00
      outer loop
         vertex -1.582065e+04 2.624342e+03 2.000000e-01
         vertex -1.582060e+04 2.624292e+03 2.000000e-01
         vertex -1.582065e+04 2.624342e+03 0.000000e+00
      endloop
   endfacet
   facet normal 6.839411e-01 7.295372e-01 0.000000e+00
      outer loop
         vertex -1.582065e+04 2.624342e+03 0.000000e+00
         vertex -1.582060e+04 2.624292e+03 2.000000e-01
         vertex -1.582060e+04 2.624292e+03 0.000000e+00
      endloop
   endfacet
   facet normal 6.483972e-01 7.613022e-01 0.000000e+00
      outer loop
         vertex -1.582071e+04 2.624390e+03 2.000000e-01
         vertex -1.582065e+04 2.624342e+03 2.000000e-01
         vertex -1.582071e+04 2.624390e+03 0.000000e+00
      endloop
   endfacet
   facet normal 6.483972e-01 7.613022e-01 0.000000e+00
      outer loop
         vertex -1.582071e+04 2.624390e+03 0.000000e+00
         vertex -1.582065e+04 2.624342e+03 2.000000e-01
         vertex -1.582065e+04 2.624342e+03 0.000000e+00
      endloop
   endfacet
   facet normal 6.123692e-01 7.905719e-01 0.000000e+00
      outer loop
         vertex -1.582077e+04 2.624435e+03 2.000000e-01
         vertex -1.582071e+04 2.624390e+03 2.000000e-01
         vertex -1.582077e+04 2.624435e+03 0.000000e+00
      endloop
   endfacet
   facet normal 6.123692e-01 7.905719e-01 0.000000e+00
      outer loop
         vertex -1.582077e+04 2.624435e+03 0.000000e+00
         vertex -1.582071e+04 2.624390e+03 2.000000e-01
         vertex -1.582071e+04 2.624390e+03 0.000000e+00
      endloop
   endfacet
   facet normal 5.787470e-01 8.155071e-01 0.000000e+00
      outer loop
         vertex -1.582083e+04 2.624477e+03 2.000000e-01
         vertex -1.582077e+04 2.624435e+03 2.000000e-01
         vertex -1.582083e+04 2.624477e+03 0.000000e+00
      endloop
   endfacet
   facet normal 5.787470e-01 8.155071e-01 0.000000e+00
      outer loop
         vertex -1.582083e+04 2.624477e+03 0.000000e+00
         vertex -1.582077e+04 2.624435e+03 2.000000e-01
         vertex -1.582077e+04 2.624435e+03 0.000000e+00
      endloop
   endfacet
   facet normal 5.335033e-01 8.457980e-01 0.000000e+00
      outer loop
         vertex -1.582089e+04 2.624516e+03 2.000000e-01
         vertex -1.582083e+04 2.624477e+03 2.000000e-01
         vertex -1.582089e+04 2.624516e+03 0.000000e+00
      endloop
   endfacet
   facet normal 5.335033e-01 8.457980e-01 0.000000e+00
      outer loop
         vertex -1.582089e+04 2.624516e+03 0.000000e+00
         vertex -1.582083e+04 2.624477e+03 2.000000e-01
         vertex -1.582083e+04 2.624477e+03 0.000000e+00
      endloop
   endfacet
   facet normal 4.853700e-01 8.743089e-01 0.000000e+00
      outer loop
         vertex -1.582095e+04 2.624552e+03 2.000000e-01
         vertex -1.582089e+04 2.624516e+03 2.000000e-01
         vertex -1.582095e+04 2.624552e+03 -1.084202e-16
      endloop
   endfacet
   facet normal 4.853700e-01 8.743089e-01 0.000000e+00
      outer loop
         vertex -1.582095e+04 2.624552e+03 -1.084202e-16
         vertex -1.582089e+04 2.624516e+03 2.000000e-01
         vertex -1.582089e+04 2.624516e+03 -1.084202e-16
      endloop
   endfacet
   facet normal 4.524517e-01 8.917889e-01 0.000000e+00
      outer loop
         vertex -1.582102e+04 2.624585e+03 2.000000e-01
         vertex -1.582095e+04 2.624552e+03 2.000000e-01
         vertex -1.582102e+04 2.624585e+03 -1.084202e-16
      endloop
   endfacet
   facet normal 4.524517e-01 8.917889e-01 0.000000e+00
      outer loop
         vertex -1.582102e+04 2.624585e+03 -1.084202e-16
         vertex -1.582095e+04 2.624552e+03 2.000000e-01
         vertex -1.582095e+04 2.624552e+03 -1.084202e-16
      endloop
   endfacet
   facet normal 4.103647e-01 9.119215e-01 0.000000e+00
      outer loop
         vertex -1.582108e+04 2.624615e+03 2.000000e-01
         vertex -1.582102e+04 2.624585e+03 2.000000e-01
         vertex -1.582108e+04 2.624615e+03 0.000000e+00
      endloop
   endfacet
   facet normal 4.103647e-01 9.119215e-01 0.000000e+00
      outer loop
         vertex -1.582108e+04 2.624615e+03 0.000000e+00
         vertex -1.582102e+04 2.624585e+03 2.000000e-01
         vertex -1.582102e+04 2.624585e+03 0.000000e+00
      endloop
   endfacet
   facet normal 3.539689e-01 9.352572e-01 0.000000e+00
      outer loop
         vertex -1.582115e+04 2.624641e+03 2.000000e-01
         vertex -1.582108e+04 2.624615e+03 2.000000e-01
         vertex -1.582115e+04 2.624641e+03 0.000000e+00
      endloop
   endfacet
   facet normal 3.539689e-01 9.352572e-01 0.000000e+00
      outer loop
         vertex -1.582115e+04 2.624641e+03 0.000000e+00
         vertex -1.582108e+04 2.624615e+03 2.000000e-01
         vertex -1.582108e+04 2.624615e+03 0.000000e+00
      endloop
   endfacet
   facet normal 3.152526e-01 9.490078e-01 0.000000e+00
      outer loop
         vertex -1.582122e+04 2.624664e+03 2.000000e-01
         vertex -1.582115e+04 2.624641e+03 2.000000e-01
         vertex -1.582122e+04 2.624664e+03 -1.084202e-16
      endloop
   endfacet
   facet normal 3.152526e-01 9.490078e-01 0.000000e+00
      outer loop
         vertex -1.582122e+04 2.624664e+03 -1.084202e-16
         vertex -1.582115e+04 2.624641e+03 2.000000e-01
         vertex -1.582115e+04 2.624641e+03 -1.084202e-16
      endloop
   endfacet
   facet normal 2.578658e-01 9.661807e-01 0.000000e+00
      outer loop
         vertex -1.582129e+04 2.624683e+03 2.000000e-01
         vertex -1.582122e+04 2.624664e+03 2.000000e-01
         vertex -1.582129e+04 2.624683e+03 0.000000e+00
      endloop
   endfacet
   facet normal 2.578658e-01 9.661807e-01 0.000000e+00
      outer loop
         vertex -1.582129e+04 2.624683e+03 0.000000e+00
         vertex -1.582122e+04 2.624664e+03 2.000000e-01
         vertex -1.582122e+04 2.624664e+03 0.000000e+00
      endloop
   endfacet
   facet normal 2.182898e-01 9.758840e-01 0.000000e+00
      outer loop
         vertex -1.582137e+04 2.624699e+03 2.000000e-01
         vertex -1.582129e+04 2.624683e+03 2.000000e-01
         vertex -1.582137e+04 2.624699e+03 0.000000e+00
      endloop
   endfacet
   facet normal 2.182898e-01 9.758840e-01 0.000000e+00
      outer loop
         vertex -1.582137e+04 2.624699e+03 0.000000e+00
         vertex -1.582129e+04 2.624683e+03 2.000000e-01
         vertex -1.582129e+04 2.624683e+03 0.000000e+00
      endloop
   endfacet
   facet normal 1.771530e-01 9.841833e-01 0.000000e+00
      outer loop
         vertex -1.582144e+04 2.624712e+03 2.000000e-01
         vertex -1.582137e+04 2.624699e+03 2.000000e-01
         vertex -1.582144e+04 2.624712e+03 0.000000e+00
      endloop
   endfacet
   facet normal 1.771530e-01 9.841833e-01 0.000000e+00
      outer loop
         vertex -1.582144e+04 2.624712e+03 0.000000e+00
         vertex -1.582137e+04 2.624699e+03 2.000000e-01
         vertex -1.582137e+04 2.624699e+03 0.000000e+00
      endloop
   endfacet
   facet normal 1.097231e-01 9.939622e-01 0.000000e+00
      outer loop
         vertex -1.582151e+04 2.624720e+03 2.000000e-01
         vertex -1.582144e+04 2.624712e+03 2.000000e-01
         vertex -1.582151e+04 2.624720e+03 -1.084202e-16
      endloop
   endfacet
   facet normal 1.097231e-01 9.939622e-01 0.000000e+00
      outer loop
         vertex -1.582151e+04 2.624720e+03 -1.084202e-16
         vertex -1.582144e+04 2.624712e+03 2.000000e-01
         vertex -1.582144e+04 2.624712e+03 -1.084202e-16
      endloop
   endfacet
   facet normal 8.196016e-02 9.966356e-01 0.000000e+00
      outer loop
         vertex -1.582158e+04 2.624726e+03 2.000000e-01
         vertex -1.582151e+04 2.624720e+03 2.000000e-01
         vertex -1.582158e+04 2.624726e+03 0.000000e+00
      endloop
   endfacet
   facet normal 8.196016e-02 9.966356e-01 0.000000e+00
      outer loop
         vertex -1.582158e+04 2.624726e+03 0.000000e+00
         vertex -1.582151e+04 2.624720e+03 2.000000e-01
         vertex -1.582151e+04 2.624720e+03 0.000000e+00
      endloop
   endfacet
   facet normal 1.298592e-02 9.999157e-01 0.000000e+00
      outer loop
         vertex -1.582166e+04 2.624727e+03 2.000000e-01
         vertex -1.582158e+04 2.624726e+03 2.000000e-01
         vertex -1.582166e+04 2.624727e+03 -1.084202e-16
      endloop
   endfacet
   facet normal 1.298592e-02 9.999157e-01 0.000000e+00
      outer loop
         vertex -1.582166e+04 2.624727e+03 -1.084202e-16
         vertex -1.582158e+04 2.624726e+03 2.000000e-01
         vertex -1.582158e+04 2.624726e+03 -1.084202e-16
      endloop
   endfacet
   facet normal -2.596527e-02 9.996628e-01 0.000000e+00
      outer loop
         vertex -1.582173e+04 2.624725e+03 2.000000e-01
         vertex -1.582166e+04 2.624727e+03 2.000000e-01
         vertex -1.582173e+04 2.624725e+03 0.000000e+00
      endloop
   endfacet
   facet normal -2.596527e-02 9.996628e-01 0.000000e+00
      outer loop
         vertex -1.582173e+04 2.624725e+03 0.000000e+00
         vertex -1.582166e+04 2.624727e+03 2.000000e-01
         vertex -1.582166e+04 2.624727e+03 0.000000e+00
      endloop
   endfacet
   facet normal -6.802389e-02 9.976837e-01 0.000000e+00
      outer loop
         vertex -1.582180e+04 2.624720e+03 2.000000e-01
         vertex -1.582173e+04 2.624725e+03 2.000000e-01
         vertex -1.582180e+04 2.624720e+03 0.000000e+00
      endloop
   endfacet
   facet normal -6.802389e-02 9.976837e-01 0.000000e+00
      outer loop
         vertex -1.582180e+04 2.624720e+03 0.000000e+00
         vertex -1.582173e+04 2.624725e+03 2.000000e-01
         vertex -1.582173e+04 2.624725e+03 0.000000e+00
      endloop
   endfacet
   facet normal -1.368579e-01 9.905907e-01 0.000000e+00
      outer loop
         vertex -1.582188e+04 2.624710e+03 2.000000e-01
         vertex -1.582180e+04 2.624720e+03 2.000000e-01
         vertex -1.582188e+04 2.624710e+03 0.000000e+00
      endloop
   endfacet
   facet normal -1.368579e-01 9.905907e-01 0.000000e+00
      outer loop
         vertex -1.582188e+04 2.624710e+03 0.000000e+00
         vertex -1.582180e+04 2.624720e+03 2.000000e-01
         vertex -1.582180e+04 2.624720e+03 0.000000e+00
      endloop
   endfacet
   facet normal -1.654510e-01 9.862180e-01 0.000000e+00
      outer loop
         vertex -1.582195e+04 2.624698e+03 2.000000e-01
         vertex -1.582188e+04 2.624710e+03 2.000000e-01
         vertex -1.582195e+04 2.624698e+03 -1.084202e-16
      endloop
   endfacet
   facet normal -1.654510e-01 9.862180e-01 0.000000e+00
      outer loop
         vertex -1.582195e+04 2.624698e+03 -1.084202e-16
         vertex -1.582188e+04 2.624710e+03 2.000000e-01
         vertex -1.582188e+04 2.624710e+03 -1.084202e-16
      endloop
   endfacet
   facet normal -1.986018e-01 9.800803e-01 0.000000e+00
      outer loop
         vertex -1.582345e+04 2.624394e+03 2.000000e-01
         vertex -1.582195e+04 2.624698e+03 2.000000e-01
         vertex -1.582345e+04 2.624394e+03 -1.084202e-16
      endloop
   endfacet
   facet normal -1.986018e-01 9.800803e-01 0.000000e+00
      outer loop
         vertex -1.582345e+04 2.624394e+03 -1.084202e-16
         vertex -1.582195e+04 2.624698e+03 2.000000e-01
         vertex -1.582195e+04 2.624698e+03 -1.084202e-16
      endloop
   endfacet
   facet normal -2.082920e-01 9.780667e-01 0.000000e+00
      outer loop
         vertex -1.582350e+04 2.624383e+03 2.000000e-01
         vertex -1.582345e+04 2.624394e+03 2.000000e-01
         vertex -1.582350e+04 2.624383e+03 0.000000e+00
      endloop
   endfacet
   facet normal -2.082920e-01 9.780667e-01 0.000000e+00
      outer loop
         vertex -1.582350e+04 2.624383e+03 0.000000e+00
         vertex -1.582345e+04 2.624394e+03 2.000000e-01
         vertex -1.582345e+04 2.624394e+03 0.000000e+00
      endloop
   endfacet
   facet normal -2.240118e-01 9.745864e-01 0.000000e+00
      outer loop
         vertex -1.582642e+04 2.623711e+03 2.000000e-01
         vertex -1.582350e+04 2.624383e+03 2.000000e-01
         vertex -1.582642e+04 2.623711e+03 0.000000e+00
      endloop
   endfacet
   facet normal -2.240118e-01 9.745864e-01 0.000000e+00
      outer loop
         vertex -1.582642e+04 2.623711e+03 0.000000e+00
         vertex -1.582350e+04 2.624383e+03 2.000000e-01
         vertex -1.582350e+04 2.624383e+03 0.000000e+00
      endloop
   endfacet
   facet normal -2.297927e-01 9.732396e-01 0.000000e+00
      outer loop
         vertex -1.582647e+04 2.623699e+03 2.000000e-01
         vertex -1.582642e+04 2.623711e+03 2.000000e-01
         vertex -1.582647e+04 2.623699e+03 0.000000e+00
      endloop
   endfacet
   facet normal -2.297927e-01 9.732396e-01 0.000000e+00
      outer loop
         vertex -1.582647e+04 2.623699e+03 0.000000e+00
         vertex -1.582642e+04 2.623711e+03 2.000000e-01
         vertex -1.582642e+04 2.623711e+03 0.000000e+00
      endloop
   endfacet
   facet normal -2.497121e-01 9.683201e-01 0.000000e+00
      outer loop
         vertex -1.582938e+04 2.622950e+03 2.000000e-01
         vertex -1.582647e+04 2.623699e+03 2.000000e-01
         vertex -1.582938e+04 2.622950e+03 0.000000e+00
      endloop
   endfacet
   facet normal -2.497121e-01 9.683201e-01 0.000000e+00
      outer loop
         vertex -1.582938e+04 2.622950e+03 0.000000e+00
         vertex -1.582647e+04 2.623699e+03 2.000000e-01
         vertex -1.582647e+04 2.623699e+03 0.000000e+00
      endloop
   endfacet
   facet normal -2.681126e-01 9.633876e-01 0.000000e+00
      outer loop
         vertex -1.582943e+04 2.622936e+03 2.000000e-01
         vertex -1.582938e+04 2.622950e+03 2.000000e-01
         vertex -1.582943e+04 2.622936e+03 0.000000e+00
      endloop
   endfacet
   facet normal -2.681126e-01 9.633876e-01 0.000000e+00
      outer loop
         vertex -1.582943e+04 2.622936e+03 0.000000e+00
         vertex -1.582938e+04 2.622950e+03 2.000000e-01
         vertex -1.582938e+04 2.622950e+03 0.000000e+00
      endloop
   endfacet
   facet normal -2.749733e-01 9.614519e-01 0.000000e+00
      outer loop
         vertex -1.583231e+04 2.622112e+03 2.000000e-01
         vertex -1.582943e+04 2.622936e+03 2.000000e-01
         vertex -1.583231e+04 2.622112e+03 -1.084202e-16
      endloop
   endfacet
   facet normal -2.749733e-01 9.614519e-01 0.000000e+00
      outer loop
         vertex -1.583231e+04 2.622112e+03 -1.084202e-16
         vertex -1.582943e+04 2.622936e+03 2.000000e-01
         vertex -1.582943e+04 2.622936e+03 -1.084202e-16
      endloop
   endfacet
   facet normal -2.800000e-01 9.600000e-01 0.000000e+00
      outer loop
         vertex -1.583236e+04 2.622097e+03 2.000000e-01
         vertex -1.583231e+04 2.622112e+03 2.000000e-01
         vertex -1.583236e+04 2.622097e+03 -1.084202e-16
      endloop
   endfacet
   facet normal -2.800000e-01 9.600000e-01 0.000000e+00
      outer loop
         vertex -1.583236e+04 2.622097e+03 -1.084202e-16
         vertex -1.583231e+04 2.622112e+03 2.000000e-01
         vertex -1.583231e+04 2.622112e+03 -1.084202e-16
      endloop
   endfacet
   facet normal -3.006478e-01 9.537352e-01 0.000000e+00
      outer loop
         vertex -1.583522e+04 2.621196e+03 2.000000e-01
         vertex -1.583236e+04 2.622097e+03 2.000000e-01
         vertex -1.583522e+04 2.621196e+03 -1.084202e-16
      endloop
   endfacet
   facet normal -3.006478e-01 9.537352e-01 0.000000e+00
      outer loop
         vertex -1.583522e+04 2.621196e+03 -1.084202e-16
         vertex -1.583236e+04 2.622097e+03 2.000000e-01
         vertex -1.583236e+04 2.622097e+03 -1.084202e-16
      endloop
   endfacet
   facet normal -3.066016e-01 9.518379e-01 0.000000e+00
      outer loop
         vertex -1.583527e+04 2.621180e+03 2.000000e-01
         vertex -1.583522e+04 2.621196e+03 2.000000e-01
         vertex -1.583527e+04 2.621180e+03 -1.084202e-16
      endloop
   endfacet
   facet normal -3.066016e-01 9.518379e-01 0.000000e+00
      outer loop
         vertex -1.583527e+04 2.621180e+03 -1.084202e-16
         vertex -1.583522e+04 2.621196e+03 2.000000e-01
         vertex -1.583522e+04 2.621196e+03 -1.084202e-16
      endloop
   endfacet
   facet normal -3.256226e-01 9.454998e-01 0.000000e+00
      outer loop
         vertex -1.583810e+04 2.620205e+03 2.000000e-01
         vertex -1.583527e+04 2.621180e+03 2.000000e-01
         vertex -1.583810e+04 2.620205e+03 0.000000e+00
      endloop
   endfacet
   facet normal -3.256226e-01 9.454998e-01 0.000000e+00
      outer loop
         vertex -1.583810e+04 2.620205e+03 0.000000e+00
         vertex -1.583527e+04 2.621180e+03 2.000000e-01
         vertex -1.583527e+04 2.621180e+03 0.000000e+00
      endloop
   endfacet
   facet normal -3.391999e-01 9.407143e-01 0.000000e+00
      outer loop
         vertex -1.583815e+04 2.620187e+03 2.000000e-01
         vertex -1.583810e+04 2.620205e+03 2.000000e-01
         vertex -1.583815e+04 2.620187e+03 0.000000e+00
      endloop
   endfacet
   facet normal -3.391999e-01 9.407143e-01 0.000000e+00
      outer loop
         vertex -1.583815e+04 2.620187e+03 0.000000e+00
         vertex -1.583810e+04 2.620205e+03 2.000000e-01
         vertex -1.583810e+04 2.620205e+03 0.000000e+00
      endloop
   endfacet
   facet normal -3.508092e-01 9.364470e-01 0.000000e+00
      outer loop
         vertex -1.584095e+04 2.619137e+03 2.000000e-01
         vertex -1.583815e+04 2.620187e+03 2.000000e-01
         vertex -1.584095e+04 2.619137e+03 0.000000e+00
      endloop
   endfacet
   facet normal -3.508092e-01 9.364470e-01 0.000000e+00
      outer loop
         vertex -1.584095e+04 2.619137e+03 0.000000e+00
         vertex -1.583815e+04 2.620187e+03 2.000000e-01
         vertex -1.583815e+04 2.620187e+03 0.000000e+00
      endloop
   endfacet
   facet normal -3.530573e-01 9.356017e-01 0.000000e+00
      outer loop
         vertex -1.584100e+04 2.619118e+03 2.000000e-01
         vertex -1.584095e+04 2.619137e+03 2.000000e-01
         vertex -1.584100e+04 2.619118e+03 -1.084202e-16
      endloop
   endfacet
   facet normal -3.530573e-01 9.356017e-01 0.000000e+00
      outer loop
         vertex -1.584100e+04 2.619118e+03 -1.084202e-16
         vertex -1.584095e+04 2.619137e+03 2.000000e-01
         vertex -1.584095e+04 2.619137e+03 -1.084202e-16
      endloop
   endfacet
   facet normal -3.751536e-01 9.269627e-01 0.000000e+00
      outer loop
         vertex -1.584378e+04 2.617996e+03 2.000000e-01
         vertex -1.584100e+04 2.619118e+03 2.000000e-01
         vertex -1.584378e+04 2.617996e+03 -1.084202e-16
      endloop
   endfacet
   facet normal -3.751536e-01 9.269627e-01 0.000000e+00
      outer loop
         vertex -1.584378e+04 2.617996e+03 -1.084202e-16
         vertex -1.584100e+04 2.619118e+03 2.000000e-01
         vertex -1.584100e+04 2.619118e+03 -1.084202e-16
      endloop
   endfacet
   facet normal -3.896400e-01 9.209673e-01 0.000000e+00
      outer loop
         vertex -1.584383e+04 2.617975e+03 2.000000e-01
         vertex -1.584378e+04 2.617996e+03 2.000000e-01
         vertex -1.584383e+04 2.617975e+03 0.000000e+00
      endloop
   endfacet
   facet normal -3.896400e-01 9.209673e-01 0.000000e+00
      outer loop
         vertex -1.584383e+04 2.617975e+03 0.000000e+00
         vertex -1.584378e+04 2.617996e+03 2.000000e-01
         vertex -1.584378e+04 2.617996e+03 0.000000e+00
      endloop
   endfacet
   facet normal -3.997641e-01 9.166180e-01 0.000000e+00
      outer loop
         vertex -1.584657e+04 2.616780e+03 2.000000e-01
         vertex -1.584383e+04 2.617975e+03 2.000000e-01
         vertex -1.584657e+04 2.616780e+03 -1.084202e-16
      endloop
   endfacet
   facet normal -3.997641e-01 9.166180e-01 0.000000e+00
      outer loop
         vertex -1.584657e+04 2.616780e+03 -1.084202e-16
         vertex -1.584383e+04 2.617975e+03 2.000000e-01
         vertex -1.584383e+04 2.617975e+03 -1.084202e-16
      endloop
   endfacet
   facet normal -4.111078e-01 9.115868e-01 0.000000e+00
      outer loop
         vertex -1.584661e+04 2.616758e+03 2.000000e-01
         vertex -1.584657e+04 2.616780e+03 2.000000e-01
         vertex -1.584661e+04 2.616758e+03 -1.084202e-16
      endloop
   endfacet
   facet normal -4.111078e-01 9.115868e-01 0.000000e+00
      outer loop
         vertex -1.584661e+04 2.616758e+03 -1.084202e-16
         vertex -1.584657e+04 2.616780e+03 2.000000e-01
         vertex -1.584657e+04 2.616780e+03 -1.084202e-16
      endloop
   endfacet
   facet normal -4.240250e-01 9.056505e-01 0.000000e+00
      outer loop
         vertex -1.584932e+04 2.615491e+03 2.000000e-01
         vertex -1.584661e+04 2.616758e+03 2.000000e-01
         vertex -1.584932e+04 2.615491e+03 0.000000e+00
      endloop
   endfacet
   facet normal -4.240250e-01 9.056505e-01 0.000000e+00
      outer loop
         vertex -1.584932e+04 2.615491e+03 0.000000e+00
         vertex -1.584661e+04 2.616758e+03 2.000000e-01
         vertex -1.584661e+04 2.616758e+03 0.000000e+00
      endloop
   endfacet
   facet normal -4.327311e-01 9.015231e-01 0.000000e+00
      outer loop
         vertex -1.584937e+04 2.615468e+03 2.000000e-01
         vertex -1.584932e+04 2.615491e+03 2.000000e-01
         vertex -1.584937e+04 2.615468e+03 0.000000e+00
      endloop
   endfacet
   facet normal -4.327311e-01 9.015231e-01 0.000000e+00
      outer loop
         vertex -1.584937e+04 2.615468e+03 0.000000e+00
         vertex -1.584932e+04 2.615491e+03 2.000000e-01
         vertex -1.584932e+04 2.615491e+03 0.000000e+00
      endloop
   endfacet
   facet normal -4.479798e-01 8.940437e-01 0.000000e+00
      outer loop
         vertex -1.585204e+04 2.614130e+03 2.000000e-01
         vertex -1.584937e+04 2.615468e+03 2.000000e-01
         vertex -1.585204e+04 2.614130e+03 0.000000e+00
      endloop
   endfacet
   facet normal -4.479798e-01 8.940437e-01 0.000000e+00
      outer loop
         vertex -1.585204e+04 2.614130e+03 0.000000e+00
         vertex -1.584937e+04 2.615468e+03 2.000000e-01
         vertex -1.584937e+04 2.615468e+03 0.000000e+00
      endloop
   endfacet
   facet normal -4.507806e-01 8.926348e-01 0.000000e+00
      outer loop
         vertex -1.585209e+04 2.614106e+03 2.000000e-01
         vertex -1.585204e+04 2.614130e+03 2.000000e-01
         vertex -1.585209e+04 2.614106e+03 -1.084202e-16
      endloop
   endfacet
   facet normal -4.507806e-01 8.926348e-01 0.000000e+00
      outer loop
         vertex -1.585209e+04 2.614106e+03 -1.084202e-16
         vertex -1.585204e+04 2.614130e+03 2.000000e-01
         vertex -1.585204e+04 2.614130e+03 -1.084202e-16
      endloop
   endfacet
   facet normal -4.717779e-01 8.817174e-01 0.000000e+00
      outer loop
         vertex -1.585472e+04 2.612698e+03 2.000000e-01
         vertex -1.585209e+04 2.614106e+03 2.000000e-01
         vertex -1.585472e+04 2.612698e+03 0.000000e+00
      endloop
   endfacet
   facet normal -4.717779e-01 8.817174e-01 0.000000e+00
      outer loop
         vertex -1.585472e+04 2.612698e+03 0.000000e+00
         vertex -1.585209e+04 2.614106e+03 2.000000e-01
         vertex -1.585209e+04 2.614106e+03 0.000000e+00
      endloop
   endfacet
   facet normal -4.860215e-01 8.739469e-01 0.000000e+00
      outer loop
         vertex -1.585476e+04 2.612672e+03 2.000000e-01
         vertex -1.585472e+04 2.612698e+03 2.000000e-01
         vertex -1.585476e+04 2.612672e+03 0.000000e+00
      endloop
   endfacet
   facet normal -4.860215e-01 8.739469e-01 0.000000e+00
      outer loop
         vertex -1.585476e+04 2.612672e+03 0.000000e+00
         vertex -1.585472e+04 2.612698e+03 2.000000e-01
         vertex -1.585472e+04 2.612698e+03 0.000000e+00
      endloop
   endfacet
   facet normal -4.948386e-01 8.689849e-01 0.000000e+00
      outer loop
         vertex -1.585736e+04 2.611196e+03 2.000000e-01
         vertex -1.585476e+04 2.612672e+03 2.000000e-01
         vertex -1.585736e+04 2.611196e+03 -1.084202e-16
      endloop
   endfacet
   facet normal -4.948386e-01 8.689849e-01 0.000000e+00
      outer loop
         vertex -1.585736e+04 2.611196e+03 -1.084202e-16
         vertex -1.585476e+04 2.612672e+03 2.000000e-01
         vertex -1.585476e+04 2.612672e+03 -1.084202e-16
      endloop
   endfacet
   facet normal -5.072163e-01 8.618188e-01 0.000000e+00
      outer loop
         vertex -1.585740e+04 2.611169e+03 2.000000e-01
         vertex -1.585736e+04 2.611196e+03 2.000000e-01
         vertex -1.585740e+04 2.611169e+03 0.000000e+00
      endloop
   endfacet
   facet normal -5.072163e-01 8.618188e-01 0.000000e+00
      outer loop
         vertex -1.585740e+04 2.611169e+03 0.000000e+00
         vertex -1.585736e+04 2.611196e+03 2.000000e-01
         vertex -1.585736e+04 2.611196e+03 0.000000e+00
      endloop
   endfacet
   facet normal -5.179259e-01 8.554255e-01 0.000000e+00
      outer loop
         vertex -1.585995e+04 2.609625e+03 2.000000e-01
         vertex -1.585740e+04 2.611169e+03 2.000000e-01
         vertex -1.585995e+04 2.609625e+03 0.000000e+00
      endloop
   endfacet
   facet normal -5.179259e-01 8.554255e-01 0.000000e+00
      outer loop
         vertex -1.585995e+04 2.609625e+03 0.000000e+00
         vertex -1.585740e+04 2.611169e+03 2.000000e-01
         vertex -1.585740e+04 2.611169e+03 0.000000e+00
      endloop
   endfacet
   facet normal -5.316178e-01 8.469843e-01 0.000000e+00
      outer loop
         vertex -1.586000e+04 2.609597e+03 2.000000e-01
         vertex -1.585995e+04 2.609625e+03 2.000000e-01
         vertex -1.586000e+04 2.609597e+03 0.000000e+00
      endloop
   endfacet
   facet normal -5.316178e-01 8.469843e-01 0.000000e+00
      outer loop
         vertex -1.586000e+04 2.609597e+03 0.000000e+00
         vertex -1.585995e+04 2.609625e+03 2.000000e-01
         vertex -1.585995e+04 2.609625e+03 0.000000e+00
      endloop
   endfacet
   facet normal -5.404906e-01 8.413501e-01 0.000000e+00
      outer loop
         vertex -1.586250e+04 2.607987e+03 2.000000e-01
         vertex -1.586000e+04 2.609597e+03 2.000000e-01
         vertex -1.586250e+04 2.607987e+03 0.000000e+00
      endloop
   endfacet
   facet normal -5.404906e-01 8.413501e-01 0.000000e+00
      outer loop
         vertex -1.586250e+04 2.607987e+03 0.000000e+00
         vertex -1.586000e+04 2.609597e+03 2.000000e-01
         vertex -1.586000e+04 2.609597e+03 0.000000e+00
      endloop
   endfacet
   facet normal -5.567379e-01 8.306882e-01 0.000000e+00
      outer loop
         vertex -1.586255e+04 2.607957e+03 2.000000e-01
         vertex -1.586250e+04 2.607987e+03 2.000000e-01
         vertex -1.586255e+04 2.607957e+03 0.000000e+00
      endloop
   endfacet
   facet normal -5.567379e-01 8.306882e-01 0.000000e+00
      outer loop
         vertex -1.586255e+04 2.607957e+03 0.000000e+00
         vertex -1.586250e+04 2.607987e+03 2.000000e-01
         vertex -1.586250e+04 2.607987e+03 0.000000e+00
      endloop
   endfacet
   facet normal -5.627153e-01 8.266508e-01 0.000000e+00
      outer loop
         vertex -1.586501e+04 2.606282e+03 2.000000e-01
         vertex -1.586255e+04 2.607957e+03 2.000000e-01
         vertex -1.586501e+04 2.606282e+03 0.000000e+00
      endloop
   endfacet
   facet normal -5.627153e-01 8.266508e-01 0.000000e+00
      outer loop
         vertex -1.586501e+04 2.606282e+03 0.000000e+00
         vertex -1.586255e+04 2.607957e+03 2.000000e-01
         vertex -1.586255e+04 2.607957e+03 0.000000e+00
      endloop
   endfacet
   facet normal -5.854906e-01 8.106792e-01 0.000000e+00
      outer loop
         vertex -1.586501e+04 2.606282e+03 2.000000e-01
         vertex -1.586501e+04 2.606282e+03 0.000000e+00
         vertex -1.586505e+04 2.606251e+03 2.000000e-01
      endloop
   endfacet
   facet normal -5.854906e-01 8.106792e-01 0.000000e+00
      outer loop
         vertex -1.586505e+04 2.606251e+03 2.000000e-01
         vertex -1.586501e+04 2.606282e+03 0.000000e+00
         vertex -1.586505e+04 2.606251e+03 0.000000e+00
      endloop
   endfacet
   facet normal -5.849125e-01 8.110964e-01 0.000000e+00
      outer loop
         vertex -1.586505e+04 2.606251e+03 2.000000e-01
         vertex -1.586505e+04 2.606251e+03 0.000000e+00
         vertex -1.586679e+04 2.605000e+03 2.000000e-01
      endloop
   endfacet
   facet normal -5.849125e-01 8.110964e-01 0.000000e+00
      outer loop
         vertex -1.586679e+04 2.605000e+03 2.000000e-01
         vertex -1.586505e+04 2.606251e+03 0.000000e+00
         vertex -1.586679e+04 2.605000e+03 0.000000e+00
      endloop
   endfacet
   facet normal -5.849281e-01 8.110851e-01 0.000000e+00
      outer loop
         vertex -1.586746e+04 2.604511e+03 2.000000e-01
         vertex -1.586679e+04 2.605000e+03 2.000000e-01
         vertex -1.586746e+04 2.604511e+03 0.000000e+00
      endloop
   endfacet
   facet normal -5.849281e-01 8.110851e-01 0.000000e+00
      outer loop
         vertex -1.586746e+04 2.604511e+03 0.000000e+00
         vertex -1.586679e+04 2.605000e+03 2.000000e-01
         vertex -1.586679e+04 2.605000e+03 0.000000e+00
      endloop
   endfacet
   facet normal -5.971442e-01 8.021339e-01 0.000000e+00
      outer loop
         vertex -1.586751e+04 2.604479e+03 2.000000e-01
         vertex -1.586746e+04 2.604511e+03 2.000000e-01
         vertex -1.586751e+04 2.604479e+03 0.000000e+00
      endloop
   endfacet
   facet normal -5.971442e-01 8.021339e-01 0.000000e+00
      outer loop
         vertex -1.586751e+04 2.604479e+03 0.000000e+00
         vertex -1.586746e+04 2.604511e+03 2.000000e-01
         vertex -1.586746e+04 2.604511e+03 0.000000e+00
      endloop
   endfacet
   facet normal -6.063477e-01 7.951996e-01 0.000000e+00
      outer loop
         vertex -1.586987e+04 2.602677e+03 2.000000e-01
         vertex -1.586751e+04 2.604479e+03 2.000000e-01
         vertex -1.586987e+04 2.602677e+03 0.000000e+00
      endloop
   endfacet
   facet normal -6.063477e-01 7.951996e-01 0.000000e+00
      outer loop
         vertex -1.586987e+04 2.602677e+03 0.000000e+00
         vertex -1.586751e+04 2.604479e+03 2.000000e-01
         vertex -1.586751e+04 2.604479e+03 0.000000e+00
      endloop
   endfacet
   facet normal -6.220391e-01 7.829862e-01 0.000000e+00
      outer loop
         vertex -1.586991e+04 2.602643e+03 2.000000e-01
         vertex -1.586987e+04 2.602677e+03 2.000000e-01
         vertex -1.586991e+04 2.602643e+03 -1.084202e-16
      endloop
   endfacet
   facet normal -6.220391e-01 7.829862e-01 0.000000e+00
      outer loop
         vertex -1.586991e+04 2.602643e+03 -1.084202e-16
         vertex -1.586987e+04 2.602677e+03 2.000000e-01
         vertex -1.586987e+04 2.602677e+03 -1.084202e-16
      endloop
   endfacet
   facet normal -6.276865e-01 7.784662e-01 0.000000e+00
      outer loop
         vertex -1.587222e+04 2.600779e+03 2.000000e-01
         vertex -1.586991e+04 2.602643e+03 2.000000e-01
         vertex -1.587222e+04 2.600779e+03 -1.084202e-16
      endloop
   endfacet
   facet normal -6.276865e-01 7.784662e-01 0.000000e+00
      outer loop
         vertex -1.587222e+04 2.600779e+03 -1.084202e-16
         vertex -1.586991e+04 2.602643e+03 2.000000e-01
         vertex -1.586991e+04 2.602643e+03 -1.084202e-16
      endloop
   endfacet
   facet normal -6.393045e-01 7.689537e-01 0.000000e+00
      outer loop
         vertex -1.587227e+04 2.600745e+03 2.000000e-01
         vertex -1.587222e+04 2.600779e+03 2.000000e-01
         vertex -1.587227e+04 2.600745e+03 0.000000e+00
      endloop
   endfacet
   facet normal -6.393045e-01 7.689537e-01 0.000000e+00
      outer loop
         vertex -1.587227e+04 2.600745e+03 0.000000e+00
         vertex -1.587222e+04 2.600779e+03 2.000000e-01
         vertex -1.587222e+04 2.600779e+03 0.000000e+00
      endloop
   endfacet
   facet normal -6.482078e-01 7.614635e-01 0.000000e+00
      outer loop
         vertex -1.587453e+04 2.598821e+03 2.000000e-01
         vertex -1.587227e+04 2.600745e+03 2.000000e-01
         vertex -1.587453e+04 2.598821e+03 0.000000e+00
      endloop
   endfacet
   facet normal -6.482078e-01 7.614635e-01 0.000000e+00
      outer loop
         vertex -1.587453e+04 2.598821e+03 0.000000e+00
         vertex -1.587227e+04 2.600745e+03 2.000000e-01
         vertex -1.587227e+04 2.600745e+03 0.000000e+00
      endloop
   endfacet
   facet normal -6.684754e-01 7.437342e-01 0.000000e+00
      outer loop
         vertex -1.587457e+04 2.598785e+03 2.000000e-01
         vertex -1.587453e+04 2.598821e+03 2.000000e-01
         vertex -1.587457e+04 2.598785e+03 -1.084202e-16
      endloop
   endfacet
   facet normal -6.684754e-01 7.437342e-01 0.000000e+00
      outer loop
         vertex -1.587457e+04 2.598785e+03 -1.084202e-16
         vertex -1.587453e+04 2.598821e+03 2.000000e-01
         vertex -1.587453e+04 2.598821e+03 -1.084202e-16
      endloop
   endfacet
   facet normal -6.685114e-01 7.437019e-01 0.000000e+00
      outer loop
         vertex -1.587677e+04 2.596803e+03 2.000000e-01
         vertex -1.587457e+04 2.598785e+03 2.000000e-01
         vertex -1.587677e+04 2.596803e+03 -1.084202e-16
      endloop
   endfacet
   facet normal -6.685114e-01 7.437019e-01 0.000000e+00
      outer loop
         vertex -1.587677e+04 2.596803e+03 -1.084202e-16
         vertex -1.587457e+04 2.598785e+03 2.000000e-01
         vertex -1.587457e+04 2.598785e+03 -1.084202e-16
      endloop
   endfacet
   facet normal -6.780984e-01 7.349711e-01 0.000000e+00
      outer loop
         vertex -1.587681e+04 2.596766e+03 2.000000e-01
         vertex -1.587677e+04 2.596803e+03 2.000000e-01
         vertex -1.587681e+04 2.596766e+03 0.000000e+00
      endloop
   endfacet
   facet normal -6.780984e-01 7.349711e-01 0.000000e+00
      outer loop
         vertex -1.587681e+04 2.596766e+03 0.000000e+00
         vertex -1.587677e+04 2.596803e+03 2.000000e-01
         vertex -1.587677e+04 2.596803e+03 0.000000e+00
      endloop
   endfacet
   facet normal -6.885210e-01 7.252164e-01 0.000000e+00
      outer loop
         vertex -1.587896e+04 2.594726e+03 2.000000e-01
         vertex -1.587681e+04 2.596766e+03 2.000000e-01
         vertex -1.587896e+04 2.594726e+03 0.000000e+00
      endloop
   endfacet
   facet normal -6.885210e-01 7.252164e-01 0.000000e+00
      outer loop
         vertex -1.587896e+04 2.594726e+03 0.000000e+00
         vertex -1.587681e+04 2.596766e+03 2.000000e-01
         vertex -1.587681e+04 2.596766e+03 0.000000e+00
      endloop
   endfacet
   facet normal -6.983239e-01 7.157819e-01 0.000000e+00
      outer loop
         vertex -1.587900e+04 2.594688e+03 2.000000e-01
         vertex -1.587896e+04 2.594726e+03 2.000000e-01
         vertex -1.587900e+04 2.594688e+03 -1.084202e-16
      endloop
   endfacet
   facet normal -6.983239e-01 7.157819e-01 0.000000e+00
      outer loop
         vertex -1.587900e+04 2.594688e+03 -1.084202e-16
         vertex -1.587896e+04 2.594726e+03 2.000000e-01
         vertex -1.587896e+04 2.594726e+03 -1.084202e-16
      endloop
   endfacet
   facet normal -7.078713e-01 7.063414e-01 0.000000e+00
      outer loop
         vertex -1.588109e+04 2.592592e+03 2.000000e-01
         vertex -1.587900e+04 2.594688e+03 2.000000e-01
         vertex -1.588109e+04 2.592592e+03 0.000000e+00
      endloop
   endfacet
   facet normal -7.078713e-01 7.063414e-01 0.000000e+00
      outer loop
         vertex -1.588109e+04 2.592592e+03 0.000000e+00
         vertex -1.587900e+04 2.594688e+03 2.000000e-01
         vertex -1.587900e+04 2.594688e+03 0.000000e+00
      endloop
   endfacet
   facet normal -7.157819e-01 6.983239e-01 0.000000e+00
      outer loop
         vertex -1.588113e+04 2.592553e+03 2.000000e-01
         vertex -1.588109e+04 2.592592e+03 2.000000e-01
         vertex -1.588113e+04 2.592553e+03 0.000000e+00
      endloop
   endfacet
   facet normal -7.157819e-01 6.983239e-01 0.000000e+00
      outer loop
         vertex -1.588113e+04 2.592553e+03 0.000000e+00
         vertex -1.588109e+04 2.592592e+03 2.000000e-01
         vertex -1.588109e+04 2.592592e+03 0.000000e+00
      endloop
   endfacet
   facet normal -7.268544e-01 6.867916e-01 0.000000e+00
      outer loop
         vertex -1.588316e+04 2.590403e+03 2.000000e-01
         vertex -1.588113e+04 2.592553e+03 2.000000e-01
         vertex -1.588316e+04 2.590403e+03 -1.084202e-16
      endloop
   endfacet
   facet normal -7.268544e-01 6.867916e-01 0.000000e+00
      outer loop
         vertex -1.588316e+04 2.590403e+03 -1.084202e-16
         vertex -1.588113e+04 2.592553e+03 2.000000e-01
         vertex -1.588113e+04 2.592553e+03 -1.084202e-16
      endloop
   endfacet
   facet normal -7.327935e-01 6.804511e-01 0.000000e+00
      outer loop
         vertex -1.588320e+04 2.590363e+03 2.000000e-01
         vertex -1.588316e+04 2.590403e+03 2.000000e-01
         vertex -1.588320e+04 2.590363e+03 0.000000e+00
      endloop
   endfacet
   facet normal -7.327935e-01 6.804511e-01 0.000000e+00
      outer loop
         vertex -1.588320e+04 2.590363e+03 0.000000e+00
         vertex -1.588316e+04 2.590403e+03 2.000000e-01
         vertex -1.588316e+04 2.590403e+03 0.000000e+00
      endloop
   endfacet
   facet normal -7.449122e-01 6.671626e-01 0.000000e+00
      outer loop
         vertex -1.588517e+04 2.588161e+03 2.000000e-01
         vertex -1.588320e+04 2.590363e+03 2.000000e-01
         vertex -1.588517e+04 2.588161e+03 0.000000e+00
      endloop
   endfacet
   facet normal -7.449122e-01 6.671626e-01 0.000000e+00
      outer loop
         vertex -1.588517e+04 2.588161e+03 0.000000e+00
         vertex -1.588320e+04 2.590363e+03 2.000000e-01
         vertex -1.588320e+04 2.590363e+03 0.000000e+00
      endloop
   endfacet
   facet normal -7.493291e-01 6.621978e-01 0.000000e+00
      outer loop
         vertex -1.588521e+04 2.588120e+03 2.000000e-01
         vertex -1.588517e+04 2.588161e+03 2.000000e-01
         vertex -1.588521e+04 2.588120e+03 0.000000e+00
      endloop
   endfacet
   facet normal -7.493291e-01 6.621978e-01 0.000000e+00
      outer loop
         vertex -1.588521e+04 2.588120e+03 0.000000e+00
         vertex -1.588517e+04 2.588161e+03 2.000000e-01
         vertex -1.588517e+04 2.588161e+03 0.000000e+00
      endloop
   endfacet
   facet normal -7.630494e-01 6.463401e-01 0.000000e+00
      outer loop
         vertex -1.588711e+04 2.585866e+03 2.000000e-01
         vertex -1.588521e+04 2.588120e+03 2.000000e-01
         vertex -1.588711e+04 2.585866e+03 0.000000e+00
      endloop
   endfacet
   facet normal -7.630494e-01 6.463401e-01 0.000000e+00
      outer loop
         vertex -1.588711e+04 2.585866e+03 0.000000e+00
         vertex -1.588521e+04 2.588120e+03 2.000000e-01
         vertex -1.588521e+04 2.588120e+03 0.000000e+00
      endloop
   endfacet
   facet normal -7.739573e-01 6.332378e-01 0.000000e+00
      outer loop
         vertex -1.588715e+04 2.585824e+03 2.000000e-01
         vertex -1.588711e+04 2.585866e+03 2.000000e-01
         vertex -1.588715e+04 2.585824e+03 0.000000e+00
      endloop
   endfacet
   facet normal -7.739573e-01 6.332378e-01 0.000000e+00
      outer loop
         vertex -1.588715e+04 2.585824e+03 0.000000e+00
         vertex -1.588711e+04 2.585866e+03 2.000000e-01
         vertex -1.588711e+04 2.585866e+03 0.000000e+00
      endloop
   endfacet
   facet normal -7.800803e-01 6.256794e-01 0.000000e+00
      outer loop
         vertex -1.588900e+04 2.583521e+03 2.000000e-01
         vertex -1.588715e+04 2.585824e+03 2.000000e-01
         vertex -1.588900e+04 2.583521e+03 0.000000e+00
      endloop
   endfacet
   facet normal -7.800803e-01 6.256794e-01 0.000000e+00
      outer loop
         vertex -1.588900e+04 2.583521e+03 0.000000e+00
         vertex -1.588715e+04 2.585824e+03 2.000000e-01
         vertex -1.588715e+04 2.585824e+03 0.000000e+00
      endloop
   endfacet
   facet normal -7.978673e-01 6.028331e-01 0.000000e+00
      outer loop
         vertex -1.588903e+04 2.583478e+03 2.000000e-01
         vertex -1.588900e+04 2.583521e+03 2.000000e-01
         vertex -1.588903e+04 2.583478e+03 0.000000e+00
      endloop
   endfacet
   facet normal -7.978673e-01 6.028331e-01 0.000000e+00
      outer loop
         vertex -1.588903e+04 2.583478e+03 0.000000e+00
         vertex -1.588900e+04 2.583521e+03 2.000000e-01
         vertex -1.588900e+04 2.583521e+03 0.000000e+00
      endloop
   endfacet
   facet normal -7.968764e-01 6.041424e-01 0.000000e+00
      outer loop
         vertex -1.589081e+04 2.581127e+03 2.000000e-01
         vertex -1.588903e+04 2.583478e+03 2.000000e-01
         vertex -1.589081e+04 2.581127e+03 0.000000e+00
      endloop
   endfacet
   facet normal -7.968764e-01 6.041424e-01 0.000000e+00
      outer loop
         vertex -1.589081e+04 2.581127e+03 0.000000e+00
         vertex -1.588903e+04 2.583478e+03 2.000000e-01
         vertex -1.588903e+04 2.583478e+03 0.000000e+00
      endloop
   endfacet
   facet normal -8.041761e-01 5.943911e-01 0.000000e+00
      outer loop
         vertex -1.589084e+04 2.581083e+03 2.000000e-01
         vertex -1.589081e+04 2.581127e+03 2.000000e-01
         vertex -1.589084e+04 2.581083e+03 0.000000e+00
      endloop
   endfacet
   facet normal -8.041761e-01 5.943911e-01 0.000000e+00
      outer loop
         vertex -1.589084e+04 2.581083e+03 0.000000e+00
         vertex -1.589081e+04 2.581127e+03 2.000000e-01
         vertex -1.589081e+04 2.581127e+03 0.000000e+00
      endloop
   endfacet
   facet normal -8.130660e-01 5.821715e-01 0.000000e+00
      outer loop
         vertex -1.589256e+04 2.578687e+03 2.000000e-01
         vertex -1.589084e+04 2.581083e+03 2.000000e-01
         vertex -1.589256e+04 2.578687e+03 -1.084202e-16
      endloop
   endfacet
   facet normal -8.130660e-01 5.821715e-01 0.000000e+00
      outer loop
         vertex -1.589256e+04 2.578687e+03 -1.084202e-16
         vertex -1.589084e+04 2.581083e+03 2.000000e-01
         vertex -1.589084e+04 2.581083e+03 -1.084202e-16
      endloop
   endfacet
   facet normal -8.279843e-01 5.607513e-01 0.000000e+00
      outer loop
         vertex -1.589259e+04 2.578642e+03 2.000000e-01
         vertex -1.589256e+04 2.578687e+03 2.000000e-01
         vertex -1.589259e+04 2.578642e+03 -1.084202e-16
      endloop
   endfacet
   facet normal -8.279843e-01 5.607513e-01 0.000000e+00
      outer loop
         vertex -1.589259e+04 2.578642e+03 -1.084202e-16
         vertex -1.589256e+04 2.578687e+03 2.000000e-01
         vertex -1.589256e+04 2.578687e+03 -1.084202e-16
      endloop
   endfacet
   facet normal -8.284976e-01 5.599925e-01 0.000000e+00
      outer loop
         vertex -1.589424e+04 2.576201e+03 2.000000e-01
         vertex -1.589259e+04 2.578642e+03 2.000000e-01
         vertex -1.589424e+04 2.576201e+03 0.000000e+00
      endloop
   endfacet
   facet normal -8.284976e-01 5.599925e-01 0.000000e+00
      outer loop
         vertex -1.589424e+04 2.576201e+03 0.000000e+00
         vertex -1.589259e+04 2.578642e+03 2.000000e-01
         vertex -1.589259e+04 2.578642e+03 0.000000e+00
      endloop
   endfacet
   facet normal -8.413201e-01 5.405373e-01 0.000000e+00
      outer loop
         vertex -1.589427e+04 2.576155e+03 2.000000e-01
         vertex -1.589424e+04 2.576201e+03 2.000000e-01
         vertex -1.589427e+04 2.576155e+03 -1.084202e-16
      endloop
   endfacet
   facet normal -8.413201e-01 5.405373e-01 0.000000e+00
      outer loop
         vertex -1.589427e+04 2.576155e+03 -1.084202e-16
         vertex -1.589424e+04 2.576201e+03 2.000000e-01
         vertex -1.589424e+04 2.576201e+03 -1.084202e-16
      endloop
   endfacet
   facet normal -8.436281e-01 5.369279e-01 0.000000e+00
      outer loop
         vertex -1.589585e+04 2.573672e+03 2.000000e-01
         vertex -1.589427e+04 2.576155e+03 2.000000e-01
         vertex -1.589585e+04 2.573672e+03 -1.084202e-16
      endloop
   endfacet
   facet normal -8.436281e-01 5.369279e-01 0.000000e+00
      outer loop
         vertex -1.589585e+04 2.573672e+03 -1.084202e-16
         vertex -1.589427e+04 2.576155e+03 2.000000e-01
         vertex -1.589427e+04 2.576155e+03 -1.084202e-16
      endloop
   endfacet
   facet normal -8.617092e-01 5.074024e-01 0.000000e+00
      outer loop
         vertex -1.589588e+04 2.573625e+03 2.000000e-01
         vertex -1.589585e+04 2.573672e+03 2.000000e-01
         vertex -1.589588e+04 2.573625e+03 0.000000e+00
      endloop
   endfacet
   facet normal -8.617092e-01 5.074024e-01 0.000000e+00
      outer loop
         vertex -1.589588e+04 2.573625e+03 0.000000e+00
         vertex -1.589585e+04 2.573672e+03 2.000000e-01
         vertex -1.589585e+04 2.573672e+03 0.000000e+00
      endloop
   endfacet
   facet normal -8.579288e-01 5.137686e-01 0.000000e+00
      outer loop
         vertex -1.589739e+04 2.571101e+03 2.000000e-01
         vertex -1.589588e+04 2.573625e+03 2.000000e-01
         vertex -1.589739e+04 2.571101e+03 0.000000e+00
      endloop
   endfacet
   facet normal -8.579288e-01 5.137686e-01 0.000000e+00
      outer loop
         vertex -1.589739e+04 2.571101e+03 0.000000e+00
         vertex -1.589588e+04 2.573625e+03 2.000000e-01
         vertex -1.589588e+04 2.573625e+03 0.000000e+00
      endloop
   endfacet
   facet normal -8.693273e-01 4.942368e-01 0.000000e+00
      outer loop
         vertex -1.589742e+04 2.571054e+03 2.000000e-01
         vertex -1.589739e+04 2.571101e+03 2.000000e-01
         vertex -1.589742e+04 2.571054e+03 0.000000e+00
      endloop
   endfacet
   facet normal -8.693273e-01 4.942368e-01 0.000000e+00
      outer loop
         vertex -1.589742e+04 2.571054e+03 0.000000e+00
         vertex -1.589739e+04 2.571101e+03 2.000000e-01
         vertex -1.589739e+04 2.571101e+03 0.000000e+00
      endloop
   endfacet
   facet normal -8.718137e-01 4.898376e-01 0.000000e+00
      outer loop
         vertex -1.589886e+04 2.568491e+03 2.000000e-01
         vertex -1.589742e+04 2.571054e+03 2.000000e-01
         vertex -1.589886e+04 2.568491e+03 0.000000e+00
      endloop
   endfacet
   facet normal -8.718137e-01 4.898376e-01 0.000000e+00
      outer loop
         vertex -1.589886e+04 2.568491e+03 0.000000e+00
         vertex -1.589742e+04 2.571054e+03 2.000000e-01
         vertex -1.589742e+04 2.571054e+03 0.000000e+00
      endloop
   endfacet
   facet normal -8.808929e-01 4.733156e-01 0.000000e+00
      outer loop
         vertex -1.589888e+04 2.568443e+03 2.000000e-01
         vertex -1.589886e+04 2.568491e+03 2.000000e-01
         vertex -1.589888e+04 2.568443e+03 0.000000e+00
      endloop
   endfacet
   facet normal -8.808929e-01 4.733156e-01 0.000000e+00
      outer loop
         vertex -1.589888e+04 2.568443e+03 0.000000e+00
         vertex -1.589886e+04 2.568491e+03 2.000000e-01
         vertex -1.589886e+04 2.568491e+03 0.000000e+00
      endloop
   endfacet
   facet normal -8.850344e-01 4.655257e-01 0.000000e+00
      outer loop
         vertex -1.590025e+04 2.565843e+03 2.000000e-01
         vertex -1.589888e+04 2.568443e+03 2.000000e-01
         vertex -1.590025e+04 2.565843e+03 0.000000e+00
      endloop
   endfacet
   facet normal -8.850344e-01 4.655257e-01 0.000000e+00
      outer loop
         vertex -1.590025e+04 2.565843e+03 0.000000e+00
         vertex -1.589888e+04 2.568443e+03 2.000000e-01
         vertex -1.589888e+04 2.568443e+03 0.000000e+00
      endloop
   endfacet
   facet normal -8.856632e-01 4.643283e-01 0.000000e+00
      outer loop
         vertex -1.590027e+04 2.565794e+03 2.000000e-01
         vertex -1.590025e+04 2.565843e+03 2.000000e-01
         vertex -1.590027e+04 2.565794e+03 0.000000e+00
      endloop
   endfacet
   facet normal -8.856632e-01 4.643283e-01 0.000000e+00
      outer loop
         vertex -1.590027e+04 2.565794e+03 0.000000e+00
         vertex -1.590025e+04 2.565843e+03 2.000000e-01
         vertex -1.590025e+04 2.565843e+03 0.000000e+00
      endloop
   endfacet
   facet normal -8.973964e-01 4.412253e-01 0.000000e+00
      outer loop
         vertex -1.590157e+04 2.563160e+03 2.000000e-01
         vertex -1.590027e+04 2.565794e+03 2.000000e-01
         vertex -1.590157e+04 2.563160e+03 0.000000e+00
      endloop
   endfacet
   facet normal -8.973964e-01 4.412253e-01 0.000000e+00
      outer loop
         vertex -1.590157e+04 2.563160e+03 0.000000e+00
         vertex -1.590027e+04 2.565794e+03 2.000000e-01
         vertex -1.590027e+04 2.565794e+03 0.000000e+00
      endloop
   endfacet
   facet normal -9.020612e-01 4.316082e-01 0.000000e+00
      outer loop
         vertex -1.590159e+04 2.563110e+03 2.000000e-01
         vertex -1.590157e+04 2.563160e+03 2.000000e-01
         vertex -1.590159e+04 2.563110e+03 -1.084202e-16
      endloop
   endfacet
   facet normal -9.020612e-01 4.316082e-01 0.000000e+00
      outer loop
         vertex -1.590159e+04 2.563110e+03 -1.084202e-16
         vertex -1.590157e+04 2.563160e+03 2.000000e-01
         vertex -1.590157e+04 2.563160e+03 -1.084202e-16
      endloop
   endfacet
   facet normal -9.093480e-01 4.160363e-01 0.000000e+00
      outer loop
         vertex -1.590281e+04 2.560442e+03 2.000000e-01
         vertex -1.590159e+04 2.563110e+03 2.000000e-01
         vertex -1.590281e+04 2.560442e+03 -1.084202e-16
      endloop
   endfacet
   facet normal -9.093480e-01 4.160363e-01 0.000000e+00
      outer loop
         vertex -1.590281e+04 2.560442e+03 -1.084202e-16
         vertex -1.590159e+04 2.563110e+03 2.000000e-01
         vertex -1.590159e+04 2.563110e+03 -1.084202e-16
      endloop
   endfacet
   facet normal -9.159570e-01 4.012764e-01 0.000000e+00
      outer loop
         vertex -1.590284e+04 2.560392e+03 2.000000e-01
         vertex -1.590281e+04 2.560442e+03 2.000000e-01
         vertex -1.590284e+04 2.560392e+03 0.000000e+00
      endloop
   endfacet
   facet normal -9.159570e-01 4.012764e-01 0.000000e+00
      outer loop
         vertex -1.590284e+04 2.560392e+03 0.000000e+00
         vertex -1.590281e+04 2.560442e+03 2.000000e-01
         vertex -1.590281e+04 2.560442e+03 0.000000e+00
      endloop
   endfacet
   facet normal -9.203017e-01 3.912095e-01 0.000000e+00
      outer loop
         vertex -1.590398e+04 2.557693e+03 2.000000e-01
         vertex -1.590284e+04 2.560392e+03 2.000000e-01
         vertex -1.590398e+04 2.557693e+03 -1.084202e-16
      endloop
   endfacet
   facet normal -9.203017e-01 3.912095e-01 0.000000e+00
      outer loop
         vertex -1.590398e+04 2.557693e+03 -1.084202e-16
         vertex -1.590284e+04 2.560392e+03 2.000000e-01
         vertex -1.590284e+04 2.560392e+03 -1.084202e-16
      endloop
   endfacet
   facet normal -9.248570e-01 3.803150e-01 0.000000e+00
      outer loop
         vertex -1.590400e+04 2.557642e+03 2.000000e-01
         vertex -1.590398e+04 2.557693e+03 2.000000e-01
         vertex -1.590400e+04 2.557642e+03 0.000000e+00
      endloop
   endfacet
   facet normal -9.248570e-01 3.803150e-01 0.000000e+00
      outer loop
         vertex -1.590400e+04 2.557642e+03 0.000000e+00
         vertex -1.590398e+04 2.557693e+03 2.000000e-01
         vertex -1.590398e+04 2.557693e+03 0.000000e+00
      endloop
   endfacet
   facet normal -9.308365e-01 3.654359e-01 0.000000e+00
      outer loop
         vertex -1.590508e+04 2.554914e+03 2.000000e-01
         vertex -1.590400e+04 2.557642e+03 2.000000e-01
         vertex -1.590508e+04 2.554914e+03 -1.084202e-16
      endloop
   endfacet
   facet normal -9.308365e-01 3.654359e-01 0.000000e+00
      outer loop
         vertex -1.590508e+04 2.554914e+03 -1.084202e-16
         vertex -1.590400e+04 2.557642e+03 2.000000e-01
         vertex -1.590400e+04 2.557642e+03 -1.084202e-16
      endloop
   endfacet
   facet normal -9.308572e-01 3.653832e-01 0.000000e+00
      outer loop
         vertex -1.590510e+04 2.554863e+03 2.000000e-01
         vertex -1.590508e+04 2.554914e+03 2.000000e-01
         vertex -1.590510e+04 2.554863e+03 0.000000e+00
      endloop
   endfacet
   facet normal -9.308572e-01 3.653832e-01 0.000000e+00
      outer loop
         vertex -1.590510e+04 2.554863e+03 0.000000e+00
         vertex -1.590508e+04 2.554914e+03 2.000000e-01
         vertex -1.590508e+04 2.554914e+03 0.000000e+00
      endloop
   endfacet
   facet normal -9.405705e-01 3.395985e-01 0.000000e+00
      outer loop
         vertex -1.590609e+04 2.552108e+03 2.000000e-01
         vertex -1.590510e+04 2.554863e+03 2.000000e-01
         vertex -1.590609e+04 2.552108e+03 0.000000e+00
      endloop
   endfacet
   facet normal -9.405705e-01 3.395985e-01 0.000000e+00
      outer loop
         vertex -1.590609e+04 2.552108e+03 0.000000e+00
         vertex -1.590510e+04 2.554863e+03 2.000000e-01
         vertex -1.590510e+04 2.554863e+03 0.000000e+00
      endloop
   endfacet
   facet normal -9.442628e-01 3.291925e-01 0.000000e+00
      outer loop
         vertex -1.590611e+04 2.552056e+03 2.000000e-01
         vertex -1.590609e+04 2.552108e+03 2.000000e-01
         vertex -1.590611e+04 2.552056e+03 5.421011e-17
      endloop
   endfacet
   facet normal -9.442628e-01 3.291925e-01 0.000000e+00
      outer loop
         vertex -1.590611e+04 2.552056e+03 5.421011e-17
         vertex -1.590609e+04 2.552108e+03 2.000000e-01
         vertex -1.590609e+04 2.552108e+03 5.421011e-17
      endloop
   endfacet
   facet normal -9.495605e-01 3.135840e-01 0.000000e+00
      outer loop
         vertex -1.590679e+04 2.550000e+03 2.000000e-01
         vertex -1.590611e+04 2.552056e+03 2.000000e-01
         vertex -1.590679e+04 2.550000e+03 0.000000e+00
      endloop
   endfacet
   facet normal -9.495605e-01 3.135840e-01 0.000000e+00
      outer loop
         vertex -1.590679e+04 2.550000e+03 0.000000e+00
         vertex -1.590611e+04 2.552056e+03 2.000000e-01
         vertex -1.590611e+04 2.552056e+03 0.000000e+00
      endloop
   endfacet
   facet normal -9.494312e-01 3.139753e-01 0.000000e+00
      outer loop
         vertex -1.590703e+04 2.549276e+03 2.000000e-01
         vertex -1.590679e+04 2.550000e+03 2.000000e-01
         vertex -1.590703e+04 2.549276e+03 0.000000e+00
      endloop
   endfacet
   facet normal -9.494312e-01 3.139753e-01 0.000000e+00
      outer loop
         vertex -1.590703e+04 2.549276e+03 0.000000e+00
         vertex -1.590679e+04 2.550000e+03 2.000000e-01
         vertex -1.590679e+04 2.550000e+03 0.000000e+00
      endloop
   endfacet
   facet normal -9.516281e-01 3.072521e-01 0.000000e+00
      outer loop
         vertex -1.590704e+04 2.549223e+03 2.000000e-01
         vertex -1.590703e+04 2.549276e+03 2.000000e-01
         vertex -1.590704e+04 2.549223e+03 -1.084202e-16
      endloop
   endfacet
   facet normal -9.516281e-01 3.072521e-01 0.000000e+00
      outer loop
         vertex -1.590704e+04 2.549223e+03 -1.084202e-16
         vertex -1.590703e+04 2.549276e+03 2.000000e-01
         vertex -1.590703e+04 2.549276e+03 -1.084202e-16
      endloop
   endfacet
   facet normal -9.579787e-01 2.868395e-01 0.000000e+00
      outer loop
         vertex -1.590788e+04 2.546420e+03 2.000000e-01
         vertex -1.590704e+04 2.549223e+03 2.000000e-01
         vertex -1.590788e+04 2.546420e+03 0.000000e+00
      endloop
   endfacet
   facet normal -9.579787e-01 2.868395e-01 0.000000e+00
      outer loop
         vertex -1.590788e+04 2.546420e+03 0.000000e+00
         vertex -1.590704e+04 2.549223e+03 2.000000e-01
         vertex -1.590704e+04 2.549223e+03 0.000000e+00
      endloop
   endfacet
   facet normal -9.624781e-01 2.713595e-01 0.000000e+00
      outer loop
         vertex -1.590790e+04 2.546366e+03 2.000000e-01
         vertex -1.590788e+04 2.546420e+03 2.000000e-01
         vertex -1.590790e+04 2.546366e+03 0.000000e+00
      endloop
   endfacet
   facet normal -9.624781e-01 2.713595e-01 0.000000e+00
      outer loop
         vertex -1.590790e+04 2.546366e+03 0.000000e+00
         vertex -1.590788e+04 2.546420e+03 2.000000e-01
         vertex -1.590788e+04 2.546420e+03 0.000000e+00
      endloop
   endfacet
   facet normal -9.653911e-01 2.608064e-01 0.000000e+00
      outer loop
         vertex -1.590866e+04 2.543542e+03 2.000000e-01
         vertex -1.590790e+04 2.546366e+03 2.000000e-01
         vertex -1.590866e+04 2.543542e+03 -1.084202e-16
      endloop
   endfacet
   facet normal -9.653911e-01 2.608064e-01 0.000000e+00
      outer loop
         vertex -1.590866e+04 2.543542e+03 -1.084202e-16
         vertex -1.590790e+04 2.546366e+03 2.000000e-01
         vertex -1.590790e+04 2.546366e+03 -1.084202e-16
      endloop
   endfacet
   facet normal -9.706457e-01 2.405140e-01 0.000000e+00
      outer loop
         vertex -1.590867e+04 2.543488e+03 2.000000e-01
         vertex -1.590866e+04 2.543542e+03 2.000000e-01
         vertex -1.590867e+04 2.543488e+03 0.000000e+00
      endloop
   endfacet
   facet normal -9.706457e-01 2.405140e-01 0.000000e+00
      outer loop
         vertex -1.590867e+04 2.543488e+03 0.000000e+00
         vertex -1.590866e+04 2.543542e+03 2.000000e-01
         vertex -1.590866e+04 2.543542e+03 0.000000e+00
      endloop
   endfacet
   facet normal -9.722762e-01 2.338355e-01 0.000000e+00
      outer loop
         vertex -1.590936e+04 2.540645e+03 2.000000e-01
         vertex -1.590867e+04 2.543488e+03 2.000000e-01
         vertex -1.590936e+04 2.540645e+03 0.000000e+00
      endloop
   endfacet
   facet normal -9.722762e-01 2.338355e-01 0.000000e+00
      outer loop
         vertex -1.590936e+04 2.540645e+03 0.000000e+00
         vertex -1.590867e+04 2.543488e+03 2.000000e-01
         vertex -1.590867e+04 2.543488e+03 0.000000e+00
      endloop
   endfacet
   facet normal -9.745363e-01 2.242296e-01 0.000000e+00
      outer loop
         vertex -1.590937e+04 2.540591e+03 2.000000e-01
         vertex -1.590936e+04 2.540645e+03 2.000000e-01
         vertex -1.590937e+04 2.540591e+03 -1.084202e-16
      endloop
   endfacet
   facet normal -9.745363e-01 2.242296e-01 0.000000e+00
      outer loop
         vertex -1.590937e+04 2.540591e+03 -1.084202e-16
         vertex -1.590936e+04 2.540645e+03 2.000000e-01
         vertex -1.590936e+04 2.540645e+03 -1.084202e-16
      endloop
   endfacet
   facet normal -9.783764e-01 2.068325e-01 0.000000e+00
      outer loop
         vertex -1.590998e+04 2.537731e+03 2.000000e-01
         vertex -1.590937e+04 2.540591e+03 2.000000e-01
         vertex -1.590998e+04 2.537731e+03 0.000000e+00
      endloop
   endfacet
   facet normal -9.783764e-01 2.068325e-01 0.000000e+00
      outer loop
         vertex -1.590998e+04 2.537731e+03 0.000000e+00
         vertex -1.590937e+04 2.540591e+03 2.000000e-01
         vertex -1.590937e+04 2.540591e+03 0.000000e+00
      endloop
   endfacet
   facet normal -9.846957e-01 1.742824e-01 0.000000e+00
      outer loop
         vertex -1.590998e+04 2.537677e+03 2.000000e-01
         vertex -1.590998e+04 2.537731e+03 2.000000e-01
         vertex -1.590998e+04 2.537677e+03 0.000000e+00
      endloop
   endfacet
   facet normal -9.846957e-01 1.742824e-01 0.000000e+00
      outer loop
         vertex -1.590998e+04 2.537677e+03 0.000000e+00
         vertex -1.590998e+04 2.537731e+03 2.000000e-01
         vertex -1.590998e+04 2.537731e+03 0.000000e+00
      endloop
   endfacet
   facet normal -9.837050e-01 1.797899e-01 0.000000e+00
      outer loop
         vertex -1.591051e+04 2.534802e+03 2.000000e-01
         vertex -1.590998e+04 2.537677e+03 2.000000e-01
         vertex -1.591051e+04 2.534802e+03 0.000000e+00
      endloop
   endfacet
   facet normal -9.837050e-01 1.797899e-01 0.000000e+00
      outer loop
         vertex -1.591051e+04 2.534802e+03 0.000000e+00
         vertex -1.590998e+04 2.537677e+03 2.000000e-01
         vertex -1.590998e+04 2.537677e+03 0.000000e+00
      endloop
   endfacet
   facet normal -9.880731e-01 1.539854e-01 0.000000e+00
      outer loop
         vertex -1.591052e+04 2.534747e+03 2.000000e-01
         vertex -1.591051e+04 2.534802e+03 2.000000e-01
         vertex -1.591052e+04 2.534747e+03 0.000000e+00
      endloop
   endfacet
   facet normal -9.880731e-01 1.539854e-01 0.000000e+00
      outer loop
         vertex -1.591052e+04 2.534747e+03 0.000000e+00
         vertex -1.591051e+04 2.534802e+03 2.000000e-01
         vertex -1.591051e+04 2.534802e+03 0.000000e+00
      endloop
   endfacet
   facet normal -9.883169e-01 1.524128e-01 0.000000e+00
      outer loop
         vertex -1.591096e+04 2.531859e+03 2.000000e-01
         vertex -1.591052e+04 2.534747e+03 2.000000e-01
         vertex -1.591096e+04 2.531859e+03 -1.084202e-16
      endloop
   endfacet
   facet normal -9.883169e-01 1.524128e-01 0.000000e+00
      outer loop
         vertex -1.591096e+04 2.531859e+03 -1.084202e-16
         vertex -1.591052e+04 2.534747e+03 2.000000e-01
         vertex -1.591052e+04 2.534747e+03 -1.084202e-16
      endloop
   endfacet
   facet normal -9.904596e-01 1.378031e-01 0.000000e+00
      outer loop
         vertex -1.591097e+04 2.531804e+03 2.000000e-01
         vertex -1.591096e+04 2.531859e+03 2.000000e-01
         vertex -1.591097e+04 2.531804e+03 0.000000e+00
      endloop
   endfacet
   facet normal -9.904596e-01 1.378031e-01 0.000000e+00
      outer loop
         vertex -1.591097e+04 2.531804e+03 0.000000e+00
         vertex -1.591096e+04 2.531859e+03 2.000000e-01
         vertex -1.591096e+04 2.531859e+03 0.000000e+00
      endloop
   endfacet
   facet normal -9.921910e-01 1.247279e-01 0.000000e+00
      outer loop
         vertex -1.591134e+04 2.528906e+03 2.000000e-01
         vertex -1.591097e+04 2.531804e+03 2.000000e-01
         vertex -1.591134e+04 2.528906e+03 -1.084202e-16
      endloop
   endfacet
   facet normal -9.921910e-01 1.247279e-01 0.000000e+00
      outer loop
         vertex -1.591134e+04 2.528906e+03 -1.084202e-16
         vertex -1.591097e+04 2.531804e+03 2.000000e-01
         vertex -1.591097e+04 2.531804e+03 -1.084202e-16
      endloop
   endfacet
   facet normal -9.946461e-01 1.033399e-01 0.000000e+00
      outer loop
         vertex -1.591134e+04 2.528851e+03 2.000000e-01
         vertex -1.591134e+04 2.528906e+03 2.000000e-01
         vertex -1.591134e+04 2.528851e+03 -1.084202e-16
      endloop
   endfacet
   facet normal -9.946461e-01 1.033399e-01 0.000000e+00
      outer loop
         vertex -1.591134e+04 2.528851e+03 -1.084202e-16
         vertex -1.591134e+04 2.528906e+03 2.000000e-01
         vertex -1.591134e+04 2.528906e+03 -1.084202e-16
      endloop
   endfacet
   facet normal -9.952869e-01 9.697375e-02 0.000000e+00
      outer loop
         vertex -1.591162e+04 2.525944e+03 2.000000e-01
         vertex -1.591134e+04 2.528851e+03 2.000000e-01
         vertex -1.591162e+04 2.525944e+03 -1.084202e-16
      endloop
   endfacet
   facet normal -9.952869e-01 9.697375e-02 0.000000e+00
      outer loop
         vertex -1.591162e+04 2.525944e+03 -1.084202e-16
         vertex -1.591134e+04 2.528851e+03 2.000000e-01
         vertex -1.591134e+04 2.528851e+03 -1.084202e-16
      endloop
   endfacet
   facet normal -9.962729e-01 8.625739e-02 0.000000e+00
      outer loop
         vertex -1.591163e+04 2.525889e+03 2.000000e-01
         vertex -1.591162e+04 2.525944e+03 2.000000e-01
         vertex -1.591163e+04 2.525889e+03 0.000000e+00
      endloop
   endfacet
   facet normal -9.962729e-01 8.625739e-02 0.000000e+00
      outer loop
         vertex -1.591163e+04 2.525889e+03 0.000000e+00
         vertex -1.591162e+04 2.525944e+03 2.000000e-01
         vertex -1.591162e+04 2.525944e+03 0.000000e+00
      endloop
   endfacet
   facet normal -9.975775e-01 6.956425e-02 0.000000e+00
      outer loop
         vertex -1.591183e+04 2.522976e+03 2.000000e-01
         vertex -1.591163e+04 2.525889e+03 2.000000e-01
         vertex -1.591183e+04 2.522976e+03 0.000000e+00
      endloop
   endfacet
   facet normal -9.975775e-01 6.956425e-02 0.000000e+00
      outer loop
         vertex -1.591183e+04 2.522976e+03 0.000000e+00
         vertex -1.591163e+04 2.525889e+03 2.000000e-01
         vertex -1.591163e+04 2.525889e+03 0.000000e+00
      endloop
   endfacet
   facet normal -9.986988e-01 5.099738e-02 0.000000e+00
      outer loop
         vertex -1.591184e+04 2.522920e+03 2.000000e-01
         vertex -1.591183e+04 2.522976e+03 2.000000e-01
         vertex -1.591184e+04 2.522920e+03 0.000000e+00
      endloop
   endfacet
   facet normal -9.986988e-01 5.099738e-02 0.000000e+00
      outer loop
         vertex -1.591184e+04 2.522920e+03 0.000000e+00
         vertex -1.591183e+04 2.522976e+03 2.000000e-01
         vertex -1.591183e+04 2.522976e+03 0.000000e+00
      endloop
   endfacet
   facet normal -9.991254e-01 4.181398e-02 0.000000e+00
      outer loop
         vertex -1.591196e+04 2.520003e+03 2.000000e-01
         vertex -1.591184e+04 2.522920e+03 2.000000e-01
         vertex -1.591196e+04 2.520003e+03 -1.084202e-16
      endloop
   endfacet
   facet normal -9.991254e-01 4.181398e-02 0.000000e+00
      outer loop
         vertex -1.591196e+04 2.520003e+03 -1.084202e-16
         vertex -1.591184e+04 2.522920e+03 2.000000e-01
         vertex -1.591184e+04 2.522920e+03 -1.084202e-16
      endloop
   endfacet
   facet normal -1.000000e+00 -0.000000e+00 -0.000000e+00
      outer loop
         vertex -1.591196e+04 2.520003e+03 2.000000e-01
         vertex -1.591196e+04 2.520003e+03 0.000000e+00
         vertex -1.591196e+04 2.520000e+03 2.000000e-01
      endloop
   endfacet
   facet normal -1.000000e+00 0.000000e+00 0.000000e+00
      outer loop
         vertex -1.591196e+04 2.520000e+03 2.000000e-01
         vertex -1.591196e+04 2.520003e+03 0.000000e+00
         vertex -1.591196e+04 2.520000e+03 0.000000e+00
      endloop
   endfacet
   facet normal -9.998377e-01 1.801509e-02 0.000000e+00
      outer loop
         vertex -1.591196e+04 2.520000e+03 2.000000e-01
         vertex -1.591196e+04 2.520000e+03 0.000000e+00
         vertex -1.591196e+04 2.519947e+03 2.000000e-01
      endloop
   endfacet
   facet normal -9.998377e-01 1.801509e-02 0.000000e+00
      outer loop
         vertex -1.591196e+04 2.519947e+03 2.000000e-01
         vertex -1.591196e+04 2.520000e+03 0.000000e+00
         vertex -1.591196e+04 2.519947e+03 0.000000e+00
      endloop
   endfacet
   facet normal -9.999013e-01 1.404746e-02 0.000000e+00
      outer loop
         vertex -1.591200e+04 2.517028e+03 2.000000e-01
         vertex -1.591196e+04 2.519947e+03 2.000000e-01
         vertex -1.591200e+04 2.517028e+03 0.000000e+00
      endloop
   endfacet
   facet normal -9.999013e-01 1.404746e-02 0.000000e+00
      outer loop
         vertex -1.591200e+04 2.517028e+03 0.000000e+00
         vertex -1.591196e+04 2.519947e+03 2.000000e-01
         vertex -1.591196e+04 2.519947e+03 0.000000e+00
      endloop
   endfacet
   facet normal -1.000000e+00 0.000000e+00 0.000000e+00
      outer loop
         vertex -1.591200e+04 2.516972e+03 2.000000e-01
         vertex -1.591200e+04 2.517028e+03 2.000000e-01
         vertex -1.591200e+04 2.516972e+03 0.000000e+00
      endloop
   endfacet
   facet normal -1.000000e+00 0.000000e+00 0.000000e+00
      outer loop
         vertex -1.591200e+04 2.516972e+03 0.000000e+00
         vertex -1.591200e+04 2.517028e+03 2.000000e-01
         vertex -1.591200e+04 2.517028e+03 0.000000e+00
      endloop
   endfacet
   facet normal -9.999013e-01 -1.404746e-02 -0.000000e+00
      outer loop
         vertex -1.591196e+04 2.514053e+03 2.000000e-01
         vertex -1.591200e+04 2.516972e+03 2.000000e-01
         vertex -1.591196e+04 2.514053e+03 0.000000e+00
      endloop
   endfacet
   facet normal -9.999013e-01 -1.404746e-02 0.000000e+00
      outer loop
         vertex -1.591196e+04 2.514053e+03 0.000000e+00
         vertex -1.591200e+04 2.516972e+03 2.000000e-01
         vertex -1.591200e+04 2.516972e+03 0.000000e+00
      endloop
   endfacet
   facet normal -9.998552e-01 -1.701881e-02 -0.000000e+00
      outer loop
         vertex -1.591196e+04 2.513997e+03 2.000000e-01
         vertex -1.591196e+04 2.514053e+03 2.000000e-01
         vertex -1.591196e+04 2.513997e+03 -1.084202e-16
      endloop
   endfacet
   facet normal -9.998552e-01 -1.701881e-02 0.000000e+00
      outer loop
         vertex -1.591196e+04 2.513997e+03 -1.084202e-16
         vertex -1.591196e+04 2.514053e+03 2.000000e-01
         vertex -1.591196e+04 2.514053e+03 -1.084202e-16
      endloop
   endfacet
   facet normal -9.991256e-01 -4.181057e-02 -0.000000e+00
      outer loop
         vertex -1.591184e+04 2.511080e+03 2.000000e-01
         vertex -1.591196e+04 2.513997e+03 2.000000e-01
         vertex -1.591184e+04 2.511080e+03 -1.084202e-16
      endloop
   endfacet
   facet normal -9.991256e-01 -4.181057e-02 0.000000e+00
      outer loop
         vertex -1.591184e+04 2.511080e+03 -1.084202e-16
         vertex -1.591196e+04 2.513997e+03 2.000000e-01
         vertex -1.591196e+04 2.513997e+03 -1.084202e-16
      endloop
   endfacet
   facet normal -9.986988e-01 -5.099738e-02 -0.000000e+00
      outer loop
         vertex -1.591183e+04 2.511024e+03 2.000000e-01
         vertex -1.591184e+04 2.511080e+03 2.000000e-01
         vertex -1.591183e+04 2.511024e+03 0.000000e+00
      endloop
   endfacet
   facet normal -9.986988e-01 -5.099738e-02 0.000000e+00
      outer loop
         vertex -1.591183e+04 2.511024e+03 0.000000e+00
         vertex -1.591184e+04 2.511080e+03 2.000000e-01
         vertex -1.591184e+04 2.511080e+03 0.000000e+00
      endloop
   endfacet
   facet normal -9.975775e-01 -6.956425e-02 -0.000000e+00
      outer loop
         vertex -1.591163e+04 2.508111e+03 2.000000e-01
         vertex -1.591183e+04 2.511024e+03 2.000000e-01
         vertex -1.591163e+04 2.508111e+03 0.000000e+00
      endloop
   endfacet
   facet normal -9.975775e-01 -6.956425e-02 0.000000e+00
      outer loop
         vertex -1.591163e+04 2.508111e+03 0.000000e+00
         vertex -1.591183e+04 2.511024e+03 2.000000e-01
         vertex -1.591183e+04 2.511024e+03 0.000000e+00
      endloop
   endfacet
   facet normal -9.962729e-01 -8.625739e-02 -0.000000e+00
      outer loop
         vertex -1.591162e+04 2.508056e+03 2.000000e-01
         vertex -1.591163e+04 2.508111e+03 2.000000e-01
         vertex -1.591162e+04 2.508056e+03 0.000000e+00
      endloop
   endfacet
   facet normal -9.962729e-01 -8.625739e-02 0.000000e+00
      outer loop
         vertex -1.591162e+04 2.508056e+03 0.000000e+00
         vertex -1.591163e+04 2.508111e+03 2.000000e-01
         vertex -1.591163e+04 2.508111e+03 0.000000e+00
      endloop
   endfacet
   facet normal -9.952869e-01 -9.697375e-02 -0.000000e+00
      outer loop
         vertex -1.591134e+04 2.505149e+03 2.000000e-01
         vertex -1.591162e+04 2.508056e+03 2.000000e-01
         vertex -1.591134e+04 2.505149e+03 -1.084202e-16
      endloop
   endfacet
   facet normal -9.952869e-01 -9.697375e-02 0.000000e+00
      outer loop
         vertex -1.591134e+04 2.505149e+03 -1.084202e-16
         vertex -1.591162e+04 2.508056e+03 2.000000e-01
         vertex -1.591162e+04 2.508056e+03 -1.084202e-16
      endloop
   endfacet
   facet normal -9.945998e-01 -1.037843e-01 -0.000000e+00
      outer loop
         vertex -1.591134e+04 2.505094e+03 2.000000e-01
         vertex -1.591134e+04 2.505149e+03 2.000000e-01
         vertex -1.591134e+04 2.505094e+03 0.000000e+00
      endloop
   endfacet
   facet normal -9.945998e-01 -1.037843e-01 0.000000e+00
      outer loop
         vertex -1.591134e+04 2.505094e+03 0.000000e+00
         vertex -1.591134e+04 2.505149e+03 2.000000e-01
         vertex -1.591134e+04 2.505149e+03 0.000000e+00
      endloop
   endfacet
   facet normal -9.921910e-01 -1.247279e-01 -0.000000e+00
      outer loop
         vertex -1.591097e+04 2.502196e+03 2.000000e-01
         vertex -1.591134e+04 2.505094e+03 2.000000e-01
         vertex -1.591097e+04 2.502196e+03 -1.084202e-16
      endloop
   endfacet
   facet normal -9.921910e-01 -1.247279e-01 0.000000e+00
      outer loop
         vertex -1.591097e+04 2.502196e+03 -1.084202e-16
         vertex -1.591134e+04 2.505094e+03 2.000000e-01
         vertex -1.591134e+04 2.505094e+03 -1.084202e-16
      endloop
   endfacet
   facet normal -9.905409e-01 -1.372178e-01 -0.000000e+00
      outer loop
         vertex -1.591096e+04 2.502141e+03 2.000000e-01
         vertex -1.591097e+04 2.502196e+03 2.000000e-01
         vertex -1.591096e+04 2.502141e+03 0.000000e+00
      endloop
   endfacet
   facet normal -9.905409e-01 -1.372178e-01 0.000000e+00
      outer loop
         vertex -1.591096e+04 2.502141e+03 0.000000e+00
         vertex -1.591097e+04 2.502196e+03 2.000000e-01
         vertex -1.591097e+04 2.502196e+03 0.000000e+00
      endloop
   endfacet
   facet normal -9.883169e-01 -1.524128e-01 -0.000000e+00
      outer loop
         vertex -1.591052e+04 2.499253e+03 2.000000e-01
         vertex -1.591096e+04 2.502141e+03 2.000000e-01
         vertex -1.591052e+04 2.499253e+03 -1.084202e-16
      endloop
   endfacet
   facet normal -9.883169e-01 -1.524128e-01 0.000000e+00
      outer loop
         vertex -1.591052e+04 2.499253e+03 -1.084202e-16
         vertex -1.591096e+04 2.502141e+03 2.000000e-01
         vertex -1.591096e+04 2.502141e+03 -1.084202e-16
      endloop
   endfacet
   facet normal -9.880731e-01 -1.539854e-01 -0.000000e+00
      outer loop
         vertex -1.591051e+04 2.499198e+03 2.000000e-01
         vertex -1.591052e+04 2.499253e+03 2.000000e-01
         vertex -1.591051e+04 2.499198e+03 -1.084202e-16
      endloop
   endfacet
   facet normal -9.880731e-01 -1.539854e-01 0.000000e+00
      outer loop
         vertex -1.591051e+04 2.499198e+03 -1.084202e-16
         vertex -1.591052e+04 2.499253e+03 2.000000e-01
         vertex -1.591052e+04 2.499253e+03 -1.084202e-16
      endloop
   endfacet
   facet normal -9.837024e-01 -1.798043e-01 -0.000000e+00
      outer loop
         vertex -1.590998e+04 2.496323e+03 2.000000e-01
         vertex -1.591051e+04 2.499198e+03 2.000000e-01
         vertex -1.590998e+04 2.496323e+03 0.000000e+00
      endloop
   endfacet
   facet normal -9.837024e-01 -1.798043e-01 0.000000e+00
      outer loop
         vertex -1.590998e+04 2.496323e+03 0.000000e+00
         vertex -1.591051e+04 2.499198e+03 2.000000e-01
         vertex -1.591051e+04 2.499198e+03 0.000000e+00
      endloop
   endfacet
   facet normal -9.848272e-01 -1.735378e-01 -0.000000e+00
      outer loop
         vertex -1.590998e+04 2.496269e+03 2.000000e-01
         vertex -1.590998e+04 2.496323e+03 2.000000e-01
         vertex -1.590998e+04 2.496269e+03 0.000000e+00
      endloop
   endfacet
   facet normal -9.848272e-01 -1.735378e-01 0.000000e+00
      outer loop
         vertex -1.590998e+04 2.496269e+03 0.000000e+00
         vertex -1.590998e+04 2.496323e+03 2.000000e-01
         vertex -1.590998e+04 2.496323e+03 0.000000e+00
      endloop
   endfacet
   facet normal -9.784248e-01 -2.066033e-01 -0.000000e+00
      outer loop
         vertex -1.590971e+04 2.495000e+03 2.000000e-01
         vertex -1.590998e+04 2.496269e+03 2.000000e-01
         vertex -1.590971e+04 2.495000e+03 -1.084202e-16
      endloop
   endfacet
   facet normal -9.784248e-01 -2.066033e-01 0.000000e+00
      outer loop
         vertex -1.590971e+04 2.495000e+03 -1.084202e-16
         vertex -1.590998e+04 2.496269e+03 2.000000e-01
         vertex -1.590998e+04 2.496269e+03 -1.084202e-16
      endloop
   endfacet
   facet normal -9.783377e-01 -2.070153e-01 -0.000000e+00
      outer loop
         vertex -1.590937e+04 2.493409e+03 2.000000e-01
         vertex -1.590971e+04 2.495000e+03 2.000000e-01
         vertex -1.590937e+04 2.493409e+03 0.000000e+00
      endloop
   endfacet
   facet normal -9.783377e-01 -2.070153e-01 0.000000e+00
      outer loop
         vertex -1.590937e+04 2.493409e+03 0.000000e+00
         vertex -1.590971e+04 2.495000e+03 2.000000e-01
         vertex -1.590971e+04 2.495000e+03 0.000000e+00
      endloop
   endfacet
   facet normal -9.745363e-01 -2.242296e-01 -0.000000e+00
      outer loop
         vertex -1.590936e+04 2.493355e+03 2.000000e-01
         vertex -1.590937e+04 2.493409e+03 2.000000e-01
         vertex -1.590936e+04 2.493355e+03 -1.084202e-16
      endloop
   endfacet
   facet normal -9.745363e-01 -2.242296e-01 0.000000e+00
      outer loop
         vertex -1.590936e+04 2.493355e+03 -1.084202e-16
         vertex -1.590937e+04 2.493409e+03 2.000000e-01
         vertex -1.590937e+04 2.493409e+03 -1.084202e-16
      endloop
   endfacet
   facet normal -9.722762e-01 -2.338355e-01 -0.000000e+00
      outer loop
         vertex -1.590867e+04 2.490512e+03 2.000000e-01
         vertex -1.590936e+04 2.493355e+03 2.000000e-01
         vertex -1.590867e+04 2.490512e+03 0.000000e+00
      endloop
   endfacet
   facet normal -9.722762e-01 -2.338355e-01 0.000000e+00
      outer loop
         vertex -1.590867e+04 2.490512e+03 0.000000e+00
         vertex -1.590936e+04 2.493355e+03 2.000000e-01
         vertex -1.590936e+04 2.493355e+03 0.000000e+00
      endloop
   endfacet
   facet normal -9.706457e-01 -2.405140e-01 -0.000000e+00
      outer loop
         vertex -1.590866e+04 2.490458e+03 2.000000e-01
         vertex -1.590867e+04 2.490512e+03 2.000000e-01
         vertex -1.590866e+04 2.490458e+03 0.000000e+00
      endloop
   endfacet
   facet normal -9.706457e-01 -2.405140e-01 0.000000e+00
      outer loop
         vertex -1.590866e+04 2.490458e+03 0.000000e+00
         vertex -1.590867e+04 2.490512e+03 2.000000e-01
         vertex -1.590867e+04 2.490512e+03 0.000000e+00
      endloop
   endfacet
   facet normal -9.653911e-01 -2.608064e-01 -0.000000e+00
      outer loop
         vertex -1.590790e+04 2.487634e+03 2.000000e-01
         vertex -1.590866e+04 2.490458e+03 2.000000e-01
         vertex -1.590790e+04 2.487634e+03 0.000000e+00
      endloop
   endfacet
   facet normal -9.653911e-01 -2.608064e-01 0.000000e+00
      outer loop
         vertex -1.590790e+04 2.487634e+03 0.000000e+00
         vertex -1.590866e+04 2.490458e+03 2.000000e-01
         vertex -1.590866e+04 2.490458e+03 0.000000e+00
      endloop
   endfacet
   facet normal -9.621639e-01 -2.724712e-01 -0.000000e+00
      outer loop
         vertex -1.590788e+04 2.487580e+03 2.000000e-01
         vertex -1.590790e+04 2.487634e+03 2.000000e-01
         vertex -1.590788e+04 2.487580e+03 0.000000e+00
      endloop
   endfacet
   facet normal -9.621639e-01 -2.724712e-01 0.000000e+00
      outer loop
         vertex -1.590788e+04 2.487580e+03 0.000000e+00
         vertex -1.590790e+04 2.487634e+03 2.000000e-01
         vertex -1.590790e+04 2.487634e+03 0.000000e+00
      endloop
   endfacet
   facet normal -9.579854e-01 -2.868171e-01 -0.000000e+00
      outer loop
         vertex -1.590704e+04 2.484777e+03 2.000000e-01
         vertex -1.590788e+04 2.487580e+03 2.000000e-01
         vertex -1.590704e+04 2.484777e+03 0.000000e+00
      endloop
   endfacet
   facet normal -9.579854e-01 -2.868171e-01 0.000000e+00
      outer loop
         vertex -1.590704e+04 2.484777e+03 0.000000e+00
         vertex -1.590788e+04 2.487580e+03 2.000000e-01
         vertex -1.590788e+04 2.487580e+03 0.000000e+00
      endloop
   endfacet
   facet normal -9.512228e-01 -3.085047e-01 -0.000000e+00
      outer loop
         vertex -1.590703e+04 2.484724e+03 2.000000e-01
         vertex -1.590704e+04 2.484777e+03 2.000000e-01
         vertex -1.590703e+04 2.484724e+03 -1.084202e-16
      endloop
   endfacet
   facet normal -9.512228e-01 -3.085047e-01 0.000000e+00
      outer loop
         vertex -1.590703e+04 2.484724e+03 -1.084202e-16
         vertex -1.590704e+04 2.484777e+03 2.000000e-01
         vertex -1.590704e+04 2.484777e+03 -1.084202e-16
      endloop
   endfacet
   facet normal -9.495268e-01 -3.136859e-01 -0.000000e+00
      outer loop
         vertex -1.590611e+04 2.481944e+03 2.000000e-01
         vertex -1.590703e+04 2.484724e+03 2.000000e-01
         vertex -1.590611e+04 2.481944e+03 0.000000e+00
      endloop
   endfacet
   facet normal -9.495268e-01 -3.136859e-01 0.000000e+00
      outer loop
         vertex -1.590611e+04 2.481944e+03 0.000000e+00
         vertex -1.590703e+04 2.484724e+03 2.000000e-01
         vertex -1.590703e+04 2.484724e+03 0.000000e+00
      endloop
   endfacet
   facet normal -9.442628e-01 -3.291925e-01 -0.000000e+00
      outer loop
         vertex -1.590609e+04 2.481892e+03 2.000000e-01
         vertex -1.590611e+04 2.481944e+03 2.000000e-01
         vertex -1.590609e+04 2.481892e+03 5.421011e-17
      endloop
   endfacet
   facet normal -9.442628e-01 -3.291925e-01 0.000000e+00
      outer loop
         vertex -1.590609e+04 2.481892e+03 5.421011e-17
         vertex -1.590611e+04 2.481944e+03 2.000000e-01
         vertex -1.590611e+04 2.481944e+03 5.421011e-17
      endloop
   endfacet
   facet normal -9.405799e-01 -3.395725e-01 -0.000000e+00
      outer loop
         vertex -1.590510e+04 2.479137e+03 2.000000e-01
         vertex -1.590609e+04 2.481892e+03 2.000000e-01
         vertex -1.590510e+04 2.479137e+03 0.000000e+00
      endloop
   endfacet
   facet normal -9.405799e-01 -3.395725e-01 0.000000e+00
      outer loop
         vertex -1.590510e+04 2.479137e+03 0.000000e+00
         vertex -1.590609e+04 2.481892e+03 2.000000e-01
         vertex -1.590609e+04 2.481892e+03 0.000000e+00
      endloop
   endfacet
   facet normal -9.308572e-01 -3.653832e-01 -0.000000e+00
      outer loop
         vertex -1.590508e+04 2.479086e+03 2.000000e-01
         vertex -1.590510e+04 2.479137e+03 2.000000e-01
         vertex -1.590508e+04 2.479086e+03 0.000000e+00
      endloop
   endfacet
   facet normal -9.308572e-01 -3.653832e-01 0.000000e+00
      outer loop
         vertex -1.590508e+04 2.479086e+03 0.000000e+00
         vertex -1.590510e+04 2.479137e+03 2.000000e-01
         vertex -1.590510e+04 2.479137e+03 0.000000e+00
      endloop
   endfacet
   facet normal -9.308365e-01 -3.654359e-01 -0.000000e+00
      outer loop
         vertex -1.590400e+04 2.476358e+03 2.000000e-01
         vertex -1.590508e+04 2.479086e+03 2.000000e-01
         vertex -1.590400e+04 2.476358e+03 0.000000e+00
      endloop
   endfacet
   facet normal -9.308365e-01 -3.654359e-01 0.000000e+00
      outer loop
         vertex -1.590400e+04 2.476358e+03 0.000000e+00
         vertex -1.590508e+04 2.479086e+03 2.000000e-01
         vertex -1.590508e+04 2.479086e+03 0.000000e+00
      endloop
   endfacet
   facet normal -9.248570e-01 -3.803150e-01 -0.000000e+00
      outer loop
         vertex -1.590398e+04 2.476307e+03 2.000000e-01
         vertex -1.590400e+04 2.476358e+03 2.000000e-01
         vertex -1.590398e+04 2.476307e+03 0.000000e+00
      endloop
   endfacet
   facet normal -9.248570e-01 -3.803150e-01 0.000000e+00
      outer loop
         vertex -1.590398e+04 2.476307e+03 0.000000e+00
         vertex -1.590400e+04 2.476358e+03 2.000000e-01
         vertex -1.590400e+04 2.476358e+03 0.000000e+00
      endloop
   endfacet
   facet normal -9.203017e-01 -3.912095e-01 -0.000000e+00
      outer loop
         vertex -1.590284e+04 2.473608e+03 2.000000e-01
         vertex -1.590398e+04 2.476307e+03 2.000000e-01
         vertex -1.590284e+04 2.473608e+03 0.000000e+00
      endloop
   endfacet
   facet normal -9.203017e-01 -3.912095e-01 0.000000e+00
      outer loop
         vertex -1.590284e+04 2.473608e+03 0.000000e+00
         vertex -1.590398e+04 2.476307e+03 2.000000e-01
         vertex -1.590398e+04 2.476307e+03 0.000000e+00
      endloop
   endfacet
   facet normal -9.159570e-01 -4.012764e-01 -0.000000e+00
      outer loop
         vertex -1.590281e+04 2.473558e+03 2.000000e-01
         vertex -1.590284e+04 2.473608e+03 2.000000e-01
         vertex -1.590281e+04 2.473558e+03 0.000000e+00
      endloop
   endfacet
   facet normal -9.159570e-01 -4.012764e-01 0.000000e+00
      outer loop
         vertex -1.590281e+04 2.473558e+03 0.000000e+00
         vertex -1.590284e+04 2.473608e+03 2.000000e-01
         vertex -1.590284e+04 2.473608e+03 0.000000e+00
      endloop
   endfacet
   facet normal -9.093340e-01 -4.160670e-01 -0.000000e+00
      outer loop
         vertex -1.590159e+04 2.470890e+03 2.000000e-01
         vertex -1.590281e+04 2.473558e+03 2.000000e-01
         vertex -1.590159e+04 2.470890e+03 -1.084202e-16
      endloop
   endfacet
   facet normal -9.093340e-01 -4.160670e-01 0.000000e+00
      outer loop
         vertex -1.590159e+04 2.470890e+03 -1.084202e-16
         vertex -1.590281e+04 2.473558e+03 2.000000e-01
         vertex -1.590281e+04 2.473558e+03 -1.084202e-16
      endloop
   endfacet
   facet normal -9.028605e-01 -4.299336e-01 -0.000000e+00
      outer loop
         vertex -1.590157e+04 2.470840e+03 2.000000e-01
         vertex -1.590159e+04 2.470890e+03 2.000000e-01
         vertex -1.590157e+04 2.470840e+03 -1.084202e-16
      endloop
   endfacet
   facet normal -9.028605e-01 -4.299336e-01 0.000000e+00
      outer loop
         vertex -1.590157e+04 2.470840e+03 -1.084202e-16
         vertex -1.590159e+04 2.470890e+03 2.000000e-01
         vertex -1.590159e+04 2.470890e+03 -1.084202e-16
      endloop
   endfacet
   facet normal -8.973964e-01 -4.412253e-01 -0.000000e+00
      outer loop
         vertex -1.590027e+04 2.468206e+03 2.000000e-01
         vertex -1.590157e+04 2.470840e+03 2.000000e-01
         vertex -1.590027e+04 2.468206e+03 0.000000e+00
      endloop
   endfacet
   facet normal -8.973964e-01 -4.412253e-01 0.000000e+00
      outer loop
         vertex -1.590027e+04 2.468206e+03 0.000000e+00
         vertex -1.590157e+04 2.470840e+03 2.000000e-01
         vertex -1.590157e+04 2.470840e+03 0.000000e+00
      endloop
   endfacet
   facet normal -8.847309e-01 -4.661021e-01 -0.000000e+00
      outer loop
         vertex -1.590025e+04 2.468157e+03 2.000000e-01
         vertex -1.590027e+04 2.468206e+03 2.000000e-01
         vertex -1.590025e+04 2.468157e+03 0.000000e+00
      endloop
   endfacet
   facet normal -8.847309e-01 -4.661021e-01 0.000000e+00
      outer loop
         vertex -1.590025e+04 2.468157e+03 0.000000e+00
         vertex -1.590027e+04 2.468206e+03 2.000000e-01
         vertex -1.590027e+04 2.468206e+03 0.000000e+00
      endloop
   endfacet
   facet normal -8.850344e-01 -4.655257e-01 -0.000000e+00
      outer loop
         vertex -1.589888e+04 2.465557e+03 2.000000e-01
         vertex -1.590025e+04 2.468157e+03 2.000000e-01
         vertex -1.589888e+04 2.465557e+03 0.000000e+00
      endloop
   endfacet
   facet normal -8.850344e-01 -4.655257e-01 0.000000e+00
      outer loop
         vertex -1.589888e+04 2.465557e+03 0.000000e+00
         vertex -1.590025e+04 2.468157e+03 2.000000e-01
         vertex -1.590025e+04 2.468157e+03 0.000000e+00
      endloop
   endfacet
   facet normal -8.818691e-01 -4.714944e-01 -0.000000e+00
      outer loop
         vertex -1.589886e+04 2.465509e+03 2.000000e-01
         vertex -1.589888e+04 2.465557e+03 2.000000e-01
         vertex -1.589886e+04 2.465509e+03 0.000000e+00
      endloop
   endfacet
   facet normal -8.818691e-01 -4.714944e-01 0.000000e+00
      outer loop
         vertex -1.589886e+04 2.465509e+03 0.000000e+00
         vertex -1.589888e+04 2.465557e+03 2.000000e-01
         vertex -1.589888e+04 2.465557e+03 0.000000e+00
      endloop
   endfacet
   facet normal -8.718137e-01 -4.898376e-01 -0.000000e+00
      outer loop
         vertex -1.589742e+04 2.462946e+03 2.000000e-01
         vertex -1.589886e+04 2.465509e+03 2.000000e-01
         vertex -1.589742e+04 2.462946e+03 0.000000e+00
      endloop
   endfacet
   facet normal -8.718137e-01 -4.898376e-01 0.000000e+00
      outer loop
         vertex -1.589742e+04 2.462946e+03 0.000000e+00
         vertex -1.589886e+04 2.465509e+03 2.000000e-01
         vertex -1.589886e+04 2.465509e+03 0.000000e+00
      endloop
   endfacet
   facet normal -8.693273e-01 -4.942368e-01 -0.000000e+00
      outer loop
         vertex -1.589739e+04 2.462899e+03 2.000000e-01
         vertex -1.589742e+04 2.462946e+03 2.000000e-01
         vertex -1.589739e+04 2.462899e+03 -1.084202e-16
      endloop
   endfacet
   facet normal -8.693273e-01 -4.942368e-01 0.000000e+00
      outer loop
         vertex -1.589739e+04 2.462899e+03 -1.084202e-16
         vertex -1.589742e+04 2.462946e+03 2.000000e-01
         vertex -1.589742e+04 2.462946e+03 -1.084202e-16
      endloop
   endfacet
   facet normal -8.579074e-01 -5.138044e-01 -0.000000e+00
      outer loop
         vertex -1.589588e+04 2.460375e+03 2.000000e-01
         vertex -1.589739e+04 2.462899e+03 2.000000e-01
         vertex -1.589588e+04 2.460375e+03 0.000000e+00
      endloop
   endfacet
   facet normal -8.579074e-01 -5.138044e-01 0.000000e+00
      outer loop
         vertex -1.589588e+04 2.460375e+03 0.000000e+00
         vertex -1.589739e+04 2.462899e+03 2.000000e-01
         vertex -1.589739e+04 2.462899e+03 0.000000e+00
      endloop
   endfacet
   facet normal -8.617092e-01 -5.074024e-01 -0.000000e+00
      outer loop
         vertex -1.589585e+04 2.460328e+03 2.000000e-01
         vertex -1.589588e+04 2.460375e+03 2.000000e-01
         vertex -1.589585e+04 2.460328e+03 0.000000e+00
      endloop
   endfacet
   facet normal -8.617092e-01 -5.074024e-01 0.000000e+00
      outer loop
         vertex -1.589585e+04 2.460328e+03 0.000000e+00
         vertex -1.589588e+04 2.460375e+03 2.000000e-01
         vertex -1.589588e+04 2.460375e+03 0.000000e+00
      endloop
   endfacet
   facet normal -8.436515e-01 -5.368912e-01 -0.000000e+00
      outer loop
         vertex -1.589427e+04 2.457845e+03 2.000000e-01
         vertex -1.589585e+04 2.460328e+03 2.000000e-01
         vertex -1.589427e+04 2.457845e+03 -1.084202e-16
      endloop
   endfacet
   facet normal -8.436515e-01 -5.368912e-01 0.000000e+00
      outer loop
         vertex -1.589427e+04 2.457845e+03 -1.084202e-16
         vertex -1.589585e+04 2.460328e+03 2.000000e-01
         vertex -1.589585e+04 2.460328e+03 -1.084202e-16
      endloop
   endfacet
   facet normal -8.413201e-01 -5.405373e-01 -0.000000e+00
      outer loop
         vertex -1.589424e+04 2.457799e+03 2.000000e-01
         vertex -1.589427e+04 2.457845e+03 2.000000e-01
         vertex -1.589424e+04 2.457799e+03 -1.084202e-16
      endloop
   endfacet
   facet normal -8.413201e-01 -5.405373e-01 0.000000e+00
      outer loop
         vertex -1.589424e+04 2.457799e+03 -1.084202e-16
         vertex -1.589427e+04 2.457845e+03 2.000000e-01
         vertex -1.589427e+04 2.457845e+03 -1.084202e-16
      endloop
   endfacet
   facet normal -8.284976e-01 -5.599925e-01 -0.000000e+00
      outer loop
         vertex -1.589259e+04 2.455358e+03 2.000000e-01
         vertex -1.589424e+04 2.457799e+03 2.000000e-01
         vertex -1.589259e+04 2.455358e+03 0.000000e+00
      endloop
   endfacet
   facet normal -8.284976e-01 -5.599925e-01 0.000000e+00
      outer loop
         vertex -1.589259e+04 2.455358e+03 0.000000e+00
         vertex -1.589424e+04 2.457799e+03 2.000000e-01
         vertex -1.589424e+04 2.457799e+03 0.000000e+00
      endloop
   endfacet
   facet normal -8.279843e-01 -5.607513e-01 -0.000000e+00
      outer loop
         vertex -1.589256e+04 2.455313e+03 2.000000e-01
         vertex -1.589259e+04 2.455358e+03 2.000000e-01
         vertex -1.589256e+04 2.455313e+03 -1.084202e-16
      endloop
   endfacet
   facet normal -8.279843e-01 -5.607513e-01 0.000000e+00
      outer loop
         vertex -1.589256e+04 2.455313e+03 -1.084202e-16
         vertex -1.589259e+04 2.455358e+03 2.000000e-01
         vertex -1.589259e+04 2.455358e+03 -1.084202e-16
      endloop
   endfacet
   facet normal -8.130386e-01 -5.822098e-01 -0.000000e+00
      outer loop
         vertex -1.589084e+04 2.452917e+03 2.000000e-01
         vertex -1.589256e+04 2.455313e+03 2.000000e-01
         vertex -1.589084e+04 2.452917e+03 -1.084202e-16
      endloop
   endfacet
   facet normal -8.130386e-01 -5.822098e-01 0.000000e+00
      outer loop
         vertex -1.589084e+04 2.452917e+03 -1.084202e-16
         vertex -1.589256e+04 2.455313e+03 2.000000e-01
         vertex -1.589256e+04 2.455313e+03 -1.084202e-16
      endloop
   endfacet
   facet normal -8.057121e-01 -5.923073e-01 -0.000000e+00
      outer loop
         vertex -1.589081e+04 2.452873e+03 2.000000e-01
         vertex -1.589084e+04 2.452917e+03 2.000000e-01
         vertex -1.589081e+04 2.452873e+03 0.000000e+00
      endloop
   endfacet
   facet normal -8.057121e-01 -5.923073e-01 0.000000e+00
      outer loop
         vertex -1.589081e+04 2.452873e+03 0.000000e+00
         vertex -1.589084e+04 2.452917e+03 2.000000e-01
         vertex -1.589084e+04 2.452917e+03 0.000000e+00
      endloop
   endfacet
   facet normal -7.968764e-01 -6.041424e-01 -0.000000e+00
      outer loop
         vertex -1.588903e+04 2.450522e+03 2.000000e-01
         vertex -1.589081e+04 2.452873e+03 2.000000e-01
         vertex -1.588903e+04 2.450522e+03 0.000000e+00
      endloop
   endfacet
   facet normal -7.968764e-01 -6.041424e-01 0.000000e+00
      outer loop
         vertex -1.588903e+04 2.450522e+03 0.000000e+00
         vertex -1.589081e+04 2.452873e+03 2.000000e-01
         vertex -1.589081e+04 2.452873e+03 0.000000e+00
      endloop
   endfacet
   facet normal -7.978673e-01 -6.028331e-01 -0.000000e+00
      outer loop
         vertex -1.588900e+04 2.450479e+03 2.000000e-01
         vertex -1.588903e+04 2.450522e+03 2.000000e-01
         vertex -1.588900e+04 2.450479e+03 0.000000e+00
      endloop
   endfacet
   facet normal -7.978673e-01 -6.028331e-01 0.000000e+00
      outer loop
         vertex -1.588900e+04 2.450479e+03 0.000000e+00
         vertex -1.588903e+04 2.450522e+03 2.000000e-01
         vertex -1.588903e+04 2.450522e+03 0.000000e+00
      endloop
   endfacet
   facet normal -7.800803e-01 -6.256794e-01 -0.000000e+00
      outer loop
         vertex -1.588715e+04 2.448176e+03 2.000000e-01
         vertex -1.588900e+04 2.450479e+03 2.000000e-01
         vertex -1.588715e+04 2.448176e+03 0.000000e+00
      endloop
   endfacet
   facet normal -7.800803e-01 -6.256794e-01 0.000000e+00
      outer loop
         vertex -1.588715e+04 2.448176e+03 0.000000e+00
         vertex -1.588900e+04 2.450479e+03 2.000000e-01
         vertex -1.588900e+04 2.450479e+03 0.000000e+00
      endloop
   endfacet
   facet normal -7.739573e-01 -6.332378e-01 -0.000000e+00
      outer loop
         vertex -1.588711e+04 2.448134e+03 2.000000e-01
         vertex -1.588715e+04 2.448176e+03 2.000000e-01
         vertex -1.588711e+04 2.448134e+03 0.000000e+00
      endloop
   endfacet
   facet normal -7.739573e-01 -6.332378e-01 0.000000e+00
      outer loop
         vertex -1.588711e+04 2.448134e+03 0.000000e+00
         vertex -1.588715e+04 2.448176e+03 2.000000e-01
         vertex -1.588715e+04 2.448176e+03 0.000000e+00
      endloop
   endfacet
   facet normal -7.630494e-01 -6.463401e-01 -0.000000e+00
      outer loop
         vertex -1.588521e+04 2.445880e+03 2.000000e-01
         vertex -1.588711e+04 2.448134e+03 2.000000e-01
         vertex -1.588521e+04 2.445880e+03 0.000000e+00
      endloop
   endfacet
   facet normal -7.630494e-01 -6.463401e-01 0.000000e+00
      outer loop
         vertex -1.588521e+04 2.445880e+03 0.000000e+00
         vertex -1.588711e+04 2.448134e+03 2.000000e-01
         vertex -1.588711e+04 2.448134e+03 0.000000e+00
      endloop
   endfacet
   facet normal -7.493291e-01 -6.621978e-01 -0.000000e+00
      outer loop
         vertex -1.588517e+04 2.445839e+03 2.000000e-01
         vertex -1.588521e+04 2.445880e+03 2.000000e-01
         vertex -1.588517e+04 2.445839e+03 0.000000e+00
      endloop
   endfacet
   facet normal -7.493291e-01 -6.621978e-01 0.000000e+00
      outer loop
         vertex -1.588517e+04 2.445839e+03 0.000000e+00
         vertex -1.588521e+04 2.445880e+03 2.000000e-01
         vertex -1.588521e+04 2.445880e+03 0.000000e+00
      endloop
   endfacet
   facet normal -7.449122e-01 -6.671626e-01 -0.000000e+00
      outer loop
         vertex -1.588320e+04 2.443637e+03 2.000000e-01
         vertex -1.588517e+04 2.445839e+03 2.000000e-01
         vertex -1.588320e+04 2.443637e+03 0.000000e+00
      endloop
   endfacet
   facet normal -7.449122e-01 -6.671626e-01 0.000000e+00
      outer loop
         vertex -1.588320e+04 2.443637e+03 0.000000e+00
         vertex -1.588517e+04 2.445839e+03 2.000000e-01
         vertex -1.588517e+04 2.445839e+03 0.000000e+00
      endloop
   endfacet
   facet normal -7.307642e-01 -6.826300e-01 -0.000000e+00
      outer loop
         vertex -1.588316e+04 2.443597e+03 2.000000e-01
         vertex -1.588320e+04 2.443637e+03 2.000000e-01
         vertex -1.588316e+04 2.443597e+03 0.000000e+00
      endloop
   endfacet
   facet normal -7.307642e-01 -6.826300e-01 0.000000e+00
      outer loop
         vertex -1.588316e+04 2.443597e+03 0.000000e+00
         vertex -1.588320e+04 2.443637e+03 2.000000e-01
         vertex -1.588320e+04 2.443637e+03 0.000000e+00
      endloop
   endfacet
   facet normal -7.268924e-01 -6.867513e-01 -0.000000e+00
      outer loop
         vertex -1.588113e+04 2.441447e+03 2.000000e-01
         vertex -1.588316e+04 2.443597e+03 2.000000e-01
         vertex -1.588113e+04 2.441447e+03 -1.084202e-16
      endloop
   endfacet
   facet normal -7.268924e-01 -6.867513e-01 0.000000e+00
      outer loop
         vertex -1.588113e+04 2.441447e+03 -1.084202e-16
         vertex -1.588316e+04 2.443597e+03 2.000000e-01
         vertex -1.588316e+04 2.443597e+03 -1.084202e-16
      endloop
   endfacet
   facet normal -7.157819e-01 -6.983239e-01 -0.000000e+00
      outer loop
         vertex -1.588109e+04 2.441408e+03 2.000000e-01
         vertex -1.588113e+04 2.441447e+03 2.000000e-01
         vertex -1.588109e+04 2.441408e+03 0.000000e+00
      endloop
   endfacet
   facet normal -7.157819e-01 -6.983239e-01 0.000000e+00
      outer loop
         vertex -1.588109e+04 2.441408e+03 0.000000e+00
         vertex -1.588113e+04 2.441447e+03 2.000000e-01
         vertex -1.588113e+04 2.441447e+03 0.000000e+00
      endloop
   endfacet
   facet normal -7.078856e-01 -7.063271e-01 -0.000000e+00
      outer loop
         vertex -1.587969e+04 2.440000e+03 2.000000e-01
         vertex -1.588109e+04 2.441408e+03 2.000000e-01
         vertex -1.587969e+04 2.440000e+03 0.000000e+00
      endloop
   endfacet
   facet normal -7.078856e-01 -7.063271e-01 0.000000e+00
      outer loop
         vertex -1.587969e+04 2.440000e+03 0.000000e+00
         vertex -1.588109e+04 2.441408e+03 2.000000e-01
         vertex -1.588109e+04 2.441408e+03 0.000000e+00
      endloop
   endfacet
   facet normal -7.078422e-01 -7.063706e-01 -0.000000e+00
      outer loop
         vertex -1.587900e+04 2.439312e+03 2.000000e-01
         vertex -1.587969e+04 2.440000e+03 2.000000e-01
         vertex -1.587900e+04 2.439312e+03 0.000000e+00
      endloop
   endfacet
   facet normal -7.078422e-01 -7.063706e-01 0.000000e+00
      outer loop
         vertex -1.587900e+04 2.439312e+03 0.000000e+00
         vertex -1.587969e+04 2.440000e+03 2.000000e-01
         vertex -1.587969e+04 2.440000e+03 0.000000e+00
      endloop
   endfacet
   facet normal -6.960775e-01 -7.179667e-01 -0.000000e+00
      outer loop
         vertex -1.587896e+04 2.439274e+03 2.000000e-01
         vertex -1.587900e+04 2.439312e+03 2.000000e-01
         vertex -1.587896e+04 2.439274e+03 0.000000e+00
      endloop
   endfacet
   facet normal -6.960775e-01 -7.179667e-01 0.000000e+00
      outer loop
         vertex -1.587896e+04 2.439274e+03 0.000000e+00
         vertex -1.587900e+04 2.439312e+03 2.000000e-01
         vertex -1.587900e+04 2.439312e+03 0.000000e+00
      endloop
   endfacet
   facet normal -6.885633e-01 -7.251762e-01 -0.000000e+00
      outer loop
         vertex -1.587681e+04 2.437234e+03 2.000000e-01
         vertex -1.587896e+04 2.439274e+03 2.000000e-01
         vertex -1.587681e+04 2.437234e+03 0.000000e+00
      endloop
   endfacet
   facet normal -6.885633e-01 -7.251762e-01 0.000000e+00
      outer loop
         vertex -1.587681e+04 2.437234e+03 0.000000e+00
         vertex -1.587896e+04 2.439274e+03 2.000000e-01
         vertex -1.587896e+04 2.439274e+03 0.000000e+00
      endloop
   endfacet
   facet normal -6.780984e-01 -7.349711e-01 -0.000000e+00
      outer loop
         vertex -1.587677e+04 2.437197e+03 2.000000e-01
         vertex -1.587681e+04 2.437234e+03 2.000000e-01
         vertex -1.587677e+04 2.437197e+03 0.000000e+00
      endloop
   endfacet
   facet normal -6.780984e-01 -7.349711e-01 0.000000e+00
      outer loop
         vertex -1.587677e+04 2.437197e+03 0.000000e+00
         vertex -1.587681e+04 2.437234e+03 2.000000e-01
         vertex -1.587681e+04 2.437234e+03 0.000000e+00
      endloop
   endfacet
   facet normal -6.685114e-01 -7.437019e-01 -0.000000e+00
      outer loop
         vertex -1.587457e+04 2.435215e+03 2.000000e-01
         vertex -1.587677e+04 2.437197e+03 2.000000e-01
         vertex -1.587457e+04 2.435215e+03 -1.084202e-16
      endloop
   endfacet
   facet normal -6.685114e-01 -7.437019e-01 0.000000e+00
      outer loop
         vertex -1.587457e+04 2.435215e+03 -1.084202e-16
         vertex -1.587677e+04 2.437197e+03 2.000000e-01
         vertex -1.587677e+04 2.437197e+03 -1.084202e-16
      endloop
   endfacet
   facet normal -6.684754e-01 -7.437342e-01 -0.000000e+00
      outer loop
         vertex -1.587453e+04 2.435179e+03 2.000000e-01
         vertex -1.587457e+04 2.435215e+03 2.000000e-01
         vertex -1.587453e+04 2.435179e+03 -1.084202e-16
      endloop
   endfacet
   facet normal -6.684754e-01 -7.437342e-01 0.000000e+00
      outer loop
         vertex -1.587453e+04 2.435179e+03 -1.084202e-16
         vertex -1.587457e+04 2.435215e+03 2.000000e-01
         vertex -1.587457e+04 2.435215e+03 -1.084202e-16
      endloop
   endfacet
   facet normal -6.482078e-01 -7.614635e-01 -0.000000e+00
      outer loop
         vertex -1.587227e+04 2.433255e+03 2.000000e-01
         vertex -1.587453e+04 2.435179e+03 2.000000e-01
         vertex -1.587227e+04 2.433255e+03 0.000000e+00
      endloop
   endfacet
   facet normal -6.482078e-01 -7.614635e-01 0.000000e+00
      outer loop
         vertex -1.587227e+04 2.433255e+03 0.000000e+00
         vertex -1.587453e+04 2.435179e+03 2.000000e-01
         vertex -1.587453e+04 2.435179e+03 0.000000e+00
      endloop
   endfacet
   facet normal -6.366497e-01 -7.711531e-01 -0.000000e+00
      outer loop
         vertex -1.587222e+04 2.433221e+03 2.000000e-01
         vertex -1.587227e+04 2.433255e+03 2.000000e-01
         vertex -1.587222e+04 2.433221e+03 0.000000e+00
      endloop
   endfacet
   facet normal -6.366497e-01 -7.711531e-01 0.000000e+00
      outer loop
         vertex -1.587222e+04 2.433221e+03 0.000000e+00
         vertex -1.587227e+04 2.433255e+03 2.000000e-01
         vertex -1.587227e+04 2.433255e+03 0.000000e+00
      endloop
   endfacet
   facet normal -6.277352e-01 -7.784270e-01 -0.000000e+00
      outer loop
         vertex -1.586991e+04 2.431357e+03 2.000000e-01
         vertex -1.587222e+04 2.433221e+03 2.000000e-01
         vertex -1.586991e+04 2.431357e+03 -1.084202e-16
      endloop
   endfacet
   facet normal -6.277352e-01 -7.784270e-01 0.000000e+00
      outer loop
         vertex -1.586991e+04 2.431357e+03 -1.084202e-16
         vertex -1.587222e+04 2.433221e+03 2.000000e-01
         vertex -1.587222e+04 2.433221e+03 -1.084202e-16
      endloop
   endfacet
   facet normal -6.193614e-01 -7.851060e-01 -0.000000e+00
      outer loop
         vertex -1.586987e+04 2.431323e+03 2.000000e-01
         vertex -1.586991e+04 2.431357e+03 2.000000e-01
         vertex -1.586987e+04 2.431323e+03 -1.084202e-16
      endloop
   endfacet
   facet normal -6.193614e-01 -7.851060e-01 0.000000e+00
      outer loop
         vertex -1.586987e+04 2.431323e+03 -1.084202e-16
         vertex -1.586991e+04 2.431357e+03 2.000000e-01
         vertex -1.586991e+04 2.431357e+03 -1.084202e-16
      endloop
   endfacet
   facet normal -6.063477e-01 -7.951996e-01 -0.000000e+00
      outer loop
         vertex -1.586751e+04 2.429521e+03 2.000000e-01
         vertex -1.586987e+04 2.431323e+03 2.000000e-01
         vertex -1.586751e+04 2.429521e+03 0.000000e+00
      endloop
   endfacet
   facet normal -6.063477e-01 -7.951996e-01 0.000000e+00
      outer loop
         vertex -1.586751e+04 2.429521e+03 0.000000e+00
         vertex -1.586987e+04 2.431323e+03 2.000000e-01
         vertex -1.586987e+04 2.431323e+03 0.000000e+00
      endloop
   endfacet
   facet normal -6.000000e-01 -8.000000e-01 -0.000000e+00
      outer loop
         vertex -1.586746e+04 2.429489e+03 2.000000e-01
         vertex -1.586751e+04 2.429521e+03 2.000000e-01
         vertex -1.586746e+04 2.429489e+03 0.000000e+00
      endloop
   endfacet
   facet normal -6.000000e-01 -8.000000e-01 0.000000e+00
      outer loop
         vertex -1.586746e+04 2.429489e+03 0.000000e+00
         vertex -1.586751e+04 2.429521e+03 2.000000e-01
         vertex -1.586751e+04 2.429521e+03 0.000000e+00
      endloop
   endfacet
   facet normal -5.849169e-01 -8.110933e-01 -0.000000e+00
      outer loop
         vertex -1.586505e+04 2.427749e+03 2.000000e-01
         vertex -1.586746e+04 2.429489e+03 2.000000e-01
         vertex -1.586505e+04 2.427749e+03 0.000000e+00
      endloop
   endfacet
   facet normal -5.849169e-01 -8.110933e-01 0.000000e+00
      outer loop
         vertex -1.586505e+04 2.427749e+03 0.000000e+00
         vertex -1.586746e+04 2.429489e+03 2.000000e-01
         vertex -1.586746e+04 2.429489e+03 0.000000e+00
      endloop
   endfacet
   facet normal -5.854906e-01 -8.106792e-01 -0.000000e+00
      outer loop
         vertex -1.586501e+04 2.427718e+03 2.000000e-01
         vertex -1.586505e+04 2.427749e+03 2.000000e-01
         vertex -1.586501e+04 2.427718e+03 0.000000e+00
      endloop
   endfacet
   facet normal -5.854906e-01 -8.106792e-01 0.000000e+00
      outer loop
         vertex -1.586501e+04 2.427718e+03 0.000000e+00
         vertex -1.586505e+04 2.427749e+03 2.000000e-01
         vertex -1.586505e+04 2.427749e+03 0.000000e+00
      endloop
   endfacet
   facet normal -5.627153e-01 -8.266508e-01 -0.000000e+00
      outer loop
         vertex -1.586255e+04 2.426043e+03 2.000000e-01
         vertex -1.586501e+04 2.427718e+03 2.000000e-01
         vertex -1.586255e+04 2.426043e+03 -1.084202e-16
      endloop
   endfacet
   facet normal -5.627153e-01 -8.266508e-01 0.000000e+00
      outer loop
         vertex -1.586255e+04 2.426043e+03 -1.084202e-16
         vertex -1.586501e+04 2.427718e+03 2.000000e-01
         vertex -1.586501e+04 2.427718e+03 -1.084202e-16
      endloop
   endfacet
   facet normal -5.567379e-01 -8.306882e-01 -0.000000e+00
      outer loop
         vertex -1.586250e+04 2.426013e+03 2.000000e-01
         vertex -1.586255e+04 2.426043e+03 2.000000e-01
         vertex -1.586250e+04 2.426013e+03 0.000000e+00
      endloop
   endfacet
   facet normal -5.567379e-01 -8.306882e-01 0.000000e+00
      outer loop
         vertex -1.586250e+04 2.426013e+03 0.000000e+00
         vertex -1.586255e+04 2.426043e+03 2.000000e-01
         vertex -1.586255e+04 2.426043e+03 0.000000e+00
      endloop
   endfacet
   facet normal -5.404906e-01 -8.413501e-01 -0.000000e+00
      outer loop
         vertex -1.586000e+04 2.424403e+03 2.000000e-01
         vertex -1.586250e+04 2.426013e+03 2.000000e-01
         vertex -1.586000e+04 2.424403e+03 0.000000e+00
      endloop
   endfacet
   facet normal -5.404906e-01 -8.413501e-01 0.000000e+00
      outer loop
         vertex -1.586000e+04 2.424403e+03 0.000000e+00
         vertex -1.586250e+04 2.426013e+03 2.000000e-01
         vertex -1.586250e+04 2.426013e+03 0.000000e+00
      endloop
   endfacet
   facet normal -5.283742e-01 -8.490116e-01 -0.000000e+00
      outer loop
         vertex -1.585995e+04 2.424375e+03 2.000000e-01
         vertex -1.586000e+04 2.424403e+03 2.000000e-01
         vertex -1.585995e+04 2.424375e+03 0.000000e+00
      endloop
   endfacet
   facet normal -5.283742e-01 -8.490116e-01 0.000000e+00
      outer loop
         vertex -1.585995e+04 2.424375e+03 0.000000e+00
         vertex -1.586000e+04 2.424403e+03 2.000000e-01
         vertex -1.586000e+04 2.424403e+03 0.000000e+00
      endloop
   endfacet
   facet normal -5.179259e-01 -8.554255e-01 -0.000000e+00
      outer loop
         vertex -1.585740e+04 2.422831e+03 2.000000e-01
         vertex -1.585995e+04 2.424375e+03 2.000000e-01
         vertex -1.585740e+04 2.422831e+03 -1.084202e-16
      endloop
   endfacet
   facet normal -5.179259e-01 -8.554255e-01 0.000000e+00
      outer loop
         vertex -1.585740e+04 2.422831e+03 -1.084202e-16
         vertex -1.585995e+04 2.424375e+03 2.000000e-01
         vertex -1.585995e+04 2.424375e+03 -1.084202e-16
      endloop
   endfacet
   facet normal -5.072163e-01 -8.618188e-01 -0.000000e+00
      outer loop
         vertex -1.585736e+04 2.422804e+03 2.000000e-01
         vertex -1.585740e+04 2.422831e+03 2.000000e-01
         vertex -1.585736e+04 2.422804e+03 0.000000e+00
      endloop
   endfacet
   facet normal -5.072163e-01 -8.618188e-01 0.000000e+00
      outer loop
         vertex -1.585736e+04 2.422804e+03 0.000000e+00
         vertex -1.585740e+04 2.422831e+03 2.000000e-01
         vertex -1.585740e+04 2.422831e+03 0.000000e+00
      endloop
   endfacet
   facet normal -4.948386e-01 -8.689849e-01 -0.000000e+00
      outer loop
         vertex -1.585476e+04 2.421328e+03 2.000000e-01
         vertex -1.585736e+04 2.422804e+03 2.000000e-01
         vertex -1.585476e+04 2.421328e+03 0.000000e+00
      endloop
   endfacet
   facet normal -4.948386e-01 -8.689849e-01 0.000000e+00
      outer loop
         vertex -1.585476e+04 2.421328e+03 0.000000e+00
         vertex -1.585736e+04 2.422804e+03 2.000000e-01
         vertex -1.585736e+04 2.422804e+03 0.000000e+00
      endloop
   endfacet
   facet normal -4.860215e-01 -8.739469e-01 -0.000000e+00
      outer loop
         vertex -1.585472e+04 2.421302e+03 2.000000e-01
         vertex -1.585476e+04 2.421328e+03 2.000000e-01
         vertex -1.585472e+04 2.421302e+03 -1.084202e-16
      endloop
   endfacet
   facet normal -4.860215e-01 -8.739469e-01 0.000000e+00
      outer loop
         vertex -1.585472e+04 2.421302e+03 -1.084202e-16
         vertex -1.585476e+04 2.421328e+03 2.000000e-01
         vertex -1.585476e+04 2.421328e+03 -1.084202e-16
      endloop
   endfacet
   facet normal -4.718400e-01 -8.816842e-01 -0.000000e+00
      outer loop
         vertex -1.585209e+04 2.419894e+03 2.000000e-01
         vertex -1.585472e+04 2.421302e+03 2.000000e-01
         vertex -1.585209e+04 2.419894e+03 0.000000e+00
      endloop
   endfacet
   facet normal -4.718400e-01 -8.816842e-01 0.000000e+00
      outer loop
         vertex -1.585209e+04 2.419894e+03 0.000000e+00
         vertex -1.585472e+04 2.421302e+03 2.000000e-01
         vertex -1.585472e+04 2.421302e+03 0.000000e+00
      endloop
   endfacet
   facet normal -4.507806e-01 -8.926348e-01 -0.000000e+00
      outer loop
         vertex -1.585204e+04 2.419870e+03 2.000000e-01
         vertex -1.585209e+04 2.419894e+03 2.000000e-01
         vertex -1.585204e+04 2.419870e+03 -1.084202e-16
      endloop
   endfacet
   facet normal -4.507806e-01 -8.926348e-01 0.000000e+00
      outer loop
         vertex -1.585204e+04 2.419870e+03 -1.084202e-16
         vertex -1.585209e+04 2.419894e+03 2.000000e-01
         vertex -1.585209e+04 2.419894e+03 -1.084202e-16
      endloop
   endfacet
   facet normal -4.479798e-01 -8.940437e-01 -0.000000e+00
      outer loop
         vertex -1.584937e+04 2.418532e+03 2.000000e-01
         vertex -1.585204e+04 2.419870e+03 2.000000e-01
         vertex -1.584937e+04 2.418532e+03 0.000000e+00
      endloop
   endfacet
   facet normal -4.479798e-01 -8.940437e-01 0.000000e+00
      outer loop
         vertex -1.584937e+04 2.418532e+03 0.000000e+00
         vertex -1.585204e+04 2.419870e+03 2.000000e-01
         vertex -1.585204e+04 2.419870e+03 0.000000e+00
      endloop
   endfacet
   facet normal -4.327311e-01 -9.015231e-01 -0.000000e+00
      outer loop
         vertex -1.584932e+04 2.418509e+03 2.000000e-01
         vertex -1.584937e+04 2.418532e+03 2.000000e-01
         vertex -1.584932e+04 2.418509e+03 0.000000e+00
      endloop
   endfacet
   facet normal -4.327311e-01 -9.015231e-01 0.000000e+00
      outer loop
         vertex -1.584932e+04 2.418509e+03 0.000000e+00
         vertex -1.584937e+04 2.418532e+03 2.000000e-01
         vertex -1.584937e+04 2.418532e+03 0.000000e+00
      endloop
   endfacet
   facet normal -4.239596e-01 -9.056811e-01 -0.000000e+00
      outer loop
         vertex -1.584661e+04 2.417242e+03 2.000000e-01
         vertex -1.584932e+04 2.418509e+03 2.000000e-01
         vertex -1.584661e+04 2.417242e+03 0.000000e+00
      endloop
   endfacet
   facet normal -4.239596e-01 -9.056811e-01 0.000000e+00
      outer loop
         vertex -1.584661e+04 2.417242e+03 0.000000e+00
         vertex -1.584932e+04 2.418509e+03 2.000000e-01
         vertex -1.584932e+04 2.418509e+03 0.000000e+00
      endloop
   endfacet
   facet normal -4.111078e-01 -9.115868e-01 -0.000000e+00
      outer loop
         vertex -1.584657e+04 2.417220e+03 2.000000e-01
         vertex -1.584661e+04 2.417242e+03 2.000000e-01
         vertex -1.584657e+04 2.417220e+03 -1.084202e-16
      endloop
   endfacet
   facet normal -4.111078e-01 -9.115868e-01 0.000000e+00
      outer loop
         vertex -1.584657e+04 2.417220e+03 -1.084202e-16
         vertex -1.584661e+04 2.417242e+03 2.000000e-01
         vertex -1.584661e+04 2.417242e+03 -1.084202e-16
      endloop
   endfacet
   facet normal -3.998312e-01 -9.165888e-01 -0.000000e+00
      outer loop
         vertex -1.584383e+04 2.416025e+03 2.000000e-01
         vertex -1.584657e+04 2.417220e+03 2.000000e-01
         vertex -1.584383e+04 2.416025e+03 -1.084202e-16
      endloop
   endfacet
   facet normal -3.998312e-01 -9.165888e-01 0.000000e+00
      outer loop
         vertex -1.584383e+04 2.416025e+03 -1.084202e-16
         vertex -1.584657e+04 2.417220e+03 2.000000e-01
         vertex -1.584657e+04 2.417220e+03 -1.084202e-16
      endloop
   endfacet
   facet normal -3.896400e-01 -9.209673e-01 -0.000000e+00
      outer loop
         vertex -1.584378e+04 2.416004e+03 2.000000e-01
         vertex -1.584383e+04 2.416025e+03 2.000000e-01
         vertex -1.584378e+04 2.416004e+03 0.000000e+00
      endloop
   endfacet
   facet normal -3.896400e-01 -9.209673e-01 0.000000e+00
      outer loop
         vertex -1.584378e+04 2.416004e+03 0.000000e+00
         vertex -1.584383e+04 2.416025e+03 2.000000e-01
         vertex -1.584383e+04 2.416025e+03 0.000000e+00
      endloop
   endfacet
   facet normal -3.751536e-01 -9.269627e-01 -0.000000e+00
      outer loop
         vertex -1.584100e+04 2.414882e+03 2.000000e-01
         vertex -1.584378e+04 2.416004e+03 2.000000e-01
         vertex -1.584100e+04 2.414882e+03 0.000000e+00
      endloop
   endfacet
   facet normal -3.751536e-01 -9.269627e-01 0.000000e+00
      outer loop
         vertex -1.584100e+04 2.414882e+03 0.000000e+00
         vertex -1.584378e+04 2.416004e+03 2.000000e-01
         vertex -1.584378e+04 2.416004e+03 0.000000e+00
      endloop
   endfacet
   facet normal -3.491851e-01 -9.370538e-01 -0.000000e+00
      outer loop
         vertex -1.584095e+04 2.414863e+03 2.000000e-01
         vertex -1.584100e+04 2.414882e+03 2.000000e-01
         vertex -1.584095e+04 2.414863e+03 0.000000e+00
      endloop
   endfacet
   facet normal -3.491851e-01 -9.370538e-01 0.000000e+00
      outer loop
         vertex -1.584095e+04 2.414863e+03 0.000000e+00
         vertex -1.584100e+04 2.414882e+03 2.000000e-01
         vertex -1.584100e+04 2.414882e+03 0.000000e+00
      endloop
   endfacet
   facet normal -3.508092e-01 -9.364470e-01 -0.000000e+00
      outer loop
         vertex -1.583815e+04 2.413813e+03 2.000000e-01
         vertex -1.584095e+04 2.414863e+03 2.000000e-01
         vertex -1.583815e+04 2.413813e+03 0.000000e+00
      endloop
   endfacet
   facet normal -3.508092e-01 -9.364470e-01 0.000000e+00
      outer loop
         vertex -1.583815e+04 2.413813e+03 0.000000e+00
         vertex -1.584095e+04 2.414863e+03 2.000000e-01
         vertex -1.584095e+04 2.414863e+03 0.000000e+00
      endloop
   endfacet
   facet normal -3.431930e-01 -9.392649e-01 -0.000000e+00
      outer loop
         vertex -1.583810e+04 2.413795e+03 2.000000e-01
         vertex -1.583815e+04 2.413813e+03 2.000000e-01
         vertex -1.583810e+04 2.413795e+03 0.000000e+00
      endloop
   endfacet
   facet normal -3.431930e-01 -9.392649e-01 0.000000e+00
      outer loop
         vertex -1.583810e+04 2.413795e+03 0.000000e+00
         vertex -1.583815e+04 2.413813e+03 2.000000e-01
         vertex -1.583815e+04 2.413813e+03 0.000000e+00
      endloop
   endfacet
   facet normal -3.255514e-01 -9.455243e-01 -0.000000e+00
      outer loop
         vertex -1.583527e+04 2.412820e+03 2.000000e-01
         vertex -1.583810e+04 2.413795e+03 2.000000e-01
         vertex -1.583527e+04 2.412820e+03 0.000000e+00
      endloop
   endfacet
   facet normal -3.255514e-01 -9.455243e-01 0.000000e+00
      outer loop
         vertex -1.583527e+04 2.412820e+03 0.000000e+00
         vertex -1.583810e+04 2.413795e+03 2.000000e-01
         vertex -1.583810e+04 2.413795e+03 0.000000e+00
      endloop
   endfacet
   facet normal -3.107389e-01 -9.504953e-01 -0.000000e+00
      outer loop
         vertex -1.583522e+04 2.412804e+03 2.000000e-01
         vertex -1.583527e+04 2.412820e+03 2.000000e-01
         vertex -1.583522e+04 2.412804e+03 0.000000e+00
      endloop
   endfacet
   facet normal -3.107389e-01 -9.504953e-01 0.000000e+00
      outer loop
         vertex -1.583522e+04 2.412804e+03 0.000000e+00
         vertex -1.583527e+04 2.412820e+03 2.000000e-01
         vertex -1.583527e+04 2.412820e+03 0.000000e+00
      endloop
   endfacet
   facet normal -3.006478e-01 -9.537352e-01 -0.000000e+00
      outer loop
         vertex -1.583236e+04 2.411903e+03 2.000000e-01
         vertex -1.583522e+04 2.412804e+03 2.000000e-01
         vertex -1.583236e+04 2.411903e+03 -1.084202e-16
      endloop
   endfacet
   facet normal -3.006478e-01 -9.537352e-01 0.000000e+00
      outer loop
         vertex -1.583236e+04 2.411903e+03 -1.084202e-16
         vertex -1.583522e+04 2.412804e+03 2.000000e-01
         vertex -1.583522e+04 2.412804e+03 -1.084202e-16
      endloop
   endfacet
   facet normal -2.800000e-01 -9.600000e-01 -0.000000e+00
      outer loop
         vertex -1.583231e+04 2.411888e+03 2.000000e-01
         vertex -1.583236e+04 2.411903e+03 2.000000e-01
         vertex -1.583231e+04 2.411888e+03 -1.084202e-16
      endloop
   endfacet
   facet normal -2.800000e-01 -9.600000e-01 0.000000e+00
      outer loop
         vertex -1.583231e+04 2.411888e+03 -1.084202e-16
         vertex -1.583236e+04 2.411903e+03 2.000000e-01
         vertex -1.583236e+04 2.411903e+03 -1.084202e-16
      endloop
   endfacet
   facet normal -2.749733e-01 -9.614519e-01 -0.000000e+00
      outer loop
         vertex -1.582943e+04 2.411064e+03 2.000000e-01
         vertex -1.583231e+04 2.411888e+03 2.000000e-01
         vertex -1.582943e+04 2.411064e+03 0.000000e+00
      endloop
   endfacet
   facet normal -2.749733e-01 -9.614519e-01 0.000000e+00
      outer loop
         vertex -1.582943e+04 2.411064e+03 0.000000e+00
         vertex -1.583231e+04 2.411888e+03 2.000000e-01
         vertex -1.583231e+04 2.411888e+03 0.000000e+00
      endloop
   endfacet
   facet normal -2.638873e-01 -9.645535e-01 -0.000000e+00
      outer loop
         vertex -1.582938e+04 2.411050e+03 2.000000e-01
         vertex -1.582943e+04 2.411064e+03 2.000000e-01
         vertex -1.582938e+04 2.411050e+03 0.000000e+00
      endloop
   endfacet
   facet normal -2.638873e-01 -9.645535e-01 0.000000e+00
      outer loop
         vertex -1.582938e+04 2.411050e+03 0.000000e+00
         vertex -1.582943e+04 2.411064e+03 2.000000e-01
         vertex -1.582943e+04 2.411064e+03 0.000000e+00
      endloop
   endfacet
   facet normal -2.497867e-01 -9.683009e-01 -0.000000e+00
      outer loop
         vertex -1.582647e+04 2.410301e+03 2.000000e-01
         vertex -1.582938e+04 2.411050e+03 2.000000e-01
         vertex -1.582647e+04 2.410301e+03 0.000000e+00
      endloop
   endfacet
   facet normal -2.497867e-01 -9.683009e-01 0.000000e+00
      outer loop
         vertex -1.582647e+04 2.410301e+03 0.000000e+00
         vertex -1.582938e+04 2.411050e+03 2.000000e-01
         vertex -1.582938e+04 2.411050e+03 0.000000e+00
      endloop
   endfacet
   facet normal -2.255183e-01 -9.742389e-01 -0.000000e+00
      outer loop
         vertex -1.582642e+04 2.410289e+03 2.000000e-01
         vertex -1.582647e+04 2.410301e+03 2.000000e-01
         vertex -1.582642e+04 2.410289e+03 -1.084202e-16
      endloop
   endfacet
   facet normal -2.255183e-01 -9.742389e-01 0.000000e+00
      outer loop
         vertex -1.582642e+04 2.410289e+03 -1.084202e-16
         vertex -1.582647e+04 2.410301e+03 2.000000e-01
         vertex -1.582647e+04 2.410301e+03 -1.084202e-16
      endloop
   endfacet
   facet normal -2.240873e-01 -9.745691e-01 -0.000000e+00
      outer loop
         vertex -1.582350e+04 2.409617e+03 2.000000e-01
         vertex -1.582642e+04 2.410289e+03 2.000000e-01
         vertex -1.582350e+04 2.409617e+03 5.421011e-17
      endloop
   endfacet
   facet normal -2.240873e-01 -9.745691e-01 0.000000e+00
      outer loop
         vertex -1.582350e+04 2.409617e+03 5.421011e-17
         vertex -1.582642e+04 2.410289e+03 2.000000e-01
         vertex -1.582642e+04 2.410289e+03 5.421011e-17
      endloop
   endfacet
   facet normal -2.082920e-01 -9.780667e-01 -0.000000e+00
      outer loop
         vertex -1.582345e+04 2.409606e+03 2.000000e-01
         vertex -1.582350e+04 2.409617e+03 2.000000e-01
         vertex -1.582345e+04 2.409606e+03 0.000000e+00
      endloop
   endfacet
   facet normal -2.082920e-01 -9.780667e-01 0.000000e+00
      outer loop
         vertex -1.582345e+04 2.409606e+03 0.000000e+00
         vertex -1.582350e+04 2.409617e+03 2.000000e-01
         vertex -1.582350e+04 2.409617e+03 0.000000e+00
      endloop
   endfacet
   facet normal -1.986018e-01 -9.800803e-01 -0.000000e+00
      outer loop
         vertex -1.582195e+04 2.409302e+03 2.000000e-01
         vertex -1.582345e+04 2.409606e+03 2.000000e-01
         vertex -1.582195e+04 2.409302e+03 5.421011e-17
      endloop
   endfacet
   facet normal -1.986018e-01 -9.800803e-01 0.000000e+00
      outer loop
         vertex -1.582195e+04 2.409302e+03 5.421011e-17
         vertex -1.582345e+04 2.409606e+03 2.000000e-01
         vertex -1.582345e+04 2.409606e+03 5.421011e-17
      endloop
   endfacet
   facet normal -1.622932e-01 -9.867426e-01 -0.000000e+00
      outer loop
         vertex -1.582188e+04 2.409290e+03 2.000000e-01
         vertex -1.582195e+04 2.409302e+03 2.000000e-01
         vertex -1.582188e+04 2.409290e+03 -1.084202e-16
      endloop
   endfacet
   facet normal -1.622932e-01 -9.867426e-01 0.000000e+00
      outer loop
         vertex -1.582188e+04 2.409290e+03 -1.084202e-16
         vertex -1.582195e+04 2.409302e+03 2.000000e-01
         vertex -1.582195e+04 2.409302e+03 -1.084202e-16
      endloop
   endfacet
   facet normal -1.368579e-01 -9.905907e-01 -0.000000e+00
      outer loop
         vertex -1.582180e+04 2.409280e+03 2.000000e-01
         vertex -1.582188e+04 2.409290e+03 2.000000e-01
         vertex -1.582180e+04 2.409280e+03 0.000000e+00
      endloop
   endfacet
   facet normal -1.368579e-01 -9.905907e-01 0.000000e+00
      outer loop
         vertex -1.582180e+04 2.409280e+03 0.000000e+00
         vertex -1.582188e+04 2.409290e+03 2.000000e-01
         vertex -1.582188e+04 2.409290e+03 0.000000e+00
      endloop
   endfacet
   facet normal -6.802389e-02 -9.976837e-01 -0.000000e+00
      outer loop
         vertex -1.582173e+04 2.409275e+03 2.000000e-01
         vertex -1.582180e+04 2.409280e+03 2.000000e-01
         vertex -1.582173e+04 2.409275e+03 -1.084202e-16
      endloop
   endfacet
   facet normal -6.802389e-02 -9.976837e-01 0.000000e+00
      outer loop
         vertex -1.582173e+04 2.409275e+03 -1.084202e-16
         vertex -1.582180e+04 2.409280e+03 2.000000e-01
         vertex -1.582180e+04 2.409280e+03 -1.084202e-16
      endloop
   endfacet
   facet normal -2.920831e-02 -9.995733e-01 -0.000000e+00
      outer loop
         vertex -1.582166e+04 2.409273e+03 2.000000e-01
         vertex -1.582173e+04 2.409275e+03 2.000000e-01
         vertex -1.582166e+04 2.409273e+03 0.000000e+00
      endloop
   endfacet
   facet normal -2.920831e-02 -9.995733e-01 0.000000e+00
      outer loop
         vertex -1.582166e+04 2.409273e+03 0.000000e+00
         vertex -1.582173e+04 2.409275e+03 2.000000e-01
         vertex -1.582173e+04 2.409275e+03 0.000000e+00
      endloop
   endfacet
   facet normal -0.000000e+00 -1.000000e+00 -0.000000e+00
      outer loop
         vertex -1.584250e+04 2.440000e+03 2.000000e-01
         vertex -1.584750e+04 2.440000e+03 2.000000e-01
         vertex -1.584250e+04 2.440000e+03 0.000000e+00
      endloop
   endfacet
   facet normal 0.000000e+00 -1.000000e+00 0.000000e+00
      outer loop
         vertex -1.584250e+04 2.440000e+03 0.000000e+00
         vertex -1.584750e+04 2.440000e+03 2.000000e-01
         vertex -1.584750e+04 2.440000e+03 0.000000e+00
      endloop
   endfacet
   facet normal 1.000000e+00 0.000000e+00 0.000000e+00
      outer loop
         vertex -1.584750e+04 2.440000e+03 2.000000e-01
         vertex -1.584750e+04 2.435000e+03 2.000000e-01
         vertex -1.584750e+04 2.440000e+03 0.000000e+00
      endloop
   endfacet
   facet normal 1.000000e+00 0.000000e+00 0.000000e+00
      outer loop
         vertex -1.584750e+04 2.440000e+03 0.000000e+00
         vertex -1.584750e+04 2.435000e+03 2.000000e-01
         vertex -1.584750e+04 2.435000e+03 0.000000e+00
      endloop
   endfacet
   facet normal -0.000000e+00 1.000000e+00 0.000000e+00
      outer loop
         vertex -1.584750e+04 2.435000e+03 2.000000e-01
         vertex -1.584250e+04 2.435000e+03 2.000000e-01
         vertex -1.584750e+04 2.435000e+03 0.000000e+00
      endloop
   endfacet
   facet normal 0.000000e+00 1.000000e+00 0.000000e+00
      outer loop
         vertex -1.584750e+04 2.435000e+03 0.000000e+00
         vertex -1.584250e+04 2.435000e+03 2.000000e-01
         vertex -1.584250e+04 2.435000e+03 0.000000e+00
      endloop
   endfacet
   facet normal -1.000000e+00 0.000000e+00 0.000000e+00
      outer loop
         vertex -1.584250e+04 2.435000e+03 2.000000e-01
         vertex -1.584250e+04 2.440000e+03 2.000000e-01
         vertex -1.584250e+04 2.435000e+03 0.000000e+00
      endloop
   endfacet
   facet normal -1.000000e+00 0.000000e+00 0.000000e+00
      outer loop
         vertex -1.584250e+04 2.435000e+03 0.000000e+00
         vertex -1.584250e+04 2.440000e+03 2.000000e-01
         vertex -1.584250e+04 2.440000e+03 0.000000e+00
      endloop
   endfacet
   facet normal -0.000000e+00 -1.000000e+00 -0.000000e+00
      outer loop
         vertex -1.587000e+04 2.495000e+03 2.000000e-01
         vertex -1.587500e+04 2.495000e+03 2.000000e-01
         vertex -1.587000e+04 2.495000e+03 0.000000e+00
      endloop
   endfacet
   facet normal 0.000000e+00 -1.000000e+00 0.000000e+00
      outer loop
         vertex -1.587000e+04 2.495000e+03 0.000000e+00
         vertex -1.587500e+04 2.495000e+03 2.000000e-01
         vertex -1.587500e+04 2.495000e+03 0.000000e+00
      endloop
   endfacet
   facet normal 1.000000e+00 0.000000e+00 0.000000e+00
      outer loop
         vertex -1.587500e+04 2.495000e+03 2.000000e-01
         vertex -1.587500e+04 2.490000e+03 2.000000e-01
         vertex -1.587500e+04 2.495000e+03 0.000000e+00
      endloop
   endfacet
   facet normal 1.000000e+00 0.000000e+00 0.000000e+00
      outer loop
         vertex -1.587500e+04 2.495000e+03 0.000000e+00
         vertex -1.587500e+04 2.490000e+03 2.000000e-01
         vertex -1.587500e+04 2.490000e+03 0.000000e+00
      endloop
   endfacet
   facet normal -0.000000e+00 1.000000e+00 0.000000e+00
      outer loop
         vertex -1.587500e+04 2.490000e+03 2.000000e-01
         vertex -1.587000e+04 2.490000e+03 2.000000e-01
         vertex -1.587500e+04 2.490000e+03 0.000000e+00
      endloop
   endfacet
   facet normal 0.000000e+00 1.000000e+00 0.000000e+00
      outer loop
         vertex -1.587500e+04 2.490000e+03 0.000000e+00
         vertex -1.587000e+04 2.490000e+03 2.000000e-01
         vertex -1.587000e+04 2.490000e+03 0.000000e+00
      endloop
   endfacet
   facet normal -1.000000e+00 0.000000e+00 0.000000e+00
      outer loop
         vertex -1.587000e+04 2.490000e+03 2.000000e-01
         vertex -1.587000e+04 2.495000e+03 2.000000e-01
         vertex -1.587000e+04 2.490000e+03 0.000000e+00
      endloop
   endfacet
   facet normal -1.000000e+00 0.000000e+00 0.000000e+00
      outer loop
         vertex -1.587000e+04 2.490000e+03 0.000000e+00
         vertex -1.587000e+04 2.495000e+03 2.000000e-01
         vertex -1.587000e+04 2.495000e+03 0.000000e+00
      endloop
   endfacet
   facet normal -0.000000e+00 -1.000000e+00 -0.000000e+00
      outer loop
         vertex -1.581500e+04 2.495000e+03 2.000000e-01
         vertex -1.582000e+04 2.495000e+03 2.000000e-01
         vertex -1.581500e+04 2.495000e+03 0.000000e+00
      endloop
   endfacet
   facet normal 0.000000e+00 -1.000000e+00 0.000000e+00
      outer loop
         vertex -1.581500e+04 2.495000e+03 0.000000e+00
         vertex -1.582000e+04 2.495000e+03 2.000000e-01
         vertex -1.582000e+04 2.495000e+03 0.000000e+00
      endloop
   endfacet
   facet normal 1.000000e+00 0.000000e+00 0.000000e+00
      outer loop
         vertex -1.582000e+04 2.495000e+03 2.000000e-01
         vertex -1.582000e+04 2.490000e+03 2.000000e-01
         vertex -1.582000e+04 2.495000e+03 0.000000e+00
      endloop
   endfacet
   facet normal 1.000000e+00 0.000000e+00 0.000000e+00
      outer loop
         vertex -1.582000e+04 2.495000e+03 0.000000e+00
         vertex -1.582000e+04 2.490000e+03 2.000000e-01
         vertex -1.582000e+04 2.490000e+03 0.000000e+00
      endloop
   endfacet
   facet normal -0.000000e+00 1.000000e+00 0.000000e+00
      outer loop
         vertex -1.582000e+04 2.490000e+03 2.000000e-01
         vertex -1.581500e+04 2.490000e+03 2.000000e-01
         vertex -1.582000e+04 2.490000e+03 0.000000e+00
      endloop
   endfacet
   facet normal 0.000000e+00 1.000000e+00 0.000000e+00
      outer loop
         vertex -1.582000e+04 2.490000e+03 0.000000e+00
         vertex -1.581500e+04 2.490000e+03 2.000000e-01
         vertex -1.581500e+04 2.490000e+03 0.000000e+00
      endloop
   endfacet
   facet normal -1.000000e+00 0.000000e+00 0.000000e+00
      outer loop
         vertex -1.581500e+04 2.490000e+03 2.000000e-01
         vertex -1.581500e+04 2.495000e+03 2.000000e-01
         vertex -1.581500e+04 2.490000e+03 0.000000e+00
      endloop
   endfacet
   facet normal -1.000000e+00 0.000000e+00 0.000000e+00
      outer loop
         vertex -1.581500e+04 2.490000e+03 0.000000e+00
         vertex -1.581500e+04 2.495000e+03 2.000000e-01
         vertex -1.581500e+04 2.495000e+03 0.000000e+00
      endloop
   endfacet
   facet normal -0.000000e+00 -1.000000e+00 -0.000000e+00
      outer loop
         vertex -1.587000e+04 2.550000e+03 2.000000e-01
         vertex -1.587500e+04 2.550000e+03 2.000000e-01
         vertex -1.587000e+04 2.550000e+03 0.000000e+00
      endloop
   endfacet
   facet normal 0.000000e+00 -1.000000e+00 0.000000e+00
      outer loop
         vertex -1.587000e+04 2.550000e+03 0.000000e+00
         vertex -1.587500e+04 2.550000e+03 2.000000e-01
         vertex -1.587500e+04 2.550000e+03 0.000000e+00
      endloop
   endfacet
   facet normal 1.000000e+00 0.000000e+00 0.000000e+00
      outer loop
         vertex -1.587500e+04 2.550000e+03 2.000000e-01
         vertex -1.587500e+04 2.545000e+03 2.000000e-01
         vertex -1.587500e+04 2.550000e+03 0.000000e+00
      endloop
   endfacet
   facet normal 1.000000e+00 0.000000e+00 0.000000e+00
      outer loop
         vertex -1.587500e+04 2.550000e+03 0.000000e+00
         vertex -1.587500e+04 2.545000e+03 2.000000e-01
         vertex -1.587500e+04 2.545000e+03 0.000000e+00
      endloop
   endfacet
   facet normal -0.000000e+00 1.000000e+00 0.000000e+00
      outer loop
         vertex -1.587500e+04 2.545000e+03 2.000000e-01
         vertex -1.587000e+04 2.545000e+03 2.000000e-01
         vertex -1.587500e+04 2.545000e+03 0.000000e+00
      endloop
   endfacet
   facet normal 0.000000e+00 1.000000e+00 0.000000e+00
      outer loop
         vertex -1.587500e+04 2.545000e+03 0.000000e+00
         vertex -1.587000e+04 2.545000e+03 2.000000e-01
         vertex -1.587000e+04 2.545000e+03 0.000000e+00
      endloop
   endfacet
   facet normal -1.000000e+00 0.000000e+00 0.000000e+00
      outer loop
         vertex -1.587000e+04 2.545000e+03 2.000000e-01
         vertex -1.587000e+04 2.550000e+03 2.000000e-01
         vertex -1.587000e+04 2.545000e+03 0.000000e+00
      endloop
   endfacet
   facet normal -1.000000e+00 0.000000e+00 0.000000e+00
      outer loop
         vertex -1.587000e+04 2.545000e+03 0.000000e+00
         vertex -1.587000e+04 2.550000e+03 2.000000e-01
         vertex -1.587000e+04 2.550000e+03 0.000000e+00
      endloop
   endfacet
   facet normal -0.000000e+00 -1.000000e+00 -0.000000e+00
      outer loop
         vertex -1.581500e+04 2.550000e+03 2.000000e-01
         vertex -1.582000e+04 2.550000e+03 2.000000e-01
         vertex -1.581500e+04 2.550000e+03 0.000000e+00
      endloop
   endfacet
   facet normal 0.000000e+00 -1.000000e+00 0.000000e+00
      outer loop
         vertex -1.581500e+04 2.550000e+03 0.000000e+00
         vertex -1.582000e+04 2.550000e+03 2.000000e-01
         vertex -1.582000e+04 2.550000e+03 0.000000e+00
      endloop
   endfacet
   facet normal 1.000000e+00 0.000000e+00 0.000000e+00
      outer loop
         vertex -1.582000e+04 2.550000e+03 2.000000e-01
         vertex -1.582000e+04 2.545000e+03 2.000000e-01
         vertex -1.582000e+04 2.550000e+03 0.000000e+00
      endloop
   endfacet
   facet normal 1.000000e+00 0.000000e+00 0.000000e+00
      outer loop
         vertex -1.582000e+04 2.550000e+03 0.000000e+00
         vertex -1.582000e+04 2.545000e+03 2.000000e-01
         vertex -1.582000e+04 2.545000e+03 0.000000e+00
      endloop
   endfacet
   facet normal -0.000000e+00 1.000000e+00 0.000000e+00
      outer loop
         vertex -1.582000e+04 2.545000e+03 2.000000e-01
         vertex -1.581500e+04 2.545000e+03 2.000000e-01
         vertex -1.582000e+04 2.545000e+03 0.000000e+00
      endloop
   endfacet
   facet normal 0.000000e+00 1.000000e+00 0.000000e+00
      outer loop
         vertex -1.582000e+04 2.545000e+03 0.000000e+00
         vertex -1.581500e+04 2.545000e+03 2.000000e-01
         vertex -1.581500e+04 2.545000e+03 0.000000e+00
      endloop
   endfacet
   facet normal -1.000000e+00 0.000000e+00 0.000000e+00
      outer loop
         vertex -1.581500e+04 2.545000e+03 2.000000e-01
         vertex -1.581500e+04 2.550000e+03 2.000000e-01
         vertex -1.581500e+04 2.545000e+03 0.000000e+00
      endloop
   endfacet
   facet normal -1.000000e+00 0.000000e+00 0.000000e+00
      outer loop
         vertex -1.581500e+04 2.545000e+03 0.000000e+00
         vertex -1.581500e+04 2.550000e+03 2.000000e-01
         vertex -1.581500e+04 2.550000e+03 0.000000e+00
      endloop
   endfacet
   facet normal -0.000000e+00 -1.000000e+00 -0.000000e+00
      outer loop
         vertex -1.584250e+04 2.605000e+03 2.000000e-01
         vertex -1.584750e+04 2.605000e+03 2.000000e-01
         vertex -1.584250e+04 2.605000e+03 0.000000e+00
      endloop
   endfacet
   facet normal 0.000000e+00 -1.000000e+00 0.000000e+00
      outer loop
         vertex -1.584250e+04 2.605000e+03 0.000000e+00
         vertex -1.584750e+04 2.605000e+03 2.000000e-01
         vertex -1.584750e+04 2.605000e+03 0.000000e+00
      endloop
   endfacet
   facet normal 1.000000e+00 0.000000e+00 0.000000e+00
      outer loop
         vertex -1.584750e+04 2.605000e+03 2.000000e-01
         vertex -1.584750e+04 2.600000e+03 2.000000e-01
         vertex -1.584750e+04 2.605000e+03 0.000000e+00
      endloop
   endfacet
   facet normal 1.000000e+00 0.000000e+00 0.000000e+00
      outer loop
         vertex -1.584750e+04 2.605000e+03 0.000000e+00
         vertex -1.584750e+04 2.600000e+03 2.000000e-01
         vertex -1.584750e+04 2.600000e+03 0.000000e+00
      endloop
   endfacet
   facet normal -0.000000e+00 1.000000e+00 0.000000e+00
      outer loop
         vertex -1.584750e+04 2.600000e+03 2.000000e-01
         vertex -1.584250e+04 2.600000e+03 2.000000e-01
         vertex -1.584750e+04 2.600000e+03 0.000000e+00
      endloop
   endfacet
   facet normal 0.000000e+00 1.000000e+00 0.000000e+00
      outer loop
         vertex -1.584750e+04 2.600000e+03 0.000000e+00
         vertex -1.584250e+04 2.600000e+03 2.000000e-01
         vertex -1.584250e+04 2.600000e+03 0.000000e+00
      endloop
   endfacet
   facet normal -1.000000e+00 0.000000e+00 0.000000e+00
      outer loop
         vertex -1.584250e+04 2.600000e+03 2.000000e-01
         vertex -1.584250e+04 2.605000e+03 2.000000e-01
         vertex -1.584250e+04 2.600000e+03 0.000000e+00
      endloop
   endfacet
   facet normal -1.000000e+00 0.000000e+00 0.000000e+00
      outer loop
         vertex -1.584250e+04 2.600000e+03 0.000000e+00
         vertex -1.584250e+04 2.605000e+03 2.000000e-01
         vertex -1.584250e+04 2.605000e+03 0.000000e+00
      endloop
   endfacet
endsolid single_squat_BE1