solid single_squat_BE3
   facet normal -0.000000e+00 0.000000e+00 1.000000e+00
      outer loop
         vertex -1.576181e+04 2.623527e+03 2.000000e-01
         vertex -1.576550e+04 2.605000e+03 2.000000e-01
         vertex -1.575855e+04 2.624394e+03 2.000000e-01
      endloop
   endfacet
   facet normal -0.000000e+00 0.000000e+00 1.000000e+00
      outer loop
         vertex -1.576768e+04 2.440000e+03 2.000000e-01
         vertex -1.574875e+04 2.422137e+03 2.000000e-01
         vertex -1.574875e+04 2.465000e+03 2.000000e-01
      endloop
   endfacet
   facet normal 0.000000e+00 -0.000000e+00 1.000000e+00
      outer loop
         vertex -1.575850e+04 2.409617e+03 2.000000e-01
         vertex -1.575558e+04 2.410289e+03 2.000000e-01
         vertex -1.576768e+04 2.440000e+03 2.000000e-01
      endloop
   endfacet
   facet normal 0.000000e+00 -0.000000e+00 1.000000e+00
      outer loop
         vertex -1.576005e+04 2.409302e+03 2.000000e-01
         vertex -1.575855e+04 2.409606e+03 2.000000e-01
         vertex -1.576179e+04 2.410402e+03 2.000000e-01
      endloop
   endfacet
   facet normal 0.000000e+00 -0.000000e+00 1.000000e+00
      outer loop
         vertex -1.574964e+04 2.411903e+03 2.000000e-01
         vertex -1.574875e+04 2.422137e+03 2.000000e-01
         vertex -1.574969e+04 2.411888e+03 2.000000e-01
      endloop
   endfacet
   facet normal 0.000000e+00 -0.000000e+00 1.000000e+00
      outer loop
         vertex -1.574969e+04 2.411888e+03 2.000000e-01
         vertex -1.574875e+04 2.422137e+03 2.000000e-01
         vertex -1.576768e+04 2.440000e+03 2.000000e-01
      endloop
   endfacet
   facet normal 0.000000e+00 0.000000e+00 1.000000e+00
      outer loop
         vertex -1.574969e+04 2.411888e+03 2.000000e-01
         vertex -1.576768e+04 2.440000e+03 2.000000e-01
         vertex -1.575257e+04 2.411064e+03 2.000000e-01
      endloop
   endfacet
   facet normal 0.000000e+00 0.000000e+00 1.000000e+00
      outer loop
         vertex -1.575850e+04 2.409617e+03 2.000000e-01
         vertex -1.576768e+04 2.440000e+03 2.000000e-01
         vertex -1.575855e+04 2.409606e+03 2.000000e-01
      endloop
   endfacet
   facet normal 0.000000e+00 0.000000e+00 1.000000e+00
      outer loop
         vertex -1.575855e+04 2.409606e+03 2.000000e-01
         vertex -1.576768e+04 2.440000e+03 2.000000e-01
         vertex -1.576181e+04 2.410473e+03 2.000000e-01
      endloop
   endfacet
   facet normal 0.000000e+00 0.000000e+00 1.000000e+00
      outer loop
         vertex -1.575855e+04 2.409606e+03 2.000000e-01
         vertex -1.576181e+04 2.410473e+03 2.000000e-01
         vertex -1.576179e+04 2.410402e+03 2.000000e-01
      endloop
   endfacet
   facet normal 0.000000e+00 -0.000000e+00 1.000000e+00
      outer loop
         vertex -1.575558e+04 2.410289e+03 2.000000e-01
         vertex -1.575553e+04 2.410301e+03 2.000000e-01
         vertex -1.576768e+04 2.440000e+03 2.000000e-01
      endloop
   endfacet
   facet normal 0.000000e+00 0.000000e+00 1.000000e+00
      outer loop
         vertex -1.576768e+04 2.440000e+03 2.000000e-01
         vertex -1.575553e+04 2.410301e+03 2.000000e-01
         vertex -1.575262e+04 2.411050e+03 2.000000e-01
      endloop
   endfacet
   facet normal 0.000000e+00 0.000000e+00 1.000000e+00
      outer loop
         vertex -1.576768e+04 2.440000e+03 2.000000e-01
         vertex -1.575262e+04 2.411050e+03 2.000000e-01
         vertex -1.575257e+04 2.411064e+03 2.000000e-01
      endloop
   endfacet
   facet normal 0.000000e+00 0.000000e+00 1.000000e+00
      outer loop
         vertex -1.576175e+04 2.410261e+03 2.000000e-01
         vertex -1.576173e+04 2.410193e+03 2.000000e-01
         vertex -1.576049e+04 2.409280e+03 2.000000e-01
      endloop
   endfacet
   facet normal 0.000000e+00 0.000000e+00 1.000000e+00
      outer loop
         vertex -1.576049e+04 2.409280e+03 2.000000e-01
         vertex -1.576173e+04 2.410193e+03 2.000000e-01
         vertex -1.576170e+04 2.410126e+03 2.000000e-01
      endloop
   endfacet
   facet normal -0.000000e+00 -0.000000e+00 1.000000e+00
      outer loop
         vertex -1.576042e+04 2.409274e+03 2.000000e-01
         vertex -1.576034e+04 2.409273e+03 2.000000e-01
         vertex -1.576179e+04 2.410402e+03 2.000000e-01
      endloop
   endfacet
   facet normal 0.000000e+00 0.000000e+00 1.000000e+00
      outer loop
         vertex -1.576179e+04 2.410402e+03 2.000000e-01
         vertex -1.576034e+04 2.409273e+03 2.000000e-01
         vertex -1.576027e+04 2.409275e+03 2.000000e-01
      endloop
   endfacet
   facet normal 0.000000e+00 0.000000e+00 1.000000e+00
      outer loop
         vertex -1.576042e+04 2.409274e+03 2.000000e-01
         vertex -1.576179e+04 2.410402e+03 2.000000e-01
         vertex -1.576049e+04 2.409280e+03 2.000000e-01
      endloop
   endfacet
   facet normal 0.000000e+00 0.000000e+00 1.000000e+00
      outer loop
         vertex -1.576049e+04 2.409280e+03 2.000000e-01
         vertex -1.576179e+04 2.410402e+03 2.000000e-01
         vertex -1.576178e+04 2.410331e+03 2.000000e-01
      endloop
   endfacet
   facet normal 0.000000e+00 0.000000e+00 1.000000e+00
      outer loop
         vertex -1.576049e+04 2.409280e+03 2.000000e-01
         vertex -1.576178e+04 2.410331e+03 2.000000e-01
         vertex -1.576175e+04 2.410261e+03 2.000000e-01
      endloop
   endfacet
   facet normal 0.000000e+00 0.000000e+00 1.000000e+00
      outer loop
         vertex -1.576170e+04 2.410126e+03 2.000000e-01
         vertex -1.576166e+04 2.410060e+03 2.000000e-01
         vertex -1.576049e+04 2.409280e+03 2.000000e-01
      endloop
   endfacet
   facet normal 0.000000e+00 0.000000e+00 1.000000e+00
      outer loop
         vertex -1.576049e+04 2.409280e+03 2.000000e-01
         vertex -1.576166e+04 2.410060e+03 2.000000e-01
         vertex -1.576163e+04 2.409997e+03 2.000000e-01
      endloop
   endfacet
   facet normal 0.000000e+00 0.000000e+00 1.000000e+00
      outer loop
         vertex -1.576049e+04 2.409280e+03 2.000000e-01
         vertex -1.576163e+04 2.409997e+03 2.000000e-01
         vertex -1.576056e+04 2.409288e+03 2.000000e-01
      endloop
   endfacet
   facet normal 0.000000e+00 0.000000e+00 1.000000e+00
      outer loop
         vertex -1.576056e+04 2.409288e+03 2.000000e-01
         vertex -1.576163e+04 2.409997e+03 2.000000e-01
         vertex -1.576064e+04 2.409301e+03 2.000000e-01
      endloop
   endfacet
   facet normal 0.000000e+00 -0.000000e+00 1.000000e+00
      outer loop
         vertex -1.576027e+04 2.409275e+03 2.000000e-01
         vertex -1.576020e+04 2.409280e+03 2.000000e-01
         vertex -1.576179e+04 2.410402e+03 2.000000e-01
      endloop
   endfacet
   facet normal 0.000000e+00 0.000000e+00 1.000000e+00
      outer loop
         vertex -1.576179e+04 2.410402e+03 2.000000e-01
         vertex -1.576020e+04 2.409280e+03 2.000000e-01
         vertex -1.576012e+04 2.409290e+03 2.000000e-01
      endloop
   endfacet
   facet normal 0.000000e+00 0.000000e+00 1.000000e+00
      outer loop
         vertex -1.576179e+04 2.410402e+03 2.000000e-01
         vertex -1.576012e+04 2.409290e+03 2.000000e-01
         vertex -1.576005e+04 2.409302e+03 2.000000e-01
      endloop
   endfacet
   facet normal -0.000000e+00 -0.000000e+00 1.000000e+00
      outer loop
         vertex -1.576105e+04 2.409448e+03 2.000000e-01
         vertex -1.576098e+04 2.409415e+03 2.000000e-01
         vertex -1.576163e+04 2.409997e+03 2.000000e-01
      endloop
   endfacet
   facet normal 0.000000e+00 0.000000e+00 1.000000e+00
      outer loop
         vertex -1.576163e+04 2.409997e+03 2.000000e-01
         vertex -1.576098e+04 2.409415e+03 2.000000e-01
         vertex -1.576092e+04 2.409385e+03 2.000000e-01
      endloop
   endfacet
   facet normal 0.000000e+00 0.000000e+00 1.000000e+00
      outer loop
         vertex -1.576163e+04 2.409997e+03 2.000000e-01
         vertex -1.576092e+04 2.409385e+03 2.000000e-01
         vertex -1.576085e+04 2.409359e+03 2.000000e-01
      endloop
   endfacet
   facet normal -0.000000e+00 -0.000000e+00 1.000000e+00
      outer loop
         vertex -1.576085e+04 2.409359e+03 2.000000e-01
         vertex -1.576078e+04 2.409336e+03 2.000000e-01
         vertex -1.576163e+04 2.409997e+03 2.000000e-01
      endloop
   endfacet
   facet normal 0.000000e+00 0.000000e+00 1.000000e+00
      outer loop
         vertex -1.576163e+04 2.409997e+03 2.000000e-01
         vertex -1.576078e+04 2.409336e+03 2.000000e-01
         vertex -1.576071e+04 2.409317e+03 2.000000e-01
      endloop
   endfacet
   facet normal 0.000000e+00 0.000000e+00 1.000000e+00
      outer loop
         vertex -1.576163e+04 2.409997e+03 2.000000e-01
         vertex -1.576071e+04 2.409317e+03 2.000000e-01
         vertex -1.576064e+04 2.409301e+03 2.000000e-01
      endloop
   endfacet
   facet normal 0.000000e+00 0.000000e+00 1.000000e+00
      outer loop
         vertex -1.576163e+04 2.409997e+03 2.000000e-01
         vertex -1.576159e+04 2.409935e+03 2.000000e-01
         vertex -1.576155e+04 2.409875e+03 2.000000e-01
      endloop
   endfacet
   facet normal -0.000000e+00 -0.000000e+00 1.000000e+00
      outer loop
         vertex -1.576155e+04 2.409875e+03 2.000000e-01
         vertex -1.576150e+04 2.409817e+03 2.000000e-01
         vertex -1.576163e+04 2.409997e+03 2.000000e-01
      endloop
   endfacet
   facet normal 0.000000e+00 0.000000e+00 1.000000e+00
      outer loop
         vertex -1.576163e+04 2.409997e+03 2.000000e-01
         vertex -1.576150e+04 2.409817e+03 2.000000e-01
         vertex -1.576145e+04 2.409761e+03 2.000000e-01
      endloop
   endfacet
   facet normal 0.000000e+00 0.000000e+00 1.000000e+00
      outer loop
         vertex -1.576163e+04 2.409997e+03 2.000000e-01
         vertex -1.576145e+04 2.409761e+03 2.000000e-01
         vertex -1.576140e+04 2.409708e+03 2.000000e-01
      endloop
   endfacet
   facet normal -0.000000e+00 -0.000000e+00 1.000000e+00
      outer loop
         vertex -1.576140e+04 2.409708e+03 2.000000e-01
         vertex -1.576135e+04 2.409658e+03 2.000000e-01
         vertex -1.576163e+04 2.409997e+03 2.000000e-01
      endloop
   endfacet
   facet normal 0.000000e+00 0.000000e+00 1.000000e+00
      outer loop
         vertex -1.576163e+04 2.409997e+03 2.000000e-01
         vertex -1.576135e+04 2.409658e+03 2.000000e-01
         vertex -1.576129e+04 2.409610e+03 2.000000e-01
      endloop
   endfacet
   facet normal 0.000000e+00 0.000000e+00 1.000000e+00
      outer loop
         vertex -1.576163e+04 2.409997e+03 2.000000e-01
         vertex -1.576129e+04 2.409610e+03 2.000000e-01
         vertex -1.576123e+04 2.409565e+03 2.000000e-01
      endloop
   endfacet
   facet normal -0.000000e+00 -0.000000e+00 1.000000e+00
      outer loop
         vertex -1.576123e+04 2.409565e+03 2.000000e-01
         vertex -1.576117e+04 2.409523e+03 2.000000e-01
         vertex -1.576163e+04 2.409997e+03 2.000000e-01
      endloop
   endfacet
   facet normal 0.000000e+00 0.000000e+00 1.000000e+00
      outer loop
         vertex -1.576163e+04 2.409997e+03 2.000000e-01
         vertex -1.576117e+04 2.409523e+03 2.000000e-01
         vertex -1.576111e+04 2.409484e+03 2.000000e-01
      endloop
   endfacet
   facet normal 0.000000e+00 0.000000e+00 1.000000e+00
      outer loop
         vertex -1.576163e+04 2.409997e+03 2.000000e-01
         vertex -1.576111e+04 2.409484e+03 2.000000e-01
         vertex -1.576105e+04 2.409448e+03 2.000000e-01
      endloop
   endfacet
   facet normal 0.000000e+00 -0.000000e+00 1.000000e+00
      outer loop
         vertex -1.578296e+04 2.516902e+03 2.000000e-01
         vertex -1.574875e+04 2.520000e+03 2.000000e-01
         vertex -1.578296e+04 2.517000e+03 2.000000e-01
      endloop
   endfacet
   facet normal 0.000000e+00 0.000000e+00 1.000000e+00
      outer loop
         vertex -1.578296e+04 2.517000e+03 2.000000e-01
         vertex -1.574875e+04 2.520000e+03 2.000000e-01
         vertex -1.578296e+04 2.517028e+03 2.000000e-01
      endloop
   endfacet
   facet normal -0.000000e+00 0.000000e+00 1.000000e+00
      outer loop
         vertex -1.578240e+04 2.520000e+03 2.000000e-01
         vertex -1.578292e+04 2.517390e+03 2.000000e-01
         vertex -1.574875e+04 2.520000e+03 2.000000e-01
      endloop
   endfacet
   facet normal 0.000000e+00 0.000000e+00 1.000000e+00
      outer loop
         vertex -1.574875e+04 2.520000e+03 2.000000e-01
         vertex -1.578292e+04 2.517390e+03 2.000000e-01
         vertex -1.578294e+04 2.517293e+03 2.000000e-01
      endloop
   endfacet
   facet normal -0.000000e+00 0.000000e+00 1.000000e+00
      outer loop
         vertex -1.578296e+04 2.516902e+03 2.000000e-01
         vertex -1.578295e+04 2.516804e+03 2.000000e-01
         vertex -1.574875e+04 2.520000e+03 2.000000e-01
      endloop
   endfacet
   facet normal 0.000000e+00 0.000000e+00 1.000000e+00
      outer loop
         vertex -1.574875e+04 2.520000e+03 2.000000e-01
         vertex -1.578295e+04 2.516804e+03 2.000000e-01
         vertex -1.578294e+04 2.516707e+03 2.000000e-01
      endloop
   endfacet
   facet normal 0.000000e+00 0.000000e+00 1.000000e+00
      outer loop
         vertex -1.574875e+04 2.520000e+03 2.000000e-01
         vertex -1.578294e+04 2.516707e+03 2.000000e-01
         vertex -1.578292e+04 2.516610e+03 2.000000e-01
      endloop
   endfacet
   facet normal -0.000000e+00 0.000000e+00 1.000000e+00
      outer loop
         vertex -1.578294e+04 2.517293e+03 2.000000e-01
         vertex -1.578295e+04 2.517196e+03 2.000000e-01
         vertex -1.574875e+04 2.520000e+03 2.000000e-01
      endloop
   endfacet
   facet normal 0.000000e+00 0.000000e+00 1.000000e+00
      outer loop
         vertex -1.574875e+04 2.520000e+03 2.000000e-01
         vertex -1.578295e+04 2.517196e+03 2.000000e-01
         vertex -1.578296e+04 2.517098e+03 2.000000e-01
      endloop
   endfacet
   facet normal 0.000000e+00 0.000000e+00 1.000000e+00
      outer loop
         vertex -1.574875e+04 2.520000e+03 2.000000e-01
         vertex -1.578296e+04 2.517098e+03 2.000000e-01
         vertex -1.578296e+04 2.517028e+03 2.000000e-01
      endloop
   endfacet
   facet normal 0.000000e+00 -0.000000e+00 1.000000e+00
      outer loop
         vertex -1.574875e+04 2.465000e+03 2.000000e-01
         vertex -1.574875e+04 2.520000e+03 2.000000e-01
         vertex -1.576000e+04 2.495000e+03 2.000000e-01
      endloop
   endfacet
   facet normal 0.000000e+00 -0.000000e+00 1.000000e+00
      outer loop
         vertex -1.576000e+04 2.495000e+03 2.000000e-01
         vertex -1.574875e+04 2.520000e+03 2.000000e-01
         vertex -1.578292e+04 2.516610e+03 2.000000e-01
      endloop
   endfacet
   facet normal 0.000000e+00 0.000000e+00 1.000000e+00
      outer loop
         vertex -1.576000e+04 2.495000e+03 2.000000e-01
         vertex -1.578292e+04 2.516610e+03 2.000000e-01
         vertex -1.576500e+04 2.495000e+03 2.000000e-01
      endloop
   endfacet
   facet normal 0.000000e+00 0.000000e+00 1.000000e+00
      outer loop
         vertex -1.576500e+04 2.495000e+03 2.000000e-01
         vertex -1.578292e+04 2.516610e+03 2.000000e-01
         vertex -1.577862e+04 2.495000e+03 2.000000e-01
      endloop
   endfacet
   facet normal 0.000000e+00 0.000000e+00 1.000000e+00
      outer loop
         vertex -1.576500e+04 2.495000e+03 2.000000e-01
         vertex -1.577862e+04 2.495000e+03 2.000000e-01
         vertex -1.576500e+04 2.490000e+03 2.000000e-01
      endloop
   endfacet
   facet normal 0.000000e+00 0.000000e+00 1.000000e+00
      outer loop
         vertex -1.576500e+04 2.490000e+03 2.000000e-01
         vertex -1.577862e+04 2.495000e+03 2.000000e-01
         vertex -1.576768e+04 2.440000e+03 2.000000e-01
      endloop
   endfacet
   facet normal -0.000000e+00 0.000000e+00 1.000000e+00
      outer loop
         vertex -1.576500e+04 2.490000e+03 2.000000e-01
         vertex -1.576768e+04 2.440000e+03 2.000000e-01
         vertex -1.576000e+04 2.490000e+03 2.000000e-01
      endloop
   endfacet
   facet normal 0.000000e+00 0.000000e+00 1.000000e+00
      outer loop
         vertex -1.576000e+04 2.490000e+03 2.000000e-01
         vertex -1.576768e+04 2.440000e+03 2.000000e-01
         vertex -1.574875e+04 2.465000e+03 2.000000e-01
      endloop
   endfacet
   facet normal -0.000000e+00 0.000000e+00 1.000000e+00
      outer loop
         vertex -1.576000e+04 2.490000e+03 2.000000e-01
         vertex -1.574875e+04 2.465000e+03 2.000000e-01
         vertex -1.576000e+04 2.495000e+03 2.000000e-01
      endloop
   endfacet
   facet normal 0.000000e+00 0.000000e+00 1.000000e+00
      outer loop
         vertex -1.574875e+04 2.575000e+03 2.000000e-01
         vertex -1.576550e+04 2.605000e+03 2.000000e-01
         vertex -1.576500e+04 2.550000e+03 2.000000e-01
      endloop
   endfacet
   facet normal 0.000000e+00 0.000000e+00 1.000000e+00
      outer loop
         vertex -1.576500e+04 2.550000e+03 2.000000e-01
         vertex -1.576550e+04 2.605000e+03 2.000000e-01
         vertex -1.577644e+04 2.550000e+03 2.000000e-01
      endloop
   endfacet
   facet normal 0.000000e+00 0.000000e+00 1.000000e+00
      outer loop
         vertex -1.576500e+04 2.550000e+03 2.000000e-01
         vertex -1.577644e+04 2.550000e+03 2.000000e-01
         vertex -1.576500e+04 2.545000e+03 2.000000e-01
      endloop
   endfacet
   facet normal 0.000000e+00 0.000000e+00 1.000000e+00
      outer loop
         vertex -1.576500e+04 2.545000e+03 2.000000e-01
         vertex -1.577644e+04 2.550000e+03 2.000000e-01
         vertex -1.578240e+04 2.520000e+03 2.000000e-01
      endloop
   endfacet
   facet normal -0.000000e+00 0.000000e+00 1.000000e+00
      outer loop
         vertex -1.576500e+04 2.545000e+03 2.000000e-01
         vertex -1.578240e+04 2.520000e+03 2.000000e-01
         vertex -1.576000e+04 2.545000e+03 2.000000e-01
      endloop
   endfacet
   facet normal 0.000000e+00 0.000000e+00 1.000000e+00
      outer loop
         vertex -1.576000e+04 2.545000e+03 2.000000e-01
         vertex -1.578240e+04 2.520000e+03 2.000000e-01
         vertex -1.574875e+04 2.520000e+03 2.000000e-01
      endloop
   endfacet
   facet normal -0.000000e+00 0.000000e+00 1.000000e+00
      outer loop
         vertex -1.576000e+04 2.545000e+03 2.000000e-01
         vertex -1.574875e+04 2.520000e+03 2.000000e-01
         vertex -1.576000e+04 2.550000e+03 2.000000e-01
      endloop
   endfacet
   facet normal -0.000000e+00 0.000000e+00 1.000000e+00
      outer loop
         vertex -1.576000e+04 2.550000e+03 2.000000e-01
         vertex -1.574875e+04 2.520000e+03 2.000000e-01
         vertex -1.574875e+04 2.575000e+03 2.000000e-01
      endloop
   endfacet
   facet normal 0.000000e+00 -0.000000e+00 1.000000e+00
      outer loop
         vertex -1.576000e+04 2.550000e+03 2.000000e-01
         vertex -1.574875e+04 2.575000e+03 2.000000e-01
         vertex -1.576500e+04 2.550000e+03 2.000000e-01
      endloop
   endfacet
   facet normal 0.000000e+00 0.000000e+00 1.000000e+00
      outer loop
         vertex -1.575855e+04 2.624394e+03 2.000000e-01
         vertex -1.576550e+04 2.605000e+03 2.000000e-01
         vertex -1.575850e+04 2.624383e+03 2.000000e-01
      endloop
   endfacet
   facet normal 0.000000e+00 0.000000e+00 1.000000e+00
      outer loop
         vertex -1.576550e+04 2.605000e+03 2.000000e-01
         vertex -1.575257e+04 2.622936e+03 2.000000e-01
         vertex -1.575262e+04 2.622950e+03 2.000000e-01
      endloop
   endfacet
   facet normal 0.000000e+00 0.000000e+00 1.000000e+00
      outer loop
         vertex -1.575262e+04 2.622950e+03 2.000000e-01
         vertex -1.575553e+04 2.623699e+03 2.000000e-01
         vertex -1.576550e+04 2.605000e+03 2.000000e-01
      endloop
   endfacet
   facet normal 0.000000e+00 0.000000e+00 1.000000e+00
      outer loop
         vertex -1.576550e+04 2.605000e+03 2.000000e-01
         vertex -1.575553e+04 2.623699e+03 2.000000e-01
         vertex -1.575558e+04 2.623711e+03 2.000000e-01
      endloop
   endfacet
   facet normal 0.000000e+00 0.000000e+00 1.000000e+00
      outer loop
         vertex -1.576550e+04 2.605000e+03 2.000000e-01
         vertex -1.575558e+04 2.623711e+03 2.000000e-01
         vertex -1.575850e+04 2.624383e+03 2.000000e-01
      endloop
   endfacet
   facet normal 0.000000e+00 0.000000e+00 1.000000e+00
      outer loop
         vertex -1.576181e+04 2.623527e+03 2.000000e-01
         vertex -1.575855e+04 2.624394e+03 2.000000e-01
         vertex -1.576179e+04 2.623598e+03 2.000000e-01
      endloop
   endfacet
   facet normal 0.000000e+00 0.000000e+00 1.000000e+00
      outer loop
         vertex -1.576179e+04 2.623598e+03 2.000000e-01
         vertex -1.575855e+04 2.624394e+03 2.000000e-01
         vertex -1.576005e+04 2.624698e+03 2.000000e-01
      endloop
   endfacet
   facet normal 0.000000e+00 0.000000e+00 1.000000e+00
      outer loop
         vertex -1.576179e+04 2.623598e+03 2.000000e-01
         vertex -1.576005e+04 2.624698e+03 2.000000e-01
         vertex -1.576012e+04 2.624710e+03 2.000000e-01
      endloop
   endfacet
   facet normal -0.000000e+00 0.000000e+00 1.000000e+00
      outer loop
         vertex -1.576170e+04 2.623874e+03 2.000000e-01
         vertex -1.576173e+04 2.623807e+03 2.000000e-01
         vertex -1.576049e+04 2.624720e+03 2.000000e-01
      endloop
   endfacet
   facet normal -0.000000e+00 0.000000e+00 1.000000e+00
      outer loop
         vertex -1.576049e+04 2.624720e+03 2.000000e-01
         vertex -1.576179e+04 2.623598e+03 2.000000e-01
         vertex -1.576042e+04 2.624726e+03 2.000000e-01
      endloop
   endfacet
   facet normal -0.000000e+00 0.000000e+00 1.000000e+00
      outer loop
         vertex -1.576042e+04 2.624726e+03 2.000000e-01
         vertex -1.576179e+04 2.623598e+03 2.000000e-01
         vertex -1.576034e+04 2.624727e+03 2.000000e-01
      endloop
   endfacet
   facet normal 0.000000e+00 0.000000e+00 1.000000e+00
      outer loop
         vertex -1.576012e+04 2.624710e+03 2.000000e-01
         vertex -1.576020e+04 2.624720e+03 2.000000e-01
         vertex -1.576179e+04 2.623598e+03 2.000000e-01
      endloop
   endfacet
   facet normal 0.000000e+00 0.000000e+00 1.000000e+00
      outer loop
         vertex -1.576179e+04 2.623598e+03 2.000000e-01
         vertex -1.576020e+04 2.624720e+03 2.000000e-01
         vertex -1.576027e+04 2.624725e+03 2.000000e-01
      endloop
   endfacet
   facet normal 0.000000e+00 0.000000e+00 1.000000e+00
      outer loop
         vertex -1.576179e+04 2.623598e+03 2.000000e-01
         vertex -1.576027e+04 2.624725e+03 2.000000e-01
         vertex -1.576034e+04 2.624727e+03 2.000000e-01
      endloop
   endfacet
   facet normal 0.000000e+00 0.000000e+00 1.000000e+00
      outer loop
         vertex -1.576056e+04 2.624712e+03 2.000000e-01
         vertex -1.576064e+04 2.624699e+03 2.000000e-01
         vertex -1.576163e+04 2.624003e+03 2.000000e-01
      endloop
   endfacet
   facet normal 0.000000e+00 0.000000e+00 1.000000e+00
      outer loop
         vertex -1.576163e+04 2.624003e+03 2.000000e-01
         vertex -1.576064e+04 2.624699e+03 2.000000e-01
         vertex -1.576071e+04 2.624683e+03 2.000000e-01
      endloop
   endfacet
   facet normal -0.000000e+00 0.000000e+00 1.000000e+00
      outer loop
         vertex -1.576056e+04 2.624712e+03 2.000000e-01
         vertex -1.576163e+04 2.624003e+03 2.000000e-01
         vertex -1.576049e+04 2.624720e+03 2.000000e-01
      endloop
   endfacet
   facet normal 0.000000e+00 0.000000e+00 1.000000e+00
      outer loop
         vertex -1.576049e+04 2.624720e+03 2.000000e-01
         vertex -1.576163e+04 2.624003e+03 2.000000e-01
         vertex -1.576166e+04 2.623940e+03 2.000000e-01
      endloop
   endfacet
   facet normal 0.000000e+00 0.000000e+00 1.000000e+00
      outer loop
         vertex -1.576049e+04 2.624720e+03 2.000000e-01
         vertex -1.576166e+04 2.623940e+03 2.000000e-01
         vertex -1.576170e+04 2.623874e+03 2.000000e-01
      endloop
   endfacet
   facet normal -0.000000e+00 0.000000e+00 1.000000e+00
      outer loop
         vertex -1.576173e+04 2.623807e+03 2.000000e-01
         vertex -1.576175e+04 2.623739e+03 2.000000e-01
         vertex -1.576049e+04 2.624720e+03 2.000000e-01
      endloop
   endfacet
   facet normal 0.000000e+00 0.000000e+00 1.000000e+00
      outer loop
         vertex -1.576049e+04 2.624720e+03 2.000000e-01
         vertex -1.576175e+04 2.623739e+03 2.000000e-01
         vertex -1.576178e+04 2.623669e+03 2.000000e-01
      endloop
   endfacet
   facet normal 0.000000e+00 0.000000e+00 1.000000e+00
      outer loop
         vertex -1.576049e+04 2.624720e+03 2.000000e-01
         vertex -1.576178e+04 2.623669e+03 2.000000e-01
         vertex -1.576179e+04 2.623598e+03 2.000000e-01
      endloop
   endfacet
   facet normal 0.000000e+00 0.000000e+00 1.000000e+00
      outer loop
         vertex -1.576071e+04 2.624683e+03 2.000000e-01
         vertex -1.576078e+04 2.624664e+03 2.000000e-01
         vertex -1.576163e+04 2.624003e+03 2.000000e-01
      endloop
   endfacet
   facet normal 0.000000e+00 0.000000e+00 1.000000e+00
      outer loop
         vertex -1.576163e+04 2.624003e+03 2.000000e-01
         vertex -1.576078e+04 2.624664e+03 2.000000e-01
         vertex -1.576085e+04 2.624641e+03 2.000000e-01
      endloop
   endfacet
   facet normal 0.000000e+00 0.000000e+00 1.000000e+00
      outer loop
         vertex -1.576163e+04 2.624003e+03 2.000000e-01
         vertex -1.576085e+04 2.624641e+03 2.000000e-01
         vertex -1.576092e+04 2.624615e+03 2.000000e-01
      endloop
   endfacet
   facet normal 0.000000e+00 0.000000e+00 1.000000e+00
      outer loop
         vertex -1.576092e+04 2.624615e+03 2.000000e-01
         vertex -1.576098e+04 2.624585e+03 2.000000e-01
         vertex -1.576163e+04 2.624003e+03 2.000000e-01
      endloop
   endfacet
   facet normal 0.000000e+00 0.000000e+00 1.000000e+00
      outer loop
         vertex -1.576163e+04 2.624003e+03 2.000000e-01
         vertex -1.576098e+04 2.624585e+03 2.000000e-01
         vertex -1.576105e+04 2.624552e+03 2.000000e-01
      endloop
   endfacet
   facet normal 0.000000e+00 0.000000e+00 1.000000e+00
      outer loop
         vertex -1.576163e+04 2.624003e+03 2.000000e-01
         vertex -1.576105e+04 2.624552e+03 2.000000e-01
         vertex -1.576111e+04 2.624516e+03 2.000000e-01
      endloop
   endfacet
   facet normal 0.000000e+00 0.000000e+00 1.000000e+00
      outer loop
         vertex -1.576129e+04 2.624390e+03 2.000000e-01
         vertex -1.576135e+04 2.624342e+03 2.000000e-01
         vertex -1.576163e+04 2.624003e+03 2.000000e-01
      endloop
   endfacet
   facet normal 0.000000e+00 0.000000e+00 1.000000e+00
      outer loop
         vertex -1.576163e+04 2.624003e+03 2.000000e-01
         vertex -1.576135e+04 2.624342e+03 2.000000e-01
         vertex -1.576140e+04 2.624292e+03 2.000000e-01
      endloop
   endfacet
   facet normal 0.000000e+00 0.000000e+00 1.000000e+00
      outer loop
         vertex -1.576163e+04 2.624003e+03 2.000000e-01
         vertex -1.576140e+04 2.624292e+03 2.000000e-01
         vertex -1.576145e+04 2.624239e+03 2.000000e-01
      endloop
   endfacet
   facet normal 0.000000e+00 0.000000e+00 1.000000e+00
      outer loop
         vertex -1.576145e+04 2.624239e+03 2.000000e-01
         vertex -1.576150e+04 2.624183e+03 2.000000e-01
         vertex -1.576163e+04 2.624003e+03 2.000000e-01
      endloop
   endfacet
   facet normal 0.000000e+00 0.000000e+00 1.000000e+00
      outer loop
         vertex -1.576163e+04 2.624003e+03 2.000000e-01
         vertex -1.576150e+04 2.624183e+03 2.000000e-01
         vertex -1.576155e+04 2.624125e+03 2.000000e-01
      endloop
   endfacet
   facet normal 0.000000e+00 0.000000e+00 1.000000e+00
      outer loop
         vertex -1.576163e+04 2.624003e+03 2.000000e-01
         vertex -1.576155e+04 2.624125e+03 2.000000e-01
         vertex -1.576159e+04 2.624065e+03 2.000000e-01
      endloop
   endfacet
   facet normal 0.000000e+00 0.000000e+00 1.000000e+00
      outer loop
         vertex -1.576111e+04 2.624516e+03 2.000000e-01
         vertex -1.576117e+04 2.624477e+03 2.000000e-01
         vertex -1.576163e+04 2.624003e+03 2.000000e-01
      endloop
   endfacet
   facet normal 0.000000e+00 0.000000e+00 1.000000e+00
      outer loop
         vertex -1.576163e+04 2.624003e+03 2.000000e-01
         vertex -1.576117e+04 2.624477e+03 2.000000e-01
         vertex -1.576123e+04 2.624435e+03 2.000000e-01
      endloop
   endfacet
   facet normal 0.000000e+00 0.000000e+00 1.000000e+00
      outer loop
         vertex -1.576163e+04 2.624003e+03 2.000000e-01
         vertex -1.576123e+04 2.624435e+03 2.000000e-01
         vertex -1.576129e+04 2.624390e+03 2.000000e-01
      endloop
   endfacet
   facet normal 0.000000e+00 0.000000e+00 1.000000e+00
      outer loop
         vertex -1.572200e+04 2.609597e+03 2.000000e-01
         vertex -1.573250e+04 2.600000e+03 2.000000e-01
         vertex -1.572125e+04 2.575000e+03 2.000000e-01
      endloop
   endfacet
   facet normal 0.000000e+00 0.000000e+00 1.000000e+00
      outer loop
         vertex -1.573250e+04 2.600000e+03 2.000000e-01
         vertex -1.573750e+04 2.600000e+03 2.000000e-01
         vertex -1.574875e+04 2.575000e+03 2.000000e-01
      endloop
   endfacet
   facet normal 0.000000e+00 0.000000e+00 1.000000e+00
      outer loop
         vertex -1.575257e+04 2.622936e+03 2.000000e-01
         vertex -1.576550e+04 2.605000e+03 2.000000e-01
         vertex -1.574969e+04 2.622112e+03 2.000000e-01
      endloop
   endfacet
   facet normal 0.000000e+00 0.000000e+00 1.000000e+00
      outer loop
         vertex -1.574969e+04 2.622112e+03 2.000000e-01
         vertex -1.576550e+04 2.605000e+03 2.000000e-01
         vertex -1.574875e+04 2.575000e+03 2.000000e-01
      endloop
   endfacet
   facet normal 0.000000e+00 0.000000e+00 1.000000e+00
      outer loop
         vertex -1.574969e+04 2.622112e+03 2.000000e-01
         vertex -1.574875e+04 2.575000e+03 2.000000e-01
         vertex -1.574964e+04 2.622097e+03 2.000000e-01
      endloop
   endfacet
   facet normal 0.000000e+00 0.000000e+00 1.000000e+00
      outer loop
         vertex -1.574964e+04 2.622097e+03 2.000000e-01
         vertex -1.574875e+04 2.575000e+03 2.000000e-01
         vertex -1.573750e+04 2.600000e+03 2.000000e-01
      endloop
   endfacet
   facet normal 0.000000e+00 0.000000e+00 1.000000e+00
      outer loop
         vertex -1.574964e+04 2.622097e+03 2.000000e-01
         vertex -1.573750e+04 2.600000e+03 2.000000e-01
         vertex -1.573750e+04 2.605000e+03 2.000000e-01
      endloop
   endfacet
   facet normal 0.000000e+00 0.000000e+00 1.000000e+00
      outer loop
         vertex -1.572464e+04 2.611196e+03 2.000000e-01
         vertex -1.573250e+04 2.605000e+03 2.000000e-01
         vertex -1.572460e+04 2.611169e+03 2.000000e-01
      endloop
   endfacet
   facet normal 0.000000e+00 0.000000e+00 1.000000e+00
      outer loop
         vertex -1.572460e+04 2.611169e+03 2.000000e-01
         vertex -1.573250e+04 2.605000e+03 2.000000e-01
         vertex -1.573250e+04 2.600000e+03 2.000000e-01
      endloop
   endfacet
   facet normal 0.000000e+00 0.000000e+00 1.000000e+00
      outer loop
         vertex -1.572460e+04 2.611169e+03 2.000000e-01
         vertex -1.573250e+04 2.600000e+03 2.000000e-01
         vertex -1.572205e+04 2.609625e+03 2.000000e-01
      endloop
   endfacet
   facet normal 0.000000e+00 0.000000e+00 1.000000e+00
      outer loop
         vertex -1.572205e+04 2.609625e+03 2.000000e-01
         vertex -1.573250e+04 2.600000e+03 2.000000e-01
         vertex -1.572200e+04 2.609597e+03 2.000000e-01
      endloop
   endfacet
   facet normal 0.000000e+00 0.000000e+00 1.000000e+00
      outer loop
         vertex -1.572464e+04 2.611196e+03 2.000000e-01
         vertex -1.572724e+04 2.612672e+03 2.000000e-01
         vertex -1.573250e+04 2.605000e+03 2.000000e-01
      endloop
   endfacet
   facet normal 0.000000e+00 0.000000e+00 1.000000e+00
      outer loop
         vertex -1.573250e+04 2.605000e+03 2.000000e-01
         vertex -1.572724e+04 2.612672e+03 2.000000e-01
         vertex -1.572728e+04 2.612698e+03 2.000000e-01
      endloop
   endfacet
   facet normal 0.000000e+00 0.000000e+00 1.000000e+00
      outer loop
         vertex -1.573250e+04 2.605000e+03 2.000000e-01
         vertex -1.572728e+04 2.612698e+03 2.000000e-01
         vertex -1.572991e+04 2.614106e+03 2.000000e-01
      endloop
   endfacet
   facet normal 0.000000e+00 0.000000e+00 1.000000e+00
      outer loop
         vertex -1.573750e+04 2.605000e+03 2.000000e-01
         vertex -1.574385e+04 2.620187e+03 2.000000e-01
         vertex -1.574390e+04 2.620205e+03 2.000000e-01
      endloop
   endfacet
   facet normal 0.000000e+00 0.000000e+00 1.000000e+00
      outer loop
         vertex -1.573539e+04 2.616758e+03 2.000000e-01
         vertex -1.573543e+04 2.616780e+03 2.000000e-01
         vertex -1.573750e+04 2.605000e+03 2.000000e-01
      endloop
   endfacet
   facet normal 0.000000e+00 -0.000000e+00 1.000000e+00
      outer loop
         vertex -1.573750e+04 2.605000e+03 2.000000e-01
         vertex -1.573543e+04 2.616780e+03 2.000000e-01
         vertex -1.573818e+04 2.617975e+03 2.000000e-01
      endloop
   endfacet
   facet normal 0.000000e+00 0.000000e+00 1.000000e+00
      outer loop
         vertex -1.573750e+04 2.605000e+03 2.000000e-01
         vertex -1.573818e+04 2.617975e+03 2.000000e-01
         vertex -1.573822e+04 2.617996e+03 2.000000e-01
      endloop
   endfacet
   facet normal 0.000000e+00 0.000000e+00 1.000000e+00
      outer loop
         vertex -1.573822e+04 2.617996e+03 2.000000e-01
         vertex -1.574100e+04 2.619118e+03 2.000000e-01
         vertex -1.573750e+04 2.605000e+03 2.000000e-01
      endloop
   endfacet
   facet normal 0.000000e+00 0.000000e+00 1.000000e+00
      outer loop
         vertex -1.573750e+04 2.605000e+03 2.000000e-01
         vertex -1.574100e+04 2.619118e+03 2.000000e-01
         vertex -1.574105e+04 2.619137e+03 2.000000e-01
      endloop
   endfacet
   facet normal 0.000000e+00 0.000000e+00 1.000000e+00
      outer loop
         vertex -1.573750e+04 2.605000e+03 2.000000e-01
         vertex -1.574105e+04 2.619137e+03 2.000000e-01
         vertex -1.574385e+04 2.620187e+03 2.000000e-01
      endloop
   endfacet
   facet normal 0.000000e+00 0.000000e+00 1.000000e+00
      outer loop
         vertex -1.574390e+04 2.620205e+03 2.000000e-01
         vertex -1.574673e+04 2.621180e+03 2.000000e-01
         vertex -1.573750e+04 2.605000e+03 2.000000e-01
      endloop
   endfacet
   facet normal 0.000000e+00 0.000000e+00 1.000000e+00
      outer loop
         vertex -1.573750e+04 2.605000e+03 2.000000e-01
         vertex -1.574673e+04 2.621180e+03 2.000000e-01
         vertex -1.574678e+04 2.621196e+03 2.000000e-01
      endloop
   endfacet
   facet normal 0.000000e+00 0.000000e+00 1.000000e+00
      outer loop
         vertex -1.573750e+04 2.605000e+03 2.000000e-01
         vertex -1.574678e+04 2.621196e+03 2.000000e-01
         vertex -1.574964e+04 2.622097e+03 2.000000e-01
      endloop
   endfacet
   facet normal 0.000000e+00 0.000000e+00 1.000000e+00
      outer loop
         vertex -1.572991e+04 2.614106e+03 2.000000e-01
         vertex -1.572996e+04 2.614130e+03 2.000000e-01
         vertex -1.573250e+04 2.605000e+03 2.000000e-01
      endloop
   endfacet
   facet normal 0.000000e+00 -0.000000e+00 1.000000e+00
      outer loop
         vertex -1.573250e+04 2.605000e+03 2.000000e-01
         vertex -1.572996e+04 2.614130e+03 2.000000e-01
         vertex -1.573263e+04 2.615468e+03 2.000000e-01
      endloop
   endfacet
   facet normal 0.000000e+00 0.000000e+00 1.000000e+00
      outer loop
         vertex -1.573250e+04 2.605000e+03 2.000000e-01
         vertex -1.573263e+04 2.615468e+03 2.000000e-01
         vertex -1.573750e+04 2.605000e+03 2.000000e-01
      endloop
   endfacet
   facet normal 0.000000e+00 0.000000e+00 1.000000e+00
      outer loop
         vertex -1.573750e+04 2.605000e+03 2.000000e-01
         vertex -1.573263e+04 2.615468e+03 2.000000e-01
         vertex -1.573268e+04 2.615491e+03 2.000000e-01
      endloop
   endfacet
   facet normal 0.000000e+00 0.000000e+00 1.000000e+00
      outer loop
         vertex -1.573750e+04 2.605000e+03 2.000000e-01
         vertex -1.573268e+04 2.615491e+03 2.000000e-01
         vertex -1.573539e+04 2.616758e+03 2.000000e-01
      endloop
   endfacet
   facet normal 0.000000e+00 0.000000e+00 1.000000e+00
      outer loop
         vertex -1.569119e+04 2.581127e+03 2.000000e-01
         vertex -1.569297e+04 2.583478e+03 2.000000e-01
         vertex -1.572125e+04 2.575000e+03 2.000000e-01
      endloop
   endfacet
   facet normal 0.000000e+00 0.000000e+00 1.000000e+00
      outer loop
         vertex -1.571699e+04 2.606282e+03 2.000000e-01
         vertex -1.571945e+04 2.607957e+03 2.000000e-01
         vertex -1.572125e+04 2.575000e+03 2.000000e-01
      endloop
   endfacet
   facet normal 0.000000e+00 0.000000e+00 1.000000e+00
      outer loop
         vertex -1.572125e+04 2.575000e+03 2.000000e-01
         vertex -1.571945e+04 2.607957e+03 2.000000e-01
         vertex -1.571950e+04 2.607987e+03 2.000000e-01
      endloop
   endfacet
   facet normal 0.000000e+00 -0.000000e+00 1.000000e+00
      outer loop
         vertex -1.572125e+04 2.575000e+03 2.000000e-01
         vertex -1.571950e+04 2.607987e+03 2.000000e-01
         vertex -1.572200e+04 2.609597e+03 2.000000e-01
      endloop
   endfacet
   facet normal 0.000000e+00 0.000000e+00 1.000000e+00
      outer loop
         vertex -1.569297e+04 2.583478e+03 2.000000e-01
         vertex -1.569300e+04 2.583521e+03 2.000000e-01
         vertex -1.572125e+04 2.575000e+03 2.000000e-01
      endloop
   endfacet
   facet normal 0.000000e+00 0.000000e+00 1.000000e+00
      outer loop
         vertex -1.572125e+04 2.575000e+03 2.000000e-01
         vertex -1.569300e+04 2.583521e+03 2.000000e-01
         vertex -1.569485e+04 2.585824e+03 2.000000e-01
      endloop
   endfacet
   facet normal 0.000000e+00 0.000000e+00 1.000000e+00
      outer loop
         vertex -1.572125e+04 2.575000e+03 2.000000e-01
         vertex -1.569485e+04 2.585824e+03 2.000000e-01
         vertex -1.569489e+04 2.585866e+03 2.000000e-01
      endloop
   endfacet
   facet normal 0.000000e+00 0.000000e+00 1.000000e+00
      outer loop
         vertex -1.569489e+04 2.585866e+03 2.000000e-01
         vertex -1.569680e+04 2.588120e+03 2.000000e-01
         vertex -1.572125e+04 2.575000e+03 2.000000e-01
      endloop
   endfacet
   facet normal 0.000000e+00 0.000000e+00 1.000000e+00
      outer loop
         vertex -1.572125e+04 2.575000e+03 2.000000e-01
         vertex -1.569680e+04 2.588120e+03 2.000000e-01
         vertex -1.569683e+04 2.588161e+03 2.000000e-01
      endloop
   endfacet
   facet normal 0.000000e+00 0.000000e+00 1.000000e+00
      outer loop
         vertex -1.572125e+04 2.575000e+03 2.000000e-01
         vertex -1.569683e+04 2.588161e+03 2.000000e-01
         vertex -1.569880e+04 2.590363e+03 2.000000e-01
      endloop
   endfacet
   facet normal 0.000000e+00 0.000000e+00 1.000000e+00
      outer loop
         vertex -1.570747e+04 2.598821e+03 2.000000e-01
         vertex -1.570973e+04 2.600745e+03 2.000000e-01
         vertex -1.572125e+04 2.575000e+03 2.000000e-01
      endloop
   endfacet
   facet normal 0.000000e+00 0.000000e+00 1.000000e+00
      outer loop
         vertex -1.572125e+04 2.575000e+03 2.000000e-01
         vertex -1.570973e+04 2.600745e+03 2.000000e-01
         vertex -1.570977e+04 2.600779e+03 2.000000e-01
      endloop
   endfacet
   facet normal 0.000000e+00 0.000000e+00 1.000000e+00
      outer loop
         vertex -1.570977e+04 2.600779e+03 2.000000e-01
         vertex -1.571209e+04 2.602643e+03 2.000000e-01
         vertex -1.572125e+04 2.575000e+03 2.000000e-01
      endloop
   endfacet
   facet normal 0.000000e+00 0.000000e+00 1.000000e+00
      outer loop
         vertex -1.572125e+04 2.575000e+03 2.000000e-01
         vertex -1.571209e+04 2.602643e+03 2.000000e-01
         vertex -1.571213e+04 2.602677e+03 2.000000e-01
      endloop
   endfacet
   facet normal 0.000000e+00 0.000000e+00 1.000000e+00
      outer loop
         vertex -1.572125e+04 2.575000e+03 2.000000e-01
         vertex -1.571213e+04 2.602677e+03 2.000000e-01
         vertex -1.571449e+04 2.604479e+03 2.000000e-01
      endloop
   endfacet
   facet normal 0.000000e+00 0.000000e+00 1.000000e+00
      outer loop
         vertex -1.571449e+04 2.604479e+03 2.000000e-01
         vertex -1.571454e+04 2.604511e+03 2.000000e-01
         vertex -1.572125e+04 2.575000e+03 2.000000e-01
      endloop
   endfacet
   facet normal 0.000000e+00 0.000000e+00 1.000000e+00
      outer loop
         vertex -1.572125e+04 2.575000e+03 2.000000e-01
         vertex -1.571454e+04 2.604511e+03 2.000000e-01
         vertex -1.571695e+04 2.606251e+03 2.000000e-01
      endloop
   endfacet
   facet normal 0.000000e+00 0.000000e+00 1.000000e+00
      outer loop
         vertex -1.572125e+04 2.575000e+03 2.000000e-01
         vertex -1.571695e+04 2.606251e+03 2.000000e-01
         vertex -1.571699e+04 2.606282e+03 2.000000e-01
      endloop
   endfacet
   facet normal 0.000000e+00 0.000000e+00 1.000000e+00
      outer loop
         vertex -1.568941e+04 2.578642e+03 2.000000e-01
         vertex -1.568944e+04 2.578687e+03 2.000000e-01
         vertex -1.572125e+04 2.575000e+03 2.000000e-01
      endloop
   endfacet
   facet normal 0.000000e+00 0.000000e+00 1.000000e+00
      outer loop
         vertex -1.572125e+04 2.575000e+03 2.000000e-01
         vertex -1.568944e+04 2.578687e+03 2.000000e-01
         vertex -1.569116e+04 2.581083e+03 2.000000e-01
      endloop
   endfacet
   facet normal 0.000000e+00 0.000000e+00 1.000000e+00
      outer loop
         vertex -1.572125e+04 2.575000e+03 2.000000e-01
         vertex -1.569116e+04 2.581083e+03 2.000000e-01
         vertex -1.569119e+04 2.581127e+03 2.000000e-01
      endloop
   endfacet
   facet normal 0.000000e+00 0.000000e+00 1.000000e+00
      outer loop
         vertex -1.569880e+04 2.590363e+03 2.000000e-01
         vertex -1.569884e+04 2.590403e+03 2.000000e-01
         vertex -1.572125e+04 2.575000e+03 2.000000e-01
      endloop
   endfacet
   facet normal 0.000000e+00 0.000000e+00 1.000000e+00
      outer loop
         vertex -1.572125e+04 2.575000e+03 2.000000e-01
         vertex -1.569884e+04 2.590403e+03 2.000000e-01
         vertex -1.570087e+04 2.592553e+03 2.000000e-01
      endloop
   endfacet
   facet normal 0.000000e+00 0.000000e+00 1.000000e+00
      outer loop
         vertex -1.572125e+04 2.575000e+03 2.000000e-01
         vertex -1.570087e+04 2.592553e+03 2.000000e-01
         vertex -1.570091e+04 2.592592e+03 2.000000e-01
      endloop
   endfacet
   facet normal 0.000000e+00 0.000000e+00 1.000000e+00
      outer loop
         vertex -1.570519e+04 2.596766e+03 2.000000e-01
         vertex -1.570523e+04 2.596803e+03 2.000000e-01
         vertex -1.572125e+04 2.575000e+03 2.000000e-01
      endloop
   endfacet
   facet normal 0.000000e+00 0.000000e+00 1.000000e+00
      outer loop
         vertex -1.572125e+04 2.575000e+03 2.000000e-01
         vertex -1.570523e+04 2.596803e+03 2.000000e-01
         vertex -1.570743e+04 2.598785e+03 2.000000e-01
      endloop
   endfacet
   facet normal 0.000000e+00 0.000000e+00 1.000000e+00
      outer loop
         vertex -1.572125e+04 2.575000e+03 2.000000e-01
         vertex -1.570743e+04 2.598785e+03 2.000000e-01
         vertex -1.570747e+04 2.598821e+03 2.000000e-01
      endloop
   endfacet
   facet normal 0.000000e+00 0.000000e+00 1.000000e+00
      outer loop
         vertex -1.570091e+04 2.592592e+03 2.000000e-01
         vertex -1.570300e+04 2.594688e+03 2.000000e-01
         vertex -1.572125e+04 2.575000e+03 2.000000e-01
      endloop
   endfacet
   facet normal 0.000000e+00 0.000000e+00 1.000000e+00
      outer loop
         vertex -1.572125e+04 2.575000e+03 2.000000e-01
         vertex -1.570300e+04 2.594688e+03 2.000000e-01
         vertex -1.570304e+04 2.594726e+03 2.000000e-01
      endloop
   endfacet
   facet normal 0.000000e+00 0.000000e+00 1.000000e+00
      outer loop
         vertex -1.572125e+04 2.575000e+03 2.000000e-01
         vertex -1.570304e+04 2.594726e+03 2.000000e-01
         vertex -1.570519e+04 2.596766e+03 2.000000e-01
      endloop
   endfacet
   facet normal 0.000000e+00 0.000000e+00 1.000000e+00
      outer loop
         vertex -1.568461e+04 2.571101e+03 2.000000e-01
         vertex -1.568612e+04 2.573625e+03 2.000000e-01
         vertex -1.568750e+04 2.520000e+03 2.000000e-01
      endloop
   endfacet
   facet normal 0.000000e+00 0.000000e+00 1.000000e+00
      outer loop
         vertex -1.568750e+04 2.520000e+03 2.000000e-01
         vertex -1.568612e+04 2.573625e+03 2.000000e-01
         vertex -1.568615e+04 2.573672e+03 2.000000e-01
      endloop
   endfacet
   facet normal 0.000000e+00 0.000000e+00 1.000000e+00
      outer loop
         vertex -1.568750e+04 2.520000e+03 2.000000e-01
         vertex -1.568615e+04 2.573672e+03 2.000000e-01
         vertex -1.568750e+04 2.575000e+03 2.000000e-01
      endloop
   endfacet
   facet normal -0.000000e+00 -0.000000e+00 1.000000e+00
      outer loop
         vertex -1.568750e+04 2.575000e+03 2.000000e-01
         vertex -1.568615e+04 2.573672e+03 2.000000e-01
         vertex -1.568773e+04 2.576155e+03 2.000000e-01
      endloop
   endfacet
   facet normal 0.000000e+00 0.000000e+00 1.000000e+00
      outer loop
         vertex -1.568750e+04 2.575000e+03 2.000000e-01
         vertex -1.568773e+04 2.576155e+03 2.000000e-01
         vertex -1.572125e+04 2.575000e+03 2.000000e-01
      endloop
   endfacet
   facet normal 0.000000e+00 0.000000e+00 1.000000e+00
      outer loop
         vertex -1.572125e+04 2.575000e+03 2.000000e-01
         vertex -1.568773e+04 2.576155e+03 2.000000e-01
         vertex -1.568776e+04 2.576201e+03 2.000000e-01
      endloop
   endfacet
   facet normal 0.000000e+00 0.000000e+00 1.000000e+00
      outer loop
         vertex -1.572125e+04 2.575000e+03 2.000000e-01
         vertex -1.568776e+04 2.576201e+03 2.000000e-01
         vertex -1.568941e+04 2.578642e+03 2.000000e-01
      endloop
   endfacet
   facet normal 0.000000e+00 0.000000e+00 1.000000e+00
      outer loop
         vertex -1.567202e+04 2.537731e+03 2.000000e-01
         vertex -1.567263e+04 2.540591e+03 2.000000e-01
         vertex -1.568750e+04 2.520000e+03 2.000000e-01
      endloop
   endfacet
   facet normal 0.000000e+00 0.000000e+00 1.000000e+00
      outer loop
         vertex -1.567263e+04 2.540591e+03 2.000000e-01
         vertex -1.567264e+04 2.540645e+03 2.000000e-01
         vertex -1.568750e+04 2.520000e+03 2.000000e-01
      endloop
   endfacet
   facet normal 0.000000e+00 0.000000e+00 1.000000e+00
      outer loop
         vertex -1.568750e+04 2.520000e+03 2.000000e-01
         vertex -1.567264e+04 2.540645e+03 2.000000e-01
         vertex -1.567333e+04 2.543488e+03 2.000000e-01
      endloop
   endfacet
   facet normal 0.000000e+00 0.000000e+00 1.000000e+00
      outer loop
         vertex -1.568750e+04 2.520000e+03 2.000000e-01
         vertex -1.567333e+04 2.543488e+03 2.000000e-01
         vertex -1.567334e+04 2.543542e+03 2.000000e-01
      endloop
   endfacet
   facet normal 0.000000e+00 0.000000e+00 1.000000e+00
      outer loop
         vertex -1.567800e+04 2.557642e+03 2.000000e-01
         vertex -1.567802e+04 2.557693e+03 2.000000e-01
         vertex -1.568750e+04 2.520000e+03 2.000000e-01
      endloop
   endfacet
   facet normal 0.000000e+00 0.000000e+00 1.000000e+00
      outer loop
         vertex -1.568750e+04 2.520000e+03 2.000000e-01
         vertex -1.567802e+04 2.557693e+03 2.000000e-01
         vertex -1.567916e+04 2.560392e+03 2.000000e-01
      endloop
   endfacet
   facet normal 0.000000e+00 0.000000e+00 1.000000e+00
      outer loop
         vertex -1.567004e+04 2.520003e+03 2.000000e-01
         vertex -1.567016e+04 2.522920e+03 2.000000e-01
         vertex -1.568750e+04 2.520000e+03 2.000000e-01
      endloop
   endfacet
   facet normal 0.000000e+00 0.000000e+00 1.000000e+00
      outer loop
         vertex -1.568750e+04 2.520000e+03 2.000000e-01
         vertex -1.567016e+04 2.522920e+03 2.000000e-01
         vertex -1.567017e+04 2.522976e+03 2.000000e-01
      endloop
   endfacet
   facet normal 0.000000e+00 0.000000e+00 1.000000e+00
      outer loop
         vertex -1.568750e+04 2.520000e+03 2.000000e-01
         vertex -1.567017e+04 2.522976e+03 2.000000e-01
         vertex -1.567037e+04 2.525889e+03 2.000000e-01
      endloop
   endfacet
   facet normal 0.000000e+00 0.000000e+00 1.000000e+00
      outer loop
         vertex -1.567037e+04 2.525889e+03 2.000000e-01
         vertex -1.567037e+04 2.525944e+03 2.000000e-01
         vertex -1.568750e+04 2.520000e+03 2.000000e-01
      endloop
   endfacet
   facet normal 0.000000e+00 0.000000e+00 1.000000e+00
      outer loop
         vertex -1.568750e+04 2.520000e+03 2.000000e-01
         vertex -1.567037e+04 2.525944e+03 2.000000e-01
         vertex -1.567066e+04 2.528851e+03 2.000000e-01
      endloop
   endfacet
   facet normal 0.000000e+00 0.000000e+00 1.000000e+00
      outer loop
         vertex -1.568750e+04 2.520000e+03 2.000000e-01
         vertex -1.567066e+04 2.528851e+03 2.000000e-01
         vertex -1.567066e+04 2.528906e+03 2.000000e-01
      endloop
   endfacet
   facet normal 0.000000e+00 0.000000e+00 1.000000e+00
      outer loop
         vertex -1.567148e+04 2.534747e+03 2.000000e-01
         vertex -1.567149e+04 2.534802e+03 2.000000e-01
         vertex -1.568750e+04 2.520000e+03 2.000000e-01
      endloop
   endfacet
   facet normal 0.000000e+00 0.000000e+00 1.000000e+00
      outer loop
         vertex -1.568750e+04 2.520000e+03 2.000000e-01
         vertex -1.567149e+04 2.534802e+03 2.000000e-01
         vertex -1.567202e+04 2.537677e+03 2.000000e-01
      endloop
   endfacet
   facet normal 0.000000e+00 0.000000e+00 1.000000e+00
      outer loop
         vertex -1.568750e+04 2.520000e+03 2.000000e-01
         vertex -1.567202e+04 2.537677e+03 2.000000e-01
         vertex -1.567202e+04 2.537731e+03 2.000000e-01
      endloop
   endfacet
   facet normal 0.000000e+00 0.000000e+00 1.000000e+00
      outer loop
         vertex -1.567334e+04 2.543542e+03 2.000000e-01
         vertex -1.567410e+04 2.546366e+03 2.000000e-01
         vertex -1.568750e+04 2.520000e+03 2.000000e-01
      endloop
   endfacet
   facet normal 0.000000e+00 0.000000e+00 1.000000e+00
      outer loop
         vertex -1.568750e+04 2.520000e+03 2.000000e-01
         vertex -1.567410e+04 2.546366e+03 2.000000e-01
         vertex -1.567412e+04 2.546420e+03 2.000000e-01
      endloop
   endfacet
   facet normal 0.000000e+00 0.000000e+00 1.000000e+00
      outer loop
         vertex -1.568750e+04 2.520000e+03 2.000000e-01
         vertex -1.567412e+04 2.546420e+03 2.000000e-01
         vertex -1.567496e+04 2.549223e+03 2.000000e-01
      endloop
   endfacet
   facet normal 0.000000e+00 0.000000e+00 1.000000e+00
      outer loop
         vertex -1.567496e+04 2.549223e+03 2.000000e-01
         vertex -1.567497e+04 2.549276e+03 2.000000e-01
         vertex -1.568750e+04 2.520000e+03 2.000000e-01
      endloop
   endfacet
   facet normal 0.000000e+00 0.000000e+00 1.000000e+00
      outer loop
         vertex -1.568750e+04 2.520000e+03 2.000000e-01
         vertex -1.567497e+04 2.549276e+03 2.000000e-01
         vertex -1.567589e+04 2.552056e+03 2.000000e-01
      endloop
   endfacet
   facet normal 0.000000e+00 0.000000e+00 1.000000e+00
      outer loop
         vertex -1.568750e+04 2.520000e+03 2.000000e-01
         vertex -1.567589e+04 2.552056e+03 2.000000e-01
         vertex -1.567591e+04 2.552108e+03 2.000000e-01
      endloop
   endfacet
   facet normal 0.000000e+00 0.000000e+00 1.000000e+00
      outer loop
         vertex -1.567591e+04 2.552108e+03 2.000000e-01
         vertex -1.567690e+04 2.554863e+03 2.000000e-01
         vertex -1.568750e+04 2.520000e+03 2.000000e-01
      endloop
   endfacet
   facet normal 0.000000e+00 0.000000e+00 1.000000e+00
      outer loop
         vertex -1.568750e+04 2.520000e+03 2.000000e-01
         vertex -1.567690e+04 2.554863e+03 2.000000e-01
         vertex -1.567692e+04 2.554914e+03 2.000000e-01
      endloop
   endfacet
   facet normal 0.000000e+00 0.000000e+00 1.000000e+00
      outer loop
         vertex -1.568750e+04 2.520000e+03 2.000000e-01
         vertex -1.567692e+04 2.554914e+03 2.000000e-01
         vertex -1.567800e+04 2.557642e+03 2.000000e-01
      endloop
   endfacet
   facet normal 0.000000e+00 0.000000e+00 1.000000e+00
      outer loop
         vertex -1.568312e+04 2.568443e+03 2.000000e-01
         vertex -1.568314e+04 2.568491e+03 2.000000e-01
         vertex -1.568750e+04 2.520000e+03 2.000000e-01
      endloop
   endfacet
   facet normal 0.000000e+00 0.000000e+00 1.000000e+00
      outer loop
         vertex -1.568750e+04 2.520000e+03 2.000000e-01
         vertex -1.568314e+04 2.568491e+03 2.000000e-01
         vertex -1.568458e+04 2.571054e+03 2.000000e-01
      endloop
   endfacet
   facet normal 0.000000e+00 0.000000e+00 1.000000e+00
      outer loop
         vertex -1.568750e+04 2.520000e+03 2.000000e-01
         vertex -1.568458e+04 2.571054e+03 2.000000e-01
         vertex -1.568461e+04 2.571101e+03 2.000000e-01
      endloop
   endfacet
   facet normal 0.000000e+00 0.000000e+00 1.000000e+00
      outer loop
         vertex -1.567066e+04 2.528906e+03 2.000000e-01
         vertex -1.567103e+04 2.531804e+03 2.000000e-01
         vertex -1.568750e+04 2.520000e+03 2.000000e-01
      endloop
   endfacet
   facet normal 0.000000e+00 0.000000e+00 1.000000e+00
      outer loop
         vertex -1.568750e+04 2.520000e+03 2.000000e-01
         vertex -1.567103e+04 2.531804e+03 2.000000e-01
         vertex -1.567104e+04 2.531859e+03 2.000000e-01
      endloop
   endfacet
   facet normal 0.000000e+00 0.000000e+00 1.000000e+00
      outer loop
         vertex -1.568750e+04 2.520000e+03 2.000000e-01
         vertex -1.567104e+04 2.531859e+03 2.000000e-01
         vertex -1.567148e+04 2.534747e+03 2.000000e-01
      endloop
   endfacet
   facet normal 0.000000e+00 0.000000e+00 1.000000e+00
      outer loop
         vertex -1.567916e+04 2.560392e+03 2.000000e-01
         vertex -1.567919e+04 2.560442e+03 2.000000e-01
         vertex -1.568750e+04 2.520000e+03 2.000000e-01
      endloop
   endfacet
   facet normal 0.000000e+00 0.000000e+00 1.000000e+00
      outer loop
         vertex -1.568750e+04 2.520000e+03 2.000000e-01
         vertex -1.567919e+04 2.560442e+03 2.000000e-01
         vertex -1.568041e+04 2.563110e+03 2.000000e-01
      endloop
   endfacet
   facet normal 0.000000e+00 0.000000e+00 1.000000e+00
      outer loop
         vertex -1.568750e+04 2.520000e+03 2.000000e-01
         vertex -1.568041e+04 2.563110e+03 2.000000e-01
         vertex -1.568043e+04 2.563160e+03 2.000000e-01
      endloop
   endfacet
   facet normal 0.000000e+00 0.000000e+00 1.000000e+00
      outer loop
         vertex -1.568043e+04 2.563160e+03 2.000000e-01
         vertex -1.568173e+04 2.565794e+03 2.000000e-01
         vertex -1.568750e+04 2.520000e+03 2.000000e-01
      endloop
   endfacet
   facet normal 0.000000e+00 0.000000e+00 1.000000e+00
      outer loop
         vertex -1.568750e+04 2.520000e+03 2.000000e-01
         vertex -1.568173e+04 2.565794e+03 2.000000e-01
         vertex -1.568175e+04 2.565843e+03 2.000000e-01
      endloop
   endfacet
   facet normal 0.000000e+00 0.000000e+00 1.000000e+00
      outer loop
         vertex -1.568750e+04 2.520000e+03 2.000000e-01
         vertex -1.568175e+04 2.565843e+03 2.000000e-01
         vertex -1.568312e+04 2.568443e+03 2.000000e-01
      endloop
   endfacet
   facet normal 0.000000e+00 0.000000e+00 1.000000e+00
      outer loop
         vertex -1.568750e+04 2.465000e+03 2.000000e-01
         vertex -1.568314e+04 2.465509e+03 2.000000e-01
         vertex -1.568312e+04 2.465557e+03 2.000000e-01
      endloop
   endfacet
   facet normal 0.000000e+00 -0.000000e+00 1.000000e+00
      outer loop
         vertex -1.567334e+04 2.490458e+03 2.000000e-01
         vertex -1.567333e+04 2.490512e+03 2.000000e-01
         vertex -1.568750e+04 2.520000e+03 2.000000e-01
      endloop
   endfacet
   facet normal 0.000000e+00 0.000000e+00 1.000000e+00
      outer loop
         vertex -1.568750e+04 2.520000e+03 2.000000e-01
         vertex -1.567333e+04 2.490512e+03 2.000000e-01
         vertex -1.567264e+04 2.493355e+03 2.000000e-01
      endloop
   endfacet
   facet normal 0.000000e+00 -0.000000e+00 1.000000e+00
      outer loop
         vertex -1.567264e+04 2.493355e+03 2.000000e-01
         vertex -1.567263e+04 2.493409e+03 2.000000e-01
         vertex -1.568750e+04 2.520000e+03 2.000000e-01
      endloop
   endfacet
   facet normal 0.000000e+00 0.000000e+00 1.000000e+00
      outer loop
         vertex -1.568750e+04 2.520000e+03 2.000000e-01
         vertex -1.567263e+04 2.493409e+03 2.000000e-01
         vertex -1.567202e+04 2.496269e+03 2.000000e-01
      endloop
   endfacet
   facet normal 0.000000e+00 0.000000e+00 1.000000e+00
      outer loop
         vertex -1.568750e+04 2.520000e+03 2.000000e-01
         vertex -1.567202e+04 2.496269e+03 2.000000e-01
         vertex -1.567202e+04 2.496323e+03 2.000000e-01
      endloop
   endfacet
   facet normal 0.000000e+00 -0.000000e+00 1.000000e+00
      outer loop
         vertex -1.567066e+04 2.505149e+03 2.000000e-01
         vertex -1.567037e+04 2.508056e+03 2.000000e-01
         vertex -1.568750e+04 2.520000e+03 2.000000e-01
      endloop
   endfacet
   facet normal 0.000000e+00 0.000000e+00 1.000000e+00
      outer loop
         vertex -1.568750e+04 2.520000e+03 2.000000e-01
         vertex -1.567802e+04 2.476307e+03 2.000000e-01
         vertex -1.567800e+04 2.476358e+03 2.000000e-01
      endloop
   endfacet
   facet normal 0.000000e+00 -0.000000e+00 1.000000e+00
      outer loop
         vertex -1.568041e+04 2.470890e+03 2.000000e-01
         vertex -1.567919e+04 2.473558e+03 2.000000e-01
         vertex -1.568750e+04 2.520000e+03 2.000000e-01
      endloop
   endfacet
   facet normal 0.000000e+00 0.000000e+00 1.000000e+00
      outer loop
         vertex -1.568750e+04 2.520000e+03 2.000000e-01
         vertex -1.567919e+04 2.473558e+03 2.000000e-01
         vertex -1.567916e+04 2.473608e+03 2.000000e-01
      endloop
   endfacet
   facet normal 0.000000e+00 0.000000e+00 1.000000e+00
      outer loop
         vertex -1.568750e+04 2.520000e+03 2.000000e-01
         vertex -1.567916e+04 2.473608e+03 2.000000e-01
         vertex -1.567802e+04 2.476307e+03 2.000000e-01
      endloop
   endfacet
   facet normal 0.000000e+00 -0.000000e+00 1.000000e+00
      outer loop
         vertex -1.567800e+04 2.476358e+03 2.000000e-01
         vertex -1.567692e+04 2.479086e+03 2.000000e-01
         vertex -1.568750e+04 2.520000e+03 2.000000e-01
      endloop
   endfacet
   facet normal 0.000000e+00 0.000000e+00 1.000000e+00
      outer loop
         vertex -1.568750e+04 2.520000e+03 2.000000e-01
         vertex -1.567692e+04 2.479086e+03 2.000000e-01
         vertex -1.567690e+04 2.479137e+03 2.000000e-01
      endloop
   endfacet
   facet normal 0.000000e+00 0.000000e+00 1.000000e+00
      outer loop
         vertex -1.568750e+04 2.520000e+03 2.000000e-01
         vertex -1.567690e+04 2.479137e+03 2.000000e-01
         vertex -1.567591e+04 2.481892e+03 2.000000e-01
      endloop
   endfacet
   facet normal 0.000000e+00 -0.000000e+00 1.000000e+00
      outer loop
         vertex -1.567591e+04 2.481892e+03 2.000000e-01
         vertex -1.567589e+04 2.481944e+03 2.000000e-01
         vertex -1.568750e+04 2.520000e+03 2.000000e-01
      endloop
   endfacet
   facet normal 0.000000e+00 0.000000e+00 1.000000e+00
      outer loop
         vertex -1.568750e+04 2.520000e+03 2.000000e-01
         vertex -1.567589e+04 2.481944e+03 2.000000e-01
         vertex -1.567497e+04 2.484724e+03 2.000000e-01
      endloop
   endfacet
   facet normal 0.000000e+00 0.000000e+00 1.000000e+00
      outer loop
         vertex -1.568750e+04 2.520000e+03 2.000000e-01
         vertex -1.567497e+04 2.484724e+03 2.000000e-01
         vertex -1.567496e+04 2.484777e+03 2.000000e-01
      endloop
   endfacet
   facet normal 0.000000e+00 -0.000000e+00 1.000000e+00
      outer loop
         vertex -1.567496e+04 2.484777e+03 2.000000e-01
         vertex -1.567412e+04 2.487580e+03 2.000000e-01
         vertex -1.568750e+04 2.520000e+03 2.000000e-01
      endloop
   endfacet
   facet normal 0.000000e+00 0.000000e+00 1.000000e+00
      outer loop
         vertex -1.568750e+04 2.520000e+03 2.000000e-01
         vertex -1.567412e+04 2.487580e+03 2.000000e-01
         vertex -1.567410e+04 2.487634e+03 2.000000e-01
      endloop
   endfacet
   facet normal 0.000000e+00 0.000000e+00 1.000000e+00
      outer loop
         vertex -1.568750e+04 2.520000e+03 2.000000e-01
         vertex -1.567410e+04 2.487634e+03 2.000000e-01
         vertex -1.567334e+04 2.490458e+03 2.000000e-01
      endloop
   endfacet
   facet normal 0.000000e+00 -0.000000e+00 1.000000e+00
      outer loop
         vertex -1.567016e+04 2.511080e+03 2.000000e-01
         vertex -1.567004e+04 2.513997e+03 2.000000e-01
         vertex -1.568750e+04 2.520000e+03 2.000000e-01
      endloop
   endfacet
   facet normal 0.000000e+00 0.000000e+00 1.000000e+00
      outer loop
         vertex -1.568750e+04 2.520000e+03 2.000000e-01
         vertex -1.567004e+04 2.513997e+03 2.000000e-01
         vertex -1.567004e+04 2.514053e+03 2.000000e-01
      endloop
   endfacet
   facet normal 0.000000e+00 0.000000e+00 1.000000e+00
      outer loop
         vertex -1.568750e+04 2.520000e+03 2.000000e-01
         vertex -1.567004e+04 2.514053e+03 2.000000e-01
         vertex -1.567000e+04 2.516972e+03 2.000000e-01
      endloop
   endfacet
   facet normal 0.000000e+00 -0.000000e+00 1.000000e+00
      outer loop
         vertex -1.567000e+04 2.516972e+03 2.000000e-01
         vertex -1.567000e+04 2.517028e+03 2.000000e-01
         vertex -1.568750e+04 2.520000e+03 2.000000e-01
      endloop
   endfacet
   facet normal 0.000000e+00 0.000000e+00 1.000000e+00
      outer loop
         vertex -1.568750e+04 2.520000e+03 2.000000e-01
         vertex -1.567000e+04 2.517028e+03 2.000000e-01
         vertex -1.567004e+04 2.519947e+03 2.000000e-01
      endloop
   endfacet
   facet normal -0.000000e+00 0.000000e+00 1.000000e+00
      outer loop
         vertex -1.568750e+04 2.520000e+03 2.000000e-01
         vertex -1.567004e+04 2.519947e+03 2.000000e-01
         vertex -1.567004e+04 2.520003e+03 2.000000e-01
      endloop
   endfacet
   facet normal 0.000000e+00 -0.000000e+00 1.000000e+00
      outer loop
         vertex -1.568312e+04 2.465557e+03 2.000000e-01
         vertex -1.568175e+04 2.468157e+03 2.000000e-01
         vertex -1.568750e+04 2.465000e+03 2.000000e-01
      endloop
   endfacet
   facet normal 0.000000e+00 0.000000e+00 1.000000e+00
      outer loop
         vertex -1.568750e+04 2.465000e+03 2.000000e-01
         vertex -1.568175e+04 2.468157e+03 2.000000e-01
         vertex -1.568173e+04 2.468206e+03 2.000000e-01
      endloop
   endfacet
   facet normal 0.000000e+00 0.000000e+00 1.000000e+00
      outer loop
         vertex -1.568750e+04 2.465000e+03 2.000000e-01
         vertex -1.568173e+04 2.468206e+03 2.000000e-01
         vertex -1.568750e+04 2.520000e+03 2.000000e-01
      endloop
   endfacet
   facet normal 0.000000e+00 0.000000e+00 1.000000e+00
      outer loop
         vertex -1.568750e+04 2.520000e+03 2.000000e-01
         vertex -1.568173e+04 2.468206e+03 2.000000e-01
         vertex -1.568043e+04 2.470840e+03 2.000000e-01
      endloop
   endfacet
   facet normal 0.000000e+00 0.000000e+00 1.000000e+00
      outer loop
         vertex -1.568750e+04 2.520000e+03 2.000000e-01
         vertex -1.568043e+04 2.470840e+03 2.000000e-01
         vertex -1.568041e+04 2.470890e+03 2.000000e-01
      endloop
   endfacet
   facet normal 0.000000e+00 -0.000000e+00 1.000000e+00
      outer loop
         vertex -1.567202e+04 2.496323e+03 2.000000e-01
         vertex -1.567149e+04 2.499198e+03 2.000000e-01
         vertex -1.568750e+04 2.520000e+03 2.000000e-01
      endloop
   endfacet
   facet normal 0.000000e+00 0.000000e+00 1.000000e+00
      outer loop
         vertex -1.568750e+04 2.520000e+03 2.000000e-01
         vertex -1.567149e+04 2.499198e+03 2.000000e-01
         vertex -1.567148e+04 2.499253e+03 2.000000e-01
      endloop
   endfacet
   facet normal 0.000000e+00 0.000000e+00 1.000000e+00
      outer loop
         vertex -1.568750e+04 2.520000e+03 2.000000e-01
         vertex -1.567148e+04 2.499253e+03 2.000000e-01
         vertex -1.567104e+04 2.502141e+03 2.000000e-01
      endloop
   endfacet
   facet normal 0.000000e+00 -0.000000e+00 1.000000e+00
      outer loop
         vertex -1.567037e+04 2.508056e+03 2.000000e-01
         vertex -1.567037e+04 2.508111e+03 2.000000e-01
         vertex -1.568750e+04 2.520000e+03 2.000000e-01
      endloop
   endfacet
   facet normal 0.000000e+00 0.000000e+00 1.000000e+00
      outer loop
         vertex -1.568750e+04 2.520000e+03 2.000000e-01
         vertex -1.567037e+04 2.508111e+03 2.000000e-01
         vertex -1.567017e+04 2.511024e+03 2.000000e-01
      endloop
   endfacet
   facet normal 0.000000e+00 0.000000e+00 1.000000e+00
      outer loop
         vertex -1.568750e+04 2.520000e+03 2.000000e-01
         vertex -1.567017e+04 2.511024e+03 2.000000e-01
         vertex -1.567016e+04 2.511080e+03 2.000000e-01
      endloop
   endfacet
   facet normal 0.000000e+00 -0.000000e+00 1.000000e+00
      outer loop
         vertex -1.567104e+04 2.502141e+03 2.000000e-01
         vertex -1.567103e+04 2.502196e+03 2.000000e-01
         vertex -1.568750e+04 2.520000e+03 2.000000e-01
      endloop
   endfacet
   facet normal 0.000000e+00 0.000000e+00 1.000000e+00
      outer loop
         vertex -1.568750e+04 2.520000e+03 2.000000e-01
         vertex -1.567103e+04 2.502196e+03 2.000000e-01
         vertex -1.567066e+04 2.505094e+03 2.000000e-01
      endloop
   endfacet
   facet normal 0.000000e+00 0.000000e+00 1.000000e+00
      outer loop
         vertex -1.568750e+04 2.520000e+03 2.000000e-01
         vertex -1.567066e+04 2.505094e+03 2.000000e-01
         vertex -1.567066e+04 2.505149e+03 2.000000e-01
      endloop
   endfacet
   facet normal 0.000000e+00 -0.000000e+00 1.000000e+00
      outer loop
         vertex -1.568615e+04 2.460328e+03 2.000000e-01
         vertex -1.568612e+04 2.460375e+03 2.000000e-01
         vertex -1.568750e+04 2.465000e+03 2.000000e-01
      endloop
   endfacet
   facet normal 0.000000e+00 -0.000000e+00 1.000000e+00
      outer loop
         vertex -1.568612e+04 2.460375e+03 2.000000e-01
         vertex -1.568461e+04 2.462899e+03 2.000000e-01
         vertex -1.568750e+04 2.465000e+03 2.000000e-01
      endloop
   endfacet
   facet normal 0.000000e+00 0.000000e+00 1.000000e+00
      outer loop
         vertex -1.568750e+04 2.465000e+03 2.000000e-01
         vertex -1.568461e+04 2.462899e+03 2.000000e-01
         vertex -1.568458e+04 2.462946e+03 2.000000e-01
      endloop
   endfacet
   facet normal -0.000000e+00 0.000000e+00 1.000000e+00
      outer loop
         vertex -1.568750e+04 2.465000e+03 2.000000e-01
         vertex -1.568458e+04 2.462946e+03 2.000000e-01
         vertex -1.568314e+04 2.465509e+03 2.000000e-01
      endloop
   endfacet
   facet normal 0.000000e+00 -0.000000e+00 1.000000e+00
      outer loop
         vertex -1.569300e+04 2.450479e+03 2.000000e-01
         vertex -1.569297e+04 2.450522e+03 2.000000e-01
         vertex -1.572125e+04 2.465000e+03 2.000000e-01
      endloop
   endfacet
   facet normal 0.000000e+00 -0.000000e+00 1.000000e+00
      outer loop
         vertex -1.570087e+04 2.441447e+03 2.000000e-01
         vertex -1.569884e+04 2.443597e+03 2.000000e-01
         vertex -1.572125e+04 2.465000e+03 2.000000e-01
      endloop
   endfacet
   facet normal 0.000000e+00 -0.000000e+00 1.000000e+00
      outer loop
         vertex -1.571699e+04 2.427718e+03 2.000000e-01
         vertex -1.571695e+04 2.427749e+03 2.000000e-01
         vertex -1.572125e+04 2.465000e+03 2.000000e-01
      endloop
   endfacet
   facet normal 0.000000e+00 0.000000e+00 1.000000e+00
      outer loop
         vertex -1.572125e+04 2.465000e+03 2.000000e-01
         vertex -1.571695e+04 2.427749e+03 2.000000e-01
         vertex -1.571454e+04 2.429489e+03 2.000000e-01
      endloop
   endfacet
   facet normal 0.000000e+00 0.000000e+00 1.000000e+00
      outer loop
         vertex -1.572125e+04 2.465000e+03 2.000000e-01
         vertex -1.571454e+04 2.429489e+03 2.000000e-01
         vertex -1.571449e+04 2.429521e+03 2.000000e-01
      endloop
   endfacet
   facet normal 0.000000e+00 -0.000000e+00 1.000000e+00
      outer loop
         vertex -1.571449e+04 2.429521e+03 2.000000e-01
         vertex -1.571213e+04 2.431323e+03 2.000000e-01
         vertex -1.572125e+04 2.465000e+03 2.000000e-01
      endloop
   endfacet
   facet normal 0.000000e+00 0.000000e+00 1.000000e+00
      outer loop
         vertex -1.572125e+04 2.465000e+03 2.000000e-01
         vertex -1.571213e+04 2.431323e+03 2.000000e-01
         vertex -1.571209e+04 2.431357e+03 2.000000e-01
      endloop
   endfacet
   facet normal 0.000000e+00 0.000000e+00 1.000000e+00
      outer loop
         vertex -1.572125e+04 2.465000e+03 2.000000e-01
         vertex -1.571209e+04 2.431357e+03 2.000000e-01
         vertex -1.570977e+04 2.433221e+03 2.000000e-01
      endloop
   endfacet
   facet normal 0.000000e+00 -0.000000e+00 1.000000e+00
      outer loop
         vertex -1.570977e+04 2.433221e+03 2.000000e-01
         vertex -1.570973e+04 2.433255e+03 2.000000e-01
         vertex -1.572125e+04 2.465000e+03 2.000000e-01
      endloop
   endfacet
   facet normal 0.000000e+00 0.000000e+00 1.000000e+00
      outer loop
         vertex -1.572125e+04 2.465000e+03 2.000000e-01
         vertex -1.570973e+04 2.433255e+03 2.000000e-01
         vertex -1.570747e+04 2.435179e+03 2.000000e-01
      endloop
   endfacet
   facet normal 0.000000e+00 0.000000e+00 1.000000e+00
      outer loop
         vertex -1.572125e+04 2.465000e+03 2.000000e-01
         vertex -1.570747e+04 2.435179e+03 2.000000e-01
         vertex -1.570743e+04 2.435215e+03 2.000000e-01
      endloop
   endfacet
   facet normal 0.000000e+00 -0.000000e+00 1.000000e+00
      outer loop
         vertex -1.569884e+04 2.443597e+03 2.000000e-01
         vertex -1.569880e+04 2.443637e+03 2.000000e-01
         vertex -1.572125e+04 2.465000e+03 2.000000e-01
      endloop
   endfacet
   facet normal 0.000000e+00 0.000000e+00 1.000000e+00
      outer loop
         vertex -1.572125e+04 2.465000e+03 2.000000e-01
         vertex -1.569880e+04 2.443637e+03 2.000000e-01
         vertex -1.569683e+04 2.445839e+03 2.000000e-01
      endloop
   endfacet
   facet normal 0.000000e+00 0.000000e+00 1.000000e+00
      outer loop
         vertex -1.572125e+04 2.465000e+03 2.000000e-01
         vertex -1.569683e+04 2.445839e+03 2.000000e-01
         vertex -1.569680e+04 2.445880e+03 2.000000e-01
      endloop
   endfacet
   facet normal 0.000000e+00 -0.000000e+00 1.000000e+00
      outer loop
         vertex -1.569680e+04 2.445880e+03 2.000000e-01
         vertex -1.569489e+04 2.448134e+03 2.000000e-01
         vertex -1.572125e+04 2.465000e+03 2.000000e-01
      endloop
   endfacet
   facet normal 0.000000e+00 0.000000e+00 1.000000e+00
      outer loop
         vertex -1.572125e+04 2.465000e+03 2.000000e-01
         vertex -1.569489e+04 2.448134e+03 2.000000e-01
         vertex -1.569485e+04 2.448176e+03 2.000000e-01
      endloop
   endfacet
   facet normal 0.000000e+00 0.000000e+00 1.000000e+00
      outer loop
         vertex -1.572125e+04 2.465000e+03 2.000000e-01
         vertex -1.569485e+04 2.448176e+03 2.000000e-01
         vertex -1.569300e+04 2.450479e+03 2.000000e-01
      endloop
   endfacet
   facet normal 0.000000e+00 -0.000000e+00 1.000000e+00
      outer loop
         vertex -1.569297e+04 2.450522e+03 2.000000e-01
         vertex -1.569119e+04 2.452873e+03 2.000000e-01
         vertex -1.572125e+04 2.465000e+03 2.000000e-01
      endloop
   endfacet
   facet normal 0.000000e+00 0.000000e+00 1.000000e+00
      outer loop
         vertex -1.572125e+04 2.465000e+03 2.000000e-01
         vertex -1.569119e+04 2.452873e+03 2.000000e-01
         vertex -1.569116e+04 2.452917e+03 2.000000e-01
      endloop
   endfacet
   facet normal 0.000000e+00 0.000000e+00 1.000000e+00
      outer loop
         vertex -1.572125e+04 2.465000e+03 2.000000e-01
         vertex -1.569116e+04 2.452917e+03 2.000000e-01
         vertex -1.568944e+04 2.455313e+03 2.000000e-01
      endloop
   endfacet
   facet normal 0.000000e+00 -0.000000e+00 1.000000e+00
      outer loop
         vertex -1.570743e+04 2.435215e+03 2.000000e-01
         vertex -1.570523e+04 2.437197e+03 2.000000e-01
         vertex -1.572125e+04 2.465000e+03 2.000000e-01
      endloop
   endfacet
   facet normal 0.000000e+00 0.000000e+00 1.000000e+00
      outer loop
         vertex -1.572125e+04 2.465000e+03 2.000000e-01
         vertex -1.570523e+04 2.437197e+03 2.000000e-01
         vertex -1.570519e+04 2.437234e+03 2.000000e-01
      endloop
   endfacet
   facet normal 0.000000e+00 0.000000e+00 1.000000e+00
      outer loop
         vertex -1.572125e+04 2.465000e+03 2.000000e-01
         vertex -1.570519e+04 2.437234e+03 2.000000e-01
         vertex -1.570304e+04 2.439274e+03 2.000000e-01
      endloop
   endfacet
   facet normal 0.000000e+00 -0.000000e+00 1.000000e+00
      outer loop
         vertex -1.568944e+04 2.455313e+03 2.000000e-01
         vertex -1.568941e+04 2.455358e+03 2.000000e-01
         vertex -1.572125e+04 2.465000e+03 2.000000e-01
      endloop
   endfacet
   facet normal 0.000000e+00 0.000000e+00 1.000000e+00
      outer loop
         vertex -1.572125e+04 2.465000e+03 2.000000e-01
         vertex -1.568941e+04 2.455358e+03 2.000000e-01
         vertex -1.568776e+04 2.457799e+03 2.000000e-01
      endloop
   endfacet
   facet normal -0.000000e+00 0.000000e+00 1.000000e+00
      outer loop
         vertex -1.572125e+04 2.465000e+03 2.000000e-01
         vertex -1.568776e+04 2.457799e+03 2.000000e-01
         vertex -1.568750e+04 2.465000e+03 2.000000e-01
      endloop
   endfacet
   facet normal 0.000000e+00 0.000000e+00 1.000000e+00
      outer loop
         vertex -1.568750e+04 2.465000e+03 2.000000e-01
         vertex -1.568776e+04 2.457799e+03 2.000000e-01
         vertex -1.568773e+04 2.457845e+03 2.000000e-01
      endloop
   endfacet
   facet normal 0.000000e+00 0.000000e+00 1.000000e+00
      outer loop
         vertex -1.568750e+04 2.465000e+03 2.000000e-01
         vertex -1.568773e+04 2.457845e+03 2.000000e-01
         vertex -1.568615e+04 2.460328e+03 2.000000e-01
      endloop
   endfacet
   facet normal 0.000000e+00 -0.000000e+00 1.000000e+00
      outer loop
         vertex -1.570304e+04 2.439274e+03 2.000000e-01
         vertex -1.570300e+04 2.439312e+03 2.000000e-01
         vertex -1.572125e+04 2.465000e+03 2.000000e-01
      endloop
   endfacet
   facet normal 0.000000e+00 0.000000e+00 1.000000e+00
      outer loop
         vertex -1.572125e+04 2.465000e+03 2.000000e-01
         vertex -1.570300e+04 2.439312e+03 2.000000e-01
         vertex -1.570091e+04 2.441408e+03 2.000000e-01
      endloop
   endfacet
   facet normal 0.000000e+00 0.000000e+00 1.000000e+00
      outer loop
         vertex -1.572125e+04 2.465000e+03 2.000000e-01
         vertex -1.570091e+04 2.441408e+03 2.000000e-01
         vertex -1.570087e+04 2.441447e+03 2.000000e-01
      endloop
   endfacet
   facet normal -0.000000e+00 0.000000e+00 1.000000e+00
      outer loop
         vertex -1.573250e+04 2.435000e+03 2.000000e-01
         vertex -1.572200e+04 2.424403e+03 2.000000e-01
         vertex -1.573250e+04 2.440000e+03 2.000000e-01
      endloop
   endfacet
   facet normal 0.000000e+00 0.000000e+00 1.000000e+00
      outer loop
         vertex -1.573250e+04 2.440000e+03 2.000000e-01
         vertex -1.572200e+04 2.424403e+03 2.000000e-01
         vertex -1.571950e+04 2.426013e+03 2.000000e-01
      endloop
   endfacet
   facet normal -0.000000e+00 0.000000e+00 1.000000e+00
      outer loop
         vertex -1.573250e+04 2.440000e+03 2.000000e-01
         vertex -1.571950e+04 2.426013e+03 2.000000e-01
         vertex -1.572125e+04 2.465000e+03 2.000000e-01
      endloop
   endfacet
   facet normal 0.000000e+00 0.000000e+00 1.000000e+00
      outer loop
         vertex -1.572125e+04 2.465000e+03 2.000000e-01
         vertex -1.571950e+04 2.426013e+03 2.000000e-01
         vertex -1.571945e+04 2.426043e+03 2.000000e-01
      endloop
   endfacet
   facet normal 0.000000e+00 0.000000e+00 1.000000e+00
      outer loop
         vertex -1.572125e+04 2.465000e+03 2.000000e-01
         vertex -1.571945e+04 2.426043e+03 2.000000e-01
         vertex -1.571699e+04 2.427718e+03 2.000000e-01
      endloop
   endfacet
   facet normal 0.000000e+00 -0.000000e+00 1.000000e+00
      outer loop
         vertex -1.572464e+04 2.422804e+03 2.000000e-01
         vertex -1.572460e+04 2.422831e+03 2.000000e-01
         vertex -1.573250e+04 2.435000e+03 2.000000e-01
      endloop
   endfacet
   facet normal 0.000000e+00 0.000000e+00 1.000000e+00
      outer loop
         vertex -1.573250e+04 2.435000e+03 2.000000e-01
         vertex -1.572460e+04 2.422831e+03 2.000000e-01
         vertex -1.572205e+04 2.424375e+03 2.000000e-01
      endloop
   endfacet
   facet normal 0.000000e+00 0.000000e+00 1.000000e+00
      outer loop
         vertex -1.573250e+04 2.435000e+03 2.000000e-01
         vertex -1.572205e+04 2.424375e+03 2.000000e-01
         vertex -1.572200e+04 2.424403e+03 2.000000e-01
      endloop
   endfacet
   facet normal 0.000000e+00 0.000000e+00 1.000000e+00
      outer loop
         vertex -1.573750e+04 2.440000e+03 2.000000e-01
         vertex -1.574875e+04 2.465000e+03 2.000000e-01
         vertex -1.573750e+04 2.435000e+03 2.000000e-01
      endloop
   endfacet
   facet normal 0.000000e+00 0.000000e+00 1.000000e+00
      outer loop
         vertex -1.573750e+04 2.435000e+03 2.000000e-01
         vertex -1.574875e+04 2.465000e+03 2.000000e-01
         vertex -1.574875e+04 2.422137e+03 2.000000e-01
      endloop
   endfacet
   facet normal -0.000000e+00 0.000000e+00 1.000000e+00
      outer loop
         vertex -1.573750e+04 2.435000e+03 2.000000e-01
         vertex -1.574875e+04 2.422137e+03 2.000000e-01
         vertex -1.573250e+04 2.435000e+03 2.000000e-01
      endloop
   endfacet
   facet normal 0.000000e+00 0.000000e+00 1.000000e+00
      outer loop
         vertex -1.573250e+04 2.435000e+03 2.000000e-01
         vertex -1.574875e+04 2.422137e+03 2.000000e-01
         vertex -1.572724e+04 2.421328e+03 2.000000e-01
      endloop
   endfacet
   facet normal 0.000000e+00 0.000000e+00 1.000000e+00
      outer loop
         vertex -1.573250e+04 2.435000e+03 2.000000e-01
         vertex -1.572724e+04 2.421328e+03 2.000000e-01
         vertex -1.572464e+04 2.422804e+03 2.000000e-01
      endloop
   endfacet
   facet normal 0.000000e+00 -0.000000e+00 1.000000e+00
      outer loop
         vertex -1.573263e+04 2.418532e+03 2.000000e-01
         vertex -1.572996e+04 2.419870e+03 2.000000e-01
         vertex -1.574875e+04 2.422137e+03 2.000000e-01
      endloop
   endfacet
   facet normal 0.000000e+00 -0.000000e+00 1.000000e+00
      outer loop
         vertex -1.572996e+04 2.419870e+03 2.000000e-01
         vertex -1.572991e+04 2.419894e+03 2.000000e-01
         vertex -1.574875e+04 2.422137e+03 2.000000e-01
      endloop
   endfacet
   facet normal 0.000000e+00 0.000000e+00 1.000000e+00
      outer loop
         vertex -1.574875e+04 2.422137e+03 2.000000e-01
         vertex -1.572991e+04 2.419894e+03 2.000000e-01
         vertex -1.572728e+04 2.421302e+03 2.000000e-01
      endloop
   endfacet
   facet normal 0.000000e+00 0.000000e+00 1.000000e+00
      outer loop
         vertex -1.574875e+04 2.422137e+03 2.000000e-01
         vertex -1.572728e+04 2.421302e+03 2.000000e-01
         vertex -1.572724e+04 2.421328e+03 2.000000e-01
      endloop
   endfacet
   facet normal 0.000000e+00 0.000000e+00 1.000000e+00
      outer loop
         vertex -1.574964e+04 2.411903e+03 2.000000e-01
         vertex -1.574678e+04 2.412804e+03 2.000000e-01
         vertex -1.574875e+04 2.422137e+03 2.000000e-01
      endloop
   endfacet
   facet normal 0.000000e+00 0.000000e+00 1.000000e+00
      outer loop
         vertex -1.574875e+04 2.422137e+03 2.000000e-01
         vertex -1.574678e+04 2.412804e+03 2.000000e-01
         vertex -1.574673e+04 2.412820e+03 2.000000e-01
      endloop
   endfacet
   facet normal 0.000000e+00 0.000000e+00 1.000000e+00
      outer loop
         vertex -1.574875e+04 2.422137e+03 2.000000e-01
         vertex -1.574673e+04 2.412820e+03 2.000000e-01
         vertex -1.574390e+04 2.413795e+03 2.000000e-01
      endloop
   endfacet
   facet normal 0.000000e+00 -0.000000e+00 1.000000e+00
      outer loop
         vertex -1.574390e+04 2.413795e+03 2.000000e-01
         vertex -1.574385e+04 2.413813e+03 2.000000e-01
         vertex -1.574875e+04 2.422137e+03 2.000000e-01
      endloop
   endfacet
   facet normal 0.000000e+00 0.000000e+00 1.000000e+00
      outer loop
         vertex -1.574875e+04 2.422137e+03 2.000000e-01
         vertex -1.574385e+04 2.413813e+03 2.000000e-01
         vertex -1.574105e+04 2.414863e+03 2.000000e-01
      endloop
   endfacet
   facet normal 0.000000e+00 0.000000e+00 1.000000e+00
      outer loop
         vertex -1.574875e+04 2.422137e+03 2.000000e-01
         vertex -1.574105e+04 2.414863e+03 2.000000e-01
         vertex -1.574100e+04 2.414882e+03 2.000000e-01
      endloop
   endfacet
   facet normal 0.000000e+00 -0.000000e+00 1.000000e+00
      outer loop
         vertex -1.574100e+04 2.414882e+03 2.000000e-01
         vertex -1.573822e+04 2.416004e+03 2.000000e-01
         vertex -1.574875e+04 2.422137e+03 2.000000e-01
      endloop
   endfacet
   facet normal 0.000000e+00 0.000000e+00 1.000000e+00
      outer loop
         vertex -1.574875e+04 2.422137e+03 2.000000e-01
         vertex -1.573822e+04 2.416004e+03 2.000000e-01
         vertex -1.573818e+04 2.416025e+03 2.000000e-01
      endloop
   endfacet
   facet normal 0.000000e+00 0.000000e+00 1.000000e+00
      outer loop
         vertex -1.574875e+04 2.422137e+03 2.000000e-01
         vertex -1.573818e+04 2.416025e+03 2.000000e-01
         vertex -1.573543e+04 2.417220e+03 2.000000e-01
      endloop
   endfacet
   facet normal 0.000000e+00 -0.000000e+00 1.000000e+00
      outer loop
         vertex -1.573543e+04 2.417220e+03 2.000000e-01
         vertex -1.573539e+04 2.417242e+03 2.000000e-01
         vertex -1.574875e+04 2.422137e+03 2.000000e-01
      endloop
   endfacet
   facet normal 0.000000e+00 0.000000e+00 1.000000e+00
      outer loop
         vertex -1.574875e+04 2.422137e+03 2.000000e-01
         vertex -1.573539e+04 2.417242e+03 2.000000e-01
         vertex -1.573268e+04 2.418509e+03 2.000000e-01
      endloop
   endfacet
   facet normal 0.000000e+00 0.000000e+00 1.000000e+00
      outer loop
         vertex -1.574875e+04 2.422137e+03 2.000000e-01
         vertex -1.573268e+04 2.418509e+03 2.000000e-01
         vertex -1.573263e+04 2.418532e+03 2.000000e-01
      endloop
   endfacet
   facet normal -0.000000e+00 0.000000e+00 1.000000e+00
      outer loop
         vertex -1.571000e+04 2.490000e+03 2.000000e-01
         vertex -1.572125e+04 2.465000e+03 2.000000e-01
         vertex -1.570500e+04 2.490000e+03 2.000000e-01
      endloop
   endfacet
   facet normal 0.000000e+00 0.000000e+00 1.000000e+00
      outer loop
         vertex -1.570500e+04 2.490000e+03 2.000000e-01
         vertex -1.572125e+04 2.465000e+03 2.000000e-01
         vertex -1.568750e+04 2.465000e+03 2.000000e-01
      endloop
   endfacet
   facet normal -0.000000e+00 0.000000e+00 1.000000e+00
      outer loop
         vertex -1.570500e+04 2.490000e+03 2.000000e-01
         vertex -1.568750e+04 2.465000e+03 2.000000e-01
         vertex -1.570500e+04 2.495000e+03 2.000000e-01
      endloop
   endfacet
   facet normal -0.000000e+00 0.000000e+00 1.000000e+00
      outer loop
         vertex -1.570500e+04 2.495000e+03 2.000000e-01
         vertex -1.568750e+04 2.465000e+03 2.000000e-01
         vertex -1.568750e+04 2.520000e+03 2.000000e-01
      endloop
   endfacet
   facet normal 0.000000e+00 -0.000000e+00 1.000000e+00
      outer loop
         vertex -1.570500e+04 2.495000e+03 2.000000e-01
         vertex -1.568750e+04 2.520000e+03 2.000000e-01
         vertex -1.571000e+04 2.495000e+03 2.000000e-01
      endloop
   endfacet
   facet normal 0.000000e+00 -0.000000e+00 1.000000e+00
      outer loop
         vertex -1.571000e+04 2.495000e+03 2.000000e-01
         vertex -1.568750e+04 2.520000e+03 2.000000e-01
         vertex -1.572125e+04 2.520000e+03 2.000000e-01
      endloop
   endfacet
   facet normal 0.000000e+00 0.000000e+00 1.000000e+00
      outer loop
         vertex -1.571000e+04 2.495000e+03 2.000000e-01
         vertex -1.572125e+04 2.520000e+03 2.000000e-01
         vertex -1.571000e+04 2.490000e+03 2.000000e-01
      endloop
   endfacet
   facet normal 0.000000e+00 0.000000e+00 1.000000e+00
      outer loop
         vertex -1.571000e+04 2.490000e+03 2.000000e-01
         vertex -1.572125e+04 2.520000e+03 2.000000e-01
         vertex -1.572125e+04 2.465000e+03 2.000000e-01
      endloop
   endfacet
   facet normal 0.000000e+00 0.000000e+00 1.000000e+00
      outer loop
         vertex -1.573250e+04 2.600000e+03 2.000000e-01
         vertex -1.574875e+04 2.575000e+03 2.000000e-01
         vertex -1.572125e+04 2.575000e+03 2.000000e-01
      endloop
   endfacet
   facet normal 0.000000e+00 0.000000e+00 1.000000e+00
      outer loop
         vertex -1.572125e+04 2.575000e+03 2.000000e-01
         vertex -1.574875e+04 2.575000e+03 2.000000e-01
         vertex -1.574875e+04 2.520000e+03 2.000000e-01
      endloop
   endfacet
   facet normal 0.000000e+00 0.000000e+00 1.000000e+00
      outer loop
         vertex -1.572125e+04 2.575000e+03 2.000000e-01
         vertex -1.574875e+04 2.520000e+03 2.000000e-01
         vertex -1.572125e+04 2.520000e+03 2.000000e-01
      endloop
   endfacet
   facet normal 0.000000e+00 0.000000e+00 1.000000e+00
      outer loop
         vertex -1.572125e+04 2.520000e+03 2.000000e-01
         vertex -1.574875e+04 2.520000e+03 2.000000e-01
         vertex -1.574875e+04 2.465000e+03 2.000000e-01
      endloop
   endfacet
   facet normal 0.000000e+00 0.000000e+00 1.000000e+00
      outer loop
         vertex -1.572125e+04 2.520000e+03 2.000000e-01
         vertex -1.574875e+04 2.465000e+03 2.000000e-01
         vertex -1.572125e+04 2.465000e+03 2.000000e-01
      endloop
   endfacet
   facet normal 0.000000e+00 0.000000e+00 1.000000e+00
      outer loop
         vertex -1.572125e+04 2.465000e+03 2.000000e-01
         vertex -1.574875e+04 2.465000e+03 2.000000e-01
         vertex -1.573750e+04 2.440000e+03 2.000000e-01
      endloop
   endfacet
   facet normal 0.000000e+00 0.000000e+00 1.000000e+00
      outer loop
         vertex -1.572125e+04 2.465000e+03 2.000000e-01
         vertex -1.573750e+04 2.440000e+03 2.000000e-01
         vertex -1.573250e+04 2.440000e+03 2.000000e-01
      endloop
   endfacet
   facet normal -0.000000e+00 0.000000e+00 1.000000e+00
      outer loop
         vertex -1.571000e+04 2.545000e+03 2.000000e-01
         vertex -1.572125e+04 2.520000e+03 2.000000e-01
         vertex -1.570500e+04 2.545000e+03 2.000000e-01
      endloop
   endfacet
   facet normal 0.000000e+00 0.000000e+00 1.000000e+00
      outer loop
         vertex -1.570500e+04 2.545000e+03 2.000000e-01
         vertex -1.572125e+04 2.520000e+03 2.000000e-01
         vertex -1.568750e+04 2.520000e+03 2.000000e-01
      endloop
   endfacet
   facet normal -0.000000e+00 0.000000e+00 1.000000e+00
      outer loop
         vertex -1.570500e+04 2.545000e+03 2.000000e-01
         vertex -1.568750e+04 2.520000e+03 2.000000e-01
         vertex -1.570500e+04 2.550000e+03 2.000000e-01
      endloop
   endfacet
   facet normal -0.000000e+00 0.000000e+00 1.000000e+00
      outer loop
         vertex -1.570500e+04 2.550000e+03 2.000000e-01
         vertex -1.568750e+04 2.520000e+03 2.000000e-01
         vertex -1.568750e+04 2.575000e+03 2.000000e-01
      endloop
   endfacet
   facet normal 0.000000e+00 -0.000000e+00 1.000000e+00
      outer loop
         vertex -1.570500e+04 2.550000e+03 2.000000e-01
         vertex -1.568750e+04 2.575000e+03 2.000000e-01
         vertex -1.571000e+04 2.550000e+03 2.000000e-01
      endloop
   endfacet
   facet normal 0.000000e+00 -0.000000e+00 1.000000e+00
      outer loop
         vertex -1.571000e+04 2.550000e+03 2.000000e-01
         vertex -1.568750e+04 2.575000e+03 2.000000e-01
         vertex -1.572125e+04 2.575000e+03 2.000000e-01
      endloop
   endfacet
   facet normal 0.000000e+00 0.000000e+00 1.000000e+00
      outer loop
         vertex -1.571000e+04 2.550000e+03 2.000000e-01
         vertex -1.572125e+04 2.575000e+03 2.000000e-01
         vertex -1.571000e+04 2.545000e+03 2.000000e-01
      endloop
   endfacet
   facet normal 0.000000e+00 0.000000e+00 1.000000e+00
      outer loop
         vertex -1.571000e+04 2.545000e+03 2.000000e-01
         vertex -1.572125e+04 2.575000e+03 2.000000e-01
         vertex -1.572125e+04 2.520000e+03 2.000000e-01
      endloop
   endfacet
   facet normal 0.000000e+00 0.000000e+00 -1.000000e+00
      outer loop
         vertex -1.578292e+04 2.517390e+03 0.000000e+00
         vertex -1.578240e+04 2.520000e+03 0.000000e+00
         vertex -1.574875e+04 2.520000e+03 0.000000e+00
      endloop
   endfacet
   facet normal -0.000000e+00 0.000000e+00 -1.000000e+00
      outer loop
         vertex -1.568615e+04 2.460328e+03 0.000000e+00
         vertex -1.568773e+04 2.457845e+03 0.000000e+00
         vertex -1.568750e+04 2.465000e+03 0.000000e+00
      endloop
   endfacet
   facet normal -0.000000e+00 0.000000e+00 -1.000000e+00
      outer loop
         vertex -1.571945e+04 2.426043e+03 0.000000e+00
         vertex -1.571950e+04 2.426013e+03 0.000000e+00
         vertex -1.572125e+04 2.465000e+03 0.000000e+00
      endloop
   endfacet
   facet normal 0.000000e+00 0.000000e+00 -1.000000e+00
      outer loop
         vertex -1.573250e+04 2.440000e+03 0.000000e+00
         vertex -1.573750e+04 2.440000e+03 0.000000e+00
         vertex -1.574875e+04 2.465000e+03 0.000000e+00
      endloop
   endfacet
   facet normal 0.000000e+00 0.000000e+00 -1.000000e+00
      outer loop
         vertex -1.576181e+04 2.410473e+03 0.000000e+00
         vertex -1.576768e+04 2.440000e+03 0.000000e+00
         vertex -1.575855e+04 2.409606e+03 0.000000e+00
      endloop
   endfacet
   facet normal 0.000000e+00 0.000000e+00 -1.000000e+00
      outer loop
         vertex -1.576768e+04 2.440000e+03 0.000000e+00
         vertex -1.574875e+04 2.422137e+03 0.000000e+00
         vertex -1.574964e+04 2.411903e+03 0.000000e+00
      endloop
   endfacet
   facet normal 0.000000e+00 0.000000e+00 -1.000000e+00
      outer loop
         vertex -1.575855e+04 2.409606e+03 0.000000e+00
         vertex -1.576768e+04 2.440000e+03 0.000000e+00
         vertex -1.575850e+04 2.409617e+03 0.000000e+00
      endloop
   endfacet
   facet normal -0.000000e+00 0.000000e+00 -1.000000e+00
      outer loop
         vertex -1.574964e+04 2.411903e+03 0.000000e+00
         vertex -1.574969e+04 2.411888e+03 0.000000e+00
         vertex -1.576768e+04 2.440000e+03 0.000000e+00
      endloop
   endfacet
   facet normal 0.000000e+00 0.000000e+00 -1.000000e+00
      outer loop
         vertex -1.576768e+04 2.440000e+03 0.000000e+00
         vertex -1.574969e+04 2.411888e+03 0.000000e+00
         vertex -1.575257e+04 2.411064e+03 0.000000e+00
      endloop
   endfacet
   facet normal 0.000000e+00 0.000000e+00 -1.000000e+00
      outer loop
         vertex -1.576768e+04 2.440000e+03 0.000000e+00
         vertex -1.575257e+04 2.411064e+03 0.000000e+00
         vertex -1.575262e+04 2.411050e+03 0.000000e+00
      endloop
   endfacet
   facet normal -0.000000e+00 0.000000e+00 -1.000000e+00
      outer loop
         vertex -1.575262e+04 2.411050e+03 0.000000e+00
         vertex -1.575553e+04 2.410301e+03 0.000000e+00
         vertex -1.576768e+04 2.440000e+03 0.000000e+00
      endloop
   endfacet
   facet normal 0.000000e+00 0.000000e+00 -1.000000e+00
      outer loop
         vertex -1.576768e+04 2.440000e+03 0.000000e+00
         vertex -1.575553e+04 2.410301e+03 0.000000e+00
         vertex -1.575558e+04 2.410289e+03 0.000000e+00
      endloop
   endfacet
   facet normal 0.000000e+00 0.000000e+00 -1.000000e+00
      outer loop
         vertex -1.576768e+04 2.440000e+03 0.000000e+00
         vertex -1.575558e+04 2.410289e+03 0.000000e+00
         vertex -1.575850e+04 2.409617e+03 0.000000e+00
      endloop
   endfacet
   facet normal 0.000000e+00 0.000000e+00 -1.000000e+00
      outer loop
         vertex -1.576181e+04 2.410473e+03 0.000000e+00
         vertex -1.575855e+04 2.409606e+03 0.000000e+00
         vertex -1.576179e+04 2.410402e+03 0.000000e+00
      endloop
   endfacet
   facet normal 0.000000e+00 0.000000e+00 -1.000000e+00
      outer loop
         vertex -1.576179e+04 2.410402e+03 0.000000e+00
         vertex -1.575855e+04 2.409606e+03 0.000000e+00
         vertex -1.576005e+04 2.409302e+03 0.000000e+00
      endloop
   endfacet
   facet normal 0.000000e+00 0.000000e+00 -1.000000e+00
      outer loop
         vertex -1.576179e+04 2.410402e+03 0.000000e+00
         vertex -1.576005e+04 2.409302e+03 0.000000e+00
         vertex -1.576012e+04 2.409290e+03 0.000000e+00
      endloop
   endfacet
   facet normal 0.000000e+00 0.000000e+00 -1.000000e+00
      outer loop
         vertex -1.576170e+04 2.410126e+03 0.000000e+00
         vertex -1.576173e+04 2.410193e+03 0.000000e+00
         vertex -1.576049e+04 2.409280e+03 0.000000e+00
      endloop
   endfacet
   facet normal 0.000000e+00 0.000000e+00 -1.000000e+00
      outer loop
         vertex -1.576049e+04 2.409280e+03 0.000000e+00
         vertex -1.576179e+04 2.410402e+03 0.000000e+00
         vertex -1.576042e+04 2.409274e+03 0.000000e+00
      endloop
   endfacet
   facet normal 0.000000e+00 0.000000e+00 -1.000000e+00
      outer loop
         vertex -1.576042e+04 2.409274e+03 0.000000e+00
         vertex -1.576179e+04 2.410402e+03 0.000000e+00
         vertex -1.576034e+04 2.409273e+03 0.000000e+00
      endloop
   endfacet
   facet normal -0.000000e+00 0.000000e+00 -1.000000e+00
      outer loop
         vertex -1.576012e+04 2.409290e+03 0.000000e+00
         vertex -1.576020e+04 2.409280e+03 0.000000e+00
         vertex -1.576179e+04 2.410402e+03 0.000000e+00
      endloop
   endfacet
   facet normal 0.000000e+00 0.000000e+00 -1.000000e+00
      outer loop
         vertex -1.576179e+04 2.410402e+03 0.000000e+00
         vertex -1.576020e+04 2.409280e+03 0.000000e+00
         vertex -1.576027e+04 2.409275e+03 0.000000e+00
      endloop
   endfacet
   facet normal 0.000000e+00 0.000000e+00 -1.000000e+00
      outer loop
         vertex -1.576179e+04 2.410402e+03 0.000000e+00
         vertex -1.576027e+04 2.409275e+03 0.000000e+00
         vertex -1.576034e+04 2.409273e+03 0.000000e+00
      endloop
   endfacet
   facet normal 0.000000e+00 0.000000e+00 -1.000000e+00
      outer loop
         vertex -1.576056e+04 2.409288e+03 0.000000e+00
         vertex -1.576064e+04 2.409301e+03 0.000000e+00
         vertex -1.576163e+04 2.409997e+03 0.000000e+00
      endloop
   endfacet
   facet normal 0.000000e+00 0.000000e+00 -1.000000e+00
      outer loop
         vertex -1.576163e+04 2.409997e+03 0.000000e+00
         vertex -1.576064e+04 2.409301e+03 0.000000e+00
         vertex -1.576071e+04 2.409317e+03 0.000000e+00
      endloop
   endfacet
   facet normal 0.000000e+00 0.000000e+00 -1.000000e+00
      outer loop
         vertex -1.576056e+04 2.409288e+03 0.000000e+00
         vertex -1.576163e+04 2.409997e+03 0.000000e+00
         vertex -1.576049e+04 2.409280e+03 0.000000e+00
      endloop
   endfacet
   facet normal 0.000000e+00 0.000000e+00 -1.000000e+00
      outer loop
         vertex -1.576049e+04 2.409280e+03 0.000000e+00
         vertex -1.576163e+04 2.409997e+03 0.000000e+00
         vertex -1.576166e+04 2.410060e+03 0.000000e+00
      endloop
   endfacet
   facet normal 0.000000e+00 0.000000e+00 -1.000000e+00
      outer loop
         vertex -1.576049e+04 2.409280e+03 0.000000e+00
         vertex -1.576166e+04 2.410060e+03 0.000000e+00
         vertex -1.576170e+04 2.410126e+03 0.000000e+00
      endloop
   endfacet
   facet normal 0.000000e+00 0.000000e+00 -1.000000e+00
      outer loop
         vertex -1.576173e+04 2.410193e+03 0.000000e+00
         vertex -1.576175e+04 2.410261e+03 0.000000e+00
         vertex -1.576049e+04 2.409280e+03 0.000000e+00
      endloop
   endfacet
   facet normal 0.000000e+00 0.000000e+00 -1.000000e+00
      outer loop
         vertex -1.576049e+04 2.409280e+03 0.000000e+00
         vertex -1.576175e+04 2.410261e+03 0.000000e+00
         vertex -1.576178e+04 2.410331e+03 0.000000e+00
      endloop
   endfacet
   facet normal 0.000000e+00 0.000000e+00 -1.000000e+00
      outer loop
         vertex -1.576049e+04 2.409280e+03 0.000000e+00
         vertex -1.576178e+04 2.410331e+03 0.000000e+00
         vertex -1.576179e+04 2.410402e+03 0.000000e+00
      endloop
   endfacet
   facet normal 0.000000e+00 0.000000e+00 -1.000000e+00
      outer loop
         vertex -1.576071e+04 2.409317e+03 0.000000e+00
         vertex -1.576078e+04 2.409336e+03 0.000000e+00
         vertex -1.576163e+04 2.409997e+03 0.000000e+00
      endloop
   endfacet
   facet normal 0.000000e+00 0.000000e+00 -1.000000e+00
      outer loop
         vertex -1.576163e+04 2.409997e+03 0.000000e+00
         vertex -1.576078e+04 2.409336e+03 0.000000e+00
         vertex -1.576085e+04 2.409359e+03 0.000000e+00
      endloop
   endfacet
   facet normal 0.000000e+00 0.000000e+00 -1.000000e+00
      outer loop
         vertex -1.576163e+04 2.409997e+03 0.000000e+00
         vertex -1.576085e+04 2.409359e+03 0.000000e+00
         vertex -1.576092e+04 2.409385e+03 0.000000e+00
      endloop
   endfacet
   facet normal 0.000000e+00 0.000000e+00 -1.000000e+00
      outer loop
         vertex -1.576092e+04 2.409385e+03 0.000000e+00
         vertex -1.576098e+04 2.409415e+03 0.000000e+00
         vertex -1.576163e+04 2.409997e+03 0.000000e+00
      endloop
   endfacet
   facet normal 0.000000e+00 0.000000e+00 -1.000000e+00
      outer loop
         vertex -1.576163e+04 2.409997e+03 0.000000e+00
         vertex -1.576098e+04 2.409415e+03 0.000000e+00
         vertex -1.576105e+04 2.409448e+03 0.000000e+00
      endloop
   endfacet
   facet normal 0.000000e+00 0.000000e+00 -1.000000e+00
      outer loop
         vertex -1.576163e+04 2.409997e+03 0.000000e+00
         vertex -1.576105e+04 2.409448e+03 0.000000e+00
         vertex -1.576111e+04 2.409484e+03 0.000000e+00
      endloop
   endfacet
   facet normal 0.000000e+00 0.000000e+00 -1.000000e+00
      outer loop
         vertex -1.576129e+04 2.409610e+03 0.000000e+00
         vertex -1.576135e+04 2.409658e+03 0.000000e+00
         vertex -1.576163e+04 2.409997e+03 0.000000e+00
      endloop
   endfacet
   facet normal 0.000000e+00 0.000000e+00 -1.000000e+00
      outer loop
         vertex -1.576163e+04 2.409997e+03 0.000000e+00
         vertex -1.576135e+04 2.409658e+03 0.000000e+00
         vertex -1.576140e+04 2.409708e+03 0.000000e+00
      endloop
   endfacet
   facet normal 0.000000e+00 0.000000e+00 -1.000000e+00
      outer loop
         vertex -1.576163e+04 2.409997e+03 0.000000e+00
         vertex -1.576140e+04 2.409708e+03 0.000000e+00
         vertex -1.576145e+04 2.409761e+03 0.000000e+00
      endloop
   endfacet
   facet normal 0.000000e+00 0.000000e+00 -1.000000e+00
      outer loop
         vertex -1.576145e+04 2.409761e+03 0.000000e+00
         vertex -1.576150e+04 2.409817e+03 0.000000e+00
         vertex -1.576163e+04 2.409997e+03 0.000000e+00
      endloop
   endfacet
   facet normal 0.000000e+00 0.000000e+00 -1.000000e+00
      outer loop
         vertex -1.576163e+04 2.409997e+03 0.000000e+00
         vertex -1.576150e+04 2.409817e+03 0.000000e+00
         vertex -1.576155e+04 2.409875e+03 0.000000e+00
      endloop
   endfacet
   facet normal 0.000000e+00 0.000000e+00 -1.000000e+00
      outer loop
         vertex -1.576163e+04 2.409997e+03 0.000000e+00
         vertex -1.576155e+04 2.409875e+03 0.000000e+00
         vertex -1.576159e+04 2.409935e+03 0.000000e+00
      endloop
   endfacet
   facet normal 0.000000e+00 0.000000e+00 -1.000000e+00
      outer loop
         vertex -1.576111e+04 2.409484e+03 0.000000e+00
         vertex -1.576117e+04 2.409523e+03 0.000000e+00
         vertex -1.576163e+04 2.409997e+03 0.000000e+00
      endloop
   endfacet
   facet normal 0.000000e+00 0.000000e+00 -1.000000e+00
      outer loop
         vertex -1.576163e+04 2.409997e+03 0.000000e+00
         vertex -1.576117e+04 2.409523e+03 0.000000e+00
         vertex -1.576123e+04 2.409565e+03 0.000000e+00
      endloop
   endfacet
   facet normal 0.000000e+00 0.000000e+00 -1.000000e+00
      outer loop
         vertex -1.576163e+04 2.409997e+03 0.000000e+00
         vertex -1.576123e+04 2.409565e+03 0.000000e+00
         vertex -1.576129e+04 2.409610e+03 0.000000e+00
      endloop
   endfacet
   facet normal -0.000000e+00 0.000000e+00 -1.000000e+00
      outer loop
         vertex -1.572724e+04 2.421328e+03 0.000000e+00
         vertex -1.572728e+04 2.421302e+03 0.000000e+00
         vertex -1.574875e+04 2.422137e+03 0.000000e+00
      endloop
   endfacet
   facet normal 0.000000e+00 0.000000e+00 -1.000000e+00
      outer loop
         vertex -1.574875e+04 2.422137e+03 0.000000e+00
         vertex -1.572728e+04 2.421302e+03 0.000000e+00
         vertex -1.572991e+04 2.419894e+03 0.000000e+00
      endloop
   endfacet
   facet normal 0.000000e+00 0.000000e+00 -1.000000e+00
      outer loop
         vertex -1.574875e+04 2.422137e+03 0.000000e+00
         vertex -1.573818e+04 2.416025e+03 0.000000e+00
         vertex -1.573822e+04 2.416004e+03 0.000000e+00
      endloop
   endfacet
   facet normal 0.000000e+00 0.000000e+00 -1.000000e+00
      outer loop
         vertex -1.574875e+04 2.422137e+03 0.000000e+00
         vertex -1.574385e+04 2.413813e+03 0.000000e+00
         vertex -1.574390e+04 2.413795e+03 0.000000e+00
      endloop
   endfacet
   facet normal -0.000000e+00 0.000000e+00 -1.000000e+00
      outer loop
         vertex -1.572991e+04 2.419894e+03 0.000000e+00
         vertex -1.572996e+04 2.419870e+03 0.000000e+00
         vertex -1.574875e+04 2.422137e+03 0.000000e+00
      endloop
   endfacet
   facet normal 0.000000e+00 0.000000e+00 -1.000000e+00
      outer loop
         vertex -1.574875e+04 2.422137e+03 0.000000e+00
         vertex -1.572996e+04 2.419870e+03 0.000000e+00
         vertex -1.573263e+04 2.418532e+03 0.000000e+00
      endloop
   endfacet
   facet normal 0.000000e+00 0.000000e+00 -1.000000e+00
      outer loop
         vertex -1.574875e+04 2.422137e+03 0.000000e+00
         vertex -1.573263e+04 2.418532e+03 0.000000e+00
         vertex -1.573268e+04 2.418509e+03 0.000000e+00
      endloop
   endfacet
   facet normal -0.000000e+00 0.000000e+00 -1.000000e+00
      outer loop
         vertex -1.573822e+04 2.416004e+03 0.000000e+00
         vertex -1.574100e+04 2.414882e+03 0.000000e+00
         vertex -1.574875e+04 2.422137e+03 0.000000e+00
      endloop
   endfacet
   facet normal 0.000000e+00 0.000000e+00 -1.000000e+00
      outer loop
         vertex -1.574875e+04 2.422137e+03 0.000000e+00
         vertex -1.574100e+04 2.414882e+03 0.000000e+00
         vertex -1.574105e+04 2.414863e+03 0.000000e+00
      endloop
   endfacet
   facet normal 0.000000e+00 0.000000e+00 -1.000000e+00
      outer loop
         vertex -1.574875e+04 2.422137e+03 0.000000e+00
         vertex -1.574105e+04 2.414863e+03 0.000000e+00
         vertex -1.574385e+04 2.413813e+03 0.000000e+00
      endloop
   endfacet
   facet normal -0.000000e+00 0.000000e+00 -1.000000e+00
      outer loop
         vertex -1.574390e+04 2.413795e+03 0.000000e+00
         vertex -1.574673e+04 2.412820e+03 0.000000e+00
         vertex -1.574875e+04 2.422137e+03 0.000000e+00
      endloop
   endfacet
   facet normal 0.000000e+00 0.000000e+00 -1.000000e+00
      outer loop
         vertex -1.574875e+04 2.422137e+03 0.000000e+00
         vertex -1.574673e+04 2.412820e+03 0.000000e+00
         vertex -1.574678e+04 2.412804e+03 0.000000e+00
      endloop
   endfacet
   facet normal 0.000000e+00 -0.000000e+00 -1.000000e+00
      outer loop
         vertex -1.574875e+04 2.422137e+03 0.000000e+00
         vertex -1.574678e+04 2.412804e+03 0.000000e+00
         vertex -1.574964e+04 2.411903e+03 0.000000e+00
      endloop
   endfacet
   facet normal -0.000000e+00 0.000000e+00 -1.000000e+00
      outer loop
         vertex -1.573268e+04 2.418509e+03 0.000000e+00
         vertex -1.573539e+04 2.417242e+03 0.000000e+00
         vertex -1.574875e+04 2.422137e+03 0.000000e+00
      endloop
   endfacet
   facet normal 0.000000e+00 0.000000e+00 -1.000000e+00
      outer loop
         vertex -1.574875e+04 2.422137e+03 0.000000e+00
         vertex -1.573539e+04 2.417242e+03 0.000000e+00
         vertex -1.573543e+04 2.417220e+03 0.000000e+00
      endloop
   endfacet
   facet normal 0.000000e+00 0.000000e+00 -1.000000e+00
      outer loop
         vertex -1.574875e+04 2.422137e+03 0.000000e+00
         vertex -1.573543e+04 2.417220e+03 0.000000e+00
         vertex -1.573818e+04 2.416025e+03 0.000000e+00
      endloop
   endfacet
   facet normal 0.000000e+00 0.000000e+00 -1.000000e+00
      outer loop
         vertex -1.573250e+04 2.435000e+03 0.000000e+00
         vertex -1.572205e+04 2.424375e+03 0.000000e+00
         vertex -1.572460e+04 2.422831e+03 0.000000e+00
      endloop
   endfacet
   facet normal 0.000000e+00 0.000000e+00 -1.000000e+00
      outer loop
         vertex -1.574875e+04 2.422137e+03 0.000000e+00
         vertex -1.573750e+04 2.435000e+03 0.000000e+00
         vertex -1.572724e+04 2.421328e+03 0.000000e+00
      endloop
   endfacet
   facet normal 0.000000e+00 0.000000e+00 -1.000000e+00
      outer loop
         vertex -1.572724e+04 2.421328e+03 0.000000e+00
         vertex -1.573750e+04 2.435000e+03 0.000000e+00
         vertex -1.573250e+04 2.435000e+03 0.000000e+00
      endloop
   endfacet
   facet normal 0.000000e+00 0.000000e+00 -1.000000e+00
      outer loop
         vertex -1.572724e+04 2.421328e+03 0.000000e+00
         vertex -1.573250e+04 2.435000e+03 0.000000e+00
         vertex -1.572464e+04 2.422804e+03 0.000000e+00
      endloop
   endfacet
   facet normal 0.000000e+00 0.000000e+00 -1.000000e+00
      outer loop
         vertex -1.572464e+04 2.422804e+03 0.000000e+00
         vertex -1.573250e+04 2.435000e+03 0.000000e+00
         vertex -1.572460e+04 2.422831e+03 0.000000e+00
      endloop
   endfacet
   facet normal -0.000000e+00 0.000000e+00 -1.000000e+00
      outer loop
         vertex -1.569119e+04 2.452873e+03 0.000000e+00
         vertex -1.569297e+04 2.450522e+03 0.000000e+00
         vertex -1.572125e+04 2.465000e+03 0.000000e+00
      endloop
   endfacet
   facet normal 0.000000e+00 0.000000e+00 -1.000000e+00
      outer loop
         vertex -1.571945e+04 2.426043e+03 0.000000e+00
         vertex -1.572125e+04 2.465000e+03 0.000000e+00
         vertex -1.571699e+04 2.427718e+03 0.000000e+00
      endloop
   endfacet
   facet normal -0.000000e+00 0.000000e+00 -1.000000e+00
      outer loop
         vertex -1.569297e+04 2.450522e+03 0.000000e+00
         vertex -1.569300e+04 2.450479e+03 0.000000e+00
         vertex -1.572125e+04 2.465000e+03 0.000000e+00
      endloop
   endfacet
   facet normal 0.000000e+00 0.000000e+00 -1.000000e+00
      outer loop
         vertex -1.572125e+04 2.465000e+03 0.000000e+00
         vertex -1.569300e+04 2.450479e+03 0.000000e+00
         vertex -1.569485e+04 2.448176e+03 0.000000e+00
      endloop
   endfacet
   facet normal 0.000000e+00 0.000000e+00 -1.000000e+00
      outer loop
         vertex -1.572125e+04 2.465000e+03 0.000000e+00
         vertex -1.569485e+04 2.448176e+03 0.000000e+00
         vertex -1.569489e+04 2.448134e+03 0.000000e+00
      endloop
   endfacet
   facet normal -0.000000e+00 0.000000e+00 -1.000000e+00
      outer loop
         vertex -1.569489e+04 2.448134e+03 0.000000e+00
         vertex -1.569680e+04 2.445880e+03 0.000000e+00
         vertex -1.572125e+04 2.465000e+03 0.000000e+00
      endloop
   endfacet
   facet normal 0.000000e+00 0.000000e+00 -1.000000e+00
      outer loop
         vertex -1.572125e+04 2.465000e+03 0.000000e+00
         vertex -1.569680e+04 2.445880e+03 0.000000e+00
         vertex -1.569683e+04 2.445839e+03 0.000000e+00
      endloop
   endfacet
   facet normal 0.000000e+00 0.000000e+00 -1.000000e+00
      outer loop
         vertex -1.572125e+04 2.465000e+03 0.000000e+00
         vertex -1.569683e+04 2.445839e+03 0.000000e+00
         vertex -1.569880e+04 2.443637e+03 0.000000e+00
      endloop
   endfacet
   facet normal -0.000000e+00 0.000000e+00 -1.000000e+00
      outer loop
         vertex -1.570747e+04 2.435179e+03 0.000000e+00
         vertex -1.570973e+04 2.433255e+03 0.000000e+00
         vertex -1.572125e+04 2.465000e+03 0.000000e+00
      endloop
   endfacet
   facet normal 0.000000e+00 0.000000e+00 -1.000000e+00
      outer loop
         vertex -1.572125e+04 2.465000e+03 0.000000e+00
         vertex -1.570973e+04 2.433255e+03 0.000000e+00
         vertex -1.570977e+04 2.433221e+03 0.000000e+00
      endloop
   endfacet
   facet normal -0.000000e+00 0.000000e+00 -1.000000e+00
      outer loop
         vertex -1.570977e+04 2.433221e+03 0.000000e+00
         vertex -1.571209e+04 2.431357e+03 0.000000e+00
         vertex -1.572125e+04 2.465000e+03 0.000000e+00
      endloop
   endfacet
   facet normal 0.000000e+00 0.000000e+00 -1.000000e+00
      outer loop
         vertex -1.572125e+04 2.465000e+03 0.000000e+00
         vertex -1.571209e+04 2.431357e+03 0.000000e+00
         vertex -1.571213e+04 2.431323e+03 0.000000e+00
      endloop
   endfacet
   facet normal 0.000000e+00 0.000000e+00 -1.000000e+00
      outer loop
         vertex -1.572125e+04 2.465000e+03 0.000000e+00
         vertex -1.571213e+04 2.431323e+03 0.000000e+00
         vertex -1.571449e+04 2.429521e+03 0.000000e+00
      endloop
   endfacet
   facet normal -0.000000e+00 0.000000e+00 -1.000000e+00
      outer loop
         vertex -1.571449e+04 2.429521e+03 0.000000e+00
         vertex -1.571454e+04 2.429489e+03 0.000000e+00
         vertex -1.572125e+04 2.465000e+03 0.000000e+00
      endloop
   endfacet
   facet normal 0.000000e+00 0.000000e+00 -1.000000e+00
      outer loop
         vertex -1.572125e+04 2.465000e+03 0.000000e+00
         vertex -1.571454e+04 2.429489e+03 0.000000e+00
         vertex -1.571695e+04 2.427749e+03 0.000000e+00
      endloop
   endfacet
   facet normal 0.000000e+00 0.000000e+00 -1.000000e+00
      outer loop
         vertex -1.572125e+04 2.465000e+03 0.000000e+00
         vertex -1.571695e+04 2.427749e+03 0.000000e+00
         vertex -1.571699e+04 2.427718e+03 0.000000e+00
      endloop
   endfacet
   facet normal -0.000000e+00 0.000000e+00 -1.000000e+00
      outer loop
         vertex -1.568941e+04 2.455358e+03 0.000000e+00
         vertex -1.568944e+04 2.455313e+03 0.000000e+00
         vertex -1.572125e+04 2.465000e+03 0.000000e+00
      endloop
   endfacet
   facet normal 0.000000e+00 0.000000e+00 -1.000000e+00
      outer loop
         vertex -1.572125e+04 2.465000e+03 0.000000e+00
         vertex -1.568944e+04 2.455313e+03 0.000000e+00
         vertex -1.569116e+04 2.452917e+03 0.000000e+00
      endloop
   endfacet
   facet normal 0.000000e+00 0.000000e+00 -1.000000e+00
      outer loop
         vertex -1.572125e+04 2.465000e+03 0.000000e+00
         vertex -1.569116e+04 2.452917e+03 0.000000e+00
         vertex -1.569119e+04 2.452873e+03 0.000000e+00
      endloop
   endfacet
   facet normal -0.000000e+00 0.000000e+00 -1.000000e+00
      outer loop
         vertex -1.569880e+04 2.443637e+03 0.000000e+00
         vertex -1.569884e+04 2.443597e+03 0.000000e+00
         vertex -1.572125e+04 2.465000e+03 0.000000e+00
      endloop
   endfacet
   facet normal 0.000000e+00 0.000000e+00 -1.000000e+00
      outer loop
         vertex -1.572125e+04 2.465000e+03 0.000000e+00
         vertex -1.569884e+04 2.443597e+03 0.000000e+00
         vertex -1.570087e+04 2.441447e+03 0.000000e+00
      endloop
   endfacet
   facet normal 0.000000e+00 0.000000e+00 -1.000000e+00
      outer loop
         vertex -1.572125e+04 2.465000e+03 0.000000e+00
         vertex -1.570087e+04 2.441447e+03 0.000000e+00
         vertex -1.570091e+04 2.441408e+03 0.000000e+00
      endloop
   endfacet
   facet normal -0.000000e+00 0.000000e+00 -1.000000e+00
      outer loop
         vertex -1.568750e+04 2.465000e+03 0.000000e+00
         vertex -1.568773e+04 2.457845e+03 0.000000e+00
         vertex -1.572125e+04 2.465000e+03 0.000000e+00
      endloop
   endfacet
   facet normal 0.000000e+00 0.000000e+00 -1.000000e+00
      outer loop
         vertex -1.572125e+04 2.465000e+03 0.000000e+00
         vertex -1.568773e+04 2.457845e+03 0.000000e+00
         vertex -1.568776e+04 2.457799e+03 0.000000e+00
      endloop
   endfacet
   facet normal 0.000000e+00 0.000000e+00 -1.000000e+00
      outer loop
         vertex -1.572125e+04 2.465000e+03 0.000000e+00
         vertex -1.568776e+04 2.457799e+03 0.000000e+00
         vertex -1.568941e+04 2.455358e+03 0.000000e+00
      endloop
   endfacet
   facet normal -0.000000e+00 0.000000e+00 -1.000000e+00
      outer loop
         vertex -1.570519e+04 2.437234e+03 0.000000e+00
         vertex -1.570523e+04 2.437197e+03 0.000000e+00
         vertex -1.572125e+04 2.465000e+03 0.000000e+00
      endloop
   endfacet
   facet normal 0.000000e+00 0.000000e+00 -1.000000e+00
      outer loop
         vertex -1.572125e+04 2.465000e+03 0.000000e+00
         vertex -1.570523e+04 2.437197e+03 0.000000e+00
         vertex -1.570743e+04 2.435215e+03 0.000000e+00
      endloop
   endfacet
   facet normal 0.000000e+00 0.000000e+00 -1.000000e+00
      outer loop
         vertex -1.572125e+04 2.465000e+03 0.000000e+00
         vertex -1.570743e+04 2.435215e+03 0.000000e+00
         vertex -1.570747e+04 2.435179e+03 0.000000e+00
      endloop
   endfacet
   facet normal -0.000000e+00 0.000000e+00 -1.000000e+00
      outer loop
         vertex -1.570091e+04 2.441408e+03 0.000000e+00
         vertex -1.570300e+04 2.439312e+03 0.000000e+00
         vertex -1.572125e+04 2.465000e+03 0.000000e+00
      endloop
   endfacet
   facet normal 0.000000e+00 0.000000e+00 -1.000000e+00
      outer loop
         vertex -1.572125e+04 2.465000e+03 0.000000e+00
         vertex -1.570300e+04 2.439312e+03 0.000000e+00
         vertex -1.570304e+04 2.439274e+03 0.000000e+00
      endloop
   endfacet
   facet normal 0.000000e+00 0.000000e+00 -1.000000e+00
      outer loop
         vertex -1.572125e+04 2.465000e+03 0.000000e+00
         vertex -1.570304e+04 2.439274e+03 0.000000e+00
         vertex -1.570519e+04 2.437234e+03 0.000000e+00
      endloop
   endfacet
   facet normal -0.000000e+00 0.000000e+00 -1.000000e+00
      outer loop
         vertex -1.568458e+04 2.462946e+03 0.000000e+00
         vertex -1.568461e+04 2.462899e+03 0.000000e+00
         vertex -1.568750e+04 2.465000e+03 0.000000e+00
      endloop
   endfacet
   facet normal 0.000000e+00 0.000000e+00 -1.000000e+00
      outer loop
         vertex -1.568750e+04 2.465000e+03 0.000000e+00
         vertex -1.568461e+04 2.462899e+03 0.000000e+00
         vertex -1.568612e+04 2.460375e+03 0.000000e+00
      endloop
   endfacet
   facet normal 0.000000e+00 0.000000e+00 -1.000000e+00
      outer loop
         vertex -1.568750e+04 2.465000e+03 0.000000e+00
         vertex -1.568612e+04 2.460375e+03 0.000000e+00
         vertex -1.568615e+04 2.460328e+03 0.000000e+00
      endloop
   endfacet
   facet normal -0.000000e+00 0.000000e+00 -1.000000e+00
      outer loop
         vertex -1.567202e+04 2.496269e+03 0.000000e+00
         vertex -1.567263e+04 2.493409e+03 0.000000e+00
         vertex -1.568750e+04 2.520000e+03 0.000000e+00
      endloop
   endfacet
   facet normal -0.000000e+00 0.000000e+00 -1.000000e+00
      outer loop
         vertex -1.567263e+04 2.493409e+03 0.000000e+00
         vertex -1.567264e+04 2.493355e+03 0.000000e+00
         vertex -1.568750e+04 2.520000e+03 0.000000e+00
      endloop
   endfacet
   facet normal 0.000000e+00 0.000000e+00 -1.000000e+00
      outer loop
         vertex -1.568750e+04 2.520000e+03 0.000000e+00
         vertex -1.567264e+04 2.493355e+03 0.000000e+00
         vertex -1.567333e+04 2.490512e+03 0.000000e+00
      endloop
   endfacet
   facet normal 0.000000e+00 0.000000e+00 -1.000000e+00
      outer loop
         vertex -1.568750e+04 2.520000e+03 0.000000e+00
         vertex -1.567333e+04 2.490512e+03 0.000000e+00
         vertex -1.567334e+04 2.490458e+03 0.000000e+00
      endloop
   endfacet
   facet normal 0.000000e+00 0.000000e+00 -1.000000e+00
      outer loop
         vertex -1.568175e+04 2.468157e+03 0.000000e+00
         vertex -1.568312e+04 2.465557e+03 0.000000e+00
         vertex -1.568750e+04 2.465000e+03 0.000000e+00
      endloop
   endfacet
   facet normal 0.000000e+00 0.000000e+00 -1.000000e+00
      outer loop
         vertex -1.568750e+04 2.465000e+03 0.000000e+00
         vertex -1.568312e+04 2.465557e+03 0.000000e+00
         vertex -1.568314e+04 2.465509e+03 0.000000e+00
      endloop
   endfacet
   facet normal 0.000000e+00 0.000000e+00 -1.000000e+00
      outer loop
         vertex -1.568750e+04 2.465000e+03 0.000000e+00
         vertex -1.568314e+04 2.465509e+03 0.000000e+00
         vertex -1.568458e+04 2.462946e+03 0.000000e+00
      endloop
   endfacet
   facet normal 0.000000e+00 -0.000000e+00 -1.000000e+00
      outer loop
         vertex -1.567016e+04 2.522920e+03 0.000000e+00
         vertex -1.567004e+04 2.520003e+03 0.000000e+00
         vertex -1.568750e+04 2.520000e+03 0.000000e+00
      endloop
   endfacet
   facet normal 0.000000e+00 0.000000e+00 -1.000000e+00
      outer loop
         vertex -1.568750e+04 2.520000e+03 0.000000e+00
         vertex -1.567004e+04 2.520003e+03 0.000000e+00
         vertex -1.567004e+04 2.519947e+03 0.000000e+00
      endloop
   endfacet
   facet normal 0.000000e+00 0.000000e+00 -1.000000e+00
      outer loop
         vertex -1.568750e+04 2.520000e+03 0.000000e+00
         vertex -1.567004e+04 2.519947e+03 0.000000e+00
         vertex -1.567000e+04 2.517028e+03 0.000000e+00
      endloop
   endfacet
   facet normal -0.000000e+00 -0.000000e+00 -1.000000e+00
      outer loop
         vertex -1.567000e+04 2.517028e+03 0.000000e+00
         vertex -1.567000e+04 2.516972e+03 0.000000e+00
         vertex -1.568750e+04 2.520000e+03 0.000000e+00
      endloop
   endfacet
   facet normal 0.000000e+00 0.000000e+00 -1.000000e+00
      outer loop
         vertex -1.568750e+04 2.520000e+03 0.000000e+00
         vertex -1.567000e+04 2.516972e+03 0.000000e+00
         vertex -1.567004e+04 2.514053e+03 0.000000e+00
      endloop
   endfacet
   facet normal 0.000000e+00 0.000000e+00 -1.000000e+00
      outer loop
         vertex -1.568750e+04 2.520000e+03 0.000000e+00
         vertex -1.567004e+04 2.514053e+03 0.000000e+00
         vertex -1.567004e+04 2.513997e+03 0.000000e+00
      endloop
   endfacet
   facet normal -0.000000e+00 0.000000e+00 -1.000000e+00
      outer loop
         vertex -1.567334e+04 2.490458e+03 0.000000e+00
         vertex -1.567410e+04 2.487634e+03 0.000000e+00
         vertex -1.568750e+04 2.520000e+03 0.000000e+00
      endloop
   endfacet
   facet normal 0.000000e+00 0.000000e+00 -1.000000e+00
      outer loop
         vertex -1.568750e+04 2.520000e+03 0.000000e+00
         vertex -1.567410e+04 2.487634e+03 0.000000e+00
         vertex -1.567412e+04 2.487580e+03 0.000000e+00
      endloop
   endfacet
   facet normal 0.000000e+00 0.000000e+00 -1.000000e+00
      outer loop
         vertex -1.568750e+04 2.520000e+03 0.000000e+00
         vertex -1.567412e+04 2.487580e+03 0.000000e+00
         vertex -1.567496e+04 2.484777e+03 0.000000e+00
      endloop
   endfacet
   facet normal -0.000000e+00 0.000000e+00 -1.000000e+00
      outer loop
         vertex -1.567496e+04 2.484777e+03 0.000000e+00
         vertex -1.567497e+04 2.484724e+03 0.000000e+00
         vertex -1.568750e+04 2.520000e+03 0.000000e+00
      endloop
   endfacet
   facet normal 0.000000e+00 0.000000e+00 -1.000000e+00
      outer loop
         vertex -1.568750e+04 2.520000e+03 0.000000e+00
         vertex -1.567497e+04 2.484724e+03 0.000000e+00
         vertex -1.567589e+04 2.481944e+03 0.000000e+00
      endloop
   endfacet
   facet normal 0.000000e+00 0.000000e+00 -1.000000e+00
      outer loop
         vertex -1.568750e+04 2.520000e+03 0.000000e+00
         vertex -1.567589e+04 2.481944e+03 0.000000e+00
         vertex -1.567591e+04 2.481892e+03 0.000000e+00
      endloop
   endfacet
   facet normal -0.000000e+00 0.000000e+00 -1.000000e+00
      outer loop
         vertex -1.567591e+04 2.481892e+03 0.000000e+00
         vertex -1.567690e+04 2.479137e+03 0.000000e+00
         vertex -1.568750e+04 2.520000e+03 0.000000e+00
      endloop
   endfacet
   facet normal 0.000000e+00 0.000000e+00 -1.000000e+00
      outer loop
         vertex -1.568750e+04 2.520000e+03 0.000000e+00
         vertex -1.567690e+04 2.479137e+03 0.000000e+00
         vertex -1.567692e+04 2.479086e+03 0.000000e+00
      endloop
   endfacet
   facet normal 0.000000e+00 0.000000e+00 -1.000000e+00
      outer loop
         vertex -1.568750e+04 2.520000e+03 0.000000e+00
         vertex -1.567692e+04 2.479086e+03 0.000000e+00
         vertex -1.567800e+04 2.476358e+03 0.000000e+00
      endloop
   endfacet
   facet normal -0.000000e+00 0.000000e+00 -1.000000e+00
      outer loop
         vertex -1.567800e+04 2.476358e+03 0.000000e+00
         vertex -1.567802e+04 2.476307e+03 0.000000e+00
         vertex -1.568750e+04 2.520000e+03 0.000000e+00
      endloop
   endfacet
   facet normal 0.000000e+00 0.000000e+00 -1.000000e+00
      outer loop
         vertex -1.568750e+04 2.520000e+03 0.000000e+00
         vertex -1.567802e+04 2.476307e+03 0.000000e+00
         vertex -1.567916e+04 2.473608e+03 0.000000e+00
      endloop
   endfacet
   facet normal 0.000000e+00 0.000000e+00 -1.000000e+00
      outer loop
         vertex -1.568750e+04 2.520000e+03 0.000000e+00
         vertex -1.567916e+04 2.473608e+03 0.000000e+00
         vertex -1.567919e+04 2.473558e+03 0.000000e+00
      endloop
   endfacet
   facet normal -0.000000e+00 0.000000e+00 -1.000000e+00
      outer loop
         vertex -1.567004e+04 2.513997e+03 0.000000e+00
         vertex -1.567016e+04 2.511080e+03 0.000000e+00
         vertex -1.568750e+04 2.520000e+03 0.000000e+00
      endloop
   endfacet
   facet normal 0.000000e+00 0.000000e+00 -1.000000e+00
      outer loop
         vertex -1.568750e+04 2.520000e+03 0.000000e+00
         vertex -1.567016e+04 2.511080e+03 0.000000e+00
         vertex -1.567017e+04 2.511024e+03 0.000000e+00
      endloop
   endfacet
   facet normal 0.000000e+00 0.000000e+00 -1.000000e+00
      outer loop
         vertex -1.568750e+04 2.520000e+03 0.000000e+00
         vertex -1.567017e+04 2.511024e+03 0.000000e+00
         vertex -1.567037e+04 2.508111e+03 0.000000e+00
      endloop
   endfacet
   facet normal -0.000000e+00 0.000000e+00 -1.000000e+00
      outer loop
         vertex -1.567037e+04 2.508111e+03 0.000000e+00
         vertex -1.567037e+04 2.508056e+03 0.000000e+00
         vertex -1.568750e+04 2.520000e+03 0.000000e+00
      endloop
   endfacet
   facet normal 0.000000e+00 0.000000e+00 -1.000000e+00
      outer loop
         vertex -1.568750e+04 2.520000e+03 0.000000e+00
         vertex -1.567037e+04 2.508056e+03 0.000000e+00
         vertex -1.567066e+04 2.505149e+03 0.000000e+00
      endloop
   endfacet
   facet normal 0.000000e+00 0.000000e+00 -1.000000e+00
      outer loop
         vertex -1.568750e+04 2.520000e+03 0.000000e+00
         vertex -1.567066e+04 2.505149e+03 0.000000e+00
         vertex -1.567066e+04 2.505094e+03 0.000000e+00
      endloop
   endfacet
   facet normal -0.000000e+00 0.000000e+00 -1.000000e+00
      outer loop
         vertex -1.567148e+04 2.499253e+03 0.000000e+00
         vertex -1.567149e+04 2.499198e+03 0.000000e+00
         vertex -1.568750e+04 2.520000e+03 0.000000e+00
      endloop
   endfacet
   facet normal 0.000000e+00 0.000000e+00 -1.000000e+00
      outer loop
         vertex -1.568750e+04 2.520000e+03 0.000000e+00
         vertex -1.567149e+04 2.499198e+03 0.000000e+00
         vertex -1.567202e+04 2.496323e+03 0.000000e+00
      endloop
   endfacet
   facet normal 0.000000e+00 0.000000e+00 -1.000000e+00
      outer loop
         vertex -1.568750e+04 2.520000e+03 0.000000e+00
         vertex -1.567202e+04 2.496323e+03 0.000000e+00
         vertex -1.567202e+04 2.496269e+03 0.000000e+00
      endloop
   endfacet
   facet normal -0.000000e+00 0.000000e+00 -1.000000e+00
      outer loop
         vertex -1.567919e+04 2.473558e+03 0.000000e+00
         vertex -1.568041e+04 2.470890e+03 0.000000e+00
         vertex -1.568750e+04 2.520000e+03 0.000000e+00
      endloop
   endfacet
   facet normal 0.000000e+00 0.000000e+00 -1.000000e+00
      outer loop
         vertex -1.568750e+04 2.520000e+03 0.000000e+00
         vertex -1.568041e+04 2.470890e+03 0.000000e+00
         vertex -1.568043e+04 2.470840e+03 0.000000e+00
      endloop
   endfacet
   facet normal 0.000000e+00 0.000000e+00 -1.000000e+00
      outer loop
         vertex -1.568750e+04 2.520000e+03 0.000000e+00
         vertex -1.568043e+04 2.470840e+03 0.000000e+00
         vertex -1.568750e+04 2.465000e+03 0.000000e+00
      endloop
   endfacet
   facet normal 0.000000e+00 0.000000e+00 -1.000000e+00
      outer loop
         vertex -1.568750e+04 2.465000e+03 0.000000e+00
         vertex -1.568043e+04 2.470840e+03 0.000000e+00
         vertex -1.568173e+04 2.468206e+03 0.000000e+00
      endloop
   endfacet
   facet normal 0.000000e+00 0.000000e+00 -1.000000e+00
      outer loop
         vertex -1.568750e+04 2.465000e+03 0.000000e+00
         vertex -1.568173e+04 2.468206e+03 0.000000e+00
         vertex -1.568175e+04 2.468157e+03 0.000000e+00
      endloop
   endfacet
   facet normal -0.000000e+00 0.000000e+00 -1.000000e+00
      outer loop
         vertex -1.567066e+04 2.505094e+03 0.000000e+00
         vertex -1.567103e+04 2.502196e+03 0.000000e+00
         vertex -1.568750e+04 2.520000e+03 0.000000e+00
      endloop
   endfacet
   facet normal 0.000000e+00 0.000000e+00 -1.000000e+00
      outer loop
         vertex -1.568750e+04 2.520000e+03 0.000000e+00
         vertex -1.567103e+04 2.502196e+03 0.000000e+00
         vertex -1.567104e+04 2.502141e+03 0.000000e+00
      endloop
   endfacet
   facet normal 0.000000e+00 0.000000e+00 -1.000000e+00
      outer loop
         vertex -1.568750e+04 2.520000e+03 0.000000e+00
         vertex -1.567104e+04 2.502141e+03 0.000000e+00
         vertex -1.567148e+04 2.499253e+03 0.000000e+00
      endloop
   endfacet
   facet normal 0.000000e+00 -0.000000e+00 -1.000000e+00
      outer loop
         vertex -1.567066e+04 2.528851e+03 0.000000e+00
         vertex -1.567037e+04 2.525944e+03 0.000000e+00
         vertex -1.568750e+04 2.520000e+03 0.000000e+00
      endloop
   endfacet
   facet normal 0.000000e+00 -0.000000e+00 -1.000000e+00
      outer loop
         vertex -1.567334e+04 2.543542e+03 0.000000e+00
         vertex -1.567333e+04 2.543488e+03 0.000000e+00
         vertex -1.568750e+04 2.520000e+03 0.000000e+00
      endloop
   endfacet
   facet normal 0.000000e+00 0.000000e+00 -1.000000e+00
      outer loop
         vertex -1.568750e+04 2.520000e+03 0.000000e+00
         vertex -1.567333e+04 2.543488e+03 0.000000e+00
         vertex -1.567264e+04 2.540645e+03 0.000000e+00
      endloop
   endfacet
   facet normal 0.000000e+00 -0.000000e+00 -1.000000e+00
      outer loop
         vertex -1.567264e+04 2.540645e+03 0.000000e+00
         vertex -1.567263e+04 2.540591e+03 0.000000e+00
         vertex -1.568750e+04 2.520000e+03 0.000000e+00
      endloop
   endfacet
   facet normal 0.000000e+00 0.000000e+00 -1.000000e+00
      outer loop
         vertex -1.568750e+04 2.520000e+03 0.000000e+00
         vertex -1.567263e+04 2.540591e+03 0.000000e+00
         vertex -1.567202e+04 2.537731e+03 0.000000e+00
      endloop
   endfacet
   facet normal 0.000000e+00 0.000000e+00 -1.000000e+00
      outer loop
         vertex -1.568750e+04 2.520000e+03 0.000000e+00
         vertex -1.567202e+04 2.537731e+03 0.000000e+00
         vertex -1.567202e+04 2.537677e+03 0.000000e+00
      endloop
   endfacet
   facet normal 0.000000e+00 0.000000e+00 -1.000000e+00
      outer loop
         vertex -1.568750e+04 2.575000e+03 0.000000e+00
         vertex -1.568615e+04 2.573672e+03 0.000000e+00
         vertex -1.568750e+04 2.520000e+03 0.000000e+00
      endloop
   endfacet
   facet normal 0.000000e+00 0.000000e+00 -1.000000e+00
      outer loop
         vertex -1.568750e+04 2.520000e+03 0.000000e+00
         vertex -1.568615e+04 2.573672e+03 0.000000e+00
         vertex -1.568612e+04 2.573625e+03 0.000000e+00
      endloop
   endfacet
   facet normal 0.000000e+00 0.000000e+00 -1.000000e+00
      outer loop
         vertex -1.568750e+04 2.520000e+03 0.000000e+00
         vertex -1.568612e+04 2.573625e+03 0.000000e+00
         vertex -1.568461e+04 2.571101e+03 0.000000e+00
      endloop
   endfacet
   facet normal 0.000000e+00 -0.000000e+00 -1.000000e+00
      outer loop
         vertex -1.567916e+04 2.560392e+03 0.000000e+00
         vertex -1.567802e+04 2.557693e+03 0.000000e+00
         vertex -1.568750e+04 2.520000e+03 0.000000e+00
      endloop
   endfacet
   facet normal 0.000000e+00 0.000000e+00 -1.000000e+00
      outer loop
         vertex -1.568750e+04 2.520000e+03 0.000000e+00
         vertex -1.567802e+04 2.557693e+03 0.000000e+00
         vertex -1.567800e+04 2.557642e+03 0.000000e+00
      endloop
   endfacet
   facet normal 0.000000e+00 -0.000000e+00 -1.000000e+00
      outer loop
         vertex -1.568461e+04 2.571101e+03 0.000000e+00
         vertex -1.568458e+04 2.571054e+03 0.000000e+00
         vertex -1.568750e+04 2.520000e+03 0.000000e+00
      endloop
   endfacet
   facet normal 0.000000e+00 0.000000e+00 -1.000000e+00
      outer loop
         vertex -1.568750e+04 2.520000e+03 0.000000e+00
         vertex -1.568458e+04 2.571054e+03 0.000000e+00
         vertex -1.568314e+04 2.568491e+03 0.000000e+00
      endloop
   endfacet
   facet normal 0.000000e+00 0.000000e+00 -1.000000e+00
      outer loop
         vertex -1.568750e+04 2.520000e+03 0.000000e+00
         vertex -1.568314e+04 2.568491e+03 0.000000e+00
         vertex -1.568312e+04 2.568443e+03 0.000000e+00
      endloop
   endfacet
   facet normal 0.000000e+00 -0.000000e+00 -1.000000e+00
      outer loop
         vertex -1.567800e+04 2.557642e+03 0.000000e+00
         vertex -1.567692e+04 2.554914e+03 0.000000e+00
         vertex -1.568750e+04 2.520000e+03 0.000000e+00
      endloop
   endfacet
   facet normal 0.000000e+00 0.000000e+00 -1.000000e+00
      outer loop
         vertex -1.568750e+04 2.520000e+03 0.000000e+00
         vertex -1.567692e+04 2.554914e+03 0.000000e+00
         vertex -1.567690e+04 2.554863e+03 0.000000e+00
      endloop
   endfacet
   facet normal 0.000000e+00 0.000000e+00 -1.000000e+00
      outer loop
         vertex -1.568750e+04 2.520000e+03 0.000000e+00
         vertex -1.567690e+04 2.554863e+03 0.000000e+00
         vertex -1.567591e+04 2.552108e+03 0.000000e+00
      endloop
   endfacet
   facet normal 0.000000e+00 -0.000000e+00 -1.000000e+00
      outer loop
         vertex -1.567591e+04 2.552108e+03 0.000000e+00
         vertex -1.567589e+04 2.552056e+03 0.000000e+00
         vertex -1.568750e+04 2.520000e+03 0.000000e+00
      endloop
   endfacet
   facet normal 0.000000e+00 0.000000e+00 -1.000000e+00
      outer loop
         vertex -1.568750e+04 2.520000e+03 0.000000e+00
         vertex -1.567589e+04 2.552056e+03 0.000000e+00
         vertex -1.567497e+04 2.549276e+03 0.000000e+00
      endloop
   endfacet
   facet normal 0.000000e+00 0.000000e+00 -1.000000e+00
      outer loop
         vertex -1.568750e+04 2.520000e+03 0.000000e+00
         vertex -1.567497e+04 2.549276e+03 0.000000e+00
         vertex -1.567496e+04 2.549223e+03 0.000000e+00
      endloop
   endfacet
   facet normal 0.000000e+00 -0.000000e+00 -1.000000e+00
      outer loop
         vertex -1.567496e+04 2.549223e+03 0.000000e+00
         vertex -1.567412e+04 2.546420e+03 0.000000e+00
         vertex -1.568750e+04 2.520000e+03 0.000000e+00
      endloop
   endfacet
   facet normal 0.000000e+00 0.000000e+00 -1.000000e+00
      outer loop
         vertex -1.568750e+04 2.520000e+03 0.000000e+00
         vertex -1.567412e+04 2.546420e+03 0.000000e+00
         vertex -1.567410e+04 2.546366e+03 0.000000e+00
      endloop
   endfacet
   facet normal 0.000000e+00 0.000000e+00 -1.000000e+00
      outer loop
         vertex -1.568750e+04 2.520000e+03 0.000000e+00
         vertex -1.567410e+04 2.546366e+03 0.000000e+00
         vertex -1.567334e+04 2.543542e+03 0.000000e+00
      endloop
   endfacet
   facet normal 0.000000e+00 -0.000000e+00 -1.000000e+00
      outer loop
         vertex -1.567202e+04 2.537677e+03 0.000000e+00
         vertex -1.567149e+04 2.534802e+03 0.000000e+00
         vertex -1.568750e+04 2.520000e+03 0.000000e+00
      endloop
   endfacet
   facet normal 0.000000e+00 0.000000e+00 -1.000000e+00
      outer loop
         vertex -1.568750e+04 2.520000e+03 0.000000e+00
         vertex -1.567149e+04 2.534802e+03 0.000000e+00
         vertex -1.567148e+04 2.534747e+03 0.000000e+00
      endloop
   endfacet
   facet normal 0.000000e+00 0.000000e+00 -1.000000e+00
      outer loop
         vertex -1.568750e+04 2.520000e+03 0.000000e+00
         vertex -1.567148e+04 2.534747e+03 0.000000e+00
         vertex -1.567104e+04 2.531859e+03 0.000000e+00
      endloop
   endfacet
   facet normal 0.000000e+00 -0.000000e+00 -1.000000e+00
      outer loop
         vertex -1.567037e+04 2.525944e+03 0.000000e+00
         vertex -1.567037e+04 2.525889e+03 0.000000e+00
         vertex -1.568750e+04 2.520000e+03 0.000000e+00
      endloop
   endfacet
   facet normal 0.000000e+00 0.000000e+00 -1.000000e+00
      outer loop
         vertex -1.568750e+04 2.520000e+03 0.000000e+00
         vertex -1.567037e+04 2.525889e+03 0.000000e+00
         vertex -1.567017e+04 2.522976e+03 0.000000e+00
      endloop
   endfacet
   facet normal 0.000000e+00 0.000000e+00 -1.000000e+00
      outer loop
         vertex -1.568750e+04 2.520000e+03 0.000000e+00
         vertex -1.567017e+04 2.522976e+03 0.000000e+00
         vertex -1.567016e+04 2.522920e+03 0.000000e+00
      endloop
   endfacet
   facet normal 0.000000e+00 -0.000000e+00 -1.000000e+00
      outer loop
         vertex -1.568312e+04 2.568443e+03 0.000000e+00
         vertex -1.568175e+04 2.565843e+03 0.000000e+00
         vertex -1.568750e+04 2.520000e+03 0.000000e+00
      endloop
   endfacet
   facet normal 0.000000e+00 0.000000e+00 -1.000000e+00
      outer loop
         vertex -1.568750e+04 2.520000e+03 0.000000e+00
         vertex -1.568175e+04 2.565843e+03 0.000000e+00
         vertex -1.568173e+04 2.565794e+03 0.000000e+00
      endloop
   endfacet
   facet normal 0.000000e+00 0.000000e+00 -1.000000e+00
      outer loop
         vertex -1.568750e+04 2.520000e+03 0.000000e+00
         vertex -1.568173e+04 2.565794e+03 0.000000e+00
         vertex -1.568043e+04 2.563160e+03 0.000000e+00
      endloop
   endfacet
   facet normal 0.000000e+00 -0.000000e+00 -1.000000e+00
      outer loop
         vertex -1.568043e+04 2.563160e+03 0.000000e+00
         vertex -1.568041e+04 2.563110e+03 0.000000e+00
         vertex -1.568750e+04 2.520000e+03 0.000000e+00
      endloop
   endfacet
   facet normal 0.000000e+00 0.000000e+00 -1.000000e+00
      outer loop
         vertex -1.568750e+04 2.520000e+03 0.000000e+00
         vertex -1.568041e+04 2.563110e+03 0.000000e+00
         vertex -1.567919e+04 2.560442e+03 0.000000e+00
      endloop
   endfacet
   facet normal 0.000000e+00 0.000000e+00 -1.000000e+00
      outer loop
         vertex -1.568750e+04 2.520000e+03 0.000000e+00
         vertex -1.567919e+04 2.560442e+03 0.000000e+00
         vertex -1.567916e+04 2.560392e+03 0.000000e+00
      endloop
   endfacet
   facet normal 0.000000e+00 -0.000000e+00 -1.000000e+00
      outer loop
         vertex -1.567104e+04 2.531859e+03 0.000000e+00
         vertex -1.567103e+04 2.531804e+03 0.000000e+00
         vertex -1.568750e+04 2.520000e+03 0.000000e+00
      endloop
   endfacet
   facet normal 0.000000e+00 0.000000e+00 -1.000000e+00
      outer loop
         vertex -1.568750e+04 2.520000e+03 0.000000e+00
         vertex -1.567103e+04 2.531804e+03 0.000000e+00
         vertex -1.567066e+04 2.528906e+03 0.000000e+00
      endloop
   endfacet
   facet normal 0.000000e+00 0.000000e+00 -1.000000e+00
      outer loop
         vertex -1.568750e+04 2.520000e+03 0.000000e+00
         vertex -1.567066e+04 2.528906e+03 0.000000e+00
         vertex -1.567066e+04 2.528851e+03 0.000000e+00
      endloop
   endfacet
   facet normal 0.000000e+00 -0.000000e+00 -1.000000e+00
      outer loop
         vertex -1.569300e+04 2.583521e+03 0.000000e+00
         vertex -1.569297e+04 2.583478e+03 0.000000e+00
         vertex -1.572125e+04 2.575000e+03 0.000000e+00
      endloop
   endfacet
   facet normal 0.000000e+00 0.000000e+00 -1.000000e+00
      outer loop
         vertex -1.572125e+04 2.575000e+03 0.000000e+00
         vertex -1.571945e+04 2.607957e+03 0.000000e+00
         vertex -1.571699e+04 2.606282e+03 0.000000e+00
      endloop
   endfacet
   facet normal 0.000000e+00 -0.000000e+00 -1.000000e+00
      outer loop
         vertex -1.570087e+04 2.592553e+03 0.000000e+00
         vertex -1.569884e+04 2.590403e+03 0.000000e+00
         vertex -1.572125e+04 2.575000e+03 0.000000e+00
      endloop
   endfacet
   facet normal 0.000000e+00 -0.000000e+00 -1.000000e+00
      outer loop
         vertex -1.571699e+04 2.606282e+03 0.000000e+00
         vertex -1.571695e+04 2.606251e+03 0.000000e+00
         vertex -1.572125e+04 2.575000e+03 0.000000e+00
      endloop
   endfacet
   facet normal 0.000000e+00 0.000000e+00 -1.000000e+00
      outer loop
         vertex -1.572125e+04 2.575000e+03 0.000000e+00
         vertex -1.571695e+04 2.606251e+03 0.000000e+00
         vertex -1.571454e+04 2.604511e+03 0.000000e+00
      endloop
   endfacet
   facet normal 0.000000e+00 0.000000e+00 -1.000000e+00
      outer loop
         vertex -1.572125e+04 2.575000e+03 0.000000e+00
         vertex -1.571454e+04 2.604511e+03 0.000000e+00
         vertex -1.571449e+04 2.604479e+03 0.000000e+00
      endloop
   endfacet
   facet normal 0.000000e+00 -0.000000e+00 -1.000000e+00
      outer loop
         vertex -1.571449e+04 2.604479e+03 0.000000e+00
         vertex -1.571213e+04 2.602677e+03 0.000000e+00
         vertex -1.572125e+04 2.575000e+03 0.000000e+00
      endloop
   endfacet
   facet normal 0.000000e+00 0.000000e+00 -1.000000e+00
      outer loop
         vertex -1.572125e+04 2.575000e+03 0.000000e+00
         vertex -1.571213e+04 2.602677e+03 0.000000e+00
         vertex -1.571209e+04 2.602643e+03 0.000000e+00
      endloop
   endfacet
   facet normal 0.000000e+00 0.000000e+00 -1.000000e+00
      outer loop
         vertex -1.572125e+04 2.575000e+03 0.000000e+00
         vertex -1.571209e+04 2.602643e+03 0.000000e+00
         vertex -1.570977e+04 2.600779e+03 0.000000e+00
      endloop
   endfacet
   facet normal 0.000000e+00 -0.000000e+00 -1.000000e+00
      outer loop
         vertex -1.570977e+04 2.600779e+03 0.000000e+00
         vertex -1.570973e+04 2.600745e+03 0.000000e+00
         vertex -1.572125e+04 2.575000e+03 0.000000e+00
      endloop
   endfacet
   facet normal 0.000000e+00 0.000000e+00 -1.000000e+00
      outer loop
         vertex -1.572125e+04 2.575000e+03 0.000000e+00
         vertex -1.570973e+04 2.600745e+03 0.000000e+00
         vertex -1.570747e+04 2.598821e+03 0.000000e+00
      endloop
   endfacet
   facet normal 0.000000e+00 0.000000e+00 -1.000000e+00
      outer loop
         vertex -1.572125e+04 2.575000e+03 0.000000e+00
         vertex -1.570747e+04 2.598821e+03 0.000000e+00
         vertex -1.570743e+04 2.598785e+03 0.000000e+00
      endloop
   endfacet
   facet normal 0.000000e+00 -0.000000e+00 -1.000000e+00
      outer loop
         vertex -1.569884e+04 2.590403e+03 0.000000e+00
         vertex -1.569880e+04 2.590363e+03 0.000000e+00
         vertex -1.572125e+04 2.575000e+03 0.000000e+00
      endloop
   endfacet
   facet normal 0.000000e+00 0.000000e+00 -1.000000e+00
      outer loop
         vertex -1.572125e+04 2.575000e+03 0.000000e+00
         vertex -1.569880e+04 2.590363e+03 0.000000e+00
         vertex -1.569683e+04 2.588161e+03 0.000000e+00
      endloop
   endfacet
   facet normal 0.000000e+00 0.000000e+00 -1.000000e+00
      outer loop
         vertex -1.572125e+04 2.575000e+03 0.000000e+00
         vertex -1.569683e+04 2.588161e+03 0.000000e+00
         vertex -1.569680e+04 2.588120e+03 0.000000e+00
      endloop
   endfacet
   facet normal 0.000000e+00 -0.000000e+00 -1.000000e+00
      outer loop
         vertex -1.569680e+04 2.588120e+03 0.000000e+00
         vertex -1.569489e+04 2.585866e+03 0.000000e+00
         vertex -1.572125e+04 2.575000e+03 0.000000e+00
      endloop
   endfacet
   facet normal 0.000000e+00 0.000000e+00 -1.000000e+00
      outer loop
         vertex -1.572125e+04 2.575000e+03 0.000000e+00
         vertex -1.569489e+04 2.585866e+03 0.000000e+00
         vertex -1.569485e+04 2.585824e+03 0.000000e+00
      endloop
   endfacet
   facet normal 0.000000e+00 0.000000e+00 -1.000000e+00
      outer loop
         vertex -1.572125e+04 2.575000e+03 0.000000e+00
         vertex -1.569485e+04 2.585824e+03 0.000000e+00
         vertex -1.569300e+04 2.583521e+03 0.000000e+00
      endloop
   endfacet
   facet normal 0.000000e+00 -0.000000e+00 -1.000000e+00
      outer loop
         vertex -1.569297e+04 2.583478e+03 0.000000e+00
         vertex -1.569119e+04 2.581127e+03 0.000000e+00
         vertex -1.572125e+04 2.575000e+03 0.000000e+00
      endloop
   endfacet
   facet normal 0.000000e+00 0.000000e+00 -1.000000e+00
      outer loop
         vertex -1.572125e+04 2.575000e+03 0.000000e+00
         vertex -1.569119e+04 2.581127e+03 0.000000e+00
         vertex -1.569116e+04 2.581083e+03 0.000000e+00
      endloop
   endfacet
   facet normal 0.000000e+00 0.000000e+00 -1.000000e+00
      outer loop
         vertex -1.572125e+04 2.575000e+03 0.000000e+00
         vertex -1.569116e+04 2.581083e+03 0.000000e+00
         vertex -1.568944e+04 2.578687e+03 0.000000e+00
      endloop
   endfacet
   facet normal 0.000000e+00 -0.000000e+00 -1.000000e+00
      outer loop
         vertex -1.570743e+04 2.598785e+03 0.000000e+00
         vertex -1.570523e+04 2.596803e+03 0.000000e+00
         vertex -1.572125e+04 2.575000e+03 0.000000e+00
      endloop
   endfacet
   facet normal 0.000000e+00 0.000000e+00 -1.000000e+00
      outer loop
         vertex -1.572125e+04 2.575000e+03 0.000000e+00
         vertex -1.570523e+04 2.596803e+03 0.000000e+00
         vertex -1.570519e+04 2.596766e+03 0.000000e+00
      endloop
   endfacet
   facet normal 0.000000e+00 0.000000e+00 -1.000000e+00
      outer loop
         vertex -1.572125e+04 2.575000e+03 0.000000e+00
         vertex -1.570519e+04 2.596766e+03 0.000000e+00
         vertex -1.570304e+04 2.594726e+03 0.000000e+00
      endloop
   endfacet
   facet normal 0.000000e+00 -0.000000e+00 -1.000000e+00
      outer loop
         vertex -1.568944e+04 2.578687e+03 0.000000e+00
         vertex -1.568941e+04 2.578642e+03 0.000000e+00
         vertex -1.572125e+04 2.575000e+03 0.000000e+00
      endloop
   endfacet
   facet normal 0.000000e+00 0.000000e+00 -1.000000e+00
      outer loop
         vertex -1.572125e+04 2.575000e+03 0.000000e+00
         vertex -1.568941e+04 2.578642e+03 0.000000e+00
         vertex -1.568776e+04 2.576201e+03 0.000000e+00
      endloop
   endfacet
   facet normal 0.000000e+00 0.000000e+00 -1.000000e+00
      outer loop
         vertex -1.572125e+04 2.575000e+03 0.000000e+00
         vertex -1.568776e+04 2.576201e+03 0.000000e+00
         vertex -1.568750e+04 2.575000e+03 0.000000e+00
      endloop
   endfacet
   facet normal 0.000000e+00 0.000000e+00 -1.000000e+00
      outer loop
         vertex -1.568750e+04 2.575000e+03 0.000000e+00
         vertex -1.568776e+04 2.576201e+03 0.000000e+00
         vertex -1.568773e+04 2.576155e+03 0.000000e+00
      endloop
   endfacet
   facet normal 0.000000e+00 0.000000e+00 -1.000000e+00
      outer loop
         vertex -1.568750e+04 2.575000e+03 0.000000e+00
         vertex -1.568773e+04 2.576155e+03 0.000000e+00
         vertex -1.568615e+04 2.573672e+03 0.000000e+00
      endloop
   endfacet
   facet normal 0.000000e+00 -0.000000e+00 -1.000000e+00
      outer loop
         vertex -1.570304e+04 2.594726e+03 0.000000e+00
         vertex -1.570300e+04 2.594688e+03 0.000000e+00
         vertex -1.572125e+04 2.575000e+03 0.000000e+00
      endloop
   endfacet
   facet normal 0.000000e+00 0.000000e+00 -1.000000e+00
      outer loop
         vertex -1.572125e+04 2.575000e+03 0.000000e+00
         vertex -1.570300e+04 2.594688e+03 0.000000e+00
         vertex -1.570091e+04 2.592592e+03 0.000000e+00
      endloop
   endfacet
   facet normal 0.000000e+00 0.000000e+00 -1.000000e+00
      outer loop
         vertex -1.572125e+04 2.575000e+03 0.000000e+00
         vertex -1.570091e+04 2.592592e+03 0.000000e+00
         vertex -1.570087e+04 2.592553e+03 0.000000e+00
      endloop
   endfacet
   facet normal 0.000000e+00 0.000000e+00 -1.000000e+00
      outer loop
         vertex -1.573750e+04 2.600000e+03 0.000000e+00
         vertex -1.573250e+04 2.600000e+03 0.000000e+00
         vertex -1.572125e+04 2.575000e+03 0.000000e+00
      endloop
   endfacet
   facet normal 0.000000e+00 0.000000e+00 -1.000000e+00
      outer loop
         vertex -1.574875e+04 2.575000e+03 0.000000e+00
         vertex -1.574964e+04 2.622097e+03 0.000000e+00
         vertex -1.573750e+04 2.605000e+03 0.000000e+00
      endloop
   endfacet
   facet normal 0.000000e+00 0.000000e+00 -1.000000e+00
      outer loop
         vertex -1.573750e+04 2.605000e+03 0.000000e+00
         vertex -1.574964e+04 2.622097e+03 0.000000e+00
         vertex -1.574678e+04 2.621196e+03 0.000000e+00
      endloop
   endfacet
   facet normal 0.000000e+00 0.000000e+00 -1.000000e+00
      outer loop
         vertex -1.573250e+04 2.605000e+03 0.000000e+00
         vertex -1.572464e+04 2.611196e+03 0.000000e+00
         vertex -1.573250e+04 2.600000e+03 0.000000e+00
      endloop
   endfacet
   facet normal 0.000000e+00 0.000000e+00 -1.000000e+00
      outer loop
         vertex -1.573250e+04 2.600000e+03 0.000000e+00
         vertex -1.572464e+04 2.611196e+03 0.000000e+00
         vertex -1.572460e+04 2.611169e+03 0.000000e+00
      endloop
   endfacet
   facet normal 0.000000e+00 -0.000000e+00 -1.000000e+00
      outer loop
         vertex -1.572460e+04 2.611169e+03 0.000000e+00
         vertex -1.572205e+04 2.609625e+03 0.000000e+00
         vertex -1.573250e+04 2.600000e+03 0.000000e+00
      endloop
   endfacet
   facet normal 0.000000e+00 0.000000e+00 -1.000000e+00
      outer loop
         vertex -1.573250e+04 2.600000e+03 0.000000e+00
         vertex -1.572205e+04 2.609625e+03 0.000000e+00
         vertex -1.572200e+04 2.609597e+03 0.000000e+00
      endloop
   endfacet
   facet normal 0.000000e+00 0.000000e+00 -1.000000e+00
      outer loop
         vertex -1.573250e+04 2.600000e+03 0.000000e+00
         vertex -1.572200e+04 2.609597e+03 0.000000e+00
         vertex -1.572125e+04 2.575000e+03 0.000000e+00
      endloop
   endfacet
   facet normal 0.000000e+00 0.000000e+00 -1.000000e+00
      outer loop
         vertex -1.572125e+04 2.575000e+03 0.000000e+00
         vertex -1.572200e+04 2.609597e+03 0.000000e+00
         vertex -1.571950e+04 2.607987e+03 0.000000e+00
      endloop
   endfacet
   facet normal 0.000000e+00 0.000000e+00 -1.000000e+00
      outer loop
         vertex -1.572125e+04 2.575000e+03 0.000000e+00
         vertex -1.571950e+04 2.607987e+03 0.000000e+00
         vertex -1.571945e+04 2.607957e+03 0.000000e+00
      endloop
   endfacet
   facet normal 0.000000e+00 -0.000000e+00 -1.000000e+00
      outer loop
         vertex -1.572991e+04 2.614106e+03 0.000000e+00
         vertex -1.572728e+04 2.612698e+03 0.000000e+00
         vertex -1.573250e+04 2.605000e+03 0.000000e+00
      endloop
   endfacet
   facet normal 0.000000e+00 0.000000e+00 -1.000000e+00
      outer loop
         vertex -1.573250e+04 2.605000e+03 0.000000e+00
         vertex -1.572728e+04 2.612698e+03 0.000000e+00
         vertex -1.572724e+04 2.612672e+03 0.000000e+00
      endloop
   endfacet
   facet normal 0.000000e+00 0.000000e+00 -1.000000e+00
      outer loop
         vertex -1.573250e+04 2.605000e+03 0.000000e+00
         vertex -1.572724e+04 2.612672e+03 0.000000e+00
         vertex -1.572464e+04 2.611196e+03 0.000000e+00
      endloop
   endfacet
   facet normal 0.000000e+00 0.000000e+00 -1.000000e+00
      outer loop
         vertex -1.574678e+04 2.621196e+03 0.000000e+00
         vertex -1.574673e+04 2.621180e+03 0.000000e+00
         vertex -1.573750e+04 2.605000e+03 0.000000e+00
      endloop
   endfacet
   facet normal 0.000000e+00 0.000000e+00 -1.000000e+00
      outer loop
         vertex -1.573750e+04 2.605000e+03 0.000000e+00
         vertex -1.574673e+04 2.621180e+03 0.000000e+00
         vertex -1.574390e+04 2.620205e+03 0.000000e+00
      endloop
   endfacet
   facet normal 0.000000e+00 0.000000e+00 -1.000000e+00
      outer loop
         vertex -1.573750e+04 2.605000e+03 0.000000e+00
         vertex -1.574390e+04 2.620205e+03 0.000000e+00
         vertex -1.574385e+04 2.620187e+03 0.000000e+00
      endloop
   endfacet
   facet normal 0.000000e+00 0.000000e+00 -1.000000e+00
      outer loop
         vertex -1.574385e+04 2.620187e+03 0.000000e+00
         vertex -1.574105e+04 2.619137e+03 0.000000e+00
         vertex -1.573750e+04 2.605000e+03 0.000000e+00
      endloop
   endfacet
   facet normal 0.000000e+00 0.000000e+00 -1.000000e+00
      outer loop
         vertex -1.573750e+04 2.605000e+03 0.000000e+00
         vertex -1.574105e+04 2.619137e+03 0.000000e+00
         vertex -1.574100e+04 2.619118e+03 0.000000e+00
      endloop
   endfacet
   facet normal 0.000000e+00 0.000000e+00 -1.000000e+00
      outer loop
         vertex -1.573750e+04 2.605000e+03 0.000000e+00
         vertex -1.574100e+04 2.619118e+03 0.000000e+00
         vertex -1.573822e+04 2.617996e+03 0.000000e+00
      endloop
   endfacet
   facet normal 0.000000e+00 0.000000e+00 -1.000000e+00
      outer loop
         vertex -1.573822e+04 2.617996e+03 0.000000e+00
         vertex -1.573818e+04 2.617975e+03 0.000000e+00
         vertex -1.573750e+04 2.605000e+03 0.000000e+00
      endloop
   endfacet
   facet normal 0.000000e+00 0.000000e+00 -1.000000e+00
      outer loop
         vertex -1.573750e+04 2.605000e+03 0.000000e+00
         vertex -1.573818e+04 2.617975e+03 0.000000e+00
         vertex -1.573543e+04 2.616780e+03 0.000000e+00
      endloop
   endfacet
   facet normal 0.000000e+00 0.000000e+00 -1.000000e+00
      outer loop
         vertex -1.573750e+04 2.605000e+03 0.000000e+00
         vertex -1.573543e+04 2.616780e+03 0.000000e+00
         vertex -1.573539e+04 2.616758e+03 0.000000e+00
      endloop
   endfacet
   facet normal 0.000000e+00 -0.000000e+00 -1.000000e+00
      outer loop
         vertex -1.573539e+04 2.616758e+03 0.000000e+00
         vertex -1.573268e+04 2.615491e+03 0.000000e+00
         vertex -1.573750e+04 2.605000e+03 0.000000e+00
      endloop
   endfacet
   facet normal 0.000000e+00 0.000000e+00 -1.000000e+00
      outer loop
         vertex -1.573750e+04 2.605000e+03 0.000000e+00
         vertex -1.573268e+04 2.615491e+03 0.000000e+00
         vertex -1.573263e+04 2.615468e+03 0.000000e+00
      endloop
   endfacet
   facet normal 0.000000e+00 0.000000e+00 -1.000000e+00
      outer loop
         vertex -1.573750e+04 2.605000e+03 0.000000e+00
         vertex -1.573263e+04 2.615468e+03 0.000000e+00
         vertex -1.573250e+04 2.605000e+03 0.000000e+00
      endloop
   endfacet
   facet normal 0.000000e+00 0.000000e+00 -1.000000e+00
      outer loop
         vertex -1.573250e+04 2.605000e+03 0.000000e+00
         vertex -1.573263e+04 2.615468e+03 0.000000e+00
         vertex -1.572996e+04 2.614130e+03 0.000000e+00
      endloop
   endfacet
   facet normal 0.000000e+00 0.000000e+00 -1.000000e+00
      outer loop
         vertex -1.573250e+04 2.605000e+03 0.000000e+00
         vertex -1.572996e+04 2.614130e+03 0.000000e+00
         vertex -1.572991e+04 2.614106e+03 0.000000e+00
      endloop
   endfacet
   facet normal 0.000000e+00 -0.000000e+00 -1.000000e+00
      outer loop
         vertex -1.575850e+04 2.624383e+03 0.000000e+00
         vertex -1.575558e+04 2.623711e+03 0.000000e+00
         vertex -1.576550e+04 2.605000e+03 0.000000e+00
      endloop
   endfacet
   facet normal 0.000000e+00 -0.000000e+00 -1.000000e+00
      outer loop
         vertex -1.576005e+04 2.624698e+03 0.000000e+00
         vertex -1.575855e+04 2.624394e+03 0.000000e+00
         vertex -1.576179e+04 2.623598e+03 0.000000e+00
      endloop
   endfacet
   facet normal -0.000000e+00 0.000000e+00 -1.000000e+00
      outer loop
         vertex -1.575850e+04 2.624383e+03 0.000000e+00
         vertex -1.576550e+04 2.605000e+03 0.000000e+00
         vertex -1.575855e+04 2.624394e+03 0.000000e+00
      endloop
   endfacet
   facet normal 0.000000e+00 0.000000e+00 -1.000000e+00
      outer loop
         vertex -1.575855e+04 2.624394e+03 0.000000e+00
         vertex -1.576550e+04 2.605000e+03 0.000000e+00
         vertex -1.576181e+04 2.623527e+03 0.000000e+00
      endloop
   endfacet
   facet normal 0.000000e+00 0.000000e+00 -1.000000e+00
      outer loop
         vertex -1.575855e+04 2.624394e+03 0.000000e+00
         vertex -1.576181e+04 2.623527e+03 0.000000e+00
         vertex -1.576179e+04 2.623598e+03 0.000000e+00
      endloop
   endfacet
   facet normal 0.000000e+00 0.000000e+00 -1.000000e+00
      outer loop
         vertex -1.576550e+04 2.605000e+03 0.000000e+00
         vertex -1.575257e+04 2.622936e+03 0.000000e+00
         vertex -1.574875e+04 2.575000e+03 0.000000e+00
      endloop
   endfacet
   facet normal 0.000000e+00 0.000000e+00 -1.000000e+00
      outer loop
         vertex -1.574875e+04 2.575000e+03 0.000000e+00
         vertex -1.575257e+04 2.622936e+03 0.000000e+00
         vertex -1.574969e+04 2.622112e+03 0.000000e+00
      endloop
   endfacet
   facet normal 0.000000e+00 0.000000e+00 -1.000000e+00
      outer loop
         vertex -1.574875e+04 2.575000e+03 0.000000e+00
         vertex -1.574969e+04 2.622112e+03 0.000000e+00
         vertex -1.574964e+04 2.622097e+03 0.000000e+00
      endloop
   endfacet
   facet normal 0.000000e+00 -0.000000e+00 -1.000000e+00
      outer loop
         vertex -1.575558e+04 2.623711e+03 0.000000e+00
         vertex -1.575553e+04 2.623699e+03 0.000000e+00
         vertex -1.576550e+04 2.605000e+03 0.000000e+00
      endloop
   endfacet
   facet normal 0.000000e+00 0.000000e+00 -1.000000e+00
      outer loop
         vertex -1.576550e+04 2.605000e+03 0.000000e+00
         vertex -1.575553e+04 2.623699e+03 0.000000e+00
         vertex -1.575262e+04 2.622950e+03 0.000000e+00
      endloop
   endfacet
   facet normal 0.000000e+00 0.000000e+00 -1.000000e+00
      outer loop
         vertex -1.576550e+04 2.605000e+03 0.000000e+00
         vertex -1.575262e+04 2.622950e+03 0.000000e+00
         vertex -1.575257e+04 2.622936e+03 0.000000e+00
      endloop
   endfacet
   facet normal 0.000000e+00 0.000000e+00 -1.000000e+00
      outer loop
         vertex -1.576175e+04 2.623739e+03 0.000000e+00
         vertex -1.576173e+04 2.623807e+03 0.000000e+00
         vertex -1.576049e+04 2.624720e+03 0.000000e+00
      endloop
   endfacet
   facet normal 0.000000e+00 0.000000e+00 -1.000000e+00
      outer loop
         vertex -1.576049e+04 2.624720e+03 0.000000e+00
         vertex -1.576173e+04 2.623807e+03 0.000000e+00
         vertex -1.576170e+04 2.623874e+03 0.000000e+00
      endloop
   endfacet
   facet normal 0.000000e+00 -0.000000e+00 -1.000000e+00
      outer loop
         vertex -1.576042e+04 2.624726e+03 0.000000e+00
         vertex -1.576034e+04 2.624727e+03 0.000000e+00
         vertex -1.576179e+04 2.623598e+03 0.000000e+00
      endloop
   endfacet
   facet normal 0.000000e+00 0.000000e+00 -1.000000e+00
      outer loop
         vertex -1.576179e+04 2.623598e+03 0.000000e+00
         vertex -1.576034e+04 2.624727e+03 0.000000e+00
         vertex -1.576027e+04 2.624725e+03 0.000000e+00
      endloop
   endfacet
   facet normal 0.000000e+00 0.000000e+00 -1.000000e+00
      outer loop
         vertex -1.576042e+04 2.624726e+03 0.000000e+00
         vertex -1.576179e+04 2.623598e+03 0.000000e+00
         vertex -1.576049e+04 2.624720e+03 0.000000e+00
      endloop
   endfacet
   facet normal 0.000000e+00 0.000000e+00 -1.000000e+00
      outer loop
         vertex -1.576049e+04 2.624720e+03 0.000000e+00
         vertex -1.576179e+04 2.623598e+03 0.000000e+00
         vertex -1.576178e+04 2.623669e+03 0.000000e+00
      endloop
   endfacet
   facet normal 0.000000e+00 0.000000e+00 -1.000000e+00
      outer loop
         vertex -1.576049e+04 2.624720e+03 0.000000e+00
         vertex -1.576178e+04 2.623669e+03 0.000000e+00
         vertex -1.576175e+04 2.623739e+03 0.000000e+00
      endloop
   endfacet
   facet normal 0.000000e+00 0.000000e+00 -1.000000e+00
      outer loop
         vertex -1.576170e+04 2.623874e+03 0.000000e+00
         vertex -1.576166e+04 2.623940e+03 0.000000e+00
         vertex -1.576049e+04 2.624720e+03 0.000000e+00
      endloop
   endfacet
   facet normal 0.000000e+00 0.000000e+00 -1.000000e+00
      outer loop
         vertex -1.576049e+04 2.624720e+03 0.000000e+00
         vertex -1.576166e+04 2.623940e+03 0.000000e+00
         vertex -1.576163e+04 2.624003e+03 0.000000e+00
      endloop
   endfacet
   facet normal 0.000000e+00 0.000000e+00 -1.000000e+00
      outer loop
         vertex -1.576049e+04 2.624720e+03 0.000000e+00
         vertex -1.576163e+04 2.624003e+03 0.000000e+00
         vertex -1.576056e+04 2.624712e+03 0.000000e+00
      endloop
   endfacet
   facet normal 0.000000e+00 0.000000e+00 -1.000000e+00
      outer loop
         vertex -1.576056e+04 2.624712e+03 0.000000e+00
         vertex -1.576163e+04 2.624003e+03 0.000000e+00
         vertex -1.576064e+04 2.624699e+03 0.000000e+00
      endloop
   endfacet
   facet normal 0.000000e+00 -0.000000e+00 -1.000000e+00
      outer loop
         vertex -1.576027e+04 2.624725e+03 0.000000e+00
         vertex -1.576020e+04 2.624720e+03 0.000000e+00
         vertex -1.576179e+04 2.623598e+03 0.000000e+00
      endloop
   endfacet
   facet normal 0.000000e+00 0.000000e+00 -1.000000e+00
      outer loop
         vertex -1.576179e+04 2.623598e+03 0.000000e+00
         vertex -1.576020e+04 2.624720e+03 0.000000e+00
         vertex -1.576012e+04 2.624710e+03 0.000000e+00
      endloop
   endfacet
   facet normal 0.000000e+00 0.000000e+00 -1.000000e+00
      outer loop
         vertex -1.576179e+04 2.623598e+03 0.000000e+00
         vertex -1.576012e+04 2.624710e+03 0.000000e+00
         vertex -1.576005e+04 2.624698e+03 0.000000e+00
      endloop
   endfacet
   facet normal 0.000000e+00 -0.000000e+00 -1.000000e+00
      outer loop
         vertex -1.576105e+04 2.624552e+03 0.000000e+00
         vertex -1.576098e+04 2.624585e+03 0.000000e+00
         vertex -1.576163e+04 2.624003e+03 0.000000e+00
      endloop
   endfacet
   facet normal 0.000000e+00 0.000000e+00 -1.000000e+00
      outer loop
         vertex -1.576163e+04 2.624003e+03 0.000000e+00
         vertex -1.576098e+04 2.624585e+03 0.000000e+00
         vertex -1.576092e+04 2.624615e+03 0.000000e+00
      endloop
   endfacet
   facet normal 0.000000e+00 0.000000e+00 -1.000000e+00
      outer loop
         vertex -1.576163e+04 2.624003e+03 0.000000e+00
         vertex -1.576092e+04 2.624615e+03 0.000000e+00
         vertex -1.576085e+04 2.624641e+03 0.000000e+00
      endloop
   endfacet
   facet normal 0.000000e+00 -0.000000e+00 -1.000000e+00
      outer loop
         vertex -1.576085e+04 2.624641e+03 0.000000e+00
         vertex -1.576078e+04 2.624664e+03 0.000000e+00
         vertex -1.576163e+04 2.624003e+03 0.000000e+00
      endloop
   endfacet
   facet normal 0.000000e+00 0.000000e+00 -1.000000e+00
      outer loop
         vertex -1.576163e+04 2.624003e+03 0.000000e+00
         vertex -1.576078e+04 2.624664e+03 0.000000e+00
         vertex -1.576071e+04 2.624683e+03 0.000000e+00
      endloop
   endfacet
   facet normal 0.000000e+00 0.000000e+00 -1.000000e+00
      outer loop
         vertex -1.576163e+04 2.624003e+03 0.000000e+00
         vertex -1.576071e+04 2.624683e+03 0.000000e+00
         vertex -1.576064e+04 2.624699e+03 0.000000e+00
      endloop
   endfacet
   facet normal 0.000000e+00 0.000000e+00 -1.000000e+00
      outer loop
         vertex -1.576163e+04 2.624003e+03 0.000000e+00
         vertex -1.576159e+04 2.624065e+03 0.000000e+00
         vertex -1.576155e+04 2.624125e+03 0.000000e+00
      endloop
   endfacet
   facet normal 0.000000e+00 -0.000000e+00 -1.000000e+00
      outer loop
         vertex -1.576155e+04 2.624125e+03 0.000000e+00
         vertex -1.576150e+04 2.624183e+03 0.000000e+00
         vertex -1.576163e+04 2.624003e+03 0.000000e+00
      endloop
   endfacet
   facet normal 0.000000e+00 0.000000e+00 -1.000000e+00
      outer loop
         vertex -1.576163e+04 2.624003e+03 0.000000e+00
         vertex -1.576150e+04 2.624183e+03 0.000000e+00
         vertex -1.576145e+04 2.624239e+03 0.000000e+00
      endloop
   endfacet
   facet normal 0.000000e+00 0.000000e+00 -1.000000e+00
      outer loop
         vertex -1.576163e+04 2.624003e+03 0.000000e+00
         vertex -1.576145e+04 2.624239e+03 0.000000e+00
         vertex -1.576140e+04 2.624292e+03 0.000000e+00
      endloop
   endfacet
   facet normal 0.000000e+00 -0.000000e+00 -1.000000e+00
      outer loop
         vertex -1.576140e+04 2.624292e+03 0.000000e+00
         vertex -1.576135e+04 2.624342e+03 0.000000e+00
         vertex -1.576163e+04 2.624003e+03 0.000000e+00
      endloop
   endfacet
   facet normal 0.000000e+00 0.000000e+00 -1.000000e+00
      outer loop
         vertex -1.576163e+04 2.624003e+03 0.000000e+00
         vertex -1.576135e+04 2.624342e+03 0.000000e+00
         vertex -1.576129e+04 2.624390e+03 0.000000e+00
      endloop
   endfacet
   facet normal 0.000000e+00 0.000000e+00 -1.000000e+00
      outer loop
         vertex -1.576163e+04 2.624003e+03 0.000000e+00
         vertex -1.576129e+04 2.624390e+03 0.000000e+00
         vertex -1.576123e+04 2.624435e+03 0.000000e+00
      endloop
   endfacet
   facet normal 0.000000e+00 -0.000000e+00 -1.000000e+00
      outer loop
         vertex -1.576123e+04 2.624435e+03 0.000000e+00
         vertex -1.576117e+04 2.624477e+03 0.000000e+00
         vertex -1.576163e+04 2.624003e+03 0.000000e+00
      endloop
   endfacet
   facet normal 0.000000e+00 0.000000e+00 -1.000000e+00
      outer loop
         vertex -1.576163e+04 2.624003e+03 0.000000e+00
         vertex -1.576117e+04 2.624477e+03 0.000000e+00
         vertex -1.576111e+04 2.624516e+03 0.000000e+00
      endloop
   endfacet
   facet normal 0.000000e+00 0.000000e+00 -1.000000e+00
      outer loop
         vertex -1.576163e+04 2.624003e+03 0.000000e+00
         vertex -1.576111e+04 2.624516e+03 0.000000e+00
         vertex -1.576105e+04 2.624552e+03 0.000000e+00
      endloop
   endfacet
   facet normal 0.000000e+00 0.000000e+00 -1.000000e+00
      outer loop
         vertex -1.576500e+04 2.550000e+03 0.000000e+00
         vertex -1.576550e+04 2.605000e+03 0.000000e+00
         vertex -1.576000e+04 2.550000e+03 0.000000e+00
      endloop
   endfacet
   facet normal 0.000000e+00 0.000000e+00 -1.000000e+00
      outer loop
         vertex -1.576000e+04 2.550000e+03 0.000000e+00
         vertex -1.576550e+04 2.605000e+03 0.000000e+00
         vertex -1.574875e+04 2.575000e+03 0.000000e+00
      endloop
   endfacet
   facet normal 0.000000e+00 0.000000e+00 -1.000000e+00
      outer loop
         vertex -1.576000e+04 2.550000e+03 0.000000e+00
         vertex -1.574875e+04 2.575000e+03 0.000000e+00
         vertex -1.576000e+04 2.545000e+03 0.000000e+00
      endloop
   endfacet
   facet normal 0.000000e+00 0.000000e+00 -1.000000e+00
      outer loop
         vertex -1.576000e+04 2.545000e+03 0.000000e+00
         vertex -1.574875e+04 2.575000e+03 0.000000e+00
         vertex -1.574875e+04 2.520000e+03 0.000000e+00
      endloop
   endfacet
   facet normal -0.000000e+00 -0.000000e+00 -1.000000e+00
      outer loop
         vertex -1.576000e+04 2.545000e+03 0.000000e+00
         vertex -1.574875e+04 2.520000e+03 0.000000e+00
         vertex -1.576500e+04 2.545000e+03 0.000000e+00
      endloop
   endfacet
   facet normal 0.000000e+00 -0.000000e+00 -1.000000e+00
      outer loop
         vertex -1.576500e+04 2.545000e+03 0.000000e+00
         vertex -1.574875e+04 2.520000e+03 0.000000e+00
         vertex -1.578240e+04 2.520000e+03 0.000000e+00
      endloop
   endfacet
   facet normal -0.000000e+00 0.000000e+00 -1.000000e+00
      outer loop
         vertex -1.576500e+04 2.545000e+03 0.000000e+00
         vertex -1.578240e+04 2.520000e+03 0.000000e+00
         vertex -1.576500e+04 2.550000e+03 0.000000e+00
      endloop
   endfacet
   facet normal -0.000000e+00 0.000000e+00 -1.000000e+00
      outer loop
         vertex -1.576500e+04 2.550000e+03 0.000000e+00
         vertex -1.578240e+04 2.520000e+03 0.000000e+00
         vertex -1.577644e+04 2.550000e+03 0.000000e+00
      endloop
   endfacet
   facet normal 0.000000e+00 0.000000e+00 -1.000000e+00
      outer loop
         vertex -1.576500e+04 2.550000e+03 0.000000e+00
         vertex -1.577644e+04 2.550000e+03 0.000000e+00
         vertex -1.576550e+04 2.605000e+03 0.000000e+00
      endloop
   endfacet
   facet normal 0.000000e+00 0.000000e+00 -1.000000e+00
      outer loop
         vertex -1.576500e+04 2.490000e+03 0.000000e+00
         vertex -1.576000e+04 2.490000e+03 0.000000e+00
         vertex -1.574875e+04 2.465000e+03 0.000000e+00
      endloop
   endfacet
   facet normal 0.000000e+00 0.000000e+00 -1.000000e+00
      outer loop
         vertex -1.578296e+04 2.517000e+03 0.000000e+00
         vertex -1.578296e+04 2.517028e+03 0.000000e+00
         vertex -1.574875e+04 2.520000e+03 0.000000e+00
      endloop
   endfacet
   facet normal 0.000000e+00 0.000000e+00 -1.000000e+00
      outer loop
         vertex -1.574875e+04 2.520000e+03 0.000000e+00
         vertex -1.578296e+04 2.517028e+03 0.000000e+00
         vertex -1.578296e+04 2.517098e+03 0.000000e+00
      endloop
   endfacet
   facet normal 0.000000e+00 0.000000e+00 -1.000000e+00
      outer loop
         vertex -1.574875e+04 2.465000e+03 0.000000e+00
         vertex -1.576000e+04 2.490000e+03 0.000000e+00
         vertex -1.574875e+04 2.520000e+03 0.000000e+00
      endloop
   endfacet
   facet normal 0.000000e+00 0.000000e+00 -1.000000e+00
      outer loop
         vertex -1.574875e+04 2.520000e+03 0.000000e+00
         vertex -1.576000e+04 2.490000e+03 0.000000e+00
         vertex -1.576000e+04 2.495000e+03 0.000000e+00
      endloop
   endfacet
   facet normal 0.000000e+00 0.000000e+00 -1.000000e+00
      outer loop
         vertex -1.574875e+04 2.520000e+03 0.000000e+00
         vertex -1.576000e+04 2.495000e+03 0.000000e+00
         vertex -1.576500e+04 2.495000e+03 0.000000e+00
      endloop
   endfacet
   facet normal 0.000000e+00 0.000000e+00 -1.000000e+00
      outer loop
         vertex -1.578294e+04 2.516707e+03 0.000000e+00
         vertex -1.578295e+04 2.516804e+03 0.000000e+00
         vertex -1.574875e+04 2.520000e+03 0.000000e+00
      endloop
   endfacet
   facet normal 0.000000e+00 0.000000e+00 -1.000000e+00
      outer loop
         vertex -1.574875e+04 2.520000e+03 0.000000e+00
         vertex -1.578295e+04 2.516804e+03 0.000000e+00
         vertex -1.578296e+04 2.516902e+03 0.000000e+00
      endloop
   endfacet
   facet normal 0.000000e+00 0.000000e+00 -1.000000e+00
      outer loop
         vertex -1.574875e+04 2.520000e+03 0.000000e+00
         vertex -1.578296e+04 2.516902e+03 0.000000e+00
         vertex -1.578296e+04 2.517000e+03 0.000000e+00
      endloop
   endfacet
   facet normal 0.000000e+00 0.000000e+00 -1.000000e+00
      outer loop
         vertex -1.578294e+04 2.516707e+03 0.000000e+00
         vertex -1.574875e+04 2.520000e+03 0.000000e+00
         vertex -1.578292e+04 2.516610e+03 0.000000e+00
      endloop
   endfacet
   facet normal 0.000000e+00 0.000000e+00 -1.000000e+00
      outer loop
         vertex -1.578292e+04 2.516610e+03 0.000000e+00
         vertex -1.574875e+04 2.520000e+03 0.000000e+00
         vertex -1.576500e+04 2.495000e+03 0.000000e+00
      endloop
   endfacet
   facet normal 0.000000e+00 0.000000e+00 -1.000000e+00
      outer loop
         vertex -1.578292e+04 2.516610e+03 0.000000e+00
         vertex -1.576500e+04 2.495000e+03 0.000000e+00
         vertex -1.577862e+04 2.495000e+03 0.000000e+00
      endloop
   endfacet
   facet normal 0.000000e+00 0.000000e+00 -1.000000e+00
      outer loop
         vertex -1.577862e+04 2.495000e+03 0.000000e+00
         vertex -1.576500e+04 2.495000e+03 0.000000e+00
         vertex -1.576500e+04 2.490000e+03 0.000000e+00
      endloop
   endfacet
   facet normal 0.000000e+00 0.000000e+00 -1.000000e+00
      outer loop
         vertex -1.577862e+04 2.495000e+03 0.000000e+00
         vertex -1.576500e+04 2.490000e+03 0.000000e+00
         vertex -1.576768e+04 2.440000e+03 0.000000e+00
      endloop
   endfacet
   facet normal 0.000000e+00 0.000000e+00 -1.000000e+00
      outer loop
         vertex -1.576768e+04 2.440000e+03 0.000000e+00
         vertex -1.576500e+04 2.490000e+03 0.000000e+00
         vertex -1.574875e+04 2.465000e+03 0.000000e+00
      endloop
   endfacet
   facet normal 0.000000e+00 0.000000e+00 -1.000000e+00
      outer loop
         vertex -1.576768e+04 2.440000e+03 0.000000e+00
         vertex -1.574875e+04 2.465000e+03 0.000000e+00
         vertex -1.574875e+04 2.422137e+03 0.000000e+00
      endloop
   endfacet
   facet normal 0.000000e+00 0.000000e+00 -1.000000e+00
      outer loop
         vertex -1.574875e+04 2.422137e+03 0.000000e+00
         vertex -1.574875e+04 2.465000e+03 0.000000e+00
         vertex -1.573750e+04 2.440000e+03 0.000000e+00
      endloop
   endfacet
   facet normal 0.000000e+00 0.000000e+00 -1.000000e+00
      outer loop
         vertex -1.574875e+04 2.422137e+03 0.000000e+00
         vertex -1.573750e+04 2.440000e+03 0.000000e+00
         vertex -1.573750e+04 2.435000e+03 0.000000e+00
      endloop
   endfacet
   facet normal 0.000000e+00 0.000000e+00 -1.000000e+00
      outer loop
         vertex -1.578296e+04 2.517098e+03 0.000000e+00
         vertex -1.578295e+04 2.517196e+03 0.000000e+00
         vertex -1.574875e+04 2.520000e+03 0.000000e+00
      endloop
   endfacet
   facet normal 0.000000e+00 0.000000e+00 -1.000000e+00
      outer loop
         vertex -1.574875e+04 2.520000e+03 0.000000e+00
         vertex -1.578295e+04 2.517196e+03 0.000000e+00
         vertex -1.578294e+04 2.517293e+03 0.000000e+00
      endloop
   endfacet
   facet normal 0.000000e+00 0.000000e+00 -1.000000e+00
      outer loop
         vertex -1.574875e+04 2.520000e+03 0.000000e+00
         vertex -1.578294e+04 2.517293e+03 0.000000e+00
         vertex -1.578292e+04 2.517390e+03 0.000000e+00
      endloop
   endfacet
   facet normal 0.000000e+00 0.000000e+00 -1.000000e+00
      outer loop
         vertex -1.570500e+04 2.550000e+03 0.000000e+00
         vertex -1.568750e+04 2.575000e+03 0.000000e+00
         vertex -1.570500e+04 2.545000e+03 0.000000e+00
      endloop
   endfacet
   facet normal 0.000000e+00 0.000000e+00 -1.000000e+00
      outer loop
         vertex -1.570500e+04 2.545000e+03 0.000000e+00
         vertex -1.568750e+04 2.575000e+03 0.000000e+00
         vertex -1.568750e+04 2.520000e+03 0.000000e+00
      endloop
   endfacet
   facet normal -0.000000e+00 -0.000000e+00 -1.000000e+00
      outer loop
         vertex -1.570500e+04 2.545000e+03 0.000000e+00
         vertex -1.568750e+04 2.520000e+03 0.000000e+00
         vertex -1.571000e+04 2.545000e+03 0.000000e+00
      endloop
   endfacet
   facet normal 0.000000e+00 -0.000000e+00 -1.000000e+00
      outer loop
         vertex -1.571000e+04 2.545000e+03 0.000000e+00
         vertex -1.568750e+04 2.520000e+03 0.000000e+00
         vertex -1.572125e+04 2.520000e+03 0.000000e+00
      endloop
   endfacet
   facet normal -0.000000e+00 0.000000e+00 -1.000000e+00
      outer loop
         vertex -1.571000e+04 2.545000e+03 0.000000e+00
         vertex -1.572125e+04 2.520000e+03 0.000000e+00
         vertex -1.571000e+04 2.550000e+03 0.000000e+00
      endloop
   endfacet
   facet normal -0.000000e+00 0.000000e+00 -1.000000e+00
      outer loop
         vertex -1.571000e+04 2.550000e+03 0.000000e+00
         vertex -1.572125e+04 2.520000e+03 0.000000e+00
         vertex -1.572125e+04 2.575000e+03 0.000000e+00
      endloop
   endfacet
   facet normal 0.000000e+00 0.000000e+00 -1.000000e+00
      outer loop
         vertex -1.571000e+04 2.550000e+03 0.000000e+00
         vertex -1.572125e+04 2.575000e+03 0.000000e+00
         vertex -1.570500e+04 2.550000e+03 0.000000e+00
      endloop
   endfacet
   facet normal 0.000000e+00 0.000000e+00 -1.000000e+00
      outer loop
         vertex -1.570500e+04 2.550000e+03 0.000000e+00
         vertex -1.572125e+04 2.575000e+03 0.000000e+00
         vertex -1.568750e+04 2.575000e+03 0.000000e+00
      endloop
   endfacet
   facet normal 0.000000e+00 -0.000000e+00 -1.000000e+00
      outer loop
         vertex -1.573750e+04 2.605000e+03 0.000000e+00
         vertex -1.573750e+04 2.600000e+03 0.000000e+00
         vertex -1.574875e+04 2.575000e+03 0.000000e+00
      endloop
   endfacet
   facet normal 0.000000e+00 0.000000e+00 -1.000000e+00
      outer loop
         vertex -1.574875e+04 2.575000e+03 0.000000e+00
         vertex -1.573750e+04 2.600000e+03 0.000000e+00
         vertex -1.572125e+04 2.575000e+03 0.000000e+00
      endloop
   endfacet
   facet normal 0.000000e+00 0.000000e+00 -1.000000e+00
      outer loop
         vertex -1.574875e+04 2.575000e+03 0.000000e+00
         vertex -1.572125e+04 2.575000e+03 0.000000e+00
         vertex -1.574875e+04 2.520000e+03 0.000000e+00
      endloop
   endfacet
   facet normal 0.000000e+00 0.000000e+00 -1.000000e+00
      outer loop
         vertex -1.574875e+04 2.520000e+03 0.000000e+00
         vertex -1.572125e+04 2.575000e+03 0.000000e+00
         vertex -1.572125e+04 2.520000e+03 0.000000e+00
      endloop
   endfacet
   facet normal 0.000000e+00 0.000000e+00 -1.000000e+00
      outer loop
         vertex -1.574875e+04 2.520000e+03 0.000000e+00
         vertex -1.572125e+04 2.520000e+03 0.000000e+00
         vertex -1.574875e+04 2.465000e+03 0.000000e+00
      endloop
   endfacet
   facet normal 0.000000e+00 0.000000e+00 -1.000000e+00
      outer loop
         vertex -1.574875e+04 2.465000e+03 0.000000e+00
         vertex -1.572125e+04 2.520000e+03 0.000000e+00
         vertex -1.572125e+04 2.465000e+03 0.000000e+00
      endloop
   endfacet
   facet normal 0.000000e+00 0.000000e+00 -1.000000e+00
      outer loop
         vertex -1.574875e+04 2.465000e+03 0.000000e+00
         vertex -1.572125e+04 2.465000e+03 0.000000e+00
         vertex -1.573250e+04 2.440000e+03 0.000000e+00
      endloop
   endfacet
   facet normal 0.000000e+00 0.000000e+00 -1.000000e+00
      outer loop
         vertex -1.573250e+04 2.440000e+03 0.000000e+00
         vertex -1.572125e+04 2.465000e+03 0.000000e+00
         vertex -1.571950e+04 2.426013e+03 0.000000e+00
      endloop
   endfacet
   facet normal 0.000000e+00 0.000000e+00 -1.000000e+00
      outer loop
         vertex -1.573250e+04 2.440000e+03 0.000000e+00
         vertex -1.571950e+04 2.426013e+03 0.000000e+00
         vertex -1.573250e+04 2.435000e+03 0.000000e+00
      endloop
   endfacet
   facet normal 0.000000e+00 0.000000e+00 -1.000000e+00
      outer loop
         vertex -1.573250e+04 2.435000e+03 0.000000e+00
         vertex -1.571950e+04 2.426013e+03 0.000000e+00
         vertex -1.572200e+04 2.424403e+03 0.000000e+00
      endloop
   endfacet
   facet normal 0.000000e+00 0.000000e+00 -1.000000e+00
      outer loop
         vertex -1.573250e+04 2.435000e+03 0.000000e+00
         vertex -1.572200e+04 2.424403e+03 0.000000e+00
         vertex -1.572205e+04 2.424375e+03 0.000000e+00
      endloop
   endfacet
   facet normal 0.000000e+00 0.000000e+00 -1.000000e+00
      outer loop
         vertex -1.570500e+04 2.495000e+03 0.000000e+00
         vertex -1.568750e+04 2.520000e+03 0.000000e+00
         vertex -1.570500e+04 2.490000e+03 0.000000e+00
      endloop
   endfacet
   facet normal 0.000000e+00 0.000000e+00 -1.000000e+00
      outer loop
         vertex -1.570500e+04 2.490000e+03 0.000000e+00
         vertex -1.568750e+04 2.520000e+03 0.000000e+00
         vertex -1.568750e+04 2.465000e+03 0.000000e+00
      endloop
   endfacet
   facet normal -0.000000e+00 -0.000000e+00 -1.000000e+00
      outer loop
         vertex -1.570500e+04 2.490000e+03 0.000000e+00
         vertex -1.568750e+04 2.465000e+03 0.000000e+00
         vertex -1.571000e+04 2.490000e+03 0.000000e+00
      endloop
   endfacet
   facet normal 0.000000e+00 -0.000000e+00 -1.000000e+00
      outer loop
         vertex -1.571000e+04 2.490000e+03 0.000000e+00
         vertex -1.568750e+04 2.465000e+03 0.000000e+00
         vertex -1.572125e+04 2.465000e+03 0.000000e+00
      endloop
   endfacet
   facet normal -0.000000e+00 0.000000e+00 -1.000000e+00
      outer loop
         vertex -1.571000e+04 2.490000e+03 0.000000e+00
         vertex -1.572125e+04 2.465000e+03 0.000000e+00
         vertex -1.571000e+04 2.495000e+03 0.000000e+00
      endloop
   endfacet
   facet normal -0.000000e+00 0.000000e+00 -1.000000e+00
      outer loop
         vertex -1.571000e+04 2.495000e+03 0.000000e+00
         vertex -1.572125e+04 2.465000e+03 0.000000e+00
         vertex -1.572125e+04 2.520000e+03 0.000000e+00
      endloop
   endfacet
   facet normal 0.000000e+00 0.000000e+00 -1.000000e+00
      outer loop
         vertex -1.571000e+04 2.495000e+03 0.000000e+00
         vertex -1.572125e+04 2.520000e+03 0.000000e+00
         vertex -1.570500e+04 2.495000e+03 0.000000e+00
      endloop
   endfacet
   facet normal 0.000000e+00 0.000000e+00 -1.000000e+00
      outer loop
         vertex -1.570500e+04 2.495000e+03 0.000000e+00
         vertex -1.572125e+04 2.520000e+03 0.000000e+00
         vertex -1.568750e+04 2.520000e+03 0.000000e+00
      endloop
   endfacet
   facet normal 2.920831e-02 -9.995733e-01 0.000000e+00
      outer loop
         vertex -1.576027e+04 2.409275e+03 2.000000e-01
         vertex -1.576034e+04 2.409273e+03 2.000000e-01
         vertex -1.576027e+04 2.409275e+03 0.000000e+00
      endloop
   endfacet
   facet normal 2.920831e-02 -9.995733e-01 0.000000e+00
      outer loop
         vertex -1.576027e+04 2.409275e+03 0.000000e+00
         vertex -1.576034e+04 2.409273e+03 2.000000e-01
         vertex -1.576034e+04 2.409273e+03 0.000000e+00
      endloop
   endfacet
   facet normal 6.802389e-02 -9.976837e-01 0.000000e+00
      outer loop
         vertex -1.576020e+04 2.409280e+03 2.000000e-01
         vertex -1.576027e+04 2.409275e+03 2.000000e-01
         vertex -1.576020e+04 2.409280e+03 -1.084202e-16
      endloop
   endfacet
   facet normal 6.802389e-02 -9.976837e-01 0.000000e+00
      outer loop
         vertex -1.576020e+04 2.409280e+03 -1.084202e-16
         vertex -1.576027e+04 2.409275e+03 2.000000e-01
         vertex -1.576027e+04 2.409275e+03 -1.084202e-16
      endloop
   endfacet
   facet normal 1.368579e-01 -9.905907e-01 0.000000e+00
      outer loop
         vertex -1.576012e+04 2.409290e+03 2.000000e-01
         vertex -1.576020e+04 2.409280e+03 2.000000e-01
         vertex -1.576012e+04 2.409290e+03 0.000000e+00
      endloop
   endfacet
   facet normal 1.368579e-01 -9.905907e-01 0.000000e+00
      outer loop
         vertex -1.576012e+04 2.409290e+03 0.000000e+00
         vertex -1.576020e+04 2.409280e+03 2.000000e-01
         vertex -1.576020e+04 2.409280e+03 0.000000e+00
      endloop
   endfacet
   facet normal 1.622932e-01 -9.867426e-01 0.000000e+00
      outer loop
         vertex -1.576005e+04 2.409302e+03 2.000000e-01
         vertex -1.576012e+04 2.409290e+03 2.000000e-01
         vertex -1.576005e+04 2.409302e+03 -1.084202e-16
      endloop
   endfacet
   facet normal 1.622932e-01 -9.867426e-01 0.000000e+00
      outer loop
         vertex -1.576005e+04 2.409302e+03 -1.084202e-16
         vertex -1.576012e+04 2.409290e+03 2.000000e-01
         vertex -1.576012e+04 2.409290e+03 -1.084202e-16
      endloop
   endfacet
   facet normal 1.986018e-01 -9.800803e-01 0.000000e+00
      outer loop
         vertex -1.575855e+04 2.409606e+03 2.000000e-01
         vertex -1.576005e+04 2.409302e+03 2.000000e-01
         vertex -1.575855e+04 2.409606e+03 5.421011e-17
      endloop
   endfacet
   facet normal 1.986018e-01 -9.800803e-01 0.000000e+00
      outer loop
         vertex -1.575855e+04 2.409606e+03 5.421011e-17
         vertex -1.576005e+04 2.409302e+03 2.000000e-01
         vertex -1.576005e+04 2.409302e+03 5.421011e-17
      endloop
   endfacet
   facet normal 2.082920e-01 -9.780667e-01 0.000000e+00
      outer loop
         vertex -1.575850e+04 2.409617e+03 2.000000e-01
         vertex -1.575855e+04 2.409606e+03 2.000000e-01
         vertex -1.575850e+04 2.409617e+03 0.000000e+00
      endloop
   endfacet
   facet normal 2.082920e-01 -9.780667e-01 0.000000e+00
      outer loop
         vertex -1.575850e+04 2.409617e+03 0.000000e+00
         vertex -1.575855e+04 2.409606e+03 2.000000e-01
         vertex -1.575855e+04 2.409606e+03 0.000000e+00
      endloop
   endfacet
   facet normal 2.240873e-01 -9.745691e-01 0.000000e+00
      outer loop
         vertex -1.575558e+04 2.410289e+03 2.000000e-01
         vertex -1.575850e+04 2.409617e+03 2.000000e-01
         vertex -1.575558e+04 2.410289e+03 0.000000e+00
      endloop
   endfacet
   facet normal 2.240873e-01 -9.745691e-01 0.000000e+00
      outer loop
         vertex -1.575558e+04 2.410289e+03 0.000000e+00
         vertex -1.575850e+04 2.409617e+03 2.000000e-01
         vertex -1.575850e+04 2.409617e+03 0.000000e+00
      endloop
   endfacet
   facet normal 2.255183e-01 -9.742389e-01 0.000000e+00
      outer loop
         vertex -1.575553e+04 2.410301e+03 2.000000e-01
         vertex -1.575558e+04 2.410289e+03 2.000000e-01
         vertex -1.575553e+04 2.410301e+03 0.000000e+00
      endloop
   endfacet
   facet normal 2.255183e-01 -9.742389e-01 0.000000e+00
      outer loop
         vertex -1.575553e+04 2.410301e+03 0.000000e+00
         vertex -1.575558e+04 2.410289e+03 2.000000e-01
         vertex -1.575558e+04 2.410289e+03 0.000000e+00
      endloop
   endfacet
   facet normal 2.497867e-01 -9.683009e-01 0.000000e+00
      outer loop
         vertex -1.575262e+04 2.411050e+03 2.000000e-01
         vertex -1.575553e+04 2.410301e+03 2.000000e-01
         vertex -1.575262e+04 2.411050e+03 0.000000e+00
      endloop
   endfacet
   facet normal 2.497867e-01 -9.683009e-01 0.000000e+00
      outer loop
         vertex -1.575262e+04 2.411050e+03 0.000000e+00
         vertex -1.575553e+04 2.410301e+03 2.000000e-01
         vertex -1.575553e+04 2.410301e+03 0.000000e+00
      endloop
   endfacet
   facet normal 2.638873e-01 -9.645535e-01 0.000000e+00
      outer loop
         vertex -1.575257e+04 2.411064e+03 2.000000e-01
         vertex -1.575262e+04 2.411050e+03 2.000000e-01
         vertex -1.575257e+04 2.411064e+03 0.000000e+00
      endloop
   endfacet
   facet normal 2.638873e-01 -9.645535e-01 0.000000e+00
      outer loop
         vertex -1.575257e+04 2.411064e+03 0.000000e+00
         vertex -1.575262e+04 2.411050e+03 2.000000e-01
         vertex -1.575262e+04 2.411050e+03 0.000000e+00
      endloop
   endfacet
   facet normal 2.749733e-01 -9.614519e-01 0.000000e+00
      outer loop
         vertex -1.574969e+04 2.411888e+03 2.000000e-01
         vertex -1.575257e+04 2.411064e+03 2.000000e-01
         vertex -1.574969e+04 2.411888e+03 0.000000e+00
      endloop
   endfacet
   facet normal 2.749733e-01 -9.614519e-01 0.000000e+00
      outer loop
         vertex -1.574969e+04 2.411888e+03 0.000000e+00
         vertex -1.575257e+04 2.411064e+03 2.000000e-01
         vertex -1.575257e+04 2.411064e+03 0.000000e+00
      endloop
   endfacet
   facet normal 2.800000e-01 -9.600000e-01 0.000000e+00
      outer loop
         vertex -1.574964e+04 2.411903e+03 2.000000e-01
         vertex -1.574969e+04 2.411888e+03 2.000000e-01
         vertex -1.574964e+04 2.411903e+03 -1.084202e-16
      endloop
   endfacet
   facet normal 2.800000e-01 -9.600000e-01 0.000000e+00
      outer loop
         vertex -1.574964e+04 2.411903e+03 -1.084202e-16
         vertex -1.574969e+04 2.411888e+03 2.000000e-01
         vertex -1.574969e+04 2.411888e+03 -1.084202e-16
      endloop
   endfacet
   facet normal 3.007390e-01 -9.537065e-01 0.000000e+00
      outer loop
         vertex -1.574678e+04 2.412804e+03 2.000000e-01
         vertex -1.574964e+04 2.411903e+03 2.000000e-01
         vertex -1.574678e+04 2.412804e+03 0.000000e+00
      endloop
   endfacet
   facet normal 3.007390e-01 -9.537065e-01 0.000000e+00
      outer loop
         vertex -1.574678e+04 2.412804e+03 0.000000e+00
         vertex -1.574964e+04 2.411903e+03 2.000000e-01
         vertex -1.574964e+04 2.411903e+03 0.000000e+00
      endloop
   endfacet
   facet normal 3.054276e-01 -9.522153e-01 0.000000e+00
      outer loop
         vertex -1.574673e+04 2.412820e+03 2.000000e-01
         vertex -1.574678e+04 2.412804e+03 2.000000e-01
         vertex -1.574673e+04 2.412820e+03 0.000000e+00
      endloop
   endfacet
   facet normal 3.054276e-01 -9.522153e-01 0.000000e+00
      outer loop
         vertex -1.574673e+04 2.412820e+03 0.000000e+00
         vertex -1.574678e+04 2.412804e+03 2.000000e-01
         vertex -1.574678e+04 2.412804e+03 0.000000e+00
      endloop
   endfacet
   facet normal 3.256495e-01 -9.454906e-01 0.000000e+00
      outer loop
         vertex -1.574390e+04 2.413795e+03 2.000000e-01
         vertex -1.574673e+04 2.412820e+03 2.000000e-01
         vertex -1.574390e+04 2.413795e+03 0.000000e+00
      endloop
   endfacet
   facet normal 3.256495e-01 -9.454906e-01 0.000000e+00
      outer loop
         vertex -1.574390e+04 2.413795e+03 0.000000e+00
         vertex -1.574673e+04 2.412820e+03 2.000000e-01
         vertex -1.574673e+04 2.412820e+03 0.000000e+00
      endloop
   endfacet
   facet normal 3.374613e-01 -9.413394e-01 0.000000e+00
      outer loop
         vertex -1.574385e+04 2.413813e+03 2.000000e-01
         vertex -1.574390e+04 2.413795e+03 2.000000e-01
         vertex -1.574385e+04 2.413813e+03 0.000000e+00
      endloop
   endfacet
   facet normal 3.374613e-01 -9.413394e-01 0.000000e+00
      outer loop
         vertex -1.574385e+04 2.413813e+03 0.000000e+00
         vertex -1.574390e+04 2.413795e+03 2.000000e-01
         vertex -1.574390e+04 2.413795e+03 0.000000e+00
      endloop
   endfacet
   facet normal 3.508092e-01 -9.364470e-01 0.000000e+00
      outer loop
         vertex -1.574105e+04 2.414863e+03 2.000000e-01
         vertex -1.574385e+04 2.413813e+03 2.000000e-01
         vertex -1.574105e+04 2.414863e+03 0.000000e+00
      endloop
   endfacet
   facet normal 3.508092e-01 -9.364470e-01 0.000000e+00
      outer loop
         vertex -1.574105e+04 2.414863e+03 0.000000e+00
         vertex -1.574385e+04 2.413813e+03 2.000000e-01
         vertex -1.574385e+04 2.413813e+03 0.000000e+00
      endloop
   endfacet
   facet normal 3.550607e-01 -9.348433e-01 0.000000e+00
      outer loop
         vertex -1.574100e+04 2.414882e+03 2.000000e-01
         vertex -1.574105e+04 2.414863e+03 2.000000e-01
         vertex -1.574100e+04 2.414882e+03 0.000000e+00
      endloop
   endfacet
   facet normal 3.550607e-01 -9.348433e-01 0.000000e+00
      outer loop
         vertex -1.574100e+04 2.414882e+03 0.000000e+00
         vertex -1.574105e+04 2.414863e+03 2.000000e-01
         vertex -1.574105e+04 2.414863e+03 0.000000e+00
      endloop
   endfacet
   facet normal 3.750428e-01 -9.270075e-01 0.000000e+00
      outer loop
         vertex -1.573822e+04 2.416004e+03 2.000000e-01
         vertex -1.574100e+04 2.414882e+03 2.000000e-01
         vertex -1.573822e+04 2.416004e+03 0.000000e+00
      endloop
   endfacet
   facet normal 3.750428e-01 -9.270075e-01 0.000000e+00
      outer loop
         vertex -1.573822e+04 2.416004e+03 0.000000e+00
         vertex -1.574100e+04 2.414882e+03 2.000000e-01
         vertex -1.574100e+04 2.414882e+03 0.000000e+00
      endloop
   endfacet
   facet normal 3.960911e-01 -9.182112e-01 0.000000e+00
      outer loop
         vertex -1.573818e+04 2.416025e+03 2.000000e-01
         vertex -1.573822e+04 2.416004e+03 2.000000e-01
         vertex -1.573818e+04 2.416025e+03 0.000000e+00
      endloop
   endfacet
   facet normal 3.960911e-01 -9.182112e-01 0.000000e+00
      outer loop
         vertex -1.573818e+04 2.416025e+03 0.000000e+00
         vertex -1.573822e+04 2.416004e+03 2.000000e-01
         vertex -1.573822e+04 2.416004e+03 0.000000e+00
      endloop
   endfacet
   facet normal 3.997143e-01 -9.166398e-01 0.000000e+00
      outer loop
         vertex -1.573543e+04 2.417220e+03 2.000000e-01
         vertex -1.573818e+04 2.416025e+03 2.000000e-01
         vertex -1.573543e+04 2.417220e+03 0.000000e+00
      endloop
   endfacet
   facet normal 3.997143e-01 -9.166398e-01 0.000000e+00
      outer loop
         vertex -1.573543e+04 2.417220e+03 0.000000e+00
         vertex -1.573818e+04 2.416025e+03 2.000000e-01
         vertex -1.573818e+04 2.416025e+03 0.000000e+00
      endloop
   endfacet
   facet normal 4.111078e-01 -9.115868e-01 0.000000e+00
      outer loop
         vertex -1.573539e+04 2.417242e+03 2.000000e-01
         vertex -1.573543e+04 2.417220e+03 2.000000e-01
         vertex -1.573539e+04 2.417242e+03 0.000000e+00
      endloop
   endfacet
   facet normal 4.111078e-01 -9.115868e-01 0.000000e+00
      outer loop
         vertex -1.573539e+04 2.417242e+03 0.000000e+00
         vertex -1.573543e+04 2.417220e+03 2.000000e-01
         vertex -1.573543e+04 2.417220e+03 0.000000e+00
      endloop
   endfacet
   facet normal 4.240822e-01 -9.056237e-01 0.000000e+00
      outer loop
         vertex -1.573268e+04 2.418509e+03 2.000000e-01
         vertex -1.573539e+04 2.417242e+03 2.000000e-01
         vertex -1.573268e+04 2.418509e+03 0.000000e+00
      endloop
   endfacet
   facet normal 4.240822e-01 -9.056237e-01 0.000000e+00
      outer loop
         vertex -1.573268e+04 2.418509e+03 0.000000e+00
         vertex -1.573539e+04 2.417242e+03 2.000000e-01
         vertex -1.573539e+04 2.417242e+03 0.000000e+00
      endloop
   endfacet
   facet normal 4.257970e-01 -9.048187e-01 0.000000e+00
      outer loop
         vertex -1.573263e+04 2.418532e+03 2.000000e-01
         vertex -1.573268e+04 2.418509e+03 2.000000e-01
         vertex -1.573263e+04 2.418532e+03 0.000000e+00
      endloop
   endfacet
   facet normal 4.257970e-01 -9.048187e-01 0.000000e+00
      outer loop
         vertex -1.573263e+04 2.418532e+03 0.000000e+00
         vertex -1.573268e+04 2.418509e+03 2.000000e-01
         vertex -1.573268e+04 2.418509e+03 0.000000e+00
      endloop
   endfacet
   facet normal 4.481077e-01 -8.939796e-01 0.000000e+00
      outer loop
         vertex -1.572996e+04 2.419870e+03 2.000000e-01
         vertex -1.573263e+04 2.418532e+03 2.000000e-01
         vertex -1.572996e+04 2.419870e+03 0.000000e+00
      endloop
   endfacet
   facet normal 4.481077e-01 -8.939796e-01 0.000000e+00
      outer loop
         vertex -1.572996e+04 2.419870e+03 0.000000e+00
         vertex -1.573263e+04 2.418532e+03 2.000000e-01
         vertex -1.573263e+04 2.418532e+03 0.000000e+00
      endloop
   endfacet
   facet normal 4.436957e-01 -8.961775e-01 0.000000e+00
      outer loop
         vertex -1.572991e+04 2.419894e+03 2.000000e-01
         vertex -1.572996e+04 2.419870e+03 2.000000e-01
         vertex -1.572991e+04 2.419894e+03 -1.084202e-16
      endloop
   endfacet
   facet normal 4.436957e-01 -8.961775e-01 0.000000e+00
      outer loop
         vertex -1.572991e+04 2.419894e+03 -1.084202e-16
         vertex -1.572996e+04 2.419870e+03 2.000000e-01
         vertex -1.572996e+04 2.419870e+03 -1.084202e-16
      endloop
   endfacet
   facet normal 4.718400e-01 -8.816842e-01 0.000000e+00
      outer loop
         vertex -1.572728e+04 2.421302e+03 2.000000e-01
         vertex -1.572991e+04 2.419894e+03 2.000000e-01
         vertex -1.572728e+04 2.421302e+03 0.000000e+00
      endloop
   endfacet
   facet normal 4.718400e-01 -8.816842e-01 0.000000e+00
      outer loop
         vertex -1.572728e+04 2.421302e+03 0.000000e+00
         vertex -1.572991e+04 2.419894e+03 2.000000e-01
         vertex -1.572991e+04 2.419894e+03 0.000000e+00
      endloop
   endfacet
   facet normal 4.860215e-01 -8.739469e-01 0.000000e+00
      outer loop
         vertex -1.572724e+04 2.421328e+03 2.000000e-01
         vertex -1.572728e+04 2.421302e+03 2.000000e-01
         vertex -1.572724e+04 2.421328e+03 -1.084202e-16
      endloop
   endfacet
   facet normal 4.860215e-01 -8.739469e-01 0.000000e+00
      outer loop
         vertex -1.572724e+04 2.421328e+03 -1.084202e-16
         vertex -1.572728e+04 2.421302e+03 2.000000e-01
         vertex -1.572728e+04 2.421302e+03 -1.084202e-16
      endloop
   endfacet
   facet normal 4.948386e-01 -8.689849e-01 0.000000e+00
      outer loop
         vertex -1.572464e+04 2.422804e+03 2.000000e-01
         vertex -1.572724e+04 2.421328e+03 2.000000e-01
         vertex -1.572464e+04 2.422804e+03 0.000000e+00
      endloop
   endfacet
   facet normal 4.948386e-01 -8.689849e-01 0.000000e+00
      outer loop
         vertex -1.572464e+04 2.422804e+03 0.000000e+00
         vertex -1.572724e+04 2.421328e+03 2.000000e-01
         vertex -1.572724e+04 2.421328e+03 0.000000e+00
      endloop
   endfacet
   facet normal 5.072163e-01 -8.618188e-01 0.000000e+00
      outer loop
         vertex -1.572460e+04 2.422831e+03 2.000000e-01
         vertex -1.572464e+04 2.422804e+03 2.000000e-01
         vertex -1.572460e+04 2.422831e+03 0.000000e+00
      endloop
   endfacet
   facet normal 5.072163e-01 -8.618188e-01 0.000000e+00
      outer loop
         vertex -1.572460e+04 2.422831e+03 0.000000e+00
         vertex -1.572464e+04 2.422804e+03 2.000000e-01
         vertex -1.572464e+04 2.422804e+03 0.000000e+00
      endloop
   endfacet
   facet normal 5.179259e-01 -8.554255e-01 0.000000e+00
      outer loop
         vertex -1.572205e+04 2.424375e+03 2.000000e-01
         vertex -1.572460e+04 2.422831e+03 2.000000e-01
         vertex -1.572205e+04 2.424375e+03 -1.084202e-16
      endloop
   endfacet
   facet normal 5.179259e-01 -8.554255e-01 0.000000e+00
      outer loop
         vertex -1.572205e+04 2.424375e+03 -1.084202e-16
         vertex -1.572460e+04 2.422831e+03 2.000000e-01
         vertex -1.572460e+04 2.422831e+03 -1.084202e-16
      endloop
   endfacet
   facet normal 5.283742e-01 -8.490116e-01 0.000000e+00
      outer loop
         vertex -1.572200e+04 2.424403e+03 2.000000e-01
         vertex -1.572205e+04 2.424375e+03 2.000000e-01
         vertex -1.572200e+04 2.424403e+03 0.000000e+00
      endloop
   endfacet
   facet normal 5.283742e-01 -8.490116e-01 0.000000e+00
      outer loop
         vertex -1.572200e+04 2.424403e+03 0.000000e+00
         vertex -1.572205e+04 2.424375e+03 2.000000e-01
         vertex -1.572205e+04 2.424375e+03 0.000000e+00
      endloop
   endfacet
   facet normal 5.404906e-01 -8.413501e-01 0.000000e+00
      outer loop
         vertex -1.571950e+04 2.426013e+03 2.000000e-01
         vertex -1.572200e+04 2.424403e+03 2.000000e-01
         vertex -1.571950e+04 2.426013e+03 0.000000e+00
      endloop
   endfacet
   facet normal 5.404906e-01 -8.413501e-01 0.000000e+00
      outer loop
         vertex -1.571950e+04 2.426013e+03 0.000000e+00
         vertex -1.572200e+04 2.424403e+03 2.000000e-01
         vertex -1.572200e+04 2.424403e+03 0.000000e+00
      endloop
   endfacet
   facet normal 5.567379e-01 -8.306882e-01 0.000000e+00
      outer loop
         vertex -1.571945e+04 2.426043e+03 2.000000e-01
         vertex -1.571950e+04 2.426013e+03 2.000000e-01
         vertex -1.571945e+04 2.426043e+03 0.000000e+00
      endloop
   endfacet
   facet normal 5.567379e-01 -8.306882e-01 0.000000e+00
      outer loop
         vertex -1.571945e+04 2.426043e+03 0.000000e+00
         vertex -1.571950e+04 2.426013e+03 2.000000e-01
         vertex -1.571950e+04 2.426013e+03 0.000000e+00
      endloop
   endfacet
   facet normal 5.628644e-01 -8.265493e-01 0.000000e+00
      outer loop
         vertex -1.571699e+04 2.427718e+03 2.000000e-01
         vertex -1.571945e+04 2.426043e+03 2.000000e-01
         vertex -1.571699e+04 2.427718e+03 -1.084202e-16
      endloop
   endfacet
   facet normal 5.628644e-01 -8.265493e-01 0.000000e+00
      outer loop
         vertex -1.571699e+04 2.427718e+03 -1.084202e-16
         vertex -1.571945e+04 2.426043e+03 2.000000e-01
         vertex -1.571945e+04 2.426043e+03 -1.084202e-16
      endloop
   endfacet
   facet normal 5.854906e-01 -8.106792e-01 0.000000e+00
      outer loop
         vertex -1.571695e+04 2.427749e+03 2.000000e-01
         vertex -1.571699e+04 2.427718e+03 2.000000e-01
         vertex -1.571695e+04 2.427749e+03 0.000000e+00
      endloop
   endfacet
   facet normal 5.854906e-01 -8.106792e-01 0.000000e+00
      outer loop
         vertex -1.571695e+04 2.427749e+03 0.000000e+00
         vertex -1.571699e+04 2.427718e+03 2.000000e-01
         vertex -1.571699e+04 2.427718e+03 0.000000e+00
      endloop
   endfacet
   facet normal 5.847648e-01 -8.112029e-01 0.000000e+00
      outer loop
         vertex -1.571454e+04 2.429489e+03 2.000000e-01
         vertex -1.571695e+04 2.427749e+03 2.000000e-01
         vertex -1.571454e+04 2.429489e+03 0.000000e+00
      endloop
   endfacet
   facet normal 5.847648e-01 -8.112029e-01 0.000000e+00
      outer loop
         vertex -1.571454e+04 2.429489e+03 0.000000e+00
         vertex -1.571695e+04 2.427749e+03 2.000000e-01
         vertex -1.571695e+04 2.427749e+03 0.000000e+00
      endloop
   endfacet
   facet normal 6.000000e-01 -8.000000e-01 0.000000e+00
      outer loop
         vertex -1.571449e+04 2.429521e+03 2.000000e-01
         vertex -1.571454e+04 2.429489e+03 2.000000e-01
         vertex -1.571449e+04 2.429521e+03 0.000000e+00
      endloop
   endfacet
   facet normal 6.000000e-01 -8.000000e-01 0.000000e+00
      outer loop
         vertex -1.571449e+04 2.429521e+03 0.000000e+00
         vertex -1.571454e+04 2.429489e+03 2.000000e-01
         vertex -1.571454e+04 2.429489e+03 0.000000e+00
      endloop
   endfacet
   facet normal 6.063477e-01 -7.951996e-01 0.000000e+00
      outer loop
         vertex -1.571213e+04 2.431323e+03 2.000000e-01
         vertex -1.571449e+04 2.429521e+03 2.000000e-01
         vertex -1.571213e+04 2.431323e+03 0.000000e+00
      endloop
   endfacet
   facet normal 6.063477e-01 -7.951996e-01 0.000000e+00
      outer loop
         vertex -1.571213e+04 2.431323e+03 0.000000e+00
         vertex -1.571449e+04 2.429521e+03 2.000000e-01
         vertex -1.571449e+04 2.429521e+03 0.000000e+00
      endloop
   endfacet
   facet normal 6.193614e-01 -7.851060e-01 0.000000e+00
      outer loop
         vertex -1.571209e+04 2.431357e+03 2.000000e-01
         vertex -1.571213e+04 2.431323e+03 2.000000e-01
         vertex -1.571209e+04 2.431357e+03 -1.084202e-16
      endloop
   endfacet
   facet normal 6.193614e-01 -7.851060e-01 0.000000e+00
      outer loop
         vertex -1.571209e+04 2.431357e+03 -1.084202e-16
         vertex -1.571213e+04 2.431323e+03 2.000000e-01
         vertex -1.571213e+04 2.431323e+03 -1.084202e-16
      endloop
   endfacet
   facet normal 6.277352e-01 -7.784270e-01 0.000000e+00
      outer loop
         vertex -1.570977e+04 2.433221e+03 2.000000e-01
         vertex -1.571209e+04 2.431357e+03 2.000000e-01
         vertex -1.570977e+04 2.433221e+03 -1.084202e-16
      endloop
   endfacet
   facet normal 6.277352e-01 -7.784270e-01 0.000000e+00
      outer loop
         vertex -1.570977e+04 2.433221e+03 -1.084202e-16
         vertex -1.571209e+04 2.431357e+03 2.000000e-01
         vertex -1.571209e+04 2.431357e+03 -1.084202e-16
      endloop
   endfacet
   facet normal 6.366497e-01 -7.711531e-01 0.000000e+00
      outer loop
         vertex -1.570973e+04 2.433255e+03 2.000000e-01
         vertex -1.570977e+04 2.433221e+03 2.000000e-01
         vertex -1.570973e+04 2.433255e+03 0.000000e+00
      endloop
   endfacet
   facet normal 6.366497e-01 -7.711531e-01 0.000000e+00
      outer loop
         vertex -1.570973e+04 2.433255e+03 0.000000e+00
         vertex -1.570977e+04 2.433221e+03 2.000000e-01
         vertex -1.570977e+04 2.433221e+03 0.000000e+00
      endloop
   endfacet
   facet normal 6.482078e-01 -7.614635e-01 0.000000e+00
      outer loop
         vertex -1.570747e+04 2.435179e+03 2.000000e-01
         vertex -1.570973e+04 2.433255e+03 2.000000e-01
         vertex -1.570747e+04 2.435179e+03 0.000000e+00
      endloop
   endfacet
   facet normal 6.482078e-01 -7.614635e-01 0.000000e+00
      outer loop
         vertex -1.570747e+04 2.435179e+03 0.000000e+00
         vertex -1.570973e+04 2.433255e+03 2.000000e-01
         vertex -1.570973e+04 2.433255e+03 0.000000e+00
      endloop
   endfacet
   facet normal 6.684754e-01 -7.437342e-01 0.000000e+00
      outer loop
         vertex -1.570743e+04 2.435215e+03 2.000000e-01
         vertex -1.570747e+04 2.435179e+03 2.000000e-01
         vertex -1.570743e+04 2.435215e+03 -1.084202e-16
      endloop
   endfacet
   facet normal 6.684754e-01 -7.437342e-01 0.000000e+00
      outer loop
         vertex -1.570743e+04 2.435215e+03 -1.084202e-16
         vertex -1.570747e+04 2.435179e+03 2.000000e-01
         vertex -1.570747e+04 2.435179e+03 -1.084202e-16
      endloop
   endfacet
   facet normal 6.685114e-01 -7.437019e-01 0.000000e+00
      outer loop
         vertex -1.570523e+04 2.437197e+03 2.000000e-01
         vertex -1.570743e+04 2.435215e+03 2.000000e-01
         vertex -1.570523e+04 2.437197e+03 -1.084202e-16
      endloop
   endfacet
   facet normal 6.685114e-01 -7.437019e-01 0.000000e+00
      outer loop
         vertex -1.570523e+04 2.437197e+03 -1.084202e-16
         vertex -1.570743e+04 2.435215e+03 2.000000e-01
         vertex -1.570743e+04 2.435215e+03 -1.084202e-16
      endloop
   endfacet
   facet normal 6.780984e-01 -7.349711e-01 0.000000e+00
      outer loop
         vertex -1.570519e+04 2.437234e+03 2.000000e-01
         vertex -1.570523e+04 2.437197e+03 2.000000e-01
         vertex -1.570519e+04 2.437234e+03 0.000000e+00
      endloop
   endfacet
   facet normal 6.780984e-01 -7.349711e-01 0.000000e+00
      outer loop
         vertex -1.570519e+04 2.437234e+03 0.000000e+00
         vertex -1.570523e+04 2.437197e+03 2.000000e-01
         vertex -1.570523e+04 2.437197e+03 0.000000e+00
      endloop
   endfacet
   facet normal 6.885633e-01 -7.251762e-01 0.000000e+00
      outer loop
         vertex -1.570304e+04 2.439274e+03 2.000000e-01
         vertex -1.570519e+04 2.437234e+03 2.000000e-01
         vertex -1.570304e+04 2.439274e+03 0.000000e+00
      endloop
   endfacet
   facet normal 6.885633e-01 -7.251762e-01 0.000000e+00
      outer loop
         vertex -1.570304e+04 2.439274e+03 0.000000e+00
         vertex -1.570519e+04 2.437234e+03 2.000000e-01
         vertex -1.570519e+04 2.437234e+03 0.000000e+00
      endloop
   endfacet
   facet normal 6.960775e-01 -7.179667e-01 0.000000e+00
      outer loop
         vertex -1.570300e+04 2.439312e+03 2.000000e-01
         vertex -1.570304e+04 2.439274e+03 2.000000e-01
         vertex -1.570300e+04 2.439312e+03 0.000000e+00
      endloop
   endfacet
   facet normal 6.960775e-01 -7.179667e-01 0.000000e+00
      outer loop
         vertex -1.570300e+04 2.439312e+03 0.000000e+00
         vertex -1.570304e+04 2.439274e+03 2.000000e-01
         vertex -1.570304e+04 2.439274e+03 0.000000e+00
      endloop
   endfacet
   facet normal 7.078713e-01 -7.063414e-01 0.000000e+00
      outer loop
         vertex -1.570091e+04 2.441408e+03 2.000000e-01
         vertex -1.570300e+04 2.439312e+03 2.000000e-01
         vertex -1.570091e+04 2.441408e+03 0.000000e+00
      endloop
   endfacet
   facet normal 7.078713e-01 -7.063414e-01 0.000000e+00
      outer loop
         vertex -1.570091e+04 2.441408e+03 0.000000e+00
         vertex -1.570300e+04 2.439312e+03 2.000000e-01
         vertex -1.570300e+04 2.439312e+03 0.000000e+00
      endloop
   endfacet
   facet normal 7.245581e-01 -6.892138e-01 0.000000e+00
      outer loop
         vertex -1.570087e+04 2.441447e+03 2.000000e-01
         vertex -1.570091e+04 2.441408e+03 2.000000e-01
         vertex -1.570087e+04 2.441447e+03 0.000000e+00
      endloop
   endfacet
   facet normal 7.245581e-01 -6.892138e-01 0.000000e+00
      outer loop
         vertex -1.570087e+04 2.441447e+03 0.000000e+00
         vertex -1.570091e+04 2.441408e+03 2.000000e-01
         vertex -1.570091e+04 2.441408e+03 0.000000e+00
      endloop
   endfacet
   facet normal 7.267315e-01 -6.869216e-01 0.000000e+00
      outer loop
         vertex -1.569884e+04 2.443597e+03 2.000000e-01
         vertex -1.570087e+04 2.441447e+03 2.000000e-01
         vertex -1.569884e+04 2.443597e+03 -1.084202e-16
      endloop
   endfacet
   facet normal 7.267315e-01 -6.869216e-01 0.000000e+00
      outer loop
         vertex -1.569884e+04 2.443597e+03 -1.084202e-16
         vertex -1.570087e+04 2.441447e+03 2.000000e-01
         vertex -1.570087e+04 2.441447e+03 -1.084202e-16
      endloop
   endfacet
   facet normal 7.307642e-01 -6.826300e-01 0.000000e+00
      outer loop
         vertex -1.569880e+04 2.443637e+03 2.000000e-01
         vertex -1.569884e+04 2.443597e+03 2.000000e-01
         vertex -1.569880e+04 2.443637e+03 0.000000e+00
      endloop
   endfacet
   facet normal 7.307642e-01 -6.826300e-01 0.000000e+00
      outer loop
         vertex -1.569880e+04 2.443637e+03 0.000000e+00
         vertex -1.569884e+04 2.443597e+03 2.000000e-01
         vertex -1.569884e+04 2.443597e+03 0.000000e+00
      endloop
   endfacet
   facet normal 7.449122e-01 -6.671626e-01 0.000000e+00
      outer loop
         vertex -1.569683e+04 2.445839e+03 2.000000e-01
         vertex -1.569880e+04 2.443637e+03 2.000000e-01
         vertex -1.569683e+04 2.445839e+03 0.000000e+00
      endloop
   endfacet
   facet normal 7.449122e-01 -6.671626e-01 0.000000e+00
      outer loop
         vertex -1.569683e+04 2.445839e+03 0.000000e+00
         vertex -1.569880e+04 2.443637e+03 2.000000e-01
         vertex -1.569880e+04 2.443637e+03 0.000000e+00
      endloop
   endfacet
   facet normal 7.580109e-01 -6.522419e-01 0.000000e+00
      outer loop
         vertex -1.569680e+04 2.445880e+03 2.000000e-01
         vertex -1.569683e+04 2.445839e+03 2.000000e-01
         vertex -1.569680e+04 2.445880e+03 0.000000e+00
      endloop
   endfacet
   facet normal 7.580109e-01 -6.522419e-01 0.000000e+00
      outer loop
         vertex -1.569680e+04 2.445880e+03 0.000000e+00
         vertex -1.569683e+04 2.445839e+03 2.000000e-01
         vertex -1.569683e+04 2.445839e+03 0.000000e+00
      endloop
   endfacet
   facet normal 7.628902e-01 -6.465281e-01 0.000000e+00
      outer loop
         vertex -1.569489e+04 2.448134e+03 2.000000e-01
         vertex -1.569680e+04 2.445880e+03 2.000000e-01
         vertex -1.569489e+04 2.448134e+03 0.000000e+00
      endloop
   endfacet
   facet normal 7.628902e-01 -6.465281e-01 0.000000e+00
      outer loop
         vertex -1.569489e+04 2.448134e+03 0.000000e+00
         vertex -1.569680e+04 2.445880e+03 2.000000e-01
         vertex -1.569680e+04 2.445880e+03 0.000000e+00
      endloop
   endfacet
   facet normal 7.739573e-01 -6.332378e-01 0.000000e+00
      outer loop
         vertex -1.569485e+04 2.448176e+03 2.000000e-01
         vertex -1.569489e+04 2.448134e+03 2.000000e-01
         vertex -1.569485e+04 2.448176e+03 0.000000e+00
      endloop
   endfacet
   facet normal 7.739573e-01 -6.332378e-01 0.000000e+00
      outer loop
         vertex -1.569485e+04 2.448176e+03 0.000000e+00
         vertex -1.569489e+04 2.448134e+03 2.000000e-01
         vertex -1.569489e+04 2.448134e+03 0.000000e+00
      endloop
   endfacet
   facet normal 7.800803e-01 -6.256794e-01 0.000000e+00
      outer loop
         vertex -1.569300e+04 2.450479e+03 2.000000e-01
         vertex -1.569485e+04 2.448176e+03 2.000000e-01
         vertex -1.569300e+04 2.450479e+03 0.000000e+00
      endloop
   endfacet
   facet normal 7.800803e-01 -6.256794e-01 0.000000e+00
      outer loop
         vertex -1.569300e+04 2.450479e+03 0.000000e+00
         vertex -1.569485e+04 2.448176e+03 2.000000e-01
         vertex -1.569485e+04 2.448176e+03 0.000000e+00
      endloop
   endfacet
   facet normal 7.978673e-01 -6.028331e-01 0.000000e+00
      outer loop
         vertex -1.569297e+04 2.450522e+03 2.000000e-01
         vertex -1.569300e+04 2.450479e+03 2.000000e-01
         vertex -1.569297e+04 2.450522e+03 0.000000e+00
      endloop
   endfacet
   facet normal 7.978673e-01 -6.028331e-01 0.000000e+00
      outer loop
         vertex -1.569297e+04 2.450522e+03 0.000000e+00
         vertex -1.569300e+04 2.450479e+03 2.000000e-01
         vertex -1.569300e+04 2.450479e+03 0.000000e+00
      endloop
   endfacet
   facet normal 7.968764e-01 -6.041424e-01 0.000000e+00
      outer loop
         vertex -1.569119e+04 2.452873e+03 2.000000e-01
         vertex -1.569297e+04 2.450522e+03 2.000000e-01
         vertex -1.569119e+04 2.452873e+03 0.000000e+00
      endloop
   endfacet
   facet normal 7.968764e-01 -6.041424e-01 0.000000e+00
      outer loop
         vertex -1.569119e+04 2.452873e+03 0.000000e+00
         vertex -1.569297e+04 2.450522e+03 2.000000e-01
         vertex -1.569297e+04 2.450522e+03 0.000000e+00
      endloop
   endfacet
   facet normal 8.140307e-01 -5.808219e-01 0.000000e+00
      outer loop
         vertex -1.569116e+04 2.452917e+03 2.000000e-01
         vertex -1.569119e+04 2.452873e+03 2.000000e-01
         vertex -1.569116e+04 2.452917e+03 -1.084202e-16
      endloop
   endfacet
   facet normal 8.140307e-01 -5.808219e-01 0.000000e+00
      outer loop
         vertex -1.569116e+04 2.452917e+03 -1.084202e-16
         vertex -1.569119e+04 2.452873e+03 2.000000e-01
         vertex -1.569119e+04 2.452873e+03 -1.084202e-16
      endloop
   endfacet
   facet normal 8.128854e-01 -5.824236e-01 0.000000e+00
      outer loop
         vertex -1.568944e+04 2.455313e+03 2.000000e-01
         vertex -1.569116e+04 2.452917e+03 2.000000e-01
         vertex -1.568944e+04 2.455313e+03 -1.084202e-16
      endloop
   endfacet
   facet normal 8.128854e-01 -5.824236e-01 0.000000e+00
      outer loop
         vertex -1.568944e+04 2.455313e+03 -1.084202e-16
         vertex -1.569116e+04 2.452917e+03 2.000000e-01
         vertex -1.569116e+04 2.452917e+03 -1.084202e-16
      endloop
   endfacet
   facet normal 8.279843e-01 -5.607513e-01 0.000000e+00
      outer loop
         vertex -1.568941e+04 2.455358e+03 2.000000e-01
         vertex -1.568944e+04 2.455313e+03 2.000000e-01
         vertex -1.568941e+04 2.455358e+03 -1.084202e-16
      endloop
   endfacet
   facet normal 8.279843e-01 -5.607513e-01 0.000000e+00
      outer loop
         vertex -1.568941e+04 2.455358e+03 -1.084202e-16
         vertex -1.568944e+04 2.455313e+03 2.000000e-01
         vertex -1.568944e+04 2.455313e+03 -1.084202e-16
      endloop
   endfacet
   facet normal 8.286478e-01 -5.597703e-01 0.000000e+00
      outer loop
         vertex -1.568776e+04 2.457799e+03 2.000000e-01
         vertex -1.568941e+04 2.455358e+03 2.000000e-01
         vertex -1.568776e+04 2.457799e+03 0.000000e+00
      endloop
   endfacet
   facet normal 8.286478e-01 -5.597703e-01 0.000000e+00
      outer loop
         vertex -1.568776e+04 2.457799e+03 0.000000e+00
         vertex -1.568941e+04 2.455358e+03 2.000000e-01
         vertex -1.568941e+04 2.455358e+03 0.000000e+00
      endloop
   endfacet
   facet normal 8.333765e-01 -5.527057e-01 0.000000e+00
      outer loop
         vertex -1.568773e+04 2.457845e+03 2.000000e-01
         vertex -1.568776e+04 2.457799e+03 2.000000e-01
         vertex -1.568773e+04 2.457845e+03 -1.084202e-16
      endloop
   endfacet
   facet normal 8.333765e-01 -5.527057e-01 0.000000e+00
      outer loop
         vertex -1.568773e+04 2.457845e+03 -1.084202e-16
         vertex -1.568776e+04 2.457799e+03 2.000000e-01
         vertex -1.568776e+04 2.457799e+03 -1.084202e-16
      endloop
   endfacet
   facet normal 8.436515e-01 -5.368912e-01 0.000000e+00
      outer loop
         vertex -1.568615e+04 2.460328e+03 2.000000e-01
         vertex -1.568773e+04 2.457845e+03 2.000000e-01
         vertex -1.568615e+04 2.460328e+03 -1.084202e-16
      endloop
   endfacet
   facet normal 8.436515e-01 -5.368912e-01 0.000000e+00
      outer loop
         vertex -1.568615e+04 2.460328e+03 -1.084202e-16
         vertex -1.568773e+04 2.457845e+03 2.000000e-01
         vertex -1.568773e+04 2.457845e+03 -1.084202e-16
      endloop
   endfacet
   facet normal 8.617092e-01 -5.074024e-01 0.000000e+00
      outer loop
         vertex -1.568612e+04 2.460375e+03 2.000000e-01
         vertex -1.568615e+04 2.460328e+03 2.000000e-01
         vertex -1.568612e+04 2.460375e+03 0.000000e+00
      endloop
   endfacet
   facet normal 8.617092e-01 -5.074024e-01 0.000000e+00
      outer loop
         vertex -1.568612e+04 2.460375e+03 0.000000e+00
         vertex -1.568615e+04 2.460328e+03 2.000000e-01
         vertex -1.568615e+04 2.460328e+03 0.000000e+00
      endloop
   endfacet
   facet normal 8.580503e-01 -5.135657e-01 0.000000e+00
      outer loop
         vertex -1.568461e+04 2.462899e+03 2.000000e-01
         vertex -1.568612e+04 2.460375e+03 2.000000e-01
         vertex -1.568461e+04 2.462899e+03 0.000000e+00
      endloop
   endfacet
   facet normal 8.580503e-01 -5.135657e-01 0.000000e+00
      outer loop
         vertex -1.568461e+04 2.462899e+03 0.000000e+00
         vertex -1.568612e+04 2.460375e+03 2.000000e-01
         vertex -1.568612e+04 2.460375e+03 0.000000e+00
      endloop
   endfacet
   facet normal 8.617092e-01 -5.074024e-01 0.000000e+00
      outer loop
         vertex -1.568458e+04 2.462946e+03 2.000000e-01
         vertex -1.568461e+04 2.462899e+03 2.000000e-01
         vertex -1.568458e+04 2.462946e+03 -1.084202e-16
      endloop
   endfacet
   facet normal 8.617092e-01 -5.074024e-01 0.000000e+00
      outer loop
         vertex -1.568458e+04 2.462946e+03 -1.084202e-16
         vertex -1.568461e+04 2.462899e+03 2.000000e-01
         vertex -1.568461e+04 2.462899e+03 -1.084202e-16
      endloop
   endfacet
   facet normal 8.718137e-01 -4.898376e-01 0.000000e+00
      outer loop
         vertex -1.568314e+04 2.465509e+03 2.000000e-01
         vertex -1.568458e+04 2.462946e+03 2.000000e-01
         vertex -1.568314e+04 2.465509e+03 0.000000e+00
      endloop
   endfacet
   facet normal 8.718137e-01 -4.898376e-01 0.000000e+00
      outer loop
         vertex -1.568314e+04 2.465509e+03 0.000000e+00
         vertex -1.568458e+04 2.462946e+03 2.000000e-01
         vertex -1.568458e+04 2.462946e+03 0.000000e+00
      endloop
   endfacet
   facet normal 8.818691e-01 -4.714944e-01 0.000000e+00
      outer loop
         vertex -1.568312e+04 2.465557e+03 2.000000e-01
         vertex -1.568314e+04 2.465509e+03 2.000000e-01
         vertex -1.568312e+04 2.465557e+03 0.000000e+00
      endloop
   endfacet
   facet normal 8.818691e-01 -4.714944e-01 0.000000e+00
      outer loop
         vertex -1.568312e+04 2.465557e+03 0.000000e+00
         vertex -1.568314e+04 2.465509e+03 2.000000e-01
         vertex -1.568314e+04 2.465509e+03 0.000000e+00
      endloop
   endfacet
   facet normal 8.850344e-01 -4.655257e-01 0.000000e+00
      outer loop
         vertex -1.568175e+04 2.468157e+03 2.000000e-01
         vertex -1.568312e+04 2.465557e+03 2.000000e-01
         vertex -1.568175e+04 2.468157e+03 0.000000e+00
      endloop
   endfacet
   facet normal 8.850344e-01 -4.655257e-01 0.000000e+00
      outer loop
         vertex -1.568175e+04 2.468157e+03 0.000000e+00
         vertex -1.568312e+04 2.465557e+03 2.000000e-01
         vertex -1.568312e+04 2.465557e+03 0.000000e+00
      endloop
   endfacet
   facet normal 8.918018e-01 -4.524263e-01 0.000000e+00
      outer loop
         vertex -1.568173e+04 2.468206e+03 2.000000e-01
         vertex -1.568175e+04 2.468157e+03 2.000000e-01
         vertex -1.568173e+04 2.468206e+03 0.000000e+00
      endloop
   endfacet
   facet normal 8.918018e-01 -4.524263e-01 0.000000e+00
      outer loop
         vertex -1.568173e+04 2.468206e+03 0.000000e+00
         vertex -1.568175e+04 2.468157e+03 2.000000e-01
         vertex -1.568175e+04 2.468157e+03 0.000000e+00
      endloop
   endfacet
   facet normal 8.973964e-01 -4.412253e-01 0.000000e+00
      outer loop
         vertex -1.568043e+04 2.470840e+03 2.000000e-01
         vertex -1.568173e+04 2.468206e+03 2.000000e-01
         vertex -1.568043e+04 2.470840e+03 0.000000e+00
      endloop
   endfacet
   facet normal 8.973964e-01 -4.412253e-01 0.000000e+00
      outer loop
         vertex -1.568043e+04 2.470840e+03 0.000000e+00
         vertex -1.568173e+04 2.468206e+03 2.000000e-01
         vertex -1.568173e+04 2.468206e+03 0.000000e+00
      endloop
   endfacet
   facet normal 8.961276e-01 -4.437965e-01 0.000000e+00
      outer loop
         vertex -1.568041e+04 2.470890e+03 2.000000e-01
         vertex -1.568043e+04 2.470840e+03 2.000000e-01
         vertex -1.568041e+04 2.470890e+03 -1.084202e-16
      endloop
   endfacet
   facet normal 8.961276e-01 -4.437965e-01 0.000000e+00
      outer loop
         vertex -1.568041e+04 2.470890e+03 -1.084202e-16
         vertex -1.568043e+04 2.470840e+03 2.000000e-01
         vertex -1.568043e+04 2.470840e+03 -1.084202e-16
      endloop
   endfacet
   facet normal 9.093340e-01 -4.160670e-01 0.000000e+00
      outer loop
         vertex -1.567919e+04 2.473558e+03 2.000000e-01
         vertex -1.568041e+04 2.470890e+03 2.000000e-01
         vertex -1.567919e+04 2.473558e+03 -1.084202e-16
      endloop
   endfacet
   facet normal 9.093340e-01 -4.160670e-01 0.000000e+00
      outer loop
         vertex -1.567919e+04 2.473558e+03 -1.084202e-16
         vertex -1.568041e+04 2.470890e+03 2.000000e-01
         vertex -1.568041e+04 2.470890e+03 -1.084202e-16
      endloop
   endfacet
   facet normal 9.159570e-01 -4.012764e-01 0.000000e+00
      outer loop
         vertex -1.567916e+04 2.473608e+03 2.000000e-01
         vertex -1.567919e+04 2.473558e+03 2.000000e-01
         vertex -1.567916e+04 2.473608e+03 0.000000e+00
      endloop
   endfacet
   facet normal 9.159570e-01 -4.012764e-01 0.000000e+00
      outer loop
         vertex -1.567916e+04 2.473608e+03 0.000000e+00
         vertex -1.567919e+04 2.473558e+03 2.000000e-01
         vertex -1.567919e+04 2.473558e+03 0.000000e+00
      endloop
   endfacet
   facet normal 9.203017e-01 -3.912095e-01 0.000000e+00
      outer loop
         vertex -1.567802e+04 2.476307e+03 2.000000e-01
         vertex -1.567916e+04 2.473608e+03 2.000000e-01
         vertex -1.567802e+04 2.476307e+03 0.000000e+00
      endloop
   endfacet
   facet normal 9.203017e-01 -3.912095e-01 0.000000e+00
      outer loop
         vertex -1.567802e+04 2.476307e+03 0.000000e+00
         vertex -1.567916e+04 2.473608e+03 2.000000e-01
         vertex -1.567916e+04 2.473608e+03 0.000000e+00
      endloop
   endfacet
   facet normal 9.248570e-01 -3.803150e-01 0.000000e+00
      outer loop
         vertex -1.567800e+04 2.476358e+03 2.000000e-01
         vertex -1.567802e+04 2.476307e+03 2.000000e-01
         vertex -1.567800e+04 2.476358e+03 0.000000e+00
      endloop
   endfacet
   facet normal 9.248570e-01 -3.803150e-01 0.000000e+00
      outer loop
         vertex -1.567800e+04 2.476358e+03 0.000000e+00
         vertex -1.567802e+04 2.476307e+03 2.000000e-01
         vertex -1.567802e+04 2.476307e+03 0.000000e+00
      endloop
   endfacet
   facet normal 9.308365e-01 -3.654359e-01 0.000000e+00
      outer loop
         vertex -1.567692e+04 2.479086e+03 2.000000e-01
         vertex -1.567800e+04 2.476358e+03 2.000000e-01
         vertex -1.567692e+04 2.479086e+03 0.000000e+00
      endloop
   endfacet
   facet normal 9.308365e-01 -3.654359e-01 0.000000e+00
      outer loop
         vertex -1.567692e+04 2.479086e+03 0.000000e+00
         vertex -1.567800e+04 2.476358e+03 2.000000e-01
         vertex -1.567800e+04 2.476358e+03 0.000000e+00
      endloop
   endfacet
   facet normal 9.308572e-01 -3.653832e-01 0.000000e+00
      outer loop
         vertex -1.567690e+04 2.479137e+03 2.000000e-01
         vertex -1.567692e+04 2.479086e+03 2.000000e-01
         vertex -1.567690e+04 2.479137e+03 0.000000e+00
      endloop
   endfacet
   facet normal 9.308572e-01 -3.653832e-01 0.000000e+00
      outer loop
         vertex -1.567690e+04 2.479137e+03 0.000000e+00
         vertex -1.567692e+04 2.479086e+03 2.000000e-01
         vertex -1.567692e+04 2.479086e+03 0.000000e+00
      endloop
   endfacet
   facet normal 9.405799e-01 -3.395725e-01 0.000000e+00
      outer loop
         vertex -1.567591e+04 2.481892e+03 2.000000e-01
         vertex -1.567690e+04 2.479137e+03 2.000000e-01
         vertex -1.567591e+04 2.481892e+03 0.000000e+00
      endloop
   endfacet
   facet normal 9.405799e-01 -3.395725e-01 0.000000e+00
      outer loop
         vertex -1.567591e+04 2.481892e+03 0.000000e+00
         vertex -1.567690e+04 2.479137e+03 2.000000e-01
         vertex -1.567690e+04 2.479137e+03 0.000000e+00
      endloop
   endfacet
   facet normal 9.442628e-01 -3.291925e-01 0.000000e+00
      outer loop
         vertex -1.567589e+04 2.481944e+03 2.000000e-01
         vertex -1.567591e+04 2.481892e+03 2.000000e-01
         vertex -1.567589e+04 2.481944e+03 -1.084202e-16
      endloop
   endfacet
   facet normal 9.442628e-01 -3.291925e-01 0.000000e+00
      outer loop
         vertex -1.567589e+04 2.481944e+03 -1.084202e-16
         vertex -1.567591e+04 2.481892e+03 2.000000e-01
         vertex -1.567591e+04 2.481892e+03 -1.084202e-16
      endloop
   endfacet
   facet normal 9.496238e-01 -3.133921e-01 0.000000e+00
      outer loop
         vertex -1.567497e+04 2.484724e+03 2.000000e-01
         vertex -1.567589e+04 2.481944e+03 2.000000e-01
         vertex -1.567497e+04 2.484724e+03 0.000000e+00
      endloop
   endfacet
   facet normal 9.496238e-01 -3.133921e-01 0.000000e+00
      outer loop
         vertex -1.567497e+04 2.484724e+03 0.000000e+00
         vertex -1.567589e+04 2.481944e+03 2.000000e-01
         vertex -1.567589e+04 2.481944e+03 0.000000e+00
      endloop
   endfacet
   facet normal 9.512228e-01 -3.085047e-01 0.000000e+00
      outer loop
         vertex -1.567496e+04 2.484777e+03 2.000000e-01
         vertex -1.567497e+04 2.484724e+03 2.000000e-01
         vertex -1.567496e+04 2.484777e+03 -1.084202e-16
      endloop
   endfacet
   facet normal 9.512228e-01 -3.085047e-01 0.000000e+00
      outer loop
         vertex -1.567496e+04 2.484777e+03 -1.084202e-16
         vertex -1.567497e+04 2.484724e+03 2.000000e-01
         vertex -1.567497e+04 2.484724e+03 -1.084202e-16
      endloop
   endfacet
   facet normal 9.578958e-01 -2.871162e-01 0.000000e+00
      outer loop
         vertex -1.567412e+04 2.487580e+03 2.000000e-01
         vertex -1.567496e+04 2.484777e+03 2.000000e-01
         vertex -1.567412e+04 2.487580e+03 0.000000e+00
      endloop
   endfacet
   facet normal 9.578958e-01 -2.871162e-01 0.000000e+00
      outer loop
         vertex -1.567412e+04 2.487580e+03 0.000000e+00
         vertex -1.567496e+04 2.484777e+03 2.000000e-01
         vertex -1.567496e+04 2.484777e+03 0.000000e+00
      endloop
   endfacet
   facet normal 9.621639e-01 -2.724712e-01 0.000000e+00
      outer loop
         vertex -1.567410e+04 2.487634e+03 2.000000e-01
         vertex -1.567412e+04 2.487580e+03 2.000000e-01
         vertex -1.567410e+04 2.487634e+03 0.000000e+00
      endloop
   endfacet
   facet normal 9.621639e-01 -2.724712e-01 0.000000e+00
      outer loop
         vertex -1.567410e+04 2.487634e+03 0.000000e+00
         vertex -1.567412e+04 2.487580e+03 2.000000e-01
         vertex -1.567412e+04 2.487580e+03 0.000000e+00
      endloop
   endfacet
   facet normal 9.653911e-01 -2.608064e-01 0.000000e+00
      outer loop
         vertex -1.567334e+04 2.490458e+03 2.000000e-01
         vertex -1.567410e+04 2.487634e+03 2.000000e-01
         vertex -1.567334e+04 2.490458e+03 0.000000e+00
      endloop
   endfacet
   facet normal 9.653911e-01 -2.608064e-01 0.000000e+00
      outer loop
         vertex -1.567334e+04 2.490458e+03 0.000000e+00
         vertex -1.567410e+04 2.487634e+03 2.000000e-01
         vertex -1.567410e+04 2.487634e+03 0.000000e+00
      endloop
   endfacet
   facet normal 9.706457e-01 -2.405140e-01 0.000000e+00
      outer loop
         vertex -1.567333e+04 2.490512e+03 2.000000e-01
         vertex -1.567334e+04 2.490458e+03 2.000000e-01
         vertex -1.567333e+04 2.490512e+03 0.000000e+00
      endloop
   endfacet
   facet normal 9.706457e-01 -2.405140e-01 0.000000e+00
      outer loop
         vertex -1.567333e+04 2.490512e+03 0.000000e+00
         vertex -1.567334e+04 2.490458e+03 2.000000e-01
         vertex -1.567334e+04 2.490458e+03 0.000000e+00
      endloop
   endfacet
   facet normal 9.722762e-01 -2.338355e-01 0.000000e+00
      outer loop
         vertex -1.567264e+04 2.493355e+03 2.000000e-01
         vertex -1.567333e+04 2.490512e+03 2.000000e-01
         vertex -1.567264e+04 2.493355e+03 0.000000e+00
      endloop
   endfacet
   facet normal 9.722762e-01 -2.338355e-01 0.000000e+00
      outer loop
         vertex -1.567264e+04 2.493355e+03 0.000000e+00
         vertex -1.567333e+04 2.490512e+03 2.000000e-01
         vertex -1.567333e+04 2.490512e+03 0.000000e+00
      endloop
   endfacet
   facet normal 9.781808e-01 -2.077552e-01 0.000000e+00
      outer loop
         vertex -1.567263e+04 2.493409e+03 2.000000e-01
         vertex -1.567264e+04 2.493355e+03 2.000000e-01
         vertex -1.567263e+04 2.493409e+03 -1.084202e-16
      endloop
   endfacet
   facet normal 9.781808e-01 -2.077552e-01 0.000000e+00
      outer loop
         vertex -1.567263e+04 2.493409e+03 -1.084202e-16
         vertex -1.567264e+04 2.493355e+03 2.000000e-01
         vertex -1.567264e+04 2.493355e+03 -1.084202e-16
      endloop
   endfacet
   facet normal 9.783103e-01 -2.071447e-01 0.000000e+00
      outer loop
         vertex -1.567202e+04 2.496269e+03 2.000000e-01
         vertex -1.567263e+04 2.493409e+03 2.000000e-01
         vertex -1.567202e+04 2.496269e+03 0.000000e+00
      endloop
   endfacet
   facet normal 9.783103e-01 -2.071447e-01 0.000000e+00
      outer loop
         vertex -1.567202e+04 2.496269e+03 0.000000e+00
         vertex -1.567263e+04 2.493409e+03 2.000000e-01
         vertex -1.567263e+04 2.493409e+03 0.000000e+00
      endloop
   endfacet
   facet normal 9.848272e-01 -1.735378e-01 0.000000e+00
      outer loop
         vertex -1.567202e+04 2.496323e+03 2.000000e-01
         vertex -1.567202e+04 2.496269e+03 2.000000e-01
         vertex -1.567202e+04 2.496323e+03 0.000000e+00
      endloop
   endfacet
   facet normal 9.848272e-01 -1.735378e-01 0.000000e+00
      outer loop
         vertex -1.567202e+04 2.496323e+03 0.000000e+00
         vertex -1.567202e+04 2.496269e+03 2.000000e-01
         vertex -1.567202e+04 2.496269e+03 0.000000e+00
      endloop
   endfacet
   facet normal 9.837024e-01 -1.798043e-01 0.000000e+00
      outer loop
         vertex -1.567149e+04 2.499198e+03 2.000000e-01
         vertex -1.567202e+04 2.496323e+03 2.000000e-01
         vertex -1.567149e+04 2.499198e+03 0.000000e+00
      endloop
   endfacet
   facet normal 9.837024e-01 -1.798043e-01 0.000000e+00
      outer loop
         vertex -1.567149e+04 2.499198e+03 0.000000e+00
         vertex -1.567202e+04 2.496323e+03 2.000000e-01
         vertex -1.567202e+04 2.496323e+03 0.000000e+00
      endloop
   endfacet
   facet normal 9.880731e-01 -1.539854e-01 0.000000e+00
      outer loop
         vertex -1.567148e+04 2.499253e+03 2.000000e-01
         vertex -1.567149e+04 2.499198e+03 2.000000e-01
         vertex -1.567148e+04 2.499253e+03 -1.084202e-16
      endloop
   endfacet
   facet normal 9.880731e-01 -1.539854e-01 0.000000e+00
      outer loop
         vertex -1.567148e+04 2.499253e+03 -1.084202e-16
         vertex -1.567149e+04 2.499198e+03 2.000000e-01
         vertex -1.567149e+04 2.499198e+03 -1.084202e-16
      endloop
   endfacet
   facet normal 9.883169e-01 -1.524128e-01 0.000000e+00
      outer loop
         vertex -1.567104e+04 2.502141e+03 2.000000e-01
         vertex -1.567148e+04 2.499253e+03 2.000000e-01
         vertex -1.567104e+04 2.502141e+03 -1.084202e-16
      endloop
   endfacet
   facet normal 9.883169e-01 -1.524128e-01 0.000000e+00
      outer loop
         vertex -1.567104e+04 2.502141e+03 -1.084202e-16
         vertex -1.567148e+04 2.499253e+03 2.000000e-01
         vertex -1.567148e+04 2.499253e+03 -1.084202e-16
      endloop
   endfacet
   facet normal 9.905409e-01 -1.372178e-01 0.000000e+00
      outer loop
         vertex -1.567103e+04 2.502196e+03 2.000000e-01
         vertex -1.567104e+04 2.502141e+03 2.000000e-01
         vertex -1.567103e+04 2.502196e+03 0.000000e+00
      endloop
   endfacet
   facet normal 9.905409e-01 -1.372178e-01 0.000000e+00
      outer loop
         vertex -1.567103e+04 2.502196e+03 0.000000e+00
         vertex -1.567104e+04 2.502141e+03 2.000000e-01
         vertex -1.567104e+04 2.502141e+03 0.000000e+00
      endloop
   endfacet
   facet normal 9.921910e-01 -1.247279e-01 0.000000e+00
      outer loop
         vertex -1.567066e+04 2.505094e+03 2.000000e-01
         vertex -1.567103e+04 2.502196e+03 2.000000e-01
         vertex -1.567066e+04 2.505094e+03 0.000000e+00
      endloop
   endfacet
   facet normal 9.921910e-01 -1.247279e-01 0.000000e+00
      outer loop
         vertex -1.567066e+04 2.505094e+03 0.000000e+00
         vertex -1.567103e+04 2.502196e+03 2.000000e-01
         vertex -1.567103e+04 2.502196e+03 0.000000e+00
      endloop
   endfacet
   facet normal 9.945998e-01 -1.037843e-01 0.000000e+00
      outer loop
         vertex -1.567066e+04 2.505149e+03 2.000000e-01
         vertex -1.567066e+04 2.505094e+03 2.000000e-01
         vertex -1.567066e+04 2.505149e+03 0.000000e+00
      endloop
   endfacet
   facet normal 9.945998e-01 -1.037843e-01 0.000000e+00
      outer loop
         vertex -1.567066e+04 2.505149e+03 0.000000e+00
         vertex -1.567066e+04 2.505094e+03 2.000000e-01
         vertex -1.567066e+04 2.505094e+03 0.000000e+00
      endloop
   endfacet
   facet normal 9.952869e-01 -9.697375e-02 0.000000e+00
      outer loop
         vertex -1.567037e+04 2.508056e+03 2.000000e-01
         vertex -1.567066e+04 2.505149e+03 2.000000e-01
         vertex -1.567037e+04 2.508056e+03 -1.084202e-16
      endloop
   endfacet
   facet normal 9.952869e-01 -9.697375e-02 0.000000e+00
      outer loop
         vertex -1.567037e+04 2.508056e+03 -1.084202e-16
         vertex -1.567066e+04 2.505149e+03 2.000000e-01
         vertex -1.567066e+04 2.505149e+03 -1.084202e-16
      endloop
   endfacet
   facet normal 9.962729e-01 -8.625739e-02 0.000000e+00
      outer loop
         vertex -1.567037e+04 2.508111e+03 2.000000e-01
         vertex -1.567037e+04 2.508056e+03 2.000000e-01
         vertex -1.567037e+04 2.508111e+03 0.000000e+00
      endloop
   endfacet
   facet normal 9.962729e-01 -8.625739e-02 0.000000e+00
      outer loop
         vertex -1.567037e+04 2.508111e+03 0.000000e+00
         vertex -1.567037e+04 2.508056e+03 2.000000e-01
         vertex -1.567037e+04 2.508056e+03 0.000000e+00
      endloop
   endfacet
   facet normal 9.975775e-01 -6.956425e-02 0.000000e+00
      outer loop
         vertex -1.567017e+04 2.511024e+03 2.000000e-01
         vertex -1.567037e+04 2.508111e+03 2.000000e-01
         vertex -1.567017e+04 2.511024e+03 0.000000e+00
      endloop
   endfacet
   facet normal 9.975775e-01 -6.956425e-02 0.000000e+00
      outer loop
         vertex -1.567017e+04 2.511024e+03 0.000000e+00
         vertex -1.567037e+04 2.508111e+03 2.000000e-01
         vertex -1.567037e+04 2.508111e+03 0.000000e+00
      endloop
   endfacet
   facet normal 9.986988e-01 -5.099738e-02 0.000000e+00
      outer loop
         vertex -1.567016e+04 2.511080e+03 2.000000e-01
         vertex -1.567017e+04 2.511024e+03 2.000000e-01
         vertex -1.567016e+04 2.511080e+03 0.000000e+00
      endloop
   endfacet
   facet normal 9.986988e-01 -5.099738e-02 0.000000e+00
      outer loop
         vertex -1.567016e+04 2.511080e+03 0.000000e+00
         vertex -1.567017e+04 2.511024e+03 2.000000e-01
         vertex -1.567017e+04 2.511024e+03 0.000000e+00
      endloop
   endfacet
   facet normal 9.991256e-01 -4.181057e-02 0.000000e+00
      outer loop
         vertex -1.567004e+04 2.513997e+03 2.000000e-01
         vertex -1.567016e+04 2.511080e+03 2.000000e-01
         vertex -1.567004e+04 2.513997e+03 -1.084202e-16
      endloop
   endfacet
   facet normal 9.991256e-01 -4.181057e-02 0.000000e+00
      outer loop
         vertex -1.567004e+04 2.513997e+03 -1.084202e-16
         vertex -1.567016e+04 2.511080e+03 2.000000e-01
         vertex -1.567016e+04 2.511080e+03 -1.084202e-16
      endloop
   endfacet
   facet normal 9.998552e-01 -1.701881e-02 0.000000e+00
      outer loop
         vertex -1.567004e+04 2.514053e+03 2.000000e-01
         vertex -1.567004e+04 2.513997e+03 2.000000e-01
         vertex -1.567004e+04 2.514053e+03 -1.084202e-16
      endloop
   endfacet
   facet normal 9.998552e-01 -1.701881e-02 0.000000e+00
      outer loop
         vertex -1.567004e+04 2.514053e+03 -1.084202e-16
         vertex -1.567004e+04 2.513997e+03 2.000000e-01
         vertex -1.567004e+04 2.513997e+03 -1.084202e-16
      endloop
   endfacet
   facet normal 9.999013e-01 -1.404746e-02 0.000000e+00
      outer loop
         vertex -1.567000e+04 2.516972e+03 2.000000e-01
         vertex -1.567004e+04 2.514053e+03 2.000000e-01
         vertex -1.567000e+04 2.516972e+03 0.000000e+00
      endloop
   endfacet
   facet normal 9.999013e-01 -1.404746e-02 0.000000e+00
      outer loop
         vertex -1.567000e+04 2.516972e+03 0.000000e+00
         vertex -1.567004e+04 2.514053e+03 2.000000e-01
         vertex -1.567004e+04 2.514053e+03 0.000000e+00
      endloop
   endfacet
   facet normal 1.000000e+00 0.000000e+00 0.000000e+00
      outer loop
         vertex -1.567000e+04 2.517028e+03 2.000000e-01
         vertex -1.567000e+04 2.516972e+03 2.000000e-01
         vertex -1.567000e+04 2.517028e+03 0.000000e+00
      endloop
   endfacet
   facet normal 1.000000e+00 0.000000e+00 0.000000e+00
      outer loop
         vertex -1.567000e+04 2.517028e+03 0.000000e+00
         vertex -1.567000e+04 2.516972e+03 2.000000e-01
         vertex -1.567000e+04 2.516972e+03 0.000000e+00
      endloop
   endfacet
   facet normal 9.999013e-01 1.404746e-02 0.000000e+00
      outer loop
         vertex -1.567004e+04 2.519947e+03 2.000000e-01
         vertex -1.567000e+04 2.517028e+03 2.000000e-01
         vertex -1.567004e+04 2.519947e+03 0.000000e+00
      endloop
   endfacet
   facet normal 9.999013e-01 1.404746e-02 0.000000e+00
      outer loop
         vertex -1.567004e+04 2.519947e+03 0.000000e+00
         vertex -1.567000e+04 2.517028e+03 2.000000e-01
         vertex -1.567000e+04 2.517028e+03 0.000000e+00
      endloop
   endfacet
   facet normal 9.998552e-01 1.701881e-02 0.000000e+00
      outer loop
         vertex -1.567004e+04 2.520003e+03 2.000000e-01
         vertex -1.567004e+04 2.519947e+03 2.000000e-01
         vertex -1.567004e+04 2.520003e+03 0.000000e+00
      endloop
   endfacet
   facet normal 9.998552e-01 1.701881e-02 0.000000e+00
      outer loop
         vertex -1.567004e+04 2.520003e+03 0.000000e+00
         vertex -1.567004e+04 2.519947e+03 2.000000e-01
         vertex -1.567004e+04 2.519947e+03 0.000000e+00
      endloop
   endfacet
   facet normal 9.991254e-01 4.181398e-02 0.000000e+00
      outer loop
         vertex -1.567016e+04 2.522920e+03 2.000000e-01
         vertex -1.567004e+04 2.520003e+03 2.000000e-01
         vertex -1.567016e+04 2.522920e+03 -1.084202e-16
      endloop
   endfacet
   facet normal 9.991254e-01 4.181398e-02 0.000000e+00
      outer loop
         vertex -1.567016e+04 2.522920e+03 -1.084202e-16
         vertex -1.567004e+04 2.520003e+03 2.000000e-01
         vertex -1.567004e+04 2.520003e+03 -1.084202e-16
      endloop
   endfacet
   facet normal 9.986988e-01 5.099738e-02 0.000000e+00
      outer loop
         vertex -1.567017e+04 2.522976e+03 2.000000e-01
         vertex -1.567016e+04 2.522920e+03 2.000000e-01
         vertex -1.567017e+04 2.522976e+03 0.000000e+00
      endloop
   endfacet
   facet normal 9.986988e-01 5.099738e-02 0.000000e+00
      outer loop
         vertex -1.567017e+04 2.522976e+03 0.000000e+00
         vertex -1.567016e+04 2.522920e+03 2.000000e-01
         vertex -1.567016e+04 2.522920e+03 0.000000e+00
      endloop
   endfacet
   facet normal 9.975775e-01 6.956425e-02 0.000000e+00
      outer loop
         vertex -1.567037e+04 2.525889e+03 2.000000e-01
         vertex -1.567017e+04 2.522976e+03 2.000000e-01
         vertex -1.567037e+04 2.525889e+03 0.000000e+00
      endloop
   endfacet
   facet normal 9.975775e-01 6.956425e-02 0.000000e+00
      outer loop
         vertex -1.567037e+04 2.525889e+03 0.000000e+00
         vertex -1.567017e+04 2.522976e+03 2.000000e-01
         vertex -1.567017e+04 2.522976e+03 0.000000e+00
      endloop
   endfacet
   facet normal 9.962729e-01 8.625739e-02 0.000000e+00
      outer loop
         vertex -1.567037e+04 2.525944e+03 2.000000e-01
         vertex -1.567037e+04 2.525889e+03 2.000000e-01
         vertex -1.567037e+04 2.525944e+03 0.000000e+00
      endloop
   endfacet
   facet normal 9.962729e-01 8.625739e-02 0.000000e+00
      outer loop
         vertex -1.567037e+04 2.525944e+03 0.000000e+00
         vertex -1.567037e+04 2.525889e+03 2.000000e-01
         vertex -1.567037e+04 2.525889e+03 0.000000e+00
      endloop
   endfacet
   facet normal 9.952869e-01 9.697375e-02 0.000000e+00
      outer loop
         vertex -1.567066e+04 2.528851e+03 2.000000e-01
         vertex -1.567037e+04 2.525944e+03 2.000000e-01
         vertex -1.567066e+04 2.528851e+03 -1.084202e-16
      endloop
   endfacet
   facet normal 9.952869e-01 9.697375e-02 0.000000e+00
      outer loop
         vertex -1.567066e+04 2.528851e+03 -1.084202e-16
         vertex -1.567037e+04 2.525944e+03 2.000000e-01
         vertex -1.567037e+04 2.525944e+03 -1.084202e-16
      endloop
   endfacet
   facet normal 9.946461e-01 1.033399e-01 0.000000e+00
      outer loop
         vertex -1.567066e+04 2.528906e+03 2.000000e-01
         vertex -1.567066e+04 2.528851e+03 2.000000e-01
         vertex -1.567066e+04 2.528906e+03 -1.084202e-16
      endloop
   endfacet
   facet normal 9.946461e-01 1.033399e-01 0.000000e+00
      outer loop
         vertex -1.567066e+04 2.528906e+03 -1.084202e-16
         vertex -1.567066e+04 2.528851e+03 2.000000e-01
         vertex -1.567066e+04 2.528851e+03 -1.084202e-16
      endloop
   endfacet
   facet normal 9.921910e-01 1.247279e-01 0.000000e+00
      outer loop
         vertex -1.567103e+04 2.531804e+03 2.000000e-01
         vertex -1.567066e+04 2.528906e+03 2.000000e-01
         vertex -1.567103e+04 2.531804e+03 0.000000e+00
      endloop
   endfacet
   facet normal 9.921910e-01 1.247279e-01 0.000000e+00
      outer loop
         vertex -1.567103e+04 2.531804e+03 0.000000e+00
         vertex -1.567066e+04 2.528906e+03 2.000000e-01
         vertex -1.567066e+04 2.528906e+03 0.000000e+00
      endloop
   endfacet
   facet normal 9.904596e-01 1.378031e-01 0.000000e+00
      outer loop
         vertex -1.567104e+04 2.531859e+03 2.000000e-01
         vertex -1.567103e+04 2.531804e+03 2.000000e-01
         vertex -1.567104e+04 2.531859e+03 0.000000e+00
      endloop
   endfacet
   facet normal 9.904596e-01 1.378031e-01 0.000000e+00
      outer loop
         vertex -1.567104e+04 2.531859e+03 0.000000e+00
         vertex -1.567103e+04 2.531804e+03 2.000000e-01
         vertex -1.567103e+04 2.531804e+03 0.000000e+00
      endloop
   endfacet
   facet normal 9.883169e-01 1.524128e-01 0.000000e+00
      outer loop
         vertex -1.567148e+04 2.534747e+03 2.000000e-01
         vertex -1.567104e+04 2.531859e+03 2.000000e-01
         vertex -1.567148e+04 2.534747e+03 -1.084202e-16
      endloop
   endfacet
   facet normal 9.883169e-01 1.524128e-01 0.000000e+00
      outer loop
         vertex -1.567148e+04 2.534747e+03 -1.084202e-16
         vertex -1.567104e+04 2.531859e+03 2.000000e-01
         vertex -1.567104e+04 2.531859e+03 -1.084202e-16
      endloop
   endfacet
   facet normal 9.880731e-01 1.539854e-01 0.000000e+00
      outer loop
         vertex -1.567149e+04 2.534802e+03 2.000000e-01
         vertex -1.567148e+04 2.534747e+03 2.000000e-01
         vertex -1.567149e+04 2.534802e+03 0.000000e+00
      endloop
   endfacet
   facet normal 9.880731e-01 1.539854e-01 0.000000e+00
      outer loop
         vertex -1.567149e+04 2.534802e+03 0.000000e+00
         vertex -1.567148e+04 2.534747e+03 2.000000e-01
         vertex -1.567148e+04 2.534747e+03 0.000000e+00
      endloop
   endfacet
   facet normal 9.837050e-01 1.797899e-01 0.000000e+00
      outer loop
         vertex -1.567202e+04 2.537677e+03 2.000000e-01
         vertex -1.567149e+04 2.534802e+03 2.000000e-01
         vertex -1.567202e+04 2.537677e+03 0.000000e+00
      endloop
   endfacet
   facet normal 9.837050e-01 1.797899e-01 0.000000e+00
      outer loop
         vertex -1.567202e+04 2.537677e+03 0.000000e+00
         vertex -1.567149e+04 2.534802e+03 2.000000e-01
         vertex -1.567149e+04 2.534802e+03 0.000000e+00
      endloop
   endfacet
   facet normal 9.846957e-01 1.742824e-01 0.000000e+00
      outer loop
         vertex -1.567202e+04 2.537731e+03 2.000000e-01
         vertex -1.567202e+04 2.537677e+03 2.000000e-01
         vertex -1.567202e+04 2.537731e+03 0.000000e+00
      endloop
   endfacet
   facet normal 9.846957e-01 1.742824e-01 0.000000e+00
      outer loop
         vertex -1.567202e+04 2.537731e+03 0.000000e+00
         vertex -1.567202e+04 2.537677e+03 2.000000e-01
         vertex -1.567202e+04 2.537677e+03 0.000000e+00
      endloop
   endfacet
   facet normal 9.783103e-01 2.071447e-01 0.000000e+00
      outer loop
         vertex -1.567263e+04 2.540591e+03 2.000000e-01
         vertex -1.567202e+04 2.537731e+03 2.000000e-01
         vertex -1.567263e+04 2.540591e+03 0.000000e+00
      endloop
   endfacet
   facet normal 9.783103e-01 2.071447e-01 0.000000e+00
      outer loop
         vertex -1.567263e+04 2.540591e+03 0.000000e+00
         vertex -1.567202e+04 2.537731e+03 2.000000e-01
         vertex -1.567202e+04 2.537731e+03 0.000000e+00
      endloop
   endfacet
   facet normal 9.781808e-01 2.077552e-01 0.000000e+00
      outer loop
         vertex -1.567264e+04 2.540645e+03 2.000000e-01
         vertex -1.567263e+04 2.540591e+03 2.000000e-01
         vertex -1.567264e+04 2.540645e+03 -1.084202e-16
      endloop
   endfacet
   facet normal 9.781808e-01 2.077552e-01 0.000000e+00
      outer loop
         vertex -1.567264e+04 2.540645e+03 -1.084202e-16
         vertex -1.567263e+04 2.540591e+03 2.000000e-01
         vertex -1.567263e+04 2.540591e+03 -1.084202e-16
      endloop
   endfacet
   facet normal 9.722762e-01 2.338355e-01 0.000000e+00
      outer loop
         vertex -1.567333e+04 2.543488e+03 2.000000e-01
         vertex -1.567264e+04 2.540645e+03 2.000000e-01
         vertex -1.567333e+04 2.543488e+03 0.000000e+00
      endloop
   endfacet
   facet normal 9.722762e-01 2.338355e-01 0.000000e+00
      outer loop
         vertex -1.567333e+04 2.543488e+03 0.000000e+00
         vertex -1.567264e+04 2.540645e+03 2.000000e-01
         vertex -1.567264e+04 2.540645e+03 0.000000e+00
      endloop
   endfacet
   facet normal 9.706457e-01 2.405140e-01 0.000000e+00
      outer loop
         vertex -1.567334e+04 2.543542e+03 2.000000e-01
         vertex -1.567333e+04 2.543488e+03 2.000000e-01
         vertex -1.567334e+04 2.543542e+03 0.000000e+00
      endloop
   endfacet
   facet normal 9.706457e-01 2.405140e-01 0.000000e+00
      outer loop
         vertex -1.567334e+04 2.543542e+03 0.000000e+00
         vertex -1.567333e+04 2.543488e+03 2.000000e-01
         vertex -1.567333e+04 2.543488e+03 0.000000e+00
      endloop
   endfacet
   facet normal 9.653911e-01 2.608064e-01 0.000000e+00
      outer loop
         vertex -1.567410e+04 2.546366e+03 2.000000e-01
         vertex -1.567334e+04 2.543542e+03 2.000000e-01
         vertex -1.567410e+04 2.546366e+03 -1.084202e-16
      endloop
   endfacet
   facet normal 9.653911e-01 2.608064e-01 0.000000e+00
      outer loop
         vertex -1.567410e+04 2.546366e+03 -1.084202e-16
         vertex -1.567334e+04 2.543542e+03 2.000000e-01
         vertex -1.567334e+04 2.543542e+03 -1.084202e-16
      endloop
   endfacet
   facet normal 9.624781e-01 2.713595e-01 0.000000e+00
      outer loop
         vertex -1.567412e+04 2.546420e+03 2.000000e-01
         vertex -1.567410e+04 2.546366e+03 2.000000e-01
         vertex -1.567412e+04 2.546420e+03 0.000000e+00
      endloop
   endfacet
   facet normal 9.624781e-01 2.713595e-01 0.000000e+00
      outer loop
         vertex -1.567412e+04 2.546420e+03 0.000000e+00
         vertex -1.567410e+04 2.546366e+03 2.000000e-01
         vertex -1.567410e+04 2.546366e+03 0.000000e+00
      endloop
   endfacet
   facet normal 9.578891e-01 2.871386e-01 0.000000e+00
      outer loop
         vertex -1.567496e+04 2.549223e+03 2.000000e-01
         vertex -1.567412e+04 2.546420e+03 2.000000e-01
         vertex -1.567496e+04 2.549223e+03 0.000000e+00
      endloop
   endfacet
   facet normal 9.578891e-01 2.871386e-01 0.000000e+00
      outer loop
         vertex -1.567496e+04 2.549223e+03 0.000000e+00
         vertex -1.567412e+04 2.546420e+03 2.000000e-01
         vertex -1.567412e+04 2.546420e+03 0.000000e+00
      endloop
   endfacet
   facet normal 9.516281e-01 3.072521e-01 0.000000e+00
      outer loop
         vertex -1.567497e+04 2.549276e+03 2.000000e-01
         vertex -1.567496e+04 2.549223e+03 2.000000e-01
         vertex -1.567497e+04 2.549276e+03 -1.084202e-16
      endloop
   endfacet
   facet normal 9.516281e-01 3.072521e-01 0.000000e+00
      outer loop
         vertex -1.567497e+04 2.549276e+03 -1.084202e-16
         vertex -1.567496e+04 2.549223e+03 2.000000e-01
         vertex -1.567496e+04 2.549223e+03 -1.084202e-16
      endloop
   endfacet
   facet normal 9.496238e-01 3.133921e-01 0.000000e+00
      outer loop
         vertex -1.567589e+04 2.552056e+03 2.000000e-01
         vertex -1.567497e+04 2.549276e+03 2.000000e-01
         vertex -1.567589e+04 2.552056e+03 0.000000e+00
      endloop
   endfacet
   facet normal 9.496238e-01 3.133921e-01 0.000000e+00
      outer loop
         vertex -1.567589e+04 2.552056e+03 0.000000e+00
         vertex -1.567497e+04 2.549276e+03 2.000000e-01
         vertex -1.567497e+04 2.549276e+03 0.000000e+00
      endloop
   endfacet
   facet normal 9.442628e-01 3.291925e-01 0.000000e+00
      outer loop
         vertex -1.567591e+04 2.552108e+03 2.000000e-01
         vertex -1.567589e+04 2.552056e+03 2.000000e-01
         vertex -1.567591e+04 2.552108e+03 -1.084202e-16
      endloop
   endfacet
   facet normal 9.442628e-01 3.291925e-01 0.000000e+00
      outer loop
         vertex -1.567591e+04 2.552108e+03 -1.084202e-16
         vertex -1.567589e+04 2.552056e+03 2.000000e-01
         vertex -1.567589e+04 2.552056e+03 -1.084202e-16
      endloop
   endfacet
   facet normal 9.405705e-01 3.395985e-01 0.000000e+00
      outer loop
         vertex -1.567690e+04 2.554863e+03 2.000000e-01
         vertex -1.567591e+04 2.552108e+03 2.000000e-01
         vertex -1.567690e+04 2.554863e+03 0.000000e+00
      endloop
   endfacet
   facet normal 9.405705e-01 3.395985e-01 0.000000e+00
      outer loop
         vertex -1.567690e+04 2.554863e+03 0.000000e+00
         vertex -1.567591e+04 2.552108e+03 2.000000e-01
         vertex -1.567591e+04 2.552108e+03 0.000000e+00
      endloop
   endfacet
   facet normal 9.308572e-01 3.653832e-01 0.000000e+00
      outer loop
         vertex -1.567692e+04 2.554914e+03 2.000000e-01
         vertex -1.567690e+04 2.554863e+03 2.000000e-01
         vertex -1.567692e+04 2.554914e+03 0.000000e+00
      endloop
   endfacet
   facet normal 9.308572e-01 3.653832e-01 0.000000e+00
      outer loop
         vertex -1.567692e+04 2.554914e+03 0.000000e+00
         vertex -1.567690e+04 2.554863e+03 2.000000e-01
         vertex -1.567690e+04 2.554863e+03 0.000000e+00
      endloop
   endfacet
   facet normal 9.308365e-01 3.654359e-01 0.000000e+00
      outer loop
         vertex -1.567800e+04 2.557642e+03 2.000000e-01
         vertex -1.567692e+04 2.554914e+03 2.000000e-01
         vertex -1.567800e+04 2.557642e+03 -1.084202e-16
      endloop
   endfacet
   facet normal 9.308365e-01 3.654359e-01 0.000000e+00
      outer loop
         vertex -1.567800e+04 2.557642e+03 -1.084202e-16
         vertex -1.567692e+04 2.554914e+03 2.000000e-01
         vertex -1.567692e+04 2.554914e+03 -1.084202e-16
      endloop
   endfacet
   facet normal 9.248570e-01 3.803150e-01 0.000000e+00
      outer loop
         vertex -1.567802e+04 2.557693e+03 2.000000e-01
         vertex -1.567800e+04 2.557642e+03 2.000000e-01
         vertex -1.567802e+04 2.557693e+03 0.000000e+00
      endloop
   endfacet
   facet normal 9.248570e-01 3.803150e-01 0.000000e+00
      outer loop
         vertex -1.567802e+04 2.557693e+03 0.000000e+00
         vertex -1.567800e+04 2.557642e+03 2.000000e-01
         vertex -1.567800e+04 2.557642e+03 0.000000e+00
      endloop
   endfacet
   facet normal 9.203017e-01 3.912095e-01 0.000000e+00
      outer loop
         vertex -1.567916e+04 2.560392e+03 2.000000e-01
         vertex -1.567802e+04 2.557693e+03 2.000000e-01
         vertex -1.567916e+04 2.560392e+03 -1.084202e-16
      endloop
   endfacet
   facet normal 9.203017e-01 3.912095e-01 0.000000e+00
      outer loop
         vertex -1.567916e+04 2.560392e+03 -1.084202e-16
         vertex -1.567802e+04 2.557693e+03 2.000000e-01
         vertex -1.567802e+04 2.557693e+03 -1.084202e-16
      endloop
   endfacet
   facet normal 9.159570e-01 4.012764e-01 0.000000e+00
      outer loop
         vertex -1.567919e+04 2.560442e+03 2.000000e-01
         vertex -1.567916e+04 2.560392e+03 2.000000e-01
         vertex -1.567919e+04 2.560442e+03 0.000000e+00
      endloop
   endfacet
   facet normal 9.159570e-01 4.012764e-01 0.000000e+00
      outer loop
         vertex -1.567919e+04 2.560442e+03 0.000000e+00
         vertex -1.567916e+04 2.560392e+03 2.000000e-01
         vertex -1.567916e+04 2.560392e+03 0.000000e+00
      endloop
   endfacet
   facet normal 9.093480e-01 4.160363e-01 0.000000e+00
      outer loop
         vertex -1.568041e+04 2.563110e+03 2.000000e-01
         vertex -1.567919e+04 2.560442e+03 2.000000e-01
         vertex -1.568041e+04 2.563110e+03 -1.084202e-16
      endloop
   endfacet
   facet normal 9.093480e-01 4.160363e-01 0.000000e+00
      outer loop
         vertex -1.568041e+04 2.563110e+03 -1.084202e-16
         vertex -1.567919e+04 2.560442e+03 2.000000e-01
         vertex -1.567919e+04 2.560442e+03 -1.084202e-16
      endloop
   endfacet
   facet normal 8.952823e-01 4.454993e-01 0.000000e+00
      outer loop
         vertex -1.568043e+04 2.563160e+03 2.000000e-01
         vertex -1.568041e+04 2.563110e+03 2.000000e-01
         vertex -1.568043e+04 2.563160e+03 -1.084202e-16
      endloop
   endfacet
   facet normal 8.952823e-01 4.454993e-01 0.000000e+00
      outer loop
         vertex -1.568043e+04 2.563160e+03 -1.084202e-16
         vertex -1.568041e+04 2.563110e+03 2.000000e-01
         vertex -1.568041e+04 2.563110e+03 -1.084202e-16
      endloop
   endfacet
   facet normal 8.973964e-01 4.412253e-01 0.000000e+00
      outer loop
         vertex -1.568173e+04 2.565794e+03 2.000000e-01
         vertex -1.568043e+04 2.563160e+03 2.000000e-01
         vertex -1.568173e+04 2.565794e+03 0.000000e+00
      endloop
   endfacet
   facet normal 8.973964e-01 4.412253e-01 0.000000e+00
      outer loop
         vertex -1.568173e+04 2.565794e+03 0.000000e+00
         vertex -1.568043e+04 2.563160e+03 2.000000e-01
         vertex -1.568043e+04 2.563160e+03 0.000000e+00
      endloop
   endfacet
   facet normal 8.926871e-01 4.506770e-01 0.000000e+00
      outer loop
         vertex -1.568175e+04 2.565843e+03 2.000000e-01
         vertex -1.568173e+04 2.565794e+03 2.000000e-01
         vertex -1.568175e+04 2.565843e+03 0.000000e+00
      endloop
   endfacet
   facet normal 8.926871e-01 4.506770e-01 0.000000e+00
      outer loop
         vertex -1.568175e+04 2.565843e+03 0.000000e+00
         vertex -1.568173e+04 2.565794e+03 2.000000e-01
         vertex -1.568173e+04 2.565794e+03 0.000000e+00
      endloop
   endfacet
   facet normal 8.850344e-01 4.655257e-01 0.000000e+00
      outer loop
         vertex -1.568312e+04 2.568443e+03 2.000000e-01
         vertex -1.568175e+04 2.565843e+03 2.000000e-01
         vertex -1.568312e+04 2.568443e+03 0.000000e+00
      endloop
   endfacet
   facet normal 8.850344e-01 4.655257e-01 0.000000e+00
      outer loop
         vertex -1.568312e+04 2.568443e+03 0.000000e+00
         vertex -1.568175e+04 2.565843e+03 2.000000e-01
         vertex -1.568175e+04 2.565843e+03 0.000000e+00
      endloop
   endfacet
   facet normal 8.808929e-01 4.733156e-01 0.000000e+00
      outer loop
         vertex -1.568314e+04 2.568491e+03 2.000000e-01
         vertex -1.568312e+04 2.568443e+03 2.000000e-01
         vertex -1.568314e+04 2.568491e+03 0.000000e+00
      endloop
   endfacet
   facet normal 8.808929e-01 4.733156e-01 0.000000e+00
      outer loop
         vertex -1.568314e+04 2.568491e+03 0.000000e+00
         vertex -1.568312e+04 2.568443e+03 2.000000e-01
         vertex -1.568312e+04 2.568443e+03 0.000000e+00
      endloop
   endfacet
   facet normal 8.718137e-01 4.898376e-01 0.000000e+00
      outer loop
         vertex -1.568458e+04 2.571054e+03 2.000000e-01
         vertex -1.568314e+04 2.568491e+03 2.000000e-01
         vertex -1.568458e+04 2.571054e+03 0.000000e+00
      endloop
   endfacet
   facet normal 8.718137e-01 4.898376e-01 0.000000e+00
      outer loop
         vertex -1.568458e+04 2.571054e+03 0.000000e+00
         vertex -1.568314e+04 2.568491e+03 2.000000e-01
         vertex -1.568314e+04 2.568491e+03 0.000000e+00
      endloop
   endfacet
   facet normal 8.617092e-01 5.074024e-01 0.000000e+00
      outer loop
         vertex -1.568461e+04 2.571101e+03 2.000000e-01
         vertex -1.568458e+04 2.571054e+03 2.000000e-01
         vertex -1.568461e+04 2.571101e+03 0.000000e+00
      endloop
   endfacet
   facet normal 8.617092e-01 5.074024e-01 0.000000e+00
      outer loop
         vertex -1.568461e+04 2.571101e+03 0.000000e+00
         vertex -1.568458e+04 2.571054e+03 2.000000e-01
         vertex -1.568458e+04 2.571054e+03 0.000000e+00
      endloop
   endfacet
   facet normal 8.580716e-01 5.135300e-01 0.000000e+00
      outer loop
         vertex -1.568612e+04 2.573625e+03 2.000000e-01
         vertex -1.568461e+04 2.571101e+03 2.000000e-01
         vertex -1.568612e+04 2.573625e+03 0.000000e+00
      endloop
   endfacet
   facet normal 8.580716e-01 5.135300e-01 0.000000e+00
      outer loop
         vertex -1.568612e+04 2.573625e+03 0.000000e+00
         vertex -1.568461e+04 2.571101e+03 2.000000e-01
         vertex -1.568461e+04 2.571101e+03 0.000000e+00
      endloop
   endfacet
   facet normal 8.617092e-01 5.074024e-01 0.000000e+00
      outer loop
         vertex -1.568615e+04 2.573672e+03 2.000000e-01
         vertex -1.568612e+04 2.573625e+03 2.000000e-01
         vertex -1.568615e+04 2.573672e+03 0.000000e+00
      endloop
   endfacet
   facet normal 8.617092e-01 5.074024e-01 0.000000e+00
      outer loop
         vertex -1.568615e+04 2.573672e+03 0.000000e+00
         vertex -1.568612e+04 2.573625e+03 2.000000e-01
         vertex -1.568612e+04 2.573625e+03 0.000000e+00
      endloop
   endfacet
   facet normal 8.436281e-01 5.369279e-01 0.000000e+00
      outer loop
         vertex -1.568773e+04 2.576155e+03 2.000000e-01
         vertex -1.568615e+04 2.573672e+03 2.000000e-01
         vertex -1.568773e+04 2.576155e+03 -1.084202e-16
      endloop
   endfacet
   facet normal 8.436281e-01 5.369279e-01 0.000000e+00
      outer loop
         vertex -1.568773e+04 2.576155e+03 -1.084202e-16
         vertex -1.568615e+04 2.573672e+03 2.000000e-01
         vertex -1.568615e+04 2.573672e+03 -1.084202e-16
      endloop
   endfacet
   facet normal 8.333765e-01 5.527057e-01 0.000000e+00
      outer loop
         vertex -1.568776e+04 2.576201e+03 2.000000e-01
         vertex -1.568773e+04 2.576155e+03 2.000000e-01
         vertex -1.568776e+04 2.576201e+03 -1.084202e-16
      endloop
   endfacet
   facet normal 8.333765e-01 5.527057e-01 0.000000e+00
      outer loop
         vertex -1.568776e+04 2.576201e+03 -1.084202e-16
         vertex -1.568773e+04 2.576155e+03 2.000000e-01
         vertex -1.568773e+04 2.576155e+03 -1.084202e-16
      endloop
   endfacet
   facet normal 8.286478e-01 5.597703e-01 0.000000e+00
      outer loop
         vertex -1.568941e+04 2.578642e+03 2.000000e-01
         vertex -1.568776e+04 2.576201e+03 2.000000e-01
         vertex -1.568941e+04 2.578642e+03 0.000000e+00
      endloop
   endfacet
   facet normal 8.286478e-01 5.597703e-01 0.000000e+00
      outer loop
         vertex -1.568941e+04 2.578642e+03 0.000000e+00
         vertex -1.568776e+04 2.576201e+03 2.000000e-01
         vertex -1.568776e+04 2.576201e+03 0.000000e+00
      endloop
   endfacet
   facet normal 8.279843e-01 5.607513e-01 0.000000e+00
      outer loop
         vertex -1.568944e+04 2.578687e+03 2.000000e-01
         vertex -1.568941e+04 2.578642e+03 2.000000e-01
         vertex -1.568944e+04 2.578687e+03 -1.084202e-16
      endloop
   endfacet
   facet normal 8.279843e-01 5.607513e-01 0.000000e+00
      outer loop
         vertex -1.568944e+04 2.578687e+03 -1.084202e-16
         vertex -1.568941e+04 2.578642e+03 2.000000e-01
         vertex -1.568941e+04 2.578642e+03 -1.084202e-16
      endloop
   endfacet
   facet normal 8.129129e-01 5.823853e-01 0.000000e+00
      outer loop
         vertex -1.569116e+04 2.581083e+03 2.000000e-01
         vertex -1.568944e+04 2.578687e+03 2.000000e-01
         vertex -1.569116e+04 2.581083e+03 5.421011e-17
      endloop
   endfacet
   facet normal 8.129129e-01 5.823853e-01 0.000000e+00
      outer loop
         vertex -1.569116e+04 2.581083e+03 5.421011e-17
         vertex -1.568944e+04 2.578687e+03 2.000000e-01
         vertex -1.568944e+04 2.578687e+03 5.421011e-17
      endloop
   endfacet
   facet normal 8.125383e-01 5.829079e-01 0.000000e+00
      outer loop
         vertex -1.569119e+04 2.581127e+03 2.000000e-01
         vertex -1.569116e+04 2.581083e+03 2.000000e-01
         vertex -1.569119e+04 2.581127e+03 0.000000e+00
      endloop
   endfacet
   facet normal 8.125383e-01 5.829079e-01 0.000000e+00
      outer loop
         vertex -1.569119e+04 2.581127e+03 0.000000e+00
         vertex -1.569116e+04 2.581083e+03 2.000000e-01
         vertex -1.569116e+04 2.581083e+03 0.000000e+00
      endloop
   endfacet
   facet normal 7.968764e-01 6.041424e-01 0.000000e+00
      outer loop
         vertex -1.569297e+04 2.583478e+03 2.000000e-01
         vertex -1.569119e+04 2.581127e+03 2.000000e-01
         vertex -1.569297e+04 2.583478e+03 0.000000e+00
      endloop
   endfacet
   facet normal 7.968764e-01 6.041424e-01 0.000000e+00
      outer loop
         vertex -1.569297e+04 2.583478e+03 0.000000e+00
         vertex -1.569119e+04 2.581127e+03 2.000000e-01
         vertex -1.569119e+04 2.581127e+03 0.000000e+00
      endloop
   endfacet
   facet normal 7.978673e-01 6.028331e-01 0.000000e+00
      outer loop
         vertex -1.569300e+04 2.583521e+03 2.000000e-01
         vertex -1.569297e+04 2.583478e+03 2.000000e-01
         vertex -1.569300e+04 2.583521e+03 0.000000e+00
      endloop
   endfacet
   facet normal 7.978673e-01 6.028331e-01 0.000000e+00
      outer loop
         vertex -1.569300e+04 2.583521e+03 0.000000e+00
         vertex -1.569297e+04 2.583478e+03 2.000000e-01
         vertex -1.569297e+04 2.583478e+03 0.000000e+00
      endloop
   endfacet
   facet normal 7.800803e-01 6.256794e-01 0.000000e+00
      outer loop
         vertex -1.569485e+04 2.585824e+03 2.000000e-01
         vertex -1.569300e+04 2.583521e+03 2.000000e-01
         vertex -1.569485e+04 2.585824e+03 0.000000e+00
      endloop
   endfacet
   facet normal 7.800803e-01 6.256794e-01 0.000000e+00
      outer loop
         vertex -1.569485e+04 2.585824e+03 0.000000e+00
         vertex -1.569300e+04 2.583521e+03 2.000000e-01
         vertex -1.569300e+04 2.583521e+03 0.000000e+00
      endloop
   endfacet
   facet normal 7.739573e-01 6.332378e-01 0.000000e+00
      outer loop
         vertex -1.569489e+04 2.585866e+03 2.000000e-01
         vertex -1.569485e+04 2.585824e+03 2.000000e-01
         vertex -1.569489e+04 2.585866e+03 0.000000e+00
      endloop
   endfacet
   facet normal 7.739573e-01 6.332378e-01 0.000000e+00
      outer loop
         vertex -1.569489e+04 2.585866e+03 0.000000e+00
         vertex -1.569485e+04 2.585824e+03 2.000000e-01
         vertex -1.569485e+04 2.585824e+03 0.000000e+00
      endloop
   endfacet
   facet normal 7.628902e-01 6.465281e-01 0.000000e+00
      outer loop
         vertex -1.569680e+04 2.588120e+03 2.000000e-01
         vertex -1.569489e+04 2.585866e+03 2.000000e-01
         vertex -1.569680e+04 2.588120e+03 0.000000e+00
      endloop
   endfacet
   facet normal 7.628902e-01 6.465281e-01 0.000000e+00
      outer loop
         vertex -1.569680e+04 2.588120e+03 0.000000e+00
         vertex -1.569489e+04 2.585866e+03 2.000000e-01
         vertex -1.569489e+04 2.585866e+03 0.000000e+00
      endloop
   endfacet
   facet normal 7.580109e-01 6.522419e-01 0.000000e+00
      outer loop
         vertex -1.569683e+04 2.588161e+03 2.000000e-01
         vertex -1.569680e+04 2.588120e+03 2.000000e-01
         vertex -1.569683e+04 2.588161e+03 0.000000e+00
      endloop
   endfacet
   facet normal 7.580109e-01 6.522419e-01 0.000000e+00
      outer loop
         vertex -1.569683e+04 2.588161e+03 0.000000e+00
         vertex -1.569680e+04 2.588120e+03 2.000000e-01
         vertex -1.569680e+04 2.588120e+03 0.000000e+00
      endloop
   endfacet
   facet normal 7.449122e-01 6.671626e-01 0.000000e+00
      outer loop
         vertex -1.569880e+04 2.590363e+03 2.000000e-01
         vertex -1.569683e+04 2.588161e+03 2.000000e-01
         vertex -1.569880e+04 2.590363e+03 0.000000e+00
      endloop
   endfacet
   facet normal 7.449122e-01 6.671626e-01 0.000000e+00
      outer loop
         vertex -1.569880e+04 2.590363e+03 0.000000e+00
         vertex -1.569683e+04 2.588161e+03 2.000000e-01
         vertex -1.569683e+04 2.588161e+03 0.000000e+00
      endloop
   endfacet
   facet normal 7.327935e-01 6.804511e-01 0.000000e+00
      outer loop
         vertex -1.569884e+04 2.590403e+03 2.000000e-01
         vertex -1.569880e+04 2.590363e+03 2.000000e-01
         vertex -1.569884e+04 2.590403e+03 0.000000e+00
      endloop
   endfacet
   facet normal 7.327935e-01 6.804511e-01 0.000000e+00
      outer loop
         vertex -1.569884e+04 2.590403e+03 0.000000e+00
         vertex -1.569880e+04 2.590363e+03 2.000000e-01
         vertex -1.569880e+04 2.590363e+03 0.000000e+00
      endloop
   endfacet
   facet normal 7.266935e-01 6.869619e-01 0.000000e+00
      outer loop
         vertex -1.570087e+04 2.592553e+03 2.000000e-01
         vertex -1.569884e+04 2.590403e+03 2.000000e-01
         vertex -1.570087e+04 2.592553e+03 -1.084202e-16
      endloop
   endfacet
   facet normal 7.266935e-01 6.869619e-01 0.000000e+00
      outer loop
         vertex -1.570087e+04 2.592553e+03 -1.084202e-16
         vertex -1.569884e+04 2.590403e+03 2.000000e-01
         vertex -1.569884e+04 2.590403e+03 -1.084202e-16
      endloop
   endfacet
   facet normal 7.245581e-01 6.892138e-01 0.000000e+00
      outer loop
         vertex -1.570091e+04 2.592592e+03 2.000000e-01
         vertex -1.570087e+04 2.592553e+03 2.000000e-01
         vertex -1.570091e+04 2.592592e+03 0.000000e+00
      endloop
   endfacet
   facet normal 7.245581e-01 6.892138e-01 0.000000e+00
      outer loop
         vertex -1.570091e+04 2.592592e+03 0.000000e+00
         vertex -1.570087e+04 2.592553e+03 2.000000e-01
         vertex -1.570087e+04 2.592553e+03 0.000000e+00
      endloop
   endfacet
   facet normal 7.078713e-01 7.063414e-01 0.000000e+00
      outer loop
         vertex -1.570300e+04 2.594688e+03 2.000000e-01
         vertex -1.570091e+04 2.592592e+03 2.000000e-01
         vertex -1.570300e+04 2.594688e+03 0.000000e+00
      endloop
   endfacet
   facet normal 7.078713e-01 7.063414e-01 0.000000e+00
      outer loop
         vertex -1.570300e+04 2.594688e+03 0.000000e+00
         vertex -1.570091e+04 2.592592e+03 2.000000e-01
         vertex -1.570091e+04 2.592592e+03 0.000000e+00
      endloop
   endfacet
   facet normal 6.983239e-01 7.157819e-01 0.000000e+00
      outer loop
         vertex -1.570304e+04 2.594726e+03 2.000000e-01
         vertex -1.570300e+04 2.594688e+03 2.000000e-01
         vertex -1.570304e+04 2.594726e+03 -1.084202e-16
      endloop
   endfacet
   facet normal 6.983239e-01 7.157819e-01 0.000000e+00
      outer loop
         vertex -1.570304e+04 2.594726e+03 -1.084202e-16
         vertex -1.570300e+04 2.594688e+03 2.000000e-01
         vertex -1.570300e+04 2.594688e+03 -1.084202e-16
      endloop
   endfacet
   facet normal 6.885210e-01 7.252164e-01 0.000000e+00
      outer loop
         vertex -1.570519e+04 2.596766e+03 2.000000e-01
         vertex -1.570304e+04 2.594726e+03 2.000000e-01
         vertex -1.570519e+04 2.596766e+03 0.000000e+00
      endloop
   endfacet
   facet normal 6.885210e-01 7.252164e-01 0.000000e+00
      outer loop
         vertex -1.570519e+04 2.596766e+03 0.000000e+00
         vertex -1.570304e+04 2.594726e+03 2.000000e-01
         vertex -1.570304e+04 2.594726e+03 0.000000e+00
      endloop
   endfacet
   facet normal 6.780984e-01 7.349711e-01 0.000000e+00
      outer loop
         vertex -1.570523e+04 2.596803e+03 2.000000e-01
         vertex -1.570519e+04 2.596766e+03 2.000000e-01
         vertex -1.570523e+04 2.596803e+03 0.000000e+00
      endloop
   endfacet
   facet normal 6.780984e-01 7.349711e-01 0.000000e+00
      outer loop
         vertex -1.570523e+04 2.596803e+03 0.000000e+00
         vertex -1.570519e+04 2.596766e+03 2.000000e-01
         vertex -1.570519e+04 2.596766e+03 0.000000e+00
      endloop
   endfacet
   facet normal 6.685114e-01 7.437019e-01 0.000000e+00
      outer loop
         vertex -1.570743e+04 2.598785e+03 2.000000e-01
         vertex -1.570523e+04 2.596803e+03 2.000000e-01
         vertex -1.570743e+04 2.598785e+03 -1.084202e-16
      endloop
   endfacet
   facet normal 6.685114e-01 7.437019e-01 0.000000e+00
      outer loop
         vertex -1.570743e+04 2.598785e+03 -1.084202e-16
         vertex -1.570523e+04 2.596803e+03 2.000000e-01
         vertex -1.570523e+04 2.596803e+03 -1.084202e-16
      endloop
   endfacet
   facet normal 6.684754e-01 7.437342e-01 0.000000e+00
      outer loop
         vertex -1.570747e+04 2.598821e+03 2.000000e-01
         vertex -1.570743e+04 2.598785e+03 2.000000e-01
         vertex -1.570747e+04 2.598821e+03 -1.084202e-16
      endloop
   endfacet
   facet normal 6.684754e-01 7.437342e-01 0.000000e+00
      outer loop
         vertex -1.570747e+04 2.598821e+03 -1.084202e-16
         vertex -1.570743e+04 2.598785e+03 2.000000e-01
         vertex -1.570743e+04 2.598785e+03 -1.084202e-16
      endloop
   endfacet
   facet normal 6.482078e-01 7.614635e-01 0.000000e+00
      outer loop
         vertex -1.570973e+04 2.600745e+03 2.000000e-01
         vertex -1.570747e+04 2.598821e+03 2.000000e-01
         vertex -1.570973e+04 2.600745e+03 0.000000e+00
      endloop
   endfacet
   facet normal 6.482078e-01 7.614635e-01 0.000000e+00
      outer loop
         vertex -1.570973e+04 2.600745e+03 0.000000e+00
         vertex -1.570747e+04 2.598821e+03 2.000000e-01
         vertex -1.570747e+04 2.598821e+03 0.000000e+00
      endloop
   endfacet
   facet normal 6.393045e-01 7.689537e-01 0.000000e+00
      outer loop
         vertex -1.570977e+04 2.600779e+03 2.000000e-01
         vertex -1.570973e+04 2.600745e+03 2.000000e-01
         vertex -1.570977e+04 2.600779e+03 0.000000e+00
      endloop
   endfacet
   facet normal 6.393045e-01 7.689537e-01 0.000000e+00
      outer loop
         vertex -1.570977e+04 2.600779e+03 0.000000e+00
         vertex -1.570973e+04 2.600745e+03 2.000000e-01
         vertex -1.570973e+04 2.600745e+03 0.000000e+00
      endloop
   endfacet
   facet normal 6.276865e-01 7.784662e-01 0.000000e+00
      outer loop
         vertex -1.571209e+04 2.602643e+03 2.000000e-01
         vertex -1.570977e+04 2.600779e+03 2.000000e-01
         vertex -1.571209e+04 2.602643e+03 -1.084202e-16
      endloop
   endfacet
   facet normal 6.276865e-01 7.784662e-01 0.000000e+00
      outer loop
         vertex -1.571209e+04 2.602643e+03 -1.084202e-16
         vertex -1.570977e+04 2.600779e+03 2.000000e-01
         vertex -1.570977e+04 2.600779e+03 -1.084202e-16
      endloop
   endfacet
   facet normal 6.220391e-01 7.829862e-01 0.000000e+00
      outer loop
         vertex -1.571213e+04 2.602677e+03 2.000000e-01
         vertex -1.571209e+04 2.602643e+03 2.000000e-01
         vertex -1.571213e+04 2.602677e+03 -1.084202e-16
      endloop
   endfacet
   facet normal 6.220391e-01 7.829862e-01 0.000000e+00
      outer loop
         vertex -1.571213e+04 2.602677e+03 -1.084202e-16
         vertex -1.571209e+04 2.602643e+03 2.000000e-01
         vertex -1.571209e+04 2.602643e+03 -1.084202e-16
      endloop
   endfacet
   facet normal 6.063477e-01 7.951996e-01 0.000000e+00
      outer loop
         vertex -1.571449e+04 2.604479e+03 2.000000e-01
         vertex -1.571213e+04 2.602677e+03 2.000000e-01
         vertex -1.571449e+04 2.604479e+03 0.000000e+00
      endloop
   endfacet
   facet normal 6.063477e-01 7.951996e-01 0.000000e+00
      outer loop
         vertex -1.571449e+04 2.604479e+03 0.000000e+00
         vertex -1.571213e+04 2.602677e+03 2.000000e-01
         vertex -1.571213e+04 2.602677e+03 0.000000e+00
      endloop
   endfacet
   facet normal 5.971442e-01 8.021339e-01 0.000000e+00
      outer loop
         vertex -1.571454e+04 2.604511e+03 2.000000e-01
         vertex -1.571449e+04 2.604479e+03 2.000000e-01
         vertex -1.571454e+04 2.604511e+03 0.000000e+00
      endloop
   endfacet
   facet normal 5.971442e-01 8.021339e-01 0.000000e+00
      outer loop
         vertex -1.571454e+04 2.604511e+03 0.000000e+00
         vertex -1.571449e+04 2.604479e+03 2.000000e-01
         vertex -1.571449e+04 2.604479e+03 0.000000e+00
      endloop
   endfacet
   facet normal 5.847648e-01 8.112029e-01 0.000000e+00
      outer loop
         vertex -1.571695e+04 2.606251e+03 2.000000e-01
         vertex -1.571454e+04 2.604511e+03 2.000000e-01
         vertex -1.571695e+04 2.606251e+03 0.000000e+00
      endloop
   endfacet
   facet normal 5.847648e-01 8.112029e-01 0.000000e+00
      outer loop
         vertex -1.571695e+04 2.606251e+03 0.000000e+00
         vertex -1.571454e+04 2.604511e+03 2.000000e-01
         vertex -1.571454e+04 2.604511e+03 0.000000e+00
      endloop
   endfacet
   facet normal 5.854906e-01 8.106792e-01 0.000000e+00
      outer loop
         vertex -1.571699e+04 2.606282e+03 2.000000e-01
         vertex -1.571695e+04 2.606251e+03 2.000000e-01
         vertex -1.571699e+04 2.606282e+03 0.000000e+00
      endloop
   endfacet
   facet normal 5.854906e-01 8.106792e-01 0.000000e+00
      outer loop
         vertex -1.571699e+04 2.606282e+03 0.000000e+00
         vertex -1.571695e+04 2.606251e+03 2.000000e-01
         vertex -1.571695e+04 2.606251e+03 0.000000e+00
      endloop
   endfacet
   facet normal 5.628644e-01 8.265493e-01 0.000000e+00
      outer loop
         vertex -1.571945e+04 2.607957e+03 2.000000e-01
         vertex -1.571699e+04 2.606282e+03 2.000000e-01
         vertex -1.571945e+04 2.607957e+03 0.000000e+00
      endloop
   endfacet
   facet normal 5.628644e-01 8.265493e-01 0.000000e+00
      outer loop
         vertex -1.571945e+04 2.607957e+03 0.000000e+00
         vertex -1.571699e+04 2.606282e+03 2.000000e-01
         vertex -1.571699e+04 2.606282e+03 0.000000e+00
      endloop
   endfacet
   facet normal 5.567379e-01 8.306882e-01 0.000000e+00
      outer loop
         vertex -1.571950e+04 2.607987e+03 2.000000e-01
         vertex -1.571945e+04 2.607957e+03 2.000000e-01
         vertex -1.571950e+04 2.607987e+03 0.000000e+00
      endloop
   endfacet
   facet normal 5.567379e-01 8.306882e-01 0.000000e+00
      outer loop
         vertex -1.571950e+04 2.607987e+03 0.000000e+00
         vertex -1.571945e+04 2.607957e+03 2.000000e-01
         vertex -1.571945e+04 2.607957e+03 0.000000e+00
      endloop
   endfacet
   facet normal 5.404906e-01 8.413501e-01 0.000000e+00
      outer loop
         vertex -1.572200e+04 2.609597e+03 2.000000e-01
         vertex -1.571950e+04 2.607987e+03 2.000000e-01
         vertex -1.572200e+04 2.609597e+03 0.000000e+00
      endloop
   endfacet
   facet normal 5.404906e-01 8.413501e-01 0.000000e+00
      outer loop
         vertex -1.572200e+04 2.609597e+03 0.000000e+00
         vertex -1.571950e+04 2.607987e+03 2.000000e-01
         vertex -1.571950e+04 2.607987e+03 0.000000e+00
      endloop
   endfacet
   facet normal 5.316178e-01 8.469843e-01 0.000000e+00
      outer loop
         vertex -1.572205e+04 2.609625e+03 2.000000e-01
         vertex -1.572200e+04 2.609597e+03 2.000000e-01
         vertex -1.572205e+04 2.609625e+03 0.000000e+00
      endloop
   endfacet
   facet normal 5.316178e-01 8.469843e-01 0.000000e+00
      outer loop
         vertex -1.572205e+04 2.609625e+03 0.000000e+00
         vertex -1.572200e+04 2.609597e+03 2.000000e-01
         vertex -1.572200e+04 2.609597e+03 0.000000e+00
      endloop
   endfacet
   facet normal 5.179259e-01 8.554255e-01 0.000000e+00
      outer loop
         vertex -1.572460e+04 2.611169e+03 2.000000e-01
         vertex -1.572205e+04 2.609625e+03 2.000000e-01
         vertex -1.572460e+04 2.611169e+03 0.000000e+00
      endloop
   endfacet
   facet normal 5.179259e-01 8.554255e-01 0.000000e+00
      outer loop
         vertex -1.572460e+04 2.611169e+03 0.000000e+00
         vertex -1.572205e+04 2.609625e+03 2.000000e-01
         vertex -1.572205e+04 2.609625e+03 0.000000e+00
      endloop
   endfacet
   facet normal 5.072163e-01 8.618188e-01 0.000000e+00
      outer loop
         vertex -1.572464e+04 2.611196e+03 2.000000e-01
         vertex -1.572460e+04 2.611169e+03 2.000000e-01
         vertex -1.572464e+04 2.611196e+03 0.000000e+00
      endloop
   endfacet
   facet normal 5.072163e-01 8.618188e-01 0.000000e+00
      outer loop
         vertex -1.572464e+04 2.611196e+03 0.000000e+00
         vertex -1.572460e+04 2.611169e+03 2.000000e-01
         vertex -1.572460e+04 2.611169e+03 0.000000e+00
      endloop
   endfacet
   facet normal 4.948386e-01 8.689849e-01 0.000000e+00
      outer loop
         vertex -1.572724e+04 2.612672e+03 2.000000e-01
         vertex -1.572464e+04 2.611196e+03 2.000000e-01
         vertex -1.572724e+04 2.612672e+03 -1.084202e-16
      endloop
   endfacet
   facet normal 4.948386e-01 8.689849e-01 0.000000e+00
      outer loop
         vertex -1.572724e+04 2.612672e+03 -1.084202e-16
         vertex -1.572464e+04 2.611196e+03 2.000000e-01
         vertex -1.572464e+04 2.611196e+03 -1.084202e-16
      endloop
   endfacet
   facet normal 4.860215e-01 8.739469e-01 0.000000e+00
      outer loop
         vertex -1.572728e+04 2.612698e+03 2.000000e-01
         vertex -1.572724e+04 2.612672e+03 2.000000e-01
         vertex -1.572728e+04 2.612698e+03 0.000000e+00
      endloop
   endfacet
   facet normal 4.860215e-01 8.739469e-01 0.000000e+00
      outer loop
         vertex -1.572728e+04 2.612698e+03 0.000000e+00
         vertex -1.572724e+04 2.612672e+03 2.000000e-01
         vertex -1.572724e+04 2.612672e+03 0.000000e+00
      endloop
   endfacet
   facet normal 4.717779e-01 8.817174e-01 0.000000e+00
      outer loop
         vertex -1.572991e+04 2.614106e+03 2.000000e-01
         vertex -1.572728e+04 2.612698e+03 2.000000e-01
         vertex -1.572991e+04 2.614106e+03 0.000000e+00
      endloop
   endfacet
   facet normal 4.717779e-01 8.817174e-01 0.000000e+00
      outer loop
         vertex -1.572991e+04 2.614106e+03 0.000000e+00
         vertex -1.572728e+04 2.612698e+03 2.000000e-01
         vertex -1.572728e+04 2.612698e+03 0.000000e+00
      endloop
   endfacet
   facet normal 4.436957e-01 8.961775e-01 0.000000e+00
      outer loop
         vertex -1.572996e+04 2.614130e+03 2.000000e-01
         vertex -1.572991e+04 2.614106e+03 2.000000e-01
         vertex -1.572996e+04 2.614130e+03 -1.084202e-16
      endloop
   endfacet
   facet normal 4.436957e-01 8.961775e-01 0.000000e+00
      outer loop
         vertex -1.572996e+04 2.614130e+03 -1.084202e-16
         vertex -1.572991e+04 2.614106e+03 2.000000e-01
         vertex -1.572991e+04 2.614106e+03 -1.084202e-16
      endloop
   endfacet
   facet normal 4.481077e-01 8.939796e-01 0.000000e+00
      outer loop
         vertex -1.573263e+04 2.615468e+03 2.000000e-01
         vertex -1.572996e+04 2.614130e+03 2.000000e-01
         vertex -1.573263e+04 2.615468e+03 0.000000e+00
      endloop
   endfacet
   facet normal 4.481077e-01 8.939796e-01 0.000000e+00
      outer loop
         vertex -1.573263e+04 2.615468e+03 0.000000e+00
         vertex -1.572996e+04 2.614130e+03 2.000000e-01
         vertex -1.572996e+04 2.614130e+03 0.000000e+00
      endloop
   endfacet
   facet normal 4.257970e-01 9.048187e-01 0.000000e+00
      outer loop
         vertex -1.573268e+04 2.615491e+03 2.000000e-01
         vertex -1.573263e+04 2.615468e+03 2.000000e-01
         vertex -1.573268e+04 2.615491e+03 0.000000e+00
      endloop
   endfacet
   facet normal 4.257970e-01 9.048187e-01 0.000000e+00
      outer loop
         vertex -1.573268e+04 2.615491e+03 0.000000e+00
         vertex -1.573263e+04 2.615468e+03 2.000000e-01
         vertex -1.573263e+04 2.615468e+03 0.000000e+00
      endloop
   endfacet
   facet normal 4.241476e-01 9.055931e-01 0.000000e+00
      outer loop
         vertex -1.573539e+04 2.616758e+03 2.000000e-01
         vertex -1.573268e+04 2.615491e+03 2.000000e-01
         vertex -1.573539e+04 2.616758e+03 0.000000e+00
      endloop
   endfacet
   facet normal 4.241476e-01 9.055931e-01 0.000000e+00
      outer loop
         vertex -1.573539e+04 2.616758e+03 0.000000e+00
         vertex -1.573268e+04 2.615491e+03 2.000000e-01
         vertex -1.573268e+04 2.615491e+03 0.000000e+00
      endloop
   endfacet
   facet normal 4.111078e-01 9.115868e-01 0.000000e+00
      outer loop
         vertex -1.573543e+04 2.616780e+03 2.000000e-01
         vertex -1.573539e+04 2.616758e+03 2.000000e-01
         vertex -1.573543e+04 2.616780e+03 0.000000e+00
      endloop
   endfacet
   facet normal 4.111078e-01 9.115868e-01 0.000000e+00
      outer loop
         vertex -1.573543e+04 2.616780e+03 0.000000e+00
         vertex -1.573539e+04 2.616758e+03 2.000000e-01
         vertex -1.573539e+04 2.616758e+03 0.000000e+00
      endloop
   endfacet
   facet normal 3.996473e-01 9.166690e-01 0.000000e+00
      outer loop
         vertex -1.573818e+04 2.617975e+03 2.000000e-01
         vertex -1.573543e+04 2.616780e+03 2.000000e-01
         vertex -1.573818e+04 2.617975e+03 0.000000e+00
      endloop
   endfacet
   facet normal 3.996473e-01 9.166690e-01 0.000000e+00
      outer loop
         vertex -1.573818e+04 2.617975e+03 0.000000e+00
         vertex -1.573543e+04 2.616780e+03 2.000000e-01
         vertex -1.573543e+04 2.616780e+03 0.000000e+00
      endloop
   endfacet
   facet normal 3.960911e-01 9.182112e-01 0.000000e+00
      outer loop
         vertex -1.573822e+04 2.617996e+03 2.000000e-01
         vertex -1.573818e+04 2.617975e+03 2.000000e-01
         vertex -1.573822e+04 2.617996e+03 0.000000e+00
      endloop
   endfacet
   facet normal 3.960911e-01 9.182112e-01 0.000000e+00
      outer loop
         vertex -1.573822e+04 2.617996e+03 0.000000e+00
         vertex -1.573818e+04 2.617975e+03 2.000000e-01
         vertex -1.573818e+04 2.617975e+03 0.000000e+00
      endloop
   endfacet
   facet normal 3.750428e-01 9.270075e-01 0.000000e+00
      outer loop
         vertex -1.574100e+04 2.619118e+03 2.000000e-01
         vertex -1.573822e+04 2.617996e+03 2.000000e-01
         vertex -1.574100e+04 2.619118e+03 -1.084202e-16
      endloop
   endfacet
   facet normal 3.750428e-01 9.270075e-01 0.000000e+00
      outer loop
         vertex -1.574100e+04 2.619118e+03 -1.084202e-16
         vertex -1.573822e+04 2.617996e+03 2.000000e-01
         vertex -1.573822e+04 2.617996e+03 -1.084202e-16
      endloop
   endfacet
   facet normal 3.589791e-01 9.333456e-01 0.000000e+00
      outer loop
         vertex -1.574105e+04 2.619137e+03 2.000000e-01
         vertex -1.574100e+04 2.619118e+03 2.000000e-01
         vertex -1.574105e+04 2.619137e+03 -1.084202e-16
      endloop
   endfacet
   facet normal 3.589791e-01 9.333456e-01 0.000000e+00
      outer loop
         vertex -1.574105e+04 2.619137e+03 -1.084202e-16
         vertex -1.574100e+04 2.619118e+03 2.000000e-01
         vertex -1.574100e+04 2.619118e+03 -1.084202e-16
      endloop
   endfacet
   facet normal 3.508092e-01 9.364470e-01 0.000000e+00
      outer loop
         vertex -1.574385e+04 2.620187e+03 2.000000e-01
         vertex -1.574105e+04 2.619137e+03 2.000000e-01
         vertex -1.574385e+04 2.620187e+03 0.000000e+00
      endloop
   endfacet
   facet normal 3.508092e-01 9.364470e-01 0.000000e+00
      outer loop
         vertex -1.574385e+04 2.620187e+03 0.000000e+00
         vertex -1.574105e+04 2.619137e+03 2.000000e-01
         vertex -1.574105e+04 2.619137e+03 0.000000e+00
      endloop
   endfacet
   facet normal 3.335178e-01 9.427438e-01 0.000000e+00
      outer loop
         vertex -1.574390e+04 2.620205e+03 2.000000e-01
         vertex -1.574385e+04 2.620187e+03 2.000000e-01
         vertex -1.574390e+04 2.620205e+03 0.000000e+00
      endloop
   endfacet
   facet normal 3.335178e-01 9.427438e-01 0.000000e+00
      outer loop
         vertex -1.574390e+04 2.620205e+03 0.000000e+00
         vertex -1.574385e+04 2.620187e+03 2.000000e-01
         vertex -1.574385e+04 2.620187e+03 0.000000e+00
      endloop
   endfacet
   facet normal 3.257207e-01 9.454660e-01 0.000000e+00
      outer loop
         vertex -1.574673e+04 2.621180e+03 2.000000e-01
         vertex -1.574390e+04 2.620205e+03 2.000000e-01
         vertex -1.574673e+04 2.621180e+03 0.000000e+00
      endloop
   endfacet
   facet normal 3.257207e-01 9.454660e-01 0.000000e+00
      outer loop
         vertex -1.574673e+04 2.621180e+03 0.000000e+00
         vertex -1.574390e+04 2.620205e+03 2.000000e-01
         vertex -1.574390e+04 2.620205e+03 0.000000e+00
      endloop
   endfacet
   facet normal 3.013466e-01 9.535147e-01 0.000000e+00
      outer loop
         vertex -1.574678e+04 2.621196e+03 2.000000e-01
         vertex -1.574673e+04 2.621180e+03 2.000000e-01
         vertex -1.574678e+04 2.621196e+03 0.000000e+00
      endloop
   endfacet
   facet normal 3.013466e-01 9.535147e-01 0.000000e+00
      outer loop
         vertex -1.574678e+04 2.621196e+03 0.000000e+00
         vertex -1.574673e+04 2.621180e+03 2.000000e-01
         vertex -1.574673e+04 2.621180e+03 0.000000e+00
      endloop
   endfacet
   facet normal 3.007390e-01 9.537065e-01 0.000000e+00
      outer loop
         vertex -1.574964e+04 2.622097e+03 2.000000e-01
         vertex -1.574678e+04 2.621196e+03 2.000000e-01
         vertex -1.574964e+04 2.622097e+03 0.000000e+00
      endloop
   endfacet
   facet normal 3.007390e-01 9.537065e-01 0.000000e+00
      outer loop
         vertex -1.574964e+04 2.622097e+03 0.000000e+00
         vertex -1.574678e+04 2.621196e+03 2.000000e-01
         vertex -1.574678e+04 2.621196e+03 0.000000e+00
      endloop
   endfacet
   facet normal 2.800000e-01 9.600000e-01 0.000000e+00
      outer loop
         vertex -1.574969e+04 2.622112e+03 2.000000e-01
         vertex -1.574964e+04 2.622097e+03 2.000000e-01
         vertex -1.574969e+04 2.622112e+03 -1.084202e-16
      endloop
   endfacet
   facet normal 2.800000e-01 9.600000e-01 0.000000e+00
      outer loop
         vertex -1.574969e+04 2.622112e+03 -1.084202e-16
         vertex -1.574964e+04 2.622097e+03 2.000000e-01
         vertex -1.574964e+04 2.622097e+03 -1.084202e-16
      endloop
   endfacet
   facet normal 2.749733e-01 9.614519e-01 0.000000e+00
      outer loop
         vertex -1.575257e+04 2.622936e+03 2.000000e-01
         vertex -1.574969e+04 2.622112e+03 2.000000e-01
         vertex -1.575257e+04 2.622936e+03 -1.084202e-16
      endloop
   endfacet
   facet normal 2.749733e-01 9.614519e-01 0.000000e+00
      outer loop
         vertex -1.575257e+04 2.622936e+03 -1.084202e-16
         vertex -1.574969e+04 2.622112e+03 2.000000e-01
         vertex -1.574969e+04 2.622112e+03 -1.084202e-16
      endloop
   endfacet
   facet normal 2.681126e-01 9.633876e-01 0.000000e+00
      outer loop
         vertex -1.575262e+04 2.622950e+03 2.000000e-01
         vertex -1.575257e+04 2.622936e+03 2.000000e-01
         vertex -1.575262e+04 2.622950e+03 0.000000e+00
      endloop
   endfacet
   facet normal 2.681126e-01 9.633876e-01 0.000000e+00
      outer loop
         vertex -1.575262e+04 2.622950e+03 0.000000e+00
         vertex -1.575257e+04 2.622936e+03 2.000000e-01
         vertex -1.575257e+04 2.622936e+03 0.000000e+00
      endloop
   endfacet
   facet normal 2.497121e-01 9.683201e-01 0.000000e+00
      outer loop
         vertex -1.575553e+04 2.623699e+03 2.000000e-01
         vertex -1.575262e+04 2.622950e+03 2.000000e-01
         vertex -1.575553e+04 2.623699e+03 0.000000e+00
      endloop
   endfacet
   facet normal 2.497121e-01 9.683201e-01 0.000000e+00
      outer loop
         vertex -1.575553e+04 2.623699e+03 0.000000e+00
         vertex -1.575262e+04 2.622950e+03 2.000000e-01
         vertex -1.575262e+04 2.622950e+03 0.000000e+00
      endloop
   endfacet
   facet normal 2.297927e-01 9.732396e-01 0.000000e+00
      outer loop
         vertex -1.575558e+04 2.623711e+03 2.000000e-01
         vertex -1.575553e+04 2.623699e+03 2.000000e-01
         vertex -1.575558e+04 2.623711e+03 0.000000e+00
      endloop
   endfacet
   facet normal 2.297927e-01 9.732396e-01 0.000000e+00
      outer loop
         vertex -1.575558e+04 2.623711e+03 0.000000e+00
         vertex -1.575553e+04 2.623699e+03 2.000000e-01
         vertex -1.575553e+04 2.623699e+03 0.000000e+00
      endloop
   endfacet
   facet normal 2.240118e-01 9.745864e-01 0.000000e+00
      outer loop
         vertex -1.575850e+04 2.624383e+03 2.000000e-01
         vertex -1.575558e+04 2.623711e+03 2.000000e-01
         vertex -1.575850e+04 2.624383e+03 -1.084202e-16
      endloop
   endfacet
   facet normal 2.240118e-01 9.745864e-01 0.000000e+00
      outer loop
         vertex -1.575850e+04 2.624383e+03 -1.084202e-16
         vertex -1.575558e+04 2.623711e+03 2.000000e-01
         vertex -1.575558e+04 2.623711e+03 -1.084202e-16
      endloop
   endfacet
   facet normal 2.082920e-01 9.780667e-01 0.000000e+00
      outer loop
         vertex -1.575855e+04 2.624394e+03 2.000000e-01
         vertex -1.575850e+04 2.624383e+03 2.000000e-01
         vertex -1.575855e+04 2.624394e+03 0.000000e+00
      endloop
   endfacet
   facet normal 2.082920e-01 9.780667e-01 0.000000e+00
      outer loop
         vertex -1.575855e+04 2.624394e+03 0.000000e+00
         vertex -1.575850e+04 2.624383e+03 2.000000e-01
         vertex -1.575850e+04 2.624383e+03 0.000000e+00
      endloop
   endfacet
   facet normal 1.986018e-01 9.800803e-01 0.000000e+00
      outer loop
         vertex -1.576005e+04 2.624698e+03 2.000000e-01
         vertex -1.575855e+04 2.624394e+03 2.000000e-01
         vertex -1.576005e+04 2.624698e+03 -1.084202e-16
      endloop
   endfacet
   facet normal 1.986018e-01 9.800803e-01 0.000000e+00
      outer loop
         vertex -1.576005e+04 2.624698e+03 -1.084202e-16
         vertex -1.575855e+04 2.624394e+03 2.000000e-01
         vertex -1.575855e+04 2.624394e+03 -1.084202e-16
      endloop
   endfacet
   facet normal 1.654510e-01 9.862180e-01 0.000000e+00
      outer loop
         vertex -1.576012e+04 2.624710e+03 2.000000e-01
         vertex -1.576005e+04 2.624698e+03 2.000000e-01
         vertex -1.576012e+04 2.624710e+03 -1.084202e-16
      endloop
   endfacet
   facet normal 1.654510e-01 9.862180e-01 0.000000e+00
      outer loop
         vertex -1.576012e+04 2.624710e+03 -1.084202e-16
         vertex -1.576005e+04 2.624698e+03 2.000000e-01
         vertex -1.576005e+04 2.624698e+03 -1.084202e-16
      endloop
   endfacet
   facet normal 1.368579e-01 9.905907e-01 0.000000e+00
      outer loop
         vertex -1.576020e+04 2.624720e+03 2.000000e-01
         vertex -1.576012e+04 2.624710e+03 2.000000e-01
         vertex -1.576020e+04 2.624720e+03 0.000000e+00
      endloop
   endfacet
   facet normal 1.368579e-01 9.905907e-01 0.000000e+00
      outer loop
         vertex -1.576020e+04 2.624720e+03 0.000000e+00
         vertex -1.576012e+04 2.624710e+03 2.000000e-01
         vertex -1.576012e+04 2.624710e+03 0.000000e+00
      endloop
   endfacet
   facet normal 6.802389e-02 9.976837e-01 0.000000e+00
      outer loop
         vertex -1.576027e+04 2.624725e+03 2.000000e-01
         vertex -1.576020e+04 2.624720e+03 2.000000e-01
         vertex -1.576027e+04 2.624725e+03 0.000000e+00
      endloop
   endfacet
   facet normal 6.802389e-02 9.976837e-01 0.000000e+00
      outer loop
         vertex -1.576027e+04 2.624725e+03 0.000000e+00
         vertex -1.576020e+04 2.624720e+03 2.000000e-01
         vertex -1.576020e+04 2.624720e+03 0.000000e+00
      endloop
   endfacet
   facet normal 2.596527e-02 9.996628e-01 0.000000e+00
      outer loop
         vertex -1.576034e+04 2.624727e+03 2.000000e-01
         vertex -1.576027e+04 2.624725e+03 2.000000e-01
         vertex -1.576034e+04 2.624727e+03 0.000000e+00
      endloop
   endfacet
   facet normal 2.596527e-02 9.996628e-01 0.000000e+00
      outer loop
         vertex -1.576034e+04 2.624727e+03 0.000000e+00
         vertex -1.576027e+04 2.624725e+03 2.000000e-01
         vertex -1.576027e+04 2.624725e+03 0.000000e+00
      endloop
   endfacet
   facet normal -1.298592e-02 9.999157e-01 0.000000e+00
      outer loop
         vertex -1.576042e+04 2.624726e+03 2.000000e-01
         vertex -1.576034e+04 2.624727e+03 2.000000e-01
         vertex -1.576042e+04 2.624726e+03 -1.084202e-16
      endloop
   endfacet
   facet normal -1.298592e-02 9.999157e-01 0.000000e+00
      outer loop
         vertex -1.576042e+04 2.624726e+03 -1.084202e-16
         vertex -1.576034e+04 2.624727e+03 2.000000e-01
         vertex -1.576034e+04 2.624727e+03 -1.084202e-16
      endloop
   endfacet
   facet normal -8.090276e-02 9.967220e-01 0.000000e+00
      outer loop
         vertex -1.576049e+04 2.624720e+03 2.000000e-01
         vertex -1.576042e+04 2.624726e+03 2.000000e-01
         vertex -1.576049e+04 2.624720e+03 0.000000e+00
      endloop
   endfacet
   facet normal -8.090276e-02 9.967220e-01 0.000000e+00
      outer loop
         vertex -1.576049e+04 2.624720e+03 0.000000e+00
         vertex -1.576042e+04 2.624726e+03 2.000000e-01
         vertex -1.576042e+04 2.624726e+03 0.000000e+00
      endloop
   endfacet
   facet normal -1.111491e-01 9.938037e-01 0.000000e+00
      outer loop
         vertex -1.576056e+04 2.624712e+03 2.000000e-01
         vertex -1.576049e+04 2.624720e+03 2.000000e-01
         vertex -1.576056e+04 2.624712e+03 -1.084202e-16
      endloop
   endfacet
   facet normal -1.111491e-01 9.938037e-01 0.000000e+00
      outer loop
         vertex -1.576056e+04 2.624712e+03 -1.084202e-16
         vertex -1.576049e+04 2.624720e+03 2.000000e-01
         vertex -1.576049e+04 2.624720e+03 -1.084202e-16
      endloop
   endfacet
   facet normal -1.748938e-01 9.845873e-01 0.000000e+00
      outer loop
         vertex -1.576064e+04 2.624699e+03 2.000000e-01
         vertex -1.576056e+04 2.624712e+03 2.000000e-01
         vertex -1.576064e+04 2.624699e+03 0.000000e+00
      endloop
   endfacet
   facet normal -1.748938e-01 9.845873e-01 0.000000e+00
      outer loop
         vertex -1.576064e+04 2.624699e+03 0.000000e+00
         vertex -1.576056e+04 2.624712e+03 2.000000e-01
         vertex -1.576056e+04 2.624712e+03 0.000000e+00
      endloop
   endfacet
   facet normal -2.210590e-01 9.752604e-01 0.000000e+00
      outer loop
         vertex -1.576071e+04 2.624683e+03 2.000000e-01
         vertex -1.576064e+04 2.624699e+03 2.000000e-01
         vertex -1.576071e+04 2.624683e+03 0.000000e+00
      endloop
   endfacet
   facet normal -2.210590e-01 9.752604e-01 0.000000e+00
      outer loop
         vertex -1.576071e+04 2.624683e+03 0.000000e+00
         vertex -1.576064e+04 2.624699e+03 2.000000e-01
         vertex -1.576064e+04 2.624699e+03 0.000000e+00
      endloop
   endfacet
   facet normal -2.546520e-01 9.670328e-01 0.000000e+00
      outer loop
         vertex -1.576078e+04 2.624664e+03 2.000000e-01
         vertex -1.576071e+04 2.624683e+03 2.000000e-01
         vertex -1.576078e+04 2.624664e+03 0.000000e+00
      endloop
   endfacet
   facet normal -2.546520e-01 9.670328e-01 0.000000e+00
      outer loop
         vertex -1.576078e+04 2.624664e+03 0.000000e+00
         vertex -1.576071e+04 2.624683e+03 2.000000e-01
         vertex -1.576071e+04 2.624683e+03 0.000000e+00
      endloop
   endfacet
   facet normal -3.191878e-01 9.476915e-01 0.000000e+00
      outer loop
         vertex -1.576085e+04 2.624641e+03 2.000000e-01
         vertex -1.576078e+04 2.624664e+03 2.000000e-01
         vertex -1.576085e+04 2.624641e+03 -1.084202e-16
      endloop
   endfacet
   facet normal -3.191878e-01 9.476915e-01 0.000000e+00
      outer loop
         vertex -1.576085e+04 2.624641e+03 -1.084202e-16
         vertex -1.576078e+04 2.624664e+03 2.000000e-01
         vertex -1.576078e+04 2.624664e+03 -1.084202e-16
      endloop
   endfacet
   facet normal -3.539689e-01 9.352572e-01 0.000000e+00
      outer loop
         vertex -1.576092e+04 2.624615e+03 2.000000e-01
         vertex -1.576085e+04 2.624641e+03 2.000000e-01
         vertex -1.576092e+04 2.624615e+03 0.000000e+00
      endloop
   endfacet
   facet normal -3.539689e-01 9.352572e-01 0.000000e+00
      outer loop
         vertex -1.576092e+04 2.624615e+03 0.000000e+00
         vertex -1.576085e+04 2.624641e+03 2.000000e-01
         vertex -1.576085e+04 2.624641e+03 0.000000e+00
      endloop
   endfacet
   facet normal -4.055411e-01 9.140768e-01 0.000000e+00
      outer loop
         vertex -1.576098e+04 2.624585e+03 2.000000e-01
         vertex -1.576092e+04 2.624615e+03 2.000000e-01
         vertex -1.576098e+04 2.624585e+03 0.000000e+00
      endloop
   endfacet
   facet normal -4.055411e-01 9.140768e-01 0.000000e+00
      outer loop
         vertex -1.576098e+04 2.624585e+03 0.000000e+00
         vertex -1.576092e+04 2.624615e+03 2.000000e-01
         vertex -1.576092e+04 2.624615e+03 0.000000e+00
      endloop
   endfacet
   facet normal -4.524517e-01 8.917889e-01 0.000000e+00
      outer loop
         vertex -1.576105e+04 2.624552e+03 2.000000e-01
         vertex -1.576098e+04 2.624585e+03 2.000000e-01
         vertex -1.576105e+04 2.624552e+03 -1.084202e-16
      endloop
   endfacet
   facet normal -4.524517e-01 8.917889e-01 0.000000e+00
      outer loop
         vertex -1.576105e+04 2.624552e+03 -1.084202e-16
         vertex -1.576098e+04 2.624585e+03 2.000000e-01
         vertex -1.576098e+04 2.624585e+03 -1.084202e-16
      endloop
   endfacet
   facet normal -4.908785e-01 8.712280e-01 0.000000e+00
      outer loop
         vertex -1.576111e+04 2.624516e+03 2.000000e-01
         vertex -1.576105e+04 2.624552e+03 2.000000e-01
         vertex -1.576111e+04 2.624516e+03 -1.084202e-16
      endloop
   endfacet
   facet normal -4.908785e-01 8.712280e-01 0.000000e+00
      outer loop
         vertex -1.576111e+04 2.624516e+03 -1.084202e-16
         vertex -1.576105e+04 2.624552e+03 2.000000e-01
         vertex -1.576105e+04 2.624552e+03 -1.084202e-16
      endloop
   endfacet
   facet normal -5.335033e-01 8.457980e-01 0.000000e+00
      outer loop
         vertex -1.576117e+04 2.624477e+03 2.000000e-01
         vertex -1.576111e+04 2.624516e+03 2.000000e-01
         vertex -1.576117e+04 2.624477e+03 0.000000e+00
      endloop
   endfacet
   facet normal -5.335033e-01 8.457980e-01 0.000000e+00
      outer loop
         vertex -1.576117e+04 2.624477e+03 0.000000e+00
         vertex -1.576111e+04 2.624516e+03 2.000000e-01
         vertex -1.576111e+04 2.624516e+03 0.000000e+00
      endloop
   endfacet
   facet normal -5.725886e-01 8.198428e-01 0.000000e+00
      outer loop
         vertex -1.576123e+04 2.624435e+03 2.000000e-01
         vertex -1.576117e+04 2.624477e+03 2.000000e-01
         vertex -1.576123e+04 2.624435e+03 0.000000e+00
      endloop
   endfacet
   facet normal -5.725886e-01 8.198428e-01 0.000000e+00
      outer loop
         vertex -1.576123e+04 2.624435e+03 0.000000e+00
         vertex -1.576117e+04 2.624477e+03 2.000000e-01
         vertex -1.576117e+04 2.624477e+03 0.000000e+00
      endloop
   endfacet
   facet normal -6.123692e-01 7.905719e-01 0.000000e+00
      outer loop
         vertex -1.576129e+04 2.624390e+03 2.000000e-01
         vertex -1.576123e+04 2.624435e+03 2.000000e-01
         vertex -1.576129e+04 2.624390e+03 0.000000e+00
      endloop
   endfacet
   facet normal -6.123692e-01 7.905719e-01 0.000000e+00
      outer loop
         vertex -1.576129e+04 2.624390e+03 0.000000e+00
         vertex -1.576123e+04 2.624435e+03 2.000000e-01
         vertex -1.576123e+04 2.624435e+03 0.000000e+00
      endloop
   endfacet
   facet normal -6.548065e-01 7.557966e-01 0.000000e+00
      outer loop
         vertex -1.576135e+04 2.624342e+03 2.000000e-01
         vertex -1.576129e+04 2.624390e+03 2.000000e-01
         vertex -1.576135e+04 2.624342e+03 0.000000e+00
      endloop
   endfacet
   facet normal -6.548065e-01 7.557966e-01 0.000000e+00
      outer loop
         vertex -1.576135e+04 2.624342e+03 0.000000e+00
         vertex -1.576129e+04 2.624390e+03 2.000000e-01
         vertex -1.576129e+04 2.624390e+03 0.000000e+00
      endloop
   endfacet
   facet normal -6.839411e-01 7.295372e-01 0.000000e+00
      outer loop
         vertex -1.576140e+04 2.624292e+03 2.000000e-01
         vertex -1.576135e+04 2.624342e+03 2.000000e-01
         vertex -1.576140e+04 2.624292e+03 0.000000e+00
      endloop
   endfacet
   facet normal -6.839411e-01 7.295372e-01 0.000000e+00
      outer loop
         vertex -1.576140e+04 2.624292e+03 0.000000e+00
         vertex -1.576135e+04 2.624342e+03 2.000000e-01
         vertex -1.576135e+04 2.624342e+03 0.000000e+00
      endloop
   endfacet
   facet normal -7.232076e-01 6.906307e-01 0.000000e+00
      outer loop
         vertex -1.576145e+04 2.624239e+03 2.000000e-01
         vertex -1.576140e+04 2.624292e+03 2.000000e-01
         vertex -1.576145e+04 2.624239e+03 0.000000e+00
      endloop
   endfacet
   facet normal -7.232076e-01 6.906307e-01 0.000000e+00
      outer loop
         vertex -1.576145e+04 2.624239e+03 0.000000e+00
         vertex -1.576140e+04 2.624292e+03 2.000000e-01
         vertex -1.576140e+04 2.624292e+03 0.000000e+00
      endloop
   endfacet
   facet normal -7.551587e-01 6.555420e-01 0.000000e+00
      outer loop
         vertex -1.576150e+04 2.624183e+03 2.000000e-01
         vertex -1.576145e+04 2.624239e+03 2.000000e-01
         vertex -1.576150e+04 2.624183e+03 0.000000e+00
      endloop
   endfacet
   facet normal -7.551587e-01 6.555420e-01 0.000000e+00
      outer loop
         vertex -1.576150e+04 2.624183e+03 0.000000e+00
         vertex -1.576145e+04 2.624239e+03 2.000000e-01
         vertex -1.576145e+04 2.624239e+03 0.000000e+00
      endloop
   endfacet
   facet normal -7.909270e-01 6.119106e-01 0.000000e+00
      outer loop
         vertex -1.576155e+04 2.624125e+03 2.000000e-01
         vertex -1.576150e+04 2.624183e+03 2.000000e-01
         vertex -1.576155e+04 2.624125e+03 0.000000e+00
      endloop
   endfacet
   facet normal -7.909270e-01 6.119106e-01 0.000000e+00
      outer loop
         vertex -1.576155e+04 2.624125e+03 0.000000e+00
         vertex -1.576150e+04 2.624183e+03 2.000000e-01
         vertex -1.576150e+04 2.624183e+03 0.000000e+00
      endloop
   endfacet
   facet normal -8.198428e-01 5.725886e-01 0.000000e+00
      outer loop
         vertex -1.576159e+04 2.624065e+03 2.000000e-01
         vertex -1.576155e+04 2.624125e+03 2.000000e-01
         vertex -1.576159e+04 2.624065e+03 -1.084202e-16
      endloop
   endfacet
   facet normal -8.198428e-01 5.725886e-01 0.000000e+00
      outer loop
         vertex -1.576159e+04 2.624065e+03 -1.084202e-16
         vertex -1.576155e+04 2.624125e+03 2.000000e-01
         vertex -1.576155e+04 2.624125e+03 -1.084202e-16
      endloop
   endfacet
   facet normal -8.457980e-01 5.335033e-01 0.000000e+00
      outer loop
         vertex -1.576163e+04 2.624003e+03 2.000000e-01
         vertex -1.576159e+04 2.624065e+03 2.000000e-01
         vertex -1.576163e+04 2.624003e+03 0.000000e+00
      endloop
   endfacet
   facet normal -8.457980e-01 5.335033e-01 0.000000e+00
      outer loop
         vertex -1.576163e+04 2.624003e+03 0.000000e+00
         vertex -1.576159e+04 2.624065e+03 2.000000e-01
         vertex -1.576159e+04 2.624065e+03 0.000000e+00
      endloop
   endfacet
   facet normal -8.609265e-01 5.087293e-01 0.000000e+00
      outer loop
         vertex -1.576166e+04 2.623940e+03 2.000000e-01
         vertex -1.576163e+04 2.624003e+03 2.000000e-01
         vertex -1.576166e+04 2.623940e+03 -1.084202e-16
      endloop
   endfacet
   facet normal -8.609265e-01 5.087293e-01 0.000000e+00
      outer loop
         vertex -1.576166e+04 2.623940e+03 -1.084202e-16
         vertex -1.576163e+04 2.624003e+03 2.000000e-01
         vertex -1.576163e+04 2.624003e+03 -1.084202e-16
      endloop
   endfacet
   facet normal -8.976443e-01 4.407207e-01 0.000000e+00
      outer loop
         vertex -1.576170e+04 2.623874e+03 2.000000e-01
         vertex -1.576166e+04 2.623940e+03 2.000000e-01
         vertex -1.576170e+04 2.623874e+03 -1.084202e-16
      endloop
   endfacet
   facet normal -8.976443e-01 4.407207e-01 0.000000e+00
      outer loop
         vertex -1.576170e+04 2.623874e+03 -1.084202e-16
         vertex -1.576166e+04 2.623940e+03 2.000000e-01
         vertex -1.576166e+04 2.623940e+03 -1.084202e-16
      endloop
   endfacet
   facet normal -9.148824e-01 4.037204e-01 0.000000e+00
      outer loop
         vertex -1.576173e+04 2.623807e+03 2.000000e-01
         vertex -1.576170e+04 2.623874e+03 2.000000e-01
         vertex -1.576173e+04 2.623807e+03 0.000000e+00
      endloop
   endfacet
   facet normal -9.148824e-01 4.037204e-01 0.000000e+00
      outer loop
         vertex -1.576173e+04 2.623807e+03 0.000000e+00
         vertex -1.576170e+04 2.623874e+03 2.000000e-01
         vertex -1.576170e+04 2.623874e+03 0.000000e+00
      endloop
   endfacet
   facet normal -9.307118e-01 3.657534e-01 0.000000e+00
      outer loop
         vertex -1.576175e+04 2.623739e+03 2.000000e-01
         vertex -1.576173e+04 2.623807e+03 2.000000e-01
         vertex -1.576175e+04 2.623739e+03 0.000000e+00
      endloop
   endfacet
   facet normal -9.307118e-01 3.657534e-01 0.000000e+00
      outer loop
         vertex -1.576175e+04 2.623739e+03 0.000000e+00
         vertex -1.576173e+04 2.623807e+03 2.000000e-01
         vertex -1.576173e+04 2.623807e+03 0.000000e+00
      endloop
   endfacet
   facet normal -9.506055e-01 3.104018e-01 0.000000e+00
      outer loop
         vertex -1.576178e+04 2.623669e+03 2.000000e-01
         vertex -1.576175e+04 2.623739e+03 2.000000e-01
         vertex -1.576178e+04 2.623669e+03 0.000000e+00
      endloop
   endfacet
   facet normal -9.506055e-01 3.104018e-01 0.000000e+00
      outer loop
         vertex -1.576178e+04 2.623669e+03 0.000000e+00
         vertex -1.576175e+04 2.623739e+03 2.000000e-01
         vertex -1.576175e+04 2.623739e+03 0.000000e+00
      endloop
   endfacet
   facet normal -9.655844e-01 2.600901e-01 0.000000e+00
      outer loop
         vertex -1.576179e+04 2.623598e+03 2.000000e-01
         vertex -1.576178e+04 2.623669e+03 2.000000e-01
         vertex -1.576179e+04 2.623598e+03 0.000000e+00
      endloop
   endfacet
   facet normal -9.655844e-01 2.600901e-01 0.000000e+00
      outer loop
         vertex -1.576179e+04 2.623598e+03 0.000000e+00
         vertex -1.576178e+04 2.623669e+03 2.000000e-01
         vertex -1.576178e+04 2.623669e+03 0.000000e+00
      endloop
   endfacet
   facet normal -9.720309e-01 2.348531e-01 0.000000e+00
      outer loop
         vertex -1.576181e+04 2.623527e+03 2.000000e-01
         vertex -1.576179e+04 2.623598e+03 2.000000e-01
         vertex -1.576181e+04 2.623527e+03 0.000000e+00
      endloop
   endfacet
   facet normal -9.720309e-01 2.348531e-01 0.000000e+00
      outer loop
         vertex -1.576181e+04 2.623527e+03 0.000000e+00
         vertex -1.576179e+04 2.623598e+03 2.000000e-01
         vertex -1.576179e+04 2.623598e+03 0.000000e+00
      endloop
   endfacet
   facet normal -9.807879e-01 1.950772e-01 0.000000e+00
      outer loop
         vertex -1.576550e+04 2.605000e+03 2.000000e-01
         vertex -1.576181e+04 2.623527e+03 2.000000e-01
         vertex -1.576550e+04 2.605000e+03 -1.084202e-16
      endloop
   endfacet
   facet normal -9.807879e-01 1.950772e-01 0.000000e+00
      outer loop
         vertex -1.576550e+04 2.605000e+03 -1.084202e-16
         vertex -1.576181e+04 2.623527e+03 2.000000e-01
         vertex -1.576181e+04 2.623527e+03 -1.084202e-16
      endloop
   endfacet
   facet normal -9.807873e-01 1.950801e-01 0.000000e+00
      outer loop
         vertex -1.577644e+04 2.550000e+03 2.000000e-01
         vertex -1.576550e+04 2.605000e+03 2.000000e-01
         vertex -1.577644e+04 2.550000e+03 0.000000e+00
      endloop
   endfacet
   facet normal -9.807873e-01 1.950801e-01 0.000000e+00
      outer loop
         vertex -1.577644e+04 2.550000e+03 0.000000e+00
         vertex -1.576550e+04 2.605000e+03 2.000000e-01
         vertex -1.576550e+04 2.605000e+03 0.000000e+00
      endloop
   endfacet
   facet normal -9.807867e-01 1.950832e-01 0.000000e+00
      outer loop
         vertex -1.577644e+04 2.550000e+03 2.000000e-01
         vertex -1.577644e+04 2.550000e+03 0.000000e+00
         vertex -1.578240e+04 2.520000e+03 2.000000e-01
      endloop
   endfacet
   facet normal -9.807867e-01 1.950832e-01 0.000000e+00
      outer loop
         vertex -1.578240e+04 2.520000e+03 2.000000e-01
         vertex -1.577644e+04 2.550000e+03 0.000000e+00
         vertex -1.578240e+04 2.520000e+03 0.000000e+00
      endloop
   endfacet
   facet normal -9.808109e-01 1.949616e-01 0.000000e+00
      outer loop
         vertex -1.578240e+04 2.520000e+03 2.000000e-01
         vertex -1.578240e+04 2.520000e+03 0.000000e+00
         vertex -1.578292e+04 2.517390e+03 2.000000e-01
      endloop
   endfacet
   facet normal -9.808109e-01 1.949616e-01 0.000000e+00
      outer loop
         vertex -1.578292e+04 2.517390e+03 2.000000e-01
         vertex -1.578240e+04 2.520000e+03 0.000000e+00
         vertex -1.578292e+04 2.517390e+03 0.000000e+00
      endloop
   endfacet
   facet normal -9.847104e-01 1.741994e-01 0.000000e+00
      outer loop
         vertex -1.578294e+04 2.517293e+03 2.000000e-01
         vertex -1.578292e+04 2.517390e+03 2.000000e-01
         vertex -1.578294e+04 2.517293e+03 0.000000e+00
      endloop
   endfacet
   facet normal -9.847104e-01 1.741994e-01 0.000000e+00
      outer loop
         vertex -1.578294e+04 2.517293e+03 0.000000e+00
         vertex -1.578292e+04 2.517390e+03 2.000000e-01
         vertex -1.578292e+04 2.517390e+03 0.000000e+00
      endloop
   endfacet
   facet normal -9.919367e-01 1.267339e-01 0.000000e+00
      outer loop
         vertex -1.578295e+04 2.517196e+03 2.000000e-01
         vertex -1.578294e+04 2.517293e+03 2.000000e-01
         vertex -1.578295e+04 2.517196e+03 5.421011e-17
      endloop
   endfacet
   facet normal -9.919367e-01 1.267339e-01 0.000000e+00
      outer loop
         vertex -1.578295e+04 2.517196e+03 5.421011e-17
         vertex -1.578294e+04 2.517293e+03 2.000000e-01
         vertex -1.578294e+04 2.517293e+03 5.421011e-17
      endloop
   endfacet
   facet normal -9.976874e-01 6.796897e-02 0.000000e+00
      outer loop
         vertex -1.578296e+04 2.517098e+03 2.000000e-01
         vertex -1.578295e+04 2.517196e+03 2.000000e-01
         vertex -1.578296e+04 2.517098e+03 -1.084202e-16
      endloop
   endfacet
   facet normal -9.976874e-01 6.796897e-02 0.000000e+00
      outer loop
         vertex -1.578296e+04 2.517098e+03 -1.084202e-16
         vertex -1.578295e+04 2.517196e+03 2.000000e-01
         vertex -1.578295e+04 2.517196e+03 -1.084202e-16
      endloop
   endfacet
   facet normal -9.996275e-01 2.729358e-02 0.000000e+00
      outer loop
         vertex -1.578296e+04 2.517028e+03 2.000000e-01
         vertex -1.578296e+04 2.517098e+03 2.000000e-01
         vertex -1.578296e+04 2.517028e+03 5.421011e-17
      endloop
   endfacet
   facet normal -9.996275e-01 2.729358e-02 0.000000e+00
      outer loop
         vertex -1.578296e+04 2.517028e+03 5.421011e-17
         vertex -1.578296e+04 2.517098e+03 2.000000e-01
         vertex -1.578296e+04 2.517098e+03 5.421011e-17
      endloop
   endfacet
   facet normal -9.994259e-01 3.387885e-02 0.000000e+00
      outer loop
         vertex -1.578296e+04 2.517000e+03 2.000000e-01
         vertex -1.578296e+04 2.517028e+03 2.000000e-01
         vertex -1.578296e+04 2.517000e+03 0.000000e+00
      endloop
   endfacet
   facet normal -9.994259e-01 3.387885e-02 0.000000e+00
      outer loop
         vertex -1.578296e+04 2.517000e+03 0.000000e+00
         vertex -1.578296e+04 2.517028e+03 2.000000e-01
         vertex -1.578296e+04 2.517028e+03 0.000000e+00
      endloop
   endfacet
   facet normal -9.995740e-01 -2.918464e-02 -0.000000e+00
      outer loop
         vertex -1.578296e+04 2.516902e+03 2.000000e-01
         vertex -1.578296e+04 2.517000e+03 2.000000e-01
         vertex -1.578296e+04 2.516902e+03 0.000000e+00
      endloop
   endfacet
   facet normal -9.995740e-01 -2.918464e-02 0.000000e+00
      outer loop
         vertex -1.578296e+04 2.516902e+03 0.000000e+00
         vertex -1.578296e+04 2.517000e+03 2.000000e-01
         vertex -1.578296e+04 2.517000e+03 0.000000e+00
      endloop
   endfacet
   facet normal -9.976874e-01 -6.796897e-02 -0.000000e+00
      outer loop
         vertex -1.578295e+04 2.516804e+03 2.000000e-01
         vertex -1.578296e+04 2.516902e+03 2.000000e-01
         vertex -1.578295e+04 2.516804e+03 -1.084202e-16
      endloop
   endfacet
   facet normal -9.976874e-01 -6.796897e-02 0.000000e+00
      outer loop
         vertex -1.578295e+04 2.516804e+03 -1.084202e-16
         vertex -1.578296e+04 2.516902e+03 2.000000e-01
         vertex -1.578296e+04 2.516902e+03 -1.084202e-16
      endloop
   endfacet
   facet normal -9.919367e-01 -1.267339e-01 -0.000000e+00
      outer loop
         vertex -1.578294e+04 2.516707e+03 2.000000e-01
         vertex -1.578295e+04 2.516804e+03 2.000000e-01
         vertex -1.578294e+04 2.516707e+03 5.421011e-17
      endloop
   endfacet
   facet normal -9.919367e-01 -1.267339e-01 0.000000e+00
      outer loop
         vertex -1.578294e+04 2.516707e+03 5.421011e-17
         vertex -1.578295e+04 2.516804e+03 2.000000e-01
         vertex -1.578295e+04 2.516804e+03 5.421011e-17
      endloop
   endfacet
   facet normal -9.847104e-01 -1.741994e-01 -0.000000e+00
      outer loop
         vertex -1.578292e+04 2.516610e+03 2.000000e-01
         vertex -1.578294e+04 2.516707e+03 2.000000e-01
         vertex -1.578292e+04 2.516610e+03 0.000000e+00
      endloop
   endfacet
   facet normal -9.847104e-01 -1.741994e-01 0.000000e+00
      outer loop
         vertex -1.578292e+04 2.516610e+03 0.000000e+00
         vertex -1.578294e+04 2.516707e+03 2.000000e-01
         vertex -1.578294e+04 2.516707e+03 0.000000e+00
      endloop
   endfacet
   facet normal -9.807878e-01 -1.950776e-01 -0.000000e+00
      outer loop
         vertex -1.577862e+04 2.495000e+03 2.000000e-01
         vertex -1.578292e+04 2.516610e+03 2.000000e-01
         vertex -1.577862e+04 2.495000e+03 0.000000e+00
      endloop
   endfacet
   facet normal -9.807878e-01 -1.950776e-01 0.000000e+00
      outer loop
         vertex -1.577862e+04 2.495000e+03 0.000000e+00
         vertex -1.578292e+04 2.516610e+03 2.000000e-01
         vertex -1.578292e+04 2.516610e+03 0.000000e+00
      endloop
   endfacet
   facet normal -9.807872e-01 -1.950809e-01 -0.000000e+00
      outer loop
         vertex -1.576768e+04 2.440000e+03 2.000000e-01
         vertex -1.577862e+04 2.495000e+03 2.000000e-01
         vertex -1.576768e+04 2.440000e+03 0.000000e+00
      endloop
   endfacet
   facet normal -9.807872e-01 -1.950809e-01 0.000000e+00
      outer loop
         vertex -1.576768e+04 2.440000e+03 0.000000e+00
         vertex -1.577862e+04 2.495000e+03 2.000000e-01
         vertex -1.577862e+04 2.495000e+03 0.000000e+00
      endloop
   endfacet
   facet normal -9.807888e-01 -1.950728e-01 -0.000000e+00
      outer loop
         vertex -1.576181e+04 2.410473e+03 2.000000e-01
         vertex -1.576768e+04 2.440000e+03 2.000000e-01
         vertex -1.576181e+04 2.410473e+03 -1.084202e-16
      endloop
   endfacet
   facet normal -9.807888e-01 -1.950728e-01 0.000000e+00
      outer loop
         vertex -1.576181e+04 2.410473e+03 -1.084202e-16
         vertex -1.576768e+04 2.440000e+03 2.000000e-01
         vertex -1.576768e+04 2.440000e+03 -1.084202e-16
      endloop
   endfacet
   facet normal -9.720309e-01 -2.348531e-01 -0.000000e+00
      outer loop
         vertex -1.576179e+04 2.410402e+03 2.000000e-01
         vertex -1.576181e+04 2.410473e+03 2.000000e-01
         vertex -1.576179e+04 2.410402e+03 0.000000e+00
      endloop
   endfacet
   facet normal -9.720309e-01 -2.348531e-01 0.000000e+00
      outer loop
         vertex -1.576179e+04 2.410402e+03 0.000000e+00
         vertex -1.576181e+04 2.410473e+03 2.000000e-01
         vertex -1.576181e+04 2.410473e+03 0.000000e+00
      endloop
   endfacet
   facet normal -9.658033e-01 -2.592760e-01 -0.000000e+00
      outer loop
         vertex -1.576178e+04 2.410331e+03 2.000000e-01
         vertex -1.576179e+04 2.410402e+03 2.000000e-01
         vertex -1.576178e+04 2.410331e+03 -1.084202e-16
      endloop
   endfacet
   facet normal -9.658033e-01 -2.592760e-01 0.000000e+00
      outer loop
         vertex -1.576178e+04 2.410331e+03 -1.084202e-16
         vertex -1.576179e+04 2.410402e+03 2.000000e-01
         vertex -1.576179e+04 2.410402e+03 -1.084202e-16
      endloop
   endfacet
   facet normal -9.506055e-01 -3.104018e-01 -0.000000e+00
      outer loop
         vertex -1.576175e+04 2.410261e+03 2.000000e-01
         vertex -1.576178e+04 2.410331e+03 2.000000e-01
         vertex -1.576175e+04 2.410261e+03 0.000000e+00
      endloop
   endfacet
   facet normal -9.506055e-01 -3.104018e-01 0.000000e+00
      outer loop
         vertex -1.576175e+04 2.410261e+03 0.000000e+00
         vertex -1.576178e+04 2.410331e+03 2.000000e-01
         vertex -1.576178e+04 2.410331e+03 0.000000e+00
      endloop
   endfacet
   facet normal -9.307118e-01 -3.657534e-01 -0.000000e+00
      outer loop
         vertex -1.576173e+04 2.410193e+03 2.000000e-01
         vertex -1.576175e+04 2.410261e+03 2.000000e-01
         vertex -1.576173e+04 2.410193e+03 0.000000e+00
      endloop
   endfacet
   facet normal -9.307118e-01 -3.657534e-01 0.000000e+00
      outer loop
         vertex -1.576173e+04 2.410193e+03 0.000000e+00
         vertex -1.576175e+04 2.410261e+03 2.000000e-01
         vertex -1.576175e+04 2.410261e+03 0.000000e+00
      endloop
   endfacet
   facet normal -9.148824e-01 -4.037204e-01 -0.000000e+00
      outer loop
         vertex -1.576170e+04 2.410126e+03 2.000000e-01
         vertex -1.576173e+04 2.410193e+03 2.000000e-01
         vertex -1.576170e+04 2.410126e+03 0.000000e+00
      endloop
   endfacet
   facet normal -9.148824e-01 -4.037204e-01 0.000000e+00
      outer loop
         vertex -1.576170e+04 2.410126e+03 0.000000e+00
         vertex -1.576173e+04 2.410193e+03 2.000000e-01
         vertex -1.576173e+04 2.410193e+03 0.000000e+00
      endloop
   endfacet
   facet normal -8.976443e-01 -4.407207e-01 -0.000000e+00
      outer loop
         vertex -1.576166e+04 2.410060e+03 2.000000e-01
         vertex -1.576170e+04 2.410126e+03 2.000000e-01
         vertex -1.576166e+04 2.410060e+03 -1.084202e-16
      endloop
   endfacet
   facet normal -8.976443e-01 -4.407207e-01 0.000000e+00
      outer loop
         vertex -1.576166e+04 2.410060e+03 -1.084202e-16
         vertex -1.576170e+04 2.410126e+03 2.000000e-01
         vertex -1.576170e+04 2.410126e+03 -1.084202e-16
      endloop
   endfacet
   facet normal -8.609265e-01 -5.087293e-01 -0.000000e+00
      outer loop
         vertex -1.576163e+04 2.409997e+03 2.000000e-01
         vertex -1.576166e+04 2.410060e+03 2.000000e-01
         vertex -1.576163e+04 2.409997e+03 0.000000e+00
      endloop
   endfacet
   facet normal -8.609265e-01 -5.087293e-01 0.000000e+00
      outer loop
         vertex -1.576163e+04 2.409997e+03 0.000000e+00
         vertex -1.576166e+04 2.410060e+03 2.000000e-01
         vertex -1.576166e+04 2.410060e+03 0.000000e+00
      endloop
   endfacet
   facet normal -8.457980e-01 -5.335033e-01 -0.000000e+00
      outer loop
         vertex -1.576159e+04 2.409935e+03 2.000000e-01
         vertex -1.576163e+04 2.409997e+03 2.000000e-01
         vertex -1.576159e+04 2.409935e+03 0.000000e+00
      endloop
   endfacet
   facet normal -8.457980e-01 -5.335033e-01 0.000000e+00
      outer loop
         vertex -1.576159e+04 2.409935e+03 0.000000e+00
         vertex -1.576163e+04 2.409997e+03 2.000000e-01
         vertex -1.576163e+04 2.409997e+03 0.000000e+00
      endloop
   endfacet
   facet normal -8.198428e-01 -5.725886e-01 -0.000000e+00
      outer loop
         vertex -1.576155e+04 2.409875e+03 2.000000e-01
         vertex -1.576159e+04 2.409935e+03 2.000000e-01
         vertex -1.576155e+04 2.409875e+03 -1.084202e-16
      endloop
   endfacet
   facet normal -8.198428e-01 -5.725886e-01 0.000000e+00
      outer loop
         vertex -1.576155e+04 2.409875e+03 -1.084202e-16
         vertex -1.576159e+04 2.409935e+03 2.000000e-01
         vertex -1.576159e+04 2.409935e+03 -1.084202e-16
      endloop
   endfacet
   facet normal -7.909270e-01 -6.119106e-01 -0.000000e+00
      outer loop
         vertex -1.576150e+04 2.409817e+03 2.000000e-01
         vertex -1.576155e+04 2.409875e+03 2.000000e-01
         vertex -1.576150e+04 2.409817e+03 -1.084202e-16
      endloop
   endfacet
   facet normal -7.909270e-01 -6.119106e-01 0.000000e+00
      outer loop
         vertex -1.576150e+04 2.409817e+03 -1.084202e-16
         vertex -1.576155e+04 2.409875e+03 2.000000e-01
         vertex -1.576155e+04 2.409875e+03 -1.084202e-16
      endloop
   endfacet
   facet normal -7.551587e-01 -6.555420e-01 -0.000000e+00
      outer loop
         vertex -1.576145e+04 2.409761e+03 2.000000e-01
         vertex -1.576150e+04 2.409817e+03 2.000000e-01
         vertex -1.576145e+04 2.409761e+03 -1.084202e-16
      endloop
   endfacet
   facet normal -7.551587e-01 -6.555420e-01 0.000000e+00
      outer loop
         vertex -1.576145e+04 2.409761e+03 -1.084202e-16
         vertex -1.576150e+04 2.409817e+03 2.000000e-01
         vertex -1.576150e+04 2.409817e+03 -1.084202e-16
      endloop
   endfacet
   facet normal -7.232076e-01 -6.906307e-01 -0.000000e+00
      outer loop
         vertex -1.576140e+04 2.409708e+03 2.000000e-01
         vertex -1.576145e+04 2.409761e+03 2.000000e-01
         vertex -1.576140e+04 2.409708e+03 0.000000e+00
      endloop
   endfacet
   facet normal -7.232076e-01 -6.906307e-01 0.000000e+00
      outer loop
         vertex -1.576140e+04 2.409708e+03 0.000000e+00
         vertex -1.576145e+04 2.409761e+03 2.000000e-01
         vertex -1.576145e+04 2.409761e+03 0.000000e+00
      endloop
   endfacet
   facet normal -6.839411e-01 -7.295372e-01 -0.000000e+00
      outer loop
         vertex -1.576135e+04 2.409658e+03 2.000000e-01
         vertex -1.576140e+04 2.409708e+03 2.000000e-01
         vertex -1.576135e+04 2.409658e+03 -1.084202e-16
      endloop
   endfacet
   facet normal -6.839411e-01 -7.295372e-01 0.000000e+00
      outer loop
         vertex -1.576135e+04 2.409658e+03 -1.084202e-16
         vertex -1.576140e+04 2.409708e+03 2.000000e-01
         vertex -1.576140e+04 2.409708e+03 -1.084202e-16
      endloop
   endfacet
   facet normal -6.548065e-01 -7.557966e-01 -0.000000e+00
      outer loop
         vertex -1.576129e+04 2.409610e+03 2.000000e-01
         vertex -1.576135e+04 2.409658e+03 2.000000e-01
         vertex -1.576129e+04 2.409610e+03 -1.084202e-16
      endloop
   endfacet
   facet normal -6.548065e-01 -7.557966e-01 0.000000e+00
      outer loop
         vertex -1.576129e+04 2.409610e+03 -1.084202e-16
         vertex -1.576135e+04 2.409658e+03 2.000000e-01
         vertex -1.576135e+04 2.409658e+03 -1.084202e-16
      endloop
   endfacet
   facet normal -6.123692e-01 -7.905719e-01 -0.000000e+00
      outer loop
         vertex -1.576123e+04 2.409565e+03 2.000000e-01
         vertex -1.576129e+04 2.409610e+03 2.000000e-01
         vertex -1.576123e+04 2.409565e+03 0.000000e+00
      endloop
   endfacet
   facet normal -6.123692e-01 -7.905719e-01 0.000000e+00
      outer loop
         vertex -1.576123e+04 2.409565e+03 0.000000e+00
         vertex -1.576129e+04 2.409610e+03 2.000000e-01
         vertex -1.576129e+04 2.409610e+03 0.000000e+00
      endloop
   endfacet
   facet normal -5.725886e-01 -8.198428e-01 -0.000000e+00
      outer loop
         vertex -1.576117e+04 2.409523e+03 2.000000e-01
         vertex -1.576123e+04 2.409565e+03 2.000000e-01
         vertex -1.576117e+04 2.409523e+03 0.000000e+00
      endloop
   endfacet
   facet normal -5.725886e-01 -8.198428e-01 0.000000e+00
      outer loop
         vertex -1.576117e+04 2.409523e+03 0.000000e+00
         vertex -1.576123e+04 2.409565e+03 2.000000e-01
         vertex -1.576123e+04 2.409565e+03 0.000000e+00
      endloop
   endfacet
   facet normal -5.335033e-01 -8.457980e-01 -0.000000e+00
      outer loop
         vertex -1.576111e+04 2.409484e+03 2.000000e-01
         vertex -1.576117e+04 2.409523e+03 2.000000e-01
         vertex -1.576111e+04 2.409484e+03 0.000000e+00
      endloop
   endfacet
   facet normal -5.335033e-01 -8.457980e-01 0.000000e+00
      outer loop
         vertex -1.576111e+04 2.409484e+03 0.000000e+00
         vertex -1.576117e+04 2.409523e+03 2.000000e-01
         vertex -1.576117e+04 2.409523e+03 0.000000e+00
      endloop
   endfacet
   facet normal -4.908785e-01 -8.712280e-01 -0.000000e+00
      outer loop
         vertex -1.576105e+04 2.409448e+03 2.000000e-01
         vertex -1.576111e+04 2.409484e+03 2.000000e-01
         vertex -1.576105e+04 2.409448e+03 -1.084202e-16
      endloop
   endfacet
   facet normal -4.908785e-01 -8.712280e-01 0.000000e+00
      outer loop
         vertex -1.576105e+04 2.409448e+03 -1.084202e-16
         vertex -1.576111e+04 2.409484e+03 2.000000e-01
         vertex -1.576111e+04 2.409484e+03 -1.084202e-16
      endloop
   endfacet
   facet normal -4.524517e-01 -8.917889e-01 -0.000000e+00
      outer loop
         vertex -1.576098e+04 2.409415e+03 2.000000e-01
         vertex -1.576105e+04 2.409448e+03 2.000000e-01
         vertex -1.576098e+04 2.409415e+03 -1.084202e-16
      endloop
   endfacet
   facet normal -4.524517e-01 -8.917889e-01 0.000000e+00
      outer loop
         vertex -1.576098e+04 2.409415e+03 -1.084202e-16
         vertex -1.576105e+04 2.409448e+03 2.000000e-01
         vertex -1.576105e+04 2.409448e+03 -1.084202e-16
      endloop
   endfacet
   facet normal -4.055411e-01 -9.140768e-01 -0.000000e+00
      outer loop
         vertex -1.576092e+04 2.409385e+03 2.000000e-01
         vertex -1.576098e+04 2.409415e+03 2.000000e-01
         vertex -1.576092e+04 2.409385e+03 0.000000e+00
      endloop
   endfacet
   facet normal -4.055411e-01 -9.140768e-01 0.000000e+00
      outer loop
         vertex -1.576092e+04 2.409385e+03 0.000000e+00
         vertex -1.576098e+04 2.409415e+03 2.000000e-01
         vertex -1.576098e+04 2.409415e+03 0.000000e+00
      endloop
   endfacet
   facet normal -3.539689e-01 -9.352572e-01 -0.000000e+00
      outer loop
         vertex -1.576085e+04 2.409359e+03 2.000000e-01
         vertex -1.576092e+04 2.409385e+03 2.000000e-01
         vertex -1.576085e+04 2.409359e+03 -1.084202e-16
      endloop
   endfacet
   facet normal -3.539689e-01 -9.352572e-01 0.000000e+00
      outer loop
         vertex -1.576085e+04 2.409359e+03 -1.084202e-16
         vertex -1.576092e+04 2.409385e+03 2.000000e-01
         vertex -1.576092e+04 2.409385e+03 -1.084202e-16
      endloop
   endfacet
   facet normal -3.162278e-01 -9.486833e-01 -0.000000e+00
      outer loop
         vertex -1.576078e+04 2.409336e+03 2.000000e-01
         vertex -1.576085e+04 2.409359e+03 2.000000e-01
         vertex -1.576078e+04 2.409336e+03 -1.084202e-16
      endloop
   endfacet
   facet normal -3.162278e-01 -9.486833e-01 0.000000e+00
      outer loop
         vertex -1.576078e+04 2.409336e+03 -1.084202e-16
         vertex -1.576085e+04 2.409359e+03 2.000000e-01
         vertex -1.576085e+04 2.409359e+03 -1.084202e-16
      endloop
   endfacet
   facet normal -2.576627e-01 -9.662349e-01 -0.000000e+00
      outer loop
         vertex -1.576071e+04 2.409317e+03 2.000000e-01
         vertex -1.576078e+04 2.409336e+03 2.000000e-01
         vertex -1.576071e+04 2.409317e+03 0.000000e+00
      endloop
   endfacet
   facet normal -2.576627e-01 -9.662349e-01 0.000000e+00
      outer loop
         vertex -1.576071e+04 2.409317e+03 0.000000e+00
         vertex -1.576078e+04 2.409336e+03 2.000000e-01
         vertex -1.576078e+04 2.409336e+03 0.000000e+00
      endloop
   endfacet
   facet normal -2.179637e-01 -9.759569e-01 -0.000000e+00
      outer loop
         vertex -1.576064e+04 2.409301e+03 2.000000e-01
         vertex -1.576071e+04 2.409317e+03 2.000000e-01
         vertex -1.576064e+04 2.409301e+03 0.000000e+00
      endloop
   endfacet
   facet normal -2.179637e-01 -9.759569e-01 0.000000e+00
      outer loop
         vertex -1.576064e+04 2.409301e+03 0.000000e+00
         vertex -1.576071e+04 2.409317e+03 2.000000e-01
         vertex -1.576071e+04 2.409317e+03 0.000000e+00
      endloop
   endfacet
   facet normal -1.780308e-01 -9.840249e-01 -0.000000e+00
      outer loop
         vertex -1.576056e+04 2.409288e+03 2.000000e-01
         vertex -1.576064e+04 2.409301e+03 2.000000e-01
         vertex -1.576056e+04 2.409288e+03 0.000000e+00
      endloop
   endfacet
   facet normal -1.780308e-01 -9.840249e-01 0.000000e+00
      outer loop
         vertex -1.576056e+04 2.409288e+03 0.000000e+00
         vertex -1.576064e+04 2.409301e+03 2.000000e-01
         vertex -1.576064e+04 2.409301e+03 0.000000e+00
      endloop
   endfacet
   facet normal -1.079187e-01 -9.941597e-01 -0.000000e+00
      outer loop
         vertex -1.576049e+04 2.409280e+03 2.000000e-01
         vertex -1.576056e+04 2.409288e+03 2.000000e-01
         vertex -1.576049e+04 2.409280e+03 -1.084202e-16
      endloop
   endfacet
   facet normal -1.079187e-01 -9.941597e-01 0.000000e+00
      outer loop
         vertex -1.576049e+04 2.409280e+03 -1.084202e-16
         vertex -1.576056e+04 2.409288e+03 2.000000e-01
         vertex -1.576056e+04 2.409288e+03 -1.084202e-16
      endloop
   endfacet
   facet normal -8.090276e-02 -9.967220e-01 -0.000000e+00
      outer loop
         vertex -1.576042e+04 2.409274e+03 2.000000e-01
         vertex -1.576049e+04 2.409280e+03 2.000000e-01
         vertex -1.576042e+04 2.409274e+03 0.000000e+00
      endloop
   endfacet
   facet normal -8.090276e-02 -9.967220e-01 0.000000e+00
      outer loop
         vertex -1.576042e+04 2.409274e+03 0.000000e+00
         vertex -1.576049e+04 2.409280e+03 2.000000e-01
         vertex -1.576049e+04 2.409280e+03 0.000000e+00
      endloop
   endfacet
   facet normal -1.623163e-02 -9.998683e-01 -0.000000e+00
      outer loop
         vertex -1.576034e+04 2.409273e+03 2.000000e-01
         vertex -1.576042e+04 2.409274e+03 2.000000e-01
         vertex -1.576034e+04 2.409273e+03 -1.084202e-16
      endloop
   endfacet
   facet normal -1.623163e-02 -9.998683e-01 0.000000e+00
      outer loop
         vertex -1.576034e+04 2.409273e+03 -1.084202e-16
         vertex -1.576042e+04 2.409274e+03 2.000000e-01
         vertex -1.576042e+04 2.409274e+03 -1.084202e-16
      endloop
   endfacet
   facet normal -0.000000e+00 -1.000000e+00 -0.000000e+00
      outer loop
         vertex -1.573250e+04 2.440000e+03 2.000000e-01
         vertex -1.573750e+04 2.440000e+03 2.000000e-01
         vertex -1.573250e+04 2.440000e+03 0.000000e+00
      endloop
   endfacet
   facet normal 0.000000e+00 -1.000000e+00 0.000000e+00
      outer loop
         vertex -1.573250e+04 2.440000e+03 0.000000e+00
         vertex -1.573750e+04 2.440000e+03 2.000000e-01
         vertex -1.573750e+04 2.440000e+03 0.000000e+00
      endloop
   endfacet
   facet normal 1.000000e+00 0.000000e+00 0.000000e+00
      outer loop
         vertex -1.573750e+04 2.440000e+03 2.000000e-01
         vertex -1.573750e+04 2.435000e+03 2.000000e-01
         vertex -1.573750e+04 2.440000e+03 0.000000e+00
      endloop
   endfacet
   facet normal 1.000000e+00 0.000000e+00 0.000000e+00
      outer loop
         vertex -1.573750e+04 2.440000e+03 0.000000e+00
         vertex -1.573750e+04 2.435000e+03 2.000000e-01
         vertex -1.573750e+04 2.435000e+03 0.000000e+00
      endloop
   endfacet
   facet normal -0.000000e+00 1.000000e+00 0.000000e+00
      outer loop
         vertex -1.573750e+04 2.435000e+03 2.000000e-01
         vertex -1.573250e+04 2.435000e+03 2.000000e-01
         vertex -1.573750e+04 2.435000e+03 0.000000e+00
      endloop
   endfacet
   facet normal 0.000000e+00 1.000000e+00 0.000000e+00
      outer loop
         vertex -1.573750e+04 2.435000e+03 0.000000e+00
         vertex -1.573250e+04 2.435000e+03 2.000000e-01
         vertex -1.573250e+04 2.435000e+03 0.000000e+00
      endloop
   endfacet
   facet normal -1.000000e+00 0.000000e+00 0.000000e+00
      outer loop
         vertex -1.573250e+04 2.435000e+03 2.000000e-01
         vertex -1.573250e+04 2.440000e+03 2.000000e-01
         vertex -1.573250e+04 2.435000e+03 0.000000e+00
      endloop
   endfacet
   facet normal -1.000000e+00 0.000000e+00 0.000000e+00
      outer loop
         vertex -1.573250e+04 2.435000e+03 0.000000e+00
         vertex -1.573250e+04 2.440000e+03 2.000000e-01
         vertex -1.573250e+04 2.440000e+03 0.000000e+00
      endloop
   endfacet
   facet normal -0.000000e+00 -1.000000e+00 -0.000000e+00
      outer loop
         vertex -1.576000e+04 2.495000e+03 2.000000e-01
         vertex -1.576500e+04 2.495000e+03 2.000000e-01
         vertex -1.576000e+04 2.495000e+03 0.000000e+00
      endloop
   endfacet
   facet normal 0.000000e+00 -1.000000e+00 0.000000e+00
      outer loop
         vertex -1.576000e+04 2.495000e+03 0.000000e+00
         vertex -1.576500e+04 2.495000e+03 2.000000e-01
         vertex -1.576500e+04 2.495000e+03 0.000000e+00
      endloop
   endfacet
   facet normal 1.000000e+00 0.000000e+00 0.000000e+00
      outer loop
         vertex -1.576500e+04 2.495000e+03 2.000000e-01
         vertex -1.576500e+04 2.490000e+03 2.000000e-01
         vertex -1.576500e+04 2.495000e+03 0.000000e+00
      endloop
   endfacet
   facet normal 1.000000e+00 0.000000e+00 0.000000e+00
      outer loop
         vertex -1.576500e+04 2.495000e+03 0.000000e+00
         vertex -1.576500e+04 2.490000e+03 2.000000e-01
         vertex -1.576500e+04 2.490000e+03 0.000000e+00
      endloop
   endfacet
   facet normal -0.000000e+00 1.000000e+00 0.000000e+00
      outer loop
         vertex -1.576500e+04 2.490000e+03 2.000000e-01
         vertex -1.576000e+04 2.490000e+03 2.000000e-01
         vertex -1.576500e+04 2.490000e+03 0.000000e+00
      endloop
   endfacet
   facet normal 0.000000e+00 1.000000e+00 0.000000e+00
      outer loop
         vertex -1.576500e+04 2.490000e+03 0.000000e+00
         vertex -1.576000e+04 2.490000e+03 2.000000e-01
         vertex -1.576000e+04 2.490000e+03 0.000000e+00
      endloop
   endfacet
   facet normal -1.000000e+00 0.000000e+00 0.000000e+00
      outer loop
         vertex -1.576000e+04 2.490000e+03 2.000000e-01
         vertex -1.576000e+04 2.495000e+03 2.000000e-01
         vertex -1.576000e+04 2.490000e+03 0.000000e+00
      endloop
   endfacet
   facet normal -1.000000e+00 0.000000e+00 0.000000e+00
      outer loop
         vertex -1.576000e+04 2.490000e+03 0.000000e+00
         vertex -1.576000e+04 2.495000e+03 2.000000e-01
         vertex -1.576000e+04 2.495000e+03 0.000000e+00
      endloop
   endfacet
   facet normal -0.000000e+00 -1.000000e+00 -0.000000e+00
      outer loop
         vertex -1.570500e+04 2.495000e+03 2.000000e-01
         vertex -1.571000e+04 2.495000e+03 2.000000e-01
         vertex -1.570500e+04 2.495000e+03 0.000000e+00
      endloop
   endfacet
   facet normal 0.000000e+00 -1.000000e+00 0.000000e+00
      outer loop
         vertex -1.570500e+04 2.495000e+03 0.000000e+00
         vertex -1.571000e+04 2.495000e+03 2.000000e-01
         vertex -1.571000e+04 2.495000e+03 0.000000e+00
      endloop
   endfacet
   facet normal 1.000000e+00 0.000000e+00 0.000000e+00
      outer loop
         vertex -1.571000e+04 2.495000e+03 2.000000e-01
         vertex -1.571000e+04 2.490000e+03 2.000000e-01
         vertex -1.571000e+04 2.495000e+03 0.000000e+00
      endloop
   endfacet
   facet normal 1.000000e+00 0.000000e+00 0.000000e+00
      outer loop
         vertex -1.571000e+04 2.495000e+03 0.000000e+00
         vertex -1.571000e+04 2.490000e+03 2.000000e-01
         vertex -1.571000e+04 2.490000e+03 0.000000e+00
      endloop
   endfacet
   facet normal -0.000000e+00 1.000000e+00 0.000000e+00
      outer loop
         vertex -1.571000e+04 2.490000e+03 2.000000e-01
         vertex -1.570500e+04 2.490000e+03 2.000000e-01
         vertex -1.571000e+04 2.490000e+03 0.000000e+00
      endloop
   endfacet
   facet normal 0.000000e+00 1.000000e+00 0.000000e+00
      outer loop
         vertex -1.571000e+04 2.490000e+03 0.000000e+00
         vertex -1.570500e+04 2.490000e+03 2.000000e-01
         vertex -1.570500e+04 2.490000e+03 0.000000e+00
      endloop
   endfacet
   facet normal -1.000000e+00 0.000000e+00 0.000000e+00
      outer loop
         vertex -1.570500e+04 2.490000e+03 2.000000e-01
         vertex -1.570500e+04 2.495000e+03 2.000000e-01
         vertex -1.570500e+04 2.490000e+03 0.000000e+00
      endloop
   endfacet
   facet normal -1.000000e+00 0.000000e+00 0.000000e+00
      outer loop
         vertex -1.570500e+04 2.490000e+03 0.000000e+00
         vertex -1.570500e+04 2.495000e+03 2.000000e-01
         vertex -1.570500e+04 2.495000e+03 0.000000e+00
      endloop
   endfacet
   facet normal -0.000000e+00 -1.000000e+00 -0.000000e+00
      outer loop
         vertex -1.576000e+04 2.550000e+03 2.000000e-01
         vertex -1.576500e+04 2.550000e+03 2.000000e-01
         vertex -1.576000e+04 2.550000e+03 0.000000e+00
      endloop
   endfacet
   facet normal 0.000000e+00 -1.000000e+00 0.000000e+00
      outer loop
         vertex -1.576000e+04 2.550000e+03 0.000000e+00
         vertex -1.576500e+04 2.550000e+03 2.000000e-01
         vertex -1.576500e+04 2.550000e+03 0.000000e+00
      endloop
   endfacet
   facet normal 1.000000e+00 0.000000e+00 0.000000e+00
      outer loop
         vertex -1.576500e+04 2.550000e+03 2.000000e-01
         vertex -1.576500e+04 2.545000e+03 2.000000e-01
         vertex -1.576500e+04 2.550000e+03 0.000000e+00
      endloop
   endfacet
   facet normal 1.000000e+00 0.000000e+00 0.000000e+00
      outer loop
         vertex -1.576500e+04 2.550000e+03 0.000000e+00
         vertex -1.576500e+04 2.545000e+03 2.000000e-01
         vertex -1.576500e+04 2.545000e+03 0.000000e+00
      endloop
   endfacet
   facet normal -0.000000e+00 1.000000e+00 0.000000e+00
      outer loop
         vertex -1.576500e+04 2.545000e+03 2.000000e-01
         vertex -1.576000e+04 2.545000e+03 2.000000e-01
         vertex -1.576500e+04 2.545000e+03 0.000000e+00
      endloop
   endfacet
   facet normal 0.000000e+00 1.000000e+00 0.000000e+00
      outer loop
         vertex -1.576500e+04 2.545000e+03 0.000000e+00
         vertex -1.576000e+04 2.545000e+03 2.000000e-01
         vertex -1.576000e+04 2.545000e+03 0.000000e+00
      endloop
   endfacet
   facet normal -1.000000e+00 0.000000e+00 0.000000e+00
      outer loop
         vertex -1.576000e+04 2.545000e+03 2.000000e-01
         vertex -1.576000e+04 2.550000e+03 2.000000e-01
         vertex -1.576000e+04 2.545000e+03 0.000000e+00
      endloop
   endfacet
   facet normal -1.000000e+00 0.000000e+00 0.000000e+00
      outer loop
         vertex -1.576000e+04 2.545000e+03 0.000000e+00
         vertex -1.576000e+04 2.550000e+03 2.000000e-01
         vertex -1.576000e+04 2.550000e+03 0.000000e+00
      endloop
   endfacet
   facet normal -0.000000e+00 -1.000000e+00 -0.000000e+00
      outer loop
         vertex -1.570500e+04 2.550000e+03 2.000000e-01
         vertex -1.571000e+04 2.550000e+03 2.000000e-01
         vertex -1.570500e+04 2.550000e+03 0.000000e+00
      endloop
   endfacet
   facet normal 0.000000e+00 -1.000000e+00 0.000000e+00
      outer loop
         vertex -1.570500e+04 2.550000e+03 0.000000e+00
         vertex -1.571000e+04 2.550000e+03 2.000000e-01
         vertex -1.571000e+04 2.550000e+03 0.000000e+00
      endloop
   endfacet
   facet normal 1.000000e+00 0.000000e+00 0.000000e+00
      outer loop
         vertex -1.571000e+04 2.550000e+03 2.000000e-01
         vertex -1.571000e+04 2.545000e+03 2.000000e-01
         vertex -1.571000e+04 2.550000e+03 0.000000e+00
      endloop
   endfacet
   facet normal 1.000000e+00 0.000000e+00 0.000000e+00
      outer loop
         vertex -1.571000e+04 2.550000e+03 0.000000e+00
         vertex -1.571000e+04 2.545000e+03 2.000000e-01
         vertex -1.571000e+04 2.545000e+03 0.000000e+00
      endloop
   endfacet
   facet normal -0.000000e+00 1.000000e+00 0.000000e+00
      outer loop
         vertex -1.571000e+04 2.545000e+03 2.000000e-01
         vertex -1.570500e+04 2.545000e+03 2.000000e-01
         vertex -1.571000e+04 2.545000e+03 0.000000e+00
      endloop
   endfacet
   facet normal 0.000000e+00 1.000000e+00 0.000000e+00
      outer loop
         vertex -1.571000e+04 2.545000e+03 0.000000e+00
         vertex -1.570500e+04 2.545000e+03 2.000000e-01
         vertex -1.570500e+04 2.545000e+03 0.000000e+00
      endloop
   endfacet
   facet normal -1.000000e+00 0.000000e+00 0.000000e+00
      outer loop
         vertex -1.570500e+04 2.545000e+03 2.000000e-01
         vertex -1.570500e+04 2.550000e+03 2.000000e-01
         vertex -1.570500e+04 2.545000e+03 0.000000e+00
      endloop
   endfacet
   facet normal -1.000000e+00 0.000000e+00 0.000000e+00
      outer loop
         vertex -1.570500e+04 2.545000e+03 0.000000e+00
         vertex -1.570500e+04 2.550000e+03 2.000000e-01
         vertex -1.570500e+04 2.550000e+03 0.000000e+00
      endloop
   endfacet
   facet normal -0.000000e+00 -1.000000e+00 -0.000000e+00
      outer loop
         vertex -1.573250e+04 2.605000e+03 2.000000e-01
         vertex -1.573750e+04 2.605000e+03 2.000000e-01
         vertex -1.573250e+04 2.605000e+03 0.000000e+00
      endloop
   endfacet
   facet normal 0.000000e+00 -1.000000e+00 0.000000e+00
      outer loop
         vertex -1.573250e+04 2.605000e+03 0.000000e+00
         vertex -1.573750e+04 2.605000e+03 2.000000e-01
         vertex -1.573750e+04 2.605000e+03 0.000000e+00
      endloop
   endfacet
   facet normal 1.000000e+00 0.000000e+00 0.000000e+00
      outer loop
         vertex -1.573750e+04 2.605000e+03 2.000000e-01
         vertex -1.573750e+04 2.600000e+03 2.000000e-01
         vertex -1.573750e+04 2.605000e+03 0.000000e+00
      endloop
   endfacet
   facet normal 1.000000e+00 0.000000e+00 0.000000e+00
      outer loop
         vertex -1.573750e+04 2.605000e+03 0.000000e+00
         vertex -1.573750e+04 2.600000e+03 2.000000e-01
         vertex -1.573750e+04 2.600000e+03 0.000000e+00
      endloop
   endfacet
   facet normal -0.000000e+00 1.000000e+00 0.000000e+00
      outer loop
         vertex -1.573750e+04 2.600000e+03 2.000000e-01
         vertex -1.573250e+04 2.600000e+03 2.000000e-01
         vertex -1.573750e+04 2.600000e+03 0.000000e+00
      endloop
   endfacet
   facet normal 0.000000e+00 1.000000e+00 0.000000e+00
      outer loop
         vertex -1.573750e+04 2.600000e+03 0.000000e+00
         vertex -1.573250e+04 2.600000e+03 2.000000e-01
         vertex -1.573250e+04 2.600000e+03 0.000000e+00
      endloop
   endfacet
   facet normal -1.000000e+00 0.000000e+00 0.000000e+00
      outer loop
         vertex -1.573250e+04 2.600000e+03 2.000000e-01
         vertex -1.573250e+04 2.605000e+03 2.000000e-01
         vertex -1.573250e+04 2.600000e+03 0.000000e+00
      endloop
   endfacet
   facet normal -1.000000e+00 0.000000e+00 0.000000e+00
      outer loop
         vertex -1.573250e+04 2.600000e+03 0.000000e+00
         vertex -1.573250e+04 2.605000e+03 2.000000e-01
         vertex -1.573250e+04 2.605000e+03 0.000000e+00
      endloop
   endfacet
endsolid single_squat_BE3