Run ID,Event ID,Particle Name,Start Energy [eV],Start X [mm],Start Y [mm],Start Z [mm],Start Time [ns]
0 0 phononL 0.004 -2.13333 0.679824 0.0396758 0
0 1 phononL 0.004 1.95624 1.86532 -0.0321894 0
0 2 phononL 0.004 2.42215 1.35793 0.0133367 0
0 3 phononL 0.004 -1.34065 -2.36592 -0.0269584 0
0 4 phononL 0.004 -0.247103 0.720981 0.0308099 0
0 5 phononL 0.004 2.31969 -2.55672 0.0189157 0
0 6 phononL 0.004 -0.875638 2.0004 0.027174 0
0 7 phononL 0.004 -2.21519 -1.34008 0.0154805 0
0 8 phononL 0.004 -1.39651 -1.10596 -0.0291566 0
0 9 phononL 0.004 -0.0965374 -2.54959 -0.0110176 0
0 10 phononL 0.004 0.950461 -2.86513 -0.029589 0
0 11 phononL 0.004 1.9462 -1.55477 0.0375774 0
0 12 phononL 0.004 0.14283 -2.31936 -0.00931949 0
0 13 phononL 0.004 -1.99331 -2.05395 0.0251509 0
0 14 phononL 0.004 -0.251112 2.26889 0.0144767 0
0 15 phononL 0.004 -2.6032 -1.28775 -0.0186629 0
0 16 phononL 0.004 -2.34853 -2.62079 0.0196831 0
0 17 phononL 0.004 -0.698524 1.9338 0.00590444 0
0 18 phononL 0.004 0.849279 -0.975451 0.0175476 0
0 19 phononL 0.004 -1.03517 0.281328 -0.02245 0
0 20 phononL 0.004 -2.39722 0.502989 -0.0245917 0
0 21 phononL 0.004 1.10315 -1.58614 0.0339287 0
0 22 phononL 0.004 -2.1104 2.72105 -0.00801248 0
0 23 phononL 0.004 0.538667 0.0825471 0.00469423 0
0 24 phononL 0.004 -1.82067 1.31592 0.00714223 0
0 25 phononL 0.004 1.03318 -1.47421 0.0284227 0
0 26 phononL 0.004 -2.65403 -1.00998 -0.0339929 0
0 27 phononL 0.004 1.23072 -0.508487 -0.0336581 0
0 28 phononL 0.004 -1.18712 1.29054 -0.00938686 0
0 29 phononL 0.004 -0.432967 -2.25851 0.0300243 0
0 30 phononL 0.004 1.32562 -2.2915 -0.0109913 0
0 31 phononL 0.004 -1.05202 -2.21911 0.0366943 0
0 32 phononL 0.004 1.97552 2.03082 -0.022098 0
0 33 phononL 0.004 1.2583 -1.53328 0.00183073 0
0 34 phononL 0.004 0.124308 -2.84661 -0.0357399 0
0 35 phononL 0.004 -2.11318 -1.2569 0.0356187 0
0 36 phononL 0.004 0.311462 -0.658702 0.00661965 0
0 37 phononL 0.004 -0.0625409 -0.363927 -0.00507892 0
0 38 phononL 0.004 -0.105999 1.98064 0.0311422 0
0 39 phononL 0.004 -0.470223 -1.49544 -0.00311485 0
0 40 phononL 0.004 -1.56787 -1.68407 0.0175997 0
0 41 phononL 0.004 2.32669 2.66122 0.00465301 0
0 42 phononL 0.004 2.61774 0.367357 -0.0292574 0
0 43 phononL 0.004 -2.28077 0.329528 -0.0276493 0
0 44 phononL 0.004 0.894142 -1.80695 -0.0160957 0
0 45 phononL 0.004 -2.31692 0.854766 0.0165401 0
0 46 phononL 0.004 1.3979 -2.19497 0.0351209 0
0 47 phononL 0.004 -2.77241 0.698081 0.000758803 0
0 48 phononL 0.004 0.268765 -0.0355362 0.0158919 0
0 49 phononL 0.004 -1.76895 2.12828 -0.00355671 0
0 50 phononL 0.004 -1.70892 -2.62059 -0.030966 0
0 51 phononL 0.004 -1.79031 -1.00612 0.0370247 0
0 52 phononL 0.004 1.36886 -0.752391 -0.0396962 0
0 53 phononL 0.004 1.14892 1.43852 0.0139257 0
0 54 phononL 0.004 2.16466 0.586311 -0.00130893 0
0 55 phononL 0.004 -1.05894 1.93371 -0.01341 0
0 56 phononL 0.004 -2.22059 1.24383 0.00808882 0
0 57 phononL 0.004 -2.07861 -1.57788 -0.0340036 0
0 58 phononL 0.004 -2.718 0.506178 -0.0304212 0
0 59 phononL 0.004 2.21285 -2.17923 0.0192204 0
0 60 phononL 0.004 -1.75525 -0.466183 -0.00946175 0
0 61 phononL 0.004 0.768193 2.02861 -0.0119266 0
0 62 phononL 0.004 0.713514 1.56855 0.00466024 0
0 63 phononL 0.004 -2.08421 -1.01962 0.00729778 0
0 64 phononL 0.004 -2.38097 -2.71688 -0.00412069 0
0 65 phononL 0.004 -0.113587 2.58547 -0.0375708 0
0 66 phononL 0.004 -2.60733 -1.51923 -0.039168 0
0 67 phononL 0.004 -2.33491 -0.517658 -0.00657397 0
0 68 phononL 0.004 0.85686 -2.65162 -0.00499108 0
0 69 phononL 0.004 2.15791 -1.72645 -0.0122309 0
0 70 phononL 0.004 -0.0351269 1.42025 -0.00392698 0
0 71 phononL 0.004 1.40258 0.49082 0.00247717 0
0 72 phononL 0.004 0.471867 2.29164 -0.0301981 0
0 73 phononL 0.004 2.44316 -1.10743 -0.00965526 0
0 74 phononL 0.004 -0.333158 -1.74723 0.0330779 0
0 75 phononL 0.004 1.27531 -2.77874 -0.0147763 0
0 76 phononL 0.004 0.68906 0.0247055 0.0330881 0
0 77 phononL 0.004 -1.38177 -1.7685 0.00012498 0
0 78 phononL 0.004 -2.30225 0.419859 0.028449 0
0 79 phononL 0.004 -1.18206 1.58216 -0.00162522 0
0 80 phononL 0.004 1.66472 0.291536 0.0291395 0
0 81 phononL 0.004 -2.86784 0.835175 -0.0216061 0
0 82 phononL 0.004 0.4562 2.41007 -0.0125938 0
0 83 phononL 0.004 1.46826 1.16909 0.00585223 0
0 84 phononL 0.004 2.59877 0.69284 0.0305764 0
0 85 phononL 0.004 -0.614267 0.190974 0.00746726 0
0 86 phononL 0.004 -1.22792 1.62086 0.0221427 0
0 87 phononL 0.004 -1.29316 0.535222 -0.0201945 0
0 88 phononL 0.004 1.70117 0.986207 0.00331452 0
0 89 phononL 0.004 -2.82365 -1.10512 -0.00368044 0
0 90 phononL 0.004 2.55464 1.20057 0.0277598 0
0 91 phononL 0.004 -0.955986 1.66708 -0.0220469 0
0 92 phononL 0.004 -0.403923 0.0204318 0.00314708 0
0 93 phononL 0.004 -2.47186 -1.67687 -0.0286394 0
0 94 phononL 0.004 2.38855 -0.942016 -0.00667718 0
0 95 phononL 0.004 -2.7921 -1.2353 0.0338659 0
0 96 phononL 0.004 -2.87222 0.0413626 0.0152527 0
0 97 phononL 0.004 0.237441 -0.557201 -0.0350172 0
0 98 phononL 0.004 -0.331424 -0.190088 0.026593 0
0 99 phononL 0.004 2.84726 -1.64671 -0.0229302 0
0 100 phononL 0.004 0.393996 0.482859 0.00984678 0
0 101 phononL 0.004 -2.74401 1.46391 -0.00237185 0
0 102 phononL 0.004 1.51467 -0.619286 -0.0157195 0
0 103 phononL 0.004 0.818795 -0.703248 0.0381531 0
0 104 phononL 0.004 -2.00888 -2.63681 -0.0223681 0
0 105 phononL 0.004 -1.78672 1.90866 0.0308485 0
0 106 phononL 0.004 -1.44684 0.824856 -0.0034911 0
0 107 phononL 0.004 -1.23858 -2.41536 -0.00650286 0
0 108 phononL 0.004 -1.46028 1.99293 -0.0316469 0
0 109 phononL 0.004 1.2296 1.14639 -0.0304722 0
0 110 phononL 0.004 0.37493 0.664968 -0.0234498 0
0 111 phononL 0.004 0.426053 1.70109 -0.0224983 0
0 112 phononL 0.004 2.83574 -2.16573 -0.00602957 0
0 113 phononL 0.004 -1.86905 0.922286 -0.0140394 0
0 114 phononL 0.004 -0.110441 2.05584 0.0276559 0
0 115 phononL 0.004 -1.29811 -0.145402 0.0219226 0
0 116 phononL 0.004 2.26865 -0.640711 -0.016993 0
0 117 phononL 0.004 -1.58003 0.325386 -0.0351569 0
0 118 phononL 0.004 1.07428 0.259842 0.0223565 0
0 119 phononL 0.004 -2.22354 0.0958508 0.0353966 0
0 120 phononL 0.004 -0.127953 0.922393 0.0147505 0
0 121 phononL 0.004 2.57629 -1.74765 0.0248046 0
0 122 phononL 0.004 1.05469 -0.494285 0.00527394 0
0 123 phononL 0.004 0.205307 1.94179 0.00620306 0
0 124 phononL 0.004 -2.18783 -2.73477 0.0336056 0
0 125 phononL 0.004 0.151094 -2.29866 -0.0104885 0
0 126 phononL 0.004 -2.8358 1.58175 0.0381426 0
0 127 phononL 0.004 0.481343 0.898362 -0.000187975 0
0 128 phononL 0.004 1.41363 1.67672 0.0248227 0
0 129 phononL 0.004 0.32317 0.71956 -0.0385684 0
0 130 phononL 0.004 2.75769 -1.25045 -0.0185274 0
0 131 phononL 0.004 2.52873 2.81314 0.035627 0
0 132 phononL 0.004 2.08438 2.8747 0.0144194 0
0 133 phononL 0.004 0.880335 -2.38201 -0.0341671 0
0 134 phononL 0.004 2.44851 -1.71212 -0.0236358 0
0 135 phononL 0.004 2.23363 -0.347318 -0.0123156 0
0 136 phononL 0.004 2.53187 2.10623 0.00988979 0
0 137 phononL 0.004 1.57083 0.811105 0.0041037 0
0 138 phononL 0.004 -2.56554 -1.36011 -0.0348413 0
0 139 phononL 0.004 0.64876 2.66062 -0.00546647 0
0 140 phononL 0.004 0.019949 -1.56636 0.016984 0
0 141 phononL 0.004 2.42536 -1.6968 -0.0137751 0
0 142 phononL 0.004 -0.423716 2.22736 -0.0219574 0
0 143 phononL 0.004 -0.060509 -1.82845 -0.0106958 0
0 144 phononL 0.004 0.565049 -1.45474 0.0321193 0
0 145 phononL 0.004 0.807073 2.18948 0.0170523 0
0 146 phononL 0.004 -1.47373 1.7142 -0.0241422 0
0 147 phononL 0.004 -0.281196 1.21586 0.0332438 0
0 148 phononL 0.004 2.62631 2.78834 -0.00605705 0
0 149 phononL 0.004 0.406956 1.64889 0.016935 0
0 150 phononL 0.004 -0.10612 0.847883 -0.0267155 0
0 151 phononL 0.004 -0.218045 0.102744 0.0166208 0
0 152 phononL 0.004 1.57598 2.77976 0.0391951 0
0 153 phononL 0.004 0.624669 0.00268002 0.00776351 0
0 154 phononL 0.004 -0.774502 -2.3844 0.0324324 0
0 155 phononL 0.004 2.60866 -0.766892 0.0347172 0
0 156 phononL 0.004 1.44779 0.772032 -0.0275315 0
0 157 phononL 0.004 -1.6784 1.67621 0.0361769 0
0 158 phononL 0.004 -1.92825 2.88038 -0.0128336 0
0 159 phononL 0.004 -0.00538391 -0.481421 0.039167 0
0 160 phononL 0.004 -0.877331 -1.88463 -0.0140485 0
0 161 phononL 0.004 -1.14059 0.557309 0.0319715 0
0 162 phononL 0.004 -0.764001 -2.40391 -0.022236 0
0 163 phononL 0.004 -2.81506 -1.53411 -0.0276172 0
0 164 phononL 0.004 -2.51562 0.102901 -0.0270834 0
0 165 phononL 0.004 1.51855 1.87091 0.0230218 0
0 166 phononL 0.004 1.89233 -1.97405 0.038166 0
0 167 phononL 0.004 0.554436 2.74766 -0.033888 0
0 168 phononL 0.004 2.27936 -2.34357 -0.0292149 0
0 169 phononL 0.004 1.73725 -0.496586 0.0102718 0
0 170 phononL 0.004 -2.76364 -0.881087 0.0353519 0
0 171 phononL 0.004 1.7836 -2.09633 0.00328192 0
0 172 phononL 0.004 2.84242 2.75917 0.00237862 0
0 173 phononL 0.004 -0.936514 -0.591241 0.0233119 0
0 174 phononL 0.004 -0.460312 2.33485 0.0330363 0
0 175 phononL 0.004 -0.0351781 2.79874 0.0228867 0
0 176 phononL 0.004 -0.0417994 -1.84218 -0.0323466 0
0 177 phononL 0.004 -2.69991 1.6672 0.020454 0
0 178 phononL 0.004 0.910811 -1.47389 -0.010467 0
0 179 phononL 0.004 0.83794 -1.55819 0.0124932 0
0 180 phononL 0.004 2.5589 2.5363 0.00230574 0
0 181 phononL 0.004 2.62422 -0.202092 -0.0110796 0
0 182 phononL 0.004 0.0726857 -2.04127 -0.00343571 0
0 183 phononL 0.004 -0.571664 -0.895086 0.00564027 0
0 184 phononL 0.004 -0.481233 -0.675289 -0.0357051 0
0 185 phononL 0.004 1.91074 -1.07103 -0.0208707 0
0 186 phononL 0.004 1.17975 -0.766623 0.0290383 0
0 187 phononL 0.004 2.11603 0.397906 0.0241425 0
0 188 phononL 0.004 -1.56208 -1.53519 -0.00863986 0
0 189 phononL 0.004 -1.98062 0.116356 -0.00497596 0
0 190 phononL 0.004 -0.431014 -0.761021 -0.0294081 0
0 191 phononL 0.004 2.56905 -2.68223 -0.0283549 0
0 192 phononL 0.004 0.397137 1.96417 0.00853166 0
0 193 phononL 0.004 1.7639 -1.48636 -0.00911334 0
0 194 phononL 0.004 -1.54343 -2.30729 -0.0356652 0
0 195 phononL 0.004 -0.201669 -2.74674 0.0247853 0
0 196 phononL 0.004 2.57789 0.958345 0.0379303 0
0 197 phononL 0.004 -1.14341 -1.76839 0.0379351 0
0 198 phononL 0.004 -2.02976 -0.987561 -0.0131411 0
0 199 phononL 0.004 1.56587 -2.82767 -0.0300313 0
0 200 phononL 0.004 -2.85512 -2.47162 -0.0255885 0
0 201 phononL 0.004 -0.963534 2.09153 -0.035175 0
0 202 phononL 0.004 -2.13577 -0.292206 -0.0169187 0
0 203 phononL 0.004 0.73838 -1.06949 0.0172749 0
0 204 phononL 0.004 1.42467 1.12122 0.0262522 0
0 205 phononL 0.004 2.65243 0.786985 0.0241348 0
0 206 phononL 0.004 -2.7718 -1.99593 0.0382104 0
0 207 phononL 0.004 -1.59642 -1.15653 -0.00450858 0
0 208 phononL 0.004 0.707741 -1.01483 0.0323618 0
0 209 phononL 0.004 -0.666902 0.490068 -0.0089565 0
0 210 phononL 0.004 2.87075 -1.21216 0.013403 0
0 211 phononL 0.004 2.05414 -1.6108 0.00718714 0
0 212 phononL 0.004 -1.35429 -0.369201 0.0124352 0
0 213 phononL 0.004 1.89974 0.334661 -0.0138977 0
0 214 phononL 0.004 2.33141 0.211537 -0.00572991 0
0 215 phononL 0.004 -0.247815 0.866857 0.0263596 0
0 216 phononL 0.004 -1.97409 2.28777 0.0297821 0
0 217 phononL 0.004 -2.14403 -0.779285 0.0148095 0
0 218 phononL 0.004 -0.870322 -1.47678 -0.017527 0
0 219 phononL 0.004 0.0287175 1.01886 0.00544206 0
0 220 phononL 0.004 0.425359 0.541511 0.00559528 0
0 221 phononL 0.004 -0.787726 -1.07199 -0.00639065 0
0 222 phononL 0.004 -0.764534 -2.6487 -0.00857591 0
0 223 phononL 0.004 -0.413302 0.794033 -0.039468 0
0 224 phononL 0.004 1.44562 -0.342454 -0.00465116 0
0 225 phononL 0.004 2.03637 1.00839 -0.00609645 0
0 226 phononL 0.004 1.86562 2.3959 0.000792362 0
0 227 phononL 0.004 1.38834 -2.25161 0.0183729 0
0 228 phononL 0.004 0.357544 0.681246 0.0214277 0
0 229 phononL 0.004 -2.73194 -1.18999 -0.0166526 0
0 230 phononL 0.004 0.240029 -2.63758 0.0309727 0
0 231 phononL 0.004 1.13021 -0.940604 0.0058795 0
0 232 phononL 0.004 -1.24397 2.81555 0.0262269 0
0 233 phononL 0.004 -1.44274 -0.521705 0.0211626 0
0 234 phononL 0.004 -1.50779 2.68934 0.0081095 0
0 235 phononL 0.004 -1.25928 2.71823 0.00541294 0
0 236 phononL 0.004 0.778324 2.5069 -0.000788974 0
0 237 phononL 0.004 1.83179 -2.7672 -0.0229166 0
0 238 phononL 0.004 1.58648 -2.58975 -0.0233376 0
0 239 phononL 0.004 -0.293161 -1.6126 0.00518109 0
0 240 phononL 0.004 1.5989 -0.173321 -0.010151 0
0 241 phononL 0.004 -1.44296 1.58568 -0.0126477 0
0 242 phononL 0.004 -2.20885 -2.52302 0.00359554 0
0 243 phononL 0.004 1.81428 -1.62068 0.0160885 0
0 244 phononL 0.004 -1.77527 0.694274 -0.0244572 0
0 245 phononL 0.004 -2.67683 1.77939 0.0312384 0
0 246 phononL 0.004 2.45349 1.13119 -0.0102123 0
0 247 phononL 0.004 -2.84156 -0.60051 -0.0248008 0
0 248 phononL 0.004 1.44303 -0.786968 0.0337372 0
0 249 phononL 0.004 0.490412 -2.22149 0.0180882 0
0 250 phononL 0.004 2.84955 0.457109 -0.0222828 0
0 251 phononL 0.004 2.68562 -2.4037 -0.0112729 0
0 252 phononL 0.004 1.12503 0.77187 -0.0115944 0
0 253 phononL 0.004 1.24946 -0.299052 0.0295036 0
0 254 phononL 0.004 -0.736294 -0.221724 0.0273792 0
0 255 phononL 0.004 0.241073 -0.464123 0.00155089 0
0 256 phononL 0.004 1.86758 -1.83766 0.00248287 0
0 257 phononL 0.004 -0.444723 0.215969 -0.0274697 0
0 258 phononL 0.004 2.85038 -0.9295 -0.0145886 0
0 259 phononL 0.004 -2.31192 -0.385563 -0.0365302 0
0 260 phononL 0.004 -0.800491 -1.65728 0.0362978 0
0 261 phononL 0.004 0.514093 1.64365 0.0289296 0
0 262 phononL 0.004 1.02026 0.388581 -0.0121084 0
0 263 phononL 0.004 0.343868 -1.96106 0.000694387 0
0 264 phononL 0.004 1.16223 0.628871 0.00190355 0
0 265 phononL 0.004 -2.85674 -2.27907 0.0152053 0
0 266 phononL 0.004 2.33176 0.078138 0.0366457 0
0 267 phononL 0.004 -0.960994 1.05892 -0.00783192 0
0 268 phononL 0.004 1.2238 1.85046 -0.0362838 0
0 269 phononL 0.004 1.39491 -2.42222 -0.00974719 0
0 270 phononL 0.004 0.936577 0.879903 -0.00399442 0
0 271 phononL 0.004 2.44951 -0.308971 -0.00417153 0
0 272 phononL 0.004 -0.0928813 2.80422 -0.00565227 0
0 273 phononL 0.004 2.81794 1.09896 0.0191856 0
0 274 phononL 0.004 1.72947 -0.355208 -0.0391107 0
0 275 phononL 0.004 -2.50545 -1.58886 0.00664783 0
0 276 phononL 0.004 -2.42873 -2.125 -0.0163673 0
0 277 phononL 0.004 0.179738 2.21106 0.032639 0
0 278 phononL 0.004 1.36994 -2.83217 -0.0312034 0
0 279 phononL 0.004 0.294733 1.55734 -0.00672238 0
0 280 phononL 0.004 1.21371 2.46801 0.0267572 0
0 281 phononL 0.004 -1.95971 2.59284 -0.0223819 0
0 282 phononL 0.004 -0.490436 0.846555 0.0135612 0
0 283 phononL 0.004 2.82727 0.685409 -0.0180636 0
0 284 phononL 0.004 -2.40432 -0.7159 0.0200768 0
0 285 phononL 0.004 -0.801743 1.28728 -0.000521319 0
0 286 phononL 0.004 -2.41516 -2.51525 0.0156842 0
0 287 phononL 0.004 -2.76314 -1.07237 0.0216549 0
0 288 phononL 0.004 0.333193 0.609895 0.0313467 0
0 289 phononL 0.004 -0.633976 -0.806528 -0.030551 0
0 290 phononL 0.004 0.763212 2.42767 -0.0312196 0
0 291 phononL 0.004 1.00679 -2.30218 -0.0249549 0
0 292 phononL 0.004 0.180605 -1.8452 -0.0191391 0
0 293 phononL 0.004 -0.814605 0.646684 0.0152593 0
0 294 phononL 0.004 -1.62649 0.302776 0.00653208 0
0 295 phononL 0.004 0.0672257 0.263634 -0.0075077 0
0 296 phononL 0.004 1.02485 -1.25193 0.00682148 0
0 297 phononL 0.004 0.892946 -0.459379 -0.0113454 0
0 298 phononL 0.004 0.405777 -0.148815 -0.0136896 0
0 299 phononL 0.004 -2.03554 0.917473 0.0159274 0
0 300 phononL 0.004 -2.86469 2.25672 0.0340244 0
0 301 phononL 0.004 -2.71978 2.13026 -0.0238822 0
0 302 phononL 0.004 2.42569 2.88586 0.00796417 0
0 303 phononL 0.004 2.03495 -1.94752 0.00903005 0
0 304 phononL 0.004 2.61091 -1.00106 -0.0179577 0
0 305 phononL 0.004 0.892037 2.31399 0.00792869 0
0 306 phononL 0.004 1.48002 -2.85262 0.00076028 0
0 307 phononL 0.004 -1.50863 -0.224511 0.0137229 0
0 308 phononL 0.004 0.516318 0.52944 -0.0320344 0
0 309 phononL 0.004 0.19212 2.18748 0.0191707 0
0 310 phononL 0.004 -2.77549 -0.357153 -0.0304703 0
0 311 phononL 0.004 1.37226 -0.537528 -0.0295898 0
0 312 phononL 0.004 1.56871 2.51006 0.00123809 0
0 313 phononL 0.004 2.35243 -0.483986 -0.0031343 0
0 314 phononL 0.004 1.03005 1.57212 -0.0162798 0
0 315 phononL 0.004 -0.206064 -1.25441 0.0315302 0
0 316 phononL 0.004 2.81462 2.48779 -0.0366718 0
0 317 phononL 0.004 -1.37438 1.68987 -0.00553231 0
0 318 phononL 0.004 -0.843807 0.442227 0.00756373 0
0 319 phononL 0.004 0.763061 0.0755899 -0.0232616 0
0 320 phononL 0.004 -2.04664 -1.13425 -0.0334872 0
0 321 phononL 0.004 1.64215 0.842211 0.0259389 0
0 322 phononL 0.004 0.622724 -0.774782 -0.0369881 0
0 323 phononL 0.004 -2.37608 -2.54158 -0.0205702 0
0 324 phononL 0.004 2.15933 -0.799401 0.0211398 0
0 325 phononL 0.004 0.194433 -1.17558 0.0383151 0
0 326 phononL 0.004 0.557885 2.32762 -0.000268042 0
0 327 phononL 0.004 -1.48603 0.608213 0.0208808 0
0 328 phononL 0.004 0.894836 -1.74907 -0.0373859 0
0 329 phononL 0.004 -2.79802 -2.73711 0.00143503 0
0 330 phononL 0.004 -1.74758 0.140967 0.0349233 0
0 331 phononL 0.004 -2.0413 0.950387 -0.0120786 0
0 332 phononL 0.004 0.927957 -2.11442 -0.0277014 0
0 333 phononL 0.004 0.93974 2.02568 -0.0205246 0
0 334 phononL 0.004 1.65396 1.19645 0.0264168 0
0 335 phononL 0.004 -1.88714 1.01743 -0.0107488 0
0 336 phononL 0.004 1.25806 -0.687892 0.0242578 0
0 337 phononL 0.004 1.23487 1.10619 -0.0301007 0
0 338 phononL 0.004 1.94468 -2.25482 0.0341409 0
0 339 phononL 0.004 -2.37092 2.08589 0.00554883 0
0 340 phononL 0.004 0.445886 0.371587 0.0376834 0
0 341 phononL 0.004 -0.0381812 -1.67155 0.0231147 0
0 342 phononL 0.004 2.85567 1.01502 0.00963363 0
0 343 phononL 0.004 -0.938064 0.160946 -0.00916603 0
0 344 phononL 0.004 -1.72652 1.96793 -0.0256466 0
0 345 phononL 0.004 -1.67817 -2.80981 -0.00143336 0
0 346 phononL 0.004 -1.9328 1.45997 0.00178725 0
0 347 phononL 0.004 0.165423 -2.88159 0.0393374 0
0 348 phononL 0.004 -0.728995 -0.315059 -0.0334937 0
0 349 phononL 0.004 -0.060348 0.292788 0.0309566 0
0 350 phononL 0.004 -2.47818 -0.604504 0.00706911 0
0 351 phononL 0.004 -1.01297 2.266 0.00542958 0
0 352 phononL 0.004 -1.78393 0.0740244 -0.0295025 0
0 353 phononL 0.004 -0.0333526 -1.47343 0.0331663 0
0 354 phononL 0.004 -1.21769 1.52128 -0.019713 0
0 355 phononL 0.004 -1.20109 -2.49571 0.0196628 0
0 356 phononL 0.004 -2.32652 -2.68687 0.00601265 0
0 357 phononL 0.004 -2.0785 -2.68697 -0.0385159 0
0 358 phononL 0.004 2.172 0.252173 0.00272088 0
0 359 phononL 0.004 -1.64429 0.67723 0.0387504 0
0 360 phononL 0.004 -2.076 0.711353 -0.0287795 0
0 361 phononL 0.004 2.755 -0.662999 0.0149606 0
0 362 phononL 0.004 1.61574 -2.08974 0.0268411 0
0 363 phononL 0.004 1.14974 -0.880816 -0.014604 0
0 364 phononL 0.004 2.74592 0.932298 0.0353483 0
0 365 phononL 0.004 -1.19979 2.45742 -0.00452698 0
0 366 phononL 0.004 2.80853 -1.014 -0.0192134 0
0 367 phononL 0.004 -0.38103 -1.35299 -0.00317046 0
0 368 phononL 0.004 0.492684 -2.79368 0.0168627 0
0 369 phononL 0.004 2.76782 -0.425231 0.005617 0
0 370 phononL 0.004 -0.445325 2.00589 -0.0203566 0
0 371 phononL 0.004 0.438646 -0.791128 -0.0251209 0
0 372 phononL 0.004 -0.504129 -1.26613 0.0147182 0
0 373 phononL 0.004 -0.338581 -0.426112 0.0184848 0
0 374 phononL 0.004 0.827107 -2.125 0.0396297 0
0 375 phononL 0.004 1.91227 1.12887 -0.013573 0
0 376 phononL 0.004 -1.12657 1.87748 0.0363121 0
0 377 phononL 0.004 0.28105 1.36867 -0.00288818 0
0 378 phononL 0.004 1.25451 -0.143724 0.0124968 0
0 379 phononL 0.004 -0.0612313 1.13303 0.0188633 0
0 380 phononL 0.004 1.25395 -0.585524 0.0279117 0
0 381 phononL 0.004 -2.23168 -0.159394 -0.0396578 0
0 382 phononL 0.004 0.143477 -1.94631 0.00207198 0
0 383 phononL 0.004 2.71118 -1.8711 -0.0228971 0
0 384 phononL 0.004 -2.57019 2.2197 0.00755015 0
0 385 phononL 0.004 -2.36087 0.607567 -0.0139059 0
0 386 phononL 0.004 0.786317 1.46585 0.0236721 0
0 387 phononL 0.004 2.55447 -2.52634 -0.00167134 0
0 388 phononL 0.004 2.42625 2.6516 0.0248273 0
0 389 phononL 0.004 0.232806 -0.482904 -0.0209649 0
0 390 phononL 0.004 -0.817076 -2.17682 -0.0155635 0
0 391 phononL 0.004 -0.823427 -1.46099 -0.0101948 0
0 392 phononL 0.004 1.87972 -0.0269946 -0.00998739 0
0 393 phononL 0.004 0.427491 1.76568 0.0352552 0
0 394 phononL 0.004 1.43902 -0.524242 0.00340546 0
0 395 phononL 0.004 -2.19966 -1.16423 0.00470091 0
0 396 phononL 0.004 -0.0628121 -1.33553 -0.0170494 0
0 397 phononL 0.004 0.761791 0.873141 0.0214249 0
0 398 phononL 0.004 -2.85966 -0.636239 -0.0359664 0
0 399 phononL 0.004 -2.26189 0.123481 -0.016842 0
0 400 phononL 0.004 -2.82198 2.26443 0.0159726 0
0 401 phononL 0.004 2.35128 -0.479513 0.0250302 0
0 402 phononL 0.004 -0.902546 -0.334767 0.022713 0
0 403 phononL 0.004 -0.23814 -1.0444 -0.00074894 0
0 404 phononL 0.004 0.231664 2.43746 0.037383 0
0 405 phononL 0.004 -2.65953 -2.82599 -0.0298038 0
0 406 phononL 0.004 1.73275 -1.08619 -0.0327498 0
0 407 phononL 0.004 2.52531 0.179356 0.00872617 0
0 408 phononL 0.004 0.13962 -1.26322 -0.0331308 0
0 409 phononL 0.004 1.86899 -2.35077 -0.0380919 0
0 410 phononL 0.004 -2.81887 -0.147428 -0.0303499 0
0 411 phononL 0.004 -0.52013 0.605917 -0.0115404 0
0 412 phononL 0.004 -1.41995 1.87845 -0.0116359 0
0 413 phononL 0.004 -0.0427549 0.383369 -0.0345057 0
0 414 phononL 0.004 0.0967114 -1.17757 -0.00161866 0
0 415 phononL 0.004 0.379504 1.4005 -0.0172635 0
0 416 phononL 0.004 0.383735 1.73648 0.0383076 0
0 417 phononL 0.004 0.938049 -2.58765 -0.0196514 0
0 418 phononL 0.004 0.83788 -0.072703 0.0144958 0
0 419 phononL 0.004 -1.72038 -1.77444 0.0133029 0
0 420 phononL 0.004 -2.0971 -1.82554 -0.00431736 0
0 421 phononL 0.004 2.7974 1.64087 -0.0223657 0
0 422 phononL 0.004 -1.45585 2.7971 0.0067654 0
0 423 phononL 0.004 -0.350023 -1.76318 0.00615024 0
0 424 phononL 0.004 -1.65096 0.537704 -0.0168641 0
0 425 phononL 0.004 -1.98008 0.339229 0.00724113 0
0 426 phononL 0.004 2.73489 -1.92725 0.0119875 0
0 427 phononL 0.004 1.47472 -2.54627 0.0044454 0
0 428 phononL 0.004 1.86264 -0.987877 -0.0119249 0
0 429 phononL 0.004 0.45726 -2.58082 0.0325858 0
0 430 phononL 0.004 0.272833 -1.56095 0.0220209 0
0 431 phononL 0.004 1.49717 0.191923 0.0228297 0
0 432 phononL 0.004 -0.725759 0.926886 -0.0179896 0
0 433 phononL 0.004 -0.626201 -0.0248732 0.0348478 0
0 434 phononL 0.004 -1.26337 2.01873 -0.00238926 0
0 435 phononL 0.004 1.80113 -1.29064 -0.0145809 0
0 436 phononL 0.004 1.73171 1.89277 0.00648653 0
0 437 phononL 0.004 -0.51545 -0.256818 0.0243426 0
0 438 phononL 0.004 -1.08365 -2.45023 -0.0325697 0
0 439 phononL 0.004 0.59703 -0.442426 0.00459676 0
0 440 phononL 0.004 -2.50279 1.8572 0.0353477 0
0 441 phononL 0.004 1.77707 -1.72049 0.0368059 0
0 442 phononL 0.004 0.503906 -0.605823 0.02694 0
0 443 phononL 0.004 0.0651814 -1.34466 -0.0250704 0
0 444 phononL 0.004 2.41554 -2.465 0.0341061 0
0 445 phononL 0.004 -2.32627 -0.887325 -0.00501205 0
0 446 phononL 0.004 -0.220733 -1.99631 0.0154394 0
0 447 phononL 0.004 -0.31874 1.27223 -0.0114127 0
0 448 phononL 0.004 -0.549727 2.65106 -0.0295831 0
0 449 phononL 0.004 2.41598 1.21354 -0.0063495 0
0 450 phononL 0.004 0.452953 1.74194 0.0119231 0
0 451 phononL 0.004 2.47152 -1.89199 -0.0170637 0
0 452 phononL 0.004 -2.02334 -2.07824 0.0106797 0
0 453 phononL 0.004 -1.27334 -1.2017 -0.0107807 0
0 454 phononL 0.004 -1.4259 -2.67848 0.0377065 0
0 455 phononL 0.004 2.68165 2.65999 -0.00304405 0
0 456 phononL 0.004 -0.0270895 0.50349 -0.0371741 0
0 457 phononL 0.004 0.569058 1.01901 0.0115474 0
0 458 phononL 0.004 -0.123948 -2.7294 0.0327491 0
0 459 phononL 0.004 2.14209 -2.3281 -0.00489903 0
0 460 phononL 0.004 1.44187 0.595266 0.00863988 0
0 461 phononL 0.004 0.547912 2.27667 0.0281485 0
0 462 phononL 0.004 0.604525 2.46181 0.0328548 0
0 463 phononL 0.004 2.13056 -0.00247643 -0.00209837 0
0 464 phononL 0.004 -1.34196 -2.70493 -0.00121903 0
0 465 phononL 0.004 -1.42596 1.62136 -0.0392858 0
0 466 phononL 0.004 -2.1046 2.21471 0.0205214 0
0 467 phononL 0.004 -2.11931 0.135147 0.0290122 0
0 468 phononL 0.004 -0.363551 -0.400125 -0.0125208 0
0 469 phononL 0.004 -2.25734 -2.09999 -0.0220719 0
0 470 phononL 0.004 -0.591969 1.56228 0.0375168 0
0 471 phononL 0.004 -2.50559 0.760442 -0.0132975 0
0 472 phononL 0.004 1.04796 -2.7741 -0.0277266 0
0 473 phononL 0.004 0.542373 -0.383695 -0.0340781 0
0 474 phononL 0.004 -0.390144 1.40551 -0.0349151 0
0 475 phononL 0.004 2.17794 -0.441414 0.00815716 0
0 476 phononL 0.004 2.39839 2.35977 0.0182922 0
0 477 phononL 0.004 1.78789 -2.66338 0.00306132 0
0 478 phononL 0.004 -1.1928 -2.15422 -0.00368859 0
0 479 phononL 0.004 0.606563 1.76936 -0.0373539 0
0 480 phononL 0.004 2.06194 2.45031 -0.0360199 0
0 481 phononL 0.004 0.506104 0.837587 0.0114835 0
0 482 phononL 0.004 -0.0322174 -2.8679 -0.0215322 0
0 483 phononL 0.004 0.496925 -1.63543 -0.00710407 0
0 484 phononL 0.004 -0.667401 1.98979 0.0303008 0
0 485 phononL 0.004 1.31355 -2.57574 0.0308237 0
0 486 phononL 0.004 -0.272216 0.51889 0.0395074 0
0 487 phononL 0.004 1.38133 2.27366 -0.0275585 0
0 488 phononL 0.004 -1.40822 -2.12153 0.00402287 0
0 489 phononL 0.004 0.0549458 -2.13883 -0.0257174 0
0 490 phononL 0.004 1.92729 -1.18319 -0.0214109 0
0 491 phononL 0.004 2.25852 2.68902 -0.0316008 0
0 492 phononL 0.004 0.335643 -1.62114 0.0238263 0
0 493 phononL 0.004 -0.407359 1.61976 0.0125502 0
0 494 phononL 0.004 -0.329159 2.43603 -0.0173278 0
0 495 phononL 0.004 2.39583 0.697423 -0.00853767 0
0 496 phononL 0.004 1.40037 -2.70625 -0.0245577 0
0 497 phononL 0.004 0.517994 -0.159994 -0.0206123 0
0 498 phononL 0.004 2.53706 -1.09662 -0.0136684 0
0 499 phononL 0.004 -2.56402 0.746545 -0.000984126 0
0 500 phononL 0.004 1.8367 1.67771 -0.0352745 0
0 501 phononL 0.004 0.569545 1.92624 0.00460821 0
0 502 phononL 0.004 -0.109261 2.63829 0.0187391 0
0 503 phononL 0.004 -1.05706 1.13852 0.0354173 0
0 504 phononL 0.004 2.00266 1.75838 0.0392267 0
0 505 phononL 0.004 1.15479 -1.25664 0.0320995 0
0 506 phononL 0.004 2.28872 -1.46452 -0.0194168 0
0 507 phononL 0.004 2.39136 0.30149 0.0392662 0
0 508 phononL 0.004 2.22034 -0.643472 -0.00186907 0
0 509 phononL 0.004 -2.80534 0.132657 0.0395774 0
0 510 phononL 0.004 -1.22685 -1.34085 -0.0398406 0
0 511 phononL 0.004 -0.339344 -1.82119 0.00385028 0
0 512 phononL 0.004 -1.77255 -1.63405 -0.0266156 0
0 513 phononL 0.004 0.966013 -2.1407 -0.0306689 0
0 514 phononL 0.004 0.688752 2.07751 0.024427 0
0 515 phononL 0.004 1.23509 1.97268 -0.0272319 0
0 516 phononL 0.004 2.58247 2.42926 0.0355499 0
0 517 phononL 0.004 -2.77522 -2.07127 0.00198656 0
0 518 phononL 0.004 -0.205192 -1.90261 -0.0389052 0
0 519 phononL 0.004 0.111272 -0.827378 0.0374243 0
0 520 phononL 0.004 -1.65572 -2.10616 0.0282993 0
0 521 phononL 0.004 -0.212801 -0.799411 0.03917 0
0 522 phononL 0.004 1.51816 -1.52699 0.0191095 0
0 523 phononL 0.004 -0.803684 1.40998 -0.0052183 0
0 524 phononL 0.004 1.50463 1.42915 0.00740638 0
0 525 phononL 0.004 -2.39612 1.88126 -0.0185815 0
0 526 phononL 0.004 -0.168414 -1.78486 0.0200122 0
0 527 phononL 0.004 0.852962 -1.0039 0.028173 0
0 528 phononL 0.004 -2.3282 0.296173 0.0348606 0
0 529 phononL 0.004 -1.47181 1.24421 -0.0278988 0
0 530 phononL 0.004 -2.58942 1.93479 0.00774351 0
0 531 phononL 0.004 -1.78485 1.74922 0.00935738 0
0 532 phononL 0.004 2.05145 1.75233 -0.0236699 0
0 533 phononL 0.004 2.69842 -2.40504 0.00517915 0
0 534 phononL 0.004 1.75695 -2.06174 0.0153593 0
0 535 phononL 0.004 1.68275 -2.56581 -0.0297822 0
0 536 phononL 0.004 0.213627 1.60015 0.0101455 0
0 537 phononL 0.004 0.689368 2.8464 0.00857769 0
0 538 phononL 0.004 1.08596 -2.57456 -0.0310388 0
0 539 phononL 0.004 1.24483 -1.82074 0.000221791 0
0 540 phononL 0.004 -0.896386 -2.17797 0.0144817 0
0 541 phononL 0.004 -2.4392 -0.479545 -0.0305994 0
0 542 phononL 0.004 0.0609912 -1.24974 -0.0183635 0
0 543 phononL 0.004 -1.81522 -1.01524 -0.0175348 0
0 544 phononL 0.004 2.75499 -2.12332 -0.0156813 0
0 545 phononL 0.004 -1.44454 -1.30409 -0.00470365 0
0 546 phononL 0.004 -0.656101 2.4312 0.0108842 0
0 547 phononL 0.004 0.939522 -1.04921 -0.0203963 0
0 548 phononL 0.004 -2.82772 1.62152 -0.0387456 0
0 549 phononL 0.004 0.85769 -1.3618 -0.0274555 0
0 550 phononL 0.004 0.586604 1.33652 -0.00442618 0
0 551 phononL 0.004 -0.727664 2.24399 -0.0367552 0
0 552 phononL 0.004 -2.17154 -2.81044 -0.0308901 0
0 553 phononL 0.004 1.396 1.19129 -0.0170193 0
0 554 phononL 0.004 2.17075 2.25822 -0.0357977 0
0 555 phononL 0.004 -0.746044 1.82004 0.0292928 0
0 556 phononL 0.004 -2.06737 -0.251324 -0.0187962 0
0 557 phononL 0.004 0.296088 0.860407 0.0117991 0
0 558 phononL 0.004 0.179733 1.53237 -0.00943102 0
0 559 phononL 0.004 0.183699 -0.178028 0.0192177 0
0 560 phononL 0.004 1.33261 0.845549 -0.0371161 0
0 561 phononL 0.004 1.47776 1.30364 0.0233484 0
0 562 phononL 0.004 -2.58651 -1.84415 0.0399714 0
0 563 phononL 0.004 -1.49081 1.93865 -0.00706401 0
0 564 phononL 0.004 -1.86434 -1.52702 -0.00864849 0
0 565 phononL 0.004 1.0306 -1.2727 -0.0286183 0
0 566 phononL 0.004 1.70023 -0.436998 -0.0337226 0
0 567 phononL 0.004 0.917759 -2.6621 -0.0235276 0
0 568 phononL 0.004 -1.3972 -1.46546 0.0287333 0
0 569 phononL 0.004 -0.542748 -2.15477 -0.00577593 0
0 570 phononL 0.004 1.30216 0.34318 -0.0229114 0
0 571 phononL 0.004 -1.08048 0.0043239 0.0144825 0
0 572 phononL 0.004 -0.00105964 -1.06065 0.00972746 0
0 573 phononL 0.004 2.21351 -0.876063 -0.0232261 0
0 574 phononL 0.004 2.87207 -0.935981 0.0372669 0
0 575 phononL 0.004 2.79331 2.28738 -0.0256884 0
0 576 phononL 0.004 1.09621 1.37512 -0.0102985 0
0 577 phononL 0.004 -0.413519 1.46367 -0.010391 0
0 578 phononL 0.004 -2.44438 2.25747 0.0108405 0
0 579 phononL 0.004 0.676598 1.03812 0.027527 0
0 580 phononL 0.004 -0.506296 1.97938 -0.0228155 0
0 581 phononL 0.004 -0.286127 -2.15959 -0.0338988 0
0 582 phononL 0.004 -0.707289 0.353436 -0.0374525 0
0 583 phononL 0.004 -1.25263 -2.54143 -0.0104224 0
0 584 phononL 0.004 1.27595 0.44309 0.0138995 0
0 585 phononL 0.004 -1.09553 0.0778263 -0.00770483 0
0 586 phononL 0.004 0.934949 1.78252 -0.0259782 0
0 587 phononL 0.004 1.74355 1.71249 0.0274941 0
0 588 phononL 0.004 0.895513 -0.622032 0.0331106 0
0 589 phononL 0.004 -0.306938 -2.48062 0.0372963 0
0 590 phononL 0.004 0.532527 -0.416437 0.0287397 0
0 591 phononL 0.004 -2.27698 0.0579168 0.0122799 0
0 592 phononL 0.004 2.26005 1.20789 -0.0194806 0
0 593 phononL 0.004 1.91686 0.286704 0.00635928 0
0 594 phononL 0.004 -1.52032 -1.88687 0.00762925 0
0 595 phononL 0.004 -0.463398 -0.631596 -0.0239014 0
0 596 phononL 0.004 -1.09534 1.24078 0.0070296 0
0 597 phononL 0.004 -1.94404 -0.031823 -0.0314162 0
0 598 phononL 0.004 -0.0568473 0.288161 -0.00859639 0
0 599 phononL 0.004 -1.44123 -1.4832 0.0108365 0
0 600 phononL 0.004 1.8111 -0.439616 -0.01318 0
0 601 phononL 0.004 -2.64618 -2.5082 -0.0271499 0
0 602 phononL 0.004 -1.84449 2.2549 -0.038058 0
0 603 phononL 0.004 0.127735 2.7781 -0.0130168 0
0 604 phononL 0.004 2.20427 1.73547 -0.00290288 0
0 605 phononL 0.004 2.09626 0.579726 0.0356437 0
0 606 phononL 0.004 -2.40498 2.2161 0.0189131 0
0 607 phononL 0.004 1.13185 -0.255244 -0.00052207 0
0 608 phononL 0.004 2.28348 -2.14255 -0.0284267 0
0 609 phononL 0.004 -2.75551 1.81022 -0.0302924 0
0 610 phononL 0.004 -0.450227 2.17442 -0.0212006 0
0 611 phononL 0.004 2.88519 0.685787 -0.0315542 0
0 612 phononL 0.004 -2.38986 0.535838 0.0112949 0
0 613 phononL 0.004 2.07686 1.22153 -0.00927785 0
0 614 phononL 0.004 0.312045 -0.413434 -0.0314876 0
0 615 phononL 0.004 -0.480356 1.38905 -0.0127054 0
0 616 phononL 0.004 1.06708 -0.425152 -0.0197882 0
0 617 phononL 0.004 -2.76862 2.7883 0.0304699 0
0 618 phononL 0.004 -0.140952 -0.432593 0.0088492 0
0 619 phononL 0.004 1.01182 2.0345 -0.0118548 0
0 620 phononL 0.004 1.11595 0.0874123 -0.0378322 0
0 621 phononL 0.004 2.20357 1.52619 -0.0314665 0
0 622 phononL 0.004 2.80324 -2.83968 0.0187112 0
0 623 phononL 0.004 -0.0997272 2.56178 -0.0171704 0
0 624 phononL 0.004 1.13372 0.515126 -0.00487111 0
0 625 phononL 0.004 0.0811943 -1.09557 1.57845e-05 0
0 626 phononL 0.004 0.252437 -2.3963 -0.0133651 0
0 627 phononL 0.004 -1.84241 0.819615 -0.0238469 0
0 628 phononL 0.004 2.69657 -2.67395 0.00974712 0
0 629 phononL 0.004 -1.62141 -0.0927766 0.00103108 0
0 630 phononL 0.004 -2.14263 0.55587 -0.0391776 0
0 631 phononL 0.004 -2.06924 0.76718 0.0226237 0
0 632 phononL 0.004 0.0855294 1.86913 0.0305574 0
0 633 phononL 0.004 -0.191365 0.555389 0.0201614 0
0 634 phononL 0.004 -1.75588 0.180045 -0.0390275 0
0 635 phononL 0.004 2.6177 1.0281 -0.0245855 0
0 636 phononL 0.004 0.633477 -1.48486 0.0222961 0
0 637 phononL 0.004 -2.39139 0.175852 0.00184474 0
0 638 phononL 0.004 -1.46872 1.31831 -0.0284571 0
0 639 phononL 0.004 -2.05475 2.70701 0.00101688 0
0 640 phononL 0.004 -2.60401 -1.20617 -0.00602843 0
0 641 phononL 0.004 -2.27657 -1.46707 0.0202502 0
0 642 phononL 0.004 1.4971 -1.48654 -0.0318628 0
0 643 phononL 0.004 -0.961411 2.83832 -0.0284312 0
0 644 phononL 0.004 1.62454 -1.75142 0.00880672 0
0 645 phononL 0.004 2.06186 -2.40108 0.00207977 0
0 646 phononL 0.004 -0.644797 -1.60781 0.00988449 0
0 647 phononL 0.004 -0.930919 -2.18725 -0.0315167 0
0 648 phononL 0.004 2.1806 1.22666 0.00370243 0
0 649 phononL 0.004 2.20034 0.635308 0.00307765 0
0 650 phononL 0.004 0.430869 1.12102 -0.0172127 0
0 651 phononL 0.004 -2.25726 -2.87101 -0.0395413 0
0 652 phononL 0.004 -1.74766 0.183485 0.0394222 0
0 653 phononL 0.004 -2.57799 -0.577964 0.00784531 0
0 654 phononL 0.004 -2.80598 1.26998 -0.0160176 0
0 655 phononL 0.004 0.654774 -0.263855 0.0248954 0
0 656 phononL 0.004 2.66008 -1.23821 0.00186062 0
0 657 phononL 0.004 0.305446 0.523273 0.0228268 0
0 658 phononL 0.004 0.364351 1.65838 -0.0384006 0
0 659 phononL 0.004 -1.63099 -2.27613 0.0302187 0
0 660 phononL 0.004 0.204688 -2.25196 -0.0374036 0
0 661 phononL 0.004 2.61608 -0.615098 -0.0250008 0
0 662 phononL 0.004 -0.602494 -0.596683 0.025182 0
0 663 phononL 0.004 -2.63454 2.84591 0.0261246 0
0 664 phononL 0.004 1.29497 1.60293 0.00866015 0
0 665 phononL 0.004 0.280208 -0.691031 0.0246295 0
0 666 phononL 0.004 2.8522 -0.0815779 -0.0346879 0
0 667 phononL 0.004 2.22122 2.00745 -0.0145201 0
0 668 phononL 0.004 -1.43667 1.03272 0.0249522 0
0 669 phononL 0.004 1.67909 -0.464693 0.0393802 0
0 670 phononL 0.004 -2.05058 2.26276 0.0283204 0
0 671 phononL 0.004 0.618442 -0.217964 0.0353791 0
0 672 phononL 0.004 2.52835 -2.72782 0.00411751 0
0 673 phononL 0.004 -2.44 2.82308 -0.000302185 0
0 674 phononL 0.004 0.944629 -1.81767 -0.00369341 0
0 675 phononL 0.004 1.05873 -2.42825 -0.00905949 0
0 676 phononL 0.004 0.455917 -2.87769 -0.0232553 0
0 677 phononL 0.004 -1.28824 0.434982 -0.035897 0
0 678 phononL 0.004 2.01088 2.32163 0.0183017 0
0 679 phononL 0.004 2.47419 -2.87551 -0.0072126 0
0 680 phononL 0.004 0.727577 -1.02496 -0.0282054 0
0 681 phononL 0.004 0.234705 -1.16664 -0.0390156 0
0 682 phononL 0.004 2.65249 1.49054 -0.0330791 0
0 683 phononL 0.004 1.20931 -1.98123 0.0055694 0
0 684 phononL 0.004 1.24254 -2.8472 -0.0396468 0
0 685 phononL 0.004 -0.942267 -2.63134 0.0310883 0
0 686 phononL 0.004 -0.378486 -1.39579 -0.0374428 0
0 687 phononL 0.004 1.28703 0.123656 0.0270003 0
0 688 phononL 0.004 -1.03864 1.60105 -0.00401025 0
0 689 phononL 0.004 -1.39304 2.28385 -0.00976616 0
0 690 phononL 0.004 0.624539 1.63684 -0.00201162 0
0 691 phononL 0.004 -1.04082 0.118878 -0.0240229 0
0 692 phononL 0.004 -0.342257 1.33413 0.0213649 0
0 693 phononL 0.004 -0.844189 -2.1054 0.0134132 0
0 694 phononL 0.004 -1.33581 -1.16047 -0.0281872 0
0 695 phononL 0.004 2.19444 -1.21751 -0.0240283 0
0 696 phononL 0.004 2.58813 2.10367 -0.00150147 0
0 697 phononL 0.004 -0.0410714 0.786155 0.0302064 0
0 698 phononL 0.004 1.88255 -0.858251 -0.0312246 0
0 699 phononL 0.004 -0.9913 1.89555 0.00639482 0
0 700 phononL 0.004 0.886943 -0.273621 0.0260506 0
0 701 phononL 0.004 -1.79302 0.827619 -0.00620214 0
0 702 phononL 0.004 -2.71174 1.65747 -0.0339716 0
0 703 phononL 0.004 -0.858486 1.03539 -0.0331019 0
0 704 phononL 0.004 1.76699 -1.14661 -0.0163126 0
0 705 phononL 0.004 -1.62864 -2.255 0.0210378 0
0 706 phononL 0.004 1.38386 -1.51692 -0.0195553 0
0 707 phononL 0.004 -0.760473 -0.372459 -0.0319673 0
0 708 phononL 0.004 -1.89722 0.104189 0.0169048 0
0 709 phononL 0.004 2.7011 2.57052 0.00918938 0
0 710 phononL 0.004 -1.29277 -0.0419785 -0.022211 0
0 711 phononL 0.004 -2.36859 2.71209 -0.0255476 0
0 712 phononL 0.004 -0.891084 2.66087 0.0186563 0
0 713 phononL 0.004 0.275791 1.64693 0.0324099 0
0 714 phononL 0.004 -1.36081 -2.21205 0.0301671 0
0 715 phononL 0.004 -2.65859 0.277756 0.0381248 0
0 716 phononL 0.004 1.67939 0.0295286 0.0376094 0
0 717 phononL 0.004 0.806073 -0.0657386 -0.00645175 0
0 718 phononL 0.004 -1.03688 0.159247 0.0188803 0
0 719 phononL 0.004 -1.77401 -0.580066 -0.00599645 0
0 720 phononL 0.004 0.0870389 -2.37586 -0.00901323 0
0 721 phononL 0.004 0.191504 -0.922797 0.0136828 0
0 722 phononL 0.004 0.026061 0.758763 0.00217092 0
0 723 phononL 0.004 -1.23356 -1.48566 0.0243777 0
0 724 phononL 0.004 0.798861 1.01218 0.014735 0
0 725 phononL 0.004 -1.346 1.27125 -0.0266148 0
0 726 phononL 0.004 1.5361 2.39375 -0.0121319 0
0 727 phononL 0.004 -0.65385 -0.760917 0.0229384 0
0 728 phononL 0.004 -1.07307 -0.280211 0.0230352 0
0 729 phononL 0.004 -0.354783 -0.333832 -0.0311407 0
0 730 phononL 0.004 2.87426 -2.36944 -0.0329179 0
0 731 phononL 0.004 0.478377 -2.47198 0.018545 0
0 732 phononL 0.004 1.43341 -0.271047 -0.02627 0
0 733 phononL 0.004 1.73129 -1.58783 0.0132681 0
0 734 phononL 0.004 -1.71274 0.524543 0.0383791 0
0 735 phononL 0.004 1.42179 0.573498 0.0182161 0
0 736 phononL 0.004 2.57494 -0.878986 -0.00791842 0
0 737 phononL 0.004 -1.92594 -1.01379 -0.0114919 0
0 738 phononL 0.004 -2.40431 0.0620832 -0.0375281 0
0 739 phononL 0.004 -1.67091 2.86923 0.0199061 0
0 740 phononL 0.004 1.13505 -0.19364 -0.0263573 0
0 741 phononL 0.004 0.823657 -1.69785 -0.0231243 0
0 742 phononL 0.004 -1.2927 0.143261 -0.0371891 0
0 743 phononL 0.004 2.62847 1.79573 -0.0269813 0
0 744 phononL 0.004 0.517128 1.90173 0.0255589 0
0 745 phononL 0.004 1.14785 -2.26155 0.0265079 0
0 746 phononL 0.004 -2.30716 0.161727 -0.0188095 0
0 747 phononL 0.004 -0.58077 1.37187 -0.0223108 0
0 748 phononL 0.004 0.858195 1.34151 0.00712555 0
0 749 phononL 0.004 0.0460193 -2.29382 -0.0056442 0
0 750 phononL 0.004 2.86835 1.52107 0.0371492 0
0 751 phononL 0.004 -0.163925 0.389471 0.0226712 0
0 752 phononL 0.004 0.00731494 1.56761 -0.0226328 0
0 753 phononL 0.004 -1.26328 -0.420694 -0.0225974 0
0 754 phononL 0.004 -1.32001 -0.0731184 0.0392316 0
0 755 phononL 0.004 0.0396746 1.20633 -0.0244972 0
0 756 phononL 0.004 1.45502 0.196291 0.0322469 0
0 757 phononL 0.004 -1.06978 -1.40029 0.0387737 0
0 758 phononL 0.004 -0.280441 -1.06277 -0.0364631 0
0 759 phononL 0.004 -0.272084 0.247073 0.0340133 0
0 760 phononL 0.004 2.26877 -0.199848 -0.0370943 0
0 761 phononL 0.004 -2.12573 -2.08686 -0.0121407 0
0 762 phononL 0.004 -1.45906 -0.725618 -0.0054987 0
0 763 phononL 0.004 -1.79069 2.19809 -0.00709546 0
0 764 phononL 0.004 -0.704325 -1.40595 -0.0299241 0
0 765 phononL 0.004 0.562102 2.86483 0.0115762 0
0 766 phononL 0.004 -1.10851 2.20326 0.000711402 0
0 767 phononL 0.004 -2.54833 0.973593 0.0108483 0
0 768 phononL 0.004 2.39896 -1.74926 0.0102951 0
0 769 phononL 0.004 1.34826 -2.67772 -0.0302622 0
0 770 phononL 0.004 1.46092 -2.2593 -0.0290342 0
0 771 phononL 0.004 1.52541 0.734849 -0.00247294 0
0 772 phononL 0.004 -1.25844 -0.712443 0.00162233 0
0 773 phononL 0.004 1.53869 2.3575 0.0140458 0
0 774 phononL 0.004 2.62807 -1.81255 -0.027003 0
0 775 phononL 0.004 -0.518989 -0.579236 0.00194733 0
0 776 phononL 0.004 0.857775 1.93276 -0.00274649 0
0 777 phononL 0.004 -1.9634 -0.260271 -0.0288136 0
0 778 phononL 0.004 -2.32095 -1.74727 -0.0358226 0
0 779 phononL 0.004 -1.77534 -2.51857 0.0329118 0
0 780 phononL 0.004 1.62866 0.997 0.0367548 0
0 781 phononL 0.004 1.19788 1.42545 0.0341987 0
0 782 phononL 0.004 -1.5742 -1.60377 -0.018723 0
0 783 phononL 0.004 1.9463 -2.2156 -0.00478088 0
0 784 phononL 0.004 1.66078 2.28093 -0.0389057 0
0 785 phononL 0.004 1.67457 0.417921 0.0358539 0
0 786 phononL 0.004 0.273408 0.894143 -0.0381502 0
0 787 phononL 0.004 -2.47402 -2.07295 0.0156751 0
0 788 phononL 0.004 2.75813 -0.37894 -0.0146696 0
0 789 phononL 0.004 1.0732 -0.888303 0.0175845 0
0 790 phononL 0.004 2.1058 1.46599 -0.0373551 0
0 791 phononL 0.004 -0.531585 -0.445516 0.022715 0
0 792 phononL 0.004 1.3195 0.201596 0.0157472 0
0 793 phononL 0.004 -1.53042 -1.95103 -0.0353578 0
0 794 phononL 0.004 -1.16667 -1.94653 0.00366412 0
0 795 phononL 0.004 0.0411316 -0.623979 0.0312036 0
0 796 phononL 0.004 2.0914 1.07535 0.00726819 0
0 797 phononL 0.004 2.21111 -1.85585 -0.0243845 0
0 798 phononL 0.004 -0.641181 -0.246908 0.0316474 0
0 799 phononL 0.004 -0.277094 -1.11792 -0.0257638 0
0 800 phononL 0.004 0.461681 -1.25906 0.0367989 0
0 801 phononL 0.004 -2.22752 1.87676 0.0131808 0
0 802 phononL 0.004 -1.86362 -1.7266 0.0241357 0
0 803 phononL 0.004 -0.637613 1.40919 -0.0316006 0
0 804 phononL 0.004 1.95708 -2.78888 0.0135519 0
0 805 phononL 0.004 -1.33592 -1.27995 -0.00442052 0
0 806 phononL 0.004 -1.40821 2.77612 0.0302048 0
0 807 phononL 0.004 -0.690239 1.34955 -0.004293 0
0 808 phononL 0.004 -1.547 2.6117 -0.0193269 0
0 809 phononL 0.004 -0.231487 0.241648 -0.0379661 0
0 810 phononL 0.004 -2.88507 2.2416 0.0197889 0
0 811 phononL 0.004 1.82741 -2.75437 0.0318306 0
0 812 phononL 0.004 -1.45755 1.94347 -0.0282366 0
0 813 phononL 0.004 -2.60443 0.867561 0.00232282 0
0 814 phononL 0.004 -1.59471 2.84282 0.0359017 0
0 815 phononL 0.004 0.909455 1.82274 -0.0238698 0
0 816 phononL 0.004 0.575372 0.758802 0.0242158 0
0 817 phononL 0.004 0.634742 -1.61897 0.0265991 0
0 818 phononL 0.004 -2.20155 1.53954 0.0187747 0
0 819 phononL 0.004 -0.164251 0.117825 -0.021583 0
0 820 phononL 0.004 0.629206 1.08639 0.014508 0
0 821 phononL 0.004 2.53707 1.32534 0.0389149 0
0 822 phononL 0.004 1.69788 -2.84087 -0.0107996 0
0 823 phononL 0.004 -0.341937 2.47633 -0.0266694 0
0 824 phononL 0.004 -2.17629 2.30699 0.0397757 0
0 825 phononL 0.004 -2.52797 0.50342 -0.0279164 0
0 826 phononL 0.004 2.46275 0.943956 0.000729221 0
0 827 phononL 0.004 -1.31968 -1.21257 -0.010544 0
0 828 phononL 0.004 0.151741 2.81473 -0.0150997 0
0 829 phononL 0.004 -2.32544 -0.19526 0.000506561 0
0 830 phononL 0.004 0.283459 -2.07928 0.0267452 0
0 831 phononL 0.004 1.49222 2.3389 0.00664172 0
0 832 phononL 0.004 -0.10478 -0.922196 -0.0336148 0
0 833 phononL 0.004 2.61757 -1.68782 -0.0393168 0
0 834 phononL 0.004 -1.35674 -1.22153 0.00842563 0
0 835 phononL 0.004 -1.88317 -2.53399 -0.0277429 0
0 836 phononL 0.004 1.32619 -1.28784 -0.0300454 0
0 837 phononL 0.004 -2.31182 -0.999516 -0.013939 0
0 838 phononL 0.004 -1.60274 -0.393483 -0.0237543 0
0 839 phononL 0.004 -1.90145 -2.47956 0.0326207 0
0 840 phononL 0.004 1.59755 1.14733 0.0190792 0
0 841 phononL 0.004 0.312043 -1.5516 -0.022998 0
0 842 phononL 0.004 2.34657 -2.57877 0.0225151 0
0 843 phononL 0.004 0.630141 0.859153 0.00722369 0
0 844 phononL 0.004 -1.57081 1.6746 0.0337689 0
0 845 phononL 0.004 -1.33391 -2.35993 -0.0133282 0
0 846 phononL 0.004 2.37332 2.22132 0.0103631 0
0 847 phononL 0.004 2.63461 -0.100139 0.0366889 0
0 848 phononL 0.004 1.38829 2.14902 0.0317104 0
0 849 phononL 0.004 1.7818 0.0323147 0.00743325 0
0 850 phononL 0.004 -2.73805 2.32624 0.0127729 0
0 851 phononL 0.004 -2.57151 0.19262 0.00849961 0
0 852 phononL 0.004 -2.79473 -0.424762 -0.0316811 0
0 853 phononL 0.004 0.40226 2.5139 -0.0324977 0
0 854 phononL 0.004 2.29578 2.63403 0.0138467 0
0 855 phononL 0.004 -1.99607 -2.7166 -0.0228712 0
0 856 phononL 0.004 1.45326 0.99689 0.032461 0
0 857 phononL 0.004 0.673012 1.6712 -0.026146 0
0 858 phononL 0.004 2.51134 -1.37832 0.0255172 0
0 859 phononL 0.004 2.88619 -0.0400397 0.0363263 0
0 860 phononL 0.004 -0.309935 0.246578 -0.0161271 0
0 861 phononL 0.004 -1.10399 -0.0977196 0.0153587 0
0 862 phononL 0.004 -2.74418 -2.74958 -0.028106 0
0 863 phononL 0.004 0.609998 2.19162 -0.0261569 0
0 864 phononL 0.004 0.249863 0.289459 0.00113243 0
0 865 phononL 0.004 2.37805 2.05192 -0.00880959 0
0 866 phononL 0.004 0.033125 -2.84603 0.0290512 0
0 867 phononL 0.004 0.305044 0.10056 -0.0124213 0
0 868 phononL 0.004 -0.00744621 1.29697 -0.0315335 0
0 869 phononL 0.004 -1.85922 -0.514311 -0.0176553 0
0 870 phononL 0.004 -0.0861356 -2.84365 -0.0188519 0
0 871 phononL 0.004 -0.455584 2.29698 0.0254024 0
0 872 phononL 0.004 -1.40574 1.35319 -0.00433166 0
0 873 phononL 0.004 0.89033 2.49559 -0.0298497 0
0 874 phononL 0.004 1.50003 -1.15745 0.00730922 0
0 875 phononL 0.004 0.298855 0.339018 0.0329028 0
0 876 phononL 0.004 -0.622951 0.0853048 -0.0170385 0
0 877 phononL 0.004 -1.94121 0.854607 0.028096 0
0 878 phononL 0.004 -0.223817 -2.30202 -0.000641439 0
0 879 phononL 0.004 -1.28014 0.600577 -0.0216282 0
0 880 phononL 0.004 -1.68696 -2.01508 -0.0230978 0
0 881 phononL 0.004 -1.32023 -1.98937 -0.0211089 0
0 882 phononL 0.004 -1.62575 2.84135 -0.0186398 0
0 883 phononL 0.004 -0.214597 -0.252855 -0.0192997 0
0 884 phononL 0.004 1.26997 -1.22951 -0.0208311 0
0 885 phononL 0.004 -1.81813 -2.33572 0.0316755 0
0 886 phononL 0.004 -0.0565232 -0.502419 0.0160372 0
0 887 phononL 0.004 -2.06934 2.20814 -0.0169718 0
0 888 phononL 0.004 0.523073 1.85602 -0.0135669 0
0 889 phononL 0.004 -2.31423 2.4939 0.0172066 0
0 890 phononL 0.004 -0.921462 -2.45606 0.00525452 0
0 891 phononL 0.004 -2.24213 0.513291 0.026825 0
0 892 phononL 0.004 -1.86907 -0.882479 0.0323782 0
0 893 phononL 0.004 -1.24414 2.74821 0.0213205 0
0 894 phononL 0.004 -1.44478 -0.95603 0.0126079 0
0 895 phononL 0.004 2.74747 1.62176 0.0296739 0
0 896 phononL 0.004 -2.45273 -1.64275 0.0340113 0
0 897 phononL 0.004 -1.44359 0.683294 0.00118019 0
0 898 phononL 0.004 -0.27042 0.982798 0.00914823 0
0 899 phononL 0.004 2.24922 2.05455 -0.0270582 0
0 900 phononL 0.004 0.620423 2.82503 0.0272441 0
0 901 phononL 0.004 2.8297 -2.30835 0.00602695 0
0 902 phononL 0.004 1.33531 2.15158 -0.0179396 0
0 903 phononL 0.004 -2.52634 -0.329047 -0.00394161 0
0 904 phononL 0.004 0.364315 -1.90391 -0.00379054 0
0 905 phononL 0.004 1.56223 -1.58217 -0.0323914 0
0 906 phononL 0.004 1.34182 -2.28735 0.0063337 0
0 907 phononL 0.004 1.51365 -2.83049 -0.000798742 0
0 908 phononL 0.004 -2.39311 -2.50218 0.00640141 0
0 909 phononL 0.004 0.828779 -2.10155 0.0131398 0
0 910 phononL 0.004 -1.63693 -1.51451 -0.00691576 0
0 911 phononL 0.004 -2.21997 -0.294623 -0.00713857 0
0 912 phononL 0.004 0.364662 -1.78901 -0.0113774 0
0 913 phononL 0.004 -0.833504 -1.64995 0.0248855 0
0 914 phononL 0.004 -2.02803 -2.2696 -0.0380623 0
0 915 phononL 0.004 -0.611186 0.446019 -0.0313711 0
0 916 phononL 0.004 2.31018 -1.60816 -0.00808212 0
0 917 phononL 0.004 -0.85905 -2.05321 -0.000276254 0
0 918 phononL 0.004 -0.325987 1.83123 -0.00629635 0
0 919 phononL 0.004 0.975968 -1.06633 -0.0109358 0
0 920 phononL 0.004 -2.43097 2.41239 0.00439297 0
0 921 phononL 0.004 0.0134012 -0.564068 -0.0078412 0
0 922 phononL 0.004 -0.305661 0.720684 -0.0176149 0
0 923 phononL 0.004 0.708595 -1.88434 -0.007876 0
0 924 phononL 0.004 2.36106 0.711368 -0.0225924 0
0 925 phononL 0.004 -0.975605 0.254833 -0.00650867 0
0 926 phononL 0.004 0.979736 -1.00079 -0.0217212 0
0 927 phononL 0.004 -0.893194 -2.44463 0.00915187 0
0 928 phononL 0.004 1.82041 1.79362 0.0325684 0
0 929 phononL 0.004 -2.24277 2.40072 0.0245544 0
0 930 phononL 0.004 -0.546717 0.511764 0.0157258 0
0 931 phononL 0.004 -1.10374 -0.591624 0.0110847 0
0 932 phononL 0.004 0.827613 -1.55556 0.00979472 0
0 933 phononL 0.004 0.858672 -1.32066 0.00865537 0
0 934 phononL 0.004 -0.379095 -1.47121 -0.0293867 0
0 935 phononL 0.004 -1.2317 0.387909 -0.0287584 0
0 936 phononL 0.004 2.67963 0.245731 -0.0131007 0
0 937 phononL 0.004 -1.8469 -2.58408 0.00581998 0
0 938 phononL 0.004 -0.0830384 2.83105 0.0118511 0
0 939 phononL 0.004 2.08594 1.09685 0.00439976 0
0 940 phononL 0.004 -1.0566 -1.12654 0.024659 0
0 941 phononL 0.004 -0.691955 -0.685487 0.0290905 0
0 942 phononL 0.004 0.997965 -1.70808 -0.00591413 0
0 943 phononL 0.004 -1.43122 -2.49656 0.030309 0
0 944 phononL 0.004 -0.271493 -1.74615 -0.00890376 0
0 945 phononL 0.004 -0.346345 2.27859 0.00562663 0
0 946 phononL 0.004 -2.66776 -1.95129 0.0387243 0
0 947 phononL 0.004 -1.3861 -2.13047 0.017824 0
0 948 phononL 0.004 1.41658 0.363223 0.00275781 0
0 949 phononL 0.004 2.78486 0.253806 -0.00926646 0
0 950 phononL 0.004 -0.092047 -0.275279 0.0334337 0
0 951 phononL 0.004 2.17941 0.383788 -0.00968504 0
0 952 phononL 0.004 0.564607 0.141311 -0.0189463 0
0 953 phononL 0.004 1.95141 -2.28173 0.0262412 0
0 954 phononL 0.004 1.73644 1.34777 0.00100967 0
0 955 phononL 0.004 2.34644 -2.16121 -0.0340284 0
0 956 phononL 0.004 1.24663 0.707326 0.0199109 0
0 957 phononL 0.004 2.46127 -0.00390747 0.0128101 0
0 958 phononL 0.004 -0.785527 -0.0744656 0.0196259 0
0 959 phononL 0.004 1.61753 2.40989 0.0354865 0
0 960 phononL 0.004 -1.08479 2.19126 -0.0352183 0
0 961 phononL 0.004 -1.92529 2.73591 0.0170787 0
0 962 phononL 0.004 -0.446904 0.807081 0.039726 0
0 963 phononL 0.004 0.0476631 1.47602 -0.0226045 0
0 964 phononL 0.004 0.501291 2.61854 -0.0301111 0
0 965 phononL 0.004 -0.169996 -0.260691 -0.018241 0
0 966 phononL 0.004 -1.13052 -1.10927 0.0360271 0
0 967 phononL 0.004 -1.84753 2.54047 0.0343973 0
0 968 phononL 0.004 0.0246919 1.17589 -0.00567211 0
0 969 phononL 0.004 -1.24904 1.9822 -0.0227473 0
0 970 phononL 0.004 0.0495976 0.962538 0.0164374 0
0 971 phononL 0.004 2.64146 1.3576 0.0346937 0
0 972 phononL 0.004 -2.69952 2.67584 0.0108462 0
0 973 phononL 0.004 -2.1191 -2.88307 0.0327038 0
0 974 phononL 0.004 0.98463 2.13128 0.00256669 0
0 975 phononL 0.004 1.80769 0.457917 -0.0240697 0
0 976 phononL 0.004 2.06015 1.01732 -0.0348388 0
0 977 phononL 0.004 0.0513273 -0.0265181 0.0372943 0
0 978 phononL 0.004 -2.54735 -2.22395 -0.0349009 0
0 979 phononL 0.004 2.7493 1.51835 -0.00986617 0
0 980 phononL 0.004 2.45005 0.740267 -0.0391479 0
0 981 phononL 0.004 -1.5725 1.53236 0.0095935 0
0 982 phononL 0.004 0.359948 -0.363078 -0.0041683 0
0 983 phononL 0.004 1.53363 0.0661121 0.0368574 0
0 984 phononL 0.004 0.0738656 -1.92372 -0.00671093 0
0 985 phononL 0.004 0.477769 -0.524939 -0.0186235 0
0 986 phononL 0.004 2.64518 -1.40487 -0.0231682 0
0 987 phononL 0.004 -1.3587 -1.02432 -9.40775e-05 0
0 988 phononL 0.004 -1.54362 2.84809 0.0130026 0
0 989 phononL 0.004 1.79811 2.82291 0.0387428 0
0 990 phononL 0.004 0.118472 -1.02011 0.0226354 0
0 991 phononL 0.004 2.438 -2.42004 0.0106336 0
0 992 phononL 0.004 -2.13251 2.27476 0.0166858 0
0 993 phononL 0.004 -1.72428 1.20846 -0.0107787 0
0 994 phononL 0.004 2.47002 0.071494 -0.010662 0
0 995 phononL 0.004 -1.3357 2.47403 -0.00669117 0
0 996 phononL 0.004 -2.38046 -2.04088 -0.0153774 0
0 997 phononL 0.004 2.66083 -1.89407 0.00356503 0
0 998 phononL 0.004 -1.75688 1.08333 -0.0375392 0
0 999 phononL 0.004 -2.3358 -2.12759 -0.0237478 0
0 1000 phononL 0.004 -2.70134 1.31519 -0.0315643 0
0 1001 phononL 0.004 -1.09494 1.61437 -0.0314279 0
0 1002 phononL 0.004 -0.17963 -1.1001 -0.0128262 0
0 1003 phononL 0.004 0.752103 -0.550038 0.00095389 0
0 1004 phononL 0.004 -1.2682 -0.0364897 0.0329733 0
0 1005 phononL 0.004 -0.640858 1.28665 0.0114319 0
0 1006 phononL 0.004 -2.87335 0.18439 0.0210022 0
0 1007 phononL 0.004 2.16701 -1.55269 0.0276241 0
0 1008 phononL 0.004 1.54518 1.98109 0.0128023 0
0 1009 phononL 0.004 -1.98123 0.411704 -0.0248437 0
0 1010 phononL 0.004 2.16274 0.985687 -0.0381969 0
0 1011 phononL 0.004 2.49218 1.45891 0.0157367 0
0 1012 phononL 0.004 -2.50013 -1.46832 -0.0347903 0
0 1013 phononL 0.004 -2.60409 -0.441492 -0.0188557 0
0 1014 phononL 0.004 0.717823 1.50878 -0.0201853 0
0 1015 phononL 0.004 -0.863281 -0.839619 0.0118914 0
0 1016 phononL 0.004 -0.105638 0.636543 -0.0194689 0
0 1017 phononL 0.004 0.703341 -1.27921 -0.0259344 0
0 1018 phononL 0.004 1.54881 -2.62912 -0.00385924 0
0 1019 phononL 0.004 -1.1124 -0.0738437 -0.0111019 0
0 1020 phononL 0.004 2.05646 -0.752611 -0.0259192 0
0 1021 phononL 0.004 -1.1346 -2.36159 0.0140613 0
0 1022 phononL 0.004 -1.60134 -2.47082 0.0307209 0
0 1023 phononL 0.004 2.37209 -0.371931 -0.00146665 0
0 1024 phononL 0.004 0.605704 -0.182893 0.00366883 0
0 1025 phononL 0.004 1.44672 1.81842 0.0301552 0
0 1026 phononL 0.004 -1.56719 -2.41721 -0.0136124 0
0 1027 phononL 0.004 0.353139 -2.80139 0.0362504 0
0 1028 phononL 0.004 -0.988509 -1.80294 0.019338 0
0 1029 phononL 0.004 -1.9721 -1.83598 -0.0231694 0
0 1030 phononL 0.004 -1.44904 1.07829 -0.037606 0
0 1031 phononL 0.004 1.32983 -2.53678 0.00216331 0
0 1032 phononL 0.004 -1.75943 2.39645 -0.0306459 0
0 1033 phononL 0.004 2.09971 2.31526 -0.00670728 0
0 1034 phononL 0.004 1.50599 -2.18115 -0.0225308 0
0 1035 phononL 0.004 1.6003 0.463009 0.018932 0
0 1036 phononL 0.004 2.30022 2.70389 -0.0176083 0
0 1037 phononL 0.004 -0.09677 -2.0314 0.0311765 0
0 1038 phononL 0.004 -2.23116 1.17664 0.000817228 0
0 1039 phononL 0.004 -1.5611 -0.529962 -0.0395348 0
0 1040 phononL 0.004 -0.479022 -0.859432 -0.0095932 0
0 1041 phononL 0.004 -2.06152 1.24507 0.034494 0
0 1042 phononL 0.004 0.528954 -0.943148 -0.0223771 0
0 1043 phononL 0.004 2.1499 2.20989 0.0337064 0
0 1044 phononL 0.004 1.11771 -2.70116 0.0191975 0
0 1045 phononL 0.004 -1.73655 0.253511 -0.0100834 0
0 1046 phononL 0.004 1.6642 -2.35006 -0.00787058 0
0 1047 phononL 0.004 2.01184 -2.56368 -0.00848385 0
0 1048 phononL 0.004 1.27365 1.09146 -0.00550865 0
0 1049 phononL 0.004 0.24512 -0.492608 0.0210996 0
0 1050 phononL 0.004 1.55141 -0.36475 -0.0317904 0
0 1051 phononL 0.004 1.90626 -2.36941 -0.0291047 0
0 1052 phononL 0.004 -0.422726 0.0706758 0.0311802 0
0 1053 phononL 0.004 -0.584118 1.39133 -0.0359021 0
0 1054 phononL 0.004 1.31812 0.958983 -0.00640123 0
0 1055 phononL 0.004 0.0242761 -1.8064 0.0303089 0
0 1056 phononL 0.004 -0.930248 -0.395274 0.00706958 0
0 1057 phononL 0.004 -1.06733 -1.69605 -0.00439561 0
0 1058 phononL 0.004 -0.917575 2.31189 0.0139074 0
0 1059 phononL 0.004 -1.30633 -0.605002 0.00538523 0
0 1060 phononL 0.004 0.213636 1.80687 -0.00724004 0
0 1061 phononL 0.004 -1.40479 1.52696 -0.00359429 0
0 1062 phononL 0.004 1.69307 2.46031 0.0161527 0
0 1063 phononL 0.004 -1.29612 0.338141 0.0073403 0
0 1064 phononL 0.004 -0.823086 2.11861 0.02461 0
0 1065 phononL 0.004 -2.59014 2.73119 0.0186733 0
0 1066 phononL 0.004 -0.338641 0.783612 0.00188073 0
0 1067 phononL 0.004 -2.48514 -1.88877 -0.00659393 0
0 1068 phononL 0.004 -0.746703 -2.25695 0.00878129 0
0 1069 phononL 0.004 2.56696 1.76901 0.0245105 0
0 1070 phononL 0.004 -0.0128531 -1.99646 0.0291406 0
0 1071 phononL 0.004 0.827136 1.88843 -0.0339505 0
0 1072 phononL 0.004 0.0298733 -1.59853 -0.013041 0
0 1073 phononL 0.004 -1.00564 0.951459 -0.00165701 0
0 1074 phononL 0.004 -1.50613 -0.15985 -0.0176571 0
0 1075 phononL 0.004 1.33587 1.25705 -0.0211326 0
0 1076 phononL 0.004 -1.42921 -2.75507 -0.0115062 0
0 1077 phononL 0.004 -1.71834 2.12927 -0.0149898 0
0 1078 phononL 0.004 2.3443 -2.80137 0.0143748 0
0 1079 phononL 0.004 -2.80431 0.347043 -0.0351579 0
0 1080 phononL 0.004 2.4052 -0.465636 0.0120716 0
0 1081 phononL 0.004 2.18518 -1.15896 -0.0140931 0
0 1082 phononL 0.004 -0.852614 0.23096 0.03396 0
0 1083 phononL 0.004 0.628378 0.493222 -0.016314 0
0 1084 phononL 0.004 2.6017 -2.2131 -0.0120342 0
0 1085 phononL 0.004 -1.33293 1.06917 0.0245544 0
0 1086 phononL 0.004 2.54922 -2.60033 -0.0300528 0
0 1087 phononL 0.004 -1.62684 0.0548894 -0.00382512 0
0 1088 phononL 0.004 1.11535 1.7289 0.0279637 0
0 1089 phononL 0.004 -1.93689 0.913611 0.00160212 0
0 1090 phononL 0.004 0.764447 0.245749 0.0147764 0
0 1091 phononL 0.004 0.130188 -1.85281 -0.0378106 0
0 1092 phononL 0.004 2.44223 1.42845 -0.0123517 0
0 1093 phononL 0.004 0.9297 -1.66248 -0.0300333 0
0 1094 phononL 0.004 1.10798 1.42514 -0.0121179 0
0 1095 phononL 0.004 -1.00735 -1.36737 0.0209077 0
0 1096 phononL 0.004 1.40925 1.88096 -0.0265777 0
0 1097 phononL 0.004 2.87071 -2.05022 0.0270438 0
0 1098 phononL 0.004 -1.05666 -0.596551 -0.00350078 0
0 1099 phononL 0.004 2.05495 -1.4586 0.00583908 0
0 1100 phononL 0.004 -0.087997 1.99523 0.0347495 0
0 1101 phononL 0.004 -0.80326 -1.20079 0.0102567 0
0 1102 phononL 0.004 0.139606 -1.10007 0.0358882 0
0 1103 phononL 0.004 -2.13034 1.61019 0.0280843 0
0 1104 phononL 0.004 1.16814 1.88839 0.0375121 0
0 1105 phononL 0.004 0.54987 -0.82373 -0.0200333 0
0 1106 phononL 0.004 -2.56591 -1.58218 -0.0131996 0
0 1107 phononL 0.004 -2.34958 -0.0191184 -0.00490946 0
0 1108 phononL 0.004 -0.766427 0.4232 0.019404 0
0 1109 phononL 0.004 1.43086 -2.06447 0.031044 0
0 1110 phononL 0.004 -1.55439 -1.53147 -0.0229929 0
0 1111 phononL 0.004 0.940159 2.51872 -0.0191247 0
0 1112 phononL 0.004 -2.56124 -0.123109 -0.0249329 0
0 1113 phononL 0.004 -2.16085 -1.62488 -0.0390773 0
0 1114 phononL 0.004 -0.708032 0.848365 -0.0198661 0
0 1115 phononL 0.004 0.56163 -2.44966 -0.0184253 0
0 1116 phononL 0.004 -1.94452 0.135365 0.00533803 0
0 1117 phononL 0.004 -0.205425 -1.12645 -0.00167178 0
0 1118 phononL 0.004 0.735484 1.92073 0.0095972 0
0 1119 phononL 0.004 -0.514711 1.58763 0.0345132 0
0 1120 phononL 0.004 2.79715 -0.473967 -0.024974 0
0 1121 phononL 0.004 2.18486 1.31656 -0.0199494 0
0 1122 phononL 0.004 -1.23419 2.59442 0.0110187 0
0 1123 phononL 0.004 -0.673852 1.55417 -0.00282655 0
0 1124 phononL 0.004 1.92702 -2.69386 0.029784 0
0 1125 phononL 0.004 -1.66677 2.64797 0.0062911 0
0 1126 phononL 0.004 1.55258 1.63085 0.00827393 0
0 1127 phononL 0.004 2.05999 1.75556 0.0183236 0
0 1128 phononL 0.004 2.24163 -1.74442 -0.0111151 0
0 1129 phononL 0.004 2.08792 0.485655 -0.00265964 0
0 1130 phononL 0.004 -2.18066 -1.08762 -0.0378327 0
0 1131 phononL 0.004 1.66216 2.42015 -0.0267846 0
0 1132 phononL 0.004 -1.61699 -1.93524 0.00487859 0
0 1133 phononL 0.004 0.625063 2.23742 -0.0133915 0
0 1134 phononL 0.004 -1.10581 -1.0017 0.0129279 0
0 1135 phononL 0.004 2.24955 0.152401 -0.0089558 0
0 1136 phononL 0.004 -2.26483 -2.13308 -0.0251788 0
0 1137 phononL 0.004 -0.667144 0.474069 0.0197271 0
0 1138 phononL 0.004 -1.79705 -0.468327 0.0126917 0
0 1139 phononL 0.004 0.832375 1.94058 -0.023468 0
0 1140 phononL 0.004 2.7402 -1.62555 0.0382913 0
0 1141 phononL 0.004 2.0021 -2.42056 -0.0261057 0
0 1142 phononL 0.004 1.29187 2.52179 -0.0235555 0
0 1143 phononL 0.004 -0.665455 1.69591 0.0340682 0
0 1144 phononL 0.004 0.302007 -2.73089 0.000495715 0
0 1145 phononL 0.004 -2.63584 -1.73331 -0.0372889 0
0 1146 phononL 0.004 -0.210043 1.66924 -0.0304067 0
0 1147 phononL 0.004 -0.151696 2.12191 -0.0342049 0
0 1148 phononL 0.004 -2.52242 -0.203232 0.00620041 0
0 1149 phononL 0.004 -1.88512 0.328461 -0.0369616 0
0 1150 phononL 0.004 0.777249 0.366728 -0.00494351 0
0 1151 phononL 0.004 2.07668 0.972481 0.00391448 0
0 1152 phononL 0.004 0.0690499 -1.06077 -0.0243668 0
0 1153 phononL 0.004 -1.57976 -1.08757 -0.0164425 0
0 1154 phononL 0.004 2.12206 2.56312 0.0279736 0
0 1155 phononL 0.004 -0.5713 -2.04037 -0.021846 0
0 1156 phononL 0.004 2.75091 1.63662 0.0313147 0
0 1157 phononL 0.004 -0.465528 -2.1091 -0.0293033 0
0 1158 phononL 0.004 0.353677 2.0528 0.0356446 0
0 1159 phononL 0.004 -1.15929 0.513915 0.0120454 0
0 1160 phononL 0.004 -0.724592 -1.77327 0.00309502 0
0 1161 phononL 0.004 -1.30132 -2.33198 -0.0394644 0
0 1162 phononL 0.004 -0.267564 1.26197 0.0317361 0
0 1163 phononL 0.004 2.75009 2.23033 -0.0202403 0
0 1164 phononL 0.004 -2.18372 -1.77303 0.0378223 0
0 1165 phononL 0.004 1.7127 -2.08639 -0.0145338 0
0 1166 phononL 0.004 1.6439 -2.45852 0.0126702 0
0 1167 phononL 0.004 -1.47541 -2.12371 0.00552881 0
0 1168 phononL 0.004 0.188651 -0.238543 0.0305489 0
0 1169 phononL 0.004 0.508238 1.53524 0.013271 0
0 1170 phononL 0.004 -0.324587 2.14246 -0.033796 0
0 1171 phononL 0.004 2.44808 0.107932 0.0344705 0
0 1172 phononL 0.004 2.82874 -1.73776 -0.00447898 0
0 1173 phononL 0.004 -0.701462 -0.441942 -0.0369119 0
0 1174 phononL 0.004 -0.953364 0.530693 -0.0377559 0
0 1175 phononL 0.004 2.15052 -1.24623 -0.0327869 0
0 1176 phononL 0.004 -0.415715 1.89949 -0.00701581 0
0 1177 phononL 0.004 -2.28025 -2.07742 0.0301553 0
0 1178 phononL 0.004 -1.68829 1.03632 -0.0299084 0
0 1179 phononL 0.004 -2.77005 0.812765 -0.0135559 0
0 1180 phononL 0.004 0.73165 1.64646 -0.0383558 0
0 1181 phononL 0.004 2.53447 -0.889787 -0.0166755 0
0 1182 phononL 0.004 -1.93677 1.28312 -0.00398629 0
0 1183 phononL 0.004 -0.471209 -0.60993 -0.0255446 0
0 1184 phononL 0.004 -2.40321 -0.276869 0.03518 0
0 1185 phononL 0.004 -0.219209 -1.02556 0.0223699 0
0 1186 phononL 0.004 -1.00582 1.81815 -0.0355632 0
0 1187 phononL 0.004 0.46124 -2.31767 -0.0147897 0
0 1188 phononL 0.004 -1.77047 -1.53862 0.0146987 0
0 1189 phononL 0.004 2.28864 0.944241 -0.0206593 0
0 1190 phononL 0.004 -0.382747 0.163015 0.0391774 0
0 1191 phononL 0.004 -0.928502 -1.43964 -0.0202022 0
0 1192 phononL 0.004 -0.829402 -2.83133 0.0125013 0
0 1193 phononL 0.004 1.53271 0.0191801 0.0352766 0
0 1194 phononL 0.004 0.720869 -2.31099 0.0352694 0
0 1195 phononL 0.004 -1.59699 2.39677 -0.0308391 0
0 1196 phononL 0.004 -2.66425 -0.00310463 -0.0243462 0
0 1197 phononL 0.004 -0.613754 2.5803 0.00931792 0
0 1198 phononL 0.004 2.32971 0.511639 0.0383118 0
0 1199 phononL 0.004 2.88013 -1.39281 0.0340387 0
0 1200 phononL 0.004 1.37927 -1.82542 -0.0316877 0
0 1201 phononL 0.004 -0.109134 -1.55489 0.0101406 0
0 1202 phononL 0.004 -2.59689 1.73183 0.00923552 0
0 1203 phononL 0.004 1.07027 -2.08829 -0.00170818 0
0 1204 phononL 0.004 0.861621 -2.77493 -0.0181662 0
0 1205 phononL 0.004 1.61174 1.76576 -0.0221479 0
0 1206 phononL 0.004 -2.57769 2.38514 0.0374624 0
0 1207 phononL 0.004 -1.47714 -2.81035 -0.00282411 0
0 1208 phononL 0.004 0.584268 1.02026 -0.00801231 0
0 1209 phononL 0.004 2.13992 -1.50348 0.00688883 0
0 1210 phononL 0.004 2.52842 -2.0256 0.0132366 0
0 1211 phononL 0.004 -1.43788 -0.831799 0.015952 0
0 1212 phononL 0.004 2.28362 0.82578 -0.0223066 0
0 1213 phononL 0.004 0.868147 1.25576 -0.0276989 0
0 1214 phononL 0.004 -1.07066 -0.889599 0.0349148 0
0 1215 phononL 0.004 -0.0233729 -2.77255 -0.00764632 0
0 1216 phononL 0.004 0.903203 0.573404 0.0189304 0
0 1217 phononL 0.004 1.13761 -0.550862 0.00239972 0
0 1218 phononL 0.004 0.840349 -0.515517 0.0332843 0
0 1219 phononL 0.004 -1.89704 -2.32835 0.0389172 0
0 1220 phononL 0.004 0.28312 -2.21511 -0.0222352 0
0 1221 phononL 0.004 1.77024 1.24592 0.00787428 0
0 1222 phononL 0.004 -0.156076 0.941109 -0.0111099 0
0 1223 phononL 0.004 0.37238 0.908513 -0.00622717 0
0 1224 phononL 0.004 1.89938 -2.28888 0.021727 0
0 1225 phononL 0.004 -0.324657 0.858359 -0.00620495 0
0 1226 phononL 0.004 -2.80128 -1.91194 -0.0327255 0
0 1227 phononL 0.004 1.36825 -2.60115 -0.0289376 0
0 1228 phononL 0.004 -2.21639 -2.05877 0.0312159 0
0 1229 phononL 0.004 -0.782209 -0.767052 0.0226888 0
0 1230 phononL 0.004 2.08086 -1.0932 -0.0127997 0
0 1231 phononL 0.004 -2.42393 2.60097 0.035544 0
0 1232 phononL 0.004 -0.820883 -1.24763 0.0379746 0
0 1233 phononL 0.004 -1.33237 0.104007 0.0142317 0
0 1234 phononL 0.004 0.211501 0.509181 -0.00941912 0
0 1235 phononL 0.004 -2.58737 -1.62239 0.0268775 0
0 1236 phononL 0.004 1.48472 -0.0270499 0.0218665 0
0 1237 phononL 0.004 0.956179 2.49574 -0.00208785 0
0 1238 phononL 0.004 -2.84786 -1.72353 -0.0180204 0
0 1239 phononL 0.004 -0.788043 -0.363146 -0.0101139 0
0 1240 phononL 0.004 1.84055 0.170203 -0.0245072 0
0 1241 phononL 0.004 -1.01621 2.21723 0.00528969 0
0 1242 phononL 0.004 -0.879865 2.56185 0.0318958 0
0 1243 phononL 0.004 -0.485815 -1.28762 -0.0355609 0
0 1244 phononL 0.004 2.59128 -0.518709 -0.0049907 0
0 1245 phononL 0.004 1.0805 -2.37933 -0.000257328 0
0 1246 phononL 0.004 -1.53161 2.45067 -0.0146376 0
0 1247 phononL 0.004 1.04506 -0.367907 -0.0253785 0
0 1248 phononL 0.004 -2.32936 0.443868 -0.0161238 0
0 1249 phononL 0.004 -0.336231 0.477253 0.0150703 0
0 1250 phononL 0.004 -2.22176 -2.21287 -0.0204377 0
0 1251 phononL 0.004 -0.579628 -0.980288 0.0215145 0
0 1252 phononL 0.004 -0.314682 0.590793 -0.0327156 0
0 1253 phononL 0.004 1.86296 -0.220312 -0.00618889 0
0 1254 phononL 0.004 -0.691665 -1.06541 -0.0221152 0
0 1255 phononL 0.004 -0.961891 -1.1752 -0.0137737 0
0 1256 phononL 0.004 -0.845969 -2.7507 -0.0093794 0
0 1257 phononL 0.004 -1.17087 2.46771 0.0134149 0
0 1258 phononL 0.004 -2.11497 0.0102448 0.0347293 0
0 1259 phononL 0.004 1.15321 -2.12507 0.0138389 0
0 1260 phononL 0.004 1.18313 0.630009 0.0254235 0
0 1261 phononL 0.004 1.01864 -0.904625 -0.0103473 0
0 1262 phononL 0.004 1.7015 1.22386 -0.0175042 0
0 1263 phononL 0.004 0.364182 2.0896 -0.00959941 0
0 1264 phononL 0.004 -2.30591 -1.97635 -0.027805 0
0 1265 phononL 0.004 2.63638 -1.41476 -0.0365677 0
0 1266 phononL 0.004 -2.24868 -1.42168 -0.00321052 0
0 1267 phononL 0.004 1.42621 -1.64102 -0.0302786 0
0 1268 phononL 0.004 -1.25031 1.72167 0.0359413 0
0 1269 phononL 0.004 1.51019 -2.225 -0.00983241 0
0 1270 phononL 0.004 -1.43326 -0.771281 -0.0133286 0
0 1271 phononL 0.004 2.80093 0.490188 0.0207839 0
0 1272 phononL 0.004 -1.86356 -0.409459 0.0325815 0
0 1273 phononL 0.004 0.74943 2.53461 -0.00518098 0
0 1274 phononL 0.004 -1.03804 -1.03336 -0.0362141 0
0 1275 phononL 0.004 1.7266 -2.56503 0.00511395 0
0 1276 phononL 0.004 0.998382 -2.24747 0.0204428 0
0 1277 phononL 0.004 0.0591403 2.17116 0.0294336 0
0 1278 phononL 0.004 -0.419966 1.50637 0.0147327 0
0 1279 phononL 0.004 -0.788833 1.7069 -0.0389529 0
0 1280 phononL 0.004 0.830198 2.60059 0.0235282 0
0 1281 phononL 0.004 -1.84071 -2.77743 -0.0320402 0
0 1282 phononL 0.004 0.743032 -1.38273 0.031103 0
0 1283 phononL 0.004 0.948793 -0.982413 -0.0239059 0
0 1284 phononL 0.004 -1.07195 -1.05976 -0.0118503 0
0 1285 phononL 0.004 -1.70256 -1.58036 0.03777 0
0 1286 phononL 0.004 -2.20951 -0.224688 -0.0237893 0
0 1287 phononL 0.004 -1.46399 0.183158 0.000422015 0
0 1288 phononL 0.004 -0.0715051 2.05664 0.0219444 0
0 1289 phononL 0.004 -2.79483 -0.00487674 -0.0301791 0
0 1290 phononL 0.004 -0.45363 2.79089 0.0364032 0
0 1291 phononL 0.004 0.409004 2.19288 0.00940676 0
0 1292 phononL 0.004 0.198817 -2.42322 0.0376575 0
0 1293 phononL 0.004 0.0675124 2.69214 0.00140918 0
0 1294 phononL 0.004 -2.23042 -0.99632 0.0382331 0
0 1295 phononL 0.004 1.17601 -2.19922 0.0373966 0
0 1296 phononL 0.004 -0.175611 1.12438 -0.0340342 0
0 1297 phononL 0.004 -0.656126 2.41648 0.0389611 0
0 1298 phononL 0.004 0.785559 0.42701 -0.0164425 0
0 1299 phononL 0.004 2.06156 1.71144 0.00500903 0
0 1300 phononL 0.004 1.86442 0.668568 -0.0192968 0
0 1301 phononL 0.004 -1.45625 2.29948 -0.0213043 0
0 1302 phononL 0.004 -1.43559 2.51349 0.0119901 0
0 1303 phononL 0.004 2.133 2.27494 0.0285641 0
0 1304 phononL 0.004 2.0906 -1.52133 -0.00782971 0
0 1305 phononL 0.004 -2.1156 1.20678 0.0248121 0
0 1306 phononL 0.004 -0.036598 2.43496 -0.0101796 0
0 1307 phononL 0.004 -1.32211 0.23707 0.0297464 0
0 1308 phononL 0.004 0.731746 1.95047 -0.013629 0
0 1309 phononL 0.004 -0.71875 -0.698991 -0.0235392 0
0 1310 phononL 0.004 2.49797 -2.02088 0.011373 0
0 1311 phononL 0.004 2.40094 -2.02792 0.0203298 0
0 1312 phononL 0.004 -1.02704 -1.35065 0.0286327 0
0 1313 phononL 0.004 2.77439 0.132465 0.0363247 0
0 1314 phononL 0.004 -1.26437 2.78244 0.0147196 0
0 1315 phononL 0.004 1.07226 -0.793457 0.0233746 0
0 1316 phononL 0.004 0.206349 1.23668 -0.018895 0
0 1317 phononL 0.004 1.2238 -0.0151102 0.00239732 0
0 1318 phononL 0.004 1.38075 -0.0147964 0.0187117 0
0 1319 phononL 0.004 1.64312 2.53282 -0.0114233 0
0 1320 phononL 0.004 2.77928 0.750963 -0.00633965 0
0 1321 phononL 0.004 -0.886292 0.356283 -0.038087 0
0 1322 phononL 0.004 -1.71169 -1.85172 0.00184815 0
0 1323 phononL 0.004 1.35101 -4.26461e-05 0.0100753 0
0 1324 phononL 0.004 -1.68543 2.56036 0.0117224 0
0 1325 phononL 0.004 1.92998 1.74254 -0.0240023 0
0 1326 phononL 0.004 1.85254 -0.347176 -0.0149652 0
0 1327 phononL 0.004 0.815927 -1.55053 0.0246333 0
0 1328 phononL 0.004 2.31839 -2.3421 -0.0314016 0
0 1329 phononL 0.004 -2.68357 -1.1535 -0.0101647 0
0 1330 phononL 0.004 0.495003 0.449838 0.0388071 0
0 1331 phononL 0.004 -1.39595 0.389512 -0.00611946 0
0 1332 phononL 0.004 -2.68656 2.6437 -0.038982 0
0 1333 phononL 0.004 1.55789 0.937898 -0.0133978 0
0 1334 phononL 0.004 1.03402 0.840245 0.0111239 0
0 1335 phononL 0.004 -1.35003 -1.65932 0.0154379 0
0 1336 phononL 0.004 -1.01405 -0.740315 0.0105703 0
0 1337 phononL 0.004 -1.62948 0.921454 -0.0239887 0
0 1338 phononL 0.004 -1.49247 2.82949 0.0133729 0
0 1339 phononL 0.004 -0.979642 1.78964 0.0157562 0
0 1340 phononL 0.004 0.391935 -0.226337 -0.0171241 0
0 1341 phononL 0.004 1.12291 -0.602599 0.0122612 0
0 1342 phononL 0.004 1.36929 -1.89002 -0.0372795 0
0 1343 phononL 0.004 0.672177 -1.82298 0.0138001 0
0 1344 phononL 0.004 1.44793 0.692943 -0.00926704 0
0 1345 phononL 0.004 -1.57877 1.05206 -0.0391508 0
0 1346 phononL 0.004 1.07928 -2.81209 -0.00198622 0
0 1347 phononL 0.004 -1.02074 1.41706 -0.00741317 0
0 1348 phononL 0.004 -1.11151 -0.933393 -0.0122484 0
0 1349 phononL 0.004 0.558851 -1.44681 0.0181611 0
0 1350 phononL 0.004 1.02231 -1.71234 -0.0107741 0
0 1351 phononL 0.004 1.57072 1.97144 -0.0217514 0
0 1352 phononL 0.004 0.0179987 0.334325 -0.0195368 0
0 1353 phononL 0.004 -1.10519 -2.54043 0.0352051 0
0 1354 phononL 0.004 -1.27176 1.96189 -0.0267806 0
0 1355 phononL 0.004 1.72407 2.03592 -0.0023342 0
0 1356 phononL 0.004 -0.612972 -1.96322 0.0181516 0
0 1357 phononL 0.004 -1.58776 -1.35405 0.00423346 0
0 1358 phononL 0.004 -1.8328 -1.85328 0.00431145 0
0 1359 phononL 0.004 -0.138972 -1.65667 0.0120379 0
0 1360 phononL 0.004 -2.39648 0.251633 -0.0213603 0
0 1361 phononL 0.004 -2.5483 0.469565 -0.01432 0
0 1362 phononL 0.004 2.51544 0.474905 -0.0233634 0
0 1363 phononL 0.004 2.62395 -1.55069 0.0391062 0
0 1364 phononL 0.004 2.61048 1.52899 0.00924729 0
0 1365 phononL 0.004 -2.72914 1.69193 -0.000111578 0
0 1366 phononL 0.004 -0.255695 -2.74279 0.00388044 0
0 1367 phononL 0.004 -2.72101 -0.918918 0.0270235 0
0 1368 phononL 0.004 -2.08946 0.481989 0.0223832 0
0 1369 phononL 0.004 0.502175 1.78359 -0.029557 0
0 1370 phononL 0.004 1.33989 1.82293 -0.0215013 0
0 1371 phononL 0.004 1.5009 0.00945761 0.00611459 0
0 1372 phononL 0.004 -1.85557 -2.31453 -0.0378572 0
0 1373 phononL 0.004 -0.32637 0.202942 0.0202033 0
0 1374 phononL 0.004 1.52732 1.31494 -0.0195253 0
0 1375 phononL 0.004 0.261923 1.57292 0.00412948 0
0 1376 phononL 0.004 -2.63154 -2.39074 -0.00613322 0
0 1377 phononL 0.004 0.587417 1.1297 0.00453042 0
0 1378 phononL 0.004 -1.07631 -0.0768954 -0.00464802 0
0 1379 phononL 0.004 -2.5993 1.85504 0.0324409 0
0 1380 phononL 0.004 -1.22535 -2.85444 0.00452261 0
0 1381 phononL 0.004 0.562645 -1.59126 0.00613623 0
0 1382 phononL 0.004 -1.98208 0.781435 0.0146423 0
0 1383 phononL 0.004 -0.704659 0.29354 0.0398771 0
0 1384 phononL 0.004 0.50693 -2.41392 0.00429743 0
0 1385 phononL 0.004 -0.553268 -0.543024 0.0241722 0
0 1386 phononL 0.004 -1.81817 2.44832 0.00768896 0
0 1387 phononL 0.004 -2.25772 -2.17452 0.037469 0
0 1388 phononL 0.004 -0.786633 -0.491132 0.0247108 0
0 1389 phononL 0.004 1.19554 1.89718 -0.019984 0
0 1390 phononL 0.004 0.061476 -2.80349 -0.0328634 0
0 1391 phononL 0.004 -1.35546 0.107864 -0.0287715 0
0 1392 phononL 0.004 1.02963 0.434894 -0.0282142 0
0 1393 phononL 0.004 2.39127 -0.976601 -0.0288334 0
0 1394 phononL 0.004 -2.11182 1.15529 0.02887 0
0 1395 phononL 0.004 1.19286 2.79079 0.0395118 0
0 1396 phononL 0.004 2.83235 2.43357 -0.0211219 0
0 1397 phononL 0.004 0.97961 0.306857 0.0280412 0
0 1398 phononL 0.004 2.69249 1.31535 0.0312358 0
0 1399 phononL 0.004 -2.65903 -0.235556 -0.0276344 0
0 1400 phononL 0.004 1.85275 -0.634546 0.0393794 0
0 1401 phononL 0.004 2.06268 -1.5702 0.0254687 0
0 1402 phononL 0.004 2.66262 -1.62177 -0.00679226 0
0 1403 phononL 0.004 -0.826854 0.46468 -0.00878284 0
0 1404 phononL 0.004 0.225427 -0.749571 0.0268332 0
0 1405 phononL 0.004 -0.997678 2.08364 0.0215426 0
0 1406 phononL 0.004 2.80388 1.22274 0.0106459 0
0 1407 phononL 0.004 -0.226024 -1.96935 0.0259229 0
0 1408 phononL 0.004 2.62095 -1.33662 -0.00630804 0
0 1409 phononL 0.004 -2.77153 -1.41905 -0.0331148 0
0 1410 phononL 0.004 -2.41979 1.77267 0.00325595 0
0 1411 phononL 0.004 -2.42708 2.39421 0.0334888 0
0 1412 phononL 0.004 1.51747 1.86075 -0.018722 0
0 1413 phononL 0.004 -1.04014 2.77486 -0.00305352 0
0 1414 phononL 0.004 -0.615461 1.24244 -0.0385795 0
0 1415 phononL 0.004 0.690438 -0.77252 -0.0227766 0
0 1416 phononL 0.004 0.925329 2.29892 -0.0226083 0
0 1417 phononL 0.004 -1.59716 2.32402 0.0250852 0
0 1418 phononL 0.004 -0.715265 0.97636 0.0179627 0
0 1419 phononL 0.004 1.91503 2.3402 -0.0200703 0
0 1420 phononL 0.004 -1.42598 -0.389809 0.0241979 0
0 1421 phononL 0.004 -0.176797 0.909821 0.00209453 0
0 1422 phononL 0.004 0.679617 -1.0627 0.0111168 0
0 1423 phononL 0.004 -0.429827 -2.60492 0.00833038 0
0 1424 phononL 0.004 -1.39486 -1.50365 0.0240958 0
0 1425 phononL 0.004 1.96195 1.09942 0.0106459 0
0 1426 phononL 0.004 0.154302 1.27461 -0.00877643 0
0 1427 phononL 0.004 -0.993735 -0.747626 -0.0349498 0
0 1428 phononL 0.004 -2.20776 1.50591 0.00130806 0
0 1429 phononL 0.004 -1.17426 -0.693281 -0.0139369 0
0 1430 phononL 0.004 2.32179 2.54294 -0.0203747 0
0 1431 phononL 0.004 0.716566 -0.874214 -0.0189153 0
0 1432 phononL 0.004 -2.38258 2.25215 0.00313017 0
0 1433 phononL 0.004 -2.12836 0.737979 0.0100117 0
0 1434 phononL 0.004 2.04877 -1.56262 0.0298474 0
0 1435 phononL 0.004 2.87701 -0.174953 -0.0290616 0
0 1436 phononL 0.004 0.220752 -0.940075 -0.0366805 0
0 1437 phononL 0.004 -1.99242 1.37831 0.0257148 0
0 1438 phononL 0.004 1.96067 -1.71617 -0.00390708 0
0 1439 phononL 0.004 0.381756 0.0102289 -0.0396191 0
0 1440 phononL 0.004 -1.6238 2.19122 -0.00548836 0
0 1441 phononL 0.004 -0.60874 2.8769 -0.0201749 0
0 1442 phononL 0.004 0.356562 0.899157 -0.0200405 0
0 1443 phononL 0.004 -0.456481 0.14922 0.00120538 0
0 1444 phononL 0.004 -2.16397 0.0465837 -0.0180246 0
0 1445 phononL 0.004 -2.20217 2.21354 0.031894 0
0 1446 phononL 0.004 2.73788 -2.78859 0.00669533 0
0 1447 phononL 0.004 -1.46658 1.90145 0.0283317 0
0 1448 phononL 0.004 -0.061541 -1.82477 -0.0234734 0
0 1449 phononL 0.004 0.86776 -0.471402 0.0316613 0
0 1450 phononL 0.004 0.291256 -1.95395 -0.0262375 0
0 1451 phononL 0.004 1.92497 0.774181 -0.0396007 0
0 1452 phononL 0.004 2.6666 -0.13214 0.0147827 0
0 1453 phononL 0.004 0.186591 -0.717062 -0.0243915 0
0 1454 phononL 0.004 -0.0671727 2.48251 -0.00454829 0
0 1455 phononL 0.004 0.421254 -0.433114 0.0254906 0
0 1456 phononL 0.004 -0.0596098 -0.0291644 0.0135886 0
0 1457 phononL 0.004 0.607354 -1.84434 0.0335464 0
0 1458 phononL 0.004 -0.950233 -1.52632 -0.0297567 0
0 1459 phononL 0.004 -2.29027 -1.96382 0.0114842 0
0 1460 phononL 0.004 0.257543 -2.21054 0.0349195 0
0 1461 phononL 0.004 -0.378622 1.90027 0.00712195 0
0 1462 phononL 0.004 -2.09301 -2.58394 -0.0314488 0
0 1463 phononL 0.004 -0.301012 1.46956 -0.0358079 0
0 1464 phononL 0.004 1.71736 -1.34812 0.0289302 0
0 1465 phononL 0.004 1.31267 1.86898 -0.0238464 0
0 1466 phononL 0.004 2.80738 -0.615497 0.0258952 0
0 1467 phononL 0.004 1.05853 -0.099689 0.00106354 0
0 1468 phononL 0.004 -2.37775 -2.67488 -0.0339193 0
0 1469 phononL 0.004 -2.50376 -1.78779 -0.00686169 0
0 1470 phononL 0.004 2.68517 -0.571327 -0.00670347 0
0 1471 phononL 0.004 0.621539 -2.2374 0.020472 0
0 1472 phononL 0.004 -1.71066 -2.22053 -0.0379741 0
0 1473 phononL 0.004 -1.95663 -1.26245 -0.0324203 0
0 1474 phononL 0.004 2.55272 -1.14027 0.0337912 0
0 1475 phononL 0.004 1.52648 0.501313 -0.0354676 0
0 1476 phononL 0.004 -2.79873 0.666199 -0.0189527 0
0 1477 phononL 0.004 0.458818 -0.0942802 -0.00610584 0
0 1478 phononL 0.004 0.126215 2.73768 0.0269364 0
0 1479 phononL 0.004 -2.62995 0.0151597 0.0377615 0
0 1480 phononL 0.004 0.564277 2.73074 -0.0357294 0
0 1481 phononL 0.004 0.501556 0.195942 0.010431 0
0 1482 phononL 0.004 -0.238121 -0.172794 -0.0209379 0
0 1483 phononL 0.004 2.65359 -0.160075 0.00706584 0
0 1484 phononL 0.004 0.220579 1.86148 -0.0228274 0
0 1485 phononL 0.004 0.173528 -2.18039 -0.000745579 0
0 1486 phononL 0.004 -2.10677 -0.112179 -0.00871732 0
0 1487 phononL 0.004 1.07406 -2.28846 0.0337218 0
0 1488 phononL 0.004 -0.0614163 1.64426 0.0123866 0
0 1489 phononL 0.004 -2.81922 1.22612 -0.032919 0
0 1490 phononL 0.004 -2.17939 1.07556 -0.0170487 0
0 1491 phononL 0.004 -0.871713 1.64639 -0.00959596 0
0 1492 phononL 0.004 1.57406 -1.07376 -0.00447418 0
0 1493 phononL 0.004 -2.51973 -2.03184 0.0351752 0
0 1494 phononL 0.004 -1.94258 -2.45342 -0.000259498 0
0 1495 phononL 0.004 -2.87914 0.0233687 0.00947737 0
0 1496 phononL 0.004 2.76921 -2.4497 0.00336288 0
0 1497 phononL 0.004 0.377664 -1.27697 0.0358618 0
0 1498 phononL 0.004 1.51831 0.276765 0.0380304 0
0 1499 phononL 0.004 -2.14523 1.12843 -0.0379102 0
0 1500 phononL 0.004 0.0248409 -0.390793 0.0199321 0
0 1501 phononL 0.004 1.57684 -1.90742 -0.0276218 0
0 1502 phononL 0.004 0.447626 -1.63319 0.0167591 0
0 1503 phononL 0.004 -0.291779 1.10439 0.0156944 0
0 1504 phononL 0.004 -1.0088 -0.373774 0.0211207 0
0 1505 phononL 0.004 1.6364 1.59886 -0.0290936 0
0 1506 phononL 0.004 -0.391751 2.81165 -0.0061783 0
0 1507 phononL 0.004 1.9147 -1.50936 -0.0100056 0
0 1508 phononL 0.004 2.75309 1.20278 0.0186099 0
0 1509 phononL 0.004 -0.795539 0.442377 -0.0153254 0
0 1510 phononL 0.004 -1.83895 -0.849334 0.0155958 0
0 1511 phononL 0.004 0.771277 1.76823 0.00283796 0
0 1512 phononL 0.004 -2.29164 2.1428 -0.00642899 0
0 1513 phononL 0.004 -1.08625 -0.072405 -0.0016852 0
0 1514 phononL 0.004 2.85538 -2.42002 -0.010222 0
0 1515 phononL 0.004 -1.43738 2.17551 -0.0297451 0
0 1516 phononL 0.004 -1.44987 1.83392 0.0395232 0
0 1517 phononL 0.004 0.273459 -1.5179 -0.00279145 0
0 1518 phononL 0.004 -0.85347 -0.164032 -0.0146273 0
0 1519 phononL 0.004 -1.43547 -0.149623 0.0357954 0
0 1520 phononL 0.004 -2.32153 2.09642 0.0106353 0
0 1521 phononL 0.004 2.11503 -1.55674 -0.0192005 0
0 1522 phononL 0.004 -0.637905 -0.404496 0.00961111 0
0 1523 phononL 0.004 -0.683584 1.59595 0.0384919 0
0 1524 phononL 0.004 -0.505533 2.39614 -0.028459 0
0 1525 phononL 0.004 0.876911 2.61403 -0.00705661 0
0 1526 phononL 0.004 -2.19349 1.17872 0.0160441 0
0 1527 phononL 0.004 0.301823 -2.23007 -0.012954 0
0 1528 phononL 0.004 0.0418967 -1.42176 -0.0112523 0
0 1529 phononL 0.004 -1.90358 2.04816 0.0175113 0
0 1530 phononL 0.004 -1.65501 1.26924 -0.0144445 0
0 1531 phononL 0.004 -0.0211742 0.919188 -0.0259469 0
0 1532 phononL 0.004 0.494327 -2.37972 0.0128083 0
0 1533 phononL 0.004 -2.35799 1.70846 -0.0184019 0
0 1534 phononL 0.004 -0.721993 -2.1158 0.00520398 0
0 1535 phononL 0.004 -0.048755 0.411289 0.018989 0
0 1536 phononL 0.004 -0.711078 0.729683 0.0311421 0
0 1537 phononL 0.004 -0.232198 1.52275 -0.0152134 0
0 1538 phononL 0.004 -0.907696 -1.99102 0.0342848 0
0 1539 phononL 0.004 0.495809 0.13987 0.0360315 0
0 1540 phononL 0.004 0.471241 -0.735808 0.0190771 0
0 1541 phononL 0.004 -1.86699 2.32964 0.0299534 0
0 1542 phononL 0.004 0.034268 0.628531 0.00132274 0
0 1543 phononL 0.004 -0.524693 2.70763 0.0135822 0
0 1544 phononL 0.004 -2.29461 -2.85535 -0.0366498 0
0 1545 phononL 0.004 1.62908 2.04877 0.0171766 0
0 1546 phononL 0.004 0.312129 0.983939 0.00709426 0
0 1547 phononL 0.004 1.92127 -2.07143 0.017596 0
0 1548 phononL 0.004 1.70248 -2.65738 0.0278336 0
0 1549 phononL 0.004 2.7762 0.456315 -0.00938374 0
0 1550 phononL 0.004 2.61256 -1.69415 -0.0219823 0
0 1551 phononL 0.004 0.951816 -1.91237 0.0292111 0
0 1552 phononL 0.004 2.48877 1.61571 -0.0363804 0
0 1553 phononL 0.004 -0.674672 1.8727 -0.0101969 0
0 1554 phononL 0.004 -2.73127 2.31544 -0.0142148 0
0 1555 phononL 0.004 -2.13364 0.0995896 -0.0365079 0
0 1556 phononL 0.004 -2.62389 1.51307 0.00559417 0
0 1557 phononL 0.004 -2.42019 1.30086 0.0254758 0
0 1558 phononL 0.004 -1.31745 -0.499875 -0.038844 0
0 1559 phononL 0.004 -0.0540625 2.87872 -0.0152735 0
0 1560 phononL 0.004 2.03984 -0.514629 0.039615 0
0 1561 phononL 0.004 -0.79234 -2.27559 -0.0141226 0
0 1562 phononL 0.004 2.10253 -0.65038 -0.0287305 0
0 1563 phononL 0.004 1.60711 0.913513 0.0191743 0
0 1564 phononL 0.004 -1.91733 -1.29347 0.0184929 0
0 1565 phononL 0.004 -0.0987395 -0.151084 0.00320005 0
0 1566 phononL 0.004 -0.11302 -1.25772 -0.0207341 0
0 1567 phononL 0.004 1.64839 -0.0348017 0.0180965 0
0 1568 phononL 0.004 0.248499 1.07613 -0.0102644 0
0 1569 phononL 0.004 -1.173 1.10028 -0.0355356 0
0 1570 phononL 0.004 -2.69117 -0.819179 -0.0395619 0
0 1571 phononL 0.004 0.6768 0.0682477 -0.0129981 0
0 1572 phononL 0.004 0.163788 0.998575 -0.00806364 0
0 1573 phononL 0.004 -1.49666 -1.24534 -0.0236568 0
0 1574 phononL 0.004 2.56089 1.79654 0.0321257 0
0 1575 phononL 0.004 2.56599 -2.65008 -0.0118386 0
0 1576 phononL 0.004 2.76181 -2.36212 -0.0163043 0
0 1577 phononL 0.004 0.472167 0.147369 -0.0147706 0
0 1578 phononL 0.004 1.34151 -0.270804 -0.00468221 0
0 1579 phononL 0.004 2.54923 2.67337 -0.0233217 0
0 1580 phononL 0.004 2.83242 -1.65176 0.0240249 0
0 1581 phononL 0.004 -1.6205 0.268618 -0.0318694 0
0 1582 phononL 0.004 0.0831008 -0.400763 -0.0196952 0
0 1583 phononL 0.004 2.48044 -0.549769 0.0109956 0
0 1584 phononL 0.004 -2.66173 1.93899 -0.0373492 0
0 1585 phononL 0.004 2.07407 0.782292 -0.0195589 0
0 1586 phononL 0.004 -1.84549 -2.2374 -0.000904386 0
0 1587 phononL 0.004 2.43059 1.26904 0.0243677 0
0 1588 phononL 0.004 2.64476 -1.00039 -0.00193062 0
0 1589 phononL 0.004 -2.02153 0.157726 0.00431904 0
0 1590 phononL 0.004 -1.35778 -2.06522 0.0390921 0
0 1591 phononL 0.004 1.79844 0.11664 0.0122163 0
0 1592 phononL 0.004 -0.277921 0.272382 -0.0133921 0
0 1593 phononL 0.004 -0.465744 -2.04428 0.014716 0
0 1594 phononL 0.004 0.256166 -2.20317 0.010682 0
0 1595 phononL 0.004 0.235395 0.347799 0.0393605 0
0 1596 phononL 0.004 -0.0588513 0.57175 0.0016395 0
0 1597 phononL 0.004 0.190613 -1.26996 -0.0336591 0
0 1598 phononL 0.004 2.06688 -0.833053 -0.0344025 0
0 1599 phononL 0.004 0.237043 2.11349 0.0299583 0
0 1600 phononL 0.004 -1.24982 -0.260753 -0.0398986 0
0 1601 phononL 0.004 -1.45747 -2.86399 0.03813 0
0 1602 phononL 0.004 1.21607 1.48899 0.0182905 0
0 1603 phononL 0.004 -2.10652 -1.29691 0.011169 0
0 1604 phononL 0.004 0.73133 2.8185 0.0175535 0
0 1605 phononL 0.004 -1.02837 1.39241 0.0161453 0
0 1606 phononL 0.004 2.75784 1.84871 0.00652659 0
0 1607 phononL 0.004 -1.77062 2.68638 0.0272531 0
0 1608 phononL 0.004 0.411583 -1.10451 -0.0160394 0
0 1609 phononL 0.004 -2.5851 1.12359 -0.0374259 0
0 1610 phononL 0.004 -0.807083 2.74841 -0.00206945 0
0 1611 phononL 0.004 -0.737417 -1.81452 -0.00258085 0
0 1612 phononL 0.004 0.110861 -0.762186 -0.0167282 0
0 1613 phononL 0.004 -1.41351 1.36789 -0.0289135 0
0 1614 phononL 0.004 -1.70944 -1.00755 -0.0215494 0
0 1615 phononL 0.004 -0.659821 -1.72544 -0.0204617 0
0 1616 phononL 0.004 1.18617 2.17484 -0.0204422 0
0 1617 phononL 0.004 0.300409 -2.82539 -0.00392377 0
0 1618 phononL 0.004 -1.93922 -1.88963 -0.0126352 0
0 1619 phononL 0.004 -0.361025 0.822015 -0.0365209 0
0 1620 phononL 0.004 2.49754 -1.447 0.0278961 0
0 1621 phononL 0.004 0.055868 -2.67306 0.027851 0
0 1622 phononL 0.004 2.68676 -1.24907 -0.0212434 0
0 1623 phononL 0.004 -0.808586 0.790031 -0.0319855 0
0 1624 phononL 0.004 -0.103363 -1.80415 -0.00364335 0
0 1625 phononL 0.004 -2.85336 1.22661 -0.0187383 0
0 1626 phononL 0.004 -0.0430372 -0.707001 0.00346004 0
0 1627 phononL 0.004 0.944737 0.384811 0.0237087 0
0 1628 phononL 0.004 -1.97729 -1.58662 0.000486669 0
0 1629 phononL 0.004 0.842106 -1.96992 0.024863 0
0 1630 phononL 0.004 -0.261801 0.0642049 0.0159888 0
0 1631 phononL 0.004 -1.67072 2.65407 0.0202093 0
0 1632 phononL 0.004 -0.0207609 0.653011 -0.0237785 0
0 1633 phononL 0.004 0.0247852 2.58912 -0.0101523 0
0 1634 phononL 0.004 2.43792 -2.45924 0.0125494 0
0 1635 phononL 0.004 1.10975 0.193774 0.0359149 0
0 1636 phononL 0.004 -1.28232 -2.1755 -0.0241234 0
0 1637 phononL 0.004 1.77208 -2.83512 0.0225758 0
0 1638 phononL 0.004 -2.2152 -2.29748 0.0393862 0
0 1639 phononL 0.004 -2.32334 -2.13037 0.0101316 0
0 1640 phononL 0.004 -0.170589 -2.49145 -0.0235033 0
0 1641 phononL 0.004 1.25711 -0.287202 0.0279701 0
0 1642 phononL 0.004 1.62596 0.991765 -0.00324207 0
0 1643 phononL 0.004 2.86568 -0.00513635 -0.0169714 0
0 1644 phononL 0.004 0.560573 -2.75968 0.0201351 0
0 1645 phononL 0.004 2.69972 -1.91907 -0.0194025 0
0 1646 phononL 0.004 2.83573 -2.85401 -0.0127465 0
0 1647 phononL 0.004 2.42295 -2.76929 0.0108979 0
0 1648 phononL 0.004 -2.71433 -0.427087 0.0203235 0
0 1649 phononL 0.004 2.43367 -1.56943 0.0347096 0
0 1650 phononL 0.004 -2.52856 -1.68246 -0.0192474 0
0 1651 phononL 0.004 2.71056 -1.29118 0.0342451 0
0 1652 phononL 0.004 -2.30484 2.41879 0.0338013 0
0 1653 phononL 0.004 -2.15347 -0.14553 0.039176 0
0 1654 phononL 0.004 -1.23274 0.557103 0.00682579 0
0 1655 phononL 0.004 0.11843 0.482101 0.00279728 0
0 1656 phononL 0.004 -0.213815 2.11552 0.00178913 0
0 1657 phononL 0.004 0.0658101 2.08787 0.0255219 0
0 1658 phononL 0.004 -1.5126 -0.610704 0.00732387 0
0 1659 phononL 0.004 2.53202 -2.28095 -0.022305 0
0 1660 phononL 0.004 2.11741 -1.42425 0.039696 0
0 1661 phononL 0.004 0.117118 -2.29575 0.0137438 0
0 1662 phononL 0.004 -0.167725 -2.00192 -0.00683281 0
0 1663 phononL 0.004 1.95678 1.93988 0.000581902 0
0 1664 phononL 0.004 -1.79188 -1.42199 -0.0248268 0
0 1665 phononL 0.004 2.54007 0.372967 -0.0263248 0
0 1666 phononL 0.004 1.16666 0.754616 0.0201756 0
0 1667 phononL 0.004 2.10956 -0.282794 0.00505005 0
0 1668 phononL 0.004 2.44188 -0.355065 -0.0209789 0
0 1669 phononL 0.004 -2.82907 -0.996908 0.022392 0
0 1670 phononL 0.004 -2.39259 0.236298 0.0262295 0
0 1671 phononL 0.004 0.778128 1.01284 -0.037055 0
0 1672 phononL 0.004 2.85913 -1.37172 0.0105089 0
0 1673 phononL 0.004 -1.19614 -2.29858 -0.0266219 0
0 1674 phononL 0.004 -1.21436 -0.192473 -0.0278008 0
0 1675 phononL 0.004 0.403424 -2.42388 -0.0256052 0
0 1676 phononL 0.004 -2.48704 1.30038 0.0204573 0
0 1677 phononL 0.004 0.850287 0.907398 -0.0305301 0
0 1678 phononL 0.004 -0.90842 1.69106 -0.0391235 0
0 1679 phononL 0.004 -1.31872 1.94312 0.0144238 0
0 1680 phononL 0.004 0.503533 -2.77963 0.000630777 0
0 1681 phononL 0.004 -1.7614 1.01595 0.0239943 0
0 1682 phononL 0.004 0.0797871 -0.677769 0.0330894 0
0 1683 phononL 0.004 -2.67364 -2.73412 -0.0159728 0
0 1684 phononL 0.004 1.86078 -1.64995 0.0109855 0
0 1685 phononL 0.004 -2.07792 0.300562 -0.0182245 0
0 1686 phononL 0.004 0.409681 2.84687 -0.021269 0
0 1687 phononL 0.004 2.64389 1.52459 0.0281107 0
0 1688 phononL 0.004 -0.294961 -0.902519 -0.0385952 0
0 1689 phononL 0.004 2.30082 -2.81746 0.0315433 0
0 1690 phononL 0.004 1.00755 0.391914 -0.0266957 0
0 1691 phononL 0.004 -2.87174 -0.242431 -0.00652347 0
0 1692 phononL 0.004 -1.24059 -0.191067 0.0235214 0
0 1693 phononL 0.004 2.25543 -2.56578 -0.0208335 0
0 1694 phononL 0.004 0.747988 -0.715214 0.00196285 0
0 1695 phononL 0.004 -0.564828 0.743849 0.00370052 0
0 1696 phononL 0.004 -1.78757 -2.35146 0.00935121 0
0 1697 phononL 0.004 -0.0101122 -1.92386 0.020332 0
0 1698 phononL 0.004 -1.92195 1.22494 -0.00314645 0
0 1699 phononL 0.004 2.72557 -0.741073 -0.0165317 0
0 1700 phononL 0.004 -0.868921 -0.00849705 -0.0270517 0
0 1701 phononL 0.004 0.952315 -1.36905 -0.0219726 0
0 1702 phononL 0.004 -0.609007 -0.316265 0.024538 0
0 1703 phononL 0.004 1.58795 -2.34073 -0.0273101 0
0 1704 phononL 0.004 -1.288 -1.72135 0.0186666 0
0 1705 phononL 0.004 1.36413 2.27054 0.0213943 0
0 1706 phononL 0.004 -1.98037 1.71334 0.00333034 0
0 1707 phononL 0.004 0.48869 2.20714 0.014063 0
0 1708 phononL 0.004 1.78294 -1.57447 -0.0255533 0
0 1709 phononL 0.004 -1.76621 1.6699 -0.0371936 0
0 1710 phononL 0.004 0.220948 -1.7626 -0.0381364 0
0 1711 phononL 0.004 -0.561647 -0.862759 -0.0129841 0
0 1712 phononL 0.004 -0.523716 -1.66851 -0.0246051 0
0 1713 phononL 0.004 1.03622 -2.09399 0.0121456 0
0 1714 phononL 0.004 -2.33958 -0.941956 0.0367856 0
0 1715 phononL 0.004 2.381 2.1351 0.0304531 0
0 1716 phononL 0.004 2.30588 -1.1931 0.0206829 0
0 1717 phononL 0.004 -1.38614 -2.07666 0.0135748 0
0 1718 phononL 0.004 1.21954 2.02113 0.00298116 0
0 1719 phononL 0.004 -0.481896 -2.54815 0.00803634 0
0 1720 phononL 0.004 -1.46231 0.0167921 -0.0215863 0
0 1721 phononL 0.004 -2.15112 2.84797 0.01081 0
0 1722 phononL 0.004 -0.0233762 2.68443 0.0143623 0
0 1723 phononL 0.004 0.807138 -1.55663 -0.0197264 0
0 1724 phononL 0.004 -1.5663 -0.207683 0.0189089 0
0 1725 phononL 0.004 -0.949021 1.02572 -0.00221458 0
0 1726 phononL 0.004 -0.694647 -2.76488 -0.0357791 0
0 1727 phononL 0.004 -1.19145 -1.57913 0.0220009 0
0 1728 phononL 0.004 -2.30701 2.39334 0.000120217 0
0 1729 phononL 0.004 -1.14124 -0.92787 0.00577604 0
0 1730 phononL 0.004 -0.233963 -1.91684 -0.000631347 0
0 1731 phononL 0.004 -0.576353 -1.11629 0.0374674 0
0 1732 phononL 0.004 -2.45639 0.189071 -0.038538 0
0 1733 phononL 0.004 1.78441 0.0353955 0.0363069 0
0 1734 phononL 0.004 -2.48262 -1.94302 0.0200233 0
0 1735 phononL 0.004 1.37587 0.731109 0.00539614 0
0 1736 phononL 0.004 1.4299 2.87089 -0.0271774 0
0 1737 phononL 0.004 1.47442 2.85109 -0.0398696 0
0 1738 phononL 0.004 2.43742 -1.72513 0.03598 0
0 1739 phononL 0.004 1.42266 -0.481406 -0.0107456 0
0 1740 phononL 0.004 -1.40961 -1.99587 -0.00755826 0
0 1741 phononL 0.004 2.00834 -2.14596 -0.00965059 0
0 1742 phononL 0.004 2.72163 -2.62903 -0.0231018 0
0 1743 phononL 0.004 -1.6828 -0.183549 -0.034346 0
0 1744 phononL 0.004 -1.11194 -2.30231 0.0214404 0
0 1745 phononL 0.004 1.7341 -1.8332 -0.0304053 0
0 1746 phononL 0.004 2.05556 1.06827 0.0204708 0
0 1747 phononL 0.004 -0.726393 -2.52405 0.0282904 0
0 1748 phononL 0.004 2.46548 -0.472129 -0.0349276 0
0 1749 phononL 0.004 -1.31578 -0.122916 -0.00583868 0
0 1750 phononL 0.004 0.627366 -0.563959 0.0313713 0
0 1751 phononL 0.004 -1.80987 0.822449 -0.0023555 0
0 1752 phononL 0.004 -0.471248 -1.73009 0.035549 0
0 1753 phononL 0.004 -0.538308 -1.40166 0.039473 0
0 1754 phononL 0.004 2.06894 0.693303 -0.0222224 0
0 1755 phononL 0.004 1.4678 1.74597 -0.00790655 0
0 1756 phononL 0.004 -2.13911 0.368241 -0.0228789 0
0 1757 phononL 0.004 -0.450305 -2.24525 -0.00546564 0
0 1758 phononL 0.004 1.83363 2.73567 -0.0266529 0
0 1759 phononL 0.004 -0.226373 0.183318 -0.0219141 0
0 1760 phononL 0.004 -0.892443 -1.39088 0.0218292 0
0 1761 phononL 0.004 -1.73065 -0.650863 0.00281031 0
0 1762 phononL 0.004 -0.662271 -2.87242 0.0178557 0
0 1763 phononL 0.004 -1.14153 2.67862 0.0294789 0
0 1764 phononL 0.004 -1.37774 -2.33235 -0.034048 0
0 1765 phononL 0.004 -2.43161 0.47376 0.0150038 0
0 1766 phononL 0.004 1.24984 0.320378 -0.0170864 0
0 1767 phononL 0.004 0.0182647 -2.31459 -0.0328251 0
0 1768 phononL 0.004 -0.198295 1.88202 0.0238658 0
0 1769 phononL 0.004 0.780715 1.56425 -0.0161447 0
0 1770 phononL 0.004 -1.33345 1.34776 -0.0249046 0
0 1771 phononL 0.004 -0.348148 1.38259 -0.0285848 0
0 1772 phononL 0.004 -0.277307 -2.44216 0.00172385 0
0 1773 phononL 0.004 -0.245769 0.305953 0.0145958 0
0 1774 phononL 0.004 -2.30116 1.55011 -0.0152239 0
0 1775 phononL 0.004 -1.86504 -0.146284 0.00788593 0
0 1776 phononL 0.004 -0.219054 -0.0930013 -0.0385671 0
0 1777 phononL 0.004 -0.880191 -2.85162 0.0201189 0
0 1778 phononL 0.004 1.3683 1.84575 -0.0301955 0
0 1779 phononL 0.004 0.0821268 0.847467 -0.0221233 0
0 1780 phononL 0.004 2.23762 -0.553608 -0.036492 0
0 1781 phononL 0.004 -2.62321 0.785634 -0.0223879 0
0 1782 phononL 0.004 2.11239 1.53673 0.00283144 0
0 1783 phononL 0.004 -1.66643 -0.44897 -0.0296771 0
0 1784 phononL 0.004 0.948696 1.72275 -0.0291025 0
0 1785 phononL 0.004 1.97009 1.66264 -0.00424303 0
0 1786 phononL 0.004 1.28738 -2.63924 0.00416681 0
0 1787 phononL 0.004 2.56372 1.9137 -0.036143 0
0 1788 phononL 0.004 -1.42774 0.0953161 -0.0393385 0
0 1789 phononL 0.004 2.84594 1.57855 0.0356351 0
0 1790 phononL 0.004 -0.703287 1.25121 -0.0325531 0
0 1791 phononL 0.004 0.153848 -0.253096 0.0230289 0
0 1792 phononL 0.004 -1.16687 1.12129 0.0397188 0
0 1793 phononL 0.004 0.473245 2.10007 -0.0152029 0
0 1794 phononL 0.004 1.80984 -0.128247 0.0206073 0
0 1795 phononL 0.004 2.82532 -0.160495 -0.0164636 0
0 1796 phononL 0.004 1.84154 2.04771 -0.0105973 0
0 1797 phononL 0.004 1.90013 -2.76656 -0.0382975 0
0 1798 phononL 0.004 0.431401 2.63257 0.0371899 0
0 1799 phononL 0.004 -0.346732 2.76994 -0.0143149 0
0 1800 phononL 0.004 -2.43122 -2.40094 -0.0174137 0
0 1801 phononL 0.004 1.99953 1.84807 -0.0212219 0
0 1802 phononL 0.004 0.0234897 0.235464 -0.00829706 0
0 1803 phononL 0.004 -1.21353 1.60868 -0.0278307 0
0 1804 phononL 0.004 1.5766 -1.2848 -0.00136606 0
0 1805 phononL 0.004 0.326861 0.635446 -0.0121084 0
0 1806 phononL 0.004 -1.69168 1.50032 -0.0281909 0
0 1807 phononL 0.004 -1.99498 -2.29309 0.0150124 0
0 1808 phononL 0.004 1.68078 -0.409684 0.000348006 0
0 1809 phononL 0.004 1.76854 2.44456 0.0147938 0
0 1810 phononL 0.004 0.957489 0.394119 -0.00196912 0
0 1811 phononL 0.004 -0.264086 -1.41705 -0.00331455 0
0 1812 phononL 0.004 -0.852212 2.29209 0.0211107 0
0 1813 phononL 0.004 0.00543557 0.679312 0.0325807 0
0 1814 phononL 0.004 -0.901013 -0.299332 -0.000746257 0
0 1815 phononL 0.004 2.50594 0.258097 -0.0133167 0
0 1816 phononL 0.004 -0.702106 -2.64171 -0.000167659 0
0 1817 phononL 0.004 0.400724 -2.17539 -0.019232 0
0 1818 phononL 0.004 0.567988 -1.83813 0.00267017 0
0 1819 phononL 0.004 -2.82342 1.04848 -0.0365692 0
0 1820 phononL 0.004 -1.45249 1.18631 -0.033175 0
0 1821 phononL 0.004 1.26571 -0.392503 -0.0331779 0
0 1822 phononL 0.004 -1.74581 0.482086 0.00142354 0
0 1823 phononL 0.004 2.07911 1.58622 0.0106947 0
0 1824 phononL 0.004 -0.0326268 1.7498 0.0211216 0
0 1825 phononL 0.004 -2.43074 -2.66702 0.0316424 0
0 1826 phononL 0.004 -2.58178 -1.79608 -0.0310347 0
0 1827 phononL 0.004 2.66546 0.684196 -0.0369674 0
0 1828 phononL 0.004 1.63039 -0.110959 -0.039298 0
0 1829 phononL 0.004 1.51167 -2.55665 0.0176621 0
0 1830 phononL 0.004 -0.778438 2.10648 -0.0353255 0
0 1831 phononL 0.004 -0.934149 -0.553814 -0.033187 0
0 1832 phononL 0.004 0.553482 0.3979 -0.021541 0
0 1833 phononL 0.004 -0.303985 0.462019 0.000499725 0
0 1834 phononL 0.004 1.1054 1.77156 -0.0195306 0
0 1835 phononL 0.004 0.430702 -2.03231 0.0141425 0
0 1836 phononL 0.004 0.464469 -0.622866 0.0157822 0
0 1837 phononL 0.004 1.02196 -1.96545 -0.00819922 0
0 1838 phononL 0.004 -0.78078 -2.50295 -0.0296646 0
0 1839 phononL 0.004 1.41334 -1.221 -0.0192443 0
0 1840 phononL 0.004 -0.710562 -1.57412 -0.0298833 0
0 1841 phononL 0.004 1.49752 -2.27001 0.0369007 0
0 1842 phononL 0.004 -0.964863 -0.0212376 0.0285005 0
0 1843 phononL 0.004 2.24504 2.63273 0.00819336 0
0 1844 phononL 0.004 1.99257 -1.38973 0.0127874 0
0 1845 phononL 0.004 0.616566 -0.457709 0.0254692 0
0 1846 phononL 0.004 -2.13828 -2.82835 0.0119866 0
0 1847 phononL 0.004 -2.14417 -2.53808 0.0133333 0
0 1848 phononL 0.004 -0.762407 -2.25538 0.022953 0
0 1849 phononL 0.004 -0.575173 -2.13465 -0.0212748 0
0 1850 phononL 0.004 0.54377 -1.16529 0.0273713 0
0 1851 phononL 0.004 -0.159271 1.00527 0.0237444 0
0 1852 phononL 0.004 -2.77808 -2.14075 -0.0303032 0
0 1853 phononL 0.004 2.01458 -1.67034 -0.00136639 0
0 1854 phononL 0.004 0.0798719 -1.80298 0.00657149 0
0 1855 phononL 0.004 1.36685 -1.73477 0.0169994 0
0 1856 phononL 0.004 -2.48921 -2.15139 0.00377909 0
0 1857 phononL 0.004 -0.487078 -2.19387 -0.0111238 0
0 1858 phononL 0.004 2.80195 -0.884759 -0.0120982 0
0 1859 phononL 0.004 1.62187 0.915521 0.00144999 0
0 1860 phononL 0.004 1.4918 1.78366 0.0353004 0
0 1861 phononL 0.004 -2.25613 0.634005 0.0146601 0
0 1862 phononL 0.004 -1.23348 -1.3976 -0.00985714 0
0 1863 phononL 0.004 -0.454508 -0.44999 0.0292036 0
0 1864 phononL 0.004 -2.43096 -0.216429 0.0260457 0
0 1865 phononL 0.004 0.889947 0.426769 0.0319279 0
0 1866 phononL 0.004 2.00975 -1.22076 -0.00780804 0
0 1867 phononL 0.004 -0.60213 -2.46765 0.0384348 0
0 1868 phononL 0.004 -1.04854 -1.04451 -0.0340679 0
0 1869 phononL 0.004 1.49198 1.39711 0.0266482 0
0 1870 phononL 0.004 -1.82903 -0.342092 0.0260294 0
0 1871 phononL 0.004 -2.15564 -1.34929 -0.0331371 0
0 1872 phononL 0.004 1.74453 -0.307937 -0.0365582 0
0 1873 phononL 0.004 1.92172 1.54445 -0.0259756 0
0 1874 phononL 0.004 -0.674717 1.0419 0.0135533 0
0 1875 phononL 0.004 2.21067 -1.61037 -0.00596476 0
0 1876 phononL 0.004 -0.997073 -0.127693 0.00059739 0
0 1877 phononL 0.004 1.68623 2.53437 -0.0184149 0
0 1878 phononL 0.004 -1.61766 -2.83946 0.0363514 0
0 1879 phononL 0.004 1.12417 -1.85084 0.0238633 0
0 1880 phononL 0.004 1.2389 -2.00123 -0.00922306 0
0 1881 phononL 0.004 -0.219686 -2.47787 0.0273809 0
0 1882 phononL 0.004 0.77346 -1.38436 -0.0153341 0
0 1883 phononL 0.004 2.13175 -2.51812 0.0078213 0
0 1884 phononL 0.004 1.35955 -1.87698 -0.0140281 0
0 1885 phononL 0.004 -0.269675 -0.441955 -0.0348323 0
0 1886 phononL 0.004 0.0845558 -0.382734 0.0278231 0
0 1887 phononL 0.004 -1.77859 2.5434 -0.00130263 0
0 1888 phononL 0.004 1.58696 -1.90179 0.00259136 0
0 1889 phononL 0.004 -0.804046 -2.09106 0.0165749 0
0 1890 phononL 0.004 2.84891 0.44221 -0.0173251 0
0 1891 phononL 0.004 0.435828 -0.972093 0.00766403 0
0 1892 phononL 0.004 1.82333 2.78782 0.0306035 0
0 1893 phononL 0.004 2.37846 0.826566 -0.0330026 0
0 1894 phononL 0.004 0.612956 0.0295812 0.0290591 0
0 1895 phononL 0.004 -2.01813 -2.21771 0.0382557 0
0 1896 phononL 0.004 -2.06717 2.22479 0.0240959 0
0 1897 phononL 0.004 1.20064 -0.942366 0.0209207 0
0 1898 phononL 0.004 2.2553 -0.0473385 -0.0305568 0
0 1899 phononL 0.004 -0.751639 -0.576261 0.021018 0
0 1900 phononL 0.004 -2.27966 2.36855 0.017357 0
0 1901 phononL 0.004 2.70761 -1.54158 0.012338 0
0 1902 phononL 0.004 -1.13215 -2.0254 0.0371343 0
0 1903 phononL 0.004 2.67659 0.627544 0.021579 0
0 1904 phononL 0.004 0.46097 1.14271 0.0332859 0
0 1905 phononL 0.004 -1.89101 0.256478 0.0156615 0
0 1906 phononL 0.004 -1.15705 0.527749 0.00931832 0
0 1907 phononL 0.004 -1.87479 0.635301 0.0179555 0
0 1908 phononL 0.004 0.943845 -2.38108 0.0160835 0
0 1909 phononL 0.004 1.74621 -0.759845 -0.0288311 0
0 1910 phononL 0.004 2.60419 -0.433505 -0.0323232 0
0 1911 phononL 0.004 2.08008 2.09537 0.020303 0
0 1912 phononL 0.004 -1.38927 -0.297569 0.0148408 0
0 1913 phononL 0.004 -0.595016 2.59398 0.00481932 0
0 1914 phononL 0.004 -1.17164 -2.37744 0.0269893 0
0 1915 phononL 0.004 -0.606869 0.709434 -0.0174237 0
0 1916 phononL 0.004 -0.031484 1.01893 0.0163351 0
0 1917 phononL 0.004 -1.82979 0.896257 0.0361517 0
0 1918 phononL 0.004 1.48465 0.283816 0.0219231 0
0 1919 phononL 0.004 -2.11052 -0.399983 -0.0247146 0
0 1920 phononL 0.004 -0.479692 0.899558 0.0144451 0
0 1921 phononL 0.004 1.62676 -1.01286 -0.0220951 0
0 1922 phononL 0.004 -0.911585 1.58771 0.00401795 0
0 1923 phononL 0.004 0.238684 -1.92002 -0.024899 0
0 1924 phononL 0.004 -2.23559 0.424015 -0.0386456 0
0 1925 phononL 0.004 0.588403 0.624097 0.0336711 0
0 1926 phononL 0.004 2.5933 0.0552578 -0.0285508 0
0 1927 phononL 0.004 -1.2406 2.18488 -0.0139274 0
0 1928 phononL 0.004 -2.8811 -0.643703 0.0123737 0
0 1929 phononL 0.004 -2.31582 0.84409 -0.032715 0
0 1930 phononL 0.004 -2.59082 -1.02362 -0.00688751 0
0 1931 phononL 0.004 -1.89168 -2.52229 0.0063679 0
0 1932 phononL 0.004 2.77048 -0.715563 0.0176744 0
0 1933 phononL 0.004 -1.00068 2.20183 -0.00703139 0
0 1934 phononL 0.004 -0.269791 2.73903 0.0104201 0
0 1935 phononL 0.004 1.25769 -1.87819 -0.0153926 0
0 1936 phononL 0.004 -2.05527 -2.4011 -0.0282721 0
0 1937 phononL 0.004 2.07661 -1.75341 -0.00083592 0
0 1938 phononL 0.004 -0.606156 -2.36486 0.0365547 0
0 1939 phononL 0.004 -0.151405 2.05663 -0.0100042 0
0 1940 phononL 0.004 -0.260191 -1.23088 -0.0199587 0
0 1941 phononL 0.004 -1.79058 2.09008 0.0329993 0
0 1942 phononL 0.004 0.96668 -2.56476 -0.00918082 0
0 1943 phononL 0.004 1.21188 1.18885 -0.0332126 0
0 1944 phononL 0.004 0.979749 0.463304 0.0078547 0
0 1945 phononL 0.004 1.85654 -0.0950015 0.0216776 0
0 1946 phononL 0.004 -0.20352 2.42287 -0.0391154 0
0 1947 phononL 0.004 -2.82331 -2.28371 -0.0174735 0
0 1948 phononL 0.004 2.82091 0.847835 -0.00645239 0
0 1949 phononL 0.004 0.370033 -0.00618885 0.0116324 0
0 1950 phononL 0.004 2.75357 -2.83049 0.0178709 0
0 1951 phononL 0.004 -1.96971 2.81885 -0.014168 0
0 1952 phononL 0.004 -1.59497 2.21514 -0.0395201 0
0 1953 phononL 0.004 -2.67341 2.09517 0.022905 0
0 1954 phononL 0.004 -2.71223 0.615796 0.0357432 0
0 1955 phononL 0.004 -2.66788 -1.48229 -0.00757446 0
0 1956 phononL 0.004 2.71668 2.04352 0.0342817 0
0 1957 phononL 0.004 -1.92923 1.07206 -0.0212987 0
0 1958 phononL 0.004 0.411022 -0.810755 0.0324164 0
0 1959 phononL 0.004 -2.56118 -0.826534 0.00126867 0
0 1960 phononL 0.004 1.96905 -0.998448 -0.020768 0
0 1961 phononL 0.004 2.0033 -0.0467293 0.00814498 0
0 1962 phononL 0.004 0.561696 1.51993 0.0064756 0
0 1963 phononL 0.004 2.77999 0.83079 -0.0161616 0
0 1964 phononL 0.004 -0.428127 2.62566 -0.00743873 0
0 1965 phononL 0.004 -2.4322 -1.45299 -0.0376883 0
0 1966 phononL 0.004 -1.80261 1.22307 -0.0279345 0
0 1967 phononL 0.004 -1.82132 0.405132 0.0137551 0
0 1968 phononL 0.004 0.106773 -2.78009 -0.023507 0
0 1969 phononL 0.004 2.59862 -0.447973 0.0250854 0
0 1970 phononL 0.004 2.37279 -1.12113 0.00355167 0
0 1971 phononL 0.004 0.846367 0.39195 -0.0357835 0
0 1972 phononL 0.004 -0.701139 -1.35303 0.00148544 0
0 1973 phononL 0.004 -1.61755 -1.87243 -0.0113419 0
0 1974 phononL 0.004 0.800914 -0.315473 0.0114266 0
0 1975 phononL 0.004 -0.112806 2.81239 0.0106902 0
0 1976 phononL 0.004 1.08583 -1.97661 -0.0111686 0
0 1977 phononL 0.004 1.84844 -2.73279 -0.018272 0
0 1978 phononL 0.004 -1.75017 2.14582 0.0263122 0
0 1979 phononL 0.004 -1.63364 2.30661 0.0123241 0
0 1980 phononL 0.004 -0.554132 2.08886 0.0312966 0
0 1981 phononL 0.004 0.896823 -1.24873 0.0172778 0
0 1982 phononL 0.004 1.81145 -1.12291 -0.00963342 0
0 1983 phononL 0.004 0.823931 -0.37199 0.00574801 0
0 1984 phononL 0.004 -0.925564 1.41549 0.0153363 0
0 1985 phononL 0.004 -2.30758 0.131138 0.0138338 0
0 1986 phononL 0.004 1.44986 -0.896012 0.0118322 0
0 1987 phononL 0.004 -2.14828 -1.63721 -0.00838907 0
0 1988 phononL 0.004 2.5582 -0.534409 0.0138083 0
0 1989 phononL 0.004 -0.824635 2.06972 -0.0266335 0
0 1990 phononL 0.004 -2.34943 -0.372163 0.0266041 0
0 1991 phononL 0.004 -1.27642 1.73935 0.0294918 0
0 1992 phononL 0.004 2.66999 -0.900288 0.00281469 0
0 1993 phononL 0.004 0.658007 -0.591665 0.0353404 0
0 1994 phononL 0.004 1.10722 -1.80793 -0.0111032 0
0 1995 phononL 0.004 0.79835 -2.30586 0.0150214 0
0 1996 phononL 0.004 -1.98025 2.79302 -0.00320315 0
0 1997 phononL 0.004 2.35006 -1.24739 0.029865 0
0 1998 phononL 0.004 2.22389 1.40689 0.00124328 0
0 1999 phononL 0.004 0.700781 -2.66028 -0.00367818 0
0 2000 phononL 0.004 1.19582 1.33206 -0.0229855 0
0 2001 phononL 0.004 0.0532088 -1.25795 0.00620232 0
0 2002 phononL 0.004 0.467334 2.5363 0.00489676 0
0 2003 phononL 0.004 2.62035 -0.198552 -0.00479359 0
0 2004 phononL 0.004 0.278575 -2.21368 -0.00838819 0
0 2005 phononL 0.004 1.49147 -1.42141 0.0327134 0
0 2006 phononL 0.004 2.4786 -0.0385737 0.016306 0
0 2007 phononL 0.004 -1.13778 -2.58914 0.0241037 0
0 2008 phononL 0.004 -0.594398 1.34019 0.0200192 0
0 2009 phononL 0.004 -2.65137 -1.06374 0.00840973 0
0 2010 phononL 0.004 2.64922 2.50191 0.0275253 0
0 2011 phononL 0.004 2.07086 1.28136 -0.0313377 0
0 2012 phononL 0.004 1.75674 0.38223 -0.0357662 0
0 2013 phononL 0.004 2.15289 1.86377 -0.0358721 0
0 2014 phononL 0.004 -1.01634 -0.832032 -0.0262569 0
0 2015 phononL 0.004 -1.44877 -1.38039 -0.0193306 0
0 2016 phononL 0.004 2.82958 1.9168 -0.0197305 0
0 2017 phononL 0.004 1.61449 0.51999 -0.0103739 0
0 2018 phononL 0.004 -2.08272 1.93957 -0.0116525 0
0 2019 phononL 0.004 -1.34033 -0.466509 0.0193688 0
0 2020 phononL 0.004 1.76313 1.21421 -0.0185032 0
0 2021 phononL 0.004 -1.42898 -1.44141 -0.0077328 0
0 2022 phononL 0.004 -1.22032 -0.79942 -0.0199675 0
0 2023 phononL 0.004 -2.47833 0.495768 -0.0333508 0
0 2024 phononL 0.004 1.01421 1.23921 0.0322955 0
0 2025 phononL 0.004 -1.45292 2.80594 0.0340974 0
0 2026 phononL 0.004 -0.589375 2.53466 -0.0015501 0
0 2027 phononL 0.004 -2.09793 2.46042 0.00720227 0
0 2028 phononL 0.004 -2.03594 0.336613 0.0217887 0
0 2029 phononL 0.004 -1.36078 -1.58579 0.0353682 0
0 2030 phononL 0.004 -1.57067 -2.72158 -0.00543421 0
0 2031 phononL 0.004 -2.58113 -0.738356 -0.0334812 0
0 2032 phononL 0.004 2.67398 1.17136 0.00491883 0
0 2033 phononL 0.004 2.08907 -0.234423 0.00223254 0
0 2034 phononL 0.004 0.00440136 -0.659745 0.0119409 0
0 2035 phononL 0.004 2.66406 -1.27787 0.00895024 0
0 2036 phononL 0.004 -1.34138 0.074474 -0.0194801 0
0 2037 phononL 0.004 -0.573287 -0.943925 -0.000140305 0
0 2038 phononL 0.004 0.0661006 1.91264 0.0345951 0
0 2039 phononL 0.004 -1.01855 -0.849248 0.0134556 0
0 2040 phononL 0.004 0.778089 0.69277 0.0153074 0
0 2041 phononL 0.004 2.46221 -2.24119 0.00697815 0
0 2042 phononL 0.004 -0.586813 0.712793 -0.0269268 0
0 2043 phononL 0.004 -1.16467 2.22128 0.0325403 0
0 2044 phononL 0.004 -2.51481 -1.06697 0.0131273 0
0 2045 phononL 0.004 -0.958029 2.02068 -0.0397299 0
0 2046 phononL 0.004 2.84717 -1.43719 -0.0132683 0
0 2047 phononL 0.004 1.31304 1.43906 -0.00246795 0
0 2048 phononL 0.004 0.21173 1.54805 -0.0243897 0
0 2049 phononL 0.004 -0.692718 -0.812858 -0.0303177 0
0 2050 phononL 0.004 2.07273 -2.21799 -0.00466822 0
0 2051 phononL 0.004 2.8661 -1.08928 -0.028703 0
0 2052 phononL 0.004 -1.43034 -0.334864 -0.000656205 0
0 2053 phononL 0.004 2.16505 2.40016 0.0271996 0
0 2054 phononL 0.004 -0.0909085 -0.997159 0.0294128 0
0 2055 phononL 0.004 -1.379 -0.963743 -0.0393271 0
0 2056 phononL 0.004 2.78031 -1.20474 0.03727 0
0 2057 phononL 0.004 1.08581 0.663316 -0.0103403 0
0 2058 phononL 0.004 -0.445632 1.26001 0.00368663 0
0 2059 phononL 0.004 1.40084 1.21455 0.0281492 0
0 2060 phononL 0.004 -1.30052 1.48648 0.0372391 0
0 2061 phononL 0.004 2.57341 -1.03364 0.033777 0
0 2062 phononL 0.004 2.17093 -2.31557 0.0180291 0
0 2063 phononL 0.004 -1.87807 -2.51015 0.00490099 0
0 2064 phononL 0.004 0.52953 -2.06751 0.0217605 0
0 2065 phononL 0.004 -2.17804 2.23592 -0.0241953 0
0 2066 phononL 0.004 -1.55084 2.84685 0.0354845 0
0 2067 phononL 0.004 1.5824 -0.112771 -0.0188818 0
0 2068 phononL 0.004 -0.474223 1.14764 0.00292326 0
0 2069 phononL 0.004 1.12642 1.31234 -0.0199729 0
0 2070 phononL 0.004 0.983163 -0.0198003 0.00386242 0
0 2071 phononL 0.004 0.325162 0.572793 -0.0155761 0
0 2072 phononL 0.004 1.68835 -1.9222 0.00701982 0
0 2073 phononL 0.004 -0.531392 -0.694861 0.0112772 0
0 2074 phononL 0.004 1.15105 -1.71965 -0.03286 0
0 2075 phononL 0.004 -2.43527 1.60277 -0.0105084 0
0 2076 phononL 0.004 2.63445 -1.36426 -0.0161765 0
0 2077 phononL 0.004 0.238632 2.72722 -0.0136723 0
0 2078 phononL 0.004 -0.430155 -1.86717 -0.000889352 0
0 2079 phononL 0.004 1.68529 0.897464 -0.00985276 0
0 2080 phononL 0.004 -0.341517 2.24404 0.0386202 0
0 2081 phononL 0.004 1.03932 -0.231862 -0.0318825 0
0 2082 phononL 0.004 0.0135227 1.37226 -0.0176918 0
0 2083 phononL 0.004 -1.84762 -1.11056 0.0107061 0
0 2084 phononL 0.004 -1.03285 -0.42773 0.0357936 0
0 2085 phononL 0.004 2.00137 1.00794 0.0207529 0
0 2086 phononL 0.004 -2.87192 0.296019 -0.0297508 0
0 2087 phononL 0.004 1.08194 0.641805 0.0261703 0
0 2088 phononL 0.004 -1.01013 -0.925323 0.0288375 0
0 2089 phononL 0.004 -2.55246 -2.77199 -0.0316737 0
0 2090 phononL 0.004 -2.31624 1.86004 0.00682692 0
0 2091 phononL 0.004 -2.74641 1.33991 0.0241315 0
0 2092 phononL 0.004 -0.0706836 -1.49577 0.0389522 0
0 2093 phononL 0.004 -1.7893 -2.75165 0.00106785 0
0 2094 phononL 0.004 2.80892 2.51248 0.00716556 0
0 2095 phononL 0.004 -0.933679 0.0688906 -0.0177909 0
0 2096 phononL 0.004 1.63069 1.68712 0.0237236 0
0 2097 phononL 0.004 -2.11227 2.74131 -0.00637304 0
0 2098 phononL 0.004 1.45252 -1.67554 -0.0280236 0
0 2099 phononL 0.004 1.62119 0.839885 0.0330347 0
0 2100 phononL 0.004 -1.50323 -0.642388 0.0137258 0
0 2101 phononL 0.004 -1.11091 -0.45821 0.0376437 0
0 2102 phononL 0.004 0.0284134 2.14057 0.0227403 0
0 2103 phononL 0.004 -1.6516 -2.795 0.00959379 0
0 2104 phononL 0.004 1.65346 -2.33374 -0.026019 0
0 2105 phononL 0.004 0.309298 0.472463 -0.0150595 0
0 2106 phononL 0.004 2.06203 -2.07612 0.0138316 0
0 2107 phononL 0.004 -2.79617 -2.08554 0.0181073 0
0 2108 phononL 0.004 0.519585 1.54556 -0.0171833 0
0 2109 phononL 0.004 -2.18146 1.91956 0.0304683 0
0 2110 phononL 0.004 -0.243037 -1.05603 -0.0314833 0
0 2111 phononL 0.004 -1.43929 -0.457707 -0.00871856 0
0 2112 phononL 0.004 2.06967 -0.608792 -0.00795897 0
0 2113 phononL 0.004 0.0163024 2.4843 -0.0248593 0
0 2114 phononL 0.004 -2.62527 -2.77483 0.0362729 0
0 2115 phononL 0.004 2.38927 0.170139 -0.013923 0
0 2116 phononL 0.004 1.47719 -2.39246 0.0382883 0
0 2117 phononL 0.004 -0.725453 -2.07278 -0.0379499 0
0 2118 phononL 0.004 1.97215 -2.78893 0.0188833 0
0 2119 phononL 0.004 1.78574 0.950431 -0.0303193 0
0 2120 phononL 0.004 -1.3285 0.237968 0.0261365 0
0 2121 phononL 0.004 2.3893 -0.255761 -0.0317832 0
0 2122 phononL 0.004 1.99134 -1.9011 -0.0110518 0
0 2123 phononL 0.004 -0.955439 0.955918 -0.0235453 0
0 2124 phononL 0.004 -2.07524 -1.18295 -0.00245311 0
0 2125 phononL 0.004 2.70272 -0.361051 0.0160678 0
0 2126 phononL 0.004 1.06609 -0.631654 0.00583049 0
0 2127 phononL 0.004 -2.01741 0.333084 -0.0257861 0
0 2128 phononL 0.004 0.154228 1.75506 0.0181628 0
0 2129 phononL 0.004 -0.0477279 -0.16517 -0.0212697 0
0 2130 phononL 0.004 -1.1033 -0.0510272 -0.0203172 0
0 2131 phononL 0.004 -0.433117 -2.80331 -0.0125416 0
0 2132 phononL 0.004 -2.77025 -2.66883 -0.00925086 0
0 2133 phononL 0.004 1.96121 0.458285 2.55867e-05 0
0 2134 phononL 0.004 1.75001 2.68461 0.00626325 0
0 2135 phononL 0.004 -1.42316 -0.768083 0.0288868 0
0 2136 phononL 0.004 -0.229012 0.658621 0.0245166 0
0 2137 phononL 0.004 0.0349799 0.149023 -0.00958767 0
0 2138 phononL 0.004 -2.25931 0.549161 0.00958221 0
0 2139 phononL 0.004 2.19994 1.01163 -0.0245413 0
0 2140 phononL 0.004 0.0323621 1.28907 0.0211835 0
0 2141 phononL 0.004 -2.74571 -1.05115 0.0126167 0
0 2142 phononL 0.004 -1.70395 2.21954 0.0298425 0
0 2143 phononL 0.004 1.68284 -1.1892 -0.0205131 0
0 2144 phononL 0.004 -2.33792 0.922383 -0.0249729 0
0 2145 phononL 0.004 -1.77718 -1.23298 -0.00905498 0
0 2146 phononL 0.004 1.73266 1.24641 0.0177013 0
0 2147 phononL 0.004 0.224963 -1.82899 -0.013162 0
0 2148 phononL 0.004 2.05633 0.263886 0.0136226 0
0 2149 phononL 0.004 2.03389 -0.516322 0.0318803 0
0 2150 phononL 0.004 -0.210583 0.571108 0.0370849 0
0 2151 phononL 0.004 2.84229 1.58823 0.0287104 0
0 2152 phononL 0.004 -1.31902 1.87174 -0.0191726 0
0 2153 phononL 0.004 -1.71896 -1.60167 -0.00360981 0
0 2154 phononL 0.004 -1.49601 -1.98332 -0.0252319 0
0 2155 phononL 0.004 2.55511 -1.04717 0.00424558 0
0 2156 phononL 0.004 -0.712492 -2.1777 0.0350819 0
0 2157 phononL 0.004 1.3302 1.66827 0.000828174 0
0 2158 phononL 0.004 1.09564 -1.61514 -0.0118625 0
0 2159 phononL 0.004 -2.81438 0.223592 0.0234471 0
0 2160 phononL 0.004 0.453349 1.52781 0.00880706 0
0 2161 phononL 0.004 -0.750047 -2.77461 0.0269462 0
0 2162 phononL 0.004 1.59114 0.576645 0.0393569 0
0 2163 phononL 0.004 -2.30164 0.222859 0.0328814 0
0 2164 phononL 0.004 -2.60708 2.7112 0.00124676 0
0 2165 phononL 0.004 -1.31592 -2.22415 -0.000945961 0
0 2166 phononL 0.004 -1.00745 2.84463 0.0326415 0
0 2167 phononL 0.004 -2.72344 -0.492616 0.00474069 0
0 2168 phononL 0.004 0.0569366 -2.56651 0.00200366 0
0 2169 phononL 0.004 -2.60527 0.292734 0.0194108 0
0 2170 phononL 0.004 1.7495 -2.80588 0.0214556 0
0 2171 phononL 0.004 -2.17018 -0.54528 0.025712 0
0 2172 phononL 0.004 0.554109 -1.32198 0.0288089 0
0 2173 phononL 0.004 -2.86469 1.71222 0.0354369 0
0 2174 phononL 0.004 -2.64118 -0.122664 -0.0184872 0
0 2175 phononL 0.004 0.785064 2.66391 0.0315019 0
0 2176 phononL 0.004 -0.259313 1.50436 0.0261038 0
0 2177 phononL 0.004 -2.8364 -0.446374 -0.0195062 0
0 2178 phononL 0.004 -0.125869 -0.577526 0.0195105 0
0 2179 phononL 0.004 -2.85502 -2.4698 -0.00283174 0
0 2180 phononL 0.004 -0.646565 2.38349 0.0371 0
0 2181 phononL 0.004 0.216746 0.128482 0.00751104 0
0 2182 phononL 0.004 0.60772 -0.500578 -0.00439998 0
0 2183 phononL 0.004 1.7341 2.61996 -0.0377758 0
0 2184 phononL 0.004 0.256065 1.20225 0.0204927 0
0 2185 phononL 0.004 -2.23873 -1.32777 0.03719 0
0 2186 phononL 0.004 0.871817 1.86562 -0.0397168 0
0 2187 phononL 0.004 0.962373 2.18643 -0.0387495 0
0 2188 phononL 0.004 0.0254171 -2.86412 0.0185584 0
0 2189 phononL 0.004 -1.01244 -0.347464 0.0325882 0
0 2190 phononL 0.004 2.14043 2.66287 0.0248901 0
0 2191 phononL 0.004 2.05073 2.50776 -0.025941 0
0 2192 phononL 0.004 0.899136 1.2173 0.0237315 0
0 2193 phononL 0.004 1.7316 0.655197 -0.0374673 0
0 2194 phononL 0.004 -2.68926 -2.70374 0.00648414 0
0 2195 phononL 0.004 -1.60871 2.10335 0.0389095 0
0 2196 phononL 0.004 0.176834 0.0222671 0.0102995 0
0 2197 phononL 0.004 -0.411813 -0.899307 0.034286 0
0 2198 phononL 0.004 1.97073 -1.78842 -0.0141355 0
0 2199 phononL 0.004 0.607994 2.12435 -0.03256 0
0 2200 phononL 0.004 1.34133 2.68458 -0.00755689 0
0 2201 phononL 0.004 -1.61179 -1.66408 -0.0311317 0
0 2202 phononL 0.004 0.144376 1.7901 -0.0263457 0
0 2203 phononL 0.004 1.30268 -0.810182 0.0338879 0
0 2204 phononL 0.004 0.960643 -0.526129 -0.0156602 0
0 2205 phononL 0.004 0.377259 2.32125 0.0200261 0
0 2206 phononL 0.004 -0.247511 -2.12136 0.023383 0
0 2207 phononL 0.004 0.771763 -2.80702 -0.012287 0
0 2208 phononL 0.004 1.35566 -2.16786 -0.00161063 0
0 2209 phononL 0.004 2.16194 1.45166 -0.0266018 0
0 2210 phononL 0.004 1.14597 -1.90292 0.0264628 0
0 2211 phononL 0.004 2.35772 -2.24616 -0.0263935 0
0 2212 phononL 0.004 -1.18548 0.837087 -0.0386755 0
0 2213 phononL 0.004 1.52827 -2.52783 0.020219 0
0 2214 phononL 0.004 -1.27465 0.895449 0.0394668 0
0 2215 phononL 0.004 -0.24534 1.59852 -0.0333733 0
0 2216 phononL 0.004 1.12062 -1.01614 0.0194113 0
0 2217 phononL 0.004 -0.740204 0.581165 0.0142299 0
0 2218 phononL 0.004 -2.41539 -0.298972 0.00408194 0
0 2219 phononL 0.004 -0.0560944 1.63535 0.0196155 0
0 2220 phononL 0.004 -2.05895 1.44772 0.00262934 0
0 2221 phononL 0.004 0.382277 1.78609 0.0254494 0
0 2222 phononL 0.004 2.01491 -0.56667 -0.00789914 0
0 2223 phononL 0.004 1.00081 1.22738 -0.0179403 0
0 2224 phononL 0.004 0.410069 -2.2255 0.0244139 0
0 2225 phononL 0.004 1.75487 -1.52358 -0.0317114 0
0 2226 phononL 0.004 -1.57065 -0.975236 0.0353759 0
0 2227 phononL 0.004 -2.85098 -2.07425 -0.00547615 0
0 2228 phononL 0.004 0.519887 2.52053 -0.0106964 0
0 2229 phononL 0.004 -1.34367 1.91774 -0.0200437 0
0 2230 phononL 0.004 1.41474 2.74889 0.00147362 0
0 2231 phononL 0.004 -1.69823 -0.602542 -0.0259084 0
0 2232 phononL 0.004 1.13192 -1.40847 0.000547774 0
0 2233 phononL 0.004 2.45928 2.19896 -0.0181015 0
0 2234 phononL 0.004 -1.28507 -1.49547 -0.0349308 0
0 2235 phononL 0.004 0.0702589 1.69092 0.0143063 0
0 2236 phononL 0.004 -2.57365 0.150701 0.0100274 0
0 2237 phononL 0.004 2.6449 -2.63513 -0.0302389 0
0 2238 phononL 0.004 -1.09974 -0.346237 0.0242494 0
0 2239 phononL 0.004 -0.495797 -2.83355 -0.0276435 0
0 2240 phononL 0.004 -1.10924 1.69043 -0.00813184 0
0 2241 phononL 0.004 -2.77207 0.23817 0.00751228 0
0 2242 phononL 0.004 1.05798 -1.30773 0.00804942 0
0 2243 phononL 0.004 -2.58674 2.3357 0.00053091 0
0 2244 phononL 0.004 2.77218 -0.83114 0.0121106 0
0 2245 phononL 0.004 -0.0668585 1.3223 -0.0121354 0
0 2246 phononL 0.004 0.809843 2.27909 -0.0144406 0
0 2247 phononL 0.004 -2.49964 1.08365 0.0139392 0
0 2248 phononL 0.004 1.23622 1.31192 -0.0320837 0
0 2249 phononL 0.004 0.65618 0.258987 0.00374527 0
0 2250 phononL 0.004 1.78689 -2.24863 0.0132625 0
0 2251 phononL 0.004 1.09051 -2.56776 -0.0229467 0
0 2252 phononL 0.004 -1.35714 1.43283 -0.0050097 0
0 2253 phononL 0.004 0.385394 0.866128 0.0396224 0
0 2254 phononL 0.004 1.72582 -0.916722 0.00541226 0
0 2255 phononL 0.004 0.323875 -0.774401 0.0343133 0
0 2256 phononL 0.004 -2.14456 -0.608118 -0.0212835 0
0 2257 phononL 0.004 -2.34237 1.85004 -0.00863062 0
0 2258 phononL 0.004 -2.26424 -0.304679 -0.00599583 0
0 2259 phononL 0.004 -2.78648 2.57504 0.0163921 0
0 2260 phononL 0.004 1.78749 0.0754631 0.0162731 0
0 2261 phononL 0.004 0.275078 0.100961 0.0228847 0
0 2262 phononL 0.004 0.871879 -1.95935 -0.00030974 0
0 2263 phononL 0.004 0.697592 2.0662 -0.0135213 0
0 2264 phononL 0.004 -0.123245 -0.584978 -0.0188144 0
0 2265 phononL 0.004 -2.44576 -1.57935 0.0129622 0
0 2266 phononL 0.004 -0.976337 2.69274 -0.0304973 0
0 2267 phononL 0.004 1.11214 0.74271 0.00676852 0
0 2268 phononL 0.004 0.871549 1.57468 0.0230289 0
0 2269 phononL 0.004 -0.530153 -1.94565 -0.0252955 0
0 2270 phononL 0.004 -0.335676 -1.8587 0.0276127 0
0 2271 phononL 0.004 -0.901382 -0.611424 0.0361153 0
0 2272 phononL 0.004 2.84853 -1.04184 -0.0103241 0
0 2273 phononL 0.004 2.54003 0.448427 -0.0300942 0
0 2274 phononL 0.004 2.14181 -0.927942 0.00337913 0
0 2275 phononL 0.004 2.74699 1.09474 -0.0369258 0
0 2276 phononL 0.004 -0.558505 1.31489 -0.029853 0
0 2277 phononL 0.004 1.58335 2.53833 0.0236053 0
0 2278 phononL 0.004 1.47461 -2.4343 -0.00650447 0
0 2279 phononL 0.004 2.10766 2.7061 -0.0125545 0
0 2280 phononL 0.004 0.237111 1.20784 -0.0240621 0
0 2281 phononL 0.004 2.79516 -2.47812 -0.0372892 0
0 2282 phononL 0.004 1.38899 2.48633 0.00691183 0
0 2283 phononL 0.004 -2.12349 -1.5843 0.0289931 0
0 2284 phononL 0.004 0.0342811 0.607603 0.0105249 0
0 2285 phononL 0.004 0.158356 0.791787 -0.0324366 0
0 2286 phononL 0.004 -1.83597 1.53485 -0.0143814 0
0 2287 phononL 0.004 -0.82798 -2.86932 0.0287986 0
0 2288 phononL 0.004 -2.83681 -1.20612 0.0102712 0
0 2289 phononL 0.004 -0.661512 -1.46829 -0.0296933 0
0 2290 phononL 0.004 -2.45499 0.176815 -0.0388596 0
0 2291 phononL 0.004 0.403358 -1.37724 -0.00705152 0
0 2292 phononL 0.004 -1.18224 -1.94265 0.0355676 0
0 2293 phononL 0.004 -0.51109 0.872398 -0.0175602 0
0 2294 phononL 0.004 2.81867 -2.59455 -0.0247274 0
0 2295 phononL 0.004 1.59864 1.74767 -0.030472 0
0 2296 phononL 0.004 -0.807699 -0.52621 -0.031384 0
0 2297 phononL 0.004 -1.48968 2.48467 -0.0108099 0
0 2298 phononL 0.004 -2.31682 -2.52577 0.0364838 0
0 2299 phononL 0.004 0.466454 2.60053 -0.0261138 0
0 2300 phononL 0.004 -1.04755 -1.21438 0.00433282 0
0 2301 phononL 0.004 -1.54224 1.91214 0.006176 0
0 2302 phononL 0.004 1.39728 0.812978 0.0231232 0
0 2303 phononL 0.004 1.35807 -1.85598 -0.00884092 0
0 2304 phononL 0.004 -2.05805 0.118308 -0.0274689 0
0 2305 phononL 0.004 1.39935 2.09933 -0.0329933 0
0 2306 phononL 0.004 -0.208094 -1.62103 -0.00146058 0
0 2307 phononL 0.004 2.11502 2.1136 0.0340829 0
0 2308 phononL 0.004 -2.05633 2.36642 0.0283242 0
0 2309 phononL 0.004 -0.0340962 -1.5524 -0.0385952 0
0 2310 phononL 0.004 -1.56625 1.91026 0.0232505 0
0 2311 phononL 0.004 -0.999462 0.251161 -0.0193355 0
0 2312 phononL 0.004 -2.08015 1.20384 0.0236559 0
0 2313 phononL 0.004 1.18756 -0.240412 -0.0173777 0
0 2314 phononL 0.004 0.964037 -1.54466 0.00728575 0
0 2315 phononL 0.004 -2.14241 0.560986 0.032955 0
0 2316 phononL 0.004 -1.56922 -1.19326 -0.0298686 0
0 2317 phononL 0.004 -0.405182 2.79184 -0.0287217 0
0 2318 phononL 0.004 1.02646 -2.4817 0.00588575 0
0 2319 phononL 0.004 1.3175 -1.21545 -0.0367041 0
0 2320 phononL 0.004 -1.22746 2.39598 0.0335857 0
0 2321 phononL 0.004 -2.43016 0.0274305 0.0379772 0
0 2322 phononL 0.004 -0.89833 -0.805767 -0.0154731 0
0 2323 phononL 0.004 2.03746 1.8453 0.0337324 0
0 2324 phononL 0.004 2.14765 2.67669 0.00887293 0
0 2325 phononL 0.004 -0.321124 0.94802 0.02927 0
0 2326 phononL 0.004 2.54617 0.760214 0.0373208 0
0 2327 phononL 0.004 0.56605 -0.723565 -0.0362388 0
0 2328 phononL 0.004 1.01881 -2.16498 0.00969907 0
0 2329 phononL 0.004 1.82923 2.84869 -0.0395658 0
0 2330 phononL 0.004 1.26015 -2.50547 -0.0399741 0
0 2331 phononL 0.004 2.22129 0.762829 -0.0349808 0
0 2332 phononL 0.004 -0.684456 2.70787 -0.0208509 0
0 2333 phononL 0.004 -2.50567 1.88308 -0.0209354 0
0 2334 phononL 0.004 -0.339725 -2.44538 0.0223327 0
0 2335 phononL 0.004 2.77207 -1.05557 0.0318884 0
0 2336 phononL 0.004 -1.37153 2.61994 -0.0399232 0
0 2337 phononL 0.004 -2.11126 -2.87832 0.0251648 0
0 2338 phononL 0.004 -0.75059 0.72283 -0.000556292 0
0 2339 phononL 0.004 -0.631785 -0.524367 -0.0353341 0
0 2340 phononL 0.004 -1.75509 -0.117629 0.0127558 0
0 2341 phononL 0.004 0.150236 0.382816 0.00240972 0
0 2342 phononL 0.004 1.96794 -1.05524 0.00218936 0
0 2343 phononL 0.004 -1.86271 -2.51616 0.00790664 0
0 2344 phononL 0.004 2.55902 -0.111002 -0.0294132 0
0 2345 phononL 0.004 -1.49947 -0.136041 0.0239332 0
0 2346 phononL 0.004 0.194516 -1.4352 0.0249698 0
0 2347 phononL 0.004 1.21112 0.792347 -0.0221659 0
0 2348 phononL 0.004 2.67325 -0.209348 -0.013184 0
0 2349 phononL 0.004 -1.53202 2.58392 -0.0278884 0
0 2350 phononL 0.004 1.05812 2.29092 0.00606825 0
0 2351 phononL 0.004 1.67639 2.14993 -0.0329863 0
0 2352 phononL 0.004 -0.123935 -1.67825 0.0271295 0
0 2353 phononL 0.004 0.858596 -0.985577 -0.03656 0
0 2354 phononL 0.004 0.0669482 -1.92276 -0.0128724 0
0 2355 phononL 0.004 -0.792125 0.842203 0.0242653 0
0 2356 phononL 0.004 0.912332 1.45224 -0.0130302 0
0 2357 phononL 0.004 2.39401 2.18914 0.0292247 0
0 2358 phononL 0.004 1.59964 -1.02891 -0.00382853 0
0 2359 phononL 0.004 -0.365394 0.623876 0.00226268 0
0 2360 phononL 0.004 2.33868 1.64402 0.00588036 0
0 2361 phononL 0.004 1.49655 -1.98775 -0.00347823 0
0 2362 phononL 0.004 -0.499821 0.824841 -0.00665195 0
0 2363 phononL 0.004 -1.45321 1.87503 -0.0293903 0
0 2364 phononL 0.004 0.117772 -2.29234 0.0335377 0
0 2365 phononL 0.004 -2.19272 0.127072 0.0383387 0
0 2366 phononL 0.004 2.07276 -1.23134 -0.0309439 0
0 2367 phononL 0.004 -2.30455 -2.3039 -0.00839573 0
0 2368 phononL 0.004 -1.05385 1.61993 -0.0298306 0
0 2369 phononL 0.004 -1.65834 -0.748873 0.00892337 0
0 2370 phononL 0.004 0.96048 1.94981 -0.0282264 0
0 2371 phononL 0.004 -1.96808 -1.70079 -0.0162736 0
0 2372 phononL 0.004 1.11886 2.61574 0.0380895 0
0 2373 phononL 0.004 2.45173 0.736053 0.0246227 0
0 2374 phononL 0.004 -1.02045 -0.00434073 0.0188323 0
0 2375 phononL 0.004 -1.43062 -0.605161 0.0200669 0
0 2376 phononL 0.004 0.906599 2.12309 0.0122716 0
0 2377 phononL 0.004 1.68886 1.89741 -0.016593 0
0 2378 phononL 0.004 -2.07167 2.04514 0.0292488 0
0 2379 phononL 0.004 -2.80857 -1.49367 -0.00505043 0
0 2380 phononL 0.004 1.10963 0.0628744 -0.0287088 0
0 2381 phononL 0.004 0.431679 2.28437 0.0091946 0
0 2382 phononL 0.004 1.3555 0.505317 -0.00875031 0
0 2383 phononL 0.004 2.79365 -0.217623 0.0281357 0
0 2384 phononL 0.004 -0.626063 1.8295 -0.0250928 0
0 2385 phononL 0.004 -2.85665 0.629276 -0.0141302 0
0 2386 phononL 0.004 0.674501 -1.90842 -0.0280202 0
0 2387 phononL 0.004 -1.55764 1.95446 0.0245216 0
0 2388 phononL 0.004 2.51521 0.0939582 0.00615774 0
0 2389 phononL 0.004 1.95197 -1.94824 0.024165 0
0 2390 phononL 0.004 1.36435 2.03872 -0.00886026 0
0 2391 phononL 0.004 -0.696299 -2.00097 -0.0315202 0
0 2392 phononL 0.004 -0.0132602 2.79073 -0.0174993 0
0 2393 phononL 0.004 2.63058 2.38693 -0.0278821 0
0 2394 phononL 0.004 -2.72865 -2.80422 0.0342364 0
0 2395 phononL 0.004 -1.8709 -2.64744 -0.0243808 0
0 2396 phononL 0.004 -0.967955 0.665206 -0.0208168 0
0 2397 phononL 0.004 0.39873 -1.83541 0.0310842 0
0 2398 phononL 0.004 1.60973 2.70342 0.009557 0
0 2399 phononL 0.004 2.10596 2.57655 0.0166196 0
0 2400 phononL 0.004 -0.891036 1.03304 0.0190628 0
0 2401 phononL 0.004 -0.811329 2.37573 0.00365421 0
0 2402 phononL 0.004 0.614899 0.477404 -0.0132666 0
0 2403 phononL 0.004 1.576 2.66583 0.029629 0
0 2404 phononL 0.004 1.07573 -0.612209 -0.0230825 0
0 2405 phononL 0.004 0.498839 0.971559 -0.012535 0
0 2406 phononL 0.004 1.12267 1.27015 -0.015222 0
0 2407 phononL 0.004 -1.03589 -0.805982 0.0192131 0
0 2408 phononL 0.004 -1.04114 0.347933 -0.0142995 0
0 2409 phononL 0.004 0.538873 -1.91173 0.026862 0
0 2410 phononL 0.004 1.41825 -2.1011 0.00280222 0
0 2411 phononL 0.004 -1.50152 0.542049 0.0352708 0
0 2412 phononL 0.004 2.47545 0.47262 -0.0100777 0
0 2413 phononL 0.004 -0.187478 2.67572 0.0269981 0
0 2414 phononL 0.004 0.2334 -1.33379 0.0047887 0
0 2415 phononL 0.004 -0.753671 0.260747 -0.0390624 0
0 2416 phononL 0.004 -1.88311 1.54082 0.0222837 0
0 2417 phononL 0.004 1.42326 -1.0614 0.0149987 0
0 2418 phononL 0.004 -2.61526 -1.86211 0.00807243 0
0 2419 phononL 0.004 0.291835 2.79239 0.03368 0
0 2420 phononL 0.004 2.43434 1.5704 -0.0352087 0
0 2421 phononL 0.004 1.02107 -1.90064 -0.0342097 0
0 2422 phononL 0.004 -0.090295 2.73121 0.00851783 0
0 2423 phononL 0.004 -1.51123 -1.1937 -0.0141672 0
0 2424 phononL 0.004 -1.07764 -0.807393 -0.0393519 0
0 2425 phononL 0.004 0.144781 -0.650296 0.0353537 0
0 2426 phononL 0.004 -2.66266 1.82247 0.0351143 0
0 2427 phononL 0.004 2.79762 0.207672 -0.037162 0
0 2428 phononL 0.004 -2.12642 1.43166 -0.0399074 0
0 2429 phononL 0.004 -1.50582 -1.62899 0.0249778 0
0 2430 phononL 0.004 2.62775 -0.521077 -0.034028 0
0 2431 phononL 0.004 -1.73547 -2.45128 -0.0135623 0
0 2432 phononL 0.004 0.33637 -2.62673 -0.0257372 0
0 2433 phononL 0.004 0.724122 -1.67202 -0.0146495 0
0 2434 phononL 0.004 -1.64551 -1.53425 -0.00233179 0
0 2435 phononL 0.004 -2.83414 1.80025 0.0366785 0
0 2436 phononL 0.004 -0.987344 -2.2831 0.0215204 0
0 2437 phononL 0.004 0.0227314 -0.542909 -0.00135963 0
0 2438 phononL 0.004 -2.1977 -0.452613 0.0242928 0
0 2439 phononL 0.004 -2.07215 -1.97175 -0.0221187 0
0 2440 phononL 0.004 2.70766 2.3052 0.0103983 0
0 2441 phononL 0.004 -1.11048 -0.145454 -0.00569481 0
0 2442 phononL 0.004 -0.307873 1.40263 0.0271576 0
0 2443 phononL 0.004 -1.72859 -2.4869 -0.00381034 0
0 2444 phononL 0.004 0.960324 1.11379 0.00195665 0
0 2445 phononL 0.004 -1.82636 -2.78618 0.0364214 0
0 2446 phononL 0.004 1.59005 1.72274 -0.034534 0
0 2447 phononL 0.004 0.857985 2.79243 -0.0347851 0
0 2448 phononL 0.004 2.24592 1.90242 -0.00254946 0
0 2449 phononL 0.004 -2.81847 -1.123 0.0339823 0
0 2450 phononL 0.004 0.29795 0.916153 0.0173616 0
0 2451 phononL 0.004 2.77859 2.13595 0.007016 0
0 2452 phononL 0.004 -2.63428 -2.17066 0.0211271 0
0 2453 phononL 0.004 0.754864 0.398869 -0.0180791 0
0 2454 phononL 0.004 2.0146 0.452366 -0.00024517 0
0 2455 phononL 0.004 2.23978 1.60097 -0.0145799 0
0 2456 phononL 0.004 -0.310257 0.614398 0.0229369 0
0 2457 phononL 0.004 -2.38078 2.11286 -0.0176921 0
0 2458 phononL 0.004 2.52697 -1.91582 0.0316337 0
0 2459 phononL 0.004 0.259448 -2.28289 0.0195296 0
0 2460 phononL 0.004 -0.402836 -2.69788 -0.0181073 0
0 2461 phononL 0.004 -0.116551 -1.46054 -0.0191145 0
0 2462 phononL 0.004 -2.04494 0.0779665 0.00564349 0
0 2463 phononL 0.004 2.40133 -0.621261 0.0312412 0
0 2464 phononL 0.004 1.92245 2.22841 0.00515231 0
0 2465 phononL 0.004 -2.73724 -1.16089 0.0141 0
0 2466 phononL 0.004 -0.0261312 -2.34147 0.0134742 0
0 2467 phononL 0.004 2.1449 1.02312 -0.0132756 0
0 2468 phononL 0.004 0.621486 -2.35594 -0.0343176 0
0 2469 phononL 0.004 -0.735622 2.04765 0.0235618 0
0 2470 phononL 0.004 2.50847 -0.678972 -0.00940159 0
0 2471 phononL 0.004 -2.75673 -0.385959 0.0301696 0
0 2472 phononL 0.004 1.38149 1.57407 -0.0115148 0
0 2473 phononL 0.004 1.07887 -0.344147 0.0152495 0
0 2474 phononL 0.004 2.02162 2.79878 -0.0222828 0
0 2475 phononL 0.004 1.34652 -1.37261 -0.0186678 0
0 2476 phononL 0.004 -2.19086 0.287421 -0.0283762 0
0 2477 phononL 0.004 2.1351 -1.12042 -0.0275399 0
0 2478 phononL 0.004 0.673596 -2.24852 -0.0136337 0
0 2479 phononL 0.004 -0.945115 0.316215 -0.0356762 0
0 2480 phononL 0.004 1.9049 -0.53045 -0.0377168 0
0 2481 phononL 0.004 1.68502 -2.08919 0.0129079 0
0 2482 phononL 0.004 -1.27709 -0.255688 0.0212079 0
0 2483 phononL 0.004 -1.99885 0.204644 -0.0179566 0
0 2484 phononL 0.004 1.25399 -0.186947 0.0152416 0
0 2485 phononL 0.004 -1.07688 -2.76011 0.0372245 0
0 2486 phononL 0.004 -1.25865 1.18868 -0.0187073 0
0 2487 phononL 0.004 -1.847 -0.962506 -0.018509 0
0 2488 phononL 0.004 -1.4391 0.85747 -0.0185473 0
0 2489 phononL 0.004 -2.40904 1.89982 -0.0146406 0
0 2490 phononL 0.004 -2.73171 -1.80162 0.0015761 0
0 2491 phononL 0.004 1.13448 -2.7486 -0.0108405 0
0 2492 phononL 0.004 -0.814674 -0.418745 -0.0165087 0
0 2493 phononL 0.004 -0.369294 -2.85771 0.0334964 0
0 2494 phononL 0.004 -0.987991 -0.141323 -0.00227223 0
0 2495 phononL 0.004 -1.61303 0.408966 -0.0104809 0
0 2496 phononL 0.004 1.0706 0.116359 0.0353225 0
0 2497 phononL 0.004 -0.105685 0.662814 -0.0268778 0
0 2498 phononL 0.004 -2.81286 -0.563415 0.0250205 0
0 2499 phononL 0.004 2.66261 0.967036 0.00952771 0
0 2500 phononL 0.004 1.89144 -1.16961 0.0158302 0
0 2501 phononL 0.004 0.91495 -0.580941 -0.0198845 0
0 2502 phononL 0.004 -0.851558 0.901837 0.000256619 0
0 2503 phononL 0.004 0.516067 0.613433 0.0111793 0
0 2504 phononL 0.004 -1.21115 1.75702 0.00295539 0
0 2505 phononL 0.004 1.26929 -2.13554 -0.0221946 0
0 2506 phononL 0.004 -0.547728 -0.00645697 -0.00458436 0
0 2507 phononL 0.004 0.0784579 1.53659 -0.027049 0
0 2508 phononL 0.004 2.16321 -1.17585 0.00248986 0
0 2509 phononL 0.004 1.46154 1.99054 -0.0121799 0
0 2510 phononL 0.004 -1.55547 1.72822 -0.0106728 0
0 2511 phononL 0.004 2.54668 2.76035 -0.00985619 0
0 2512 phononL 0.004 -2.21416 -0.188418 0.00554084 0
0 2513 phononL 0.004 -1.23519 0.733359 -0.00126432 0
0 2514 phononL 0.004 -2.51531 -2.41862 0.0339751 0
0 2515 phononL 0.004 0.642588 1.88984 0.0194347 0
0 2516 phononL 0.004 2.7594 2.39182 -0.0317752 0
0 2517 phononL 0.004 0.715951 1.41765 -0.0156151 0
0 2518 phononL 0.004 2.17496 1.22983 -0.0171597 0
0 2519 phononL 0.004 2.61879 -1.94477 0.0109577 0
0 2520 phononL 0.004 -1.56171 1.85334 0.0365482 0
0 2521 phononL 0.004 -1.03336 0.744151 -0.00200509 0
0 2522 phononL 0.004 1.99302 2.82561 0.0190827 0
0 2523 phononL 0.004 -2.2062 -1.83289 -0.00797102 0
0 2524 phononL 0.004 2.07735 1.6091 -0.00698739 0
0 2525 phononL 0.004 1.437 0.297852 -0.0200083 0
0 2526 phononL 0.004 -1.19285 1.13938 0.0348737 0
0 2527 phononL 0.004 0.00241215 -1.06944 0.0147839 0
0 2528 phononL 0.004 2.7967 1.42726 -0.0310929 0
0 2529 phononL 0.004 -2.1271 1.61311 -0.0248822 0
0 2530 phononL 0.004 -2.37223 1.89791 -0.0182914 0
0 2531 phononL 0.004 -2.50222 1.17688 0.00327912 0
0 2532 phononL 0.004 -0.821689 0.104379 0.0217208 0
0 2533 phononL 0.004 2.43494 2.00412 0.0113182 0
0 2534 phononL 0.004 0.491454 -0.598637 -0.027454 0
0 2535 phononL 0.004 1.88292 -2.3654 -0.016009 0
0 2536 phononL 0.004 -2.12866 -1.35401 -0.00817683 0
0 2537 phononL 0.004 1.8834 1.93723 -0.0314858 0
0 2538 phononL 0.004 -1.19293 0.747188 0.0117897 0
0 2539 phononL 0.004 -2.60687 1.16136 0.025176 0
0 2540 phononL 0.004 2.4173 -2.20332 -0.0352031 0
0 2541 phononL 0.004 -1.25531 2.25281 -0.0351744 0
0 2542 phononL 0.004 -0.711385 -2.20631 0.0182681 0
0 2543 phononL 0.004 -1.36682 -0.382707 -0.0194656 0
0 2544 phononL 0.004 0.912226 -2.18849 -0.00759153 0
0 2545 phononL 0.004 2.05472 -1.42654 0.0151455 0
0 2546 phononL 0.004 2.78461 1.98205 0.0233666 0
0 2547 phononL 0.004 0.693312 -1.07225 0.0212123 0
0 2548 phononL 0.004 2.11753 -1.67294 0.00873322 0
0 2549 phononL 0.004 0.581817 1.37157 0.00535771 0
0 2550 phononL 0.004 2.87278 1.08174 0.0250898 0
0 2551 phononL 0.004 -1.04018 1.54754 0.0297234 0
0 2552 phononL 0.004 2.52512 0.508714 -0.0300163 0
0 2553 phononL 0.004 2.18998 0.601891 0.0217573 0
0 2554 phononL 0.004 -0.854674 1.25706 -0.00615803 0
0 2555 phononL 0.004 -2.11999 0.533002 0.00773465 0
0 2556 phononL 0.004 -0.186446 -2.63709 0.00874254 0
0 2557 phononL 0.004 -1.87836 1.83536 0.0184479 0
0 2558 phononL 0.004 2.26601 0.01698 -0.0339719 0
0 2559 phononL 0.004 -1.48826 0.854633 0.0312701 0
0 2560 phononL 0.004 1.1434 1.63122 -0.0398359 0
0 2561 phononL 0.004 -0.298458 -0.655403 -0.0163909 0
0 2562 phononL 0.004 -2.74487 -2.85742 -0.00821952 0
0 2563 phononL 0.004 2.26277 -1.00639 0.0201726 0
0 2564 phononL 0.004 0.298384 -2.62344 0.0206885 0
0 2565 phononL 0.004 0.537769 -0.700332 0.0275118 0
0 2566 phononL 0.004 2.38972 2.84274 -0.0137702 0
0 2567 phononL 0.004 -2.29042 1.46284 -0.0382589 0
0 2568 phononL 0.004 2.34133 1.47501 -0.0248545 0
0 2569 phononL 0.004 1.39554 1.39798 0.00201631 0
0 2570 phononL 0.004 -1.33189 -0.798471 0.0188983 0
0 2571 phononL 0.004 -2.04657 0.394225 -0.0205083 0
0 2572 phononL 0.004 1.07726 1.9353 -0.0261441 0
0 2573 phononL 0.004 2.20794 -2.16082 0.0185519 0
0 2574 phononL 0.004 -0.0693121 1.25465 -0.0378152 0
0 2575 phononL 0.004 1.37366 1.20249 0.0223985 0
0 2576 phononL 0.004 2.857 1.27063 -0.00516822 0
0 2577 phononL 0.004 1.47037 -2.01905 -0.0344411 0
0 2578 phononL 0.004 -2.30092 -0.842874 0.0152314 0
0 2579 phononL 0.004 -0.448868 1.77349 -0.0244029 0
0 2580 phononL 0.004 -1.26713 2.34803 0.00931668 0
0 2581 phononL 0.004 2.62744 2.25072 0.0181861 0
0 2582 phononL 0.004 0.214165 -2.32667 0.0096774 0
0 2583 phononL 0.004 0.400397 -0.195768 0.0172463 0
0 2584 phononL 0.004 2.03674 -0.768861 -0.00990973 0
0 2585 phononL 0.004 1.23741 -2.33368 -0.0204971 0
0 2586 phononL 0.004 -0.0996145 1.19809 0.0133195 0
0 2587 phononL 0.004 2.51366 -2.81581 0.0077087 0
0 2588 phononL 0.004 -1.52451 0.269685 0.0274201 0
0 2589 phononL 0.004 0.364242 -1.36012 0.0257263 0
0 2590 phononL 0.004 2.3613 0.778634 -0.0347271 0
0 2591 phononL 0.004 -1.01474 -0.532986 0.0347556 0
0 2592 phononL 0.004 1.43478 2.38748 0.0346256 0
0 2593 phononL 0.004 2.43497 -2.717 -0.0354493 0
0 2594 phononL 0.004 -2.11978 -1.6076 -0.0255525 0
0 2595 phononL 0.004 -1.95194 1.42552 -0.0267064 0
0 2596 phononL 0.004 -0.772539 0.399869 0.0333736 0
0 2597 phononL 0.004 0.634344 1.14823 -0.0138337 0
0 2598 phononL 0.004 1.9598 0.414522 -0.00833892 0
0 2599 phononL 0.004 -2.38343 1.78751 -0.000563076 0
0 2600 phononL 0.004 0.792061 -1.52193 -0.000933968 0
0 2601 phononL 0.004 -1.55755 1.21828 0.0223308 0
0 2602 phononL 0.004 -0.0226461 2.07167 0.0384385 0
0 2603 phononL 0.004 -0.655966 -1.44855 -0.0347518 0
0 2604 phononL 0.004 2.03812 -0.0383022 0.037652 0
0 2605 phononL 0.004 1.07733 0.413196 0.0144355 0
0 2606 phononL 0.004 2.3354 -1.43471 0.00758995 0
0 2607 phononL 0.004 -1.47669 1.87761 -0.0197204 0
0 2608 phononL 0.004 1.2063 1.3587 0.0215129 0
0 2609 phononL 0.004 -0.534199 1.24343 -0.0245148 0
0 2610 phononL 0.004 -1.45345 0.865102 0.0199654 0
0 2611 phononL 0.004 0.953029 2.84113 0.020862 0
0 2612 phononL 0.004 -0.232481 -0.84894 0.0378679 0
0 2613 phononL 0.004 -1.47025 -2.86423 -0.00253088 0
0 2614 phononL 0.004 1.28849 1.02071 -0.0143316 0
0 2615 phononL 0.004 1.53291 -0.386136 0.021561 0
0 2616 phononL 0.004 -2.77567 2.5181 -0.00485691 0
0 2617 phononL 0.004 2.39121 -2.45598 0.0187032 0
0 2618 phononL 0.004 0.668923 -1.99463 -0.024319 0
0 2619 phononL 0.004 0.246463 2.4517 0.0278157 0
0 2620 phononL 0.004 -2.12717 -1.85347 -0.00228204 0
0 2621 phononL 0.004 -2.77274 0.54851 -0.0265899 0
0 2622 phononL 0.004 1.77359 0.553984 0.0337085 0
0 2623 phononL 0.004 -2.04776 0.264143 -0.010893 0
0 2624 phononL 0.004 -1.88755 -0.13421 0.0397201 0
0 2625 phononL 0.004 -0.747304 1.97716 -0.0339605 0
0 2626 phononL 0.004 -1.55131 1.41106 -0.0164266 0
0 2627 phononL 0.004 0.186797 -2.36531 0.0125063 0
0 2628 phononL 0.004 -2.06403 -2.66194 0.027041 0
0 2629 phononL 0.004 0.869066 -0.974306 0.00322139 0
0 2630 phononL 0.004 -0.837011 2.53488 -0.0274469 0
0 2631 phononL 0.004 1.90746 1.75498 -0.0256245 0
0 2632 phononL 0.004 -0.154791 0.803526 -0.00338289 0
0 2633 phononL 0.004 2.09171 1.95036 0.00822305 0
0 2634 phononL 0.004 0.63951 1.43345 0.0257549 0
0 2635 phononL 0.004 -0.531961 -1.62208 -0.00881264 0
0 2636 phononL 0.004 -1.38612 1.42643 -0.0199119 0
0 2637 phononL 0.004 -1.23056 -2.65921 0.0254437 0
0 2638 phononL 0.004 -0.419697 1.16995 -0.00347622 0
0 2639 phononL 0.004 1.03161 0.416184 -0.0144379 0
0 2640 phononL 0.004 0.0298251 -2.34909 -0.0243271 0
0 2641 phononL 0.004 -2.07222 0.962243 0.00836311 0
0 2642 phononL 0.004 2.83952 -1.27836 -0.00709149 0
0 2643 phononL 0.004 0.0971072 -0.230256 0.0226915 0
0 2644 phononL 0.004 -0.663306 0.95035 0.0185981 0
0 2645 phononL 0.004 1.74049 0.777981 0.0226792 0
0 2646 phononL 0.004 -1.2777 -1.38394 0.0374281 0
0 2647 phononL 0.004 2.05315 -2.27106 -0.0330926 0
0 2648 phononL 0.004 2.56249 -1.2422 0.0389443 0
0 2649 phononL 0.004 2.08653 -1.76374 0.00717805 0
0 2650 phononL 0.004 -0.254472 0.81057 -0.0329619 0
0 2651 phononL 0.004 1.99825 -0.681431 -0.0170544 0
0 2652 phononL 0.004 -1.12814 -1.15268 0.0254011 0
0 2653 phononL 0.004 2.24861 2.38326 0.0177071 0
0 2654 phononL 0.004 1.2086 -0.870309 -0.00679771 0
0 2655 phononL 0.004 0.969854 2.21189 -0.0162081 0
0 2656 phononL 0.004 -2.48004 2.05197 0.00487909 0
0 2657 phononL 0.004 1.2197 -1.38299 -0.0376659 0
0 2658 phononL 0.004 -2.40624 0.218121 -0.0161683 0
0 2659 phononL 0.004 -1.20076 -0.679273 -0.0310993 0
0 2660 phononL 0.004 -0.162281 0.267604 -0.00337259 0
0 2661 phononL 0.004 2.38832 1.25986 -0.0238634 0
0 2662 phononL 0.004 0.518422 1.15026 0.0206355 0
0 2663 phononL 0.004 -2.37568 0.040016 0.0376429 0
0 2664 phononL 0.004 0.732684 -0.711903 0.00330311 0
0 2665 phononL 0.004 -2.42688 2.75783 0.0230355 0
0 2666 phononL 0.004 1.07038 1.29433 0.00857139 0
0 2667 phononL 0.004 1.33627 1.05628 -0.0252025 0
0 2668 phononL 0.004 -0.606396 2.86156 -0.0293142 0
0 2669 phononL 0.004 0.0320439 0.426389 0.0343711 0
0 2670 phononL 0.004 0.784399 1.89576 -0.0126726 0
0 2671 phononL 0.004 -1.6681 -0.0269186 0.0136207 0
0 2672 phononL 0.004 0.328538 -1.69267 -0.00356707 0
0 2673 phononL 0.004 2.3507 -2.34821 0.0109678 0
0 2674 phononL 0.004 2.46476 1.72144 -0.025718 0
0 2675 phononL 0.004 -0.938831 1.4695 -0.00261043 0
0 2676 phononL 0.004 1.67876 2.27202 -0.00448642 0
0 2677 phononL 0.004 2.37943 0.659261 -0.00439926 0
0 2678 phononL 0.004 2.69667 1.83861 0.00118831 0
0 2679 phononL 0.004 0.106502 -2.71444 0.0230924 0
0 2680 phononL 0.004 0.444516 2.38166 0.0173848 0
0 2681 phononL 0.004 1.79547 -1.52178 0.0381048 0
0 2682 phononL 0.004 -2.65405 -0.432117 0.0144136 0
0 2683 phononL 0.004 0.189872 2.60471 0.033129 0
0 2684 phononL 0.004 2.25522 2.10363 0.00533397 0
0 2685 phononL 0.004 2.48829 1.33875 0.0259972 0
0 2686 phononL 0.004 -0.097302 -1.20499 0.0197307 0
0 2687 phononL 0.004 2.55474 -2.19072 0.0269468 0
0 2688 phononL 0.004 0.168109 1.30108 -0.0270053 0
0 2689 phononL 0.004 0.174898 -0.720653 -0.0129415 0
0 2690 phononL 0.004 -0.900474 0.400966 0.0207671 0
0 2691 phononL 0.004 0.684612 -1.9375 0.015147 0
0 2692 phononL 0.004 -1.55011 -0.306622 0.0176538 0
0 2693 phononL 0.004 1.98737 2.35975 0.00504632 0
0 2694 phononL 0.004 -0.174408 -0.378916 -0.0209647 0
0 2695 phononL 0.004 0.0921492 -2.23762 0.033747 0
0 2696 phononL 0.004 0.682017 -1.1065 0.00730168 0
0 2697 phononL 0.004 2.21734 -2.5371 -0.0249578 0
0 2698 phononL 0.004 0.368936 2.79124 -0.0038923 0
0 2699 phononL 0.004 -0.0257142 -2.25983 0.0315765 0
0 2700 phononL 0.004 -1.7485 2.42953 -0.0149848 0
0 2701 phononL 0.004 1.20375 0.825432 -0.0274815 0
0 2702 phononL 0.004 -1.28743 -0.708686 0.00745505 0
0 2703 phononL 0.004 -1.66376 0.608132 -0.00615477 0
0 2704 phononL 0.004 -2.78191 -2.63084 -0.0107494 0
0 2705 phononL 0.004 -2.33727 0.978457 0.0207022 0
0 2706 phononL 0.004 0.358297 -0.933815 -0.0137846 0
0 2707 phononL 0.004 1.2642 -2.43576 0.0275595 0
0 2708 phononL 0.004 -0.291765 -0.222521 0.0208728 0
0 2709 phononL 0.004 2.52646 2.45649 0.0324499 0
0 2710 phononL 0.004 -2.21656 0.5228 0.0230221 0
0 2711 phononL 0.004 -2.66709 0.816107 -0.0163663 0
0 2712 phononL 0.004 -2.19304 0.675615 0.0353098 0
0 2713 phononL 0.004 -1.07197 2.41132 0.0205705 0
0 2714 phononL 0.004 -0.698852 -1.57579 0.00739956 0
0 2715 phononL 0.004 -1.71211 -1.20562 -0.0311142 0
0 2716 phononL 0.004 0.772682 -2.78614 0.00929603 0
0 2717 phononL 0.004 -0.808771 -0.645853 -0.0348703 0
0 2718 phononL 0.004 -0.388389 0.922939 -0.01531 0
0 2719 phononL 0.004 -2.71826 0.966969 0.0215494 0
0 2720 phononL 0.004 1.22571 2.81984 -0.00671774 0
0 2721 phononL 0.004 0.722846 2.28677 -0.0163118 0
0 2722 phononL 0.004 -0.00305086 -1.70351 -0.0343597 0
0 2723 phononL 0.004 -0.923091 -0.905724 0.020392 0
0 2724 phononL 0.004 2.19761 1.59433 -0.0134573 0
0 2725 phononL 0.004 -1.1519 -2.23267 -0.0285572 0
0 2726 phononL 0.004 -1.25762 0.28288 0.0341771 0
0 2727 phononL 0.004 1.86338 1.47218 0.0175635 0
0 2728 phononL 0.004 1.29501 1.87751 -0.018762 0
0 2729 phononL 0.004 1.12601 -1.0434 -0.00950494 0
0 2730 phononL 0.004 1.85648 -0.119652 0.00288804 0
0 2731 phononL 0.004 -0.125034 -1.24061 0.0386466 0
0 2732 phononL 0.004 1.00179 -2.71084 -0.0278137 0
0 2733 phononL 0.004 -0.562326 0.420903 0.0236934 0
0 2734 phononL 0.004 0.118753 2.48049 -0.0346234 0
0 2735 phononL 0.004 -1.87533 -2.11734 0.0380801 0
0 2736 phononL 0.004 -2.87959 -1.35429 -0.0307291 0
0 2737 phononL 0.004 1.1133 1.00516 -0.00610176 0
0 2738 phononL 0.004 1.60792 1.71193 0.00794823 0
0 2739 phononL 0.004 1.30215 -0.961556 0.00758573 0
0 2740 phononL 0.004 0.654287 0.481241 -0.0347251 0
0 2741 phononL 0.004 0.414712 -1.28701 0.00125085 0
0 2742 phononL 0.004 0.762483 1.49658 0.0319169 0
0 2743 phononL 0.004 2.41689 -2.77608 -0.00113116 0
0 2744 phononL 0.004 -1.4146 -2.6243 0.00155639 0
0 2745 phononL 0.004 -0.991479 1.47976 0.0110562 0
0 2746 phononL 0.004 1.05592 -0.803799 -0.00821145 0
0 2747 phononL 0.004 2.12749 -1.99846 -0.00947288 0
0 2748 phononL 0.004 0.670576 -1.33468 0.0289611 0
0 2749 phononL 0.004 -1.99528 -1.36611 -0.00158716 0
0 2750 phononL 0.004 -1.49138 -2.56374 -0.00161896 0
0 2751 phononL 0.004 -2.7331 2.51481 -0.0213807 0
0 2752 phononL 0.004 1.59683 -2.61779 0.0253384 0
0 2753 phononL 0.004 0.434096 1.28697 0.0143105 0
0 2754 phononL 0.004 -1.24877 -1.41108 0.0205549 0
0 2755 phononL 0.004 -1.13867 0.947917 0.0136312 0
0 2756 phononL 0.004 -2.6294 -1.19472 0.0178699 0
0 2757 phononL 0.004 2.52509 1.28219 -0.0188835 0
0 2758 phononL 0.004 -2.23709 -0.466169 -0.0321721 0
0 2759 phononL 0.004 -0.649998 -1.40907 -0.00495255 0
0 2760 phononL 0.004 -1.72746 -2.14789 0.0369783 0
0 2761 phononL 0.004 -1.63592 2.66579 -0.0286265 0
0 2762 phononL 0.004 2.01972 -0.483478 0.0354981 0
0 2763 phononL 0.004 -2.78871 -0.290403 0.0246728 0
0 2764 phononL 0.004 -0.356375 -1.50253 -0.00109001 0
0 2765 phononL 0.004 -0.192103 -1.88014 -0.00389266 0
0 2766 phononL 0.004 -1.76483 0.607044 -0.0213563 0
0 2767 phononL 0.004 -1.04584 2.16305 0.0271473 0
0 2768 phononL 0.004 0.987455 2.88658 -0.0311978 0
0 2769 phononL 0.004 -0.484499 -0.811819 0.00284132 0
0 2770 phononL 0.004 -2.66171 -2.49444 -0.0271867 0
0 2771 phononL 0.004 -2.8182 -1.78988 -0.0141738 0
0 2772 phononL 0.004 2.79466 -0.916334 -0.01164 0
0 2773 phononL 0.004 -1.39984 1.02614 0.0298511 0
0 2774 phononL 0.004 0.191312 -0.780183 -0.00691032 0
0 2775 phononL 0.004 1.87918 -2.7494 -0.0188319 0
0 2776 phononL 0.004 -0.944196 2.77658 0.0063795 0
0 2777 phononL 0.004 -0.849869 -0.0984934 0.00281848 0
0 2778 phononL 0.004 -2.51514 1.8674 0.00650301 0
0 2779 phononL 0.004 -1.28746 2.00996 -0.00603497 0
0 2780 phononL 0.004 2.34295 -2.7031 0.00720903 0
0 2781 phononL 0.004 -2.65954 2.6657 0.0234257 0
0 2782 phononL 0.004 -2.80497 1.47313 -0.0143885 0
0 2783 phononL 0.004 -2.64564 -1.25636 -0.0397816 0
0 2784 phononL 0.004 1.40648 -1.54166 0.0251446 0
0 2785 phononL 0.004 1.46128 1.97933 0.00852184 0
0 2786 phononL 0.004 2.21154 0.544682 -0.0336949 0
0 2787 phononL 0.004 1.782 1.09317 0.0110356 0
0 2788 phononL 0.004 1.12716 2.01878 0.0113995 0
0 2789 phononL 0.004 1.58118 1.82434 -0.0399561 0
0 2790 phononL 0.004 0.166207 2.13104 0.0320136 0
0 2791 phononL 0.004 1.93151 1.18388 -0.0262733 0
0 2792 phononL 0.004 0.286758 0.176652 0.00791201 0
0 2793 phononL 0.004 1.41008 -1.8463 -0.0210617 0
0 2794 phononL 0.004 1.08888 0.975331 -0.0072302 0
0 2795 phononL 0.004 0.915696 2.18869 0.0256771 0
0 2796 phononL 0.004 1.12812 1.51287 -0.0109796 0
0 2797 phononL 0.004 -0.384993 0.736346 0.0333672 0
0 2798 phononL 0.004 -2.53488 -0.756601 -0.0239316 0
0 2799 phononL 0.004 1.82557 0.381712 0.0223688 0
0 2800 phononL 0.004 -1.622 0.545998 -0.00909993 0
0 2801 phononL 0.004 -1.30282 0.900423 0.0294335 0
0 2802 phononL 0.004 -1.9527 2.76386 0.0133423 0
0 2803 phononL 0.004 -1.47538 -0.408305 -0.0232552 0
0 2804 phononL 0.004 2.25668 1.3894 -0.00154552 0
0 2805 phononL 0.004 -2.04359 0.437839 -0.0173548 0
0 2806 phononL 0.004 -0.042063 1.67513 -0.00721345 0
0 2807 phononL 0.004 -1.21781 1.52996 -0.0364305 0
0 2808 phononL 0.004 -2.1593 0.811015 -0.0174063 0
0 2809 phononL 0.004 2.52013 2.8516 -0.0393562 0
0 2810 phononL 0.004 2.08536 -0.423651 -0.0113248 0
0 2811 phononL 0.004 -1.24998 -1.83106 0.0294716 0
0 2812 phononL 0.004 -0.00704976 -1.56199 0.00903604 0
0 2813 phononL 0.004 0.349057 -2.8257 0.0239889 0
0 2814 phononL 0.004 -0.28361 0.116378 0.0397903 0
0 2815 phononL 0.004 1.0511 1.49237 -0.0162503 0
0 2816 phononL 0.004 -1.74256 -2.59106 -0.00795458 0
0 2817 phononL 0.004 1.4279 -1.99758 -0.0261657 0
0 2818 phononL 0.004 2.08487 1.48899 -0.0118246 0
0 2819 phononL 0.004 -0.76523 0.497819 0.00438714 0
0 2820 phononL 0.004 -2.64031 1.70035 0.0374226 0
0 2821 phononL 0.004 2.17627 2.14522 -0.0238022 0
0 2822 phononL 0.004 -1.7324 -0.436827 0.0171821 0
0 2823 phononL 0.004 -0.0424451 -1.88428 0.00157669 0
0 2824 phononL 0.004 0.870267 1.86735 -0.0350047 0
0 2825 phononL 0.004 -2.79767 -0.453222 0.0118724 0
0 2826 phononL 0.004 2.40593 -0.348975 7.46096e-05 0
0 2827 phononL 0.004 -0.974675 0.455262 -0.0306016 0
0 2828 phononL 0.004 1.63918 0.218384 -0.0177518 0
0 2829 phononL 0.004 -2.50383 0.520207 -0.0155911 0
0 2830 phononL 0.004 -0.361516 0.788859 -0.00500956 0
0 2831 phononL 0.004 1.56553 0.0583949 0.0082071 0
0 2832 phononL 0.004 -1.88725 2.34346 0.0258295 0
0 2833 phononL 0.004 -2.83304 2.60324 -0.0336128 0
0 2834 phononL 0.004 -0.280282 0.350885 -0.0277518 0
0 2835 phononL 0.004 -2.33195 -0.275363 0.00321196 0
0 2836 phononL 0.004 2.7794 1.77823 0.00172489 0
0 2837 phononL 0.004 1.23913 0.313851 -0.00434729 0
0 2838 phononL 0.004 0.393952 -1.13781 -0.0233702 0
0 2839 phononL 0.004 -2.23842 1.74781 -0.00821112 0
0 2840 phononL 0.004 1.67656 1.69715 -0.00992663 0
0 2841 phononL 0.004 -2.29253 -0.882314 -0.0163772 0
0 2842 phononL 0.004 2.4824 -0.208528 0.0024884 0
0 2843 phononL 0.004 1.0719 -2.79469 -0.033166 0
0 2844 phononL 0.004 0.530656 -2.4876 -0.0204199 0
0 2845 phononL 0.004 -0.483437 2.17581 -0.0136777 0
0 2846 phononL 0.004 0.480251 1.33869 -0.00295714 0
0 2847 phononL 0.004 0.472375 -2.03204 0.0171272 0
0 2848 phononL 0.004 1.25286 -2.35527 -0.0301629 0
0 2849 phononL 0.004 -1.76159 -2.56312 -0.0144472 0
0 2850 phononL 0.004 -1.8528 -1.01726 0.0240832 0
0 2851 phononL 0.004 -1.94301 2.88427 0.012445 0
0 2852 phononL 0.004 0.0109546 2.37643 -0.00487256 0
0 2853 phononL 0.004 0.298374 1.25232 -0.0219075 0
0 2854 phononL 0.004 -1.88054 -1.29502 -0.0139378 0
0 2855 phononL 0.004 1.00502 2.17018 -0.0311159 0
0 2856 phononL 0.004 -0.381974 0.983416 0.00840618 0
0 2857 phononL 0.004 -1.30314 2.5442 0.0256149 0
0 2858 phononL 0.004 -1.22734 -1.43819 0.0275229 0
0 2859 phononL 0.004 -2.75295 -0.673132 0.0173003 0
0 2860 phononL 0.004 -2.44798 0.472261 -0.0337108 0
0 2861 phononL 0.004 -0.21353 1.56866 -0.0332736 0
0 2862 phononL 0.004 0.787715 -0.424368 0.019703 0
0 2863 phononL 0.004 -2.7565 -0.411999 -0.00386902 0
0 2864 phononL 0.004 -0.905726 -0.4123 0.00907834 0
0 2865 phononL 0.004 -1.41214 0.657461 0.0288352 0
0 2866 phononL 0.004 0.830629 1.79917 -0.0275329 0
0 2867 phononL 0.004 2.36181 -2.77647 0.0107401 0
0 2868 phononL 0.004 -0.187099 -1.67516 0.0194638 0
0 2869 phononL 0.004 1.8971 1.31086 -0.018902 0
0 2870 phononL 0.004 1.52401 1.98466 0.0225435 0
0 2871 phononL 0.004 1.13576 -1.09781 0.0204757 0
0 2872 phononL 0.004 0.798915 -2 0.028799 0
0 2873 phononL 0.004 2.05666 -1.28135 0.0380478 0
0 2874 phononL 0.004 0.56712 -0.131115 0.0143947 0
0 2875 phononL 0.004 1.42237 -2.31915 0.00391806 0
0 2876 phononL 0.004 1.95185 -0.911819 -0.0395637 0
0 2877 phononL 0.004 -1.47642 -2.83389 -0.0243069 0
0 2878 phononL 0.004 -0.762964 1.653 0.0188382 0
0 2879 phononL 0.004 -2.52248 -2.02147 -0.0254328 0
0 2880 phononL 0.004 2.13736 -0.730217 -0.00463246 0
0 2881 phononL 0.004 -2.82856 -1.14571 0.0177917 0
0 2882 phononL 0.004 -2.77625 0.975403 0.0364914 0
0 2883 phononL 0.004 -1.37339 0.239573 -0.0179465 0
0 2884 phononL 0.004 -1.42927 0.926148 0.0358499 0
0 2885 phononL 0.004 0.401182 -0.37098 0.00794529 0
0 2886 phononL 0.004 -2.77076 2.19545 -8.49167e-05 0
0 2887 phononL 0.004 -1.76545 -2.0753 0.0393272 0
0 2888 phononL 0.004 2.57129 -0.351527 -0.0266125 0
0 2889 phononL 0.004 2.70638 -0.309281 -0.00574503 0
0 2890 phononL 0.004 -2.25704 -0.92809 -0.0285802 0
0 2891 phononL 0.004 0.165479 2.19525 0.0194211 0
0 2892 phononL 0.004 0.356772 0.468872 -0.000203865 0
0 2893 phononL 0.004 0.22148 0.968855 -0.0295578 0
0 2894 phononL 0.004 2.27549 -2.1321 0.0355889 0
0 2895 phononL 0.004 -1.68465 -0.219789 -0.0361425 0
0 2896 phononL 0.004 -0.202927 -1.51212 0.00259817 0
0 2897 phononL 0.004 -1.45317 2.82797 -0.0300485 0
0 2898 phononL 0.004 1.74533 -1.28017 0.0076229 0
0 2899 phononL 0.004 1.37562 -1.84346 0.0109659 0
0 2900 phononL 0.004 2.41854 -1.45952 0.0343836 0
0 2901 phononL 0.004 1.05472 -0.643853 0.0179691 0
0 2902 phononL 0.004 -1.65085 1.8369 -0.015492 0
0 2903 phononL 0.004 -0.653302 -1.84751 0.0399509 0
0 2904 phononL 0.004 2.61639 -1.52496 0.0360197 0
0 2905 phononL 0.004 -0.638724 2.61013 -0.0150835 0
0 2906 phononL 0.004 2.18554 -2.69503 -0.0154756 0
0 2907 phononL 0.004 -1.05856 1.33511 -0.00873858 0
0 2908 phononL 0.004 -1.21394 -1.64696 0.0204897 0
0 2909 phononL 0.004 -2.43335 2.26995 -0.0340637 0
0 2910 phononL 0.004 1.43887 2.05872 0.00446373 0
0 2911 phononL 0.004 0.109143 1.92596 0.0337392 0
0 2912 phononL 0.004 -0.260383 -1.62553 0.022455 0
0 2913 phononL 0.004 -0.93106 1.66508 -0.0392756 0
0 2914 phononL 0.004 -1.32258 -2.13144 -0.0186766 0
0 2915 phononL 0.004 0.303011 -1.92908 0.0185463 0
0 2916 phononL 0.004 -0.495995 -1.97321 -0.0173706 0
0 2917 phononL 0.004 1.08305 -2.71366 -0.0021533 0
0 2918 phononL 0.004 -0.349274 0.573869 0.00382923 0
0 2919 phononL 0.004 0.969429 0.609437 -0.0169109 0
0 2920 phononL 0.004 0.16937 -0.411166 -0.0125168 0
0 2921 phononL 0.004 -1.42095 -1.85419 -0.021947 0
0 2922 phononL 0.004 2.13003 2.51368 -0.00761101 0
0 2923 phononL 0.004 2.50511 -1.59117 -0.0283031 0
0 2924 phononL 0.004 1.27431 -1.4986 -0.00227622 0
0 2925 phononL 0.004 -2.22164 -1.53168 -0.0390014 0
0 2926 phononL 0.004 -1.85225 2.28101 -0.00787344 0
0 2927 phononL 0.004 0.654655 -1.15141 -0.0087093 0
0 2928 phononL 0.004 1.76426 1.33676 0.0398538 0
0 2929 phononL 0.004 -2.25578 -2.52833 0.0169703 0
0 2930 phononL 0.004 2.20032 2.21658 0.0222812 0
0 2931 phononL 0.004 -2.54218 -2.67509 0.0341628 0
0 2932 phononL 0.004 0.0277337 -0.80895 -0.0178476 0
0 2933 phononL 0.004 1.39995 2.24301 -0.00536438 0
0 2934 phononL 0.004 1.4771 2.31789 0.00409447 0
0 2935 phononL 0.004 -2.34971 -0.700003 0.0101417 0
0 2936 phononL 0.004 -0.167368 2.05773 0.0291896 0
0 2937 phononL 0.004 -1.74944 -0.177099 0.0252387 0
0 2938 phononL 0.004 -0.406158 2.27348 -0.0224032 0
0 2939 phononL 0.004 0.901957 0.959099 -0.0276696 0
0 2940 phononL 0.004 0.165004 -1.12984 -0.00869209 0
0 2941 phononL 0.004 0.892152 1.94162 0.0255105 0
0 2942 phononL 0.004 -0.702328 -0.0349325 -0.00964421 0
0 2943 phononL 0.004 1.50562 -1.57819 -0.0233221 0
0 2944 phononL 0.004 2.59851 0.204481 -0.0311841 0
0 2945 phononL 0.004 1.88316 -0.472995 0.0308054 0
0 2946 phononL 0.004 2.84401 0.364898 -0.0117986 0
0 2947 phononL 0.004 -0.470999 -1.84286 -0.0122837 0
0 2948 phononL 0.004 -0.365608 0.635622 0.0366505 0
0 2949 phononL 0.004 -0.129721 2.44746 -0.0326282 0
0 2950 phononL 0.004 -2.5657 -2.27516 0.0339719 0
0 2951 phononL 0.004 2.16217 -1.67693 -0.0118041 0
0 2952 phononL 0.004 -0.398693 -2.33779 0.0194652 0
0 2953 phononL 0.004 1.9102 2.40513 -0.0289249 0
0 2954 phononL 0.004 1.1378 0.28645 -0.0148427 0
0 2955 phononL 0.004 -1.26553 -2.73636 -0.0280837 0
0 2956 phononL 0.004 0.932447 2.34699 0.0339184 0
0 2957 phononL 0.004 1.1777 2.03922 0.0327713 0
0 2958 phononL 0.004 0.0319949 -2.50249 -0.0346943 0
0 2959 phononL 0.004 2.26249 0.351031 0.0150961 0
0 2960 phononL 0.004 1.76995 -2.27572 0.000957416 0
0 2961 phononL 0.004 2.81278 -0.123836 -0.0390488 0
0 2962 phononL 0.004 0.616947 2.1811 0.0320174 0
0 2963 phononL 0.004 0.617918 2.50075 -0.0368106 0
0 2964 phononL 0.004 -1.9114 2.1885 0.0394815 0
0 2965 phononL 0.004 2.285 -0.383306 0.0129859 0
0 2966 phononL 0.004 -0.0825684 0.754339 0.0191183 0
0 2967 phononL 0.004 -0.926767 1.73359 -0.0258755 0
0 2968 phononL 0.004 -2.15961 -0.621901 0.0237321 0
0 2969 phononL 0.004 -2.15262 2.66687 -0.00470901 0
0 2970 phononL 0.004 -0.694292 -2.06015 -0.0264711 0
0 2971 phononL 0.004 -2.80128 1.3182 -0.0258137 0
0 2972 phononL 0.004 -0.313771 -0.559252 -0.0361194 0
0 2973 phononL 0.004 -0.25482 1.91465 -0.0170698 0
0 2974 phononL 0.004 2.79985 0.935147 0.00382799 0
0 2975 phononL 0.004 -2.56512 0.201478 0.0102637 0
0 2976 phononL 0.004 0.699046 2.68389 0.00169588 0
0 2977 phononL 0.004 2.06886 2.18492 -0.0178648 0
0 2978 phononL 0.004 -2.22046 0.00872965 0.0387265 0
0 2979 phononL 0.004 -2.40892 0.0602113 -0.0364051 0
0 2980 phononL 0.004 -2.24596 2.22034 -0.0274094 0
0 2981 phononL 0.004 -0.0656823 -0.444367 -0.0014918 0
0 2982 phononL 0.004 0.864636 2.82701 -0.0318974 0
0 2983 phononL 0.004 -1.22728 1.05204 -0.0145499 0
0 2984 phononL 0.004 -1.75921 -2.15301 -0.0194481 0
0 2985 phononL 0.004 -0.477633 -2.47791 0.00391144 0
0 2986 phononL 0.004 -0.328724 0.334997 -0.00489731 0
0 2987 phononL 0.004 1.45658 -0.0618042 0.00135521 0
0 2988 phononL 0.004 1.90373 2.35501 -0.0242678 0
0 2989 phononL 0.004 -0.116883 2.17808 0.0281234 0
0 2990 phononL 0.004 1.21538 -1.06161 0.00338555 0
0 2991 phononL 0.004 2.11369 -0.941103 -0.0330526 0
0 2992 phononL 0.004 -0.0511935 -1.34764 -0.0157855 0
0 2993 phononL 0.004 -1.41212 -2.53558 0.0385635 0
0 2994 phononL 0.004 -1.6325 -1.9611 0.0246559 0
0 2995 phononL 0.004 -2.6295 0.478529 0.0340019 0
0 2996 phononL 0.004 1.65487 0.162132 -0.0121132 0
0 2997 phononL 0.004 1.43946 0.698217 0.0372542 0
0 2998 phononL 0.004 1.56998 -1.98486 0.0357133 0
0 2999 phononL 0.004 0.674521 -2.02388 0.0350537 0
0 3000 phononL 0.004 1.45188 0.329523 0.00417703 0
0 3001 phononL 0.004 -0.0903482 -1.11103 -0.0156486 0
0 3002 phononL 0.004 -0.035983 0.125856 -0.0173026 0
0 3003 phononL 0.004 -1.93667 2.81745 -0.00994416 0
0 3004 phononL 0.004 -2.57181 1.01487 0.0280533 0
0 3005 phononL 0.004 1.5311 2.71855 -0.0357498 0
0 3006 phononL 0.004 2.16636 -0.953756 -0.0244243 0
0 3007 phononL 0.004 -0.754299 0.632868 -0.0082729 0
0 3008 phononL 0.004 -0.00139283 0.0140565 -0.0127964 0
0 3009 phononL 0.004 -1.84698 0.826258 -0.0219203 0
0 3010 phononL 0.004 0.869382 -1.16862 0.0290746 0
0 3011 phononL 0.004 1.91678 -2.76954 0.01515 0
0 3012 phononL 0.004 -0.856304 1.94133 0.0215376 0
0 3013 phononL 0.004 2.15768 0.0703995 0.0182943 0
0 3014 phononL 0.004 -0.721439 -0.820917 -0.00083455 0
0 3015 phononL 0.004 2.36116 2.70815 -0.026165 0
0 3016 phononL 0.004 1.38732 -2.48713 -0.0173279 0
0 3017 phononL 0.004 -0.640173 -0.899394 0.0152119 0
0 3018 phononL 0.004 -2.0328 0.733465 0.0063111 0
0 3019 phononL 0.004 -0.997011 1.4941 -0.0190956 0
0 3020 phononL 0.004 0.188879 -1.52796 -0.0350541 0
0 3021 phononL 0.004 -0.0116977 1.32144 -0.036816 0
0 3022 phononL 0.004 1.22487 1.17003 -0.00054261 0
0 3023 phononL 0.004 1.36027 -0.624798 0.0176854 0
0 3024 phononL 0.004 -0.0888884 0.77882 -0.0012231 0
0 3025 phononL 0.004 0.934939 -1.30185 0.00597751 0
0 3026 phononL 0.004 -0.0783156 0.194535 0.0227544 0
0 3027 phononL 0.004 0.443322 2.67839 0.00691794 0
0 3028 phononL 0.004 -1.00334 1.94135 0.0298751 0
0 3029 phononL 0.004 1.74182 2.72403 0.00559171 0
0 3030 phononL 0.004 -0.254625 -2.31647 0.00995327 0
0 3031 phononL 0.004 0.671713 -0.244352 0.0214976 0
0 3032 phononL 0.004 -2.19494 -0.728996 -0.0127916 0
0 3033 phononL 0.004 -1.20996 -1.88925 -0.0021318 0
0 3034 phononL 0.004 0.891335 0.445154 0.0025311 0
0 3035 phononL 0.004 -0.703218 -1.73417 0.0346738 0
0 3036 phononL 0.004 2.71976 -1.62553 0.0185145 0
0 3037 phononL 0.004 -2.43925 1.04059 0.0180307 0
0 3038 phononL 0.004 -1.26478 2.76151 -0.0164893 0
0 3039 phononL 0.004 -1.98698 -1.2828 -0.0349161 0
0 3040 phononL 0.004 -2.43081 -1.53192 -0.00895712 0
0 3041 phononL 0.004 -0.409351 -1.52582 0.0251135 0
0 3042 phononL 0.004 0.299695 2.73334 -0.00426062 0
0 3043 phononL 0.004 -0.953711 0.674987 0.0238813 0
0 3044 phononL 0.004 2.71515 -2.80836 -0.0372896 0
0 3045 phononL 0.004 -0.702911 0.511732 0.015794 0
0 3046 phononL 0.004 -1.9004 0.785145 -0.0140665 0
0 3047 phononL 0.004 2.73219 2.56957 -0.0367314 0
0 3048 phononL 0.004 -1.89463 2.52375 -0.0243291 0
0 3049 phononL 0.004 -0.553305 -0.11318 -0.0299276 0
0 3050 phononL 0.004 0.0186626 2.22176 -0.0208241 0
0 3051 phononL 0.004 -0.890074 1.54978 0.00876978 0
0 3052 phononL 0.004 0.957793 -0.818241 -0.035828 0
0 3053 phononL 0.004 -1.05365 -1.5833 -0.015358 0
0 3054 phononL 0.004 1.44311 -0.679041 0.00283181 0
0 3055 phononL 0.004 -2.26094 -2.02035 0.0161776 0
0 3056 phononL 0.004 -0.451197 -2.04802 -0.00160571 0
0 3057 phononL 0.004 0.943557 -1.3567 -0.0257212 0
0 3058 phononL 0.004 -2.32928 -2.82539 0.0121429 0
0 3059 phononL 0.004 -2.01033 2.84055 0.0288272 0
0 3060 phononL 0.004 -2.27008 -1.55158 -0.0361799 0
0 3061 phononL 0.004 2.76647 -0.879128 -0.00442324 0
0 3062 phononL 0.004 -1.74676 0.116522 0.0358805 0
0 3063 phononL 0.004 -2.52872 1.75639 0.033179 0
0 3064 phononL 0.004 -2.60192 -1.46737 -0.0245348 0
0 3065 phononL 0.004 -2.32393 2.23734 0.0349698 0
0 3066 phononL 0.004 -1.48826 1.21883 0.0387172 0
0 3067 phononL 0.004 0.0541255 1.07873 -0.0175684 0
0 3068 phononL 0.004 1.86549 -0.798123 0.0373787 0
0 3069 phononL 0.004 -0.962691 1.70994 -0.00753796 0
0 3070 phononL 0.004 2.67455 0.427573 -0.00254763 0
0 3071 phononL 0.004 1.12929 1.11399 0.0186711 0
0 3072 phononL 0.004 0.0286621 -0.836941 -0.0141528 0
0 3073 phononL 0.004 -0.0527696 -2.80749 -0.00297881 0
0 3074 phononL 0.004 2.39726 -1.51985 0.0236019 0
0 3075 phononL 0.004 0.463288 -2.85634 -0.00920352 0
0 3076 phononL 0.004 1.51858 2.84308 -0.0309604 0
0 3077 phononL 0.004 -1.72814 -2.55938 -0.00649569 0
0 3078 phononL 0.004 2.82194 -0.232836 0.0326593 0
0 3079 phononL 0.004 1.283 -1.94323 -0.00755068 0
0 3080 phononL 0.004 1.17457 2.60533 -0.0152918 0
0 3081 phononL 0.004 1.84679 -2.46886 0.0398618 0
0 3082 phononL 0.004 1.30816 2.63068 -0.0215821 0
0 3083 phononL 0.004 2.52271 2.1227 0.00624483 0
0 3084 phononL 0.004 0.163002 0.380733 0.0308858 0
0 3085 phononL 0.004 0.846267 -1.70852 -0.00537867 0
0 3086 phononL 0.004 -1.79309 -2.01218 0.0370632 0
0 3087 phononL 0.004 -0.187051 -2.81886 0.0220316 0
0 3088 phononL 0.004 -0.447116 -0.164419 0.00753312 0
0 3089 phononL 0.004 -1.26702 -1.15408 0.0180805 0
0 3090 phononL 0.004 1.0239 -2.27557 0.00551156 0
0 3091 phononL 0.004 -0.266864 1.24908 0.01474 0
0 3092 phononL 0.004 -0.682021 -1.48121 0.0296958 0
0 3093 phononL 0.004 2.74634 -0.25486 -0.0011472 0
0 3094 phononL 0.004 2.47037 -2.5102 -0.0113478 0
0 3095 phononL 0.004 0.32352 0.466051 -0.00609521 0
0 3096 phononL 0.004 2.79124 0.582077 0.0340715 0
0 3097 phononL 0.004 2.27657 1.01587 0.00135377 0
0 3098 phononL 0.004 0.1461 -2.03568 -0.0164789 0
0 3099 phononL 0.004 -0.699662 -0.418246 -0.00652586 0
0 3100 phononL 0.004 -1.98949 -2.44633 0.0398736 0
0 3101 phononL 0.004 0.0853276 1.25404 -3.32658e-05 0
0 3102 phononL 0.004 -1.23084 -1.73777 -0.0210594 0
0 3103 phononL 0.004 -1.84157 1.03233 0.0334205 0
0 3104 phononL 0.004 2.06122 1.42272 0.00388195 0
0 3105 phononL 0.004 2.2289 -1.37025 0.0249136 0
0 3106 phononL 0.004 -0.184153 -2.79241 0.00375573 0
0 3107 phononL 0.004 -2.68475 0.122711 -0.0233515 0
0 3108 phononL 0.004 -0.715948 1.96592 -0.0028645 0
0 3109 phononL 0.004 0.863126 2.05107 0.0138882 0
0 3110 phononL 0.004 -0.724051 -2.06719 -0.0191202 0
0 3111 phononL 0.004 2.07966 1.32174 0.0272087 0
0 3112 phononL 0.004 2.34004 -1.21551 -0.0206497 0
0 3113 phononL 0.004 1.30227 2.48114 -0.0157133 0
0 3114 phononL 0.004 0.35935 1.92606 -0.0165567 0
0 3115 phononL 0.004 -0.486305 1.43187 -0.0354703 0
0 3116 phononL 0.004 0.752612 2.42272 -0.0125085 0
0 3117 phononL 0.004 -2.01709 0.626776 -0.0226748 0
0 3118 phononL 0.004 -2.14269 1.09935 -0.0039153 0
0 3119 phononL 0.004 -2.08845 -1.09944 -0.00829608 0
0 3120 phononL 0.004 -0.239484 -2.14719 -0.00778848 0
0 3121 phononL 0.004 -0.194866 1.0638 0.039588 0
0 3122 phononL 0.004 -1.81292 -1.98198 -0.033089 0
0 3123 phononL 0.004 -0.00597534 0.958207 0.0281538 0
0 3124 phononL 0.004 -1.65165 0.846377 -0.0323419 0
0 3125 phononL 0.004 2.11614 -1.07965 0.0365843 0
0 3126 phononL 0.004 -1.70106 1.08143 -0.0378385 0
0 3127 phononL 0.004 2.02231 -1.18567 0.0162096 0
0 3128 phononL 0.004 1.2576 -0.370979 0.0162485 0
0 3129 phononL 0.004 1.36124 1.66277 -0.00591481 0
0 3130 phononL 0.004 -2.06539 -1.56207 0.0300866 0
0 3131 phononL 0.004 0.0265879 -2.46674 -0.0237674 0
0 3132 phononL 0.004 -0.401067 1.89126 0.0131431 0
0 3133 phononL 0.004 1.1203 1.78115 0.000192404 0
0 3134 phononL 0.004 0.181983 -0.107367 -0.0360812 0
0 3135 phononL 0.004 2.84286 -2.23618 -0.00121257 0
0 3136 phononL 0.004 2.56318 2.57323 0.0200783 0
0 3137 phononL 0.004 -1.14487 2.4982 -0.00722765 0
0 3138 phononL 0.004 2.81739 -1.83709 -0.0056921 0
0 3139 phononL 0.004 -2.79345 -1.13099 0.0173658 0
0 3140 phononL 0.004 -0.329247 0.819046 -0.00905939 0
0 3141 phononL 0.004 2.5027 2.74245 0.00960937 0
0 3142 phononL 0.004 1.80135 0.145921 -0.0364645 0
0 3143 phononL 0.004 2.26097 -1.96201 -0.0378707 0
0 3144 phononL 0.004 1.31726 -0.866939 -0.0019641 0
0 3145 phononL 0.004 1.08717 -0.110327 -0.0125132 0
0 3146 phononL 0.004 -0.010787 -1.62279 0.00590861 0
0 3147 phononL 0.004 0.697176 1.8211 -0.00218383 0
0 3148 phononL 0.004 -1.21215 -2.19424 -0.0241014 0
0 3149 phononL 0.004 -2.18168 -1.50637 0.017961 0
0 3150 phononL 0.004 -1.51162 0.226905 0.0377108 0
0 3151 phononL 0.004 -0.45171 -0.580455 0.000764017 0
0 3152 phononL 0.004 2.25439 -1.98449 0.0111671 0
0 3153 phononL 0.004 -0.637949 -0.269838 -0.0239706 0
0 3154 phononL 0.004 -0.801153 -2.62732 -0.0328034 0
0 3155 phononL 0.004 -1.70445 -2.68571 0.0101471 0
0 3156 phononL 0.004 0.155576 2.14661 0.000398106 0
0 3157 phononL 0.004 1.37746 0.0974623 0.0355549 0
0 3158 phononL 0.004 2.65438 -1.12761 0.0280338 0
0 3159 phononL 0.004 0.558856 1.31765 -0.0187626 0
0 3160 phononL 0.004 1.10633 1.72487 0.00756987 0
0 3161 phononL 0.004 0.440727 1.35912 0.00702092 0
0 3162 phononL 0.004 1.42238 -0.912598 0.0329081 0
0 3163 phononL 0.004 0.492535 1.41733 -0.0210336 0
0 3164 phononL 0.004 2.8377 -2.30872 0.0185462 0
0 3165 phononL 0.004 2.432 -1.13879 0.0232616 0
0 3166 phononL 0.004 1.67772 -2.59356 -0.0309295 0
0 3167 phononL 0.004 2.09084 -0.481121 0.0210033 0
0 3168 phononL 0.004 -2.74142 -2.2157 -0.0306272 0
0 3169 phononL 0.004 -2.5117 -0.900429 0.0351963 0
0 3170 phononL 0.004 -1.95905 1.11736 0.0109336 0
0 3171 phononL 0.004 -1.6726 -2.35011 0.00159953 0
0 3172 phononL 0.004 -0.686125 1.85617 -0.00516131 0
0 3173 phononL 0.004 -1.52428 0.460905 -0.0233877 0
0 3174 phononL 0.004 -2.48069 -0.0738478 -0.0220763 0
0 3175 phononL 0.004 1.76473 -0.668882 0.030513 0
0 3176 phononL 0.004 -2.01466 -2.60665 -0.0259036 0
0 3177 phononL 0.004 -2.63046 -1.64268 0.00249466 0
0 3178 phononL 0.004 -1.34359 -2.08869 -0.00279018 0
0 3179 phononL 0.004 2.55127 -1.66879 0.0302316 0
0 3180 phononL 0.004 -0.39701 2.38538 -0.0228722 0
0 3181 phononL 0.004 1.5629 0.377026 0.019246 0
0 3182 phononL 0.004 -1.15787 -1.43912 -0.0202508 0
0 3183 phononL 0.004 1.13084 -0.095725 0.00965117 0
0 3184 phononL 0.004 -2.71486 -1.06312 -0.027524 0
0 3185 phononL 0.004 2.1686 1.00883 0.0226775 0
0 3186 phononL 0.004 1.37867 2.79343 -0.000175114 0
0 3187 phononL 0.004 1.06324 1.73144 -0.00388427 0
0 3188 phononL 0.004 -1.2651 -0.72808 0.029941 0
0 3189 phononL 0.004 -1.07711 0.503456 0.00166376 0
0 3190 phononL 0.004 -1.85656 2.02682 0.0154391 0
0 3191 phononL 0.004 2.6262 0.338502 0.0384548 0
0 3192 phononL 0.004 0.699607 -0.873213 -0.0184281 0
0 3193 phononL 0.004 -2.33644 -1.7897 0.0100086 0
0 3194 phononL 0.004 -0.115152 -2.09991 -0.0178244 0
0 3195 phononL 0.004 1.40253 -1.12878 -0.017795 0
0 3196 phononL 0.004 1.49899 -1.25658 0.0370924 0
0 3197 phononL 0.004 1.17361 0.339624 -0.0174951 0
0 3198 phononL 0.004 1.27027 -2.71314 0.00217895 0
0 3199 phononL 0.004 0.236339 -0.384486 -0.0202347 0
0 3200 phononL 0.004 -0.451385 -1.4553 0.0213532 0
0 3201 phononL 0.004 -0.500072 1.59923 0.0358358 0
0 3202 phononL 0.004 0.014056 1.56416 0.00232595 0
0 3203 phononL 0.004 1.14667 2.51607 -0.0197962 0
0 3204 phononL 0.004 -1.19537 1.14539 -0.0294015 0
0 3205 phononL 0.004 -2.51036 -1.55442 -0.00218763 0
0 3206 phononL 0.004 1.88864 1.19599 -0.00673532 0
0 3207 phononL 0.004 0.520531 1.69877 -0.0312855 0
0 3208 phononL 0.004 1.14449 -0.758935 0.0232142 0
0 3209 phononL 0.004 -2.49144 -1.04256 0.0260989 0
0 3210 phononL 0.004 -2.16074 -0.388819 0.0155384 0
0 3211 phononL 0.004 -1.76041 2.61844 -0.0341986 0
0 3212 phononL 0.004 -2.81887 1.22218 0.00880327 0
0 3213 phononL 0.004 -1.55107 -2.45868 -0.0359311 0
0 3214 phononL 0.004 -1.40139 -0.702325 0.0105464 0
0 3215 phononL 0.004 0.349004 1.67536 -0.0158207 0
0 3216 phononL 0.004 -2.61197 -1.19318 0.0165985 0
0 3217 phononL 0.004 0.171952 0.943922 0.022409 0
0 3218 phononL 0.004 1.53052 -1.78088 0.0118274 0
0 3219 phononL 0.004 -2.06704 -2.72633 -0.0323514 0
0 3220 phononL 0.004 2.34998 0.602458 0.0115451 0
0 3221 phononL 0.004 2.54297 -0.188083 -0.0191151 0
0 3222 phononL 0.004 -1.98129 0.513089 0.0224406 0
0 3223 phononL 0.004 1.56404 2.50785 0.00937362 0
0 3224 phononL 0.004 -2.20544 -0.107801 0.0299611 0
0 3225 phononL 0.004 1.8075 -0.662883 0.014696 0
0 3226 phononL 0.004 0.226888 2.02633 -0.0258803 0
0 3227 phononL 0.004 -2.87143 -2.17615 -0.00160004 0
0 3228 phononL 0.004 -0.708584 2.62484 0.0168186 0
0 3229 phononL 0.004 2.7912 -0.565552 0.038678 0
0 3230 phononL 0.004 -2.53744 2.07824 0.0097158 0
0 3231 phononL 0.004 0.133364 0.0482933 -0.0324006 0
0 3232 phononL 0.004 -2.44856 -1.90045 -0.00871941 0
0 3233 phononL 0.004 -1.70104 -1.31499 0.0114942 0
0 3234 phononL 0.004 -0.558529 -0.120041 -0.00254329 0
0 3235 phononL 0.004 0.280647 0.0380468 -0.0235867 0
0 3236 phononL 0.004 -2.40821 2.55636 -0.013499 0
0 3237 phononL 0.004 1.46883 -0.587979 -0.0338574 0
0 3238 phononL 0.004 0.00728065 -0.966645 -0.00404885 0
0 3239 phononL 0.004 0.427202 1.99717 0.0286593 0
0 3240 phononL 0.004 0.788826 0.673978 -0.0104775 0
0 3241 phononL 0.004 -1.08701 -1.33617 -0.0196932 0
0 3242 phononL 0.004 -2.36281 -0.260599 0.0391292 0
0 3243 phononL 0.004 -0.397849 -1.04955 -0.0332199 0
0 3244 phononL 0.004 2.35791 0.947767 -0.0316691 0
0 3245 phononL 0.004 -0.613974 2.48465 0.0218103 0
0 3246 phononL 0.004 2.33014 -1.62136 0.0111732 0
0 3247 phononL 0.004 1.53433 0.061778 -0.0138596 0
0 3248 phononL 0.004 -0.136386 -1.45779 -0.0203718 0
0 3249 phononL 0.004 1.54264 -1.77432 0.0374 0
0 3250 phononL 0.004 0.343474 -1.1299 -0.00908148 0
0 3251 phononL 0.004 -0.737738 2.45668 -0.0149996 0
0 3252 phononL 0.004 -2.84462 2.27244 0.0106037 0
0 3253 phononL 0.004 -0.519454 1.55635 -0.0247911 0
0 3254 phononL 0.004 -2.57599 2.87294 0.0096414 0
0 3255 phononL 0.004 1.54945 0.960016 -0.0194452 0
0 3256 phononL 0.004 -1.14511 0.638675 0.0276789 0
0 3257 phononL 0.004 -2.06732 0.0496294 0.0270083 0
0 3258 phononL 0.004 -1.54926 -1.08481 0.0101883 0
0 3259 phononL 0.004 1.47464 -0.181368 0.0315539 0
0 3260 phononL 0.004 1.37501 0.523874 -0.00443097 0
0 3261 phononL 0.004 -1.72787 -1.19722 0.01448 0
0 3262 phononL 0.004 -0.639681 -1.47471 0.0341831 0
0 3263 phononL 0.004 0.952181 2.0012 0.00332133 0
0 3264 phononL 0.004 -2.78016 -1.25679 -0.0153253 0
0 3265 phononL 0.004 2.67096 2.69849 -0.00147817 0
0 3266 phononL 0.004 0.374819 2.6622 0.0207186 0
0 3267 phononL 0.004 -1.16589 -1.48382 -0.00703712 0
0 3268 phononL 0.004 -1.05866 -2.19745 -0.0300602 0
0 3269 phononL 0.004 0.711446 1.38852 0.0383452 0
0 3270 phononL 0.004 -1.87915 -0.278016 -0.0168592 0
0 3271 phononL 0.004 0.761849 0.598059 -0.00725529 0
0 3272 phononL 0.004 0.558445 -0.445671 -0.000546512 0
0 3273 phononL 0.004 -1.63219 -0.0581811 -0.0225872 0
0 3274 phononL 0.004 -1.99053 1.21883 -0.0154929 0
0 3275 phononL 0.004 0.904309 0.039184 -0.00577533 0
0 3276 phononL 0.004 -1.54683 1.35173 0.0366865 0
0 3277 phononL 0.004 -1.57337 1.52844 -0.00269617 0
0 3278 phononL 0.004 2.53045 -0.357159 -0.0383828 0
0 3279 phononL 0.004 2.46348 -0.751897 -0.0384118 0
0 3280 phononL 0.004 2.01322 1.97147 -0.0377241 0
0 3281 phononL 0.004 -2.72958 -0.825737 0.0144766 0
0 3282 phononL 0.004 -0.720224 0.945582 -0.0104132 0
0 3283 phononL 0.004 -0.400879 0.139009 0.0258677 0
0 3284 phononL 0.004 0.539526 0.289358 0.0193062 0
0 3285 phononL 0.004 2.53325 -2.60923 0.00647625 0
0 3286 phononL 0.004 -1.64248 -2.59112 -0.00467025 0
0 3287 phononL 0.004 -2.52192 1.35288 -0.00288769 0
0 3288 phononL 0.004 0.21976 0.689901 -0.000274527 0
0 3289 phononL 0.004 -0.339722 1.78725 0.0376441 0
0 3290 phononL 0.004 -2.37758 0.237144 0.00261716 0
0 3291 phononL 0.004 -1.38749 -0.0676602 0.00187354 0
0 3292 phononL 0.004 2.03917 2.4178 0.0138672 0
0 3293 phononL 0.004 0.905654 -2.87699 -0.0286863 0
0 3294 phononL 0.004 -2.72993 -1.12336 -0.00331506 0
0 3295 phononL 0.004 -0.608437 1.94856 -0.0314916 0
0 3296 phononL 0.004 0.438185 1.8773 0.0156375 0
0 3297 phononL 0.004 1.17672 0.992881 0.00794043 0
0 3298 phononL 0.004 2.71789 -1.90366 -0.00967569 0
0 3299 phononL 0.004 -1.76153 -2.30015 -0.014969 0
0 3300 phononL 0.004 2.60005 -2.41204 -0.0337166 0
0 3301 phononL 0.004 -2.01767 2.8392 -0.0242022 0
0 3302 phononL 0.004 -0.474423 0.37847 0.0265045 0
0 3303 phononL 0.004 0.511923 1.64171 -0.0308898 0
0 3304 phononL 0.004 -0.565298 2.67559 0.0316504 0
0 3305 phononL 0.004 -0.976966 -0.280042 -0.0105637 0
0 3306 phononL 0.004 -1.92159 2.67377 -0.0335643 0
0 3307 phononL 0.004 0.595153 -1.14571 0.0130691 0
0 3308 phononL 0.004 -2.74528 -0.790998 -0.0227553 0
0 3309 phononL 0.004 -0.536902 1.64811 -0.0115206 0
0 3310 phononL 0.004 1.09538 -0.667223 0.00904852 0
0 3311 phononL 0.004 -0.56202 -1.76148 0.035643 0
0 3312 phononL 0.004 -1.36223 0.436025 0.027496 0
0 3313 phononL 0.004 -2.50373 -1.56838 -0.00217355 0
0 3314 phononL 0.004 -0.254777 2.83478 0.013855 0
0 3315 phononL 0.004 2.70873 2.48952 0.0138372 0
0 3316 phononL 0.004 2.07669 1.26275 -0.0335451 0
0 3317 phononL 0.004 -1.35351 -0.131813 -0.0241537 0
0 3318 phononL 0.004 2.81176 2.77214 -0.0289089 0
0 3319 phononL 0.004 -0.572467 2.88191 -0.0105227 0
0 3320 phononL 0.004 -2.06303 -1.34175 -0.0395715 0
0 3321 phononL 0.004 0.591854 0.185173 -0.0264119 0
0 3322 phononL 0.004 -2.49921 -1.58795 -0.0175806 0
0 3323 phononL 0.004 0.890294 -0.602333 0.0376454 0
0 3324 phononL 0.004 -1.51413 1.66525 -0.0300932 0
0 3325 phononL 0.004 -2.35942 1.79341 -0.0384666 0
0 3326 phononL 0.004 2.76144 2.59452 0.0218153 0
0 3327 phononL 0.004 2.7271 1.71453 0.0357861 0
0 3328 phononL 0.004 2.82889 -2.45743 0.0115358 0
0 3329 phononL 0.004 1.45506 -1.36505 0.0147972 0
0 3330 phononL 0.004 -0.560373 -1.48299 0.0174462 0
0 3331 phononL 0.004 -0.660126 -1.09221 -0.0374677 0
0 3332 phononL 0.004 2.56613 0.35232 0.0340468 0
0 3333 phononL 0.004 -2.0995 -1.19094 0.00338366 0
0 3334 phononL 0.004 0.315518 2.1576 -0.0234355 0
0 3335 phononL 0.004 0.667697 0.953866 0.00913133 0
0 3336 phononL 0.004 0.137019 2.11324 -0.0255195 0
0 3337 phononL 0.004 2.28148 -1.80269 0.00948881 0
0 3338 phononL 0.004 -1.6989 0.406574 -0.0274263 0
0 3339 phononL 0.004 -0.720635 1.47749 0.0109546 0
0 3340 phononL 0.004 -1.08246 -2.30712 0.00725992 0
0 3341 phononL 0.004 2.22606 1.31082 0.00142677 0
0 3342 phononL 0.004 -1.59469 -2.08836 0.0314134 0
0 3343 phononL 0.004 1.09734 0.913336 -0.0169872 0
0 3344 phononL 0.004 0.437457 2.87789 0.0164098 0
0 3345 phononL 0.004 -1.10275 -0.326479 -0.0149539 0
0 3346 phononL 0.004 0.960177 0.557337 0.0172745 0
0 3347 phononL 0.004 -2.11736 0.877529 -0.0259963 0
0 3348 phononL 0.004 -2.24382 0.99472 -0.0103713 0
0 3349 phononL 0.004 -2.06227 2.64924 0.0238356 0
0 3350 phononL 0.004 0.725981 -2.05473 -0.0195031 0
0 3351 phononL 0.004 -1.85662 2.42607 -0.037152 0
0 3352 phononL 0.004 -0.171776 -2.8385 0.0055527 0
0 3353 phononL 0.004 0.58603 1.60876 0.0279543 0
0 3354 phononL 0.004 2.41395 1.28314 0.0157728 0
0 3355 phononL 0.004 1.12672 -1.83551 0.0255156 0
0 3356 phononL 0.004 1.41643 -1.75638 0.0127274 0
0 3357 phononL 0.004 0.530199 1.03053 -0.013653 0
0 3358 phononL 0.004 -2.2894 -1.66083 0.00202732 0
0 3359 phononL 0.004 0.839411 2.11099 -0.0236093 0
0 3360 phononL 0.004 1.74557 1.81343 -0.00318496 0
0 3361 phononL 0.004 -2.41565 -1.14482 -0.0253777 0
0 3362 phononL 0.004 -1.3724 0.0482225 -0.0190011 0
0 3363 phononL 0.004 -2.45958 0.281851 -0.0203147 0
0 3364 phononL 0.004 -1.94298 -2.80395 0.0276285 0
0 3365 phononL 0.004 1.64539 -0.126948 -0.0279066 0
0 3366 phononL 0.004 2.39008 -2.50961 0.0199896 0
0 3367 phononL 0.004 1.73968 0.400122 -0.0185399 0
0 3368 phononL 0.004 -2.0469 -0.0367601 0.0262918 0
0 3369 phononL 0.004 -1.84745 1.616 -0.0399738 0
0 3370 phononL 0.004 0.867811 -0.831269 0.0138362 0
0 3371 phononL 0.004 -1.92542 2.48043 0.0124109 0
0 3372 phononL 0.004 2.20598 1.39466 0.0397888 0
0 3373 phononL 0.004 -1.17367 -1.50399 -0.0392743 0
0 3374 phononL 0.004 1.34867 2.05397 0.0247988 0
0 3375 phononL 0.004 -0.229539 -2.6766 -0.0070929 0
0 3376 phononL 0.004 2.32599 2.16137 0.0160342 0
0 3377 phononL 0.004 2.2499 -0.812198 -0.0185794 0
0 3378 phononL 0.004 1.5067 0.909703 0.0239018 0
0 3379 phononL 0.004 -2.38733 -1.19253 -0.00466301 0
0 3380 phononL 0.004 2.0777 1.02669 0.00620425 0
0 3381 phononL 0.004 0.340412 -2.32945 -0.0360051 0
0 3382 phononL 0.004 -1.173 -1.91171 -0.0155442 0
0 3383 phononL 0.004 -0.377945 -2.67541 -0.0147685 0
0 3384 phononL 0.004 -2.6532 1.35223 0.0246273 0
0 3385 phononL 0.004 0.906057 0.826755 0.00587208 0
0 3386 phononL 0.004 1.78979 -1.55077 -0.00461355 0
0 3387 phononL 0.004 1.08064 1.59468 -0.0136295 0
0 3388 phononL 0.004 -2.2842 0.531296 -0.00254209 0
0 3389 phononL 0.004 2.0406 -1.81286 -0.0266503 0
0 3390 phononL 0.004 -1.39645 -1.2907 0.0196336 0
0 3391 phononL 0.004 -2.29257 -1.2453 0.00311802 0
0 3392 phononL 0.004 -1.43812 -2.63997 -0.0217341 0
0 3393 phononL 0.004 -1.20934 1.80283 -0.0246332 0
0 3394 phononL 0.004 1.18438 -2.30453 0.024342 0
0 3395 phononL 0.004 1.17419 2.0787 0.0243199 0
0 3396 phononL 0.004 1.98628 2.59894 -0.0235928 0
0 3397 phononL 0.004 1.16458 2.51003 -0.0266818 0
0 3398 phononL 0.004 -1.97679 2.00035 -0.0372377 0
0 3399 phononL 0.004 -0.326879 -0.0724294 0.0365192 0
0 3400 phononL 0.004 2.71957 -2.45705 -0.0106414 0
0 3401 phononL 0.004 2.4978 0.620192 0.00916094 0
0 3402 phononL 0.004 -2.6999 -0.357205 -0.00413099 0
0 3403 phononL 0.004 -1.56497 1.92082 -0.0354552 0
0 3404 phononL 0.004 -2.58695 -0.871027 0.0179242 0
0 3405 phononL 0.004 -2.56904 0.709094 -0.0307535 0
0 3406 phononL 0.004 1.43335 0.506783 -0.0222671 0
0 3407 phononL 0.004 -0.859449 -2.87801 -0.0399266 0
0 3408 phononL 0.004 -2.31101 -1.68299 0.0108701 0
0 3409 phononL 0.004 -1.37238 1.4834 0.00222181 0
0 3410 phononL 0.004 -1.31022 0.425295 -0.0159364 0
0 3411 phononL 0.004 2.81577 2.54386 0.000864991 0
0 3412 phononL 0.004 -0.285079 0.9715 -0.0177431 0
0 3413 phononL 0.004 -0.786483 1.55349 -0.00134446 0
0 3414 phononL 0.004 1.20792 0.413913 0.0109356 0
0 3415 phononL 0.004 1.03846 -1.87557 0.0353626 0
0 3416 phononL 0.004 1.82745 2.34314 -0.0249946 0
0 3417 phononL 0.004 1.12325 2.25919 0.00440904 0
0 3418 phononL 0.004 2.59129 1.89734 0.00507897 0
0 3419 phononL 0.004 -0.962525 -2.4216 -0.0270003 0
0 3420 phononL 0.004 0.579096 2.10174 0.0171216 0
0 3421 phononL 0.004 -0.0859664 0.0519811 -0.0159285 0
0 3422 phononL 0.004 0.073602 -0.0596861 0.0226956 0
0 3423 phononL 0.004 1.89715 0.354599 0.0203315 0
0 3424 phononL 0.004 1.41436 1.39767 -0.00833539 0
0 3425 phononL 0.004 -1.52792 -0.348155 -0.018898 0
0 3426 phononL 0.004 2.18399 -0.186749 -0.021037 0
0 3427 phononL 0.004 1.30516 -0.847811 -0.0108314 0
0 3428 phononL 0.004 -0.988854 -1.13485 0.0141674 0
0 3429 phononL 0.004 -0.0755606 1.5115 -0.0140084 0
0 3430 phononL 0.004 1.92603 -2.48041 0.035142 0
0 3431 phononL 0.004 0.645858 -1.00647 0.000477191 0
0 3432 phononL 0.004 -0.787841 0.918304 0.00917865 0
0 3433 phononL 0.004 2.42114 -2.82803 0.0114714 0
0 3434 phononL 0.004 -2.59301 0.727547 0.0264921 0
0 3435 phononL 0.004 -2.50261 -2.54629 0.00790817 0
0 3436 phononL 0.004 1.20235 -0.14944 -0.0284199 0
0 3437 phononL 0.004 -2.45184 0.612359 -0.0378993 0
0 3438 phononL 0.004 -0.921217 1.42039 0.00684094 0
0 3439 phononL 0.004 1.33342 1.87933 -0.0320603 0
0 3440 phononL 0.004 0.460123 1.28991 -0.0051386 0
0 3441 phononL 0.004 -2.62045 0.324611 0.00388053 0
0 3442 phononL 0.004 -2.44951 -0.131544 -0.00367279 0
0 3443 phononL 0.004 2.64166 0.829592 0.0118753 0
0 3444 phononL 0.004 -0.40208 -0.345654 0.0275599 0
0 3445 phononL 0.004 1.49151 1.92992 0.0303412 0
0 3446 phononL 0.004 -2.07684 -1.39985 0.0335277 0
0 3447 phononL 0.004 1.39857 1.06962 0.00773438 0
0 3448 phononL 0.004 -2.70876 -0.856355 -0.0184034 0
0 3449 phononL 0.004 -0.279526 1.24363 -0.00491139 0
0 3450 phononL 0.004 -0.428401 0.593077 0.0180223 0
0 3451 phononL 0.004 -1.2045 -0.33307 0.0183904 0
0 3452 phononL 0.004 2.57837 2.01282 0.0181646 0
0 3453 phononL 0.004 2.86317 -2.18585 0.0077901 0
0 3454 phononL 0.004 -0.924182 -0.697629 0.000294689 0
0 3455 phononL 0.004 1.86657 2.80885 -0.00120494 0
0 3456 phononL 0.004 -1.29072 -0.808342 -0.000785858 0
0 3457 phononL 0.004 -0.701593 -2.00336 0.018185 0
0 3458 phononL 0.004 -2.09508 0.889819 -0.024937 0
0 3459 phononL 0.004 0.437034 -0.230402 -0.0276068 0
0 3460 phononL 0.004 2.79499 -1.16412 0.0256876 0
0 3461 phononL 0.004 0.179095 -1.67617 -0.0212406 0
0 3462 phononL 0.004 0.843001 -1.7446 -0.0211253 0
0 3463 phononL 0.004 0.0196302 2.39648 0.0215834 0
0 3464 phononL 0.004 0.720859 1.63393 0.0355405 0
0 3465 phononL 0.004 -2.42617 2.37339 -0.0344305 0
0 3466 phononL 0.004 0.981904 -0.146045 -0.0291248 0
0 3467 phononL 0.004 0.853193 -1.26907 0.0236284 0
0 3468 phononL 0.004 0.0200263 -1.2808 -0.031113 0
0 3469 phononL 0.004 -0.454175 -1.11255 0.0336003 0
0 3470 phononL 0.004 2.36579 -0.956055 -0.0133721 0
0 3471 phononL 0.004 -0.623104 1.59414 0.0198588 0
0 3472 phononL 0.004 1.03651 2.33763 -0.00175627 0
0 3473 phononL 0.004 1.26303 1.51754 -0.0263274 0
0 3474 phononL 0.004 -2.63776 1.43795 0.0316315 0
0 3475 phononL 0.004 -2.2015 0.830375 -0.0157751 0
0 3476 phononL 0.004 0.402615 -1.1368 -0.0375192 0
0 3477 phononL 0.004 2.68312 0.330176 0.027406 0
0 3478 phononL 0.004 2.42108 0.765994 -0.0320512 0
0 3479 phononL 0.004 0.766775 -2.24936 -0.0142949 0
0 3480 phononL 0.004 0.340447 -2.23618 0.0332878 0
0 3481 phononL 0.004 -2.50593 -0.283085 0.0245891 0
0 3482 phononL 0.004 -1.24424 -1.57321 -0.01935 0
0 3483 phononL 0.004 -2.5828 -2.48112 0.0162852 0
0 3484 phononL 0.004 1.56354 2.81166 -0.00957363 0
0 3485 phononL 0.004 1.57908 -0.518077 0.0213237 0
0 3486 phononL 0.004 -0.119658 -1.81243 -0.0268597 0
0 3487 phononL 0.004 2.4075 1.294 0.0350053 0
0 3488 phononL 0.004 0.384112 -2.84312 0.0048773 0
0 3489 phononL 0.004 2.72218 -2.70476 0.0379472 0
0 3490 phononL 0.004 0.36024 -0.775398 -0.0357308 0
0 3491 phononL 0.004 -2.03508 1.76842 0.0374559 0
0 3492 phononL 0.004 2.54698 1.33145 0.00893272 0
0 3493 phononL 0.004 -1.71921 -2.36889 0.0209707 0
0 3494 phononL 0.004 -1.5149 -2.5017 0.0390294 0
0 3495 phononL 0.004 -2.65757 1.98797 -0.0142507 0
0 3496 phononL 0.004 -1.11963 -1.31197 0.0305399 0
0 3497 phononL 0.004 -2.55988 0.116839 -0.018039 0
0 3498 phononL 0.004 1.28134 -2.06788 -0.0240587 0
0 3499 phononL 0.004 1.9789 -0.339637 -0.00545527 0
0 3500 phononL 0.004 2.02667 2.37904 0.037577 0
0 3501 phononL 0.004 -1.04515 1.36035 0.00670173 0
0 3502 phononL 0.004 -0.30142 2.2244 0.0289053 0
0 3503 phononL 0.004 1.47767 -2.0962 -0.0147048 0
0 3504 phononL 0.004 -1.9662 -1.28848 0.0379753 0
0 3505 phononL 0.004 -1.57251 -0.110782 0.0231592 0
0 3506 phononL 0.004 1.25541 -2.68021 0.0112868 0
0 3507 phononL 0.004 -2.43517 -2.1225 0.0367068 0
0 3508 phononL 0.004 1.96855 -0.853531 0.017886 0
0 3509 phononL 0.004 0.8125 -2.26327 0.028337 0
0 3510 phononL 0.004 1.55643 1.99213 0.0160111 0
0 3511 phononL 0.004 0.299134 0.514101 0.00444749 0
0 3512 phononL 0.004 -1.43996 2.74958 -0.0215212 0
0 3513 phononL 0.004 -2.30572 1.50147 0.0202617 0
0 3514 phononL 0.004 2.37358 0.0126106 0.0188385 0
0 3515 phononL 0.004 2.24987 -2.8136 0.0196294 0
0 3516 phononL 0.004 -0.692651 1.49987 0.0161092 0
0 3517 phononL 0.004 -1.36981 2.60509 -0.0353156 0
0 3518 phononL 0.004 -1.86887 2.33692 -0.0134519 0
0 3519 phononL 0.004 -1.56719 0.560146 -0.0261186 0
0 3520 phononL 0.004 -1.3839 -0.402059 -0.0351046 0
0 3521 phononL 0.004 -0.569904 2.04342 -0.00548074 0
0 3522 phononL 0.004 0.435599 -0.485819 0.017999 0
0 3523 phononL 0.004 0.389344 -0.249892 0.0268934 0
0 3524 phononL 0.004 0.894874 1.39507 0.0131528 0
0 3525 phononL 0.004 1.49558 -0.9859 -0.0162804 0
0 3526 phononL 0.004 2.71062 1.50335 0.0191249 0
0 3527 phononL 0.004 2.32947 0.665481 0.0228285 0
0 3528 phononL 0.004 -2.58853 2.06692 -0.00630423 0
0 3529 phononL 0.004 -1.97338 -0.745519 -0.020297 0
0 3530 phononL 0.004 -2.60355 -1.11112 0.0311376 0
0 3531 phononL 0.004 -0.813286 -2.71302 0.00765724 0
0 3532 phononL 0.004 2.04339 -2.43485 0.0342428 0
0 3533 phononL 0.004 -2.62983 -0.652692 0.0107235 0
0 3534 phononL 0.004 1.46117 2.76512 -0.00517811 0
0 3535 phononL 0.004 -1.82957 0.599782 -0.0390047 0
0 3536 phononL 0.004 -0.685861 -0.262372 0.00928442 0
0 3537 phononL 0.004 -2.80443 -1.00215 0.0155184 0
0 3538 phononL 0.004 1.44419 2.64812 0.00558084 0
0 3539 phononL 0.004 -0.879401 1.9278 0.0263942 0
0 3540 phononL 0.004 1.68346 -2.87085 0.0264772 0
0 3541 phononL 0.004 -0.351638 -0.53271 -0.0359447 0
0 3542 phononL 0.004 1.89112 0.878828 0.00749104 0
0 3543 phononL 0.004 0.849294 0.889085 -0.0127733 0
0 3544 phononL 0.004 -1.48053 -1.01267 -0.00503549 0
0 3545 phononL 0.004 -0.1218 1.35733 -0.034691 0
0 3546 phononL 0.004 2.4192 -2.67098 0.0129411 0
0 3547 phononL 0.004 -2.43533 -2.42122 -0.0389882 0
0 3548 phononL 0.004 1.77257 1.81325 -0.0289414 0
0 3549 phononL 0.004 -1.39458 2.07325 -0.00876052 0
0 3550 phononL 0.004 0.329885 1.21495 0.0144682 0
0 3551 phononL 0.004 -1.57656 -2.40073 0.0105307 0
0 3552 phononL 0.004 0.890487 -1.6911 0.032167 0
0 3553 phononL 0.004 -0.48002 -0.728775 0.0105602 0
0 3554 phononL 0.004 2.72762 -0.897982 -0.0340331 0
0 3555 phononL 0.004 -0.924928 -0.983411 -0.021847 0
0 3556 phononL 0.004 0.051147 2.45796 -0.0245205 0
0 3557 phononL 0.004 0.685062 2.13711 -0.0122784 0
0 3558 phononL 0.004 1.29404 -2.18867 -0.0326556 0
0 3559 phononL 0.004 -1.20867 -1.85198 -0.0226509 0
0 3560 phononL 0.004 -1.54916 1.81576 0.0213036 0
0 3561 phononL 0.004 -0.796656 -1.81822 -0.0156636 0
0 3562 phononL 0.004 -1.41348 -0.47124 0.012318 0
0 3563 phononL 0.004 1.82322 0.755385 0.0234459 0
0 3564 phononL 0.004 1.30084 -2.8802 -0.0144957 0
0 3565 phononL 0.004 2.61456 1.07938 0.00201168 0
0 3566 phononL 0.004 -0.0289109 0.936288 0.0010592 0
0 3567 phononL 0.004 1.53533 -2.69203 0.00035537 0
0 3568 phononL 0.004 -2.09297 1.4318 -0.0129499 0
0 3569 phononL 0.004 -1.579 -0.126607 -0.037754 0
0 3570 phononL 0.004 -1.25748 0.265427 -0.0287259 0
0 3571 phononL 0.004 -2.32955 2.03391 -0.00317736 0
0 3572 phononL 0.004 -2.13805 2.2414 -0.00669089 0
0 3573 phononL 0.004 -2.69505 -1.46158 0.0193828 0
0 3574 phononL 0.004 -2.02427 -0.357603 -0.0347817 0
0 3575 phononL 0.004 -0.404897 -1.31283 -0.00745617 0
0 3576 phononL 0.004 1.8101 1.59066 0.00629691 0
0 3577 phononL 0.004 -0.100597 0.183415 -0.014605 0
0 3578 phononL 0.004 -2.41844 1.43105 -0.0148003 0
0 3579 phononL 0.004 -0.645443 -1.22208 0.0386176 0
0 3580 phononL 0.004 -1.2315 -2.20271 0.00198335 0
0 3581 phononL 0.004 -2.75055 -2.6927 -0.0147379 0
0 3582 phononL 0.004 -1.90786 2.45515 -0.0146561 0
0 3583 phononL 0.004 -1.68848 -0.533587 -0.0392525 0
0 3584 phononL 0.004 1.89747 0.337219 0.0166044 0
0 3585 phononL 0.004 1.14119 0.712152 0.0276365 0
0 3586 phononL 0.004 -2.51942 -1.78437 0.000187409 0
0 3587 phononL 0.004 0.441167 1.08242 0.00669162 0
0 3588 phononL 0.004 -2.71567 -2.20116 -0.039726 0
0 3589 phononL 0.004 2.11859 -1.26876 0.00595531 0
0 3590 phononL 0.004 -0.644029 0.994273 -0.0061557 0
0 3591 phononL 0.004 -0.660323 -1.63741 -0.0148966 0
0 3592 phononL 0.004 -1.79607 -2.6562 -0.0182455 0
0 3593 phononL 0.004 0.131787 0.817031 -0.0164944 0
0 3594 phononL 0.004 -2.02605 0.161173 0.0193563 0
0 3595 phononL 0.004 2.02323 -1.59219 0.0125157 0
0 3596 phononL 0.004 -1.86424 0.0799701 0.0208095 0
0 3597 phononL 0.004 -0.221013 1.38816 -0.0159807 0
0 3598 phononL 0.004 2.88454 0.45368 0.0139102 0
0 3599 phononL 0.004 -0.758695 -0.465847 0.0336751 0
0 3600 phononL 0.004 -0.531999 -0.0871268 -0.0170349 0
0 3601 phononL 0.004 -0.47284 0.590226 0.035266 0
0 3602 phononL 0.004 -0.860786 -2.081 0.0382032 0
0 3603 phononL 0.004 0.279465 1.20632 0.0383914 0
0 3604 phononL 0.004 2.66254 -2.42494 -0.017205 0
0 3605 phononL 0.004 -1.49598 -1.41309 -0.0335358 0
0 3606 phononL 0.004 2.86029 -1.1981 0.0227297 0
0 3607 phononL 0.004 -0.628698 -2.43506 -0.0262582 0
0 3608 phononL 0.004 -0.385127 -1.90519 0.0337246 0
0 3609 phononL 0.004 -1.45126 -2.51088 -0.0251354 0
0 3610 phononL 0.004 -1.06163 -0.157843 -0.0293301 0
0 3611 phononL 0.004 -1.93144 -0.710067 0.0196344 0
0 3612 phononL 0.004 -1.36268 -0.901112 -0.0309581 0
0 3613 phononL 0.004 -0.425731 0.561639 -0.0313693 0
0 3614 phononL 0.004 2.48576 0.0821488 -0.0240823 0
0 3615 phononL 0.004 0.999853 -0.985896 0.0150098 0
0 3616 phononL 0.004 0.0288405 -2.84548 0.0293393 0
0 3617 phononL 0.004 -0.0460566 -0.170701 0.00706467 0
0 3618 phononL 0.004 -2.60294 -0.0127162 -0.00487185 0
0 3619 phononL 0.004 1.01795 -0.418952 0.0152348 0
0 3620 phononL 0.004 0.539704 2.82844 -0.0327543 0
0 3621 phononL 0.004 -2.66802 0.980479 -0.0139093 0
0 3622 phononL 0.004 -1.66184 -1.65273 0.0168626 0
0 3623 phononL 0.004 -1.68267 2.82555 -0.0136335 0
0 3624 phononL 0.004 -0.177857 0.569626 -0.00542675 0
0 3625 phononL 0.004 2.88089 1.76071 0.00822082 0
0 3626 phononL 0.004 1.78061 -1.52387 -0.0105962 0
0 3627 phononL 0.004 0.319125 2.17546 0.0348471 0
0 3628 phononL 0.004 -2.53068 0.87946 0.0286651 0
0 3629 phononL 0.004 0.122115 -2.63836 0.00925203 0
0 3630 phononL 0.004 -0.417888 2.36083 -0.0340996 0
0 3631 phononL 0.004 2.53645 -1.6566 0.0386616 0
0 3632 phononL 0.004 1.4784 0.710032 0.0368858 0
0 3633 phononL 0.004 0.0054934 0.113993 -0.0348717 0
0 3634 phononL 0.004 -2.85352 2.77518 0.0285931 0
0 3635 phononL 0.004 0.940863 -1.19106 0.0314472 0
0 3636 phononL 0.004 -0.00262157 2.15458 -0.0322451 0
0 3637 phononL 0.004 2.24631 -2.01353 0.0227837 0
0 3638 phononL 0.004 2.04289 -1.65962 -0.00989958 0
0 3639 phononL 0.004 0.0774247 2.77544 -0.00735949 0
0 3640 phononL 0.004 2.56259 1.6424 0.0330907 0
0 3641 phononL 0.004 -2.09766 -1.61008 -0.014276 0
0 3642 phononL 0.004 1.35912 -0.469598 0.00899064 0
0 3643 phononL 0.004 -1.27754 -1.99439 -0.00910916 0
0 3644 phononL 0.004 2.71332 1.46775 -0.0315917 0
0 3645 phononL 0.004 1.5748 0.477058 0.0061109 0
0 3646 phononL 0.004 -0.871433 2.13833 -0.0235879 0
0 3647 phononL 0.004 2.01863 1.06925 -0.0238168 0
0 3648 phononL 0.004 1.87595 2.4693 -0.0214871 0
0 3649 phononL 0.004 1.3973 1.18893 -0.0377268 0
0 3650 phononL 0.004 -1.6562 -1.43915 -0.031104 0
0 3651 phononL 0.004 -2.88252 0.0301975 0.0270977 0
0 3652 phononL 0.004 -0.193293 0.07377 0.00060991 0
0 3653 phononL 0.004 1.78832 1.59554 -0.00690785 0
0 3654 phononL 0.004 -1.1624 -2.44043 -0.00201648 0
0 3655 phononL 0.004 -0.208841 -2.33619 0.013169 0
0 3656 phononL 0.004 -0.498514 -1.02939 -0.00464935 0
0 3657 phononL 0.004 0.0353099 2.64645 0.0331022 0
0 3658 phononL 0.004 2.85632 -1.93385 -0.0291378 0
0 3659 phononL 0.004 -2.27109 -1.87904 0.034745 0
0 3660 phononL 0.004 -0.557435 -1.57574 0.0294011 0
0 3661 phononL 0.004 1.48438 1.99718 0.0278658 0
0 3662 phononL 0.004 -0.814464 2.06272 -0.0102728 0
0 3663 phononL 0.004 1.37652 0.331601 0.0328155 0
0 3664 phononL 0.004 -2.39238 -2.10069 -0.0275036 0
0 3665 phononL 0.004 1.21754 0.37845 0.022685 0
0 3666 phononL 0.004 1.96626 -1.05244 0.0141064 0
0 3667 phononL 0.004 1.1732 0.223034 0.00168239 0
0 3668 phononL 0.004 -0.632627 1.2974 -0.0178127 0
0 3669 phononL 0.004 1.51845 1.23476 0.0058681 0
0 3670 phononL 0.004 -2.02277 -1.73888 -0.0375019 0
0 3671 phononL 0.004 -0.466538 -0.203421 0.00659041 0
0 3672 phononL 0.004 -2.53956 0.371713 0.0207758 0
0 3673 phononL 0.004 2.59925 -2.67416 0.0172542 0
0 3674 phononL 0.004 -2.69271 1.80363 -0.0393881 0
0 3675 phononL 0.004 1.98115 2.64877 -0.0011173 0
0 3676 phononL 0.004 1.92505 -1.6141 -0.026763 0
0 3677 phononL 0.004 1.71414 -2.67777 0.00607851 0
0 3678 phononL 0.004 -1.29665 -0.688493 0.00162377 0
0 3679 phononL 0.004 -1.2782 -2.75198 0.0120249 0
0 3680 phononL 0.004 -0.258272 0.363592 0.0212646 0
0 3681 phononL 0.004 -2.59096 -2.83882 0.0265197 0
0 3682 phononL 0.004 2.62498 0.990962 -0.0234061 0
0 3683 phononL 0.004 0.402318 0.0931353 0.0259277 0
0 3684 phononL 0.004 0.589398 1.45771 -0.00792839 0
0 3685 phononL 0.004 -0.508309 1.91434 0.0200291 0
0 3686 phononL 0.004 2.56569 1.82922 0.0289062 0
0 3687 phononL 0.004 -0.385418 1.80669 -0.00995091 0
0 3688 phononL 0.004 0.955811 -1.35357 0.00517753 0
0 3689 phononL 0.004 -1.56484 1.70241 -0.0348142 0
0 3690 phononL 0.004 -1.64246 0.802964 0.0387287 0
0 3691 phononL 0.004 2.18515 0.530587 -0.0181529 0
0 3692 phononL 0.004 -2.43295 -2.86232 -0.0216102 0
0 3693 phononL 0.004 0.566129 -0.436666 0.0382883 0
0 3694 phononL 0.004 -0.783758 0.649972 0.033333 0
0 3695 phononL 0.004 2.79841 -1.77737 -0.0178076 0
0 3696 phononL 0.004 1.40287 1.16768 -0.0271556 0
0 3697 phononL 0.004 -1.47091 1.3267 0.011929 0
0 3698 phononL 0.004 -2.08469 -1.58667 0.0293753 0
0 3699 phononL 0.004 -1.52669 1.82012 -0.00273704 0
0 3700 phononL 0.004 -0.187787 0.259656 0.0353661 0
0 3701 phononL 0.004 0.669557 1.27367 -0.0373306 0
0 3702 phononL 0.004 -1.05035 -0.13844 0.0130715 0
0 3703 phononL 0.004 0.0999373 0.974985 0.015702 0
0 3704 phononL 0.004 0.241902 -0.393704 0.0318881 0
0 3705 phononL 0.004 -0.681849 1.84048 0.0319578 0
0 3706 phononL 0.004 1.90997 2.56093 0.0125846 0
0 3707 phononL 0.004 2.79111 1.1531 -0.0391218 0
0 3708 phononL 0.004 -0.608152 -1.12338 0.0110882 0
0 3709 phononL 0.004 2.34303 1.57484 0.00468018 0
0 3710 phononL 0.004 0.273498 -2.04758 0.0142109 0
0 3711 phononL 0.004 1.6077 -2.48628 0.020189 0
0 3712 phononL 0.004 -0.436478 -2.50762 0.0389374 0
0 3713 phononL 0.004 -2.51757 1.17032 -0.0142808 0
0 3714 phononL 0.004 -0.974752 2.74393 -0.0323112 0
0 3715 phononL 0.004 2.49062 0.716694 -0.00417481 0
0 3716 phononL 0.004 0.0982669 0.253487 -0.0259147 0
0 3717 phononL 0.004 -0.95454 0.911662 -0.0217067 0
0 3718 phononL 0.004 1.89067 2.07885 0.0137024 0
0 3719 phononL 0.004 -0.549045 2.41012 -0.0359848 0
0 3720 phononL 0.004 -1.32611 -0.960388 -0.00766649 0
0 3721 phononL 0.004 -0.927181 2.33566 -0.037601 0
0 3722 phononL 0.004 -0.566756 0.501354 0.0187985 0
0 3723 phononL 0.004 -1.85224 1.26205 0.0291043 0
0 3724 phononL 0.004 2.23216 1.72749 0.0288466 0
0 3725 phononL 0.004 2.22179 -2.02603 0.0224959 0
0 3726 phononL 0.004 2.387 0.603556 0.0165255 0
0 3727 phononL 0.004 1.35652 -1.97642 0.0133663 0
0 3728 phononL 0.004 -0.0503502 -0.128477 0.0388491 0
0 3729 phononL 0.004 1.36475 -1.06261 0.0127368 0
0 3730 phononL 0.004 1.48044 2.13409 -0.0115385 0
0 3731 phononL 0.004 -0.604654 -1.60967 -0.0292523 0
0 3732 phononL 0.004 0.237915 2.39218 -0.00901593 0
0 3733 phononL 0.004 -2.42729 0.616948 0.00896298 0
0 3734 phononL 0.004 2.76897 -2.88062 -0.03718 0
0 3735 phononL 0.004 0.401388 -2.87803 0.032568 0
0 3736 phononL 0.004 1.53319 -0.896945 -0.0118015 0
0 3737 phononL 0.004 2.66433 -0.0253969 0.0335369 0
0 3738 phononL 0.004 0.999178 0.580543 -0.0355623 0
0 3739 phononL 0.004 2.41527 -0.147292 -0.00930197 0
0 3740 phononL 0.004 -2.405 0.805853 0.0276532 0
0 3741 phononL 0.004 0.866959 0.655599 0.00523599 0
0 3742 phononL 0.004 1.13462 2.2604 -0.0396372 0
0 3743 phononL 0.004 -0.681493 -0.178168 -0.0385715 0
0 3744 phononL 0.004 -0.259769 -0.128459 -0.0365553 0
0 3745 phononL 0.004 2.23873 -0.653763 0.00416839 0
0 3746 phononL 0.004 -2.81923 -1.83391 0.0366015 0
0 3747 phononL 0.004 -0.668719 2.82608 0.0327474 0
0 3748 phononL 0.004 2.18133 -0.748286 0.0154352 0
0 3749 phononL 0.004 -2.66418 -2.84182 -0.0235571 0
0 3750 phononL 0.004 -1.4161 1.66128 0.0246668 0
0 3751 phononL 0.004 -0.855439 -1.46255 0.0343529 0
0 3752 phononL 0.004 -0.0187141 0.453308 0.0235701 0
0 3753 phononL 0.004 2.01717 -0.697393 0.031729 0
0 3754 phononL 0.004 -2.23516 0.105641 0.0274774 0
0 3755 phononL 0.004 0.931441 -2.50138 0.0313393 0
0 3756 phononL 0.004 2.22587 -1.4633 -0.0168655 0
0 3757 phononL 0.004 1.80235 -1.21088 -0.0334058 0
0 3758 phononL 0.004 -2.06095 -0.110578 0.0290903 0
0 3759 phononL 0.004 0.0353993 2.61893 -0.0149267 0
0 3760 phononL 0.004 -2.03053 -1.11663 -0.00395728 0
0 3761 phononL 0.004 1.15997 2.72755 -0.00425621 0
0 3762 phononL 0.004 2.25551 -0.642127 -0.0203693 0
0 3763 phononL 0.004 2.88146 -0.903333 0.00426728 0
0 3764 phononL 0.004 -1.26603 -2.69219 0.0173674 0
0 3765 phononL 0.004 2.0644 2.73503 0.019414 0
0 3766 phononL 0.004 -0.253793 -0.722136 0.0390794 0
0 3767 phononL 0.004 1.32097 2.83462 0.0244851 0
0 3768 phononL 0.004 -1.0073 -2.48532 -0.0213287 0
0 3769 phononL 0.004 0.982305 1.88839 -0.000660969 0
0 3770 phononL 0.004 1.20774 -2.42964 -0.0202455 0
0 3771 phononL 0.004 1.05069 1.82745 0.0228848 0
0 3772 phononL 0.004 -2.00728 -2.37282 0.00749885 0
0 3773 phononL 0.004 0.451711 -2.83991 -0.0275423 0
0 3774 phononL 0.004 1.52665 0.213094 0.0175857 0
0 3775 phononL 0.004 0.966886 -0.0836515 -0.0231189 0
0 3776 phononL 0.004 -2.88233 0.146364 0.0195267 0
0 3777 phononL 0.004 1.35332 -2.5482 -0.0255077 0
0 3778 phononL 0.004 -0.154298 -0.512316 -0.0168772 0
0 3779 phononL 0.004 1.66218 -0.354273 -0.0189999 0
0 3780 phononL 0.004 0.289767 2.83584 0.0388797 0
0 3781 phononL 0.004 -1.11433 -2.6257 -0.0227722 0
0 3782 phononL 0.004 -1.61542 -2.76072 0.0156878 0
0 3783 phononL 0.004 1.16707 -1.02544 -0.0298967 0
0 3784 phononL 0.004 1.65374 -0.138053 0.00101151 0
0 3785 phononL 0.004 -0.0291743 1.00071 0.0198559 0
0 3786 phononL 0.004 -2.27874 0.795665 -0.0333486 0
0 3787 phononL 0.004 -1.74435 2.19664 -0.038876 0
0 3788 phononL 0.004 -1.30375 -0.0363802 0.0144023 0
0 3789 phononL 0.004 0.525172 0.638848 0.00943931 0
0 3790 phononL 0.004 0.845556 -2.18606 0.0304264 0
0 3791 phononL 0.004 1.40692 -0.397797 -0.00977072 0
0 3792 phononL 0.004 -1.80508 -1.85777 0.0189053 0
0 3793 phononL 0.004 -1.77346 -2.85572 0.0046237 0
0 3794 phononL 0.004 -1.18126 -2.24896 -0.0297246 0
0 3795 phononL 0.004 -1.4644 -1.42989 0.0280885 0
0 3796 phononL 0.004 -1.89271 -1.22958 0.0289587 0
0 3797 phononL 0.004 2.8383 -1.60981 -0.00761293 0
0 3798 phononL 0.004 2.71202 0.991863 -0.0100892 0
0 3799 phononL 0.004 2.42445 -1.59579 -0.0160619 0
0 3800 phononL 0.004 2.34575 -2.26052 0.00454844 0
0 3801 phononL 0.004 2.20472 2.2588 -0.0315933 0
0 3802 phononL 0.004 2.13652 0.443572 0.0221909 0
0 3803 phononL 0.004 2.05103 1.08128 0.025664 0
0 3804 phononL 0.004 1.01682 1.39083 -0.0358561 0
0 3805 phononL 0.004 -1.94277 -2.08249 0.0358482 0
0 3806 phononL 0.004 -2.53227 -0.789985 -0.00665917 0
0 3807 phononL 0.004 2.85895 -2.72534 0.00659048 0
0 3808 phononL 0.004 2.52958 0.544774 -0.0190562 0
0 3809 phononL 0.004 -1.01768 -0.280547 0.024982 0
0 3810 phononL 0.004 -0.409936 2.30354 -0.0217375 0
0 3811 phononL 0.004 -0.507292 -0.774306 -0.024103 0
0 3812 phononL 0.004 -1.68837 -0.745417 -0.0269732 0
0 3813 phononL 0.004 -1.30256 2.20917 0.0399044 0
0 3814 phononL 0.004 -1.47716 2.8472 -0.0228267 0
0 3815 phononL 0.004 0.135934 -1.98386 -0.0327903 0
0 3816 phononL 0.004 2.70337 0.32323 -0.0181318 0
0 3817 phononL 0.004 -0.385715 -1.70569 0.00828001 0
0 3818 phononL 0.004 -0.80334 -1.86702 0.0136997 0
0 3819 phononL 0.004 -2.16795 1.57165 0.0172448 0
0 3820 phononL 0.004 1.84113 -1.92603 0.0316196 0
0 3821 phononL 0.004 1.31651 -0.736974 -0.0183754 0
0 3822 phononL 0.004 -1.90888 -2.75344 0.0168376 0
0 3823 phononL 0.004 -0.353601 -0.0386409 0.00737308 0
0 3824 phononL 0.004 -1.60036 0.347245 -0.025945 0
0 3825 phononL 0.004 2.39876 -1.53985 -0.0181755 0
0 3826 phononL 0.004 1.88748 -2.82089 -0.0309775 0
0 3827 phononL 0.004 -1.54985 -2.34431 -0.0315118 0
0 3828 phononL 0.004 -0.152516 1.92261 0.0205482 0
0 3829 phononL 0.004 -2.40023 2.69767 -0.0268184 0
0 3830 phononL 0.004 -2.40462 -2.15513 0.0351359 0
0 3831 phononL 0.004 -0.78368 -1.10176 0.00790279 0
0 3832 phononL 0.004 1.59925 -2.6673 -0.0168122 0
0 3833 phononL 0.004 -2.71641 1.11809 0.0102643 0
0 3834 phononL 0.004 2.18246 -1.62011 -0.0231638 0
0 3835 phononL 0.004 1.07454 1.55388 -0.036118 0
0 3836 phononL 0.004 -1.62318 -2.40352 -0.0281883 0
0 3837 phononL 0.004 0.117235 2.10328 -0.0352183 0
0 3838 phononL 0.004 0.374727 -2.39709 0.0275092 0
0 3839 phononL 0.004 0.871129 0.20542 0.0283019 0
0 3840 phononL 0.004 -2.86462 1.3416 -0.00516264 0
0 3841 phononL 0.004 -1.10144 1.48628 0.000431505 0
0 3842 phononL 0.004 2.21718 -2.04684 -0.0274856 0
0 3843 phononL 0.004 1.41971 1.52678 -0.0207591 0
0 3844 phononL 0.004 -1.62021 2.37871 -0.0130496 0
0 3845 phononL 0.004 1.55135 0.0545918 0.0345298 0
0 3846 phononL 0.004 -0.0425981 -1.75286 0.0346456 0
0 3847 phononL 0.004 -1.83317 0.042142 -0.00390884 0
0 3848 phononL 0.004 -1.72229 -0.414955 -0.0255284 0
0 3849 phononL 0.004 -1.61032 1.36137 -0.0376248 0
0 3850 phononL 0.004 -1.75439 -2.30373 0.0270977 0
0 3851 phononL 0.004 1.06139 0.482252 0.0306961 0
0 3852 phononL 0.004 -0.32706 0.67956 0.0375915 0
0 3853 phononL 0.004 1.10107 -2.72569 -0.00735387 0
0 3854 phononL 0.004 0.880904 1.96349 0.0355833 0
0 3855 phononL 0.004 -1.21217 0.0423876 0.0248725 0
0 3856 phononL 0.004 -0.153333 1.7765 -0.0290186 0
0 3857 phononL 0.004 -1.32384 -0.156949 -0.00650446 0
0 3858 phononL 0.004 0.54608 -0.945477 -0.0274701 0
0 3859 phononL 0.004 -0.911828 -0.312071 -0.0175399 0
0 3860 phononL 0.004 -2.52834 0.416061 -0.0338123 0
0 3861 phononL 0.004 -1.15747 -1.82931 -0.0359947 0
0 3862 phononL 0.004 1.9706 2.38096 0.00703671 0
0 3863 phononL 0.004 2.24249 -1.84662 -0.0203132 0
0 3864 phononL 0.004 -1.3128 -1.17715 0.00211893 0
0 3865 phononL 0.004 2.23893 1.0281 0.0266634 0
0 3866 phononL 0.004 2.76682 -2.17838 0.0077129 0
0 3867 phononL 0.004 2.26805 2.65316 0.0334424 0
0 3868 phononL 0.004 1.25961 -0.300822 0.0261035 0
0 3869 phononL 0.004 -2.32204 2.55202 0.0308854 0
0 3870 phononL 0.004 1.61771 0.0398206 0.00430088 0
0 3871 phononL 0.004 1.32199 -0.667788 0.00674689 0
0 3872 phononL 0.004 1.95065 -2.0773 0.0301324 0
0 3873 phononL 0.004 0.188304 -0.76941 0.00115139 0
0 3874 phononL 0.004 0.118672 2.47466 -0.0102256 0
0 3875 phononL 0.004 0.058354 1.49565 -0.0313337 0
0 3876 phononL 0.004 1.43905 -1.90782 -0.0175209 0
0 3877 phononL 0.004 -0.417789 2.3221 -0.030765 0
0 3878 phononL 0.004 -1.71436 1.64938 -0.0275301 0
0 3879 phononL 0.004 0.767451 -1.72786 -0.0244663 0
0 3880 phononL 0.004 0.668245 2.14843 -0.0356271 0
0 3881 phononL 0.004 -0.99261 0.261681 -0.0172346 0
0 3882 phononL 0.004 0.401961 -0.815759 -0.0247153 0
0 3883 phononL 0.004 0.390251 1.50597 0.00705051 0
0 3884 phononL 0.004 0.535346 0.709091 0.0399488 0
0 3885 phononL 0.004 -2.32816 2.52991 -0.0316321 0
0 3886 phononL 0.004 -2.47028 -2.62867 0.030034 0
0 3887 phononL 0.004 -1.24513 -2.53048 -0.0357226 0
0 3888 phononL 0.004 1.67443 1.33735 -0.0244963 0
0 3889 phononL 0.004 -2.10114 -0.698813 -0.026653 0
0 3890 phononL 0.004 -0.915796 -2.12494 0.0124117 0
0 3891 phononL 0.004 -1.64781 2.31739 0.0320915 0
0 3892 phononL 0.004 0.180983 1.04976 -0.000726551 0
0 3893 phononL 0.004 -0.170486 -2.63398 0.0164311 0
0 3894 phononL 0.004 0.467785 0.651796 -0.0262599 0
0 3895 phononL 0.004 -0.407342 2.53596 -0.0320976 0
0 3896 phononL 0.004 0.72269 -0.0160166 0.0294803 0
0 3897 phononL 0.004 -2.55387 2.19846 0.0242319 0
0 3898 phononL 0.004 2.8286 -2.07062 -0.00246687 0
0 3899 phononL 0.004 1.92318 -2.82663 0.00504149 0
0 3900 phononL 0.004 1.74429 1.41725 -0.0292759 0
0 3901 phononL 0.004 0.833822 -1.78802 -0.00948033 0
0 3902 phononL 0.004 -0.848066 2.10732 0.0375862 0
0 3903 phononL 0.004 0.932798 1.60364 0.0376266 0
0 3904 phononL 0.004 -2.7178 -0.587862 -0.0334732 0
0 3905 phononL 0.004 -0.991149 -2.06069 0.00485639 0
0 3906 phononL 0.004 0.112429 0.51264 0.0172549 0
0 3907 phononL 0.004 0.767919 0.0139149 -0.0279628 0
0 3908 phononL 0.004 -0.527066 -1.15629 -0.035683 0
0 3909 phononL 0.004 -1.14838 -0.205812 0.0380245 0
0 3910 phononL 0.004 2.88465 2.71319 -0.0360787 0
0 3911 phononL 0.004 2.87778 -1.2194 -0.0359082 0
0 3912 phononL 0.004 2.57422 -1.02012 -0.00990053 0
0 3913 phononL 0.004 0.841223 0.154102 -0.00326093 0
0 3914 phononL 0.004 2.202 0.877466 0.0286209 0
0 3915 phononL 0.004 2.81737 2.53613 -0.0335556 0
0 3916 phononL 0.004 -1.79535 -2.75263 -0.0325175 0
0 3917 phononL 0.004 1.05198 1.72102 0.0195796 0
0 3918 phononL 0.004 1.19249 -0.619669 0.0166412 0
0 3919 phononL 0.004 -1.51462 -2.74765 0.0122134 0
0 3920 phononL 0.004 0.15249 0.153855 0.00318119 0
0 3921 phononL 0.004 -1.86052 2.41304 0.0245992 0
0 3922 phononL 0.004 2.22731 1.60104 -0.0214297 0
0 3923 phononL 0.004 2.18401 -2.05456 0.0109817 0
0 3924 phononL 0.004 0.232911 2.35125 0.00843092 0
0 3925 phononL 0.004 -0.436681 0.471839 0.0054684 0
0 3926 phononL 0.004 0.932509 -0.286875 -0.0124055 0
0 3927 phononL 0.004 -2.5976 -2.52893 -0.0131154 0
0 3928 phononL 0.004 -1.79538 2.20756 -0.0162454 0
0 3929 phononL 0.004 1.45934 2.07104 0.00548591 0
0 3930 phononL 0.004 -0.177758 -1.73812 0.0175267 0
0 3931 phononL 0.004 -0.127885 -1.84502 -0.0236145 0
0 3932 phononL 0.004 2.27477 2.51268 0.00724074 0
0 3933 phononL 0.004 1.60689 2.08359 -0.0266633 0
0 3934 phononL 0.004 -1.54783 -0.326542 0.0312089 0
0 3935 phononL 0.004 -1.58786 -0.286954 -0.00650548 0
0 3936 phononL 0.004 -2.59707 -1.17933 -0.0376497 0
0 3937 phononL 0.004 2.20789 -0.159803 0.00684833 0
0 3938 phononL 0.004 1.03088 -0.992318 0.0336045 0
0 3939 phononL 0.004 1.34318 -0.134272 -0.0211978 0
0 3940 phononL 0.004 -0.21871 2.06634 -0.0310091 0
0 3941 phononL 0.004 -0.463651 1.3734 0.00690495 0
0 3942 phononL 0.004 2.71624 -2.50043 -0.038266 0
0 3943 phononL 0.004 -1.60606 -0.529094 0.0381655 0
0 3944 phononL 0.004 -1.81886 2.34413 0.00927261 0
0 3945 phononL 0.004 0.220482 1.34438 0.0259651 0
0 3946 phononL 0.004 -0.766197 2.69215 -0.0136173 0
0 3947 phononL 0.004 0.396379 2.30703 0.0253947 0
0 3948 phononL 0.004 -1.9003 0.501256 -0.003691 0
0 3949 phononL 0.004 2.56464 0.88577 0.0181534 0
0 3950 phononL 0.004 2.52611 1.23573 0.009172 0
0 3951 phononL 0.004 2.6825 0.629955 -0.0181038 0
0 3952 phononL 0.004 0.481582 -2.2076 -0.0205869 0
0 3953 phononL 0.004 -2.02538 0.128772 -0.0375675 0
0 3954 phononL 0.004 -0.867098 0.679154 0.0261183 0
0 3955 phononL 0.004 0.976627 -2.51438 0.016031 0
0 3956 phononL 0.004 2.19723 -2.34584 -0.025413 0
0 3957 phononL 0.004 2.49153 0.345347 -0.0390491 0
0 3958 phononL 0.004 2.84395 1.08046 0.0360907 0
0 3959 phononL 0.004 -0.608557 1.20986 -0.0370578 0
0 3960 phononL 0.004 2.3106 -0.315732 4.62571e-05 0
0 3961 phononL 0.004 -2.36225 -2.06926 -0.00180192 0
0 3962 phononL 0.004 -0.0792627 2.02277 0.0158156 0
0 3963 phononL 0.004 2.13631 1.07315 0.0141542 0
0 3964 phononL 0.004 -0.0496452 2.09451 -0.0392101 0
0 3965 phononL 0.004 -1.31799 0.373754 0.0198683 0
0 3966 phononL 0.004 -2.24444 2.26464 0.00534406 0
0 3967 phononL 0.004 -0.577396 -0.940827 -0.0114083 0
0 3968 phononL 0.004 0.940274 2.43018 0.0250132 0
0 3969 phononL 0.004 -2.7614 1.97392 0.0266286 0
0 3970 phononL 0.004 -2.44253 -2.47515 0.0269028 0
0 3971 phononL 0.004 -0.479763 -0.0899831 0.0368444 0
0 3972 phononL 0.004 -1.7117 0.492945 0.0126944 0
0 3973 phononL 0.004 0.42084 -1.91512 0.0216288 0
0 3974 phononL 0.004 -0.710743 2.60992 -0.0341328 0
0 3975 phononL 0.004 -0.0328356 2.7748 0.0319774 0
0 3976 phononL 0.004 -0.44967 -1.56207 0.00965048 0
0 3977 phononL 0.004 2.78896 -2.42778 -0.0189245 0
0 3978 phononL 0.004 2.50215 -2.54876 -0.0273383 0
0 3979 phononL 0.004 2.24914 2.42278 0.0104277 0
0 3980 phononL 0.004 -0.0525564 -1.0373 0.0327397 0
0 3981 phononL 0.004 -2.1916 2.58893 -0.00171938 0
0 3982 phononL 0.004 0.885659 -1.70628 -0.0122301 0
0 3983 phononL 0.004 0.610528 -2.53152 -0.00408341 0
0 3984 phononL 0.004 -1.42072 1.68032 0.0309372 0
0 3985 phononL 0.004 -2.13544 -1.72399 -0.0141542 0
0 3986 phononL 0.004 2.61561 0.831689 -0.00779731 0
0 3987 phononL 0.004 -0.632422 -1.10154 -0.0328103 0
0 3988 phononL 0.004 -0.411895 -2.70195 0.0177691 0
0 3989 phononL 0.004 1.71614 0.204314 -0.0364876 0
0 3990 phononL 0.004 -1.40048 -1.24422 0.0227345 0
0 3991 phononL 0.004 0.418573 -0.352216 -0.0365492 0
0 3992 phononL 0.004 2.64269 -2.61257 -0.0399203 0
0 3993 phononL 0.004 1.52702 -0.858191 -0.00298014 0
0 3994 phononL 0.004 1.8657 1.78116 0.00603868 0
0 3995 phononL 0.004 -1.1922 -2.80253 -0.019457 0
0 3996 phononL 0.004 -1.10043 1.91911 -0.0310706 0
0 3997 phononL 0.004 -0.662568 -0.161257 0.00349953 0
0 3998 phononL 0.004 -1.89995 -1.50066 -0.0208288 0
0 3999 phononL 0.004 -2.32831 1.87429 -0.020109 0
0 4000 phononL 0.004 -2.17753 2.56492 0.00151667 0
0 4001 phononL 0.004 -0.218466 -0.210056 0.0193387 0
0 4002 phononL 0.004 -0.0356611 0.200239 -0.0268727 0
0 4003 phononL 0.004 1.49678 -2.15101 -0.0218719 0
0 4004 phononL 0.004 -2.72383 0.926213 -0.0384103 0
0 4005 phononL 0.004 -2.7185 0.726769 -0.016512 0
0 4006 phononL 0.004 -1.68898 -0.484234 0.00425823 0
0 4007 phononL 0.004 1.31271 -1.14147 0.0186872 0
0 4008 phononL 0.004 2.7108 -1.20929 0.0275068 0
0 4009 phononL 0.004 -2.18548 -0.871976 -0.0218263 0
0 4010 phononL 0.004 -1.64679 -1.12373 -0.0128871 0
0 4011 phononL 0.004 1.55418 -0.14003 -0.0184283 0
0 4012 phononL 0.004 2.1983 2.74954 0.0136618 0
0 4013 phononL 0.004 1.71104 1.03012 -0.0116383 0
0 4014 phononL 0.004 -0.977837 1.08718 -0.0228293 0
0 4015 phononL 0.004 -1.64321 -1.06926 0.0100794 0
0 4016 phononL 0.004 0.987426 -0.740511 -0.0120173 0
0 4017 phononL 0.004 2.64201 2.84739 0.00432586 0
0 4018 phononL 0.004 -1.05964 2.31176 -0.00390781 0
0 4019 phononL 0.004 -1.68017 -1.52106 -0.0146998 0
0 4020 phononL 0.004 1.02801 0.59785 -0.028247 0
0 4021 phononL 0.004 2.61232 0.224396 0.0220786 0
0 4022 phononL 0.004 0.741568 -1.07367 -0.000229538 0
0 4023 phononL 0.004 -2.79871 1.41133 -0.0284276 0
0 4024 phononL 0.004 1.56998 -0.812671 0.0359618 0
0 4025 phononL 0.004 -2.43119 -2.38481 -0.036973 0
0 4026 phononL 0.004 0.0811831 -1.79525 -0.0170458 0
0 4027 phononL 0.004 0.572935 -2.60276 0.0139053 0
0 4028 phononL 0.004 0.913793 -1.59532 -0.0264265 0
0 4029 phononL 0.004 0.682079 2.61335 -0.0121236 0
0 4030 phononL 0.004 2.09182 1.10851 0.0112504 0
0 4031 phononL 0.004 2.54999 1.11086 -0.017856 0
0 4032 phononL 0.004 -0.825489 0.649197 -0.0184361 0
0 4033 phononL 0.004 -2.19226 -1.07885 0.0240908 0
0 4034 phononL 0.004 0.129418 -1.57397 -0.0300715 0
0 4035 phononL 0.004 0.188406 -1.42228 -0.0329866 0
0 4036 phononL 0.004 0.0602697 1.06444 -0.0205622 0
0 4037 phononL 0.004 -2.43854 -2.73902 -0.01012 0
0 4038 phononL 0.004 -0.384249 0.764146 0.0159012 0
0 4039 phononL 0.004 -2.5687 -0.5146 0.013902 0
0 4040 phononL 0.004 0.672669 -2.8019 -0.00201014 0
0 4041 phononL 0.004 -2.08678 1.25906 -0.0189201 0
0 4042 phononL 0.004 -1.27528 0.478365 0.0162459 0
0 4043 phononL 0.004 0.488929 0.190739 0.00802097 0
0 4044 phononL 0.004 0.188222 -2.88047 0.0258552 0
0 4045 phononL 0.004 2.69123 -2.07632 -0.0124733 0
0 4046 phononL 0.004 -1.02981 -1.80514 -0.00281875 0
0 4047 phononL 0.004 -2.74232 2.61184 0.000860853 0
0 4048 phononL 0.004 -0.0807158 0.445529 0.0366575 0
0 4049 phononL 0.004 -2.76169 1.18221 -0.00336097 0
0 4050 phononL 0.004 -2.59926 1.08149 -0.0149225 0
0 4051 phononL 0.004 1.53741 -1.56618 -0.0342261 0
0 4052 phononL 0.004 -0.467267 2.02409 -0.0181442 0
0 4053 phononL 0.004 2.74809 -0.102767 0.0319824 0
0 4054 phononL 0.004 1.77961 -1.50808 -0.0229136 0
0 4055 phononL 0.004 0.420587 -1.17936 -0.0385528 0
0 4056 phononL 0.004 1.92845 2.18348 -0.0281092 0
0 4057 phononL 0.004 -0.600484 2.56567 0.0280399 0
0 4058 phononL 0.004 -0.495293 1.20818 -0.0200331 0
0 4059 phononL 0.004 1.17241 2.31478 0.00892923 0
0 4060 phononL 0.004 -1.91938 2.43663 0.0366606 0
0 4061 phononL 0.004 -0.171296 -1.75272 -0.00573735 0
0 4062 phononL 0.004 -2.60947 2.73932 0.0324031 0
0 4063 phononL 0.004 2.45828 1.21702 0.034067 0
0 4064 phononL 0.004 0.308337 -2.03739 0.0176377 0
0 4065 phononL 0.004 -2.18168 2.28109 -0.0310096 0
0 4066 phononL 0.004 2.30652 1.28963 0.00767006 0
0 4067 phononL 0.004 -1.8506 -1.96019 -0.0195528 0
0 4068 phononL 0.004 -0.00659239 0.797933 0.00994178 0
0 4069 phononL 0.004 1.20885 1.6443 0.00297904 0
0 4070 phononL 0.004 2.02857 1.40227 0.0168971 0
0 4071 phononL 0.004 -1.06413 -0.320311 -0.012654 0
0 4072 phononL 0.004 -1.82041 2.33013 0.0286865 0
0 4073 phononL 0.004 -0.943135 0.0967412 0.00692546 0
0 4074 phononL 0.004 2.46448 -0.667494 -0.00682041 0
0 4075 phononL 0.004 -0.381415 -1.36019 -0.0288753 0
0 4076 phononL 0.004 0.222454 2.57095 0.00532876 0
0 4077 phononL 0.004 2.19355 0.552878 -0.0320981 0
0 4078 phononL 0.004 -1.46503 2.83813 0.027483 0
0 4079 phononL 0.004 2.27296 0.506348 0.0168866 0
0 4080 phononL 0.004 -1.74384 -0.29948 0.028038 0
0 4081 phononL 0.004 0.533217 -2.12603 -0.0334921 0
0 4082 phononL 0.004 0.0957469 -2.45223 -0.0109597 0
0 4083 phononL 0.004 1.23958 -0.317616 -0.00597981 0
0 4084 phononL 0.004 1.21857 -1.81415 -0.0275221 0
0 4085 phononL 0.004 0.050278 -1.95217 0.0173044 0
0 4086 phononL 0.004 0.343825 -1.46466 0.00107374 0
0 4087 phononL 0.004 -2.27035 0.657665 -0.0331022 0
0 4088 phononL 0.004 -2.75883 -1.56493 -0.0175435 0
0 4089 phononL 0.004 -2.46443 -1.39339 -0.0151057 0
0 4090 phononL 0.004 -1.08865 1.28293 0.0324067 0
0 4091 phononL 0.004 0.436476 0.800573 0.0360677 0
0 4092 phononL 0.004 0.662314 -1.56372 -0.000551026 0
0 4093 phononL 0.004 2.74635 -0.380312 0.000629219 0
0 4094 phononL 0.004 0.54329 -0.741255 -0.0157066 0
0 4095 phononL 0.004 -0.0883665 -2.49609 0.0120042 0
0 4096 phononL 0.004 -0.860969 1.28077 -0.0240381 0
0 4097 phononL 0.004 2.29514 -0.0367051 -0.00501494 0
0 4098 phononL 0.004 1.25925 0.194688 -0.0213385 0
0 4099 phononL 0.004 1.56626 -1.45069 -0.0305194 0
0 4100 phononL 0.004 -0.736265 -2.77656 0.0186318 0
0 4101 phononL 0.004 0.67641 -1.37862 0.0101019 0
0 4102 phononL 0.004 -0.973888 -1.33077 -0.000865442 0
0 4103 phononL 0.004 2.52826 -2.7087 -0.00814395 0
0 4104 phononL 0.004 0.729563 -1.57167 -0.00623968 0
0 4105 phononL 0.004 -2.38923 2.82556 0.0249762 0
0 4106 phononL 0.004 -1.13149 -1.53949 0.0051861 0
0 4107 phononL 0.004 -2.84072 2.39677 0.0280914 0
0 4108 phononL 0.004 -0.392404 0.633951 0.00198464 0
0 4109 phononL 0.004 2.38352 1.51359 -0.00323737 0
0 4110 phononL 0.004 2.47561 -0.229901 -0.00709373 0
0 4111 phononL 0.004 -1.94159 0.0090156 -0.0215316 0
0 4112 phononL 0.004 2.5572 -1.36879 0.00842783 0
0 4113 phononL 0.004 -2.82678 2.25084 -0.0332802 0
0 4114 phononL 0.004 -1.91598 2.35914 -0.0174414 0
0 4115 phononL 0.004 -0.672449 -2.44739 -0.0189586 0
0 4116 phononL 0.004 -2.47973 2.63122 -0.013983 0
0 4117 phononL 0.004 1.65015 -1.83868 -0.0304772 0
0 4118 phononL 0.004 -2.01414 -0.173245 0.0243725 0
0 4119 phononL 0.004 2.51688 2.40865 -0.00478254 0
0 4120 phononL 0.004 -2.32908 1.39713 0.00892368 0
0 4121 phononL 0.004 0.624391 1.23517 0.0229686 0
0 4122 phononL 0.004 0.673706 -2.6913 0.0322241 0
0 4123 phononL 0.004 0.279837 -0.153462 0.0195084 0
0 4124 phononL 0.004 2.07297 0.278269 -0.0103847 0
0 4125 phononL 0.004 -1.04454 1.74424 0.0154765 0
0 4126 phononL 0.004 0.68602 -0.661675 0.0280582 0
0 4127 phononL 0.004 0.32196 -0.710208 0.00519046 0
0 4128 phononL 0.004 0.786136 -0.369489 -0.035893 0
0 4129 phononL 0.004 -0.276135 0.202186 -0.0376468 0
0 4130 phononL 0.004 -1.8759 -2.19879 -0.0366771 0
0 4131 phononL 0.004 -1.21847 1.5093 -0.0188236 0
0 4132 phononL 0.004 1.88934 2.59049 -0.0156387 0
0 4133 phononL 0.004 1.23246 0.0221629 -0.0207261 0
0 4134 phononL 0.004 2.28974 2.3797 0.0164843 0
0 4135 phononL 0.004 2.43962 0.956409 0.0391909 0
0 4136 phononL 0.004 -1.20797 0.883829 0.00836107 0
0 4137 phononL 0.004 -1.05216 -2.09899 -0.0117658 0
0 4138 phononL 0.004 -0.427648 2.60009 0.0363034 0
0 4139 phononL 0.004 0.894867 0.998208 -0.00628204 0
0 4140 phononL 0.004 0.9054 0.102524 -0.0295391 0
0 4141 phononL 0.004 -1.68434 -2.67579 -0.0309342 0
0 4142 phononL 0.004 -1.15534 -1.95175 0.00737004 0
0 4143 phononL 0.004 -0.365672 1.60938 0.0379836 0
0 4144 phononL 0.004 1.33741 -1.58558 -0.0200612 0
0 4145 phononL 0.004 1.03008 2.54082 -0.0308689 0
0 4146 phononL 0.004 1.58009 -1.10814 -0.035797 0
0 4147 phononL 0.004 1.17648 0.0133756 0.0191704 0
0 4148 phononL 0.004 1.31569 -1.55893 0.0156959 0
0 4149 phononL 0.004 2.00743 -1.60265 -0.0129942 0
0 4150 phononL 0.004 -1.41149 -2.49327 0.0284072 0
0 4151 phononL 0.004 1.04554 0.113919 0.00559483 0
0 4152 phononL 0.004 -2.37 2.88071 -0.0149032 0
0 4153 phononL 0.004 1.92432 -2.27916 -0.0148005 0
0 4154 phononL 0.004 1.30151 2.20224 0.0354651 0
0 4155 phononL 0.004 1.34508 -2.87344 -0.015917 0
0 4156 phononL 0.004 -0.338539 -2.10676 0.0365591 0
0 4157 phononL 0.004 2.72299 1.22676 -0.00717013 0
0 4158 phononL 0.004 2.28957 1.97321 -0.0215797 0
0 4159 phononL 0.004 -1.74261 -0.659053 0.0134602 0
0 4160 phononL 0.004 -2.67239 2.15046 0.0392548 0
0 4161 phononL 0.004 0.605014 -2.70578 -0.0379358 0
0 4162 phononL 0.004 2.244 1.70775 -0.00855716 0
0 4163 phononL 0.004 -0.981043 0.210684 -0.013153 0
0 4164 phononL 0.004 0.582298 0.258529 -0.0326462 0
0 4165 phononL 0.004 1.32067 1.31148 -0.00558635 0
0 4166 phononL 0.004 1.45469 -1.48134 -0.0301831 0
0 4167 phononL 0.004 2.29858 0.474183 -0.0258057 0
0 4168 phononL 0.004 -2.35044 -0.993026 -0.0380259 0
0 4169 phononL 0.004 0.663392 -2.45239 0.0130946 0
0 4170 phononL 0.004 -0.675813 2.3903 -0.0291137 0
0 4171 phononL 0.004 -0.492187 -1.79092 -0.0372379 0
0 4172 phononL 0.004 -2.46987 -0.977713 -0.011674 0
0 4173 phononL 0.004 2.55378 -0.372108 -0.0177112 0
0 4174 phononL 0.004 -2.28048 -0.267832 0.00201084 0
0 4175 phononL 0.004 -2.18858 -1.22378 -0.0313151 0
0 4176 phononL 0.004 -2.69196 -0.793192 0.0348768 0
0 4177 phononL 0.004 -1.06171 -2.63704 -0.0161894 0
0 4178 phononL 0.004 1.57585 0.709346 0.0218553 0
0 4179 phononL 0.004 -0.191136 -2.16647 -0.0228102 0
0 4180 phononL 0.004 -2.85467 0.996468 0.0305601 0
0 4181 phononL 0.004 -0.633655 1.05576 0.0018545 0
0 4182 phononL 0.004 -1.30499 -1.08168 0.018703 0
0 4183 phononL 0.004 1.09643 -1.38155 -0.0382955 0
0 4184 phononL 0.004 -0.710757 -0.39594 0.0335355 0
0 4185 phononL 0.004 -0.909839 1.42453 0.000143187 0
0 4186 phononL 0.004 -1.98213 2.73848 -0.0240475 0
0 4187 phononL 0.004 1.62569 -2.50001 0.0330894 0
0 4188 phononL 0.004 -1.39844 1.66025 -0.0136641 0
0 4189 phononL 0.004 2.74464 -0.451606 -0.0371894 0
0 4190 phononL 0.004 -0.741059 0.00424622 0.00510112 0
0 4191 phononL 0.004 -1.32033 1.6642 0.0344316 0
0 4192 phononL 0.004 -1.81592 0.310919 -0.038584 0
0 4193 phononL 0.004 -1.86846 -2.58289 -0.0032654 0
0 4194 phononL 0.004 -0.394041 0.690256 0.00312607 0
0 4195 phononL 0.004 -0.219908 -2.08588 0.0289441 0
0 4196 phononL 0.004 0.452776 2.16268 0.0186266 0
0 4197 phononL 0.004 1.70596 0.467126 0.0365249 0
0 4198 phononL 0.004 -2.3234 -1.87853 -0.00209793 0
0 4199 phononL 0.004 -1.47293 -1.53563 -0.00244399 0
0 4200 phononL 0.004 1.64268 0.19455 -0.0098025 0
0 4201 phononL 0.004 -2.63887 -1.99804 -0.0346496 0
0 4202 phononL 0.004 1.23674 1.29233 -0.037 0
0 4203 phononL 0.004 0.707325 1.67348 0.0304076 0
0 4204 phononL 0.004 -1.56965 2.04371 -0.0205027 0
0 4205 phononL 0.004 0.33065 -1.27281 0.0398043 0
0 4206 phononL 0.004 1.73372 -2.42282 -0.0384818 0
0 4207 phononL 0.004 2.05768 0.0102077 -0.0227596 0
0 4208 phononL 0.004 -2.76717 1.39732 0.0233085 0
0 4209 phononL 0.004 1.19898 2.2615 -0.00663561 0
0 4210 phononL 0.004 2.62533 2.17312 0.0251412 0
0 4211 phononL 0.004 -1.83489 2.37459 -0.0216424 0
0 4212 phononL 0.004 -1.63643 -2.69953 0.0283674 0
0 4213 phononL 0.004 -0.246019 2.02558 -0.0344314 0
0 4214 phononL 0.004 1.20073 1.21412 -0.00174399 0
0 4215 phononL 0.004 1.97188 -0.125758 -0.0334709 0
0 4216 phononL 0.004 -0.120916 -0.116395 -0.0109461 0
0 4217 phononL 0.004 0.666599 0.0722295 -0.0230417 0
0 4218 phononL 0.004 -2.61163 1.03261 -0.00416654 0
0 4219 phononL 0.004 -1.51064 -1.46227 0.0317859 0
0 4220 phononL 0.004 0.537253 -2.31836 -0.0138217 0
0 4221 phononL 0.004 1.21623 -1.31473 0.0353522 0
0 4222 phononL 0.004 1.8184 0.0206325 -0.00277083 0
0 4223 phononL 0.004 -0.72958 -1.9027 0.0325641 0
0 4224 phononL 0.004 2.35996 -2.11512 0.00723818 0
0 4225 phononL 0.004 0.996593 0.886846 0.011221 0
0 4226 phononL 0.004 -0.96939 -0.113523 -0.00682974 0
0 4227 phononL 0.004 -2.72928 -0.683918 0.029502 0
0 4228 phononL 0.004 1.54823 -0.495467 0.0166856 0
0 4229 phononL 0.004 2.09579 1.98092 -0.00503045 0
0 4230 phononL 0.004 -0.440508 1.06724 -0.0176992 0
0 4231 phononL 0.004 0.264543 -1.43713 0.032195 0
0 4232 phononL 0.004 -0.638888 1.72922 0.0290381 0
0 4233 phononL 0.004 2.23567 2.874 0.0272923 0
0 4234 phononL 0.004 1.97192 1.29099 0.0364945 0
0 4235 phononL 0.004 -1.48957 0.73499 -0.0279715 0
0 4236 phononL 0.004 2.78514 0.199662 0.0247971 0
0 4237 phononL 0.004 -0.984605 0.493686 0.0207678 0
0 4238 phononL 0.004 2.22615 -1.65991 0.0154859 0
0 4239 phononL 0.004 -2.26849 0.819472 -0.00131822 0
0 4240 phononL 0.004 -0.571345 -1.27111 0.00603209 0
0 4241 phononL 0.004 1.08656 2.68424 -0.00335298 0
0 4242 phononL 0.004 0.13334 0.864391 -0.0329255 0
0 4243 phononL 0.004 2.81666 -0.812656 -0.0338284 0
0 4244 phononL 0.004 2.23097 -0.789098 -0.0195143 0
0 4245 phononL 0.004 2.23244 1.81956 -0.0197017 0
0 4246 phononL 0.004 -0.544737 -2.06716 0.0204682 0
0 4247 phononL 0.004 -0.244975 0.407197 0.031296 0
0 4248 phononL 0.004 -1.98579 -2.79656 -0.024171 0
0 4249 phononL 0.004 1.17074 -1.42383 0.00559035 0
0 4250 phononL 0.004 0.665349 1.88503 -0.0325286 0
0 4251 phononL 0.004 -2.27624 0.0738288 0.0182267 0
0 4252 phononL 0.004 -0.443276 0.406055 -0.0112942 0
0 4253 phononL 0.004 2.30156 -0.152635 -0.00950286 0
0 4254 phononL 0.004 2.79765 2.29148 -0.0361574 0
0 4255 phononL 0.004 -2.04813 -1.44228 -0.0118539 0
0 4256 phononL 0.004 -0.708122 -0.917978 -0.0353159 0
0 4257 phononL 0.004 -1.12021 -0.842061 -0.0201596 0
0 4258 phononL 0.004 -1.15851 0.890352 0.037536 0
0 4259 phononL 0.004 -0.996351 1.48545 -0.0122255 0
0 4260 phononL 0.004 -2.52937 2.23558 0.0151243 0
0 4261 phononL 0.004 0.256458 2.2147 -0.0218724 0
0 4262 phononL 0.004 -2.49852 1.41317 -0.0347659 0
0 4263 phononL 0.004 -2.71321 -2.69446 0.0202886 0
0 4264 phononL 0.004 -1.2793 1.74456 0.0281552 0
0 4265 phononL 0.004 -1.94386 -2.23879 -0.00397279 0
0 4266 phononL 0.004 -0.457949 -1.06849 0.00407803 0
0 4267 phononL 0.004 -2.497 -0.422662 -0.00832461 0
0 4268 phononL 0.004 -1.28496 -1.61871 -0.0297991 0
0 4269 phononL 0.004 -1.38676 0.662755 -0.0219235 0
0 4270 phononL 0.004 -1.41405 1.77953 0.0323204 0
0 4271 phononL 0.004 -0.9593 0.797817 -0.0111334 0
0 4272 phononL 0.004 1.14825 0.907033 0.0137326 0
0 4273 phononL 0.004 1.9449 -1.6441 -0.019168 0
0 4274 phononL 0.004 -2.40808 -2.65271 0.00535701 0
0 4275 phononL 0.004 2.08731 -1.80509 0.0356313 0
0 4276 phononL 0.004 0.667664 0.301066 -0.0338369 0
0 4277 phononL 0.004 0.0537533 2.05259 -0.0204713 0
0 4278 phononL 0.004 -1.61429 1.92995 0.0344837 0
0 4279 phononL 0.004 -0.971695 0.749655 -0.025223 0
0 4280 phononL 0.004 0.441562 2.24433 -0.0353465 0
0 4281 phononL 0.004 -2.804 1.42106 0.00134561 0
0 4282 phononL 0.004 1.1233 -0.945106 -0.0295012 0
0 4283 phononL 0.004 2.06697 -1.06815 -0.00867107 0
0 4284 phononL 0.004 1.39956 -0.982841 -0.0154987 0
0 4285 phononL 0.004 -2.82046 1.98599 -0.00907986 0
0 4286 phononL 0.004 -0.16017 -2.671 -0.00464657 0
0 4287 phononL 0.004 0.426002 -2.46629 0.031392 0
0 4288 phononL 0.004 -0.386889 -1.81205 0.0363338 0
0 4289 phononL 0.004 -1.56349 -2.79098 -0.0383728 0
0 4290 phononL 0.004 1.1867 -1.43251 -0.0145473 0
0 4291 phononL 0.004 2.62409 -1.49239 0.0139345 0
0 4292 phononL 0.004 -0.791057 1.48352 0.016067 0
0 4293 phononL 0.004 1.54988 -0.212714 0.00844391 0
0 4294 phononL 0.004 1.46685 1.92476 0.00246084 0
0 4295 phononL 0.004 -1.67928 -0.0775071 0.0200412 0
0 4296 phononL 0.004 2.5971 1.25126 0.0038868 0
0 4297 phononL 0.004 -1.74515 2.38688 0.0222874 0
0 4298 phononL 0.004 0.196704 -0.875191 0.0309802 0
0 4299 phononL 0.004 -1.4272 -0.0171655 0.0123959 0
0 4300 phononL 0.004 -1.71213 -1.95239 0.0290579 0
0 4301 phononL 0.004 -0.104878 0.182297 0.0374228 0
0 4302 phononL 0.004 -2.26634 0.0728708 -0.0176121 0
0 4303 phononL 0.004 2.72926 -0.841504 -0.00321101 0
0 4304 phononL 0.004 -0.735453 2.1056 0.0203477 0
0 4305 phononL 0.004 -2.23419 -1.50672 -0.0331346 0
0 4306 phononL 0.004 0.931915 1.51115 -0.0232102 0
0 4307 phononL 0.004 0.143251 2.71723 0.00375207 0
0 4308 phononL 0.004 -1.00854 2.11182 0.0386038 0
0 4309 phononL 0.004 -2.19315 0.302835 -0.0301414 0
0 4310 phononL 0.004 1.53549 -2.7841 0.00551712 0
0 4311 phononL 0.004 1.75386 -0.0374663 -0.0102527 0
0 4312 phononL 0.004 -2.87709 2.57263 -0.00132614 0
0 4313 phononL 0.004 -0.410978 1.97512 -0.0363055 0
0 4314 phononL 0.004 -2.7059 -1.66992 -0.030076 0
0 4315 phononL 0.004 0.452544 -0.126151 0.00950819 0
0 4316 phononL 0.004 -2.19909 -2.35243 -0.0218114 0
0 4317 phononL 0.004 1.98241 0.646056 -0.0317787 0
0 4318 phononL 0.004 -0.915025 -1.11335 0.024646 0
0 4319 phononL 0.004 1.76749 2.01189 0.0274979 0
0 4320 phononL 0.004 1.85833 2.55458 0.0302764 0
0 4321 phononL 0.004 0.0463788 2.03407 -0.0370616 0
0 4322 phononL 0.004 -0.140028 0.413275 0.0294839 0
0 4323 phononL 0.004 -0.573155 -2.61855 -0.0326344 0
0 4324 phononL 0.004 1.88815 -0.330112 -0.0161795 0
0 4325 phononL 0.004 0.71689 -0.53375 0.0247987 0
0 4326 phononL 0.004 2.86856 -2.15572 -0.0234719 0
0 4327 phononL 0.004 -0.646186 0.236754 0.0274983 0
0 4328 phononL 0.004 1.59489 2.65206 -0.0311721 0
0 4329 phononL 0.004 0.438871 1.80296 -0.0391989 0
0 4330 phononL 0.004 -0.701382 -1.63542 0.0223992 0
0 4331 phononL 0.004 2.24773 1.2101 -0.0378837 0
0 4332 phononL 0.004 -2.39631 0.0511812 -0.0154599 0
0 4333 phononL 0.004 -2.33697 -1.1783 0.032128 0
0 4334 phononL 0.004 -0.855386 2.61705 0.00301146 0
0 4335 phononL 0.004 -2.85823 0.64122 -0.0365856 0
0 4336 phononL 0.004 0.129717 -1.47379 0.0244521 0
0 4337 phononL 0.004 0.781636 0.875413 -0.00401752 0
0 4338 phononL 0.004 0.89693 -2.05668 0.00346371 0
0 4339 phononL 0.004 0.860417 0.903612 0.00857655 0
0 4340 phononL 0.004 -1.28387 1.09443 0.0246523 0
0 4341 phononL 0.004 2.16245 2.71541 -0.00288049 0
0 4342 phononL 0.004 2.4595 0.0494566 0.0300708 0
0 4343 phononL 0.004 1.43417 -2.26728 -0.0068983 0
0 4344 phononL 0.004 0.736122 0.963335 -0.03683 0
0 4345 phononL 0.004 1.96452 2.07223 0.0241463 0
0 4346 phononL 0.004 -1.13112 -1.10807 0.0384049 0
0 4347 phononL 0.004 -0.658793 -2.20668 -0.00623935 0
0 4348 phononL 0.004 0.124801 1.00206 -0.0158401 0
0 4349 phononL 0.004 -1.67804 0.904717 -0.0182247 0
0 4350 phononL 0.004 2.40928 -2.52045 -0.0215411 0
0 4351 phononL 0.004 -2.55063 1.55317 0.0178972 0
0 4352 phononL 0.004 -0.142304 -0.391681 0.00419075 0
0 4353 phononL 0.004 -2.63372 -0.211993 -0.00172752 0
0 4354 phononL 0.004 -1.9792 -1.00194 0.0260578 0
0 4355 phononL 0.004 1.56745 -2.24013 -0.00869392 0
0 4356 phononL 0.004 0.624726 0.173379 -0.0340226 0
0 4357 phononL 0.004 2.81811 1.86689 -0.000424231 0
0 4358 phononL 0.004 -2.31664 0.930209 0.0190116 0
0 4359 phononL 0.004 -2.07441 1.17884 -0.0186445 0
0 4360 phononL 0.004 1.17964 -1.12053 -0.015859 0
0 4361 phononL 0.004 -2.51145 2.54291 0.0334248 0
0 4362 phononL 0.004 1.4267 -0.147774 0.00468108 0
0 4363 phononL 0.004 -0.282918 -2.6412 0.011155 0
0 4364 phononL 0.004 1.35398 2.47252 0.0216312 0
0 4365 phononL 0.004 1.67954 -2.30651 -0.0132994 0
0 4366 phononL 0.004 0.571494 -2.55152 -0.0137446 0
0 4367 phononL 0.004 -1.32178 -0.305332 0.0206974 0
0 4368 phononL 0.004 2.09356 -1.06963 -0.0212895 0
0 4369 phononL 0.004 0.382972 2.86902 -0.0368322 0
0 4370 phononL 0.004 0.591224 0.400258 0.00658988 0
0 4371 phononL 0.004 1.96268 -2.45632 -0.0381105 0
0 4372 phononL 0.004 -2.03295 -2.47168 0.0182477 0
0 4373 phononL 0.004 1.85077 -1.93866 -0.00759154 0
0 4374 phononL 0.004 0.0738767 1.89734 -0.00135222 0
0 4375 phononL 0.004 1.85173 -1.7309 0.0362505 0
0 4376 phononL 0.004 -0.470632 0.927382 -0.00462066 0
0 4377 phononL 0.004 -2.39935 -2.50645 0.0350795 0
0 4378 phononL 0.004 2.03465 2.13587 -0.0180435 0
0 4379 phononL 0.004 -1.61835 1.30659 -0.00199139 0
0 4380 phononL 0.004 2.25782 0.254222 0.032601 0
0 4381 phononL 0.004 2.34225 1.65517 -0.0282631 0
0 4382 phononL 0.004 0.606618 -0.24953 0.0352877 0
0 4383 phononL 0.004 -1.04999 -0.463238 0.0166166 0
0 4384 phononL 0.004 -0.560944 0.811579 -0.0366686 0
0 4385 phononL 0.004 -0.312536 -0.80383 0.0107329 0
0 4386 phononL 0.004 -2.14082 -0.816092 -0.0325354 0
0 4387 phononL 0.004 0.154645 2.26856 0.0212259 0
0 4388 phononL 0.004 2.57955 1.02354 -0.0110366 0
0 4389 phononL 0.004 -2.10491 0.342558 0.0174534 0
0 4390 phononL 0.004 2.38741 1.51996 -0.0129863 0
0 4391 phononL 0.004 -1.61433 0.149418 -0.0365442 0
0 4392 phononL 0.004 -0.966495 0.831529 -0.0253676 0
0 4393 phononL 0.004 0.2462 -0.782523 -0.0186554 0
0 4394 phononL 0.004 -1.60476 -0.107713 0.00140631 0
0 4395 phononL 0.004 1.37496 0.272039 -0.0326806 0
0 4396 phononL 0.004 1.34625 -1.49297 -0.0334723 0
0 4397 phononL 0.004 0.226357 0.856353 -0.0269539 0
0 4398 phononL 0.004 -2.75943 -1.43293 -0.0240671 0
0 4399 phononL 0.004 2.70157 2.56229 0.0230464 0
0 4400 phononL 0.004 -2.47857 -1.21789 -0.00808208 0
0 4401 phononL 0.004 0.748205 -2.25929 -0.00735302 0
0 4402 phononL 0.004 -1.94861 -2.26592 -0.00157437 0
0 4403 phononL 0.004 0.654097 1.34375 -0.0235195 0
0 4404 phononL 0.004 -1.42993 2.50951 -0.0147822 0
0 4405 phononL 0.004 -0.172176 0.373972 -0.0352925 0
0 4406 phononL 0.004 2.48975 -2.53975 0.0352403 0
0 4407 phononL 0.004 0.469323 0.451572 0.0191496 0
0 4408 phononL 0.004 2.53011 -1.09596 -0.0301318 0
0 4409 phononL 0.004 -2.44453 -0.840697 0.0303742 0
0 4410 phononL 0.004 2.65026 -0.957525 0.0251668 0
0 4411 phononL 0.004 2.78023 -0.043808 -0.0311993 0
0 4412 phononL 0.004 2.36168 2.32856 -0.0211144 0
0 4413 phononL 0.004 0.00967914 -0.636692 -0.0229457 0
0 4414 phononL 0.004 1.4151 1.48024 -0.0312292 0
0 4415 phononL 0.004 -1.5887 2.00621 0.00243374 0
0 4416 phononL 0.004 2.6448 -0.730753 0.0300086 0
0 4417 phononL 0.004 2.37201 2.07594 0.0317652 0
0 4418 phononL 0.004 2.87186 -1.08239 -0.00909755 0
0 4419 phononL 0.004 0.886902 2.56072 0.0252128 0
0 4420 phononL 0.004 -0.591314 1.87069 0.030168 0
0 4421 phononL 0.004 2.83337 2.2479 0.000507342 0
0 4422 phononL 0.004 -1.39195 2.86757 0.00673966 0
0 4423 phononL 0.004 0.894501 2.54877 -0.0322366 0
0 4424 phononL 0.004 -1.82947 -0.126948 -0.0334444 0
0 4425 phononL 0.004 0.077749 -1.75115 0.00212479 0
0 4426 phononL 0.004 1.45738 -0.504467 0.0152707 0
0 4427 phononL 0.004 1.43649 1.44516 0.000186598 0
0 4428 phononL 0.004 -2.44057 -2.35199 -0.0154695 0
0 4429 phononL 0.004 -2.68107 -1.29055 0.0103263 0
0 4430 phononL 0.004 -0.864648 2.85409 0.0204088 0
0 4431 phononL 0.004 -0.332902 -1.41431 0.0383644 0
0 4432 phononL 0.004 -2.5625 0.536563 0.0269866 0
0 4433 phononL 0.004 1.99753 -2.27622 -0.0302674 0
0 4434 phononL 0.004 -1.83756 -0.810137 0.0299277 0
0 4435 phononL 0.004 -0.117529 -0.931356 0.027002 0
0 4436 phononL 0.004 0.54398 -2.78557 0.017389 0
0 4437 phononL 0.004 0.834414 -1.31422 -0.0144631 0
0 4438 phononL 0.004 -0.915113 -0.282974 0.0208911 0
0 4439 phononL 0.004 -0.266937 2.33789 0.0278273 0
0 4440 phononL 0.004 -1.2718 -0.289308 -0.000840689 0
0 4441 phononL 0.004 2.36296 -0.482686 0.000117424 0
0 4442 phononL 0.004 -2.46113 2.58564 0.0164651 0
0 4443 phononL 0.004 -1.82046 2.83509 -0.00114481 0
0 4444 phononL 0.004 -0.530515 -0.650051 0.0316124 0
0 4445 phononL 0.004 -2.45129 -0.390255 0.00495117 0
0 4446 phononL 0.004 -1.84304 -0.752469 0.0397236 0
0 4447 phononL 0.004 -1.57925 -0.992853 -0.00552585 0
0 4448 phononL 0.004 -1.64335 -0.801163 -0.0285613 0
0 4449 phononL 0.004 1.49022 -0.991111 -0.0170219 0
0 4450 phononL 0.004 -1.98346 -0.703568 -0.0295582 0
0 4451 phononL 0.004 -1.01731 1.17417 0.0234239 0
0 4452 phononL 0.004 -1.58672 1.42057 -0.0167962 0
0 4453 phononL 0.004 -0.0258664 2.41002 -0.00953692 0
0 4454 phononL 0.004 1.02358 2.11447 -0.0378019 0
0 4455 phononL 0.004 2.48915 -2.26348 0.0368891 0
0 4456 phononL 0.004 -1.33463 0.945808 0.0212137 0
0 4457 phononL 0.004 0.675385 2.71549 -0.0374656 0
0 4458 phononL 0.004 -0.903103 -0.371843 0.0207791 0
0 4459 phononL 0.004 1.59282 -2.71771 -0.037584 0
0 4460 phononL 0.004 -0.763162 1.35699 -0.0373677 0
0 4461 phononL 0.004 -1.04256 -2.06311 0.0136052 0
0 4462 phononL 0.004 -2.54751 -2.75739 0.0103521 0
0 4463 phononL 0.004 0.843909 -0.156613 -0.0320904 0
0 4464 phononL 0.004 -2.26985 1.31848 0.000267836 0
0 4465 phononL 0.004 -1.87205 0.912561 0.0108648 0
0 4466 phononL 0.004 -0.531548 -1.17504 -0.022355 0
0 4467 phononL 0.004 -2.45727 -1.71698 -0.0299126 0
0 4468 phononL 0.004 2.04824 2.26005 -0.0274949 0
0 4469 phononL 0.004 2.40887 0.656719 0.009132 0
0 4470 phononL 0.004 2.56383 1.15048 -0.0156572 0
0 4471 phononL 0.004 -0.880909 1.18464 -0.0256738 0
0 4472 phononL 0.004 -0.138402 0.149561 0.0129029 0
0 4473 phononL 0.004 1.27826 1.56462 -0.0168605 0
0 4474 phononL 0.004 -0.744298 0.230623 0.0229919 0
0 4475 phononL 0.004 0.640535 -2.44277 0.0279495 0
0 4476 phononL 0.004 0.893712 -2.5341 0.0184652 0
0 4477 phononL 0.004 0.367842 0.0338203 0.0322014 0
0 4478 phononL 0.004 -1.06276 0.818509 0.0389667 0
0 4479 phononL 0.004 2.05717 -2.22386 -0.0356744 0
0 4480 phononL 0.004 -0.818375 -1.95037 0.00322342 0
0 4481 phononL 0.004 -2.13305 -0.88295 -0.0268573 0
0 4482 phononL 0.004 1.34541 -1.80238 -0.0311257 0
0 4483 phononL 0.004 -0.326833 0.877168 -0.0128125 0
0 4484 phononL 0.004 -0.718267 2.40539 -0.0202504 0
0 4485 phononL 0.004 1.23633 1.28228 0.0214777 0
0 4486 phononL 0.004 -1.95516 0.150747 -0.00409523 0
0 4487 phononL 0.004 -0.4951 2.10388 -0.00694372 0
0 4488 phononL 0.004 -1.64924 1.33401 0.0253007 0
0 4489 phononL 0.004 -0.626237 -1.84421 0.0183413 0
0 4490 phononL 0.004 0.0927149 -1.05679 -0.0277982 0
0 4491 phononL 0.004 2.16748 -0.178078 -0.00091417 0
0 4492 phononL 0.004 -1.14208 -2.59929 0.00404921 0
0 4493 phononL 0.004 0.483805 -0.451429 0.0017707 0
0 4494 phononL 0.004 -2.56933 2.46894 0.0292776 0
0 4495 phononL 0.004 -0.924869 1.96301 0.00128601 0
0 4496 phononL 0.004 0.596026 -1.35368 0.0366899 0
0 4497 phononL 0.004 2.50212 -2.33831 0.0293666 0
0 4498 phononL 0.004 -0.284357 0.363285 0.0182381 0
0 4499 phononL 0.004 1.8348 -0.580555 -0.0234424 0
0 4500 phononL 0.004 0.89814 -2.80966 -0.017283 0
0 4501 phononL 0.004 1.3372 -1.17346 0.0242234 0
0 4502 phononL 0.004 0.404009 2.73721 0.0289229 0
0 4503 phononL 0.004 -1.94557 -2.47873 0.0398402 0
0 4504 phononL 0.004 0.706635 1.71413 -0.00608194 0
0 4505 phononL 0.004 1.5072 -0.552007 -0.00368912 0
0 4506 phononL 0.004 2.0343 -1.45617 -0.028328 0
0 4507 phononL 0.004 2.78534 -1.87625 -0.0187852 0
0 4508 phononL 0.004 1.91513 0.432178 0.0215203 0
0 4509 phononL 0.004 -0.895934 0.360309 0.0323614 0
0 4510 phononL 0.004 -1.32287 1.59672 0.0208615 0
0 4511 phononL 0.004 0.0813279 1.11625 -0.0356044 0
0 4512 phononL 0.004 2.34333 -0.691179 -0.0374992 0
0 4513 phononL 0.004 -0.631487 -1.62946 -0.0368863 0
0 4514 phononL 0.004 -2.6102 -2.09741 0.0396201 0
0 4515 phononL 0.004 0.504519 -0.730818 0.0222005 0
0 4516 phononL 0.004 -1.61899 1.79251 0.0186383 0
0 4517 phononL 0.004 2.32984 -1.83211 -0.0339432 0
0 4518 phononL 0.004 0.482699 -2.80791 0.0340504 0
0 4519 phononL 0.004 -0.205402 -1.65116 0.0211483 0
0 4520 phononL 0.004 -0.339453 -2.74481 0.0184548 0
0 4521 phononL 0.004 -1.47614 -2.7798 3.13881e-05 0
0 4522 phononL 0.004 1.12763 0.931574 0.00592501 0
0 4523 phononL 0.004 -1.41715 -2.10464 -0.00868651 0
0 4524 phononL 0.004 2.27303 -0.520385 -0.00699405 0
0 4525 phononL 0.004 -2.11597 1.10187 -0.00229457 0
0 4526 phononL 0.004 -2.36308 -0.0198849 0.0362001 0
0 4527 phononL 0.004 -1.29818 -0.485301 0.0372652 0
0 4528 phononL 0.004 0.289657 -0.223443 0.0233225 0
0 4529 phononL 0.004 2.32247 -1.49056 0.00871 0
0 4530 phononL 0.004 1.24715 -2.16057 -0.0185116 0
0 4531 phononL 0.004 -2.8838 1.76803 0.0253774 0
0 4532 phononL 0.004 -1.91291 -0.687796 0.0032548 0
0 4533 phononL 0.004 2.1346 0.796203 -0.0118001 0
0 4534 phononL 0.004 -2.53965 0.382142 0.029365 0
0 4535 phononL 0.004 2.72407 -0.532853 0.0181153 0
0 4536 phononL 0.004 0.181052 -2.85752 0.0164198 0
0 4537 phononL 0.004 -0.267397 -1.07596 -0.0110304 0
0 4538 phononL 0.004 0.0167236 1.46172 0.00450126 0
0 4539 phononL 0.004 2.36457 -1.077 -0.00665418 0
0 4540 phononL 0.004 2.46808 -2.10446 -0.0343428 0
0 4541 phononL 0.004 -2.7049 0.537009 0.0258513 0
0 4542 phononL 0.004 1.68487 1.86393 0.0261529 0
0 4543 phononL 0.004 1.93558 -2.78897 0.0206669 0
0 4544 phononL 0.004 -2.35071 2.41244 -0.0255841 0
0 4545 phononL 0.004 -1.38084 -2.82565 0.03024 0
0 4546 phononL 0.004 -0.433327 2.79901 -0.0142406 0
0 4547 phononL 0.004 -1.11751 0.777377 -0.00357114 0
0 4548 phononL 0.004 1.82255 0.0528538 0.00845654 0
0 4549 phononL 0.004 -1.33626 2.19087 0.0280622 0
0 4550 phononL 0.004 -0.140607 0.813886 0.0394593 0
0 4551 phononL 0.004 1.5245 -2.12308 0.027815 0
0 4552 phononL 0.004 2.14989 -2.21085 -0.0233175 0
0 4553 phononL 0.004 -0.282805 2.05967 -0.020406 0
0 4554 phononL 0.004 -0.541238 1.80278 0.0350435 0
0 4555 phononL 0.004 -2.19653 -1.10806 -0.0130969 0
0 4556 phononL 0.004 1.77835 2.8855 -0.00317237 0
0 4557 phononL 0.004 1.71566 1.11925 -0.0225297 0
0 4558 phononL 0.004 0.73005 -1.58451 -0.00187637 0
0 4559 phononL 0.004 -1.91008 -1.71979 -0.0213775 0
0 4560 phononL 0.004 0.265808 0.464305 -0.0241574 0
0 4561 phononL 0.004 -0.126445 2.7103 -0.00538453 0
0 4562 phononL 0.004 1.47815 -2.75826 0.0238192 0
0 4563 phononL 0.004 -1.37764 1.18942 -0.0376015 0
0 4564 phononL 0.004 -1.42064 2.40209 -0.00852773 0
0 4565 phononL 0.004 1.85943 -2.70973 0.0159181 0
0 4566 phononL 0.004 0.725205 0.06152 -0.0151865 0
0 4567 phononL 0.004 1.58161 -0.985537 0.000340953 0
0 4568 phononL 0.004 -2.41157 0.282225 -0.0281266 0
0 4569 phononL 0.004 -1.63972 -2.76405 -0.0240015 0
0 4570 phononL 0.004 1.12323 1.00704 0.0181241 0
0 4571 phononL 0.004 1.42634 0.168973 0.0175324 0
0 4572 phononL 0.004 -2.2203 1.35092 -0.00334472 0
0 4573 phononL 0.004 0.968724 -0.0437085 -0.0300288 0
0 4574 phononL 0.004 2.04886 -1.87405 -0.00474237 0
0 4575 phononL 0.004 0.191518 -1.97603 0.0227941 0
0 4576 phononL 0.004 0.326838 2.70763 -0.0146223 0
0 4577 phononL 0.004 -0.51956 -0.515801 -0.0289423 0
0 4578 phononL 0.004 1.94975 1.37345 0.00516537 0
0 4579 phononL 0.004 -2.84617 -2.74674 -0.0172036 0
0 4580 phononL 0.004 0.549032 -1.4992 0.0114507 0
0 4581 phononL 0.004 -2.78516 -0.804576 0.0351348 0
0 4582 phononL 0.004 -2.76096 1.48257 0.00363068 0
0 4583 phononL 0.004 1.40559 -1.0003 0.0358727 0
0 4584 phononL 0.004 -2.46249 2.085 -0.0299237 0
0 4585 phononL 0.004 -1.87906 1.55451 0.0289814 0
0 4586 phononL 0.004 2.6273 2.65118 0.00033645 0
0 4587 phononL 0.004 -0.292021 1.11835 0.00110016 0
0 4588 phononL 0.004 -0.807425 -2.47959 0.0220056 0
0 4589 phononL 0.004 2.6073 1.18486 -0.0217094 0
0 4590 phononL 0.004 0.822468 2.13165 -0.00894557 0
0 4591 phononL 0.004 -1.71474 -1.15665 -0.0248235 0
0 4592 phononL 0.004 -1.4645 -0.123964 0.0293852 0
0 4593 phononL 0.004 -2.773 -1.00175 0.0201015 0
0 4594 phononL 0.004 -1.42285 0.147593 -0.0145791 0
0 4595 phononL 0.004 0.781264 2.22569 0.010519 0
0 4596 phononL 0.004 -1.48635 -0.175509 -0.0250303 0
0 4597 phononL 0.004 2.66672 1.89457 0.00867562 0
0 4598 phononL 0.004 -1.41259 1.87054 0.0375923 0
0 4599 phononL 0.004 -0.642976 -2.6087 0.0326705 0
0 4600 phononL 0.004 -1.08889 2.81339 0.0327058 0
0 4601 phononL 0.004 -1.50679 1.72864 0.0281948 0
0 4602 phononL 0.004 -0.36813 -0.11463 0.0223347 0
0 4603 phononL 0.004 -1.66713 0.650391 0.0130931 0
0 4604 phononL 0.004 0.835408 -2.87361 -0.0383782 0
0 4605 phononL 0.004 -1.96569 -0.190824 0.0313959 0
0 4606 phononL 0.004 -1.70471 -2.87892 0.0220073 0
0 4607 phononL 0.004 1.02325 2.61121 0.0333351 0
0 4608 phononL 0.004 -0.70112 -0.366063 0.0255301 0
0 4609 phononL 0.004 2.22271 1.77986 0.0240459 0
0 4610 phononL 0.004 -1.61329 0.121291 0.0367772 0
0 4611 phononL 0.004 1.14063 -2.4843 -0.0236485 0
0 4612 phononL 0.004 -1.10077 -2.1288 0.0222636 0
0 4613 phononL 0.004 -2.45472 1.52692 0.00766072 0
0 4614 phononL 0.004 -1.92984 -0.200434 -0.00458679 0
0 4615 phononL 0.004 1.51012 -1.75134 0.0266319 0
0 4616 phononL 0.004 2.23412 2.42157 0.0331945 0
0 4617 phononL 0.004 2.30121 -0.8397 -0.0281405 0
0 4618 phononL 0.004 1.74568 1.91036 0.00735964 0
0 4619 phononL 0.004 -1.29179 -1.88868 0.00283122 0
0 4620 phononL 0.004 0.75169 -2.35613 0.0228416 0
0 4621 phononL 0.004 1.0712 -2.36052 0.0359904 0
0 4622 phononL 0.004 -2.86535 0.268777 0.0096357 0
0 4623 phononL 0.004 1.64232 -2.81895 0.00918177 0
0 4624 phononL 0.004 -0.423134 2.85082 -0.0235889 0
0 4625 phononL 0.004 -1.99839 -1.43365 -0.00540708 0
0 4626 phononL 0.004 1.11805 2.73443 0.0325755 0
0 4627 phononL 0.004 -1.45728 0.721419 0.0102524 0
0 4628 phononL 0.004 2.48289 1.16327 -0.0273511 0
0 4629 phononL 0.004 -2.39333 -1.44582 -0.0318248 0
0 4630 phononL 0.004 -1.80909 -1.7733 0.0211401 0
0 4631 phononL 0.004 -1.89156 -1.13179 -0.0352949 0
0 4632 phononL 0.004 2.43607 1.19256 0.00285458 0
0 4633 phononL 0.004 2.57455 -1.75567 0.00545512 0
0 4634 phononL 0.004 1.46736 -0.463531 0.0205681 0
0 4635 phononL 0.004 -0.0336203 1.44213 0.00487798 0
0 4636 phononL 0.004 2.58351 -2.45405 -0.0191869 0
0 4637 phononL 0.004 -0.782597 -2.3399 0.0181417 0
0 4638 phononL 0.004 -1.42546 -2.50657 0.0314216 0
0 4639 phononL 0.004 -1.04631 -1.44114 0.0226633 0
0 4640 phononL 0.004 -2.32429 1.31607 0.000401664 0
0 4641 phononL 0.004 2.12835 -0.801766 -0.0251056 0
0 4642 phononL 0.004 -0.405057 -1.13625 0.0382908 0
0 4643 phononL 0.004 1.61065 -0.963521 0.0143993 0
0 4644 phononL 0.004 1.40319 -1.37162 -0.012709 0
0 4645 phononL 0.004 -0.95016 -2.40205 -0.00911813 0
0 4646 phononL 0.004 -0.879745 0.453666 0.0316471 0
0 4647 phononL 0.004 0.294422 -0.319124 0.0324524 0
0 4648 phononL 0.004 -2.32133 -2.7566 -0.0206067 0
0 4649 phononL 0.004 2.13434 1.89128 0.021305 0
0 4650 phononL 0.004 1.68321 1.52878 -0.0181344 0
0 4651 phononL 0.004 -2.7782 -0.0113269 0.031789 0
0 4652 phononL 0.004 0.238421 0.798029 -0.0232087 0
0 4653 phononL 0.004 0.791071 -1.42711 -0.0344964 0
0 4654 phononL 0.004 -1.68587 -1.79424 0.0250271 0
0 4655 phononL 0.004 -0.861809 -2.0965 0.0110473 0
0 4656 phononL 0.004 -2.56638 -0.775612 -0.00417271 0
0 4657 phononL 0.004 0.431293 2.8093 0.00814405 0
0 4658 phononL 0.004 -2.14076 2.82895 -0.0105576 0
0 4659 phononL 0.004 -1.5129 -2.52721 0.0157196 0
0 4660 phononL 0.004 0.61899 -2.02257 -0.00537791 0
0 4661 phononL 0.004 -1.09254 -1.52895 -0.0303916 0
0 4662 phononL 0.004 -2.707 -1.68341 -0.0198869 0
0 4663 phononL 0.004 -1.74725 -0.457276 -0.000964192 0
0 4664 phononL 0.004 -0.977252 -2.35936 0.0066808 0
0 4665 phononL 0.004 1.64069 0.0478548 0.0157781 0
0 4666 phononL 0.004 -0.802838 -2.68886 0.00911648 0
0 4667 phononL 0.004 0.304805 -0.844057 -0.000770913 0
0 4668 phononL 0.004 1.38027 -0.903485 0.00939786 0
0 4669 phononL 0.004 -1.42338 -1.17144 0.00108517 0
0 4670 phononL 0.004 -1.91457 -0.179027 -0.0162595 0
0 4671 phononL 0.004 0.963989 -2.49714 -0.00918688 0
0 4672 phononL 0.004 1.33429 1.74426 0.0348509 0
0 4673 phononL 0.004 1.95119 2.33088 -0.00670093 0
0 4674 phononL 0.004 -0.323741 -1.7999 0.00202401 0
0 4675 phononL 0.004 2.75349 -1.82548 0.0326041 0
0 4676 phononL 0.004 -0.10345 -0.114766 -0.0303262 0
0 4677 phononL 0.004 0.627945 1.83857 -0.0175874 0
0 4678 phononL 0.004 1.61881 -0.036174 0.0335674 0
0 4679 phononL 0.004 0.294044 2.27512 0.0345501 0
0 4680 phononL 0.004 1.16217 -1.47431 -0.0275108 0
0 4681 phononL 0.004 0.709081 -2.30115 -0.00107323 0
0 4682 phononL 0.004 -0.283403 -2.33514 0.00491541 0
0 4683 phononL 0.004 0.335289 -0.0356225 -0.0072921 0
0 4684 phononL 0.004 -1.71863 -0.304003 0.0202226 0
0 4685 phononL 0.004 -1.6848 -1.36219 -0.0264262 0
0 4686 phononL 0.004 1.29549 0.994676 0.0065085 0
0 4687 phononL 0.004 2.03468 -0.336969 -0.00845786 0
0 4688 phononL 0.004 2.26791 1.57824 0.0323987 0
0 4689 phononL 0.004 1.59219 -0.425696 0.0098781 0
0 4690 phononL 0.004 -1.0214 -1.41258 -0.0165814 0
0 4691 phononL 0.004 -2.61949 1.19008 0.0135604 0
0 4692 phononL 0.004 -2.80433 -0.871357 0.00537114 0
0 4693 phononL 0.004 -2.62276 2.04485 -0.0210305 0
0 4694 phononL 0.004 0.955993 -2.39493 -0.0276133 0
0 4695 phononL 0.004 2.87398 2.49339 -0.000297545 0
0 4696 phononL 0.004 0.496215 -0.99071 -0.0217636 0
0 4697 phononL 0.004 0.539065 -2.52103 -0.0159888 0
0 4698 phononL 0.004 2.1572 -1.59685 0.00243028 0
0 4699 phononL 0.004 -0.154278 2.42316 0.0327856 0
0 4700 phononL 0.004 1.16288 2.40759 -0.0238874 0
0 4701 phononL 0.004 1.45348 -1.38884 -0.00163539 0
0 4702 phononL 0.004 -1.9743 -1.53241 0.0361274 0
0 4703 phononL 0.004 2.39691 0.823099 0.0157014 0
0 4704 phononL 0.004 2.44212 0.112317 -0.0283094 0
0 4705 phononL 0.004 1.6874 1.36185 -0.00575614 0
0 4706 phononL 0.004 -2.33162 -1.50868 -0.0209424 0
0 4707 phononL 0.004 0.702828 -0.913749 0.0193753 0
0 4708 phononL 0.004 -2.43207 -0.966436 0.00731137 0
0 4709 phononL 0.004 -1.26081 -1.5644 0.0207354 0
0 4710 phononL 0.004 0.600667 -0.776214 -0.0381515 0
0 4711 phononL 0.004 0.0468171 0.459994 -0.0150026 0
0 4712 phononL 0.004 -2.35879 0.777428 -0.014264 0
0 4713 phononL 0.004 -2.59888 2.6004 0.0115143 0
0 4714 phononL 0.004 -0.0687475 1.96791 0.0219412 0
0 4715 phononL 0.004 -2.64289 -2.69817 -0.0373564 0
0 4716 phononL 0.004 -0.427606 -0.739311 0.0242283 0
0 4717 phononL 0.004 -0.342754 2.48805 0.0133008 0
0 4718 phononL 0.004 2.53798 -0.91263 -0.0114824 0
0 4719 phononL 0.004 -1.44771 -0.97757 -0.037789 0
0 4720 phononL 0.004 -2.88579 0.653138 -0.00798722 0
0 4721 phononL 0.004 -2.26559 -2.40855 -0.0217614 0
0 4722 phononL 0.004 -1.82217 -2.18412 -0.00730241 0
0 4723 phononL 0.004 2.43214 -2.07952 -0.00737707 0
0 4724 phononL 0.004 1.61906 1.93636 0.0261795 0
0 4725 phononL 0.004 2.47824 -1.96613 -0.00489719 0
0 4726 phononL 0.004 0.63889 2.10264 0.0399702 0
0 4727 phononL 0.004 2.20551 1.41446 0.0299794 0
0 4728 phononL 0.004 -1.77489 -0.0474696 -0.0333953 0
0 4729 phononL 0.004 2.23692 2.04601 0.00335074 0
0 4730 phononL 0.004 2.49438 2.6633 -0.0256307 0
0 4731 phononL 0.004 -1.72787 0.499029 -0.0374273 0
0 4732 phononL 0.004 1.17138 2.80395 0.0231458 0
0 4733 phononL 0.004 1.01577 -1.24342 0.0279137 0
0 4734 phononL 0.004 -0.754064 -0.333442 0.0110955 0
0 4735 phononL 0.004 0.39951 -0.0101088 -0.0032432 0
0 4736 phononL 0.004 -1.3326 2.27594 -0.0172395 0
0 4737 phononL 0.004 0.602554 -0.960063 -0.0197649 0
0 4738 phononL 0.004 0.693584 2.2781 0.0308636 0
0 4739 phononL 0.004 -0.721296 -0.217007 0.0223357 0
0 4740 phononL 0.004 2.0558 2.23611 0.0249185 0
0 4741 phononL 0.004 -0.265187 -0.695305 0.0195441 0
0 4742 phononL 0.004 -0.200038 1.35359 -0.00299542 0
0 4743 phononL 0.004 -1.13073 2.17665 -0.0336803 0
0 4744 phononL 0.004 -0.289357 -2.39328 0.0167195 0
0 4745 phononL 0.004 -1.62374 2.29213 -0.0224761 0
0 4746 phononL 0.004 -0.923612 2.11502 -0.0111688 0
0 4747 phononL 0.004 0.28853 -2.4843 0.00721604 0
0 4748 phononL 0.004 -0.717795 2.18797 0.0232166 0
0 4749 phononL 0.004 0.959913 -1.39181 -0.00122153 0
0 4750 phononL 0.004 -1.05388 -1.56249 0.0215493 0
0 4751 phononL 0.004 1.96527 -0.921939 0.00185405 0
0 4752 phononL 0.004 -2.0328 -1.94065 -0.0104859 0
0 4753 phononL 0.004 0.855682 -1.78615 -0.0203211 0
0 4754 phononL 0.004 -1.56521 -1.28802 0.00442961 0
0 4755 phononL 0.004 -2.6868 0.116487 -0.0390368 0
0 4756 phononL 0.004 0.224878 2.4416 0.0286062 0
0 4757 phononL 0.004 -2.38586 -1.8035 0.00733332 0
0 4758 phononL 0.004 -2.10639 2.40567 -0.00986246 0
0 4759 phononL 0.004 2.43069 1.25817 0.0324023 0
0 4760 phononL 0.004 1.71181 2.46604 -0.0332695 0
0 4761 phononL 0.004 -1.82951 0.467304 -0.0307131 0
0 4762 phononL 0.004 1.73379 0.212139 -0.0155237 0
0 4763 phononL 0.004 2.58756 -1.22142 0.00370409 0
0 4764 phononL 0.004 -2.45423 -0.771555 -0.0356935 0
0 4765 phononL 0.004 2.11435 2.17927 0.0281929 0
0 4766 phononL 0.004 -0.292291 1.10542 -0.00905781 0
0 4767 phononL 0.004 1.98274 1.61319 0.0331333 0
0 4768 phononL 0.004 -1.33188 -2.26234 -0.0219179 0
0 4769 phononL 0.004 0.621827 1.27682 0.0341792 0
0 4770 phononL 0.004 1.82122 0.729209 -0.0256831 0
0 4771 phononL 0.004 0.0555205 -0.708903 0.0166157 0
0 4772 phononL 0.004 0.903373 2.40259 -0.0138137 0
0 4773 phononL 0.004 2.10409 2.56431 -0.00285238 0
0 4774 phononL 0.004 -1.91746 1.33794 0.0152771 0
0 4775 phononL 0.004 -1.74644 1.63472 -0.0336702 0
0 4776 phononL 0.004 2.72213 2.37217 -0.0321822 0
0 4777 phononL 0.004 1.12423 0.456418 0.00963677 0
0 4778 phononL 0.004 -1.49821 0.11325 -0.0176352 0
0 4779 phononL 0.004 1.26446 1.19647 -0.0262717 0
0 4780 phononL 0.004 -2.04509 1.62835 0.00145876 0
0 4781 phononL 0.004 -0.647413 -1.94387 -0.0382242 0
0 4782 phononL 0.004 -0.401483 1.49749 0.0244412 0
0 4783 phononL 0.004 -1.36492 1.9404 -0.0300796 0
0 4784 phononL 0.004 2.24882 1.56093 0.0225962 0
0 4785 phononL 0.004 -1.00437 -2.09504 0.0267952 0
0 4786 phononL 0.004 -2.45653 1.28106 0.0356395 0
0 4787 phononL 0.004 -2.61195 0.0554978 -0.0090593 0
0 4788 phononL 0.004 -0.857916 2.62637 0.0155611 0
0 4789 phononL 0.004 -2.88328 0.993892 -0.0216456 0
0 4790 phononL 0.004 -1.32312 -0.669368 0.0317721 0
0 4791 phononL 0.004 -2.28142 -1.55802 -0.0198379 0
0 4792 phononL 0.004 2.20333 -1.11759 -0.0185973 0
0 4793 phononL 0.004 1.75583 0.0737541 -0.0364694 0
0 4794 phononL 0.004 1.2286 0.635686 -0.00392407 0
0 4795 phononL 0.004 1.2109 -0.336977 -0.0319921 0
0 4796 phononL 0.004 -2.72825 2.7075 0.0315476 0
0 4797 phononL 0.004 -2.14133 2.25532 -0.0229658 0
0 4798 phononL 0.004 0.946233 0.0984356 -0.0251167 0
0 4799 phononL 0.004 -2.69277 -2.17488 0.0164744 0
0 4800 phononL 0.004 0.5077 1.07592 0.0208707 0
0 4801 phononL 0.004 -2.17713 0.743534 -0.02123 0
0 4802 phononL 0.004 2.41503 -0.0907096 0.015742 0
0 4803 phononL 0.004 1.00962 0.188211 0.00728781 0
0 4804 phononL 0.004 -0.254962 -2.27738 -0.015704 0
0 4805 phononL 0.004 0.942005 1.77891 0.00989645 0
0 4806 phononL 0.004 -1.71102 2.04391 0.00443922 0
0 4807 phononL 0.004 2.4353 2.53352 -0.0158312 0
0 4808 phononL 0.004 0.81818 -1.68871 -0.0343756 0
0 4809 phononL 0.004 -0.371803 0.284607 0.0211129 0
0 4810 phononL 0.004 1.20628 -0.484253 0.0108908 0
0 4811 phononL 0.004 1.59333 -0.859594 0.0299462 0
0 4812 phononL 0.004 -1.03133 -0.962161 0.0102979 0
0 4813 phononL 0.004 1.73536 -0.596696 0.0307822 0
0 4814 phononL 0.004 -1.417 -2.22068 -0.0128225 0
0 4815 phononL 0.004 -1.26213 2.41884 0.0336346 0
0 4816 phononL 0.004 -2.45753 2.53477 0.0327352 0
0 4817 phononL 0.004 -2.669 -1.36736 -0.0155151 0
0 4818 phononL 0.004 -0.208214 2.08219 -0.0144375 0
0 4819 phononL 0.004 1.02787 2.73865 0.0355747 0
0 4820 phononL 0.004 0.0593592 -2.67584 -0.00468057 0
0 4821 phononL 0.004 1.88061 0.944428 0.0205303 0
0 4822 phononL 0.004 -2.01496 -2.22571 -0.0222476 0
0 4823 phononL 0.004 1.77821 -2.73024 0.00745999 0
0 4824 phononL 0.004 -0.727575 0.0439773 0.0321559 0
0 4825 phononL 0.004 0.470338 0.474481 -0.024347 0
0 4826 phononL 0.004 2.19549 1.55639 0.0370113 0
0 4827 phononL 0.004 -0.779817 -0.578358 -0.0279089 0
0 4828 phononL 0.004 -0.80127 -2.20188 -0.0311693 0
0 4829 phononL 0.004 2.39227 -1.14718 -0.035838 0
0 4830 phononL 0.004 2.52214 2.17705 -0.0125796 0
0 4831 phononL 0.004 0.889228 -2.13384 -0.0311901 0
0 4832 phononL 0.004 -1.42892 -2.62384 -0.0296987 0
0 4833 phononL 0.004 1.07596 0.876355 -0.024643 0
0 4834 phononL 0.004 2.69256 -2.2336 -0.0148706 0
0 4835 phononL 0.004 0.355426 -2.10844 0.0203821 0
0 4836 phononL 0.004 1.575 -2.26689 -0.0153388 0
0 4837 phononL 0.004 1.40692 -1.85898 0.0341833 0
0 4838 phononL 0.004 2.2771 -1.60873 0.0162585 0
0 4839 phononL 0.004 -1.16573 -1.48471 0.0129914 0
0 4840 phononL 0.004 1.34371 2.26356 -0.0241252 0
0 4841 phononL 0.004 -1.73724 0.786729 -0.0212861 0
0 4842 phononL 0.004 2.45827 -0.739239 9.12229e-05 0
0 4843 phononL 0.004 -2.49042 -0.77297 -0.002924 0
0 4844 phononL 0.004 1.08029 -2.11241 -0.0268629 0
0 4845 phononL 0.004 1.76126 -2.04434 -0.0355127 0
0 4846 phononL 0.004 -1.05723 1.72864 0.00594148 0
0 4847 phononL 0.004 -0.852302 -0.206249 -0.0276921 0
0 4848 phononL 0.004 -1.14944 2.23822 0.0328369 0
0 4849 phononL 0.004 2.84395 -0.691349 0.0234318 0
0 4850 phononL 0.004 0.7938 -0.287746 0.00388224 0
0 4851 phononL 0.004 -1.99484 0.205005 0.0165059 0
0 4852 phononL 0.004 -2.30678 0.646138 -0.0202479 0
0 4853 phononL 0.004 -2.82753 2.27694 0.0277855 0
0 4854 phononL 0.004 -0.983772 1.05319 0.0118509 0
0 4855 phononL 0.004 -0.0779891 1.72292 0.00876038 0
0 4856 phononL 0.004 1.54332 -1.84101 -0.00631524 0
0 4857 phononL 0.004 -2.00675 2.52995 -0.0332981 0
0 4858 phononL 0.004 -2.1179 0.0282045 0.000996733 0
0 4859 phononL 0.004 -0.713899 -1.15493 0.0205278 0
0 4860 phononL 0.004 2.01792 -0.723268 -0.0195484 0
0 4861 phononL 0.004 -0.878249 -0.727195 0.0305519 0
0 4862 phononL 0.004 1.0429 1.03002 0.0191945 0
0 4863 phononL 0.004 2.77663 2.62708 0.00883435 0
0 4864 phononL 0.004 0.192505 0.764479 -0.00200873 0
0 4865 phononL 0.004 1.83046 0.190845 0.0332065 0
0 4866 phononL 0.004 0.810362 2.78665 0.027409 0
0 4867 phononL 0.004 -2.29735 -0.309998 0.0371794 0
0 4868 phononL 0.004 -0.699336 -1.69772 0.00486942 0
0 4869 phononL 0.004 0.871689 1.80569 0.0171988 0
0 4870 phononL 0.004 0.487038 1.02277 -0.0313888 0
0 4871 phononL 0.004 -0.409863 1.69132 0.00242124 0
0 4872 phononL 0.004 -2.49234 2.1283 -0.00635807 0
0 4873 phononL 0.004 -1.72753 1.3814 -0.00507311 0
0 4874 phononL 0.004 0.561021 2.21027 0.0337079 0
0 4875 phononL 0.004 -2.00282 0.521087 -0.0136156 0
0 4876 phononL 0.004 -2.18133 -2.52769 0.00490552 0
0 4877 phononL 0.004 -0.795681 -1.91106 -0.0381678 0
0 4878 phononL 0.004 2.15617 -1.69506 -0.0367254 0
0 4879 phononL 0.004 -0.979572 1.93963 0.0360493 0
0 4880 phononL 0.004 2.09599 -0.0213944 -0.0181654 0
0 4881 phononL 0.004 -0.406755 -2.49681 0.00342889 0
0 4882 phononL 0.004 -0.910944 2.52294 0.0397656 0
0 4883 phononL 0.004 2.27133 -2.59925 0.0360028 0
0 4884 phononL 0.004 1.27616 1.47929 -0.0236516 0
0 4885 phononL 0.004 -1.3648 1.31537 -0.00874154 0
0 4886 phononL 0.004 0.910194 -2.33043 -0.0256397 0
0 4887 phononL 0.004 1.90156 -1.8131 0.00928662 0
0 4888 phononL 0.004 0.400466 -0.0164172 0.000816025 0
0 4889 phononL 0.004 -1.74409 1.16771 -0.0395159 0
0 4890 phononL 0.004 2.76855 -1.17387 0.0362189 0
0 4891 phononL 0.004 2.45737 -0.0699186 -0.0263499 0
0 4892 phononL 0.004 -0.016889 -0.438106 0.0391367 0
0 4893 phononL 0.004 0.469788 -2.1601 -0.00329273 0
0 4894 phononL 0.004 -1.63947 -1.23391 -0.0180164 0
0 4895 phononL 0.004 1.27497 -2.0084 -0.0120289 0
0 4896 phononL 0.004 0.785371 1.15388 0.0201664 0
0 4897 phononL 0.004 -1.7306 -2.02353 -0.0231312 0
0 4898 phononL 0.004 -1.70729 0.175959 -0.0387049 0
0 4899 phononL 0.004 -0.471406 1.67411 -0.0238765 0
0 4900 phononL 0.004 2.8765 1.97097 -0.000925689 0
0 4901 phononL 0.004 -1.32578 0.641599 0.00400663 0
0 4902 phononL 0.004 1.14904 -2.13953 0.0340679 0
0 4903 phononL 0.004 1.92439 -2.2694 -0.00749087 0
0 4904 phononL 0.004 2.70007 -2.32357 0.00418995 0
0 4905 phononL 0.004 1.08253 -2.30538 -0.00508409 0
0 4906 phononL 0.004 2.35754 -1.12048 0.0025899 0
0 4907 phononL 0.004 -1.16175 1.31573 -0.0281149 0
0 4908 phononL 0.004 -1.09164 -1.79958 0.037063 0
0 4909 phononL 0.004 -1.00658 1.89152 0.00248576 0
0 4910 phononL 0.004 1.39584 1.99292 -0.0212448 0
0 4911 phononL 0.004 -1.80115 -1.94354 -8.16188e-05 0
0 4912 phononL 0.004 -0.889303 1.19967 0.0376193 0
0 4913 phononL 0.004 1.07122 2.27346 0.0360106 0
0 4914 phononL 0.004 -0.0586524 1.48561 -0.0276636 0
0 4915 phononL 0.004 1.52537 1.05745 -0.00712684 0
0 4916 phononL 0.004 -0.56694 1.11495 0.0134402 0
0 4917 phononL 0.004 -1.2639 -2.3819 -0.0321311 0
0 4918 phononL 0.004 -2.67514 1.75569 -0.00425998 0
0 4919 phononL 0.004 0.0913955 0.99396 0.0354319 0
0 4920 phononL 0.004 -2.80038 0.922201 -0.0285943 0
0 4921 phononL 0.004 1.48958 -0.167335 0.0124808 0
0 4922 phononL 0.004 2.59745 -1.66178 -0.0267245 0
0 4923 phononL 0.004 -2.15963 2.33941 -0.00404543 0
0 4924 phononL 0.004 -0.811863 1.26341 0.0059488 0
0 4925 phononL 0.004 -1.70294 0.658929 0.0353736 0
0 4926 phononL 0.004 2.21226 -0.777745 -0.0180747 0
0 4927 phononL 0.004 2.21354 -2.21562 0.0123464 0
0 4928 phononL 0.004 0.460223 -1.64727 0.0371349 0
0 4929 phononL 0.004 2.14887 -1.28884 0.0309666 0
0 4930 phononL 0.004 1.84377 0.779305 -0.0320915 0
0 4931 phononL 0.004 -0.462937 -0.560681 0.03054 0
0 4932 phononL 0.004 2.53807 0.648739 -0.0239292 0
0 4933 phononL 0.004 2.82166 2.30269 0.0332083 0
0 4934 phononL 0.004 0.493298 -1.514 0.0133818 0
0 4935 phononL 0.004 -1.33516 1.5071 0.0128534 0
0 4936 phononL 0.004 2.77023 -1.72458 -0.000792823 0
0 4937 phononL 0.004 2.0285 -0.734033 0.00723971 0
0 4938 phononL 0.004 -2.00631 -1.92561 0.00425113 0
0 4939 phononL 0.004 -0.0226662 1.03789 0.0215878 0
0 4940 phononL 0.004 -0.5609 -2.41948 0.0345356 0
0 4941 phononL 0.004 0.711346 -1.8405 -0.0323703 0
0 4942 phononL 0.004 2.84484 -1.97416 0.031616 0
0 4943 phononL 0.004 1.49935 -2.03916 -0.0317465 0
0 4944 phononL 0.004 2.29137 1.64672 0.0289376 0
0 4945 phononL 0.004 1.20567 -0.455283 -0.000785015 0
0 4946 phononL 0.004 0.801895 1.48778 -0.0325056 0
0 4947 phononL 0.004 1.32514 0.879239 -0.0273421 0
0 4948 phononL 0.004 1.12523 -1.0576 -0.00350807 0
0 4949 phononL 0.004 -1.74102 1.67365 0.036226 0
0 4950 phononL 0.004 -1.80464 1.4866 -0.0359009 0
0 4951 phononL 0.004 -2.41991 -2.69664 0.00143277 0
0 4952 phononL 0.004 -1.56342 -0.563288 0.0308671 0
0 4953 phononL 0.004 -2.65594 -1.99615 0.020302 0
0 4954 phononL 0.004 -2.83217 -1.87231 0.0121001 0
0 4955 phononL 0.004 0.591285 -1.27843 -0.0242032 0
0 4956 phononL 0.004 0.309339 -2.67336 0.0147128 0
0 4957 phononL 0.004 2.16811 -0.196559 -0.0234869 0
0 4958 phononL 0.004 0.440398 1.58774 -0.0235585 0
0 4959 phononL 0.004 1.36233 -2.45726 0.00796057 0
0 4960 phononL 0.004 0.465639 2.29768 0.0319392 0
0 4961 phononL 0.004 2.70965 -0.0613858 0.00289826 0
0 4962 phononL 0.004 -2.2987 0.190187 -0.00747448 0
0 4963 phononL 0.004 -2.11628 0.688059 -0.0200657 0
0 4964 phononL 0.004 -2.52714 0.0281717 -0.0341849 0
0 4965 phononL 0.004 -0.364488 1.3212 0.00572276 0
0 4966 phononL 0.004 2.81197 2.6449 0.0210618 0
0 4967 phononL 0.004 2.39937 0.233515 -0.0180214 0
0 4968 phononL 0.004 -2.66556 1.62059 -0.00836538 0
0 4969 phononL 0.004 -0.37318 -0.0919165 0.0150203 0
0 4970 phononL 0.004 2.49988 -1.3905 -0.0326756 0
0 4971 phononL 0.004 -2.17578 -0.269063 0.0345106 0
0 4972 phononL 0.004 -1.94888 -2.52749 -0.017073 0
0 4973 phononL 0.004 -2.12831 -2.24758 -0.0199287 0
0 4974 phononL 0.004 -0.598552 2.039 -0.0398537 0
0 4975 phononL 0.004 0.668022 -1.641 -0.0341697 0
0 4976 phononL 0.004 2.8216 1.52482 -0.0173439 0
0 4977 phononL 0.004 0.0628262 -2.74269 -0.0341496 0
0 4978 phononL 0.004 0.653892 1.58021 -0.00263327 0
0 4979 phononL 0.004 2.01152 -1.08274 0.0152194 0
0 4980 phononL 0.004 1.75628 -2.35674 0.026673 0
0 4981 phononL 0.004 -1.54118 -2.46259 0.0278636 0
0 4982 phononL 0.004 -0.997831 -0.656521 0.0193743 0
0 4983 phononL 0.004 -1.7501 -0.606181 0.0134341 0
0 4984 phononL 0.004 -1.66243 -1.15952 -0.0112207 0
0 4985 phononL 0.004 0.348547 -1.27075 0.011726 0
0 4986 phononL 0.004 2.45141 2.02301 0.0364095 0
0 4987 phononL 0.004 -1.09584 2.67839 -0.0359371 0
0 4988 phononL 0.004 2.63128 -0.0573133 0.0123717 0
0 4989 phononL 0.004 0.672465 -1.4046 0.000146595 0
0 4990 phononL 0.004 -2.68347 -1.73602 0.00647329 0
0 4991 phononL 0.004 0.234075 1.50771 -0.000771015 0
0 4992 phononL 0.004 -1.03043 1.39943 0.0343442 0
0 4993 phononL 0.004 -2.36522 2.11992 -0.0125753 0
0 4994 phononL 0.004 -2.23829 2.6635 -0.0309541 0
0 4995 phononL 0.004 -0.32764 -2.11159 -0.0376699 0
0 4996 phononL 0.004 0.580135 0.938938 -0.00728298 0
0 4997 phononL 0.004 1.08211 0.0594788 0.00542173 0
0 4998 phononL 0.004 2.71209 0.574956 0.0370796 0
0 4999 phononL 0.004 -0.16027 2.53797 0.0157328 0
0 5000 phononL 0.004 1.82441 1.3123 -0.0384457 0
0 5001 phononL 0.004 2.15367 -2.31749 0.00517848 0
0 5002 phononL 0.004 -1.81076 -0.743748 -0.0394207 0
0 5003 phononL 0.004 -1.36677 2.05583 -0.0341101 0
0 5004 phononL 0.004 -2.63745 -2.88208 -0.00433353 0
0 5005 phononL 0.004 -1.03951 -1.36168 0.00570225 0
0 5006 phononL 0.004 2.09326 -0.971403 0.0170741 0
0 5007 phononL 0.004 2.85473 0.824966 -0.031275 0
0 5008 phononL 0.004 -1.93594 0.576856 0.0160484 0
0 5009 phononL 0.004 -0.704452 -1.60121 -0.0010158 0
0 5010 phononL 0.004 -1.22153 1.66221 -0.03246 0
0 5011 phononL 0.004 1.59681 -0.807564 -0.0337711 0
0 5012 phononL 0.004 -0.129832 -0.851022 -0.0193198 0
0 5013 phononL 0.004 -2.79395 -1.56825 -0.0147844 0
0 5014 phononL 0.004 -1.45021 0.0706986 0.0275751 0
0 5015 phononL 0.004 1.55313 2.08015 -0.000246973 0
0 5016 phononL 0.004 -2.18485 0.993273 -0.0123784 0
0 5017 phononL 0.004 -0.457273 -2.28162 -0.0340197 0
0 5018 phononL 0.004 -1.00794 -1.15078 0.00899951 0
0 5019 phononL 0.004 -1.38553 2.25677 0.0269544 0
0 5020 phononL 0.004 -0.0667049 2.14121 -0.034994 0
0 5021 phononL 0.004 -2.8223 -1.09134 0.0275854 0
0 5022 phononL 0.004 -2.67849 1.99965 0.0182392 0
0 5023 phononL 0.004 -0.646736 -1.56935 0.0340853 0
0 5024 phononL 0.004 0.494476 -1.30609 0.0200858 0
0 5025 phononL 0.004 -2.19385 1.76759 0.0223045 0
0 5026 phononL 0.004 1.09597 0.536651 -0.032456 0
0 5027 phononL 0.004 -1.27003 -0.328734 -0.0124648 0
0 5028 phononL 0.004 -2.58497 1.90901 -0.0255396 0
0 5029 phononL 0.004 -1.06183 0.534969 -0.0145309 0
0 5030 phononL 0.004 0.10835 -2.41533 -0.0314007 0
0 5031 phononL 0.004 0.768655 -2.33042 0.0353416 0
0 5032 phononL 0.004 2.74135 0.271794 -0.00676715 0
0 5033 phononL 0.004 -1.66318 2.24773 0.0283946 0
0 5034 phononL 0.004 2.71947 -1.43028 0.0198653 0
0 5035 phononL 0.004 -1.96019 -2.3297 -0.00274264 0
0 5036 phononL 0.004 2.52214 -2.21719 -0.0106732 0
0 5037 phononL 0.004 -0.5278 -0.531864 -0.022404 0
0 5038 phononL 0.004 -1.68549 -2.15595 -0.0115576 0
0 5039 phononL 0.004 -0.944171 -2.51743 0.000570192 0
0 5040 phononL 0.004 1.29373 -2.45475 -0.0211485 0
0 5041 phononL 0.004 0.259103 1.03476 -0.0175148 0
0 5042 phononL 0.004 0.0413602 1.0142 0.0213637 0
0 5043 phononL 0.004 0.877049 -1.24918 0.0318338 0
0 5044 phononL 0.004 -2.65162 0.869109 0.0396319 0
0 5045 phononL 0.004 0.649935 -2.88314 -0.0183244 0
0 5046 phononL 0.004 2.28349 -2.60827 0.0344716 0
0 5047 phononL 0.004 -1.82349 0.673258 0.0398018 0
0 5048 phononL 0.004 0.436161 -0.870742 -0.0255698 0
0 5049 phononL 0.004 1.46828 1.75976 -0.0371454 0
0 5050 phononL 0.004 2.79129 0.365123 0.0385349 0
0 5051 phononL 0.004 0.479676 -1.14635 -0.032561 0
0 5052 phononL 0.004 0.37319 0.642117 -0.0377288 0
0 5053 phononL 0.004 -1.06444 -2.32281 -0.00261196 0
0 5054 phononL 0.004 -0.320914 -0.559647 -0.0183129 0
0 5055 phononL 0.004 -0.544055 -2.00167 7.36146e-06 0
0 5056 phononL 0.004 2.3 1.59085 0.0150763 0
0 5057 phononL 0.004 -0.641978 0.401529 0.0204208 0
0 5058 phononL 0.004 0.742291 -1.97487 0.0193756 0
0 5059 phononL 0.004 -2.58592 -1.67594 -0.0133753 0
0 5060 phononL 0.004 -2.39884 2.7222 0.0196285 0
0 5061 phononL 0.004 0.804239 -0.878282 0.0318305 0
0 5062 phononL 0.004 0.538848 1.44787 0.00851535 0
0 5063 phononL 0.004 1.94334 0.898682 0.0209387 0
0 5064 phononL 0.004 1.62714 -1.12691 -0.000384568 0
0 5065 phononL 0.004 -1.69593 -0.899106 0.0399815 0
0 5066 phononL 0.004 -2.07535 0.887192 -0.000476085 0
0 5067 phononL 0.004 0.760505 2.20495 -0.032394 0
0 5068 phononL 0.004 -0.171735 2.8657 -0.0034245 0
0 5069 phononL 0.004 0.480488 1.57924 0.00771403 0
0 5070 phononL 0.004 0.303125 2.39975 0.0116698 0
0 5071 phononL 0.004 -1.57269 2.32875 -0.00339433 0
0 5072 phononL 0.004 1.00786 -2.66827 0.00717689 0
0 5073 phononL 0.004 -2.87809 1.96515 0.0399883 0
0 5074 phononL 0.004 0.623326 1.75514 0.0290183 0
0 5075 phononL 0.004 0.467289 -0.0893172 0.0258626 0
0 5076 phononL 0.004 -1.01828 -0.979763 -0.00398184 0
0 5077 phononL 0.004 -1.39968 1.08309 -0.0231252 0
0 5078 phononL 0.004 -2.17187 -2.39926 -0.01213 0
0 5079 phononL 0.004 -1.13619 -1.8862 0.0101448 0
0 5080 phononL 0.004 1.33026 -2.18978 0.0345897 0
0 5081 phononL 0.004 -1.69867 2.19472 0.0305768 0
0 5082 phononL 0.004 -0.884947 1.55196 0.0268771 0
0 5083 phononL 0.004 0.381237 2.53074 -0.000141406 0
0 5084 phononL 0.004 -1.10069 2.66582 0.00790695 0
0 5085 phononL 0.004 -0.919292 2.31984 0.031417 0
0 5086 phononL 0.004 -2.25253 -2.44997 -0.0196967 0
0 5087 phononL 0.004 1.41844 -1.3519 0.039158 0
0 5088 phononL 0.004 0.309549 1.39192 0.0283084 0
0 5089 phononL 0.004 -1.72974 1.18424 -0.0266727 0
0 5090 phononL 0.004 -1.49484 -0.984715 -0.0262536 0
0 5091 phononL 0.004 2.47117 -2.18017 0.022601 0
0 5092 phononL 0.004 -0.578152 -1.7965 0.0267742 0
0 5093 phononL 0.004 -1.82737 -0.13939 -0.0186527 0
0 5094 phononL 0.004 0.625768 0.535434 -0.0336426 0
0 5095 phononL 0.004 -2.64605 -0.687999 -0.023976 0
0 5096 phononL 0.004 0.981415 -0.070141 -0.0257339 0
0 5097 phononL 0.004 1.41217 -1.16235 0.0373019 0
0 5098 phononL 0.004 1.25523 1.34893 0.0175974 0
0 5099 phononL 0.004 -1.88561 1.04664 0.0309152 0
0 5100 phononL 0.004 1.09597 -2.31131 -0.0140474 0
0 5101 phononL 0.004 0.389285 -0.849134 0.00307999 0
0 5102 phononL 0.004 -1.46071 1.80078 0.0356111 0
0 5103 phononL 0.004 -2.79881 -2.62347 0.0188568 0
0 5104 phononL 0.004 2.68469 -2.62557 -0.0101815 0
0 5105 phononL 0.004 -1.189 -1.39394 0.0335863 0
0 5106 phononL 0.004 1.64528 -1.2051 -0.0291614 0
0 5107 phononL 0.004 0.372756 1.7547 0.0304125 0
0 5108 phononL 0.004 -2.85843 -1.43949 -0.0167796 0
0 5109 phononL 0.004 2.35691 0.057706 0.0143725 0
0 5110 phononL 0.004 -1.85873 -0.0400832 -0.0397763 0
0 5111 phononL 0.004 1.94432 1.67835 0.0014289 0
0 5112 phononL 0.004 -1.66067 1.01869 -0.0186 0
0 5113 phononL 0.004 1.01223 2.60193 -0.035638 0
0 5114 phononL 0.004 -2.15355 0.612532 0.00938208 0
0 5115 phononL 0.004 -0.80667 -1.15131 0.00827828 0
0 5116 phononL 0.004 -2.4327 0.636215 -0.0122264 0
0 5117 phononL 0.004 -1.29257 2.04568 0.0379933 0
0 5118 phononL 0.004 -2.04772 -2.46429 -0.0191047 0
0 5119 phononL 0.004 -2.87051 -0.639213 -0.0255812 0
0 5120 phononL 0.004 1.17859 -2.11318 0.0157004 0
0 5121 phononL 0.004 2.12084 -2.88457 -0.0124105 0
0 5122 phononL 0.004 -0.616556 1.44554 -0.0334733 0
0 5123 phononL 0.004 -0.540591 -1.98108 -0.010171 0
0 5124 phononL 0.004 -2.61409 -0.909239 -0.0183189 0
0 5125 phononL 0.004 -1.06411 0.557864 0.0334614 0
0 5126 phononL 0.004 1.42617 -0.554788 0.0104871 0
0 5127 phononL 0.004 1.65287 -0.953842 -0.0169887 0
0 5128 phononL 0.004 2.32641 -2.55438 0.0233987 0
0 5129 phononL 0.004 -2.81615 -2.73566 -0.0100672 0
0 5130 phononL 0.004 0.448455 -2.85905 -0.000889827 0
0 5131 phononL 0.004 1.10378 1.81673 -0.0364417 0
0 5132 phononL 0.004 2.6326 0.675597 0.00253922 0
0 5133 phononL 0.004 1.95362 1.64361 -0.00182856 0
0 5134 phononL 0.004 -1.93438 -2.83191 -0.0324581 0
0 5135 phononL 0.004 -2.71955 2.67857 -0.0391712 0
0 5136 phononL 0.004 -1.16307 -0.143069 0.03178 0
0 5137 phononL 0.004 0.360185 -0.376033 -0.0389127 0
0 5138 phononL 0.004 0.920412 0.60723 -0.00457337 0
0 5139 phononL 0.004 0.7737 2.43565 0.00605567 0
0 5140 phononL 0.004 -0.121924 0.275819 -0.0374749 0
0 5141 phononL 0.004 -2.58637 -2.45198 -0.0314124 0
0 5142 phononL 0.004 0.61392 -1.7491 0.0188196 0
0 5143 phononL 0.004 -1.9533 2.71233 0.00223482 0
0 5144 phononL 0.004 -1.22818 -2.5392 0.0139387 0
0 5145 phononL 0.004 -1.33803 -1.13435 0.000502374 0
0 5146 phononL 0.004 2.56994 2.84471 0.00115626 0
0 5147 phononL 0.004 -1.01506 1.59414 -0.02957 0
0 5148 phononL 0.004 -0.690209 0.686181 0.00509546 0
0 5149 phononL 0.004 2.14331 -2.73374 -0.018758 0
0 5150 phononL 0.004 -1.07234 0.444383 -0.0326701 0
0 5151 phononL 0.004 0.513137 1.34676 -0.0235053 0
0 5152 phononL 0.004 -0.713615 2.19907 0.00961304 0
0 5153 phononL 0.004 2.56477 -0.506294 -0.0130089 0
0 5154 phononL 0.004 -0.423095 2.85133 -0.0188036 0
0 5155 phononL 0.004 0.629533 0.0203038 0.0233365 0
0 5156 phononL 0.004 0.362433 1.25801 -0.00981344 0
0 5157 phononL 0.004 2.01719 -2.61313 0.0115516 0
0 5158 phononL 0.004 1.33933 0.89925 -0.00503136 0
0 5159 phononL 0.004 -1.04993 2.80601 -0.00710417 0
0 5160 phononL 0.004 -2.67404 -2.3914 -0.00386371 0
0 5161 phononL 0.004 2.68965 0.713924 0.0268176 0
0 5162 phononL 0.004 -1.19668 0.557522 -0.0370575 0
0 5163 phononL 0.004 -2.22063 1.8069 0.0356917 0
0 5164 phononL 0.004 2.71773 0.487961 0.0207031 0
0 5165 phononL 0.004 -1.26635 1.81846 0.0157733 0
0 5166 phononL 0.004 1.98014 -2.32179 0.0386583 0
0 5167 phononL 0.004 -2.76629 1.37364 0.0257283 0
0 5168 phononL 0.004 1.4373 -0.425088 0.0262301 0
0 5169 phononL 0.004 2.17293 -2.1969 -0.0395391 0
0 5170 phononL 0.004 0.886311 0.246267 -0.0316314 0
0 5171 phononL 0.004 -0.782071 -0.451304 0.0170083 0
0 5172 phononL 0.004 0.485969 -0.633296 -0.0186804 0
0 5173 phononL 0.004 -1.11193 0.634509 0.0157113 0
0 5174 phononL 0.004 0.953731 2.19395 -0.0288453 0
0 5175 phononL 0.004 2.88049 2.43496 -0.0147275 0
0 5176 phononL 0.004 -2.36972 -0.390166 0.0158178 0
0 5177 phononL 0.004 1.81297 -0.0258345 -0.0291014 0
0 5178 phononL 0.004 1.44964 0.393974 -0.00780112 0
0 5179 phononL 0.004 0.471201 1.46635 -0.00879076 0
0 5180 phononL 0.004 -1.62894 2.71014 0.00137823 0
0 5181 phononL 0.004 1.18301 0.338112 0.028546 0
0 5182 phononL 0.004 1.00682 -2.55206 -0.0323956 0
0 5183 phononL 0.004 -1.7466 -2.30095 0.00280439 0
0 5184 phononL 0.004 1.1554 -1.09723 -0.03749 0
0 5185 phononL 0.004 2.04948 2.17868 -0.00705604 0
0 5186 phononL 0.004 -1.45887 2.30554 -0.00872541 0
0 5187 phononL 0.004 0.44436 -2.65677 -0.019284 0
0 5188 phononL 0.004 -0.00985298 0.468496 0.0323953 0
0 5189 phononL 0.004 -2.08895 -0.292467 -0.0385524 0
0 5190 phononL 0.004 -2.07133 -1.67042 0.0122138 0
0 5191 phononL 0.004 1.28091 2.07524 0.0191253 0
0 5192 phononL 0.004 -2.81795 -0.84915 0.0137209 0
0 5193 phononL 0.004 2.33881 -1.05315 -0.00539835 0
0 5194 phononL 0.004 -0.492571 0.989167 0.0376768 0
0 5195 phononL 0.004 -1.26068 0.184704 -0.000553318 0
0 5196 phononL 0.004 1.89706 0.0172523 -0.0148642 0
0 5197 phononL 0.004 -0.692411 2.55045 -0.0122408 0
0 5198 phononL 0.004 2.46939 1.74434 -0.0354862 0
0 5199 phononL 0.004 -0.899226 -2.60795 0.0145343 0
0 5200 phononL 0.004 -0.829283 -0.783176 0.0275648 0
0 5201 phononL 0.004 -0.154823 1.54458 0.0281621 0
0 5202 phononL 0.004 1.67553 0.692122 0.0358297 0
0 5203 phononL 0.004 -0.364739 1.64181 -0.00864262 0
0 5204 phononL 0.004 -0.815683 1.49972 -0.0371885 0
0 5205 phononL 0.004 1.1883 -0.760585 -0.0201738 0
0 5206 phononL 0.004 1.79324 0.313071 -0.0284435 0
0 5207 phononL 0.004 0.687177 0.593303 0.0350373 0
0 5208 phononL 0.004 0.231567 -1.13068 0.0163845 0
0 5209 phononL 0.004 0.224921 0.282801 0.00737132 0
0 5210 phononL 0.004 -2.26729 -2.63874 0.0315269 0
0 5211 phononL 0.004 -0.656013 -1.82067 -0.0148673 0
0 5212 phononL 0.004 -1.34011 -1.74247 0.0399624 0
0 5213 phononL 0.004 -0.656862 -1.9323 0.00856425 0
0 5214 phononL 0.004 0.148111 1.80855 0.0223658 0
0 5215 phononL 0.004 1.00932 -0.194382 -0.0375604 0
0 5216 phononL 0.004 -2.06778 2.53022 0.0303502 0
0 5217 phononL 0.004 0.176311 -0.216015 0.0207552 0
0 5218 phononL 0.004 -1.44235 -1.63074 -0.00207588 0
0 5219 phononL 0.004 0.640712 -0.788183 0.015071 0
0 5220 phononL 0.004 -0.295685 -0.232123 0.00484107 0
0 5221 phononL 0.004 -2.22788 -0.652589 0.00903373 0
0 5222 phononL 0.004 0.0729192 -0.105125 0.0346429 0
0 5223 phononL 0.004 2.37402 -1.48307 -0.0383127 0
0 5224 phononL 0.004 -1.51185 2.05935 -0.0169874 0
0 5225 phononL 0.004 1.62283 1.56374 -0.0081209 0
0 5226 phononL 0.004 1.91432 2.36247 0.0177867 0
0 5227 phononL 0.004 -1.02751 -1.12965 0.0370606 0
0 5228 phononL 0.004 2.10179 1.04251 -0.0259048 0
0 5229 phononL 0.004 2.67322 0.387012 -0.0377598 0
0 5230 phononL 0.004 -1.98894 -1.45614 -0.000141533 0
0 5231 phononL 0.004 -0.641128 0.760821 -0.0274993 0
0 5232 phononL 0.004 1.34326 2.47978 0.0305204 0
0 5233 phononL 0.004 -0.154167 0.632432 0.0168275 0
0 5234 phononL 0.004 -2.08141 1.89499 4.01176e-05 0
0 5235 phononL 0.004 -0.52225 1.73607 -0.0271625 0
0 5236 phononL 0.004 2.59351 1.97254 -0.0114751 0
0 5237 phononL 0.004 -1.69644 2.07215 0.0149791 0
0 5238 phononL 0.004 1.30989 0.899363 0.024465 0
0 5239 phononL 0.004 1.88785 -0.395224 -0.0031919 0
0 5240 phononL 0.004 -2.38786 -2.78732 -0.00869803 0
0 5241 phononL 0.004 1.67329 -1.45556 -0.0112066 0
0 5242 phononL 0.004 0.533185 2.32747 -0.032809 0
0 5243 phononL 0.004 1.24559 -0.583988 0.0130283 0
0 5244 phononL 0.004 -1.90338 0.346596 0.00488886 0
0 5245 phononL 0.004 -2.03124 -0.15514 0.0125874 0
0 5246 phononL 0.004 -1.2852 1.85983 -0.0312656 0
0 5247 phononL 0.004 -2.35939 2.64025 0.0398002 0
0 5248 phononL 0.004 -2.49539 2.49203 0.00294242 0
0 5249 phononL 0.004 -1.75262 -2.80216 0.00536843 0
0 5250 phononL 0.004 -2.09013 -0.409457 -0.032356 0
0 5251 phononL 0.004 0.451126 0.391212 0.0328674 0
0 5252 phononL 0.004 1.54834 2.56875 0.0140899 0
0 5253 phononL 0.004 -2.24743 -1.50569 0.0232383 0
0 5254 phononL 0.004 2.23153 0.107279 -0.023679 0
0 5255 phononL 0.004 0.341993 -0.241135 -0.0224281 0
0 5256 phononL 0.004 -2.28365 1.51351 0.0221736 0
0 5257 phononL 0.004 -1.25217 1.86876 0.0273851 0
0 5258 phononL 0.004 -2.3179 0.346319 -0.00625336 0
0 5259 phononL 0.004 -0.480418 1.54681 0.0271575 0
0 5260 phononL 0.004 -0.819809 2.79909 0.0349519 0
0 5261 phononL 0.004 -0.496308 2.66377 0.0237125 0
0 5262 phononL 0.004 1.605 -1.28434 0.0249643 0
0 5263 phononL 0.004 -2.46247 -0.601164 -0.0333444 0
0 5264 phononL 0.004 2.63925 -0.425669 0.00216109 0
0 5265 phononL 0.004 0.690805 0.703251 0.0100548 0
0 5266 phononL 0.004 2.12421 -1.33975 -0.0149278 0
0 5267 phononL 0.004 -0.105091 -0.276314 0.0248257 0
0 5268 phononL 0.004 2.06735 1.45078 0.0359324 0
0 5269 phononL 0.004 0.76988 2.14471 -0.0300526 0
0 5270 phononL 0.004 1.06842 0.150773 0.0188849 0
0 5271 phononL 0.004 -1.15124 -2.49356 0.0355073 0
0 5272 phononL 0.004 1.06469 -2.12433 -0.0303086 0
0 5273 phononL 0.004 2.39785 1.15554 -0.0131311 0
0 5274 phononL 0.004 -1.14269 2.04522 -0.0145374 0
0 5275 phononL 0.004 1.26259 0.693319 -0.0359965 0
0 5276 phononL 0.004 0.536378 2.80666 0.0295229 0
0 5277 phononL 0.004 2.27943 1.09535 -0.0369749 0
0 5278 phononL 0.004 1.57878 0.561879 0.0216138 0
0 5279 phononL 0.004 -0.140048 1.71112 -0.00928137 0
0 5280 phononL 0.004 2.0899 -2.80776 -0.0303846 0
0 5281 phononL 0.004 2.69154 0.937401 0.0228527 0
0 5282 phononL 0.004 2.67922 2.50494 -0.0166456 0
0 5283 phononL 0.004 2.16515 -2.19085 0.028772 0
0 5284 phononL 0.004 0.439051 -0.83905 0.00110779 0
0 5285 phononL 0.004 -2.65435 -1.73818 0.0320625 0
0 5286 phononL 0.004 2.74558 2.88495 -0.0392489 0
0 5287 phononL 0.004 2.09642 1.07958 -0.0168274 0
0 5288 phononL 0.004 -1.57285 -0.337874 0.00525113 0
0 5289 phononL 0.004 1.42677 -0.511864 0.0207499 0
0 5290 phononL 0.004 0.0998996 0.0700012 -0.00249515 0
0 5291 phononL 0.004 0.954335 2.20192 0.0198141 0
0 5292 phononL 0.004 -0.549853 -0.354186 0.00708958 0
0 5293 phononL 0.004 -1.85422 -1.44246 -0.037809 0
0 5294 phononL 0.004 2.60955 -1.38407 0.0292505 0
0 5295 phononL 0.004 0.996924 -2.67251 -0.0305627 0
0 5296 phononL 0.004 -0.77289 0.757622 0.0335522 0
0 5297 phononL 0.004 2.09738 -0.0416406 0.00267647 0
0 5298 phononL 0.004 1.46687 1.64983 0.00430067 0
0 5299 phononL 0.004 -0.400082 0.0136807 -0.00785283 0
0 5300 phononL 0.004 -0.918842 2.21554 0.0324612 0
0 5301 phononL 0.004 -0.410814 1.56047 0.0371742 0
0 5302 phononL 0.004 -2.74282 0.806992 0.0128735 0
0 5303 phononL 0.004 0.823307 -1.84613 -0.00707321 0
0 5304 phononL 0.004 2.09679 -1.52361 -0.0201155 0
0 5305 phononL 0.004 -2.22124 -2.75536 -0.0373675 0
0 5306 phononL 0.004 0.934896 -0.629528 0.0224853 0
0 5307 phononL 0.004 2.12904 -0.406081 0.0289616 0
0 5308 phononL 0.004 -0.13842 2.86991 -0.0193345 0
0 5309 phononL 0.004 -1.79412 2.2025 -0.0165794 0
0 5310 phononL 0.004 -1.42196 -2.5342 0.0169786 0
0 5311 phononL 0.004 -2.5897 1.4883 -0.0209062 0
0 5312 phononL 0.004 -0.686607 2.56033 0.0373856 0
0 5313 phononL 0.004 -1.97699 -2.09691 -0.00274769 0
0 5314 phononL 0.004 -2.08052 0.0589209 0.0223752 0
0 5315 phononL 0.004 0.498008 1.54858 0.017974 0
0 5316 phononL 0.004 2.20046 1.78987 -0.0367741 0
0 5317 phononL 0.004 0.928251 -0.494785 0.0202083 0
0 5318 phononL 0.004 -1.25716 -2.68717 -0.000333424 0
0 5319 phononL 0.004 -0.795367 -0.415588 0.0135203 0
0 5320 phononL 0.004 -1.68466 2.77855 0.0250555 0
0 5321 phononL 0.004 -1.95847 0.832791 0.00445442 0
0 5322 phononL 0.004 2.46028 1.7465 0.00995177 0
0 5323 phononL 0.004 1.83074 -0.80852 -0.0383774 0
0 5324 phononL 0.004 1.75957 -0.256877 -0.0331439 0
0 5325 phononL 0.004 -1.98598 -0.558096 0.022364 0
0 5326 phononL 0.004 2.05884 1.0064 -0.0284919 0
0 5327 phononL 0.004 -2.37951 0.096521 0.0198868 0
0 5328 phononL 0.004 -1.34503 2.4515 -0.0205918 0
0 5329 phononL 0.004 2.13862 -1.38595 -0.0329723 0
0 5330 phononL 0.004 -2.40978 2.81224 0.00511429 0
0 5331 phononL 0.004 -2.7131 -2.71018 0.00124896 0
0 5332 phononL 0.004 0.59272 -1.12606 0.0187775 0
0 5333 phononL 0.004 2.4274 1.65044 0.00249904 0
0 5334 phononL 0.004 0.647334 -2.13558 0.00429721 0
0 5335 phononL 0.004 0.453209 0.396434 0.0315881 0
0 5336 phononL 0.004 -0.682102 0.136727 0.0127841 0
0 5337 phononL 0.004 1.24828 2.69262 0.0260528 0
0 5338 phononL 0.004 -0.660488 0.713096 -0.0211044 0
0 5339 phononL 0.004 2.12932 0.0687058 0.0276195 0
0 5340 phononL 0.004 0.450056 -0.238321 0.0258012 0
0 5341 phononL 0.004 2.23778 1.132 -0.022371 0
0 5342 phononL 0.004 1.24325 -2.59066 -0.0389809 0
0 5343 phononL 0.004 -2.66042 -0.763006 -0.0181669 0
0 5344 phononL 0.004 0.392633 0.907484 -0.00138528 0
0 5345 phononL 0.004 -0.491193 0.871075 -0.0318523 0
0 5346 phononL 0.004 0.282167 2.24283 -0.00416649 0
0 5347 phononL 0.004 2.27354 -2.00458 -0.00259341 0
0 5348 phononL 0.004 -0.352298 -0.944098 -0.00988789 0
0 5349 phononL 0.004 -0.87516 2.38318 -0.0356107 0
0 5350 phononL 0.004 1.98921 -2.33581 -0.0353605 0
0 5351 phononL 0.004 -2.80751 0.560616 0.0377167 0
0 5352 phononL 0.004 -0.697398 -2.79763 0.0233649 0
0 5353 phononL 0.004 -1.93658 -0.340606 0.0323676 0
0 5354 phononL 0.004 0.851618 -0.595687 0.026185 0
0 5355 phononL 0.004 -2.15849 -2.13551 -0.0307097 0
0 5356 phononL 0.004 2.88448 2.85441 0.0266031 0
0 5357 phononL 0.004 -2.23043 -0.875496 -0.0305177 0
0 5358 phononL 0.004 1.39769 0.840026 -0.00571876 0
0 5359 phononL 0.004 -2.85896 2.6458 0.0176473 0
0 5360 phononL 0.004 1.47902 0.17204 0.0144199 0
0 5361 phononL 0.004 -2.47387 -0.476308 0.0148075 0
0 5362 phononL 0.004 2.01681 -2.22448 -0.0302766 0
0 5363 phononL 0.004 1.02618 -2.44252 0.00891246 0
0 5364 phononL 0.004 -2.17255 0.26803 -0.029143 0
0 5365 phononL 0.004 -0.771871 2.66099 -0.0280791 0
0 5366 phononL 0.004 -1.40841 -2.57239 0.0128465 0
0 5367 phononL 0.004 2.38013 2.62079 -0.014572 0
0 5368 phononL 0.004 0.947584 -1.58868 -0.0322626 0
0 5369 phononL 0.004 -1.77623 -1.83319 0.0374106 0
0 5370 phononL 0.004 -2.81329 -1.16972 0.0318432 0
0 5371 phononL 0.004 2.3115 1.24803 0.00283158 0
0 5372 phononL 0.004 0.518627 -0.371972 -0.0121586 0
0 5373 phononL 0.004 -1.35539 2.13497 0.0192532 0
0 5374 phononL 0.004 -0.711842 -1.2799 -0.0390997 0
0 5375 phononL 0.004 -2.02577 2.43603 -0.00520433 0
0 5376 phononL 0.004 2.54778 -2.28688 0.0289982 0
0 5377 phononL 0.004 -0.643422 0.778963 0.0278973 0
0 5378 phononL 0.004 -0.281717 -1.09574 0.0263045 0
0 5379 phononL 0.004 -1.06527 -1.3596 -0.024988 0
0 5380 phononL 0.004 1.13517 -0.970617 0.0195078 0
0 5381 phononL 0.004 -1.49966 -0.18006 -0.00431645 0
0 5382 phononL 0.004 -1.7904 -1.14556 -0.0201487 0
0 5383 phononL 0.004 -0.548158 -2.0021 -0.0246781 0
0 5384 phononL 0.004 -2.62435 -1.24042 0.0299734 0
0 5385 phononL 0.004 0.734909 2.62423 0.0310115 0
0 5386 phononL 0.004 -1.42887 -1.09283 -0.0239668 0
0 5387 phononL 0.004 0.289307 -1.38401 0.0326147 0
0 5388 phononL 0.004 -1.82068 -0.065317 -0.0255199 0
0 5389 phononL 0.004 0.630686 0.863356 0.0310958 0
0 5390 phononL 0.004 0.340825 2.44762 -0.0019032 0
0 5391 phononL 0.004 -1.70276 -1.283 0.00131984 0
0 5392 phononL 0.004 -1.61779 -0.872846 0.0233607 0
0 5393 phononL 0.004 0.0656145 1.62995 -0.00785156 0
0 5394 phononL 0.004 1.1908 -0.765086 -0.023744 0
0 5395 phononL 0.004 -0.735236 0.902414 0.000547271 0
0 5396 phononL 0.004 -2.1243 1.70009 0.0357115 0
0 5397 phononL 0.004 0.280629 -0.956187 -0.0396439 0
0 5398 phononL 0.004 0.26049 -1.7458 -0.010125 0
0 5399 phononL 0.004 1.18205 -2.38815 -0.0259675 0
0 5400 phononL 0.004 -1.67782 -2.7657 -0.0315231 0
0 5401 phononL 0.004 2.33008 0.561221 0.0164086 0
0 5402 phononL 0.004 -1.71784 -0.922514 0.0134956 0
0 5403 phononL 0.004 -2.22868 -2.57451 -0.0059786 0
0 5404 phononL 0.004 2.876 0.685289 0.0142471 0
0 5405 phononL 0.004 0.510667 1.6944 -0.018565 0
0 5406 phononL 0.004 -2.11572 1.25986 0.0183488 0
0 5407 phononL 0.004 2.48196 1.71628 -0.0123176 0
0 5408 phononL 0.004 -0.734597 -0.3149 0.0127365 0
0 5409 phononL 0.004 0.158051 2.53326 -0.0328936 0
0 5410 phononL 0.004 0.591138 -2.72328 -0.0230242 0
0 5411 phononL 0.004 -0.0601296 1.44754 0.0186652 0
0 5412 phononL 0.004 -1.3552 -2.32744 -0.0210531 0
0 5413 phononL 0.004 -1.85537 1.0485 -0.00953718 0
0 5414 phononL 0.004 1.62471 0.245372 0.00223292 0
0 5415 phononL 0.004 -0.349725 -1.0562 -0.0168283 0
0 5416 phononL 0.004 -1.00332 -0.644478 0.000736033 0
0 5417 phononL 0.004 -2.02859 1.13326 0.0176731 0
0 5418 phononL 0.004 -1.44569 1.68728 0.0285897 0
0 5419 phononL 0.004 2.83393 -0.528582 0.0177077 0
0 5420 phononL 0.004 0.11409 0.754995 -0.00239816 0
0 5421 phononL 0.004 2.79937 1.47621 -0.0290168 0
0 5422 phononL 0.004 2.65783 -2.56076 -0.0103463 0
0 5423 phononL 0.004 2.1501 -0.245026 -0.0367249 0
0 5424 phononL 0.004 -2.32119 -0.48362 -0.0205996 0
0 5425 phononL 0.004 2.14726 0.818308 -0.0097364 0
0 5426 phononL 0.004 2.32133 -0.240732 -0.0343505 0
0 5427 phononL 0.004 -2.15051 -0.662517 0.0116783 0
0 5428 phononL 0.004 0.708392 -2.24671 -0.03898 0
0 5429 phononL 0.004 -1.24985 -1.89413 0.00409333 0
0 5430 phononL 0.004 -1.06403 -2.54036 -0.0254569 0
0 5431 phononL 0.004 -1.82655 0.565144 -0.0174106 0
0 5432 phononL 0.004 1.90699 2.12824 -0.0135812 0
0 5433 phononL 0.004 2.12875 1.84923 -0.00806941 0
0 5434 phononL 0.004 1.36759 -2.27646 0.0227385 0
0 5435 phononL 0.004 1.17395 0.848848 -0.0151001 0
0 5436 phononL 0.004 2.88669 -2.67459 -0.0341363 0
0 5437 phononL 0.004 1.35929 -0.680732 -0.0306743 0
0 5438 phononL 0.004 1.04602 2.04739 -0.0103459 0
0 5439 phononL 0.004 -0.741428 -1.44113 -0.0189636 0
0 5440 phononL 0.004 1.38198 0.952032 0.0396294 0
0 5441 phononL 0.004 2.2883 -2.879 -0.0387844 0
0 5442 phononL 0.004 -2.42295 1.81801 -0.0178077 0
0 5443 phononL 0.004 -2.37191 2.39961 -0.0374612 0
0 5444 phononL 0.004 -2.73944 2.83164 0.0162741 0
0 5445 phononL 0.004 0.860675 0.394827 -0.027988 0
0 5446 phononL 0.004 -2.62794 1.04342 0.0270416 0
0 5447 phononL 0.004 -1.73986 -2.00435 -0.0299368 0
0 5448 phononL 0.004 0.116418 -0.344821 -0.00907608 0
0 5449 phononL 0.004 1.10343 1.54719 -0.0146758 0
0 5450 phononL 0.004 1.94316 2.34019 -0.00108481 0
0 5451 phononL 0.004 0.897483 0.514394 -0.00559614 0
0 5452 phononL 0.004 -0.180058 0.386808 -0.0347 0
0 5453 phononL 0.004 -2.88255 0.879724 -0.0124292 0
0 5454 phononL 0.004 1.08879 1.42931 -0.0274205 0
0 5455 phononL 0.004 -2.18546 -2.81076 -0.00074381 0
0 5456 phononL 0.004 -1.71739 -1.97961 -0.00644304 0
0 5457 phononL 0.004 -1.63892 1.94283 0.0289511 0
0 5458 phononL 0.004 -2.48505 -0.115411 -0.0330941 0
0 5459 phononL 0.004 -1.76877 -1.80996 -0.0193728 0
0 5460 phononL 0.004 2.31323 -0.586648 -0.0209513 0
0 5461 phononL 0.004 1.62321 -1.84131 -0.00329279 0
0 5462 phononL 0.004 -1.87635 0.29231 0.000832502 0
0 5463 phononL 0.004 -2.2819 1.53522 -0.0136557 0
0 5464 phononL 0.004 2.63908 -1.19213 0.00130236 0
0 5465 phononL 0.004 -1.75772 -2.49732 -0.0398713 0
0 5466 phononL 0.004 1.58573 1.4204 -0.00965722 0
0 5467 phononL 0.004 1.64407 -0.624577 -0.0167105 0
0 5468 phononL 0.004 2.02263 2.14754 0.0322122 0
0 5469 phononL 0.004 0.565131 1.76173 -0.020435 0
0 5470 phononL 0.004 1.80617 -0.366312 0.00882961 0
0 5471 phononL 0.004 -1.35661 -1.91772 -0.0394384 0
0 5472 phononL 0.004 -1.90956 -2.52328 0.0179465 0
0 5473 phononL 0.004 -1.9371 -0.278482 -0.0259981 0
0 5474 phononL 0.004 -0.509112 2.11893 -0.0262267 0
0 5475 phononL 0.004 1.30142 0.8623 0.0286731 0
0 5476 phononL 0.004 -1.44364 -2.01334 0.00062195 0
0 5477 phononL 0.004 -2.05585 2.59211 -0.0361374 0
0 5478 phononL 0.004 2.71646 2.43558 0.0142343 0
0 5479 phononL 0.004 -2.47021 2.20983 0.0341114 0
0 5480 phononL 0.004 -1.46122 -1.97009 -0.0122815 0
0 5481 phononL 0.004 -1.21951 -0.0143086 0.0183168 0
0 5482 phononL 0.004 0.0709526 -1.68749 -0.00129763 0
0 5483 phononL 0.004 1.98878 -0.180744 0.017882 0
0 5484 phononL 0.004 -1.08639 0.954661 0.000967431 0
0 5485 phononL 0.004 -1.54172 -1.16675 -0.000153032 0
0 5486 phononL 0.004 0.926252 0.284823 -0.0392942 0
0 5487 phononL 0.004 0.831613 2.38282 0.00783011 0
0 5488 phononL 0.004 1.12939 -0.515283 0.0291015 0
0 5489 phononL 0.004 2.14484 0.927524 0.039108 0
0 5490 phononL 0.004 0.266539 -0.923507 -0.0214074 0
0 5491 phononL 0.004 -1.03246 -1.49927 -0.0278163 0
0 5492 phononL 0.004 0.803675 2.70744 0.0109159 0
0 5493 phononL 0.004 -1.68596 -0.247332 -0.0260227 0
0 5494 phononL 0.004 1.83181 -0.849556 -0.0293902 0
0 5495 phononL 0.004 0.545877 -1.91265 0.0360898 0
0 5496 phononL 0.004 -2.49644 2.27764 -0.0171776 0
0 5497 phononL 0.004 -2.24424 -2.16074 0.0212096 0
0 5498 phononL 0.004 0.160149 -1.09628 0.0184421 0
0 5499 phononL 0.004 -1.82862 -2.43134 0.009677 0
0 5500 phononL 0.004 2.73869 2.00952 0.0131635 0
0 5501 phononL 0.004 -0.584539 2.24856 0.0172461 0
0 5502 phononL 0.004 -1.46579 1.79912 0.0236506 0
0 5503 phononL 0.004 -2.81326 -1.395 0.0280442 0
0 5504 phononL 0.004 -2.20198 2.25974 -0.0368377 0
0 5505 phononL 0.004 -1.71832 -0.122805 -0.0321025 0
0 5506 phononL 0.004 0.366122 1.47541 -0.0323434 0
0 5507 phononL 0.004 -0.908511 1.51953 -0.0380818 0
0 5508 phononL 0.004 -2.4411 -1.4077 -0.0162163 0
0 5509 phononL 0.004 -2.22974 -1.71038 -0.039016 0
0 5510 phononL 0.004 0.148997 -2.7065 -0.0138388 0
0 5511 phononL 0.004 -1.94457 2.54715 -0.031439 0
0 5512 phononL 0.004 -2.23603 0.191311 0.028996 0
0 5513 phononL 0.004 1.85106 1.16918 0.0395519 0
0 5514 phononL 0.004 -2.31384 1.22425 0.0331344 0
0 5515 phononL 0.004 1.05028 -2.02411 -0.00679466 0
0 5516 phononL 0.004 -2.66513 0.468965 -0.0338012 0
0 5517 phononL 0.004 1.14818 0.630738 0.0320647 0
0 5518 phononL 0.004 2.5838 -1.80911 0.02349 0
0 5519 phononL 0.004 -1.02488 2.08103 0.0235635 0
0 5520 phononL 0.004 -0.104919 0.377516 -0.00339731 0
0 5521 phononL 0.004 -0.765554 -2.84767 0.0174614 0
0 5522 phononL 0.004 -1.89915 -0.523482 -0.0114992 0
0 5523 phononL 0.004 0.916351 2.67809 -0.0374354 0
0 5524 phononL 0.004 2.23256 -2.73804 -0.0395947 0
0 5525 phononL 0.004 1.47108 1.2508 -0.0122898 0
0 5526 phononL 0.004 2.34153 -0.804251 -0.0322873 0
0 5527 phononL 0.004 1.88212 1.25624 -0.0027079 0
0 5528 phononL 0.004 1.72899 0.633009 -0.00275549 0
0 5529 phononL 0.004 -1.78871 -1.04433 0.0110052 0
0 5530 phononL 0.004 -1.95314 -2.15485 -0.0200729 0
0 5531 phononL 0.004 -1.62203 0.796668 0.0341175 0
0 5532 phononL 0.004 -0.154588 -0.46936 -0.00788963 0
0 5533 phononL 0.004 1.98622 2.81484 0.0172202 0
0 5534 phononL 0.004 2.10101 1.22169 -0.0395208 0
0 5535 phononL 0.004 -2.71498 -2.11666 -0.0092451 0
0 5536 phononL 0.004 -2.23418 -1.05662 -0.0317234 0
0 5537 phononL 0.004 2.7854 -0.507575 -0.00557467 0
0 5538 phononL 0.004 1.62199 -0.670295 0.0289955 0
0 5539 phononL 0.004 -1.78689 -1.22018 0.0280555 0
0 5540 phononL 0.004 2.61969 0.0217237 -0.00656161 0
0 5541 phononL 0.004 1.68485 2.55095 0.0281532 0
0 5542 phononL 0.004 -1.70023 0.489038 0.0263479 0
0 5543 phononL 0.004 -1.23708 2.77118 -0.0297985 0
0 5544 phononL 0.004 -1.99177 -1.74486 0.0246685 0
0 5545 phononL 0.004 -0.992021 1.90773 -0.0346514 0
0 5546 phononL 0.004 1.79605 0.222652 -0.0041918 0
0 5547 phononL 0.004 1.17492 -2.30259 -0.0394271 0
0 5548 phononL 0.004 0.184333 -2.11132 0.0118662 0
0 5549 phononL 0.004 0.787676 -1.79206 -0.0244876 0
0 5550 phononL 0.004 1.70765 2.80331 -0.024875 0
0 5551 phononL 0.004 1.74693 -1.24677 0.00928033 0
0 5552 phononL 0.004 2.03212 0.214782 -0.0357001 0
0 5553 phononL 0.004 -2.87984 -0.0724701 -0.00042402 0
0 5554 phononL 0.004 -0.447285 -1.19371 0.0252051 0
0 5555 phononL 0.004 1.41426 -2.29852 0.0178942 0
0 5556 phononL 0.004 -0.937433 -2.42689 -0.0219841 0
0 5557 phononL 0.004 -1.34499 -0.425844 -0.0331548 0
0 5558 phononL 0.004 1.51569 -2.83838 -0.0305916 0
0 5559 phononL 0.004 0.836656 -0.701314 -0.00513559 0
0 5560 phononL 0.004 1.38457 -2.41092 0.00162032 0
0 5561 phononL 0.004 -2.49078 -1.69743 0.0324263 0
0 5562 phononL 0.004 0.399124 -1.46535 -0.000962386 0
0 5563 phononL 0.004 2.38263 -2.01685 -0.0313336 0
0 5564 phononL 0.004 -1.2243 -0.88486 0.00492423 0
0 5565 phononL 0.004 0.0690599 -0.429949 -0.00449663 0
0 5566 phononL 0.004 1.02961 -0.661829 0.0145206 0
0 5567 phononL 0.004 -1.76713 -1.38162 0.0153015 0
0 5568 phononL 0.004 2.06657 0.457995 0.000966312 0
0 5569 phononL 0.004 -1.45518 -0.984565 0.0336374 0
0 5570 phononL 0.004 2.26779 2.77978 0.0302518 0
0 5571 phononL 0.004 0.381295 1.93272 -0.0186285 0
0 5572 phononL 0.004 -1.66449 -1.04104 0.0247956 0
0 5573 phononL 0.004 2.32043 -2.12597 -0.0201297 0
0 5574 phononL 0.004 1.09163 -1.97611 -0.0303061 0
0 5575 phononL 0.004 1.4777 -1.4263 0.0227325 0
0 5576 phononL 0.004 1.96941 1.99466 0.0103217 0
0 5577 phononL 0.004 -0.273384 1.72677 -0.0223746 0
0 5578 phononL 0.004 -1.45098 -0.388405 -0.0269199 0
0 5579 phononL 0.004 -1.29088 0.634573 0.00405202 0
0 5580 phononL 0.004 1.52992 0.84814 0.0254648 0
0 5581 phononL 0.004 1.90998 -2.70985 0.00242109 0
0 5582 phononL 0.004 2.12423 0.0276885 -0.0152699 0
0 5583 phononL 0.004 2.51211 -0.0321709 0.0019815 0
0 5584 phononL 0.004 -1.80254 -2.30421 0.0111345 0
0 5585 phononL 0.004 0.595658 -0.21852 -0.00604231 0
0 5586 phononL 0.004 -2.88181 0.0484719 -0.0295224 0
0 5587 phononL 0.004 1.85999 -1.51694 -0.0111638 0
0 5588 phononL 0.004 0.164075 -1.10321 -0.0093711 0
0 5589 phononL 0.004 0.79977 1.93004 0.0216943 0
0 5590 phononL 0.004 -1.44739 0.0399961 0.00357712 0
0 5591 phononL 0.004 0.956415 -1.88819 0.0262645 0
0 5592 phononL 0.004 -1.22614 -2.847 -0.00215888 0
0 5593 phononL 0.004 -1.04505 -2.34958 -0.00416302 0
0 5594 phononL 0.004 -2.32178 -1.63568 0.0346758 0
0 5595 phononL 0.004 -0.0983953 0.74148 0.0369345 0
0 5596 phononL 0.004 -0.858257 2.46694 0.0387302 0
0 5597 phononL 0.004 1.27642 -1.42114 0.0255357 0
0 5598 phononL 0.004 -0.77428 -0.344679 0.0347131 0
0 5599 phononL 0.004 -1.29809 2.45759 0.0383469 0
0 5600 phononL 0.004 -0.00434244 -2.79273 0.019653 0
0 5601 phononL 0.004 0.472519 -2.38339 -0.0196079 0
0 5602 phononL 0.004 1.22623 1.76356 -0.00883898 0
0 5603 phononL 0.004 -2.58622 2.80585 -0.0103254 0
0 5604 phononL 0.004 2.6541 1.34137 0.0360544 0
0 5605 phononL 0.004 -2.35072 1.423 0.0133876 0
0 5606 phononL 0.004 0.377715 2.31138 -0.0127398 0
0 5607 phononL 0.004 0.970785 2.55186 -0.0375427 0
0 5608 phononL 0.004 -2.13965 -2.20245 -0.0188955 0
0 5609 phononL 0.004 -2.0887 -0.253479 0.00154249 0
0 5610 phononL 0.004 2.0334 -2.83218 0.0386859 0
0 5611 phononL 0.004 1.47831 2.52613 -0.0376914 0
0 5612 phononL 0.004 -0.049707 0.33221 -0.0348858 0
0 5613 phononL 0.004 1.14579 -0.101174 0.0120118 0
0 5614 phononL 0.004 -1.80408 -1.39123 0.0380951 0
0 5615 phononL 0.004 1.19431 1.09982 -0.00872873 0
0 5616 phononL 0.004 0.356135 -0.734938 -0.0375472 0
0 5617 phononL 0.004 -1.87188 2.26443 0.00103975 0
0 5618 phononL 0.004 0.894217 -0.408798 0.0128896 0
0 5619 phononL 0.004 0.620359 0.593431 -0.037634 0
0 5620 phononL 0.004 -0.328732 -1.94049 -0.000671072 0
0 5621 phononL 0.004 0.912266 1.38888 -0.0343824 0
0 5622 phononL 0.004 1.06693 -1.26667 -0.00950894 0
0 5623 phononL 0.004 0.866674 -2.27477 0.0242494 0
0 5624 phononL 0.004 -1.48019 -1.94814 0.00930595 0
0 5625 phononL 0.004 0.0745455 2.73772 0.035078 0
0 5626 phononL 0.004 -0.27624 1.64482 0.00461189 0
0 5627 phononL 0.004 0.730013 1.01984 0.0075092 0
0 5628 phononL 0.004 2.84106 0.131804 -0.03245 0
0 5629 phononL 0.004 1.90595 1.28431 -0.0380566 0
0 5630 phononL 0.004 2.1321 -1.34544 -0.0251235 0
0 5631 phononL 0.004 2.25258 2.27349 0.0146825 0
0 5632 phononL 0.004 2.51521 -2.66862 -0.0186217 0
0 5633 phononL 0.004 -1.22393 -1.97961 -0.00676423 0
0 5634 phononL 0.004 2.60209 0.196275 0.0303675 0
0 5635 phononL 0.004 -0.956373 -1.51052 0.0226369 0
0 5636 phononL 0.004 2.71634 2.15422 -0.0146075 0
0 5637 phononL 0.004 2.73183 0.992628 -0.0353 0
0 5638 phononL 0.004 2.8322 1.54781 -0.0334042 0
0 5639 phononL 0.004 -2.78382 1.5321 0.00381187 0
0 5640 phononL 0.004 0.987789 -2.2643 -0.0296711 0
0 5641 phononL 0.004 1.25043 -1.88692 0.0358666 0
0 5642 phononL 0.004 -2.21985 1.1661 0.0297987 0
0 5643 phononL 0.004 1.51942 -0.590262 0.0302197 0
0 5644 phononL 0.004 -0.417625 -2.00979 -0.0156074 0
0 5645 phononL 0.004 1.83136 0.153695 0.0147294 0
0 5646 phononL 0.004 -0.746101 -1.23317 0.0326795 0
0 5647 phononL 0.004 0.522854 -1.26337 0.00484305 0
0 5648 phononL 0.004 1.35059 1.11948 0.0163447 0
0 5649 phononL 0.004 -2.86821 1.06937 -0.0385327 0
0 5650 phononL 0.004 1.21651 -2.31942 -0.0261829 0
0 5651 phononL 0.004 0.376992 0.890933 0.0275716 0
0 5652 phononL 0.004 -1.64008 0.538368 -0.0291033 0
0 5653 phononL 0.004 1.48138 -0.520881 0.0166617 0
0 5654 phononL 0.004 2.17952 -0.693517 -0.0208017 0
0 5655 phononL 0.004 -1.34098 -0.678169 0.0382913 0
0 5656 phononL 0.004 -1.83107 -2.15247 -0.00223837 0
0 5657 phononL 0.004 -2.57022 0.914268 0.0382 0
0 5658 phononL 0.004 1.77383 0.871156 -0.00975909 0
0 5659 phononL 0.004 1.73623 1.21175 -0.020169 0
0 5660 phononL 0.004 2.18117 -1.99662 0.0206568 0
0 5661 phononL 0.004 1.04053 -0.421924 0.0121126 0
0 5662 phononL 0.004 -0.85551 2.21389 0.0150877 0
0 5663 phononL 0.004 -0.568606 -1.26648 -0.0227035 0
0 5664 phononL 0.004 2.86232 -2.42948 -0.014689 0
0 5665 phononL 0.004 -1.59895 -1.35845 0.028994 0
0 5666 phononL 0.004 1.05762 -1.688 0.030102 0
0 5667 phononL 0.004 1.54186 2.37276 0.0371277 0
0 5668 phononL 0.004 1.59895 -1.61133 -0.0160638 0
0 5669 phononL 0.004 2.26716 2.50213 0.0305585 0
0 5670 phononL 0.004 1.80044 2.01268 0.0350689 0
0 5671 phononL 0.004 0.195912 -1.5454 -0.0232539 0
0 5672 phononL 0.004 1.359 0.75971 -0.0234222 0
0 5673 phononL 0.004 -1.45583 1.66694 -0.0259376 0
0 5674 phononL 0.004 2.05106 0.0385578 0.0314101 0
0 5675 phononL 0.004 0.925534 -2.60108 -0.00385895 0
0 5676 phononL 0.004 -1.46082 2.27213 0.0104001 0
0 5677 phononL 0.004 -2.05163 1.10793 0.00240236 0
0 5678 phononL 0.004 2.85237 -0.467866 -0.0333368 0
0 5679 phononL 0.004 1.80751 1.66733 -0.00541861 0
0 5680 phononL 0.004 -0.0836629 0.0712089 -0.0391342 0
0 5681 phononL 0.004 1.47768 0.834226 0.0231677 0
0 5682 phononL 0.004 -0.886403 1.22358 0.033155 0
0 5683 phononL 0.004 2.37396 2.35141 -0.0345957 0
0 5684 phononL 0.004 1.82054 -2.61864 0.0175742 0
0 5685 phononL 0.004 -1.25305 -1.39619 0.0358234 0
0 5686 phononL 0.004 2.43963 -1.95601 0.0165623 0
0 5687 phononL 0.004 -2.57579 -1.84762 0.0184816 0
0 5688 phononL 0.004 -0.19181 -2.10617 -0.0340925 0
0 5689 phononL 0.004 2.5152 1.78897 -0.0148328 0
0 5690 phononL 0.004 0.808607 -0.255599 -0.0351617 0
0 5691 phononL 0.004 -1.06313 -0.61052 0.0233871 0
0 5692 phononL 0.004 0.363255 2.38562 -0.0394444 0
0 5693 phononL 0.004 -2.83923 -1.31329 0.00867596 0
0 5694 phononL 0.004 0.887494 -1.62105 0.0343611 0
0 5695 phononL 0.004 2.65555 1.00616 -0.0215071 0
0 5696 phononL 0.004 1.47152 -2.11861 0.0188028 0
0 5697 phononL 0.004 0.0210059 1.44671 -0.00381183 0
0 5698 phononL 0.004 2.21011 -1.55308 -0.0093187 0
0 5699 phononL 0.004 -1.23295 -0.889985 -0.00968967 0
0 5700 phononL 0.004 -1.22615 -2.2873 0.0342464 0
0 5701 phononL 0.004 2.08765 -1.06342 -0.00683997 0
0 5702 phononL 0.004 -0.258834 1.86918 -0.018977 0
0 5703 phononL 0.004 -1.17799 1.80152 0.012842 0
0 5704 phononL 0.004 2.61214 -2.51382 -0.0387632 0
0 5705 phononL 0.004 1.19615 2.1354 0.0199774 0
0 5706 phononL 0.004 -1.48623 -1.56808 -0.0395404 0
0 5707 phononL 0.004 1.32318 -0.240404 -0.0207083 0
0 5708 phononL 0.004 -2.18451 2.00032 -0.0290421 0
0 5709 phononL 0.004 0.860108 -1.26863 0.0294354 0
0 5710 phononL 0.004 2.56025 2.01655 0.0210213 0
0 5711 phononL 0.004 -1.05043 0.143257 -0.0116506 0
0 5712 phononL 0.004 0.162639 -2.83853 -0.0112108 0
0 5713 phononL 0.004 0.782087 1.67418 -0.00833933 0
0 5714 phononL 0.004 -2.23192 2.42838 -0.0224669 0
0 5715 phononL 0.004 0.153707 2.43667 -0.0365382 0
0 5716 phononL 0.004 2.57097 1.18302 0.00732593 0
0 5717 phononL 0.004 2.36598 -1.5485 -0.00754901 0
0 5718 phononL 0.004 -0.631696 2.62496 0.0267287 0
0 5719 phononL 0.004 -0.0251837 -2.57568 0.0308863 0
0 5720 phononL 0.004 -0.00818612 -1.71774 0.0331474 0
0 5721 phononL 0.004 -2.42499 -2.14336 -0.0344757 0
0 5722 phononL 0.004 -0.307968 2.45675 -0.0118144 0
0 5723 phononL 0.004 1.27322 0.462173 -0.00689243 0
0 5724 phononL 0.004 1.2824 1.56197 0.00788114 0
0 5725 phononL 0.004 -2.13686 -2.83134 0.00701292 0
0 5726 phononL 0.004 2.56799 0.187999 0.0177294 0
0 5727 phononL 0.004 1.29574 -0.145509 0.00553437 0
0 5728 phononL 0.004 -2.13747 -0.571022 -0.0305841 0
0 5729 phononL 0.004 0.0224795 -2.70358 0.0127113 0
0 5730 phononL 0.004 -1.13952 -0.790799 -0.0133146 0
0 5731 phononL 0.004 0.657558 0.280901 -0.0151593 0
0 5732 phononL 0.004 -2.26579 -1.21526 0.0150634 0
0 5733 phononL 0.004 -1.84229 2.60911 -0.00144613 0
0 5734 phononL 0.004 -2.17109 2.07724 -0.0191427 0
0 5735 phononL 0.004 -0.219003 1.56446 0.0196169 0
0 5736 phononL 0.004 -0.985918 2.04786 0.0152685 0
0 5737 phononL 0.004 2.55333 0.724075 0.0184598 0
0 5738 phononL 0.004 0.101911 1.09964 0.0167113 0
0 5739 phononL 0.004 -0.672849 2.07748 -0.0102389 0
0 5740 phononL 0.004 0.271362 -2.58322 -0.0100202 0
0 5741 phononL 0.004 0.763057 1.08409 0.000953701 0
0 5742 phononL 0.004 1.60341 -1.66808 0.00622838 0
0 5743 phononL 0.004 -0.0681878 -1.74564 0.0219942 0
0 5744 phononL 0.004 2.79194 1.70217 -0.0169831 0
0 5745 phononL 0.004 -1.46488 -2.19937 -0.0168579 0
0 5746 phononL 0.004 0.530238 -1.37521 0.0310511 0
0 5747 phononL 0.004 1.55716 -2.32196 -0.00995152 0
0 5748 phononL 0.004 -2.7143 0.638759 -0.0310199 0
0 5749 phononL 0.004 1.72675 0.102118 -0.0373637 0
0 5750 phononL 0.004 0.996459 2.17615 -0.00142864 0
0 5751 phononL 0.004 -0.0237707 1.37438 0.0266363 0
0 5752 phononL 0.004 1.58766 2.79107 -0.030805 0
0 5753 phononL 0.004 2.43544 -1.02681 -0.0210912 0
0 5754 phononL 0.004 2.26648 2.1314 -0.0263509 0
0 5755 phononL 0.004 2.43365 1.36036 0.0320529 0
0 5756 phononL 0.004 2.31653 1.84173 0.0127972 0
0 5757 phononL 0.004 1.74166 1.95836 0.0230456 0
0 5758 phononL 0.004 0.148082 -1.31419 0.0121928 0
0 5759 phononL 0.004 -0.272546 -2.46589 -0.0284525 0
0 5760 phononL 0.004 -1.19269 0.0161135 -0.0323672 0
0 5761 phononL 0.004 2.65336 -2.49086 -0.0135092 0
0 5762 phononL 0.004 2.8488 -1.20966 0.0122627 0
0 5763 phononL 0.004 -0.272775 -0.479343 0.0369864 0
0 5764 phononL 0.004 -1.10515 -1.70801 0.0221929 0
0 5765 phononL 0.004 -1.10998 0.638967 0.0112648 0
0 5766 phononL 0.004 1.39874 1.62941 0.00290882 0
0 5767 phononL 0.004 -2.83738 -0.443419 -0.0197073 0
0 5768 phononL 0.004 -1.57354 0.048259 0.0349441 0
0 5769 phononL 0.004 -2.49175 -0.029791 0.0140218 0
0 5770 phononL 0.004 2.87652 0.442793 -0.0297178 0
0 5771 phononL 0.004 0.293223 -2.64011 -0.00588124 0
0 5772 phononL 0.004 -1.10782 0.58831 0.0220718 0
0 5773 phononL 0.004 -2.58607 -2.0558 -0.0397646 0
0 5774 phononL 0.004 0.384246 -0.909812 -0.0116958 0
0 5775 phononL 0.004 -0.0706824 -0.63594 -0.0241246 0
0 5776 phononL 0.004 -0.751213 -0.958495 -0.037604 0
0 5777 phononL 0.004 -1.54418 2.04385 0.0122483 0
0 5778 phononL 0.004 0.379298 1.30554 0.0207795 0
0 5779 phononL 0.004 -1.89892 1.17287 -0.00184268 0
0 5780 phononL 0.004 -0.0602851 -1.50665 0.0385749 0
0 5781 phononL 0.004 -1.1616 -2.51368 0.0195753 0
0 5782 phononL 0.004 1.10189 -2.29658 0.0209297 0
0 5783 phononL 0.004 0.00725397 -0.631774 -0.0181417 0
0 5784 phononL 0.004 2.80758 -0.222939 0.00580473 0
0 5785 phononL 0.004 -1.75397 2.33299 0.0392078 0
0 5786 phononL 0.004 1.04001 -1.73959 0.00138507 0
0 5787 phononL 0.004 0.265779 -1.2633 -0.0281538 0
0 5788 phononL 0.004 2.15883 -2.03683 0.00659495 0
0 5789 phononL 0.004 -2.87806 -2.26944 -0.0273302 0
0 5790 phononL 0.004 -0.11131 1.26895 -0.0270336 0
0 5791 phononL 0.004 -2.01091 1.75567 -0.0149436 0
0 5792 phononL 0.004 0.704503 2.39333 -0.0132966 0
0 5793 phononL 0.004 1.45452 -0.78104 -0.0241249 0
0 5794 phononL 0.004 2.1417 0.367552 0.0132319 0
0 5795 phononL 0.004 0.927851 0.0946754 0.00214233 0
0 5796 phononL 0.004 -1.68692 -0.713831 -0.00714107 0
0 5797 phononL 0.004 -1.25066 -2.70995 0.0393718 0
0 5798 phononL 0.004 -2.79046 1.99969 0.020735 0
0 5799 phononL 0.004 1.94387 1.00758 0.0257511 0
0 5800 phononL 0.004 -0.261719 1.96804 -0.0121435 0
0 5801 phononL 0.004 -2.18504 -2.14712 -0.0207827 0
0 5802 phononL 0.004 0.603574 -0.384403 -0.0108281 0
0 5803 phononL 0.004 -1.46022 -2.20945 -0.0313537 0
0 5804 phononL 0.004 -1.7682 -2.39365 0.0389067 0
0 5805 phononL 0.004 2.28173 -1.16063 -0.016276 0
0 5806 phononL 0.004 0.358378 -0.590562 0.0132682 0
0 5807 phononL 0.004 -2.18943 -2.86171 0.027771 0
0 5808 phononL 0.004 2.32888 1.45098 0.0138158 0
0 5809 phononL 0.004 -1.59606 0.126761 0.0098028 0
0 5810 phononL 0.004 1.88204 1.51657 0.0156143 0
0 5811 phononL 0.004 1.04777 -1.95016 0.0297136 0
0 5812 phononL 0.004 -1.98163 2.35504 0.0270716 0
0 5813 phononL 0.004 -1.92318 -0.440927 -0.0398201 0
0 5814 phononL 0.004 -1.65185 2.64681 0.0195809 0
0 5815 phononL 0.004 0.487559 1.74397 -0.017473 0
0 5816 phononL 0.004 2.23571 -2.0799 0.0047403 0
0 5817 phononL 0.004 1.5305 1.4334 0.0345984 0
0 5818 phononL 0.004 2.51042 -0.896974 -0.00212236 0
0 5819 phononL 0.004 2.34501 -0.696743 0.033665 0
0 5820 phononL 0.004 0.0692602 -1.87999 -0.0104637 0
0 5821 phononL 0.004 0.131373 1.09148 -0.0348415 0
0 5822 phononL 0.004 -0.475942 -0.0947974 0.0374885 0
0 5823 phononL 0.004 -0.174649 1.88324 0.0253796 0
0 5824 phononL 0.004 1.93305 -0.296334 -0.00827826 0
0 5825 phononL 0.004 -1.99358 1.68158 -0.0103419 0
0 5826 phononL 0.004 -0.491598 0.818246 -0.000502575 0
0 5827 phononL 0.004 -0.280568 -0.317895 -0.0175759 0
0 5828 phononL 0.004 -0.11174 -2.29711 0.00936944 0
0 5829 phononL 0.004 2.34487 1.16372 -0.00330473 0
0 5830 phononL 0.004 1.95302 -0.679952 0.00408322 0
0 5831 phononL 0.004 2.20316 1.38018 -0.038406 0
0 5832 phononL 0.004 0.942852 -0.613273 0.0317311 0
0 5833 phononL 0.004 -0.641923 0.704867 -0.0352841 0
0 5834 phononL 0.004 1.95944 -2.88412 -0.0244987 0
0 5835 phononL 0.004 -0.4865 1.37583 -0.0170401 0
0 5836 phononL 0.004 0.227049 0.0611031 0.0335009 0
0 5837 phononL 0.004 -1.42301 -0.150299 -0.0141452 0
0 5838 phononL 0.004 -0.758549 -1.50898 0.0334637 0
0 5839 phononL 0.004 0.804689 -2.29909 -0.00200608 0
0 5840 phononL 0.004 -1.10258 -0.450504 -0.0120211 0
0 5841 phononL 0.004 -1.77061 1.68767 0.0340634 0
0 5842 phononL 0.004 -1.93515 -2.45903 -0.0195128 0
0 5843 phononL 0.004 2.03016 -2.11569 0.000276699 0
0 5844 phononL 0.004 0.369332 -1.89427 -0.0361465 0
0 5845 phononL 0.004 -2.75019 1.53357 0.0215542 0
0 5846 phononL 0.004 -0.869516 -0.109865 0.0395407 0
0 5847 phononL 0.004 -0.563644 -1.6948 0.0179237 0
0 5848 phononL 0.004 -2.69418 2.82858 0.0295383 0
0 5849 phononL 0.004 -0.391522 -0.932197 0.0371369 0
0 5850 phononL 0.004 2.0344 -0.540333 -0.00269249 0
0 5851 phononL 0.004 2.06836 0.33319 0.00985461 0
0 5852 phononL 0.004 1.52133 -1.57621 -0.0264317 0
0 5853 phononL 0.004 1.87049 2.00488 0.0317534 0
0 5854 phononL 0.004 -2.36718 2.23673 -0.0131168 0
0 5855 phononL 0.004 -2.54937 -2.48219 -0.0265772 0
0 5856 phononL 0.004 2.74585 -1.82077 0.0338197 0
0 5857 phononL 0.004 -0.951417 0.351803 0.0369942 0
0 5858 phononL 0.004 -2.39251 2.19451 0.0282129 0
0 5859 phononL 0.004 0.50401 -1.77587 0.0310421 0
0 5860 phononL 0.004 0.00851693 -1.38334 -0.00216904 0
0 5861 phononL 0.004 -0.669212 -0.752855 0.00657092 0
0 5862 phononL 0.004 2.4805 -2.72457 0.0345131 0
0 5863 phononL 0.004 -1.02633 -2.15931 -0.00535457 0
0 5864 phononL 0.004 0.0901545 -1.67841 0.00572872 0
0 5865 phononL 0.004 1.26741 -2.1547 0.0202613 0
0 5866 phononL 0.004 -1.41326 1.09926 0.0271242 0
0 5867 phononL 0.004 -1.96906 2.28681 0.0381074 0
0 5868 phononL 0.004 1.09389 0.0680228 -0.000240076 0
0 5869 phononL 0.004 0.449143 -1.38195 0.00693875 0
0 5870 phononL 0.004 2.45937 -0.727056 0.0150866 0
0 5871 phononL 0.004 0.746459 -0.0443944 -0.00745209 0
0 5872 phononL 0.004 0.689892 -2.09859 0.0164957 0
0 5873 phononL 0.004 -1.10468 -1.63765 0.0265994 0
0 5874 phononL 0.004 1.5587 -1.92075 -0.0256928 0
0 5875 phononL 0.004 2.05218 0.332119 -0.0311539 0
0 5876 phononL 0.004 -2.79083 -2.32724 -0.00148012 0
0 5877 phononL 0.004 -1.7422 -0.583511 -0.0165835 0
0 5878 phononL 0.004 0.235204 2.52346 0.0104607 0
0 5879 phononL 0.004 0.47291 -2.03581 -0.0368514 0
0 5880 phononL 0.004 -1.10028 -1.2823 0.0213539 0
0 5881 phononL 0.004 2.46499 -0.33412 0.028853 0
0 5882 phononL 0.004 -0.574505 -0.210148 0.0147396 0
0 5883 phononL 0.004 -1.87888 -0.508676 -0.0145917 0
0 5884 phononL 0.004 -0.380254 2.26118 -0.0128574 0
0 5885 phononL 0.004 -1.98055 -0.409785 -0.00694972 0
0 5886 phononL 0.004 0.464955 0.131792 0.000610034 0
0 5887 phononL 0.004 -2.48202 -2.32085 -0.00672592 0
0 5888 phononL 0.004 -0.254006 -2.40322 -0.00381142 0
0 5889 phononL 0.004 0.0806384 -2.2668 0.0328694 0
0 5890 phononL 0.004 -0.478666 2.55478 0.010178 0
0 5891 phononL 0.004 1.92354 -2.79498 0.00182679 0
0 5892 phononL 0.004 -1.1501 -1.2711 0.0175075 0
0 5893 phononL 0.004 0.720423 1.46216 0.000375369 0
0 5894 phononL 0.004 -0.244001 2.44022 -0.0105128 0
0 5895 phononL 0.004 0.568513 2.62449 0.0323042 0
0 5896 phononL 0.004 2.68595 -0.889054 0.0160955 0
0 5897 phononL 0.004 -0.975806 -1.60438 0.0384899 0
0 5898 phononL 0.004 -2.067 -0.463433 -0.0233385 0
0 5899 phononL 0.004 2.11564 1.36614 0.00554497 0
0 5900 phononL 0.004 1.96739 1.24255 0.0279411 0
0 5901 phononL 0.004 -2.8614 -1.52631 -0.0190234 0
0 5902 phononL 0.004 -1.13398 0.60536 -0.0042602 0
0 5903 phononL 0.004 -1.81536 2.15945 -0.0150142 0
0 5904 phononL 0.004 -0.166301 2.5117 -0.0393051 0
0 5905 phononL 0.004 0.274879 -2.87618 -0.0122932 0
0 5906 phononL 0.004 -1.95549 2.65962 -0.0118457 0
0 5907 phononL 0.004 -0.643913 1.75906 -0.0309129 0
0 5908 phononL 0.004 2.2367 -0.177708 -0.0255931 0
0 5909 phononL 0.004 2.3422 0.717223 -0.0157462 0
0 5910 phononL 0.004 -1.23152 -1.50969 0.035811 0
0 5911 phononL 0.004 0.162381 1.48869 -0.0253576 0
0 5912 phononL 0.004 -0.249483 -1.35571 0.0012989 0
0 5913 phononL 0.004 -2.37397 -0.594559 -0.0220185 0
0 5914 phononL 0.004 -0.674197 -0.170159 -0.000114496 0
0 5915 phononL 0.004 2.41637 -0.717269 -0.0128193 0
0 5916 phononL 0.004 1.71855 1.50145 -0.0327281 0
0 5917 phononL 0.004 2.48477 1.95864 0.0155073 0
0 5918 phononL 0.004 1.57085 0.0350724 0.00658897 0
0 5919 phononL 0.004 2.36243 -1.01261 -0.034151 0
0 5920 phononL 0.004 1.82422 -2.15014 0.0371066 0
0 5921 phononL 0.004 -2.6464 -0.633648 -0.0236186 0
0 5922 phononL 0.004 -0.770303 -2.23133 0.0235453 0
0 5923 phononL 0.004 2.4717 1.19818 0.0261427 0
0 5924 phononL 0.004 1.91296 2.20192 0.0134013 0
0 5925 phononL 0.004 -0.168746 2.42714 0.0115016 0
0 5926 phononL 0.004 2.49472 2.13149 -0.00347136 0
0 5927 phononL 0.004 1.63291 -2.71593 0.00631458 0
0 5928 phononL 0.004 -2.0084 2.26338 0.0259534 0
0 5929 phononL 0.004 1.3683 0.74105 -0.0135324 0
0 5930 phononL 0.004 -1.87825 -1.43794 0.0245904 0
0 5931 phononL 0.004 0.730571 0.896984 0.0192464 0
0 5932 phononL 0.004 2.483 -1.88055 0.0353081 0
0 5933 phononL 0.004 -1.14949 1.46844 0.0260745 0
0 5934 phononL 0.004 0.0433384 0.48196 0.028107 0
0 5935 phononL 0.004 0.118519 0.0357784 0.019912 0
0 5936 phononL 0.004 2.8641 -0.735105 0.00183021 0
0 5937 phononL 0.004 -1.78813 -0.589761 -0.0383848 0
0 5938 phononL 0.004 2.68582 -0.32432 -8.95186e-05 0
0 5939 phononL 0.004 2.23846 1.6864 -0.0200812 0
0 5940 phononL 0.004 -2.23277 -0.526634 -0.0106934 0
0 5941 phononL 0.004 2.15664 -0.120913 0.0244092 0
0 5942 phononL 0.004 -2.76014 1.96755 0.01987 0
0 5943 phononL 0.004 -2.60901 1.50101 0.0376519 0
0 5944 phononL 0.004 0.0741851 0.394486 0.00521808 0
0 5945 phononL 0.004 0.756117 1.18782 0.0288888 0
0 5946 phononL 0.004 -0.0870795 2.16398 -0.0331593 0
0 5947 phononL 0.004 0.400973 0.61935 -0.0136452 0
0 5948 phononL 0.004 2.71309 -1.3983 0.0279805 0
0 5949 phononL 0.004 -2.08862 -0.299287 0.0292809 0
0 5950 phononL 0.004 0.482211 -0.160526 0.000503771 0
0 5951 phononL 0.004 1.73316 -0.46531 0.022846 0
0 5952 phononL 0.004 1.0368 0.327582 -0.0320008 0
0 5953 phononL 0.004 -0.667071 -1.23999 0.0340655 0
0 5954 phononL 0.004 -2.17275 -2.3366 -0.0153643 0
0 5955 phononL 0.004 1.0676 -1.53454 0.0028295 0
0 5956 phononL 0.004 0.226106 2.12338 -0.0257274 0
0 5957 phononL 0.004 0.818686 1.67909 -0.038681 0
0 5958 phononL 0.004 -1.9277 0.357836 0.00898203 0
0 5959 phononL 0.004 0.927177 -1.20485 0.0152636 0
0 5960 phononL 0.004 1.85474 1.84345 0.0272269 0
0 5961 phononL 0.004 1.36451 -2.68207 -0.0166499 0
0 5962 phononL 0.004 0.5516 -2.35971 0.00579465 0
0 5963 phononL 0.004 -1.23306 -1.35974 0.0253554 0
0 5964 phononL 0.004 2.38984 0.376728 -0.0242711 0
0 5965 phononL 0.004 -1.37213 2.60031 -0.0278899 0
0 5966 phononL 0.004 0.142199 1.93303 0.0337446 0
0 5967 phononL 0.004 0.535874 2.58577 -0.0230685 0
0 5968 phononL 0.004 1.52929 0.276158 -0.0160208 0
0 5969 phononL 0.004 -1.99694 -2.28986 0.0385528 0
0 5970 phononL 0.004 -1.53231 -2.71817 0.0228044 0
0 5971 phononL 0.004 0.242208 -2.86082 0.0393131 0
0 5972 phononL 0.004 -1.54779 -2.81258 0.0386801 0
0 5973 phononL 0.004 -2.32096 1.04592 0.0222431 0
0 5974 phononL 0.004 -2.62795 -1.51054 -0.0284368 0
0 5975 phononL 0.004 0.132279 -2.21192 0.0287236 0
0 5976 phononL 0.004 0.859892 -2.8503 0.0276991 0
0 5977 phononL 0.004 0.00237024 0.850514 0.0303852 0
0 5978 phononL 0.004 -0.852163 2.28772 0.0130236 0
0 5979 phononL 0.004 -1.37635 -0.378593 -0.0227455 0
0 5980 phononL 0.004 -2.06962 0.754745 -0.0233335 0
0 5981 phononL 0.004 1.8913 0.830545 0.0368181 0
0 5982 phononL 0.004 -0.301905 -2.66519 -0.019397 0
0 5983 phononL 0.004 -2.2207 -0.117358 -0.0332786 0
0 5984 phononL 0.004 -1.28663 -1.4591 0.0358903 0
0 5985 phononL 0.004 -1.68285 -1.50039 -0.0385997 0
0 5986 phononL 0.004 -1.51563 2.23664 -0.030114 0
0 5987 phononL 0.004 1.78041 -1.33366 -0.00202534 0
0 5988 phononL 0.004 0.509437 2.64674 -0.0196615 0
0 5989 phononL 0.004 -1.329 1.92843 -0.0292137 0
0 5990 phononL 0.004 2.57074 2.81118 -0.0238916 0
0 5991 phononL 0.004 -0.156604 0.0342002 0.00739062 0
0 5992 phononL 0.004 -0.455455 -1.25865 0.0104236 0
0 5993 phononL 0.004 -2.17046 0.701969 0.0259465 0
0 5994 phononL 0.004 -2.64175 -1.75559 0.014421 0
0 5995 phononL 0.004 -2.24692 0.514272 0.0283898 0
0 5996 phononL 0.004 1.78234 -0.411223 0.0379188 0
0 5997 phononL 0.004 -0.290232 -1.66955 0.0162873 0
0 5998 phononL 0.004 -2.57183 1.97869 -0.0197558 0
0 5999 phononL 0.004 1.02814 -2.78615 -0.0283678 0
0 6000 phononL 0.004 -2.70543 2.06016 0.0304034 0
0 6001 phononL 0.004 -1.75988 -0.075758 0.000424259 0
0 6002 phononL 0.004 -0.108143 2.11629 0.0213754 0
0 6003 phononL 0.004 -0.721578 -0.526071 0.0348852 0
0 6004 phononL 0.004 -2.2172 0.30164 -0.0368772 0
0 6005 phononL 0.004 1.84584 -2.00144 0.034919 0
0 6006 phononL 0.004 0.167965 -2.7711 0.0261657 0
0 6007 phononL 0.004 -0.305045 -2.39705 0.0348876 0
0 6008 phononL 0.004 0.332103 -2.74777 -0.0270339 0
0 6009 phononL 0.004 1.0798 -2.16543 -0.00542994 0
0 6010 phononL 0.004 1.23922 -0.974848 0.0279657 0
0 6011 phononL 0.004 1.56593 2.51102 -0.0149592 0
0 6012 phononL 0.004 1.10761 -1.03605 0.0233993 0
0 6013 phononL 0.004 2.71492 -0.647059 -0.0386928 0
0 6014 phononL 0.004 -1.28309 0.860106 0.00299465 0
0 6015 phononL 0.004 2.64612 -0.24223 0.0218419 0
0 6016 phononL 0.004 -2.85874 -0.200169 -0.00977631 0
0 6017 phononL 0.004 -2.64426 0.448831 0.0219757 0
0 6018 phononL 0.004 -2.54388 2.1531 -0.0204294 0
0 6019 phononL 0.004 -1.78254 -2.4604 0.0167897 0
0 6020 phononL 0.004 -1.53801 -1.91986 -0.0307197 0
0 6021 phononL 0.004 0.110305 -1.30221 0.0226789 0
0 6022 phononL 0.004 2.82652 1.82219 0.0226166 0
0 6023 phononL 0.004 -2.66587 -0.25674 0.0386269 0
0 6024 phononL 0.004 -1.04166 2.83132 -0.0221356 0
0 6025 phononL 0.004 -1.18259 0.479751 -0.0292501 0
0 6026 phononL 0.004 0.271482 -0.83358 0.0141639 0
0 6027 phononL 0.004 -1.67184 2.04956 0.0182825 0
0 6028 phononL 0.004 -0.0371079 0.0247661 -0.00304192 0
0 6029 phononL 0.004 1.57343 2.04747 -0.0198773 0
0 6030 phononL 0.004 -1.30097 1.41407 -0.00120593 0
0 6031 phononL 0.004 1.13609 2.17466 -0.030929 0
0 6032 phononL 0.004 -1.92351 2.3972 0.0196169 0
0 6033 phononL 0.004 0.739135 -1.24425 0.020263 0
0 6034 phononL 0.004 -2.87884 2.62636 2.60329e-05 0
0 6035 phononL 0.004 -2.18794 -1.61331 -0.0333216 0
0 6036 phononL 0.004 -0.951149 0.678904 -0.0291888 0
0 6037 phononL 0.004 -0.708474 -1.7728 -0.0380623 0
0 6038 phononL 0.004 1.23291 2.25272 -0.0370857 0
0 6039 phononL 0.004 0.0604441 -1.13214 -0.0161294 0
0 6040 phononL 0.004 -1.01387 1.39459 -0.0348673 0
0 6041 phononL 0.004 2.75773 2.86113 0.00616275 0
0 6042 phononL 0.004 -1.31357 2.63914 -0.0219087 0
0 6043 phononL 0.004 2.33536 -1.87662 -0.0294192 0
0 6044 phononL 0.004 -2.86447 0.188587 5.94984e-06 0
0 6045 phononL 0.004 2.77075 -2.09208 -0.0136714 0
0 6046 phononL 0.004 1.8118 0.659125 0.00904711 0
0 6047 phononL 0.004 -0.623287 -0.158954 -0.019079 0
0 6048 phononL 0.004 2.73665 -0.465644 -0.00481827 0
0 6049 phononL 0.004 -0.409509 -1.89378 0.0273469 0
0 6050 phononL 0.004 0.808117 -1.49895 -0.000142586 0
0 6051 phononL 0.004 2.2384 -0.887498 0.00992849 0
0 6052 phononL 0.004 1.3237 2.81343 0.039372 0
0 6053 phononL 0.004 2.44068 -0.308284 -0.00298295 0
0 6054 phononL 0.004 0.216084 1.63994 -0.0391041 0
0 6055 phononL 0.004 2.13395 0.185295 0.022109 0
0 6056 phononL 0.004 -1.79319 -0.335286 -0.036227 0
0 6057 phononL 0.004 -1.15948 1.31739 -0.00738101 0
0 6058 phononL 0.004 -1.41007 1.49554 0.0118924 0
0 6059 phononL 0.004 0.924239 2.86595 0.0264063 0
0 6060 phononL 0.004 2.34019 0.30543 0.031378 0
0 6061 phononL 0.004 -0.754364 1.24886 0.0235776 0
0 6062 phononL 0.004 -2.13576 0.228544 -0.00343745 0
0 6063 phononL 0.004 -2.62504 2.38102 -0.0160074 0
0 6064 phononL 0.004 0.503672 -2.09464 -0.0347597 0
0 6065 phononL 0.004 0.680911 1.98152 -0.0241017 0
0 6066 phononL 0.004 2.52329 -0.499672 -0.0231059 0
0 6067 phononL 0.004 1.91338 -1.39648 -0.0297956 0
0 6068 phononL 0.004 -0.344399 -0.133576 -0.0132264 0
0 6069 phononL 0.004 2.80545 -1.73958 -0.00485061 0
0 6070 phononL 0.004 1.17126 -2.4194 0.00760265 0
0 6071 phononL 0.004 2.54189 0.561072 -0.0363299 0
0 6072 phononL 0.004 -2.64445 2.50451 -0.00107161 0
0 6073 phononL 0.004 1.43641 0.246101 0.0337213 0
0 6074 phononL 0.004 2.29498 1.41697 0.001152 0
0 6075 phononL 0.004 -0.490647 -1.07796 -0.0247727 0
0 6076 phononL 0.004 -1.00741 0.185159 0.0238011 0
0 6077 phononL 0.004 0.368577 -1.02264 0.0383696 0
0 6078 phononL 0.004 -2.68217 2.74536 -0.0265812 0
0 6079 phononL 0.004 -2.18472 0.0902905 -0.0216267 0
0 6080 phononL 0.004 -2.1471 0.56724 -0.00326782 0
0 6081 phononL 0.004 -2.41408 -0.270836 -0.0311692 0
0 6082 phononL 0.004 0.658988 2.03258 -0.0165524 0
0 6083 phononL 0.004 -1.07396 -1.27168 0.0220942 0
0 6084 phononL 0.004 1.68192 2.81716 0.0388582 0
0 6085 phononL 0.004 -1.25251 -1.81145 -0.0235612 0
0 6086 phononL 0.004 1.30242 -0.1226 -0.00333517 0
0 6087 phononL 0.004 1.05432 0.995704 -0.00858543 0
0 6088 phononL 0.004 1.83015 -2.31102 0.0193394 0
0 6089 phononL 0.004 2.88033 -1.7827 -0.0178316 0
0 6090 phononL 0.004 -0.788585 2.64572 -0.0205039 0
0 6091 phononL 0.004 -1.36547 1.96745 0.0195945 0
0 6092 phononL 0.004 -2.18846 2.47222 -0.0160311 0
0 6093 phononL 0.004 -2.02234 1.49456 0.0160298 0
0 6094 phononL 0.004 1.78676 -0.792166 0.0175158 0
0 6095 phononL 0.004 2.33582 0.843143 -0.0143536 0
0 6096 phononL 0.004 -0.300293 -2.6714 -0.0138404 0
0 6097 phononL 0.004 2.85705 -0.197187 -0.0061294 0
0 6098 phononL 0.004 1.12267 -1.53745 -0.0397091 0
0 6099 phononL 0.004 0.140711 0.096616 -0.0176369 0
0 6100 phononL 0.004 -1.54668 0.2539 0.00783701 0
0 6101 phononL 0.004 -1.96857 0.190911 -0.0106705 0
0 6102 phononL 0.004 -1.18648 1.80439 -0.0379653 0
0 6103 phononL 0.004 -0.816583 -0.860874 -0.00502561 0
0 6104 phononL 0.004 -2.73636 1.13457 0.0137489 0
0 6105 phononL 0.004 1.25675 -0.703167 0.0206533 0
0 6106 phononL 0.004 -2.49298 0.249776 0.0298037 0
0 6107 phononL 0.004 1.26057 -0.0840735 -0.027627 0
0 6108 phononL 0.004 -1.79627 -1.99165 -0.0270123 0
0 6109 phononL 0.004 -1.04278 -0.499474 0.0260092 0
0 6110 phononL 0.004 2.80914 1.49012 -0.0164159 0
0 6111 phononL 0.004 0.556116 0.361009 0.0392837 0
0 6112 phononL 0.004 1.97482 1.47843 -0.0213183 0
0 6113 phononL 0.004 2.34778 2.59599 -0.019389 0
0 6114 phononL 0.004 -1.47318 1.28247 0.00825785 0
0 6115 phononL 0.004 1.63135 1.42508 -0.0368653 0
0 6116 phononL 0.004 2.7991 1.84438 0.0304948 0
0 6117 phononL 0.004 0.326537 -1.43648 -0.0397229 0
0 6118 phononL 0.004 -2.07133 0.612454 -0.0153941 0
0 6119 phononL 0.004 1.04859 -2.61278 -0.00657099 0
0 6120 phononL 0.004 1.0232 -0.163538 0.0360508 0
0 6121 phononL 0.004 2.22846 -1.69624 -0.0244965 0
0 6122 phononL 0.004 1.93281 1.41836 0.0342235 0
0 6123 phononL 0.004 -2.53772 0.131786 -0.0115238 0
0 6124 phononL 0.004 -2.29442 0.0877943 0.00192613 0
0 6125 phononL 0.004 -0.0692058 0.259684 0.0158546 0
0 6126 phononL 0.004 1.5018 -0.457248 -0.0310435 0
0 6127 phononL 0.004 -1.66926 2.39777 0.00592715 0
0 6128 phononL 0.004 -1.55753 0.109836 0.0118988 0
0 6129 phononL 0.004 0.171559 -2.41151 0.0358992 0
0 6130 phononL 0.004 2.48402 1.15264 -0.0113714 0
0 6131 phononL 0.004 -2.65703 -1.92428 -0.0152741 0
0 6132 phononL 0.004 1.64857 -0.376312 0.0153538 0
0 6133 phononL 0.004 1.10229 1.72289 -0.00497788 0
0 6134 phononL 0.004 -0.631659 1.45524 0.0343687 0
0 6135 phononL 0.004 -1.59535 -1.51336 0.023853 0
0 6136 phononL 0.004 -2.67741 0.363165 0.00486569 0
0 6137 phononL 0.004 -0.0391965 -2.70318 -0.00437915 0
0 6138 phononL 0.004 -2.63811 -0.0529359 -0.00319073 0
0 6139 phononL 0.004 0.376466 -2.08677 0.0117388 0
0 6140 phononL 0.004 -1.15951 -2.04701 0.00635459 0
0 6141 phononL 0.004 0.75107 -2.31832 -0.0027127 0
0 6142 phononL 0.004 -0.414235 -1.65678 0.0399808 0
0 6143 phononL 0.004 -1.72724 -0.240089 -0.010178 0
0 6144 phononL 0.004 2.33036 0.921 -0.0390929 0
0 6145 phononL 0.004 0.452691 1.45595 -0.0304312 0
0 6146 phononL 0.004 -2.08906 -2.06531 -0.00101976 0
0 6147 phononL 0.004 -0.979609 -2.81623 0.00675926 0
0 6148 phononL 0.004 0.788605 -1.52276 -0.0162795 0
0 6149 phononL 0.004 2.28233 0.741166 0.0173071 0
0 6150 phononL 0.004 1.51204 -0.057444 0.026181 0
0 6151 phononL 0.004 -2.13449 -1.65967 -0.00659569 0
0 6152 phononL 0.004 2.19639 1.46625 0.000364617 0
0 6153 phononL 0.004 -0.012749 1.97309 0.0378607 0
0 6154 phononL 0.004 2.68582 2.3901 0.00955035 0
0 6155 phononL 0.004 -2.25934 1.72466 0.0303644 0
0 6156 phononL 0.004 1.19963 -0.124383 0.035667 0
0 6157 phononL 0.004 0.520926 -1.33123 0.0182136 0
0 6158 phononL 0.004 -1.14987 2.24432 -0.0281388 0
0 6159 phononL 0.004 1.30637 2.80671 -0.0118303 0
0 6160 phononL 0.004 2.56693 -2.3908 0.0259775 0
0 6161 phononL 0.004 1.86438 1.11382 -0.0337898 0
0 6162 phononL 0.004 -0.102903 -0.395916 -0.00363151 0
0 6163 phononL 0.004 2.6524 0.457612 0.0122174 0
0 6164 phononL 0.004 -0.301705 -0.656272 -0.0131957 0
0 6165 phononL 0.004 -0.217999 1.63254 -0.0342421 0
0 6166 phononL 0.004 2.51028 -0.808996 0.00633915 0
0 6167 phononL 0.004 -2.52596 -1.64522 0.0303999 0
0 6168 phononL 0.004 0.411397 -0.0929226 -0.00935233 0
0 6169 phononL 0.004 1.05528 0.922955 0.0347287 0
0 6170 phononL 0.004 -1.95377 -2.86898 0.0321447 0
0 6171 phononL 0.004 -1.96469 -0.528356 0.0212399 0
0 6172 phononL 0.004 -2.28784 2.38293 -0.0078835 0
0 6173 phononL 0.004 -1.52824 2.30604 -0.0297174 0
0 6174 phononL 0.004 -0.782471 -2.65517 -0.0398925 0
0 6175 phononL 0.004 -0.276152 -0.0622723 -0.0318252 0
0 6176 phononL 0.004 -1.66148 0.29692 0.0277086 0
0 6177 phononL 0.004 0.886789 2.80371 -0.013782 0
0 6178 phononL 0.004 0.105021 -1.65714 0.011493 0
0 6179 phononL 0.004 -2.56673 -0.966999 0.0302715 0
0 6180 phononL 0.004 -0.14286 -2.27521 -0.0049005 0
0 6181 phononL 0.004 0.16301 -2.29272 -0.0385613 0
0 6182 phononL 0.004 0.845371 -0.839209 -0.0110592 0
0 6183 phononL 0.004 -1.29695 2.40861 0.00608065 0
0 6184 phononL 0.004 -1.88697 1.53745 -0.0276695 0
0 6185 phononL 0.004 -2.17348 -0.88038 0.0280484 0
0 6186 phononL 0.004 0.58279 2.64315 -0.0232214 0
0 6187 phononL 0.004 2.002 -1.25423 -0.0273394 0
0 6188 phononL 0.004 -2.8182 -1.85619 0.00464309 0
0 6189 phononL 0.004 0.19723 0.124885 0.0290575 0
0 6190 phononL 0.004 -0.231779 -0.820922 0.0175139 0
0 6191 phononL 0.004 2.26721 -0.495302 0.0201253 0
0 6192 phononL 0.004 -0.0550648 1.34423 -0.0186357 0
0 6193 phononL 0.004 -0.520697 -1.60085 -0.0315136 0
0 6194 phononL 0.004 -2.45096 0.575895 -0.0273666 0
0 6195 phononL 0.004 -2.20727 -1.3576 -0.0106999 0
0 6196 phononL 0.004 -1.41918 0.137862 0.0244969 0
0 6197 phononL 0.004 -0.572912 -2.05647 0.00499271 0
0 6198 phononL 0.004 0.329766 0.379257 0.028945 0
0 6199 phononL 0.004 1.16195 1.36534 0.0131927 0
0 6200 phononL 0.004 -2.41465 0.948124 0.0392366 0
0 6201 phononL 0.004 -1.93979 -0.710374 0.0273638 0
0 6202 phononL 0.004 1.63589 1.74075 -0.0184408 0
0 6203 phononL 0.004 -1.88796 2.61391 -0.0287905 0
0 6204 phononL 0.004 2.55736 1.19874 0.0392737 0
0 6205 phononL 0.004 -1.65331 -1.49135 0.0182123 0
0 6206 phononL 0.004 -2.40485 1.22168 -0.0342881 0
0 6207 phononL 0.004 0.549731 1.33769 -0.0127593 0
0 6208 phononL 0.004 -0.40366 0.116826 0.0126918 0
0 6209 phononL 0.004 0.321664 -0.73453 0.015949 0
0 6210 phononL 0.004 -2.65506 2.54955 -0.0239177 0
0 6211 phononL 0.004 -2.70836 2.13247 -0.0072159 0
0 6212 phononL 0.004 -1.08821 -0.213839 -0.00829293 0
0 6213 phononL 0.004 -1.19261 -0.397711 0.0219021 0
0 6214 phononL 0.004 -0.352824 -1.28279 -0.0200177 0
0 6215 phononL 0.004 1.78747 -0.50094 -0.0176165 0
0 6216 phononL 0.004 1.76507 1.06925 -0.0340582 0
0 6217 phononL 0.004 -1.70569 2.39306 0.0350175 0
0 6218 phononL 0.004 2.69114 -0.162011 -0.0262507 0
0 6219 phononL 0.004 1.31888 1.21682 -0.0370251 0
0 6220 phononL 0.004 2.4973 2.34505 -0.0156318 0
0 6221 phononL 0.004 2.39398 -0.0193519 -0.00527573 0
0 6222 phononL 0.004 -1.67044 2.54812 0.0140898 0
0 6223 phononL 0.004 -2.64543 -0.112882 -0.0254276 0
0 6224 phononL 0.004 1.18275 -1.68212 0.0390919 0
0 6225 phononL 0.004 1.9505 -1.26157 0.00199276 0
0 6226 phononL 0.004 1.90394 0.18178 -0.0324376 0
0 6227 phononL 0.004 -0.892256 2.36598 -0.0375866 0
0 6228 phononL 0.004 0.708663 2.47378 -0.021834 0
0 6229 phononL 0.004 -1.91643 -1.63818 -0.0345377 0
0 6230 phononL 0.004 0.284677 -0.423825 -0.0338251 0
0 6231 phononL 0.004 1.11337 0.559024 0.0349689 0
0 6232 phononL 0.004 0.930976 -1.48392 -0.0320703 0
0 6233 phononL 0.004 -2.58489 1.25461 0.0268041 0
0 6234 phononL 0.004 -0.916384 1.6315 0.00876971 0
0 6235 phononL 0.004 -2.38808 -0.300361 0.0301553 0
0 6236 phononL 0.004 -2.67517 -0.73074 0.0264127 0
0 6237 phononL 0.004 -1.9651 0.0568281 0.0187333 0
0 6238 phononL 0.004 0.86477 0.657625 0.0254328 0
0 6239 phononL 0.004 -1.55778 -2.55702 0.0241777 0
0 6240 phononL 0.004 -2.29947 1.1915 0.00719587 0
0 6241 phononL 0.004 1.23477 2.48418 -0.000203159 0
0 6242 phononL 0.004 -1.23354 2.20424 0.026916 0
0 6243 phononL 0.004 2.03933 -0.90372 0.0289197 0
0 6244 phononL 0.004 1.25792 -1.06347 -0.0351353 0
0 6245 phononL 0.004 2.23207 -0.013442 0.0206044 0
0 6246 phononL 0.004 1.87965 0.21103 0.00292442 0
0 6247 phononL 0.004 1.31218 -0.829097 -0.0395004 0
0 6248 phononL 0.004 1.14829 -2.72613 -0.0286365 0
0 6249 phononL 0.004 -1.92829 1.82571 0.01103 0
0 6250 phononL 0.004 1.20882 2.74962 0.00556043 0
0 6251 phononL 0.004 0.328514 -1.01552 0.0319998 0
0 6252 phononL 0.004 2.674 0.759566 0.0277006 0
0 6253 phononL 0.004 -1.16587 0.772461 -0.0351605 0
0 6254 phononL 0.004 -0.0114022 -1.07445 0.0219746 0
0 6255 phononL 0.004 -0.0893343 -2.84564 -0.0101128 0
0 6256 phononL 0.004 1.54014 -2.87514 0.0346214 0
0 6257 phononL 0.004 -1.66997 -0.298918 -0.00676437 0
0 6258 phononL 0.004 1.1039 -1.03362 0.0134958 0
0 6259 phononL 0.004 1.58621 2.58542 0.0129228 0
0 6260 phononL 0.004 -0.94028 -0.0625419 -0.00437169 0
0 6261 phononL 0.004 -2.23205 -1.02582 0.0247813 0
0 6262 phononL 0.004 -1.89456 -1.24702 -0.037217 0
0 6263 phononL 0.004 1.97457 1.47715 -0.0367512 0
0 6264 phononL 0.004 2.53613 1.47205 0.00258476 0
0 6265 phononL 0.004 1.28285 1.4049 0.0389572 0
0 6266 phononL 0.004 0.848981 2.6571 -0.00551786 0
0 6267 phononL 0.004 1.34473 0.0550868 -0.0229939 0
0 6268 phononL 0.004 -2.0881 1.22009 -0.0127235 0
0 6269 phononL 0.004 -0.970626 0.670818 -0.0196245 0
0 6270 phononL 0.004 -2.17838 -1.37143 -0.0272956 0
0 6271 phononL 0.004 1.74836 2.64043 0.02661 0
0 6272 phononL 0.004 1.23408 -1.05674 0.0335801 0
0 6273 phononL 0.004 2.68316 -2.09856 0.0108608 0
0 6274 phononL 0.004 -0.480679 1.62076 -0.00972456 0
0 6275 phononL 0.004 0.629182 0.128989 -0.00884662 0
0 6276 phononL 0.004 -1.59304 -2.30629 0.0146985 0
0 6277 phononL 0.004 2.73052 -0.262468 -0.0334929 0
0 6278 phononL 0.004 -1.98728 -2.3285 0.0374542 0
0 6279 phononL 0.004 1.67354 1.64515 -0.00834935 0
0 6280 phononL 0.004 -0.986758 -2.33594 0.0325435 0
0 6281 phononL 0.004 -2.3358 -0.652137 0.000941171 0
0 6282 phononL 0.004 -1.32701 2.22816 -0.0250591 0
0 6283 phononL 0.004 1.88851 -0.975056 -0.0245269 0
0 6284 phononL 0.004 -1.67605 -0.253978 -0.0168267 0
0 6285 phononL 0.004 -0.487539 1.699 -0.014536 0
0 6286 phononL 0.004 1.12048 1.56641 -0.0233264 0
0 6287 phononL 0.004 2.59139 -1.13121 0.035148 0
0 6288 phononL 0.004 2.35754 0.702785 0.033375 0
0 6289 phononL 0.004 1.23619 -0.0959382 0.00807154 0
0 6290 phononL 0.004 2.44205 -1.26055 0.0158017 0
0 6291 phononL 0.004 1.16037 1.81727 0.00310703 0
0 6292 phononL 0.004 -2.43547 1.26253 0.00430072 0
0 6293 phononL 0.004 -0.916971 -0.562245 0.0187707 0
0 6294 phononL 0.004 -2.86651 1.75918 0.0058694 0
0 6295 phononL 0.004 -1.2449 -2.46114 -0.0350225 0
0 6296 phononL 0.004 1.90861 0.647106 -0.0098585 0
0 6297 phononL 0.004 -0.988636 2.3878 0.00387187 0
0 6298 phononL 0.004 2.19073 -2.64623 -0.00617486 0
0 6299 phononL 0.004 1.39624 0.307179 -0.00509261 0
0 6300 phononL 0.004 1.38029 2.06049 -0.0303044 0
0 6301 phononL 0.004 2.25975 0.151258 0.00366187 0
0 6302 phononL 0.004 0.215973 -1.21273 0.0244431 0
0 6303 phononL 0.004 -1.53071 -1.89332 0.0360761 0
0 6304 phononL 0.004 0.869861 -2.37069 0.0236084 0
0 6305 phononL 0.004 -0.246049 -0.986452 -0.0114675 0
0 6306 phononL 0.004 0.761431 -1.368 0.0257172 0
0 6307 phononL 0.004 0.770063 2.19284 0.00502212 0
0 6308 phononL 0.004 2.08905 1.20981 -0.0269426 0
0 6309 phononL 0.004 0.776634 0.818973 0.00128678 0
0 6310 phononL 0.004 -2.10366 -0.232149 -0.0364983 0
0 6311 phononL 0.004 -1.22161 2.84954 0.0260586 0
0 6312 phononL 0.004 -0.321913 2.49875 0.00889678 0
0 6313 phononL 0.004 2.05841 1.56858 -0.0036284 0
0 6314 phononL 0.004 -1.84181 1.71555 0.0235525 0
0 6315 phononL 0.004 2.12741 -0.492849 0.00273522 0
0 6316 phononL 0.004 2.01073 0.0357814 0.0395256 0
0 6317 phononL 0.004 -2.31432 2.1116 -0.00880506 0
0 6318 phononL 0.004 -2.1252 -1.07417 0.0187986 0
0 6319 phononL 0.004 1.81965 1.65107 -0.0235322 0
0 6320 phononL 0.004 1.78418 0.829211 -0.0231616 0
0 6321 phononL 0.004 2.50294 -2.1735 -0.038349 0
0 6322 phononL 0.004 1.84482 -0.148417 -0.0210394 0
0 6323 phononL 0.004 1.03594 0.585821 0.0214171 0
0 6324 phononL 0.004 0.557735 -1.47892 0.0124836 0
0 6325 phononL 0.004 2.07885 2.40855 -0.0114849 0
0 6326 phononL 0.004 2.3691 -0.161811 0.00110548 0
0 6327 phononL 0.004 -0.407387 2.3062 -0.00737828 0
0 6328 phononL 0.004 -2.1766 1.71584 -0.0241652 0
0 6329 phononL 0.004 -1.10694 2.87167 0.0355391 0
0 6330 phononL 0.004 2.67804 1.2584 -0.024641 0
0 6331 phononL 0.004 0.332266 0.799742 0.0390262 0
0 6332 phononL 0.004 0.472987 2.63162 0.0113635 0
0 6333 phononL 0.004 1.67384 0.633568 -0.0178851 0
0 6334 phononL 0.004 -1.84789 0.286657 0.00198668 0
0 6335 phononL 0.004 -2.31512 1.23628 -0.0191199 0
0 6336 phononL 0.004 2.87285 2.41024 0.0293453 0
0 6337 phononL 0.004 -1.41808 2.87335 0.0385421 0
0 6338 phononL 0.004 0.250407 -0.709737 -0.0324167 0
0 6339 phononL 0.004 2.08724 1.66268 0.00411702 0
0 6340 phononL 0.004 -0.622891 0.117855 -0.00135658 0
0 6341 phononL 0.004 -2.2004 0.717793 0.0294194 0
0 6342 phononL 0.004 -1.50924 -0.772535 0.00587258 0
0 6343 phononL 0.004 0.646624 0.0569705 0.0288682 0
0 6344 phononL 0.004 1.65717 -2.48042 -0.00854773 0
0 6345 phononL 0.004 -1.21735 -0.088194 0.0102682 0
0 6346 phononL 0.004 1.15081 0.256246 0.0205554 0
0 6347 phononL 0.004 0.447078 -0.613818 0.00240884 0
0 6348 phononL 0.004 0.763135 -1.78178 0.0279011 0
0 6349 phononL 0.004 -1.86807 1.01021 -0.00177268 0
0 6350 phononL 0.004 2.4384 -0.366835 -0.00279357 0
0 6351 phononL 0.004 0.522775 0.452859 0.0133449 0
0 6352 phononL 0.004 -0.37852 -1.91285 -0.0165007 0
0 6353 phononL 0.004 2.46744 2.35011 0.0344676 0
0 6354 phononL 0.004 -1.55988 -1.10777 -0.0376819 0
0 6355 phononL 0.004 -0.438849 2.25888 0.00837362 0
0 6356 phononL 0.004 0.689625 0.915002 0.0391197 0
0 6357 phononL 0.004 -2.76787 1.45557 0.000582387 0
0 6358 phononL 0.004 2.83941 -2.43724 0.0131437 0
0 6359 phononL 0.004 -2.87698 2.32488 -0.00728825 0
0 6360 phononL 0.004 0.621443 0.0736785 -0.0372518 0
0 6361 phononL 0.004 1.71996 2.85871 -0.00971216 0
0 6362 phononL 0.004 -0.277918 -1.50074 -0.0325963 0
0 6363 phononL 0.004 -0.682188 -2.28269 0.0397211 0
0 6364 phononL 0.004 1.43928 -1.52488 -0.0331718 0
0 6365 phononL 0.004 0.303765 -2.58987 0.0159771 0
0 6366 phononL 0.004 -1.65762 -2.64551 0.0110033 0
0 6367 phononL 0.004 -0.104494 -1.31724 2.25637e-05 0
0 6368 phononL 0.004 2.63205 -0.594367 -0.00251995 0
0 6369 phononL 0.004 0.427206 -1.18351 -0.000610248 0
0 6370 phononL 0.004 0.936063 0.392036 -0.0146912 0
0 6371 phononL 0.004 -0.449749 -2.27606 -0.0342024 0
0 6372 phononL 0.004 -1.76616 1.81611 -0.00394901 0
0 6373 phononL 0.004 -2.66287 -2.23837 0.00755497 0
0 6374 phononL 0.004 -2.84284 2.13855 -0.0171466 0
0 6375 phononL 0.004 -1.33705 2.35295 0.01471 0
0 6376 phononL 0.004 1.48534 -0.210654 -0.000404153 0
0 6377 phononL 0.004 0.420296 -0.945784 0.0230911 0
0 6378 phononL 0.004 0.558704 0.477784 -0.00819979 0
0 6379 phononL 0.004 1.90037 -2.74491 0.0363499 0
0 6380 phononL 0.004 -2.57903 1.96979 0.0375033 0
0 6381 phononL 0.004 1.48095 0.312996 -0.00589719 0
0 6382 phononL 0.004 -1.14919 1.699 0.0393935 0
0 6383 phononL 0.004 -1.71486 1.00907 0.00358058 0
0 6384 phononL 0.004 1.94597 1.92492 -0.0278046 0
0 6385 phononL 0.004 0.938563 -2.36073 0.0159906 0
0 6386 phononL 0.004 0.0544481 2.70428 -0.0390296 0
0 6387 phononL 0.004 -1.72142 -2.74613 0.0345493 0
0 6388 phononL 0.004 -1.03775 0.834933 0.00438505 0
0 6389 phononL 0.004 -1.31482 0.863326 -0.00673429 0
0 6390 phononL 0.004 2.85006 -1.92856 0.03258 0
0 6391 phononL 0.004 -0.775747 -1.09032 -0.0392753 0
0 6392 phononL 0.004 0.860745 2.08675 0.00152739 0
0 6393 phononL 0.004 -1.27124 -2.35462 0.027199 0
0 6394 phononL 0.004 -2.78761 0.859957 0.00816657 0
0 6395 phononL 0.004 2.8616 -1.94379 0.01672 0
0 6396 phononL 0.004 1.15823 2.69115 0.0196479 0
0 6397 phononL 0.004 -0.249597 2.88521 -0.0290695 0
0 6398 phononL 0.004 -1.59214 -1.79444 0.0221957 0
0 6399 phononL 0.004 -1.113 -1.69732 -0.00613853 0
0 6400 phononL 0.004 -2.11432 -2.02074 0.0217129 0
0 6401 phononL 0.004 0.681938 -2.49322 -0.020154 0
0 6402 phononL 0.004 -1.2362 -2.42639 -0.0235558 0
0 6403 phononL 0.004 0.130888 2.19688 -0.0343246 0
0 6404 phononL 0.004 1.17327 -0.764465 -0.0250524 0
0 6405 phononL 0.004 -0.313238 0.77308 -0.0210336 0
0 6406 phononL 0.004 -2.66708 -0.136957 -0.013594 0
0 6407 phononL 0.004 1.42 -1.28624 -0.010864 0
0 6408 phononL 0.004 -0.0881998 2.60159 -0.000811896 0
0 6409 phononL 0.004 0.327468 -1.77089 -0.021847 0
0 6410 phononL 0.004 2.42484 0.649025 0.0233994 0
0 6411 phononL 0.004 -0.763532 1.33847 0.0285677 0
0 6412 phononL 0.004 -1.01888 0.0527721 0.0168318 0
0 6413 phononL 0.004 -0.982503 -1.33342 -0.0129229 0
0 6414 phononL 0.004 1.73613 -1.378 -0.0167215 0
0 6415 phononL 0.004 -2.81458 -0.974672 -0.0107478 0
0 6416 phononL 0.004 0.828115 2.288 0.0384772 0
0 6417 phononL 0.004 2.18107 2.56525 -0.0281934 0
0 6418 phononL 0.004 1.50444 1.44332 -0.00261221 0
0 6419 phononL 0.004 0.382636 1.98962 -0.0282116 0
0 6420 phononL 0.004 -1.3701 -1.49902 0.0369494 0
0 6421 phononL 0.004 0.543105 -2.38863 -0.0208254 0
0 6422 phononL 0.004 -1.30512 1.04684 -0.00818326 0
0 6423 phononL 0.004 -1.55598 0.645651 -0.0022462 0
0 6424 phononL 0.004 1.63388 0.753205 -0.0301448 0
0 6425 phononL 0.004 -2.87009 1.82343 -0.0328547 0
0 6426 phononL 0.004 0.111791 -2.48565 -0.0346502 0
0 6427 phononL 0.004 2.67274 -1.76292 0.0287583 0
0 6428 phononL 0.004 0.118183 2.30295 -0.00394044 0
0 6429 phononL 0.004 0.109399 -1.04669 -0.0229928 0
0 6430 phononL 0.004 -1.88345 0.244107 -0.0358686 0
0 6431 phononL 0.004 -1.86818 1.06401 0.0130975 0
0 6432 phononL 0.004 -1.72432 1.90392 0.0303047 0
0 6433 phononL 0.004 0.15146 1.25385 -0.0368675 0
0 6434 phononL 0.004 2.85235 -2.49384 0.0221791 0
0 6435 phononL 0.004 -0.456528 1.96544 0.00525269 0
0 6436 phononL 0.004 0.749276 2.72902 0.037637 0
0 6437 phononL 0.004 -2.31791 -1.63683 0.0156592 0
0 6438 phononL 0.004 -0.478359 1.56189 -0.0277633 0
0 6439 phononL 0.004 -0.409963 -2.31946 -0.00830248 0
0 6440 phononL 0.004 -1.60512 -1.63372 -0.0310577 0
0 6441 phononL 0.004 2.57336 -1.40818 -0.00957927 0
0 6442 phononL 0.004 -1.48596 2.6381 -0.00346118 0
0 6443 phononL 0.004 -1.94527 2.50737 -0.0157976 0
0 6444 phononL 0.004 2.28258 2.1771 0.0114242 0
0 6445 phononL 0.004 1.66439 -0.906358 0.0201224 0
0 6446 phononL 0.004 -1.25116 -2.27406 0.00237306 0
0 6447 phononL 0.004 -1.31324 -0.609406 -0.0316779 0
0 6448 phononL 0.004 -1.79035 -2.79001 0.00757792 0
0 6449 phononL 0.004 -1.84417 -0.713464 0.0264835 0
0 6450 phononL 0.004 -0.81021 -0.176803 -0.0222205 0
0 6451 phononL 0.004 -1.16347 -1.95783 -0.0146453 0
0 6452 phononL 0.004 -0.911797 0.799847 -0.0266214 0
0 6453 phononL 0.004 -1.82978 1.14181 0.0388911 0
0 6454 phononL 0.004 1.53251 -2.02351 0.00671796 0
0 6455 phononL 0.004 0.660325 1.52011 0.0189565 0
0 6456 phononL 0.004 0.0233041 -1.14063 -0.0182105 0
0 6457 phononL 0.004 0.984885 1.44312 -0.0203457 0
0 6458 phononL 0.004 2.3631 0.560488 -0.031745 0
0 6459 phononL 0.004 0.345367 -0.40306 -0.0353802 0
0 6460 phononL 0.004 -2.47605 -2.49014 -0.038703 0
0 6461 phononL 0.004 -0.0126557 0.257952 -0.00758495 0
0 6462 phononL 0.004 -1.87276 0.936154 -0.0133856 0
0 6463 phononL 0.004 -2.26132 1.32584 -0.0140743 0
0 6464 phononL 0.004 -0.453988 -0.379277 -0.0268919 0
0 6465 phononL 0.004 -0.98117 -2.35576 -0.0333866 0
0 6466 phononL 0.004 2.86 -1.95499 0.0236881 0
0 6467 phononL 0.004 -2.73807 1.39975 0.0313845 0
0 6468 phononL 0.004 0.56667 -2.1959 0.0241653 0
0 6469 phononL 0.004 -0.887419 2.43927 0.0368942 0
0 6470 phononL 0.004 -1.42751 -1.49787 -0.00939229 0
0 6471 phononL 0.004 -1.72158 -1.91749 0.00735508 0
0 6472 phononL 0.004 -2.84471 -1.71426 -0.0105759 0
0 6473 phononL 0.004 1.68453 2.59724 -0.0120541 0
0 6474 phononL 0.004 2.79785 0.0683005 0.0317609 0
0 6475 phononL 0.004 0.797434 2.23777 0.0256963 0
0 6476 phononL 0.004 0.0847418 -2.0764 0.027909 0
0 6477 phononL 0.004 -0.812904 -1.5945 -0.0135009 0
0 6478 phononL 0.004 -1.713 -1.9297 -0.0292701 0
0 6479 phononL 0.004 -2.31737 1.01911 0.0136008 0
0 6480 phononL 0.004 -0.508657 2.8158 -0.0374685 0
0 6481 phononL 0.004 -2.05282 -0.85648 -0.0286909 0
0 6482 phononL 0.004 -0.686115 2.82516 0.0221569 0
0 6483 phononL 0.004 -0.305683 -2.36517 0.0159482 0
0 6484 phononL 0.004 -2.61693 -2.23993 -0.00746643 0
0 6485 phononL 0.004 -1.2941 -1.82427 -0.0311136 0
0 6486 phononL 0.004 -0.276385 -0.487872 0.0179362 0
0 6487 phononL 0.004 1.73017 -1.6793 0.0354568 0
0 6488 phononL 0.004 1.71561 0.174653 -0.0117979 0
0 6489 phononL 0.004 -1.01537 -0.99686 0.0238168 0
0 6490 phononL 0.004 -0.0947474 0.911448 0.00829651 0
0 6491 phononL 0.004 -0.952888 -2.33158 -0.0362064 0
0 6492 phononL 0.004 -1.27806 1.80165 0.0128477 0
0 6493 phononL 0.004 -2.81626 -1.52843 0.0107 0
0 6494 phononL 0.004 -0.879707 2.08163 0.00511706 0
0 6495 phononL 0.004 2.20112 -0.640766 0.0280614 0
0 6496 phononL 0.004 -2.38448 2.83609 -0.0132765 0
0 6497 phononL 0.004 -2.54149 -2.75825 -0.0269516 0
0 6498 phononL 0.004 -2.08124 -0.612614 -0.0170132 0
0 6499 phononL 0.004 -2.70836 -2.58911 -0.0145173 0
0 6500 phononL 0.004 -2.55746 0.36775 0.0282656 0
0 6501 phononL 0.004 -1.75269 -1.02999 -0.0346192 0
0 6502 phononL 0.004 -1.53257 -0.285951 -0.0324903 0
0 6503 phononL 0.004 -2.43196 -0.0591649 -0.0168302 0
0 6504 phononL 0.004 0.0557073 -1.52662 0.0354918 0
0 6505 phononL 0.004 2.88425 -0.104149 0.00100951 0
0 6506 phononL 0.004 -1.33554 0.792994 -0.0258751 0
0 6507 phononL 0.004 -0.924733 -1.44788 0.0161225 0
0 6508 phononL 0.004 1.605 0.80894 -0.0294608 0
0 6509 phononL 0.004 2.63018 0.485859 -0.0163254 0
0 6510 phononL 0.004 -2.48892 -1.5994 0.00183864 0
0 6511 phononL 0.004 -2.72076 1.07347 0.0058995 0
0 6512 phononL 0.004 1.33194 -2.56408 0.0242262 0
0 6513 phononL 0.004 -0.764661 -0.434295 0.019777 0
0 6514 phononL 0.004 1.65504 -0.0255581 0.000755187 0
0 6515 phononL 0.004 2.73277 1.61153 0.0213628 0
0 6516 phononL 0.004 0.133894 1.94838 -0.0262029 0
0 6517 phononL 0.004 -0.170386 2.23261 -0.00780398 0
0 6518 phononL 0.004 0.0968659 1.93244 0.0342622 0
0 6519 phononL 0.004 2.31032 -2.35914 -0.0163725 0
0 6520 phononL 0.004 2.19867 -0.139289 -0.00804929 0
0 6521 phononL 0.004 -1.7122 2.81639 -0.022842 0
0 6522 phononL 0.004 0.140209 2.14873 0.012736 0
0 6523 phononL 0.004 -2.04771 2.6063 0.00160167 0
0 6524 phononL 0.004 1.08952 2.14596 -0.0269209 0
0 6525 phononL 0.004 -2.66084 0.561638 -0.0383853 0
0 6526 phononL 0.004 -2.1447 0.682326 -0.0263929 0
0 6527 phononL 0.004 -2.42041 -0.877897 0.00623614 0
0 6528 phononL 0.004 -1.66927 2.05435 -0.0339852 0
0 6529 phononL 0.004 2.19349 0.32237 0.000908147 0
0 6530 phononL 0.004 -2.3975 0.0608907 0.0174097 0
0 6531 phononL 0.004 0.622408 -2.30826 0.0255705 0
0 6532 phononL 0.004 1.85343 -2.68575 -0.0130989 0
0 6533 phononL 0.004 1.26536 -0.47892 0.0349399 0
0 6534 phononL 0.004 -1.45093 -1.39267 -0.0290317 0
0 6535 phononL 0.004 1.40218 -0.442113 -0.0135109 0
0 6536 phononL 0.004 -2.55223 0.567374 0.0343109 0
0 6537 phononL 0.004 -2.02621 1.97831 0.0134625 0
0 6538 phononL 0.004 -1.64433 -1.35999 0.030204 0
0 6539 phononL 0.004 -2.15962 0.633609 -0.0367505 0
0 6540 phononL 0.004 -0.202919 0.913684 -0.0376852 0
0 6541 phononL 0.004 0.681145 -0.409564 -0.0349741 0
0 6542 phononL 0.004 0.264366 -2.31244 0.00820053 0
0 6543 phononL 0.004 1.35033 0.0139623 -0.0010195 0
0 6544 phononL 0.004 2.79291 -2.44612 -0.0301287 0
0 6545 phononL 0.004 -1.99041 -0.459485 0.0375065 0
0 6546 phononL 0.004 1.47279 -2.81663 0.0131229 0
0 6547 phononL 0.004 1.85144 -1.79377 0.0108669 0
0 6548 phononL 0.004 -2.82377 -2.18163 -0.0151642 0
0 6549 phononL 0.004 -0.00704202 -1.97035 0.0280341 0
0 6550 phononL 0.004 1.36187 -0.352806 0.0198257 0
0 6551 phononL 0.004 -2.43151 -0.773035 -0.0351104 0
0 6552 phononL 0.004 1.01332 1.2365 -0.0197009 0
0 6553 phononL 0.004 -0.590712 -0.989014 -0.0382179 0
0 6554 phononL 0.004 0.0304058 0.0384649 -0.011548 0
0 6555 phononL 0.004 -1.14875 2.14218 -0.0159335 0
0 6556 phononL 0.004 1.90938 0.763442 0.0238775 0
0 6557 phononL 0.004 -0.322669 1.14998 -0.00964024 0
0 6558 phononL 0.004 1.42675 0.380361 0.0222425 0
0 6559 phononL 0.004 -1.61417 2.24626 -0.0344548 0
0 6560 phononL 0.004 2.54998 2.14749 0.00820139 0
0 6561 phononL 0.004 0.532704 1.33516 -0.0062188 0
0 6562 phononL 0.004 1.54052 1.63478 -0.0265906 0
0 6563 phononL 0.004 2.07633 -2.79281 -0.00942471 0
0 6564 phononL 0.004 -1.96247 0.811925 0.00113798 0
0 6565 phononL 0.004 -1.53965 -0.122681 -0.00352344 0
0 6566 phononL 0.004 1.25679 2.28539 -0.0162328 0
0 6567 phononL 0.004 -1.10266 0.201713 -0.00101684 0
0 6568 phononL 0.004 0.213247 1.07521 -0.0280475 0
0 6569 phononL 0.004 -0.293367 1.76198 -0.00347002 0
0 6570 phononL 0.004 2.62028 -2.59197 0.00036126 0
0 6571 phononL 0.004 -1.82425 2.67937 0.00501965 0
0 6572 phononL 0.004 2.80814 -1.68359 -0.0399549 0
0 6573 phononL 0.004 -0.854367 2.34604 -0.0341639 0
0 6574 phononL 0.004 -2.33884 1.61843 0.00651549 0
0 6575 phononL 0.004 -1.12452 2.25455 -0.0145444 0
0 6576 phononL 0.004 0.983927 -0.893296 -0.0334243 0
0 6577 phononL 0.004 -0.659406 1.10442 -0.039715 0
0 6578 phononL 0.004 -0.597754 -1.80054 0.03762 0
0 6579 phononL 0.004 -0.340819 0.443967 -0.0181922 0
0 6580 phononL 0.004 -1.12922 2.74619 0.0388008 0
0 6581 phononL 0.004 -2.33317 0.0663446 0.00305781 0
0 6582 phononL 0.004 -1.92902 -1.67515 0.0298819 0
0 6583 phononL 0.004 -2.54708 0.52107 0.0130465 0
0 6584 phononL 0.004 -2.75784 -0.297428 0.0161334 0
0 6585 phononL 0.004 -2.55822 -2.72691 -0.0246965 0
0 6586 phononL 0.004 -0.301479 0.268658 0.0250022 0
0 6587 phononL 0.004 0.490033 1.71633 0.0051515 0
0 6588 phononL 0.004 0.895974 -0.841368 0.0083752 0
0 6589 phononL 0.004 -0.877378 -1.83028 -0.0195793 0
0 6590 phononL 0.004 0.365379 -0.0867175 -0.022737 0
0 6591 phononL 0.004 -2.66983 2.6213 0.0251601 0
0 6592 phononL 0.004 0.63993 -0.335745 -0.0293742 0
0 6593 phononL 0.004 0.249946 2.27348 -0.0123289 0
0 6594 phononL 0.004 -1.45334 1.78741 -0.0260047 0
0 6595 phononL 0.004 0.0484862 0.671551 -0.0384348 0
0 6596 phononL 0.004 -2.3027 0.58213 0.0309952 0
0 6597 phononL 0.004 1.42075 -1.09464 0.01352 0
0 6598 phononL 0.004 -1.32191 2.03698 0.0255409 0
0 6599 phononL 0.004 2.37242 0.0649263 -0.0131453 0
0 6600 phononL 0.004 2.58717 -0.764003 0.0214928 0
0 6601 phononL 0.004 1.29989 0.149125 0.0292607 0
0 6602 phononL 0.004 1.3206 1.87794 -0.0159659 0
0 6603 phononL 0.004 -1.60876 1.77966 0.0219366 0
0 6604 phononL 0.004 1.29305 -0.3225 0.0118221 0
0 6605 phononL 0.004 -1.7008 -2.33423 -0.0123634 0
0 6606 phononL 0.004 -2.12354 1.44396 0.0374596 0
0 6607 phononL 0.004 -1.39679 -1.14762 -0.0341266 0
0 6608 phononL 0.004 2.45451 -1.73307 0.0071949 0
0 6609 phononL 0.004 1.81966 0.617924 -0.0367862 0
0 6610 phononL 0.004 -1.13092 -1.52499 -0.0205275 0
0 6611 phononL 0.004 1.76148 0.828545 0.00165383 0
0 6612 phononL 0.004 2.21044 0.25817 -0.0130816 0
0 6613 phononL 0.004 -2.39511 1.27885 -0.00571738 0
0 6614 phononL 0.004 -1.82852 -2.77437 0.00198238 0
0 6615 phononL 0.004 2.42872 1.39233 -0.0300676 0
0 6616 phononL 0.004 2.02255 -1.6336 0.0213363 0
0 6617 phononL 0.004 -0.503594 -0.763451 0.0307023 0
0 6618 phononL 0.004 -2.67211 -0.737241 -0.0216041 0
0 6619 phononL 0.004 -2.7167 2.18952 -0.0217585 0
0 6620 phononL 0.004 0.74233 0.469187 0.0251216 0
0 6621 phononL 0.004 -0.0443327 -0.0328996 -0.0214458 0
0 6622 phononL 0.004 0.194662 2.65756 -0.0367162 0
0 6623 phononL 0.004 -1.73981 0.393286 -0.0356026 0
0 6624 phononL 0.004 -2.73598 -0.152325 -0.0187867 0
0 6625 phononL 0.004 -2.65442 -1.96957 0.0234094 0
0 6626 phononL 0.004 0.906489 -2.60468 -0.0398439 0
0 6627 phononL 0.004 -0.0759371 -1.84128 -0.0107136 0
0 6628 phononL 0.004 -0.578902 -0.0854761 -0.0255381 0
0 6629 phononL 0.004 2.88437 -1.4346 -0.0320884 0
0 6630 phononL 0.004 1.81112 2.33495 0.0209552 0
0 6631 phononL 0.004 1.21069 0.996457 0.0166109 0
0 6632 phononL 0.004 -1.669 -0.863273 0.0363828 0
0 6633 phononL 0.004 -1.25963 1.3265 0.0225955 0
0 6634 phononL 0.004 -2.26483 2.65984 0.0351931 0
0 6635 phononL 0.004 -0.178045 0.558497 0.0355593 0
0 6636 phononL 0.004 1.67118 -0.20382 0.0107974 0
0 6637 phononL 0.004 0.352907 1.64082 0.00959933 0
0 6638 phononL 0.004 0.390609 2.42658 0.0346 0
0 6639 phononL 0.004 0.429427 -1.38239 -0.0282279 0
0 6640 phononL 0.004 -2.46875 0.240393 -0.0268121 0
0 6641 phononL 0.004 2.44764 -1.53655 0.0370034 0
0 6642 phononL 0.004 0.124396 0.91965 -0.00926817 0
0 6643 phononL 0.004 -1.39995 2.09403 -0.0336287 0
0 6644 phononL 0.004 1.39229 1.84784 0.0300048 0
0 6645 phononL 0.004 -2.70373 -1.28897 -0.0102584 0
0 6646 phononL 0.004 2.13064 -0.0812763 0.00315198 0
0 6647 phononL 0.004 -1.97196 0.807139 0.0311957 0
0 6648 phononL 0.004 1.00104 -1.21562 0.00287775 0
0 6649 phononL 0.004 -2.04735 -0.457933 0.0269503 0
0 6650 phononL 0.004 0.740831 -0.289478 -0.0222371 0
0 6651 phononL 0.004 1.02848 2.36459 0.0183956 0
0 6652 phononL 0.004 -2.85046 -1.19558 0.035429 0
0 6653 phononL 0.004 -2.43695 -1.91157 0.00474101 0
0 6654 phononL 0.004 -2.58383 1.22454 -0.0188646 0
0 6655 phononL 0.004 0.506914 -2.336 0.00163746 0
0 6656 phononL 0.004 2.82097 -2.26195 0.0155855 0
0 6657 phononL 0.004 -2.25196 1.16487 0.0367799 0
0 6658 phononL 0.004 2.65373 -2.49872 -0.0330752 0
0 6659 phononL 0.004 2.30027 -0.118678 -0.0251466 0
0 6660 phononL 0.004 1.34645 1.13551 -0.00105331 0
0 6661 phononL 0.004 -0.209426 -2.40599 0.0345011 0
0 6662 phononL 0.004 2.78953 0.440238 -0.0150301 0
0 6663 phononL 0.004 1.21835 2.29567 0.0175021 0
0 6664 phononL 0.004 1.88397 -1.50044 -0.0299259 0
0 6665 phononL 0.004 -2.88576 -1.98704 0.0156586 0
0 6666 phononL 0.004 0.983678 -0.0557165 0.00838648 0
0 6667 phononL 0.004 0.233859 -0.968263 0.00963609 0
0 6668 phononL 0.004 2.15081 -0.457756 -0.0354144 0
0 6669 phononL 0.004 -0.450873 2.44764 -0.0376518 0
0 6670 phononL 0.004 1.76879 2.59561 0.0196521 0
0 6671 phononL 0.004 -2.17968 -0.716626 -0.023673 0
0 6672 phononL 0.004 -1.77954 -0.254726 -0.0360543 0
0 6673 phononL 0.004 1.94068 -2.34316 -0.0209376 0
0 6674 phononL 0.004 1.49473 2.46796 0.0182798 0
0 6675 phononL 0.004 -2.69519 0.384798 0.0221866 0
0 6676 phononL 0.004 -1.70645 -2.38293 -0.0288387 0
0 6677 phononL 0.004 1.34521 1.73369 0.00324224 0
0 6678 phononL 0.004 -0.577012 -0.414945 -0.0344545 0
0 6679 phononL 0.004 -0.215441 0.122441 -0.0324355 0
0 6680 phononL 0.004 -1.06333 0.149389 0.0121343 0
0 6681 phononL 0.004 -1.90275 1.44851 0.0356716 0
0 6682 phononL 0.004 -1.2374 -2.16654 0.0340698 0
0 6683 phononL 0.004 -1.04882 -2.10355 -0.0385254 0
0 6684 phononL 0.004 0.0135807 -0.622952 -0.0172238 0
0 6685 phononL 0.004 -0.403695 -1.80517 -0.0235755 0
0 6686 phononL 0.004 1.75791 0.473703 0.0172958 0
0 6687 phononL 0.004 2.03917 -0.103567 -0.015154 0
0 6688 phononL 0.004 -2.39604 -1.96006 0.0241166 0
0 6689 phononL 0.004 -0.697889 2.57809 -0.0152292 0
0 6690 phononL 0.004 0.892038 -2.27912 0.0148637 0
0 6691 phononL 0.004 -1.61582 0.918031 -0.0127708 0
0 6692 phononL 0.004 2.27633 0.988237 -0.0190131 0
0 6693 phononL 0.004 0.919882 1.38131 0.0122437 0
0 6694 phononL 0.004 -2.16211 -1.79554 0.0351405 0
0 6695 phononL 0.004 2.13742 1.70013 -0.0128035 0
0 6696 phononL 0.004 -1.74703 2.0804 0.0359725 0
0 6697 phononL 0.004 0.668696 -0.970458 -0.0363884 0
0 6698 phononL 0.004 1.9985 -0.56463 -0.029727 0
0 6699 phononL 0.004 0.816461 0.0642404 -0.00898912 0
0 6700 phononL 0.004 -0.932326 -2.23779 0.00588578 0
0 6701 phononL 0.004 -1.78818 -2.11713 -0.0202495 0
0 6702 phononL 0.004 -1.07443 0.825444 0.0298732 0
0 6703 phononL 0.004 2.78991 -1.77595 0.0293563 0
0 6704 phononL 0.004 0.958682 1.09354 0.0133858 0
0 6705 phononL 0.004 -0.726901 -2.03291 -0.032088 0
0 6706 phononL 0.004 1.77237 -0.51749 0.00833759 0
0 6707 phononL 0.004 -0.410953 0.710863 -0.00181407 0
0 6708 phononL 0.004 1.54945 2.48015 0.0300681 0
0 6709 phononL 0.004 0.377988 0.188221 -0.012928 0
0 6710 phononL 0.004 1.10353 -0.873329 0.00844864 0
0 6711 phononL 0.004 -0.401143 1.21692 -0.0107616 0
0 6712 phononL 0.004 -2.61099 2.67267 0.0240352 0
0 6713 phononL 0.004 0.848788 1.62353 -0.0263781 0
0 6714 phononL 0.004 -1.51747 1.93492 -0.0130681 0
0 6715 phononL 0.004 -1.26464 1.53039 0.0218769 0
0 6716 phononL 0.004 1.08731 1.31613 0.00679201 0
0 6717 phononL 0.004 -2.04237 -2.4995 0.0187103 0
0 6718 phononL 0.004 -0.977784 2.03733 0.00847064 0
0 6719 phononL 0.004 0.693325 2.16061 -0.00879999 0
0 6720 phononL 0.004 2.37278 -1.75672 0.0211961 0
0 6721 phononL 0.004 2.32438 -2.31567 0.0188951 0
0 6722 phononL 0.004 0.500065 -2.75434 -0.0243141 0
0 6723 phononL 0.004 -1.73426 0.527199 -0.017368 0
0 6724 phononL 0.004 0.36626 2.55102 0.0275374 0
0 6725 phononL 0.004 2.74426 -2.12949 0.0178905 0
0 6726 phononL 0.004 -1.57342 -1.32288 0.0134129 0
0 6727 phononL 0.004 -0.103546 -2.30501 -0.000880662 0
0 6728 phononL 0.004 -0.302155 -2.01845 -0.0148191 0
0 6729 phononL 0.004 0.978468 1.5082 -0.0185575 0
0 6730 phononL 0.004 -2.85281 0.809116 -0.0218271 0
0 6731 phononL 0.004 -1.75595 -1.95509 0.0349551 0
0 6732 phononL 0.004 0.0431398 1.18044 -0.0362652 0
0 6733 phononL 0.004 0.44472 -1.95084 -0.0322558 0
0 6734 phononL 0.004 -1.24091 0.343958 -0.0276425 0
0 6735 phononL 0.004 -2.43613 2.32874 0.0333845 0
0 6736 phononL 0.004 -1.43793 1.76193 0.0296678 0
0 6737 phononL 0.004 0.989998 2.44056 -0.00257326 0
0 6738 phononL 0.004 -1.58856 2.08989 0.0149808 0
0 6739 phononL 0.004 -1.84056 2.68835 0.00619675 0
0 6740 phononL 0.004 -0.405143 -1.33447 0.0309461 0
0 6741 phononL 0.004 1.405 -0.208378 0.0266664 0
0 6742 phononL 0.004 2.80877 0.963629 0.000938227 0
0 6743 phononL 0.004 1.71539 -0.970103 -0.0196672 0
0 6744 phononL 0.004 1.44965 -2.10372 0.024739 0
0 6745 phononL 0.004 -2.7356 -1.28556 0.00288088 0
0 6746 phononL 0.004 0.208244 -0.0280648 -0.0307864 0
0 6747 phononL 0.004 0.78716 1.92807 0.0198299 0
0 6748 phononL 0.004 2.3758 2.21775 -0.0308243 0
0 6749 phononL 0.004 -0.469939 2.39276 -0.0204892 0
0 6750 phononL 0.004 -0.625949 1.16026 0.0187446 0
0 6751 phononL 0.004 2.83754 0.7886 -0.0398877 0
0 6752 phononL 0.004 2.69189 -0.359031 -0.0116816 0
0 6753 phononL 0.004 0.3321 2.07694 -0.0366076 0
0 6754 phononL 0.004 -1.31123 0.327993 0.0377266 0
0 6755 phononL 0.004 -2.12783 1.16766 0.0216411 0
0 6756 phononL 0.004 -2.30599 -0.734935 0.0204639 0
0 6757 phononL 0.004 -0.48792 1.49842 -0.0237268 0
0 6758 phononL 0.004 1.65132 1.06971 0.0350864 0
0 6759 phononL 0.004 2.51178 -2.5465 0.0311619 0
0 6760 phononL 0.004 -1.43304 0.408561 0.0370744 0
0 6761 phononL 0.004 1.88189 2.57891 0.0290694 0
0 6762 phononL 0.004 -1.83535 0.615651 -0.00457068 0
0 6763 phononL 0.004 0.189182 -0.879896 -0.0256664 0
0 6764 phononL 0.004 -2.65516 -1.37524 0.0347801 0
0 6765 phononL 0.004 2.8134 1.6913 0.0302281 0
0 6766 phononL 0.004 -2.01335 -1.6287 -0.00568709 0
0 6767 phononL 0.004 -0.592105 -0.658563 -0.0267466 0
0 6768 phononL 0.004 1.06377 0.483974 0.024548 0
0 6769 phononL 0.004 -1.39323 2.77082 -0.0389833 0
0 6770 phononL 0.004 -0.585502 -1.92362 -0.0159061 0
0 6771 phononL 0.004 2.48338 1.81411 -0.0116313 0
0 6772 phononL 0.004 1.02056 -2.55079 0.00317887 0
0 6773 phononL 0.004 0.83101 -1.8838 0.0321027 0
0 6774 phononL 0.004 2.21379 0.417265 0.0258517 0
0 6775 phononL 0.004 -2.34572 -2.76012 0.0198852 0
0 6776 phononL 0.004 -1.81753 -2.76149 0.0129054 0
0 6777 phononL 0.004 -0.500905 1.46656 0.0212666 0
0 6778 phononL 0.004 -2.40906 -2.02318 0.0214559 0
0 6779 phononL 0.004 -0.711948 2.52171 -0.0064527 0
0 6780 phononL 0.004 0.66316 -1.65123 -0.0326843 0
0 6781 phononL 0.004 -2.22758 0.932404 -0.0265144 0
0 6782 phononL 0.004 1.50398 2.17517 0.0346744 0
0 6783 phononL 0.004 2.42976 -2.38178 -0.0146132 0
0 6784 phononL 0.004 2.62218 -1.156 0.0372954 0
0 6785 phononL 0.004 -1.09271 -0.438324 -0.0342437 0
0 6786 phononL 0.004 1.51732 -1.29503 0.0190913 0
0 6787 phononL 0.004 1.98246 0.921779 -0.0130295 0
0 6788 phononL 0.004 2.16127 -2.7945 -0.037194 0
0 6789 phononL 0.004 -1.68245 1.61021 -0.0394314 0
0 6790 phononL 0.004 0.998115 0.795521 0.0235481 0
0 6791 phononL 0.004 -1.48431 1.95164 0.00165717 0
0 6792 phononL 0.004 1.09616 -1.47268 0.00131962 0
0 6793 phononL 0.004 1.50098 1.21885 -0.0225857 0
0 6794 phononL 0.004 -0.695596 2.57802 0.0219301 0
0 6795 phononL 0.004 0.318163 2.2755 -0.0330619 0
0 6796 phononL 0.004 0.861678 -1.03045 -0.00720159 0
0 6797 phononL 0.004 -2.83332 1.19921 0.00165918 0
0 6798 phononL 0.004 1.68235 0.763377 0.0155066 0
0 6799 phononL 0.004 2.40523 2.67404 0.0154916 0
0 6800 phononL 0.004 -2.58988 -2.61125 0.0315718 0
0 6801 phononL 0.004 1.62707 -0.981663 0.00862698 0
0 6802 phononL 0.004 -0.659799 -1.66037 -0.0315387 0
0 6803 phononL 0.004 1.0765 -1.21733 0.0142489 0
0 6804 phononL 0.004 -1.18051 1.68331 0.0331228 0
0 6805 phononL 0.004 2.22945 1.31242 0.0335298 0
0 6806 phononL 0.004 1.5915 -2.81141 0.0182786 0
0 6807 phononL 0.004 -2.49299 -0.331001 0.0133744 0
0 6808 phononL 0.004 0.69151 2.74646 -0.00690275 0
0 6809 phononL 0.004 -1.28202 -0.53565 0.00231944 0
0 6810 phononL 0.004 2.7361 -0.596878 0.022284 0
0 6811 phononL 0.004 2.70743 -2.12495 -0.0331401 0
0 6812 phononL 0.004 0.535047 1.54553 0.0319063 0
0 6813 phononL 0.004 1.84341 -0.183736 0.0191453 0
0 6814 phononL 0.004 -1.98752 -1.40156 0.0171065 0
0 6815 phononL 0.004 2.39091 -2.56806 0.0197498 0
0 6816 phononL 0.004 0.0758418 -2.68071 0.0363586 0
0 6817 phononL 0.004 1.64663 -1.60492 0.0033318 0
0 6818 phononL 0.004 0.276019 0.84884 -0.0257708 0
0 6819 phononL 0.004 1.34959 -0.316347 0.00841514 0
0 6820 phononL 0.004 1.33961 2.73451 0.0343581 0
0 6821 phononL 0.004 0.0947109 0.411075 -0.0209267 0
0 6822 phononL 0.004 0.355675 -2.0997 -0.0152118 0
0 6823 phononL 0.004 0.59606 2.52712 0.0252703 0
0 6824 phononL 0.004 -1.68257 1.01497 0.039005 0
0 6825 phononL 0.004 -2.62116 -0.273049 -0.0152634 0
0 6826 phononL 0.004 -0.872259 1.14626 -0.0313955 0
0 6827 phononL 0.004 2.53707 1.33912 -0.0291621 0
0 6828 phononL 0.004 1.16951 -0.723222 0.0131811 0
0 6829 phononL 0.004 -2.43894 -2.643 -0.00472761 0
0 6830 phononL 0.004 -0.160875 -2.03495 -0.0311331 0
0 6831 phononL 0.004 2.54757 0.924903 0.0114927 0
0 6832 phononL 0.004 0.860491 1.46063 0.039568 0
0 6833 phononL 0.004 -0.963584 -0.91928 -0.0142702 0
0 6834 phononL 0.004 -2.14513 -1.03656 0.0180921 0
0 6835 phononL 0.004 0.398242 0.976631 -0.0383702 0
0 6836 phononL 0.004 2.06075 0.387636 -0.0212274 0
0 6837 phononL 0.004 2.86835 1.47608 0.0379691 0
0 6838 phononL 0.004 -2.35267 1.45441 0.0225405 0
0 6839 phononL 0.004 1.51951 0.688044 -0.00184038 0
0 6840 phononL 0.004 2.225 2.15837 -0.0190359 0
0 6841 phononL 0.004 -1.33903 2.34339 0.0102527 0
0 6842 phononL 0.004 1.66334 0.0623649 0.0154677 0
0 6843 phononL 0.004 2.64254 -0.866385 -0.00124838 0
0 6844 phononL 0.004 1.0496 1.91958 0.0222128 0
0 6845 phononL 0.004 -0.582593 1.71835 0.00934294 0
0 6846 phononL 0.004 1.32608 2.7425 -0.0196889 0
0 6847 phononL 0.004 1.19626 0.493085 -0.0235564 0
0 6848 phononL 0.004 -0.974032 -0.330209 0.00283934 0
0 6849 phononL 0.004 1.36649 2.04976 0.0232836 0
0 6850 phononL 0.004 2.07225 0.633122 0.0205136 0
0 6851 phononL 0.004 0.813155 -0.819469 -0.0149682 0
0 6852 phononL 0.004 -1.14175 0.250746 -0.0378677 0
0 6853 phononL 0.004 -2.44667 -0.285495 0.0103148 0
0 6854 phononL 0.004 0.623868 2.78167 -0.0372267 0
0 6855 phononL 0.004 -0.409 -0.65408 0.01255 0
0 6856 phononL 0.004 -1.02836 2.10497 0.00134124 0
0 6857 phononL 0.004 -1.42032 1.63113 -0.0268254 0
0 6858 phononL 0.004 -1.99307 0.421422 -0.0240743 0
0 6859 phononL 0.004 -0.345831 0.516626 0.0277115 0
0 6860 phononL 0.004 -0.645467 -1.19226 -0.017679 0
0 6861 phononL 0.004 -0.525636 -0.829334 0.0107485 0
0 6862 phononL 0.004 2.22037 -1.95707 -0.0142821 0
0 6863 phononL 0.004 -1.59393 1.91688 0.036461 0
0 6864 phononL 0.004 -2.13189 1.32234 0.00577678 0
0 6865 phononL 0.004 -0.986212 -2.67469 -0.00363279 0
0 6866 phononL 0.004 -0.42098 2.80632 -0.033972 0
0 6867 phononL 0.004 1.6256 0.853235 -0.0359678 0
0 6868 phononL 0.004 2.37651 1.14367 -0.00574906 0
0 6869 phononL 0.004 1.44801 0.92646 -0.0011565 0
0 6870 phononL 0.004 -2.66541 -1.6187 0.0109007 0
0 6871 phononL 0.004 1.0002 -0.279674 0.0397594 0
0 6872 phononL 0.004 2.83477 0.0435099 -0.0166381 0
0 6873 phononL 0.004 1.19258 -0.874065 0.0146621 0
0 6874 phononL 0.004 0.201077 -0.924005 0.0298319 0
0 6875 phononL 0.004 0.113704 2.77936 -0.0077908 0
0 6876 phononL 0.004 -0.383441 -1.02627 0.0208176 0
0 6877 phononL 0.004 -0.941664 -1.16353 -0.0325568 0
0 6878 phononL 0.004 -2.47754 -0.490236 -0.018851 0
0 6879 phononL 0.004 -2.31984 0.246372 0.0390099 0
0 6880 phononL 0.004 -1.3056 2.82542 -0.0263437 0
0 6881 phononL 0.004 1.76778 -2.75301 -0.0188004 0
0 6882 phononL 0.004 2.35669 1.81042 -0.0133816 0
0 6883 phononL 0.004 -2.69528 1.71576 0.0122374 0
0 6884 phononL 0.004 1.45441 -1.73385 0.0077656 0
0 6885 phononL 0.004 -0.233767 -0.736074 0.000737408 0
0 6886 phononL 0.004 -0.69066 0.584201 -0.0195879 0
0 6887 phononL 0.004 0.0954358 -1.0875 -0.0223376 0
0 6888 phononL 0.004 -1.42615 -1.33869 -0.029815 0
0 6889 phononL 0.004 -1.97281 -0.0476401 -0.0216561 0
0 6890 phononL 0.004 2.14176 2.32071 0.0353286 0
0 6891 phononL 0.004 1.64335 -0.973304 0.00295849 0
0 6892 phononL 0.004 -0.712615 -1.86397 -0.00485183 0
0 6893 phononL 0.004 2.81187 0.126461 -0.0253295 0
0 6894 phononL 0.004 -0.783349 -0.427454 0.0114405 0
0 6895 phononL 0.004 2.53529 2.35544 -0.00730577 0
0 6896 phononL 0.004 2.44648 0.817689 0.0180577 0
0 6897 phononL 0.004 -1.70142 -2.34211 -0.0230022 0
0 6898 phononL 0.004 1.36065 1.67832 -0.0247103 0
0 6899 phononL 0.004 1.8212 -1.39652 -0.0223529 0
0 6900 phononL 0.004 -1.70634 -2.03775 -0.0360696 0
0 6901 phononL 0.004 1.43532 2.68801 -0.0229803 0
0 6902 phononL 0.004 -1.03577 -2.08156 -0.00201498 0
0 6903 phononL 0.004 -1.79363 -2.01659 -0.000612051 0
0 6904 phononL 0.004 -0.798385 -2.30313 -0.0231672 0
0 6905 phononL 0.004 -2.39056 -0.485959 0.0257016 0
0 6906 phononL 0.004 1.44058 0.527711 -0.0241375 0
0 6907 phononL 0.004 2.26483 0.548198 -0.00786926 0
0 6908 phononL 0.004 -2.31001 1.69924 -0.0171987 0
0 6909 phononL 0.004 1.55563 -0.671158 0.0338011 0
0 6910 phononL 0.004 -1.56379 0.27126 0.0271777 0
0 6911 phononL 0.004 -1.07847 -2.63607 0.0168186 0
0 6912 phononL 0.004 2.61994 -0.315434 -0.00073066 0
0 6913 phononL 0.004 -1.3157 -1.36986 0.0208158 0
0 6914 phononL 0.004 -0.279176 -0.995948 -0.0140709 0
0 6915 phononL 0.004 -1.63019 0.377766 -0.0330864 0
0 6916 phononL 0.004 1.4361 -2.25976 0.0174745 0
0 6917 phononL 0.004 0.598572 0.808465 0.0253371 0
0 6918 phononL 0.004 -1.63394 2.16776 0.00751531 0
0 6919 phononL 0.004 -0.774258 2.55776 0.0233042 0
0 6920 phononL 0.004 -2.06217 -2.39152 -0.0131095 0
0 6921 phononL 0.004 -1.36237 1.88721 0.015043 0
0 6922 phononL 0.004 1.84312 -0.469088 -0.0223746 0
0 6923 phononL 0.004 -1.29484 1.0213 -0.00188898 0
0 6924 phononL 0.004 2.60454 1.24969 0.0352089 0
0 6925 phononL 0.004 1.50268 -0.287183 0.00939121 0
0 6926 phononL 0.004 -2.77634 -2.11119 -0.032868 0
0 6927 phononL 0.004 -0.290205 1.17725 0.0148001 0
0 6928 phononL 0.004 -0.0885106 2.60253 0.00237305 0
0 6929 phononL 0.004 -1.88157 -0.962942 -0.0399024 0
0 6930 phononL 0.004 -0.328342 -0.832341 0.00365837 0
0 6931 phononL 0.004 1.64737 2.62197 0.0237933 0
0 6932 phononL 0.004 -2.68468 -0.333507 -0.020932 0
0 6933 phononL 0.004 2.37068 -2.74205 -0.00996734 0
0 6934 phononL 0.004 2.2234 2.5654 0.00425594 0
0 6935 phononL 0.004 -0.853746 -2.63596 0.0388996 0
0 6936 phononL 0.004 -1.73303 2.04758 0.00541104 0
0 6937 phononL 0.004 -1.3609 -0.299703 -0.0350284 0
0 6938 phononL 0.004 -0.806865 -1.97112 -0.0310199 0
0 6939 phononL 0.004 0.931465 -0.564827 0.00666315 0
0 6940 phononL 0.004 -1.67497 -1.08711 -0.00478924 0
0 6941 phononL 0.004 0.846045 -0.38559 0.03021 0
0 6942 phononL 0.004 2.70926 0.482123 0.0152393 0
0 6943 phononL 0.004 -2.33161 2.42576 0.0334945 0
0 6944 phononL 0.004 -0.696665 0.58251 -0.0321854 0
0 6945 phononL 0.004 -1.79658 -1.99427 -0.0396462 0
0 6946 phononL 0.004 1.40411 -0.0746331 0.01213 0
0 6947 phononL 0.004 -1.81164 1.27534 -0.0310745 0
0 6948 phononL 0.004 1.40396 -1.72519 0.00440063 0
0 6949 phononL 0.004 -0.330563 -1.96103 -0.00101129 0
0 6950 phononL 0.004 1.64458 -2.45184 -0.0200686 0
0 6951 phononL 0.004 -0.534963 -2.27051 -0.0264012 0
0 6952 phononL 0.004 0.614911 -1.04087 -0.0246581 0
0 6953 phononL 0.004 -2.3975 -0.356054 0.0182618 0
0 6954 phononL 0.004 -0.359007 -0.209567 0.00745446 0
0 6955 phononL 0.004 -0.831512 2.66394 0.0343851 0
0 6956 phononL 0.004 -1.8585 -2.46079 0.0363774 0
0 6957 phononL 0.004 1.84059 1.15047 -0.0320429 0
0 6958 phononL 0.004 0.444038 2.69359 0.0274282 0
0 6959 phononL 0.004 0.298641 2.25356 0.0261213 0
0 6960 phononL 0.004 2.30172 -2.76576 0.0161205 0
0 6961 phononL 0.004 -0.0429716 2.14281 0.00361556 0
0 6962 phononL 0.004 -2.7608 2.31744 -0.0273675 0
0 6963 phononL 0.004 0.342229 -2.34992 -0.033708 0
0 6964 phononL 0.004 -1.59263 1.03654 0.0300463 0
0 6965 phononL 0.004 2.31853 2.85889 -0.0362906 0
0 6966 phononL 0.004 1.19992 2.22064 -0.0170823 0
0 6967 phononL 0.004 2.02489 -1.1684 0.00590213 0
0 6968 phononL 0.004 0.373017 -1.92756 -0.00179148 0
0 6969 phononL 0.004 2.60656 1.46477 -0.0325203 0
0 6970 phononL 0.004 -0.00656417 2.34492 0.000430088 0
0 6971 phononL 0.004 2.50019 1.33827 -0.0350368 0
0 6972 phononL 0.004 -1.777 -1.97756 0.0391917 0
0 6973 phononL 0.004 2.04778 -0.625898 0.0146261 0
0 6974 phononL 0.004 -1.88305 -0.903604 -0.022111 0
0 6975 phononL 0.004 -2.63026 0.0965393 0.00777957 0
0 6976 phononL 0.004 0.48395 -2.73117 0.000482661 0
0 6977 phononL 0.004 2.17994 -2.8377 -0.00249476 0
0 6978 phononL 0.004 -0.229282 -0.460919 0.000723312 0
0 6979 phononL 0.004 0.611697 -0.429399 -0.0306257 0
0 6980 phononL 0.004 1.76416 -0.91913 0.0350468 0
0 6981 phononL 0.004 -0.752784 -2.83986 0.0241644 0
0 6982 phononL 0.004 -0.411427 -2.69077 0.0358193 0
0 6983 phononL 0.004 -2.38805 -0.378073 0.0216576 0
0 6984 phononL 0.004 -1.3865 -2.85884 -0.0196436 0
0 6985 phononL 0.004 -1.38965 -1.43802 0.0105894 0
0 6986 phononL 0.004 -1.68691 2.77969 0.027209 0
0 6987 phononL 0.004 2.20171 -2.18083 0.0373187 0
0 6988 phononL 0.004 -0.58493 -0.104754 -0.0110777 0
0 6989 phononL 0.004 2.21414 2.30773 -0.0372006 0
0 6990 phononL 0.004 -0.130924 1.8888 -0.0179114 0
0 6991 phononL 0.004 -1.77869 -1.05327 -0.00236922 0
0 6992 phononL 0.004 1.94576 -0.268236 -0.0379286 0
0 6993 phononL 0.004 2.61006 1.72999 -0.0318032 0
0 6994 phononL 0.004 1.88019 2.7034 -0.0245057 0
0 6995 phononL 0.004 -1.62663 0.42132 0.00367632 0
0 6996 phononL 0.004 2.31525 -2.7673 0.0317657 0
0 6997 phononL 0.004 0.630187 2.64381 0.0021255 0
0 6998 phononL 0.004 0.233742 1.00696 -0.0371436 0
0 6999 phononL 0.004 1.21034 -0.825273 0.00943319 0
0 7000 phononL 0.004 2.46857 -0.0339366 0.0147007 0
0 7001 phononL 0.004 1.32349 1.42621 -0.0372281 0
0 7002 phononL 0.004 -2.27226 -1.76425 -0.0372502 0
0 7003 phononL 0.004 0.821798 2.22609 -0.0263779 0
0 7004 phononL 0.004 -1.74469 0.947395 0.025777 0
0 7005 phononL 0.004 1.44382 -2.80043 -0.0160266 0
0 7006 phononL 0.004 -1.19548 0.555779 -0.0299056 0
0 7007 phononL 0.004 2.15452 0.298782 -0.00448566 0
0 7008 phononL 0.004 2.01544 1.83919 -0.0237498 0
0 7009 phononL 0.004 -2.34235 -1.45901 -0.0213986 0
0 7010 phononL 0.004 -2.19706 -2.51065 -0.00738578 0
0 7011 phononL 0.004 0.924944 -0.0893117 0.0153767 0
0 7012 phononL 0.004 -1.21015 2.74566 0.0338357 0
0 7013 phononL 0.004 0.679701 2.82257 0.0243061 0
0 7014 phononL 0.004 -2.55737 -0.887995 -0.0133274 0
0 7015 phononL 0.004 -1.36805 2.88547 -0.00451194 0
0 7016 phononL 0.004 -2.68347 0.560324 0.0129783 0
0 7017 phononL 0.004 -0.149059 0.271501 0.0256323 0
0 7018 phononL 0.004 -0.857254 -1.88459 -0.00126958 0
0 7019 phononL 0.004 -1.5841 -1.21576 0.0397273 0
0 7020 phononL 0.004 1.58708 0.74492 0.02272 0
0 7021 phononL 0.004 -1.13192 -1.48528 0.00813261 0
0 7022 phononL 0.004 -0.507895 1.96411 -0.0372774 0
0 7023 phononL 0.004 -1.27876 1.27674 0.0154105 0
0 7024 phononL 0.004 0.79674 -1.18384 -0.0371488 0
0 7025 phononL 0.004 -0.288904 2.62415 -0.00307728 0
0 7026 phononL 0.004 -2.40695 -1.24419 -0.0123839 0
0 7027 phononL 0.004 -2.02274 0.167517 -0.00540766 0
0 7028 phononL 0.004 -1.88816 -1.10675 0.00322127 0
0 7029 phononL 0.004 -0.469039 -1.65676 -0.0229489 0
0 7030 phononL 0.004 0.226014 1.50297 0.00140712 0
0 7031 phononL 0.004 2.54436 -0.94277 0.0303251 0
0 7032 phononL 0.004 1.13555 -0.325343 0.00984577 0
0 7033 phononL 0.004 2.21409 -1.80943 0.034392 0
0 7034 phononL 0.004 2.66008 -1.23365 0.00931644 0
0 7035 phononL 0.004 -2.22666 -1.01115 0.0162059 0
0 7036 phononL 0.004 -0.34239 -0.856895 -0.0186965 0
0 7037 phononL 0.004 -1.5853 -2.00413 0.0356476 0
0 7038 phononL 0.004 2.03673 -0.00124894 -0.0168931 0
0 7039 phononL 0.004 1.99149 -0.824773 0.0130205 0
0 7040 phononL 0.004 1.86397 -1.82588 -0.0381784 0
0 7041 phononL 0.004 0.447211 2.33728 0.0269997 0
0 7042 phononL 0.004 -0.558934 -2.55404 -0.0196845 0
0 7043 phononL 0.004 1.83991 -0.280226 0.0290602 0
0 7044 phononL 0.004 -2.36974 -2.073 -0.0355638 0
0 7045 phononL 0.004 2.09585 1.82206 0.00262564 0
0 7046 phononL 0.004 -1.85446 -0.707805 -0.0309561 0
0 7047 phononL 0.004 2.52527 -0.635861 0.00559145 0
0 7048 phononL 0.004 -0.385888 1.23922 -0.0239717 0
0 7049 phononL 0.004 -1.76855 -0.122188 -0.00804714 0
0 7050 phononL 0.004 1.57167 -1.81129 0.0114888 0
0 7051 phononL 0.004 0.832531 2.27146 0.0258767 0
0 7052 phononL 0.004 2.4926 1.92011 0.0276408 0
0 7053 phononL 0.004 2.17397 -0.281274 -0.0343718 0
0 7054 phononL 0.004 -2.86496 -0.523393 -0.00798907 0
0 7055 phononL 0.004 1.48981 1.70011 -0.00532085 0
0 7056 phononL 0.004 -1.46221 -1.01222 0.0359756 0
0 7057 phononL 0.004 1.87303 -1.97893 -0.034799 0
0 7058 phononL 0.004 1.4217 -0.676402 0.00743503 0
0 7059 phononL 0.004 0.216724 -0.893503 0.00425001 0
0 7060 phononL 0.004 -0.696301 0.205143 0.0292641 0
0 7061 phononL 0.004 -2.26928 -1.62646 0.0102811 0
0 7062 phononL 0.004 0.0806416 -2.01873 0.00615062 0
0 7063 phononL 0.004 -2.49506 2.70121 -0.00437786 0
0 7064 phononL 0.004 -0.893986 2.10159 0.0349673 0
0 7065 phononL 0.004 1.7206 -1.32887 0.0345959 0
0 7066 phononL 0.004 2.47261 2.3624 0.0361132 0
0 7067 phononL 0.004 0.827484 -2.09656 0.0107387 0
0 7068 phononL 0.004 2.78084 -1.43781 0.0266392 0
0 7069 phononL 0.004 -2.34702 2.01921 0.0369437 0
0 7070 phononL 0.004 2.03349 1.48062 0.0326605 0
0 7071 phononL 0.004 -2.58333 1.20135 0.0300879 0
0 7072 phononL 0.004 -1.52299 -2.21534 0.0353845 0
0 7073 phononL 0.004 -0.18223 -1.17063 0.0220966 0
0 7074 phononL 0.004 -0.708972 -2.00909 0.0215709 0
0 7075 phononL 0.004 2.04484 -2.02465 -0.02988 0
0 7076 phononL 0.004 -0.684375 -2.63813 0.0189034 0
0 7077 phononL 0.004 -2.64028 -0.967531 -0.0291347 0
0 7078 phononL 0.004 0.718726 -1.62009 -0.0228997 0
0 7079 phononL 0.004 2.0974 0.408333 0.0187105 0
0 7080 phononL 0.004 2.51387 -2.18709 0.0221319 0
0 7081 phononL 0.004 0.512164 1.83861 0.022965 0
0 7082 phononL 0.004 -1.94549 -1.75767 -0.0276368 0
0 7083 phononL 0.004 1.92195 0.303001 0.00626067 0
0 7084 phononL 0.004 0.8955 1.16394 0.0329692 0
0 7085 phononL 0.004 0.905266 1.54343 0.0252554 0
0 7086 phononL 0.004 -0.721217 1.82057 -0.0250153 0
0 7087 phononL 0.004 2.12444 0.890747 0.0282842 0
0 7088 phononL 0.004 0.806746 1.59661 -0.0231071 0
0 7089 phononL 0.004 1.15904 -0.183505 -0.0126721 0
0 7090 phononL 0.004 -2.80076 -1.90645 -0.00815877 0
0 7091 phononL 0.004 -2.41518 -1.46247 -0.0265665 0
0 7092 phononL 0.004 -1.07885 0.815606 0.0224131 0
0 7093 phononL 0.004 1.23957 2.59255 -0.00862891 0
0 7094 phononL 0.004 1.51373 -2.73645 -0.00416541 0
0 7095 phononL 0.004 -2.51834 -2.13564 0.0089785 0
0 7096 phononL 0.004 -1.74332 1.27904 0.0115588 0
0 7097 phononL 0.004 -2.87483 -2.64852 -0.00872415 0
0 7098 phononL 0.004 0.515858 1.68479 -0.0210533 0
0 7099 phononL 0.004 2.65482 -1.63706 0.00721736 0
0 7100 phononL 0.004 1.78505 2.71277 -0.0333553 0
0 7101 phononL 0.004 0.669903 0.546205 0.0377685 0
0 7102 phononL 0.004 -0.257451 -2.06153 -0.0311802 0
0 7103 phononL 0.004 -0.786964 -0.239808 0.0252235 0
0 7104 phononL 0.004 0.394573 0.599681 0.0297772 0
0 7105 phononL 0.004 1.39425 0.325385 -0.0122859 0
0 7106 phononL 0.004 1.62699 -0.613748 -0.0330182 0
0 7107 phononL 0.004 1.07121 2.52163 -0.0220948 0
0 7108 phononL 0.004 -0.842063 2.54899 0.0184324 0
0 7109 phononL 0.004 0.477647 2.19777 0.0214056 0
0 7110 phononL 0.004 -2.44652 2.69497 -0.0289361 0
0 7111 phononL 0.004 -0.234829 -2.83551 -0.00491655 0
0 7112 phononL 0.004 0.339739 -0.354648 -0.0328649 0
0 7113 phononL 0.004 2.17971 0.563166 0.0344893 0
0 7114 phononL 0.004 0.54619 1.09821 -0.0281511 0
0 7115 phononL 0.004 -0.972005 -0.694448 0.0207532 0
0 7116 phononL 0.004 0.8912 0.983539 0.00270293 0
0 7117 phononL 0.004 -1.40358 -1.87265 -0.000672177 0
0 7118 phononL 0.004 0.352303 -0.0896903 -0.00369001 0
0 7119 phononL 0.004 -2.61583 1.79105 -0.0206003 0
0 7120 phononL 0.004 -1.48553 -0.766457 0.0226251 0
0 7121 phononL 0.004 0.163548 -0.124092 -0.0327377 0
0 7122 phononL 0.004 -2.22662 -1.80585 -0.00791188 0
0 7123 phononL 0.004 -0.818958 -0.357135 0.00266117 0
0 7124 phononL 0.004 -0.289173 1.08094 -0.00140357 0
0 7125 phononL 0.004 0.436581 2.28557 -0.0336031 0
0 7126 phononL 0.004 1.61811 -0.0531571 0.00167379 0
0 7127 phononL 0.004 -0.971084 1.17474 -0.0332501 0
0 7128 phononL 0.004 -0.522167 2.85339 0.0289017 0
0 7129 phononL 0.004 -1.5135 0.31006 -0.0342219 0
0 7130 phononL 0.004 -0.785986 -0.0433953 0.0397222 0
0 7131 phononL 0.004 1.48129 -2.43197 0.0111426 0
0 7132 phononL 0.004 -0.612864 -0.726771 -0.0246065 0
0 7133 phononL 0.004 0.305852 -0.0902941 -0.0130974 0
0 7134 phononL 0.004 -0.889218 0.814674 0.0314613 0
0 7135 phononL 0.004 -2.66436 0.365338 0.0388789 0
0 7136 phononL 0.004 -1.97882 2.05852 -0.0223644 0
0 7137 phononL 0.004 -2.64324 -0.594156 -0.0376849 0
0 7138 phononL 0.004 -0.139123 0.148877 -0.0134548 0
0 7139 phononL 0.004 1.71617 0.676838 0.0089839 0
0 7140 phononL 0.004 -1.43164 -1.51564 -0.0374895 0
0 7141 phononL 0.004 1.73645 -1.58095 0.0380265 0
0 7142 phononL 0.004 -0.357516 -2.26596 -0.0176099 0
0 7143 phononL 0.004 0.964516 1.43586 -0.0286389 0
0 7144 phononL 0.004 -0.189888 0.515292 -0.0352882 0
0 7145 phononL 0.004 2.85477 2.83635 -0.0163404 0
0 7146 phononL 0.004 -1.75758 1.94221 -0.013137 0
0 7147 phononL 0.004 -1.03085 2.2866 0.0166587 0
0 7148 phononL 0.004 2.61112 -1.71846 0.019705 0
0 7149 phononL 0.004 1.24571 -0.921753 0.0305564 0
0 7150 phononL 0.004 -2.29689 0.294768 0.0194816 0
0 7151 phononL 0.004 0.576709 1.46562 -0.0397036 0
0 7152 phononL 0.004 2.62102 -2.218 0.0396348 0
0 7153 phononL 0.004 2.71844 -0.300143 -0.0325202 0
0 7154 phononL 0.004 0.695652 -2.45746 0.0347633 0
0 7155 phononL 0.004 2.45104 1.3011 -0.0230884 0
0 7156 phononL 0.004 -2.61238 -0.0897964 0.0221365 0
0 7157 phononL 0.004 -0.543361 0.135907 0.0282809 0
0 7158 phononL 0.004 2.64336 1.06104 0.0136037 0
0 7159 phononL 0.004 -0.472929 -0.0855422 -0.0273012 0
0 7160 phononL 0.004 2.30148 -1.91543 0.0177055 0
0 7161 phononL 0.004 -2.29425 -2.74995 -0.00927682 0
0 7162 phononL 0.004 -1.12772 -1.92782 -0.0300454 0
0 7163 phononL 0.004 -1.72919 -2.64138 -0.0167497 0
0 7164 phononL 0.004 -1.3865 -2.1984 0.0106094 0
0 7165 phononL 0.004 1.97025 -2.69005 -0.0315919 0
0 7166 phononL 0.004 2.83366 -0.647017 -0.026717 0
0 7167 phononL 0.004 2.10684 -0.471036 -0.0366163 0
0 7168 phononL 0.004 -0.650875 -1.74701 0.0159374 0
0 7169 phononL 0.004 -2.82549 1.54955 -0.0109061 0
0 7170 phononL 0.004 1.24386 1.47646 0.00497118 0
0 7171 phononL 0.004 0.00843616 -0.65331 0.000285803 0
0 7172 phononL 0.004 2.54533 -1.07499 0.0248477 0
0 7173 phononL 0.004 -1.31152 -2.13528 -0.0121199 0
0 7174 phononL 0.004 -1.94144 -1.13538 -0.0325794 0
0 7175 phononL 0.004 -0.936301 -1.99802 -0.00575637 0
0 7176 phononL 0.004 1.79789 -2.28769 -0.0124653 0
0 7177 phononL 0.004 -0.124813 -2.00922 -0.0167689 0
0 7178 phononL 0.004 -2.72217 1.81234 0.0378775 0
0 7179 phononL 0.004 -0.384805 2.5381 -0.0294448 0
0 7180 phononL 0.004 2.55747 -1.09485 0.0207158 0
0 7181 phononL 0.004 1.78765 1.81952 0.00608797 0
0 7182 phononL 0.004 1.38863 -0.673941 0.025308 0
0 7183 phononL 0.004 1.47996 1.43125 -0.000182442 0
0 7184 phononL 0.004 1.6313 0.668581 0.0117465 0
0 7185 phononL 0.004 -0.0939334 -0.993872 0.0388713 0
0 7186 phononL 0.004 0.531377 -0.707894 0.0191927 0
0 7187 phononL 0.004 0.713315 -1.04082 0.00588314 0
0 7188 phononL 0.004 -1.68518 2.05164 -0.00346023 0
0 7189 phononL 0.004 2.78018 0.879145 0.00600305 0
0 7190 phononL 0.004 -2.43207 0.307791 -0.0119697 0
0 7191 phononL 0.004 -2.31311 0.904478 0.0298169 0
0 7192 phononL 0.004 0.55039 0.275307 0.0250749 0
0 7193 phononL 0.004 1.26732 -2.73629 0.00682737 0
0 7194 phononL 0.004 1.57606 -0.449373 0.0388902 0
0 7195 phononL 0.004 -2.05943 -0.276044 -0.00447442 0
0 7196 phononL 0.004 0.739747 -1.46253 0.0218102 0
0 7197 phononL 0.004 0.681114 -1.80459 -0.0271298 0
0 7198 phononL 0.004 -0.933966 -1.48513 -0.0226316 0
0 7199 phononL 0.004 1.49095 -1.90748 0.00922494 0
0 7200 phononL 0.004 2.79866 -1.03667 0.0143482 0
0 7201 phononL 0.004 1.36752 0.473715 0.0333089 0
0 7202 phononL 0.004 -2.41206 2.6462 -0.0179868 0
0 7203 phononL 0.004 -2.15987 -1.55588 -0.013959 0
0 7204 phononL 0.004 2.4887 -2.76513 -0.026499 0
0 7205 phononL 0.004 0.496025 -2.03715 0.00681252 0
0 7206 phononL 0.004 2.88554 -2.81439 0.0128138 0
0 7207 phononL 0.004 0.0413126 0.642255 0.0221139 0
0 7208 phononL 0.004 2.63781 -2.46673 0.0113369 0
0 7209 phononL 0.004 -0.924258 2.17826 -0.0372627 0
0 7210 phononL 0.004 -0.0728798 -0.142551 0.0349131 0
0 7211 phononL 0.004 1.00477 -0.623605 0.0123305 0
0 7212 phononL 0.004 1.94659 -2.38363 0.010113 0
0 7213 phononL 0.004 0.759298 -1.20278 -0.0122238 0
0 7214 phononL 0.004 0.733004 1.77507 -0.0141123 0
0 7215 phononL 0.004 -0.790906 2.03317 0.0129616 0
0 7216 phononL 0.004 -1.50554 2.87909 0.0225401 0
0 7217 phononL 0.004 -1.01879 -1.17221 -0.0384756 0
0 7218 phononL 0.004 1.75197 -2.45928 0.0316478 0
0 7219 phononL 0.004 2.49386 2.41738 -0.0166547 0
0 7220 phononL 0.004 0.202126 -2.82847 -0.0373285 0
0 7221 phononL 0.004 1.22057 0.621874 -0.00234954 0
0 7222 phononL 0.004 -0.793674 1.48811 0.036281 0
0 7223 phononL 0.004 -0.536941 -1.45663 0.0336536 0
0 7224 phononL 0.004 0.0915194 -2.82036 0.0357905 0
0 7225 phononL 0.004 0.422127 -0.364998 0.000969848 0
0 7226 phononL 0.004 -2.21372 1.15827 0.0192604 0
0 7227 phononL 0.004 0.477678 1.37982 -0.0196751 0
0 7228 phononL 0.004 2.2044 -0.463757 0.0128863 0
0 7229 phononL 0.004 -2.75157 0.0777854 -0.00428691 0
0 7230 phononL 0.004 1.48572 0.650482 -0.0331113 0
0 7231 phononL 0.004 0.490577 -1.41315 -0.0293886 0
0 7232 phononL 0.004 2.42384 1.52176 -0.0329934 0
0 7233 phononL 0.004 1.31291 1.756 0.00754062 0
0 7234 phononL 0.004 2.77265 1.98476 -0.0216251 0
0 7235 phononL 0.004 2.01939 2.15643 -0.0235898 0
0 7236 phononL 0.004 1.92245 -2.58559 -0.00789367 0
0 7237 phononL 0.004 0.318439 -1.94304 0.0210206 0
0 7238 phononL 0.004 -2.35155 0.919369 -0.00490636 0
0 7239 phononL 0.004 0.478213 0.613289 -0.0178645 0
0 7240 phononL 0.004 -1.48432 -0.709193 0.00115248 0
0 7241 phononL 0.004 1.26945 0.320804 -0.0323937 0
0 7242 phononL 0.004 1.4979 1.7277 0.0109278 0
0 7243 phononL 0.004 1.81213 -1.98219 0.012351 0
0 7244 phononL 0.004 -1.298 2.80578 -0.00382363 0
0 7245 phononL 0.004 2.47478 2.10106 0.0392567 0
0 7246 phononL 0.004 0.336079 -2.055 0.0268447 0
0 7247 phononL 0.004 0.730297 -2.6782 -0.0284678 0
0 7248 phononL 0.004 2.77586 -1.27842 0.00329854 0
0 7249 phononL 0.004 1.55301 -2.74875 0.0203929 0
0 7250 phononL 0.004 0.892648 -1.13346 -0.038116 0
0 7251 phononL 0.004 -1.19864 -2.09809 -0.0215327 0
0 7252 phononL 0.004 -0.649322 0.45402 -0.0249016 0
0 7253 phononL 0.004 -2.057 1.5927 0.0357759 0
0 7254 phononL 0.004 -1.20199 0.389933 0.0209546 0
0 7255 phononL 0.004 0.390981 2.86003 0.0389054 0
0 7256 phononL 0.004 -0.0735946 -0.529346 0.00966287 0
0 7257 phononL 0.004 -2.03844 2.63968 0.00559986 0
0 7258 phononL 0.004 2.44735 -2.82715 -0.0274455 0
0 7259 phononL 0.004 -0.00843506 -2.09114 -0.0240109 0
0 7260 phononL 0.004 -2.10522 0.711791 -0.0144382 0
0 7261 phononL 0.004 -1.10301 -2.77962 -0.0118409 0
0 7262 phononL 0.004 1.04467 1.34145 -0.0221996 0
0 7263 phononL 0.004 2.43007 -1.1849 0.0107685 0
0 7264 phononL 0.004 -1.73233 -1.69908 -0.0162714 0
0 7265 phononL 0.004 -0.439839 0.551608 -0.00343874 0
0 7266 phononL 0.004 -2.00661 -2.10201 -0.0127611 0
0 7267 phononL 0.004 0.985531 -1.57418 0.0161941 0
0 7268 phononL 0.004 1.90571 1.97978 0.00676212 0
0 7269 phononL 0.004 -2.02826 -2.62316 -0.024867 0
0 7270 phononL 0.004 1.34474 2.50208 -0.0150703 0
0 7271 phononL 0.004 2.06314 2.7715 0.0114633 0
0 7272 phononL 0.004 -0.789199 -2.57488 -0.00498521 0
0 7273 phononL 0.004 1.51563 -0.812968 0.0151977 0
0 7274 phononL 0.004 2.53868 2.66369 0.0176947 0
0 7275 phononL 0.004 2.05627 -0.814768 0.0289157 0
0 7276 phononL 0.004 -1.1287 0.947414 -0.022927 0
0 7277 phononL 0.004 0.470563 -2.38002 -0.00881524 0
0 7278 phononL 0.004 -0.353121 0.709306 -0.0143041 0
0 7279 phononL 0.004 0.832039 -2.06909 -0.0175927 0
0 7280 phononL 0.004 0.91765 0.110578 -0.0320816 0
0 7281 phononL 0.004 0.279777 -2.01269 0.013833 0
0 7282 phononL 0.004 -1.91141 -2.43165 -0.00561535 0
0 7283 phononL 0.004 -0.271676 -0.364193 -0.0256382 0
0 7284 phononL 0.004 -2.70625 -0.529056 0.0353391 0
0 7285 phononL 0.004 1.9391 -2.76403 -0.00489316 0
0 7286 phononL 0.004 2.73038 0.260043 -0.0192216 0
0 7287 phononL 0.004 -1.52176 -0.51722 0.0301112 0
0 7288 phononL 0.004 -0.00707909 -1.14983 0.0366252 0
0 7289 phononL 0.004 2.60147 0.154222 -0.0169077 0
0 7290 phononL 0.004 1.12496 -2.43049 -0.0370717 0
0 7291 phononL 0.004 0.446305 0.912597 -0.0396866 0
0 7292 phononL 0.004 -2.40534 -1.64942 0.0229566 0
0 7293 phononL 0.004 -0.139291 -1.67833 0.0169323 0
0 7294 phononL 0.004 -0.627304 -1.8425 0.033198 0
0 7295 phononL 0.004 -1.74029 -1.52448 -0.0137224 0
0 7296 phononL 0.004 -2.47819 2.58565 0.0161593 0
0 7297 phononL 0.004 -2.77679 -2.71383 -0.0148473 0
0 7298 phononL 0.004 -1.50814 0.33943 0.0131833 0
0 7299 phononL 0.004 -0.547281 1.6915 0.0151207 0
0 7300 phononL 0.004 0.960036 -1.53586 0.0369745 0
0 7301 phononL 0.004 -1.92701 0.815053 0.00907618 0
0 7302 phononL 0.004 -1.83566 0.771924 0.0336891 0
0 7303 phononL 0.004 0.904906 0.0518424 0.0273121 0
0 7304 phononL 0.004 1.96741 0.474463 -0.0178484 0
0 7305 phononL 0.004 -1.79215 -2.45377 0.0142375 0
0 7306 phononL 0.004 -0.271299 0.726278 -0.0163683 0
0 7307 phononL 0.004 -1.9619 -0.922698 -0.00698412 0
0 7308 phononL 0.004 1.76722 -2.62182 0.0233458 0
0 7309 phononL 0.004 -0.571721 -2.49736 0.0211899 0
0 7310 phononL 0.004 1.98929 -1.84737 0.00247908 0
0 7311 phononL 0.004 -2.5652 -0.493228 -0.0225239 0
0 7312 phononL 0.004 -2.47191 2.1746 0.00534471 0
0 7313 phononL 0.004 0.891115 0.907305 -0.0201313 0
0 7314 phononL 0.004 -0.548251 1.10784 0.0371946 0
0 7315 phononL 0.004 1.72751 -2.54835 0.0316696 0
0 7316 phononL 0.004 0.79554 2.27511 -0.017601 0
0 7317 phononL 0.004 0.191286 -2.23188 -0.0166785 0
0 7318 phononL 0.004 1.08579 -1.07522 -0.0220985 0
0 7319 phononL 0.004 -0.142168 -2.34134 -0.0312649 0
0 7320 phononL 0.004 1.02335 0.0765248 -0.0031043 0
0 7321 phononL 0.004 -0.583665 1.57293 -0.0350849 0
0 7322 phononL 0.004 0.190351 -0.815668 0.0175081 0
0 7323 phononL 0.004 0.0275841 -2.52054 0.0160038 0
0 7324 phononL 0.004 -1.74155 -2.3696 0.0168004 0
0 7325 phononL 0.004 -0.384048 -2.31535 0.000374337 0
0 7326 phononL 0.004 0.282766 2.17219 -0.0396279 0
0 7327 phononL 0.004 -0.0304027 1.63651 -0.0140624 0
0 7328 phononL 0.004 1.42649 0.696891 0.0184126 0
0 7329 phononL 0.004 -1.2492 0.0468406 -0.0297323 0
0 7330 phononL 0.004 2.17975 -2.59983 0.0182367 0
0 7331 phononL 0.004 2.04072 -2.80407 0.0281992 0
0 7332 phononL 0.004 -1.07351 2.78988 0.000442344 0
0 7333 phononL 0.004 0.608964 0.507405 -0.016407 0
0 7334 phononL 0.004 -1.03718 -0.0599772 0.028617 0
0 7335 phononL 0.004 -2.48007 2.65972 0.035755 0
0 7336 phononL 0.004 -0.865461 0.902959 0.00618683 0
0 7337 phononL 0.004 2.27028 -1.20042 -0.0166516 0
0 7338 phononL 0.004 -0.287548 -0.55577 0.0170768 0
0 7339 phononL 0.004 -0.445188 -2.29479 0.00582291 0
0 7340 phononL 0.004 0.570591 -1.06839 0.0048081 0
0 7341 phononL 0.004 -1.1944 2.19918 -0.00468438 0
0 7342 phononL 0.004 1.84677 0.482346 -0.0324679 0
0 7343 phononL 0.004 0.923557 0.0362984 -0.00119428 0
0 7344 phononL 0.004 -0.209012 -1.49055 -0.00869175 0
0 7345 phononL 0.004 2.63498 -1.69932 -0.0242452 0
0 7346 phononL 0.004 -0.0130499 -1.63849 -0.0302087 0
0 7347 phononL 0.004 -2.759 -1.98694 -0.0232714 0
0 7348 phononL 0.004 -2.44037 -0.257787 -0.013554 0
0 7349 phononL 0.004 -1.70286 0.669213 -0.023259 0
0 7350 phononL 0.004 -0.386369 -0.70517 -0.00271578 0
0 7351 phononL 0.004 1.98311 2.28985 0.0294647 0
0 7352 phononL 0.004 0.141929 1.01159 -0.02624 0
0 7353 phononL 0.004 -0.873116 -0.152288 0.0022122 0
0 7354 phononL 0.004 0.807417 -1.12675 -0.0064335 0
0 7355 phononL 0.004 -2.23651 -2.3258 0.00349037 0
0 7356 phononL 0.004 -1.75593 2.45041 -0.0301778 0
0 7357 phononL 0.004 0.928048 2.79073 -0.0136794 0
0 7358 phononL 0.004 -0.428805 0.782644 -0.025823 0
0 7359 phononL 0.004 -0.934492 1.0121 0.0103797 0
0 7360 phononL 0.004 -2.33954 -0.631044 0.0102803 0
0 7361 phononL 0.004 0.672164 2.15113 -0.0143544 0
0 7362 phononL 0.004 0.437344 -1.24091 0.0377124 0
0 7363 phononL 0.004 -0.660175 0.0855238 -0.00733332 0
0 7364 phononL 0.004 -2.7411 -0.804721 -0.0181812 0
0 7365 phononL 0.004 1.24676 0.780905 -0.0308998 0
0 7366 phononL 0.004 -0.510729 1.92439 -0.0170275 0
0 7367 phononL 0.004 2.02136 -2.87843 0.0100412 0
0 7368 phononL 0.004 2.7223 -2.66259 0.0116896 0
0 7369 phononL 0.004 -1.76401 -0.47962 -0.0127354 0
0 7370 phononL 0.004 -0.201887 -1.84896 -0.00863168 0
0 7371 phononL 0.004 0.802902 -2.8026 0.0308219 0
0 7372 phononL 0.004 -2.27122 2.28219 0.00703151 0
0 7373 phononL 0.004 0.764565 -2.51061 0.026627 0
0 7374 phononL 0.004 -1.79951 2.5809 -0.0379307 0
0 7375 phononL 0.004 1.85462 -2.54315 0.0198344 0
0 7376 phononL 0.004 -0.740694 2.34536 -0.00349918 0
0 7377 phononL 0.004 -1.40854 -1.28757 0.00113013 0
0 7378 phononL 0.004 -1.53578 -2.66284 0.00473477 0
0 7379 phononL 0.004 1.16415 -1.06158 0.0230123 0
0 7380 phononL 0.004 -0.363529 0.259456 -0.011898 0
0 7381 phononL 0.004 0.49233 -0.861472 -0.027214 0
0 7382 phononL 0.004 -2.71049 -2.03998 -0.0209904 0
0 7383 phononL 0.004 -1.95916 2.74186 0.0148158 0
0 7384 phononL 0.004 -2.82967 -1.61286 -0.00624292 0
0 7385 phononL 0.004 2.8077 0.452054 -0.033043 0
0 7386 phononL 0.004 -0.439024 0.108511 -0.0250152 0
0 7387 phononL 0.004 2.24563 2.23546 0.036199 0
0 7388 phononL 0.004 0.325403 -2.85585 0.00508142 0
0 7389 phononL 0.004 -0.927711 0.96985 -0.0211514 0
0 7390 phononL 0.004 -2.48676 1.2232 0.0102376 0
0 7391 phononL 0.004 -1.19717 1.87689 -0.0287443 0
0 7392 phononL 0.004 1.81631 -2.34924 -0.0149401 0
0 7393 phononL 0.004 -0.588998 -1.27044 0.0227438 0
0 7394 phononL 0.004 0.419237 -1.6609 -0.0126735 0
0 7395 phononL 0.004 -2.84101 1.2133 0.00845109 0
0 7396 phononL 0.004 1.89257 1.59054 0.029068 0
0 7397 phononL 0.004 2.72824 2.56744 -0.0353814 0
0 7398 phononL 0.004 0.903569 0.726788 -0.0104908 0
0 7399 phononL 0.004 -0.642323 1.21004 0.00498813 0
0 7400 phononL 0.004 -1.58697 -0.982379 -0.0122456 0
0 7401 phononL 0.004 2.48881 -1.97181 -0.0337688 0
0 7402 phononL 0.004 0.903734 -0.61112 0.0312852 0
0 7403 phononL 0.004 1.1599 2.57254 0.0366143 0
0 7404 phononL 0.004 1.47307 1.00304 -0.039287 0
0 7405 phononL 0.004 -0.52685 -2.58815 -0.0273943 0
0 7406 phononL 0.004 -1.54524 -0.876734 -0.0198958 0
0 7407 phononL 0.004 2.83131 0.037215 -0.0327907 0
0 7408 phononL 0.004 -2.34695 1.65575 -0.0267792 0
0 7409 phononL 0.004 0.302859 -2.79897 -0.0377084 0
0 7410 phononL 0.004 -2.58631 -2.73953 0.0383863 0
0 7411 phononL 0.004 0.897082 -1.00573 -0.0195656 0
0 7412 phononL 0.004 1.74985 -1.60285 0.00795438 0
0 7413 phononL 0.004 -2.30889 2.11665 -0.010427 0
0 7414 phononL 0.004 0.860799 -1.45702 0.0152794 0
0 7415 phononL 0.004 0.461516 -0.0486876 -0.0278102 0
0 7416 phononL 0.004 0.639149 2.58322 -0.00723712 0
0 7417 phononL 0.004 2.35331 -0.0811378 0.0106148 0
0 7418 phononL 0.004 0.954263 0.250444 -0.0242554 0
0 7419 phononL 0.004 -1.50129 -1.18429 0.017576 0
0 7420 phononL 0.004 2.62516 1.90236 -0.0391717 0
0 7421 phononL 0.004 1.82357 1.98353 -0.0283456 0
0 7422 phononL 0.004 -2.81394 -2.24788 0.0332419 0
0 7423 phononL 0.004 -0.691239 0.784469 -0.0249623 0
0 7424 phononL 0.004 2.29226 -0.143661 -0.0134 0
0 7425 phononL 0.004 0.775771 -1.39506 -0.0124241 0
0 7426 phononL 0.004 1.46397 -1.59643 0.0129833 0
0 7427 phononL 0.004 -2.33235 0.426233 0.000504824 0
0 7428 phononL 0.004 -1.59763 2.28478 -0.00357719 0
0 7429 phononL 0.004 0.877432 2.53218 -0.0363972 0
0 7430 phononL 0.004 1.57406 -1.67723 0.0231736 0
0 7431 phononL 0.004 -1.49606 -1.18379 -0.0188093 0
0 7432 phononL 0.004 1.19548 -2.16144 0.010389 0
0 7433 phononL 0.004 2.03131 1.61779 0.0358082 0
0 7434 phononL 0.004 -1.38814 0.588866 -0.0222555 0
0 7435 phononL 0.004 -0.186776 -0.70555 0.0137474 0
0 7436 phononL 0.004 -0.686492 -0.775347 -0.0103682 0
0 7437 phononL 0.004 0.564113 1.56255 -0.0366372 0
0 7438 phononL 0.004 -1.64794 -2.44301 0.0114365 0
0 7439 phononL 0.004 -0.99559 -1.09096 0.023046 0
0 7440 phononL 0.004 -2.6232 -0.0279824 0.0174843 0
0 7441 phononL 0.004 1.98742 -1.50303 0.0292947 0
0 7442 phononL 0.004 -2.23804 -1.95051 0.000207569 0
0 7443 phononL 0.004 1.52047 -2.21054 -0.0216737 0
0 7444 phononL 0.004 0.203913 -1.25778 -0.0245521 0
0 7445 phononL 0.004 2.69205 0.251273 -0.00063648 0
0 7446 phononL 0.004 2.88125 0.478815 0.0277828 0
0 7447 phononL 0.004 1.68512 -2.57839 0.0362494 0
0 7448 phononL 0.004 2.26183 -0.106776 -0.00584486 0
0 7449 phononL 0.004 2.01673 2.85369 0.00599564 0
0 7450 phononL 0.004 -1.00691 1.70954 0.0397341 0
0 7451 phononL 0.004 -2.20101 2.77445 -0.0206633 0
0 7452 phononL 0.004 -0.289054 0.832133 -0.00808118 0
0 7453 phononL 0.004 -0.687999 2.74198 0.022623 0
0 7454 phononL 0.004 -1.165 -1.82688 0.00254408 0
0 7455 phononL 0.004 -1.51366 0.107877 -0.0190736 0
0 7456 phononL 0.004 -0.302245 -0.665968 0.00915652 0
0 7457 phononL 0.004 2.68273 1.95072 0.0259719 0
0 7458 phononL 0.004 2.50031 -0.929933 0.0214217 0
0 7459 phononL 0.004 2.714 0.928389 0.0273144 0
0 7460 phononL 0.004 -2.36747 -0.545911 -0.0398454 0
0 7461 phononL 0.004 -2.03521 0.33525 -0.0217818 0
0 7462 phononL 0.004 1.10759 2.84423 -0.0212611 0
0 7463 phononL 0.004 0.32251 -2.42348 0.0271102 0
0 7464 phononL 0.004 1.136 -1.55906 -0.00394108 0
0 7465 phononL 0.004 2.04947 2.18387 0.0312876 0
0 7466 phononL 0.004 2.70602 2.55496 -0.0189928 0
0 7467 phononL 0.004 -2.10227 -2.78491 0.0230768 0
0 7468 phononL 0.004 1.35819 -1.14839 -0.0129117 0
0 7469 phononL 0.004 2.02004 -0.164148 -0.0146264 0
0 7470 phononL 0.004 2.43086 -1.72991 -0.0181648 0
0 7471 phononL 0.004 -0.0445341 -0.0222935 0.0324895 0
0 7472 phononL 0.004 -0.273834 0.471767 0.0311237 0
0 7473 phononL 0.004 1.03469 2.12275 -0.0162434 0
0 7474 phononL 0.004 -1.27436 0.978684 0.0108616 0
0 7475 phononL 0.004 1.30131 2.79822 0.0112147 0
0 7476 phononL 0.004 -2.41869 -2.07513 0.0102831 0
0 7477 phononL 0.004 0.742927 -0.177523 -0.0231897 0
0 7478 phononL 0.004 -1.37868 2.23225 -0.0302406 0
0 7479 phononL 0.004 -2.22432 2.78223 0.00428995 0
0 7480 phononL 0.004 -2.26302 0.0228537 -0.0158569 0
0 7481 phononL 0.004 2.51909 0.79193 0.00535975 0
0 7482 phononL 0.004 2.27113 -0.527697 0.019432 0
0 7483 phononL 0.004 -1.27533 1.06875 0.00952012 0
0 7484 phononL 0.004 -0.392035 -2.8514 0.0254237 0
0 7485 phononL 0.004 -1.05598 2.53935 0.024115 0
0 7486 phononL 0.004 -2.13853 -1.58253 -0.0356536 0
0 7487 phononL 0.004 -0.124494 2.00374 -0.013278 0
0 7488 phononL 0.004 1.48148 0.336824 -0.0247502 0
0 7489 phononL 0.004 -1.12119 0.752109 0.00467496 0
0 7490 phononL 0.004 0.161955 1.20923 -0.00179557 0
0 7491 phononL 0.004 -0.0556092 1.94809 0.0203325 0
0 7492 phononL 0.004 1.25461 0.441115 0.00679547 0
0 7493 phononL 0.004 -0.199902 2.54987 -0.0262964 0
0 7494 phononL 0.004 -1.47725 -2.6541 -0.0287936 0
0 7495 phononL 0.004 1.87093 0.585349 -0.0172538 0
0 7496 phononL 0.004 -2.2043 -0.134222 0.00982763 0
0 7497 phononL 0.004 -0.837853 -0.686459 0.0107441 0
0 7498 phononL 0.004 2.53413 1.33786 0.030635 0
0 7499 phononL 0.004 -2.28634 2.09713 -0.0157988 0
0 7500 phononL 0.004 1.67129 -1.62151 -0.00680296 0
0 7501 phononL 0.004 1.47153 -1.87299 -0.0188781 0
0 7502 phononL 0.004 0.641715 0.578427 -0.038207 0
0 7503 phononL 0.004 -2.3691 -1.19642 -0.0241035 0
0 7504 phononL 0.004 -2.78915 1.96245 -0.0379873 0
0 7505 phononL 0.004 -1.22646 1.4413 0.0312881 0
0 7506 phononL 0.004 2.74653 1.7183 -0.0275457 0
0 7507 phononL 0.004 2.63925 -1.25689 -0.0242782 0
0 7508 phononL 0.004 1.94551 -1.16922 -0.00697973 0
0 7509 phononL 0.004 -2.55932 2.37246 0.00730123 0
0 7510 phononL 0.004 2.61983 -1.47209 0.0100583 0
0 7511 phononL 0.004 -1.75339 0.0656836 -0.0309823 0
0 7512 phononL 0.004 -0.357107 -1.19152 0.0096144 0
0 7513 phononL 0.004 -2.38309 -0.796259 0.00197038 0
0 7514 phononL 0.004 -1.25864 2.73179 -0.0245119 0
0 7515 phononL 0.004 -0.465509 -2.62268 -0.0362708 0
0 7516 phononL 0.004 1.34037 -2.07332 0.0220025 0
0 7517 phononL 0.004 -2.6418 -0.199575 0.0271488 0
0 7518 phononL 0.004 -2.70624 1.48914 -0.0387433 0
0 7519 phononL 0.004 1.34703 1.49502 -0.0191054 0
0 7520 phononL 0.004 2.31819 1.6671 -0.0209542 0
0 7521 phononL 0.004 1.29373 -1.55819 -0.00854984 0
0 7522 phononL 0.004 0.652504 2.39135 0.0288694 0
0 7523 phononL 0.004 2.26366 1.6524 0.0254459 0
0 7524 phononL 0.004 0.103922 1.25426 0.0292019 0
0 7525 phononL 0.004 0.416165 -1.66126 -0.0172395 0
0 7526 phononL 0.004 1.09296 -0.355737 -0.0128629 0
0 7527 phononL 0.004 1.41384 -1.41307 -0.0392978 0
0 7528 phononL 0.004 1.79748 1.82745 0.00312328 0
0 7529 phononL 0.004 -1.34989 1.76569 0.00752081 0
0 7530 phononL 0.004 -2.34209 -1.92646 -0.0345843 0
0 7531 phononL 0.004 0.648996 -0.824852 -0.0291701 0
0 7532 phononL 0.004 -2.62225 0.708022 -0.000187142 0
0 7533 phononL 0.004 2.54803 2.62022 0.0228381 0
0 7534 phononL 0.004 -0.636966 1.60273 0.0149453 0
0 7535 phononL 0.004 1.32516 -1.52708 0.00446 0
0 7536 phononL 0.004 -0.417243 0.313745 0.00496446 0
0 7537 phononL 0.004 -2.77121 -1.79311 0.0339132 0
0 7538 phononL 0.004 -1.29242 1.10414 -0.020749 0
0 7539 phononL 0.004 0.162067 1.56148 -0.0196858 0
0 7540 phononL 0.004 0.665576 -0.248092 -0.00330217 0
0 7541 phononL 0.004 -2.85088 0.969054 -0.0359826 0
0 7542 phononL 0.004 2.17164 1.1689 -0.0363441 0
0 7543 phononL 0.004 -0.764392 -2.39973 -0.0178139 0
0 7544 phononL 0.004 0.164182 -0.268722 -0.0174838 0
0 7545 phononL 0.004 1.78773 -0.288245 -0.00442866 0
0 7546 phononL 0.004 2.39899 -1.87629 -0.0178291 0
0 7547 phononL 0.004 -2.02372 -0.734477 0.0154186 0
0 7548 phononL 0.004 -2.73356 0.512934 -0.0295556 0
0 7549 phononL 0.004 2.70175 -0.632585 0.0210038 0
0 7550 phononL 0.004 1.82532 1.61825 0.0280886 0
0 7551 phononL 0.004 -2.82659 2.14156 0.009046 0
0 7552 phononL 0.004 2.35665 -2.05424 0.0191307 0
0 7553 phononL 0.004 1.62898 -1.81702 -0.00418254 0
0 7554 phononL 0.004 -0.701387 0.148143 -0.00752744 0
0 7555 phononL 0.004 0.685479 1.75409 -0.00505491 0
0 7556 phononL 0.004 2.4535 -2.28169 0.0134686 0
0 7557 phononL 0.004 0.832865 -1.311 -0.0177306 0
0 7558 phononL 0.004 -0.497616 -2.26201 0.0327188 0
0 7559 phononL 0.004 -0.496951 0.350732 0.0243159 0
0 7560 phononL 0.004 -0.127707 1.79218 0.0199072 0
0 7561 phononL 0.004 -0.03842 1.5275 0.0244607 0
0 7562 phononL 0.004 1.99985 2.79478 0.00749301 0
0 7563 phononL 0.004 -0.345344 -2.80346 -0.0276662 0
0 7564 phononL 0.004 -1.77176 1.17161 0.0100228 0
0 7565 phononL 0.004 -1.38014 0.767044 -0.0354684 0
0 7566 phononL 0.004 -1.17526 1.33414 0.0109202 0
0 7567 phononL 0.004 1.20137 0.468488 0.0163331 0
0 7568 phononL 0.004 -1.73144 2.16322 -0.0086797 0
0 7569 phononL 0.004 0.202331 0.858546 -0.00544179 0
0 7570 phononL 0.004 1.51468 -0.74019 0.0268185 0
0 7571 phononL 0.004 -0.90016 0.629295 0.00810608 0
0 7572 phononL 0.004 1.09464 -0.831306 -0.0107553 0
0 7573 phononL 0.004 2.26392 -0.945559 0.0280831 0
0 7574 phononL 0.004 2.29466 -0.878502 0.0338713 0
0 7575 phononL 0.004 1.4005 -0.185669 0.036298 0
0 7576 phononL 0.004 2.3901 -2.87374 0.00136505 0
0 7577 phononL 0.004 -0.474351 0.357833 0.0205504 0
0 7578 phononL 0.004 -2.13958 -0.546857 0.000724533 0
0 7579 phononL 0.004 -1.98195 -0.448643 -0.0230095 0
0 7580 phononL 0.004 0.00257182 2.71531 0.015723 0
0 7581 phononL 0.004 -2.1481 0.458663 0.0371056 0
0 7582 phononL 0.004 -0.0971975 0.337544 0.0282312 0
0 7583 phononL 0.004 2.48197 2.87712 0.0145905 0
0 7584 phononL 0.004 1.41902 -1.70444 0.0112207 0
0 7585 phononL 0.004 -2.79845 -0.1909 -0.020747 0
0 7586 phononL 0.004 -1.67515 0.181688 0.0100292 0
0 7587 phononL 0.004 1.68467 0.0778559 0.0240227 0
0 7588 phononL 0.004 0.865232 -0.83776 0.00366463 0
0 7589 phononL 0.004 -2.22121 -0.593865 0.035084 0
0 7590 phononL 0.004 0.852702 -1.06339 -0.00167647 0
0 7591 phononL 0.004 2.44946 0.0422405 0.00304302 0
0 7592 phononL 0.004 2.80768 1.74084 -0.0290208 0
0 7593 phononL 0.004 -0.538413 1.44825 0.000694187 0
0 7594 phononL 0.004 -1.3783 1.3711 -0.0037151 0
0 7595 phononL 0.004 -0.157143 -1.30057 -0.0237008 0
0 7596 phononL 0.004 -1.99781 2.73862 -0.0306305 0
0 7597 phononL 0.004 2.06263 -2.55796 0.00398881 0
0 7598 phononL 0.004 -2.74225 1.42385 -0.025817 0
0 7599 phononL 0.004 -2.49833 1.69386 -0.00531241 0
0 7600 phononL 0.004 -1.52885 -1.67079 0.0320022 0
0 7601 phononL 0.004 -0.299582 1.24275 -0.00101733 0
0 7602 phononL 0.004 2.43567 -0.252437 0.0321087 0
0 7603 phononL 0.004 0.889169 0.822957 -0.0223129 0
0 7604 phononL 0.004 -0.167086 1.35342 -0.0230021 0
0 7605 phononL 0.004 1.63256 0.895543 0.00196292 0
0 7606 phononL 0.004 1.08804 1.28584 -0.0273035 0
0 7607 phononL 0.004 -1.33619 -1.48983 -0.0265356 0
0 7608 phononL 0.004 -1.03419 -1.61173 0.020864 0
0 7609 phononL 0.004 0.107465 2.77504 0.00851543 0
0 7610 phononL 0.004 -1.08695 -0.102401 -0.0353 0
0 7611 phononL 0.004 -1.56927 -2.31445 0.0257969 0
0 7612 phononL 0.004 -0.947375 0.18273 -0.0231003 0
0 7613 phononL 0.004 -0.534909 -1.28849 -0.00465212 0
0 7614 phononL 0.004 -1.08896 1.38033 -0.0125402 0
0 7615 phononL 0.004 -1.39318 -1.70583 0.00227063 0
0 7616 phononL 0.004 1.94839 -0.0557005 0.0160119 0
0 7617 phononL 0.004 0.669907 -1.99632 -0.0101374 0
0 7618 phononL 0.004 -1.10241 2.28743 -0.0158929 0
0 7619 phononL 0.004 2.16432 0.578392 -0.0201838 0
0 7620 phononL 0.004 -0.67583 2.41961 -0.0391149 0
0 7621 phononL 0.004 0.0650744 2.49527 0.0282404 0
0 7622 phononL 0.004 -2.60838 -1.02931 0.0365525 0
0 7623 phononL 0.004 -2.3789 2.76059 -0.0237112 0
0 7624 phononL 0.004 -1.23951 -1.71195 -0.00332462 0
0 7625 phononL 0.004 -1.00915 0.227606 -0.0131479 0
0 7626 phononL 0.004 -0.711519 2.39582 -0.021851 0
0 7627 phononL 0.004 -0.664909 0.108994 0.0394296 0
0 7628 phononL 0.004 -1.92235 -1.07937 -0.00933633 0
0 7629 phononL 0.004 2.31046 -2.63546 -0.0245728 0
0 7630 phononL 0.004 2.19921 -1.98674 0.00542326 0
0 7631 phononL 0.004 -0.0996376 1.2316 0.0368188 0
0 7632 phononL 0.004 0.392113 2.30683 -0.0367652 0
0 7633 phononL 0.004 -2.49069 -0.211356 0.00745651 0
0 7634 phononL 0.004 -2.24013 -0.784252 -0.0283521 0
0 7635 phononL 0.004 -0.697141 -0.0516174 -0.0343069 0
0 7636 phononL 0.004 -2.08496 -2.70424 -0.0334534 0
0 7637 phononL 0.004 -1.99854 -1.13194 -0.00350913 0
0 7638 phononL 0.004 0.593884 0.0542362 -0.00105785 0
0 7639 phononL 0.004 1.72179 -2.78519 -0.0134371 0
0 7640 phononL 0.004 -2.53749 1.72029 0.0312117 0
0 7641 phononL 0.004 0.902364 -0.535051 -0.0197277 0
0 7642 phononL 0.004 0.479444 -1.15882 -0.015497 0
0 7643 phononL 0.004 -1.26306 -2.73622 -0.00825995 0
0 7644 phononL 0.004 -0.384541 2.7574 0.0237387 0
0 7645 phononL 0.004 2.24952 -0.480937 -0.0389078 0
0 7646 phononL 0.004 -2.41181 -0.775075 -0.029094 0
0 7647 phononL 0.004 0.414352 0.628229 0.0199017 0
0 7648 phononL 0.004 0.30084 1.65607 -0.0316397 0
0 7649 phononL 0.004 -2.8105 -2.27468 -0.00831129 0
0 7650 phononL 0.004 -0.528307 0.972027 -0.0212425 0
0 7651 phononL 0.004 -1.7443 -1.53061 0.00612961 0
0 7652 phononL 0.004 2.87185 0.873974 0.0157895 0
0 7653 phononL 0.004 -2.55631 -2.14971 0.0313497 0
0 7654 phononL 0.004 1.37633 2.40678 0.0149474 0
0 7655 phononL 0.004 -0.432474 0.131098 0.0138748 0
0 7656 phononL 0.004 -2.7199 -1.96705 -0.0303938 0
0 7657 phononL 0.004 -0.207257 2.48272 0.0225121 0
0 7658 phononL 0.004 -2.04937 1.29988 0.0343494 0
0 7659 phononL 0.004 -0.640448 2.41431 -0.0176275 0
0 7660 phononL 0.004 -0.15811 1.73593 0.0196605 0
0 7661 phononL 0.004 -1.68256 0.558563 -0.0204169 0
0 7662 phononL 0.004 1.04326 -2.07967 0.0176742 0
0 7663 phononL 0.004 -1.30422 -1.8781 0.00697816 0
0 7664 phononL 0.004 1.62675 -1.80121 -0.0207359 0
0 7665 phononL 0.004 -2.11525 -0.885966 0.00650587 0
0 7666 phononL 0.004 2.12431 0.690294 0.019099 0
0 7667 phononL 0.004 -1.18944 0.97612 -0.0238499 0
0 7668 phononL 0.004 0.260902 1.41813 0.0373233 0
0 7669 phononL 0.004 0.682683 -2.59769 -0.0355294 0
0 7670 phononL 0.004 1.40902 2.62262 -0.0129352 0
0 7671 phononL 0.004 -0.367395 -0.599707 -0.012697 0
0 7672 phononL 0.004 -0.691138 2.19384 -0.0164961 0
0 7673 phononL 0.004 -2.80516 1.52515 0.0303071 0
0 7674 phononL 0.004 1.81618 -2.65323 -0.0176728 0
0 7675 phononL 0.004 1.43093 -0.209369 -0.0316679 0
0 7676 phononL 0.004 1.06971 0.449016 -0.0316603 0
0 7677 phononL 0.004 1.43357 2.1894 0.0245287 0
0 7678 phononL 0.004 2.76913 -0.175401 0.0230661 0
0 7679 phononL 0.004 -2.26313 -0.725924 0.024591 0
0 7680 phononL 0.004 2.59267 -1.94418 -0.0263476 0
0 7681 phononL 0.004 1.60044 -2.40531 0.00781904 0
0 7682 phononL 0.004 2.28765 -0.0435924 0.011766 0
0 7683 phononL 0.004 -0.096726 -1.30531 0.0302046 0
0 7684 phononL 0.004 0.14914 2.47146 -0.0211408 0
0 7685 phononL 0.004 -2.23901 2.83085 -0.00412268 0
0 7686 phononL 0.004 -0.12354 2.19226 0.00571093 0
0 7687 phononL 0.004 -1.83205 1.79116 0.0264142 0
0 7688 phononL 0.004 2.55495 -2.52548 -0.0169253 0
0 7689 phononL 0.004 0.704373 -0.810998 -0.0171559 0
0 7690 phononL 0.004 2.06644 -0.146868 -0.0172509 0
0 7691 phononL 0.004 2.83108 -2.15521 -0.024611 0
0 7692 phononL 0.004 0.577946 -2.05988 -0.0202909 0
0 7693 phononL 0.004 2.54255 -1.57087 -0.00283123 0
0 7694 phononL 0.004 -1.69195 0.179643 0.0321684 0
0 7695 phononL 0.004 -2.78261 -1.22133 -0.011912 0
0 7696 phononL 0.004 0.262265 -1.9414 -0.0310699 0
0 7697 phononL 0.004 -0.55812 -2.63357 0.0276827 0
0 7698 phononL 0.004 0.235658 -2.68044 0.0351038 0
0 7699 phononL 0.004 -0.0646935 -2.50359 0.0371819 0
0 7700 phononL 0.004 1.1116 0.735124 -0.00565688 0
0 7701 phononL 0.004 -1.14139 0.61153 0.0149568 0
0 7702 phononL 0.004 -2.28662 0.839303 -0.006418 0
0 7703 phononL 0.004 -1.06789 -0.554063 -0.000800708 0
0 7704 phononL 0.004 -1.18743 -0.614039 0.0216655 0
0 7705 phononL 0.004 -1.21212 -0.946273 -0.00471277 0
0 7706 phononL 0.004 1.57303 -2.08986 -0.0360304 0
0 7707 phononL 0.004 0.389548 -0.762839 -0.00541291 0
0 7708 phononL 0.004 -2.72199 1.49361 0.00910654 0
0 7709 phononL 0.004 -1.70571 2.5476 -0.030717 0
0 7710 phononL 0.004 -1.37761 1.41621 -0.00653813 0
0 7711 phononL 0.004 -1.30497 2.54934 -0.0143281 0
0 7712 phononL 0.004 0.604107 0.195594 0.011544 0
0 7713 phononL 0.004 0.942448 1.85722 -0.0346106 0
0 7714 phononL 0.004 2.41813 0.572497 -0.0352414 0
0 7715 phononL 0.004 -0.584777 -1.05774 0.0339491 0
0 7716 phononL 0.004 1.73557 2.78211 -0.0129717 0
0 7717 phononL 0.004 -0.661395 1.22225 -0.00212022 0
0 7718 phononL 0.004 -0.718311 -1.29903 -0.00857203 0
0 7719 phononL 0.004 1.45021 0.250507 -0.0214431 0
0 7720 phononL 0.004 0.926827 2.33261 0.0371948 0
0 7721 phononL 0.004 2.14505 1.61566 -0.00751845 0
0 7722 phononL 0.004 1.99382 -1.21986 -0.0109964 0
0 7723 phononL 0.004 -1.32461 0.630463 0.00881055 0
0 7724 phononL 0.004 0.759269 -0.209156 0.0328074 0
0 7725 phononL 0.004 0.470182 -2.5687 0.00866425 0
0 7726 phononL 0.004 -0.479305 -1.26968 -0.00793236 0
0 7727 phononL 0.004 -0.787703 -1.38744 0.0277156 0
0 7728 phononL 0.004 2.68081 -1.79801 -0.0364247 0
0 7729 phononL 0.004 1.94546 2.09419 0.0179826 0
0 7730 phononL 0.004 1.45535 2.35514 -0.00663845 0
0 7731 phononL 0.004 2.85678 0.379415 -0.00645392 0
0 7732 phononL 0.004 -0.13405 2.63593 -0.0304015 0
0 7733 phononL 0.004 -0.107145 -0.901209 0.0158706 0
0 7734 phononL 0.004 0.532104 1.00752 -0.0295697 0
0 7735 phononL 0.004 -2.27804 -0.177677 0.0222964 0
0 7736 phononL 0.004 -1.21501 -0.438206 -0.00696983 0
0 7737 phononL 0.004 -1.47184 1.58317 -0.0250332 0
0 7738 phononL 0.004 0.649577 -1.27784 0.0066367 0
0 7739 phononL 0.004 2.45973 1.06772 0.0222529 0
0 7740 phononL 0.004 -2.77975 -2.49863 -0.0268883 0
0 7741 phononL 0.004 -0.218701 0.0657057 0.0242804 0
0 7742 phononL 0.004 -1.76232 -1.60768 0.0355427 0
0 7743 phononL 0.004 0.609389 -0.546218 0.000223972 0
0 7744 phononL 0.004 2.33078 -1.86511 0.0340025 0
0 7745 phononL 0.004 2.0055 1.16764 -0.0329183 0
0 7746 phononL 0.004 -2.18721 2.71876 0.0158971 0
0 7747 phononL 0.004 -0.088658 1.95438 0.0129832 0
0 7748 phononL 0.004 1.8748 2.75742 -0.0343906 0
0 7749 phononL 0.004 -2.45897 2.79374 0.0316849 0
0 7750 phononL 0.004 2.44284 0.0491283 -0.0222649 0
0 7751 phononL 0.004 -0.421427 0.357365 0.00268556 0
0 7752 phononL 0.004 1.97592 1.31858 0.0240523 0
0 7753 phononL 0.004 0.914741 -2.53683 -0.0242723 0
0 7754 phononL 0.004 1.34598 -2.40699 -0.0241722 0
0 7755 phononL 0.004 0.079949 -2.4748 -0.00287502 0
0 7756 phononL 0.004 -0.126912 -2.77004 -0.0108516 0
0 7757 phononL 0.004 2.1609 0.314239 0.0316874 0
0 7758 phononL 0.004 -1.52516 -2.16752 0.00242255 0
0 7759 phononL 0.004 -1.97099 -0.14531 -0.0308637 0
0 7760 phononL 0.004 0.535526 1.52556 -0.00568121 0
0 7761 phononL 0.004 0.681712 -2.03177 -0.00561425 0
0 7762 phononL 0.004 1.07115 -1.48845 -0.0363137 0
0 7763 phononL 0.004 -1.16294 1.87201 0.0011208 0
0 7764 phononL 0.004 1.69554 2.02155 -0.0121848 0
0 7765 phononL 0.004 -2.65859 -0.753671 -0.00771049 0
0 7766 phononL 0.004 -2.14493 -2.24788 -0.0214453 0
0 7767 phononL 0.004 -0.184496 -1.04655 -0.00239964 0
0 7768 phononL 0.004 -1.49388 -2.06933 0.0285406 0
0 7769 phononL 0.004 1.28743 -1.2327 -0.00566086 0
0 7770 phononL 0.004 2.17937 0.0811028 -0.029704 0
0 7771 phononL 0.004 -1.24561 1.83048 0.0354034 0
0 7772 phononL 0.004 -1.42543 0.686465 0.0132631 0
0 7773 phononL 0.004 2.22332 0.591348 0.0243362 0
0 7774 phononL 0.004 -0.724445 -1.4957 -0.0198355 0
0 7775 phononL 0.004 -1.56159 0.108808 0.0197836 0
0 7776 phononL 0.004 -1.63698 0.525754 0.03996 0
0 7777 phononL 0.004 -1.26934 1.40343 -0.0227477 0
0 7778 phononL 0.004 -1.9074 1.25406 -0.0107457 0
0 7779 phononL 0.004 1.43294 -1.25799 -0.00516522 0
0 7780 phononL 0.004 -0.988222 1.1016 0.0345912 0
0 7781 phononL 0.004 -1.44899 0.236006 -0.0308719 0
0 7782 phononL 0.004 -0.240214 -2.80639 -0.024264 0
0 7783 phononL 0.004 -0.599074 -1.55839 0.0311436 0
0 7784 phononL 0.004 2.58743 1.52219 -0.0132043 0
0 7785 phononL 0.004 2.58366 -1.31171 -0.02335 0
0 7786 phononL 0.004 2.44126 -0.618937 -0.0224675 0
0 7787 phononL 0.004 1.44063 -2.32974 -0.0334585 0
0 7788 phononL 0.004 0.193276 1.96498 -0.0343922 0
0 7789 phononL 0.004 -1.66753 -0.456377 -0.0166568 0
0 7790 phononL 0.004 -1.79217 -2.10169 0.0349795 0
0 7791 phononL 0.004 -0.0716977 -2.20084 0.00606545 0
0 7792 phononL 0.004 0.29994 -0.198086 0.0385646 0
0 7793 phononL 0.004 0.544922 -2.5646 -0.0189153 0
0 7794 phononL 0.004 -2.88457 -0.699523 0.0333908 0
0 7795 phononL 0.004 -2.74173 -1.07208 0.0337555 0
0 7796 phononL 0.004 -2.86154 2.52617 0.0289845 0
0 7797 phononL 0.004 -1.61128 0.0783897 -0.0240742 0
0 7798 phononL 0.004 1.76778 -1.24249 -0.000994105 0
0 7799 phononL 0.004 0.52154 -0.903835 0.039876 0
0 7800 phononL 0.004 0.337068 -0.305977 -0.0217857 0
0 7801 phononL 0.004 1.98685 -2.64352 -0.036544 0
0 7802 phononL 0.004 -2.03774 -0.33127 -0.0321336 0
0 7803 phononL 0.004 -0.862422 -0.972488 0.000316472 0
0 7804 phononL 0.004 1.46058 2.6126 -0.017583 0
0 7805 phononL 0.004 -1.65378 0.206758 0.00384736 0
0 7806 phononL 0.004 -1.41692 -1.55338 0.0255672 0
0 7807 phononL 0.004 -2.83242 1.31192 -0.025601 0
0 7808 phononL 0.004 1.6036 -2.51235 0.0376491 0
0 7809 phononL 0.004 -2.44884 -1.05537 -0.00964225 0
0 7810 phononL 0.004 1.02602 -2.22797 0.0213238 0
0 7811 phononL 0.004 1.63295 -0.434203 0.00946518 0
0 7812 phononL 0.004 1.09232 2.6857 -0.0147827 0
0 7813 phononL 0.004 -2.07485 -0.685805 0.0288479 0
0 7814 phononL 0.004 0.980483 -1.50085 -0.0293679 0
0 7815 phononL 0.004 -0.752212 2.37537 0.0267691 0
0 7816 phononL 0.004 2.20758 2.52905 -0.039286 0
0 7817 phononL 0.004 2.08232 1.36875 -0.00663228 0
0 7818 phononL 0.004 0.839225 -2.04856 0.021117 0
0 7819 phononL 0.004 -1.20613 -2.76071 -0.0103274 0
0 7820 phononL 0.004 -0.768792 2.09601 0.0348468 0
0 7821 phononL 0.004 2.45212 2.38028 -0.0200627 0
0 7822 phononL 0.004 1.40991 -2.39346 0.012837 0
0 7823 phononL 0.004 1.77644 2.73887 -0.0295422 0
0 7824 phononL 0.004 -0.485289 -1.35666 -0.0399794 0
0 7825 phononL 0.004 -2.13315 0.716726 0.0139018 0
0 7826 phononL 0.004 -0.993552 -1.28894 0.00377279 0
0 7827 phononL 0.004 0.565577 1.70719 0.0110288 0
0 7828 phononL 0.004 -1.44801 -2.01296 -0.0381205 0
0 7829 phononL 0.004 2.7711 -1.28298 0.0390532 0
0 7830 phononL 0.004 -1.22227 -2.41917 -0.0171721 0
0 7831 phononL 0.004 -2.1573 -0.304304 0.0284189 0
0 7832 phononL 0.004 0.0895696 -1.99986 -0.00980522 0
0 7833 phononL 0.004 0.956262 0.416272 0.0109545 0
0 7834 phononL 0.004 -1.95273 2.02034 -0.0119548 0
0 7835 phononL 0.004 -2.04669 -0.602413 -0.0376954 0
0 7836 phononL 0.004 -0.079497 1.26028 0.0251618 0
0 7837 phononL 0.004 2.62541 -0.490206 0.0384234 0
0 7838 phononL 0.004 1.09846 -1.22401 -0.00845219 0
0 7839 phononL 0.004 1.56988 1.48283 0.0018371 0
0 7840 phononL 0.004 -1.26508 -0.0317048 -0.0171504 0
0 7841 phononL 0.004 2.65216 -0.577149 -0.00321914 0
0 7842 phononL 0.004 0.826652 1.45936 -0.00231401 0
0 7843 phononL 0.004 -2.18426 -0.708093 0.00537815 0
0 7844 phononL 0.004 0.535111 -0.041749 0.0105146 0
0 7845 phononL 0.004 1.80007 -0.976504 0.0252168 0
0 7846 phononL 0.004 -0.834277 -1.22074 0.0229256 0
0 7847 phononL 0.004 -1.04231 -2.09557 -0.000155123 0
0 7848 phononL 0.004 2.7711 0.874721 0.00473357 0
0 7849 phononL 0.004 1.50346 1.42981 -0.0198185 0
0 7850 phononL 0.004 -1.57835 2.67054 -0.0226864 0
0 7851 phononL 0.004 -1.02798 2.27544 -0.0283789 0
0 7852 phononL 0.004 1.27823 1.20835 0.0141757 0
0 7853 phononL 0.004 2.55573 0.327741 0.0395158 0
0 7854 phononL 0.004 2.70269 2.62341 -0.00760728 0
0 7855 phononL 0.004 -2.81013 -1.60257 -0.03717 0
0 7856 phononL 0.004 -0.697143 -2.00189 -0.0263409 0
0 7857 phononL 0.004 -1.23315 -0.91575 0.00786049 0
0 7858 phononL 0.004 -1.97525 1.27007 0.031033 0
0 7859 phononL 0.004 1.02995 -1.16665 -0.0156586 0
0 7860 phononL 0.004 -2.07658 -0.573895 0.0167981 0
0 7861 phononL 0.004 2.0147 -2.77475 -0.0143531 0
0 7862 phononL 0.004 -2.45963 -2.18833 -0.0138385 0
0 7863 phononL 0.004 -1.81274 1.26366 0.0334018 0
0 7864 phononL 0.004 -1.33244 0.36356 -0.000684035 0
0 7865 phononL 0.004 1.48879 2.35546 -0.0320504 0
0 7866 phononL 0.004 2.68036 -1.86164 -0.000152441 0
0 7867 phononL 0.004 0.468195 -1.63805 -0.0154073 0
0 7868 phononL 0.004 0.837924 -1.02904 0.030881 0
0 7869 phononL 0.004 -2.33839 -1.29921 0.0070563 0
0 7870 phononL 0.004 2.43361 -2.10868 0.00124924 0
0 7871 phononL 0.004 0.405276 -2.02751 0.00711678 0
0 7872 phononL 0.004 -1.40847 0.461563 -0.0393957 0
0 7873 phononL 0.004 2.5154 1.04623 -0.030075 0
0 7874 phononL 0.004 2.12457 -2.12879 -0.0262506 0
0 7875 phononL 0.004 1.08859 -0.341238 0.0300148 0
0 7876 phononL 0.004 2.40381 1.27137 -0.00532706 0
0 7877 phononL 0.004 -1.40329 1.22564 -0.0224174 0
0 7878 phononL 0.004 1.96005 -0.336257 -0.0185843 0
0 7879 phononL 0.004 -1.44125 1.51794 0.0269258 0
0 7880 phononL 0.004 2.22329 0.89747 -0.00384085 0
0 7881 phononL 0.004 -1.77808 -1.4973 0.0354045 0
0 7882 phononL 0.004 -1.52293 -0.229117 -0.0262766 0
0 7883 phononL 0.004 -1.09248 0.282645 0.0249889 0
0 7884 phononL 0.004 2.44852 0.454373 -0.0324951 0
0 7885 phononL 0.004 0.982425 0.721108 -0.0104025 0
0 7886 phononL 0.004 -2.43473 0.809987 -0.00227549 0
0 7887 phononL 0.004 -1.17814 -1.53541 0.0169203 0
0 7888 phononL 0.004 1.76363 0.70223 -0.0181393 0
0 7889 phononL 0.004 -2.37908 -2.24674 -0.0168093 0
0 7890 phononL 0.004 -0.895073 -0.87529 0.0157258 0
0 7891 phononL 0.004 1.6725 -0.428302 0.00121166 0
0 7892 phononL 0.004 2.0206 -2.6753 -0.0369437 0
0 7893 phononL 0.004 2.19521 -2.1831 0.015848 0
0 7894 phononL 0.004 0.242679 -1.30932 0.00204807 0
0 7895 phononL 0.004 -0.72453 -0.659478 -0.0146353 0
0 7896 phononL 0.004 2.29934 -0.861784 0.0200624 0
0 7897 phononL 0.004 1.62242 -2.63907 -0.0234464 0
0 7898 phononL 0.004 2.53948 0.372023 0.0178361 0
0 7899 phononL 0.004 -0.944497 1.46499 0.0225124 0
0 7900 phononL 0.004 1.9844 0.993906 -0.0362161 0
0 7901 phononL 0.004 0.238344 -2.32876 -0.0340591 0
0 7902 phononL 0.004 1.36884 2.522 -0.00781981 0
0 7903 phononL 0.004 -1.38741 -1.65904 0.00816837 0
0 7904 phononL 0.004 0.860455 -0.275935 -0.020155 0
0 7905 phononL 0.004 0.562085 -0.303087 0.00945881 0
0 7906 phononL 0.004 -1.67047 -1.92989 0.0394157 0
0 7907 phononL 0.004 -1.96709 -2.33445 0.0292253 0
0 7908 phononL 0.004 1.09208 -0.386356 -0.0372244 0
0 7909 phononL 0.004 -1.13265 0.0989242 -0.0187332 0
0 7910 phononL 0.004 1.07074 1.10705 -0.0213278 0
0 7911 phononL 0.004 -0.407329 -1.39082 0.0051907 0
0 7912 phononL 0.004 -0.213812 0.759423 -0.00717218 0
0 7913 phononL 0.004 1.09523 1.25561 0.0264357 0
0 7914 phononL 0.004 -0.850269 -2.31863 -0.022141 0
0 7915 phononL 0.004 -1.98287 -2.74904 0.0311974 0
0 7916 phononL 0.004 1.01057 -1.95275 -0.0274714 0
0 7917 phononL 0.004 -0.813768 -2.70704 -0.00362629 0
0 7918 phononL 0.004 -1.96943 -0.805915 0.0267916 0
0 7919 phononL 0.004 -2.00932 0.734973 0.0289061 0
0 7920 phononL 0.004 0.518854 -1.70142 -0.0342404 0
0 7921 phononL 0.004 0.817188 0.409832 -0.0192565 0
0 7922 phononL 0.004 -0.304734 2.2889 0.0380566 0
0 7923 phononL 0.004 2.04378 -1.26112 -0.00164463 0
0 7924 phononL 0.004 0.908761 2.36601 -0.0293663 0
0 7925 phononL 0.004 -0.689908 2.37497 0.0323215 0
0 7926 phononL 0.004 1.99777 -0.174815 -0.00518113 0
0 7927 phononL 0.004 0.0144091 1.00626 0.0296374 0
0 7928 phononL 0.004 1.4823 -0.684159 -0.0206779 0
0 7929 phononL 0.004 -1.23235 1.9355 -0.036758 0
0 7930 phononL 0.004 -2.52617 2.25179 0.0166049 0
0 7931 phononL 0.004 1.35389 0.0321017 -0.0226362 0
0 7932 phononL 0.004 -0.925208 -2.5664 0.0123651 0
0 7933 phononL 0.004 -1.22119 1.55616 -0.0306364 0
0 7934 phononL 0.004 2.32979 2.5136 -0.0267331 0
0 7935 phononL 0.004 1.1291 0.195058 0.0154638 0
0 7936 phononL 0.004 1.73613 -2.54065 0.036245 0
0 7937 phononL 0.004 0.32878 -0.140939 0.035713 0
0 7938 phononL 0.004 0.241297 0.205412 -0.00171258 0
0 7939 phononL 0.004 2.55736 -0.79588 -0.0269548 0
0 7940 phononL 0.004 -0.520874 -1.1272 0.0343812 0
0 7941 phononL 0.004 2.82422 -2.28299 0.0330275 0
0 7942 phononL 0.004 0.86204 2.50613 -0.0358982 0
0 7943 phononL 0.004 1.91542 1.44467 0.0272082 0
0 7944 phononL 0.004 0.225611 0.156383 -0.00814899 0
0 7945 phononL 0.004 -1.73324 0.504068 -0.0151386 0
0 7946 phononL 0.004 -1.59011 -2.32525 -0.0303335 0
0 7947 phononL 0.004 0.461095 1.3679 0.0161728 0
0 7948 phononL 0.004 -2.73442 -1.6577 -0.0344951 0
0 7949 phononL 0.004 -0.328499 2.06283 0.0239702 0
0 7950 phononL 0.004 -0.0140508 0.811781 -0.035784 0
0 7951 phononL 0.004 -1.87113 -2.48869 0.0227844 0
0 7952 phononL 0.004 2.33045 -1.01476 -0.0092673 0
0 7953 phononL 0.004 1.11364 -1.04592 -0.03112 0
0 7954 phononL 0.004 2.58653 -1.99037 -0.0333592 0
0 7955 phononL 0.004 -0.285777 2.58463 0.017868 0
0 7956 phononL 0.004 1.13893 1.93703 0.0184789 0
0 7957 phononL 0.004 2.55877 -2.3421 -0.0050906 0
0 7958 phononL 0.004 -2.35761 1.17028 -0.00288979 0
0 7959 phononL 0.004 -1.45831 -1.94457 -0.0353106 0
0 7960 phononL 0.004 -2.13572 -0.836563 0.0152908 0
0 7961 phononL 0.004 -2.7491 -1.51778 -0.0218233 0
0 7962 phononL 0.004 1.68647 -1.74477 -0.0102151 0
0 7963 phononL 0.004 0.838729 -2.52847 0.00869721 0
0 7964 phononL 0.004 -2.39017 0.546253 0.00656485 0
0 7965 phononL 0.004 -0.0169537 2.7171 0.0324262 0
0 7966 phononL 0.004 0.139746 -1.48162 -0.00382934 0
0 7967 phononL 0.004 2.81218 0.434457 -0.0228884 0
0 7968 phononL 0.004 2.67608 -0.294619 -0.0116978 0
0 7969 phononL 0.004 -0.0621015 1.61034 0.0389421 0
0 7970 phononL 0.004 2.56837 -1.13891 0.0300736 0
0 7971 phononL 0.004 -1.72091 1.10982 -0.0109796 0
0 7972 phononL 0.004 -0.932486 -2.15559 -0.00748922 0
0 7973 phononL 0.004 -1.96077 0.844606 0.0383229 0
0 7974 phononL 0.004 1.54076 -1.85114 0.0181553 0
0 7975 phononL 0.004 -2.828 -1.80581 0.0211978 0
0 7976 phononL 0.004 -0.227145 0.663196 0.0297108 0
0 7977 phononL 0.004 -1.33729 1.12389 -0.0398811 0
0 7978 phononL 0.004 0.720344 -1.12884 0.0221623 0
0 7979 phononL 0.004 -1.37302 1.26107 0.0335142 0
0 7980 phononL 0.004 2.52077 0.581659 0.0216916 0
0 7981 phononL 0.004 1.70294 -1.39751 -0.0134707 0
0 7982 phononL 0.004 -0.857489 0.513927 -0.0327382 0
0 7983 phononL 0.004 2.35693 -2.3787 -0.0152188 0
0 7984 phononL 0.004 -0.0416606 -2.33091 -0.00967421 0
0 7985 phononL 0.004 -1.74459 2.48554 0.0130324 0
0 7986 phononL 0.004 -1.43924 -0.242523 0.0260763 0
0 7987 phononL 0.004 2.69995 2.52453 0.0193677 0
0 7988 phononL 0.004 -1.63396 -2.20101 -0.00342706 0
0 7989 phononL 0.004 -1.67689 -1.99487 0.0199284 0
0 7990 phononL 0.004 -1.37817 -0.0940805 0.0365501 0
0 7991 phononL 0.004 -1.03898 -2.14131 0.004583 0
0 7992 phononL 0.004 1.72207 0.539906 -0.00206351 0
0 7993 phononL 0.004 -1.90124 2.39526 0.0333023 0
0 7994 phononL 0.004 -0.124113 -1.8877 -0.0311752 0
0 7995 phononL 0.004 -2.22302 -1.66411 -0.0343978 0
0 7996 phononL 0.004 1.4556 2.58653 0.00967912 0
0 7997 phononL 0.004 -2.32856 0.707812 0.0101435 0
0 7998 phononL 0.004 1.9869 -2.14002 0.0264977 0
0 7999 phononL 0.004 2.25422 0.163453 0.0217945 0
0 8000 phononL 0.004 1.31721 -2.82382 0.0258926 0
0 8001 phononL 0.004 -0.305133 2.29231 -0.0379668 0
0 8002 phononL 0.004 2.36771 1.26618 -0.0154802 0
0 8003 phononL 0.004 -2.28837 1.49272 0.0226035 0
0 8004 phononL 0.004 -1.23676 -1.24735 0.0345845 0
0 8005 phononL 0.004 2.41778 2.51949 -0.0266602 0
0 8006 phononL 0.004 -0.689364 -2.07941 -0.0129512 0
0 8007 phononL 0.004 -0.188736 0.485979 -0.00432513 0
0 8008 phononL 0.004 -1.88731 -0.783096 0.0346979 0
0 8009 phononL 0.004 -0.450353 -2.51676 -0.0268195 0
0 8010 phononL 0.004 1.86944 1.32189 0.0316674 0
0 8011 phononL 0.004 -1.86548 -0.280327 -0.0339206 0
0 8012 phononL 0.004 2.32937 2.36635 -0.0215016 0
0 8013 phononL 0.004 0.71292 -2.22551 -0.0329503 0
0 8014 phononL 0.004 2.82729 1.51578 -0.0244381 0
0 8015 phononL 0.004 -2.40559 -0.300098 -0.0320686 0
0 8016 phononL 0.004 0.349028 -0.205861 0.0269912 0
0 8017 phononL 0.004 -1.3524 -0.649073 -0.0159768 0
0 8018 phononL 0.004 2.03181 0.581979 -0.0285298 0
0 8019 phononL 0.004 1.79547 -2.09711 0.0174459 0
0 8020 phononL 0.004 2.09922 -1.10045 0.0322311 0
0 8021 phononL 0.004 2.30211 -1.03808 0.0163942 0
0 8022 phononL 0.004 -1.37689 2.26905 0.0183207 0
0 8023 phononL 0.004 2.44342 -0.434104 -0.027611 0
0 8024 phononL 0.004 -0.910881 0.0530652 -0.0267461 0
0 8025 phononL 0.004 -2.34941 1.4778 0.0377676 0
0 8026 phononL 0.004 1.49783 1.81115 -0.0357115 0
0 8027 phononL 0.004 -2.41013 0.450768 -0.0203631 0
0 8028 phononL 0.004 0.616572 2.46639 -0.00678848 0
0 8029 phononL 0.004 1.70218 -0.00172046 -0.0025298 0
0 8030 phononL 0.004 -2.86947 -0.136392 0.0158832 0
0 8031 phononL 0.004 -1.95624 -0.0384835 -0.0300825 0
0 8032 phononL 0.004 -2.18008 -0.431679 -0.0289096 0
0 8033 phononL 0.004 2.42474 0.826608 -0.00399052 0
0 8034 phononL 0.004 1.34845 -1.46678 -0.0292232 0
0 8035 phononL 0.004 -0.223104 -1.21441 -0.00579527 0
0 8036 phononL 0.004 -1.84963 1.33124 -0.0336561 0
0 8037 phononL 0.004 -1.16587 -1.57013 -0.00565927 0
0 8038 phononL 0.004 1.10723 -2.50303 -0.0113763 0
0 8039 phononL 0.004 -0.457952 0.593666 0.0220523 0
0 8040 phononL 0.004 -0.133667 1.64551 -0.0397986 0
0 8041 phononL 0.004 2.27279 2.22172 -0.0251617 0
0 8042 phononL 0.004 0.838062 2.481 -0.0274866 0
0 8043 phononL 0.004 -1.5322 -1.73121 -0.0184493 0
0 8044 phononL 0.004 2.05461 -1.20682 -0.0385352 0
0 8045 phononL 0.004 0.152353 -2.83951 0.0302324 0
0 8046 phononL 0.004 2.83286 0.0199534 -0.00056449 0
0 8047 phononL 0.004 1.98348 -0.105449 0.0262819 0
0 8048 phononL 0.004 0.19331 -1.03828 -0.0390584 0
0 8049 phononL 0.004 -0.403428 2.80526 -0.00281183 0
0 8050 phononL 0.004 -2.80393 -0.836494 0.0117792 0
0 8051 phononL 0.004 1.92533 -1.56764 -0.00577211 0
0 8052 phononL 0.004 0.73524 0.0800127 -0.0213342 0
0 8053 phononL 0.004 0.711098 2.61933 -0.0287351 0
0 8054 phononL 0.004 -1.10222 1.67734 0.00920531 0
0 8055 phononL 0.004 1.2125 -0.188258 0.0104281 0
0 8056 phononL 0.004 -2.10717 0.369596 -0.00924962 0
0 8057 phononL 0.004 1.55785 2.70603 -0.00395491 0
0 8058 phononL 0.004 -1.86277 0.842802 0.0392682 0
0 8059 phononL 0.004 2.32552 -0.801241 -0.0042672 0
0 8060 phononL 0.004 2.79021 -0.694716 0.0306782 0
0 8061 phononL 0.004 -1.05048 -2.3291 0.004521 0
0 8062 phononL 0.004 2.57395 -1.58003 -0.0226966 0
0 8063 phononL 0.004 2.40402 1.58129 -0.0356599 0
0 8064 phononL 0.004 0.838455 -1.39654 0.0104796 0
0 8065 phononL 0.004 -0.941465 0.838748 0.0396968 0
0 8066 phononL 0.004 -1.48742 -1.67491 0.0264012 0
0 8067 phononL 0.004 0.445698 2.60029 0.0352426 0
0 8068 phononL 0.004 1.179 -2.26012 0.0341518 0
0 8069 phononL 0.004 -0.622658 -2.25353 -0.038532 0
0 8070 phononL 0.004 2.55361 1.74098 0.00252001 0
0 8071 phononL 0.004 -1.35103 -0.713094 0.00130931 0
0 8072 phononL 0.004 0.753961 1.16865 -0.0235025 0
0 8073 phononL 0.004 -0.624891 -0.851471 0.0149476 0
0 8074 phononL 0.004 2.29818 -1.47509 0.0024849 0
0 8075 phononL 0.004 -0.1227 -2.25657 0.0395891 0
0 8076 phononL 0.004 -0.597391 0.280178 -0.00209275 0
0 8077 phononL 0.004 -1.66107 -2.32551 -0.0155206 0
0 8078 phononL 0.004 -0.0660456 1.77994 0.0374613 0
0 8079 phononL 0.004 2.29088 -2.20093 0.0168666 0
0 8080 phononL 0.004 -0.758517 -2.30619 0.00175105 0
0 8081 phononL 0.004 2.0631 2.07103 -0.0225784 0
0 8082 phononL 0.004 0.403531 2.78497 0.0271779 0
0 8083 phononL 0.004 1.99228 -1.82111 0.0139777 0
0 8084 phononL 0.004 -1.72781 -2.30947 -0.00672479 0
0 8085 phononL 0.004 2.77574 2.13798 -0.00963235 0
0 8086 phononL 0.004 0.822974 1.3945 -0.0339457 0
0 8087 phononL 0.004 -1.37422 -0.354366 -0.0271853 0
0 8088 phononL 0.004 1.04866 -2.68179 -0.0295322 0
0 8089 phononL 0.004 -2.62569 -2.65494 -0.00554537 0
0 8090 phononL 0.004 -2.13932 -2.03855 0.0149971 0
0 8091 phononL 0.004 1.82557 1.75796 -0.0138612 0
0 8092 phononL 0.004 -2.72441 1.37717 0.00172051 0
0 8093 phononL 0.004 -2.63804 1.54419 0.00464735 0
0 8094 phononL 0.004 -1.13974 1.03978 -0.0212394 0
0 8095 phononL 0.004 -2.10991 -0.269533 0.0228611 0
0 8096 phononL 0.004 -0.055531 -1.24404 -0.00742353 0
0 8097 phononL 0.004 -1.54094 -2.16635 -0.0198901 0
0 8098 phononL 0.004 -2.56212 0.653965 0.0292901 0
0 8099 phononL 0.004 1.26015 2.76945 -0.0347538 0
0 8100 phononL 0.004 -0.154739 -2.09215 0.0201728 0
0 8101 phononL 0.004 0.680219 -1.82649 7.72079e-05 0
0 8102 phononL 0.004 1.12738 -2.28345 0.00284772 0
0 8103 phononL 0.004 -2.76131 2.19739 -0.0128167 0
0 8104 phononL 0.004 -1.12935 1.24944 0.0179318 0
0 8105 phononL 0.004 0.273374 -2.35526 0.0294609 0
0 8106 phononL 0.004 0.37552 -0.274558 -0.0263374 0
0 8107 phononL 0.004 -0.264309 0.352126 -0.0294668 0
0 8108 phononL 0.004 -1.98452 -2.67531 -0.0377717 0
0 8109 phononL 0.004 1.73852 -2.07594 -0.0217483 0
0 8110 phononL 0.004 -2.72523 -1.46452 0.0249703 0
0 8111 phononL 0.004 -2.20014 0.260228 -0.000234201 0
0 8112 phononL 0.004 2.08645 -1.27976 -0.0342262 0
0 8113 phononL 0.004 2.35244 -2.29291 -0.00580829 0
0 8114 phononL 0.004 -2.51167 -1.15073 0.0199485 0
0 8115 phononL 0.004 -1.90491 -2.19031 -0.0210161 0
0 8116 phononL 0.004 2.0611 1.25395 0.0328844 0
0 8117 phononL 0.004 2.86262 2.03355 0.030643 0
0 8118 phononL 0.004 -2.08879 -2.18896 -0.014329 0
0 8119 phononL 0.004 -0.574028 -2.05398 0.0215282 0
0 8120 phononL 0.004 -2.8643 -1.95475 -0.0393825 0
0 8121 phononL 0.004 -2.09515 1.92236 0.0398811 0
0 8122 phononL 0.004 2.76406 2.68873 0.0264405 0
0 8123 phononL 0.004 -1.21339 1.81955 0.0238975 0
0 8124 phononL 0.004 -1.99121 -0.769062 -0.0319911 0
0 8125 phononL 0.004 0.888531 2.06364 0.0375801 0
0 8126 phononL 0.004 -0.674078 -1.7016 -0.0358733 0
0 8127 phononL 0.004 -1.53632 -1.83262 -0.00458265 0
0 8128 phononL 0.004 -1.48006 -2.0311 -0.019069 0
0 8129 phononL 0.004 1.91747 0.941448 -0.00913457 0
0 8130 phononL 0.004 2.64345 0.509608 0.0318779 0
0 8131 phononL 0.004 2.32855 -2.46409 -0.00748948 0
0 8132 phononL 0.004 -1.03647 -2.14222 0.0111657 0
0 8133 phononL 0.004 2.63885 0.333313 -0.0156562 0
0 8134 phononL 0.004 -1.478 2.44673 -0.0399249 0
0 8135 phononL 0.004 -0.299023 -2.06627 -0.0128317 0
0 8136 phononL 0.004 -1.06459 -1.02851 -0.00785917 0
0 8137 phononL 0.004 2.49088 -1.09662 0.0307952 0
0 8138 phononL 0.004 -0.980372 1.42338 -0.016608 0
0 8139 phononL 0.004 0.261326 -0.400924 0.037087 0
0 8140 phononL 0.004 1.87488 0.234461 0.0198651 0
0 8141 phononL 0.004 -1.88454 1.2743 0.0210406 0
0 8142 phononL 0.004 -2.54389 -1.11766 -0.0280771 0
0 8143 phononL 0.004 2.19859 -1.39312 -0.00172946 0
0 8144 phononL 0.004 -0.0478452 0.350521 -0.0128474 0
0 8145 phononL 0.004 -0.62711 -1.53518 0.025621 0
0 8146 phononL 0.004 -0.0839941 2.45035 -0.00935697 0
0 8147 phononL 0.004 1.6921 0.735071 -0.0167422 0
0 8148 phononL 0.004 1.738 -1.82751 0.035608 0
0 8149 phononL 0.004 -0.622692 -0.353918 -0.0131646 0
0 8150 phononL 0.004 -0.133569 -0.149579 0.010664 0
0 8151 phononL 0.004 -1.36259 -0.830876 -0.0104115 0
0 8152 phononL 0.004 0.126885 -0.620634 0.0313813 0
0 8153 phononL 0.004 -1.51935 1.88405 -0.0239295 0
0 8154 phononL 0.004 -0.419594 -2.38241 0.034962 0
0 8155 phononL 0.004 0.853652 0.827277 -0.00955062 0
0 8156 phononL 0.004 1.01518 -0.99895 0.0131759 0
0 8157 phononL 0.004 -2.55888 -0.254198 -0.016579 0
0 8158 phononL 0.004 1.54951 2.63158 0.0171937 0
0 8159 phononL 0.004 1.767 -2.37149 -0.0124095 0
0 8160 phononL 0.004 0.1078 1.47993 -0.0221944 0
0 8161 phononL 0.004 1.79787 -1.09365 0.0284062 0
0 8162 phononL 0.004 -0.729354 -1.36915 0.0314373 0
0 8163 phononL 0.004 1.89555 0.081908 -0.00952745 0
0 8164 phononL 0.004 0.0395331 1.37872 -0.024272 0
0 8165 phononL 0.004 0.659182 -1.30084 -0.0156741 0
0 8166 phononL 0.004 1.51194 2.02503 0.0157492 0
0 8167 phononL 0.004 1.71513 -2.09633 -0.0287424 0
0 8168 phononL 0.004 -2.13974 0.847418 -0.00895034 0
0 8169 phononL 0.004 -2.66788 1.70162 0.0223894 0
0 8170 phononL 0.004 -2.79438 2.0492 -0.0200969 0
0 8171 phononL 0.004 2.72389 -2.87001 -0.0234942 0
0 8172 phononL 0.004 -1.35552 -1.8858 -0.0392833 0
0 8173 phononL 0.004 1.03343 -2.44806 0.0247983 0
0 8174 phononL 0.004 -2.25558 -1.70616 -0.0159211 0
0 8175 phononL 0.004 1.02868 2.32741 -0.0393446 0
0 8176 phononL 0.004 -1.32695 -2.09693 -0.0355369 0
0 8177 phononL 0.004 -2.86056 -2.29562 0.025158 0
0 8178 phononL 0.004 1.93587 -2.21873 -0.0155691 0
0 8179 phononL 0.004 0.144192 0.213516 0.0128726 0
0 8180 phononL 0.004 -2.74537 1.91151 0.0246442 0
0 8181 phononL 0.004 -0.49642 2.67632 0.016945 0
0 8182 phononL 0.004 -0.145693 -2.53301 0.0230509 0
0 8183 phononL 0.004 1.82572 -1.02883 -0.0245111 0
0 8184 phononL 0.004 1.37911 -0.105736 0.0323763 0
0 8185 phononL 0.004 0.893846 -0.629887 0.0101182 0
0 8186 phononL 0.004 -0.817669 -1.25099 -0.0106438 0
0 8187 phononL 0.004 0.625935 1.56591 -0.0150109 0
0 8188 phononL 0.004 0.00334752 -0.0766733 0.0170435 0
0 8189 phononL 0.004 -0.811226 -0.903734 0.0267153 0
0 8190 phononL 0.004 -1.01016 -0.534895 -0.00342739 0
0 8191 phononL 0.004 2.20866 -2.61617 -0.0347255 0
0 8192 phononL 0.004 2.04885 2.42113 -0.0223945 0
0 8193 phononL 0.004 2.24137 2.02885 0.00513705 0
0 8194 phononL 0.004 1.41494 -1.04783 -0.0328768 0
0 8195 phononL 0.004 -1.4324 -0.948393 -0.0186588 0
0 8196 phononL 0.004 -2.72503 -0.199526 0.00268601 0
0 8197 phononL 0.004 1.24605 -1.45114 0.0335773 0
0 8198 phononL 0.004 1.096 2.30044 -0.0295631 0
0 8199 phononL 0.004 -2.04016 -0.448222 -0.0375128 0
0 8200 phononL 0.004 1.75957 1.09911 -0.0209351 0
0 8201 phononL 0.004 -2.43562 1.65802 -0.037505 0
0 8202 phononL 0.004 2.01654 -1.95982 0.0396769 0
0 8203 phononL 0.004 -1.7086 0.0365681 -0.037471 0
0 8204 phononL 0.004 -2.25728 -2.77958 0.0395889 0
0 8205 phononL 0.004 -0.583707 -2.85403 -0.0361952 0
0 8206 phononL 0.004 -0.831885 0.512927 0.0050573 0
0 8207 phononL 0.004 -2.74934 -2.19237 -0.0285098 0
0 8208 phononL 0.004 0.853423 1.38451 -0.0086704 0
0 8209 phononL 0.004 -1.44806 -2.81572 -0.00810484 0
0 8210 phononL 0.004 -1.28491 0.0456123 0.034043 0
0 8211 phononL 0.004 -2.17731 0.867214 -0.0220754 0
0 8212 phononL 0.004 2.81809 1.66815 0.0326562 0
0 8213 phononL 0.004 -0.638179 1.15918 -0.0284989 0
0 8214 phononL 0.004 -1.79774 -1.10167 -0.0364367 0
0 8215 phononL 0.004 -2.30031 -0.654547 0.00203225 0
0 8216 phononL 0.004 -1.4889 -1.54445 0.0252194 0
0 8217 phononL 0.004 -1.35626 1.72756 0.0212042 0
0 8218 phononL 0.004 1.30204 2.87706 0.0397992 0
0 8219 phononL 0.004 -0.477989 1.82914 0.015976 0
0 8220 phononL 0.004 -2.81169 2.63707 -0.0107304 0
0 8221 phononL 0.004 1.92815 2.7294 0.0318087 0
0 8222 phononL 0.004 1.95865 1.56174 0.00206997 0
0 8223 phononL 0.004 -0.126027 0.403236 -0.0219487 0
0 8224 phononL 0.004 0.921241 -2.48277 -0.0117764 0
0 8225 phononL 0.004 -2.19389 -0.247142 -0.0116236 0
0 8226 phononL 0.004 0.279323 1.1747 -0.0064091 0
0 8227 phononL 0.004 0.894737 1.45827 0.00911049 0
0 8228 phononL 0.004 1.26533 2.40731 0.0271492 0
0 8229 phononL 0.004 -1.98625 0.752643 0.00832475 0
0 8230 phononL 0.004 2.3829 0.60402 0.00531974 0
0 8231 phononL 0.004 2.51352 -1.32764 0.0169092 0
0 8232 phononL 0.004 -0.999266 2.0826 -0.0155572 0
0 8233 phononL 0.004 1.59014 -1.97425 0.0113911 0
0 8234 phononL 0.004 1.00081 -2.05968 0.0283083 0
0 8235 phononL 0.004 -0.160972 2.04455 -0.0190952 0
0 8236 phononL 0.004 2.53523 -1.47897 -0.00311671 0
0 8237 phononL 0.004 2.47001 2.44904 -0.0380842 0
0 8238 phononL 0.004 -1.41733 -2.39637 0.000288417 0
0 8239 phononL 0.004 -0.765678 0.216967 -0.0208914 0
0 8240 phononL 0.004 0.95255 -0.776688 0.00240328 0
0 8241 phononL 0.004 1.6778 2.05543 0.0024414 0
0 8242 phononL 0.004 0.946951 -2.68046 0.0284565 0
0 8243 phononL 0.004 2.86752 -2.57019 -0.0173383 0
0 8244 phononL 0.004 1.97099 -2.32043 -0.0332472 0
0 8245 phononL 0.004 -1.41914 1.6988 0.0156218 0
0 8246 phononL 0.004 2.77681 0.911139 -0.0365543 0
0 8247 phononL 0.004 -0.892087 -2.08215 0.0252548 0
0 8248 phononL 0.004 -1.86825 2.10512 0.0379445 0
0 8249 phononL 0.004 1.7907 1.89307 0.0198588 0
0 8250 phononL 0.004 -2.2887 -2.81092 0.0174864 0
0 8251 phononL 0.004 -0.725017 -1.73777 0.0198162 0
0 8252 phononL 0.004 0.43998 -1.15543 0.00203913 0
0 8253 phononL 0.004 -2.13592 -1.17717 -0.000207017 0
0 8254 phononL 0.004 0.278718 0.531692 -0.00388376 0
0 8255 phononL 0.004 0.663581 -2.55473 0.0360905 0
0 8256 phononL 0.004 2.66628 -0.837158 -0.025241 0
0 8257 phononL 0.004 0.0408164 0.773294 0.0172216 0
0 8258 phononL 0.004 1.94738 -2.16325 0.027166 0
0 8259 phononL 0.004 -1.8263 -1.464 0.0018533 0
0 8260 phononL 0.004 1.75498 0.867342 0.0245049 0
0 8261 phononL 0.004 2.47844 -2.44976 0.00218895 0
0 8262 phononL 0.004 -0.590289 1.7497 -0.0143423 0
0 8263 phononL 0.004 -1.5635 -0.627355 0.0373916 0
0 8264 phononL 0.004 -1.36811 2.52414 0.0149644 0
0 8265 phononL 0.004 -2.39908 -0.141641 -0.012656 0
0 8266 phononL 0.004 -1.87985 -1.03275 -0.0217142 0
0 8267 phononL 0.004 1.7114 2.87773 0.0299835 0
0 8268 phononL 0.004 0.746995 -2.48905 -0.0177146 0
0 8269 phononL 0.004 -0.921603 -2.52947 0.00275617 0
0 8270 phononL 0.004 -1.49057 2.56413 0.00736514 0
0 8271 phononL 0.004 -1.76439 0.722545 -0.0224942 0
0 8272 phononL 0.004 -1.51502 1.94438 0.00414028 0
0 8273 phononL 0.004 0.675103 2.18731 -0.0305593 0
0 8274 phononL 0.004 1.20055 -1.17088 -0.0176113 0
0 8275 phononL 0.004 -2.41051 -0.665141 -0.0270911 0
0 8276 phononL 0.004 0.342821 -2.43308 0.0395179 0
0 8277 phononL 0.004 -1.39722 0.347833 0.0253507 0
0 8278 phononL 0.004 -2.85981 -0.861647 -0.0357573 0
0 8279 phononL 0.004 0.958624 -1.06987 -0.0120572 0
0 8280 phononL 0.004 0.920708 0.383177 -0.011257 0
0 8281 phononL 0.004 0.894853 -2.13128 0.0225396 0
0 8282 phononL 0.004 -2.85014 -0.0328161 -0.0200553 0
0 8283 phononL 0.004 0.492736 0.649965 -0.0181467 0
0 8284 phononL 0.004 -0.255433 0.321129 -0.03916 0
0 8285 phononL 0.004 2.69009 0.438902 0.00666674 0
0 8286 phononL 0.004 1.03889 -1.82937 -0.0117341 0
0 8287 phononL 0.004 2.11907 -2.8439 0.01849 0
0 8288 phononL 0.004 -0.101236 1.32411 0.011405 0
0 8289 phononL 0.004 -2.81613 -2.4059 -0.00992647 0
0 8290 phononL 0.004 -0.480399 0.467187 -0.0224177 0
0 8291 phononL 0.004 1.20734 1.21676 0.0298817 0
0 8292 phononL 0.004 1.01201 -0.212225 -0.0089364 0
0 8293 phononL 0.004 1.71664 2.58119 0.0309869 0
0 8294 phononL 0.004 -2.32399 -0.144042 -0.0285173 0
0 8295 phononL 0.004 -0.138908 2.3624 -0.0378715 0
0 8296 phononL 0.004 -2.05493 -0.811682 0.0136898 0
0 8297 phononL 0.004 -0.170611 -0.166569 0.0266792 0
0 8298 phononL 0.004 2.50686 -0.839033 0.0072267 0
0 8299 phononL 0.004 2.13258 1.91748 0.0235541 0
0 8300 phononL 0.004 -0.173138 -0.819227 -0.030433 0
0 8301 phononL 0.004 2.42744 -2.71617 0.0230867 0
0 8302 phononL 0.004 -0.184233 2.05583 -0.00664101 0
0 8303 phononL 0.004 2.61336 -0.399756 0.0194576 0
0 8304 phononL 0.004 2.50311 -0.582725 0.00590521 0
0 8305 phononL 0.004 -1.72463 -2.79554 -0.0122788 0
0 8306 phononL 0.004 -2.6502 -2.07415 0.00532798 0
0 8307 phononL 0.004 -0.268473 0.573837 -0.002427 0
0 8308 phononL 0.004 -1.6542 0.346002 -0.0203442 0
0 8309 phononL 0.004 -1.00195 -0.316766 0.00590791 0
0 8310 phononL 0.004 0.158259 0.993954 0.0103047 0
0 8311 phononL 0.004 1.75794 2.03215 -0.0336866 0
0 8312 phononL 0.004 -0.633472 2.34302 -0.0194169 0
0 8313 phononL 0.004 0.0377767 2.62104 -0.0192929 0
0 8314 phononL 0.004 -1.66656 -2.11598 0.00154747 0
0 8315 phononL 0.004 2.25967 0.150928 -0.0120472 0
0 8316 phononL 0.004 -1.82794 -1.46678 0.0216736 0
0 8317 phononL 0.004 -1.60313 0.765877 0.0289252 0
0 8318 phononL 0.004 -0.579902 0.530229 -0.00904505 0
0 8319 phononL 0.004 -0.904804 2.10962 -0.0270343 0
0 8320 phononL 0.004 1.3421 1.73074 0.0145448 0
0 8321 phononL 0.004 -0.249972 2.01548 -0.0130319 0
0 8322 phononL 0.004 -2.11964 2.71961 -0.0216312 0
0 8323 phononL 0.004 2.34093 0.488866 -0.0291131 0
0 8324 phononL 0.004 0.164268 -2.32806 0.0310129 0
0 8325 phononL 0.004 -2.75664 -2.85469 -0.0193336 0
0 8326 phononL 0.004 -0.629603 -0.9827 0.00932158 0
0 8327 phononL 0.004 1.07328 -0.0345966 -0.0370409 0
0 8328 phononL 0.004 -2.23042 -2.49027 0.00213584 0
0 8329 phononL 0.004 1.81927 -1.92474 -0.00760037 0
0 8330 phononL 0.004 1.79537 -1.53241 -0.0271082 0
0 8331 phononL 0.004 -2.06311 -2.22412 -0.0342572 0
0 8332 phononL 0.004 -0.11645 -1.94067 0.00560516 0
0 8333 phononL 0.004 1.97333 2.05183 0.00680631 0
0 8334 phononL 0.004 -1.22162 0.0505574 0.0252584 0
0 8335 phononL 0.004 0.0752181 1.03726 0.0100311 0
0 8336 phononL 0.004 1.53172 2.13333 0.00534904 0
0 8337 phononL 0.004 -0.738785 -0.370901 0.00583642 0
0 8338 phononL 0.004 -1.26219 -0.0134128 -0.0351615 0
0 8339 phononL 0.004 -2.31628 -1.27499 0.00503921 0
0 8340 phononL 0.004 -2.24685 -1.61016 -0.0166538 0
0 8341 phononL 0.004 -1.13007 2.35007 -0.0363081 0
0 8342 phononL 0.004 -0.332406 -1.11701 0.0164274 0
0 8343 phononL 0.004 0.548012 2.52449 0.0189506 0
0 8344 phononL 0.004 -0.977228 2.68192 0.00109217 0
0 8345 phononL 0.004 -1.80249 1.47128 0.0276189 0
0 8346 phononL 0.004 2.46885 2.30478 -0.0135349 0
0 8347 phononL 0.004 -2.27663 -0.967291 0.000173531 0
0 8348 phononL 0.004 -1.8166 0.142352 6.25236e-05 0
0 8349 phononL 0.004 0.311013 2.87523 0.0144653 0
0 8350 phononL 0.004 2.37462 2.41645 0.0333388 0
0 8351 phononL 0.004 0.272127 -0.626342 0.0337654 0
0 8352 phononL 0.004 -1.60278 2.79506 0.029883 0
0 8353 phononL 0.004 -1.25687 -2.15336 0.016874 0
0 8354 phononL 0.004 2.47009 -0.369743 -0.0193903 0
0 8355 phononL 0.004 -1.7879 1.54203 -0.0355761 0
0 8356 phononL 0.004 -2.34839 -2.81644 0.0201263 0
0 8357 phononL 0.004 1.78677 1.90003 0.000490422 0
0 8358 phononL 0.004 0.074456 1.86126 0.0249469 0
0 8359 phononL 0.004 1.26776 -0.907764 0.0016602 0
0 8360 phononL 0.004 2.22041 -0.674224 0.0340072 0
0 8361 phononL 0.004 -1.11711 -1.60376 -0.0149613 0
0 8362 phononL 0.004 2.04571 1.30104 -0.0315125 0
0 8363 phononL 0.004 -1.15888 -0.0699804 -0.00607554 0
0 8364 phononL 0.004 -1.69381 1.37289 -0.0330596 0
0 8365 phononL 0.004 0.22768 -1.85068 0.00535218 0
0 8366 phononL 0.004 -0.220545 0.131629 0.0140275 0
0 8367 phononL 0.004 2.5195 1.1748 0.0250033 0
0 8368 phononL 0.004 2.01683 1.7408 -0.0376971 0
0 8369 phononL 0.004 -1.11679 0.825627 0.0155356 0
0 8370 phononL 0.004 -1.38228 2.08927 -0.026142 0
0 8371 phononL 0.004 2.18163 -0.240086 -0.0108452 0
0 8372 phononL 0.004 1.58676 2.5486 -0.0018332 0
0 8373 phononL 0.004 -0.710615 -0.775469 0.0012736 0
0 8374 phononL 0.004 0.347616 2.24564 0.00124031 0
0 8375 phononL 0.004 0.352102 0.116467 0.0393909 0
0 8376 phononL 0.004 -1.31154 0.612101 -0.0250377 0
0 8377 phononL 0.004 2.30014 2.3168 -0.00848553 0
0 8378 phononL 0.004 2.56616 2.37006 -0.00468152 0
0 8379 phononL 0.004 0.25097 -0.442464 0.0311526 0
0 8380 phononL 0.004 -2.76505 2.65032 -0.0199675 0
0 8381 phononL 0.004 1.61666 -1.93125 -0.0383109 0
0 8382 phononL 0.004 -2.54956 -0.0244094 0.0066214 0
0 8383 phononL 0.004 -0.0846947 -0.432092 -0.024509 0
0 8384 phononL 0.004 2.09482 0.936782 0.031292 0
0 8385 phononL 0.004 0.115976 -2.29878 0.0255225 0
0 8386 phononL 0.004 2.75536 1.77567 0.0225664 0
0 8387 phononL 0.004 2.73086 2.80753 -0.0325659 0
0 8388 phononL 0.004 -2.19292 2.29373 0.00352347 0
0 8389 phononL 0.004 2.35012 0.103518 -0.0123092 0
0 8390 phononL 0.004 -2.60778 -0.521813 0.00250326 0
0 8391 phononL 0.004 2.83945 -2.17734 -0.027184 0
0 8392 phononL 0.004 1.63537 -0.820268 -0.0121625 0
0 8393 phononL 0.004 0.370499 -2.27866 0.0253783 0
0 8394 phononL 0.004 -0.902482 2.0743 0.00811802 0
0 8395 phononL 0.004 1.98118 1.38483 0.0239645 0
0 8396 phononL 0.004 -1.56908 -2.132 0.0386255 0
0 8397 phononL 0.004 1.52747 0.884583 -0.0142512 0
0 8398 phononL 0.004 -1.39724 1.81653 0.0383057 0
0 8399 phononL 0.004 -2.41 2.49347 -0.0316719 0
0 8400 phononL 0.004 -0.376963 2.87141 -0.0239367 0
0 8401 phononL 0.004 2.11117 -1.29849 -0.026911 0
0 8402 phononL 0.004 0.404549 -1.46469 -0.0119592 0
0 8403 phononL 0.004 -2.52799 -0.134927 0.0369603 0
0 8404 phononL 0.004 0.685741 0.796342 0.00140199 0
0 8405 phononL 0.004 -2.52597 -1.99501 -0.0378212 0
0 8406 phononL 0.004 0.272589 -0.995258 -0.0153408 0
0 8407 phononL 0.004 -2.45262 1.78808 0.0177886 0
0 8408 phononL 0.004 1.45427 1.28556 0.00156977 0
0 8409 phononL 0.004 -2.14228 -2.74919 -0.0204835 0
0 8410 phononL 0.004 -1.85565 0.417234 -0.0175322 0
0 8411 phononL 0.004 0.134461 0.694859 0.0197182 0
0 8412 phononL 0.004 -2.49605 -1.01761 0.0325886 0
0 8413 phononL 0.004 1.23268 -0.940682 0.0037633 0
0 8414 phononL 0.004 -0.606282 1.19576 0.038784 0
0 8415 phononL 0.004 0.294822 -2.40076 -0.02109 0
0 8416 phononL 0.004 1.78792 2.12382 -0.0378165 0
0 8417 phononL 0.004 0.169225 1.62274 -0.00100396 0
0 8418 phononL 0.004 -0.854766 0.149774 0.00459218 0
0 8419 phononL 0.004 -0.866302 -1.83894 0.0348769 0
0 8420 phononL 0.004 -0.38484 0.960204 -0.031086 0
0 8421 phononL 0.004 1.6234 1.2858 -0.0329099 0
0 8422 phononL 0.004 2.24894 -0.0596524 -0.0152818 0
0 8423 phononL 0.004 1.41024 -2.06185 -0.0192805 0
0 8424 phononL 0.004 -1.03045 -2.82802 -0.0041997 0
0 8425 phononL 0.004 1.24279 -0.199978 0.0102866 0
0 8426 phononL 0.004 2.87132 1.17777 0.00110888 0
0 8427 phononL 0.004 -0.0595138 -1.163 -0.021257 0
0 8428 phononL 0.004 -0.909113 -2.85397 -0.0113595 0
0 8429 phononL 0.004 1.58866 -1.25295 -0.0376782 0
0 8430 phononL 0.004 0.142351 -2.65513 0.0246744 0
0 8431 phononL 0.004 -1.13746 1.36883 -0.0344791 0
0 8432 phononL 0.004 1.2858 0.443088 -0.00359563 0
0 8433 phononL 0.004 2.16189 0.744085 -0.0272607 0
0 8434 phononL 0.004 -2.46201 1.32499 0.0172836 0
0 8435 phononL 0.004 0.486081 1.50101 -0.0283795 0
0 8436 phononL 0.004 0.63666 -2.18816 -0.0286219 0
0 8437 phononL 0.004 0.544925 -0.391914 -0.0133637 0
0 8438 phononL 0.004 2.42181 -1.85662 0.0190295 0
0 8439 phononL 0.004 -0.665599 -2.78571 -0.0100287 0
0 8440 phononL 0.004 -0.566718 -1.15457 0.0271069 0
0 8441 phononL 0.004 -1.24815 -1.13216 0.00289087 0
0 8442 phononL 0.004 -2.29458 1.33898 0.0167576 0
0 8443 phononL 0.004 -1.96468 -1.03467 -0.0059676 0
0 8444 phononL 0.004 2.25473 0.784304 0.0327248 0
0 8445 phononL 0.004 0.408737 2.24843 0.013822 0
0 8446 phononL 0.004 1.03815 -1.30162 -0.0376585 0
0 8447 phononL 0.004 -2.86376 -0.48372 0.0117914 0
0 8448 phononL 0.004 1.27216 -2.87428 -0.0175759 0
0 8449 phononL 0.004 -2.8012 -1.78905 -0.0274535 0
0 8450 phononL 0.004 -1.99829 -2.17261 0.0127371 0
0 8451 phononL 0.004 -2.87994 -0.493512 0.0262622 0
0 8452 phononL 0.004 -2.70259 0.853582 -0.00113892 0
0 8453 phononL 0.004 -2.56148 1.15961 -0.000295838 0
0 8454 phononL 0.004 1.64553 0.0849244 0.037999 0
0 8455 phononL 0.004 -0.619963 0.767614 -0.0260236 0
0 8456 phononL 0.004 2.52877 0.310026 -0.0233121 0
0 8457 phononL 0.004 0.163895 1.02089 0.0266417 0
0 8458 phononL 0.004 -1.41474 2.74479 -0.0337129 0
0 8459 phononL 0.004 1.78481 2.67118 -0.00214758 0
0 8460 phononL 0.004 1.49048 -1.23013 -0.0298762 0
0 8461 phononL 0.004 0.578016 -2.59562 0.0268551 0
0 8462 phononL 0.004 -1.1542 2.80692 -0.00300696 0
0 8463 phononL 0.004 1.94698 0.22643 0.0331863 0
0 8464 phononL 0.004 -1.37035 -1.954 -0.006243 0
0 8465 phononL 0.004 0.687725 0.485833 0.0390402 0
0 8466 phononL 0.004 -2.03354 -1.0662 -0.0189066 0
0 8467 phononL 0.004 1.50951 -1.57478 -0.0155078 0
0 8468 phononL 0.004 -1.9754 1.01086 -0.00276237 0
0 8469 phononL 0.004 2.10517 -0.801403 -0.0153317 0
0 8470 phononL 0.004 -1.1718 0.379072 -0.0165144 0
0 8471 phononL 0.004 -0.920498 -0.996293 0.0255944 0
0 8472 phononL 0.004 2.0633 -2.29125 -0.0179097 0
0 8473 phononL 0.004 -2.65065 2.5746 0.0281634 0
0 8474 phononL 0.004 -1.50328 2.42088 0.023697 0
0 8475 phononL 0.004 2.12017 0.527605 0.0275566 0
0 8476 phononL 0.004 1.95954 -0.61607 0.023575 0
0 8477 phononL 0.004 0.40668 -0.792412 0.0264467 0
0 8478 phononL 0.004 2.57372 0.415967 -0.026586 0
0 8479 phononL 0.004 2.27846 -2.7597 -0.0299297 0
0 8480 phononL 0.004 -0.293293 2.20177 -0.0316 0
0 8481 phononL 0.004 -1.0579 -0.394243 0.0257172 0
0 8482 phononL 0.004 -2.28407 2.09678 -0.0235667 0
0 8483 phononL 0.004 -0.946136 0.872115 0.0190833 0
0 8484 phononL 0.004 -1.64223 2.32397 0.0145354 0
0 8485 phononL 0.004 -1.76235 -2.5361 0.0180385 0
0 8486 phononL 0.004 -0.0425371 -0.79278 0.0349644 0
0 8487 phononL 0.004 -2.17802 0.453362 0.00178812 0
0 8488 phononL 0.004 1.51951 -0.979361 0.0134774 0
0 8489 phononL 0.004 0.152486 -0.381022 0.0396148 0
0 8490 phononL 0.004 -1.12938 -0.495028 -0.0354884 0
0 8491 phononL 0.004 -0.703396 -2.3319 0.0124556 0
0 8492 phononL 0.004 -1.15401 2.21861 -0.0171149 0
0 8493 phononL 0.004 -2.41382 1.83783 -0.0236473 0
0 8494 phononL 0.004 2.65178 0.518701 -0.0397189 0
0 8495 phononL 0.004 -1.88315 -0.603166 0.0159826 0
0 8496 phononL 0.004 0.0343095 -2.64603 -0.000162614 0
0 8497 phononL 0.004 2.22145 -2.86948 0.0106662 0
0 8498 phononL 0.004 1.30577 2.72729 0.00586192 0
0 8499 phononL 0.004 1.90862 2.44683 -0.0371931 0
0 8500 phononL 0.004 -0.187806 0.467567 0.0341989 0
0 8501 phononL 0.004 -0.738582 2.10259 0.0274879 0
0 8502 phononL 0.004 -1.9481 1.07744 0.0190597 0
0 8503 phononL 0.004 1.74738 2.1072 -0.0241458 0
0 8504 phononL 0.004 1.37516 2.53538 0.00676584 0
0 8505 phononL 0.004 -0.0956054 -1.85711 -0.0330311 0
0 8506 phononL 0.004 0.519226 -0.379334 -0.0154671 0
0 8507 phononL 0.004 0.988939 0.848207 -0.0162372 0
0 8508 phononL 0.004 1.43286 0.740783 0.0387357 0
0 8509 phononL 0.004 2.28381 -2.31772 0.0277963 0
0 8510 phononL 0.004 -2.54969 0.336374 -0.0365369 0
0 8511 phononL 0.004 0.475036 -0.301576 -0.00319185 0
0 8512 phononL 0.004 -0.535576 -0.22822 0.027212 0
0 8513 phononL 0.004 -1.87239 -2.8785 0.000214993 0
0 8514 phononL 0.004 -0.7888 0.737366 -0.0040231 0
0 8515 phononL 0.004 2.40633 0.188664 -0.035173 0
0 8516 phononL 0.004 -0.45443 2.28522 0.00816737 0
0 8517 phononL 0.004 0.824376 1.47439 0.0131724 0
0 8518 phononL 0.004 1.58181 -2.20485 0.0020534 0
0 8519 phononL 0.004 -0.436532 -0.391012 0.0273484 0
0 8520 phononL 0.004 1.82297 1.98361 0.00676936 0
0 8521 phononL 0.004 1.76777 -1.47398 0.0396602 0
0 8522 phononL 0.004 2.33662 -1.59835 -0.011448 0
0 8523 phononL 0.004 2.58598 0.884161 -0.000488955 0
0 8524 phononL 0.004 2.68126 0.43273 0.0102783 0
0 8525 phononL 0.004 0.570897 -1.3949 -0.0227025 0
0 8526 phononL 0.004 1.38288 1.46171 -0.0241036 0
0 8527 phononL 0.004 -1.0385 0.564543 -0.0312921 0
0 8528 phononL 0.004 -1.94919 -0.0885146 -0.0357784 0
0 8529 phononL 0.004 -2.38654 2.33199 0.0362863 0
0 8530 phononL 0.004 -0.00909505 -0.742006 -0.0197655 0
0 8531 phononL 0.004 -1.52671 -1.35425 0.0324236 0
0 8532 phononL 0.004 -1.68447 2.8592 0.0354317 0
0 8533 phononL 0.004 2.28948 2.7378 -0.0108278 0
0 8534 phononL 0.004 2.69285 -1.66923 -0.00568597 0
0 8535 phononL 0.004 2.31955 1.73943 0.0389383 0
0 8536 phononL 0.004 2.75642 1.29654 -0.0253433 0
0 8537 phononL 0.004 1.30866 2.58366 -0.00235781 0
0 8538 phononL 0.004 -1.41721 0.89711 0.0374689 0
0 8539 phononL 0.004 2.55566 1.26389 -0.0163991 0
0 8540 phononL 0.004 -2.70474 2.88471 -0.0339661 0
0 8541 phononL 0.004 0.971763 2.32019 0.0209542 0
0 8542 phononL 0.004 2.40636 -0.386793 -0.0152186 0
0 8543 phononL 0.004 -2.30811 -2.31528 -0.0248176 0
0 8544 phononL 0.004 0.273186 -1.35436 -0.000947809 0
0 8545 phononL 0.004 -1.48431 -1.92154 -0.0191899 0
0 8546 phononL 0.004 2.75429 1.05222 -0.0101497 0
0 8547 phononL 0.004 0.630413 2.08839 -0.0229567 0
0 8548 phononL 0.004 -2.46282 1.07406 0.0177204 0
0 8549 phononL 0.004 2.28868 1.00329 -0.0327853 0
0 8550 phononL 0.004 2.19826 2.13551 -0.0339192 0
0 8551 phononL 0.004 0.756777 -0.157535 -0.0164029 0
0 8552 phononL 0.004 1.11742 2.34956 -0.00439807 0
0 8553 phononL 0.004 -0.819128 1.60008 -0.0256785 0
0 8554 phononL 0.004 0.475576 0.130135 0.0300371 0
0 8555 phononL 0.004 1.79325 0.97782 0.00386951 0
0 8556 phononL 0.004 -1.99971 -0.828309 -0.00562439 0
0 8557 phononL 0.004 -1.92842 2.11854 0.016359 0
0 8558 phononL 0.004 -2.65815 0.277343 -0.00207622 0
0 8559 phononL 0.004 -0.795459 1.18688 -0.0321527 0
0 8560 phononL 0.004 -2.79028 0.329831 -0.0264659 0
0 8561 phononL 0.004 -1.11064 -2.59114 0.0390112 0
0 8562 phononL 0.004 -2.7616 -1.16556 0.0014881 0
0 8563 phononL 0.004 -0.692055 2.1487 0.0219665 0
0 8564 phononL 0.004 2.28543 -1.00198 -0.0207672 0
0 8565 phononL 0.004 -1.21846 -2.22053 -0.00616668 0
0 8566 phononL 0.004 -1.8917 -1.89804 0.00734065 0
0 8567 phononL 0.004 1.34964 0.589267 0.00583268 0
0 8568 phononL 0.004 1.21141 -0.374454 -0.0360374 0
0 8569 phononL 0.004 -2.80123 1.9613 0.0342598 0
0 8570 phononL 0.004 2.88463 1.67977 -0.0214699 0
0 8571 phononL 0.004 -0.472439 -2.19048 -0.0337303 0
0 8572 phononL 0.004 1.19274 0.634669 -0.0290337 0
0 8573 phononL 0.004 0.382501 1.42229 0.00732487 0
0 8574 phononL 0.004 2.09446 0.0437036 0.000613329 0
0 8575 phononL 0.004 1.50487 0.979568 0.0348251 0
0 8576 phononL 0.004 0.529601 1.47814 0.0184923 0
0 8577 phononL 0.004 2.74995 -2.46364 -0.0292863 0
0 8578 phononL 0.004 1.17678 -0.789729 -0.0330298 0
0 8579 phononL 0.004 0.76184 -0.516224 0.00181151 0
0 8580 phononL 0.004 -0.980554 0.764408 0.0345919 0
0 8581 phononL 0.004 2.50474 -0.112276 -0.024634 0
0 8582 phononL 0.004 2.09104 -0.411561 0.0349003 0
0 8583 phononL 0.004 -2.58865 2.00871 -0.0338959 0
0 8584 phononL 0.004 -0.0314106 -1.4866 0.025941 0
0 8585 phononL 0.004 1.84183 -2.05146 0.00331449 0
0 8586 phononL 0.004 -0.677174 1.62675 -0.0229848 0
0 8587 phononL 0.004 -2.66373 -0.705911 -0.0246671 0
0 8588 phononL 0.004 2.7025 2.3169 0.0151378 0
0 8589 phononL 0.004 2.29288 -1.44183 0.026804 0
0 8590 phononL 0.004 0.0360712 0.790667 -0.0157149 0
0 8591 phononL 0.004 0.938328 -2.11798 -0.0125949 0
0 8592 phononL 0.004 2.15669 -1.22973 -0.00535546 0
0 8593 phononL 0.004 -1.32945 -1.63671 -0.0354571 0
0 8594 phononL 0.004 -0.397765 -1.68719 -0.0280509 0
0 8595 phononL 0.004 -1.48502 0.633012 -0.00235351 0
0 8596 phononL 0.004 2.34121 -2.80906 -0.00856232 0
0 8597 phononL 0.004 1.55 0.774592 0.0165379 0
0 8598 phononL 0.004 2.26841 -2.77253 0.0221125 0
0 8599 phononL 0.004 -2.01184 2.2249 -0.0137057 0
0 8600 phononL 0.004 1.67455 -2.02903 -0.00426583 0
0 8601 phononL 0.004 1.57573 1.84426 -0.0350667 0
0 8602 phononL 0.004 2.32554 -0.382628 0.00171415 0
0 8603 phononL 0.004 1.17017 -2.88009 0.0208018 0
0 8604 phononL 0.004 2.16439 0.279564 -0.0150606 0
0 8605 phononL 0.004 -1.99343 2.49158 0.0253116 0
0 8606 phononL 0.004 0.980016 1.34214 0.00519496 0
0 8607 phononL 0.004 1.36765 -2.75949 0.00342589 0
0 8608 phononL 0.004 -1.1038 -1.66174 0.0225934 0
0 8609 phononL 0.004 -1.94735 -0.00299873 -0.0391392 0
0 8610 phononL 0.004 0.853688 0.47783 -0.00540774 0
0 8611 phononL 0.004 -1.13513 0.576343 0.0156227 0
0 8612 phononL 0.004 -2.04431 -0.809746 -0.00668786 0
0 8613 phononL 0.004 -2.73647 -1.51013 -0.0327794 0
0 8614 phononL 0.004 0.661453 -0.409159 0.0110315 0
0 8615 phononL 0.004 2.68722 -2.0968 -0.0386962 0
0 8616 phononL 0.004 -1.51575 0.0411108 0.0292698 0
0 8617 phononL 0.004 0.0506782 -0.24892 0.000158182 0
0 8618 phononL 0.004 -2.50503 2.2392 -0.0263652 0
0 8619 phononL 0.004 2.45011 1.3717 0.0181658 0
0 8620 phononL 0.004 2.72654 -2.37418 0.00610217 0
0 8621 phononL 0.004 -2.71027 -1.64647 -0.00543641 0
0 8622 phononL 0.004 -2.40667 -2.40427 0.0058079 0
0 8623 phononL 0.004 -1.05082 -0.676365 -0.00464787 0
0 8624 phononL 0.004 -2.02734 1.64493 -0.0314078 0
0 8625 phononL 0.004 -0.646921 -0.476963 -0.0295871 0
0 8626 phononL 0.004 1.0412 1.38783 -0.0257156 0
0 8627 phononL 0.004 -2.77877 -0.753274 -0.0164468 0
0 8628 phononL 0.004 1.03459 0.886442 -0.010917 0
0 8629 phononL 0.004 2.17334 1.22907 -0.0165534 0
0 8630 phononL 0.004 0.338446 2.34197 0.0348215 0
0 8631 phononL 0.004 0.0108435 -2.15677 0.0243376 0
0 8632 phononL 0.004 2.76643 0.979234 -0.0300163 0
0 8633 phononL 0.004 -1.80554 -1.6923 0.00189895 0
0 8634 phononL 0.004 -0.0928628 1.53871 -0.00779237 0
0 8635 phononL 0.004 -1.47475 -1.85534 -0.00810148 0
0 8636 phononL 0.004 1.62885 -0.161619 0.0076649 0
0 8637 phononL 0.004 2.67216 0.707192 0.0363449 0
0 8638 phononL 0.004 2.21402 -2.05637 0.00845703 0
0 8639 phononL 0.004 0.0972739 0.282252 -0.0148831 0
0 8640 phononL 0.004 2.79042 -1.55091 -0.000845332 0
0 8641 phononL 0.004 -2.38945 0.026874 0.0106938 0
0 8642 phononL 0.004 -2.50457 2.27685 0.0363219 0
0 8643 phononL 0.004 -2.68684 -0.0273708 0.0150059 0
0 8644 phononL 0.004 -2.65754 -1.48204 -0.0120818 0
0 8645 phononL 0.004 0.833536 -1.75299 0.0190412 0
0 8646 phononL 0.004 0.473098 -2.42518 0.00765172 0
0 8647 phononL 0.004 1.62241 -0.97209 0.0260291 0
0 8648 phononL 0.004 1.91674 -1.17241 -0.0374419 0
0 8649 phononL 0.004 0.841146 0.964056 0.0278641 0
0 8650 phononL 0.004 0.74523 0.443327 0.024712 0
0 8651 phononL 0.004 -0.620344 0.259428 -0.0177257 0
0 8652 phononL 0.004 -0.0664437 -1.33194 0.0162494 0
0 8653 phononL 0.004 0.451363 1.17583 -0.0064558 0
0 8654 phononL 0.004 -0.279806 2.16855 0.0217949 0
0 8655 phononL 0.004 2.29821 -2.68437 -0.0333092 0
0 8656 phononL 0.004 -0.907053 -0.289249 -0.038822 0
0 8657 phononL 0.004 2.86094 1.92769 0.0274088 0
0 8658 phononL 0.004 1.26083 -2.21709 0.0200504 0
0 8659 phononL 0.004 -1.49074 -2.72319 0.0397743 0
0 8660 phononL 0.004 -0.735576 -2.16297 0.00091108 0
0 8661 phononL 0.004 1.29498 -1.34918 -0.00667676 0
0 8662 phononL 0.004 -1.26537 -0.575664 0.0309819 0
0 8663 phononL 0.004 2.38759 -0.715123 -0.0155804 0
0 8664 phononL 0.004 -1.06703 1.59694 0.00603051 0
0 8665 phononL 0.004 0.298869 0.823567 -0.0018742 0
0 8666 phononL 0.004 1.802 -2.86109 0.0132123 0
0 8667 phononL 0.004 2.39303 -1.17614 0.00948832 0
0 8668 phononL 0.004 2.36782 0.420054 0.00270166 0
0 8669 phononL 0.004 0.0939052 -0.0617686 -0.00701289 0
0 8670 phononL 0.004 -0.660233 -2.54662 0.0341081 0
0 8671 phononL 0.004 -1.53835 1.9332 -0.0254993 0
0 8672 phononL 0.004 -2.86233 0.91261 0.011045 0
0 8673 phononL 0.004 1.37688 -2.37277 -0.00457207 0
0 8674 phononL 0.004 0.194844 -2.63876 -0.0239265 0
0 8675 phononL 0.004 1.98073 -2.81475 0.0244282 0
0 8676 phononL 0.004 -2.2337 -0.407916 0.0316942 0
0 8677 phononL 0.004 0.218323 1.10758 0.00950283 0
0 8678 phononL 0.004 1.4201 1.48432 0.0265583 0
0 8679 phononL 0.004 -0.328629 2.76773 0.0315442 0
0 8680 phononL 0.004 2.11561 2.64044 0.0263113 0
0 8681 phononL 0.004 1.64846 -2.02801 -0.00587196 0
0 8682 phononL 0.004 -0.671854 0.232618 0.0178331 0
0 8683 phononL 0.004 0.520168 -2.56874 0.00732772 0
0 8684 phononL 0.004 1.18666 -1.38023 -0.0365631 0
0 8685 phononL 0.004 0.719042 -0.65848 0.0115023 0
0 8686 phononL 0.004 0.955622 1.41494 0.0336718 0
0 8687 phononL 0.004 -2.40792 2.78547 0.0351023 0
0 8688 phononL 0.004 -2.87379 -1.58352 -0.0206957 0
0 8689 phononL 0.004 0.955717 -1.86434 -0.00142048 0
0 8690 phononL 0.004 -1.79655 2.162 0.0165397 0
0 8691 phononL 0.004 1.20227 2.151 -0.0290745 0
0 8692 phononL 0.004 1.60599 2.42495 -0.0399826 0
0 8693 phononL 0.004 -1.69137 2.16582 -0.00537805 0
0 8694 phononL 0.004 -2.76626 -2.80908 -0.0115595 0
0 8695 phononL 0.004 2.82512 -1.22782 0.0134339 0
0 8696 phononL 0.004 0.487805 -0.752077 -0.019524 0
0 8697 phononL 0.004 -1.03903 2.62419 -0.0275933 0
0 8698 phononL 0.004 2.25241 1.79723 0.0245372 0
0 8699 phononL 0.004 -1.78243 0.91884 0.024995 0
0 8700 phononL 0.004 1.14112 -2.44486 -0.00423585 0
0 8701 phononL 0.004 0.0561701 -0.780695 -0.0120647 0
0 8702 phononL 0.004 -2.60683 -1.52945 -0.0313268 0
0 8703 phononL 0.004 2.34244 -0.563255 -0.0200258 0
0 8704 phononL 0.004 -0.861583 1.16793 0.0274154 0
0 8705 phononL 0.004 -2.15753 0.781889 0.0388997 0
0 8706 phononL 0.004 1.35804 -1.26892 0.0115127 0
0 8707 phononL 0.004 -1.13539 -0.468586 -0.0332894 0
0 8708 phononL 0.004 -0.927266 -1.80997 -0.00828934 0
0 8709 phononL 0.004 1.99725 -1.39094 -0.0389102 0
0 8710 phononL 0.004 1.02798 1.65695 0.0248898 0
0 8711 phononL 0.004 -2.39502 -0.696725 0.0206716 0
0 8712 phononL 0.004 -0.685426 1.1731 -0.0132205 0
0 8713 phononL 0.004 0.224002 -2.33522 -0.0333711 0
0 8714 phononL 0.004 0.945346 -0.0848539 0.0079887 0
0 8715 phononL 0.004 -0.323998 0.862292 -0.00865256 0
0 8716 phononL 0.004 1.03584 -2.85687 0.0159952 0
0 8717 phononL 0.004 0.8149 2.33333 -0.0129784 0
0 8718 phononL 0.004 1.78587 2.07576 -0.023608 0
0 8719 phononL 0.004 0.978346 1.2072 0.0317944 0
0 8720 phononL 0.004 1.65434 1.85896 0.010012 0
0 8721 phononL 0.004 0.408678 1.53197 0.02352 0
0 8722 phononL 0.004 0.848394 0.824681 0.00438306 0
0 8723 phononL 0.004 -1.12875 -2.43908 -0.0382383 0
0 8724 phononL 0.004 -1.11938 -0.454196 0.0028444 0
0 8725 phononL 0.004 0.0319111 0.396875 0.0311219 0
0 8726 phononL 0.004 0.557079 -1.63038 -0.0301868 0
0 8727 phononL 0.004 -2.11466 -0.528924 -0.0059895 0
0 8728 phononL 0.004 -1.86479 1.07913 0.000448007 0
0 8729 phononL 0.004 2.65497 0.786447 -0.0195859 0
0 8730 phononL 0.004 1.72163 0.192409 0.0294956 0
0 8731 phononL 0.004 2.38275 -0.782759 -0.00837376 0
0 8732 phononL 0.004 2.49319 0.815843 -0.0385254 0
0 8733 phononL 0.004 -0.413839 -0.961385 -0.0244701 0
0 8734 phononL 0.004 -2.29764 -0.568875 0.0181614 0
0 8735 phononL 0.004 2.27988 2.03612 -0.0200517 0
0 8736 phononL 0.004 -2.3796 -2.20768 0.00820701 0
0 8737 phononL 0.004 1.66055 0.675082 0.0352514 0
0 8738 phononL 0.004 0.545166 -0.197727 -0.0195917 0
0 8739 phononL 0.004 1.54618 -2.12675 -0.0280581 0
0 8740 phononL 0.004 -1.76673 0.461158 -0.0358062 0
0 8741 phononL 0.004 -0.212891 2.85087 -0.0319648 0
0 8742 phononL 0.004 2.67472 -2.58691 0.0348112 0
0 8743 phononL 0.004 0.801202 0.874785 0.0254097 0
0 8744 phononL 0.004 2.58278 0.310934 0.0374627 0
0 8745 phononL 0.004 2.72168 -0.677278 -0.0396722 0
0 8746 phononL 0.004 1.78367 2.77821 0.00060443 0
0 8747 phononL 0.004 -0.235831 0.668753 -0.0243071 0
0 8748 phononL 0.004 0.669969 -1.7473 5.5315e-05 0
0 8749 phononL 0.004 -0.560768 -1.96663 0.0261981 0
0 8750 phononL 0.004 1.47019 0.984555 -0.0233658 0
0 8751 phononL 0.004 -0.438606 -2.81355 0.0345785 0
0 8752 phononL 0.004 -0.965278 -1.8487 -0.0241218 0
0 8753 phononL 0.004 1.37555 0.172744 0.0332816 0
0 8754 phononL 0.004 1.09404 1.27685 0.0321146 0
0 8755 phononL 0.004 1.30825 -0.0639607 0.0116069 0
0 8756 phononL 0.004 1.20215 -0.161727 0.0112913 0
0 8757 phononL 0.004 0.764202 1.20202 0.0286516 0
0 8758 phononL 0.004 0.291671 -2.0715 0.0317215 0
0 8759 phononL 0.004 -0.168447 -1.42853 0.0236229 0
0 8760 phononL 0.004 0.198549 0.212024 0.00367873 0
0 8761 phononL 0.004 -1.73262 0.925365 -0.0103957 0
0 8762 phononL 0.004 1.47577 -1.97141 0.00759392 0
0 8763 phononL 0.004 -1.77695 -1.88748 -0.0276034 0
0 8764 phononL 0.004 2.73664 1.78016 -0.00235434 0
0 8765 phononL 0.004 2.12236 2.25564 0.0281952 0
0 8766 phononL 0.004 2.74103 -0.029387 0.0345667 0
0 8767 phononL 0.004 0.0918515 -1.30883 0.0378761 0
0 8768 phononL 0.004 1.27751 -1.38089 0.0147993 0
0 8769 phononL 0.004 2.16288 0.807857 0.00840561 0
0 8770 phononL 0.004 0.479114 2.65461 0.0231334 0
0 8771 phononL 0.004 0.96466 -2.06285 0.0167326 0
0 8772 phononL 0.004 -0.155213 1.04939 -0.0379202 0
0 8773 phononL 0.004 1.88919 -2.64812 -0.0313019 0
0 8774 phononL 0.004 -0.710128 -0.135817 0.0128879 0
0 8775 phononL 0.004 1.01009 -1.74121 -0.0161333 0
0 8776 phononL 0.004 -0.145157 -0.0820643 -0.0270047 0
0 8777 phononL 0.004 -2.81966 -2.33289 0.0388026 0
0 8778 phononL 0.004 -0.22244 -0.513581 -0.0178397 0
0 8779 phononL 0.004 -0.168185 -1.90428 -0.0171705 0
0 8780 phononL 0.004 -2.68211 0.569662 -0.0262299 0
0 8781 phononL 0.004 0.214816 -2.78982 0.0370929 0
0 8782 phononL 0.004 1.21748 2.6327 -0.0360182 0
0 8783 phononL 0.004 1.36492 0.429717 -0.0140123 0
0 8784 phononL 0.004 -1.3812 0.825909 -0.00946537 0
0 8785 phononL 0.004 1.91585 -1.0299 0.00752311 0
0 8786 phononL 0.004 -1.60748 -1.54 -0.0335498 0
0 8787 phononL 0.004 0.953732 -2.63093 0.0192763 0
0 8788 phononL 0.004 -2.70484 -2.23837 -0.00968833 0
0 8789 phononL 0.004 -1.498 2.08036 0.00411526 0
0 8790 phononL 0.004 -1.6872 2.44813 -0.0230194 0
0 8791 phononL 0.004 -0.408366 2.24246 0.0125385 0
0 8792 phononL 0.004 0.672158 -1.55216 0.0137435 0
0 8793 phononL 0.004 2.38714 -0.616021 0.0168778 0
0 8794 phononL 0.004 -0.780676 -2.79851 0.0126146 0
0 8795 phononL 0.004 -2.13486 -1.091 0.0345513 0
0 8796 phononL 0.004 -0.980015 1.49832 0.0170882 0
0 8797 phononL 0.004 0.352505 -0.771555 0.0267236 0
0 8798 phononL 0.004 0.209541 -1.30469 -0.0337777 0
0 8799 phononL 0.004 -2.19451 -0.922856 -0.0263292 0
0 8800 phononL 0.004 -1.1581 -0.457228 -0.0380942 0
0 8801 phononL 0.004 1.20631 -0.717497 0.0314148 0
0 8802 phononL 0.004 -0.028088 -1.63964 -0.0233879 0
0 8803 phononL 0.004 0.749819 1.83766 0.0171652 0
0 8804 phononL 0.004 0.933142 -2.33045 0.00784 0
0 8805 phononL 0.004 0.917349 -2.0743 -0.022416 0
0 8806 phononL 0.004 -0.114295 2.37114 -0.0164034 0
0 8807 phononL 0.004 1.69845 1.23521 0.00878962 0
0 8808 phononL 0.004 1.69453 0.587022 0.0214189 0
0 8809 phononL 0.004 -2.67186 -2.72336 -0.0128185 0
0 8810 phononL 0.004 0.806146 1.95198 0.0227224 0
0 8811 phononL 0.004 -0.699504 0.741911 0.00774581 0
0 8812 phononL 0.004 1.20135 -0.550921 -0.0160906 0
0 8813 phononL 0.004 -2.00132 1.01034 0.0053027 0
0 8814 phononL 0.004 2.6006 -1.15111 -0.0331262 0
0 8815 phononL 0.004 -0.783984 -2.66558 0.0150043 0
0 8816 phononL 0.004 2.38399 2.40593 -0.0179398 0
0 8817 phononL 0.004 0.140891 -0.447435 -0.0100211 0
0 8818 phononL 0.004 1.46018 -2.50817 0.0170573 0
0 8819 phononL 0.004 1.0624 -2.684 -0.0221673 0
0 8820 phononL 0.004 -0.745096 0.980518 -0.0121236 0
0 8821 phononL 0.004 0.356354 -1.3873 -0.011889 0
0 8822 phononL 0.004 2.6226 1.63917 -0.0199814 0
0 8823 phononL 0.004 -1.77809 -2.20521 0.00634716 0
0 8824 phononL 0.004 -0.0265528 0.935318 -0.0200261 0
0 8825 phononL 0.004 0.374417 -0.84863 -0.011469 0
0 8826 phononL 0.004 2.61393 1.34818 -0.0249806 0
0 8827 phononL 0.004 0.619135 -1.24116 0.0200134 0
0 8828 phononL 0.004 -2.20284 -2.25862 0.0300925 0
0 8829 phononL 0.004 -2.47535 0.145094 0.0154838 0
0 8830 phononL 0.004 -1.42261 -0.733427 0.013531 0
0 8831 phononL 0.004 -0.0667105 -2.61993 -0.00368148 0
0 8832 phononL 0.004 -0.0785956 -1.03281 -0.0317783 0
0 8833 phononL 0.004 1.93755 0.424255 -0.0194449 0
0 8834 phononL 0.004 2.01278 -2.10143 -0.0118358 0
0 8835 phononL 0.004 -0.49539 1.51551 0.00819149 0
0 8836 phononL 0.004 0.0777398 -2.64968 -0.0167793 0
0 8837 phononL 0.004 0.398479 0.898696 -0.0251725 0
0 8838 phononL 0.004 1.75406 2.61588 -0.0176863 0
0 8839 phononL 0.004 1.67811 0.733647 -0.0291331 0
0 8840 phononL 0.004 1.77462 0.0431715 -0.0253078 0
0 8841 phononL 0.004 2.82178 0.812449 0.0169484 0
0 8842 phononL 0.004 -2.48379 1.05073 0.000461552 0
0 8843 phononL 0.004 -1.08435 -2.73706 0.0132881 0
0 8844 phononL 0.004 -2.04235 0.594768 -0.0396731 0
0 8845 phononL 0.004 0.0959281 -2.40983 -0.0166238 0
0 8846 phononL 0.004 -0.923991 -1.93658 -0.00409142 0
0 8847 phononL 0.004 1.40968 -2.31135 0.0335297 0
0 8848 phononL 0.004 2.5076 2.52257 0.00340772 0
0 8849 phononL 0.004 -0.228488 2.63563 0.000560153 0
0 8850 phononL 0.004 -0.43223 0.0576278 -0.00970725 0
0 8851 phononL 0.004 -2.54633 -1.44865 -0.0138306 0
0 8852 phononL 0.004 -1.58825 -0.0567766 -0.0244695 0
0 8853 phononL 0.004 0.0686169 -1.32211 -0.00590689 0
0 8854 phononL 0.004 -0.968592 -2.78974 0.0157766 0
0 8855 phononL 0.004 -0.920815 -0.776201 -0.0158415 0
0 8856 phononL 0.004 2.13215 -2.8298 0.0283251 0
0 8857 phononL 0.004 -2.16152 -0.762456 0.0108376 0
0 8858 phononL 0.004 -2.81854 0.96752 0.0298521 0
0 8859 phononL 0.004 -1.88449 -2.87025 -0.0275254 0
0 8860 phononL 0.004 -2.33633 0.960348 0.0353127 0
0 8861 phononL 0.004 0.271973 -2.1855 -0.0307634 0
0 8862 phononL 0.004 -1.11828 -0.476943 0.0191358 0
0 8863 phononL 0.004 -2.73061 2.69826 -0.0371104 0
0 8864 phononL 0.004 0.274868 -1.88301 -0.0159766 0
0 8865 phononL 0.004 0.514204 -2.50005 -0.038106 0
0 8866 phononL 0.004 2.65407 -1.58254 -0.00101983 0
0 8867 phononL 0.004 -2.87975 0.40378 0.0263972 0
0 8868 phononL 0.004 -0.0422963 1.63089 -0.0345465 0
0 8869 phononL 0.004 -0.676146 -1.33274 -0.00439841 0
0 8870 phononL 0.004 -1.61869 2.17756 0.0132265 0
0 8871 phononL 0.004 2.57929 0.328868 0.0241896 0
0 8872 phononL 0.004 2.21093 2.52981 0.0208957 0
0 8873 phononL 0.004 -0.757985 0.234983 -0.0235757 0
0 8874 phononL 0.004 -0.540756 -0.612878 -0.0170425 0
0 8875 phononL 0.004 -0.862226 1.69217 -0.0183425 0
0 8876 phononL 0.004 -2.08625 1.60105 -0.0210758 0
0 8877 phononL 0.004 2.69417 2.19096 0.0288775 0
0 8878 phononL 0.004 -1.31132 -0.0414829 -0.0144694 0
0 8879 phononL 0.004 0.796482 -2.60183 0.0329618 0
0 8880 phononL 0.004 -0.522396 2.52867 -0.00427299 0
0 8881 phononL 0.004 -1.88496 -2.25939 0.0141353 0
0 8882 phononL 0.004 -1.64327 -1.60847 -0.0203758 0
0 8883 phononL 0.004 0.192017 -2.49032 -0.0229168 0
0 8884 phononL 0.004 2.86361 -2.46339 -0.0341193 0
0 8885 phononL 0.004 -0.18262 -2.11886 0.000559261 0
0 8886 phononL 0.004 2.33618 -2.29561 0.0251243 0
0 8887 phononL 0.004 0.218618 0.0373615 0.0310307 0
0 8888 phononL 0.004 1.73678 -2.0873 -0.0381336 0
0 8889 phononL 0.004 1.07627 -0.348801 0.00147269 0
0 8890 phononL 0.004 -0.767008 2.31655 -0.0274353 0
0 8891 phononL 0.004 -1.02118 -1.82004 -0.0126093 0
0 8892 phononL 0.004 2.10475 0.739697 -0.020532 0
0 8893 phononL 0.004 -1.9873 1.8932 0.0397522 0
0 8894 phononL 0.004 1.39886 -0.500838 0.0344121 0
0 8895 phononL 0.004 1.31774 -0.476637 0.0181646 0
0 8896 phononL 0.004 1.78062 2.72154 0.0229446 0
0 8897 phononL 0.004 -0.269394 -2.05597 0.0287158 0
0 8898 phononL 0.004 -1.547 -0.295233 0.0391686 0
0 8899 phononL 0.004 -1.32012 -0.0995787 0.0322892 0
0 8900 phononL 0.004 2.10834 -0.505009 0.0122077 0
0 8901 phononL 0.004 2.17964 1.56003 -0.0249082 0
0 8902 phononL 0.004 -0.868906 0.176366 0.0181177 0
0 8903 phononL 0.004 -2.16226 -1.79394 -0.0119458 0
0 8904 phononL 0.004 1.20094 1.77136 0.0348803 0
0 8905 phononL 0.004 0.311875 -1.48777 -0.00297199 0
0 8906 phononL 0.004 -0.0598027 1.21396 -0.0387393 0
0 8907 phononL 0.004 1.42332 -2.76236 -0.0191961 0
0 8908 phononL 0.004 -2.20368 1.40875 0.0375242 0
0 8909 phononL 0.004 -0.648883 1.0538 0.00692613 0
0 8910 phononL 0.004 1.33938 -2.54968 0.0214837 0
0 8911 phononL 0.004 0.668647 1.74982 0.00104459 0
0 8912 phononL 0.004 -0.105086 0.0714118 0.029975 0
0 8913 phononL 0.004 2.83501 -2.44352 -0.029252 0
0 8914 phononL 0.004 0.712719 -2.29651 0.0135985 0
0 8915 phononL 0.004 1.13891 -0.605965 0.00995228 0
0 8916 phononL 0.004 -2.01281 1.4922 0.0306579 0
0 8917 phononL 0.004 -2.67596 1.1108 -0.0188309 0
0 8918 phononL 0.004 -2.21245 1.99406 -0.0076106 0
0 8919 phononL 0.004 -1.98301 -0.293648 0.0259741 0
0 8920 phononL 0.004 0.509371 -0.0688337 0.0311516 0
0 8921 phononL 0.004 -0.822622 2.22473 0.0131258 0
0 8922 phononL 0.004 -2.66823 -1.22149 0.0350844 0
0 8923 phononL 0.004 -1.473 -0.816279 -0.0343549 0
0 8924 phononL 0.004 -2.46408 -2.22376 0.0399582 0
0 8925 phononL 0.004 -1.86509 -2.49254 -0.0238374 0
0 8926 phononL 0.004 -0.771336 -2.44678 -0.0266927 0
0 8927 phononL 0.004 1.66438 -0.950563 0.0217946 0
0 8928 phononL 0.004 0.448979 1.99701 0.00975631 0
0 8929 phononL 0.004 0.0337017 2.13519 0.00409051 0
0 8930 phononL 0.004 -1.64219 -1.67068 -0.0131949 0
0 8931 phononL 0.004 -1.00934 -2.65416 -0.0375582 0
0 8932 phononL 0.004 0.762974 0.984572 -0.0171182 0
0 8933 phononL 0.004 -0.668105 -2.72838 0.0176232 0
0 8934 phononL 0.004 -0.876709 -0.915699 -0.0177525 0
0 8935 phononL 0.004 -0.725415 1.68538 -0.00664764 0
0 8936 phononL 0.004 -1.8217 -1.65851 0.0219124 0
0 8937 phononL 0.004 2.07771 1.87737 0.0156073 0
0 8938 phononL 0.004 -0.459744 -1.73204 0.030607 0
0 8939 phononL 0.004 -2.60261 0.579897 0.00136539 0
0 8940 phononL 0.004 2.34388 1.94415 -0.0147346 0
0 8941 phononL 0.004 0.626319 0.910018 -0.00658537 0
0 8942 phononL 0.004 -0.840824 -1.42368 0.00314238 0
0 8943 phononL 0.004 2.32738 -0.130518 0.0278784 0
0 8944 phononL 0.004 -0.260684 2.6249 0.0348112 0
0 8945 phononL 0.004 0.175527 1.83234 -0.0161354 0
0 8946 phononL 0.004 1.80844 1.89566 0.0217628 0
0 8947 phononL 0.004 -2.43503 1.19271 0.0285369 0
0 8948 phononL 0.004 -2.09475 -0.44331 0.0199227 0
0 8949 phononL 0.004 2.61499 0.378739 0.00896385 0
0 8950 phononL 0.004 -0.366907 1.26352 0.0392329 0
0 8951 phononL 0.004 -2.47491 0.246034 -0.00965653 0
0 8952 phononL 0.004 -2.63659 1.36547 -0.0363701 0
0 8953 phononL 0.004 -2.87934 -0.90166 -0.00023856 0
0 8954 phononL 0.004 -2.08477 -2.85286 0.0306425 0
0 8955 phononL 0.004 1.52298 0.887143 0.00125362 0
0 8956 phononL 0.004 2.66968 1.5814 0.0169294 0
0 8957 phononL 0.004 1.32888 0.815761 0.0230522 0
0 8958 phononL 0.004 -1.95031 0.232505 -0.0101689 0
0 8959 phononL 0.004 -2.82193 1.28592 0.00605886 0
0 8960 phononL 0.004 2.39032 -0.109201 -0.0141932 0
0 8961 phononL 0.004 -1.48013 0.981245 0.0331903 0
0 8962 phononL 0.004 0.04035 -2.17431 -0.01659 0
0 8963 phononL 0.004 -0.0564691 -1.15381 -0.00957346 0
0 8964 phononL 0.004 -2.05002 1.05418 0.0142424 0
0 8965 phononL 0.004 2.6993 -0.303881 0.00905075 0
0 8966 phononL 0.004 0.408833 0.254076 -0.00483069 0
0 8967 phononL 0.004 2.62096 -0.267981 -0.0121362 0
0 8968 phononL 0.004 -2.1243 -1.15797 0.0275642 0
0 8969 phononL 0.004 -0.462017 -1.26128 -0.0338534 0
0 8970 phononL 0.004 0.777972 -0.165772 -0.0130651 0
0 8971 phononL 0.004 -2.55112 1.62658 0.00987248 0
0 8972 phononL 0.004 1.09763 0.759514 -0.0120835 0
0 8973 phononL 0.004 -2.7631 0.157727 0.0100988 0
0 8974 phononL 0.004 2.87091 -2.87875 0.0209288 0
0 8975 phononL 0.004 2.20374 -0.902456 0.0389459 0
0 8976 phononL 0.004 0.446664 0.751994 -0.0181717 0
0 8977 phononL 0.004 0.245013 2.10558 -0.0160683 0
0 8978 phononL 0.004 1.10694 2.82171 -0.0181239 0
0 8979 phononL 0.004 -1.68042 0.63825 0.0266457 0
0 8980 phononL 0.004 0.253034 -0.949775 0.00448475 0
0 8981 phononL 0.004 -2.8474 -1.71803 -0.0224594 0
0 8982 phononL 0.004 2.29683 -1.3132 0.0382852 0
0 8983 phononL 0.004 0.734862 -0.444261 -0.0161837 0
0 8984 phononL 0.004 -0.433025 0.199179 -0.0286078 0
0 8985 phononL 0.004 -2.07749 1.68617 -0.0352432 0
0 8986 phononL 0.004 0.359492 -2.60623 -0.0273676 0
0 8987 phononL 0.004 -0.0841001 0.717678 0.00925275 0
0 8988 phononL 0.004 1.68433 -2.62541 -0.0130869 0
0 8989 phononL 0.004 0.464342 2.83385 0.020815 0
0 8990 phononL 0.004 0.312998 1.38646 0.0216606 0
0 8991 phononL 0.004 1.4915 1.35903 -0.0154475 0
0 8992 phononL 0.004 1.60865 0.576904 -0.034434 0
0 8993 phononL 0.004 0.548235 -0.0414719 -0.00330547 0
0 8994 phononL 0.004 -1.29317 -1.21647 -0.0125973 0
0 8995 phononL 0.004 1.74304 -1.60314 -0.0369346 0
0 8996 phononL 0.004 -1.57614 0.748568 0.0259448 0
0 8997 phononL 0.004 -2.42511 -1.40787 0.023995 0
0 8998 phononL 0.004 -0.973643 -2.83029 -0.0181806 0
0 8999 phononL 0.004 0.77381 -0.4114 -0.025437 0
0 9000 phononL 0.004 0.886053 -0.663137 0.0150981 0
0 9001 phononL 0.004 -0.959874 -1.03562 -0.019414 0
0 9002 phononL 0.004 0.911229 1.50234 0.0128904 0
0 9003 phononL 0.004 -0.522749 -1.9844 -0.00527181 0
0 9004 phononL 0.004 -2.62791 -0.903595 -0.00591413 0
0 9005 phononL 0.004 2.7353 1.01983 0.0259257 0
0 9006 phononL 0.004 -2.56758 -0.0177168 0.0184308 0
0 9007 phononL 0.004 -2.00565 2.85821 0.036299 0
0 9008 phononL 0.004 2.83075 1.69528 -0.00716936 0
0 9009 phononL 0.004 -0.927394 -0.476002 0.025526 0
0 9010 phononL 0.004 2.21556 -0.0781723 -0.0334382 0
0 9011 phononL 0.004 2.43161 2.12885 -0.00273307 0
0 9012 phononL 0.004 0.872213 -0.196992 -0.0063989 0
0 9013 phononL 0.004 2.72398 0.146145 -0.00177126 0
0 9014 phononL 0.004 -0.275352 -2.67535 0.0321719 0
0 9015 phononL 0.004 -0.053914 2.54314 0.0127795 0
0 9016 phononL 0.004 -0.287232 -2.28581 -0.0210326 0
0 9017 phononL 0.004 -1.96123 0.200406 -0.0175272 0
0 9018 phononL 0.004 2.13787 0.854553 0.0352569 0
0 9019 phononL 0.004 -1.26325 2.72296 0.0357813 0
0 9020 phononL 0.004 -2.40842 -1.47542 0.0315775 0
0 9021 phononL 0.004 -0.956977 -0.883983 0.00488337 0
0 9022 phononL 0.004 -0.735234 2.2778 0.00734048 0
0 9023 phononL 0.004 -0.227649 2.77862 0.00702991 0
0 9024 phononL 0.004 0.888374 1.85863 0.0198562 0
0 9025 phononL 0.004 1.83112 2.32049 -0.0137079 0
0 9026 phononL 0.004 -2.712 1.10105 0.0265673 0
0 9027 phononL 0.004 0.987278 -0.702843 0.00705521 0
0 9028 phononL 0.004 -2.56198 0.696977 -0.0179705 0
0 9029 phononL 0.004 -2.69771 0.403008 -0.0101542 0
0 9030 phononL 0.004 -1.55074 2.17251 0.00336862 0
0 9031 phononL 0.004 -1.60733 -0.904192 -0.0240943 0
0 9032 phononL 0.004 -1.30555 -2.16387 -0.0386689 0
0 9033 phononL 0.004 2.08208 -2.1455 -0.0279387 0
0 9034 phononL 0.004 1.02437 -1.22371 0.01265 0
0 9035 phononL 0.004 -0.120782 -2.34534 -0.00123023 0
0 9036 phononL 0.004 0.808565 0.719632 -0.0303225 0
0 9037 phononL 0.004 1.14444 2.131 -0.0272387 0
0 9038 phononL 0.004 -2.71576 0.562156 -0.000796611 0
0 9039 phononL 0.004 -2.50872 1.44 -0.0356078 0
0 9040 phononL 0.004 2.5527 2.46776 0.0141859 0
0 9041 phononL 0.004 -0.336762 2.37983 -0.034891 0
0 9042 phononL 0.004 -1.72428 2.87768 0.0245891 0
0 9043 phononL 0.004 -1.54926 0.167649 0.0241387 0
0 9044 phononL 0.004 -0.885196 -0.573089 -0.0246308 0
0 9045 phononL 0.004 -0.910946 2.75729 -0.0255445 0
0 9046 phononL 0.004 -1.70479 0.11451 0.0214243 0
0 9047 phononL 0.004 2.28384 1.08303 -0.0326648 0
0 9048 phononL 0.004 1.99576 -0.171224 -0.0162967 0
0 9049 phononL 0.004 -2.14611 -2.4136 0.0338486 0
0 9050 phononL 0.004 2.08845 -2.58152 -0.0151438 0
0 9051 phononL 0.004 1.2817 1.69565 -0.0163392 0
0 9052 phononL 0.004 2.32696 -2.05587 -0.022501 0
0 9053 phononL 0.004 1.21319 -0.456388 0.0382001 0
0 9054 phononL 0.004 -2.72331 -2.54681 -0.0135738 0
0 9055 phononL 0.004 0.550647 -1.77394 -0.0121388 0
0 9056 phononL 0.004 -1.33782 -0.442268 0.0160341 0
0 9057 phononL 0.004 -2.07147 0.678475 -0.0319213 0
0 9058 phononL 0.004 -0.709103 0.255005 0.00175483 0
0 9059 phononL 0.004 -0.280004 -1.87884 0.0100803 0
0 9060 phononL 0.004 -0.478968 2.31439 0.0365883 0
0 9061 phononL 0.004 2.86716 1.43082 0.0317635 0
0 9062 phononL 0.004 -1.1421 -2.2293 -0.0160513 0
0 9063 phononL 0.004 0.318037 0.896244 -0.00258866 0
0 9064 phononL 0.004 -0.112456 -2.56704 -0.0105937 0
0 9065 phononL 0.004 -2.83958 2.03677 0.0270523 0
0 9066 phononL 0.004 -0.763161 -1.60968 -0.00992258 0
0 9067 phononL 0.004 2.72319 -2.76164 0.0136015 0
0 9068 phononL 0.004 -1.99194 0.611966 -0.0396482 0
0 9069 phononL 0.004 -0.533361 2.00293 0.00888506 0
0 9070 phononL 0.004 0.879948 1.14161 -0.0234842 0
0 9071 phononL 0.004 -0.0793552 -2.16315 -0.0107353 0
0 9072 phononL 0.004 -0.219459 2.47034 0.0212831 0
0 9073 phononL 0.004 -2.45342 -1.97851 -0.0171012 0
0 9074 phononL 0.004 2.806 -1.99594 -0.0351192 0
0 9075 phononL 0.004 2.60102 -2.83041 -0.0255321 0
0 9076 phononL 0.004 1.45046 0.741611 0.0101498 0
0 9077 phononL 0.004 2.48969 1.31017 -0.0318962 0
0 9078 phononL 0.004 -2.6005 1.31489 -0.0227794 0
0 9079 phononL 0.004 2.12828 0.157679 -0.032957 0
0 9080 phononL 0.004 -1.35757 -0.379555 -0.0299878 0
0 9081 phononL 0.004 -1.31878 1.75075 -0.0303819 0
0 9082 phononL 0.004 -1.18137 -1.21361 0.0181981 0
0 9083 phononL 0.004 1.22184 -2.08468 0.0362452 0
0 9084 phononL 0.004 1.57105 -0.746611 -0.0129578 0
0 9085 phononL 0.004 0.0154295 -1.16544 0.0293505 0
0 9086 phononL 0.004 1.21803 -1.63342 0.0237643 0
0 9087 phononL 0.004 2.8133 2.38312 0.0232189 0
0 9088 phononL 0.004 1.59259 -0.390441 -0.0366735 0
0 9089 phononL 0.004 0.0829212 -1.54154 0.023322 0
0 9090 phononL 0.004 -1.24469 1.49623 -0.0101063 0
0 9091 phononL 0.004 -1.7038 -2.36788 0.00664077 0
0 9092 phononL 0.004 -1.58207 2.53464 0.0144077 0
0 9093 phononL 0.004 2.5142 1.67946 -0.0249508 0
0 9094 phononL 0.004 -2.09937 -1.30837 0.0328669 0
0 9095 phononL 0.004 -2.18119 0.512262 -0.0263915 0
0 9096 phononL 0.004 2.70077 1.67823 0.00773381 0
0 9097 phononL 0.004 1.48549 2.40153 0.0395666 0
0 9098 phononL 0.004 1.32541 0.938374 0.0370046 0
0 9099 phononL 0.004 2.48754 0.427532 -0.0217547 0
0 9100 phononL 0.004 -1.36029 -0.386847 0.0315363 0
0 9101 phononL 0.004 1.75934 -0.0632805 0.0253323 0
0 9102 phononL 0.004 0.202025 1.39686 0.0164591 0
0 9103 phononL 0.004 -0.875353 1.0597 -0.0131364 0
0 9104 phononL 0.004 0.630321 1.93043 -0.00999118 0
0 9105 phononL 0.004 1.56367 2.00085 0.0121354 0
0 9106 phononL 0.004 0.495856 0.68347 0.0266174 0
0 9107 phononL 0.004 1.09154 1.18475 -0.0219522 0
0 9108 phononL 0.004 -2.75726 2.32111 0.014091 0
0 9109 phononL 0.004 1.05696 1.87485 -0.0142164 0
0 9110 phononL 0.004 -2.06926 2.05245 0.0300265 0
0 9111 phononL 0.004 1.97558 1.20488 -0.000112425 0
0 9112 phononL 0.004 2.51249 0.15609 0.0327144 0
0 9113 phononL 0.004 -1.98388 1.03883 -0.0259123 0
0 9114 phononL 0.004 2.39015 2.15667 -0.0309599 0
0 9115 phononL 0.004 -0.161225 -2.1431 0.00205708 0
0 9116 phononL 0.004 0.872443 1.0086 0.0136478 0
0 9117 phononL 0.004 2.71944 -2.07086 0.0235566 0
0 9118 phononL 0.004 1.39415 1.57778 0.0112268 0
0 9119 phononL 0.004 -0.462655 -1.96908 0.0260127 0
0 9120 phononL 0.004 -0.207944 -1.99032 0.0251159 0
0 9121 phononL 0.004 -1.59915 -2.13773 0.037757 0
0 9122 phononL 0.004 1.58447 1.27108 0.0176387 0
0 9123 phononL 0.004 -2.77578 -0.222669 0.00824891 0
0 9124 phononL 0.004 2.80824 0.535065 0.00586143 0
0 9125 phononL 0.004 0.914599 1.48944 0.0376388 0
0 9126 phononL 0.004 -0.441669 -0.587405 0.00389359 0
0 9127 phononL 0.004 1.58313 -0.50468 0.0118737 0
0 9128 phononL 0.004 -2.1509 -2.29985 -0.0170812 0
0 9129 phononL 0.004 2.34554 -2.31372 -0.0265151 0
0 9130 phononL 0.004 -1.69118 2.66122 -0.0375144 0
0 9131 phononL 0.004 1.68532 1.95593 -0.0114171 0
0 9132 phononL 0.004 -2.71967 -0.938358 -0.0217973 0
0 9133 phononL 0.004 -1.08112 -0.246988 -0.0351818 0
0 9134 phononL 0.004 -2.63027 -1.72964 0.000286534 0
0 9135 phononL 0.004 -1.98478 1.40411 0.0205349 0
0 9136 phononL 0.004 0.881791 -0.385612 0.0169855 0
0 9137 phononL 0.004 2.0315 -2.292 0.00705438 0
0 9138 phononL 0.004 -1.7494 -0.351677 0.0151609 0
0 9139 phononL 0.004 -0.621188 -2.28822 0.024272 0
0 9140 phononL 0.004 -2.39781 -0.777316 0.023422 0
0 9141 phononL 0.004 -2.14155 -0.453786 -0.00052513 0
0 9142 phononL 0.004 0.489303 2.19337 0.0198512 0
0 9143 phononL 0.004 -1.03181 1.84559 0.0370715 0
0 9144 phononL 0.004 -1.73637 -1.00977 -0.0222606 0
0 9145 phononL 0.004 -2.11238 -2.70631 0.004033 0
0 9146 phononL 0.004 1.5814 -0.595695 0.0206746 0
0 9147 phononL 0.004 0.125774 0.170879 -0.0248886 0
0 9148 phononL 0.004 -2.38004 -1.84984 0.00784435 0
0 9149 phononL 0.004 -0.770203 -1.38516 -0.001179 0
0 9150 phononL 0.004 1.01519 -1.34979 0.0108657 0
0 9151 phononL 0.004 0.986441 1.25407 -0.00475289 0
0 9152 phononL 0.004 -1.53631 -0.445991 -0.0395104 0
0 9153 phononL 0.004 -2.34572 -1.47989 0.00404952 0
0 9154 phononL 0.004 1.58556 -0.00882386 -0.0243863 0
0 9155 phononL 0.004 0.209802 1.52252 0.0184117 0
0 9156 phononL 0.004 -0.429078 -2.0322 -0.0245545 0
0 9157 phononL 0.004 1.83843 2.25286 -0.0367191 0
0 9158 phononL 0.004 -0.769858 -1.26586 0.0237116 0
0 9159 phononL 0.004 -2.14423 1.22323 -0.0175616 0
0 9160 phononL 0.004 -2.15834 2.78824 0.023942 0
0 9161 phononL 0.004 -2.6072 0.199269 0.010828 0
0 9162 phononL 0.004 2.39816 -0.0977547 0.0301817 0
0 9163 phononL 0.004 1.71291 -1.77025 0.00577569 0
0 9164 phononL 0.004 -1.32169 1.12976 0.0281366 0
0 9165 phononL 0.004 1.95992 0.413541 -0.0179918 0
0 9166 phononL 0.004 -0.312931 1.73798 0.0224529 0
0 9167 phononL 0.004 -2.64914 -2.79294 0.0027917 0
0 9168 phononL 0.004 -2.16632 -0.489973 0.000829037 0
0 9169 phononL 0.004 -0.944901 0.857398 0.0268106 0
0 9170 phononL 0.004 1.73417 1.07916 0.0381131 0
0 9171 phononL 0.004 1.47926 1.246 -0.0360362 0
0 9172 phononL 0.004 -0.0979116 0.983461 -0.0170264 0
0 9173 phononL 0.004 1.66258 0.873444 0.0160957 0
0 9174 phononL 0.004 1.15896 2.10771 0.0165112 0
0 9175 phononL 0.004 -0.165645 -1.75396 0.0268612 0
0 9176 phononL 0.004 2.62397 -0.235587 0.0372895 0
0 9177 phononL 0.004 2.4472 -2.14541 0.00814983 0
0 9178 phononL 0.004 -1.93926 0.668315 0.0162728 0
0 9179 phononL 0.004 1.81197 1.46003 -0.0344236 0
0 9180 phononL 0.004 -1.91733 2.14759 -0.00436383 0
0 9181 phononL 0.004 -1.9857 1.89619 -0.0362043 0
0 9182 phononL 0.004 -1.66585 2.41691 -0.0120474 0
0 9183 phononL 0.004 0.366748 0.758215 0.00243125 0
0 9184 phononL 0.004 -1.75383 2.81236 -0.00128298 0
0 9185 phononL 0.004 -2.02946 -1.68299 0.0139671 0
0 9186 phononL 0.004 1.0838 0.382724 -0.00771835 0
0 9187 phononL 0.004 -0.0233311 -0.280078 0.0306804 0
0 9188 phononL 0.004 1.70413 -1.07359 0.000811116 0
0 9189 phononL 0.004 1.15725 2.27047 -0.0266294 0
0 9190 phononL 0.004 2.81816 0.472176 -0.0355949 0
0 9191 phononL 0.004 0.804183 1.32867 -0.00592794 0
0 9192 phononL 0.004 2.22604 -0.377372 0.00888887 0
0 9193 phononL 0.004 1.49702 0.376854 0.0118557 0
0 9194 phononL 0.004 0.0715576 -2.22805 0.014315 0
0 9195 phononL 0.004 -0.852438 1.16412 0.0248456 0
0 9196 phononL 0.004 -2.27455 1.54866 0.00720801 0
0 9197 phononL 0.004 -0.452861 1.37163 0.0284539 0
0 9198 phononL 0.004 -0.181376 2.34838 0.03592 0
0 9199 phononL 0.004 -1.47201 2.6411 0.0290722 0
0 9200 phononL 0.004 -1.06644 -1.28379 -0.00468913 0
0 9201 phononL 0.004 -0.187754 2.23285 -0.0276828 0
0 9202 phononL 0.004 -0.586896 -1.04365 -0.027275 0
0 9203 phononL 0.004 0.0953786 2.17709 0.0375238 0
0 9204 phononL 0.004 2.23967 -1.98143 0.038716 0
0 9205 phononL 0.004 -2.48738 2.57117 0.0349915 0
0 9206 phononL 0.004 -1.75791 -2.47271 -0.0359278 0
0 9207 phononL 0.004 -2.46733 -1.58455 -0.013819 0
0 9208 phononL 0.004 -1.82146 1.65597 0.0317013 0
0 9209 phononL 0.004 -2.44965 2.66491 0.0315673 0
0 9210 phononL 0.004 1.37692 1.48969 -0.0102626 0
0 9211 phononL 0.004 -2.19984 0.3414 -0.0392103 0
0 9212 phononL 0.004 1.81385 -0.501965 0.0027574 0
0 9213 phononL 0.004 -0.980643 -1.59927 0.018424 0
0 9214 phononL 0.004 2.4201 1.8299 0.028024 0
0 9215 phononL 0.004 1.12173 -0.659359 -0.024434 0
0 9216 phononL 0.004 -0.676877 -2.26027 -0.0209955 0
0 9217 phononL 0.004 0.189486 -2.86054 -0.00865656 0
0 9218 phononL 0.004 1.86371 2.75535 0.00138377 0
0 9219 phononL 0.004 2.01115 2.48853 0.0235028 0
0 9220 phononL 0.004 -2.18097 -1.91141 0.0202297 0
0 9221 phononL 0.004 1.46898 1.72991 0.0181825 0
0 9222 phononL 0.004 2.12712 0.904516 0.0369522 0
0 9223 phononL 0.004 -2.43753 1.05304 -0.0113658 0
0 9224 phononL 0.004 -2.88194 2.21956 -0.0293358 0
0 9225 phononL 0.004 -2.8054 1.08036 -0.0232428 0
0 9226 phononL 0.004 2.03674 -1.24093 0.0240302 0
0 9227 phononL 0.004 -2.84612 -0.0710363 -0.0277844 0
0 9228 phononL 0.004 2.50225 -2.43697 -0.0225402 0
0 9229 phononL 0.004 1.02218 -0.174532 -0.00136205 0
0 9230 phononL 0.004 -2.38082 -2.66066 -0.0234755 0
0 9231 phononL 0.004 2.53887 2.74256 0.0243581 0
0 9232 phononL 0.004 -1.7497 -1.57692 0.00034802 0
0 9233 phononL 0.004 0.161401 2.45445 -0.036352 0
0 9234 phononL 0.004 0.240851 -2.30784 0.0172831 0
0 9235 phononL 0.004 2.57077 -0.551002 -0.0386671 0
0 9236 phononL 0.004 -1.96528 1.05332 0.0255559 0
0 9237 phononL 0.004 2.60515 -0.58403 -0.0185399 0
0 9238 phononL 0.004 -0.641914 -0.25745 0.0300081 0
0 9239 phononL 0.004 -1.026 -1.2782 0.00803271 0
0 9240 phononL 0.004 2.31789 -2.56014 -0.0197877 0
0 9241 phononL 0.004 -1.14845 2.53742 -0.00953752 0
0 9242 phononL 0.004 -0.65475 -1.91968 0.030736 0
0 9243 phononL 0.004 0.952554 -1.23264 0.0306573 0
0 9244 phononL 0.004 0.884538 -2.09201 -0.0141383 0
0 9245 phononL 0.004 -1.56765 -1.69554 -0.0252634 0
0 9246 phononL 0.004 -2.21051 -1.38351 -0.0166278 0
0 9247 phononL 0.004 2.26183 1.98661 0.014265 0
0 9248 phononL 0.004 0.0803742 0.305262 0.010945 0
0 9249 phononL 0.004 -0.20646 -1.4874 0.0361577 0
0 9250 phononL 0.004 -0.675033 -1.39286 0.0338269 0
0 9251 phononL 0.004 -2.6711 -1.23578 0.00978896 0
0 9252 phononL 0.004 -1.733 -0.0238341 0.0341767 0
0 9253 phononL 0.004 -0.0109065 -0.316002 -0.00891672 0
0 9254 phononL 0.004 -0.66398 1.1213 -0.0126202 0
0 9255 phononL 0.004 1.89028 1.99289 -0.0369125 0
0 9256 phononL 0.004 0.251236 -0.987133 -0.0202486 0
0 9257 phononL 0.004 2.03947 -1.00234 0.0374587 0
0 9258 phononL 0.004 0.98282 1.57399 0.0177397 0
0 9259 phononL 0.004 1.05849 1.92167 -0.00030429 0
0 9260 phononL 0.004 2.14969 -1.93856 0.0227039 0
0 9261 phononL 0.004 1.4248 0.511784 -0.0340052 0
0 9262 phononL 0.004 1.06162 2.15776 0.0310146 0
0 9263 phononL 0.004 -2.16908 -1.16505 -0.0353491 0
0 9264 phononL 0.004 2.6801 -1.75945 0.0384038 0
0 9265 phononL 0.004 2.11139 0.305525 -0.00355134 0
0 9266 phononL 0.004 -0.246347 0.74638 -0.0367658 0
0 9267 phononL 0.004 -1.98853 -0.784993 -0.0217328 0
0 9268 phononL 0.004 -1.1145 -2.20006 -0.0115097 0
0 9269 phononL 0.004 0.384478 1.20756 -0.0276918 0
0 9270 phononL 0.004 2.04759 1.8757 -0.0350998 0
0 9271 phononL 0.004 0.860665 -0.367327 -0.0215102 0
0 9272 phononL 0.004 -1.96551 0.279758 -0.00294941 0
0 9273 phononL 0.004 -1.06998 1.52654 0.0184246 0
0 9274 phononL 0.004 -0.854244 -1.33043 0.00997366 0
0 9275 phononL 0.004 -2.09476 -0.409471 0.0296137 0
0 9276 phononL 0.004 -0.195629 -0.824235 0.00562366 0
0 9277 phononL 0.004 -2.49686 -1.27881 -0.00772735 0
0 9278 phononL 0.004 -1.56155 1.36048 -0.00192981 0
0 9279 phononL 0.004 1.1434 -1.80561 -0.00791927 0
0 9280 phononL 0.004 -1.82739 1.0023 0.0335942 0
0 9281 phononL 0.004 -2.87246 1.43036 -0.0216565 0
0 9282 phononL 0.004 -0.386169 2.37134 -0.00856891 0
0 9283 phononL 0.004 -0.00106526 2.84632 -0.0082193 0
0 9284 phononL 0.004 1.43452 0.970513 -0.0172028 0
0 9285 phononL 0.004 2.46042 2.23683 -0.0193087 0
0 9286 phononL 0.004 -1.69059 0.785763 -0.0248196 0
0 9287 phononL 0.004 2.74723 0.264267 -0.00126192 0
0 9288 phononL 0.004 -0.123159 2.12881 0.0347692 0
0 9289 phononL 0.004 -0.0174785 -1.26465 0.0177019 0
0 9290 phononL 0.004 -2.75354 -2.34232 -0.0110453 0
0 9291 phononL 0.004 2.4127 -2.21566 -0.0062748 0
0 9292 phononL 0.004 2.8012 -0.472472 -0.0248612 0
0 9293 phononL 0.004 2.68645 1.94042 0.0283241 0
0 9294 phononL 0.004 -2.13064 0.737201 -0.0134369 0
0 9295 phononL 0.004 2.01689 0.319569 -0.0107547 0
0 9296 phononL 0.004 -1.34685 -0.0408748 0.0220676 0
0 9297 phononL 0.004 2.33932 -2.07042 0.0323697 0
0 9298 phononL 0.004 -0.29767 -2.83469 0.0287972 0
0 9299 phononL 0.004 -2.19718 1.45523 -0.0103272 0
0 9300 phononL 0.004 -1.90796 0.541445 0.021699 0
0 9301 phononL 0.004 -1.18967 0.283959 0.0288928 0
0 9302 phononL 0.004 0.0213571 1.59721 -0.0349174 0
0 9303 phononL 0.004 2.7216 0.94127 0.0352276 0
0 9304 phononL 0.004 -2.8522 -1.22356 -0.0171867 0
0 9305 phononL 0.004 1.27238 -1.44792 -0.0175559 0
0 9306 phononL 0.004 2.17408 1.07236 -0.0152414 0
0 9307 phononL 0.004 -1.27532 1.79273 -0.0385479 0
0 9308 phononL 0.004 0.896502 -0.418979 0.00508133 0
0 9309 phononL 0.004 0.178142 2.64733 0.0384175 0
0 9310 phononL 0.004 -0.348059 -1.36053 0.000330951 0
0 9311 phononL 0.004 -1.60637 -1.23425 -0.027946 0
0 9312 phononL 0.004 0.0981938 -1.84606 -0.00762398 0
0 9313 phononL 0.004 -0.823274 1.50222 0.0170147 0
0 9314 phononL 0.004 -1.27224 2.67349 0.00844937 0
0 9315 phononL 0.004 2.19406 1.69692 -0.013891 0
0 9316 phononL 0.004 2.31992 -1.55292 0.0387053 0
0 9317 phononL 0.004 -1.41563 0.0849674 -0.0385611 0
0 9318 phononL 0.004 -1.4972 -1.14924 -0.0082114 0
0 9319 phononL 0.004 2.08159 2.17832 -0.0277813 0
0 9320 phononL 0.004 0.615971 -1.09256 0.00866217 0
0 9321 phononL 0.004 -2.49651 -2.22471 0.026178 0
0 9322 phononL 0.004 -0.677815 2.29424 -0.0271668 0
0 9323 phononL 0.004 -2.07923 -1.10072 0.0266366 0
0 9324 phononL 0.004 -0.597834 -2.76954 -0.0243647 0
0 9325 phononL 0.004 1.61168 -2.80232 0.0167836 0
0 9326 phononL 0.004 -1.67535 0.939464 0.00621104 0
0 9327 phononL 0.004 0.744699 -1.86501 0.00601097 0
0 9328 phononL 0.004 2.15508 1.10066 -0.0228979 0
0 9329 phononL 0.004 0.134553 2.22852 -0.00893073 0
0 9330 phononL 0.004 1.67853 1.21556 -0.00319658 0
0 9331 phononL 0.004 -2.70319 0.256834 -0.00921984 0
0 9332 phononL 0.004 -2.02941 1.00659 0.0335205 0
0 9333 phononL 0.004 -1.027 -1.22956 -0.0370888 0
0 9334 phononL 0.004 1.45068 -1.3674 -0.0101195 0
0 9335 phononL 0.004 -2.44467 2.43703 -0.0179022 0
0 9336 phononL 0.004 -0.270524 -1.47479 -0.017276 0
0 9337 phononL 0.004 -0.868565 -0.734334 0.0201281 0
0 9338 phononL 0.004 -1.17994 -1.74499 0.028202 0
0 9339 phononL 0.004 0.334523 1.97996 0.0132809 0
0 9340 phononL 0.004 2.21638 -2.5668 -0.0291476 0
0 9341 phononL 0.004 1.47963 -0.570271 0.0225044 0
0 9342 phononL 0.004 -1.05417 2.72146 -0.0229512 0
0 9343 phononL 0.004 1.61383 -2.15574 0.0106708 0
0 9344 phononL 0.004 -1.09027 0.973836 0.00307407 0
0 9345 phononL 0.004 -1.91094 0.549121 0.00603894 0
0 9346 phononL 0.004 -1.9587 0.0093233 -0.0350243 0
0 9347 phononL 0.004 -0.448993 0.216793 0.0325148 0
0 9348 phononL 0.004 2.00526 2.56122 -0.0339337 0
0 9349 phononL 0.004 -0.634347 -1.69605 0.0131826 0
0 9350 phononL 0.004 2.76255 2.54873 0.0069059 0
0 9351 phononL 0.004 -1.8308 0.303197 0.00865354 0
0 9352 phononL 0.004 -2.46435 0.278189 -0.0344201 0
0 9353 phononL 0.004 -2.2757 0.206842 -0.0172522 0
0 9354 phononL 0.004 2.47219 0.0381753 -0.00419424 0
0 9355 phononL 0.004 2.28803 0.691646 0.0178457 0
0 9356 phononL 0.004 -1.49212 1.43625 0.0100611 0
0 9357 phononL 0.004 -1.64842 1.91561 -0.0150595 0
0 9358 phononL 0.004 2.50304 -0.00814678 -0.0173857 0
0 9359 phononL 0.004 2.05464 0.13026 -0.0374998 0
0 9360 phononL 0.004 2.47208 -1.59362 -0.0155838 0
0 9361 phononL 0.004 -0.244845 -0.716816 -0.0285397 0
0 9362 phononL 0.004 2.84919 1.69956 -0.00384111 0
0 9363 phononL 0.004 -0.526416 -1.58637 -0.0131226 0
0 9364 phononL 0.004 2.27925 0.529134 -0.00216194 0
0 9365 phononL 0.004 2.39153 -0.687485 -0.0303574 0
0 9366 phononL 0.004 -0.407417 -1.76532 -0.0242553 0
0 9367 phononL 0.004 -1.04166 0.0977592 0.0351729 0
0 9368 phononL 0.004 0.854125 1.92622 0.0383187 0
0 9369 phononL 0.004 2.56902 0.997369 -0.0347617 0
0 9370 phononL 0.004 -1.68058 -0.802775 -0.0283726 0
0 9371 phononL 0.004 -1.4311 -0.802591 -0.0171054 0
0 9372 phononL 0.004 0.406592 1.5171 -0.0344718 0
0 9373 phononL 0.004 2.51578 0.372719 -0.0199757 0
0 9374 phononL 0.004 -2.10589 2.82537 -0.0172867 0
0 9375 phononL 0.004 1.26051 -0.387932 0.0360818 0
0 9376 phononL 0.004 -2.162 2.71295 0.00261638 0
0 9377 phononL 0.004 -2.37939 0.0540917 0.0294772 0
0 9378 phononL 0.004 -1.47462 1.90419 -0.0353404 0
0 9379 phononL 0.004 -1.33155 0.481765 0.0130692 0
0 9380 phononL 0.004 -2.26192 -1.11555 -0.0306085 0
0 9381 phononL 0.004 1.31069 2.83875 0.0353849 0
0 9382 phononL 0.004 -2.13155 -1.87393 0.0360473 0
0 9383 phononL 0.004 2.44126 1.97857 -0.00665597 0
0 9384 phononL 0.004 -2.03195 -1.78874 -0.0115812 0
0 9385 phononL 0.004 1.68598 0.506408 -0.0338622 0
0 9386 phononL 0.004 1.61883 -0.354385 0.0249528 0
0 9387 phononL 0.004 0.353719 -0.456987 0.0250783 0
0 9388 phononL 0.004 -2.28929 0.555257 -0.00446549 0
0 9389 phononL 0.004 -0.96192 -0.0548621 -0.02813 0
0 9390 phononL 0.004 -2.52504 -2.44347 -0.0140343 0
0 9391 phononL 0.004 -2.74235 2.06915 -0.0327465 0
0 9392 phononL 0.004 -2.569 -2.74934 0.00068122 0
0 9393 phononL 0.004 -1.93699 -1.97904 -0.0378448 0
0 9394 phononL 0.004 2.23658 1.93781 -0.0385447 0
0 9395 phononL 0.004 1.74767 -1.33941 -0.0246243 0
0 9396 phononL 0.004 1.07189 1.38769 -0.00986603 0
0 9397 phononL 0.004 -2.08565 1.32851 0.0166058 0
0 9398 phononL 0.004 2.14559 -2.71094 -0.016918 0
0 9399 phononL 0.004 1.87444 -1.5005 -0.0125489 0
0 9400 phononL 0.004 2.0762 2.1673 -0.0350297 0
0 9401 phononL 0.004 1.90028 0.394836 0.00433849 0
0 9402 phononL 0.004 0.413362 -1.98967 0.0387627 0
0 9403 phononL 0.004 1.39882 2.69323 -0.0235083 0
0 9404 phononL 0.004 -0.794538 1.14918 -0.00472977 0
0 9405 phononL 0.004 1.51442 -2.70065 0.011803 0
0 9406 phononL 0.004 0.287031 -0.291115 0.0284155 0
0 9407 phononL 0.004 -2.62934 2.38217 0.015987 0
0 9408 phononL 0.004 -2.02814 -0.499965 -0.0130551 0
0 9409 phononL 0.004 -0.709986 -2.75254 -0.000467513 0
0 9410 phononL 0.004 -2.86093 -0.341157 0.0154759 0
0 9411 phononL 0.004 1.49347 -0.0392342 0.038556 0
0 9412 phononL 0.004 2.68632 -1.80457 0.017984 0
0 9413 phononL 0.004 0.178611 2.26718 0.0221894 0
0 9414 phononL 0.004 1.35996 -1.48729 0.0397039 0
0 9415 phononL 0.004 -0.103155 -1.69146 0.0285155 0
0 9416 phononL 0.004 -1.99216 -2.156 0.0355647 0
0 9417 phononL 0.004 0.162589 1.79407 0.0212841 0
0 9418 phononL 0.004 1.58395 2.28397 -0.0173169 0
0 9419 phononL 0.004 -2.53944 0.995482 -0.0088117 0
0 9420 phononL 0.004 -1.21922 2.87048 -0.038985 0
0 9421 phononL 0.004 -1.69123 1.69587 -0.0163679 0
0 9422 phononL 0.004 2.09728 -1.00599 0.0364247 0
0 9423 phononL 0.004 -1.06007 -2.23364 0.0360999 0
0 9424 phononL 0.004 -0.9541 2.81642 0.00906167 0
0 9425 phononL 0.004 2.2159 -0.609147 0.0101285 0
0 9426 phononL 0.004 1.08262 1.97649 -0.0314612 0
0 9427 phononL 0.004 2.39671 -0.357819 -0.0254449 0
0 9428 phononL 0.004 1.26772 2.02748 -0.035919 0
0 9429 phononL 0.004 1.36673 1.863 0.0288481 0
0 9430 phononL 0.004 -0.203857 -0.997749 0.0248139 0
0 9431 phononL 0.004 1.6572 -1.30906 0.0233373 0
0 9432 phononL 0.004 -1.25191 -0.510614 -0.0245394 0
0 9433 phononL 0.004 2.7924 -1.41644 -0.000718026 0
0 9434 phononL 0.004 -1.63307 2.60664 -0.0282728 0
0 9435 phononL 0.004 -1.75756 0.364794 -0.0307011 0
0 9436 phononL 0.004 0.191568 0.946789 0.000286875 0
0 9437 phononL 0.004 -0.164914 0.224739 0.0240106 0
0 9438 phononL 0.004 -0.414588 2.67782 0.0193664 0
0 9439 phononL 0.004 -1.36757 -1.27768 -0.02148 0
0 9440 phononL 0.004 -2.27381 2.09725 0.0234909 0
0 9441 phononL 0.004 1.72492 -2.16668 0.00833167 0
0 9442 phononL 0.004 -2.44943 1.29381 0.0311501 0
0 9443 phononL 0.004 -0.876542 0.199523 -0.0288683 0
0 9444 phononL 0.004 0.492645 0.924492 0.0379635 0
0 9445 phononL 0.004 -1.48719 -0.0374689 -0.030422 0
0 9446 phononL 0.004 0.7103 -1.5974 0.0337086 0
0 9447 phononL 0.004 -0.769375 1.48044 -0.0103145 0
0 9448 phononL 0.004 1.85375 -1.99949 -0.0320727 0
0 9449 phononL 0.004 -1.17107 0.369454 -0.0251129 0
0 9450 phononL 0.004 -1.72839 -2.13639 -0.010916 0
0 9451 phononL 0.004 -0.661798 -2.80469 -0.0323695 0
0 9452 phononL 0.004 1.35964 -2.06861 -0.0125569 0
0 9453 phononL 0.004 2.46056 0.0658321 -0.0363143 0
0 9454 phononL 0.004 -1.96882 1.20052 0.0211273 0
0 9455 phononL 0.004 -2.56725 0.134934 0.0331481 0
0 9456 phononL 0.004 2.26691 0.219891 0.0383627 0
0 9457 phononL 0.004 2.45045 2.30556 -0.00571227 0
0 9458 phononL 0.004 -0.107689 -2.33658 0.00116593 0
0 9459 phononL 0.004 -1.41435 2.33081 -0.0389302 0
0 9460 phononL 0.004 -2.20461 0.503082 -0.00952442 0
0 9461 phononL 0.004 0.641977 -2.67014 -0.0319271 0
0 9462 phononL 0.004 2.64336 -0.293806 0.0343907 0
0 9463 phononL 0.004 -2.81664 2.34633 -0.0296666 0
0 9464 phononL 0.004 2.56656 -1.41263 0.017036 0
0 9465 phononL 0.004 0.928365 -1.13523 -0.0137146 0
0 9466 phononL 0.004 2.87765 -2.53289 -0.0279305 0
0 9467 phononL 0.004 -2.37756 -2.62493 0.0181591 0
0 9468 phononL 0.004 2.80465 -0.914009 -0.0118298 0
0 9469 phononL 0.004 -0.415373 -0.533102 0.0343367 0
0 9470 phononL 0.004 2.75777 1.22404 -0.0335129 0
0 9471 phononL 0.004 1.77598 0.212715 0.0169068 0
0 9472 phononL 0.004 -2.0665 -2.6593 -0.0231845 0
0 9473 phononL 0.004 1.76347 1.92075 0.0288049 0
0 9474 phononL 0.004 -2.41845 -1.91188 0.0348556 0
0 9475 phononL 0.004 1.33348 -2.21067 0.0301643 0
0 9476 phononL 0.004 -2.18272 -0.100328 -0.0137364 0
0 9477 phononL 0.004 -0.317306 0.166664 0.0270073 0
0 9478 phononL 0.004 1.28152 -1.98761 0.0198156 0
0 9479 phononL 0.004 -0.485057 2.71813 0.0353329 0
0 9480 phononL 0.004 2.17631 -0.639636 0.0195834 0
0 9481 phononL 0.004 -2.61024 2.5404 0.0146588 0
0 9482 phononL 0.004 -0.823753 0.665976 0.0363018 0
0 9483 phononL 0.004 -0.647005 0.233562 0.00129253 0
0 9484 phononL 0.004 -1.54405 0.681164 0.0314808 0
0 9485 phononL 0.004 1.73525 1.28462 -0.00176656 0
0 9486 phononL 0.004 -1.66707 2.73158 -0.00911377 0
0 9487 phononL 0.004 -0.511433 2.4801 0.00564222 0
0 9488 phononL 0.004 0.59062 -2.27769 -0.0135641 0
0 9489 phononL 0.004 -0.562562 2.87948 -0.0351361 0
0 9490 phononL 0.004 -0.951202 1.74867 0.0103482 0
0 9491 phononL 0.004 0.574545 0.512252 0.0234354 0
0 9492 phononL 0.004 2.80178 2.34975 -0.0189026 0
0 9493 phononL 0.004 -0.97807 -0.885551 0.00149585 0
0 9494 phononL 0.004 -2.846 0.540426 0.0279514 0
0 9495 phononL 0.004 2.7169 1.99651 0.0374774 0
0 9496 phononL 0.004 2.72568 -2.05008 -0.0152356 0
0 9497 phononL 0.004 -1.26707 0.575482 -0.00820053 0
0 9498 phononL 0.004 -0.952236 2.61794 -0.0246121 0
0 9499 phononL 0.004 0.722685 0.339373 -0.00939514 0
0 9500 phononL 0.004 -1.07453 0.869677 0.0165083 0
0 9501 phononL 0.004 -1.20731 0.835371 -0.02131 0
0 9502 phononL 0.004 0.501053 2.74113 0.0213912 0
0 9503 phononL 0.004 -1.66187 1.91036 -0.0205337 0
0 9504 phononL 0.004 -0.169989 0.675779 -0.0218945 0
0 9505 phononL 0.004 -0.633988 1.83162 -0.00925376 0
0 9506 phononL 0.004 0.646155 -1.02227 0.0259131 0
0 9507 phononL 0.004 -0.249892 -0.598147 0.018552 0
0 9508 phononL 0.004 1.83463 -1.54415 -0.0319707 0
0 9509 phononL 0.004 -1.73505 1.35319 0.019803 0
0 9510 phononL 0.004 -1.03593 -2.53179 -0.0188913 0
0 9511 phononL 0.004 -1.57902 0.711249 -0.0240206 0
0 9512 phononL 0.004 -1.45816 -1.1159 0.0234813 0
0 9513 phononL 0.004 0.897974 1.14476 -0.0195422 0
0 9514 phononL 0.004 2.64765 -1.7006 0.0106384 0
0 9515 phononL 0.004 1.92546 -0.0691154 0.0193408 0
0 9516 phononL 0.004 1.92568 -0.313281 -0.0080949 0
0 9517 phononL 0.004 -2.35911 -0.829801 -0.00789007 0
0 9518 phononL 0.004 2.47418 -2.73994 0.0381796 0
0 9519 phononL 0.004 2.6894 0.403885 -0.0137426 0
0 9520 phononL 0.004 0.886988 2.34106 -0.02558 0
0 9521 phononL 0.004 -1.7793 -0.300082 0.0399996 0
0 9522 phononL 0.004 2.57286 0.631024 -0.0183332 0
0 9523 phononL 0.004 2.43693 0.3609 -0.011779 0
0 9524 phononL 0.004 0.360017 2.02512 0.0263878 0
0 9525 phononL 0.004 -0.393009 0.0975667 -0.0162082 0
0 9526 phononL 0.004 -1.19627 0.647824 -0.0279687 0
0 9527 phononL 0.004 -2.6267 1.2484 -0.0239501 0
0 9528 phononL 0.004 -1.1314 -0.801184 0.016726 0
0 9529 phononL 0.004 0.825476 -0.916505 0.0396907 0
0 9530 phononL 0.004 -0.821429 2.65282 0.0255875 0
0 9531 phononL 0.004 2.25563 2.34367 0.0382336 0
0 9532 phononL 0.004 2.10216 -0.980107 0.00698153 0
0 9533 phononL 0.004 -1.3683 -2.31243 -0.0335584 0
0 9534 phononL 0.004 2.06014 -0.744783 0.0264193 0
0 9535 phononL 0.004 -0.346542 -1.93968 -0.00653729 0
0 9536 phononL 0.004 -0.369449 1.03597 -0.00121833 0
0 9537 phononL 0.004 -0.642318 -1.79991 -0.037497 0
0 9538 phononL 0.004 -2.40632 -0.594897 0.0129078 0
0 9539 phononL 0.004 1.88584 -0.520973 0.0106093 0
0 9540 phononL 0.004 1.66254 1.20286 -0.0201285 0
0 9541 phononL 0.004 0.518917 0.750476 0.0114955 0
0 9542 phononL 0.004 -1.88268 -2.75962 0.0305767 0
0 9543 phononL 0.004 -1.09434 -2.35016 -0.0358271 0
0 9544 phononL 0.004 0.845628 -0.52082 -0.0102686 0
0 9545 phononL 0.004 -0.173448 -1.14522 -0.000696578 0
0 9546 phononL 0.004 -1.13295 1.95997 -0.036983 0
0 9547 phononL 0.004 1.32508 1.47849 -0.0227663 0
0 9548 phononL 0.004 0.980634 -2.63851 0.0117594 0
0 9549 phononL 0.004 -1.77893 0.432597 0.0191852 0
0 9550 phononL 0.004 2.6919 2.41028 0.00150187 0
0 9551 phononL 0.004 -1.93399 -1.23284 -0.0218449 0
0 9552 phononL 0.004 -1.37702 -1.01177 0.0188878 0
0 9553 phononL 0.004 -0.647676 -1.01292 0.0221388 0
0 9554 phononL 0.004 2.85295 1.66799 0.0108129 0
0 9555 phononL 0.004 -0.346513 1.24859 0.0354438 0
0 9556 phononL 0.004 -0.995759 -2.21411 -0.00273178 0
0 9557 phononL 0.004 -2.62591 1.55811 0.0030472 0
0 9558 phononL 0.004 1.34516 -0.908294 0.0140381 0
0 9559 phononL 0.004 0.665176 -2.43299 0.037275 0
0 9560 phononL 0.004 2.57793 -2.82972 0.0130838 0
0 9561 phononL 0.004 0.359032 2.45901 0.0117832 0
0 9562 phononL 0.004 0.207691 -1.38181 -0.0111875 0
0 9563 phononL 0.004 2.68263 -2.21276 0.0115241 0
0 9564 phononL 0.004 2.05568 -0.449553 0.0170974 0
0 9565 phononL 0.004 2.24701 -1.49807 -0.0318962 0
0 9566 phononL 0.004 2.17361 1.50662 0.0124513 0
0 9567 phononL 0.004 -2.18449 1.05474 0.0292961 0
0 9568 phononL 0.004 1.01216 2.09396 0.00908251 0
0 9569 phononL 0.004 -0.570909 -1.54368 -0.0351932 0
0 9570 phononL 0.004 -1.22749 2.53707 -0.000439391 0
0 9571 phononL 0.004 0.640074 -0.77969 0.00488694 0
0 9572 phononL 0.004 -2.03614 1.08996 0.0115777 0
0 9573 phononL 0.004 1.30579 -1.3816 -0.00565293 0
0 9574 phononL 0.004 -2.46973 2.50947 0.0373014 0
0 9575 phononL 0.004 -0.332593 0.105885 -0.0268067 0
0 9576 phononL 0.004 0.576198 -1.55394 0.0339851 0
0 9577 phononL 0.004 0.343608 -0.907501 -0.00223752 0
0 9578 phononL 0.004 -1.72675 -2.67664 -0.00367563 0
0 9579 phononL 0.004 -1.82462 2.49376 0.0225302 0
0 9580 phononL 0.004 -1.22213 -1.08217 -0.010143 0
0 9581 phononL 0.004 -0.564964 0.747219 -0.00516512 0
0 9582 phononL 0.004 0.923586 1.80177 0.0100989 0
0 9583 phononL 0.004 2.26059 0.186973 -0.0288324 0
0 9584 phononL 0.004 2.21455 2.35282 -0.0174104 0
0 9585 phononL 0.004 2.01756 -0.393717 0.00687346 0
0 9586 phononL 0.004 2.33664 -1.0281 0.0133807 0
0 9587 phononL 0.004 0.0316014 0.509279 0.0052287 0
0 9588 phononL 0.004 1.40291 1.74261 0.0208489 0
0 9589 phononL 0.004 -1.65087 -2.36714 0.021153 0
0 9590 phononL 0.004 -2.3708 -2.72123 0.0354354 0
0 9591 phononL 0.004 0.364775 -0.855046 0.00524681 0
0 9592 phononL 0.004 -1.15574 0.0820725 -0.0290089 0
0 9593 phononL 0.004 -2.45701 1.59792 1.24591e-05 0
0 9594 phononL 0.004 -1.78379 2.54655 -0.00287359 0
0 9595 phononL 0.004 -0.606182 2.71664 0.0159963 0
0 9596 phononL 0.004 -0.722279 -0.160212 -0.0308206 0
0 9597 phononL 0.004 -1.4076 2.32667 0.0387365 0
0 9598 phononL 0.004 1.13094 1.15449 -0.0228564 0
0 9599 phononL 0.004 -1.65143 -0.0933588 -0.032949 0
0 9600 phononL 0.004 -2.7638 0.433809 0.028025 0
0 9601 phononL 0.004 2.43564 1.41981 0.0237626 0
0 9602 phononL 0.004 -2.20318 -0.772521 -0.0267073 0
0 9603 phononL 0.004 0.70716 1.0818 -0.0334166 0
0 9604 phononL 0.004 -1.71171 2.61017 0.0120469 0
0 9605 phononL 0.004 -1.49633 -2.44722 -0.0159622 0
0 9606 phononL 0.004 -0.142593 0.497603 0.0350441 0
0 9607 phononL 0.004 -1.78444 2.50003 0.00480186 0
0 9608 phononL 0.004 -2.77239 1.86785 0.00704783 0
0 9609 phononL 0.004 -0.15447 -0.00941622 0.011923 0
0 9610 phononL 0.004 0.427226 1.34569 0.020651 0
0 9611 phononL 0.004 2.10406 -1.23012 -0.0321496 0
0 9612 phononL 0.004 -0.349718 -0.164404 0.0377197 0
0 9613 phononL 0.004 2.1618 -1.86433 -0.0060956 0
0 9614 phononL 0.004 -2.15928 -2.56709 0.0238006 0
0 9615 phononL 0.004 -2.59992 1.63925 0.0140652 0
0 9616 phononL 0.004 0.867133 -2.15578 -0.00665796 0
0 9617 phononL 0.004 -2.77631 0.00468096 -0.0310751 0
0 9618 phononL 0.004 1.42604 -2.1112 0.0207238 0
0 9619 phononL 0.004 -0.241138 -1.85856 -0.00168393 0
0 9620 phononL 0.004 2.40129 -1.83422 -0.00467924 0
0 9621 phononL 0.004 0.310205 0.565741 0.0278444 0
0 9622 phononL 0.004 1.17349 1.90471 -0.00963412 0
0 9623 phononL 0.004 -1.18014 -2.81365 -0.0155443 0
0 9624 phononL 0.004 0.0797236 -2.32282 0.0307718 0
0 9625 phononL 0.004 2.55805 0.180547 0.0222473 0
0 9626 phononL 0.004 -0.0265211 2.48859 -0.0250286 0
0 9627 phononL 0.004 1.18273 -2.40246 -0.0345376 0
0 9628 phononL 0.004 1.36755 -2.06609 0.0082699 0
0 9629 phononL 0.004 -1.8041 -0.583761 0.0264636 0
0 9630 phononL 0.004 1.35022 1.63499 0.0391737 0
0 9631 phononL 0.004 -1.67757 -0.17705 0.0368038 0
0 9632 phononL 0.004 1.2015 -1.62802 -0.00129508 0
0 9633 phononL 0.004 -2.17141 0.545363 0.00658372 0
0 9634 phononL 0.004 1.97649 -1.6575 -0.0329843 0
0 9635 phononL 0.004 1.29994 -0.084604 0.0396666 0
0 9636 phononL 0.004 0.565483 1.27197 -0.0292148 0
0 9637 phononL 0.004 0.765681 -1.38343 -0.0313019 0
0 9638 phononL 0.004 -1.09856 2.11981 0.00293197 0
0 9639 phononL 0.004 1.18782 -1.62196 0.0228106 0
0 9640 phononL 0.004 2.19485 0.308934 -0.0140859 0
0 9641 phononL 0.004 -0.0826332 -1.22012 -0.0279376 0
0 9642 phononL 0.004 2.14557 -2.48978 -0.0371719 0
0 9643 phononL 0.004 1.28445 -2.87053 0.0120192 0
0 9644 phononL 0.004 -1.8302 1.04191 0.035833 0
0 9645 phononL 0.004 -1.73643 -1.14264 -0.0213554 0
0 9646 phononL 0.004 -1.15009 0.801463 -0.0357188 0
0 9647 phononL 0.004 -2.84227 -2.39201 -0.0179443 0
0 9648 phononL 0.004 -0.290852 -2.53422 -0.0312256 0
0 9649 phononL 0.004 -0.263132 2.61112 -0.0304198 0
0 9650 phononL 0.004 0.703181 -2.02299 -0.0154933 0
0 9651 phononL 0.004 2.83042 -1.77029 -0.0319745 0
0 9652 phononL 0.004 -0.0138696 0.941076 0.0242818 0
0 9653 phononL 0.004 1.56817 -0.4556 0.0306203 0
0 9654 phononL 0.004 -1.34987 -0.0989245 -0.0341479 0
0 9655 phononL 0.004 -2.49367 -1.67041 -0.0364478 0
0 9656 phononL 0.004 0.546608 -1.10474 -0.0043623 0
0 9657 phononL 0.004 -1.25714 -2.62193 0.0397659 0
0 9658 phononL 0.004 -0.0874141 -0.651026 0.0353164 0
0 9659 phononL 0.004 0.382408 0.495785 -0.0138514 0
0 9660 phononL 0.004 -1.23362 -0.974473 -0.0209686 0
0 9661 phononL 0.004 -2.75412 -2.05166 0.0111147 0
0 9662 phononL 0.004 0.252877 0.125327 0.0393964 0
0 9663 phononL 0.004 -1.72391 -0.714729 -0.013888 0
0 9664 phononL 0.004 -2.87423 0.737337 0.0196407 0
0 9665 phononL 0.004 -2.36401 0.701196 0.0168885 0
0 9666 phononL 0.004 0.485297 0.0934613 -0.018164 0
0 9667 phononL 0.004 2.23572 1.52377 0.0149391 0
0 9668 phononL 0.004 1.65758 2.30311 0.0192868 0
0 9669 phononL 0.004 0.0306851 1.26501 0.00362496 0
0 9670 phononL 0.004 -1.6005 -0.600076 0.00272897 0
0 9671 phononL 0.004 1.5328 1.84253 -0.00757956 0
0 9672 phononL 0.004 0.0685187 -2.20242 -0.0056991 0
0 9673 phononL 0.004 1.45351 -1.46187 -0.0223555 0
0 9674 phononL 0.004 2.22267 -1.33033 0.00505096 0
0 9675 phononL 0.004 -2.48176 1.45735 -0.00327428 0
0 9676 phononL 0.004 2.79077 -1.27174 -0.0267867 0
0 9677 phononL 0.004 1.62414 1.81813 -0.0139663 0
0 9678 phononL 0.004 -2.84688 1.40766 -0.0190823 0
0 9679 phononL 0.004 1.27507 1.76618 0.0240736 0
0 9680 phononL 0.004 -0.0923705 1.70073 0.0284004 0
0 9681 phononL 0.004 -2.78281 0.0737576 -0.039672 0
0 9682 phononL 0.004 1.00969 1.78356 0.0150181 0
0 9683 phononL 0.004 -0.106077 2.55049 -0.012287 0
0 9684 phononL 0.004 -0.999709 -2.54885 0.0149545 0
0 9685 phononL 0.004 -2.05694 1.44155 0.00918968 0
0 9686 phononL 0.004 0.520397 2.69514 0.0280956 0
0 9687 phononL 0.004 -0.470137 0.588965 0.0154706 0
0 9688 phononL 0.004 -0.934165 -1.05807 -0.0377502 0
0 9689 phononL 0.004 2.31746 -2.11501 0.0367831 0
0 9690 phononL 0.004 0.657544 0.8421 -0.00781402 0
0 9691 phononL 0.004 -0.0907107 -1.60781 0.00383476 0
0 9692 phononL 0.004 1.30168 1.03195 -0.00258509 0
0 9693 phononL 0.004 0.46306 -1.28274 -0.0394535 0
0 9694 phononL 0.004 0.914376 -1.91884 0.0182074 0
0 9695 phononL 0.004 -0.88868 -0.943727 -0.0311533 0
0 9696 phononL 0.004 -0.160953 -1.66851 -0.0211817 0
0 9697 phononL 0.004 -2.55787 -2.22534 0.0166571 0
0 9698 phononL 0.004 1.68149 2.74223 0.0251986 0
0 9699 phononL 0.004 -2.29942 1.88335 -0.00136874 0
0 9700 phononL 0.004 -1.62283 1.73041 -0.0259977 0
0 9701 phononL 0.004 1.99955 0.643651 0.0350434 0
0 9702 phononL 0.004 -1.94505 -2.42145 0.0181769 0
0 9703 phononL 0.004 -0.642643 0.00430049 -0.0248754 0
0 9704 phononL 0.004 -1.75571 -0.00763698 0.00899958 0
0 9705 phononL 0.004 -1.46693 -0.451595 0.0138494 0
0 9706 phononL 0.004 -2.72613 -2.30811 -0.0254254 0
0 9707 phononL 0.004 1.3982 0.17956 0.0376577 0
0 9708 phononL 0.004 -1.43202 -2.78137 0.03069 0
0 9709 phononL 0.004 0.712794 -2.57607 -0.0386661 0
0 9710 phononL 0.004 -1.35357 -0.353179 0.00529123 0
0 9711 phononL 0.004 -1.80117 1.97338 -0.00826459 0
0 9712 phononL 0.004 -0.879816 -2.29187 0.00649292 0
0 9713 phononL 0.004 1.86459 1.74794 -0.0192537 0
0 9714 phononL 0.004 1.07769 1.21359 -0.0112054 0
0 9715 phononL 0.004 1.37843 -1.21614 -0.0023874 0
0 9716 phononL 0.004 -1.42505 -0.972755 -0.00905594 0
0 9717 phononL 0.004 0.647878 -0.409382 -0.0386459 0
0 9718 phononL 0.004 1.88817 1.08248 -0.0254013 0
0 9719 phononL 0.004 -2.78872 0.58757 -0.010172 0
0 9720 phononL 0.004 2.22958 -2.33969 -0.0126134 0
0 9721 phononL 0.004 -2.48709 1.62875 -0.0287064 0
0 9722 phononL 0.004 -1.95912 1.15775 -0.0253826 0
0 9723 phononL 0.004 2.23884 1.2299 -0.00461659 0
0 9724 phononL 0.004 2.23579 -1.94674 -0.000291442 0
0 9725 phononL 0.004 1.15384 1.21258 0.0392164 0
0 9726 phononL 0.004 -2.36083 0.30212 0.0373402 0
0 9727 phononL 0.004 0.870863 -1.07813 0.0226231 0
0 9728 phononL 0.004 -2.58357 -2.61546 0.00718898 0
0 9729 phononL 0.004 -0.0443254 -1.66879 -0.0272885 0
0 9730 phononL 0.004 1.73604 1.93119 0.0236754 0
0 9731 phononL 0.004 -2.81448 2.33166 0.0320923 0
0 9732 phononL 0.004 -2.81661 -2.56747 -0.0148519 0
0 9733 phononL 0.004 -1.74737 1.78824 -0.0177843 0
0 9734 phononL 0.004 0.716485 -1.00449 -0.0336722 0
0 9735 phononL 0.004 -2.79105 1.26204 0.0181661 0
0 9736 phononL 0.004 -2.11542 -0.92721 -0.0120792 0
0 9737 phononL 0.004 0.271451 2.73358 0.0177212 0
0 9738 phononL 0.004 2.48165 -0.359433 -0.0289523 0
0 9739 phononL 0.004 -0.875007 -2.18231 -0.0308476 0
0 9740 phononL 0.004 -1.5454 -1.60475 -0.0110533 0
0 9741 phononL 0.004 0.396959 -0.741067 -0.0331993 0
0 9742 phononL 0.004 2.04107 -1.82052 -0.020734 0
0 9743 phononL 0.004 1.51844 2.32259 -0.0170924 0
0 9744 phononL 0.004 -0.286618 -1.82405 0.0176778 0
0 9745 phononL 0.004 1.48204 -2.71726 -0.0385112 0
0 9746 phononL 0.004 -0.843275 -1.27952 -0.0118705 0
0 9747 phononL 0.004 1.46361 -2.33226 0.0101586 0
0 9748 phononL 0.004 1.82981 -1.05822 -0.000243256 0
0 9749 phononL 0.004 -1.16457 -1.59275 0.034214 0
0 9750 phononL 0.004 -0.126898 -0.241023 -0.0313709 0
0 9751 phononL 0.004 2.082 2.18737 -0.0154009 0
0 9752 phononL 0.004 2.78548 1.25701 -0.0390199 0
0 9753 phononL 0.004 0.456627 1.91288 -0.00822734 0
0 9754 phononL 0.004 1.42345 -1.9764 0.00750057 0
0 9755 phononL 0.004 1.11324 1.37056 -0.0183914 0
0 9756 phononL 0.004 -0.908319 -2.8594 0.0259584 0
0 9757 phononL 0.004 -0.21526 -0.874885 -0.0393017 0
0 9758 phononL 0.004 0.0591264 -1.30165 0.0163969 0
0 9759 phononL 0.004 -1.64514 -0.19922 -0.0233148 0
0 9760 phononL 0.004 2.61996 2.44786 0.00919956 0
0 9761 phononL 0.004 -2.42366 1.88999 0.00687276 0
0 9762 phononL 0.004 0.0611311 -2.59394 -0.0365822 0
0 9763 phononL 0.004 2.03267 -1.87963 -0.00234219 0
0 9764 phononL 0.004 -0.123622 -1.15854 -0.0144206 0
0 9765 phononL 0.004 0.227336 -0.197819 -0.0388928 0
0 9766 phononL 0.004 -2.28154 0.554325 0.0158914 0
0 9767 phononL 0.004 -0.910918 2.04165 0.0342533 0
0 9768 phononL 0.004 1.52567 2.35049 -0.00443435 0
0 9769 phononL 0.004 -2.3262 -0.538517 0.0053908 0
0 9770 phononL 0.004 -0.148842 -0.216942 0.0234838 0
0 9771 phononL 0.004 1.74859 0.91365 0.00892659 0
0 9772 phononL 0.004 -2.37507 -0.831258 -0.0236734 0
0 9773 phononL 0.004 -2.6016 1.50979 0.0334569 0
0 9774 phononL 0.004 1.26912 1.31687 0.00374627 0
0 9775 phononL 0.004 -1.41755 1.43241 0.0377115 0
0 9776 phononL 0.004 2.03187 -2.2395 0.0277515 0
0 9777 phononL 0.004 2.28422 -2.08315 -0.0275736 0
0 9778 phononL 0.004 0.889054 -1.11175 -0.0208911 0
0 9779 phononL 0.004 -2.02122 -2.45292 0.0262928 0
0 9780 phononL 0.004 -1.5892 2.40691 -0.0126399 0
0 9781 phononL 0.004 -1.64196 2.45159 -0.00410115 0
0 9782 phononL 0.004 -1.72693 -1.87371 0.00620723 0
0 9783 phononL 0.004 0.193805 2.13811 0.0377807 0
0 9784 phononL 0.004 -1.55278 2.72973 0.0389872 0
0 9785 phononL 0.004 1.74555 -0.0656636 -0.0155205 0
0 9786 phononL 0.004 1.4376 0.193347 0.0380615 0
0 9787 phononL 0.004 -1.20823 -1.47636 0.0194212 0
0 9788 phononL 0.004 -2.71189 2.46464 0.0168296 0
0 9789 phononL 0.004 -2.07534 0.809227 -0.0334131 0
0 9790 phononL 0.004 2.41045 2.76971 -0.0399963 0
0 9791 phononL 0.004 0.99138 1.92455 0.0257167 0
0 9792 phononL 0.004 -0.689346 -1.78805 -0.0213119 0
0 9793 phononL 0.004 -0.178521 1.378 0.0165747 0
0 9794 phononL 0.004 -2.25456 -2.66649 0.00225768 0
0 9795 phononL 0.004 -0.408406 -0.466012 0.0165634 0
0 9796 phononL 0.004 2.348 -2.42253 -0.0245107 0
0 9797 phononL 0.004 0.261379 -0.400424 0.00501045 0
0 9798 phononL 0.004 -0.153465 0.0940033 0.0324808 0
0 9799 phononL 0.004 -2.66839 1.90781 0.00445778 0
0 9800 phononL 0.004 -1.29767 1.04621 -0.011461 0
0 9801 phononL 0.004 -0.00140667 -2.52975 0.014654 0
0 9802 phononL 0.004 -0.241342 -0.153273 -0.0256076 0
0 9803 phononL 0.004 -1.73384 -0.488939 -0.0122243 0
0 9804 phononL 0.004 -0.415412 -0.943405 -0.0167558 0
0 9805 phononL 0.004 -2.84156 -2.03406 -0.00741886 0
0 9806 phononL 0.004 0.340656 -2.55527 0.016393 0
0 9807 phononL 0.004 -2.62063 -1.51619 0.0239458 0
0 9808 phononL 0.004 0.527326 -2.03608 -0.0370301 0
0 9809 phononL 0.004 -0.185101 -1.49339 -0.0347337 0
0 9810 phononL 0.004 0.799013 2.52801 0.00260122 0
0 9811 phononL 0.004 -2.32723 2.82542 0.0185414 0
0 9812 phononL 0.004 1.08319 1.13518 -0.0289951 0
0 9813 phononL 0.004 -1.4619 0.183787 0.0249503 0
0 9814 phononL 0.004 2.6365 0.612903 -0.0224411 0
0 9815 phononL 0.004 -1.92765 -0.902753 0.00362027 0
0 9816 phononL 0.004 -1.02489 -2.29154 0.0206189 0
0 9817 phononL 0.004 -2.24813 -1.67254 0.0239669 0
0 9818 phononL 0.004 0.496807 1.2547 0.0177025 0
0 9819 phononL 0.004 1.23886 -2.69848 0.0158576 0
0 9820 phononL 0.004 -1.9644 -0.826418 0.0391753 0
0 9821 phononL 0.004 -1.68842 1.62125 0.0254972 0
0 9822 phononL 0.004 -2.54794 2.32338 -0.0140918 0
0 9823 phononL 0.004 -1.00674 0.0148725 0.00932803 0
0 9824 phononL 0.004 -2.26765 1.28283 -0.0360212 0
0 9825 phononL 0.004 -2.38185 -2.39187 0.0282118 0
0 9826 phononL 0.004 0.776414 -1.31032 0.0341623 0
0 9827 phononL 0.004 -2.54575 -1.77228 0.026345 0
0 9828 phononL 0.004 -2.46889 -0.603452 0.0141511 0
0 9829 phononL 0.004 0.213896 -1.91018 0.0259667 0
0 9830 phononL 0.004 2.03123 1.50524 0.00707562 0
0 9831 phononL 0.004 2.69725 1.33048 0.0188964 0
0 9832 phononL 0.004 0.550263 -1.44916 -0.0352249 0
0 9833 phononL 0.004 1.46775 0.846702 -0.0115957 0
0 9834 phononL 0.004 -2.77538 0.122184 -0.0399281 0
0 9835 phononL 0.004 -1.38843 1.38205 0.00233159 0
0 9836 phononL 0.004 2.77407 0.621974 -0.0390882 0
0 9837 phononL 0.004 -2.30059 1.87081 -0.0303181 0
0 9838 phononL 0.004 1.06761 -2.194 0.00529084 0
0 9839 phononL 0.004 -2.29034 1.06267 -0.0134138 0
0 9840 phononL 0.004 2.30963 0.802098 -0.0320975 0
0 9841 phononL 0.004 -2.75802 -1.77208 0.0203436 0
0 9842 phononL 0.004 -1.18934 -1.45412 -0.00897919 0
0 9843 phononL 0.004 1.10991 1.97646 0.0349571 0
0 9844 phononL 0.004 -0.852359 2.26183 0.000349411 0
0 9845 phononL 0.004 -2.69113 -2.05232 -0.00692409 0
0 9846 phononL 0.004 0.516339 1.19382 -0.00532974 0
0 9847 phononL 0.004 -0.693106 -0.271336 0.0371256 0
0 9848 phononL 0.004 0.514198 -2.48384 0.0337112 0
0 9849 phononL 0.004 0.221506 2.1713 0.0334493 0
0 9850 phononL 0.004 -1.3298 -0.796525 0.0157057 0
0 9851 phononL 0.004 -0.237791 0.493278 0.0339332 0
0 9852 phononL 0.004 0.422802 -2.33475 -0.00485378 0
0 9853 phononL 0.004 2.77725 -1.65852 -0.0236191 0
0 9854 phononL 0.004 0.592535 2.42478 -0.0334792 0
0 9855 phononL 0.004 -0.554337 -0.76368 0.030312 0
0 9856 phononL 0.004 -0.422882 2.81395 -0.0380414 0
0 9857 phononL 0.004 -2.28284 0.650022 0.0187103 0
0 9858 phononL 0.004 -2.17128 -1.30364 0.00523971 0
0 9859 phononL 0.004 -0.00551093 -0.194926 -0.01663 0
0 9860 phononL 0.004 -2.81373 1.02006 -0.0305969 0
0 9861 phononL 0.004 -2.56916 -2.64094 -0.0363888 0
0 9862 phononL 0.004 1.9692 0.96299 0.0357392 0
0 9863 phononL 0.004 1.41151 -1.53078 -0.03752 0
0 9864 phononL 0.004 0.284699 0.0976742 0.00793897 0
0 9865 phononL 0.004 -0.64554 0.510632 0.00513977 0
0 9866 phononL 0.004 1.93044 -0.922977 0.026523 0
0 9867 phononL 0.004 -1.55029 1.00373 0.00940465 0
0 9868 phononL 0.004 2.1593 -0.789569 -0.03182 0
0 9869 phononL 0.004 -1.72741 2.76641 0.0380706 0
0 9870 phononL 0.004 -1.10771 -1.76504 0.0382765 0
0 9871 phononL 0.004 0.766123 -2.08235 0.0229619 0
0 9872 phononL 0.004 -0.571618 0.863154 -0.000659586 0
0 9873 phononL 0.004 -1.58856 0.624091 0.0363784 0
0 9874 phononL 0.004 -0.714092 1.64729 -0.0252426 0
0 9875 phononL 0.004 1.92101 -2.21838 -0.00923335 0
0 9876 phononL 0.004 -2.22922 0.239685 -0.0265809 0
0 9877 phononL 0.004 1.36857 -1.30414 0.0226625 0
0 9878 phononL 0.004 2.30433 2.36098 -0.025892 0
0 9879 phononL 0.004 -0.295921 -1.5252 0.00219566 0
0 9880 phononL 0.004 -2.75508 2.56296 0.0079338 0
0 9881 phononL 0.004 1.54342 0.942177 0.0281089 0
0 9882 phononL 0.004 0.887499 -1.07587 -0.00386136 0
0 9883 phononL 0.004 0.117762 1.48357 0.0231058 0
0 9884 phononL 0.004 -1.82138 -1.39635 -0.0117744 0
0 9885 phononL 0.004 -2.22166 -1.57133 -0.0310319 0
0 9886 phononL 0.004 -1.79031 0.993302 0.0398116 0
0 9887 phononL 0.004 0.459721 2.70187 -0.000216262 0
0 9888 phononL 0.004 1.54727 -2.79972 0.0393578 0
0 9889 phononL 0.004 -0.603648 -1.88396 -0.0279037 0
0 9890 phononL 0.004 0.780424 0.716768 0.0306316 0
0 9891 phononL 0.004 1.51547 -2.1895 0.0138638 0
0 9892 phononL 0.004 2.55103 1.42831 0.0234597 0
0 9893 phononL 0.004 -1.23063 -0.265158 -0.027923 0
0 9894 phononL 0.004 0.0813859 -0.49415 0.0102971 0
0 9895 phononL 0.004 -1.12518 -0.740343 0.00514187 0
0 9896 phononL 0.004 1.88358 -0.993626 0.0377683 0
0 9897 phononL 0.004 1.28369 -2.47853 -0.0283029 0
0 9898 phononL 0.004 0.161712 -1.81951 -0.0303792 0
0 9899 phononL 0.004 1.04479 -0.112238 -0.0226308 0
0 9900 phononL 0.004 1.59107 -0.995018 0.00628051 0
0 9901 phononL 0.004 1.33739 2.49161 0.0232654 0
0 9902 phononL 0.004 -2.50706 0.855087 -0.00825879 0
0 9903 phononL 0.004 -1.01029 -2.15055 -0.0287876 0
0 9904 phononL 0.004 -1.72841 2.79338 -0.0127008 0
0 9905 phononL 0.004 0.291205 2.57666 -0.0293894 0
0 9906 phononL 0.004 0.88912 -2.10594 0.00655619 0
0 9907 phononL 0.004 1.27287 0.116653 0.00590707 0
0 9908 phononL 0.004 1.27952 2.23975 0.0261382 0
0 9909 phononL 0.004 0.0472194 2.28578 -0.00761884 0
0 9910 phononL 0.004 2.13876 -0.181817 0.021829 0
0 9911 phononL 0.004 1.45994 0.514044 -0.00234208 0
0 9912 phononL 0.004 -0.233887 2.70246 -0.00235955 0
0 9913 phononL 0.004 1.78335 -2.72624 0.0234223 0
0 9914 phononL 0.004 0.913397 0.549625 -0.0116932 0
0 9915 phononL 0.004 -1.93856 2.22695 -0.0273937 0
0 9916 phononL 0.004 -0.112455 0.243273 0.0135647 0
0 9917 phononL 0.004 -2.62349 2.71474 0.00289365 0
0 9918 phononL 0.004 -1.98022 2.27307 -0.0282117 0
0 9919 phononL 0.004 2.45589 -2.71009 -0.0212233 0
0 9920 phononL 0.004 -1.58872 2.56979 -0.00971268 0
0 9921 phononL 0.004 2.76379 -2.44748 -0.0383423 0
0 9922 phononL 0.004 -2.32343 -2.72271 0.0325727 0
0 9923 phononL 0.004 2.37059 -2.21214 -0.0300802 0
0 9924 phononL 0.004 0.112024 0.619784 0.0377492 0
0 9925 phononL 0.004 -0.42934 -1.68766 -0.00942243 0
0 9926 phononL 0.004 1.67633 -1.80696 -0.0165019 0
0 9927 phononL 0.004 -0.529107 0.397595 -0.00828718 0
0 9928 phononL 0.004 1.83729 -1.31204 -0.000447057 0
0 9929 phononL 0.004 2.07714 0.449809 -0.0227525 0
0 9930 phononL 0.004 -1.07043 -0.0521112 -0.0377088 0
0 9931 phononL 0.004 -1.74144 2.86312 0.0323103 0
0 9932 phononL 0.004 -2.8587 -0.403725 0.0315775 0
0 9933 phononL 0.004 -1.01854 1.06556 0.0105615 0
0 9934 phononL 0.004 -1.11494 -0.145264 -0.0206929 0
0 9935 phononL 0.004 -2.62899 -2.61993 -0.0352459 0
0 9936 phononL 0.004 1.36381 1.63972 0.0379447 0
0 9937 phononL 0.004 -1.28113 0.669356 0.0261383 0
0 9938 phononL 0.004 -1.40441 1.61202 -0.0124442 0
0 9939 phononL 0.004 1.85796 0.679566 -0.0313191 0
0 9940 phononL 0.004 -1.09233 0.472682 -0.0149389 0
0 9941 phononL 0.004 0.697602 0.193516 -0.02312 0
0 9942 phononL 0.004 0.400857 -0.745538 0.02813 0
0 9943 phononL 0.004 0.663494 1.62636 0.0364436 0
0 9944 phononL 0.004 -1.40097 -0.287253 -0.00702214 0
0 9945 phononL 0.004 1.27394 -2.30028 -0.0300123 0
0 9946 phononL 0.004 1.55385 0.776871 -0.0274942 0
0 9947 phononL 0.004 -1.31066 -0.381957 -0.0345985 0
0 9948 phononL 0.004 -1.60998 -2.86557 0.0384124 0
0 9949 phononL 0.004 0.0128369 -0.108602 -0.0278098 0
0 9950 phononL 0.004 2.82812 -2.45686 -0.000290699 0
0 9951 phononL 0.004 -1.93975 -2.42447 -0.0204754 0
0 9952 phononL 0.004 1.60773 -1.41147 0.0068632 0
0 9953 phononL 0.004 2.26529 1.50661 0.00843181 0
0 9954 phononL 0.004 -0.560657 2.71351 -0.0141068 0
0 9955 phononL 0.004 -0.312325 -2.59859 -0.0278859 0
0 9956 phononL 0.004 0.188493 0.290715 0.0317443 0
0 9957 phononL 0.004 0.322737 -2.67759 0.0343341 0
0 9958 phononL 0.004 1.6453 1.43675 -0.0135464 0
0 9959 phononL 0.004 0.00606797 -2.53595 0.016932 0
0 9960 phononL 0.004 -0.229635 1.79634 -0.0382691 0
0 9961 phononL 0.004 0.470804 -0.695272 0.0274986 0
0 9962 phononL 0.004 2.86396 2.00033 0.0378265 0
0 9963 phononL 0.004 -0.549513 1.63827 0.0344795 0
0 9964 phononL 0.004 1.81537 -1.01849 -0.0310669 0
0 9965 phononL 0.004 -2.28379 2.31394 -0.0124899 0
0 9966 phononL 0.004 2.34831 -2.47402 0.0288232 0
0 9967 phononL 0.004 -0.987801 0.0125568 0.00473277 0
0 9968 phononL 0.004 1.17055 -2.19577 -0.00542995 0
0 9969 phononL 0.004 -2.64842 1.30788 0.021161 0
0 9970 phononL 0.004 -0.0770394 -2.53457 0.00157067 0
0 9971 phononL 0.004 -0.311655 1.67599 0.00402109 0
0 9972 phononL 0.004 2.00415 -2.31847 0.0317898 0
0 9973 phononL 0.004 -2.78441 1.09229 0.00781415 0
0 9974 phononL 0.004 2.81333 -1.49018 -0.0142335 0
0 9975 phononL 0.004 0.298127 0.95999 0.0120864 0
0 9976 phononL 0.004 -2.06804 -2.85366 0.0275725 0
0 9977 phononL 0.004 -1.85436 -0.729263 -0.0208627 0
0 9978 phononL 0.004 -2.44656 -2.31506 0.0111768 0
0 9979 phononL 0.004 -1.22984 -2.1848 0.0350391 0
0 9980 phononL 0.004 -0.911264 -2.34586 0.00728282 0
0 9981 phononL 0.004 2.63883 -1.52762 -0.0174096 0
0 9982 phononL 0.004 -0.651225 1.15924 -0.0205733 0
0 9983 phononL 0.004 -0.700171 -0.0113769 -0.0294969 0
0 9984 phononL 0.004 1.59661 1.51255 0.0322524 0
0 9985 phononL 0.004 0.322205 -0.650838 -0.024623 0
0 9986 phononL 0.004 1.3415 -2.64447 -0.031075 0
0 9987 phononL 0.004 1.97871 -1.49049 0.0259117 0
0 9988 phononL 0.004 1.98337 -1.2538 0.000334403 0
0 9989 phononL 0.004 -1.75775 -2.83101 -0.0384912 0
0 9990 phononL 0.004 1.0102 -1.81016 0.0248131 0
0 9991 phononL 0.004 -2.50754 -2.36095 -0.00699089 0
0 9992 phononL 0.004 0.939629 -0.0477912 -0.0161037 0
0 9993 phononL 0.004 -2.78148 -1.05295 -0.0267958 0
0 9994 phononL 0.004 1.87326 0.206557 0.0367361 0
0 9995 phononL 0.004 2.20039 1.5577 -0.0147559 0
0 9996 phononL 0.004 2.19604 1.99882 0.0162423 0
0 9997 phononL 0.004 0.85237 2.48781 -0.00218316 0
0 9998 phononL 0.004 2.81163 -1.30033 0.0189715 0
0 9999 phononL 0.004 0.178724 1.4429 -0.0361739 0
