Run ID,Event ID,Particle Name,Start Energy [eV],Start X [mm],Start Y [mm],Start Z [mm],Start Time [ns]
0 0 phononL 0.004 -1.65245 0.526583 0.0396758 0
0 1 phononL 0.004 1.7644 1.88316 0.00618528 0
0 2 phononL 0.004 1.2583 1.60465 -0.00214257 0
0 3 phononL 0.004 0.19222 -0.678713 0.0289766 0
0 4 phononL 0.004 -1.94268 1.57605 -0.0167775 0
0 5 phononL 0.004 1.97245 -0.130209 -0.0327997 0
0 6 phononL 0.004 -1.0611 -0.361643 0.00824544 0
0 7 phononL 0.004 1.25925 -1.84001 -0.0379609 0
0 8 phononL 0.004 -2.2123 1.52944 -0.00420556 0
0 9 phononL 0.004 0.0931808 -0.310245 -0.00782754 0
0 10 phononL 0.004 1.7773 -1.8486 0.000178317 0
0 11 phononL 0.004 0.399551 -0.74087 -0.0196788 0
0 12 phononL 0.004 1.01748 1.59264 -0.0285365 0
0 13 phononL 0.004 -1.39823 -1.48105 0.0234518 0
0 14 phononL 0.004 2.18106 -0.499658 -0.00547947 0
0 15 phononL 0.004 -1.64831 0.692146 -0.00368783 0
0 16 phononL 0.004 -1.16632 -1.06039 -0.0123176 0
0 17 phononL 0.004 -0.990511 0.716843 0.0130527 0
0 18 phononL 0.004 -0.0948706 -0.295547 -0.0290046 0
0 19 phononL 0.004 -0.70553 1.67982 -0.0366155 0
0 20 phononL 0.004 0.115133 0.763248 -0.0113131 0
0 21 phononL 0.004 0.0202036 2.16984 -0.0303433 0
0 22 phononL 0.004 -1.49025 -0.576355 -0.0206534 0
0 23 phononL 0.004 -1.21842 0.812805 0.00376197 0
0 24 phononL 0.004 -1.24853 -1.69628 0.00620801 0
0 25 phononL 0.004 -1.73491 0.566447 0.0127765 0
0 26 phononL 0.004 -1.55233 -2.01094 -0.00424787 0
0 27 phononL 0.004 -1.12457 1.73611 0.0334149 0
0 28 phononL 0.004 1.17836 1.39789 0.0113958 0
0 29 phononL 0.004 -0.249236 -1.84041 0.0024896 0
0 30 phononL 0.004 1.03961 0.782086 0.0184676 0
0 31 phononL 0.004 -1.56894 -0.189939 -0.0340924 0
0 32 phononL 0.004 -0.412429 -1.98527 0.0323041 0
0 33 phononL 0.004 0.256053 0.343958 0.0393805 0
0 34 phononL 0.004 -1.24262 0.644056 0.031487 0
0 35 phononL 0.004 -1.12117 -2.03998 0.0172404 0
0 36 phononL 0.004 -0.275861 -1.24193 0.00743237 0
0 37 phononL 0.004 -1.53313 -0.817622 0.0168826 0
0 38 phononL 0.004 -2.03052 -2.16407 -0.00202808 0
0 39 phononL 0.004 2.14886 -0.00331049 0.0120868 0
0 40 phononL 0.004 1.01882 2.07583 -0.00504706 0
0 41 phononL 0.004 -1.83893 1.75896 -0.0254372 0
0 42 phononL 0.004 -0.823368 -0.91134 7.85752e-05 0
0 43 phononL 0.004 -0.0583161 0.478264 0.0234326 0
0 44 phononL 0.004 0.51873 -1.7303 -0.0101967 0
0 45 phononL 0.004 -1.55394 -2.16675 -0.0216706 0
0 46 phononL 0.004 0.719766 1.43502 0.00880352 0
0 47 phononL 0.004 2.23492 0.906159 -0.0284257 0
0 48 phononL 0.004 0.11902 0.749917 -0.00685649 0
0 49 phononL 0.004 0.973632 1.70418 0.0174418 0
0 50 phononL 0.004 -0.583354 1.13823 0.0214163 0
0 51 phononL 0.004 -1.12731 -0.858571 0.0149381 0
0 52 phononL 0.004 1.9908 -0.228089 0.0272997 0
0 53 phononL 0.004 2.22101 -1.67877 -0.024347 0
0 54 phononL 0.004 2.12733 0.524432 -0.0176469 0
0 55 phononL 0.004 1.49912 0.723343 -0.0376516 0
0 56 phononL 0.004 1.87086 1.61623 0.000958853 0
0 57 phononL 0.004 1.50868 -1.90863 0.029221 0
0 58 phononL 0.004 -1.05859 0.889679 -0.0335557 0
0 59 phononL 0.004 -0.385901 1.89545 0.00810741 0
0 60 phononL 0.004 1.90275 -1.11342 0.030131 0
0 61 phononL 0.004 1.66988 1.93729 0.0379496 0
0 62 phononL 0.004 -0.0516977 1.25151 0.0210875 0
0 63 phononL 0.004 0.541489 0.988059 0.0211665 0
0 64 phononL 0.004 -0.880933 -1.3562 0.0250104 0
0 65 phononL 0.004 1.53457 0.121066 -0.0220588 0
0 66 phononL 0.004 -0.368466 -0.839121 0.0208632 0
0 67 phononL 0.004 -0.903956 0.723692 0.014608 0
0 68 phononL 0.004 -1.48615 -2.02559 0.0162772 0
0 69 phononL 0.004 0.780465 -0.934376 -0.0197665 0
0 70 phononL 0.004 -0.649592 -1.36718 0.00245167 0
0 71 phononL 0.004 -0.0659817 0.859893 -0.0366208 0
0 72 phononL 0.004 -0.526813 1.40693 0.0218725 0
0 73 phononL 0.004 1.96579 0.562994 -0.0060807 0
0 74 phononL 0.004 -0.134567 -0.26989 0.00124116 0
0 75 phononL 0.004 -0.0766983 0.130138 -0.0335655 0
0 76 phononL 0.004 -1.74225 2.09143 -0.0275689 0
0 77 phononL 0.004 -0.510563 0.782461 -0.0273444 0
0 78 phononL 0.004 0.349222 -1.30696 -0.014956 0
0 79 phononL 0.004 -1.20085 2.2207 -0.0350158 0
0 80 phononL 0.004 1.93806 -1.38687 0.0299048 0
0 81 phononL 0.004 2.22316 -1.27064 -0.0190803 0
0 82 phononL 0.004 0.476303 1.99066 0.0165663 0
0 83 phononL 0.004 1.04464 -0.439973 0.028332 0
0 84 phononL 0.004 1.6461 -0.359622 0.0022429 0
0 85 phononL 0.004 2.05389 -0.607376 0.0202256 0
0 86 phononL 0.004 0.182152 0.571165 0.00965453 0
0 87 phononL 0.004 -2.05239 2.09621 0.00720015 0
0 88 phononL 0.004 0.0560664 -0.312978 0.021218 0
0 89 phononL 0.004 1.35646 2.02402 -0.0208584 0
0 90 phononL 0.004 -1.73733 -2.09469 -0.0107279 0
0 91 phononL 0.004 1.96583 -1.65072 -0.00676509 0
0 92 phononL 0.004 1.32496 -2.20794 0.00379852 0
0 93 phononL 0.004 1.00578 -1.21624 -0.0319262 0
0 94 phononL 0.004 -1.81299 0.131991 0.0168792 0
0 95 phononL 0.004 2.16388 -1.53702 0.0268113 0
0 96 phononL 0.004 0.586338 0.590435 0.0398828 0
0 97 phononL 0.004 1.07479 2.15502 0.00359533 0
0 98 phononL 0.004 0.544692 -0.843904 -0.0268854 0
0 99 phononL 0.004 -0.380269 0.998757 -0.0203217 0
0 100 phononL 0.004 -0.0750603 0.798045 0.00541659 0
0 101 phononL 0.004 1.22647 1.30352 -0.0248433 0
0 102 phononL 0.004 -1.50334 2.00305 0.0179448 0
0 103 phononL 0.004 -0.098846 -0.852424 -0.0097322 0
0 104 phononL 0.004 -1.65087 -1.38273 0.00416178 0
0 105 phononL 0.004 1.45396 -1.87807 0.0186574 0
0 106 phononL 0.004 1.59753 0.633108 0.00479597 0
0 107 phononL 0.004 0.511693 -0.667253 -0.0250459 0
0 108 phononL 0.004 -0.22523 0.695719 0.0170864 0
0 109 phononL 0.004 -1.7537 1.1816 -9.00944e-05 0
0 110 phononL 0.004 -0.747339 -1.32289 0.0132474 0
0 111 phononL 0.004 2.03405 -0.905122 -0.0198025 0
0 112 phononL 0.004 2.14618 -1.73853 0.00342783 0
0 113 phononL 0.004 1.82102 0.788604 -0.00245672 0
0 114 phononL 0.004 -0.952345 1.77831 0.0315198 0
0 115 phononL 0.004 1.97143 1.06971 0.0158584 0
0 116 phononL 0.004 -0.941349 0.312587 0.00449189 0
0 117 phononL 0.004 1.28856 1.86105 0.0174866 0
0 118 phononL 0.004 -0.82437 -0.0406058 0.0236696 0
0 119 phononL 0.004 -1.7867 -2.05806 -0.0104532 0
0 120 phononL 0.004 0.335173 -0.483678 0.0343898 0
0 121 phononL 0.004 0.163275 1.75775 -0.014233 0
0 122 phononL 0.004 1.2952 -1.86414 0.00313309 0
0 123 phononL 0.004 0.760996 -0.132288 0.034482 0
0 124 phononL 0.004 1.87794 -1.21246 -0.0267172 0
0 125 phononL 0.004 0.611692 -1.70518 0.000606674 0
0 126 phononL 0.004 -0.795468 -0.0610077 0.00917977 0
0 127 phononL 0.004 -1.24817 2.21527 -0.0133354 0
0 128 phononL 0.004 0.418158 -1.92199 0.0212318 0
0 129 phononL 0.004 0.286092 -0.536636 0.0258543 0
0 130 phononL 0.004 0.869751 -2.01709 0.000141232 0
0 131 phononL 0.004 -0.561359 -0.628542 0.0161847 0
0 132 phononL 0.004 0.816327 0.592558 0.0353101 0
0 133 phononL 0.004 0.961523 -0.33166 -0.0295118 0
0 134 phononL 0.004 0.325478 -0.866559 -0.0185447 0
0 135 phononL 0.004 2.13622 -1.57907 0.0376012 0
0 136 phononL 0.004 -0.834299 0.240546 0.00257677 0
0 137 phononL 0.004 -1.234 -1.42129 -0.0145987 0
0 138 phononL 0.004 1.334 -2.17515 0.0245234 0
0 139 phononL 0.004 -1.26193 -1.09459 -0.0296806 0
0 140 phononL 0.004 -2.12817 1.07353 0.0363504 0
0 141 phononL 0.004 1.10249 2.16572 -0.00264279 0
0 142 phononL 0.004 1.95872 2.17902 0.035627 0
0 143 phononL 0.004 0.870367 -1.64201 -0.00725597 0
0 144 phononL 0.004 -0.956415 1.0239 -0.036701 0
0 145 phononL 0.004 2.12579 -1.43103 0.0393679 0
0 146 phononL 0.004 -0.236127 0.250458 -0.020778 0
0 147 phononL 0.004 -1.59493 -1.44226 0.0388758 0
0 148 phononL 0.004 1.02515 -1.55229 0.00318437 0
0 149 phononL 0.004 -1.40079 -1.685 0.0145625 0
0 150 phononL 0.004 -0.252324 -1.31297 0.0192063 0
0 151 phononL 0.004 2.02519 0.176442 0.0382683 0
0 152 phononL 0.004 0.726491 -0.356355 -0.0131073 0
0 153 phononL 0.004 -1.6167 -0.888136 -0.0223295 0
0 154 phononL 0.004 -1.08048 -1.85539 -0.0201205 0
0 155 phononL 0.004 -1.18372 1.46015 0.0327643 0
0 156 phononL 0.004 -0.259726 -1.15845 -0.00848147 0
0 157 phononL 0.004 -0.901606 -0.298624 -0.00998374 0
0 158 phononL 0.004 -0.565466 1.00341 0.00961804 0
0 159 phononL 0.004 0.306163 -0.399264 0.00553871 0
0 160 phononL 0.004 2.02967 1.53472 -0.0378565 0
0 161 phononL 0.004 0.781711 0.965522 -0.0130122 0
0 162 phononL 0.004 0.408024 0.911544 0.0219022 0
0 163 phononL 0.004 -2.16665 -0.961942 -0.0239589 0
0 164 phononL 0.004 1.09238 -2.1133 0.0367411 0
0 165 phononL 0.004 -0.814799 -2.03548 0.0210873 0
0 166 phononL 0.004 1.66483 -1.07382 -0.0347363 0
0 167 phononL 0.004 -1.32356 -0.989801 0.0395948 0
0 168 phononL 0.004 -2.03547 2.20181 -0.0241569 0
0 169 phononL 0.004 0.561831 1.48703 -0.0298755 0
0 170 phononL 0.004 -0.87154 0.63105 -0.0356357 0
0 171 phononL 0.004 -0.679569 -1.45981 -0.0140485 0
0 172 phononL 0.004 -1.23808 -1.6498 0.0236674 0
0 173 phononL 0.004 2.02717 1.26532 0.0247232 0
0 174 phononL 0.004 -0.374787 -1.88756 -0.0263089 0
0 175 phononL 0.004 -1.44377 -0.838752 0.0260899 0
0 176 phononL 0.004 1.47261 0.305086 0.035388 0
0 177 phononL 0.004 1.42615 -0.779226 0.0206079 0
0 178 phononL 0.004 1.64757 -1.11252 -0.00967297 0
0 179 phononL 0.004 -0.734514 0.186844 0.0235457 0
0 180 phononL 0.004 2.10233 -1.52245 -0.00605815 0
0 181 phononL 0.004 -1.07355 -1.62246 0.0124244 0
0 182 phononL 0.004 -0.76443 -0.385894 0.00393319 0
0 183 phononL 0.004 1.61475 0.766198 0.00262814 0
0 184 phononL 0.004 1.51555 -0.314526 -0.0201751 0
0 185 phononL 0.004 0.308136 -0.107695 -0.0353061 0
0 186 phononL 0.004 0.806757 1.37602 0.00851924 0
0 187 phononL 0.004 -1.97547 0.532019 -0.0181333 0
0 188 phononL 0.004 -0.109842 -0.0726633 -0.0152852 0
0 189 phononL 0.004 1.20496 0.808143 0.00630772 0
0 190 phononL 0.004 1.25345 1.60315 0.00787247 0
0 191 phononL 0.004 1.16993 -1.22751 -0.0207533 0
0 192 phononL 0.004 1.31242 -2.00504 0.00306692 0
0 193 phononL 0.004 -0.0511274 2.2126 -0.0149993 0
0 194 phononL 0.004 0.953877 0.239252 0.00199072 0
0 195 phononL 0.004 -0.41225 2.08325 -0.0140556 0
0 196 phononL 0.004 0.60261 1.58633 -0.0306339 0
0 197 phononL 0.004 -1.20271 1.63305 -0.0177507 0
0 198 phononL 0.004 1.10846 -1.98004 0.024745 0
0 199 phononL 0.004 1.37625 0.174322 0.0242153 0
0 200 phononL 0.004 -0.831515 -1.86811 -0.0161044 0
0 201 phononL 0.004 0.775011 0.0894932 0.013642 0
0 202 phononL 0.004 -1.14078 -1.46465 0.0376584 0
0 203 phononL 0.004 -0.580679 -1.23728 -0.0103875 0
0 204 phononL 0.004 0.766476 1.85062 -0.0296461 0
0 205 phononL 0.004 1.10865 -1.09436 -0.0210944 0
0 206 phononL 0.004 -2.13301 1.92437 0.00268793 0
0 207 phononL 0.004 0.101006 -2.0714 0.0119503 0
0 208 phononL 0.004 0.968303 0.812447 0.018644 0
0 209 phononL 0.004 -1.82015 0.646532 0.00798369 0
0 210 phononL 0.004 -1.18472 1.77318 0.0170891 0
0 211 phononL 0.004 1.43189 -0.86998 -0.0161158 0
0 212 phononL 0.004 -1.738 2.19215 0.0145824 0
0 213 phononL 0.004 -0.873292 1.59133 0.00587464 0
0 214 phononL 0.004 0.639738 0.817814 0.00550694 0
0 215 phononL 0.004 1.44335 0.202142 -0.00579154 0
0 216 phononL 0.004 1.67917 2.10021 0.00112828 0
0 217 phononL 0.004 -1.40507 -1.70371 -0.019916 0
0 218 phononL 0.004 2.14203 0.267333 -0.0242475 0
0 219 phononL 0.004 -0.362881 -0.726887 -0.0321508 0
0 220 phononL 0.004 -0.180736 -0.660829 -0.0196397 0
0 221 phononL 0.004 0.817395 -1.50873 0.0269771 0
0 222 phononL 0.004 1.09176 1.03813 0.0188297 0
0 223 phononL 0.004 1.11219 1.61086 0.0364132 0
0 224 phononL 0.004 1.80046 -0.326412 -0.0295461 0
0 225 phononL 0.004 1.67458 1.72319 0.0297281 0
0 226 phononL 0.004 2.18843 -1.2227 -0.0393804 0
0 227 phononL 0.004 0.0896108 1.33147 0.0104458 0
0 228 phononL 0.004 2.04027 1.30139 0.0275524 0
0 229 phononL 0.004 0.0657921 0.346472 -0.00550481 0
0 230 phononL 0.004 1.82371 -0.0912786 -0.00150843 0
0 231 phononL 0.004 0.729666 -1.7898 -0.029942 0
0 232 phononL 0.004 1.25194 -1.0347 -0.00677382 0
0 233 phononL 0.004 -1.78315 2.04382 -0.0199956 0
0 234 phononL 0.004 -2.10711 -0.642769 -0.0262949 0
0 235 phononL 0.004 0.672962 0.504169 -0.010635 0
0 236 phononL 0.004 -2.12377 0.2788 -0.0361703 0
0 237 phononL 0.004 -1.54529 -1.85209 0.0277519 0
0 238 phononL 0.004 -0.940248 0.0899402 0.00867318 0
0 239 phononL 0.004 1.61281 0.982805 0.0350749 0
0 240 phononL 0.004 -1.68768 -2.22866 0.00303685 0
0 241 phononL 0.004 0.562611 -1.94325 0.0362946 0
0 242 phononL 0.004 0.605621 1.55594 0.0174393 0
0 243 phononL 0.004 -0.872827 1.95233 0.00927443 0
0 244 phononL 0.004 2.00613 0.631427 0.023793 0
0 245 phononL 0.004 -0.446968 -1.07703 -0.027262 0
0 246 phononL 0.004 -1.59914 1.43748 0.0163074 0
0 247 phononL 0.004 1.43981 -0.459868 0.0388521 0
0 248 phononL 0.004 1.23721 -0.278461 -0.0350381 0
0 249 phononL 0.004 -1.61282 -0.380466 -0.0383768 0
0 250 phononL 0.004 -1.45148 0.972884 -0.0363549 0
0 251 phononL 0.004 -1.6752 0.0869862 -0.00337404 0
0 252 phononL 0.004 -2.2065 -0.614379 -0.0283363 0
0 253 phononL 0.004 -1.29017 0.214863 0.032305 0
0 254 phononL 0.004 0.807554 0.130505 -0.0330986 0
0 255 phononL 0.004 0.479039 -0.816516 0.0239121 0
0 256 phononL 0.004 0.401266 0.10603 -0.0257772 0
0 257 phononL 0.004 -1.44458 -2.16372 0.0287684 0
0 258 phononL 0.004 0.443926 2.17688 -0.00678315 0
0 259 phononL 0.004 -0.71277 -0.869809 -0.0163819 0
0 260 phononL 0.004 0.00615936 -0.979739 0.0264491 0
0 261 phononL 0.004 0.99397 -0.3242 0.00092149 0
0 262 phononL 0.004 -1.39539 -0.697608 -0.0246786 0
0 263 phononL 0.004 -1.86736 0.0794706 -0.00787336 0
0 264 phononL 0.004 -0.699501 1.2223 0.0015578 0
0 265 phononL 0.004 1.46492 0.571232 -0.0290816 0
0 266 phononL 0.004 -1.31669 -1.11821 -0.0213343 0
0 267 phononL 0.004 0.349943 1.52555 0.0263641 0
0 268 phononL 0.004 0.796501 0.858645 0.0125254 0
0 269 phononL 0.004 -0.410274 1.8584 -0.0213192 0
0 270 phononL 0.004 -0.418692 -1.02014 -0.00200837 0
0 271 phononL 0.004 -1.43834 0.924674 0.03625 0
0 272 phononL 0.004 -1.04119 1.48435 0.0140397 0
0 273 phononL 0.004 -0.180986 -1.58871 0.0214044 0
0 274 phononL 0.004 -0.835332 0.900122 0.0276393 0
0 275 phononL 0.004 0.0598549 -1.57885 -0.00545642 0
0 276 phononL 0.004 0.0471409 1.40729 0.0139648 0
0 277 phononL 0.004 1.44232 0.0587418 -0.00116126 0
0 278 phononL 0.004 1.54631 0.123787 0.0353025 0
0 279 phononL 0.004 -1.7699 1.25529 0.0208583 0
0 280 phononL 0.004 -1.91893 0.832963 0.0287351 0
0 281 phononL 0.004 -1.58969 -0.452638 -0.000618549 0
0 282 phononL 0.004 0.653959 0.281504 -0.000593239 0
0 283 phononL 0.004 -1.95678 1.96659 0.0253106 0
0 284 phononL 0.004 -1.50522 1.5272 0.00820476 0
0 285 phononL 0.004 0.291347 -1.44348 -0.00318517 0
0 286 phononL 0.004 0.64741 -0.0635384 0.00856715 0
0 287 phononL 0.004 -2.05516 1.24132 -0.0186697 0
0 288 phononL 0.004 1.99547 -0.616093 -0.0117483 0
0 289 phononL 0.004 0.259765 0.572381 -0.0357061 0
0 290 phononL 0.004 0.208909 -1.06371 -0.012434 0
0 291 phononL 0.004 1.14224 -1.50677 -0.0182402 0
0 292 phononL 0.004 -1.84644 0.585681 0.0213027 0
0 293 phononL 0.004 0.181132 0.937382 -0.00894889 0
0 294 phononL 0.004 -1.41744 1.53392 -0.0092219 0
0 295 phononL 0.004 -1.36956 2.02646 -0.0174491 0
0 296 phononL 0.004 -1.05275 -1.98352 -0.0306014 0
0 297 phononL 0.004 1.96831 -0.570801 0.0294829 0
0 298 phononL 0.004 -1.64352 0.499704 0.010966 0
0 299 phononL 0.004 0.507432 0.844825 0.0339719 0
0 300 phononL 0.004 1.06534 1.04109 -0.0111152 0
0 301 phononL 0.004 1.23801 -1.10417 0.00954976 0
0 302 phononL 0.004 0.789708 -0.538053 -0.0155066 0
0 303 phononL 0.004 -2.05418 0.205066 0.0035519 0
0 304 phononL 0.004 1.61401 -0.146696 -0.00857987 0
0 305 phononL 0.004 -1.29049 -1.24622 -0.0223265 0
0 306 phononL 0.004 0.275442 -2.19789 0.00206639 0
0 307 phononL 0.004 -2.03334 -2.15124 0.0342253 0
0 308 phononL 0.004 1.05061 -1.21508 0.0271654 0
0 309 phononL 0.004 -0.00699532 -1.35641 -0.00964978 0
0 310 phononL 0.004 -0.188976 1.90205 -0.0332238 0
0 311 phononL 0.004 2.15524 -0.417948 -0.0306239 0
0 312 phononL 0.004 1.60985 -1.57354 0.0135627 0
0 313 phononL 0.004 -1.73329 0.779382 -0.0369292 0
0 314 phononL 0.004 -1.91487 1.34545 0.0288105 0
0 315 phononL 0.004 -0.379885 0.655731 0.0135612 0
0 316 phononL 0.004 0.136142 2.04985 0.0201153 0
0 317 phononL 0.004 1.65641 -2.00888 -0.0091521 0
0 318 phononL 0.004 -0.470095 1.46066 -0.0217728 0
0 319 phononL 0.004 2.07079 -2.14739 -0.0289014 0
0 320 phononL 0.004 0.495991 -1.86212 0.0382248 0
0 321 phononL 0.004 1.99733 2.1274 -0.0304034 0
0 322 phononL 0.004 -0.997376 0.751586 -0.0370549 0
0 323 phononL 0.004 1.61753 -1.02514 0.0366876 0
0 324 phononL 0.004 0.0162415 0.131408 -0.0172193 0
0 325 phononL 0.004 1.14692 -1.483 0.0317869 0
0 326 phononL 0.004 -1.92247 0.525324 0.0388422 0
0 327 phononL 0.004 -0.331558 -1.72533 0.036772 0
0 328 phononL 0.004 -2.06065 -0.225875 0.0154716 0
0 329 phononL 0.004 -1.26779 -2.1016 -0.0266194 0
0 330 phononL 0.004 2.1771 -0.583485 -0.0318423 0
0 331 phononL 0.004 0.550675 0.407696 0.00329981 0
0 332 phononL 0.004 -2.05673 0.372665 -0.0104072 0
0 333 phononL 0.004 1.9664 -0.0170079 0.0173155 0
0 334 phononL 0.004 1.69916 1.56029 -0.0244871 0
0 335 phononL 0.004 -0.191742 0.33233 0.0315744 0
0 336 phononL 0.004 -0.0995371 0.0462391 0.019778 0
0 337 phononL 0.004 1.16237 0.574576 0.0282014 0
0 338 phononL 0.004 -1.79424 1.06406 -0.0300314 0
0 339 phononL 0.004 2.0842 -1.79636 0.000124906 0
0 340 phononL 0.004 1.65255 1.66921 -0.0319383 0
0 341 phononL 0.004 -0.729332 -1.20797 0.0211364 0
0 342 phononL 0.004 1.83503 -0.531905 0.022839 0
0 343 phononL 0.004 0.187942 0.954853 -0.0168947 0
0 344 phononL 0.004 -1.26511 0.867417 0.0231173 0
0 345 phononL 0.004 1.4947 0.107115 0.0327086 0
0 346 phononL 0.004 -0.225303 -0.978461 0.00474287 0
0 347 phononL 0.004 0.905688 0.106357 0.0274594 0
0 348 phononL 0.004 0.656918 -0.670895 0.00419906 0
0 349 phononL 0.004 -1.15712 -0.960872 -0.0242502 0
0 350 phononL 0.004 -1.40635 -1.93711 0.0194255 0
0 351 phononL 0.004 -2.20611 -1.80858 0.0113087 0
0 352 phononL 0.004 1.91578 1.16063 -0.0374397 0
0 353 phononL 0.004 -0.0345809 -0.190184 0.0345046 0
0 354 phononL 0.004 0.366153 0.533599 0.0259866 0
0 355 phononL 0.004 1.85548 -1.80866 0.0175489 0
0 356 phononL 0.004 1.76965 -1.91199 0.0274235 0
0 357 phononL 0.004 -1.017 -1.39229 0.0250081 0
0 358 phononL 0.004 0.772232 0.251094 0.00655463 0
0 359 phononL 0.004 1.7539 -2.09824 0.0024219 0
0 360 phononL 0.004 -1.70103 1.01842 0.00787589 0
0 361 phononL 0.004 0.69861 -2.0461 0.0181495 0
0 362 phononL 0.004 1.55794 -0.447799 -0.0360901 0
0 363 phononL 0.004 -0.675338 -0.400352 0.00296576 0
0 364 phononL 0.004 0.952604 0.607692 -0.0371706 0
0 365 phononL 0.004 0.366189 -2.09526 0.0341902 0
0 366 phononL 0.004 2.00191 0.502863 0.0243621 0
0 367 phononL 0.004 1.89358 0.0244496 0.0146194 0
0 368 phononL 0.004 0.181481 -1.9328 0.0151863 0
0 369 phononL 0.004 -2.03421 -0.600507 0.0282622 0
0 370 phononL 0.004 -1.41367 0.269212 -0.0386994 0
0 371 phononL 0.004 0.706205 -1.52889 0.00912786 0
0 372 phononL 0.004 2.21366 0.105315 -0.0116908 0
0 373 phononL 0.004 -0.146058 0.138952 -0.00229536 0
0 374 phononL 0.004 1.37401 -0.611121 -0.00537317 0
0 375 phononL 0.004 -1.62754 1.29572 -0.00933056 0
0 376 phononL 0.004 0.863544 1.76298 -0.02435 0
0 377 phononL 0.004 -0.847333 -1.53702 0.0171312 0
0 378 phononL 0.004 0.207707 1.63934 -0.0256296 0
0 379 phononL 0.004 2.15113 -1.42779 0.0151081 0
0 380 phononL 0.004 2.22582 -1.387 0.00893578 0
0 381 phononL 0.004 0.748268 0.9902 -0.0169421 0
0 382 phononL 0.004 2.18929 0.917044 0.0214404 0
0 383 phononL 0.004 -1.30684 1.28827 -0.00420817 0
0 384 phononL 0.004 -0.238157 -0.991427 0.0311895 0
0 385 phononL 0.004 1.33732 -2.15822 -0.0165712 0
0 386 phononL 0.004 1.10109 0.310152 0.0181054 0
0 387 phononL 0.004 -0.873433 1.17217 -0.00647255 0
0 388 phononL 0.004 -1.64209 1.1933 0.0330824 0
0 389 phononL 0.004 -2.04711 0.0563017 0.0344637 0
0 390 phononL 0.004 -1.74756 -2.12159 -0.0120904 0
0 391 phononL 0.004 -0.0190702 -0.033033 -0.026959 0
0 392 phononL 0.004 -0.773217 1.57946 -0.0216964 0
0 393 phononL 0.004 -0.791155 1.84753 0.00975699 0
0 394 phononL 0.004 -1.532 -1.11687 -0.0285931 0
0 395 phononL 0.004 1.56325 -0.568472 -0.0107068 0
0 396 phononL 0.004 1.72588 0.561391 -0.0334622 0
0 397 phononL 0.004 2.18057 1.15182 -0.0356764 0
0 398 phononL 0.004 1.04282 2.20903 0.0160756 0
0 399 phononL 0.004 -1.53522 -0.608483 0.0330364 0
0 400 phononL 0.004 1.81969 2.09848 0.0194191 0
0 401 phononL 0.004 -0.956587 2.04613 0.00382554 0
0 402 phononL 0.004 -1.83266 1.23322 -0.0364289 0
0 403 phononL 0.004 -0.76255 0.0554405 -0.0295127 0
0 404 phononL 0.004 1.35188 -0.449952 0.00896314 0
0 405 phononL 0.004 -1.98507 -1.77789 0.0240485 0
0 406 phononL 0.004 -1.32522 -0.21274 -0.0218435 0
0 407 phononL 0.004 1.19157 -1.78774 -0.0335284 0
0 408 phononL 0.004 -2.06358 -1.91564 0.0344767 0
0 409 phononL 0.004 1.09075 1.23702 0.0356147 0
0 410 phononL 0.004 -0.709464 0.0296343 -0.0211906 0
0 411 phononL 0.004 -0.30959 1.40326 0.00263402 0
0 412 phononL 0.004 1.78543 -1.28363 -0.0377205 0
0 413 phononL 0.004 0.398417 2.20245 0.0398949 0
0 414 phononL 0.004 0.514764 1.6286 -0.024063 0
0 415 phononL 0.004 0.608227 2.01881 0.00275992 0
0 416 phononL 0.004 -0.666249 1.4149 -0.0265195 0
0 417 phononL 0.004 -0.761734 -1.33184 -0.0158179 0
0 418 phononL 0.004 0.961802 -0.305498 -0.00620569 0
0 419 phononL 0.004 1.02041 -2.11582 -0.0283279 0
0 420 phononL 0.004 -2.10557 1.12421 0.0275645 0
0 421 phononL 0.004 1.02579 0.0178865 0.0216269 0
0 422 phononL 0.004 1.05777 0.353128 -0.000724873 0
0 423 phononL 0.004 -1.62802 1.64794 -0.0288593 0
0 424 phononL 0.004 2.19989 -2.21823 -0.0238048 0
0 425 phononL 0.004 -1.72816 -0.260271 0.0221251 0
0 426 phononL 0.004 -1.68317 0.202521 0.0205788 0
0 427 phononL 0.004 -2.1956 0.384536 -0.0101196 0
0 428 phononL 0.004 -0.800274 -1.96381 -0.00141942 0
0 429 phononL 0.004 -2.20029 -0.552212 0.0264122 0
0 430 phononL 0.004 0.77146 1.62765 -0.0369152 0
0 431 phononL 0.004 0.181426 2.05833 0.0241826 0
0 432 phononL 0.004 1.13302 -1.73786 0.0320144 0
0 433 phononL 0.004 -1.21059 0.470944 -0.0304035 0
0 434 phononL 0.004 2.16958 -2.04609 -0.0357565 0
0 435 phononL 0.004 1.53172 -0.858408 -0.0267655 0
0 436 phononL 0.004 -1.93168 -1.46868 0.00350149 0
0 437 phononL 0.004 2.22028 2.12816 0.0115403 0
0 438 phononL 0.004 -1.27203 0.530489 0.0122177 0
0 439 phononL 0.004 1.32867 0.236269 0.029741 0
0 440 phononL 0.004 1.80868 -1.56772 -0.018923 0
0 441 phononL 0.004 -0.653043 1.52713 -0.0147817 0
0 442 phononL 0.004 -1.09513 -1.81444 0.0352641 0
0 443 phononL 0.004 2.14417 -1.93006 -0.0260097 0
0 444 phononL 0.004 2.00857 -1.81517 -0.0391865 0
0 445 phononL 0.004 -0.170833 -1.58228 -0.0331641 0
0 446 phononL 0.004 -1.58393 -1.74246 -0.0188093 0
0 447 phononL 0.004 1.2871 -0.218332 0.0321805 0
0 448 phononL 0.004 -1.56857 0.690291 -0.0322969 0
0 449 phononL 0.004 0.526324 -2.03808 -0.025862 0
0 450 phononL 0.004 -1.19169 -0.0390134 0.0204382 0
0 451 phononL 0.004 2.10836 -0.470579 -0.0265399 0
0 452 phononL 0.004 0.493893 -1.15851 -0.0176032 0
0 453 phononL 0.004 2.1745 -1.15157 -0.0171804 0
0 454 phononL 0.004 2.20917 1.20764 -0.0154218 0
0 455 phononL 0.004 2.05237 -1.57345 0.0256433 0
0 456 phononL 0.004 -0.51794 1.41591 0.0234696 0
0 457 phononL 0.004 1.78987 0.108693 0.0266313 0
0 458 phononL 0.004 -0.117721 -1.7541 0.0213541 0
0 459 phononL 0.004 -0.373135 -0.848622 -0.0396535 0
0 460 phononL 0.004 2.06024 -1.03961 0.0199413 0
0 461 phononL 0.004 -1.1499 -0.967443 -0.0307737 0
0 462 phononL 0.004 -0.334779 1.27769 0.0344039 0
0 463 phononL 0.004 -1.41213 -0.82242 -0.0271178 0
0 464 phononL 0.004 2.03476 1.20433 0.0140667 0
0 465 phononL 0.004 0.148492 -1.51535 0.0105111 0
0 466 phononL 0.004 -1.99071 -0.481342 0.0260874 0
0 467 phononL 0.004 1.43806 0.483448 0.0030992 0
0 468 phononL 0.004 -0.562211 0.370767 -0.0313971 0
0 469 phononL 0.004 0.609322 -0.16423 0.0169679 0
0 470 phononL 0.004 0.00034174 -0.917428 0.0377975 0
0 471 phononL 0.004 -1.76703 -2.0515 -0.0329116 0
0 472 phononL 0.004 -0.524401 -0.254301 0.0376433 0
0 473 phononL 0.004 0.503719 0.25433 -0.0203918 0
0 474 phononL 0.004 0.44516 0.199313 0.00575194 0
0 475 phononL 0.004 0.267576 -2.23596 0.00426286 0
0 476 phononL 0.004 0.995636 0.0567142 0.0288659 0
0 477 phononL 0.004 -1.06044 -0.0524167 -0.0187879 0
0 478 phononL 0.004 1.16791 -0.66044 0.0114264 0
0 479 phononL 0.004 -0.92258 -0.862583 -0.0312762 0
0 480 phononL 0.004 -1.80153 0.893483 0.0232447 0
0 481 phononL 0.004 -0.198348 0.270134 -0.00315632 0
0 482 phononL 0.004 -0.655639 -0.440607 -0.0183503 0
0 483 phononL 0.004 0.460774 -0.187838 -0.0149253 0
0 484 phononL 0.004 1.10638 -1.61893 0.0396183 0
0 485 phononL 0.004 -1.81096 -0.332804 0.0211962 0
0 486 phononL 0.004 0.541869 1.0458 0.025967 0
0 487 phononL 0.004 -0.548908 -0.384085 -0.0365603 0
0 488 phononL 0.004 -1.5715 -0.966467 -0.0364015 0
0 489 phononL 0.004 -0.821358 0.84304 -0.0364886 0
0 490 phononL 0.004 -1.58208 -1.54984 0.0351148 0
0 491 phononL 0.004 -0.855983 0.535369 0.027747 0
0 492 phononL 0.004 0.415955 -1.47659 0.0357071 0
0 493 phononL 0.004 -1.09988 1.45503 -0.0116359 0
0 494 phononL 0.004 -0.43029 -1.68026 -0.0368371 0
0 495 phononL 0.004 -2.03808 -0.0235588 0.0338687 0
0 496 phononL 0.004 0.158541 -0.737782 0.0297595 0
0 497 phononL 0.004 2.21967 1.20067 0.0107892 0
0 498 phononL 0.004 -0.420692 2.16775 -0.00389295 0
0 499 phononL 0.004 0.878175 0.320048 -0.0322406 0
0 500 phononL 0.004 -0.978485 1.16668 0.00645513 0
0 501 phononL 0.004 -1.07984 1.29244 -0.00412051 0
0 502 phononL 0.004 1.23565 2.01563 0.0153151 0
0 503 phononL 0.004 1.03558 -2.06681 -0.00746112 0
0 504 phononL 0.004 0.295238 -0.0836749 -0.0316489 0
0 505 phononL 0.004 -0.95195 0.603365 0.0200937 0
0 506 phononL 0.004 1.0784 0.0891298 -0.0300464 0
0 507 phononL 0.004 -0.629497 0.296666 0.0163157 0
0 508 phononL 0.004 0.634951 -2.23438 0.0151523 0
0 509 phononL 0.004 -0.464095 -0.912531 0.01296 0
0 510 phononL 0.004 1.88753 0.709537 0.0074495 0
0 511 phononL 0.004 2.12112 -0.727096 -0.0316872 0
0 512 phononL 0.004 0.324107 0.804767 0.0239663 0
0 513 phononL 0.004 1.45985 -1.09949 -0.0359074 0
0 514 phononL 0.004 0.182038 -2.00636 0.0152848 0
0 515 phononL 0.004 1.11132 -0.152092 -0.00637684 0
0 516 phononL 0.004 -2.18319 2.1468 -0.0250371 0
0 517 phononL 0.004 0.981952 -0.780803 0.0238087 0
0 518 phononL 0.004 1.92318 -1.37577 -0.0274005 0
0 519 phononL 0.004 0.0686192 -0.347262 -0.0172459 0
0 520 phononL 0.004 -2.16322 1.42482 -0.0308752 0
0 521 phononL 0.004 -1.91185 -1.10769 -0.0162289 0
0 522 phononL 0.004 0.174673 -0.798259 -0.0138975 0
0 523 phononL 0.004 -0.56265 2.09924 -0.0369276 0
0 524 phononL 0.004 0.548912 1.6175 0.0173877 0
0 525 phononL 0.004 0.781033 -1.9739 0.0170966 0
0 526 phononL 0.004 1.06863 -1.54275 -0.0283217 0
0 527 phononL 0.004 1.95544 -0.647285 -0.0129947 0
0 528 phononL 0.004 -0.166223 -0.609446 -0.0365554 0
0 529 phononL 0.004 2.08064 -1.91998 0.0366247 0
0 530 phononL 0.004 -1.22153 -0.997054 0.0220765 0
0 531 phononL 0.004 2.12194 -1.33415 -0.00918257 0
0 532 phononL 0.004 -1.66964 1.7573 -0.00834253 0
0 533 phononL 0.004 -1.29135 -1.70808 -0.03345 0
0 534 phononL 0.004 -0.435109 -0.960757 0.0219462 0
0 535 phononL 0.004 -0.657299 1.28649 -0.0303928 0
0 536 phononL 0.004 -0.152971 -0.182954 -0.0150441 0
0 537 phononL 0.004 -0.302346 0.166609 -0.0391365 0
0 538 phononL 0.004 -1.53492 -2.16397 0.0272971 0
0 539 phononL 0.004 -0.791586 -0.034008 -0.0127603 0
0 540 phononL 0.004 1.99051 -0.499781 -0.030982 0
0 541 phononL 0.004 0.193482 1.74757 -0.00652016 0
0 542 phononL 0.004 0.31726 -1.94922 -0.00635544 0
0 543 phononL 0.004 -0.503466 -1.91675 0.0333738 0
0 544 phononL 0.004 -1.86936 2.07593 -0.029343 0
0 545 phononL 0.004 -2.10256 1.39106 -0.0115179 0
0 546 phononL 0.004 -0.906826 1.47016 -0.00430054 0
0 547 phononL 0.004 -0.83489 -0.7617 0.019042 0
0 548 phononL 0.004 -1.86472 1.46254 -0.00271942 0
0 549 phononL 0.004 0.600873 -1.80646 -0.0107258 0
0 550 phononL 0.004 2.07471 -2.14587 0.00448207 0
0 551 phononL 0.004 -0.403577 -0.715176 -0.0286229 0
0 552 phononL 0.004 0.878523 -0.11795 0.00434769 0
0 553 phononL 0.004 1.86746 2.21983 0.0190209 0
0 554 phononL 0.004 1.61897 0.523043 0.0106246 0
0 555 phononL 0.004 -2.1689 -1.4968 -0.0333933 0
0 556 phononL 0.004 2.15198 -1.0342 -0.0367288 0
0 557 phononL 0.004 -1.90011 -1.26358 0.00985938 0
0 558 phononL 0.004 -0.0237991 1.55207 -0.00957895 0
0 559 phononL 0.004 -0.291894 -1.90021 0.0386797 0
0 560 phononL 0.004 -1.46326 -0.0429284 -0.0179789 0
0 561 phononL 0.004 0.182775 -0.60126 -0.0153353 0
0 562 phononL 0.004 1.43594 1.24565 0.0193382 0
0 563 phononL 0.004 0.811734 -2.14878 -0.0277266 0
0 564 phononL 0.004 -1.02925 0.954287 0.0315946 0
0 565 phononL 0.004 -2.11742 -0.0457467 0.0143316 0
0 566 phononL 0.004 -1.67671 -0.428945 0.0392477 0
0 567 phononL 0.004 1.45952 0.862334 -0.0292074 0
0 568 phononL 0.004 2.16392 -2.11405 -0.0219516 0
0 569 phononL 0.004 1.7898 -0.126052 0.00518676 0
0 570 phononL 0.004 -2.1848 1.64594 -0.0301885 0
0 571 phononL 0.004 -1.28149 -0.331037 0.038673 0
0 572 phononL 0.004 2.07141 -0.40932 -0.0073278 0
0 573 phononL 0.004 -1.14131 2.02541 -0.00522653 0
0 574 phononL 0.004 -0.865625 -1.07143 0.0309695 0
0 575 phononL 0.004 2.01959 -1.70299 -0.0346038 0
0 576 phononL 0.004 -1.06026 0.450457 0.0058767 0
0 577 phononL 0.004 2.00662 -2.19944 0.0156387 0
0 578 phononL 0.004 0.576161 -0.722583 0.0306705 0
0 579 phononL 0.004 -1.00839 0.399153 -0.0358559 0
0 580 phononL 0.004 -0.0311716 -0.265653 0.0339695 0
0 581 phononL 0.004 1.39046 1.92029 -0.0277864 0
0 582 phononL 0.004 -1.01376 1.37702 -0.0269994 0
0 583 phononL 0.004 -0.355854 1.81805 -0.00779213 0
0 584 phononL 0.004 0.265075 -0.916594 0.0361055 0
0 585 phononL 0.004 2.09716 -1.02635 0.00758001 0
0 586 phononL 0.004 -0.483161 1.81411 -0.0279616 0
0 587 phononL 0.004 0.712624 -0.792481 -0.011528 0
0 588 phononL 0.004 -0.496917 0.864523 -0.0358754 0
0 589 phononL 0.004 0.255653 -1.39607 -0.00439124 0
0 590 phononL 0.004 -1.40997 0.393973 -0.0135526 0
0 591 phononL 0.004 -0.11343 1.55579 0.000457407 0
0 592 phononL 0.004 0.716609 0.524297 -0.00995979 0
0 593 phononL 0.004 -1.54812 -1.90258 0.0191833 0
0 594 phononL 0.004 1.91718 0.63281 -0.021709 0
0 595 phononL 0.004 -0.92073 -1.11525 0.0136178 0
0 596 phononL 0.004 1.25535 -1.72937 0.00836018 0
0 597 phononL 0.004 -0.686759 -0.953184 0.0174863 0
0 598 phononL 0.004 0.26507 1.33999 -0.0138829 0
0 599 phononL 0.004 1.44985 -0.213254 -0.00362503 0
0 600 phononL 0.004 -0.414243 -1.56951 -0.0158075 0
0 601 phononL 0.004 2.19013 -0.0284434 0.0263026 0
0 602 phononL 0.004 -0.354371 -1.86662 -0.0399393 0
0 603 phononL 0.004 -1.06723 0.456429 -0.028048 0
0 604 phononL 0.004 1.21625 -0.542838 -0.0134458 0
0 605 phononL 0.004 0.519936 0.134166 0.00886102 0
0 606 phononL 0.004 -0.651326 1.28509 -0.00235542 0
0 607 phononL 0.004 1.95439 1.82971 0.0112036 0
0 608 phononL 0.004 0.933666 0.664148 0.0372126 0
0 609 phononL 0.004 -1.59768 -0.549703 -0.011537 0
0 610 phononL 0.004 1.32476 1.35552 0.00318061 0
0 611 phononL 0.004 1.36239 1.1751 -0.00155518 0
0 612 phononL 0.004 -1.96324 0.891512 -0.0139264 0
0 613 phononL 0.004 0.117985 -2.20857 0.0159552 0
0 614 phononL 0.004 1.75659 -0.163766 -0.0103102 0
0 615 phononL 0.004 1.68135 -0.79628 0.0376352 0
0 616 phononL 0.004 -0.477922 0.295262 -0.00905496 0
0 617 phononL 0.004 -0.302465 1.73704 0.0374259 0
0 618 phononL 0.004 -2.21277 -2.1763 0.0278343 0
0 619 phononL 0.004 2.07328 -0.999077 0.0257969 0
0 620 phononL 0.004 1.30115 1.44688 0.0306431 0
0 621 phononL 0.004 1.99387 0.514253 -0.0216021 0
0 622 phononL 0.004 -1.13157 1.42586 0.0255774 0
0 623 phononL 0.004 1.64613 -0.916275 -0.0152923 0
0 624 phononL 0.004 -1.14874 1.5411 -0.0349641 0
0 625 phononL 0.004 -2.22446 1.93063 -0.000418702 0
0 626 phononL 0.004 0.222722 -0.60437 -0.0290031 0
0 627 phononL 0.004 0.728513 0.903082 0.0187334 0
0 628 phononL 0.004 0.104157 -0.292171 0.0288502 0
0 629 phononL 0.004 -1.37692 0.813544 -0.013491 0
0 630 phononL 0.004 1.15908 -1.287 -0.0386686 0
0 631 phononL 0.004 -1.31058 1.41643 0.0171472 0
0 632 phononL 0.004 0.707296 2.16919 -0.0342158 0
0 633 phononL 0.004 -2.22672 1.73484 0.0264007 0
0 634 phononL 0.004 -0.741049 -2.18716 -0.0336498 0
0 635 phononL 0.004 -1.97249 -0.491514 0.00691439 0
0 636 phononL 0.004 -1.27929 0.369241 0.0259059 0
0 637 phononL 0.004 0.431901 -1.05462 0.00107965 0
0 638 phononL 0.004 1.28655 1.6213 0.00913437 0
0 639 phononL 0.004 0.312198 1.47412 0.00830152 0
0 640 phononL 0.004 -1.89836 1.62022 0.0268474 0
0 641 phononL 0.004 -1.32417 -1.00444 -0.0347131 0
0 642 phononL 0.004 1.42228 1.27068 0.0372012 0
0 643 phononL 0.004 1.49264 1.76873 -0.0153548 0
0 644 phononL 0.004 2.17109 1.56323 -0.0332222 0
0 645 phononL 0.004 0.636034 -1.36185 0.0338254 0
0 646 phononL 0.004 -1.98318 -1.61808 -0.0296389 0
0 647 phononL 0.004 0.379646 0.444806 -0.014092 0
0 648 phononL 0.004 1.21956 -1.36227 0.0197681 0
0 649 phononL 0.004 -1.20491 1.32771 -0.0317757 0
0 650 phononL 0.004 1.70681 0.871876 0.0019917 0
0 651 phononL 0.004 -1.74245 -0.979102 -0.0175317 0
0 652 phononL 0.004 -0.0307286 -1.6258 -0.0377203 0
0 653 phononL 0.004 1.03003 -0.0178138 0.0246198 0
0 654 phononL 0.004 -0.572035 2.06879 -0.00380027 0
0 655 phononL 0.004 -0.820636 0.699381 0.00551225 0
0 656 phononL 0.004 -1.32532 1.33344 -0.0174513 0
0 657 phononL 0.004 -0.6167 -0.0476301 0.00334593 0
0 658 phononL 0.004 1.7779 -0.311326 0.0358067 0
0 659 phononL 0.004 -0.738559 -0.711819 -0.0292069 0
0 660 phononL 0.004 -1.7117 1.57289 -0.0151231 0
0 661 phononL 0.004 1.61853 1.23875 0.00426093 0
0 662 phononL 0.004 -1.69164 1.13528 -0.0202907 0
0 663 phononL 0.004 0.8579 0.102809 0.0165105 0
0 664 phononL 0.004 0.414471 -2.18796 -0.0117904 0
0 665 phononL 0.004 1.47326 1.1479 -0.0246982 0
0 666 phononL 0.004 1.01576 0.614482 -0.0307358 0
0 667 phononL 0.004 -0.0822156 0.446893 0.0114645 0
0 668 phononL 0.004 -2.12757 -0.552257 -0.0202662 0
0 669 phononL 0.004 -1.29429 -1.95313 0.0320891 0
0 670 phononL 0.004 -1.12848 2.12628 -0.012806 0
0 671 phononL 0.004 0.490327 0.763051 -0.0377612 0
0 672 phononL 0.004 1.77571 -1.68603 0.019442 0
0 673 phononL 0.004 -0.843053 -0.215713 0.0384873 0
0 674 phononL 0.004 0.956913 0.760458 -0.0289369 0
0 675 phononL 0.004 -0.92374 -1.65292 0.0304975 0
0 676 phononL 0.004 1.30935 -2.01162 -0.00288731 0
0 677 phononL 0.004 0.62895 -0.967146 0.0110152 0
0 678 phononL 0.004 -2.04348 0.707931 0.0113219 0
0 679 phononL 0.004 -1.931 -1.9013 -0.0377364 0
0 680 phononL 0.004 -2.21641 -0.198748 0.00670789 0
0 681 phononL 0.004 -0.350475 1.79229 0.0390615 0
0 682 phononL 0.004 1.74741 -1.45757 -0.0275243 0
0 683 phononL 0.004 0.411754 -1.90427 0.0214775 0
0 684 phononL 0.004 -0.278975 -1.94866 0.0105913 0
0 685 phononL 0.004 -1.42796 -0.124435 0.0265329 0
0 686 phononL 0.004 -0.580639 1.40584 0.0356501 0
0 687 phononL 0.004 2.16286 -2.10325 0.0146497 0
0 688 phononL 0.004 2.16771 0.779236 -0.0368855 0
0 689 phononL 0.004 -1.21892 2.17727 -0.0298448 0
0 690 phononL 0.004 0.250633 -1.77168 0.0133416 0
0 691 phononL 0.004 -1.80221 0.756489 0.00688204 0
0 692 phononL 0.004 0.604324 2.2064 -0.0352645 0
0 693 phononL 0.004 2.05173 1.34284 -0.0108905 0
0 694 phononL 0.004 0.896141 0.878584 -0.0184155 0
0 695 phononL 0.004 -2.09861 -1.01864 0.0139958 0
0 696 phononL 0.004 1.40682 1.44309 -0.012227 0
0 697 phononL 0.004 -0.237314 -2.19603 0.0103418 0
0 698 phononL 0.004 1.4828 0.51237 0.0325775 0
0 699 phononL 0.004 0.710559 0.889665 0.0310152 0
0 700 phononL 0.004 -1.12126 -0.302764 -0.0250195 0
0 701 phononL 0.004 -0.280516 -1.07809 0.0166463 0
0 702 phononL 0.004 -1.18237 2.15653 -0.0324267 0
0 703 phononL 0.004 -1.43956 -1.0322 -0.0200482 0
0 704 phononL 0.004 -1.44818 1.31014 0.0100736 0
0 705 phononL 0.004 -1.74465 -0.216634 0.0218972 0
0 706 phononL 0.004 0.294739 -0.548869 0.0332055 0
0 707 phononL 0.004 -1.65341 -1.72009 -0.0254799 0
0 708 phononL 0.004 -0.356585 -0.883323 0.0268476 0
0 709 phononL 0.004 1.21623 -0.835987 -0.0172133 0
0 710 phononL 0.004 -0.96787 -0.179138 0.0252068 0
0 711 phononL 0.004 2.01476 2.07523 -0.00661839 0
0 712 phononL 0.004 0.266438 0.185337 0.0216905 0
0 713 phononL 0.004 0.415644 1.36262 -0.0100991 0
0 714 phononL 0.004 0.844366 2.20521 -0.0181499 0
0 715 phononL 0.004 -0.959667 0.435293 0.026799 0
0 716 phononL 0.004 -1.96968 0.0641087 0.0177833 0
0 717 phononL 0.004 1.88955 -1.96788 0.031361 0
0 718 phononL 0.004 -0.664579 -1.97663 0.00325386 0
0 719 phononL 0.004 1.61286 -0.554556 0.0187525 0
0 720 phononL 0.004 0.199322 -1.00629 -0.0016988 0
0 721 phononL 0.004 1.11622 1.12654 -0.0235948 0
0 722 phononL 0.004 1.45127 -0.860864 0.0128976 0
0 723 phononL 0.004 1.25701 -1.90756 0.0375258 0
0 724 phononL 0.004 0.242058 2.19933 0.0243684 0
0 725 phononL 0.004 0.845426 1.99491 0.024131 0
0 726 phononL 0.004 -1.5768 0.628922 -0.011661 0
0 727 phononL 0.004 -2.22871 1.63359 -0.0330229 0
0 728 phononL 0.004 -1.83949 -1.93826 -0.0350884 0
0 729 phononL 0.004 0.952933 -0.394901 -0.0170029 0
0 730 phononL 0.004 -1.55069 -1.03755 -0.0356867 0
0 731 phononL 0.004 1.37489 -1.15064 0.0383926 0
0 732 phononL 0.004 -1.99792 -1.51118 -0.0393384 0
0 733 phononL 0.004 -0.456499 -2.00765 -0.0151203 0
0 734 phononL 0.004 0.900763 -0.462828 0.0200118 0
0 735 phononL 0.004 -0.715661 0.167347 -0.00281671 0
0 736 phononL 0.004 0.179395 1.11031 -0.00571954 0
0 737 phononL 0.004 -0.472221 -0.55481 0.021764 0
0 738 phononL 0.004 -1.55538 -1.72287 0.0363072 0
0 739 phononL 0.004 -0.406238 -1.50851 0.00974239 0
0 740 phononL 0.004 0.475792 -1.71128 -0.0260932 0
0 741 phononL 0.004 -0.279303 -1.39934 -0.00506179 0
0 742 phononL 0.004 1.4592 -1.86419 -0.0340653 0
0 743 phononL 0.004 -1.99129 1.28229 0.0115552 0
0 744 phononL 0.004 1.86109 -1.24654 0.0302712 0
0 745 phononL 0.004 -1.339 -0.0360249 0.00495751 0
0 746 phononL 0.004 1.49915 -0.107215 0.0243207 0
0 747 phononL 0.004 1.18129 -0.853145 -0.0275959 0
0 748 phononL 0.004 1.92087 1.70361 0.0192629 0
0 749 phononL 0.004 -0.59078 1.58255 0.0126617 0
0 750 phononL 0.004 -1.04568 0.297202 -0.0332026 0
0 751 phononL 0.004 0.0469969 -0.377406 -0.0216751 0
0 752 phononL 0.004 -0.0115929 1.9854 -0.0323203 0
0 753 phononL 0.004 0.853558 -0.546864 0.0099412 0
0 754 phononL 0.004 0.393891 -0.0497435 -0.021908 0
0 755 phononL 0.004 0.727466 0.654178 0.0387184 0
0 756 phononL 0.004 -0.237232 -0.720911 -0.036801 0
0 757 phononL 0.004 -0.81109 -0.189475 -0.0396443 0
0 758 phononL 0.004 -0.133624 -0.638533 -0.0129797 0
0 759 phononL 0.004 -0.97727 -1.53912 0.00872505 0
0 760 phononL 0.004 0.168757 0.574264 0.00800145 0
0 761 phononL 0.004 -1.73008 0.491864 0.00989906 0
0 762 phononL 0.004 -2.03195 -2.00418 0.0235947 0
0 763 phononL 0.004 -1.66964 -1.94633 -0.0367231 0
0 764 phononL 0.004 0.465084 -0.21177 0.0224245 0
0 765 phononL 0.004 1.17943 -0.839061 -0.0360841 0
0 766 phononL 0.004 -2.23143 -0.721441 0.0241666 0
0 767 phononL 0.004 1.11742 1.88055 0.0264436 0
0 768 phononL 0.004 -1.87797 -0.122929 -0.0314925 0
0 769 phononL 0.004 0.685076 -0.956861 0.0399287 0
0 770 phononL 0.004 -0.374379 1.84835 -0.0270402 0
0 771 phononL 0.004 -1.5913 0.560598 0.0191294 0
0 772 phononL 0.004 -1.83906 -1.17544 0.0154169 0
0 773 phononL 0.004 -1.06567 0.20496 -0.0240924 0
0 774 phononL 0.004 0.660578 -0.334872 0.0113762 0
0 775 phononL 0.004 1.96496 -1.51047 0.00894349 0
0 776 phononL 0.004 1.96008 -2.1393 -0.0127479 0
0 777 phononL 0.004 -1.66138 -0.192529 0.00793328 0
0 778 phononL 0.004 2.19266 1.38754 0.035443 0
0 779 phononL 0.004 -0.211913 -1.66581 0.00763266 0
0 780 phononL 0.004 -1.90057 -2.09776 0.0266086 0
0 781 phononL 0.004 1.13173 0.0478423 -0.0180386 0
0 782 phononL 0.004 -0.603426 -1.48345 -0.0364313 0
0 783 phononL 0.004 0.568737 1.7733 -0.0321177 0
0 784 phononL 0.004 -1.73289 -1.36301 0.031514 0
0 785 phononL 0.004 -1.94342 -0.899296 0.0209857 0
0 786 phononL 0.004 0.603292 1.56111 -0.0330242 0
0 787 phononL 0.004 1.21491 -1.11252 0.0287422 0
0 788 phononL 0.004 -1.66923 -2.13302 -0.0381083 0
0 789 phononL 0.004 -1.9925 -1.1327 -0.0309301 0
0 790 phononL 0.004 1.12935 0.543267 0.00479676 0
0 791 phononL 0.004 0.556363 0.325172 -0.0307711 0
0 792 phononL 0.004 0.98073 -0.345904 0.0351385 0
0 793 phononL 0.004 -0.90445 -2.18638 -0.00226601 0
0 794 phononL 0.004 -0.783076 2.06366 0.00713015 0
0 795 phononL 0.004 -0.926183 1.87523 0.00300303 0
0 796 phononL 0.004 1.04792 1.89559 0.0297411 0
0 797 phononL 0.004 1.83682 -0.802695 -0.0186493 0
0 798 phononL 0.004 -0.376793 0.724686 0.0262677 0
0 799 phononL 0.004 -0.961513 -1.55701 0.00899857 0
0 800 phononL 0.004 0.916817 1.56593 0.0180101 0
0 801 phononL 0.004 1.98384 -1.66847 -0.0211693 0
0 802 phononL 0.004 0.665597 0.790885 -0.0187209 0
0 803 phononL 0.004 -1.48282 -0.146296 0.0386717 0
0 804 phononL 0.004 0.108913 -1.67051 0.0258807 0
0 805 phononL 0.004 0.242917 1.93132 0.0308613 0
0 806 phononL 0.004 2.01651 -0.979183 -0.010339 0
0 807 phononL 0.004 0.521653 -0.913079 -0.0355376 0
0 808 phononL 0.004 1.77916 1.53038 -0.00407263 0
0 809 phononL 0.004 -1.64557 -0.203405 0.0375543 0
0 810 phononL 0.004 -1.73575 -0.0571595 0.0341701 0
0 811 phononL 0.004 -1.53762 -0.10435 -0.0388304 0
0 812 phononL 0.004 -0.492947 -1.49731 0.0050115 0
0 813 phononL 0.004 2.14353 -1.03376 -0.00973094 0
0 814 phononL 0.004 0.293211 0.712904 0.0113051 0
0 815 phononL 0.004 2.15443 2.22146 0.0218027 0
0 816 phononL 0.004 1.63504 0.770178 0.00399105 0
0 817 phononL 0.004 -0.768477 -0.611638 -0.0346803 0
0 818 phononL 0.004 -1.58297 -1.428 0.0154309 0
0 819 phononL 0.004 -0.717702 1.27095 -0.0134199 0
0 820 phononL 0.004 -1.0947 -0.213627 0.0168104 0
0 821 phononL 0.004 -1.1678 1.10932 -0.0118136 0
0 822 phononL 0.004 -1.42094 1.63932 -0.0201949 0
0 823 phononL 0.004 -0.928414 0.207729 0.0212325 0
0 824 phononL 0.004 -1.38846 -1.43043 0.014644 0
0 825 phononL 0.004 1.70354 -2.03219 -0.0272634 0
0 826 phononL 0.004 -0.0955246 -0.290702 -0.0225992 0
0 827 phononL 0.004 1.97967 -0.573106 0.039168 0
0 828 phononL 0.004 1.82868 1.8719 0.0064083 0
0 829 phononL 0.004 -1.80051 -2.07261 0.0191527 0
0 830 phononL 0.004 -1.62614 -0.987724 0.0207158 0
0 831 phononL 0.004 -1.84648 1.80944 0.00464856 0
0 832 phononL 0.004 -0.718476 -0.824312 -0.020382 0
0 833 phononL 0.004 -1.64083 -1.24724 0.00872602 0
0 834 phononL 0.004 -1.3967 -1.4495 -0.0391593 0
0 835 phononL 0.004 1.59508 -2.04804 -0.0351059 0
0 836 phononL 0.004 -0.0280367 -0.232738 0.0121103 0
0 837 phononL 0.004 0.7003 2.08121 0.0094093 0
0 838 phononL 0.004 0.528713 0.532261 -0.0104042 0
0 839 phononL 0.004 -1.69811 -1.18861 -0.0232637 0
0 840 phononL 0.004 1.89849 1.14156 -0.0391385 0
0 841 phononL 0.004 0.621064 0.410303 -0.0322415 0
0 842 phononL 0.004 0.772865 1.33916 5.67393e-05 0
0 843 phononL 0.004 -1.75278 1.15122 -0.00969705 0
0 844 phononL 0.004 1.05785 1.71898 0.0272296 0
0 845 phononL 0.004 2.09113 -1.1892 -0.0189183 0
0 846 phononL 0.004 1.4433 1.84991 -0.0151339 0
0 847 phononL 0.004 -2.15701 -1.75283 -0.0248692 0
0 848 phononL 0.004 -2.09054 1.3534 -0.00348834 0
0 849 phononL 0.004 1.58497 -1.90709 0.0273647 0
0 850 phononL 0.004 -1.24954 -0.536026 -0.0134648 0
0 851 phononL 0.004 1.49771 1.41673 0.0327808 0
0 852 phononL 0.004 -1.72988 -1.75947 -0.0200008 0
0 853 phononL 0.004 -1.25181 -1.72218 -0.00233366 0
0 854 phononL 0.004 1.7343 -1.22081 0.0227329 0
0 855 phononL 0.004 -1.36439 1.75241 0.0104431 0
0 856 phononL 0.004 -0.498844 0.569195 0.025481 0
0 857 phononL 0.004 -0.417755 2.14262 -0.0123819 0
0 858 phononL 0.004 0.652892 1.9424 -0.0271161 0
0 859 phononL 0.004 -0.829998 1.42018 0.00773355 0
0 860 phononL 0.004 -1.66816 -0.983899 -0.00603612 0
0 861 phononL 0.004 -0.521902 1.80989 -0.0176977 0
0 862 phononL 0.004 -1.00078 0.433522 0.0231162 0
0 863 phononL 0.004 -1.88911 0.338737 0.00186446 0
0 864 phononL 0.004 1.04362 -2.1258 -0.0203709 0
0 865 phononL 0.004 0.317499 -0.741747 -0.0326105 0
0 866 phononL 0.004 -2.15389 -1.83608 -0.0138114 0
0 867 phononL 0.004 1.92453 0.251747 0.0221947 0
0 868 phononL 0.004 -1.02139 1.28418 -0.0343404 0
0 869 phononL 0.004 1.29634 -1.61697 0.0208322 0
0 870 phononL 0.004 -0.214021 0.3374 -0.0218315 0
0 871 phononL 0.004 0.97132 1.13594 0.0321954 0
0 872 phononL 0.004 1.12779 -1.26696 -0.0155496 0
0 873 phononL 0.004 -0.57418 -1.26895 -0.0382514 0
0 874 phononL 0.004 -1.32194 -1.62774 0.0249327 0
0 875 phononL 0.004 -0.236909 -1.82457 -0.0388958 0
0 876 phononL 0.004 -0.600732 -0.299712 -0.0158637 0
0 877 phononL 0.004 1.40996 1.35704 0.00408546 0
0 878 phononL 0.004 1.58407 1.84738 -0.0378925 0
0 879 phononL 0.004 1.11591 -2.03212 0.0269337 0
0 880 phononL 0.004 -1.03515 -2.16174 -0.0372015 0
0 881 phononL 0.004 -1.47399 -1.77633 -0.00965151 0
0 882 phononL 0.004 1.63263 1.62823 -0.0201242 0
0 883 phononL 0.004 -1.13112 -2.12524 -0.0112249 0
0 884 phononL 0.004 0.42212 0.566401 0.0348907 0
0 885 phononL 0.004 -1.72533 0.890818 -0.03081 0
0 886 phononL 0.004 -0.180067 -0.680145 -0.0102078 0
0 887 phononL 0.004 -2.2098 0.824328 0.000527546 0
0 888 phononL 0.004 -0.0875964 -1.8635 -0.0218081 0
0 889 phononL 0.004 1.40592 -1.77432 0.0343703 0
0 890 phononL 0.004 -0.645502 0.803486 -0.0191223 0
0 891 phononL 0.004 -0.995345 1.27823 -0.0141009 0
0 892 phononL 0.004 2.06921 0.376671 0.00739195 0
0 893 phononL 0.004 1.09926 -0.0697683 -0.0219763 0
0 894 phononL 0.004 1.10154 -0.282536 -0.00671842 0
0 895 phononL 0.004 -1.15927 0.302057 0.012047 0
0 896 phononL 0.004 1.50974 1.38261 0.0199063 0
0 897 phononL 0.004 0.572284 -0.833991 0.0392949 0
0 898 phononL 0.004 -1.98626 -1.19404 -0.0226019 0
0 899 phononL 0.004 -1.48609 -1.39298 0.0198345 0
0 900 phononL 0.004 0.945899 -0.450436 0.0265533 0
0 901 phononL 0.004 -1.37504 -0.569448 0.0212253 0
0 902 phononL 0.004 -0.931102 0.582141 0.0200075 0
0 903 phononL 0.004 -1.91566 0.964089 -0.0114328 0
0 904 phononL 0.004 2.03364 1.80032 -0.0300359 0
0 905 phononL 0.004 -0.851312 -0.611594 0.0153545 0
0 906 phononL 0.004 1.36421 -0.253323 -0.0315486 0
0 907 phononL 0.004 1.95413 2.00572 -0.0194887 0
0 908 phononL 0.004 0.227669 0.242791 0.0111263 0
0 909 phononL 0.004 1.23956 -0.355603 0.008966 0
0 910 phononL 0.004 0.293379 1.01273 -0.00544145 0
0 911 phononL 0.004 -2.15086 -1.82634 0.0322172 0
0 912 phononL 0.004 -0.518531 1.62291 0.0250102 0
0 913 phononL 0.004 -1.19359 0.212213 0.0211078 0
0 914 phononL 0.004 -0.219982 0.730397 0.0313794 0
0 915 phononL 0.004 0.884425 0.957133 -0.0241002 0
0 916 phononL 0.004 0.27616 -1.88537 -0.0387128 0
0 917 phononL 0.004 1.2891 2.09746 0.016864 0
0 918 phononL 0.004 1.18584 -0.291493 -0.00632962 0
0 919 phononL 0.004 0.105295 -0.168446 0.0228438 0
0 920 phononL 0.004 0.169448 -0.86295 -0.000884047 0
0 921 phononL 0.004 0.704915 -0.517662 -0.0310289 0
0 922 phononL 0.004 -0.581369 -0.321205 0.0375656 0
0 923 phononL 0.004 -0.85602 0.253304 0.0372268 0
0 924 phononL 0.004 -0.27976 0.956035 -0.0281193 0
0 925 phononL 0.004 -1.63213 1.22432 -0.0257609 0
0 926 phononL 0.004 -1.0381 1.75284 -0.0111763 0
0 927 phononL 0.004 -1.75858 -1.98513 0.0161129 0
0 928 phononL 0.004 -0.318001 -0.0950085 -0.0366902 0
0 929 phononL 0.004 -1.73706 0.416466 -0.0365746 0
0 930 phononL 0.004 -2.1137 2.22639 -0.00144984 0
0 931 phononL 0.004 -0.932362 -0.698336 -0.0333714 0
0 932 phononL 0.004 -1.52457 -0.446046 0.00370552 0
0 933 phononL 0.004 1.87756 -0.0248 -0.0113477 0
0 934 phononL 0.004 2.21669 -1.31448 0.0308133 0
0 935 phononL 0.004 1.04833 -1.09678 0.0389242 0
0 936 phononL 0.004 1.14529 -2.03941 0.0143711 0
0 937 phononL 0.004 -0.758155 -1.9169 -0.0130276 0
0 938 phononL 0.004 2.02761 0.106564 -0.0269093 0
0 939 phononL 0.004 2.09839 -1.4022 0.0224475 0
0 940 phononL 0.004 1.767 2.22627 0.0189671 0
0 941 phononL 0.004 -1.95167 -0.832599 -0.0133754 0
0 942 phononL 0.004 0.467886 1.82341 -0.00413435 0
0 943 phononL 0.004 -2.21412 1.25437 -0.0124674 0
0 944 phononL 0.004 0.389627 -1.05178 0.0165651 0
0 945 phononL 0.004 -0.160839 0.537129 -0.038839 0
0 946 phononL 0.004 -1.44265 2.03655 -0.0238109 0
0 947 phononL 0.004 1.30024 0.831136 -0.000219138 0
0 948 phononL 0.004 -0.802415 1.52538 -0.0228669 0
0 949 phononL 0.004 -0.739457 -0.0214573 0.0280684 0
0 950 phononL 0.004 -0.774518 -1.69817 -0.0206937 0
0 951 phononL 0.004 -0.864915 -1.67272 -0.0241642 0
0 952 phononL 0.004 -0.682868 -1.39983 0.00577034 0
0 953 phononL 0.004 -0.659499 1.2366 0.0120142 0
0 954 phononL 0.004 0.174154 -0.0141703 0.00255084 0
0 955 phononL 0.004 -1.17876 0.292171 0.00530541 0
0 956 phononL 0.004 1.46076 -0.840369 -0.0106903 0
0 957 phononL 0.004 0.326232 0.101593 -0.0125012 0
0 958 phononL 0.004 -1.43207 -1.46192 -0.000158481 0
0 959 phononL 0.004 -0.780151 0.960094 0.0141404 0
0 960 phononL 0.004 1.52849 -1.90998 -0.0175961 0
0 961 phononL 0.004 0.550035 -2.1573 -0.0137658 0
0 962 phononL 0.004 0.843221 1.01101 0.0208687 0
0 963 phononL 0.004 1.31067 0.392178 0.0259177 0
0 964 phononL 0.004 -0.380339 1.04638 -0.0192915 0
0 965 phononL 0.004 -1.34822 0.724682 -0.0367626 0
0 966 phononL 0.004 1.88363 0.412508 0.00316145 0
0 967 phononL 0.004 -0.167055 1.50116 -0.0364441 0
0 968 phononL 0.004 1.69462 -1.72227 0.00906555 0
0 969 phononL 0.004 -0.526707 -1.71095 0.0327087 0
0 970 phononL 0.004 1.16866 -1.56733 -0.033612 0
0 971 phononL 0.004 1.0091 1.23978 0.0344678 0
0 972 phononL 0.004 -0.982204 -1.26862 0.0333098 0
0 973 phononL 0.004 2.2326 1.1243 0.00324714 0
0 974 phononL 0.004 0.158602 2.1786 0.0156611 0
0 975 phononL 0.004 -1.06107 -0.913519 -0.0176953 0
0 976 phononL 0.004 0.112182 -1.73966 0.0232345 0
0 977 phononL 0.004 0.763771 2.0724 -0.0113708 0
0 978 phononL 0.004 1.28344 2.1455 0.0391729 0
0 979 phononL 0.004 -0.257853 1.20615 0.0341769 0
0 980 phononL 0.004 0.946059 1.85468 0.00620545 0
0 981 phononL 0.004 1.51076 -0.138154 0.0261161 0
0 982 phononL 0.004 -0.332091 1.55432 0.0366424 0
0 983 phononL 0.004 -1.2081 1.41726 -0.0354813 0
0 984 phononL 0.004 2.08189 0.900606 0.0242892 0
0 985 phononL 0.004 -1.59314 -0.253551 -0.0250908 0
0 986 phononL 0.004 1.39908 1.90086 0.00578637 0
0 987 phononL 0.004 -0.858215 1.65692 -0.038489 0
0 988 phononL 0.004 -0.938235 1.82288 -0.0074813 0
0 989 phononL 0.004 0.211144 -1.0388 0.039152 0
0 990 phononL 0.004 -0.0386459 -1.39634 0.0120189 0
0 991 phononL 0.004 0.677113 1.97496 -0.00413322 0
0 992 phononL 0.004 0.152358 0.0228002 -0.0024884 0
0 993 phononL 0.004 -0.917667 2.11411 0.035801 0
0 994 phononL 0.004 -0.42462 1.38833 0.00299822 0
0 995 phononL 0.004 1.39259 -1.34622 0.0370716 0
0 996 phononL 0.004 -0.722746 -1.72093 0.0275693 0
0 997 phononL 0.004 -1.44924 -1.84235 0.0357138 0
0 998 phononL 0.004 -1.97629 -0.989627 0.0190246 0
0 999 phononL 0.004 -0.802702 2.00038 -0.0180782 0
0 1000 phononL 0.004 -1.73096 1.32745 -0.0153573 0
0 1001 phononL 0.004 0.445235 -1.66351 -0.0061792 0
0 1002 phononL 0.004 1.96253 -1.62147 -0.010936 0
0 1003 phononL 0.004 1.03095 2.20613 0.0358605 0
0 1004 phononL 0.004 -1.2605 -0.33217 -0.0388863 0
0 1005 phononL 0.004 1.64581 1.46798 -0.0267625 0
0 1006 phononL 0.004 -0.111563 -1.67374 -0.00635052 0
0 1007 phononL 0.004 -0.7636 -1.75469 0.0370406 0
0 1008 phononL 0.004 -0.415843 0.309464 -0.0235179 0
0 1009 phononL 0.004 1.45682 0.318866 -0.0167635 0
0 1010 phononL 0.004 -1.72865 -0.882664 -0.0165196 0
0 1011 phononL 0.004 -1.18736 -0.00128865 0.0138801 0
0 1012 phononL 0.004 0.446088 2.11236 0.034812 0
0 1013 phononL 0.004 1.70926 2.15638 0.0225343 0
0 1014 phononL 0.004 1.827 1.74421 0.038064 0
0 1015 phononL 0.004 0.984116 2.00273 -0.00132782 0
0 1016 phononL 0.004 0.120019 0.837711 0.0280934 0
0 1017 phononL 0.004 -0.350477 -0.961879 0.0337398 0
0 1018 phononL 0.004 2.15229 -0.843462 -0.0303461 0
0 1019 phononL 0.004 -1.64594 -2.0394 -0.0326926 0
0 1020 phononL 0.004 0.983836 -0.000786025 0.0316651 0
0 1021 phononL 0.004 -0.787349 -0.121915 -0.0115631 0
0 1022 phononL 0.004 -0.485631 -1.35694 -0.0141519 0
0 1023 phononL 0.004 -1.32846 -1.18225 -0.00151265 0
0 1024 phononL 0.004 -1.5823 -1.07021 0.0248686 0
0 1025 phononL 0.004 1.37844 1.84934 -0.0292366 0
0 1026 phononL 0.004 -1.73968 -1.74287 -0.0200957 0
0 1027 phononL 0.004 0.564675 -0.593731 -0.00342875 0
0 1028 phononL 0.004 1.1994 -1.41165 -0.0387609 0
0 1029 phononL 0.004 -1.74023 0.248664 -0.024586 0
0 1030 phononL 0.004 0.236283 0.0778923 -0.0124213 0
0 1031 phononL 0.004 0.567224 2.0785 0.00647085 0
0 1032 phononL 0.004 0.53018 0.782615 -0.0163503 0
0 1033 phononL 0.004 2.13481 -1.53457 -0.00463922 0
0 1034 phononL 0.004 -0.754881 -1.998 -0.00976674 0
0 1035 phononL 0.004 -1.93318 -1.03336 0.00355266 0
0 1036 phononL 0.004 1.35598 1.29871 0.0367083 0
0 1037 phononL 0.004 1.21995 -0.812617 -0.036698 0
0 1038 phononL 0.004 1.21406 -1.30008 -0.0298123 0
0 1039 phononL 0.004 1.75506 0.676691 -0.022825 0
0 1040 phononL 0.004 0.676994 1.95857 0.0163821 0
0 1041 phononL 0.004 0.325682 0.704144 -0.038009 0
0 1042 phononL 0.004 -1.40143 1.6178 -0.00666824 0
0 1043 phononL 0.004 -0.622289 -0.271374 0.0299927 0
0 1044 phononL 0.004 0.602507 0.692107 -0.0242113 0
0 1045 phononL 0.004 0.921593 -0.830227 -0.0184379 0
0 1046 phononL 0.004 0.183009 -2.16035 -0.0209316 0
0 1047 phononL 0.004 1.4815 -1.6404 -0.01089 0
0 1048 phononL 0.004 1.34192 1.63639 -0.0276618 0
0 1049 phononL 0.004 1.6864 -1.0615 0.0127938 0
0 1050 phononL 0.004 0.587017 1.45027 -0.0180208 0
0 1051 phononL 0.004 1.36308 -1.87329 0.036769 0
0 1052 phononL 0.004 1.91603 -1.1021 -0.0272126 0
0 1053 phononL 0.004 -2.0937 0.773476 -0.00727311 0
0 1054 phononL 0.004 -2.02621 -0.917023 -0.0250581 0
0 1055 phononL 0.004 -0.705407 -0.381528 -0.0236248 0
0 1056 phononL 0.004 0.502109 -0.586622 0.0301406 0
0 1057 phononL 0.004 1.64017 -2.08905 -0.0395948 0
0 1058 phononL 0.004 1.29963 1.66151 0.0173226 0
0 1059 phononL 0.004 -0.817633 0.111852 -0.00716119 0
0 1060 phononL 0.004 -0.70123 -2.12796 -0.0215072 0
0 1061 phononL 0.004 -0.353267 1.22688 -0.0233789 0
0 1062 phononL 0.004 -2.136 1.31172 0.0392142 0
0 1063 phononL 0.004 0.301652 1.61519 0.0273682 0
0 1064 phononL 0.004 2.08255 0.87501 0.01162 0
0 1065 phononL 0.004 1.64015 -2.22491 0.0359116 0
0 1066 phononL 0.004 -1.88764 0.312233 -0.0187209 0
0 1067 phononL 0.004 -0.205958 -1.23936 -0.00670963 0
0 1068 phononL 0.004 -0.289138 1.52797 -0.0340783 0
0 1069 phononL 0.004 1.34843 0.212461 0.01567 0
0 1070 phononL 0.004 -0.523628 0.513254 -0.0313816 0
0 1071 phononL 0.004 1.34144 -2.01131 0.0199777 0
0 1072 phononL 0.004 1.00594 1.99799 0.0141066 0
0 1073 phononL 0.004 1.16765 0.108218 0.0139329 0
0 1074 phononL 0.004 1.9673 0.679337 0.0194324 0
0 1075 phononL 0.004 0.906248 -1.67669 -0.0293143 0
0 1076 phononL 0.004 -1.76952 0.131338 -0.0109634 0
0 1077 phononL 0.004 -1.83145 -0.627077 -0.0158733 0
0 1078 phononL 0.004 -0.712195 1.03964 -0.00275652 0
0 1079 phononL 0.004 0.370905 1.15854 -0.00490018 0
0 1080 phononL 0.004 -1.95225 1.62637 0.00862311 0
0 1081 phononL 0.004 1.45206 -0.167169 0.0320766 0
0 1082 phononL 0.004 -0.989828 -2.21826 -0.0133841 0
0 1083 phononL 0.004 -0.049035 2.09935 0.0229803 0
0 1084 phononL 0.004 1.40295 -0.897722 0.0255618 0
0 1085 phononL 0.004 -0.692868 1.07544 0.00347963 0
0 1086 phononL 0.004 -1.88174 -0.650586 0.0120289 0
0 1087 phononL 0.004 -0.776187 0.724605 0.03277 0
0 1088 phononL 0.004 2.09375 -1.53622 -0.0162858 0
0 1089 phononL 0.004 1.90244 1.93356 -0.0161815 0
0 1090 phononL 0.004 -1.66832 -0.432929 -0.0196403 0
0 1091 phononL 0.004 -1.45405 -0.750892 -0.0143441 0
0 1092 phononL 0.004 -0.616715 -0.451107 -0.0225967 0
0 1093 phononL 0.004 -0.0283851 -2.21805 0.0383881 0
0 1094 phononL 0.004 2.073 1.68776 0.00541883 0
0 1095 phononL 0.004 -1.86694 2.22993 -0.000460508 0
0 1096 phononL 0.004 0.982197 -1.71614 0.0166409 0
0 1097 phononL 0.004 0.957918 0.498356 -0.0345537 0
0 1098 phononL 0.004 0.0712037 -1.20567 -0.0188231 0
0 1099 phononL 0.004 -1.06832 -0.107831 0.0261333 0
0 1100 phononL 0.004 2.10763 2.03333 0.00265737 0
0 1101 phononL 0.004 0.233125 -1.94295 0.033927 0
0 1102 phononL 0.004 1.72804 -1.95667 -0.0151871 0
0 1103 phononL 0.004 -0.599425 -0.788186 -0.0307197 0
0 1104 phononL 0.004 -0.94262 1.17218 -0.0228565 0
0 1105 phononL 0.004 1.79017 1.61208 0.0394864 0
0 1106 phononL 0.004 1.90439 -0.240977 0.0049146 0
0 1107 phononL 0.004 -0.309288 -2.1341 -0.0288501 0
0 1108 phononL 0.004 1.47359 -1.40338 -0.0280327 0
0 1109 phononL 0.004 -2.11725 1.43243 -0.012589 0
0 1110 phononL 0.004 1.11583 -1.88633 -0.00522504 0
0 1111 phononL 0.004 1.21543 -1.08244 0.0221482 0
0 1112 phononL 0.004 -0.964042 0.0916617 0.0346128 0
0 1113 phononL 0.004 1.56088 1.19654 -0.0032475 0
0 1114 phononL 0.004 1.66708 -1.75238 0.00830533 0
0 1115 phononL 0.004 2.154 -1.2027 0.00212974 0
0 1116 phononL 0.004 -1.63822 2.18313 0.0116454 0
0 1117 phononL 0.004 -1.68586 -1.20745 0.0224396 0
0 1118 phononL 0.004 1.26119 1.34888 -0.0169588 0
0 1119 phononL 0.004 1.45394 -0.647419 -0.00471374 0
0 1120 phononL 0.004 0.283711 -0.509882 0.00874216 0
0 1121 phononL 0.004 -0.918376 -0.44168 0.00399511 0
0 1122 phononL 0.004 -1.16011 0.582227 -0.0046803 0
0 1123 phononL 0.004 -1.60769 -0.67053 0.0226373 0
0 1124 phononL 0.004 -1.12494 -0.160236 -0.00616214 0
0 1125 phononL 0.004 0.00372851 -0.825937 -0.0323404 0
0 1126 phononL 0.004 -2.15412 1.99623 0.00252447 0
0 1127 phononL 0.004 -0.874066 -0.597273 -0.00452355 0
0 1128 phononL 0.004 1.9438 1.67659 -0.0195995 0
0 1129 phononL 0.004 0.0239662 -0.902787 0.00973752 0
0 1130 phononL 0.004 -2.10711 -0.940116 0.0210861 0
0 1131 phononL 0.004 0.986368 -0.400433 -0.0270202 0
0 1132 phononL 0.004 -0.165321 1.78106 -0.0119961 0
0 1133 phononL 0.004 1.91309 0.703178 0.0206794 0
0 1134 phononL 0.004 1.57005 0.25649 -0.0131694 0
0 1135 phononL 0.004 -0.622599 0.264885 -0.0196955 0
0 1136 phononL 0.004 -0.562152 0.606581 -0.0379097 0
0 1137 phononL 0.004 1.03324 0.82165 0.00547206 0
0 1138 phononL 0.004 -2.03715 1.78259 -0.0110927 0
0 1139 phononL 0.004 2.18064 1.44542 -0.0154698 0
0 1140 phononL 0.004 0.566835 1.31799 0.0140342 0
0 1141 phononL 0.004 -0.697655 -0.967051 0.0322049 0
0 1142 phononL 0.004 0.346013 1.82249 0.0391241 0
0 1143 phononL 0.004 0.905115 1.34494 0.0155668 0
0 1144 phononL 0.004 0.319996 -0.526084 0.00434545 0
0 1145 phononL 0.004 0.444233 2.22983 0.0269269 0
0 1146 phononL 0.004 0.27208 2.00151 0.0196204 0
0 1147 phononL 0.004 -1.87881 0.370164 -0.00895525 0
0 1148 phononL 0.004 -0.892912 -1.40783 0.00918463 0
0 1149 phononL 0.004 -0.921638 -0.362363 0.0097688 0
0 1150 phononL 0.004 2.1951 0.494468 0.0038702 0
0 1151 phononL 0.004 1.29307 0.968524 0.0355953 0
0 1152 phononL 0.004 -0.729438 -0.914583 -0.0323679 0
0 1153 phononL 0.004 -0.826122 0.311203 0.00866462 0
0 1154 phononL 0.004 -0.679589 -0.872207 0.025335 0
0 1155 phononL 0.004 -0.60196 -0.161345 0.0134565 0
0 1156 phononL 0.004 -0.530568 0.821284 -0.0307322 0
0 1157 phononL 0.004 -2.19648 0.0373646 0.00646662 0
0 1158 phononL 0.004 1.98996 1.29392 0.000937119 0
0 1159 phononL 0.004 1.50711 1.20359 -0.0207735 0
0 1160 phononL 0.004 0.672075 1.28966 -0.000250673 0
0 1161 phononL 0.004 -0.0425701 -1.95571 -0.0333871 0
0 1162 phononL 0.004 0.00308885 1.84049 0.0377497 0
0 1163 phononL 0.004 -1.67496 -0.200667 0.0375807 0
0 1164 phononL 0.004 -1.42848 1.61698 0.0133856 0
0 1165 phononL 0.004 0.863074 -1.5359 -0.0198893 0
0 1166 phononL 0.004 0.858863 -0.431441 0.0358418 0
0 1167 phononL 0.004 -0.525008 -1.7641 0.0395967 0
0 1168 phononL 0.004 0.278326 0.232984 -0.0115431 0
0 1169 phononL 0.004 -0.794427 -1.80946 0.00303913 0
0 1170 phononL 0.004 1.51107 -0.526989 0.0156776 0
0 1171 phononL 0.004 0.110341 0.89608 -0.0269091 0
0 1172 phononL 0.004 -1.57783 0.55769 -0.0306934 0
0 1173 phononL 0.004 0.760971 1.17525 -0.0231276 0
0 1174 phononL 0.004 2.0453 -1.41735 0.00573532 0
0 1175 phononL 0.004 -2.19628 -0.889678 -0.0240339 0
0 1176 phononL 0.004 -0.512235 -1.8159 -0.0097837 0
0 1177 phononL 0.004 2.02283 1.72251 0.000516503 0
0 1178 phononL 0.004 -0.284322 1.9209 -0.00698698 0
0 1179 phononL 0.004 -0.947798 1.67707 0.0153617 0
0 1180 phononL 0.004 -1.13978 0.729646 -0.00589 0
0 1181 phononL 0.004 0.69986 -0.97425 -0.00234065 0
0 1182 phononL 0.004 1.17433 1.303 0.0156154 0
0 1183 phononL 0.004 -0.298432 1.26132 0.0248523 0
0 1184 phononL 0.004 -0.247743 -1.50553 0.00321173 0
0 1185 phononL 0.004 1.35097 1.43079 0.0373174 0
0 1186 phononL 0.004 1.77814 -1.16971 -0.0240185 0
0 1187 phononL 0.004 -1.91537 -2.07659 -0.0323045 0
0 1188 phononL 0.004 0.826063 0.795698 0.0284668 0
0 1189 phononL 0.004 -1.71997 -2.14494 -0.0352545 0
0 1190 phononL 0.004 -1.20772 -2.16718 -0.0004689 0
0 1191 phononL 0.004 0.882373 1.49517 0.0123205 0
0 1192 phononL 0.004 -0.0381572 1.15924 0.0142656 0
0 1193 phononL 0.004 -1.04785 0.00167872 -0.00848121 0
0 1194 phononL 0.004 0.563375 1.3 0.00566394 0
0 1195 phononL 0.004 -0.653753 1.9564 0.0110693 0
0 1196 phononL 0.004 1.98618 0.806998 -0.00224722 0
0 1197 phononL 0.004 1.97501 1.3205 -0.0189484 0
0 1198 phononL 0.004 1.11241 0.723865 0.0271715 0
0 1199 phononL 0.004 0.593953 -1.17499 -0.0119411 0
0 1200 phononL 0.004 -1.52282 -1.7318 -0.00611257 0
0 1201 phononL 0.004 1.98049 -0.848658 -0.00765846 0
0 1202 phononL 0.004 2.12275 -1.42419 0.0293883 0
0 1203 phononL 0.004 1.72043 2.00086 -0.021041 0
0 1204 phononL 0.004 -2.06575 1.4889 0.0393651 0
0 1205 phononL 0.004 -0.742274 1.41484 0.013748 0
0 1206 phononL 0.004 0.156016 -1.70925 -0.0296265 0
0 1207 phononL 0.004 0.459245 -1.35606 -0.00449973 0
0 1208 phononL 0.004 -2.14595 -0.635748 -0.00274007 0
0 1209 phononL 0.004 -1.56531 -0.569879 -0.00565472 0
0 1210 phononL 0.004 0.553837 -0.332842 0.0202323 0
0 1211 phononL 0.004 -0.365916 1.42703 -0.0132995 0
0 1212 phononL 0.004 -2.06776 1.04014 -0.0391698 0
0 1213 phononL 0.004 -0.211502 0.583643 -0.00538953 0
0 1214 phononL 0.004 -1.01159 0.939816 -0.0391889 0
0 1215 phononL 0.004 -1.34713 0.697173 0.00804207 0
0 1216 phononL 0.004 -2.20766 0.857541 0.0249634 0
0 1217 phononL 0.004 0.723298 0.399304 -0.0328811 0
0 1218 phononL 0.004 1.88194 -0.83054 0.00720549 0
0 1219 phononL 0.004 1.02258 -0.562303 -0.0337953 0
0 1220 phononL 0.004 0.104315 2.22885 -0.0347557 0
0 1221 phononL 0.004 -1.78045 -0.190335 -0.0197833 0
0 1222 phononL 0.004 0.714858 -1.82071 0.0251279 0
0 1223 phononL 0.004 1.69578 -0.236005 0.0297291 0
0 1224 phononL 0.004 -0.0396987 -1.11499 0.0355253 0
0 1225 phononL 0.004 -1.00716 1.43782 -0.00819006 0
0 1226 phononL 0.004 1.49577 0.463849 -0.0118255 0
0 1227 phononL 0.004 1.77914 0.775499 0.0385219 0
0 1228 phononL 0.004 0.4333 0.967348 0.0168515 0
0 1229 phononL 0.004 -1.62279 -1.106 0.0145455 0
0 1230 phononL 0.004 1.94728 -0.828148 -0.0188864 0
0 1231 phononL 0.004 -0.378482 1.51814 0.0308127 0
0 1232 phononL 0.004 0.769947 0.629457 0.02071 0
0 1233 phononL 0.004 0.697462 -0.672206 -0.0301264 0
0 1234 phononL 0.004 -0.337729 0.0767695 -0.0386381 0
0 1235 phononL 0.004 -1.48672 -1.57966 -0.0284487 0
0 1236 phononL 0.004 0.131718 0.898588 0.030222 0
0 1237 phononL 0.004 1.92455 1.39088 -0.00866363 0
0 1238 phononL 0.004 -1.10805 -1.68173 0.0346532 0
0 1239 phononL 0.004 -2.20533 -0.929643 -0.0254671 0
0 1240 phononL 0.004 1.51451 0.844275 -0.0280507 0
0 1241 phononL 0.004 -1.84073 -2.19272 -0.0250496 0
0 1242 phononL 0.004 -1.84186 1.4356 -0.00439569 0
0 1243 phononL 0.004 2.00792 -1.40007 -0.0363559 0
0 1244 phononL 0.004 -0.14332 -0.786122 0.00452387 0
0 1245 phononL 0.004 0.985768 -1.05313 -0.00135302 0
0 1246 phononL 0.004 -1.09103 -1.32559 -0.0314634 0
0 1247 phononL 0.004 -1.86468 -0.0662713 0.0141739 0
0 1248 phononL 0.004 0.459432 -0.664404 0.0289636 0
0 1249 phononL 0.004 1.38422 1.60521 -0.029164 0
0 1250 phononL 0.004 -1.798 -0.808266 0.0177597 0
0 1251 phononL 0.004 -0.0733417 -0.542427 0.0120929 0
0 1252 phononL 0.004 0.961262 1.08152 0.00560057 0
0 1253 phononL 0.004 -1.06882 1.47326 -0.0100231 0
0 1254 phononL 0.004 0.224546 1.87007 -0.0205767 0
0 1255 phononL 0.004 -1.36326 -0.400011 0.026221 0
0 1256 phononL 0.004 -1.20135 0.145089 0.0385588 0
0 1257 phononL 0.004 1.77846 0.555769 -0.0161746 0
0 1258 phononL 0.004 -0.949308 -0.166737 -0.0385711 0
0 1259 phononL 0.004 1.83231 -0.476869 0.0197287 0
0 1260 phononL 0.004 0.841288 -1.44997 0.00125905 0
0 1261 phononL 0.004 0.536271 0.388906 0.0195506 0
0 1262 phononL 0.004 -1.94018 1.51005 0.0309739 0
0 1263 phononL 0.004 -1.91298 0.0968459 0.0353726 0
0 1264 phononL 0.004 -1.42879 0.219701 -0.0157434 0
0 1265 phononL 0.004 -0.661216 0.651983 0.0379265 0
0 1266 phononL 0.004 -0.930316 -2.19813 0.0200849 0
0 1267 phononL 0.004 -1.83527 -0.538982 -0.0317422 0
0 1268 phononL 0.004 1.26993 -1.14878 -0.0204217 0
0 1269 phononL 0.004 1.17987 1.18863 -0.0104402 0
0 1270 phononL 0.004 -2.1047 0.560826 -0.0398713 0
0 1271 phononL 0.004 1.24329 0.928609 -0.00155714 0
0 1272 phononL 0.004 -1.20096 0.841307 -0.0106374 0
0 1273 phononL 0.004 1.76164 -0.738669 0.0138761 0
0 1274 phononL 0.004 1.12617 -0.816761 -0.0157386 0
0 1275 phononL 0.004 1.54542 0.520432 0.0100588 0
0 1276 phononL 0.004 0.940697 -0.34822 -0.0201293 0
0 1277 phononL 0.004 1.93253 -1.51061 -0.0275883 0
0 1278 phononL 0.004 1.93475 -0.00456728 0.0310978 0
0 1279 phononL 0.004 -2.17811 2.07316 0.00330192 0
0 1280 phononL 0.004 1.86737 1.1149 -0.0373614 0
0 1281 phononL 0.004 0.919579 1.22867 -0.00326281 0
0 1282 phononL 0.004 -0.954461 -1.86772 -0.0266282 0
0 1283 phononL 0.004 0.564473 -0.196304 0.0345053 0
0 1284 phononL 0.004 1.05119 1.00227 -0.0321987 0
0 1285 phononL 0.004 -1.33754 0.49339 0.0302122 0
0 1286 phononL 0.004 2.03572 -2.0516 -0.0232184 0
0 1287 phononL 0.004 1.47594 -1.42752 0.0278462 0
0 1288 phononL 0.004 1.46315 -2.15757 0.0348606 0
0 1289 phononL 0.004 2.18181 -2.15111 0.0384386 0
0 1290 phononL 0.004 1.77476 -0.745786 -0.0373963 0
0 1291 phononL 0.004 1.29912 -1.02674 -0.0355035 0
0 1292 phononL 0.004 1.02454 1.71644 0.0173627 0
0 1293 phononL 0.004 0.865359 -0.748308 -0.0216041 0
0 1294 phononL 0.004 2.16971 0.0334524 -0.0183693 0
0 1295 phononL 0.004 1.11486 -1.95395 -0.00358634 0
0 1296 phononL 0.004 -2.13132 0.101185 0.00494361 0
0 1297 phononL 0.004 -2.23219 1.63745 -0.0189652 0
0 1298 phononL 0.004 -1.88679 -1.4589 0.0281234 0
0 1299 phononL 0.004 -1.37364 0.138579 0.00747926 0
0 1300 phononL 0.004 -2.10253 1.14377 0.0124854 0
0 1301 phononL 0.004 -2.04924 -1.57469 -0.017848 0
0 1302 phononL 0.004 1.61814 -2.15491 0.0283781 0
0 1303 phononL 0.004 1.03871 -2.04241 -0.0380491 0
0 1304 phononL 0.004 -0.353071 2.17328 -0.0334261 0
0 1305 phononL 0.004 -1.63769 -1.41971 -0.0093541 0
0 1306 phononL 0.004 -2.00936 1.37957 -0.0391019 0
0 1307 phononL 0.004 1.15722 -1.55468 0.00573671 0
0 1308 phononL 0.004 -1.03483 1.75538 0.0333345 0
0 1309 phononL 0.004 -0.455503 0.867235 0.0230447 0
0 1310 phononL 0.004 -1.53974 0.565023 -0.0361797 0
0 1311 phononL 0.004 1.2061 -0.744775 0.0371513 0
0 1312 phononL 0.004 0.658387 -1.7997 0.0172587 0
0 1313 phononL 0.004 0.658753 1.8814 -0.0176228 0
0 1314 phononL 0.004 0.137616 -0.279207 0.00785399 0
0 1315 phononL 0.004 -2.21969 -0.383227 0.0372939 0
0 1316 phononL 0.004 0.246519 -2.0218 -0.0282274 0
0 1317 phononL 0.004 0.117261 -2.01742 -0.0335645 0
0 1318 phononL 0.004 0.369178 -0.203689 0.011667 0
0 1319 phononL 0.004 -0.4964 2.16586 -0.0394257 0
0 1320 phononL 0.004 -0.633434 1.96055 0.000548135 0
0 1321 phononL 0.004 -1.40324 1.11451 -0.00490902 0
0 1322 phononL 0.004 1.60324 1.63993 0.0208568 0
0 1323 phononL 0.004 0.532507 -0.814406 -0.0192249 0
0 1324 phononL 0.004 1.51857 -0.446569 -0.0383854 0
0 1325 phononL 0.004 1.83395 2.20036 0.0312266 0
0 1326 phononL 0.004 0.811654 1.19088 0.0169829 0
0 1327 phononL 0.004 -1.9719 0.230695 0.000419532 0
0 1328 phononL 0.004 -1.86961 0.00192912 -0.0258809 0
0 1329 phononL 0.004 -1.8104 -1.8965 0.0272414 0
0 1330 phononL 0.004 -0.0269799 -1.36496 0.0084873 0
0 1331 phononL 0.004 0.255518 0.630776 -0.00687314 0
0 1332 phononL 0.004 0.072219 1.84828 -0.0376384 0
0 1333 phononL 0.004 -0.817883 -1.7915 -0.0154532 0
0 1334 phononL 0.004 0.795105 2.10903 0.00317496 0
0 1335 phononL 0.004 -0.785755 -1.66486 0.00189331 0
0 1336 phononL 0.004 -2.1538 -2.02742 -0.00149359 0
0 1337 phononL 0.004 -2.15721 -0.428971 -0.0328969 0
0 1338 phononL 0.004 0.976595 1.0778 0.00924888 0
0 1339 phononL 0.004 1.87711 -0.440559 0.0395945 0
0 1340 phononL 0.004 -2.18628 0.849264 0.0370328 0
0 1341 phononL 0.004 1.67838 -1.68339 -0.00775857 0
0 1342 phononL 0.004 -1.64025 -1.42616 0.0331251 0
0 1343 phononL 0.004 1.41166 -0.516013 0.0104953 0
0 1344 phononL 0.004 0.517931 1.19648 0.0180919 0
0 1345 phononL 0.004 -2.0612 2.11811 -0.0263683 0
0 1346 phononL 0.004 -1.33179 0.245398 0.0337115 0
0 1347 phononL 0.004 -0.735043 0.402309 0.0334513 0
0 1348 phononL 0.004 -0.101152 0.0353677 -0.00607267 0
0 1349 phononL 0.004 -1.26524 1.84898 -0.00930763 0
0 1350 phononL 0.004 -0.412535 0.686941 -0.0232396 0
0 1351 phononL 0.004 1.02684 1.80623 -0.0158296 0
0 1352 phononL 0.004 -0.596834 1.57897 -0.0145584 0
0 1353 phononL 0.004 -0.0588958 0.416269 -0.0307418 0
0 1354 phononL 0.004 -1.64271 -1.3752 0.0120548 0
0 1355 phononL 0.004 1.10027 0.132748 -0.00884702 0
0 1356 phononL 0.004 0.35129 -0.464354 -0.0229655 0
0 1357 phononL 0.004 2.21694 1.39 -0.0260744 0
0 1358 phononL 0.004 -1.37441 0.687961 0.0152752 0
0 1359 phononL 0.004 -2.14242 -0.0869928 -0.0101727 0
0 1360 phononL 0.004 1.56924 1.51106 0.00584792 0
0 1361 phononL 0.004 -1.23039 0.56359 -0.0139016 0
0 1362 phononL 0.004 1.96614 0.973897 -0.00469643 0
0 1363 phononL 0.004 0.851825 1.6083 0.0150277 0
0 1364 phononL 0.004 2.16866 1.59649 -0.0273485 0
0 1365 phononL 0.004 0.758782 1.28448 -0.0263492 0
0 1366 phononL 0.004 2.09867 0.59025 0.00200645 0
0 1367 phononL 0.004 1.14265 -1.59046 0.0120181 0
0 1368 phononL 0.004 -0.575984 0.276311 -0.017377 0
0 1369 phononL 0.004 -0.257804 -0.754072 0.0240514 0
0 1370 phononL 0.004 0.535908 1.67999 -0.032904 0
0 1371 phononL 0.004 2.09739 -1.089 0.0150572 0
0 1372 phononL 0.004 1.74695 1.05741 -0.0347993 0
0 1373 phononL 0.004 -2.00036 -0.905944 0.0381143 0
0 1374 phononL 0.004 -0.9957 1.21714 -0.0390693 0
0 1375 phononL 0.004 0.466887 1.28825 -0.013179 0
0 1376 phononL 0.004 0.854598 0.759697 0.00208872 0
0 1377 phononL 0.004 1.00529 1.52731 0.0270931 0
0 1378 phononL 0.004 -0.842738 1.77322 -0.0357711 0
0 1379 phononL 0.004 0.787686 1.60367 -0.00950175 0
0 1380 phononL 0.004 -1.3195 -0.558787 -0.00665662 0
0 1381 phononL 0.004 1.56451 -1.03968 0.0017498 0
0 1382 phononL 0.004 -1.13571 -1.3524 0.00955722 0
0 1383 phononL 0.004 -1.41368 0.718168 -0.0389435 0
0 1384 phononL 0.004 0.727341 0.244104 0.0253982 0
0 1385 phononL 0.004 -1.41125 -0.49518 -0.0270254 0
0 1386 phononL 0.004 2.05785 2.02435 -0.020146 0
0 1387 phononL 0.004 0.590134 -1.46975 -0.0225121 0
0 1388 phononL 0.004 -0.738463 0.411068 -0.0377559 0
0 1389 phononL 0.004 -2.03788 2.09877 0.00593844 0
0 1390 phononL 0.004 -0.496893 -0.713778 0.00895983 0
0 1391 phononL 0.004 -0.417923 0.139335 0.0264239 0
0 1392 phononL 0.004 -0.254032 1.28705 -0.0298682 0
0 1393 phononL 0.004 1.32631 0.345018 0.0363736 0
0 1394 phononL 0.004 -1.62579 -0.741148 -0.0305734 0
0 1395 phononL 0.004 -2.21137 2.01234 0.0312433 0
0 1396 phononL 0.004 -1.88986 1.22914 -1.00971e-05 0
0 1397 phononL 0.004 0.542756 -1.41042 -0.00482838 0
0 1398 phononL 0.004 1.70053 0.995168 0.0261869 0
0 1399 phononL 0.004 -2.19143 1.54375 -0.0114784 0
0 1400 phononL 0.004 1.21347 2.22198 -0.0170078 0
0 1401 phononL 0.004 -2.08718 -0.535277 -0.00619467 0
0 1402 phononL 0.004 1.47761 0.203617 0.0326911 0
0 1403 phononL 0.004 1.2283 1.27259 0.0392101 0
0 1404 phononL 0.004 -0.267874 -0.0785087 0.0111724 0
0 1405 phononL 0.004 2.13215 1.61627 0.0177338 0
0 1406 phononL 0.004 0.0808513 -0.719253 0.00824562 0
0 1407 phononL 0.004 0.386045 0.59519 -0.00187549 0
0 1408 phononL 0.004 -1.87814 -0.101435 -0.0195643 0
0 1409 phononL 0.004 0.586448 -1.2922 -0.0135568 0
0 1410 phononL 0.004 1.28735 -2.00324 -0.0030355 0
0 1411 phononL 0.004 1.57929 1.56455 -0.0338939 0
0 1412 phononL 0.004 -0.270892 -0.694078 0.0287419 0
0 1413 phononL 0.004 1.77764 -0.106247 0.0247845 0
0 1414 phononL 0.004 0.692605 -1.14979 0.0351876 0
0 1415 phononL 0.004 -1.89876 0.5566 0.00712829 0
0 1416 phononL 0.004 0.406326 2.1619 0.0107051 0
0 1417 phononL 0.004 -0.122112 1.08417 0.00961875 0
0 1418 phononL 0.004 1.11067 1.19078 -0.0025841 0
0 1419 phononL 0.004 -1.27851 -0.980462 -0.0110455 0
0 1420 phononL 0.004 1.71288 1.19331 -0.0151455 0
0 1421 phononL 0.004 1.2986 1.44793 -0.00686878 0
0 1422 phononL 0.004 -0.372851 -1.09267 0.0155924 0
0 1423 phononL 0.004 -1.8981 1.23798 -0.00797737 0
0 1424 phononL 0.004 0.340713 -0.0898058 -0.00831649 0
0 1425 phononL 0.004 1.09066 -0.730275 -0.0123761 0
0 1426 phononL 0.004 -1.65546 -0.888374 -0.0236408 0
0 1427 phononL 0.004 -2.05001 -0.744785 -0.0323126 0
0 1428 phononL 0.004 -0.651974 1.86723 -0.00108853 0
0 1429 phononL 0.004 1.75994 -2.06328 -0.0106144 0
0 1430 phononL 0.004 0.881528 -0.693398 -0.0347172 0
0 1431 phononL 0.004 1.63623 -0.361452 -0.0302738 0
0 1432 phononL 0.004 -0.18454 0.335965 -0.0225351 0
0 1433 phononL 0.004 -2.21645 -0.500456 0.0231921 0
0 1434 phononL 0.004 -1.43813 1.4709 -0.0350545 0
0 1435 phononL 0.004 1.50375 -0.293139 -0.0261921 0
0 1436 phononL 0.004 1.78836 -0.496635 0.0251068 0
0 1437 phononL 0.004 -0.770697 -0.741799 -0.00379295 0
0 1438 phononL 0.004 1.13728 -1.32481 0.023401 0
0 1439 phononL 0.004 0.781125 -1.18744 0.00702555 0
0 1440 phononL 0.004 1.78375 0.678849 0.00524898 0
0 1441 phononL 0.004 2.16994 0.689767 -0.0198931 0
0 1442 phononL 0.004 0.648278 0.715905 -0.0149748 0
0 1443 phononL 0.004 -1.65212 -0.803956 0.0170195 0
0 1444 phononL 0.004 0.383398 -1.73735 0.0262057 0
0 1445 phononL 0.004 -0.525167 1.56865 -0.0245239 0
0 1446 phononL 0.004 -1.39703 0.183978 0.0211036 0
0 1447 phononL 0.004 1.29537 -2.11542 -0.0309664 0
0 1448 phononL 0.004 -2.14578 0.831385 -0.0226887 0
0 1449 phononL 0.004 1.44074 -1.7318 -0.0178896 0
0 1450 phononL 0.004 -0.749274 1.90225 0.0353112 0
0 1451 phononL 0.004 1.41993 1.70264 -0.0357973 0
0 1452 phononL 0.004 -0.668828 0.787242 0.0377265 0
0 1453 phononL 0.004 0.775821 1.55318 -0.0292632 0
0 1454 phononL 0.004 2.00966 1.40328 -0.0164992 0
0 1455 phononL 0.004 -1.64228 -1.30157 -0.0164366 0
0 1456 phononL 0.004 1.61061 -1.55235 -0.0109359 0
0 1457 phononL 0.004 -1.28381 1.13539 0.0142359 0
0 1458 phononL 0.004 2.19907 0.520986 0.0229085 0
0 1459 phononL 0.004 0.0314153 0.930431 0.0247262 0
0 1460 phononL 0.004 1.16439 -2.2176 -0.0329288 0
0 1461 phononL 0.004 -1.12517 -1.89368 -0.00992322 0
0 1462 phononL 0.004 0.855253 -1.84914 -0.0227533 0
0 1463 phononL 0.004 1.90796 0.174224 -0.0396363 0
0 1464 phononL 0.004 1.00121 0.856847 -0.0112551 0
0 1465 phononL 0.004 1.41682 1.29177 -0.00113265 0
0 1466 phononL 0.004 0.214319 -0.343047 -0.00859197 0
0 1467 phononL 0.004 1.65871 -1.94642 0.00490694 0
0 1468 phononL 0.004 1.44848 1.92704 -0.0194514 0
0 1469 phononL 0.004 1.62933 -1.20824 0.0108904 0
0 1470 phononL 0.004 1.50669 0.263198 -0.0102991 0
0 1471 phononL 0.004 1.80112 -0.885254 0.0148423 0
0 1472 phononL 0.004 0.780118 1.28493 -0.0128109 0
0 1473 phononL 0.004 1.29745 2.18297 -0.0390872 0
0 1474 phononL 0.004 2.08613 0.315961 -0.020803 0
0 1475 phononL 0.004 0.824177 -2.10414 -0.0134494 0
0 1476 phononL 0.004 1.14868 -0.225101 0.0111066 0
0 1477 phononL 0.004 -0.907347 1.98556 -0.0190895 0
0 1478 phononL 0.004 -2.18746 -0.1914 0.0198058 0
0 1479 phononL 0.004 -0.906181 -0.0670851 -0.0222622 0
0 1480 phononL 0.004 -0.149401 -1.5827 0.0218246 0
0 1481 phononL 0.004 0.368934 2.1053 0.0115831 0
0 1482 phononL 0.004 0.0231245 1.91457 -0.0375508 0
0 1483 phononL 0.004 -1.13959 -1.52205 -0.0256367 0
0 1484 phononL 0.004 1.41715 -1.81187 -0.0208486 0
0 1485 phononL 0.004 -0.887303 0.553865 0.0261024 0
0 1486 phononL 0.004 -0.416734 0.298479 -0.0279667 0
0 1487 phononL 0.004 -1.20388 -0.746612 0.0359311 0
0 1488 phononL 0.004 1.36969 2.01476 -0.0041809 0
0 1489 phononL 0.004 -2.187 -0.772881 -0.0247212 0
0 1490 phononL 0.004 -2.00444 0.70762 0.0148241 0
0 1491 phononL 0.004 -0.47716 0.497661 0.0304198 0
0 1492 phononL 0.004 1.52244 1.80268 0.00374022 0
0 1493 phononL 0.004 0.7959 1.43736 0.0114615 0
0 1494 phononL 0.004 0.18108 -0.0782205 0.0326462 0
0 1495 phononL 0.004 0.429695 1.31851 -0.0104128 0
0 1496 phononL 0.004 1.68268 -0.765915 0.0234768 0
0 1497 phononL 0.004 -1.20629 -1.16223 -0.0271539 0
0 1498 phononL 0.004 -2.07245 0.127099 0.00200752 0
0 1499 phononL 0.004 0.853273 -0.955059 0.0204056 0
0 1500 phononL 0.004 -0.644147 1.46685 0.000678168 0
0 1501 phononL 0.004 2.19176 1.64342 0.00687054 0
0 1502 phononL 0.004 1.27569 -0.548048 0.0177932 0
0 1503 phononL 0.004 1.27525 -1.72796 -0.0227261 0
0 1504 phononL 0.004 2.17116 0.317694 0.0307404 0
0 1505 phononL 0.004 1.15519 -1.43373 -0.0245545 0
0 1506 phononL 0.004 -1.78864 -1.01664 0.00504444 0
0 1507 phononL 0.004 1.26797 1.75113 -0.00875778 0
0 1508 phononL 0.004 1.8891 0.515409 0.028024 0
0 1509 phononL 0.004 1.65295 -2.22287 -0.00277544 0
0 1510 phononL 0.004 0.710953 -0.131917 -0.0303337 0
0 1511 phononL 0.004 1.31768 -0.406363 0.0357572 0
0 1512 phononL 0.004 -1.81836 -0.551219 0.0133774 0
0 1513 phononL 0.004 1.54748 -1.22401 -0.0121662 0
0 1514 phononL 0.004 1.92251 -0.367069 -0.0397844 0
0 1515 phononL 0.004 -0.203678 0.904889 0.0197536 0
0 1516 phononL 0.004 1.47085 -1.23072 0.0185688 0
0 1517 phononL 0.004 1.83189 1.62673 -0.0183214 0
0 1518 phononL 0.004 0.587893 -1.56822 0.0127052 0
0 1519 phononL 0.004 -0.258772 1.07117 0.0342296 0
0 1520 phononL 0.004 -1.64304 1.46746 -0.038882 0
0 1521 phononL 0.004 1.49523 -0.333648 0.0399026 0
0 1522 phononL 0.004 -0.00462765 1.83737 -0.00796757 0
0 1523 phononL 0.004 1.40821 -0.822571 -0.0369701 0
0 1524 phononL 0.004 1.73035 -1.80882 0.0378746 0
0 1525 phononL 0.004 -1.73574 0.103116 0.0275125 0
0 1526 phononL 0.004 -1.70112 0.454515 -0.0258445 0
0 1527 phononL 0.004 -0.753805 1.73895 -0.0198476 0
0 1528 phononL 0.004 1.29272 1.67394 -0.0393359 0
0 1529 phononL 0.004 1.10878 -0.392785 -0.00125297 0
0 1530 phononL 0.004 -1.09651 2.08034 0.0282974 0
0 1531 phononL 0.004 1.91954 0.995289 -0.0176735 0
0 1532 phononL 0.004 -0.799186 0.572144 -0.0292321 0
0 1533 phononL 0.004 1.98695 -1.37734 0.0155941 0
0 1534 phononL 0.004 1.57397 2.07849 -0.0338348 0
0 1535 phononL 0.004 1.39348 0.879605 -0.0394949 0
0 1536 phononL 0.004 1.01877 -1.06265 -0.0392982 0
0 1537 phononL 0.004 1.8761 1.75159 -0.0250522 0
0 1538 phononL 0.004 -1.74485 0.439259 -0.0250429 0
0 1539 phononL 0.004 1.69335 -0.716316 -0.0275333 0
0 1540 phononL 0.004 1.80359 1.80415 -0.00151241 0
0 1541 phononL 0.004 -0.925943 1.02122 0.0265409 0
0 1542 phononL 0.004 -1.54147 -0.694281 -0.0262651 0
0 1543 phononL 0.004 -0.0680594 1.75744 -0.0141143 0
0 1544 phononL 0.004 -0.357961 0.241225 0.0268045 0
0 1545 phononL 0.004 0.0603868 -0.148144 0.0134366 0
0 1546 phononL 0.004 0.736092 1.63084 -0.0273902 0
0 1547 phononL 0.004 1.75115 -1.55038 0.0354809 0
0 1548 phononL 0.004 1.01559 0.152203 0.0205585 0
0 1549 phononL 0.004 2.14549 0.771952 -0.0105436 0
0 1550 phononL 0.004 0.0426311 -0.00872144 0.00594109 0
0 1551 phononL 0.004 0.00161432 -1.73229 0.0166189 0
0 1552 phononL 0.004 -1.03858 1.85149 0.0377629 0
0 1553 phononL 0.004 0.00216231 0.620414 -0.0129062 0
0 1554 phononL 0.004 -1.51577 1.70443 0.026472 0
0 1555 phononL 0.004 1.18156 0.422483 -0.0132476 0
0 1556 phononL 0.004 1.24013 -1.23889 0.0157375 0
0 1557 phononL 0.004 1.76175 -0.896944 -0.0259471 0
0 1558 phononL 0.004 -1.72437 -1.91825 -0.00811171 0
0 1559 phononL 0.004 -0.299901 0.375881 -0.0130479 0
0 1560 phononL 0.004 0.248912 -1.31992 0.0386511 0
0 1561 phononL 0.004 -0.299677 0.873772 0.0118514 0
0 1562 phononL 0.004 1.83502 -1.68052 -0.0103566 0
0 1563 phononL 0.004 -1.03582 0.105023 0.0301709 0
0 1564 phononL 0.004 1.73009 -1.11871 0.0326212 0
0 1565 phononL 0.004 1.64946 -1.08535 0.0222546 0
0 1566 phononL 0.004 0.829307 -0.157358 -0.018642 0
0 1567 phononL 0.004 1.64011 -1.7855 0.00860715 0
0 1568 phononL 0.004 1.33764 -1.97507 0.001093 0
0 1569 phononL 0.004 -1.67474 -0.633235 0.032035 0
0 1570 phononL 0.004 -0.197988 -2.08626 -0.00180828 0
0 1571 phononL 0.004 -1.63902 -1.45359 -0.019811 0
0 1572 phononL 0.004 -1.06151 1.56654 -0.00609167 0
0 1573 phononL 0.004 2.1279 -1.09464 -0.006834 0
0 1574 phononL 0.004 0.751043 -1.32758 -0.0018118 0
0 1575 phononL 0.004 1.33812 1.1534 0.0228975 0
0 1576 phononL 0.004 1.66224 1.97377 0.0291346 0
0 1577 phononL 0.004 -1.04002 2.17617 0.0256306 0
0 1578 phononL 0.004 1.45185 -0.597429 -0.0230381 0
0 1579 phononL 0.004 1.27153 0.0721242 -0.0082756 0
0 1580 phononL 0.004 2.22772 1.32659 -0.0153186 0
0 1581 phononL 0.004 -1.13456 -1.73376 0.0276804 0
0 1582 phononL 0.004 1.17563 0.11955 0.0332503 0
0 1583 phononL 0.004 2.10922 -0.999927 0.0160532 0
0 1584 phononL 0.004 2.08795 -1.10783 0.030664 0
0 1585 phononL 0.004 -2.2354 -1.65066 0.0180271 0
0 1586 phononL 0.004 -1.84736 1.92912 0.0217845 0
0 1587 phononL 0.004 1.53168 1.69681 -0.0286774 0
0 1588 phononL 0.004 1.75709 1.74794 0.0108987 0
0 1589 phononL 0.004 -1.5658 1.09947 -0.0241639 0
0 1590 phononL 0.004 -0.155353 -1.02578 -0.0340394 0
0 1591 phononL 0.004 1.79711 1.92852 0.0142591 0
0 1592 phononL 0.004 1.22994 0.0581418 0.0276848 0
0 1593 phononL 0.004 -0.31681 -0.843329 -0.0245013 0
0 1594 phononL 0.004 1.12601 -1.91525 0.0376351 0
0 1595 phononL 0.004 0.876682 1.30791 0.0124432 0
0 1596 phononL 0.004 2.20173 -2.21124 -0.0174634 0
0 1597 phononL 0.004 -0.3732 0.541229 0.00401877 0
0 1598 phononL 0.004 0.486725 -1.62103 0.0218579 0
0 1599 phononL 0.004 -2.06635 1.54263 0.0185349 0
0 1600 phononL 0.004 -1.05785 -1.32871 -0.0111863 0
0 1601 phononL 0.004 -1.26212 -0.150123 0.0145966 0
0 1602 phononL 0.004 2.02282 -2.20118 -0.0169262 0
0 1603 phononL 0.004 1.39585 1.1597 0.0384081 0
0 1604 phononL 0.004 -0.418078 -1.01365 0.0152767 0
0 1605 phononL 0.004 1.86972 -0.863902 -0.00695364 0
0 1606 phononL 0.004 -0.81538 -0.503429 -0.0301584 0
0 1607 phononL 0.004 1.90533 -0.84386 -0.0277921 0
0 1608 phononL 0.004 -1.76702 -1.0936 -0.00772945 0
0 1609 phononL 0.004 -2.17458 2.01748 0.0249052 0
0 1610 phononL 0.004 -1.53189 1.09885 -0.00652384 0
0 1611 phononL 0.004 -0.27346 0.578663 -0.0375349 0
0 1612 phononL 0.004 1.6674 -1.22727 -0.000771325 0
0 1613 phononL 0.004 2.0712 -1.91281 -0.0214721 0
0 1614 phononL 0.004 2.09596 0.0289964 0.0110278 0
0 1615 phononL 0.004 1.32798 -0.94743 -0.0375045 0
0 1616 phononL 0.004 -2.16399 1.11092 0.0348956 0
0 1617 phononL 0.004 -0.591482 -1.48847 -0.037738 0
0 1618 phononL 0.004 1.46395 0.458091 0.00542015 0
0 1619 phononL 0.004 -0.682536 0.825789 -0.0226208 0
0 1620 phononL 0.004 0.36113 0.245742 0.00575339 0
0 1621 phononL 0.004 0.0309812 -0.167854 -0.00678592 0
0 1622 phononL 0.004 1.33376 -0.120837 0.0142961 0
0 1623 phononL 0.004 -1.61163 0.719125 0.0221687 0
0 1624 phononL 0.004 0.00398259 -1.98032 -0.0229973 0
0 1625 phononL 0.004 -0.548338 2.15961 -0.0166386 0
0 1626 phononL 0.004 -0.237469 0.978922 0.0316129 0
0 1627 phononL 0.004 1.42389 1.47794 -0.0178512 0
0 1628 phononL 0.004 0.798934 0.368071 0.0167297 0
0 1629 phononL 0.004 -0.556404 -0.285697 0.0364105 0
0 1630 phononL 0.004 1.86353 1.64553 0.00165144 0
0 1631 phononL 0.004 -0.0357287 -1.65123 0.0265928 0
0 1632 phononL 0.004 -1.81847 -0.817417 0.0131314 0
0 1633 phononL 0.004 -1.35226 -0.651322 0.0223067 0
0 1634 phononL 0.004 1.70836 1.00896 0.0344803 0
0 1635 phononL 0.004 -0.239818 1.64775 -0.00617239 0
0 1636 phononL 0.004 -1.16638 1.16014 0.000648151 0
0 1637 phononL 0.004 1.85224 -0.756463 -0.0288334 0
0 1638 phononL 0.004 2.13137 1.10428 -0.0337638 0
0 1639 phononL 0.004 -1.2455 -1.93679 -0.0332291 0
0 1640 phononL 0.004 -1.62263 -1.32744 0.00304631 0
0 1641 phononL 0.004 -1.33845 0.280051 -0.0105398 0
0 1642 phononL 0.004 1.12701 -1.29358 0.0130538 0
0 1643 phononL 0.004 -1.12674 0.418466 0.00483659 0
0 1644 phononL 0.004 -0.677179 0.505833 -0.0189732 0
0 1645 phononL 0.004 1.34802 -0.757665 0.0175021 0
0 1646 phononL 0.004 -0.936192 1.1946 -0.028286 0
0 1647 phononL 0.004 -0.789134 -0.116794 0.015381 0
0 1648 phononL 0.004 0.623994 -1.22602 -0.00114649 0
0 1649 phononL 0.004 1.37142 -0.641732 0.0249965 0
0 1650 phononL 0.004 0.624383 -1.70271 -0.035363 0
0 1651 phononL 0.004 -0.213 0.621154 -0.0399611 0
0 1652 phononL 0.004 2.22822 1.26487 0.032106 0
0 1653 phononL 0.004 -0.664819 1.01971 0.00341384 0
0 1654 phononL 0.004 -1.9308 -0.704466 -0.0376308 0
0 1655 phononL 0.004 1.25498 2.035 0.0335911 0
0 1656 phononL 0.004 -0.0202443 1.31995 0.00428935 0
0 1657 phononL 0.004 1.5596 -0.314597 0.017555 0
0 1658 phononL 0.004 1.4674 1.86042 -0.000584421 0
0 1659 phononL 0.004 -1.14025 -0.41198 -0.0352317 0
0 1660 phononL 0.004 0.583273 0.341186 -0.024394 0
0 1661 phononL 0.004 -1.25457 -0.092688 0.0092144 0
0 1662 phononL 0.004 -1.54618 -1.17765 0.0379292 0
0 1663 phononL 0.004 1.36393 1.81594 0.0194912 0
0 1664 phononL 0.004 -1.66708 -1.57698 -0.011599 0
0 1665 phononL 0.004 2.04773 -1.75942 -0.00539542 0
0 1666 phononL 0.004 0.582379 -0.452967 0.0362884 0
0 1667 phononL 0.004 0.0559825 0.648984 0.00454637 0
0 1668 phononL 0.004 -0.671187 -1.59909 -0.00549532 0
0 1669 phononL 0.004 1.02853 1.25178 0.0336269 0
0 1670 phononL 0.004 1.28036 -0.713829 0.0234762 0
0 1671 phononL 0.004 1.02136 2.23234 -0.0295908 0
0 1672 phononL 0.004 -0.362288 0.849626 0.0157752 0
0 1673 phononL 0.004 -1.31303 -0.375875 0.00370345 0
0 1674 phononL 0.004 -1.90607 0.257711 0.00034656 0
0 1675 phononL 0.004 -1.19501 -1.99569 -0.00444523 0
0 1676 phononL 0.004 0.00824715 0.04036 -0.0231424 0
0 1677 phononL 0.004 -0.651104 1.10068 0.03469 0
0 1678 phononL 0.004 1.73046 0.638117 -0.0170035 0
0 1679 phononL 0.004 -0.243989 2.10936 0.0383272 0
0 1680 phononL 0.004 -2.02636 1.458 0.0182476 0
0 1681 phononL 0.004 0.678217 -0.11338 0.00504467 0
0 1682 phononL 0.004 -2.15136 0.958557 0.0102586 0
0 1683 phononL 0.004 0.442566 -0.524722 -0.0193647 0
0 1684 phononL 0.004 1.47183 0.0112304 0.00464271 0
0 1685 phononL 0.004 -1.50951 0.751293 -0.036709 0
0 1686 phononL 0.004 -1.51711 0.783351 0.00716452 0
0 1687 phononL 0.004 1.93843 -0.198734 -0.035818 0
0 1688 phononL 0.004 1.10192 0.467661 -0.00840326 0
0 1689 phononL 0.004 -0.0683768 1.13062 -0.0285106 0
0 1690 phononL 0.004 -0.134671 0.534784 0.0328674 0
0 1691 phononL 0.004 -1.74003 -0.308076 0.0363599 0
0 1692 phononL 0.004 -1.15928 1.44512 0.00948087 0
0 1693 phononL 0.004 0.932306 0.497208 0.0359693 0
0 1694 phononL 0.004 -1.52063 -0.2421 0.0152941 0
0 1695 phononL 0.004 -1.63729 2.02924 0.00375481 0
0 1696 phononL 0.004 -1.19176 1.56684 -0.00934861 0
0 1697 phononL 0.004 -1.08821 1.41631 0.0085489 0
0 1698 phononL 0.004 -1.55721 0.934099 0.0374418 0
0 1699 phononL 0.004 0.085381 -1.05066 0.0206434 0
0 1700 phononL 0.004 -2.17817 -0.930482 0.0189473 0
0 1701 phononL 0.004 2.02083 0.524814 0.0203552 0
0 1702 phononL 0.004 2.15937 0.243688 -0.0321684 0
0 1703 phononL 0.004 0.760324 -1.75836 -0.00725273 0
0 1704 phononL 0.004 1.88429 -0.757977 -0.00560178 0
0 1705 phononL 0.004 -2.1309 0.523277 0.00678965 0
0 1706 phononL 0.004 -0.840247 -0.785332 -0.0131277 0
0 1707 phononL 0.004 -1.45021 0.534814 0.00799324 0
0 1708 phononL 0.004 1.01917 1.59392 -0.0316906 0
0 1709 phononL 0.004 -0.559669 -1.07659 -0.0347344 0
0 1710 phononL 0.004 -1.78173 -0.5174 -0.0221169 0
0 1711 phononL 0.004 2.11334 -0.874667 0.0269704 0
0 1712 phononL 0.004 0.489878 -1.97615 0.0200346 0
0 1713 phononL 0.004 1.98584 -1.12343 -0.0365698 0
0 1714 phononL 0.004 1.93822 -1.56678 -0.0263802 0
0 1715 phononL 0.004 -1.49616 -1.72921 -0.0361175 0
0 1716 phononL 0.004 -0.612521 1.91655 0.0186804 0
0 1717 phononL 0.004 -0.0336213 -1.47342 -0.00682338 0
0 1718 phononL 0.004 -1.95922 1.29825 0.015841 0
0 1719 phononL 0.004 -2.1586 1.63364 0.035137 0
0 1720 phononL 0.004 0.857921 1.28007 0.0314538 0
0 1721 phononL 0.004 1.09462 -0.456283 -0.0235723 0
0 1722 phononL 0.004 -0.601674 2.10742 -0.0257229 0
0 1723 phononL 0.004 1.41042 -0.144249 0.026778 0
0 1724 phononL 0.004 -1.01309 -0.753429 0.00112892 0
0 1725 phononL 0.004 -2.22821 -1.79544 0.0288244 0
0 1726 phononL 0.004 1.86988 2.1103 -0.0228877 0
0 1727 phononL 0.004 1.96926 -0.442147 0.0260395 0
0 1728 phononL 0.004 1.3307 1.06144 0.0239175 0
0 1729 phononL 0.004 0.983189 2.01681 0.0337375 0
0 1730 phononL 0.004 1.38476 -0.384317 0.00935236 0
0 1731 phononL 0.004 1.8308 0.925245 0.0345853 0
0 1732 phononL 0.004 -0.0281644 -0.453762 0.0259956 0
0 1733 phononL 0.004 -1.94611 0.667685 0.0253305 0
0 1734 phononL 0.004 -2.09721 0.34864 -0.0209398 0
0 1735 phononL 0.004 -1.13341 -1.24365 0.0263783 0
0 1736 phononL 0.004 -1.25999 1.55839 0.0339681 0
0 1737 phononL 0.004 -0.96945 -1.10512 -0.0285635 0
0 1738 phononL 0.004 1.68074 0.633798 -0.0377531 0
0 1739 phononL 0.004 -1.78586 -1.06069 -0.036158 0
0 1740 phononL 0.004 -0.322983 1.09418 -0.0113993 0
0 1741 phononL 0.004 -1.83153 1.67163 -0.0373869 0
0 1742 phononL 0.004 -0.423921 2.18473 -0.032071 0
0 1743 phononL 0.004 1.02484 -0.600348 0.000389319 0
0 1744 phononL 0.004 -0.361142 -1.47929 -0.00867906 0
0 1745 phononL 0.004 1.70697 -1.03369 -0.0297426 0
0 1746 phononL 0.004 0.957816 -1.83356 -0.0345353 0
0 1747 phononL 0.004 -1.78765 -1.27919 0.00921358 0
0 1748 phononL 0.004 2.04942 1.20434 0.00923601 0
0 1749 phononL 0.004 0.800379 0.60555 -0.0358228 0
0 1750 phononL 0.004 0.996517 0.732436 -0.0323591 0
0 1751 phononL 0.004 0.220254 -0.96667 0.0146128 0
0 1752 phononL 0.004 1.49377 -2.08982 0.0173073 0
0 1753 phononL 0.004 1.96815 0.824023 0.0283734 0
0 1754 phononL 0.004 -1.05997 1.15973 0.0193795 0
0 1755 phononL 0.004 -1.61975 -1.4543 0.0371112 0
0 1756 phononL 0.004 -1.71688 2.0257 1.13823e-05 0
0 1757 phononL 0.004 -2.21871 -0.22184 -0.0256254 0
0 1758 phononL 0.004 1.98375 0.264189 0.019822 0
0 1759 phononL 0.004 0.785452 0.465527 0.0227623 0
0 1760 phononL 0.004 -0.0806105 -0.614956 0.0377342 0
0 1761 phononL 0.004 1.93478 -2.12419 -0.0208728 0
0 1762 phononL 0.004 -1.0602 -2.08132 -0.0324765 0
0 1763 phononL 0.004 -1.85023 0.735915 0.0159792 0
0 1764 phononL 0.004 -1.85006 -0.795158 0.00293224 0
0 1765 phononL 0.004 -0.523264 0.0395534 -0.00961187 0
0 1766 phononL 0.004 0.203813 1.55 0.0394942 0
0 1767 phononL 0.004 1.87043 -2.07209 0.024026 0
0 1768 phononL 0.004 -2.10427 -1.08322 -0.0350284 0
0 1769 phononL 0.004 1.14922 -1.43698 -0.0247271 0
0 1770 phononL 0.004 -1.61366 1.51613 0.0048151 0
0 1771 phononL 0.004 1.09877 1.09991 -0.0163844 0
0 1772 phononL 0.004 -1.69142 0.967128 -0.021408 0
0 1773 phononL 0.004 -0.839712 0.449523 0.0138354 0
0 1774 phononL 0.004 -0.764034 -1.10502 0.0337393 0
0 1775 phononL 0.004 -1.12298 0.0983566 -0.0237048 0
0 1776 phononL 0.004 2.11718 1.64923 0.00884389 0
0 1777 phononL 0.004 -1.79898 -0.193079 -0.0397589 0
0 1778 phononL 0.004 0.230852 0.308867 -0.0177879 0
0 1779 phononL 0.004 0.701397 0.56751 0.00740214 0
0 1780 phononL 0.004 -1.13332 2.08489 -0.0387281 0
0 1781 phononL 0.004 1.59782 0.998425 0.000694977 0
0 1782 phononL 0.004 1.21818 2.04177 -0.00768463 0
0 1783 phononL 0.004 -0.05142 -1.7772 0.00442108 0
0 1784 phononL 0.004 0.435246 0.603416 0.0329522 0
0 1785 phononL 0.004 0.115381 0.320876 -0.0280064 0
0 1786 phononL 0.004 -1.29016 -1.83871 0.00734888 0
0 1787 phononL 0.004 1.35095 -0.959198 0.0138671 0
0 1788 phononL 0.004 0.409818 0.780141 -0.0258917 0
0 1789 phononL 0.004 -1.34032 0.597791 0.0300774 0
0 1790 phononL 0.004 1.96048 -2.1546 0.0336826 0
0 1791 phononL 0.004 1.38849 1.31006 0.0302606 0
0 1792 phononL 0.004 1.6844 0.14666 -0.0290142 0
0 1793 phononL 0.004 -0.423504 -0.32568 -0.0314627 0
0 1794 phononL 0.004 -0.715716 2.01334 -0.0284904 0
0 1795 phononL 0.004 -1.42583 -1.52294 0.0217666 0
0 1796 phononL 0.004 -1.07265 0.973862 0.0225924 0
0 1797 phononL 0.004 1.84017 1.41827 -0.00905623 0
0 1798 phononL 0.004 -1.62556 1.77164 -0.0316564 0
0 1799 phononL 0.004 -1.22215 -1.64366 -0.0280043 0
0 1800 phononL 0.004 -0.265818 1.44546 -0.00874438 0
0 1801 phononL 0.004 -1.92805 -0.307984 -0.0185662 0
0 1802 phononL 0.004 -1.05952 0.323293 0.025382 0
0 1803 phononL 0.004 1.22523 -1.66825 0.000331564 0
0 1804 phononL 0.004 -0.986397 -1.29572 0.016179 0
0 1805 phononL 0.004 -0.056775 -0.531792 0.0106177 0
0 1806 phononL 0.004 1.37649 0.827447 0.0200858 0
0 1807 phononL 0.004 1.79744 0.182026 -0.0147138 0
0 1808 phononL 0.004 -0.679936 -1.58184 -0.00208 0
0 1809 phononL 0.004 -0.665396 0.534065 -0.0355022 0
0 1810 phononL 0.004 1.98596 -2.23204 -0.0123391 0
0 1811 phononL 0.004 1.2865 -0.0810824 0.0388519 0
0 1812 phononL 0.004 -0.703089 -1.54222 0.0342848 0
0 1813 phononL 0.004 -0.402925 -1.11883 0.0105574 0
0 1814 phononL 0.004 0.582902 -0.749373 -0.0112033 0
0 1815 phononL 0.004 -1.85758 1.02271 0.0215304 0
0 1816 phononL 0.004 -0.434563 1.70616 0.0291985 0
0 1817 phononL 0.004 -1.78227 -1.92144 0.00507593 0
0 1818 phononL 0.004 0.136016 -0.354637 -0.0114281 0
0 1819 phononL 0.004 -1.14905 -1.84011 -0.0388937 0
0 1820 phononL 0.004 1.87692 -0.112617 0.0195875 0
0 1821 phononL 0.004 -1.77275 -1.43224 0.00911027 0
0 1822 phononL 0.004 2.1439 -0.767705 -0.0279996 0
0 1823 phononL 0.004 -0.362921 1.94726 -0.00707876 0
0 1824 phononL 0.004 -0.0984918 -0.0796636 -0.0224278 0
0 1825 phononL 0.004 -0.0530947 2.03558 0.0263266 0
0 1826 phononL 0.004 1.09226 2.13012 -0.00407754 0
0 1827 phononL 0.004 0.793735 1.37084 -0.024549 0
0 1828 phononL 0.004 -1.59453 -1.89185 -0.0263361 0
0 1829 phononL 0.004 1.58428 1.88421 -0.00610752 0
0 1830 phononL 0.004 -2.1341 1.08965 -0.00168533 0
0 1831 phononL 0.004 1.95562 -0.222502 0.0147191 0
0 1832 phononL 0.004 -0.269047 -1.35508 -0.0382324 0
0 1833 phononL 0.004 0.774499 0.279 -0.033709 0
0 1834 phononL 0.004 0.608367 1.35397 0.0153987 0
0 1835 phononL 0.004 0.00405712 -1.19702 -0.0158418 0
0 1836 phononL 0.004 0.306666 -0.427918 0.0257353 0
0 1837 phononL 0.004 -0.808554 -0.509989 -0.0296323 0
0 1838 phononL 0.004 1.3971 1.2195 6.63476e-05 0
0 1839 phononL 0.004 1.27343 -0.489694 -0.00772281 0
0 1840 phononL 0.004 -1.93737 1.36522 -0.0358087 0
0 1841 phononL 0.004 0.143625 0.402463 0.0262311 0
0 1842 phononL 0.004 1.54961 -0.238327 0.0344807 0
0 1843 phononL 0.004 0.41643 -0.420428 -0.0234527 0
0 1844 phononL 0.004 -0.0454073 1.46263 0.0397274 0
0 1845 phononL 0.004 -0.98589 0.380262 0.0107436 0
0 1846 phononL 0.004 1.58772 -2.03159 -0.0382016 0
0 1847 phononL 0.004 -0.887892 -0.90103 0.00090866 0
0 1848 phononL 0.004 1.71539 -0.8653 -0.00483148 0
0 1849 phononL 0.004 -1.06493 -1.2759 0.00491537 0
0 1850 phononL 0.004 0.670856 0.92477 0.020519 0
0 1851 phononL 0.004 1.50884 1.19311 0.0324553 0
0 1852 phononL 0.004 0.838687 1.43145 -0.0261644 0
0 1853 phononL 0.004 1.83366 2.03586 -0.025981 0
0 1854 phononL 0.004 0.126868 0.773483 -0.00806364 0
0 1855 phononL 0.004 -2.08847 1.55602 -0.00839666 0
0 1856 phononL 0.004 1.97695 -0.628799 0.0317435 0
0 1857 phononL 0.004 -1.70423 -1.79035 0.000950775 0
0 1858 phononL 0.004 1.05182 -0.0626335 -0.0279264 0
0 1859 phononL 0.004 1.01254 1.31173 -0.00253836 0
0 1860 phononL 0.004 -1.09238 -0.75941 0.0226845 0
0 1861 phononL 0.004 0.290633 -0.157596 0.0376618 0
0 1862 phononL 0.004 1.82613 -1.73247 -0.0348013 0
0 1863 phononL 0.004 -1.2714 -0.2854 0.0309311 0
0 1864 phononL 0.004 -1.23995 1.99486 -0.0350077 0
0 1865 phononL 0.004 -1.72688 -0.083345 0.0229714 0
0 1866 phononL 0.004 0.0239304 1.42621 0.0340755 0
0 1867 phononL 0.004 -1.31631 2.0629 -0.031395 0
0 1868 phononL 0.004 1.42641 -2.07205 0.000477783 0
0 1869 phononL 0.004 -1.83532 -0.154731 0.0285769 0
0 1870 phononL 0.004 -0.889276 1.29577 0.0314184 0
0 1871 phononL 0.004 2.10291 -0.667067 0.00809139 0
0 1872 phononL 0.004 0.155158 1.44504 0.0229023 0
0 1873 phononL 0.004 -1.9584 -0.108506 -0.0360813 0
0 1874 phononL 0.004 -1.75716 -0.227327 0.038918 0
0 1875 phononL 0.004 0.308874 0.211436 -0.0266866 0
0 1876 phononL 0.004 1.76158 1.47118 0.00191365 0
0 1877 phononL 0.004 0.0258415 0.827808 0.00768028 0
0 1878 phononL 0.004 0.212815 0.689619 0.00112459 0
0 1879 phononL 0.004 -0.472228 -0.964652 -0.0309619 0
0 1880 phononL 0.004 0.0405815 -0.322509 0.0198411 0
0 1881 phononL 0.004 -1.11469 -1.64251 0.0054689 0
0 1882 phononL 0.004 1.43655 0.207427 -0.0144673 0
0 1883 phononL 0.004 -0.184765 1.40801 -0.0162487 0
0 1884 phononL 0.004 0.515586 -1.34928 0.0273835 0
0 1885 phononL 0.004 1.01048 -1.29655 0.0143636 0
0 1886 phononL 0.004 0.49276 0.689616 0.0232656 0
0 1887 phononL 0.004 -1.28478 1.2102 -0.0162442 0
0 1888 phononL 0.004 0.463938 1.87609 0.0316459 0
0 1889 phononL 0.004 0.988974 -0.0962788 -0.0168821 0
0 1890 phononL 0.004 1.90922 1.2453 -0.0116238 0
0 1891 phononL 0.004 1.99843 -1.97724 -0.0173879 0
0 1892 phononL 0.004 1.89088 1.81137 -0.00041806 0
0 1893 phononL 0.004 -1.82329 0.895798 -0.0219325 0
0 1894 phononL 0.004 2.14383 0.351246 0.0126581 0
0 1895 phononL 0.004 -0.469598 -1.83007 -0.0167126 0
0 1896 phononL 0.004 0.407208 1.19472 0.0229987 0
0 1897 phononL 0.004 -1.19255 1.02556 0.0305862 0
0 1898 phononL 0.004 1.09094 -1.98444 0.0165444 0
0 1899 phononL 0.004 -1.50991 -2.15285 0.00147169 0
0 1900 phononL 0.004 0.371951 -1.88657 -0.0135091 0
0 1901 phononL 0.004 -0.394001 -0.425847 0.0289391 0
0 1902 phononL 0.004 -0.696576 1.6177 0.00142635 0
0 1903 phononL 0.004 -0.199631 -1.60867 0.0367442 0
0 1904 phononL 0.004 -0.201285 -2.15922 0.0340344 0
0 1905 phononL 0.004 1.62129 2.11337 0.00857625 0
0 1906 phononL 0.004 -0.800372 0.804062 0.00788154 0
0 1907 phononL 0.004 -1.42216 0.609728 -0.0292803 0
0 1908 phononL 0.004 0.677869 -0.795885 0.00205645 0
0 1909 phononL 0.004 0.112541 -0.352687 0.0173344 0
0 1910 phononL 0.004 -0.051419 -0.422546 -0.0160554 0
0 1911 phononL 0.004 1.48212 1.06505 -0.0280829 0
0 1912 phononL 0.004 0.186001 1.2193 -0.0269589 0
0 1913 phononL 0.004 -0.690433 -0.133597 0.0398908 0
0 1914 phononL 0.004 -0.0298129 2.00012 -0.00645772 0
0 1915 phononL 0.004 0.845056 -0.644817 -0.00797817 0
0 1916 phononL 0.004 0.0855267 -0.154716 -0.0214183 0
0 1917 phononL 0.004 1.60784 -0.70265 -0.00248482 0
0 1918 phononL 0.004 -0.931439 2.22456 -0.0137614 0
0 1919 phononL 0.004 0.983662 -0.140505 0.00554166 0
0 1920 phononL 0.004 -1.91087 2.081 0.0354991 0
0 1921 phononL 0.004 -0.262941 -1.81127 0.00461481 0
0 1922 phononL 0.004 1.8687 -1.57554 0.0227051 0
0 1923 phononL 0.004 -1.74201 -2.02391 -0.0161892 0
0 1924 phononL 0.004 0.28307 0.407257 0.0198138 0
0 1925 phononL 0.004 1.77847 0.976659 -0.0357492 0
0 1926 phononL 0.004 -2.07721 -0.0561239 0.00757087 0
0 1927 phononL 0.004 -1.7524 0.743909 -0.0225399 0
0 1928 phononL 0.004 -1.85017 2.03374 0.0273876 0
0 1929 phononL 0.004 -0.444766 -1.7221 0.0396217 0
0 1930 phononL 0.004 0.910327 0.890204 0.0018562 0
0 1931 phononL 0.004 -0.667669 0.266542 0.0203765 0
0 1932 phononL 0.004 1.19926 1.05374 0.0316449 0
0 1933 phononL 0.004 -0.994492 1.09105 -0.0207027 0
0 1934 phononL 0.004 -1.07548 -1.31392 -0.000978552 0
0 1935 phononL 0.004 -0.647271 -1.43454 0.0275539 0
0 1936 phononL 0.004 1.4933 1.11051 0.0394117 0
0 1937 phononL 0.004 2.11878 0.807278 0.016367 0
0 1938 phononL 0.004 0.908495 0.811429 -0.0086828 0
0 1939 phononL 0.004 1.6283 -1.05921 0.0353653 0
0 1940 phononL 0.004 -1.30252 -0.215454 0.00228469 0
0 1941 phononL 0.004 1.44615 -1.07803 -0.034689 0
0 1942 phononL 0.004 0.168973 1.08609 -0.00749941 0
0 1943 phononL 0.004 -2.13781 1.96815 0.00139839 0
0 1944 phononL 0.004 -1.22724 -0.042421 0.00225048 0
0 1945 phononL 0.004 -1.28484 1.8835 -0.0178717 0
0 1946 phononL 0.004 0.965384 -1.00762 0.0295632 0
0 1947 phononL 0.004 1.93625 1.71961 0.0219734 0
0 1948 phononL 0.004 0.707552 -1.66413 0.0301148 0
0 1949 phononL 0.004 -1.97965 1.1476 0.0144391 0
0 1950 phononL 0.004 -0.325236 -1.66304 -0.0300501 0
0 1951 phononL 0.004 -2.10188 -1.45886 -0.0116653 0
0 1952 phononL 0.004 1.07913 1.7518 -0.00253924 0
0 1953 phononL 0.004 -0.224461 -0.94175 -0.0175698 0
0 1954 phononL 0.004 -0.292769 -0.0943885 -0.015936 0
0 1955 phononL 0.004 1.15599 -1.83992 -0.0361833 0
0 1956 phononL 0.004 0.977589 1.77439 0.0214502 0
0 1957 phononL 0.004 -1.5343 -0.659004 0.00197023 0
0 1958 phononL 0.004 -2.00416 -0.447629 -0.0134329 0
0 1959 phononL 0.004 1.89391 1.555 -0.0280557 0
0 1960 phononL 0.004 1.88624 -1.98588 -0.0260626 0
0 1961 phononL 0.004 2.0688 -0.761825 0.00941155 0
0 1962 phononL 0.004 -0.914425 0.683174 0.0161138 0
0 1963 phononL 0.004 2.18316 0.0966774 -0.029905 0
0 1964 phononL 0.004 1.8404 1.8763 -0.0104986 0
0 1965 phononL 0.004 0.705737 0.859861 -0.0243427 0
0 1966 phononL 0.004 -1.91799 0.542878 0.0368009 0
0 1967 phononL 0.004 0.374786 -2.12823 -0.0288499 0
0 1968 phononL 0.004 -1.96765 -1.21659 0.0395384 0
0 1969 phononL 0.004 -1.41609 -0.230763 0.034785 0
0 1970 phononL 0.004 -1.85832 1.99241 0.0172159 0
0 1971 phononL 0.004 -2.14553 -0.925275 0.00483271 0
0 1972 phononL 0.004 -1.71039 -1.29715 -0.00138314 0
0 1973 phononL 0.004 0.464087 -1.58664 0.0269685 0
0 1974 phononL 0.004 1.585 0.118279 -0.0142757 0
0 1975 phononL 0.004 -1.00254 1.19702 -0.00213662 0
0 1976 phononL 0.004 -1.17516 1.42479 1.41563e-05 0
0 1977 phononL 0.004 0.633484 -0.436327 0.0349977 0
0 1978 phononL 0.004 -0.242548 1.92948 0.0171069 0
0 1979 phononL 0.004 -1.92397 -2.1163 -0.00896217 0
0 1980 phononL 0.004 1.85282 0.0647542 -0.0130588 0
0 1981 phononL 0.004 1.20854 -2.10855 -0.00317721 0
0 1982 phononL 0.004 0.505654 0.0994669 0.0202005 0
0 1983 phononL 0.004 1.80272 -1.14242 -0.0295255 0
0 1984 phononL 0.004 -2.02445 1.23307 -0.0293599 0
0 1985 phononL 0.004 0.0250684 -0.471421 0.0230115 0
0 1986 phononL 0.004 0.826448 -0.848446 -0.00682923 0
0 1987 phononL 0.004 1.88345 0.397987 0.0259991 0
0 1988 phononL 0.004 -0.542274 0.555365 -0.0024893 0
0 1989 phononL 0.004 1.49824 0.381072 -0.0283544 0
0 1990 phononL 0.004 -0.885514 2.06201 0.0201783 0
0 1991 phononL 0.004 -2.14813 -0.0315742 -0.0101204 0
0 1992 phononL 0.004 0.198505 -1.6294 -0.00938473 0
0 1993 phononL 0.004 1.19617 1.73698 0.000580216 0
0 1994 phononL 0.004 -1.73179 0.791438 0.0122619 0
0 1995 phononL 0.004 -0.813553 2.09769 -0.0150357 0
0 1996 phononL 0.004 0.963676 -0.183766 -0.0174947 0
0 1997 phononL 0.004 1.64936 1.83597 -0.0183042 0
0 1998 phononL 0.004 -0.99636 1.59474 0.0339967 0
0 1999 phononL 0.004 -0.503635 0.723584 0.0286404 0
0 2000 phononL 0.004 1.03594 0.639166 0.0152929 0
0 2001 phononL 0.004 -0.934954 1.14783 0.0345909 0
0 2002 phononL 0.004 1.62287 -2.03089 0.0279718 0
0 2003 phononL 0.004 -1.33365 -0.276837 -0.0328074 0
0 2004 phononL 0.004 -1.94932 1.61096 0.0204941 0
0 2005 phononL 0.004 -1.17011 -0.851279 -0.0228726 0
0 2006 phononL 0.004 -0.549211 0.429519 -0.0109017 0
0 2007 phononL 0.004 0.727445 0.154073 -0.0167229 0
0 2008 phononL 0.004 -0.357366 1.2276 -0.0114748 0
0 2009 phononL 0.004 -1.13832 -0.175909 0.0144378 0
0 2010 phononL 0.004 1.4651 1.73947 -0.0090423 0
0 2011 phononL 0.004 -1.44762 -1.24787 -0.0163837 0
0 2012 phononL 0.004 1.25218 0.56309 -0.0167642 0
0 2013 phononL 0.004 -0.424839 -1.14012 0.0064644 0
0 2014 phononL 0.004 1.96565 -0.122028 0.0318145 0
0 2015 phononL 0.004 -0.570302 -1.37698 0.0183833 0
0 2016 phononL 0.004 2.19504 0.406627 0.01933 0
0 2017 phononL 0.004 0.833315 1.55837 -0.000656239 0
0 2018 phononL 0.004 0.245908 -2.0093 0.00285685 0
0 2019 phononL 0.004 1.27927 -0.949872 -0.0356379 0
0 2020 phononL 0.004 -2.06437 -2.11942 -0.0254929 0
0 2021 phononL 0.004 0.377239 0.960668 -0.00466008 0
0 2022 phononL 0.004 0.839083 -0.947828 0.0229696 0
0 2023 phononL 0.004 -1.8059 -0.74555 -0.0353249 0
0 2024 phononL 0.004 1.90676 -0.523307 0.0367535 0
0 2025 phononL 0.004 -0.334377 -0.316357 0.00810584 0
0 2026 phononL 0.004 -0.911419 -1.77194 -0.0123436 0
0 2027 phononL 0.004 -0.157386 0.314696 -0.0353947 0
0 2028 phononL 0.004 -2.09454 -0.0500589 -0.0146417 0
0 2029 phononL 0.004 0.0791031 -1.72348 0.020393 0
0 2030 phononL 0.004 -2.07106 1.28873 0.0158027 0
0 2031 phononL 0.004 0.71338 1.98563 -0.00603935 0
0 2032 phononL 0.004 0.0739097 1.6954 0.0327372 0
0 2033 phononL 0.004 -1.07132 1.43451 0.0219042 0
0 2034 phononL 0.004 1.52501 -0.130002 -0.000942485 0
0 2035 phononL 0.004 -0.969655 -0.571525 -0.0116248 0
0 2036 phononL 0.004 1.78604 -1.61141 0.0150741 0
0 2037 phononL 0.004 0.257474 2.04469 0.00979306 0
0 2038 phononL 0.004 -2.10564 0.621184 0.00671697 0
0 2039 phononL 0.004 1.09761 1.63146 0.0164471 0
0 2040 phononL 0.004 -0.312057 0.495165 -0.0304651 0
0 2041 phononL 0.004 1.43077 0.193581 0.0311389 0
0 2042 phononL 0.004 -0.0048752 2.14391 0.0185795 0
0 2043 phononL 0.004 -0.0367933 0.183667 0.0275363 0
0 2044 phononL 0.004 0.506218 1.44966 -0.00196691 0
0 2045 phononL 0.004 0.353593 2.21422 0.0296833 0
0 2046 phononL 0.004 1.64237 1.62826 0.0127463 0
0 2047 phononL 0.004 1.23991 0.081509 -0.0366165 0
0 2048 phononL 0.004 -0.641432 -0.365153 0.0179212 0
0 2049 phononL 0.004 -1.62616 1.90067 -0.0094534 0
0 2050 phononL 0.004 -2.00114 -1.64674 -0.036683 0
0 2051 phononL 0.004 -0.108722 -1.32689 0.00210528 0
0 2052 phononL 0.004 1.3358 -1.86226 -0.0170555 0
0 2053 phononL 0.004 0.774531 -0.734071 0.0318637 0
0 2054 phononL 0.004 1.9246 -0.546193 0.0124747 0
0 2055 phononL 0.004 0.0734807 0.251121 0.0020167 0
0 2056 phononL 0.004 -1.37744 1.82301 0.0290635 0
0 2057 phononL 0.004 2.07925 -0.11527 0.0100959 0
0 2058 phononL 0.004 -0.491215 1.26491 0.0215337 0
0 2059 phononL 0.004 -0.374275 0.464258 -0.0266342 0
0 2060 phononL 0.004 0.888679 -0.0250444 -0.0017302 0
0 2061 phononL 0.004 2.02294 -1.83767 0.0377697 0
0 2062 phononL 0.004 -1.90291 -1.63779 0.0321545 0
0 2063 phononL 0.004 0.356672 1.06059 -0.0231162 0
0 2064 phononL 0.004 0.763495 1.15847 0.0190071 0
0 2065 phononL 0.004 -0.0534782 -0.955322 0.0210623 0
0 2066 phononL 0.004 0.517832 -0.00264805 0.0256927 0
0 2067 phononL 0.004 -0.143774 -0.141769 -0.0331785 0
0 2068 phononL 0.004 1.07386 -1.28889 -0.0100833 0
0 2069 phononL 0.004 0.464037 1.51317 0.00246755 0
0 2070 phononL 0.004 -0.167932 -0.290492 0.0158592 0
0 2071 phononL 0.004 0.81447 1.5223 -0.0148784 0
0 2072 phononL 0.004 0.847456 -0.675225 -0.039844 0
0 2073 phononL 0.004 1.51703 -0.352265 0.000864721 0
0 2074 phononL 0.004 -1.08669 0.490709 -0.025549 0
0 2075 phononL 0.004 0.199548 -0.0994493 -0.00821325 0
0 2076 phononL 0.004 2.03428 -0.889857 -0.014634 0
0 2077 phononL 0.004 1.34216 1.71101 -0.00983343 0
0 2078 phononL 0.004 -1.00134 -1.8413 0.0129006 0
0 2079 phononL 0.004 0.502602 -1.03031 0.0103156 0
0 2080 phononL 0.004 1.81954 -0.631488 -0.0132934 0
0 2081 phononL 0.004 2.02497 2.09241 -0.0112878 0
0 2082 phononL 0.004 -0.837297 0.363444 -0.0367909 0
0 2083 phononL 0.004 1.77833 2.09301 -0.0226599 0
0 2084 phononL 0.004 1.39134 -0.828239 -0.0382929 0
0 2085 phononL 0.004 0.330783 -0.998826 0.0287434 0
0 2086 phononL 0.004 -0.205058 -0.583406 0.0345265 0
0 2087 phononL 0.004 -2.17746 -2.07272 0.0189239 0
0 2088 phononL 0.004 -1.35828 2.11118 -0.034746 0
0 2089 phononL 0.004 -0.493517 1.8451 -0.0360154 0
0 2090 phononL 0.004 -1.23375 0.668656 -0.0172561 0
0 2091 phononL 0.004 -1.737 1.26851 -0.0141074 0
0 2092 phononL 0.004 0.585305 -0.122622 0.00450341 0
0 2093 phononL 0.004 0.761179 0.090183 0.0208043 0
0 2094 phononL 0.004 -1.22494 -1.78877 -0.0250554 0
0 2095 phononL 0.004 2.10302 2.02575 6.5344e-05 0
0 2096 phononL 0.004 -1.8062 1.82641 0.0134702 0
0 2097 phononL 0.004 -0.438275 -0.553665 0.0166491 0
0 2098 phononL 0.004 0.399599 0.276482 0.0374314 0
0 2099 phononL 0.004 0.00947891 -1.60268 0.00504256 0
0 2100 phononL 0.004 -1.40318 1.77479 -0.0342531 0
0 2101 phononL 0.004 1.41471 -0.390235 0.0253664 0
0 2102 phononL 0.004 0.870673 -0.264789 -0.033972 0
0 2103 phononL 0.004 -0.704962 -1.23976 -0.00609562 0
0 2104 phononL 0.004 0.00536699 0.749328 -0.000473063 0
0 2105 phononL 0.004 1.49482 1.86404 0.00406287 0
0 2106 phononL 0.004 1.33883 0.977819 0.0176148 0
0 2107 phononL 0.004 1.21777 -0.965456 -0.00516577 0
0 2108 phononL 0.004 1.27193 0.0947325 0.00167258 0
0 2109 phononL 0.004 -0.503543 -0.997809 -0.00906655 0
0 2110 phononL 0.004 1.46689 1.59177 0.0224081 0
0 2111 phononL 0.004 -0.95085 -0.222628 -0.0146418 0
0 2112 phononL 0.004 -0.900917 -1.49696 -0.00211245 0
0 2113 phononL 0.004 -2.21351 1.34108 -0.0201428 0
0 2114 phononL 0.004 -1.85661 1.09901 0.00850705 0
0 2115 phononL 0.004 -2.19064 0.887546 0.039425 0
0 2116 phononL 0.004 -1.39421 -1.71332 -0.0270932 0
0 2117 phononL 0.004 1.42085 -1.97915 0.0247474 0
0 2118 phononL 0.004 -0.45759 0.866345 0.037609 0
0 2119 phononL 0.004 0.256441 2.23468 -0.0094119 0
0 2120 phononL 0.004 1.65473 -0.318503 0.0187432 0
0 2121 phononL 0.004 -0.112177 0.669318 -0.0387483 0
0 2122 phononL 0.004 -1.9417 -1.92267 0.00167306 0
0 2123 phononL 0.004 2.17635 1.55694 -0.0215505 0
0 2124 phononL 0.004 0.1595 -0.473933 0.000381377 0
0 2125 phononL 0.004 -1.17111 1.40009 -0.0200297 0
0 2126 phononL 0.004 -1.83818 -0.978332 -0.0277555 0
0 2127 phononL 0.004 -1.24855 -0.447629 0.0261653 0
0 2128 phononL 0.004 -0.116724 1.97126 0.00944609 0
0 2129 phononL 0.004 1.73981 0.667494 -0.0124808 0
0 2130 phononL 0.004 0.549592 0.585185 0.00355734 0
0 2131 phononL 0.004 -1.83184 -1.2146 -0.0012379 0
0 2132 phononL 0.004 0.809446 -0.968268 0.0235647 0
0 2133 phononL 0.004 1.92731 1.16374 0.0287876 0
0 2134 phononL 0.004 -1.55453 1.94295 -0.00622524 0
0 2135 phononL 0.004 1.96503 -2.09723 -0.0269849 0
0 2136 phononL 0.004 -0.24121 -0.674393 -0.00255978 0
0 2137 phononL 0.004 -0.617306 0.859874 0.0260611 0
0 2138 phononL 0.004 -0.195998 1.72726 0.0121871 0
0 2139 phononL 0.004 0.674725 1.25368 -0.037214 0
0 2140 phononL 0.004 -1.61744 1.28317 -0.0179828 0
0 2141 phononL 0.004 -2.02914 -0.646696 -0.00194018 0
0 2142 phononL 0.004 2.20068 0.163647 -0.0386282 0
0 2143 phononL 0.004 1.88863 -0.755233 0.0197855 0
0 2144 phononL 0.004 -1.42376 -1.06428 0.00862501 0
0 2145 phononL 0.004 1.84625 -2.19886 0.0145885 0
0 2146 phononL 0.004 1.25532 0.904441 -0.0206415 0
0 2147 phononL 0.004 -0.901706 1.4301 0.000467698 0
0 2148 phononL 0.004 -1.43972 0.524689 -0.0126978 0
0 2149 phononL 0.004 0.434651 -1.04062 -0.00350279 0
0 2150 phononL 0.004 1.35931 1.34462 0.0268756 0
0 2151 phononL 0.004 -1.15402 -0.232128 0.0249931 0
0 2152 phononL 0.004 1.30273 -0.593216 -0.0134112 0
0 2153 phononL 0.004 1.15543 0.566373 0.0351126 0
0 2154 phononL 0.004 0.518372 -1.24169 0.0248919 0
0 2155 phononL 0.004 0.455527 1.89437 -0.00174369 0
0 2156 phononL 0.004 0.338102 1.87217 -0.0115167 0
0 2157 phononL 0.004 -0.550118 -0.421437 0.0363338 0
0 2158 phononL 0.004 -0.536096 0.94344 0.0105297 0
0 2159 phononL 0.004 1.7843 1.78875 -0.0278328 0
0 2160 phononL 0.004 1.39505 0.959678 -0.0299278 0
0 2161 phononL 0.004 1.57883 0.81548 0.0303211 0
0 2162 phononL 0.004 0.409256 -1.29386 0.00283046 0
0 2163 phononL 0.004 -0.0268717 -0.280554 -0.00542507 0
0 2164 phononL 0.004 1.36709 -2.19437 -0.0370315 0
0 2165 phononL 0.004 0.325729 0.00651255 0.0362505 0
0 2166 phononL 0.004 0.969687 0.563942 -0.0276397 0
0 2167 phononL 0.004 0.470452 -1.21011 0.012565 0
0 2168 phononL 0.004 -0.841515 -0.513561 0.0105671 0
0 2169 phononL 0.004 0.807762 -0.584935 0.0304383 0
0 2170 phononL 0.004 0.468959 -1.98014 0.0214727 0
0 2171 phononL 0.004 -1.75557 0.859317 -0.0296323 0
0 2172 phononL 0.004 -2.19761 -1.23598 -0.00474959 0
0 2173 phononL 0.004 -0.823953 1.04954 -0.00290046 0
0 2174 phononL 0.004 -1.21309 -0.480229 0.00522468 0
0 2175 phononL 0.004 -1.52968 0.688984 -0.0345221 0
0 2176 phononL 0.004 0.825962 -1.07956 0.0225667 0
0 2177 phononL 0.004 -1.94324 0.380814 0.0362365 0
0 2178 phononL 0.004 0.0377579 -1.93141 -0.0350211 0
0 2179 phononL 0.004 -1.53922 1.97517 0.0328771 0
0 2180 phononL 0.004 -1.80266 -2.18096 0.00672766 0
0 2181 phononL 0.004 -0.201845 -0.0190672 0.0161139 0
0 2182 phononL 0.004 0.168069 1.33392 -0.0211465 0
0 2183 phononL 0.004 -1.02001 0.163503 -0.0114736 0
0 2184 phononL 0.004 1.27827 0.251512 -0.00438298 0
0 2185 phononL 0.004 0.506865 -0.683784 0.0169208 0
0 2186 phononL 0.004 2.08309 -0.535886 0.0183223 0
0 2187 phononL 0.004 -1.34895 0.190979 -0.0129105 0
0 2188 phononL 0.004 0.991219 2.21918 0.0296338 0
0 2189 phononL 0.004 1.13846 -0.655522 0.000726278 0
0 2190 phononL 0.004 1.30139 1.55098 -0.0344019 0
0 2191 phononL 0.004 -1.28896 1.50892 -0.031803 0
0 2192 phononL 0.004 1.90429 1.67123 -0.0151383 0
0 2193 phononL 0.004 -1.56416 -2.02424 0.0237808 0
0 2194 phononL 0.004 -2.05175 0.791526 0.0146795 0
0 2195 phononL 0.004 -1.65514 -1.59842 0.0354728 0
0 2196 phononL 0.004 0.560137 1.0791 0.00325181 0
0 2197 phononL 0.004 -0.0425753 1.57374 -0.00861508 0
0 2198 phononL 0.004 0.759151 -2.06262 -0.0332548 0
0 2199 phononL 0.004 1.55617 -1.74728 -0.0104832 0
0 2200 phononL 0.004 -0.952332 0.704237 -0.0226728 0
0 2201 phononL 0.004 -0.643945 0.1788 0.0115258 0
0 2202 phononL 0.004 -0.375398 0.157671 0.0346053 0
0 2203 phononL 0.004 -1.66658 -2.02121 0.0157331 0
0 2204 phononL 0.004 -1.38396 0.179677 0.0137663 0
0 2205 phononL 0.004 -1.97902 1.884 0.0287808 0
0 2206 phononL 0.004 -1.95392 1.15758 -0.00788625 0
0 2207 phononL 0.004 -1.58971 -1.78564 -0.0123499 0
0 2208 phononL 0.004 -1.01507 1.34332 0.0328336 0
0 2209 phononL 0.004 -0.223324 -1.49047 0.0308861 0
0 2210 phononL 0.004 1.89071 0.299937 0.0305012 0
0 2211 phononL 0.004 0.316691 1.35908 0.0363335 0
0 2212 phononL 0.004 -1.65033 0.792547 -0.0146262 0
0 2213 phononL 0.004 -1.64535 1.25006 0.0243037 0
0 2214 phononL 0.004 0.704174 -1.04258 0.0207338 0
0 2215 phononL 0.004 0.744393 -1.75568 -0.00768227 0
0 2216 phononL 0.004 0.271935 -0.0608007 -0.0263682 0
0 2217 phononL 0.004 -0.675685 1.34517 -0.0108119 0
0 2218 phononL 0.004 0.241004 -1.87376 0.007267 0
0 2219 phononL 0.004 2.19417 0.886568 -0.0184131 0
0 2220 phononL 0.004 -0.285845 1.7348 0.00227863 0
0 2221 phononL 0.004 1.1825 1.94151 -0.0387556 0
0 2222 phononL 0.004 -1.76737 0.713483 0.00255832 0
0 2223 phononL 0.004 1.31914 1.0714 0.0238406 0
0 2224 phononL 0.004 1.34835 -0.965883 0.0107571 0
0 2225 phononL 0.004 -0.352285 -1.48932 -0.020092 0
0 2226 phononL 0.004 -0.0437888 0.00483907 0.0289437 0
0 2227 phononL 0.004 2.03312 0.782631 0.0220717 0
0 2228 phononL 0.004 1.84734 -0.138114 0.00353403 0
0 2229 phononL 0.004 -0.679001 -0.237203 0.0232864 0
0 2230 phononL 0.004 0.034828 0.583136 -0.0332968 0
0 2231 phononL 0.004 0.394192 0.790199 -0.00263455 0
0 2232 phononL 0.004 -0.0166257 0.226617 -0.0218373 0
0 2233 phononL 0.004 0.371587 -0.954113 -0.0186856 0
0 2234 phononL 0.004 -0.696223 -2.12325 -0.0178375 0
0 2235 phononL 0.004 -0.184508 0.129079 -0.0125857 0
0 2236 phononL 0.004 -2.1854 -0.379994 0.0384103 0
0 2237 phononL 0.004 -0.220475 1.24573 0.0156473 0
0 2238 phononL 0.004 -1.12016 1.57311 0.0297294 0
0 2239 phononL 0.004 0.0472786 -1.51582 -0.0237162 0
0 2240 phononL 0.004 -2.08686 -1.68949 -0.0289299 0
0 2241 phononL 0.004 1.37681 -1.18192 -0.0380199 0
0 2242 phononL 0.004 -0.582194 -2.22056 0.00677341 0
0 2243 phononL 0.004 -0.353359 0.691214 0.0237022 0
0 2244 phononL 0.004 -0.173324 -2.14086 -0.00446835 0
0 2245 phononL 0.004 0.880274 -1.35457 0.0148739 0
0 2246 phononL 0.004 -1.86346 0.899633 -0.0275495 0
0 2247 phononL 0.004 0.279355 -1.51812 0.00460796 0
0 2248 phononL 0.004 1.29202 1.50222 -0.00501898 0
0 2249 phononL 0.004 0.355362 2.01876 -0.010924 0
0 2250 phononL 0.004 -2.02689 -0.355518 0.0321249 0
0 2251 phononL 0.004 1.0959 0.0148249 -0.0308352 0
0 2252 phononL 0.004 1.15815 0.22519 0.0348454 0
0 2253 phononL 0.004 1.66112 0.433122 -0.032904 0
0 2254 phononL 0.004 0.149545 0.558075 -0.0168376 0
0 2255 phononL 0.004 -2.15228 -0.500826 -0.0317993 0
0 2256 phononL 0.004 0.804901 -0.496761 0.0319199 0
0 2257 phononL 0.004 -0.666951 1.22679 -0.038801 0
0 2258 phononL 0.004 -2.09032 -2.2012 -0.0271886 0
0 2259 phononL 0.004 -0.469012 1.88549 -0.00455786 0
0 2260 phononL 0.004 -0.921693 -1.24936 0.00394227 0
0 2261 phononL 0.004 0.51771 -1.85976 -0.0293117 0
0 2262 phononL 0.004 0.227056 -2.02218 -0.0273622 0
0 2263 phononL 0.004 0.838817 -1.89356 -0.00702396 0
0 2264 phononL 0.004 0.541886 -0.0231572 0.00739256 0
0 2265 phononL 0.004 -0.769028 0.232971 -0.0243838 0
0 2266 phononL 0.004 0.0328245 1.78037 -0.0270207 0
0 2267 phononL 0.004 -1.36342 0.533605 0.00845952 0
0 2268 phononL 0.004 1.11739 -0.490817 -0.0145179 0
0 2269 phononL 0.004 -1.62647 -0.123676 -0.0279084 0
0 2270 phononL 0.004 -1.47541 0.429229 0.0283509 0
0 2271 phononL 0.004 2.07378 -2.1516 0.0175627 0
0 2272 phononL 0.004 -0.134188 -1.02426 -0.0356445 0
0 2273 phononL 0.004 -2.03386 -1.71005 -0.00105532 0
0 2274 phononL 0.004 -0.529676 0.281919 0.0394959 0
0 2275 phononL 0.004 -1.38265 -1.84667 0.0316612 0
0 2276 phononL 0.004 0.789871 -0.254695 0.0161018 0
0 2277 phononL 0.004 -0.504109 -2.06665 -0.0390321 0
0 2278 phononL 0.004 -1.54213 -1.74505 0.0337527 0
0 2279 phononL 0.004 0.609571 2.21741 -0.0126728 0
0 2280 phononL 0.004 -1.38228 -1.82904 0.0014664 0
0 2281 phononL 0.004 -0.982011 1.65698 0.0292039 0
0 2282 phononL 0.004 0.793153 0.334741 -0.0288333 0
0 2283 phononL 0.004 -0.931332 -0.927546 -0.0243786 0
0 2284 phononL 0.004 0.993865 1.66396 0.0278892 0
0 2285 phononL 0.004 -0.585515 1.65493 0.00850631 0
0 2286 phononL 0.004 0.102116 -1.80688 -0.00483657 0
0 2287 phononL 0.004 0.129847 2.12641 0.0105717 0
0 2288 phononL 0.004 1.66776 -1.01571 -0.0331108 0
0 2289 phononL 0.004 -1.31075 -1.56038 0.0228688 0
0 2290 phononL 0.004 1.68201 -2.16103 0.000483821 0
0 2291 phononL 0.004 -0.490628 1.6921 -0.0261628 0
0 2292 phononL 0.004 -0.746956 -2.09333 -0.0142944 0
0 2293 phononL 0.004 0.664735 -0.319748 -0.012622 0
0 2294 phononL 0.004 1.91344 -0.723073 -0.0342821 0
0 2295 phononL 0.004 0.265058 0.333032 0.0222345 0
0 2296 phononL 0.004 1.40779 -2.12178 -0.0317706 0
0 2297 phononL 0.004 -1.45688 0.77079 -0.0229785 0
0 2298 phononL 0.004 1.68233 1.21466 -0.0218323 0
0 2299 phononL 0.004 0.0305344 -0.767164 -0.0258114 0
0 2300 phononL 0.004 1.98039 -1.87021 -0.0270946 0
0 2301 phononL 0.004 2.11727 1.32121 0.010772 0
0 2302 phononL 0.004 1.56132 -0.555184 -0.0396034 0
0 2303 phononL 0.004 -0.532176 0.958578 -0.0149818 0
0 2304 phononL 0.004 2.10463 -2.18796 0.0187856 0
0 2305 phononL 0.004 -2.01019 -0.357651 -0.00246784 0
0 2306 phononL 0.004 0.686031 -0.068955 -0.0278641 0
0 2307 phononL 0.004 1.84418 1.70359 -0.0240462 0
0 2308 phononL 0.004 0.998637 -2.07964 0.013343 0
0 2309 phononL 0.004 -1.48993 0.687431 0.0213208 0
0 2310 phononL 0.004 -1.17415 -0.718551 0.00166274 0
0 2311 phononL 0.004 0.49835 -0.233157 0.00650169 0
0 2312 phononL 0.004 -1.89177 2.20272 -0.00264564 0
0 2313 phononL 0.004 1.23678 -0.67181 0.0226776 0
0 2314 phononL 0.004 -2.20974 2.08812 -0.00732437 0
0 2315 phononL 0.004 -0.594156 -1.96899 -0.0278054 0
0 2316 phononL 0.004 1.03213 0.500393 -0.0326228 0
0 2317 phononL 0.004 -1.66178 -0.93604 -0.00464484 0
0 2318 phononL 0.004 -0.585782 -1.42459 -0.00381474 0
0 2319 phononL 0.004 1.29423 1.25159 -0.0166873 0
0 2320 phononL 0.004 -1.08519 -0.899551 0.0130032 0
0 2321 phononL 0.004 -1.48021 1.84088 -0.0379111 0
0 2322 phononL 0.004 -0.842554 0.494393 0.0307236 0
0 2323 phononL 0.004 -0.62597 0.252 -0.0282336 0
0 2324 phononL 0.004 -1.5506 1.35022 0.0185751 0
0 2325 phononL 0.004 0.765837 -2.00381 -0.0397911 0
0 2326 phononL 0.004 -0.817603 2.12978 -0.00273419 0
0 2327 phononL 0.004 0.593745 -0.574908 -0.0248722 0
0 2328 phononL 0.004 0.101191 1.20457 0.0135796 0
0 2329 phononL 0.004 -0.390453 -1.58866 0.0389947 0
0 2330 phononL 0.004 -0.224073 -1.95723 0.036902 0
0 2331 phononL 0.004 -1.06104 1.69906 0.0229169 0
0 2332 phononL 0.004 -0.234923 -0.969155 0.00519878 0
0 2333 phononL 0.004 2.10258 -2.19939 -0.024599 0
0 2334 phononL 0.004 0.613484 -0.272029 -0.0336754 0
0 2335 phononL 0.004 -1.5698 0.0130666 0.00756822 0
0 2336 phononL 0.004 -0.081987 -2.01779 -0.0222707 0
0 2337 phononL 0.004 -1.58363 -2.09523 -0.00223715 0
0 2338 phononL 0.004 1.24052 -1.58187 0.0135154 0
0 2339 phononL 0.004 -0.440351 -1.87584 -0.00741334 0
0 2340 phononL 0.004 2.08036 -0.451135 0.0303285 0
0 2341 phononL 0.004 -1.22029 -1.12863 0.0172444 0
0 2342 phononL 0.004 -0.21241 0.824095 0.0365529 0
0 2343 phononL 0.004 1.79384 1.52521 -0.0293373 0
0 2344 phononL 0.004 0.397804 0.779477 0.0216034 0
0 2345 phononL 0.004 1.79721 1.47102 0.0114192 0
0 2346 phononL 0.004 1.24539 0.83957 -0.0284785 0
0 2347 phononL 0.004 2.16045 1.29339 -0.0105185 0
0 2348 phononL 0.004 0.136686 1.29854 0.00939623 0
0 2349 phononL 0.004 0.284229 -0.136448 -0.0246771 0
0 2350 phononL 0.004 1.31018 1.57687 0.00816549 0
0 2351 phononL 0.004 -1.99709 1.67434 0.021265 0
0 2352 phononL 0.004 -0.37933 1.34847 0.033698 0
0 2353 phononL 0.004 0.614297 -2.08065 -0.0139752 0
0 2354 phononL 0.004 -0.256643 -0.195327 0.00382386 0
0 2355 phononL 0.004 0.398008 -0.131403 0.0307179 0
0 2356 phononL 0.004 -1.34817 0.833493 -0.00226863 0
0 2357 phononL 0.004 -2.08677 -0.694475 -0.0293958 0
0 2358 phononL 0.004 1.90042 0.590717 0.0138389 0
0 2359 phononL 0.004 0.668008 2.12201 0.022871 0
0 2360 phononL 0.004 1.3302 0.654581 -0.0373625 0
0 2361 phononL 0.004 -0.514837 1.24181 0.00589889 0
0 2362 phononL 0.004 -1.29154 -1.93687 0.00300592 0
0 2363 phononL 0.004 -0.579002 0.262618 0.0238607 0
0 2364 phononL 0.004 0.0747555 -1.7271 0.0156841 0
0 2365 phononL 0.004 -0.111777 -0.193813 0.0159796 0
0 2366 phononL 0.004 1.19007 1.24036 -0.00540248 0
0 2367 phononL 0.004 0.838167 1.31865 0.0376157 0
0 2368 phononL 0.004 1.16504 1.65308 -0.0252892 0
0 2369 phononL 0.004 -0.603587 1.82214 -0.000528313 0
0 2370 phononL 0.004 0.792695 -1.25382 0.0395085 0
0 2371 phononL 0.004 0.309446 -1.05563 -0.000531439 0
0 2372 phononL 0.004 0.16493 -1.49961 0.0101577 0
0 2373 phononL 0.004 -2.07605 -2.22703 0.0151726 0
0 2374 phononL 0.004 1.11616 -0.275616 -0.0256807 0
0 2375 phononL 0.004 -1.21097 0.217696 -0.00654834 0
0 2376 phononL 0.004 -1.262 1.97481 0.0225359 0
0 2377 phononL 0.004 -0.567892 -1.72957 -0.0277172 0
0 2378 phononL 0.004 1.83464 2.00396 -0.0341367 0
0 2379 phononL 0.004 -1.71152 0.0352297 -0.00358875 0
0 2380 phononL 0.004 1.59217 2.16775 -0.0270794 0
0 2381 phononL 0.004 -1.7243 2.2215 0.0265734 0
0 2382 phononL 0.004 1.65008 0.345901 -0.0078717 0
0 2383 phononL 0.004 1.5321 -1.10522 0.00432943 0
0 2384 phononL 0.004 1.82615 -2.17647 0.0384849 0
0 2385 phononL 0.004 -1.87902 -1.90084 -0.0310147 0
0 2386 phononL 0.004 2.0347 1.42792 -0.0092501 0
0 2387 phononL 0.004 1.87055 1.87598 -0.00108083 0
0 2388 phononL 0.004 1.06956 -0.959236 5.10571e-05 0
0 2389 phononL 0.004 -1.57085 -0.929319 0.0237415 0
0 2390 phononL 0.004 0.421266 0.567601 -0.036421 0
0 2391 phononL 0.004 0.0686392 -0.35018 -0.00276505 0
0 2392 phononL 0.004 0.972443 -0.658855 -0.0233904 0
0 2393 phononL 0.004 -1.02535 -0.961751 0.00959568 0
0 2394 phononL 0.004 0.106015 1.30202 0.0349685 0
0 2395 phononL 0.004 -0.254053 -1.43507 -0.00887625 0
0 2396 phononL 0.004 -1.07083 1.55745 0.0290179 0
0 2397 phononL 0.004 -0.290812 1.63691 0.00551689 0
0 2398 phononL 0.004 -1.93507 1.83279 -0.0262707 0
0 2399 phononL 0.004 -0.433866 -1.53313 0.00595457 0
0 2400 phononL 0.004 -0.9312 -1.5092 -0.0374454 0
0 2401 phononL 0.004 0.940851 0.607295 0.0144334 0
0 2402 phononL 0.004 -0.329921 -0.384493 0.0119611 0
0 2403 phononL 0.004 -1.12686 0.574657 -0.0267702 0
0 2404 phononL 0.004 0.0232397 0.164142 -0.0119557 0
0 2405 phononL 0.004 -0.0885212 -0.176117 -0.0360969 0
0 2406 phononL 0.004 -1.25183 1.34651 0.0380694 0
0 2407 phononL 0.004 2.09939 -0.683582 -0.0367914 0
0 2408 phononL 0.004 -1.2533 -1.73149 0.0221469 0
0 2409 phononL 0.004 0.0873603 -1.97633 0.0151931 0
0 2410 phononL 0.004 1.37923 1.11858 0.00664002 0
0 2411 phononL 0.004 0.227828 1.75212 0.00513221 0
0 2412 phononL 0.004 1.71366 -0.976835 -0.0247697 0
0 2413 phononL 0.004 -0.601423 -2.16574 0.00760857 0
0 2414 phononL 0.004 2.16147 -0.355638 -0.0109446 0
0 2415 phononL 0.004 -1.4682 2.11828 -0.0166054 0
0 2416 phononL 0.004 -0.63802 -0.263125 -0.00389691 0
0 2417 phononL 0.004 -0.0320381 -0.039046 -0.0264582 0
0 2418 phononL 0.004 -0.830955 1.39952 -0.00945956 0
0 2419 phononL 0.004 1.74496 -1.73045 0.00463367 0
0 2420 phononL 0.004 0.187591 -1.86197 0.0380353 0
0 2421 phononL 0.004 -1.44609 -0.73042 -0.000121463 0
0 2422 phononL 0.004 -0.906922 -1.24255 -0.0275339 0
0 2423 phononL 0.004 -1.32989 -1.61385 -0.0116386 0
0 2424 phononL 0.004 1.65477 0.215388 0.00220338 0
0 2425 phononL 0.004 0.0741417 -1.14629 0.0324006 0
0 2426 phononL 0.004 -0.828512 0.553979 -0.0222359 0
0 2427 phononL 0.004 2.21567 1.20831 0.0329545 0
0 2428 phononL 0.004 -0.987698 0.988427 -0.0228437 0
0 2429 phononL 0.004 2.14967 1.95457 0.00496587 0
0 2430 phononL 0.004 0.168966 -1.98816 -0.0266847 0
0 2431 phononL 0.004 -1.94425 -1.30242 -0.000465107 0
0 2432 phononL 0.004 -0.316508 -0.738392 0.0228743 0
0 2433 phononL 0.004 -1.46896 1.94188 -0.0253164 0
0 2434 phononL 0.004 0.739479 1.39713 -0.0215934 0
0 2435 phononL 0.004 2.1127 0.592364 -0.000324793 0
0 2436 phononL 0.004 -1.16284 0.868093 0.00146307 0
0 2437 phononL 0.004 1.57034 1.19079 0.0218444 0
0 2438 phononL 0.004 -0.468732 1.05204 0.00238535 0
0 2439 phononL 0.004 0.981678 -1.79463 -0.00668956 0
0 2440 phononL 0.004 -1.37765 -0.279771 -0.0160827 0
0 2441 phononL 0.004 0.682429 -2.16237 -0.0126841 0
0 2442 phononL 0.004 -0.350838 -1.56049 0.0166022 0
0 2443 phononL 0.004 1.35024 1.29144 0.0243199 0
0 2444 phononL 0.004 -1.83953 -1.66766 -0.0144811 0
0 2445 phononL 0.004 0.322772 -0.93714 -0.0268172 0
0 2446 phononL 0.004 0.281281 -0.307719 0.00662916 0
0 2447 phononL 0.004 0.64533 -1.53512 0.00411587 0
0 2448 phononL 0.004 -2.23486 -1.65731 -0.0160942 0
0 2449 phononL 0.004 1.89303 -2.19729 0.0231332 0
0 2450 phononL 0.004 0.509963 -0.800196 0.0182616 0
0 2451 phononL 0.004 2.03781 0.485844 -0.0322419 0
0 2452 phononL 0.004 -1.72062 1.62554 -0.00569442 0
0 2453 phononL 0.004 -0.0145669 0.920629 -0.00899682 0
0 2454 phononL 0.004 -1.44065 -0.705737 -0.0164875 0
0 2455 phononL 0.004 -1.435 1.44193 -0.023036 0
0 2456 phononL 0.004 1.84657 -1.99795 0.011665 0
0 2457 phononL 0.004 1.09569 -1.47575 0.0305236 0
0 2458 phononL 0.004 -1.98832 0.847214 0.0095222 0
0 2459 phononL 0.004 -1.50179 1.35652 0.00947551 0
0 2460 phononL 0.004 1.86108 -1.16381 -0.0300661 0
0 2461 phononL 0.004 1.24585 1.1125 0.0175628 0
0 2462 phononL 0.004 0.710142 0.780693 0.0318106 0
0 2463 phononL 0.004 1.94588 0.48764 -0.0175244 0
0 2464 phononL 0.004 0.605255 0.854784 0.0372137 0
0 2465 phononL 0.004 0.74919 2.136 -0.0099354 0
0 2466 phononL 0.004 -1.62857 -0.107725 -0.0342039 0
0 2467 phononL 0.004 1.12112 -1.30138 -0.0355204 0
0 2468 phononL 0.004 2.05437 -1.20193 -0.0252328 0
0 2469 phononL 0.004 2.01927 0.271211 0.00221852 0
0 2470 phononL 0.004 -1.4115 1.76584 0.0218588 0
0 2471 phononL 0.004 0.865506 2.0388 -0.0139555 0
0 2472 phononL 0.004 2.1928 1.1642 -0.0162674 0
0 2473 phononL 0.004 -0.181351 -0.277598 0.0103839 0
0 2474 phononL 0.004 1.23557 1.70196 0.00874114 0
0 2475 phononL 0.004 1.61696 -2.00022 0.0342428 0
0 2476 phononL 0.004 -0.0838734 1.09865 -0.00312591 0
0 2477 phononL 0.004 -0.354317 0.998006 0.0265837 0
0 2478 phononL 0.004 0.554461 1.17957 -0.0104665 0
0 2479 phononL 0.004 1.4155 1.13814 0.00278392 0
0 2480 phononL 0.004 1.09217 -0.375605 0.0302001 0
0 2481 phononL 0.004 -0.977347 -1.66302 -0.0309523 0
0 2482 phononL 0.004 -1.0792 1.15276 -0.0245641 0
0 2483 phononL 0.004 0.783607 2.05111 0.0140516 0
0 2484 phononL 0.004 2.09188 -0.368761 -0.0382829 0
0 2485 phononL 0.004 0.711206 -1.62138 -0.0303723 0
0 2486 phononL 0.004 -1.85638 -1.93156 -0.0371894 0
0 2487 phononL 0.004 -1.75536 -0.153647 0.0293546 0
0 2488 phononL 0.004 -1.76993 0.886537 0.0094128 0
0 2489 phononL 0.004 0.735129 -0.443374 -0.0220376 0
0 2490 phononL 0.004 1.07089 0.578513 0.0399035 0
0 2491 phononL 0.004 1.60326 1.75306 0.0152214 0
0 2492 phononL 0.004 0.743502 -0.885208 -0.0378928 0
0 2493 phononL 0.004 -0.0248962 -1.72571 -0.0311787 0
0 2494 phononL 0.004 0.612788 -1.65735 0.00391521 0
0 2495 phononL 0.004 -0.927943 -1.13153 0.01925 0
0 2496 phononL 0.004 1.93669 -0.519801 -0.0163198 0
0 2497 phononL 0.004 -0.075005 -0.358366 -0.0326718 0
0 2498 phononL 0.004 0.888742 -2.15094 -0.0350235 0
0 2499 phononL 0.004 0.812107 0.49574 0.00626161 0
0 2500 phononL 0.004 -0.767582 1.14142 -0.000468429 0
0 2501 phononL 0.004 0.650561 1.03212 0.0293855 0
0 2502 phononL 0.004 2.02949 -1.0979 0.00369531 0
0 2503 phononL 0.004 -0.870098 -0.643963 0.00761947 0
0 2504 phononL 0.004 -0.568837 -0.178669 -0.0154561 0
0 2505 phononL 0.004 -0.937052 0.918161 -0.0229872 0
0 2506 phononL 0.004 1.52193 0.658905 0.0351853 0
0 2507 phononL 0.004 1.44268 0.887955 0.0325526 0
0 2508 phononL 0.004 0.424738 1.93707 -0.00462619 0
0 2509 phononL 0.004 -0.163115 0.442373 0.0370849 0
0 2510 phononL 0.004 -1.89017 1.65382 -0.0236702 0
0 2511 phononL 0.004 -1.84005 2.22862 -0.0174994 0
0 2512 phononL 0.004 0.9633 -0.0458243 -0.0315856 0
0 2513 phononL 0.004 2.15758 2.10435 -0.0290284 0
0 2514 phononL 0.004 0.490708 1.39399 -0.0102783 0
0 2515 phononL 0.004 -1.92065 0.467006 0.0325579 0
0 2516 phononL 0.004 2.14913 0.57859 0.0254507 0
0 2517 phononL 0.004 0.121808 -1.55713 -0.00172223 0
0 2518 phononL 0.004 0.898448 -0.801593 -0.0314859 0
0 2519 phononL 0.004 -0.977492 -1.71605 -0.027754 0
0 2520 phononL 0.004 2.11589 -1.61423 -0.0294338 0
0 2521 phononL 0.004 0.466419 -0.0344346 0.00823512 0
0 2522 phononL 0.004 -1.30864 -2.16693 0.0188711 0
0 2523 phononL 0.004 -1.53893 1.29314 0.00354371 0
0 2524 phononL 0.004 1.30346 0.0196074 -0.00453265 0
0 2525 phononL 0.004 -0.0406261 2.18152 -0.029658 0
0 2526 phononL 0.004 2.02267 -1.45544 0.00196942 0
0 2527 phononL 0.004 0.794657 -0.696921 -0.0331937 0
0 2528 phononL 0.004 -2.08828 -1.02243 -0.0239858 0
0 2529 phononL 0.004 -1.68159 -1.15759 0.0115411 0
0 2530 phononL 0.004 -0.718545 -0.0503886 0.00870904 0
0 2531 phononL 0.004 0.608614 -2.1035 0.0377467 0
0 2532 phononL 0.004 0.534404 2.09541 0.0178789 0
0 2533 phononL 0.004 -0.391178 1.26686 -0.00441177 0
0 2534 phononL 0.004 1.1534 -0.915866 0.0320315 0
0 2535 phononL 0.004 -2.00223 -2.15422 0.00797705 0
0 2536 phononL 0.004 -2.21834 0.974269 0.0267529 0
0 2537 phononL 0.004 1.47393 1.6164 -0.00912694 0
0 2538 phononL 0.004 -0.319055 0.657142 0.0334863 0
0 2539 phononL 0.004 0.60744 0.375802 0.028259 0
0 2540 phononL 0.004 2.05717 2.22339 0.0273466 0
0 2541 phononL 0.004 -1.73172 0.48421 0.0293861 0
0 2542 phononL 0.004 1.39158 1.96829 0.0394426 0
0 2543 phononL 0.004 1.3558 -1.667 0.00294995 0
0 2544 phononL 0.004 -0.103364 1.9484 -0.0290339 0
0 2545 phononL 0.004 1.94579 -0.938855 0.0269044 0
0 2546 phononL 0.004 -1.32516 -2.06122 0.00429609 0
0 2547 phononL 0.004 -1.70306 0.152718 0.0305025 0
0 2548 phononL 0.004 -1.27032 -0.18125 0.0319919 0
0 2549 phononL 0.004 0.120572 0.118665 -0.0393654 0
0 2550 phononL 0.004 -1.86112 0.377416 0.0346358 0
0 2551 phononL 0.004 -1.13339 1.37581 0.0022861 0
0 2552 phononL 0.004 -1.96928 -1.22801 0.00211543 0
0 2553 phononL 0.004 -0.906568 0.00215917 -0.023248 0
0 2554 phononL 0.004 1.56064 2.12881 0.0330259 0
0 2555 phononL 0.004 -0.0382228 1.88689 -0.000389735 0
0 2556 phononL 0.004 0.409371 -0.430516 0.0308472 0
0 2557 phononL 0.004 -0.842131 -0.648599 -0.0115811 0
0 2558 phononL 0.004 0.000835419 1.32439 0.0308155 0
0 2559 phononL 0.004 1.95557 0.152922 0.00351116 0
0 2560 phononL 0.004 -2.12196 -2.03375 0.000126635 0
0 2561 phononL 0.004 1.87592 -1.61394 0.0284253 0
0 2562 phononL 0.004 0.329912 -0.776451 -0.00632549 0
0 2563 phononL 0.004 1.8848 1.16973 0.00421259 0
0 2564 phononL 0.004 -1.07512 0.794549 0.0296162 0
0 2565 phononL 0.004 0.0149485 0.84102 0.0121502 0
0 2566 phononL 0.004 -0.141475 -0.338349 0.0211017 0
0 2567 phononL 0.004 1.1724 -1.05995 0.0214859 0
0 2568 phononL 0.004 -0.663093 1.70221 0.0203522 0
0 2569 phononL 0.004 -2.15718 -1.26854 -0.0223155 0
0 2570 phononL 0.004 -1.98044 -0.160746 -0.00735618 0
0 2571 phononL 0.004 1.81887 -0.260464 -0.0189857 0
0 2572 phononL 0.004 -1.36402 -1.70766 -0.0238183 0
0 2573 phononL 0.004 -1.00871 -0.552127 -0.00770763 0
0 2574 phononL 0.004 -1.55611 -1.33549 -0.0232268 0
0 2575 phononL 0.004 1.13241 1.31794 0.0222439 0
0 2576 phononL 0.004 1.69125 1.78186 -0.0272442 0
0 2577 phononL 0.004 1.96855 0.400938 0.031036 0
0 2578 phononL 0.004 0.0416802 -1.34258 -0.0287451 0
0 2579 phononL 0.004 -0.960494 2.04937 0.00834158 0
0 2580 phononL 0.004 -0.380935 -1.61492 -0.0371871 0
0 2581 phononL 0.004 0.259802 1.0581 0.00265539 0
0 2582 phononL 0.004 1.54071 -2.21207 -0.016132 0
0 2583 phononL 0.004 0.716869 1.67972 -0.0146638 0
0 2584 phononL 0.004 -0.07284 -2.21236 -0.00625881 0
0 2585 phononL 0.004 1.28993 1.02903 0.0254984 0
0 2586 phononL 0.004 2.17982 -2.07706 0.00848586 0
0 2587 phononL 0.004 -0.198319 -1.10278 0.0159218 0
0 2588 phononL 0.004 -0.447211 -0.191226 -0.0267805 0
0 2589 phononL 0.004 -0.715853 -1.3327 0.0120607 0
0 2590 phononL 0.004 0.37267 -1.10987 -0.020142 0
0 2591 phononL 0.004 1.20807 -0.319195 0.0047748 0
0 2592 phononL 0.004 1.12241 -0.261814 0.010198 0
0 2593 phononL 0.004 1.74073 -1.01279 -0.0292223 0
0 2594 phononL 0.004 -0.384071 -0.460018 -0.00266684 0
0 2595 phononL 0.004 0.406813 1.93357 -0.0178423 0
0 2596 phononL 0.004 1.93198 0.118546 0.00265807 0
0 2597 phononL 0.004 -0.459017 0.344354 0.00784863 0
0 2598 phononL 0.004 1.88485 1.92744 0.0383948 0
0 2599 phononL 0.004 -0.535118 1.04244 0.0362964 0
0 2600 phononL 0.004 1.10412 -1.41301 -0.0149478 0
0 2601 phononL 0.004 -2.0326 1.74978 -0.0128512 0
0 2602 phononL 0.004 0.0143221 1.48783 0.0295957 0
0 2603 phononL 0.004 -1.58506 0.188319 -0.0279784 0
0 2604 phononL 0.004 -1.56782 1.97226 0.0183775 0
0 2605 phononL 0.004 1.09416 -1.43487 -0.0358818 0
0 2606 phononL 0.004 2.04387 0.469239 0.0300588 0
0 2607 phononL 0.004 -1.96698 -1.8807 0.0181549 0
0 2608 phononL 0.004 -1.49188 -0.437218 -0.00618755 0
0 2609 phononL 0.004 1.34352 0.124325 0.0207016 0
0 2610 phononL 0.004 1.60563 -0.284735 -0.0324641 0
0 2611 phononL 0.004 0.575039 1.7543 0.01024 0
0 2612 phononL 0.004 1.4982 0.976794 0.00614908 0
0 2613 phononL 0.004 0.0527427 -1.4101 0.0226361 0
0 2614 phononL 0.004 0.123703 -0.967956 0.028249 0
0 2615 phononL 0.004 -2.19493 -0.132219 -0.0115175 0
0 2616 phononL 0.004 -2.20234 -2.12515 -0.00637548 0
0 2617 phononL 0.004 -0.642944 -0.401716 0.00547507 0
0 2618 phononL 0.004 -0.838286 0.610549 0.0266249 0
0 2619 phononL 0.004 0.785302 0.595517 0.0213102 0
0 2620 phononL 0.004 -1.42706 0.616237 0.000132 0
0 2621 phononL 0.004 -0.181107 -1.63541 0.00700678 0
0 2622 phononL 0.004 -0.159234 1.03791 0.0240818 0
0 2623 phononL 0.004 1.70264 0.52271 0.00746606 0
0 2624 phononL 0.004 0.724533 1.5796 0.0366185 0
0 2625 phononL 0.004 1.93191 -1.28796 -0.0143271 0
0 2626 phononL 0.004 0.604116 -1.71332 0.0201883 0
0 2627 phononL 0.004 -0.240411 1.21916 0.0134418 0
0 2628 phononL 0.004 0.33574 -1.84318 -0.00630094 0
0 2629 phononL 0.004 -0.386597 -0.245169 -0.000270187 0
0 2630 phononL 0.004 -0.707983 -0.913335 0.0130144 0
0 2631 phononL 0.004 -0.135678 0.0962258 0.0139225 0
0 2632 phononL 0.004 -1.96382 1.87194 0.00825578 0
0 2633 phononL 0.004 -1.12019 -1.7801 -0.0095035 0
0 2634 phononL 0.004 1.39051 1.79035 -0.038259 0
0 2635 phononL 0.004 -1.01269 1.53636 -0.036042 0
0 2636 phononL 0.004 0.243919 -1.4723 -0.0210117 0
0 2637 phononL 0.004 -1.19084 0.0644296 -0.00860663 0
0 2638 phononL 0.004 1.33591 -1.01572 -0.0120825 0
0 2639 phononL 0.004 1.74249 0.718693 0.0217314 0
0 2640 phononL 0.004 -0.701577 -1.60814 -0.0118235 0
0 2641 phononL 0.004 -0.414547 0.962037 0.0221477 0
0 2642 phononL 0.004 -1.04301 -0.0984704 -0.00290995 0
0 2643 phononL 0.004 2.17766 2.10733 0.0049094 0
0 2644 phononL 0.004 0.944056 -0.151684 -0.0298318 0
0 2645 phononL 0.004 1.10159 1.66782 0.0191331 0
0 2646 phononL 0.004 2.01686 1.99068 0.00584456 0
0 2647 phononL 0.004 2.02783 -0.772717 -0.0387179 0
0 2648 phononL 0.004 -1.04047 1.14904 0.0184172 0
0 2649 phononL 0.004 1.40749 0.794411 -0.0353124 0
0 2650 phononL 0.004 1.92242 -1.61617 0.0398648 0
0 2651 phononL 0.004 1.85417 1.87583 0.0199029 0
0 2652 phononL 0.004 2.22184 0.0604291 -0.0228672 0
0 2653 phononL 0.004 0.583495 -0.196153 -0.0282804 0
0 2654 phononL 0.004 -0.146066 -1.55248 -0.00704931 0
0 2655 phononL 0.004 1.06149 -0.364528 0.0163802 0
0 2656 phononL 0.004 -0.534571 -0.219916 -0.0287414 0
0 2657 phononL 0.004 0.478018 0.536472 0.0166129 0
0 2658 phononL 0.004 -1.39243 1.28312 0.0183972 0
0 2659 phononL 0.004 0.969827 -0.100231 0.000387331 0
0 2660 phononL 0.004 0.498433 -1.06496 -0.00346468 0
0 2661 phononL 0.004 -1.85468 0.0218777 0.037323 0
0 2662 phononL 0.004 -0.362394 2.13729 -0.0322146 0
0 2663 phononL 0.004 -0.243208 -1.11472 -0.013391 0
0 2664 phononL 0.004 0.0309741 -1.90042 0.0348364 0
0 2665 phononL 0.004 -0.433889 1.74721 -0.00299767 0
0 2666 phononL 0.004 -1.70282 -1.77902 0.0154051 0
0 2667 phononL 0.004 0.297945 -1.70178 -0.0091005 0
0 2668 phononL 0.004 1.81976 -1.1694 0.00895875 0
0 2669 phononL 0.004 -2.08728 -2.09901 0.00737618 0
0 2670 phononL 0.004 1.08027 -1.17718 0.00722376 0
0 2671 phononL 0.004 1.78186 -1.88699 0.0157904 0
0 2672 phononL 0.004 2.02832 1.66959 0.0385495 0
0 2673 phononL 0.004 1.39443 1.91238 0.00304066 0
0 2674 phononL 0.004 0.587969 -1.82225 -0.0234904 0
0 2675 phononL 0.004 2.00442 0.527218 0.00600452 0
0 2676 phononL 0.004 -0.507758 -0.505221 -0.0203282 0
0 2677 phononL 0.004 -2.03829 -0.71627 -0.0148708 0
0 2678 phononL 0.004 0.805555 1.87788 -0.0365799 0
0 2679 phononL 0.004 -1.19276 -1.11355 0.0164645 0
0 2680 phononL 0.004 -0.447896 -0.643406 -0.0291714 0
0 2681 phononL 0.004 -2.21282 -0.841665 0.0317081 0
0 2682 phononL 0.004 -0.537993 2.04639 0.0102714 0
0 2683 phononL 0.004 0.0622107 0.366408 -0.0389569 0
0 2684 phononL 0.004 1.01406 0.682003 0.0197426 0
0 2685 phononL 0.004 -1.09318 1.80302 0.0212098 0
0 2686 phononL 0.004 0.159265 -1.35438 -0.02701 0
0 2687 phononL 0.004 0.155662 0.766221 0.0201999 0
0 2688 phononL 0.004 0.726824 -1.44051 -0.0163319 0
0 2689 phononL 0.004 -2.23594 -1.09605 -0.00406612 0
0 2690 phononL 0.004 -1.28999 2.20735 0.0273921 0
0 2691 phononL 0.004 -1.77338 0.957084 0.034241 0
0 2692 phononL 0.004 0.396212 0.335496 -0.0303706 0
0 2693 phononL 0.004 1.89914 0.338985 -0.00913401 0
0 2694 phononL 0.004 1.12676 1.86125 0.0343919 0
0 2695 phononL 0.004 1.49918 1.87256 -0.00192084 0
0 2696 phononL 0.004 1.13507 1.28039 -0.00817142 0
0 2697 phononL 0.004 -0.79627 -1.22817 -0.000959033 0
0 2698 phononL 0.004 1.60814 -1.51809 0.0284106 0
0 2699 phononL 0.004 0.917763 0.560056 0.00451907 0
0 2700 phononL 0.004 -0.75867 -0.758903 -0.0209722 0
0 2701 phononL 0.004 0.412472 0.11224 0.0391949 0
0 2702 phononL 0.004 0.431084 1.25431 -0.00523389 0
0 2703 phononL 0.004 1.88847 -1.25232 -0.0207459 0
0 2704 phononL 0.004 1.816 -0.991369 0.0370757 0
0 2705 phononL 0.004 0.172567 1.42492 0.0183644 0
0 2706 phononL 0.004 0.248191 -1.0241 0.0322726 0
0 2707 phononL 0.004 0.603931 -0.263823 -0.0193422 0
0 2708 phononL 0.004 -1.03878 1.46945 0.00906279 0
0 2709 phononL 0.004 -1.08281 0.920622 -0.038132 0
0 2710 phononL 0.004 0.281422 1.32547 -0.00583446 0
0 2711 phononL 0.004 2.10791 1.72772 -0.0270266 0
0 2712 phononL 0.004 -1.90724 1.96411 -0.0203453 0
0 2713 phononL 0.004 1.01164 0.590896 0.0150778 0
0 2714 phononL 0.004 0.637399 -1.11406 -0.0346704 0
0 2715 phononL 0.004 -0.297653 -0.756831 -0.0355216 0
0 2716 phononL 0.004 -0.996864 1.49817 -0.0124603 0
0 2717 phononL 0.004 0.899041 0.53456 0.00219156 0
0 2718 phononL 0.004 -2.03475 -0.155677 0.00505678 0
0 2719 phononL 0.004 -1.69279 1.34181 0.0223464 0
0 2720 phononL 0.004 -2.19086 0.189755 -0.0349387 0
0 2721 phononL 0.004 0.437642 1.72945 0.022968 0
0 2722 phononL 0.004 0.936227 -1.95236 -0.0012889 0
0 2723 phononL 0.004 -1.29814 -0.44998 -0.03242 0
0 2724 phononL 0.004 0.825606 -1.52717 0.00557155 0
0 2725 phononL 0.004 -0.784579 0.564122 -0.0211662 0
0 2726 phononL 0.004 -1.74071 1.04666 0.0110016 0
0 2727 phononL 0.004 0.570999 1.83577 -0.0252054 0
0 2728 phononL 0.004 1.62284 1.11515 0.0336564 0
0 2729 phononL 0.004 -0.636803 1.3261 0.03601 0
0 2730 phononL 0.004 1.75903 0.0381763 -0.0310433 0
0 2731 phononL 0.004 0.622986 0.0161707 0.0242604 0
0 2732 phononL 0.004 -1.14103 0.537011 0.0371488 0
0 2733 phononL 0.004 -0.693283 2.16875 -0.00338899 0
0 2734 phononL 0.004 -1.01703 0.425281 -0.0153356 0
0 2735 phononL 0.004 -0.00456565 -1.60508 -0.0250842 0
0 2736 phononL 0.004 -1.24376 0.966442 0.00862369 0
0 2737 phononL 0.004 -1.42356 -0.355522 0.0375513 0
0 2738 phononL 0.004 -2.01706 1.80395 -0.0175225 0
0 2739 phononL 0.004 -0.887232 -1.36712 0.0195175 0
0 2740 phononL 0.004 2.1863 0.338399 0.000528885 0
0 2741 phononL 0.004 -2.22074 -1.47317 -0.0244968 0
0 2742 phononL 0.004 1.9318 0.0225374 0.0208019 0
0 2743 phononL 0.004 -0.00747688 -0.586278 0.0252287 0
0 2744 phononL 0.004 -2.03225 1.92773 -0.0287074 0
0 2745 phononL 0.004 -1.69845 0.0984282 0.0383387 0
0 2746 phononL 0.004 1.34412 2.23141 0.00108733 0
0 2747 phononL 0.004 2.05702 -1.98055 0.012849 0
0 2748 phononL 0.004 0.641291 1.04383 0.0145784 0
0 2749 phononL 0.004 0.106204 0.654568 0.00518025 0
0 2750 phononL 0.004 0.671495 0.509981 -0.0254488 0
0 2751 phononL 0.004 -0.731327 -0.758949 0.0143443 0
0 2752 phononL 0.004 -2.23202 1.43178 0.0232429 0
0 2753 phononL 0.004 1.65907 0.154102 0.0370634 0
0 2754 phononL 0.004 -1.2884 -0.161332 -0.0113695 0
0 2755 phononL 0.004 0.563366 -0.0754823 -0.00582624 0
0 2756 phononL 0.004 1.28694 -1.32645 -0.00855236 0
0 2757 phononL 0.004 -1.67931 0.180092 -0.0172406 0
0 2758 phononL 0.004 2.0561 1.70136 0.0263013 0
0 2759 phononL 0.004 -2.17558 -0.582682 0.0300088 0
0 2760 phononL 0.004 1.89222 -0.0317066 -0.00353565 0
0 2761 phononL 0.004 -0.856098 -0.820556 0.0293478 0
0 2762 phononL 0.004 0.800387 -0.317694 -0.0202211 0
0 2763 phononL 0.004 -0.402314 -2.04337 -0.006118 0
0 2764 phononL 0.004 -0.64537 -1.31983 0.0325396 0
0 2765 phononL 0.004 -1.38027 -0.392835 -0.0328663 0
0 2766 phononL 0.004 -1.7112 -1.02113 -0.0275107 0
0 2767 phononL 0.004 -0.306143 2.21604 0.0245386 0
0 2768 phononL 0.004 -1.30839 -1.96144 -0.0383815 0
0 2769 phononL 0.004 -2.02092 -1.01522 -0.00938566 0
0 2770 phononL 0.004 0.0520525 -0.514265 -0.0208814 0
0 2771 phononL 0.004 2.21405 -1.24976 0.0124601 0
0 2772 phononL 0.004 -1.66161 1.01149 0.0180143 0
0 2773 phononL 0.004 0.707131 -2.13492 -0.0363729 0
0 2774 phononL 0.004 -1.42578 -0.16778 -0.000792276 0
0 2775 phononL 0.004 1.68824 -1.90238 0.017807 0
0 2776 phononL 0.004 -0.822964 -0.459572 -0.0328171 0
0 2777 phononL 0.004 1.53854 1.58189 -0.0278735 0
0 2778 phononL 0.004 -0.725076 -1.93852 -0.00411763 0
0 2779 phononL 0.004 -1.03237 -1.2579 -0.00295262 0
0 2780 phononL 0.004 1.08611 1.11564 0.0219459 0
0 2781 phononL 0.004 -0.204401 0.192569 0.0340239 0
0 2782 phononL 0.004 0.599336 1.48216 0.0294617 0
0 2783 phononL 0.004 1.12804 -1.65779 0.0317301 0
0 2784 phononL 0.004 2.01636 -2.01167 0.016412 0
0 2785 phononL 0.004 -0.87754 1.38874 -0.00436477 0
0 2786 phononL 0.004 -1.46344 -1.21667 0.0218742 0
0 2787 phononL 0.004 -0.347288 -1.84619 -0.0127444 0
0 2788 phononL 0.004 -0.66865 0.148362 0.0384642 0
0 2789 phononL 0.004 -1.88226 -1.90275 -0.00902387 0
0 2790 phononL 0.004 -1.13132 0.911201 0.0150336 0
0 2791 phononL 0.004 1.43729 -2.12515 0.0108066 0
0 2792 phononL 0.004 -0.805003 1.97849 0.0270162 0
0 2793 phononL 0.004 0.895638 1.28342 0.0111097 0
0 2794 phononL 0.004 -1.56666 0.590155 0.0335711 0
0 2795 phononL 0.004 2.20518 -1.34769 -0.00831803 0
0 2796 phononL 0.004 -1.57752 1.31442 0.0158269 0
0 2797 phononL 0.004 -0.22089 -0.612839 0.038776 0
0 2798 phononL 0.004 -1.28674 2.03625 -0.0259715 0
0 2799 phononL 0.004 -1.11034 -0.87866 -0.00885996 0
0 2800 phononL 0.004 1.14373 2.17934 -0.0337444 0
0 2801 phononL 0.004 -0.654439 0.0197212 -0.0133921 0
0 2802 phononL 0.004 -0.76812 0.921139 0.00220353 0
0 2803 phononL 0.004 2.08158 -0.52007 -0.0315648 0
0 2804 phononL 0.004 1.52649 0.0266166 -0.0337219 0
0 2805 phononL 0.004 1.11274 1.18768 0.0265152 0
0 2806 phononL 0.004 1.98131 0.492389 -0.0164871 0
0 2807 phononL 0.004 -0.698115 -1.74448 0.00342084 0
0 2808 phononL 0.004 -1.66491 -2.13359 -0.0377768 0
0 2809 phononL 0.004 -2.18466 -0.947413 -0.0334472 0
0 2810 phononL 0.004 0.911691 1.41376 0.0348898 0
0 2811 phononL 0.004 1.06265 -1.55159 -0.0278428 0
0 2812 phononL 0.004 0.694142 -1.6605 -0.0342305 0
0 2813 phononL 0.004 2.06694 0.918728 0.00859238 0
0 2814 phononL 0.004 1.90564 0.746234 0.0190486 0
0 2815 phononL 0.004 0.740352 -1.95172 -0.029024 0
0 2816 phononL 0.004 0.947035 -0.639115 0.0270687 0
0 2817 phononL 0.004 2.03776 0.965842 -0.0241752 0
0 2818 phononL 0.004 -0.0320246 0.281712 -0.0311642 0
0 2819 phononL 0.004 1.88478 -1.05933 -0.0101262 0
0 2820 phononL 0.004 -1.38477 0.936518 0.0289311 0
0 2821 phononL 0.004 2.10795 -1.85151 0.00319414 0
0 2822 phononL 0.004 -0.72977 -1.92084 -0.0174362 0
0 2823 phononL 0.004 -0.00744694 0.194788 -0.00739669 0
0 2824 phononL 0.004 2.05075 -0.455484 0.000155663 0
0 2825 phononL 0.004 0.299145 0.201937 0.0110696 0
0 2826 phononL 0.004 -1.18405 1.96368 0.0366533 0
0 2827 phononL 0.004 0.253221 0.866629 0.019597 0
0 2828 phononL 0.004 1.05005 1.01293 0.0374093 0
0 2829 phononL 0.004 -1.19168 -0.582592 -0.00741851 0
0 2830 phononL 0.004 -1.17166 1.02185 0.0158853 0
0 2831 phononL 0.004 -0.480851 -0.301467 0.0221407 0
0 2832 phononL 0.004 -0.617881 -0.601862 -0.0360323 0
0 2833 phononL 0.004 0.464193 -1.08219 -0.0302257 0
0 2834 phononL 0.004 0.109932 2.04229 0.00294218 0
0 2835 phononL 0.004 0.529203 -0.38669 -0.0360501 0
0 2836 phononL 0.004 -1.61811 -1.3207 -0.0279624 0
0 2837 phononL 0.004 0.60464 -1.22811 -0.0297601 0
0 2838 phononL 0.004 -0.898366 1.14783 -0.0270852 0
0 2839 phononL 0.004 -1.5446 -0.609796 -0.0288403 0
0 2840 phononL 0.004 -1.52665 1.63556 0.0348077 0
0 2841 phononL 0.004 1.76354 -0.145342 0.00298961 0
0 2842 phononL 0.004 -1.05175 1.36069 -0.0340503 0
0 2843 phononL 0.004 1.06316 -1.44932 -0.0191084 0
0 2844 phononL 0.004 0.799753 0.629802 -0.0395474 0
0 2845 phononL 0.004 -1.90962 0.840824 -0.0218231 0
0 2846 phononL 0.004 0.218252 -1.46289 -0.0210898 0
0 2847 phononL 0.004 -0.160035 -0.402989 0.00794408 0
0 2848 phononL 0.004 -1.45049 -1.96648 -0.00168835 0
0 2849 phononL 0.004 -0.862085 -1.38103 0.0294749 0
0 2850 phononL 0.004 1.41133 0.392306 0.0260124 0
0 2851 phononL 0.004 -1.4687 0.176501 0.010291 0
0 2852 phononL 0.004 1.45855 -0.841045 0.00900826 0
0 2853 phononL 0.004 -0.138631 1.83836 0.0366 0
0 2854 phononL 0.004 -0.150435 -1.96018 -0.0230473 0
0 2855 phononL 0.004 -1.14535 -2.23142 -0.0155181 0
0 2856 phononL 0.004 1.86296 -1.38792 0.0324566 0
0 2857 phononL 0.004 0.659705 0.610822 -0.0137587 0
0 2858 phononL 0.004 1.26096 -0.830014 0.0354333 0
0 2859 phononL 0.004 0.619629 -0.886523 -0.0191859 0
0 2860 phononL 0.004 -2.13761 0.219915 0.0393665 0
0 2861 phononL 0.004 0.174251 -0.111263 -0.0304235 0
0 2862 phononL 0.004 1.46093 1.19517 0.0289486 0
0 2863 phononL 0.004 -0.584627 0.455076 0.0396116 0
0 2864 phononL 0.004 -0.757628 -0.790439 -0.00814372 0
0 2865 phononL 0.004 1.24535 0.785714 0.0166043 0
0 2866 phononL 0.004 -0.677464 -0.746771 -0.0106584 0
0 2867 phononL 0.004 0.0663228 2.07769 0.00449094 0
0 2868 phononL 0.004 0.567234 -0.738958 0.0325253 0
0 2869 phononL 0.004 2.10472 -0.0811416 0.0173521 0
0 2870 phononL 0.004 -1.60654 -1.1777 -0.028212 0
0 2871 phononL 0.004 0.633043 -0.605694 0.0386991 0
0 2872 phononL 0.004 0.311385 0.506626 0.0363996 0
0 2873 phononL 0.004 -1.8429 0.221299 -0.00149724 0
0 2874 phononL 0.004 -1.97914 -0.855423 -0.0255807 0
0 2875 phononL 0.004 1.73102 -0.531417 -0.0321434 0
0 2876 phononL 0.004 -1.93088 -1.73329 0.0362151 0
0 2877 phononL 0.004 -1.76433 1.85885 0.00418054 0
0 2878 phononL 0.004 -2.11818 -1.20465 0.0044371 0
0 2879 phononL 0.004 -2.12919 2.17089 0.0345351 0
0 2880 phononL 0.004 -1.41662 -0.32388 0.0207661 0
0 2881 phononL 0.004 2.02664 -1.25519 -0.0275733 0
0 2882 phononL 0.004 -1.56988 -1.7517 -0.0275767 0
0 2883 phononL 0.004 0.98397 -1.54763 -0.0010176 0
0 2884 phononL 0.004 -1.27769 -0.92056 -0.00276773 0
0 2885 phononL 0.004 1.77011 2.01541 -0.00179519 0
0 2886 phononL 0.004 1.50188 0.433279 0.0328177 0
0 2887 phononL 0.004 -0.214876 1.36029 -0.00621095 0
0 2888 phononL 0.004 -0.926687 1.93825 -0.0345713 0
0 2889 phononL 0.004 -1.16487 0.737137 -0.0117105 0
0 2890 phononL 0.004 -0.116345 -0.790475 0.037947 0
0 2891 phononL 0.004 0.240072 -0.480834 -0.0213761 0
0 2892 phononL 0.004 1.6372 -1.30522 0.0269454 0
0 2893 phononL 0.004 1.32593 0.00276396 0.00733121 0
0 2894 phononL 0.004 -0.380402 1.10409 -0.0120588 0
0 2895 phononL 0.004 -0.976171 0.960866 -0.00168994 0
0 2896 phononL 0.004 1.02277 -0.262956 -0.0186626 0
0 2897 phononL 0.004 0.822023 -1.5303 0.00814942 0
0 2898 phononL 0.004 0.911314 0.81669 -0.0185104 0
0 2899 phononL 0.004 -1.62158 0.249836 0.0260542 0
0 2900 phononL 0.004 -1.78118 1.38996 -0.00768473 0
0 2901 phononL 0.004 0.599814 -1.28165 0.00876547 0
0 2902 phononL 0.004 -1.0557 0.524306 -0.0141009 0
0 2903 phononL 0.004 -0.792127 -1.38754 -0.0272174 0
0 2904 phononL 0.004 2.04637 -0.788261 0.0154569 0
0 2905 phononL 0.004 1.61596 0.656017 -3.12201e-05 0
0 2906 phononL 0.004 -1.10912 -2.09517 0.00974798 0
0 2907 phononL 0.004 2.10705 0.0754421 -0.014362 0
0 2908 phononL 0.004 -0.938075 -0.487404 -0.013596 0
0 2909 phononL 0.004 -0.795213 0.610487 0.0124423 0
0 2910 phononL 0.004 -1.72125 0.509364 0.0141307 0
0 2911 phononL 0.004 2.05065 1.1672 -0.0203123 0
0 2912 phononL 0.004 -0.457639 -2.16821 -0.000345016 0
0 2913 phononL 0.004 0.957352 -0.655145 0.0336867 0
0 2914 phononL 0.004 -0.942627 -0.233838 -0.0302804 0
0 2915 phononL 0.004 -1.74409 0.256149 0.00780549 0
0 2916 phononL 0.004 -0.098522 0.615312 0.0186492 0
0 2917 phononL 0.004 0.256931 0.791953 0.00558211 0
0 2918 phononL 0.004 -1.83261 0.00202952 0.0127286 0
0 2919 phononL 0.004 0.510289 -1.37638 0.0340204 0
0 2920 phononL 0.004 -0.31215 0.270827 0.025959 0
0 2921 phononL 0.004 -1.08976 0.967917 -0.00784176 0
0 2922 phononL 0.004 -1.06379 0.584431 -0.0220797 0
0 2923 phononL 0.004 -2.04321 -1.81154 -0.015714 0
0 2924 phononL 0.004 -0.164763 1.38302 0.00622904 0
0 2925 phononL 0.004 1.90051 1.03117 -0.0347589 0
0 2926 phononL 0.004 0.757632 1.02621 0.0376981 0
0 2927 phononL 0.004 1.81406 0.304589 0.00956051 0
0 2928 phononL 0.004 -0.623992 0.708121 -0.0187095 0
0 2929 phononL 0.004 -0.440709 2.18493 -0.0374418 0
0 2930 phononL 0.004 -1.61117 -1.66817 -0.0164473 0
0 2931 phononL 0.004 -1.52714 0.442783 0.00035939 0
0 2932 phononL 0.004 -0.669749 1.31365 0.0295813 0
0 2933 phononL 0.004 -0.988815 -1.78373 -0.014876 0
0 2934 phononL 0.004 1.56552 1.37825 0.0182545 0
0 2935 phononL 0.004 -1.60951 1.62664 -0.0223402 0
0 2936 phononL 0.004 -0.467192 0.77451 -0.0064898 0
0 2937 phononL 0.004 1.86008 -0.860365 0.0350457 0
0 2938 phononL 0.004 1.25781 0.913019 -0.0156082 0
0 2939 phononL 0.004 -0.36446 -0.0244151 -0.0339445 0
0 2940 phononL 0.004 -1.15609 1.4572 0.0386216 0
0 2941 phononL 0.004 -0.174395 -1.51214 -0.00847923 0
0 2942 phononL 0.004 2.06958 1.19478 0.000594124 0
0 2943 phononL 0.004 1.90282 -0.36071 0.0356252 0
0 2944 phononL 0.004 -1.07391 0.0928446 -0.0189361 0
0 2945 phononL 0.004 0.576063 -1.20712 0.0279288 0
0 2946 phononL 0.004 0.799801 0.885921 -0.0353845 0
0 2947 phononL 0.004 -2.18621 0.00367892 -0.012814 0
0 2948 phononL 0.004 2.16629 1.10553 -0.0310929 0
0 2949 phononL 0.004 -1.64763 1.24949 -0.0248822 0
0 2950 phononL 0.004 0.892813 -0.273976 -0.035261 0
0 2951 phononL 0.004 1.07083 0.705214 0.00314984 0
0 2952 phononL 0.004 -1.65796 -1.54408 0.0130765 0
0 2953 phononL 0.004 -0.4842 1.82111 0.0318111 0
0 2954 phononL 0.004 2.10771 1.14987 -0.0192861 0
0 2955 phononL 0.004 -1.39786 -1.67104 0.0284982 0
0 2956 phononL 0.004 -1.90068 0.75983 -0.00520389 0
0 2957 phononL 0.004 -1.69841 0.988729 -0.0200455 0
0 2958 phononL 0.004 -0.0613311 0.313556 0.0275569 0
0 2959 phononL 0.004 0.343774 -1.70072 0.0107518 0
0 2960 phononL 0.004 0.604429 2.01526 -0.00285424 0
0 2961 phononL 0.004 2.09843 -0.451191 -0.0372671 0
0 2962 phononL 0.004 -1.05872 -0.29644 -0.0194656 0
0 2963 phononL 0.004 -0.205489 -1.8845 -0.0152036 0
0 2964 phononL 0.004 1.00178 0.930275 -0.037143 0
0 2965 phononL 0.004 -0.0613649 1.01691 0.0324298 0
0 2966 phononL 0.004 0.370675 0.565305 0.0197648 0
0 2967 phononL 0.004 1.18081 0.575369 0.0025295 0
0 2968 phononL 0.004 -1.2252 -2.03963 -0.0295953 0
0 2969 phononL 0.004 1.44027 0.952566 -0.00279717 0
0 2970 phononL 0.004 2.2283 1.39043 0.00915345 0
0 2971 phononL 0.004 -1.96024 2.07871 0.0350399 0
0 2972 phononL 0.004 1.11469 -0.116167 0.0116471 0
0 2973 phononL 0.004 -1.4058 1.29631 -0.010397 0
0 2974 phononL 0.004 -0.358299 1.18728 0.000453124 0
0 2975 phononL 0.004 -2.19114 -2.21245 0.0301032 0
0 2976 phononL 0.004 1.58015 0.164473 -0.0223061 0
0 2977 phononL 0.004 1.6239 2.0415 -0.0152251 0
0 2978 phononL 0.004 2.13092 -1.13109 -0.00259423 0
0 2979 phononL 0.004 1.67325 0.0616166 0.0297055 0
0 2980 phononL 0.004 -0.241313 1.04651 -0.00953765 0
0 2981 phononL 0.004 -0.135968 0.539034 0.0339965 0
0 2982 phononL 0.004 1.34184 2.03877 -0.012251 0
0 2983 phononL 0.004 -1.628 -1.62884 -0.0219066 0
0 2984 phononL 0.004 1.10732 -2.09727 -0.0108433 0
0 2985 phononL 0.004 -0.943585 0.177656 0.038065 0
0 2986 phononL 0.004 -1.59781 -0.15899 -0.0245118 0
0 2987 phononL 0.004 -1.98788 -0.0503362 0.000902198 0
0 2988 phononL 0.004 1.24663 -0.899301 -0.0384255 0
0 2989 phononL 0.004 0.6867 0.6291 3.36055e-05 0
0 2990 phononL 0.004 1.98889 -2.06854 0.0153477 0
0 2991 phononL 0.004 -2.09489 -0.0654086 0.0106839 0
0 2992 phononL 0.004 -0.945829 1.35825 -0.0336462 0
0 2993 phononL 0.004 -0.686454 0.191189 -0.00801199 0
0 2994 phononL 0.004 -0.282028 -0.268762 0.0260223 0
0 2995 phononL 0.004 0.395905 -1.22178 -0.0182113 0
0 2996 phononL 0.004 -1.05054 -2.05426 0.0383955 0
0 2997 phononL 0.004 1.53268 0.500312 0.0231788 0
0 2998 phononL 0.004 -1.27124 2.12391 0.037693 0
0 2999 phononL 0.004 -1.79792 -1.44658 0.013693 0
0 3000 phononL 0.004 1.23707 1.59778 0.0323688 0
0 3001 phononL 0.004 1.26425 1.2829 -0.021966 0
0 3002 phononL 0.004 -0.136159 1.52814 0.0220812 0
0 3003 phononL 0.004 1.60932 1.0139 -0.0111663 0
0 3004 phononL 0.004 1.63589 1.99211 -0.0199433 0
0 3005 phononL 0.004 0.884935 -2.16348 0.00492578 0
0 3006 phononL 0.004 0.792521 2.00628 -0.00605418 0
0 3007 phononL 0.004 2.07065 -1.08518 0.01724 0
0 3008 phononL 0.004 1.16205 -2.07921 0.0113099 0
0 3009 phononL 0.004 0.687809 1.04644 -0.00980819 0
0 3010 phononL 0.004 0.119 0.83181 -0.0258469 0
0 3011 phononL 0.004 1.54746 0.931608 -0.0378336 0
0 3012 phononL 0.004 0.861248 -0.817788 0.0333242 0
0 3013 phononL 0.004 -1.18932 1.89923 -0.0137533 0
0 3014 phononL 0.004 1.64907 2.17849 0.0259234 0
0 3015 phononL 0.004 -0.252243 -1.16575 -0.00140343 0
0 3016 phononL 0.004 -0.221126 -1.25325 0.0262896 0
0 3017 phononL 0.004 1.39265 -1.63201 -0.0373136 0
0 3018 phononL 0.004 -0.628772 0.471785 0.0138241 0
0 3019 phononL 0.004 -1.28595 1.56427 -0.0142579 0
0 3020 phononL 0.004 1.64078 1.16322 -0.0176798 0
0 3021 phononL 0.004 1.87636 1.52835 -0.017331 0
0 3022 phononL 0.004 1.44298 -1.29572 0.00695452 0
0 3023 phononL 0.004 -1.82601 -0.855228 -0.0346991 0
0 3024 phononL 0.004 -0.885546 -1.01585 -0.003446 0
0 3025 phononL 0.004 1.63618 -2.0776 -0.0383645 0
0 3026 phononL 0.004 0.443491 -0.581618 0.0157231 0
0 3027 phononL 0.004 -2.0308 -1.04822 -0.000281816 0
0 3028 phononL 0.004 -0.293481 -0.175367 -0.0221636 0
0 3029 phononL 0.004 -1.2023 -1.07251 -0.0392404 0
0 3030 phononL 0.004 1.91276 -1.04252 0.0342027 0
0 3031 phononL 0.004 -1.80009 1.97965 0.0375923 0
0 3032 phononL 0.004 -1.1848 -1.33601 0.0253614 0
0 3033 phononL 0.004 -1.51946 -0.662712 -0.0314926 0
0 3034 phononL 0.004 0.800317 -0.385192 0.0292522 0
0 3035 phononL 0.004 0.474414 -1.54163 -0.00184518 0
0 3036 phononL 0.004 0.954205 2.00053 -0.0152294 0
0 3037 phononL 0.004 2.17171 1.86292 -0.0363785 0
0 3038 phononL 0.004 1.63812 0.8035 -0.0376329 0
0 3039 phononL 0.004 0.51622 -1.13892 0.013885 0
0 3040 phononL 0.004 2.06773 1.89234 -0.00788439 0
0 3041 phononL 0.004 -1.14704 1.33559 -0.0233348 0
0 3042 phononL 0.004 0.864084 0.330813 0.0194106 0
0 3043 phononL 0.004 -1.35161 -1.62295 0.0226286 0
0 3044 phononL 0.004 1.21131 -0.737505 0.0322317 0
0 3045 phononL 0.004 1.85982 -0.798916 0.0172586 0
0 3046 phononL 0.004 0.370693 -0.112036 0.0140665 0
0 3047 phononL 0.004 -1.46207 -0.103957 0.0397201 0
0 3048 phononL 0.004 1.37031 1.59865 0.0315354 0
0 3049 phononL 0.004 -0.0231527 -0.688278 -0.0369494 0
0 3050 phononL 0.004 0.138238 1.54265 0.0155655 0
0 3051 phononL 0.004 0.790721 -1.77674 -0.0328392 0
0 3052 phononL 0.004 -0.849903 -1.47083 0.0263996 0
0 3053 phononL 0.004 -1.64946 0.579482 -0.0367925 0
0 3054 phononL 0.004 -0.0726508 -0.833732 -0.000112656 0
0 3055 phononL 0.004 -1.60609 -1.02898 0.00182341 0
0 3056 phononL 0.004 0.453763 0.988655 0.0066067 0
0 3057 phononL 0.004 1.84491 -0.622752 0.0376693 0
0 3058 phononL 0.004 1.71053 0.592654 -0.0332719 0
0 3059 phononL 0.004 0.0649013 1.59247 0.0299805 0
0 3060 phononL 0.004 -0.425057 1.79428 0.0371922 0
0 3061 phononL 0.004 0.975405 0.500385 0.0115191 0
0 3062 phononL 0.004 -1.72244 -2.09997 -0.0124942 0
0 3063 phononL 0.004 -1.6831 0.455408 0.000866394 0
0 3064 phononL 0.004 0.974572 1.3051 -0.0378774 0
0 3065 phononL 0.004 -1.22834 1.67916 0.0232639 0
0 3066 phononL 0.004 -0.475017 -1.01158 -0.0226026 0
0 3067 phononL 0.004 0.860171 -1.94814 -0.0118689 0
0 3068 phononL 0.004 -1.3058 -1.54023 -0.0219794 0
0 3069 phononL 0.004 -1.10905 2.00639 0.0361372 0
0 3070 phononL 0.004 -0.737502 0.904145 0.0395942 0
0 3071 phononL 0.004 1.85058 -0.186927 -0.00578507 0
0 3072 phononL 0.004 0.744513 -2.17815 0.0290502 0
0 3073 phononL 0.004 -2.03193 -0.841703 -0.0373693 0
0 3074 phononL 0.004 2.15277 -1.51531 -0.0384373 0
0 3075 phononL 0.004 -0.761676 -0.366483 0.0247953 0
0 3076 phononL 0.004 1.88765 1.64425 -0.0273091 0
0 3077 phononL 0.004 -0.449473 0.336149 0.0330822 0
0 3078 phononL 0.004 -0.030224 -1.15334 0.00533137 0
0 3079 phononL 0.004 0.481161 -0.555893 -0.0161629 0
0 3080 phononL 0.004 0.840043 -1.57229 -0.0338086 0
0 3081 phononL 0.004 -1.51933 -0.0154413 0.0322437 0
0 3082 phononL 0.004 -1.91642 -1.05799 -0.0161821 0
0 3083 phononL 0.004 1.50598 -0.549087 -0.00746165 0
0 3084 phononL 0.004 -1.60563 -0.856194 -0.00938542 0
0 3085 phononL 0.004 1.60579 0.124321 0.00364977 0
0 3086 phononL 0.004 -0.819596 0.648624 -0.00607911 0
0 3087 phononL 0.004 2.1383 -2.14259 -0.0220453 0
0 3088 phononL 0.004 -1.06273 -2.14615 -0.0278773 0
0 3089 phononL 0.004 -1.40802 -0.930521 0.00429721 0
0 3090 phononL 0.004 -0.488878 0.110296 -0.0123235 0
0 3091 phononL 0.004 -1.66083 -1.83432 0.0380093 0
0 3092 phononL 0.004 0.859425 -0.758664 0.0238407 0
0 3093 phononL 0.004 1.62545 -0.848705 -0.0160786 0
0 3094 phononL 0.004 0.109263 -1.22241 0.00654961 0
0 3095 phononL 0.004 -0.589721 0.0879565 -0.0375853 0
0 3096 phononL 0.004 -0.142222 -2.21858 -0.000904538 0
0 3097 phononL 0.004 -0.275002 1.19484 0.0382138 0
0 3098 phononL 0.004 0.220958 0.202691 0.0169276 0
0 3099 phononL 0.004 -0.906913 -1.08804 0.0267548 0
0 3100 phononL 0.004 0.732395 -0.608366 0.00314644 0
0 3101 phononL 0.004 1.29116 -0.802017 -0.00354902 0
0 3102 phononL 0.004 -1.15652 1.82502 0.0174769 0
0 3103 phononL 0.004 1.81898 -0.166728 -0.0170225 0
0 3104 phononL 0.004 -0.67759 -0.301706 -0.0330859 0
0 3105 phononL 0.004 -1.98424 1.20208 -0.00250358 0
0 3106 phononL 0.004 2.11354 0.951618 -0.0075228 0
0 3107 phononL 0.004 -1.93869 1.95203 0.0245193 0
0 3108 phononL 0.004 -2.10076 -0.949217 0.0257037 0
0 3109 phononL 0.004 -0.680329 -0.980631 -0.0322794 0
0 3110 phononL 0.004 -0.111956 -0.789099 -0.0287483 0
0 3111 phononL 0.004 -0.541989 1.06662 0.0180005 0
0 3112 phononL 0.004 1.36707 -1.20328 -0.0333091 0
0 3113 phononL 0.004 -1.46033 -0.454458 -0.0233469 0
0 3114 phononL 0.004 2.06649 -0.0318572 -0.00645447 0
0 3115 phononL 0.004 -0.658498 0.857648 0.010477 0
0 3116 phononL 0.004 -0.989831 1.00878 0.0188904 0
0 3117 phononL 0.004 -1.9735 -0.912044 0.0086653 0
0 3118 phononL 0.004 0.377842 -1.3989 -0.0270212 0
0 3119 phononL 0.004 2.04956 -1.78035 -0.0168762 0
0 3120 phononL 0.004 1.70952 -0.40509 -0.00642793 0
0 3121 phononL 0.004 1.6247 0.828899 -0.0149986 0
0 3122 phononL 0.004 -1.00707 -1.71339 -0.0188873 0
0 3123 phononL 0.004 -2.09045 -1.36123 0.0217156 0
0 3124 phononL 0.004 -0.386294 1.75606 -0.0333558 0
0 3125 phononL 0.004 1.2527 0.845211 0.0242905 0
0 3126 phononL 0.004 -0.189982 1.11032 -0.0399011 0
0 3127 phononL 0.004 -0.343343 2.22543 -0.0209553 0
0 3128 phononL 0.004 0.12627 -1.34568 0.00554926 0
0 3129 phononL 0.004 -1.05168 1.23901 -0.0286837 0
0 3130 phononL 0.004 -1.30948 -1.93031 0.0111903 0
0 3131 phononL 0.004 -0.744428 0.312511 -0.0266301 0
0 3132 phononL 0.004 -1.20629 -1.55169 0.0153318 0
0 3133 phononL 0.004 -1.51075 -0.467969 -0.00658795 0
0 3134 phononL 0.004 0.166309 -0.670754 0.018685 0
0 3135 phononL 0.004 2.0936 -2.17401 -0.0108264 0
0 3136 phononL 0.004 0.952524 1.33143 0.0333534 0
0 3137 phononL 0.004 -0.525273 -0.261874 0.0329416 0
0 3138 phononL 0.004 -0.0673214 1.74913 -0.0232157 0
0 3139 phononL 0.004 -1.47263 -1.65526 0.00496601 0
0 3140 phononL 0.004 -1.7359 0.331946 0.0140759 0
0 3141 phononL 0.004 -0.78333 0.258381 0.014827 0
0 3142 phononL 0.004 0.0483362 1.96595 0.00346391 0
0 3143 phononL 0.004 -1.3296 -2.20907 -0.025776 0
0 3144 phononL 0.004 -1.57322 0.822378 -0.0244092 0
0 3145 phononL 0.004 0.480181 -0.382454 0.0220068 0
0 3146 phononL 0.004 2.09588 -0.0432929 -0.0175771 0
0 3147 phononL 0.004 1.57427 2.1032 -0.0279216 0
0 3148 phononL 0.004 2.16779 -2.12104 0.0305132 0
0 3149 phononL 0.004 -0.91405 1.5532 -0.0144892 0
0 3150 phononL 0.004 -0.898492 1.93302 0.036922 0
0 3151 phononL 0.004 -2.11082 0.245215 0.0243642 0
0 3152 phononL 0.004 1.22172 -1.97121 -0.020417 0
0 3153 phononL 0.004 0.241328 -1.21138 -0.0295842 0
0 3154 phononL 0.004 0.196774 -0.553775 -0.0291742 0
0 3155 phononL 0.004 0.927487 -0.18187 -0.0148455 0
0 3156 phononL 0.004 0.179406 -2.17255 0.00636319 0
0 3157 phononL 0.004 1.01438 0.725455 -0.0378746 0
0 3158 phononL 0.004 1.79647 1.74258 0.0396641 0
0 3159 phononL 0.004 -2.078 0.749687 -0.0101159 0
0 3160 phononL 0.004 2.116 -0.596056 -0.0179756 0
0 3161 phononL 0.004 0.13366 -0.1265 0.000608344 0
0 3162 phononL 0.004 1.46612 1.16706 0.0243068 0
0 3163 phononL 0.004 0.78722 -0.647753 -0.0276291 0
0 3164 phononL 0.004 1.44868 -2.06838 -0.031818 0
0 3165 phononL 0.004 2.03842 -2.16451 -0.0140808 0
0 3166 phononL 0.004 -0.429182 -1.57511 0.0170225 0
0 3167 phononL 0.004 1.71656 -1.41377 -0.0212476 0
0 3168 phononL 0.004 2.02195 0.431616 -0.0369815 0
0 3169 phononL 0.004 -1.02451 0.839142 0.0309177 0
0 3170 phononL 0.004 0.279156 0.0868687 -0.0206116 0
0 3171 phononL 0.004 0.488762 0.865879 0.0174471 0
0 3172 phononL 0.004 -1.48194 -1.34613 0.0367052 0
0 3173 phononL 0.004 1.59462 -1.90341 -0.00148398 0
0 3174 phononL 0.004 0.495901 -0.21238 -0.0312018 0
0 3175 phononL 0.004 0.381836 -0.916469 -0.0313805 0
0 3176 phononL 0.004 1.67861 -0.640307 -0.0314768 0
0 3177 phononL 0.004 -2.22185 -2.16486 -0.00925511 0
0 3178 phononL 0.004 -1.42558 -1.67646 -0.00296889 0
0 3179 phononL 0.004 -1.85931 -2.02848 0.0264702 0
0 3180 phononL 0.004 -1.76024 -2.06979 -0.00474063 0
0 3181 phononL 0.004 -0.0412341 -1.93052 -0.00990484 0
0 3182 phononL 0.004 0.295468 2.11663 -0.00265181 0
0 3183 phononL 0.004 2.01673 -1.47105 -0.0222475 0
0 3184 phononL 0.004 -1.60974 -0.953474 -0.0188012 0
0 3185 phononL 0.004 -1.90481 -2.03643 0.00823214 0
0 3186 phononL 0.004 -1.46226 -2.00931 -0.0104489 0
0 3187 phononL 0.004 0.981983 -1.54235 -0.0334297 0
0 3188 phononL 0.004 -1.2776 0.147512 -0.0340711 0
0 3189 phononL 0.004 -1.68962 0.362316 -0.0262086 0
0 3190 phononL 0.004 1.40787 -1.76477 -0.0204908 0
0 3191 phononL 0.004 2.01572 2.22808 0.00115172 0
0 3192 phononL 0.004 -1.24971 -0.823515 0.0229996 0
0 3193 phononL 0.004 0.0883688 -1.55894 0.000566768 0
0 3194 phononL 0.004 -1.33092 0.333089 0.0370829 0
0 3195 phononL 0.004 0.820008 -0.122876 -0.0147732 0
0 3196 phononL 0.004 -1.46127 1.93269 0.00519325 0
0 3197 phononL 0.004 2.01359 -0.481689 -0.0197171 0
0 3198 phononL 0.004 0.049979 2.21799 0.0318365 0
0 3199 phononL 0.004 -0.705933 -0.743484 0.00772868 0
0 3200 phononL 0.004 0.76487 2.23591 -0.0311978 0
0 3201 phononL 0.004 0.865547 0.599406 0.00732787 0
0 3202 phononL 0.004 -0.859044 1.13154 0.02779 0
0 3203 phononL 0.004 -2.22285 1.16241 0.00424488 0
0 3204 phononL 0.004 1.81526 -1.84579 0.016769 0
0 3205 phononL 0.004 -1.40411 1.88444 0.0314578 0
0 3206 phononL 0.004 1.46903 -0.641871 -0.0172657 0
0 3207 phononL 0.004 -1.10554 1.1279 -0.0155667 0
0 3208 phononL 0.004 -1.82345 -0.712363 0.0149168 0
0 3209 phononL 0.004 -0.226867 -0.808225 0.0305753 0
0 3210 phononL 0.004 2.21001 1.9243 0.0140263 0
0 3211 phononL 0.004 0.961373 -0.313268 -0.037935 0
0 3212 phononL 0.004 1.869 2.09629 0.00839054 0
0 3213 phononL 0.004 1.94705 0.930185 0.028815 0
0 3214 phononL 0.004 -0.903743 -1.87209 0.0374985 0
0 3215 phononL 0.004 -0.465722 0.059621 0.00786597 0
0 3216 phononL 0.004 1.06224 -1.6557 0.00284642 0
0 3217 phononL 0.004 0.837468 0.30832 0.00147441 0
0 3218 phononL 0.004 -1.94945 -1.83982 0.0359675 0
0 3219 phononL 0.004 0.300852 -0.49157 -0.034077 0
0 3220 phononL 0.004 1.52552 -0.758028 -0.0299704 0
0 3221 phononL 0.004 -1.05855 1.06248 0.0155841 0
0 3222 phononL 0.004 -1.06784 1.59876 0.00409799 0
0 3223 phononL 0.004 1.30505 -0.832814 0.00964993 0
0 3224 phononL 0.004 -0.113243 -0.150809 -0.00151925 0
0 3225 phononL 0.004 -2.01452 0.18923 0.0373841 0
0 3226 phononL 0.004 0.685884 0.0926683 -0.0211148 0
0 3227 phononL 0.004 1.36134 1.94787 0.0245128 0
0 3228 phononL 0.004 1.73442 0.691966 0.027193 0
0 3229 phononL 0.004 1.50673 -1.24739 0.0126562 0
0 3230 phononL 0.004 0.248536 0.509237 -0.0209353 0
0 3231 phononL 0.004 -1.44526 0.250284 0.030186 0
0 3232 phononL 0.004 0.968558 -0.0492178 0.018728 0
0 3233 phononL 0.004 -1.27102 -1.72305 0.00608362 0
0 3234 phononL 0.004 2.12542 -1.63675 0.00189106 0
0 3235 phononL 0.004 -1.23073 -1.63369 -0.00868562 0
0 3236 phononL 0.004 -1.24132 0.782365 0.00878679 0
0 3237 phononL 0.004 1.82609 -0.648898 -0.0196914 0
0 3238 phononL 0.004 -0.91845 1.8845 -0.0360111 0
0 3239 phononL 0.004 1.57614 2.1451 -0.0386367 0
0 3240 phononL 0.004 -0.162599 -0.819874 0.0184879 0
0 3241 phononL 0.004 1.81418 -0.79382 0.00691065 0
0 3242 phononL 0.004 1.37048 2.13439 0.038016 0
0 3243 phononL 0.004 1.49209 -1.777 -0.0350202 0
0 3244 phononL 0.004 -2.01521 0.778668 -0.00559898 0
0 3245 phononL 0.004 0.483877 0.990948 -0.0241822 0
0 3246 phononL 0.004 -0.0442044 1.06093 0.00466623 0
0 3247 phononL 0.004 0.149372 0.346338 0.0214955 0
0 3248 phononL 0.004 -0.0785247 -1.45655 -0.0337304 0
0 3249 phononL 0.004 0.985831 1.1655 0.00815707 0
0 3250 phononL 0.004 0.495392 1.58663 -0.0180175 0
0 3251 phononL 0.004 -0.649697 1.80852 -0.0370286 0
0 3252 phononL 0.004 1.61051 -0.314496 0.0106295 0
0 3253 phononL 0.004 -0.37453 1.23254 -0.0247412 0
0 3254 phononL 0.004 -1.08704 0.674976 0.013809 0
0 3255 phononL 0.004 -1.66706 -0.39452 0.0118459 0
0 3256 phononL 0.004 -0.640327 1.77649 -0.00820317 0
0 3257 phononL 0.004 -1.15241 -0.403564 0.00820835 0
0 3258 phononL 0.004 -1.49417 2.20922 0.0260048 0
0 3259 phononL 0.004 -1.63771 -1.08625 -0.00851288 0
0 3260 phononL 0.004 0.239947 -2.02456 -0.0156746 0
0 3261 phononL 0.004 0.794898 0.647712 -0.0259074 0
0 3262 phononL 0.004 1.39762 -0.303805 -0.00979522 0
0 3263 phononL 0.004 -1.3313 1.44713 0.0246642 0
0 3264 phononL 0.004 1.79497 -1.80042 -0.0218394 0
0 3265 phononL 0.004 -2.05259 -2.21492 0.0275109 0
0 3266 phononL 0.004 -0.1079 1.76658 0.0199829 0
0 3267 phononL 0.004 -1.80182 0.0838686 -0.0321336 0
0 3268 phononL 0.004 -0.757633 0.442528 0.00180993 0
0 3269 phononL 0.004 -1.39868 1.45641 -0.0175164 0
0 3270 phononL 0.004 -1.88961 -0.149197 0.0279977 0
0 3271 phononL 0.004 1.49144 -1.19375 -0.0366003 0
0 3272 phononL 0.004 0.169752 0.373849 0.0289179 0
0 3273 phononL 0.004 -0.238855 1.79846 0.0047815 0
0 3274 phononL 0.004 -1.05161 -0.971897 0.0213547 0
0 3275 phononL 0.004 2.01644 -1.87895 -0.00889601 0
0 3276 phononL 0.004 -1.57129 -1.19464 0.00784502 0
0 3277 phononL 0.004 -1.50961 0.652147 0.0196349 0
0 3278 phononL 0.004 0.344987 1.04355 -0.00659597 0
0 3279 phononL 0.004 -1.71958 2.12053 0.026849 0
0 3280 phononL 0.004 2.22292 0.696348 -0.0246752 0
0 3281 phononL 0.004 -1.77258 -1.53953 0.00425496 0
0 3282 phononL 0.004 0.535412 -1.74937 0.0325386 0
0 3283 phononL 0.004 -1.96071 1.66097 0.0373918 0
0 3284 phononL 0.004 1.87782 -1.79439 -0.0190445 0
0 3285 phononL 0.004 0.784673 -1.00986 0.00583725 0
0 3286 phononL 0.004 1.29401 -0.789507 0.0237261 0
0 3287 phononL 0.004 0.498228 1.9428 -0.00867735 0
0 3288 phononL 0.004 1.05606 0.865786 0.0306487 0
0 3289 phononL 0.004 0.245801 0.521114 0.0391047 0
0 3290 phononL 0.004 -1.77036 1.50908 0.0228841 0
0 3291 phononL 0.004 -0.880354 1.76784 0.0010621 0
0 3292 phononL 0.004 0.758056 -0.808188 0.0109131 0
0 3293 phononL 0.004 1.78014 -0.688908 0.0187131 0
0 3294 phononL 0.004 -1.25786 -0.342157 0.00676602 0
0 3295 phononL 0.004 0.578035 -0.980881 -0.0164064 0
0 3296 phononL 0.004 2.16792 -1.86383 0.0202804 0
0 3297 phononL 0.004 1.61423 0.185572 0.00549405 0
0 3298 phononL 0.004 -0.663134 1.55341 -0.0248125 0
0 3299 phononL 0.004 0.684278 -2.09376 -0.0204564 0
0 3300 phononL 0.004 1.93009 1.60326 -0.0230432 0
0 3301 phononL 0.004 1.45388 -1.30662 0.0132612 0
0 3302 phononL 0.004 1.20705 -1.76489 0.0197459 0
0 3303 phononL 0.004 0.529374 -1.83386 0.0269687 0
0 3304 phononL 0.004 -0.392743 -1.71036 0.0346429 0
0 3305 phononL 0.004 -2.15502 -0.73772 0.00386696 0
0 3306 phononL 0.004 -2.19948 -0.0303287 -0.0191053 0
0 3307 phononL 0.004 -1.9652 -1.99707 0.0334748 0
0 3308 phononL 0.004 -1.40273 0.930443 -0.0281436 0
0 3309 phononL 0.004 -0.485661 -1.7294 -0.00540297 0
0 3310 phononL 0.004 -0.968732 -0.203651 -0.00688248 0
0 3311 phononL 0.004 -0.633346 -1.98557 -0.0314321 0
0 3312 phononL 0.004 1.80152 1.86178 0.00640555 0
0 3313 phononL 0.004 1.26187 0.159021 0.0119974 0
0 3314 phononL 0.004 0.579217 0.544191 -0.00847778 0
0 3315 phononL 0.004 1.60491 0.406102 -0.0157918 0
0 3316 phononL 0.004 -0.489707 0.0177465 -0.0317242 0
0 3317 phononL 0.004 -0.487392 -1.5979 0.0297494 0
0 3318 phononL 0.004 1.20931 1.39762 0.0321954 0
0 3319 phononL 0.004 1.10607 -0.62034 -0.0302312 0
0 3320 phononL 0.004 -0.97919 -1.48665 0.0281613 0
0 3321 phononL 0.004 -1.99428 1.74764 0.00132555 0
0 3322 phononL 0.004 0.468296 1.76081 0.0175286 0
0 3323 phononL 0.004 -2.02124 -1.75383 -0.0211542 0
0 3324 phononL 0.004 -0.286676 0.430554 -0.0399612 0
0 3325 phononL 0.004 -0.259465 -1.95147 -0.0227913 0
0 3326 phononL 0.004 -1.19038 -0.358342 0.0396742 0
0 3327 phononL 0.004 0.787029 -0.547398 0.0393398 0
0 3328 phononL 0.004 0.911373 1.96362 0.0299977 0
0 3329 phononL 0.004 1.19439 1.5578 0.00183417 0
0 3330 phononL 0.004 0.14835 -0.38465 -0.00481524 0
0 3331 phononL 0.004 -2.03758 0.625023 -0.0270669 0
0 3332 phononL 0.004 -1.00605 1.59752 0.035432 0
0 3333 phononL 0.004 -0.539103 -0.313161 0.00281916 0
0 3334 phononL 0.004 -1.76406 -1.26413 0.0182931 0
0 3335 phononL 0.004 -0.924367 -0.892486 -0.0100706 0
0 3336 phononL 0.004 1.80693 2.14825 0.0111582 0
0 3337 phononL 0.004 1.29791 -0.896097 0.0185018 0
0 3338 phononL 0.004 -1.06434 -0.151898 0.0329459 0
0 3339 phononL 0.004 1.78274 -1.84396 0.0246872 0
0 3340 phononL 0.004 -1.56631 -1.24008 -0.00690209 0
0 3341 phononL 0.004 1.9996 0.420812 -0.0320196 0
0 3342 phononL 0.004 -0.0805711 0.877212 0.0331799 0
0 3343 phononL 0.004 -1.96547 1.77516 0.0384457 0
0 3344 phononL 0.004 0.0114927 -1.13233 0.00424407 0
0 3345 phononL 0.004 1.61412 0.672277 -0.0159558 0
0 3346 phononL 0.004 1.25967 1.46012 0.0258335 0
0 3347 phononL 0.004 -1.82391 -2.1689 -0.0199591 0
0 3348 phononL 0.004 0.383153 -1.05742 -0.012036 0
0 3349 phononL 0.004 -1.15106 0.59724 0.0307587 0
0 3350 phononL 0.004 -2.16524 1.22849 -0.0180467 0
0 3351 phononL 0.004 -1.15072 -1.87543 0.0331566 0
0 3352 phononL 0.004 -1.12906 -0.140408 -0.0178393 0
0 3353 phononL 0.004 -1.9322 -1.69825 0.0169459 0
0 3354 phononL 0.004 -1.45876 0.840065 0.00602984 0
0 3355 phononL 0.004 0.349576 1.44591 -0.00246916 0
0 3356 phononL 0.004 -1.76168 1.49994 0.0382917 0
0 3357 phononL 0.004 1.22495 -0.232402 0.0223861 0
0 3358 phononL 0.004 -2.1798 1.89221 0.0109107 0
0 3359 phononL 0.004 -1.08576 -1.75052 -0.0284727 0
0 3360 phononL 0.004 0.265729 1.93034 0.015808 0
0 3361 phononL 0.004 -2.14602 1.0861 0.00820629 0
0 3362 phononL 0.004 -1.27267 -1.34483 -0.0232873 0
0 3363 phononL 0.004 0.35973 0.595068 -0.0144748 0
0 3364 phononL 0.004 1.1375 -0.501364 0.0116415 0
0 3365 phononL 0.004 -0.384191 -1.52843 -0.0173706 0
0 3366 phononL 0.004 -0.416978 -2.2108 0.00139724 0
0 3367 phononL 0.004 -1.1952 0.813476 0.0347508 0
0 3368 phononL 0.004 0.141783 1.41908 -0.004705 0
0 3369 phononL 0.004 -1.63237 0.333342 0.0321757 0
0 3370 phononL 0.004 -0.866424 1.84362 -0.0126924 0
0 3371 phononL 0.004 -2.12966 1.36929 0.0108144 0
0 3372 phononL 0.004 -2.00939 1.72831 -0.0137045 0
0 3373 phononL 0.004 -1.71718 1.09632 -0.0187862 0
0 3374 phononL 0.004 -0.974143 -1.83366 -0.0306063 0
0 3375 phononL 0.004 -1.48982 -0.874216 0.0242665 0
0 3376 phononL 0.004 1.8529 -0.670351 -0.0306317 0
0 3377 phononL 0.004 -1.56922 -1.66405 -0.0101669 0
0 3378 phononL 0.004 -1.93832 1.49655 -0.0188659 0
0 3379 phononL 0.004 -1.09769 -0.535684 -0.0232359 0
0 3380 phononL 0.004 0.747229 -0.104541 0.0264995 0
0 3381 phononL 0.004 0.638942 1.20668 -0.0391866 0
0 3382 phononL 0.004 -1.99867 -0.0160955 0.0380177 0
0 3383 phononL 0.004 1.23619 -0.288599 -0.0208149 0
0 3384 phononL 0.004 1.1167 2.05223 0.0385195 0
0 3385 phononL 0.004 -1.21642 -1.85663 0.0155486 0
0 3386 phononL 0.004 -0.132575 2.00087 -0.0262723 0
0 3387 phononL 0.004 -2.18752 0.835343 0.0192366 0
0 3388 phononL 0.004 1.9185 1.0485 0.0269764 0
0 3389 phononL 0.004 -0.912326 -1.69123 -0.00128045 0
0 3390 phononL 0.004 -2.08067 0.658433 -0.000154244 0
0 3391 phononL 0.004 -0.949227 -2.05051 0.0209425 0
0 3392 phononL 0.004 0.501994 0.16456 -0.0324412 0
0 3393 phononL 0.004 0.182393 -0.73837 0.0245609 0
0 3394 phononL 0.004 1.51031 0.91062 0.0229883 0
0 3395 phononL 0.004 0.933162 -0.218348 -0.0345881 0
0 3396 phononL 0.004 1.0501 -1.50756 -0.0118267 0
0 3397 phononL 0.004 0.207818 1.52955 0.00351401 0
0 3398 phononL 0.004 -1.35875 0.845351 0.0150082 0
0 3399 phononL 0.004 1.93726 1.00221 0.00617095 0
0 3400 phononL 0.004 1.97103 -1.18527 -0.0200531 0
0 3401 phononL 0.004 1.0083 2.00358 -0.0207838 0
0 3402 phononL 0.004 -0.697784 0.703342 0.0364798 0
0 3403 phononL 0.004 0.612382 -0.121988 -0.0256585 0
0 3404 phononL 0.004 0.231334 1.62849 -0.0246788 0
0 3405 phononL 0.004 -0.475942 2.18605 -0.00196486 0
0 3406 phononL 0.004 -0.3565 1.55158 -0.0120766 0
0 3407 phononL 0.004 -1.56065 -0.60053 0.0144427 0
0 3408 phononL 0.004 0.948704 0.915662 -0.010954 0
0 3409 phononL 0.004 1.72552 -0.631955 0.0263624 0
0 3410 phononL 0.004 0.706275 0.344615 0.037097 0
0 3411 phononL 0.004 1.81014 -1.859 0.0340507 0
0 3412 phononL 0.004 -1.25516 -0.845224 0.0360807 0
0 3413 phononL 0.004 1.28952 1.0911 -0.0249212 0
0 3414 phononL 0.004 0.992723 1.81003 0.0250056 0
0 3415 phononL 0.004 0.560072 0.0120824 -0.0101769 0
0 3416 phononL 0.004 0.15915 -1.63406 0.0211872 0
0 3417 phononL 0.004 0.809994 -0.0207094 0.0214562 0
0 3418 phononL 0.004 1.9715 2.22174 0.0224527 0
0 3419 phononL 0.004 -0.570538 -1.16449 -0.0337595 0
0 3420 phononL 0.004 1.01921 -0.925361 -0.0380457 0
0 3421 phononL 0.004 0.214807 1.27953 0.0108544 0
0 3422 phononL 0.004 0.418799 -1.91524 -0.0302326 0
0 3423 phononL 0.004 0.347179 -1.63352 0.0106816 0
0 3424 phononL 0.004 -1.11547 1.7924 0.0193961 0
0 3425 phononL 0.004 -0.324089 1.8008 0.0063217 0
0 3426 phononL 0.004 1.14298 0.0122046 0.0173229 0
0 3427 phononL 0.004 0.373801 -1.74652 -0.0351492 0
0 3428 phononL 0.004 0.787091 -0.47665 0.0381839 0
0 3429 phononL 0.004 -1.90809 -0.626131 -0.0143514 0
0 3430 phononL 0.004 1.43216 -0.601294 -0.00549384 0
0 3431 phononL 0.004 -0.0391999 -1.83679 0.0136618 0
0 3432 phononL 0.004 -0.3533 -1.70814 0.0344349 0
0 3433 phononL 0.004 -1.38002 0.757747 -0.0344795 0
0 3434 phononL 0.004 -1.79658 -0.636484 0.000529479 0
0 3435 phononL 0.004 2.10592 1.0984 0.0295264 0
0 3436 phononL 0.004 -1.84477 0.97909 -0.0242081 0
0 3437 phononL 0.004 -0.545279 -2.01391 0.0160819 0
0 3438 phononL 0.004 0.361165 -2.23228 -0.0256587 0
0 3439 phononL 0.004 0.761637 1.8346 0.0287932 0
0 3440 phononL 0.004 -1.66625 -0.763612 0.0244209 0
0 3441 phononL 0.004 0.80146 0.0181155 0.0225571 0
0 3442 phononL 0.004 1.29671 1.19697 0.00424657 0
0 3443 phononL 0.004 -0.762032 -1.97603 -0.0240028 0
0 3444 phononL 0.004 0.454317 -0.943368 0.00645803 0
0 3445 phononL 0.004 -1.48506 0.892004 0.0353351 0
0 3446 phononL 0.004 1.21602 -0.309354 0.0284481 0
0 3447 phononL 0.004 2.08844 2.12101 -0.0230456 0
0 3448 phononL 0.004 1.58335 -1.49581 -0.0165903 0
0 3449 phononL 0.004 -0.236906 -2.09713 0.0362968 0
0 3450 phononL 0.004 -1.55836 0.207477 0.00645719 0
0 3451 phononL 0.004 -0.539448 1.49573 0.0339235 0
0 3452 phononL 0.004 -0.993873 -1.93164 -0.0124909 0
0 3453 phononL 0.004 0.881243 -1.60584 -0.0183526 0
0 3454 phononL 0.004 0.384268 -0.409282 -0.0223807 0
0 3455 phononL 0.004 -0.258391 0.462701 0.0132756 0
0 3456 phononL 0.004 -0.56346 -1.76015 0.0249387 0
0 3457 phononL 0.004 0.950061 -1.16035 -0.0142977 0
0 3458 phononL 0.004 0.811134 -0.428772 0.0157403 0
0 3459 phononL 0.004 -0.153476 -1.84098 -0.0122636 0
0 3460 phononL 0.004 -0.0699826 -0.860591 -0.0156486 0
0 3461 phononL 0.004 2.16295 -1.65057 -0.000772313 0
0 3462 phononL 0.004 1.26132 -1.4961 0.0167548 0
0 3463 phononL 0.004 -1.42697 -1.45947 -0.00145816 0
0 3464 phononL 0.004 -1.19723 -0.754247 0.00353199 0
0 3465 phononL 0.004 -0.794046 -1.70376 -0.027296 0
0 3466 phononL 0.004 0.18235 -0.107426 -0.0010944 0
0 3467 phononL 0.004 -0.593334 -0.644363 0.00424211 0
0 3468 phononL 0.004 0.0939758 0.288744 -0.00913092 0
0 3469 phononL 0.004 1.42635 1.93099 0.0387352 0
0 3470 phononL 0.004 -1.60673 1.45655 0.0099487 0
0 3471 phononL 0.004 0.914545 -0.61929 -0.0309114 0
0 3472 phononL 0.004 0.663371 1.52138 0.0333456 0
0 3473 phononL 0.004 1.16373 -0.845181 -0.00442961 0
0 3474 phononL 0.004 0.212247 0.526563 0.0103184 0
0 3475 phononL 0.004 0.909448 0.936692 0.0250697 0
0 3476 phononL 0.004 -0.796231 -1.6673 0.0177149 0
0 3477 phononL 0.004 0.888377 0.277728 -0.0314752 0
0 3478 phononL 0.004 -0.421484 0.757906 0.0285303 0
0 3479 phononL 0.004 0.239914 -0.257107 -0.0265679 0
0 3480 phononL 0.004 -1.31531 -1.80576 -0.0102794 0
0 3481 phononL 0.004 0.710655 1.69378 0.0398916 0
0 3482 phononL 0.004 -0.630055 0.813631 -0.0203221 0
0 3483 phononL 0.004 -1.57436 0.324726 -0.0308731 0
0 3484 phononL 0.004 2.08238 -2.14852 0.00887538 0
0 3485 phononL 0.004 -0.87301 -1.32867 -0.0244102 0
0 3486 phononL 0.004 -0.696511 1.18669 -0.0192188 0
0 3487 phononL 0.004 -1.23958 -0.982899 -0.00240569 0
0 3488 phononL 0.004 -1.11035 1.1915 -0.0117735 0
0 3489 phononL 0.004 -0.0402699 -1.16769 0.0125803 0
0 3490 phononL 0.004 0.874641 1.32288 -0.0143286 0
0 3491 phononL 0.004 1.1349 -1.57966 0.00324659 0
0 3492 phononL 0.004 1.35859 -2.12945 0.0131563 0
0 3493 phononL 0.004 -0.791101 -0.107561 -0.0262199 0
0 3494 phononL 0.004 -2.23457 -1.18293 0.0392232 0
0 3495 phononL 0.004 1.45713 0.53328 0.0277979 0
0 3496 phononL 0.004 1.1515 -2.17397 -0.0176373 0
0 3497 phononL 0.004 -0.232957 0.340168 0.0130138 0
0 3498 phononL 0.004 -1.56272 1.403 -0.0145696 0
0 3499 phononL 0.004 -1.58196 -0.932871 0.0105267 0
0 3500 phononL 0.004 -1.90673 0.488758 -0.0381967 0
0 3501 phononL 0.004 -1.30334 -1.48146 -0.00501597 0
0 3502 phononL 0.004 -0.778774 -0.949716 0.0364188 0
0 3503 phononL 0.004 -1.08363 1.79044 -0.0392668 0
0 3504 phononL 0.004 1.79017 0.476282 0.0303631 0
0 3505 phononL 0.004 1.54462 1.52116 -0.0123012 0
0 3506 phononL 0.004 -1.94714 1.68653 0.0263958 0
0 3507 phononL 0.004 -0.876027 -0.287139 0.00315419 0
0 3508 phononL 0.004 -1.10754 0.553063 0.00635 0
0 3509 phononL 0.004 2.23208 -0.771071 0.0352718 0
0 3510 phononL 0.004 0.649602 1.28478 -0.0344927 0
0 3511 phononL 0.004 -2.00592 1.58435 0.0366795 0
0 3512 phononL 0.004 -2.0756 -0.439935 0.011905 0
0 3513 phononL 0.004 1.03563 1.98054 0.039146 0
0 3514 phononL 0.004 1.80472 -1.07932 -0.0041272 0
0 3515 phononL 0.004 2.04142 0.183258 -0.008056 0
0 3516 phononL 0.004 -2.11341 -0.225844 0.0129246 0
0 3517 phononL 0.004 -1.52068 1.68927 -0.0384431 0
0 3518 phononL 0.004 -1.94552 -0.357176 -0.0263376 0
0 3519 phononL 0.004 -0.648975 0.474718 0.0167797 0
0 3520 phononL 0.004 -1.46685 -1.1381 -0.017984 0
0 3521 phononL 0.004 -0.51594 1.59307 -0.0272459 0
0 3522 phononL 0.004 0.983622 1.2848 0.00506913 0
0 3523 phononL 0.004 -1.32797 2.01373 -0.0368081 0
0 3524 phononL 0.004 -1.34898 2.1876 0.00234274 0
0 3525 phononL 0.004 -0.897551 0.897643 0.0225062 0
0 3526 phononL 0.004 -0.755993 -1.95851 0.00513802 0
0 3527 phononL 0.004 -1.95999 -2.13707 0.0239329 0
0 3528 phononL 0.004 -1.06169 0.829344 -0.0312974 0
0 3529 phononL 0.004 -1.49724 -0.0258382 0.0128507 0
0 3530 phononL 0.004 2.16496 -0.966577 -0.0241673 0
0 3531 phononL 0.004 -1.41562 1.04282 0.0392078 0
0 3532 phononL 0.004 -0.876211 1.36381 0.0234267 0
0 3533 phononL 0.004 1.87527 0.170195 0.0266353 0
0 3534 phononL 0.004 0.907094 -1.95898 -0.000175018 0
0 3535 phononL 0.004 -1.13942 -1.18287 0.0349232 0
0 3536 phononL 0.004 -0.921943 1.83251 -0.0292633 0
0 3537 phononL 0.004 1.15968 0.931152 -0.0127981 0
0 3538 phononL 0.004 0.641304 -0.103955 -0.000881915 0
0 3539 phononL 0.004 -0.0503193 -1.82653 0.0329743 0
0 3540 phononL 0.004 -1.24238 -1.77579 0.0196901 0
0 3541 phononL 0.004 -1.92218 -0.182353 -0.0268868 0
0 3542 phononL 0.004 1.55273 -0.485376 -0.0085853 0
0 3543 phononL 0.004 0.0847385 -1.14726 0.0148763 0
0 3544 phononL 0.004 1.80457 1.54362 -0.00643795 0
0 3545 phononL 0.004 1.53723 1.97272 0.0261733 0
0 3546 phononL 0.004 0.0881274 -1.63673 -0.0250854 0
0 3547 phononL 0.004 1.89308 1.94072 -0.0132394 0
0 3548 phononL 0.004 -2.20708 0.105709 0.0282972 0
0 3549 phononL 0.004 0.512125 0.0823681 0.0343469 0
0 3550 phononL 0.004 -0.0473931 1.96522 -0.00833033 0
0 3551 phononL 0.004 -0.763731 0.503382 0.0114269 0
0 3552 phononL 0.004 2.14537 2.1663 -0.025818 0
0 3553 phononL 0.004 0.995461 -0.875882 0.014513 0
0 3554 phononL 0.004 2.19323 0.698804 -0.00650095 0
0 3555 phononL 0.004 -2.12207 0.993341 0.0327499 0
0 3556 phononL 0.004 1.72103 1.96042 -0.00421182 0
0 3557 phononL 0.004 0.120901 -0.0164343 -0.0104169 0
0 3558 phononL 0.004 0.333682 0.536493 -0.0244367 0
0 3559 phononL 0.004 -1.33786 -1.03299 -0.0087944 0
0 3560 phononL 0.004 -0.837095 -1.04339 -0.0382721 0
0 3561 phononL 0.004 -0.522535 2.06648 0.024822 0
0 3562 phononL 0.004 0.29602 1.61911 0.0228584 0
0 3563 phononL 0.004 -2.12022 -1.8223 -0.0328669 0
0 3564 phononL 0.004 -0.159199 0.17407 0.00308064 0
0 3565 phononL 0.004 0.676843 -1.82016 0.0267614 0
0 3566 phononL 0.004 0.503795 0.57355 -0.00602967 0
0 3567 phononL 0.004 0.68857 -1.15511 -0.00653706 0
0 3568 phononL 0.004 0.38425 -0.583628 0.0167453 0
0 3569 phononL 0.004 0.829928 0.425185 0.036136 0
0 3570 phononL 0.004 -0.691632 -0.620547 -0.0375261 0
0 3571 phononL 0.004 0.277132 2.22604 0.0105074 0
0 3572 phononL 0.004 0.466296 0.0972659 -0.030676 0
0 3573 phononL 0.004 -0.666883 -1.31699 -0.0299575 0
0 3574 phononL 0.004 0.805584 1.96952 0.0274181 0
0 3575 phononL 0.004 0.15967 -1.97282 0.00642854 0
0 3576 phononL 0.004 -1.85521 0.651387 0.0377699 0
0 3577 phononL 0.004 -0.73624 -1.09231 -0.0177467 0
0 3578 phononL 0.004 -0.403541 1.99021 0.0347013 0
0 3579 phononL 0.004 1.87327 -1.10953 0.0129679 0
0 3580 phononL 0.004 0.424975 1.02925 -0.0299546 0
0 3581 phononL 0.004 2.21597 2.21212 -0.0213792 0
0 3582 phononL 0.004 0.105201 0.44894 -0.00111911 0
0 3583 phononL 0.004 -1.79449 -1.00039 0.0189465 0
0 3584 phononL 0.004 -0.549309 -0.0388824 0.00741963 0
0 3585 phononL 0.004 -1.39402 0.432599 -0.0354717 0
0 3586 phononL 0.004 0.0208374 -1.82674 0.0300401 0
0 3587 phononL 0.004 -2.18595 0.488605 0.0321187 0
0 3588 phononL 0.004 1.96849 0.738303 -0.0260015 0
0 3589 phononL 0.004 -1.34581 0.469621 0.0212153 0
0 3590 phononL 0.004 0.0271969 1.32669 -0.0200513 0
0 3591 phononL 0.004 -1.01367 1.23434 -0.0109233 0
0 3592 phononL 0.004 -1.02642 1.03926 -0.036328 0
0 3593 phononL 0.004 -0.0614281 -1.5493 0.0390062 0
0 3594 phononL 0.004 0.888408 0.468455 0.00328247 0
0 3595 phononL 0.004 -0.57401 -1.84137 0.0379187 0
0 3596 phononL 0.004 -0.55923 0.5671 -0.027348 0
0 3597 phononL 0.004 0.990175 1.42952 0.0159211 0
0 3598 phononL 0.004 0.179918 1.57728 0.0130129 0
0 3599 phononL 0.004 0.7533 -1.53622 -0.0112202 0
0 3600 phononL 0.004 0.457815 -0.973939 0.00788625 0
0 3601 phononL 0.004 -1.40584 -1.24783 -0.0368211 0
0 3602 phononL 0.004 1.69969 -1.08494 0.0165305 0
0 3603 phononL 0.004 -0.953314 1.26439 0.0096868 0
0 3604 phononL 0.004 1.57025 0.903125 -0.0135028 0
0 3605 phononL 0.004 0.423281 0.825049 0.00354009 0
0 3606 phononL 0.004 0.651734 -0.0328138 -0.017062 0
0 3607 phononL 0.004 -0.517294 -0.0973445 -0.00841387 0
0 3608 phononL 0.004 -0.339436 1.62853 0.00913988 0
0 3609 phononL 0.004 -2.09816 1.13687 0.0266147 0
0 3610 phononL 0.004 0.0528755 -0.679139 -0.00963695 0
0 3611 phononL 0.004 -0.719757 1.83275 0.00547916 0
0 3612 phononL 0.004 0.591409 1.52975 -0.0263676 0
0 3613 phononL 0.004 1.30828 1.81411 0.0297904 0
0 3614 phononL 0.004 -1.13932 0.534159 0.0137773 0
0 3615 phononL 0.004 0.442923 -0.181526 -0.0237897 0
0 3616 phononL 0.004 -0.724283 -0.92176 -0.0396554 0
0 3617 phononL 0.004 1.7218 1.40461 0.0100376 0
0 3618 phononL 0.004 1.72017 1.2826 0.00793694 0
0 3619 phononL 0.004 0.0579523 -0.359318 -0.0179769 0
0 3620 phononL 0.004 -0.233569 1.0975 -0.000761291 0
0 3621 phononL 0.004 0.629141 2.05088 -0.026944 0
0 3622 phononL 0.004 -1.46423 -0.918898 0.024301 0
0 3623 phononL 0.004 0.841691 -1.16242 0.0130307 0
0 3624 phononL 0.004 -1.82508 -1.04625 -0.0108397 0
0 3625 phononL 0.004 1.34288 1.30737 -0.00243003 0
0 3626 phononL 0.004 0.510237 -1.03378 -0.0309839 0
0 3627 phononL 0.004 -0.129747 1.87955 0.03382 0
0 3628 phononL 0.004 1.78914 -0.884203 0.0210728 0
0 3629 phononL 0.004 -0.0429376 -1.36065 -0.00469252 0
0 3630 phononL 0.004 0.842104 -0.0854581 -0.0125132 0
0 3631 phononL 0.004 -0.143707 -0.443048 0.0258888 0
0 3632 phononL 0.004 1.02465 -1.60022 -0.0175738 0
0 3633 phononL 0.004 1.05257 -0.346995 0.0191946 0
0 3634 phononL 0.004 0.390689 -1.65826 0.00212632 0
0 3635 phononL 0.004 -1.55845 1.5879 -0.00647 0
0 3636 phononL 0.004 0.516782 0.694316 -0.0173632 0
0 3637 phononL 0.004 2.10609 -1.63584 -0.0279119 0
0 3638 phononL 0.004 -0.491768 -1.12835 0.00190087 0
0 3639 phononL 0.004 -1.61343 0.503882 -0.00187806 0
0 3640 phononL 0.004 -2.04736 -0.726616 0.0325018 0
0 3641 phononL 0.004 0.809494 -2.13783 -0.00713833 0
0 3642 phononL 0.004 -0.834812 -0.723156 0.0249528 0
0 3643 phononL 0.004 -1.19821 2.18076 -0.0324117 0
0 3644 phononL 0.004 0.328403 -2.06415 0.0122473 0
0 3645 phononL 0.004 1.48763 0.516991 -0.00358642 0
0 3646 phononL 0.004 -1.86932 -1.16141 0.0298374 0
0 3647 phononL 0.004 -0.955971 0.99557 0.035445 0
0 3648 phononL 0.004 1.49059 -1.62106 -0.0240343 0
0 3649 phononL 0.004 0.943519 -0.224635 0.0392641 0
0 3650 phononL 0.004 1.19656 -0.112561 0.0299233 0
0 3651 phononL 0.004 1.03333 -0.450762 0.00150267 0
0 3652 phononL 0.004 -0.930907 -1.61581 0.00821076 0
0 3653 phononL 0.004 0.273257 0.84912 0.00846883 0
0 3654 phononL 0.004 0.899688 2.1914 -0.0197038 0
0 3655 phononL 0.004 -1.29234 1.14782 -0.0167323 0
0 3656 phononL 0.004 -1.85624 1.28347 0.0206234 0
0 3657 phononL 0.004 -0.352653 -0.779203 0.00263796 0
0 3658 phononL 0.004 1.85193 -1.9785 0.0307271 0
0 3659 phononL 0.004 0.622677 2.00774 -0.0107731 0
0 3660 phononL 0.004 1.16811 0.0269548 -0.0208245 0
0 3661 phononL 0.004 -1.17361 -0.851033 0.0186672 0
0 3662 phononL 0.004 2.02508 -0.69464 0.0383589 0
0 3663 phononL 0.004 -1.55069 -2.10364 0.0304785 0
0 3664 phononL 0.004 1.46683 1.99653 -0.00831689 0
0 3665 phononL 0.004 0.734351 -0.367274 -0.0313882 0
0 3666 phononL 0.004 0.915022 1.59426 -0.0262374 0
0 3667 phononL 0.004 1.26059 0.494344 -0.0051761 0
0 3668 phononL 0.004 -1.43929 1.44084 -0.00695337 0
0 3669 phononL 0.004 1.82038 -1.76627 0.0197571 0
0 3670 phononL 0.004 0.943749 -2.16888 -0.0258332 0
0 3671 phononL 0.004 -1.25203 -0.28655 0.0120763 0
0 3672 phononL 0.004 0.633931 0.079427 -0.0253695 0
0 3673 phononL 0.004 1.1896 0.763886 -0.0301622 0
0 3674 phononL 0.004 -1.83983 -1.89458 0.00794411 0
0 3675 phononL 0.004 0.444248 -1.94049 0.0114476 0
0 3676 phononL 0.004 0.781679 1.7175 0.0255863 0
0 3677 phononL 0.004 -0.837548 0.192393 -0.0239902 0
0 3678 phononL 0.004 -0.995795 1.83444 0.0101908 0
0 3679 phononL 0.004 0.97114 -0.83829 0.0114746 0
0 3680 phononL 0.004 -2.12427 0.116901 -0.0019299 0
0 3681 phononL 0.004 -1.06094 -0.531578 -0.0342927 0
0 3682 phononL 0.004 0.999464 -0.296398 -0.0183648 0
0 3683 phononL 0.004 1.8171 -1.14162 0.0393961 0
0 3684 phononL 0.004 1.0683 -0.770181 0.00976226 0
0 3685 phononL 0.004 1.00541 1.03767 -0.0133768 0
0 3686 phononL 0.004 -1.79354 1.68533 -0.0186378 0
0 3687 phononL 0.004 0.883924 -0.735618 -0.0264385 0
0 3688 phononL 0.004 1.08072 -2.06127 0.0210382 0
0 3689 phononL 0.004 1.31346 1.93946 -0.0379732 0
0 3690 phononL 0.004 -1.7047 1.34791 0.000160804 0
0 3691 phononL 0.004 1.48633 -1.94465 0.0280157 0
0 3692 phononL 0.004 2.08356 -1.46687 -0.028435 0
0 3693 phononL 0.004 -1.78351 -1.8818 -0.030398 0
0 3694 phononL 0.004 -1.21025 2.14173 -0.013477 0
0 3695 phononL 0.004 -1.81598 -1.24381 -0.00755293 0
0 3696 phononL 0.004 -1.64685 0.397358 -0.024766 0
0 3697 phononL 0.004 1.23957 0.130353 0.00494008 0
0 3698 phononL 0.004 -2.03573 -1.51616 0.00758236 0
0 3699 phononL 0.004 -0.340146 0.100686 0.0150361 0
0 3700 phononL 0.004 1.48043 0.689358 0.00775864 0
0 3701 phononL 0.004 0.592584 1.44315 -0.0330311 0
0 3702 phononL 0.004 -0.159822 -0.934515 -0.0297162 0
0 3703 phononL 0.004 -0.265306 -1.71993 0.0223713 0
0 3704 phononL 0.004 0.940536 0.226063 -0.020575 0
0 3705 phononL 0.004 -1.40206 -1.67177 -0.0201569 0
0 3706 phononL 0.004 1.54995 0.100076 0.0248729 0
0 3707 phononL 0.004 -1.14667 1.57808 -0.0196023 0
0 3708 phononL 0.004 0.32291 -0.721797 -0.0225882 0
0 3709 phononL 0.004 -0.246842 -1.2766 0.0185944 0
0 3710 phononL 0.004 0.762533 2.20603 -0.0281043 0
0 3711 phononL 0.004 1.04362 -0.281763 -0.000527348 0
0 3712 phononL 0.004 -0.508845 1.63869 0.00588912 0
0 3713 phononL 0.004 -2.13678 0.335406 -0.0390701 0
0 3714 phononL 0.004 -1.7875 -2.13449 -0.0062654 0
0 3715 phononL 0.004 -1.16016 -0.55861 -0.0237844 0
0 3716 phononL 0.004 -0.184214 0.035441 -0.00537275 0
0 3717 phononL 0.004 2.22848 2.15495 -0.0353134 0
0 3718 phononL 0.004 -1.05906 -1.01497 -0.0265441 0
0 3719 phononL 0.004 -1.07703 1.43744 -0.0278584 0
0 3720 phononL 0.004 -0.112972 1.14182 0.0186755 0
0 3721 phononL 0.004 0.288139 -0.786755 0.0389082 0
0 3722 phononL 0.004 2.10186 2.11808 0.0222281 0
0 3723 phononL 0.004 -1.48894 0.868776 0.0155475 0
0 3724 phononL 0.004 0.880707 -0.92419 -0.0184414 0
0 3725 phononL 0.004 -0.642071 -1.74296 0.0292736 0
0 3726 phononL 0.004 -1.29087 1.06162 -0.0382302 0
0 3727 phononL 0.004 -0.124168 -1.34777 0.0370606 0
0 3728 phononL 0.004 -0.113671 1.20308 -0.0213405 0
0 3729 phononL 0.004 0.566765 -1.40154 -0.0293567 0
0 3730 phononL 0.004 2.22658 1.30693 -0.00501725 0
0 3731 phononL 0.004 -0.330686 -0.925757 0.0226764 0
0 3732 phononL 0.004 -1.78593 -0.129686 -0.0268889 0
0 3733 phononL 0.004 -1.58488 0.0808635 -0.0304195 0
0 3734 phononL 0.004 -0.871346 0.204479 -0.00857581 0
0 3735 phononL 0.004 -1.18256 -0.903799 -0.0324514 0
0 3736 phononL 0.004 1.15991 -2.08129 0.0357622 0
0 3737 phononL 0.004 -0.960424 1.53989 -0.00945029 0
0 3738 phononL 0.004 1.96382 0.284564 0.0273577 0
0 3739 phononL 0.004 0.510124 2.20328 0.0346606 0
0 3740 phononL 0.004 0.975044 -0.710308 -0.0246652 0
0 3741 phononL 0.004 -1.02335 0.905794 -0.0334175 0
0 3742 phononL 0.004 -1.3275 0.953653 0.0365825 0
0 3743 phononL 0.004 -1.56753 0.990817 0.00860003 0
0 3744 phononL 0.004 0.256361 0.252329 -0.0245513 0
0 3745 phononL 0.004 2.07591 0.739258 -0.00801179 0
0 3746 phononL 0.004 0.62959 -0.0939581 -0.0333995 0
0 3747 phononL 0.004 -1.00629 1.92694 0.029851 0
0 3748 phononL 0.004 1.27163 0.0822569 0.0248503 0
0 3749 phononL 0.004 -0.289655 2.13615 -0.0257481 0
0 3750 phononL 0.004 1.51507 1.99082 0.0142044 0
0 3751 phononL 0.004 -0.13748 1.62735 0.0341501 0
0 3752 phononL 0.004 -1.5819 -1.54675 -0.00247537 0
0 3753 phononL 0.004 0.288225 0.0267074 0.00414951 0
0 3754 phononL 0.004 -0.287804 0.397898 0.00933183 0
0 3755 phononL 0.004 -0.521625 -1.85034 0.0381706 0
0 3756 phononL 0.004 0.13847 -1.36688 0.0344148 0
0 3757 phononL 0.004 1.60815 0.216993 -0.0242844 0
0 3758 phononL 0.004 -0.700487 -1.19555 -0.0367204 0
0 3759 phononL 0.004 -0.296341 0.209632 -0.0106774 0
0 3760 phononL 0.004 -1.52218 -0.322381 0.0283561 0
0 3761 phononL 0.004 -1.4149 2.0426 0.0371959 0
0 3762 phononL 0.004 1.27484 -1.47171 0.0243671 0
0 3763 phononL 0.004 0.718702 -1.54174 -0.000921193 0
0 3764 phononL 0.004 -0.928495 -0.0174587 -0.0200949 0
0 3765 phononL 0.004 -0.443894 1.64272 -0.0133487 0
0 3766 phononL 0.004 -1.70654 0.243518 0.0167587 0
0 3767 phononL 0.004 0.867589 1.34245 0.00319053 0
0 3768 phononL 0.004 1.35076 -0.248996 0.0365281 0
0 3769 phononL 0.004 -0.122914 1.05397 0.0109714 0
0 3770 phononL 0.004 -0.583853 -1.39744 0.0261848 0
0 3771 phononL 0.004 0.167176 1.7344 -0.0229823 0
0 3772 phononL 0.004 1.25081 -1.58869 -0.00540217 0
0 3773 phononL 0.004 1.67716 -1.92717 0.0134283 0
0 3774 phononL 0.004 -1.33839 -0.92735 0.01448 0
0 3775 phononL 0.004 0.13223 1.86948 -0.00468608 0
0 3776 phononL 0.004 1.95571 2.18731 0.00545078 0
0 3777 phononL 0.004 -0.594695 -2.13909 0.0357676 0
0 3778 phononL 0.004 -1.38133 -0.266242 0.0332451 0
0 3779 phononL 0.004 -0.0308446 0.958711 -0.0349054 0
0 3780 phononL 0.004 0.810522 -1.02306 0.0304679 0
0 3781 phononL 0.004 0.785455 1.80745 0.00854806 0
0 3782 phononL 0.004 0.777668 0.50918 0.017113 0
0 3783 phononL 0.004 -0.989418 -1.70312 -0.0243364 0
0 3784 phononL 0.004 1.52374 2.166 -0.0398297 0
0 3785 phononL 0.004 1.2097 0.570611 0.0326481 0
0 3786 phononL 0.004 -1.50605 1.57035 -0.0198086 0
0 3787 phononL 0.004 0.087935 0.647383 -0.0256448 0
0 3788 phononL 0.004 2.09562 -1.37864 -0.00203178 0
0 3789 phononL 0.004 1.87942 1.78238 0.0238387 0
0 3790 phononL 0.004 1.81127 0.368609 -0.0157202 0
0 3791 phononL 0.004 1.10887 2.21262 0.00659 0
0 3792 phononL 0.004 0.927099 -0.149401 -0.0155072 0
0 3793 phononL 0.004 0.0364845 -2.01213 -0.0146671 0
0 3794 phononL 0.004 -1.76673 -1.70048 0.015409 0
0 3795 phononL 0.004 -0.587772 -0.507654 -0.0245052 0
0 3796 phononL 0.004 -0.547652 -1.76188 -0.0338771 0
0 3797 phononL 0.004 -1.26595 0.695002 -0.0193989 0
0 3798 phononL 0.004 -1.71954 0.86987 0.0399588 0
0 3799 phononL 0.004 1.92212 0.646703 -0.0165738 0
0 3800 phononL 0.004 -0.291483 -0.979175 0.00622515 0
0 3801 phononL 0.004 -1.88554 0.837443 -0.00281632 0
0 3802 phononL 0.004 1.43767 -1.53888 0.0394387 0
0 3803 phononL 0.004 0.940596 -0.287359 -0.0307895 0
0 3804 phononL 0.004 0.0257047 -0.229844 -0.0194554 0
0 3805 phononL 0.004 0.0646058 -1.47356 -0.0341296 0
0 3806 phononL 0.004 -1.5012 -0.50118 -0.00628068 0
0 3807 phononL 0.004 -1.71145 0.0424594 -0.0268202 0
0 3808 phononL 0.004 0.491945 0.834798 0.0246477 0
0 3809 phononL 0.004 -1.77967 1.03563 0.0130331 0
0 3810 phononL 0.004 -0.975545 -0.635651 -0.00385439 0
0 3811 phononL 0.004 0.540957 0.574882 0.0266479 0
0 3812 phononL 0.004 1.30831 -1.40598 0.00430831 0
0 3813 phononL 0.004 -0.931731 1.85559 0.0106021 0
0 3814 phononL 0.004 -0.718968 -2.03947 -0.023902 0
0 3815 phononL 0.004 -0.409719 2.1855 -0.0200306 0
0 3816 phononL 0.004 -1.49214 0.838851 0.0255307 0
0 3817 phononL 0.004 -1.4938 0.565948 0.0143405 0
0 3818 phononL 0.004 2.13573 1.12574 -0.00508013 0
0 3819 phononL 0.004 1.10661 2.14911 -0.00196436 0
0 3820 phononL 0.004 -1.70818 -0.0604942 0.00262895 0
0 3821 phononL 0.004 -2.14618 -1.85662 -0.0262179 0
0 3822 phononL 0.004 -1.87537 1.17447 0.00777961 0
0 3823 phononL 0.004 1.3577 1.04069 0.0250783 0
0 3824 phononL 0.004 -1.39402 0.0317579 0.0265767 0
0 3825 phononL 0.004 0.313987 1.20555 0.0249851 0
0 3826 phononL 0.004 0.61528 0.00186963 -0.0138169 0
0 3827 phononL 0.004 1.21585 1.08247 0.0232419 0
0 3828 phononL 0.004 -0.480251 -1.56095 0.00793881 0
0 3829 phononL 0.004 1.02242 1.05655 0.0354826 0
0 3830 phononL 0.004 -0.29236 0.873654 -0.0133961 0
0 3831 phononL 0.004 -1.74388 1.72168 0.00942346 0
0 3832 phononL 0.004 2.14143 -0.871547 0.0380397 0
0 3833 phononL 0.004 1.56548 -0.851054 -0.00240195 0
0 3834 phononL 0.004 0.877617 -0.648273 0.0346091 0
0 3835 phononL 0.004 -0.281656 1.26132 0.0206051 0
0 3836 phononL 0.004 -2.22616 -1.30161 -0.0379667 0
0 3837 phononL 0.004 1.88246 0.316818 0.0169824 0
0 3838 phononL 0.004 0.0681444 1.70928 0.0224767 0
0 3839 phononL 0.004 -0.939233 -1.32911 -0.0129065 0
0 3840 phononL 0.004 0.943114 -1.76693 0.0145065 0
0 3841 phononL 0.004 0.271265 0.575676 -0.00255039 0
0 3842 phononL 0.004 -0.183888 0.635327 -0.00435169 0
0 3843 phononL 0.004 0.790196 -1.35518 0.00105365 0
0 3844 phononL 0.004 -0.42501 -0.809036 -0.0128893 0
0 3845 phononL 0.004 0.570106 -1.96627 0.00686508 0
0 3846 phononL 0.004 -0.915652 -0.238093 -0.0281813 0
0 3847 phononL 0.004 -1.20256 -2.00612 -0.0206574 0
0 3848 phononL 0.004 2.12966 1.8816 0.0276192 0
0 3849 phononL 0.004 1.69402 2.01872 0.023983 0
0 3850 phononL 0.004 1.92564 -1.55861 0.02487 0
0 3851 phononL 0.004 0.409697 -1.90664 0.00767154 0
0 3852 phononL 0.004 -2.02449 -1.82103 -0.014205 0
0 3853 phononL 0.004 -0.905862 -1.19729 -0.0210213 0
0 3854 phononL 0.004 0.579568 -0.645594 0.0241612 0
0 3855 phononL 0.004 2.04392 -0.480267 0.0182149 0
0 3856 phononL 0.004 1.05761 -1.85646 0.000473258 0
0 3857 phononL 0.004 1.4421 0.87742 -0.0390544 0
0 3858 phononL 0.004 -0.146413 0.939698 -0.00382177 0
0 3859 phononL 0.004 0.649647 0.986921 0.0187267 0
0 3860 phononL 0.004 0.427818 1.42778 -0.0218961 0
0 3861 phononL 0.004 0.755135 -1.79591 0.0352781 0
0 3862 phononL 0.004 1.70959 0.412048 0.0111708 0
0 3863 phononL 0.004 -0.338764 1.52174 -0.00353208 0
0 3864 phononL 0.004 2.20515 -1.6702 0.0374696 0
0 3865 phononL 0.004 -2.18655 -1.19373 -0.00570901 0
0 3866 phononL 0.004 -0.232158 0.393137 -0.0171515 0
0 3867 phononL 0.004 1.89643 -1.71008 -0.0382201 0
0 3868 phononL 0.004 -0.117563 2.04114 0.0360375 0
0 3869 phononL 0.004 -2.0876 1.32008 0.0103763 0
0 3870 phononL 0.004 1.36742 1.83966 0.0152898 0
0 3871 phononL 0.004 0.174972 0.596416 -0.0290149 0
0 3872 phononL 0.004 -1.35153 1.95436 -0.00266671 0
0 3873 phononL 0.004 1.43766 -1.57547 -0.0136355 0
0 3874 phononL 0.004 2.14145 -0.629459 0.0314129 0
0 3875 phononL 0.004 -1.59447 2.21552 -0.0392206 0
0 3876 phononL 0.004 -1.29703 0.330005 0.0180898 0
0 3877 phononL 0.004 1.90592 -0.968801 -0.00375332 0
0 3878 phononL 0.004 -0.814336 -1.12069 -0.0194884 0
0 3879 phononL 0.004 2.15297 0.309031 0.0244192 0
0 3880 phononL 0.004 1.44294 -1.06867 -0.0215088 0
0 3881 phononL 0.004 -0.501225 1.94499 0.0266664 0
0 3882 phononL 0.004 0.312431 1.53774 0.0365565 0
0 3883 phononL 0.004 1.24982 -0.0799613 0.00735309 0
0 3884 phononL 0.004 0.508619 -0.144479 -0.0348016 0
0 3885 phononL 0.004 -1.89165 0.180043 -0.03684 0
0 3886 phononL 0.004 1.97523 0.783437 -0.0376282 0
0 3887 phononL 0.004 0.0971218 1.7496 -0.00837153 0
0 3888 phononL 0.004 0.697912 0.112152 0.023742 0
0 3889 phononL 0.004 0.583681 -0.816438 0.0166554 0
0 3890 phononL 0.004 -0.244188 -1.77472 0.000620425 0
0 3891 phononL 0.004 -0.505952 1.02114 0.00823638 0
0 3892 phononL 0.004 0.16204 0.439665 -0.0163937 0
0 3893 phononL 0.004 -1.77547 2.1884 -0.0324067 0
0 3894 phononL 0.004 0.587148 2.04871 0.0187939 0
0 3895 phononL 0.004 2.22352 -0.881479 0.0175717 0
0 3896 phononL 0.004 -0.979781 -1.13631 -0.0266603 0
0 3897 phononL 0.004 -1.62688 -1.47171 -0.0212774 0
0 3898 phononL 0.004 0.696932 -2.11323 -0.0239874 0
0 3899 phononL 0.004 0.77681 -1.12499 0.0298583 0
0 3900 phononL 0.004 -0.727433 -0.515047 -0.0103838 0
0 3901 phononL 0.004 -0.458206 -2.06943 -0.0115814 0
0 3902 phononL 0.004 1.59971 -0.218446 0.00642149 0
0 3903 phononL 0.004 0.914739 -1.26707 -0.00745337 0
0 3904 phononL 0.004 0.533944 -1.68626 -0.00687248 0
0 3905 phononL 0.004 -0.532979 1.44805 0.036531 0
0 3906 phononL 0.004 1.89344 -0.0893859 0.0066151 0
0 3907 phononL 0.004 -0.0170577 1.27167 0.00107993 0
0 3908 phononL 0.004 1.39328 0.251971 -0.00657397 0
0 3909 phononL 0.004 0.614007 -0.721855 0.0126908 0
0 3910 phononL 0.004 0.880327 2.0371 -0.00989809 0
0 3911 phononL 0.004 -0.763548 -2.02106 -0.00210275 0
0 3912 phononL 0.004 1.1553 -0.645472 -0.0125043 0
0 3913 phononL 0.004 -1.19477 -1.79186 0.0285355 0
0 3914 phononL 0.004 0.805591 0.256031 0.0157277 0
0 3915 phononL 0.004 1.21962 0.117165 -0.0193967 0
0 3916 phononL 0.004 -0.818931 1.42902 -0.00201597 0
0 3917 phononL 0.004 1.65178 0.165617 0.027709 0
0 3918 phononL 0.004 1.25945 0.708459 0.0296759 0
0 3919 phononL 0.004 -1.11753 -0.199479 -0.0330475 0
0 3920 phononL 0.004 -1.64058 0.897569 -0.0239423 0
0 3921 phononL 0.004 1.81521 0.206997 -0.0156708 0
0 3922 phononL 0.004 -0.77599 -1.14994 0.0321309 0
0 3923 phononL 0.004 1.20439 -1.60051 -0.0290305 0
0 3924 phononL 0.004 -0.0424811 -2.11152 0.0163236 0
0 3925 phononL 0.004 -1.83777 -1.82892 0.00909594 0
0 3926 phononL 0.004 0.427444 1.86278 -0.0144352 0
0 3927 phononL 0.004 -1.94713 -1.86614 -0.00965941 0
0 3928 phononL 0.004 -0.92452 -2.17916 -0.0380796 0
0 3929 phononL 0.004 1.19678 0.872969 0.0097945 0
0 3930 phononL 0.004 1.00771 0.300502 0.00478384 0
0 3931 phononL 0.004 1.41093 -1.68836 -0.0240296 0
0 3932 phononL 0.004 0.609062 0.205113 -0.00535015 0
0 3933 phononL 0.004 1.39356 1.23774 -0.0127401 0
0 3934 phononL 0.004 0.750948 -1.78995 -0.0243768 0
0 3935 phononL 0.004 -0.182682 0.0382311 0.0312736 0
0 3936 phononL 0.004 1.13353 0.659608 -0.00996587 0
0 3937 phononL 0.004 1.84618 1.36551 -0.0330445 0
0 3938 phononL 0.004 0.887064 0.557403 0.0328321 0
0 3939 phononL 0.004 0.103026 1.67745 0.0305387 0
0 3940 phononL 0.004 0.185773 -0.951308 0.0105003 0
0 3941 phononL 0.004 1.04175 -0.795924 -0.0117305 0
0 3942 phononL 0.004 1.13432 -0.936576 0.0384368 0
0 3943 phononL 0.004 -0.778134 -0.489846 0.00644442 0
0 3944 phononL 0.004 -1.80271 -1.84195 -0.0213799 0
0 3945 phononL 0.004 0.314244 0.429827 -0.0119272 0
0 3946 phononL 0.004 0.452385 1.64769 0.0189214 0
0 3947 phononL 0.004 2.09591 -1.00968 -0.0011959 0
0 3948 phononL 0.004 -0.122448 -2.08281 -0.00124775 0
0 3949 phononL 0.004 -0.797727 -0.0628448 0.0300278 0
0 3950 phononL 0.004 1.72534 0.940331 0.0230034 0
0 3951 phononL 0.004 1.12354 -1.54875 -0.0104122 0
0 3952 phononL 0.004 -1.89602 0.307309 0.0208337 0
0 3953 phononL 0.004 0.802349 1.43081 0.0153516 0
0 3954 phononL 0.004 -1.09205 1.68066 0.00743447 0
0 3955 phononL 0.004 -1.13544 -1.65315 -0.039915 0
0 3956 phononL 0.004 1.65689 1.01648 0.00520584 0
0 3957 phononL 0.004 1.73185 0.406549 -0.0102954 0
0 3958 phononL 0.004 -0.921308 0.571328 -0.00831019 0
0 3959 phononL 0.004 -0.38165 0.318829 -0.00418201 0
0 3960 phononL 0.004 -1.72503 1.57004 0.0165129 0
0 3961 phononL 0.004 -0.133188 -0.765891 0.0142175 0
0 3962 phononL 0.004 -2.0578 -1.51623 0.011249 0
0 3963 phononL 0.004 2.1663 -1.68445 0.0242039 0
0 3964 phononL 0.004 1.38438 -1.311 0.0111065 0
0 3965 phononL 0.004 -2.05378 -1.96191 -0.0230658 0
0 3966 phononL 0.004 0.971416 0.7313 0.0270599 0
0 3967 phononL 0.004 0.950636 1.89184 -0.0296989 0
0 3968 phononL 0.004 -1.23203 -1.78962 0.0082776 0
0 3969 phononL 0.004 -1.0873 1.12778 -0.0175648 0
0 3970 phononL 0.004 -1.58165 1.00174 0.0126033 0
0 3971 phononL 0.004 -1.91131 -0.895809 -0.013766 0
0 3972 phononL 0.004 1.69169 -0.144653 -0.021037 0
0 3973 phononL 0.004 1.40317 -0.300223 0.0106712 0
0 3974 phononL 0.004 -1.69843 1.3064 0.017512 0
0 3975 phononL 0.004 -0.328496 -2.16253 -0.0138069 0
0 3976 phononL 0.004 2.0884 1.57883 -0.0315094 0
0 3977 phononL 0.004 1.89935 -2.06199 -0.0121348 0
0 3978 phononL 0.004 1.30288 0.769668 -0.029073 0
0 3979 phononL 0.004 0.563079 -0.395265 0.0385927 0
0 3980 phononL 0.004 -0.369357 -1.02348 -0.000243273 0
0 3981 phononL 0.004 -1.59372 -1.0686 -0.036801 0
0 3982 phononL 0.004 -0.735806 1.19917 -0.0269247 0
0 3983 phononL 0.004 1.56066 -1.57203 0.00732374 0
0 3984 phononL 0.004 -1.02686 0.796261 0.00749441 0
0 3985 phononL 0.004 0.990127 1.46649 -0.0288845 0
0 3986 phononL 0.004 -2.12302 0.562104 -0.0325983 0
0 3987 phononL 0.004 -0.373417 1.42852 0.0382732 0
0 3988 phononL 0.004 -0.606117 -0.0880654 -0.0264967 0
0 3989 phononL 0.004 1.9853 0.565839 -0.00480342 0
0 3990 phononL 0.004 1.91433 0.0895936 0.00624171 0
0 3991 phononL 0.004 0.403418 -0.569698 0.0156431 0
0 3992 phononL 0.004 -1.87841 -0.0309654 -0.0295956 0
0 3993 phononL 0.004 -1.70128 -0.438898 -0.0338242 0
0 3994 phononL 0.004 -0.358295 1.5582 0.0341131 0
0 3995 phononL 0.004 0.838285 1.52411 0.0317771 0
0 3996 phononL 0.004 -0.707818 -0.0677568 -0.0220343 0
0 3997 phononL 0.004 0.213132 0.252774 0.0290254 0
0 3998 phononL 0.004 1.81933 -2.0458 0.00808783 0
0 3999 phononL 0.004 0.0988039 0.962519 0.0312702 0
0 4000 phononL 0.004 -0.856651 -0.853749 -0.0235973 0
0 4001 phononL 0.004 -1.82461 0.717172 -0.0347725 0
0 4002 phononL 0.004 1.13963 -0.61849 -0.0372634 0
0 4003 phononL 0.004 0.576046 0.671722 -0.031216 0
0 4004 phononL 0.004 1.92015 -1.00274 0.0262647 0
0 4005 phononL 0.004 -1.88854 -0.274669 0.0114518 0
0 4006 phononL 0.004 1.43518 1.79851 0.0284583 0
0 4007 phononL 0.004 2.0876 -1.77333 -0.0272533 0
0 4008 phononL 0.004 0.00284122 -2.09187 0.0357926 0
0 4009 phononL 0.004 2.09736 1.20968 0.0200398 0
0 4010 phononL 0.004 -1.69035 1.1113 0.0195456 0
0 4011 phononL 0.004 2.17932 0.680024 0.000504639 0
0 4012 phononL 0.004 -1.34066 1.84474 0.0334593 0
0 4013 phononL 0.004 1.07404 -0.000601867 -0.0386086 0
0 4014 phononL 0.004 0.953794 -1.37699 -0.0319426 0
0 4015 phononL 0.004 1.01739 1.06827 0.0251637 0
0 4016 phononL 0.004 1.87026 1.48824 -0.0334451 0
0 4017 phononL 0.004 -1.47138 1.81667 0.00715995 0
0 4018 phononL 0.004 0.325983 -1.91503 0.0285167 0
0 4019 phononL 0.004 -0.176444 -1.14298 0.0277544 0
0 4020 phononL 0.004 1.1735 1.52292 0.0035056 0
0 4021 phononL 0.004 -0.473999 -0.50144 -0.038849 0
0 4022 phononL 0.004 0.282036 -1.22212 -0.023844 0
0 4023 phononL 0.004 -1.65294 1.09915 0.00993534 0
0 4024 phononL 0.004 -1.86431 -1.70196 -0.034505 0
0 4025 phononL 0.004 1.44326 -0.806986 0.00922549 0
0 4026 phononL 0.004 -1.09249 -2.14705 -0.0315855 0
0 4027 phononL 0.004 1.10696 -2.13734 0.0386509 0
0 4028 phononL 0.004 -1.45427 -1.6058 -0.037907 0
0 4029 phononL 0.004 -1.35941 0.876876 -0.00273431 0
0 4030 phononL 0.004 -0.396693 -0.982058 -0.00115961 0
0 4031 phononL 0.004 -2.13029 -0.164257 -0.0230424 0
0 4032 phononL 0.004 1.45287 0.509185 -0.0336984 0
0 4033 phononL 0.004 -1.90021 -0.0762219 -0.000959572 0
0 4034 phononL 0.004 -0.462322 -0.635226 0.0203758 0
0 4035 phononL 0.004 1.50079 -1.10922 0.0179059 0
0 4036 phononL 0.004 1.92396 0.444897 0.0269452 0
0 4037 phononL 0.004 -1.58189 2.11726 0.00942006 0
0 4038 phononL 0.004 1.1552 0.0407076 -0.00317884 0
0 4039 phononL 0.004 1.84993 -1.87229 -0.0318054 0
0 4040 phononL 0.004 1.46075 -2.15859 0.0313813 0
0 4041 phononL 0.004 0.0264254 -0.268938 -0.026715 0
0 4042 phononL 0.004 0.830651 0.62614 -0.00647183 0
0 4043 phononL 0.004 -1.3214 -0.879482 0.0236166 0
0 4044 phononL 0.004 -0.198398 -0.968745 -0.00614675 0
0 4045 phononL 0.004 1.68752 1.67297 0.0326381 0
0 4046 phononL 0.004 -1.08837 -1.35984 -0.0310447 0
0 4047 phononL 0.004 1.50909 -1.19211 -0.0366468 0
0 4048 phononL 0.004 -0.0144951 -0.597478 -0.0321178 0
0 4049 phononL 0.004 -1.46228 0.651341 0.0313256 0
0 4050 phononL 0.004 -1.56982 -1.30637 0.00597176 0
0 4051 phononL 0.004 -1.50385 0.0974497 -0.0188628 0
0 4052 phononL 0.004 2.08573 -1.84182 -0.00299017 0
0 4053 phononL 0.004 -1.80717 0.534361 -0.00455845 0
0 4054 phononL 0.004 1.45804 -0.132344 0.0278541 0
0 4055 phononL 0.004 -1.33095 2.10846 -0.00356876 0
0 4056 phononL 0.004 0.641042 0.942729 0.0383717 0
0 4057 phononL 0.004 -0.0802945 0.102358 0.0308251 0
0 4058 phononL 0.004 -1.84757 -0.873305 0.0210116 0
0 4059 phononL 0.004 -1.204 -0.164413 0.037355 0
0 4060 phononL 0.004 1.26918 -0.151151 -0.0260822 0
0 4061 phononL 0.004 -0.980596 1.12975 -0.0272875 0
0 4062 phononL 0.004 -1.73444 1.55305 0.0116861 0
0 4063 phononL 0.004 1.75828 1.00801 0.0237227 0
0 4064 phononL 0.004 1.05363 0.520679 0.0273589 0
0 4065 phononL 0.004 -0.532237 0.287926 -0.0258225 0
0 4066 phononL 0.004 0.174169 -1.48766 -0.00126049 0
0 4067 phononL 0.004 1.31044 -1.23685 0.0177155 0
0 4068 phononL 0.004 1.49816 -0.683611 0.0119959 0
0 4069 phononL 0.004 -0.445586 -1.97455 -0.0254824 0
0 4070 phononL 0.004 -2.00882 -0.242523 0.0182482 0
0 4071 phononL 0.004 0.480504 0.137009 0.0216926 0
0 4072 phononL 0.004 0.674787 2.06749 0.0127618 0
0 4073 phononL 0.004 -0.92145 1.45694 -0.0241194 0
0 4074 phononL 0.004 0.969331 1.85969 0.0289466 0
0 4075 phononL 0.004 -1.42607 2.23207 0.0358167 0
0 4076 phononL 0.004 0.49511 1.3256 0.0339355 0
0 4077 phononL 0.004 -1.69276 0.556925 -0.0212925 0
0 4078 phononL 0.004 -1.5805 2.11705 0.0312718 0
0 4079 phononL 0.004 0.478121 2.10181 0.0122091 0
0 4080 phononL 0.004 -1.07752 -0.471067 0.031666 0
0 4081 phononL 0.004 0.401015 1.05078 0.0330614 0
0 4082 phononL 0.004 -1.05554 0.242111 -0.031559 0
0 4083 phononL 0.004 -1.61887 0.113516 0.0210776 0
0 4084 phononL 0.004 1.18366 0.897152 -0.00979136 0
0 4085 phononL 0.004 -0.604341 -0.0610265 -0.0383199 0
0 4086 phononL 0.004 -1.41261 -1.46842 -0.0241128 0
0 4087 phononL 0.004 -0.173662 -0.078379 -0.000768618 0
0 4088 phononL 0.004 -0.308347 -0.6826 -0.0391489 0
0 4089 phononL 0.004 2.15994 1.20218 -0.0319129 0
0 4090 phononL 0.004 -2.11396 1.01133 0.0270271 0
0 4091 phononL 0.004 1.79036 1.79836 0.0364938 0
0 4092 phononL 0.004 0.127677 0.147699 0.0229383 0
0 4093 phononL 0.004 -2.03902 -1.42356 0.0165842 0
0 4094 phononL 0.004 1.53379 1.85429 -0.00826327 0
0 4095 phononL 0.004 0.337409 -0.376309 0.017999 0
0 4096 phononL 0.004 1.37429 1.90706 -0.00138102 0
0 4097 phononL 0.004 0.89646 -1.06159 -0.0339845 0
0 4098 phononL 0.004 -0.982528 0.935711 -0.0277435 0
0 4099 phononL 0.004 2.15359 -1.58685 0.0133881 0
0 4100 phononL 0.004 2.22789 1.43204 0.0209217 0
0 4101 phononL 0.004 0.32947 -0.466262 0.0356904 0
0 4102 phononL 0.004 -0.689123 -0.666093 -0.0143191 0
0 4103 phononL 0.004 -0.917369 -1.44411 -0.00198156 0
0 4104 phononL 0.004 -0.532438 -1.15468 -0.00272718 0
0 4105 phononL 0.004 -1.23508 0.234064 -0.0277025 0
0 4106 phononL 0.004 -0.814003 -1.69849 -0.0390551 0
0 4107 phononL 0.004 1.98996 -2.14043 -0.0193828 0
0 4108 phononL 0.004 -0.470189 1.87867 0.034862 0
0 4109 phononL 0.004 -1.63474 -0.762918 -0.0168156 0
0 4110 phononL 0.004 -2.02161 -0.250089 -0.033017 0
0 4111 phononL 0.004 1.70166 0.337972 -0.00848323 0
0 4112 phononL 0.004 -1.40992 -0.620707 -0.0168965 0
0 4113 phononL 0.004 0.49629 -1.19323 -0.011055 0
0 4114 phononL 0.004 -0.094345 1.05137 -0.034691 0
0 4115 phononL 0.004 1.44454 -0.288687 0.0334004 0
0 4116 phononL 0.004 -0.975024 -0.634787 0.005325 0
0 4117 phononL 0.004 0.837759 1.41986 0.0395344 0
0 4118 phononL 0.004 1.01751 2.05518 -0.0334927 0
0 4119 phononL 0.004 0.148532 -0.945981 0.00382511 0
0 4120 phononL 0.004 -1.42804 2.23264 -0.00051753 0
0 4121 phononL 0.004 0.730536 -1.15167 -0.0319459 0
0 4122 phononL 0.004 1.16375 -1.50456 -0.00302699 0
0 4123 phononL 0.004 -1.87607 -1.13567 -0.0228496 0
0 4124 phononL 0.004 -2.07263 -0.204226 0.0181601 0
0 4125 phononL 0.004 1.05246 -0.980486 -0.0366489 0
0 4126 phononL 0.004 0.134654 -1.22835 -0.0169344 0
0 4127 phononL 0.004 0.697072 -1.94419 0.0172758 0
0 4128 phononL 0.004 1.66757 -1.8063 -0.009378 0
0 4129 phononL 0.004 -1.8759 -1.46358 -0.00665629 0
0 4130 phononL 0.004 -1.16353 0.502046 -0.00577064 0
0 4131 phononL 0.004 1.20959 -1.28827 -0.027866 0
0 4132 phononL 0.004 1.01162 0.216272 0.0373146 0
0 4133 phononL 0.004 -0.239843 2.21201 0.0385943 0
0 4134 phononL 0.004 -0.942823 0.0837366 -0.0351474 0
0 4135 phononL 0.004 -0.885122 1.37561 0.00988586 0
0 4136 phononL 0.004 -0.535125 -0.447102 0.0273204 0
0 4137 phononL 0.004 -0.96373 1.76994 0.0288071 0
0 4138 phononL 0.004 0.485945 1.32925 0.0163606 0
0 4139 phononL 0.004 -1.19996 1.40646 0.0213036 0
0 4140 phononL 0.004 -1.45097 -0.567397 -0.0177591 0
0 4141 phononL 0.004 -2.14223 -1.97694 0.0178541 0
0 4142 phononL 0.004 -0.000894143 0.971972 0.0098011 0
0 4143 phononL 0.004 -1.52342 2.13062 -0.0255596 0
0 4144 phononL 0.004 -0.254708 -1.39819 -0.000917913 0
0 4145 phononL 0.004 -0.539599 -0.657826 -0.0322429 0
0 4146 phononL 0.004 1.11484 -1.00358 -0.0376715 0
0 4147 phononL 0.004 -2.10244 -1.66018 0.0323722 0
0 4148 phononL 0.004 1.53202 -1.99687 0.0231181 0
0 4149 phononL 0.004 -0.837619 1.16534 0.0253232 0
0 4150 phononL 0.004 0.649631 -2.23157 -0.0205716 0
0 4151 phononL 0.004 -1.5833 0.745862 -0.000109864 0
0 4152 phononL 0.004 -1.26743 -0.487545 0.0341086 0
0 4153 phononL 0.004 -0.915762 -1.6677 0.0186201 0
0 4154 phononL 0.004 -1.56145 1.48908 -0.035 0
0 4155 phononL 0.004 -2.11365 1.87264 -0.0144526 0
0 4156 phononL 0.004 -2.1821 -0.985286 0.0244767 0
0 4157 phononL 0.004 1.25131 -1.67336 -0.0239415 0
0 4158 phononL 0.004 1.90564 -0.0663435 -0.018862 0
0 4159 phononL 0.004 -0.813072 -1.76962 0.0347129 0
0 4160 phononL 0.004 0.454224 0.882167 0.0326598 0
0 4161 phononL 0.004 2.08604 -1.15376 -0.0305808 0
0 4162 phononL 0.004 1.76667 0.271477 -0.034557 0
0 4163 phononL 0.004 -1.06956 1.33587 -0.0246452 0
0 4164 phononL 0.004 -2.23193 0.52272 -0.000514268 0
0 4165 phononL 0.004 1.9205 0.626663 0.0337606 0
0 4166 phononL 0.004 0.400349 0.293593 0.00281535 0
0 4167 phononL 0.004 -0.395128 -2.03901 -0.00645288 0
0 4168 phononL 0.004 -1.67331 -2.01969 0.0176684 0
0 4169 phononL 0.004 1.32452 -0.574794 -0.00408773 0
0 4170 phononL 0.004 2.21857 0.102799 0.0384337 0
0 4171 phononL 0.004 0.458308 0.416409 0.000142794 0
0 4172 phononL 0.004 1.63307 -2.21625 -0.032195 0
0 4173 phononL 0.004 0.331722 -1.6987 0.008437 0
0 4174 phononL 0.004 -0.932674 1.27378 0.0352803 0
0 4175 phononL 0.004 -1.8761 -1.23432 -0.00194877 0
0 4176 phononL 0.004 -1.21051 -0.853243 -0.0198459 0
0 4177 phononL 0.004 -0.400798 -1.57618 0.0248056 0
0 4178 phononL 0.004 -0.146859 -0.721973 -0.0187113 0
0 4179 phononL 0.004 2.01974 0.86531 0.0283328 0
0 4180 phononL 0.004 1.52938 0.862353 -0.0260775 0
0 4181 phononL 0.004 0.114708 0.840016 -0.031166 0
0 4182 phononL 0.004 1.65645 0.20462 0.0256166 0
0 4183 phononL 0.004 -1.20614 0.0695538 -0.039427 0
0 4184 phononL 0.004 -1.2947 -1.40443 0.00970188 0
0 4185 phononL 0.004 0.568813 -1.3498 0.035609 0
0 4186 phononL 0.004 1.38205 0.355469 0.00155844 0
0 4187 phononL 0.004 -1.01381 1.59323 -0.0187939 0
0 4188 phononL 0.004 1.40248 1.26712 0.037824 0
0 4189 phononL 0.004 -0.810777 0.422321 0.00851259 0
0 4190 phononL 0.004 -0.560164 -0.0927149 -0.0329657 0
0 4191 phononL 0.004 1.83744 -0.91232 -0.0194399 0
0 4192 phononL 0.004 -2.0303 0.730595 0.00854727 0
0 4193 phononL 0.004 -1.7878 0.130849 0.011463 0
0 4194 phononL 0.004 0.0010727 1.80203 0.0286932 0
0 4195 phononL 0.004 -0.483704 -0.712392 0.0323573 0
0 4196 phononL 0.004 1.05427 -0.0263769 0.0271045 0
0 4197 phononL 0.004 1.145 0.605198 0.0306943 0
0 4198 phononL 0.004 -0.728164 -1.91181 -0.0226724 0
0 4199 phononL 0.004 -1.56446 1.65887 0.0361784 0
0 4200 phononL 0.004 -1.74575 -0.766832 -0.00463642 0
0 4201 phononL 0.004 -0.6119 -1.42779 0.0324091 0
0 4202 phononL 0.004 0.655435 0.309533 0.0398287 0
0 4203 phononL 0.004 -1.88877 1.67686 -0.0310213 0
0 4204 phononL 0.004 -2.22056 1.60102 -0.0374595 0
0 4205 phononL 0.004 -1.4847 0.64858 -0.0124369 0
0 4206 phononL 0.004 -1.89445 -0.980984 0.0116595 0
0 4207 phononL 0.004 -0.711154 0.908506 -0.0244305 0
0 4208 phononL 0.004 1.86106 -0.945407 0.0247058 0
0 4209 phononL 0.004 1.27975 1.63311 -0.0128519 0
0 4210 phononL 0.004 -1.89646 -2.04472 0.0372557 0
0 4211 phononL 0.004 -0.180683 1.98876 0.0259467 0
0 4212 phononL 0.004 -1.50331 0.7931 -0.0349456 0
0 4213 phononL 0.004 -1.36595 1.80482 -0.037026 0
0 4214 phononL 0.004 0.0348899 0.0830123 -0.0126888 0
0 4215 phononL 0.004 -2.08045 0.828247 0.0396264 0
0 4216 phononL 0.004 1.35518 1.3526 -0.020812 0
0 4217 phononL 0.004 0.438124 -0.704558 0.0213937 0
0 4218 phononL 0.004 -0.650055 1.819 -0.0326798 0
0 4219 phononL 0.004 -0.56923 2.18409 -0.0322304 0
0 4220 phononL 0.004 -1.37458 0.744201 -0.037108 0
0 4221 phononL 0.004 0.363904 -0.29181 0.0290866 0
0 4222 phononL 0.004 -0.759812 -1.28869 0.0293723 0
0 4223 phononL 0.004 -1.34887 -1.3575 0.0175127 0
0 4224 phononL 0.004 2.1308 -1.62436 -0.00559335 0
0 4225 phononL 0.004 0.310333 -0.809478 0.0258579 0
0 4226 phononL 0.004 1.59433 -0.0666715 0.00246695 0
0 4227 phononL 0.004 1.3181 -0.130083 -0.0376562 0
0 4228 phononL 0.004 -0.477492 -1.457 -0.0221238 0
0 4229 phononL 0.004 -2.01947 2.2355 -0.0325179 0
0 4230 phononL 0.004 1.24159 0.384205 0.0164357 0
0 4231 phononL 0.004 0.373752 -1.77263 0.038138 0
0 4232 phononL 0.004 0.660021 1.35417 -0.0123772 0
0 4233 phononL 0.004 0.0799572 1.24026 -0.00803525 0
0 4234 phononL 0.004 0.689663 1.93906 -0.00379242 0
0 4235 phononL 0.004 1.38155 -1.55331 -0.00656585 0
0 4236 phononL 0.004 -1.47068 2.1896 -0.0370865 0
0 4237 phononL 0.004 0.0606269 -1.22749 -0.000953525 0
0 4238 phononL 0.004 0.15922 0.331212 0.0268993 0
0 4239 phononL 0.004 -1.27766 -2.09801 0.00466238 0
0 4240 phononL 0.004 1.89472 1.75997 -0.0236774 0
0 4241 phononL 0.004 -0.160132 -0.257453 -0.0166693 0
0 4242 phononL 0.004 -1.84557 -0.100753 -0.0340161 0
0 4243 phononL 0.004 -1.37716 -0.974644 0.0177835 0
0 4244 phononL 0.004 -0.157419 0.320968 -0.0358617 0
0 4245 phononL 0.004 -0.0106032 0.00530128 -0.0223814 0
0 4246 phononL 0.004 1.27501 1.20549 -0.0125356 0
0 4247 phononL 0.004 0.278597 -1.12437 -0.0168621 0
0 4248 phononL 0.004 1.50055 -1.79396 0.0278959 0
0 4249 phononL 0.004 0.357047 -2.04732 0.00979406 0
0 4250 phononL 0.004 0.248865 1.57987 0.0282177 0
0 4251 phononL 0.004 0.0481039 -1.87077 0.0309501 0
0 4252 phononL 0.004 -2.08435 -0.345262 -0.00345578 0
0 4253 phononL 0.004 1.77661 -0.24017 -0.00272339 0
0 4254 phononL 0.004 0.299638 -0.0309527 0.0384775 0
0 4255 phononL 0.004 -2.02746 -0.900373 -0.0207229 0
0 4256 phononL 0.004 -0.811347 -0.822706 0.013063 0
0 4257 phononL 0.004 0.428133 0.753323 0.00270735 0
0 4258 phononL 0.004 1.13564 -0.649161 -0.0339615 0
0 4259 phononL 0.004 0.932426 -0.280087 0.00302425 0
0 4260 phononL 0.004 -0.642559 0.183544 -0.00665878 0
0 4261 phononL 0.004 0.976568 0.98837 -0.0270247 0
0 4262 phononL 0.004 -1.72635 0.666086 0.0175992 0
0 4263 phononL 0.004 -1.82472 1.54012 0.0298576 0
0 4264 phononL 0.004 0.0601803 2.15246 -0.0153629 0
0 4265 phononL 0.004 -1.83887 0.382861 -0.0352701 0
0 4266 phononL 0.004 -2.22411 1.39576 0.0289805 0
0 4267 phononL 0.004 -0.2401 0.751302 0.0181779 0
0 4268 phononL 0.004 -1.46915 0.878445 -0.00405906 0
0 4269 phononL 0.004 -1.67649 -0.453565 0.0302152 0
0 4270 phononL 0.004 -0.519402 -0.690652 -0.0322 0
0 4271 phononL 0.004 -1.37657 1.13383 -0.0395775 0
0 4272 phononL 0.004 -2.12801 -1.00313 -0.00899543 0
0 4273 phononL 0.004 -0.36636 0.698439 0.0207119 0
0 4274 phononL 0.004 -1.2506 0.173136 -0.0334817 0
0 4275 phononL 0.004 1.14828 -0.478531 0.0313762 0
0 4276 phononL 0.004 -0.503021 -0.178696 -0.0184841 0
0 4277 phononL 0.004 -1.13171 0.479569 0.00956221 0
0 4278 phononL 0.004 2.01847 0.651445 0.0372392 0
0 4279 phononL 0.004 1.71958 -1.38617 0.0123189 0
0 4280 phononL 0.004 -0.5684 -1.58568 -0.0263722 0
0 4281 phononL 0.004 -0.848629 1.68755 0.0118006 0
0 4282 phononL 0.004 -1.19147 -0.395209 -0.0298072 0
0 4283 phononL 0.004 -1.99713 -0.523202 -0.0365783 0
0 4284 phononL 0.004 -1.27223 0.621965 0.0387287 0
0 4285 phononL 0.004 1.91536 -1.99543 -0.036695 0
0 4286 phononL 0.004 0.277087 2.13468 0.0330463 0
0 4287 phononL 0.004 0.826624 0.850266 0.0127256 0
0 4288 phononL 0.004 -0.0388101 -1.25802 -0.00175056 0
0 4289 phononL 0.004 0.483267 -0.57868 -0.0134736 0
0 4290 phononL 0.004 1.86742 0.485097 0.0183989 0
0 4291 phononL 0.004 -0.954992 1.89648 -0.0193536 0
0 4292 phononL 0.004 -1.80927 -1.86139 -0.0182672 0
0 4293 phononL 0.004 -0.763146 -1.27424 -0.0139362 0
0 4294 phononL 0.004 0.518039 0.487219 0.020347 0
0 4295 phononL 0.004 -1.39552 -1.15192 -0.0184456 0
0 4296 phononL 0.004 0.781218 -1.14237 0.00904556 0
0 4297 phononL 0.004 0.728799 -0.502628 -0.0110731 0
0 4298 phononL 0.004 1.98471 -2.19331 0.0230264 0
0 4299 phononL 0.004 -0.147338 -1.49312 -0.0165098 0
0 4300 phononL 0.004 -0.778562 0.801168 0.0381633 0
0 4301 phononL 0.004 -1.34677 1.07622 -0.0284431 0
0 4302 phononL 0.004 -1.06632 0.187494 -0.0159321 0
0 4303 phononL 0.004 -0.819072 -2.14174 0.0213093 0
0 4304 phononL 0.004 -0.010959 -1.2997 -0.0116957 0
0 4305 phononL 0.004 1.58246 0.726114 0.0368225 0
0 4306 phononL 0.004 -1.71937 -0.143155 0.0299248 0
0 4307 phononL 0.004 -1.03905 -1.40883 0.0104078 0
0 4308 phononL 0.004 0.576717 -1.14722 0.0173864 0
0 4309 phononL 0.004 -0.398659 -1.38658 -0.00633072 0
0 4310 phononL 0.004 -0.262777 1.12852 -0.0318508 0
0 4311 phononL 0.004 0.874981 0.102373 -0.0101321 0
0 4312 phononL 0.004 2.09889 0.181184 -0.0228157 0
0 4313 phononL 0.004 0.926377 -0.390465 -0.0210419 0
0 4314 phononL 0.004 -1.51802 1.97737 0.0235265 0
0 4315 phononL 0.004 -2.08388 1.83185 0.016507 0
0 4316 phononL 0.004 -1.53018 0.0480183 -0.0369635 0
0 4317 phononL 0.004 -1.03422 -1.72303 -0.0175285 0
0 4318 phononL 0.004 -1.4659 0.469362 -0.0367286 0
0 4319 phononL 0.004 0.459302 -2.22165 -0.0336673 0
0 4320 phononL 0.004 -1.45925 1.36634 0.0111308 0
0 4321 phononL 0.004 -0.787104 1.67144 -0.0380096 0
0 4322 phononL 0.004 0.757284 1.1478 -0.00221886 0
0 4323 phononL 0.004 -2.03028 0.971838 -0.0338139 0
0 4324 phononL 0.004 1.98593 -0.947303 0.0153031 0
0 4325 phononL 0.004 -0.797867 -0.74383 -0.0145673 0
0 4326 phononL 0.004 0.826572 1.41614 0.0311676 0
0 4327 phononL 0.004 -2.18272 0.563951 -0.0311714 0
0 4328 phononL 0.004 1.70224 0.10496 0.00336942 0
0 4329 phononL 0.004 -0.380595 1.22696 -0.0319528 0
0 4330 phononL 0.004 -0.065488 1.18392 -0.0222186 0
0 4331 phononL 0.004 -1.91403 2.16138 0.0398758 0
0 4332 phononL 0.004 -1.5212 -0.22845 0.0197152 0
0 4333 phononL 0.004 1.20663 1.00603 -0.0280751 0
0 4334 phononL 0.004 -1.26664 -0.377392 0.0138245 0
0 4335 phononL 0.004 1.42226 0.986443 -0.00500413 0
0 4336 phononL 0.004 1.84409 -0.922296 -0.0117035 0
0 4337 phononL 0.004 -1.91151 0.363284 0.00896697 0
0 4338 phononL 0.004 0.532764 1.93655 0.0015155 0
0 4339 phononL 0.004 -0.120653 -0.381151 0.0283828 0
0 4340 phononL 0.004 -1.88319 -0.810447 0.0104984 0
0 4341 phononL 0.004 -0.0178571 1.79739 0.0242837 0
0 4342 phononL 0.004 -1.4196 1.36247 0.0170355 0
0 4343 phononL 0.004 0.881728 2.12571 0.0204733 0
0 4344 phononL 0.004 -1.57595 -1.90879 -0.0235213 0
0 4345 phononL 0.004 1.34024 -1.16172 -0.0216336 0
0 4346 phononL 0.004 -2.14074 0.606845 0.0391319 0
0 4347 phononL 0.004 1.5896 -0.433802 0.0104044 0
0 4348 phononL 0.004 1.78651 -0.288653 0.0262575 0
0 4349 phononL 0.004 1.33011 -0.0616824 -0.039425 0
0 4350 phononL 0.004 -1.89165 -1.85651 0.0058571 0
0 4351 phononL 0.004 1.85052 1.62089 -0.0233326 0
0 4352 phononL 0.004 -0.0853194 -1.76792 0.0130146 0
0 4353 phononL 0.004 -0.765535 -1.70532 0.00703717 0
0 4354 phononL 0.004 -2.02785 0.818622 0.0183659 0
0 4355 phononL 0.004 0.806844 -1.56232 -0.00307036 0
0 4356 phononL 0.004 -1.33634 -2.17147 0.0274865 0
0 4357 phononL 0.004 0.778038 -1.0657 0.035595 0
0 4358 phononL 0.004 0.217759 1.76664 0.0386427 0
0 4359 phononL 0.004 -1.75228 -0.491154 -0.033377 0
0 4360 phononL 0.004 2.07652 0.318871 -0.0265925 0
0 4361 phononL 0.004 -0.655899 -1.18454 0.013681 0
0 4362 phononL 0.004 1.26832 -1.20394 0.0100108 0
0 4363 phononL 0.004 -0.432819 1.07259 0.0382553 0
0 4364 phononL 0.004 0.354701 -1.30938 0.0014782 0
0 4365 phononL 0.004 -0.604364 2.02641 0.00170989 0
0 4366 phononL 0.004 1.06349 -1.8203 -0.0321804 0
0 4367 phononL 0.004 1.62467 -1.78462 -0.0192473 0
0 4368 phononL 0.004 -1.78131 -0.42947 0.00533692 0
0 4369 phononL 0.004 1.73514 0.00313346 0.0232732 0
0 4370 phononL 0.004 -2.21541 -0.24543 0.0360312 0
0 4371 phononL 0.004 -2.18702 -0.898293 -0.0283495 0
0 4372 phononL 0.004 -1.1362 0.0906702 0.0380268 0
0 4373 phononL 0.004 -0.131362 0.22442 0.0364746 0
0 4374 phononL 0.004 -0.479337 -0.841482 0.0369333 0
0 4375 phononL 0.004 -2.02307 1.12304 0.00263435 0
0 4376 phononL 0.004 1.38846 -1.59655 0.000655217 0
0 4377 phononL 0.004 0.87298 1.42362 -0.0274174 0
0 4378 phononL 0.004 -0.15508 -0.192652 0.0331589 0
0 4379 phononL 0.004 1.53903 -1.80368 0.0326624 0
0 4380 phononL 0.004 -1.28809 0.174815 0.0132316 0
0 4381 phononL 0.004 1.93604 -1.1063 -0.0301313 0
0 4382 phononL 0.004 -0.331173 1.36138 0.00611286 0
0 4383 phononL 0.004 -0.67862 0.970552 0.0169566 0
0 4384 phononL 0.004 -1.62143 -2.19252 -0.00811374 0
0 4385 phononL 0.004 2.02897 -1.42257 -0.00128333 0
0 4386 phononL 0.004 -1.18716 -1.92382 -0.0384158 0
0 4387 phononL 0.004 -1.22603 1.32336 -0.00617093 0
0 4388 phononL 0.004 -0.414161 1.37683 0.0125233 0
0 4389 phononL 0.004 1.14102 0.298395 0.00133913 0
0 4390 phononL 0.004 0.700513 -0.559513 -0.0146919 0
0 4391 phononL 0.004 -2.17109 -0.448164 -0.00771993 0
0 4392 phononL 0.004 -1.62197 0.903647 0.0165231 0
0 4393 phononL 0.004 1.4722 -0.876374 0.0249323 0
0 4394 phononL 0.004 2.03231 0.66816 0.0382615 0
0 4395 phononL 0.004 -0.105236 0.0790492 -0.00208168 0
0 4396 phononL 0.004 0.457162 -1.56368 -0.00121238 0
0 4397 phononL 0.004 -0.872183 -0.338709 -0.00396429 0
0 4398 phononL 0.004 -1.87469 0.630736 -0.0148657 0
0 4399 phononL 0.004 1.83932 -2.21614 -0.0179522 0
0 4400 phononL 0.004 -2.21305 1.42614 0.0353684 0
0 4401 phononL 0.004 -1.39796 -2.18521 -0.00508997 0
0 4402 phononL 0.004 1.60926 0.0110266 0.0256398 0
0 4403 phononL 0.004 -0.788271 -2.01216 -0.0129952 0
0 4404 phononL 0.004 0.808821 -0.971116 -0.0327994 0
0 4405 phononL 0.004 -0.339519 -1.63594 0.0124795 0
0 4406 phononL 0.004 0.526886 1.60811 0.0197563 0
0 4407 phononL 0.004 0.274766 1.41683 0.0244611 0
0 4408 phononL 0.004 1.92519 -0.669645 -0.010192 0
0 4409 phononL 0.004 -1.18582 0.997783 -0.00349905 0
0 4410 phononL 0.004 2.00868 -0.416782 0.0276783 0
0 4411 phononL 0.004 2.23176 -0.565219 0.0138601 0
0 4412 phononL 0.004 -0.392024 -0.592194 0.0294934 0
0 4413 phononL 0.004 0.65945 2.19042 5.6295e-05 0
0 4414 phononL 0.004 1.80065 -1.29713 -0.0265777 0
0 4415 phononL 0.004 -2.0398 -1.48456 -0.0215078 0
0 4416 phononL 0.004 -0.496277 1.83524 -0.00864585 0
0 4417 phononL 0.004 -1.37462 0.361092 -0.0366054 0
0 4418 phononL 0.004 1.27351 0.0661833 0.0235808 0
0 4419 phononL 0.004 -1.13332 1.90855 0.0299189 0
0 4420 phononL 0.004 0.772409 0.998182 0.0235563 0
0 4421 phononL 0.004 1.49836 -0.404329 0.0297962 0
0 4422 phononL 0.004 -1.16638 1.57163 -0.024113 0
0 4423 phononL 0.004 0.606598 0.870251 -0.0016055 0
0 4424 phononL 0.004 0.269622 -1.63763 0.0226866 0
0 4425 phononL 0.004 0.562338 1.98298 -0.0301829 0
0 4426 phononL 0.004 -0.593549 -0.774455 -0.0201987 0
0 4427 phononL 0.004 -0.72874 -1.86275 0.0357293 0
0 4428 phononL 0.004 0.604404 1.09887 -0.0101979 0
0 4429 phononL 0.004 -1.49611 0.626271 0.00433276 0
0 4430 phononL 0.004 -2.00833 -1.75005 -0.0260338 0
0 4431 phononL 0.004 2.18747 1.06884 -0.0325468 0
0 4432 phononL 0.004 2.08213 0.984779 0.0294733 0
0 4433 phononL 0.004 -1.77054 -0.178993 0.0318193 0
0 4434 phononL 0.004 0.61385 1.01173 -0.0151933 0
0 4435 phononL 0.004 0.938779 1.74989 0.0284409 0
0 4436 phononL 0.004 -1.02328 -1.52829 0.00322431 0
0 4437 phononL 0.004 -1.20598 -1.74463 0.0387606 0
0 4438 phononL 0.004 -0.0590011 1.54898 -0.00500855 0
0 4439 phononL 0.004 -1.24618 -0.192569 0.0121204 0
0 4440 phononL 0.004 -1.91578 -1.23161 -0.0136439 0
0 4441 phononL 0.004 0.253473 1.56736 0.000356704 0
0 4442 phononL 0.004 2.10283 1.66858 -0.0170332 0
0 4443 phononL 0.004 2.22718 1.45065 -0.0326664 0
0 4444 phononL 0.004 -2.08481 1.44616 -0.0371883 0
0 4445 phononL 0.004 -1.72206 2.21621 0.037351 0
0 4446 phononL 0.004 -0.596703 -1.4403 0.018825 0
0 4447 phononL 0.004 1.16789 0.811231 -0.0393792 0
0 4448 phononL 0.004 -1.89551 -1.52953 -0.0315222 0
0 4449 phononL 0.004 0.122488 0.669805 -0.00529873 0
0 4450 phononL 0.004 0.22393 2.17286 0.00988925 0
0 4451 phononL 0.004 -0.868965 -1.90543 -0.0128788 0
0 4452 phononL 0.004 0.681724 1.66662 -0.0228696 0
0 4453 phononL 0.004 2.06766 0.47368 -0.00639904 0
0 4454 phononL 0.004 -2.1296 -2.16814 -0.0101239 0
0 4455 phononL 0.004 -0.932515 -1.27693 -0.0250071 0
0 4456 phononL 0.004 0.804685 2.04134 -0.00356374 0
0 4457 phononL 0.004 -2.05186 -0.42694 0.0233933 0
0 4458 phononL 0.004 -0.745271 -0.752506 -0.00539687 0
0 4459 phononL 0.004 -1.46456 0.674532 -0.025796 0
0 4460 phononL 0.004 -0.935195 0.945632 -0.0299353 0
0 4461 phononL 0.004 -0.556752 1.28419 0.0220481 0
0 4462 phononL 0.004 -0.411838 -0.233972 0.00161899 0
0 4463 phononL 0.004 1.17956 0.00597177 -0.00027923 0
0 4464 phononL 0.004 1.80984 0.185051 -0.0324696 0
0 4465 phononL 0.004 -0.016253 -1.90512 0.027822 0
0 4466 phononL 0.004 0.065663 -1.18806 -0.0125128 0
0 4467 phononL 0.004 -1.71508 1.57015 -0.0394239 0
0 4468 phononL 0.004 -2.14291 0.961265 -0.0347291 0
0 4469 phononL 0.004 -1.44357 -1.36304 0.0151114 0
0 4470 phononL 0.004 0.533413 1.51454 -0.0388176 0
0 4471 phononL 0.004 -0.540128 0.619522 -0.0338629 0
0 4472 phononL 0.004 0.457984 0.381803 0.0322627 0
0 4473 phononL 0.004 0.25061 0.260119 -0.0216441 0
0 4474 phononL 0.004 -0.00421192 0.548671 0.0123032 0
0 4475 phononL 0.004 -0.194352 -2.10291 -0.020849 0
0 4476 phononL 0.004 1.95176 -1.80539 -0.00496333 0
0 4477 phononL 0.004 -1.88203 0.476364 -0.00727725 0
0 4478 phononL 0.004 0.36109 1.78122 0.0164363 0
0 4479 phononL 0.004 -0.177113 1.25849 -0.0338865 0
0 4480 phononL 0.004 0.0749842 -0.822384 0.0291176 0
0 4481 phononL 0.004 -0.174104 0.302453 0.0166643 0
0 4482 phononL 0.004 -1.22701 -1.4906 -0.0388812 0
0 4483 phononL 0.004 1.10667 1.99521 0.00563105 0
0 4484 phononL 0.004 1.65731 -1.94892 0.0366475 0
0 4485 phononL 0.004 0.075504 0.145036 -0.0290466 0
0 4486 phononL 0.004 0.0136675 -0.195896 -0.0211731 0
0 4487 phononL 0.004 -1.95426 0.855591 -0.00177675 0
0 4488 phononL 0.004 0.920735 -1.52546 0.0121516 0
0 4489 phononL 0.004 -1.24287 -0.85054 0.00717496 0
0 4490 phononL 0.004 -2.19283 -0.680474 0.0172163 0
0 4491 phononL 0.004 1.65636 -2.13341 0.0287151 0
0 4492 phononL 0.004 0.0182387 2.05329 0.0269858 0
0 4493 phononL 0.004 0.397483 -0.500277 0.0212373 0
0 4494 phononL 0.004 0.289953 -1.94666 0.0179358 0
0 4495 phononL 0.004 1.23157 1.23571 0.0337379 0
0 4496 phononL 0.004 -1.11935 -1.84577 0.0159596 0
0 4497 phononL 0.004 -1.55125 -0.697539 0.0165359 0
0 4498 phononL 0.004 2.08247 1.90919 -0.0229375 0
0 4499 phononL 0.004 1.58699 1.82768 0.0117021 0
0 4500 phononL 0.004 -1.49794 -1.01568 0.0306513 0
0 4501 phononL 0.004 -0.757492 -0.91417 -0.0185486 0
0 4502 phononL 0.004 0.694391 1.60709 0.00517868 0
0 4503 phononL 0.004 1.78812 0.108735 -0.037393 0
0 4504 phononL 0.004 -2.1063 -0.636608 -0.0322367 0
0 4505 phononL 0.004 -0.924444 -2.10189 0.0174578 0
0 4506 phononL 0.004 1.4599 -1.66447 0.0312892 0
0 4507 phononL 0.004 -2.13926 -0.406496 -0.0129336 0
0 4508 phononL 0.004 -1.80976 0.384214 -0.0242729 0
0 4509 phononL 0.004 -0.0651431 1.36625 0.0272978 0
0 4510 phononL 0.004 -1.76492 -0.836432 0.028149 0
0 4511 phononL 0.004 0.463309 -1.18746 0.0155748 0
0 4512 phononL 0.004 -0.98 0.738963 -0.0336459 0
0 4513 phononL 0.004 0.234557 1.47051 -0.0135438 0
0 4514 phononL 0.004 1.64762 -1.06356 -0.0147376 0
0 4515 phononL 0.004 2.21697 1.43521 0.0247995 0
0 4516 phononL 0.004 0.0429166 -0.775209 -0.0348226 0
0 4517 phononL 0.004 0.668635 -0.6073 0.0231226 0
0 4518 phononL 0.004 0.102725 1.22003 0.0380209 0
0 4519 phononL 0.004 2.16636 0.947287 0.0326986 0
0 4520 phononL 0.004 0.910761 0.907524 -0.000547623 0
0 4521 phononL 0.004 -0.119651 -1.08693 0.0146081 0
0 4522 phononL 0.004 -0.970893 1.84098 -0.0271569 0
0 4523 phononL 0.004 -0.609099 -0.837292 -0.0271409 0
0 4524 phononL 0.004 0.814847 1.33308 0.0195796 0
0 4525 phononL 0.004 -2.20771 -1.5351 -0.0218331 0
0 4526 phononL 0.004 0.0389392 1.40267 -0.0153812 0
0 4527 phononL 0.004 0.555036 -1.31506 -0.0343597 0
0 4528 phononL 0.004 0.796473 0.274511 -0.00265873 0
0 4529 phononL 0.004 -1.55295 0.132469 0.0334823 0
0 4530 phononL 0.004 0.596404 -0.592792 -0.0304441 0
0 4531 phononL 0.004 0.760374 2.15716 0.0263417 0
0 4532 phononL 0.004 1.43364 -0.717039 -0.0343236 0
0 4533 phononL 0.004 0.855283 0.680937 -0.0394103 0
0 4534 phononL 0.004 0.121059 1.38464 -0.0281478 0
0 4535 phononL 0.004 -1.38416 1.49469 0.00280057 0
0 4536 phononL 0.004 -2.21259 -0.793693 0.035592 0
0 4537 phononL 0.004 2.22329 -1.50923 -0.0323888 0
0 4538 phononL 0.004 1.75133 -0.400511 0.0242768 0
0 4539 phononL 0.004 0.359035 1.85054 -0.0251335 0
0 4540 phononL 0.004 -2.13156 -0.754544 -0.00611825 0
0 4541 phononL 0.004 1.9823 -0.160271 0.0164905 0
0 4542 phononL 0.004 1.26818 0.234526 -0.00750505 0
0 4543 phononL 0.004 1.01011 0.960964 -0.0194299 0
0 4544 phononL 0.004 0.669945 1.61793 0.0301571 0
0 4545 phononL 0.004 2.15298 0.221011 -0.0375657 0
0 4546 phononL 0.004 1.41431 -0.0973509 -0.0341323 0
0 4547 phononL 0.004 -0.961763 -0.0262847 0.0209294 0
0 4548 phononL 0.004 -0.993184 2.06681 0.00109369 0
0 4549 phononL 0.004 1.44086 -1.08591 -0.00557878 0
0 4550 phononL 0.004 1.78642 -1.24415 -0.023732 0
0 4551 phononL 0.004 1.84925 0.700352 -0.0348774 0
0 4552 phononL 0.004 -0.974719 -1.4256 -0.00567646 0
0 4553 phononL 0.004 -0.457589 0.348379 -0.00164208 0
0 4554 phononL 0.004 1.00458 0.634712 0.00713914 0
0 4555 phononL 0.004 1.93329 1.52728 -0.0295567 0
0 4556 phononL 0.004 -0.290719 0.936325 0.00734126 0
0 4557 phononL 0.004 0.254954 -0.143076 0.0343956 0
0 4558 phononL 0.004 0.991372 2.08127 -0.00147236 0
0 4559 phononL 0.004 0.0319436 -0.584908 -0.0228487 0
0 4560 phononL 0.004 0.318247 -1.97861 0.0114652 0
0 4561 phononL 0.004 0.753415 -1.90419 -0.039978 0
0 4562 phononL 0.004 0.699724 1.4614 -0.02155 0
0 4563 phononL 0.004 1.53716 0.411531 0.00488449 0
0 4564 phononL 0.004 1.31986 -0.544642 0.0394719 0
0 4565 phononL 0.004 -0.977178 -0.953684 0.0336229 0
0 4566 phononL 0.004 -0.916482 -0.445627 -0.020721 0
0 4567 phononL 0.004 -0.236778 -1.31067 -0.0210806 0
0 4568 phononL 0.004 1.33028 1.8376 0.0262308 0
0 4569 phononL 0.004 -1.95034 1.23617 -0.0244087 0
0 4570 phononL 0.004 1.3913 0.158544 0.0195776 0
0 4571 phononL 0.004 -1.55425 1.54625 -0.0373838 0
0 4572 phononL 0.004 1.86614 0.883329 0.00541967 0
0 4573 phononL 0.004 2.15344 -0.949408 0.0138191 0
0 4574 phononL 0.004 -1.63253 -1.9366 -0.0338312 0
0 4575 phononL 0.004 0.617291 -0.725081 0.0238578 0
0 4576 phononL 0.004 1.07112 0.631147 0.012434 0
0 4577 phononL 0.004 -1.79664 -1.2967 -0.0394738 0
0 4578 phononL 0.004 0.952218 -2.14932 0.0289144 0
0 4579 phononL 0.004 -0.577129 1.84807 0.000883786 0
0 4580 phononL 0.004 -1.89047 1.75631 -0.0393601 0
0 4581 phononL 0.004 1.47106 1.6492 -0.0233803 0
0 4582 phononL 0.004 1.742 -0.687453 -0.0349981 0
0 4583 phononL 0.004 1.90681 -1.50399 -0.00246695 0
0 4584 phononL 0.004 2.06061 -1.71728 0.016637 0
0 4585 phononL 0.004 1.17975 0.341555 -0.00793726 0
0 4586 phononL 0.004 -1.88581 0.149794 -0.0132191 0
0 4587 phononL 0.004 0.410182 0.597367 0.0100687 0
0 4588 phononL 0.004 0.212348 0.997532 0.0253049 0
0 4589 phononL 0.004 0.313933 0.254721 0.0352235 0
0 4590 phononL 0.004 1.38686 0.614822 -0.00592686 0
0 4591 phononL 0.004 1.60278 0.028665 -0.0387605 0
0 4592 phononL 0.004 -0.674984 1.74034 -0.00963645 0
0 4593 phononL 0.004 -0.105763 -2.10896 0.0273843 0
0 4594 phononL 0.004 -0.679672 0.342835 0.00498819 0
0 4595 phononL 0.004 -0.98404 1.60401 -0.0101259 0
0 4596 phononL 0.004 -0.958564 -1.04671 0.0283817 0
0 4597 phononL 0.004 1.59602 0.537373 -0.0138242 0
0 4598 phononL 0.004 -1.32074 -2.02568 -0.0050246 0
0 4599 phononL 0.004 -0.53515 0.165058 -0.0186637 0
0 4600 phononL 0.004 -0.34522 -1.90612 -0.00705449 0
0 4601 phononL 0.004 -1.01712 1.58904 -0.0382734 0
0 4602 phononL 0.004 -0.790798 -0.633403 0.00361221 0
0 4603 phononL 0.004 0.328012 -0.299213 0.0395324 0
0 4604 phononL 0.004 -0.401149 0.880214 0.0140828 0
0 4605 phononL 0.004 -0.859764 0.47153 -0.0208906 0
0 4606 phononL 0.004 2.03787 -0.35602 0.0309577 0
0 4607 phononL 0.004 -1.7921 1.50897 0.0112048 0
0 4608 phononL 0.004 -1.82827 0.912746 -0.0180297 0
0 4609 phononL 0.004 -0.706226 1.59463 -0.000641381 0
0 4610 phononL 0.004 0.386161 -2.17892 -0.00180493 0
0 4611 phononL 0.004 1.18547 -1.85495 0.00854056 0
0 4612 phononL 0.004 -1.0992 -1.46701 -8.93712e-05 0
0 4613 phononL 0.004 -0.932589 1.37877 -0.0151671 0
0 4614 phononL 0.004 -1.93975 -0.995994 0.00424781 0
0 4615 phononL 0.004 0.399905 2.05118 0.016171 0
0 4616 phononL 0.004 2.12701 0.164879 -0.00823445 0
0 4617 phononL 0.004 -0.407979 -1.66738 0.0201874 0
0 4618 phononL 0.004 -0.731113 -0.929591 -0.00990294 0
0 4619 phononL 0.004 0.572633 1.72716 0.0122088 0
0 4620 phononL 0.004 -1.58062 -2.14773 -0.0203541 0
0 4621 phononL 0.004 0.572797 -0.663526 0.0109659 0
0 4622 phononL 0.004 -1.66763 -0.222813 -0.0072798 0
0 4623 phononL 0.004 -0.960278 -0.908388 -0.0320549 0
0 4624 phononL 0.004 -1.83155 1.2175 -0.0207673 0
0 4625 phononL 0.004 -0.691819 0.807188 -0.00766845 0
0 4626 phononL 0.004 -0.0468268 -0.811098 -0.00484073 0
0 4627 phononL 0.004 -0.952881 -0.473881 0.0319815 0
0 4628 phononL 0.004 -0.695922 0.0398456 -0.0129801 0
0 4629 phononL 0.004 0.551509 0.389174 0.0147128 0
0 4630 phononL 0.004 -0.588625 -0.663048 0.033282 0
0 4631 phononL 0.004 -0.818588 -0.70461 -0.0383875 0
0 4632 phononL 0.004 -2.14288 1.42262 0.0243837 0
0 4633 phononL 0.004 -1.05648 -0.104052 0.00417381 0
0 4634 phononL 0.004 -0.749106 1.24501 -0.0052418 0
0 4635 phononL 0.004 -1.59691 -0.741431 0.00507192 0
0 4636 phononL 0.004 -0.959093 -0.883609 -0.0386148 0
0 4637 phononL 0.004 -0.239528 -1.32494 0.030218 0
0 4638 phononL 0.004 -1.48458 0.460194 0.00964639 0
0 4639 phononL 0.004 -1.60709 1.35903 -0.00993371 0
0 4640 phononL 0.004 -1.57916 -1.3923 0.0352813 0
0 4641 phononL 0.004 0.110918 -2.13694 -0.0369248 0
0 4642 phononL 0.004 1.88248 -2.07648 -0.00296452 0
0 4643 phononL 0.004 1.87179 -1.85174 -0.0317597 0
0 4644 phononL 0.004 0.412293 1.0229 0.0225428 0
0 4645 phononL 0.004 0.40684 0.245529 -0.0281971 0
0 4646 phononL 0.004 0.99986 -1.04697 -0.0210428 0
0 4647 phononL 0.004 1.5886 -0.440476 -0.0136653 0
0 4648 phononL 0.004 0.972683 -1.10522 -0.0315381 0
0 4649 phononL 0.004 -0.798526 -0.149053 0.0363723 0
0 4650 phononL 0.004 -1.63728 -1.67541 -0.0383791 0
0 4651 phononL 0.004 1.45064 -1.5125 -0.0129521 0
0 4652 phononL 0.004 -0.0302299 -1.0892 -0.0341201 0
0 4653 phononL 0.004 0.606286 0.452239 0.0119156 0
0 4654 phononL 0.004 0.148173 -0.234542 0.000345988 0
0 4655 phononL 0.004 -1.00733 0.974943 -0.0230881 0
0 4656 phononL 0.004 1.28799 -1.6457 0.0154903 0
0 4657 phononL 0.004 1.09642 1.32607 -0.0102438 0
0 4658 phononL 0.004 0.731349 0.616821 -0.0011027 0
0 4659 phononL 0.004 0.79628 0.463087 -0.028247 0
0 4660 phononL 0.004 -2.23091 -0.332028 0.00806432 0
0 4661 phononL 0.004 -0.314323 -1.03941 -0.0364468 0
0 4662 phononL 0.004 1.38471 -1.10949 0.0391987 0
0 4663 phononL 0.004 -0.596671 0.319586 0.0378829 0
0 4664 phononL 0.004 0.473078 -1.65068 -0.00610373 0
0 4665 phononL 0.004 -2.15812 0.781916 -0.0224114 0
0 4666 phononL 0.004 -1.48331 -2.20903 -0.0367089 0
0 4667 phononL 0.004 1.48474 1.96863 -0.0114727 0
0 4668 phononL 0.004 0.599106 -0.359527 -0.0384432 0
0 4669 phononL 0.004 -0.188012 -1.14732 -0.00318206 0
0 4670 phononL 0.004 2.12677 0.0241617 0.0197499 0
0 4671 phononL 0.004 -1.04648 0.0470137 0.039846 0
0 4672 phononL 0.004 -1.62636 1.05946 -0.0314423 0
0 4673 phononL 0.004 -1.3375 1.58522 0.0189923 0
0 4674 phononL 0.004 -0.833709 1.16416 -0.0390919 0
0 4675 phononL 0.004 -1.07444 -0.693913 -0.0252101 0
0 4676 phononL 0.004 0.861598 1.66473 0.0276297 0
0 4677 phononL 0.004 1.42349 -1.68318 0.0272064 0
0 4678 phononL 0.004 0.942712 -0.730852 0.0176373 0
0 4679 phononL 0.004 0.243405 0.069467 0.0220331 0
0 4680 phononL 0.004 -1.22238 -1.86376 0.00281249 0
0 4681 phononL 0.004 2.20123 0.879804 -0.0194538 0
0 4682 phononL 0.004 1.77023 -1.5931 0.0224333 0
0 4683 phononL 0.004 0.564886 -1.21251 0.0223768 0
0 4684 phononL 0.004 -1.58104 -0.0131858 -0.0350805 0
0 4685 phononL 0.004 1.57113 0.899532 -0.00450355 0
0 4686 phononL 0.004 0.486259 -0.172662 -0.0327349 0
0 4687 phononL 0.004 0.0138052 1.5252 0.00756855 0
0 4688 phononL 0.004 2.03376 0.719427 -0.025708 0
0 4689 phononL 0.004 -0.737713 1.17052 -0.021178 0
0 4690 phononL 0.004 -0.111346 -1.54808 -0.00646073 0
0 4691 phononL 0.004 1.91406 0.202108 -0.0291423 0
0 4692 phononL 0.004 -1.96561 -0.625318 -0.036894 0
0 4693 phononL 0.004 -1.60546 1.5752 0.00442906 0
0 4694 phononL 0.004 2.22559 0.445056 -0.0102111 0
0 4695 phononL 0.004 0.80345 -2.16974 -0.0298562 0
0 4696 phononL 0.004 2.0221 1.22655 -0.0224517 0
0 4697 phononL 0.004 -0.0536072 -2.03996 0.00367915 0
0 4698 phononL 0.004 1.82544 -1.47704 0.0234235 0
0 4699 phononL 0.004 1.06145 -0.391856 -0.00395714 0
0 4700 phononL 0.004 -0.165527 0.506821 0.0351508 0
0 4701 phononL 0.004 -0.0736592 -0.791536 -0.00933385 0
0 4702 phononL 0.004 -1.8064 2.06493 -0.0396678 0
0 4703 phononL 0.004 0.383558 -0.931883 0.00181195 0
0 4704 phononL 0.004 1.584 -0.480595 0.0227933 0
0 4705 phononL 0.004 -1.76036 1.21909 0.0212645 0
0 4706 phononL 0.004 -1.78296 -1.6168 0.0162602 0
0 4707 phononL 0.004 1.09902 1.32455 0.011685 0
0 4708 phononL 0.004 0.771992 -0.868557 0.0371229 0
0 4709 phononL 0.004 -0.326503 0.775534 -0.0343055 0
0 4710 phononL 0.004 -1.22634 0.0724414 -0.0375138 0
0 4711 phononL 0.004 -0.123111 -1.91433 0.00559061 0
0 4712 phononL 0.004 -1.14187 1.02602 -0.00518395 0
0 4713 phononL 0.004 -0.928691 -0.185015 -0.0251985 0
0 4714 phononL 0.004 0.47017 1.75324 -0.00181232 0
0 4715 phononL 0.004 0.278683 -0.152034 -0.0119483 0
0 4716 phononL 0.004 -1.53787 0.639281 -0.0137047 0
0 4717 phononL 0.004 -0.219967 -0.257914 -0.0280178 0
0 4718 phononL 0.004 1.23497 0.235839 -0.0300045 0
0 4719 phononL 0.004 -1.4557 -1.3596 0.030137 0
0 4720 phononL 0.004 1.53217 0.787577 0.0384967 0
0 4721 phononL 0.004 -0.78472 0.838791 -0.00172037 0
0 4722 phononL 0.004 -0.315879 1.14463 0.0208642 0
0 4723 phononL 0.004 0.102672 -0.767745 -0.0271278 0
0 4724 phononL 0.004 1.90416 -1.05752 0.0194872 0
0 4725 phononL 0.004 -1.88966 -0.75392 0.0234463 0
0 4726 phononL 0.004 0.882443 -1.35673 0.000406835 0
0 4727 phononL 0.004 1.06276 1.0813 -0.0361951 0
0 4728 phononL 0.004 -0.404954 -1.24483 0.0226174 0
0 4729 phononL 0.004 2.20657 -1.77147 0.0101674 0
0 4730 phononL 0.004 -1.78476 -1.88497 -0.0143497 0
0 4731 phononL 0.004 -0.615226 0.467089 0.0308902 0
0 4732 phononL 0.004 -0.164683 1.26052 0.0238465 0
0 4733 phononL 0.004 1.17519 2.21481 0.0380083 0
0 4734 phononL 0.004 1.43442 0.554397 -0.039848 0
0 4735 phononL 0.004 -0.681576 1.85885 -0.0319048 0
0 4736 phononL 0.004 -0.625056 0.713798 -0.0340784 0
0 4737 phononL 0.004 0.395681 2.21754 -0.0109807 0
0 4738 phononL 0.004 0.162601 1.05633 -0.0226724 0
0 4739 phononL 0.004 1.81146 2.21613 0.015037 0
0 4740 phononL 0.004 2.17988 1.68946 0.0331907 0
0 4741 phononL 0.004 1.71864 -1.65426 0.0263194 0
0 4742 phononL 0.004 0.383664 -1.48165 0.0191768 0
0 4743 phononL 0.004 0.903101 -1.00946 -0.00361686 0
0 4744 phononL 0.004 -1.50679 2.08524 -0.00806088 0
0 4745 phononL 0.004 0.210713 2.07949 0.0191701 0
0 4746 phononL 0.004 -0.189617 2.01529 -0.0203252 0
0 4747 phononL 0.004 -1.46112 2.15894 0.00895867 0
0 4748 phononL 0.004 -0.928177 1.89096 0.0120265 0
0 4749 phononL 0.004 0.986436 1.16119 -0.0208813 0
0 4750 phononL 0.004 -0.969619 -0.45964 0.00291798 0
0 4751 phononL 0.004 1.14427 0.0151333 -0.00302137 0
0 4752 phononL 0.004 -2.07518 -1.59702 0.00444793 0
0 4753 phononL 0.004 -0.30856 -0.615899 -0.035272 0
0 4754 phononL 0.004 1.83007 1.5383 0.0353083 0
0 4755 phononL 0.004 -0.186136 -1.05158 0.0234468 0
0 4756 phononL 0.004 -0.393999 -1.02576 0.0286173 0
0 4757 phononL 0.004 0.66969 -0.803013 0.03396 0
0 4758 phononL 0.004 1.73935 0.865189 0.00898712 0
0 4759 phononL 0.004 1.02223 -2.15546 0.0141285 0
0 4760 phononL 0.004 -1.97635 -0.14346 0.00249894 0
0 4761 phononL 0.004 0.784732 0.334013 -0.019659 0
0 4762 phononL 0.004 0.000948486 0.387866 -0.013647 0
0 4763 phononL 0.004 1.33197 -1.66561 -0.00162388 0
0 4764 phononL 0.004 -0.217578 0.337228 0.0283843 0
0 4765 phononL 0.004 -1.65008 -1.5592 0.0194091 0
0 4766 phononL 0.004 0.460439 -1.90492 0.00120749 0
0 4767 phononL 0.004 -1.51892 0.728287 0.0293603 0
0 4768 phononL 0.004 0.235715 -0.87049 -0.0133023 0
0 4769 phononL 0.004 1.99711 -0.490922 0.0278646 0
0 4770 phononL 0.004 1.34221 1.40626 -0.0398726 0
0 4771 phononL 0.004 -1.65536 1.86954 0.00126514 0
0 4772 phononL 0.004 0.115824 -2.09032 -0.0122324 0
0 4773 phononL 0.004 -0.861107 -1.65181 0.0264843 0
0 4774 phononL 0.004 -1.55349 1.4027 0.0314144 0
0 4775 phononL 0.004 -0.798193 -1.83455 0.0357724 0
0 4776 phononL 0.004 -1.50393 0.00698336 -0.0215316 0
0 4777 phononL 0.004 -1.44946 -1.60771 -0.0298265 0
0 4778 phononL 0.004 1.2569 0.623361 0.0293162 0
0 4779 phononL 0.004 -0.163645 -1.77287 0.0104548 0
0 4780 phononL 0.004 0.476869 -0.82458 -0.00949083 0
0 4781 phononL 0.004 -0.631717 1.33777 0.00499724 0
0 4782 phononL 0.004 -2.09519 -0.0430153 0.0137632 0
0 4783 phononL 0.004 1.57862 1.58224 -0.010846 0
0 4784 phononL 0.004 2.15299 0.434976 0.0316061 0
0 4785 phononL 0.004 1.1713 -1.46404 0.00879428 0
0 4786 phononL 0.004 1.31005 1.03257 0.0353196 0
0 4787 phononL 0.004 -1.80642 -1.68124 0.0311807 0
0 4788 phononL 0.004 -1.60497 0.302187 -0.00790807 0
0 4789 phononL 0.004 -1.86167 1.098 -0.0368752 0
0 4790 phononL 0.004 1.98209 -0.155889 0.0216087 0
0 4791 phononL 0.004 1.24848 1.20656 0.0129311 0
0 4792 phononL 0.004 0.426928 -1.97037 -0.0339621 0
0 4793 phononL 0.004 1.29465 1.99321 -0.0237752 0
0 4794 phononL 0.004 0.780032 0.694489 0.00344665 0
0 4795 phononL 0.004 1.56163 -1.24199 -0.0381932 0
0 4796 phononL 0.004 0.308821 -1.07956 0.0122784 0
0 4797 phononL 0.004 0.300626 -1.40561 0.00717736 0
0 4798 phononL 0.004 -2.06753 0.783813 0.034928 0
0 4799 phononL 0.004 -0.141927 1.47319 0.0202863 0
0 4800 phononL 0.004 -2.09234 1.47724 0.016936 0
0 4801 phononL 0.004 1.10104 -1.40654 0.024619 0
0 4802 phononL 0.004 0.368119 0.920112 0.00861208 0
0 4803 phononL 0.004 0.455452 -0.445817 -0.01246 0
0 4804 phononL 0.004 -0.784453 -0.197249 0.0126518 0
0 4805 phononL 0.004 -1.27307 1.9691 0.0341516 0
0 4806 phononL 0.004 -1.76446 -1.04979 0.0347445 0
0 4807 phononL 0.004 2.09813 1.00459 0.0239902 0
0 4808 phononL 0.004 0.564287 -1.38357 -0.0357075 0
0 4809 phononL 0.004 -1.79899 -1.86309 -0.0130589 0
0 4810 phononL 0.004 -1.1801 0.867768 0.00532355 0
0 4811 phononL 0.004 -2.18977 -1.16904 0.0252023 0
0 4812 phononL 0.004 2.05077 -0.274367 0.000204031 0
0 4813 phononL 0.004 -1.99465 -0.834945 0.0276769 0
0 4814 phononL 0.004 -1.8761 -2.06451 0.0166936 0
0 4815 phononL 0.004 -0.628269 0.376303 -0.00835913 0
0 4816 phononL 0.004 -1.06456 -0.85712 -0.00906813 0
0 4817 phononL 0.004 -1.57332 1.53618 0.0345325 0
0 4818 phononL 0.004 -1.10203 1.7484 0.0218696 0
0 4819 phononL 0.004 1.62963 0.129654 -0.015284 0
0 4820 phononL 0.004 -0.544534 -0.93224 0.0335029 0
0 4821 phononL 0.004 1.77722 -2.08205 -0.0222787 0
0 4822 phononL 0.004 -1.3498 -0.510494 0.0134602 0
0 4823 phononL 0.004 1.97368 0.59873 0.0204573 0
0 4824 phononL 0.004 -1.06601 1.68474 -0.0141412 0
0 4825 phononL 0.004 -0.107636 -0.110203 -0.0057152 0
0 4826 phononL 0.004 -1.42504 1.40294 0.0177245 0
0 4827 phononL 0.004 -0.883887 2.17144 0.0229788 0
0 4828 phononL 0.004 -0.415305 -1.64353 0.005731 0
0 4829 phononL 0.004 0.785893 -2.10129 -0.0337277 0
0 4830 phononL 0.004 -1.8221 -1.25906 -0.0381701 0
0 4831 phononL 0.004 2.19371 -0.377849 -0.013514 0
0 4832 phononL 0.004 0.607524 1.14212 -0.000969244 0
0 4833 phononL 0.004 -1.15444 0.456926 0.0190412 0
0 4834 phononL 0.004 -1.69477 -0.904275 0.000986431 0
0 4835 phononL 0.004 1.66834 -1.06467 -0.0205052 0
0 4836 phononL 0.004 0.219328 0.10802 0.0368661 0
0 4837 phononL 0.004 -0.0281835 1.03684 -0.0373059 0
0 4838 phononL 0.004 1.66084 -1.61826 -0.0212019 0
0 4839 phononL 0.004 1.61326 0.396153 0.0302136 0
0 4840 phononL 0.004 -2.16639 0.469428 -0.00398955 0
0 4841 phononL 0.004 1.09619 0.618806 -0.0282972 0
0 4842 phononL 0.004 -0.409714 1.82699 0.0252983 0
0 4843 phononL 0.004 -1.70994 -1.45541 0.0232578 0
0 4844 phononL 0.004 0.179767 -0.828965 0.0207717 0
0 4845 phononL 0.004 -0.056566 0.437016 -0.0378412 0
0 4846 phononL 0.004 -1.67475 1.30085 0.0213305 0
0 4847 phononL 0.004 -0.330288 1.99585 0.0171976 0
0 4848 phononL 0.004 1.58992 -1.44626 0.0266465 0
0 4849 phononL 0.004 -0.274455 -0.763373 -0.0176867 0
0 4850 phononL 0.004 1.99418 -1.75792 -0.0162298 0
0 4851 phononL 0.004 -0.186065 -1.74066 -0.00736877 0
0 4852 phononL 0.004 -1.08491 0.62249 -0.0100157 0
0 4853 phononL 0.004 1.38391 0.409414 -0.0125714 0
0 4854 phononL 0.004 -0.563036 1.82834 0.0149525 0
0 4855 phononL 0.004 -0.84044 1.80622 0.0353563 0
0 4856 phononL 0.004 -1.97388 0.172249 -0.0280219 0
0 4857 phononL 0.004 -0.491224 2.17388 0.0114671 0
0 4858 phononL 0.004 1.66608 1.57463 0.0379565 0
0 4859 phononL 0.004 0.0950675 2.23414 -0.0152341 0
0 4860 phononL 0.004 1.25335 0.676498 -0.0312522 0
0 4861 phononL 0.004 1.57636 -0.214731 0.0370909 0
0 4862 phononL 0.004 -1.50962 -0.197702 -0.00425584 0
0 4863 phononL 0.004 -1.72181 -1.45319 0.0388041 0
0 4864 phononL 0.004 -0.481646 -1.76522 -0.0274263 0
0 4865 phononL 0.004 1.02657 -1.76121 0.0209539 0
0 4866 phononL 0.004 -0.922061 0.666569 0.0340316 0
0 4867 phononL 0.004 1.72752 -0.994918 -0.0268276 0
0 4868 phononL 0.004 0.177036 -0.146124 0.0180177 0
0 4869 phononL 0.004 -2.04404 -1.54766 -0.0346496 0
0 4870 phononL 0.004 -0.867761 -1.34353 -0.0315699 0
0 4871 phononL 0.004 1.4169 -0.678446 -0.0224876 0
0 4872 phononL 0.004 0.720038 -1.76958 0.010997 0
0 4873 phononL 0.004 1.3863 1.29391 0.0174209 0
0 4874 phononL 0.004 -0.468503 -0.459367 -0.0293873 0
0 4875 phononL 0.004 1.79341 -1.10864 0.0301644 0
0 4876 phononL 0.004 0.564355 1.62983 -0.0245976 0
0 4877 phononL 0.004 -2.03008 2.21444 -0.00110188 0
0 4878 phononL 0.004 -0.499959 0.229455 0.0216044 0
0 4879 phononL 0.004 0.0957755 1.49097 0.0312162 0
0 4880 phononL 0.004 1.22574 -2.02012 0.0354866 0
0 4881 phononL 0.004 -1.11756 0.320331 0.0213435 0
0 4882 phononL 0.004 -1.00295 1.72694 0.0153433 0
0 4883 phononL 0.004 -2.16594 2.19621 0.0386503 0
0 4884 phononL 0.004 1.24673 2.22461 0.0199677 0
0 4885 phononL 0.004 -1.97428 1.8677 0.0217595 0
0 4886 phononL 0.004 -0.548092 -1.9281 0.0132991 0
0 4887 phononL 0.004 -0.377378 0.93677 0.0386583 0
0 4888 phononL 0.004 -1.6383 -1.20395 0.0197482 0
0 4889 phononL 0.004 0.90609 1.74413 0.00732742 0
0 4890 phononL 0.004 1.73895 -2.16995 0.0305933 0
0 4891 phononL 0.004 -0.255775 -2.14991 -0.00980785 0
0 4892 phononL 0.004 -1.05425 -0.98555 0.0065714 0
0 4893 phononL 0.004 1.40469 1.87618 0.00621439 0
0 4894 phononL 0.004 -1.21219 1.15222 0.00526413 0
0 4895 phononL 0.004 2.20994 0.817288 0.0225286 0
0 4896 phononL 0.004 1.19508 0.622545 0.0186902 0
0 4897 phononL 0.004 -1.74084 -1.91775 0.00784587 0
0 4898 phononL 0.004 2.10399 -0.519631 -0.0159919 0
0 4899 phononL 0.004 -1.90717 -1.26548 -0.00181561 0
0 4900 phononL 0.004 -1.55807 -1.52587 -0.00550313 0
0 4901 phononL 0.004 -0.713893 1.13742 -0.0242257 0
0 4902 phononL 0.004 -1.75239 -1.41971 -0.00649651 0
0 4903 phononL 0.004 0.647263 1.77358 0.0294542 0
0 4904 phononL 0.004 2.05819 0.968074 0.0133065 0
0 4905 phononL 0.004 -0.117059 -0.68991 0.00965742 0
0 4906 phononL 0.004 0.54356 1.71019 0.0223644 0
0 4907 phononL 0.004 2.22476 -0.027059 -0.0196558 0
0 4908 phononL 0.004 -1.91479 0.507271 6.64744e-05 0
0 4909 phononL 0.004 1.59041 1.34725 -0.029403 0
0 4910 phononL 0.004 -1.84364 1.25207 -0.00199833 0
0 4911 phononL 0.004 -0.256886 0.0202558 0.00247692 0
0 4912 phononL 0.004 -1.36137 -1.46085 0.0219777 0
0 4913 phononL 0.004 -1.96947 0.319517 0.033692 0
0 4914 phononL 0.004 -1.95599 -0.0864513 0.0321384 0
0 4915 phononL 0.004 -1.78382 1.57341 0.0183128 0
0 4916 phononL 0.004 0.0995865 -1.93731 -0.00463604 0
0 4917 phononL 0.004 0.329494 0.793518 -0.0343055 0
0 4918 phononL 0.004 1.22576 -1.81434 -0.0155009 0
0 4919 phononL 0.004 -1.35089 1.69221 -0.018064 0
0 4920 phononL 0.004 0.272474 -0.943427 -0.0286411 0
0 4921 phononL 0.004 -0.162009 2.01927 0.0205388 0
0 4922 phononL 0.004 -1.71562 -1.0399 -0.0251168 0
0 4923 phononL 0.004 0.206462 1.49275 -0.0267495 0
0 4924 phononL 0.004 1.50091 1.32475 0.0303272 0
0 4925 phononL 0.004 -0.196572 -1.10223 -0.0358589 0
0 4926 phononL 0.004 1.09342 1.9213 -0.0274898 0
0 4927 phononL 0.004 1.25791 1.3182 7.64544e-05 0
0 4928 phononL 0.004 -2.12534 -0.54289 -0.00507362 0
0 4929 phononL 0.004 -0.593891 1.61293 -0.0204278 0
0 4930 phononL 0.004 1.88287 0.375627 0.00829054 0
0 4931 phononL 0.004 -0.23952 1.03429 0.0355547 0
0 4932 phononL 0.004 -1.18474 0.714972 0.0300629 0
0 4933 phononL 0.004 -1.52751 -1.98465 2.17845e-05 0
0 4934 phononL 0.004 1.29797 -1.40693 0.0210626 0
0 4935 phononL 0.004 -1.80622 -1.48343 -0.00677967 0
0 4936 phononL 0.004 1.96024 -0.253574 -0.0325546 0
0 4937 phononL 0.004 0.372597 0.011504 0.00491091 0
0 4938 phononL 0.004 -1.89289 -0.379196 -0.00488522 0
0 4939 phononL 0.004 0.226517 -1.73143 0.00485756 0
0 4940 phononL 0.004 1.68241 2.19532 -0.0116474 0
0 4941 phononL 0.004 -0.923209 -0.518823 0.029692 0
0 4942 phononL 0.004 1.89561 -0.563048 -0.0396025 0
0 4943 phononL 0.004 0.308203 -0.346314 0.0251899 0
0 4944 phononL 0.004 -2.12488 1.29418 -0.0173279 0
0 4945 phononL 0.004 2.22197 -0.081641 0.023142 0
0 4946 phononL 0.004 1.37512 1.35661 0.00943976 0
0 4947 phononL 0.004 1.05845 -0.203675 -0.0306664 0
0 4948 phononL 0.004 -0.0357594 1.69433 -0.0105143 0
0 4949 phononL 0.004 -0.20692 -0.751727 -0.0347341 0
0 4950 phononL 0.004 -0.293179 -1.97604 -0.0131999 0
0 4951 phononL 0.004 -1.56544 0.914076 0.017661 0
0 4952 phononL 0.004 1.34971 -1.00651 -0.0301748 0
0 4953 phononL 0.004 -0.63537 -0.831994 -0.0352173 0
0 4954 phononL 0.004 0.344371 -1.46161 0.00081411 0
0 4955 phononL 0.004 1.22612 -1.78258 0.00500603 0
0 4956 phononL 0.004 1.65743 -1.37503 0.010543 0
0 4957 phononL 0.004 -1.33969 1.36712 -0.0265834 0
0 4958 phononL 0.004 1.2953 -0.565894 0.0127807 0
0 4959 phononL 0.004 2.02206 -0.676109 -0.0170756 0
0 4960 phononL 0.004 -1.52208 2.10213 -0.0350579 0
0 4961 phononL 0.004 0.354083 2.15386 0.0103454 0
0 4962 phononL 0.004 -0.293809 -1.69548 0.0245995 0
0 4963 phononL 0.004 -0.112186 -2.04181 0.0390443 0
0 4964 phononL 0.004 -0.108806 0.90028 0.0221614 0
0 4965 phononL 0.004 1.33977 -1.7617 0.00379729 0
0 4966 phononL 0.004 -0.929857 1.79938 -0.0126149 0
0 4967 phononL 0.004 -1.86619 -0.540273 0.0242285 0
0 4968 phononL 0.004 0.638192 -0.711449 -0.0232038 0
0 4969 phononL 0.004 0.471862 1.05336 -0.0369766 0
0 4970 phononL 0.004 0.218139 -0.78321 0.0185622 0
0 4971 phononL 0.004 -0.364846 -1.7239 0.0197261 0
0 4972 phononL 0.004 0.888009 -0.831464 -0.0366944 0
0 4973 phononL 0.004 1.069 -1.19697 -0.0123698 0
0 4974 phononL 0.004 1.51887 -0.377036 -0.00800603 0
0 4975 phononL 0.004 0.152737 0.000114772 -0.00391688 0
0 4976 phononL 0.004 1.23081 1.63116 0.00585325 0
0 4977 phononL 0.004 1.15125 1.39412 -0.0235695 0
0 4978 phononL 0.004 -2.20071 -0.060706 0.0304008 0
0 4979 phononL 0.004 1.78203 0.444701 0.0196583 0
0 4980 phononL 0.004 -1.70722 1.12217 -0.0268389 0
0 4981 phononL 0.004 -0.391717 -0.0843328 0.0327642 0
0 4982 phononL 0.004 1.20975 -0.709392 0.0200396 0
0 4983 phononL 0.004 1.54668 -0.547388 0.0177634 0
0 4984 phononL 0.004 -0.775442 -2.15579 0.0208183 0
0 4985 phononL 0.004 -0.273628 1.02999 0.0296719 0
0 4986 phononL 0.004 -1.00096 -1.50114 -0.00663511 0
0 4987 phononL 0.004 -0.263364 -2.14592 0.0302739 0
0 4988 phononL 0.004 -1.82769 1.92771 -0.038329 0
0 4989 phononL 0.004 -1.60477 -1.03257 -0.0215198 0
0 4990 phononL 0.004 -0.90867 -0.0277494 0.00836223 0
0 4991 phononL 0.004 1.74189 -1.68731 0.00431154 0
0 4992 phononL 0.004 0.858933 -0.236083 0.00808985 0
0 4993 phononL 0.004 0.400006 1.90759 0.00648267 0
0 4994 phononL 0.004 2.12003 0.326425 -0.0320693 0
0 4995 phononL 0.004 1.92817 0.280309 -0.0220876 0
0 4996 phononL 0.004 1.94533 -0.0743911 -0.0287573 0
0 4997 phononL 0.004 0.791016 2.12148 -0.0345977 0
0 4998 phononL 0.004 -1.62451 0.842912 -0.0307574 0
0 4999 phononL 0.004 -0.427819 -1.42943 -0.00021252 0
0 5000 phononL 0.004 -1.07455 -1.75722 0.000378877 0
0 5001 phononL 0.004 -1.68727 0.319921 -0.00408302 0
0 5002 phononL 0.004 -1.24568 -1.39848 -0.028535 0
0 5003 phononL 0.004 2.1999 0.981536 0.0346704 0
0 5004 phononL 0.004 -0.758405 -0.110309 -0.0334887 0
0 5005 phononL 0.004 -0.0838967 -2.03912 0.000170276 0
0 5006 phononL 0.004 -1.49355 -1.37395 0.0170959 0
0 5007 phononL 0.004 1.64649 -1.33267 0.026727 0
0 5008 phononL 0.004 0.837632 -1.83094 0.00586665 0
0 5009 phononL 0.004 -1.86163 0.840697 0.0324023 0
0 5010 phononL 0.004 0.0919487 -1.01889 0.0109456 0
0 5011 phononL 0.004 1.96325 2.14821 0.0311383 0
0 5012 phononL 0.004 -1.20727 1.32645 -0.00456591 0
0 5013 phononL 0.004 1.36857 1.13866 -0.0282049 0
0 5014 phononL 0.004 -1.26842 -2.23392 -0.0385706 0
0 5015 phononL 0.004 0.919792 0.085661 -0.00266192 0
0 5016 phononL 0.004 1.35136 -1.38717 0.0316411 0
0 5017 phononL 0.004 2.058 0.506721 0.0186969 0
0 5018 phononL 0.004 -0.22591 -0.843739 0.00955176 0
0 5019 phononL 0.004 -1.79191 -1.28168 0.0210539 0
0 5020 phononL 0.004 -0.768399 1.66191 0.0291562 0
0 5021 phononL 0.004 1.55763 0.792054 0.017529 0
0 5022 phononL 0.004 -2.03837 2.19813 -0.0240052 0
0 5023 phononL 0.004 0.3125 1.37147 0.00683681 0
0 5024 phononL 0.004 0.28208 -1.17034 0.0111133 0
0 5025 phononL 0.004 0.700468 1.4433 0.0111612 0
0 5026 phononL 0.004 -1.95798 2.16699 -0.00652308 0
0 5027 phononL 0.004 0.260096 -1.24325 -0.035595 0
0 5028 phononL 0.004 0.316729 0.0666933 -0.0169224 0
0 5029 phononL 0.004 1.6904 -1.63265 0.0288473 0
0 5030 phononL 0.004 -0.785367 1.20667 -0.0376754 0
0 5031 phononL 0.004 -1.95643 -1.23034 -0.00171425 0
0 5032 phononL 0.004 -1.15346 0.68494 -0.0171202 0
0 5033 phononL 0.004 -0.556956 1.3172 -0.012058 0
0 5034 phononL 0.004 -1.51511 -1.35874 0.00905065 0
0 5035 phononL 0.004 -2.0376 -0.735174 0.00801733 0
0 5036 phononL 0.004 -1.18179 -1.42621 0.0298291 0
0 5037 phononL 0.004 1.72282 0.177463 -0.0365839 0
0 5038 phononL 0.004 1.08555 -0.701441 -0.0343435 0
0 5039 phononL 0.004 -1.6553 0.914247 -0.00991238 0
0 5040 phononL 0.004 1.45432 -0.118846 0.0160993 0
0 5041 phononL 0.004 0.245756 1.47786 0.0157577 0
0 5042 phononL 0.004 -2.10654 0.957274 -0.0287845 0
0 5043 phononL 0.004 0.463347 -0.310973 0.00918665 0
0 5044 phononL 0.004 -1.72183 0.52708 0.0255689 0
0 5045 phononL 0.004 0.243854 0.311604 -0.0206046 0
0 5046 phononL 0.004 -0.522978 2.23183 0.0054271 0
0 5047 phononL 0.004 0.881122 -0.364844 -0.0362417 0
0 5048 phononL 0.004 1.23256 1.8366 -0.0283933 0
0 5049 phononL 0.004 -0.248214 -0.344843 -0.0152005 0
0 5050 phononL 0.004 -1.28851 0.94546 0.0392846 0
0 5051 phononL 0.004 1.51751 -0.545174 0.00138112 0
0 5052 phononL 0.004 -0.486083 -1.64701 0.0119854 0
0 5053 phononL 0.004 1.3233 -0.940671 -0.0310648 0
0 5054 phononL 0.004 -1.3171 -0.88775 0.0234133 0
0 5055 phononL 0.004 0.844142 0.424872 0.00273104 0
0 5056 phononL 0.004 -0.200561 0.454546 -0.0345454 0
0 5057 phononL 0.004 -1.13126 1.36771 0.00599771 0
0 5058 phononL 0.004 -0.311741 1.7347 0.0327563 0
0 5059 phononL 0.004 -2.1489 1.10899 0.00553358 0
0 5060 phononL 0.004 1.77566 0.0858813 -0.0204621 0
0 5061 phononL 0.004 -1.1285 -0.4023 0.0113386 0
0 5062 phononL 0.004 -1.43624 -1.27925 -0.0262424 0
0 5063 phononL 0.004 0.160454 0.9653 -0.00743908 0
0 5064 phononL 0.004 -0.620063 -1.52422 3.67848e-05 0
0 5065 phononL 0.004 -1.09865 -0.700268 0.0243977 0
0 5066 phononL 0.004 -0.0715186 -1.834 0.0281525 0
0 5067 phononL 0.004 -0.282812 0.262269 0.0138569 0
0 5068 phononL 0.004 -0.106505 -1.29015 -0.0147409 0
0 5069 phononL 0.004 1.92457 -1.79016 0.0120485 0
0 5070 phononL 0.004 2.07237 1.88891 -0.0251081 0
0 5071 phononL 0.004 -1.13278 0.315816 0.0329794 0
0 5072 phononL 0.004 1.76981 0.233307 0.0331082 0
0 5073 phononL 0.004 0.351403 1.65922 0.0312645 0
0 5074 phononL 0.004 0.948486 1.02906 -0.0251227 0
0 5075 phononL 0.004 1.97664 0.473779 -0.00106211 0
0 5076 phononL 0.004 0.911353 2.16993 -0.0181623 0
0 5077 phononL 0.004 -0.727755 -0.787812 0.0397186 0
0 5078 phononL 0.004 1.84926 1.17734 -0.0129863 0
0 5079 phononL 0.004 0.764511 1.84111 -0.00983504 0
0 5080 phononL 0.004 1.89098 -0.855468 0.0331516 0
0 5081 phononL 0.004 1.35078 1.80297 0.0156671 0
0 5082 phononL 0.004 1.84437 1.44685 -0.00513187 0
0 5083 phononL 0.004 0.849173 0.0115804 0.027771 0
0 5084 phononL 0.004 0.319382 1.81238 -0.00171378 0
0 5085 phononL 0.004 1.62903 0.53608 0.0274502 0
0 5086 phononL 0.004 0.848878 1.58612 -0.0272096 0
0 5087 phononL 0.004 -2.18704 1.5421 0.0205772 0
0 5088 phononL 0.004 2.21934 2.09179 -0.018478 0
0 5089 phononL 0.004 -0.579205 -1.38994 -0.034811 0
0 5090 phononL 0.004 -1.49296 -0.61145 0.0258244 0
0 5091 phononL 0.004 -0.831004 -0.810579 0.0328601 0
0 5092 phononL 0.004 -1.63073 -0.920757 -0.01853 0
0 5093 phononL 0.004 -0.422267 1.9458 0.0161889 0
0 5094 phononL 0.004 0.820887 -2.01536 0.0218102 0
0 5095 phononL 0.004 -0.631471 -0.730912 -0.000719568 0
0 5096 phononL 0.004 1.69949 -0.0734228 0.00041152 0
0 5097 phononL 0.004 -0.825689 0.792345 -0.0337822 0
0 5098 phononL 0.004 -2.13775 0.512295 -0.0328353 0
0 5099 phononL 0.004 -2.19908 0.720996 0.0296626 0
0 5100 phononL 0.004 1.58635 -0.811528 -0.0211742 0
0 5101 phononL 0.004 1.27534 1.3671 0.0272451 0
0 5102 phononL 0.004 -2.23336 -1.06787 0.0355793 0
0 5103 phononL 0.004 -1.93772 -1.32505 -0.0217903 0
0 5104 phononL 0.004 0.0154841 -0.797871 -0.00168025 0
0 5105 phononL 0.004 1.44677 2.10727 -0.0179046 0
0 5106 phononL 0.004 0.407909 -0.523409 0.031569 0
0 5107 phononL 0.004 -0.632691 1.97995 0.0132845 0
0 5108 phononL 0.004 1.81765 -0.171575 -0.0233658 0
0 5109 phononL 0.004 -0.346959 0.391222 -0.0333041 0
0 5110 phononL 0.004 -1.63511 -1.94658 -0.00561876 0
0 5111 phononL 0.004 0.0950519 -0.76104 -0.0147822 0
0 5112 phononL 0.004 -1.61097 2.03717 -0.00483372 0
0 5113 phononL 0.004 0.571491 -2.02655 -0.0287748 0
0 5114 phononL 0.004 2.02032 1.70367 0.00250649 0
0 5115 phononL 0.004 -0.361375 -0.357552 -0.0204694 0
0 5116 phononL 0.004 0.841901 -1.47292 -0.0201425 0
0 5117 phononL 0.004 -0.164421 -2.05841 0.0146464 0
0 5118 phononL 0.004 2.07129 0.693261 -0.00149525 0
0 5119 phononL 0.004 -1.18804 1.73158 0.0186136 0
0 5120 phononL 0.004 1.20115 1.83183 0.034989 0
0 5121 phononL 0.004 -0.101075 1.93974 -0.0275322 0
0 5122 phononL 0.004 1.90728 -0.102099 -0.00712871 0
0 5123 phononL 0.004 0.111106 -0.829293 0.0137138 0
0 5124 phononL 0.004 -0.0223105 -1.31825 0.0225413 0
0 5125 phononL 0.004 -1.88005 1.09747 0.0301077 0
0 5126 phononL 0.004 -1.92112 0.788291 -0.0340686 0
0 5127 phononL 0.004 1.12886 -0.390754 0.0152707 0
0 5128 phononL 0.004 0.649075 2.15048 0.00527635 0
0 5129 phononL 0.004 1.56434 -1.7561 -0.0104638 0
0 5130 phononL 0.004 -1.9003 1.00185 -0.00795391 0
0 5131 phononL 0.004 0.663994 -0.0785633 0.0125483 0
0 5132 phononL 0.004 -0.25216 -1.85217 0.0368107 0
0 5133 phononL 0.004 0.898424 -0.295856 0.00765757 0
0 5134 phononL 0.004 2.17855 -1.20658 -0.0314527 0
0 5135 phononL 0.004 -1.63693 -0.924087 0.000652156 0
0 5136 phononL 0.004 1.74091 -0.689146 -0.0233089 0
0 5137 phononL 0.004 0.950628 1.94703 -0.0251228 0
0 5138 phononL 0.004 1.80517 1.1939 0.0123172 0
0 5139 phononL 0.004 0.115305 -1.74871 -0.03772 0
0 5140 phononL 0.004 0.759543 1.37145 -0.0331117 0
0 5141 phononL 0.004 -0.482194 0.243093 0.021366 0
0 5142 phononL 0.004 0.851322 -0.0925716 -0.00824977 0
0 5143 phononL 0.004 1.17752 0.282242 0.00244413 0
0 5144 phononL 0.004 1.04924 -1.31951 0.0291258 0
0 5145 phononL 0.004 1.32531 -1.45232 0.00797183 0
0 5146 phononL 0.004 -2.07127 -0.630785 0.0149209 0
0 5147 phononL 0.004 -1.70672 0.199245 0.0051314 0
0 5148 phononL 0.004 0.71043 1.81785 -0.00708355 0
0 5149 phononL 0.004 1.79768 -1.33063 0.0265751 0
0 5150 phononL 0.004 0.419049 -0.499835 0.0100651 0
0 5151 phononL 0.004 -0.634711 1.06539 0.0232306 0
0 5152 phononL 0.004 -1.61824 -0.0618717 0.00243996 0
0 5153 phononL 0.004 -1.01831 -0.64035 0.00787317 0
0 5154 phononL 0.004 0.684714 1.32786 0.0259682 0
0 5155 phononL 0.004 -0.55811 0.694143 0.0191488 0
0 5156 phononL 0.004 0.71139 1.6154 0.004573 0
0 5157 phononL 0.004 2.20803 0.460146 0.0138378 0
0 5158 phononL 0.004 -1.39495 -0.149583 0.0171469 0
0 5159 phononL 0.004 -0.90677 -1.06212 0.0329579 0
0 5160 phononL 0.004 0.495941 -0.436342 -0.0143745 0
0 5161 phononL 0.004 0.461447 2.14236 -0.00721542 0
0 5162 phononL 0.004 -1.92706 -0.891737 0.00734839 0
0 5163 phononL 0.004 -2.19319 -1.07826 0.00097013 0
0 5164 phononL 0.004 -1.7117 -0.91445 0.0238384 0
0 5165 phononL 0.004 1.28789 1.91152 -0.027205 0
0 5166 phononL 0.004 1.33835 -1.16831 0.0305676 0
0 5167 phononL 0.004 -0.949083 -2.02457 0.0368379 0
0 5168 phononL 0.004 0.636524 0.950393 0.0149827 0
0 5169 phononL 0.004 1.22939 -1.46444 0.0211064 0
0 5170 phononL 0.004 -0.828893 0.102804 -0.0149356 0
0 5171 phononL 0.004 0.821579 1.75369 -0.0140114 0
0 5172 phononL 0.004 0.576654 -0.793196 -0.00249316 0
0 5173 phononL 0.004 2.17007 0.852921 0.0111923 0
0 5174 phononL 0.004 -1.19539 1.25671 0.00416914 0
0 5175 phononL 0.004 -1.87437 1.92053 -0.0289599 0
0 5176 phononL 0.004 1.38954 1.61718 -0.0268657 0
0 5177 phononL 0.004 2.04569 0.0137352 -0.0355143 0
0 5178 phononL 0.004 -0.273893 2.1951 0.00414414 0
0 5179 phononL 0.004 1.358 -0.526601 -0.0284991 0
0 5180 phononL 0.004 0.368415 0.191169 0.0318365 0
0 5181 phononL 0.004 -0.975728 0.804401 -0.0397295 0
0 5182 phononL 0.004 1.28127 1.0762 0.00587941 0
0 5183 phononL 0.004 1.58671 1.68593 -0.0194063 0
0 5184 phononL 0.004 -1.41998 -1.00228 -0.0101013 0
0 5185 phononL 0.004 -0.0850606 -0.353615 0.00091791 0
0 5186 phononL 0.004 -2.02556 0.415409 0.0314419 0
0 5187 phononL 0.004 -1.21054 0.259282 0.0138634 0
0 5188 phononL 0.004 -0.546011 0.0377901 -0.000620172 0
0 5189 phononL 0.004 -1.18903 -0.240245 0.0349992 0
0 5190 phononL 0.004 -0.559212 0.446218 -0.0167702 0
0 5191 phononL 0.004 -0.380638 2.06399 -0.0143125 0
0 5192 phononL 0.004 0.376723 -0.624544 -0.0184681 0
0 5193 phononL 0.004 1.81712 0.808094 0.0187129 0
0 5194 phononL 0.004 0.74786 1.36705 -0.00278321 0
0 5195 phononL 0.004 -0.375793 1.02092 0.0337 0
0 5196 phononL 0.004 0.810941 1.75776 -0.0317084 0
0 5197 phononL 0.004 0.501489 0.79273 -0.0206696 0
0 5198 phononL 0.004 0.937737 -0.993356 0.0279962 0
0 5199 phononL 0.004 -0.615449 0.930685 0.0254004 0
0 5200 phononL 0.004 -0.946308 -1.20977 -0.00319235 0
0 5201 phononL 0.004 1.18018 1.16929 0.00459507 0
0 5202 phononL 0.004 0.888274 -1.78221 0.0206831 0
0 5203 phononL 0.004 -0.507853 -1.18869 -0.0178273 0
0 5204 phononL 0.004 0.466831 -0.0568583 -0.00683938 0
0 5205 phononL 0.004 -0.767997 0.281071 -0.00498575 0
0 5206 phononL 0.004 -2.13924 -1.69218 0.00185647 0
0 5207 phononL 0.004 1.72865 1.20702 -0.0177709 0
0 5208 phononL 0.004 1.98629 -0.11773 0.0272816 0
0 5209 phononL 0.004 1.59191 -1.2846 -0.0301384 0
0 5210 phononL 0.004 -1.60923 1.45335 -0.0325003 0
0 5211 phononL 0.004 -1.21272 -2.16295 0.0141819 0
0 5212 phononL 0.004 -1.30499 1.10036 -0.00754725 0
0 5213 phononL 0.004 -1.98919 1.92875 -0.0121371 0
0 5214 phononL 0.004 1.62565 0.440099 -0.00653457 0
0 5215 phononL 0.004 0.421697 -1.03417 0.0327361 0
0 5216 phononL 0.004 2.02473 -1.75884 -0.0257426 0
0 5217 phononL 0.004 2.11291 0.93991 0.028203 0
0 5218 phononL 0.004 -1.99121 0.954331 0.0365049 0
0 5219 phononL 0.004 2.05964 -0.488127 0.0106873 0
0 5220 phononL 0.004 -1.27333 -0.395622 0.00830804 0
0 5221 phononL 0.004 2.048 -0.215214 0.00883897 0
0 5222 phononL 0.004 1.41428 1.74881 0.0131244 0
0 5223 phononL 0.004 1.74361 -1.67201 0.011552 0
0 5224 phononL 0.004 -1.50151 0.76303 0.0377014 0
0 5225 phononL 0.004 -0.603653 -0.98363 -0.00364492 0
0 5226 phononL 0.004 -1.6146 1.58658 0.0316372 0
0 5227 phononL 0.004 -1.06187 0.259014 -0.0201817 0
0 5228 phononL 0.004 1.81811 0.409808 -0.0143203 0
0 5229 phononL 0.004 0.990877 2.1858 -0.0224503 0
0 5230 phononL 0.004 -1.95709 -1.07217 -0.0296264 0
0 5231 phononL 0.004 0.0764197 1.06098 0.0349054 0
0 5232 phononL 0.004 0.498754 0.23684 0.00741348 0
0 5233 phononL 0.004 0.0432406 -1.67579 0.00842182 0
0 5234 phononL 0.004 -0.576417 -0.574558 -0.0272224 0
0 5235 phononL 0.004 2.17957 -1.20755 0.0155667 0
0 5236 phononL 0.004 1.70435 1.56155 -0.00167306 0
0 5237 phononL 0.004 -2.20048 -1.742 0.0216158 0
0 5238 phononL 0.004 0.443071 -0.393985 -0.00278564 0
0 5239 phononL 0.004 1.76845 1.4696 0.0339575 0
0 5240 phononL 0.004 -1.01475 -1.02688 -0.0298917 0
0 5241 phononL 0.004 0.390418 1.57396 0.0304356 0
0 5242 phononL 0.004 0.781702 -1.73088 0.0097323 0
0 5243 phononL 0.004 1.53364 -0.20857 -0.0198461 0
0 5244 phononL 0.004 -2.07469 -1.71386 0.00946356 0
0 5245 phononL 0.004 0.166798 1.81736 0.00191404 0
0 5246 phononL 0.004 -1.78816 -0.105866 -0.00637236 0
0 5247 phononL 0.004 0.149893 -0.521926 0.0154604 0
0 5248 phononL 0.004 -1.31362 -0.542764 -0.025577 0
0 5249 phononL 0.004 1.81658 -1.2121 0.0339544 0
0 5250 phononL 0.004 0.824766 -1.15788 0.0282244 0
0 5251 phononL 0.004 -0.30961 -1.65924 0.039978 0
0 5252 phononL 0.004 0.41018 0.513688 0.00478267 0
0 5253 phononL 0.004 -0.654807 2.01725 0.0140981 0
0 5254 phononL 0.004 0.295032 1.6061 -0.0337169 0
0 5255 phononL 0.004 -0.0425031 2.00574 -0.0342559 0
0 5256 phononL 0.004 -1.01884 0.112838 -0.037397 0
0 5257 phononL 0.004 1.23624 -1.69006 0.0220997 0
0 5258 phononL 0.004 -2.21462 0.799882 0.0225767 0
0 5259 phononL 0.004 -0.977058 0.0879317 -0.0324699 0
0 5260 phononL 0.004 0.929872 0.800643 -0.0368172 0
0 5261 phononL 0.004 -2.0882 1.23549 0.0154455 0
0 5262 phononL 0.004 1.53335 0.32974 0.0327973 0
0 5263 phononL 0.004 -0.933765 2.16217 0.017297 0
0 5264 phononL 0.004 -1.36723 -0.369568 0.00675936 0
0 5265 phononL 0.004 -1.84923 -1.53858 -0.00708023 0
0 5266 phononL 0.004 -0.924122 -2.1258 0.001938 0
0 5267 phononL 0.004 0.623066 -0.551407 -0.0136324 0
0 5268 phononL 0.004 0.710309 -1.23293 -0.0205024 0
0 5269 phononL 0.004 -0.0317451 -1.56654 0.00186968 0
0 5270 phononL 0.004 0.32007 -1.12999 -0.00236054 0
0 5271 phononL 0.004 -0.0133867 -1.03591 0.030945 0
0 5272 phononL 0.004 1.16721 -0.923533 0.0354688 0
0 5273 phononL 0.004 0.0301869 -0.61154 0.0338426 0
0 5274 phononL 0.004 -1.39073 -1.97005 0.0306394 0
0 5275 phononL 0.004 0.0394324 -1.19353 0.00259112 0
0 5276 phononL 0.004 -0.533467 0.794255 0.000356273 0
0 5277 phononL 0.004 1.78729 0.80309 -0.00159136 0
0 5278 phononL 0.004 -2.11452 -1.61518 -0.0183304 0
0 5279 phononL 0.004 0.103267 1.41979 -0.0325903 0
0 5280 phononL 0.004 -1.41337 2.18526 -0.0125753 0
0 5281 phononL 0.004 -1.88881 0.461706 0.038847 0
0 5282 phononL 0.004 0.361209 2.1021 -0.0320687 0
0 5283 phononL 0.004 1.87253 0.18676 -0.0361642 0
0 5284 phononL 0.004 -0.140341 0.959115 0.014027 0
0 5285 phononL 0.004 -2.00508 1.33873 -0.0136255 0
0 5286 phononL 0.004 -0.780523 0.0063202 -0.0310006 0
0 5287 phononL 0.004 1.48177 0.680746 0.0311276 0
0 5288 phononL 0.004 0.0357935 1.47805 0.0242715 0
0 5289 phononL 0.004 -1.28533 -0.201342 0.0341848 0
0 5290 phononL 0.004 0.837241 1.58076 -0.0344397 0
0 5291 phononL 0.004 -1.68742 1.97475 0.0314947 0
0 5292 phononL 0.004 1.78282 -0.984075 -0.00711115 0
0 5293 phononL 0.004 -1.37852 -1.93456 0.00258547 0
0 5294 phononL 0.004 -0.0344094 1.71752 0.014666 0
0 5295 phononL 0.004 0.291662 -1.0516 0.0150013 0
0 5296 phononL 0.004 -1.45327 0.603424 0.0351309 0
0 5297 phononL 0.004 -1.50189 -1.07052 0.0343811 0
0 5298 phononL 0.004 -1.38605 1.09822 0.00316589 0
0 5299 phononL 0.004 -0.702471 -2.00474 -0.0381265 0
0 5300 phononL 0.004 0.308401 -0.469447 -0.0204488 0
0 5301 phononL 0.004 -2.06548 0.774842 -0.0301757 0
0 5302 phononL 0.004 0.00824961 1.14701 0.0348168 0
0 5303 phononL 0.004 2.2135 1.05888 0.015195 0
0 5304 phononL 0.004 -0.634763 1.1362 -0.0241565 0
0 5305 phononL 0.004 -1.3177 -1.22944 0.00198248 0
0 5306 phononL 0.004 -0.147211 -0.420746 0.0249164 0
0 5307 phononL 0.004 1.13134 -1.37294 -0.0156133 0
0 5308 phononL 0.004 1.33418 2.09536 -0.0175985 0
0 5309 phononL 0.004 0.444268 1.3089 -0.0125054 0
0 5310 phononL 0.004 0.49402 -0.0678151 0.0248694 0
0 5311 phononL 0.004 -0.665599 -1.78006 0.0277228 0
0 5312 phononL 0.004 1.02547 -1.13446 0.0233875 0
0 5313 phononL 0.004 -1.82698 -1.48203 0.0245711 0
0 5314 phononL 0.004 -0.903176 -0.109375 0.010532 0
0 5315 phononL 0.004 -2.15524 0.536531 0.0328104 0
0 5316 phononL 0.004 -0.265429 -0.584343 0.0057129 0
0 5317 phononL 0.004 0.999837 -1.9298 0.0264816 0
0 5318 phononL 0.004 -0.215473 0.672533 0.00784928 0
0 5319 phononL 0.004 -1.19766 -0.225716 0.0370886 0
0 5320 phononL 0.004 -1.92738 0.35495 -0.0370224 0
0 5321 phononL 0.004 1.71871 -0.435272 -0.0290523 0
0 5322 phononL 0.004 0.288234 1.30205 -0.0188758 0
0 5323 phononL 0.004 0.373072 0.353369 0.0313543 0
0 5324 phononL 0.004 0.513478 -0.978272 0.0312954 0
0 5325 phononL 0.004 -0.315042 -0.525733 -0.0136964 0
0 5326 phononL 0.004 2.12018 2.0057 -0.00208171 0
0 5327 phononL 0.004 0.699346 1.60703 0.0122971 0
0 5328 phononL 0.004 1.5041 -0.252034 -0.0317907 0
0 5329 phononL 0.004 -0.441587 1.73996 -0.0185985 0
0 5330 phononL 0.004 -1.35199 -0.869472 -0.0205717 0
0 5331 phononL 0.004 1.67375 -0.183591 0.015328 0
0 5332 phononL 0.004 0.462246 0.251354 -0.00917539 0
0 5333 phononL 0.004 -1.62652 0.747603 -0.0240507 0
0 5334 phononL 0.004 1.1077 -0.357824 0.0199493 0
0 5335 phononL 0.004 1.02382 1.41179 -0.00655844 0
0 5336 phononL 0.004 -1.46095 0.179491 0.00570763 0
0 5337 phononL 0.004 2.03966 0.765764 -0.0331014 0
0 5338 phononL 0.004 2.01561 0.363921 0.00294102 0
0 5339 phononL 0.004 -2.05318 -0.368336 0.00292087 0
0 5340 phononL 0.004 -0.153682 0.632849 0.0138288 0
0 5341 phononL 0.004 1.69566 -0.96673 -0.00323379 0
0 5342 phononL 0.004 2.22352 -0.813128 0.0226096 0
0 5343 phononL 0.004 -1.86411 0.75257 -0.0199696 0
0 5344 phononL 0.004 -0.298726 0.388183 0.00631345 0
0 5345 phononL 0.004 -1.16431 -1.06864 -0.014734 0
0 5346 phononL 0.004 -1.23988 1.60027 0.0268386 0
0 5347 phononL 0.004 0.940114 -1.31874 0.0176948 0
0 5348 phononL 0.004 -0.678385 -2.1215 -0.00344784 0
0 5349 phononL 0.004 -1.52039 -0.913505 -0.0206868 0
0 5350 phononL 0.004 -1.01371 -1.15679 0.0296017 0
0 5351 phononL 0.004 -1.70566 -0.587716 0.0373674 0
0 5352 phononL 0.004 -2.0873 -1.75144 -0.0381935 0
0 5353 phononL 0.004 0.144979 -0.0936943 -0.0105753 0
0 5354 phononL 0.004 -0.349927 -0.251295 -0.000817457 0
0 5355 phononL 0.004 -2.03587 0.387523 0.00151667 0
0 5356 phononL 0.004 -1.31804 0.465301 0.00510544 0
0 5357 phononL 0.004 1.92303 -0.120934 0.0250566 0
0 5358 phononL 0.004 -1.58547 0.249592 0.0374529 0
0 5359 phononL 0.004 1.11828 -2.15686 -0.0260215 0
0 5360 phononL 0.004 -0.93069 0.778864 0.0270391 0
0 5361 phononL 0.004 1.41108 1.59311 -0.0223791 0
0 5362 phononL 0.004 -0.551432 0.498244 -0.00256752 0
0 5363 phononL 0.004 -0.170702 -1.24554 0.0175339 0
0 5364 phononL 0.004 -0.336342 1.9125 0.0231606 0
0 5365 phononL 0.004 0.825951 2.19286 -0.00720643 0
0 5366 phononL 0.004 0.921076 -1.39465 0.0204682 0
0 5367 phononL 0.004 -1.18945 -1.42765 0.012784 0
0 5368 phononL 0.004 1.36306 -2.04758 -0.0268704 0
0 5369 phononL 0.004 1.58278 1.28035 0.0385516 0
0 5370 phononL 0.004 0.845792 -1.10598 0.0148498 0
0 5371 phononL 0.004 -1.92358 -1.07084 -0.000465526 0
0 5372 phononL 0.004 1.85632 -0.88326 0.027271 0
0 5373 phononL 0.004 0.389338 -2.11856 0.0332766 0
0 5374 phononL 0.004 1.31777 -0.936205 -0.0113189 0
0 5375 phononL 0.004 0.936273 1.57679 0.028636 0
0 5376 phononL 0.004 1.80654 0.746522 -0.018855 0
0 5377 phononL 0.004 -0.217572 -0.475031 -0.00147473 0
0 5378 phononL 0.004 0.823191 -2.00723 0.0376689 0
0 5379 phononL 0.004 -1.06338 0.188755 0.0294867 0
0 5380 phononL 0.004 1.47324 1.7132 0.0125312 0
0 5381 phononL 0.004 -0.047763 -0.538243 0.0325564 0
0 5382 phononL 0.004 0.316642 1.87899 0.0156169 0
0 5383 phononL 0.004 -1.1193 -0.936096 -0.00334346 0
0 5384 phononL 0.004 -0.793346 2.06613 -0.0297342 0
0 5385 phononL 0.004 -1.09801 2.20394 0.031505 0
0 5386 phononL 0.004 0.948877 -1.15892 0.00538623 0
0 5387 phononL 0.004 1.45918 -1.57707 0.0207481 0
0 5388 phononL 0.004 -0.727112 -0.602535 -0.0280388 0
0 5389 phononL 0.004 1.23974 -0.206598 0.0360296 0
0 5390 phononL 0.004 1.24563 2.22603 -0.0257731 0
0 5391 phononL 0.004 -0.0512869 0.158573 -0.0320279 0
0 5392 phononL 0.004 -0.784631 -1.66538 -0.0317324 0
0 5393 phononL 0.004 0.346467 0.940275 -0.0332361 0
0 5394 phononL 0.004 1.15717 -0.202153 0.00284947 0
0 5395 phononL 0.004 -1.72035 -1.53367 0.00224226 0
0 5396 phononL 0.004 -0.322293 1.90642 0.027275 0
0 5397 phononL 0.004 -1.72685 -1.61897 -0.0399245 0
0 5398 phononL 0.004 1.54727 0.231207 -0.0249188 0
0 5399 phononL 0.004 -0.162975 -0.0648051 0.0149878 0
0 5400 phononL 0.004 -0.897389 2.16452 -0.032915 0
0 5401 phononL 0.004 1.00517 -1.92169 0.00709732 0
0 5402 phononL 0.004 -0.658798 1.30572 -0.0380053 0
0 5403 phononL 0.004 -1.52062 0.592901 -0.016293 0
0 5404 phononL 0.004 -0.559264 -0.686908 -0.0146531 0
0 5405 phononL 0.004 -0.568368 -1.76641 0.0161721 0
0 5406 phononL 0.004 0.270758 -1.76787 0.0342119 0
0 5407 phononL 0.004 -1.80616 -0.268053 -0.0136293 0
0 5408 phononL 0.004 -0.425269 0.255397 -0.0170337 0
0 5409 phononL 0.004 1.31764 0.476266 -0.037385 0
0 5410 phononL 0.004 -0.840382 0.346006 -0.0187344 0
0 5411 phononL 0.004 -1.94767 -1.36544 -0.0264696 0
0 5412 phononL 0.004 -0.977369 1.09169 -0.0151799 0
0 5413 phononL 0.004 1.33016 -1.7307 -0.0368379 0
0 5414 phononL 0.004 -1.05018 -1.53465 -0.0160857 0
0 5415 phononL 0.004 0.909117 -0.827983 -0.0161006 0
0 5416 phononL 0.004 1.69269 -0.896772 0.00870015 0
0 5417 phononL 0.004 -1.61265 1.22338 -0.0210443 0
0 5418 phononL 0.004 -1.30178 0.575744 0.0252855 0
0 5419 phononL 0.004 0.458543 1.61831 -0.012561 0
0 5420 phononL 0.004 0.226123 1.62931 0.0145077 0
0 5421 phononL 0.004 -0.540401 -1.41152 -0.00311576 0
0 5422 phononL 0.004 -0.361686 0.940034 -0.038511 0
0 5423 phononL 0.004 -0.446828 -1.30455 0.0206889 0
0 5424 phononL 0.004 0.715081 0.104966 0.0353224 0
0 5425 phononL 0.004 -0.936791 -2.194 0.00236322 0
0 5426 phononL 0.004 1.49269 -0.492342 0.00194223 0
0 5427 phononL 0.004 1.12488 -1.35292 0.0127675 0
0 5428 phononL 0.004 -1.04558 -0.304838 0.0118393 0
0 5429 phononL 0.004 -0.528905 0.33124 0.0138682 0
0 5430 phononL 0.004 1.6541 -0.165108 0.0155561 0
0 5431 phononL 0.004 0.15923 0.893198 0.00690299 0
0 5432 phononL 0.004 0.731842 0.124702 0.0213473 0
0 5433 phononL 0.004 2.14671 -1.85359 -0.0281665 0
0 5434 phononL 0.004 -0.944459 1.30591 -0.0332493 0
0 5435 phononL 0.004 -1.99836 0.86203 -0.0342395 0
0 5436 phononL 0.004 -0.359082 1.27474 -0.0160913 0
0 5437 phononL 0.004 0.337036 -1.03447 0.0392348 0
0 5438 phononL 0.004 -1.86812 -0.980545 0.0299259 0
0 5439 phononL 0.004 -1.474 -1.56548 -0.0396012 0
0 5440 phononL 0.004 1.50217 -1.04271 0.0160577 0
0 5441 phononL 0.004 -1.15018 -1.89258 -0.0305702 0
0 5442 phononL 0.004 -1.42913 -1.22996 0.00578496 0
0 5443 phononL 0.004 1.75623 -0.0764908 -0.0257676 0
0 5444 phononL 0.004 0.232282 -0.65251 0.0143399 0
0 5445 phononL 0.004 -2.20462 -0.843336 0.0286354 0
0 5446 phononL 0.004 -0.270312 0.352269 -0.0251994 0
0 5447 phononL 0.004 -0.0223873 -1.06656 -0.0219461 0
0 5448 phononL 0.004 -0.575067 0.706436 0.00326938 0
0 5449 phononL 0.004 2.04328 -0.963135 -0.0362025 0
0 5450 phononL 0.004 1.76783 -2.05883 -0.0117301 0
0 5451 phononL 0.004 1.04358 0.883279 0.024127 0
0 5452 phononL 0.004 0.848222 -1.75121 0.0160072 0
0 5453 phononL 0.004 1.72799 -0.0357267 0.0185342 0
0 5454 phononL 0.004 -1.29514 -1.87463 -0.037157 0
0 5455 phononL 0.004 2.19338 -0.656223 -0.0173242 0
0 5456 phononL 0.004 0.414432 -1.77944 -0.018773 0
0 5457 phononL 0.004 -1.82388 -2.18697 0.0348658 0
0 5458 phononL 0.004 0.00888541 -1.14374 0.0193846 0
0 5459 phononL 0.004 -0.869515 1.62467 -0.0137441 0
0 5460 phononL 0.004 0.787506 -2.07397 0.0231489 0
0 5461 phononL 0.004 0.336424 0.680389 0.0129799 0
0 5462 phononL 0.004 0.509614 -0.59755 0.0184036 0
0 5463 phononL 0.004 -1.65375 -1.59705 -0.0189512 0
0 5464 phononL 0.004 1.43315 1.38533 0.00237514 0
0 5465 phononL 0.004 1.10641 -2.01485 0.0357653 0
0 5466 phononL 0.004 -0.656019 -1.56988 0.00519466 0
0 5467 phononL 0.004 -0.934791 0.764719 0.0283051 0
0 5468 phononL 0.004 0.702353 -1.67375 0.0286875 0
0 5469 phononL 0.004 -0.887726 0.538507 0.0327087 0
0 5470 phononL 0.004 -2.03568 -1.38401 -0.0227065 0
0 5471 phononL 0.004 0.281538 -0.58619 0.0275879 0
0 5472 phononL 0.004 1.4705 0.236005 0.00705098 0
0 5473 phononL 0.004 1.6794 0.940924 0.0240989 0
0 5474 phononL 0.004 1.45278 1.67875 -0.035285 0
0 5475 phononL 0.004 0.656226 0.925603 0.0155915 0
0 5476 phononL 0.004 -1.14979 0.188871 -0.00807788 0
0 5477 phononL 0.004 1.95474 -2.19883 0.0329155 0
0 5478 phononL 0.004 1.90315 -0.941425 -0.0123093 0
0 5479 phononL 0.004 1.03339 0.139184 0.0228577 0
0 5480 phononL 0.004 1.27629 1.26986 0.0171556 0
0 5481 phononL 0.004 0.105753 -0.02003 0.0130461 0
0 5482 phononL 0.004 -0.129162 0.66693 -0.0222526 0
0 5483 phononL 0.004 -1.48701 1.90832 0.0156129 0
0 5484 phononL 0.004 0.688559 1.51519 -0.0183418 0
0 5485 phononL 0.004 -1.37354 -0.47443 0.00836487 0
0 5486 phononL 0.004 -2.16701 -0.847582 -0.0273436 0
0 5487 phononL 0.004 0.513375 1.65502 -0.0192625 0
0 5488 phononL 0.004 1.28816 -0.0207647 0.0366602 0
0 5489 phononL 0.004 -1.11932 1.52415 -0.0351836 0
0 5490 phononL 0.004 1.38018 -0.331742 -0.00925727 0
0 5491 phononL 0.004 -1.73272 -0.0159019 -0.0132743 0
0 5492 phononL 0.004 -1.3391 1.37639 0.0269212 0
0 5493 phononL 0.004 0.977006 -2.05854 -0.0212451 0
0 5494 phononL 0.004 1.43404 2.02525 -0.0302791 0
0 5495 phononL 0.004 -0.857027 -0.269266 0.00853442 0
0 5496 phononL 0.004 -1.1208 -1.28256 0.0370272 0
0 5497 phononL 0.004 2.05689 -0.454838 -0.0223303 0
0 5498 phononL 0.004 -1.11215 0.163092 0.0150129 0
0 5499 phononL 0.004 -2.15797 -1.19318 -0.0232639 0
0 5500 phononL 0.004 0.104103 2.09132 0.0324906 0
0 5501 phononL 0.004 1.22155 -1.87634 0.0310026 0
0 5502 phononL 0.004 1.54666 -1.32332 -0.0191255 0
0 5503 phononL 0.004 0.044759 1.52299 -0.033779 0
0 5504 phononL 0.004 0.932808 2.00845 -0.0124329 0
0 5505 phononL 0.004 -0.833625 -1.60637 0.0242326 0
0 5506 phononL 0.004 0.169514 -1.50888 0.0262409 0
0 5507 phononL 0.004 -0.306093 0.451607 -0.0235272 0
0 5508 phononL 0.004 0.51323 1.16535 0.0359056 0
0 5509 phononL 0.004 -0.0883267 -2.02633 0.035076 0
0 5510 phononL 0.004 -0.792884 1.83268 -0.0208691 0
0 5511 phononL 0.004 -0.574836 -1.59845 -0.0309383 0
0 5512 phononL 0.004 0.993164 2.11606 0.0334872 0
0 5513 phononL 0.004 -0.919156 -0.799924 -0.024652 0
0 5514 phononL 0.004 1.25395 1.18599 -0.00926081 0
0 5515 phononL 0.004 -0.279231 -1.83119 -0.0388798 0
0 5516 phononL 0.004 1.08489 0.180163 -0.0333216 0
0 5517 phononL 0.004 -1.75098 0.593819 -0.0130715 0
0 5518 phononL 0.004 2.16265 0.697702 0.0391955 0
0 5519 phononL 0.004 -2.21584 -1.32588 0.0393613 0
0 5520 phononL 0.004 0.833229 -1.82754 0.0376069 0
0 5521 phononL 0.004 -0.753869 -0.509113 0.0186651 0
0 5522 phononL 0.004 2.20686 -1.44786 0.033776 0
0 5523 phononL 0.004 1.0672 -0.27369 0.00912041 0
0 5524 phononL 0.004 -0.358136 -1.27978 0.0367341 0
0 5525 phononL 0.004 1.86407 -1.84944 0.0382399 0
0 5526 phononL 0.004 0.848222 -1.45803 0.027042 0
0 5527 phononL 0.004 1.80062 0.975417 -0.0301051 0
0 5528 phononL 0.004 -1.99912 -0.153938 0.00910675 0
0 5529 phononL 0.004 -2.00224 0.713455 -0.0257687 0
0 5530 phononL 0.004 2.08634 0.715976 -0.0163674 0
0 5531 phononL 0.004 1.15851 0.599817 0.00328199 0
0 5532 phononL 0.004 -1.99347 0.372917 0.010494 0
0 5533 phononL 0.004 -1.58154 0.693908 0.0321177 0
0 5534 phononL 0.004 0.0884421 1.00303 0.0266444 0
0 5535 phononL 0.004 -0.942035 2.18047 0.0284673 0
0 5536 phononL 0.004 1.53624 -0.769967 0.0132851 0
0 5537 phononL 0.004 -0.116799 1.47158 -0.0164837 0
0 5538 phononL 0.004 0.656913 -0.854926 -0.0190005 0
0 5539 phononL 0.004 -0.359308 0.342066 0.0326983 0
0 5540 phononL 0.004 1.24903 -1.07109 0.00549388 0
0 5541 phononL 0.004 -2.08655 1.33927 -0.0228055 0
0 5542 phononL 0.004 1.36187 -1.85867 0.00897829 0
0 5543 phononL 0.004 2.17429 -1.93471 -0.03899 0
0 5544 phononL 0.004 -0.156893 -1.11105 0.017846 0
0 5545 phononL 0.004 -0.384766 -0.422869 0.0169597 0
0 5546 phononL 0.004 1.38725 -1.23984 -0.0232003 0
0 5547 phononL 0.004 0.415109 0.843972 -0.0368094 0
0 5548 phononL 0.004 -0.698471 -1.92291 0.0258184 0
0 5549 phononL 0.004 -2.20843 1.49371 -0.0187777 0
0 5550 phononL 0.004 0.961725 0.040658 -0.0100919 0
0 5551 phononL 0.004 -0.966581 1.44491 -0.0286245 0
0 5552 phononL 0.004 -0.62371 2.10351 0.0331785 0
0 5553 phononL 0.004 0.947169 -1.77809 -0.0289093 0
0 5554 phononL 0.004 0.749399 -0.725707 0.00695546 0
0 5555 phononL 0.004 0.148817 -0.731571 0.0194195 0
0 5556 phononL 0.004 -0.939163 -0.488011 -0.0277837 0
0 5557 phononL 0.004 -0.204698 1.14253 0.00712138 0
0 5558 phononL 0.004 2.16525 -0.0657479 0.0158119 0
0 5559 phononL 0.004 0.991276 1.13284 -0.0289698 0
0 5560 phononL 0.004 -1.41757 1.91918 -0.027109 0
0 5561 phononL 0.004 -0.85444 1.42421 -0.0216838 0
0 5562 phononL 0.004 0.754005 0.16426 0.0040408 0
0 5563 phononL 0.004 -1.68455 0.0958649 -0.00325634 0
0 5564 phononL 0.004 -1.7726 1.1309 0.0137883 0
0 5565 phononL 0.004 0.972057 -1.77799 -0.0382557 0
0 5566 phononL 0.004 1.35107 1.97379 -0.00459495 0
0 5567 phononL 0.004 1.42219 0.987767 0.0284057 0
0 5568 phononL 0.004 -0.529349 -0.538611 0.0215246 0
0 5569 phononL 0.004 -1.71679 -1.85423 0.0391079 0
0 5570 phononL 0.004 -0.17762 -1.54237 0.00896274 0
0 5571 phononL 0.004 0.935221 -0.922812 0.0283121 0
0 5572 phononL 0.004 -0.514596 2.04488 0.0145031 0
0 5573 phononL 0.004 0.809041 -2.01388 0.0397542 0
0 5574 phononL 0.004 -1.1922 0.817861 0.0341306 0
0 5575 phononL 0.004 -1.29557 -1.82996 0.0280638 0
0 5576 phononL 0.004 0.528891 -1.97145 -0.0104006 0
0 5577 phononL 0.004 2.00359 -2.15861 -0.00160147 0
0 5578 phononL 0.004 1.28656 1.7305 -0.0305888 0
0 5579 phononL 0.004 1.48791 0.597448 -0.000213223 0
0 5580 phononL 0.004 -1.12065 2.11006 0.00653096 0
0 5581 phononL 0.004 -1.6167 0.551612 0.00163138 0
0 5582 phononL 0.004 0.184604 0.642758 0.0224767 0
0 5583 phononL 0.004 -0.625075 0.22464 0.0280468 0
0 5584 phononL 0.004 0.501737 2.11868 0.0142749 0
0 5585 phononL 0.004 0.898538 -2.10578 0.0344932 0
0 5586 phononL 0.004 -2.01977 -0.930543 -0.0364479 0
0 5587 phononL 0.004 1.09857 -2.22365 -0.0308542 0
0 5588 phononL 0.004 1.03014 -0.743633 0.0276123 0
0 5589 phononL 0.004 -0.21353 -2.07108 -0.0158881 0
0 5590 phononL 0.004 -0.0859153 -1.21036 -0.0327394 0
0 5591 phononL 0.004 -1.80977 0.497576 0.00436746 0
0 5592 phononL 0.004 2.05511 -1.22797 -0.010975 0
0 5593 phononL 0.004 -1.99918 -1.96123 -0.0343478 0
0 5594 phononL 0.004 -2.17163 1.82767 -0.00258691 0
0 5595 phononL 0.004 0.425872 -1.49236 -0.0104701 0
0 5596 phononL 0.004 0.0647862 -0.473434 -0.0357508 0
0 5597 phononL 0.004 0.108412 1.76154 -0.0173093 0
0 5598 phononL 0.004 -0.64944 1.88475 0.0247454 0
0 5599 phononL 0.004 1.91239 -2.20724 0.0257164 0
0 5600 phononL 0.004 1.80506 -1.16513 -0.0110523 0
0 5601 phononL 0.004 0.675144 2.15081 0.0398636 0
0 5602 phononL 0.004 -0.70135 0.922894 0.0160357 0
0 5603 phononL 0.004 1.49309 0.547038 -0.0239254 0
0 5604 phononL 0.004 -0.00229121 -2.18625 0.00141225 0
0 5605 phononL 0.004 1.74654 -0.79924 -0.0337582 0
0 5606 phononL 0.004 -1.24083 2.04819 0.0135788 0
0 5607 phononL 0.004 -0.465587 1.62371 0.00477521 0
0 5608 phononL 0.004 -2.00751 -0.504988 0.0312425 0
0 5609 phononL 0.004 -1.13487 -1.02452 -0.0311576 0
0 5610 phononL 0.004 0.682726 0.770349 -0.0115989 0
0 5611 phononL 0.004 0.488411 -0.0194623 0.0363101 0
0 5612 phononL 0.004 -1.67075 -0.362203 0.0383367 0
0 5613 phononL 0.004 0.297535 -1.44285 -0.0184267 0
0 5614 phononL 0.004 -0.0597772 1.19758 0.0256144 0
0 5615 phononL 0.004 -0.427332 -2.17964 -0.0165075 0
0 5616 phononL 0.004 0.0996278 -1.15426 -0.00740855 0
0 5617 phononL 0.004 0.795285 -0.673303 0.0130383 0
0 5618 phononL 0.004 -0.949102 0.608521 -0.0219171 0
0 5619 phononL 0.004 -0.565041 -1.96387 -0.0119381 0
0 5620 phononL 0.004 -1.96308 0.963271 0.0314509 0
0 5621 phononL 0.004 -0.557365 -1.57199 0.00971765 0
0 5622 phononL 0.004 -0.571744 1.78203 -0.00431872 0
0 5623 phononL 0.004 -2.18337 -1.98995 0.0341387 0
0 5624 phononL 0.004 -2.07548 -0.97847 0.00502871 0
0 5625 phononL 0.004 0.967058 -1.40335 -0.0326316 0
0 5626 phononL 0.004 -0.513691 -1.76679 -0.0193096 0
0 5627 phononL 0.004 1.89932 -0.829583 -0.0154314 0
0 5628 phononL 0.004 1.2869 0.344992 -0.00815406 0
0 5629 phononL 0.004 -0.607618 -1.01884 -0.00990559 0
0 5630 phononL 0.004 -0.5834 1.2921 -0.0366461 0
0 5631 phononL 0.004 1.15711 0.622999 0.0146981 0
0 5632 phononL 0.004 0.271395 -0.980581 -0.0245281 0
0 5633 phononL 0.004 -0.703044 1.51907 0.00180379 0
0 5634 phononL 0.004 -1.21269 -1.96707 0.0354715 0
0 5635 phononL 0.004 -0.410523 -1.2465 -0.0142541 0
0 5636 phononL 0.004 -1.40022 -2.02737 0.0240472 0
0 5637 phononL 0.004 1.77681 2.22237 0.0254007 0
0 5638 phononL 0.004 -1.31252 1.34469 -0.0146319 0
0 5639 phononL 0.004 -0.604916 -1.13931 0.0322057 0
0 5640 phononL 0.004 -1.8267 -1.04324 0.000850895 0
0 5641 phononL 0.004 -0.198182 1.43357 -0.0201739 0
0 5642 phononL 0.004 -0.396348 1.03698 0.0240654 0
0 5643 phononL 0.004 -2.20193 -0.949852 -0.00206592 0
0 5644 phononL 0.004 -1.95288 -0.254529 -0.00985685 0
0 5645 phononL 0.004 -1.67258 -0.494354 0.0352176 0
0 5646 phononL 0.004 0.911116 -0.927707 -0.00552276 0
0 5647 phononL 0.004 -1.8632 0.28488 -0.0359278 0
0 5648 phononL 0.004 -1.27448 0.463126 0.0258648 0
0 5649 phononL 0.004 1.08589 0.408436 0.0161393 0
0 5650 phononL 0.004 0.38527 -1.09522 0.0161612 0
0 5651 phononL 0.004 -1.68784 -1.70277 -0.0217344 0
0 5652 phononL 0.004 -0.432258 -1.78302 -0.0345084 0
0 5653 phononL 0.004 -1.02614 -2.08415 0.0353303 0
0 5654 phononL 0.004 1.17062 -1.94335 -0.039161 0
0 5655 phononL 0.004 2.03227 -1.51024 0.0127811 0
0 5656 phononL 0.004 -0.874453 0.143605 -0.0377701 0
0 5657 phononL 0.004 1.04247 0.576201 -0.0182388 0
0 5658 phononL 0.004 -0.0474136 1.59241 0.00226991 0
0 5659 phononL 0.004 1.60299 0.0417961 0.0331351 0
0 5660 phononL 0.004 1.5899 0.965859 -0.0192181 0
0 5661 phononL 0.004 -1.19911 0.223395 0.028886 0
0 5662 phononL 0.004 1.1252 -0.851776 0.00576326 0
0 5663 phononL 0.004 1.22398 -1.40055 -0.0138046 0
0 5664 phononL 0.004 0.797353 0.555108 -0.0147556 0
0 5665 phononL 0.004 -1.51008 -1.51249 -0.0326234 0
0 5666 phononL 0.004 0.377253 0.792228 -0.0313888 0
0 5667 phononL 0.004 0.572077 -0.964609 0.020061 0
0 5668 phononL 0.004 1.83507 -2.10048 -0.0265088 0
0 5669 phononL 0.004 0.560894 2.14192 -0.022508 0
0 5670 phononL 0.004 -0.540418 -1.61701 0.0226334 0
0 5671 phononL 0.004 2.11867 0.01701 0.0346463 0
0 5672 phononL 0.004 -0.236218 2.14215 -0.0271061 0
0 5673 phononL 0.004 -0.951636 1.78085 0.00704012 0
0 5674 phononL 0.004 -1.54374 2.05014 -0.023049 0
0 5675 phononL 0.004 -1.42903 -1.51167 0.0162662 0
0 5676 phononL 0.004 -0.238376 0.951962 -0.0162771 0
0 5677 phononL 0.004 2.08814 -0.573749 -0.0369139 0
0 5678 phononL 0.004 -1.2551 1.65873 -0.0263476 0
0 5679 phononL 0.004 1.8341 -1.10836 -0.0156254 0
0 5680 phononL 0.004 0.810797 -0.517804 0.0358462 0
0 5681 phononL 0.004 -1.64777 -0.507134 0.0116581 0
0 5682 phononL 0.004 0.321347 1.96759 -0.0116722 0
0 5683 phononL 0.004 1.49467 -0.305596 -0.0311079 0
0 5684 phononL 0.004 -0.496823 0.520953 0.0119269 0
0 5685 phononL 0.004 0.451349 -0.791422 0.0182964 0
0 5686 phononL 0.004 1.34606 1.47449 0.0382294 0
0 5687 phononL 0.004 1.92738 1.05889 0.0176175 0
0 5688 phononL 0.004 -0.066967 2.00376 -0.0173686 0
0 5689 phononL 0.004 -0.509825 1.93687 -0.00178664 0
0 5690 phononL 0.004 1.72417 1.4843 -0.0399615 0
0 5691 phononL 0.004 -1.45812 -0.774538 0.00916963 0
0 5692 phononL 0.004 -2.21354 -1.34316 0.0198121 0
0 5693 phononL 0.004 1.75058 0.435338 0.0144769 0
0 5694 phononL 0.004 -1.41262 -1.81915 -0.0331499 0
0 5695 phononL 0.004 -1.65623 -1.5723 -0.0388165 0
0 5696 phononL 0.004 0.018084 -1.27629 0.00491048 0
0 5697 phononL 0.004 -0.540861 0.848514 0.0137203 0
0 5698 phononL 0.004 -0.278331 -1.28658 -0.00792991 0
0 5699 phononL 0.004 -1.10036 0.248739 -0.0106984 0
0 5700 phononL 0.004 -2.13569 1.32201 0.0392926 0
0 5701 phononL 0.004 0.670317 2.09051 0.0139719 0
0 5702 phononL 0.004 1.40025 1.53975 -0.0370799 0
0 5703 phononL 0.004 0.366499 1.15923 0.00130701 0
0 5704 phononL 0.004 -0.339607 -0.195045 -0.00897302 0
0 5705 phononL 0.004 1.75028 -1.26223 0.0293969 0
0 5706 phononL 0.004 0.689025 -1.44896 0.025066 0
0 5707 phononL 0.004 1.85058 -1.95872 -0.00587351 0
0 5708 phononL 0.004 1.82586 1.77978 0.0166243 0
0 5709 phononL 0.004 -2.22745 0.262966 -0.0323588 0
0 5710 phononL 0.004 -2.12056 -0.23768 0.023944 0
0 5711 phononL 0.004 -0.0752948 -0.056252 0.0152311 0
0 5712 phononL 0.004 0.590322 2.08304 0.0104179 0
0 5713 phononL 0.004 -1.06197 -0.445516 -0.0164734 0
0 5714 phononL 0.004 2.02379 0.922607 0.0215165 0
0 5715 phononL 0.004 2.04272 -1.79853 0.0268198 0
0 5716 phononL 0.004 -0.889303 0.584106 -0.0133568 0
0 5717 phononL 0.004 -1.60377 -1.58454 0.0350772 0
0 5718 phononL 0.004 -1.42605 -0.0768575 0.0334803 0
0 5719 phononL 0.004 -0.721817 1.74286 -0.0175421 0
0 5720 phononL 0.004 -2.01455 0.499453 -0.0370766 0
0 5721 phononL 0.004 0.85186 -1.05323 -0.032513 0
0 5722 phononL 0.004 -0.496266 0.82848 -0.0278879 0
0 5723 phononL 0.004 1.73096 0.931797 -0.0316323 0
0 5724 phononL 0.004 -1.94685 -1.35216 -0.0384961 0
0 5725 phononL 0.004 0.713067 2.08962 -0.00591727 0
0 5726 phononL 0.004 -1.58475 1.97293 -0.00510116 0
0 5727 phononL 0.004 2.05854 -1.49731 -0.0370287 0
0 5728 phononL 0.004 1.72258 1.45959 -0.0313803 0
0 5729 phononL 0.004 1.11673 -0.696382 0.0319355 0
0 5730 phononL 0.004 -0.848718 1.8072 0.00535765 0
0 5731 phononL 0.004 1.1121 1.11911 0.0229987 0
0 5732 phononL 0.004 -0.00376471 -2.19635 0.00627617 0
0 5733 phononL 0.004 -0.560562 1.30724 -0.00599826 0
0 5734 phononL 0.004 -1.69936 0.796093 -0.0300127 0
0 5735 phononL 0.004 1.46304 0.00780702 0.00711496 0
0 5736 phononL 0.004 1.884 2.16983 -0.00513641 0
0 5737 phononL 0.004 -1.83235 -1.74196 -0.036947 0
0 5738 phononL 0.004 -0.887964 -0.873484 -0.00812723 0
0 5739 phononL 0.004 -1.13091 1.95469 0.0397898 0
0 5740 phononL 0.004 -1.31972 1.26272 -0.00578663 0
0 5741 phononL 0.004 1.34379 -1.93775 -0.0153599 0
0 5742 phononL 0.004 -1.38674 1.3145 -0.0264117 0
0 5743 phononL 0.004 -1.64203 1.86086 -5.04695e-05 0
0 5744 phononL 0.004 -1.62742 -1.39814 -0.0163066 0
0 5745 phononL 0.004 -1.52084 -1.70507 0.0190702 0
0 5746 phononL 0.004 -0.667395 1.4833 0.0264782 0
0 5747 phononL 0.004 2.14904 1.99837 -0.0312945 0
0 5748 phononL 0.004 -1.83051 0.0436346 0.035187 0
0 5749 phononL 0.004 -0.559451 1.16453 -0.0287288 0
0 5750 phononL 0.004 -1.61344 -2.07567 -0.0267811 0
0 5751 phononL 0.004 0.351946 0.55331 -0.0313064 0
0 5752 phononL 0.004 0.941174 -1.7542 -0.00328054 0
0 5753 phononL 0.004 -0.133258 -1.71693 -0.0341048 0
0 5754 phononL 0.004 -0.95551 0.828603 -0.0181769 0
0 5755 phononL 0.004 2.21634 0.778633 0.0125442 0
0 5756 phononL 0.004 -1.4451 0.502848 0.0212846 0
0 5757 phononL 0.004 -1.43903 1.21456 -0.010936 0
0 5758 phononL 0.004 2.01921 -0.31662 0.00652028 0
0 5759 phononL 0.004 1.90429 -1.26578 -0.0227226 0
0 5760 phononL 0.004 0.277053 -1.52989 -0.00379689 0
0 5761 phononL 0.004 0.66121 -1.95148 0.00946403 0
0 5762 phononL 0.004 0.259028 1.68846 0.016956 0
0 5763 phononL 0.004 -2.10674 -1.7323 0.0155873 0
0 5764 phononL 0.004 -1.09983 -0.27784 -0.0311049 0
0 5765 phononL 0.004 -1.30237 -1.5761 0.0380953 0
0 5766 phononL 0.004 -0.918819 -1.4065 -0.0376753 0
0 5767 phononL 0.004 0.180376 0.12518 -0.018181 0
0 5768 phononL 0.004 -0.0209519 -0.326708 -0.00269417 0
0 5769 phononL 0.004 -0.474192 -0.675126 -0.018505 0
0 5770 phononL 0.004 -0.525659 1.30048 0.0264931 0
0 5771 phononL 0.004 1.45779 -0.360791 -0.0162089 0
0 5772 phononL 0.004 -0.717841 -1.13658 0.0264496 0
0 5773 phononL 0.004 1.25121 -1.60266 0.0171211 0
0 5774 phononL 0.004 -0.969507 -1.06067 0.037012 0
0 5775 phononL 0.004 -2.16916 0.661577 0.0233944 0
0 5776 phononL 0.004 -0.751506 -0.0265541 -0.0157448 0
0 5777 phononL 0.004 0.44387 1.10375 -0.0162177 0
0 5778 phononL 0.004 -1.02916 0.926881 0.0312212 0
0 5779 phononL 0.004 -2.22247 -1.10726 -0.0252457 0
0 5780 phononL 0.004 -1.1697 0.158766 0.0219229 0
0 5781 phononL 0.004 -0.423811 -1.87079 -0.037589 0
0 5782 phononL 0.004 -0.711122 -0.985818 -0.00727286 0
0 5783 phononL 0.004 0.959661 -0.97787 0.0215086 0
0 5784 phononL 0.004 0.431144 2.20173 0.00464789 0
0 5785 phononL 0.004 0.160144 -0.968835 -0.0144272 0
0 5786 phononL 0.004 -1.34558 -2.00027 -0.0282738 0
0 5787 phononL 0.004 1.61273 0.383218 -0.00273728 0
0 5788 phononL 0.004 -0.924297 1.90295 0.0369685 0
0 5789 phononL 0.004 1.85215 1.09731 0.0390634 0
0 5790 phononL 0.004 -0.412553 -1.07913 0.0135152 0
0 5791 phononL 0.004 -1.48927 -0.804258 0.0294413 0
0 5792 phononL 0.004 -0.381823 -1.78747 0.00256422 0
0 5793 phononL 0.004 -1.93783 1.89704 0.0268494 0
0 5794 phononL 0.004 -0.42874 1.28604 -0.0283348 0
0 5795 phononL 0.004 0.376915 -1.04023 0.0310749 0
0 5796 phononL 0.004 -0.0625093 1.42893 0.00205412 0
0 5797 phononL 0.004 -0.040911 -0.274632 -0.00743977 0
0 5798 phononL 0.004 -0.976284 -1.34482 0.0119578 0
0 5799 phononL 0.004 -0.411835 0.508992 0.0348645 0
0 5800 phononL 0.004 -0.657364 0.253474 0.0277639 0
0 5801 phononL 0.004 1.17667 -1.16187 0.0177318 0
0 5802 phononL 0.004 1.552 -2.10717 -0.0398992 0
0 5803 phononL 0.004 1.4251 0.945847 -0.00958957 0
0 5804 phononL 0.004 0.251778 0.413049 -0.019324 0
0 5805 phononL 0.004 -1.81166 1.4691 0.0193815 0
0 5806 phononL 0.004 -0.136875 -0.00111928 0.0196655 0
0 5807 phononL 0.004 1.82822 0.199794 -0.0220695 0
0 5808 phononL 0.004 -1.31893 -0.2208 -0.0312774 0
0 5809 phononL 0.004 0.364086 0.755659 0.00665552 0
0 5810 phononL 0.004 -1.29267 -0.519489 0.031993 0
0 5811 phononL 0.004 0.438124 0.740702 0.0131393 0
0 5812 phononL 0.004 -1.99825 0.65289 -0.0100047 0
0 5813 phononL 0.004 -0.00908379 -1.04474 0.0172549 0
0 5814 phononL 0.004 1.55052 -0.100215 0.0399725 0
0 5815 phononL 0.004 -0.194848 2.13095 0.000353248 0
0 5816 phononL 0.004 1.26261 0.161566 0.0138911 0
0 5817 phononL 0.004 -1.71042 -1.88954 0.0107431 0
0 5818 phononL 0.004 -2.12097 0.990551 -0.0369702 0
0 5819 phononL 0.004 -0.92357 0.258209 0.0163258 0
0 5820 phononL 0.004 -0.71847 2.09652 -0.0311037 0
0 5821 phononL 0.004 -0.87022 2.21408 -0.0357256 0
0 5822 phononL 0.004 -1.84929 -1.86008 0.0232879 0
0 5823 phononL 0.004 -2.12696 -1.80925 -0.0386783 0
0 5824 phononL 0.004 0.056006 -1.01029 0.0194163 0
0 5825 phononL 0.004 -2.15154 -0.181537 -0.00441951 0
0 5826 phononL 0.004 -0.942471 0.124164 0.0134265 0
0 5827 phononL 0.004 -1.29343 -1.71314 0.00720149 0
0 5828 phononL 0.004 0.950078 -1.75422 -0.00694953 0
0 5829 phononL 0.004 0.465966 -1.82331 0.000348767 0
0 5830 phononL 0.004 -0.0553025 1.86553 0.0223411 0
0 5831 phononL 0.004 0.492492 1.98945 0.00711827 0
0 5832 phononL 0.004 2.13495 0.353894 -0.0285871 0
0 5833 phononL 0.004 -0.722817 -1.10874 0.0129814 0
0 5834 phononL 0.004 -0.224642 0.665686 -0.0258545 0
0 5835 phononL 0.004 -0.841898 1.61801 -0.0272046 0
0 5836 phononL 0.004 -0.476361 -0.973925 -0.0387938 0
0 5837 phononL 0.004 1.85849 -0.12315 0.0330249 0
0 5838 phononL 0.004 1.98259 -0.811368 -0.0270618 0
0 5839 phononL 0.004 1.14299 -1.50947 0.0133435 0
0 5840 phononL 0.004 -0.167361 0.42546 -0.00456031 0
0 5841 phononL 0.004 0.554314 0.998735 0.00701288 0
0 5842 phononL 0.004 0.353838 2.11931 -0.0252844 0
0 5843 phononL 0.004 0.00176296 1.45122 -0.0312681 0
0 5844 phononL 0.004 2.06465 -2.07854 0.0260985 0
0 5845 phononL 0.004 -2.13573 0.705024 -0.00252448 0
0 5846 phononL 0.004 -2.04069 -1.54319 0.0340887 0
0 5847 phononL 0.004 -1.11612 -1.76558 -0.0102066 0
0 5848 phononL 0.004 2.15693 -0.499536 0.033001 0
0 5849 phononL 0.004 0.952621 1.97028 -0.0207627 0
0 5850 phononL 0.004 0.796799 -0.278022 -0.0352869 0
0 5851 phononL 0.004 -2.08385 1.62118 -0.013931 0
0 5852 phononL 0.004 -1.69944 -2.19275 -0.00799042 0
0 5853 phononL 0.004 -0.456183 -1.3512 0.000763626 0
0 5854 phononL 0.004 -1.51834 -1.80455 -0.00274264 0
0 5855 phononL 0.004 -0.750006 0.165183 0.0117503 0
0 5856 phononL 0.004 -1.39379 1.95316 0.00721364 0
0 5857 phononL 0.004 1.8779 1.68139 -0.0148332 0
0 5858 phononL 0.004 -0.115426 -0.0379218 -0.0315443 0
0 5859 phononL 0.004 1.60379 1.46602 -0.0106771 0
0 5860 phononL 0.004 -0.174207 -0.833514 0.0383392 0
0 5861 phononL 0.004 -1.57851 0.829373 -0.0129942 0
0 5862 phononL 0.004 1.70217 -1.70558 0.0364899 0
0 5863 phononL 0.004 1.15578 -1.80478 -0.0331997 0
0 5864 phononL 0.004 0.554812 -1.01279 -0.0274637 0
0 5865 phononL 0.004 0.6406 -0.575669 0.0219219 0
0 5866 phononL 0.004 0.293414 -0.341958 0.0170166 0
0 5867 phononL 0.004 -1.50153 1.4493 -0.0315889 0
0 5868 phononL 0.004 1.71759 -1.5285 0.00782038 0
0 5869 phononL 0.004 0.938957 1.35378 -0.00336078 0
0 5870 phononL 0.004 0.659096 -0.0450668 0.0116814 0
0 5871 phononL 0.004 -1.02774 1.25984 0.0357801 0
0 5872 phononL 0.004 1.00925 0.308093 0.0212696 0
0 5873 phononL 0.004 -2.01415 -0.868706 -0.0372185 0
0 5874 phononL 0.004 -0.194154 -0.595352 -0.0398123 0
0 5875 phononL 0.004 0.0817552 -0.603128 0.00791916 0
0 5876 phononL 0.004 0.702601 -1.5981 0.0238027 0
0 5877 phononL 0.004 -0.41426 0.648117 -0.00537887 0
0 5878 phononL 0.004 -0.852025 -2.07149 0.0395789 0
0 5879 phononL 0.004 1.80992 0.490851 -0.0300803 0
0 5880 phononL 0.004 0.343952 1.84246 -0.0325388 0
0 5881 phononL 0.004 1.21745 -0.675502 -0.000945039 0
0 5882 phononL 0.004 0.0683283 -1.81546 -0.0235213 0
0 5883 phononL 0.004 1.36013 -1.07052 -0.0314667 0
0 5884 phononL 0.004 0.165974 -0.4991 0.0163965 0
0 5885 phononL 0.004 -0.39503 -1.15324 -0.00420544 0
0 5886 phononL 0.004 0.142006 2.20165 -0.0309024 0
0 5887 phononL 0.004 -1.62182 -0.133905 0.0253961 0
0 5888 phononL 0.004 2.21956 1.93742 -0.0310663 0
0 5889 phononL 0.004 2.21537 -2.12137 0.0256438 0
0 5890 phononL 0.004 -0.112125 -1.78879 -0.0259262 0
0 5891 phononL 0.004 2.2063 -0.0496546 0.000261555 0
0 5892 phononL 0.004 -1.43358 1.27992 -0.00815571 0
0 5893 phononL 0.004 1.51023 1.29422 -0.0170184 0
0 5894 phononL 0.004 -1.47108 -2.14706 -0.00858986 0
0 5895 phononL 0.004 -0.453721 -1.70263 0.0296462 0
0 5896 phononL 0.004 0.572233 -0.657409 0.031821 0
0 5897 phononL 0.004 -0.575308 -1.37331 0.0149606 0
0 5898 phononL 0.004 -0.910491 1.58748 0.00205291 0
0 5899 phononL 0.004 -1.95266 -0.444037 0.00867926 0
0 5900 phononL 0.004 -1.65101 -0.969422 0.00468133 0
0 5901 phononL 0.004 1.2667 1.64296 -0.0292053 0
0 5902 phononL 0.004 0.0513128 1.71359 0.0144279 0
0 5903 phononL 0.004 1.5198 1.37994 0.0230607 0
0 5904 phononL 0.004 -2.16503 -0.657248 -0.0274562 0
0 5905 phononL 0.004 1.1846 2.13309 0.0265399 0
0 5906 phononL 0.004 -0.252533 -0.012874 0.037185 0
0 5907 phononL 0.004 1.91364 -1.40341 0.00414454 0
0 5908 phononL 0.004 -0.383929 -1.5889 -0.0313413 0
0 5909 phononL 0.004 1.15518 1.34577 0.0220144 0
0 5910 phononL 0.004 -2.11391 -0.0906245 0.0144293 0
0 5911 phononL 0.004 -1.20981 0.900272 0.0229989 0
0 5912 phononL 0.004 2.20989 -1.28413 0.0343777 0
0 5913 phononL 0.004 0.0090308 0.67805 0.0315362 0
0 5914 phononL 0.004 -2.12912 -2.11605 -0.0156433 0
0 5915 phononL 0.004 0.00360041 0.423981 0.0356101 0
0 5916 phononL 0.004 -1.04791 -1.80122 -0.037339 0
0 5917 phononL 0.004 1.45378 1.7212 0.00385109 0
0 5918 phononL 0.004 -0.338237 1.23324 0.0390955 0
0 5919 phononL 0.004 1.23048 1.95334 0.0184119 0
0 5920 phononL 0.004 -1.57641 1.78127 0.0313589 0
0 5921 phononL 0.004 -0.642243 0.40417 -0.0378542 0
0 5922 phononL 0.004 -0.435493 -0.150912 0.0196372 0
0 5923 phononL 0.004 -2.1065 0.149581 0.0331219 0
0 5924 phononL 0.004 0.800691 0.793098 0.0344281 0
0 5925 phononL 0.004 -1.10226 -1.44578 -0.0211981 0
0 5926 phononL 0.004 2.23065 -1.20474 0.0054515 0
0 5927 phononL 0.004 -1.4671 1.93726 0.0366276 0
0 5928 phononL 0.004 1.1016 -1.12611 0.00816785 0
0 5929 phononL 0.004 2.05505 -0.198487 -0.0375894 0
0 5930 phononL 0.004 0.972288 1.04487 0.0175974 0
0 5931 phononL 0.004 1.83876 0.770518 0.0379225 0
0 5932 phononL 0.004 -0.41984 -1.68415 0.0337389 0
0 5933 phononL 0.004 1.63411 0.827119 -0.0216011 0
0 5934 phononL 0.004 -0.779789 0.458975 0.0122541 0
0 5935 phononL 0.004 0.0838067 -0.423583 -0.0307235 0
0 5936 phononL 0.004 0.0955871 -0.079471 -0.0370837 0
0 5937 phononL 0.004 -2.09355 -0.885706 -0.0248379 0
0 5938 phononL 0.004 -2.16718 2.145 0.000314488 0
0 5939 phononL 0.004 2.22091 0.126578 0.0130919 0
0 5940 phononL 0.004 -1.85006 -2.09779 -0.0114164 0
0 5941 phononL 0.004 1.73267 -0.794195 0.0397486 0
0 5942 phononL 0.004 -0.940435 -1.77483 -0.0376352 0
0 5943 phononL 0.004 1.14981 -0.389535 0.0256801 0
0 5944 phononL 0.004 -0.259981 -0.962365 -0.00779056 0
0 5945 phononL 0.004 -1.09364 -0.403614 0.0172385 0
0 5946 phononL 0.004 0.405071 -1.64294 -0.0265007 0
0 5947 phononL 0.004 -1.9234 -1.87683 -0.0320991 0
0 5948 phononL 0.004 0.109942 -0.927467 0.0207283 0
0 5949 phononL 0.004 0.430148 1.39982 0.0399277 0
0 5950 phononL 0.004 -1.91364 -0.828828 0.0325142 0
0 5951 phononL 0.004 -1.05088 1.36453 0.00683506 0
0 5952 phononL 0.004 2.12587 -0.194007 0.0149758 0
0 5953 phononL 0.004 1.86846 0.852325 0.0379666 0
0 5954 phononL 0.004 0.265303 -0.583236 0.0101568 0
0 5955 phononL 0.004 1.04181 -0.694471 -0.021552 0
0 5956 phononL 0.004 1.61505 1.51397 0.00713521 0
0 5957 phononL 0.004 2.01016 -1.17638 0.0069228 0
0 5958 phononL 0.004 0.534772 -0.348725 -0.0221401 0
0 5959 phononL 0.004 -1.92136 0.829236 -0.0295484 0
0 5960 phononL 0.004 -1.89814 0.96381 0.0319043 0
0 5961 phononL 0.004 -1.15622 -1.6552 -0.00796248 0
0 5962 phononL 0.004 -1.79266 1.80346 0.0299718 0
0 5963 phononL 0.004 -0.604177 1.63313 -0.0214591 0
0 5964 phononL 0.004 1.87687 -1.31463 0.0338468 0
0 5965 phononL 0.004 1.85353 2.02496 -0.00413595 0
0 5966 phononL 0.004 -0.327121 -2.00317 -0.0195875 0
0 5967 phononL 0.004 -0.84103 -1.29251 -0.0042594 0
0 5968 phononL 0.004 1.15258 -1.71473 0.0147427 0
0 5969 phononL 0.004 -0.200554 0.374051 0.024324 0
0 5970 phononL 0.004 -0.940566 1.87243 -0.00689074 0
0 5971 phononL 0.004 -0.670385 0.804399 -0.00470691 0
0 5972 phononL 0.004 -1.99018 -0.885491 0.0316419 0
0 5973 phononL 0.004 -1.31515 -1.34984 -0.0321363 0
0 5974 phononL 0.004 -0.764037 -1.49057 -0.0114308 0
0 5975 phononL 0.004 1.23618 -0.632893 0.0385929 0
0 5976 phononL 0.004 0.163811 2.04408 -0.00935472 0
0 5977 phononL 0.004 0.662785 -2.18139 0.0113517 0
0 5978 phononL 0.004 0.158918 0.858182 -0.0154364 0
0 5979 phononL 0.004 -0.269965 -0.563514 0.030309 0
0 5980 phononL 0.004 -1.58006 0.592359 -0.00473211 0
0 5981 phononL 0.004 -0.334304 -0.576016 -0.00485647 0
0 5982 phononL 0.004 1.41422 0.857044 0.009844 0
0 5983 phononL 0.004 1.43494 1.66764 0.0249347 0
0 5984 phononL 0.004 -1.48404 -2.09213 -0.00573339 0
0 5985 phononL 0.004 2.2155 -0.397238 0.0252316 0
0 5986 phononL 0.004 1.51637 -1.67021 -0.00566661 0
0 5987 phononL 0.004 2.08809 1.51256 -0.0330762 0
0 5988 phononL 0.004 0.338533 0.402293 0.0139546 0
0 5989 phononL 0.004 -1.69459 -1.14159 -0.0128818 0
0 5990 phononL 0.004 -0.414918 -1.07351 0.0159668 0
0 5991 phononL 0.004 -2.07093 -0.745172 -0.0119447 0
0 5992 phononL 0.004 1.88422 -1.03606 0.0181503 0
0 5993 phononL 0.004 -0.567919 -0.818383 -0.0348873 0
0 5994 phononL 0.004 0.541661 0.259164 0.018496 0
0 5995 phononL 0.004 0.533605 -0.887842 -0.0246252 0
0 5996 phononL 0.004 -0.917436 1.04589 0.00309448 0
0 5997 phononL 0.004 0.188026 1.16961 0.0337632 0
0 5998 phononL 0.004 -2.14285 -0.417133 -0.0149766 0
0 5999 phononL 0.004 1.87356 1.99025 0.0238947 0
0 6000 phononL 0.004 -0.243338 -1.56223 -0.0261605 0
0 6001 phononL 0.004 -2.1505 2.00949 -0.0315855 0
0 6002 phononL 0.004 1.72638 0.313889 -0.0314788 0
0 6003 phononL 0.004 1.46026 0.106534 -0.0327367 0
0 6004 phononL 0.004 0.94698 0.929287 0.031891 0
0 6005 phononL 0.004 -0.30782 2.1417 -0.0200645 0
0 6006 phononL 0.004 1.56123 -0.577684 -0.0295451 0
0 6007 phononL 0.004 -1.94293 0.754012 -0.0267169 0
0 6008 phononL 0.004 -0.43332 -1.8517 -0.024833 0
0 6009 phononL 0.004 -1.34038 0.823479 -0.0254814 0
0 6010 phononL 0.004 -0.456367 0.231142 -0.0212684 0
0 6011 phononL 0.004 0.739352 -0.178781 -0.00174123 0
0 6012 phononL 0.004 1.48842 1.05483 -0.00583287 0
0 6013 phononL 0.004 -0.22517 -2.05447 0.0150476 0
0 6014 phononL 0.004 -0.99453 -0.471834 0.0100319 0
0 6015 phononL 0.004 0.475461 -1.66305 0.0289719 0
0 6016 phononL 0.004 1.20639 -1.86342 0.00680187 0
0 6017 phononL 0.004 0.353463 -1.85411 -0.016778 0
0 6018 phononL 0.004 -0.727033 0.722221 -0.0182866 0
0 6019 phononL 0.004 1.49806 0.145404 -0.0214545 0
0 6020 phononL 0.004 -0.60814 -1.49928 0.00867529 0
0 6021 phononL 0.004 2.14726 -1.47402 0.0289292 0
0 6022 phononL 0.004 -1.54881 0.799886 0.00147701 0
0 6023 phononL 0.004 -0.780157 -2.17964 0.0129524 0
0 6024 phononL 0.004 -0.231494 1.11223 0.0135612 0
0 6025 phononL 0.004 -0.656745 -2.13209 0.0337408 0
0 6026 phononL 0.004 1.5856 -0.0265267 0.0275967 0
0 6027 phononL 0.004 -0.903404 2.1345 0.0202872 0
0 6028 phononL 0.004 0.755749 -1.79263 0.0253937 0
0 6029 phononL 0.004 -0.907637 0.609853 -0.0309917 0
0 6030 phononL 0.004 -1.99939 -0.510968 0.0096606 0
0 6031 phononL 0.004 0.411389 -1.79445 0.0287 0
0 6032 phononL 0.004 -2.06587 -2.1927 0.00083422 0
0 6033 phononL 0.004 1.74993 1.37386 -0.015135 0
0 6034 phononL 0.004 0.492353 -1.553 0.0211594 0
0 6035 phononL 0.004 -1.34669 -1.03413 0.0348318 0
0 6036 phononL 0.004 2.1989 -0.820017 0.0290193 0
0 6037 phononL 0.004 1.67861 -2.05332 -0.011532 0
0 6038 phononL 0.004 1.00642 -0.243549 0.022907 0
0 6039 phononL 0.004 0.078807 1.25011 0.0215512 0
0 6040 phononL 0.004 -0.615738 1.83511 -0.0283315 0
0 6041 phononL 0.004 -1.89885 -0.886723 0.031838 0
0 6042 phononL 0.004 -1.05109 0.312463 0.00220213 0
0 6043 phononL 0.004 0.707831 -0.109016 0.0271975 0
0 6044 phononL 0.004 -1.21222 1.85463 0.0285716 0
0 6045 phononL 0.004 1.07247 -1.32703 0.00277754 0
0 6046 phononL 0.004 -1.33296 0.578533 -0.0354245 0
0 6047 phononL 0.004 1.93655 0.92349 0.0253143 0
0 6048 phononL 0.004 -0.178454 -2.1673 0.00114232 0
0 6049 phononL 0.004 -0.0842515 -1.16098 0.00932639 0
0 6050 phononL 0.004 -1.44419 -1.41589 -0.00323581 0
0 6051 phononL 0.004 -1.86532 -0.871245 0.00526109 0
0 6052 phononL 0.004 2.20589 -0.237147 0.0321394 0
0 6053 phononL 0.004 0.963803 2.17177 -0.0153131 0
0 6054 phononL 0.004 1.72785 -1.68091 -0.0246115 0
0 6055 phononL 0.004 0.912923 1.72482 -0.00428503 0
0 6056 phononL 0.004 -1.40628 -1.54705 -0.0216852 0
0 6057 phononL 0.004 -0.681527 1.48122 -0.0297257 0
0 6058 phononL 0.004 -0.81042 0.0542018 0.00548203 0
0 6059 phononL 0.004 -2.14063 -1.69836 0.0222043 0
0 6060 phononL 0.004 1.10358 0.524134 -0.00126244 0
0 6061 phononL 0.004 -1.51593 1.10518 -0.0379062 0
0 6062 phononL 0.004 0.415736 -0.169439 0.0137563 0
0 6063 phononL 0.004 -0.300977 0.796052 0.0379036 0
0 6064 phononL 0.004 0.67597 0.90121 -0.02562 0
0 6065 phononL 0.004 -2.21916 -0.995831 0.0314185 0
0 6066 phononL 0.004 0.337704 0.551925 -0.025299 0
0 6067 phononL 0.004 -0.909377 0.896003 0.00178475 0
0 6068 phononL 0.004 0.981017 -1.22449 0.0250123 0
0 6069 phononL 0.004 -1.50719 1.30472 -0.0314931 0
0 6070 phononL 0.004 -0.945624 1.44752 0.0119399 0
0 6071 phononL 0.004 -0.027017 0.595101 -0.0285096 0
0 6072 phononL 0.004 1.41826 -2.0425 0.0378029 0
0 6073 phononL 0.004 1.10802 -0.0711365 0.0287579 0
0 6074 phononL 0.004 -0.620526 1.51358 0.0154693 0
0 6075 phononL 0.004 -1.41405 -0.254209 0.00395977 0
0 6076 phononL 0.004 -1.74982 0.0296052 0.0265528 0
0 6077 phononL 0.004 0.568686 1.3141 0.0171595 0
0 6078 phononL 0.004 -0.370383 -2.16667 -0.0265131 0
0 6079 phononL 0.004 1.50166 1.66353 -0.0397924 0
0 6080 phononL 0.004 0.526639 -0.302587 -0.0397699 0
0 6081 phononL 0.004 -2.15115 0.46477 -0.0186756 0
0 6082 phononL 0.004 -1.49947 2.07275 -0.0221386 0
0 6083 phononL 0.004 -1.76037 -0.437818 0.00967469 0
0 6084 phononL 0.004 -1.57695 1.28957 -0.0263213 0
0 6085 phononL 0.004 -0.153149 -0.3723 -0.00354716 0
0 6086 phononL 0.004 -1.74926 -1.15145 0.0233878 0
0 6087 phononL 0.004 1.60749 -1.02125 0.012956 0
0 6088 phononL 0.004 -0.129657 -1.11448 -0.0230133 0
0 6089 phononL 0.004 1.34258 -0.523208 0.0222513 0
0 6090 phononL 0.004 -0.384724 1.54408 -0.0280735 0
0 6091 phononL 0.004 -1.12509 -0.781975 -0.0355015 0
0 6092 phononL 0.004 -0.260459 0.540082 -0.0297751 0
0 6093 phononL 0.004 1.04254 -0.223102 -0.00726945 0
0 6094 phononL 0.004 0.64691 -0.723121 0.018329 0
0 6095 phononL 0.004 1.14209 1.8511 -0.020409 0
0 6096 phononL 0.004 0.308416 -0.229749 0.00973225 0
0 6097 phononL 0.004 -1.55512 -1.00738 0.00791231 0
0 6098 phononL 0.004 0.342263 1.30172 -0.0115311 0
0 6099 phononL 0.004 1.24545 -2.18223 0.00299888 0
0 6100 phononL 0.004 1.0798 0.693082 0.0375064 0
0 6101 phononL 0.004 0.395471 -1.64336 0.0266917 0
0 6102 phononL 0.004 1.6295 2.12878 -0.0321515 0
0 6103 phononL 0.004 0.0133163 0.0594461 -0.0399056 0
0 6104 phononL 0.004 0.208125 0.968801 0.0159674 0
0 6105 phononL 0.004 2.17969 1.97922 -0.0307635 0
0 6106 phononL 0.004 -1.67861 -0.447979 -0.0200532 0
0 6107 phononL 0.004 0.223419 -1.95399 -0.00657189 0
0 6108 phononL 0.004 -0.762532 1.08163 -0.0115488 0
0 6109 phononL 0.004 -1.74667 1.91229 0.00346846 0
0 6110 phononL 0.004 -0.571587 -1.24841 -0.000837515 0
0 6111 phononL 0.004 2.142 -0.668092 0.0352494 0
0 6112 phononL 0.004 1.82533 -0.707073 -0.000924306 0
0 6113 phononL 0.004 1.42638 0.882708 0.027246 0
0 6114 phononL 0.004 1.53981 1.30482 -0.0102039 0
0 6115 phononL 0.004 -0.701378 -0.706176 0.0303364 0
0 6116 phononL 0.004 1.16298 0.342182 0.0377858 0
0 6117 phononL 0.004 0.495318 -0.105125 0.0230171 0
0 6118 phononL 0.004 1.81202 1.02595 0.00350246 0
0 6119 phononL 0.004 -2.05394 1.50703 0.0172315 0
0 6120 phononL 0.004 -2.0145 -0.987098 -0.0299648 0
0 6121 phononL 0.004 1.04388 0.159994 0.0211517 0
0 6122 phononL 0.004 -0.914688 -0.596203 0.028867 0
0 6123 phononL 0.004 0.78515 -0.54418 -0.0170589 0
0 6124 phononL 0.004 -1.4701 0.333433 -0.00517188 0
0 6125 phononL 0.004 -0.593526 -0.240105 -0.0254592 0
0 6126 phononL 0.004 -0.985257 0.192835 -0.034202 0
0 6127 phononL 0.004 0.327583 -0.285322 0.0256714 0
0 6128 phononL 0.004 2.17532 1.67904 -0.0324316 0
0 6129 phononL 0.004 0.705679 1.98876 0.0108842 0
0 6130 phononL 0.004 0.812009 0.877295 0.00968136 0
0 6131 phononL 0.004 -1.79332 -0.697954 0.000794467 0
0 6132 phononL 0.004 1.90933 0.802166 -0.0026164 0
0 6133 phononL 0.004 1.40314 1.9787 0.0320386 0
0 6134 phononL 0.004 -0.101473 1.33685 0.0113529 0
0 6135 phononL 0.004 0.293216 1.55513 -0.0174406 0
0 6136 phononL 0.004 -0.843916 -0.824009 -0.00392298 0
0 6137 phononL 0.004 0.0251489 -0.422056 0.00260137 0
0 6138 phononL 0.004 1.30719 -0.284761 -0.0391686 0
0 6139 phononL 0.004 -2.1994 -1.15424 -0.00783962 0
0 6140 phononL 0.004 -2.15639 -1.42819 0.0273327 0
0 6141 phononL 0.004 1.16885 0.142472 -0.0233706 0
0 6142 phononL 0.004 0.512425 -1.0861 -0.0113526 0
0 6143 phononL 0.004 1.83483 0.72599 0.0140887 0
0 6144 phononL 0.004 1.22765 0.218398 0.0240599 0
0 6145 phononL 0.004 2.11439 -0.8616 -0.0101128 0
0 6146 phononL 0.004 1.97958 -0.268771 -0.0227654 0
0 6147 phononL 0.004 1.81391 2.07178 -0.0137843 0
0 6148 phononL 0.004 1.49291 0.175422 -0.000929455 0
0 6149 phononL 0.004 -1.79363 1.49992 -0.00344079 0
0 6150 phononL 0.004 1.53934 1.94358 -0.0151542 0
0 6151 phononL 0.004 1.82988 0.466685 -0.00205398 0
0 6152 phononL 0.004 -2.21155 0.731356 -0.0289245 0
0 6153 phononL 0.004 -1.4098 0.159453 0.0230863 0
0 6154 phononL 0.004 2.1947 0.526194 0.0184814 0
0 6155 phononL 0.004 -1.58251 1.15641 0.0204795 0
0 6156 phononL 0.004 0.515266 -0.735289 -0.0333663 0
0 6157 phononL 0.004 -1.7 0.0480299 0.0224165 0
0 6158 phononL 0.004 -0.58158 0.6115 -0.0189148 0
0 6159 phononL 0.004 0.76526 2.06019 0.00807861 0
0 6160 phononL 0.004 -0.271468 -0.439212 0.0395855 0
0 6161 phononL 0.004 1.35957 -1.63116 -0.0375137 0
0 6162 phononL 0.004 -2.07395 -0.865687 -0.0125047 0
0 6163 phononL 0.004 0.917292 1.71253 0.0260361 0
0 6164 phononL 0.004 2.15671 0.468886 0.0202723 0
0 6165 phononL 0.004 -1.65037 -1.04481 0.0313231 0
0 6166 phononL 0.004 1.6508 1.62809 0.0313703 0
0 6167 phononL 0.004 -0.356673 -2.029 -0.000352404 0
0 6168 phononL 0.004 0.840896 -1.90061 0.00854155 0
0 6169 phononL 0.004 -0.293127 0.395451 -0.00620842 0
0 6170 phononL 0.004 1.1185 0.833672 -0.0154039 0
0 6171 phononL 0.004 -2.12455 0.625085 0.0128735 0
0 6172 phononL 0.004 1.25173 -1.96587 0.0075467 0
0 6173 phononL 0.004 1.8064 0.801851 -0.0145227 0
0 6174 phononL 0.004 -1.92661 0.308429 0.000151046 0
0 6175 phononL 0.004 -1.04887 -1.79819 -0.0037875 0
0 6176 phononL 0.004 1.55085 0.0500727 -0.0207455 0
0 6177 phononL 0.004 0.085271 0.63007 -0.0135398 0
0 6178 phononL 0.004 1.04537 -0.0406878 0.0318363 0
0 6179 phononL 0.004 -0.11503 0.711048 0.0136578 0
0 6180 phononL 0.004 -1.20746 2.14843 -0.00388319 0
0 6181 phononL 0.004 -0.676822 -1.07749 0.00980856 0
0 6182 phononL 0.004 -1.90666 -1.34998 0.0252877 0
0 6183 phononL 0.004 -1.78222 0.0152086 0.00893311 0
0 6184 phononL 0.004 0.804526 0.524252 0.0035522 0
0 6185 phononL 0.004 -1.98874 0.13758 0.0259988 0
0 6186 phononL 0.004 -1.14006 -1.41366 0.0325176 0
0 6187 phononL 0.004 -1.82763 -1.88973 -0.0330531 0
0 6188 phononL 0.004 -0.506426 1.09775 0.0313222 0
0 6189 phononL 0.004 1.53991 1.19366 0.0203793 0
0 6190 phononL 0.004 1.72826 1.42576 0.00487267 0
0 6191 phononL 0.004 -1.80786 1.30681 0.0198077 0
0 6192 phononL 0.004 0.866246 -0.703713 0.0108104 0
0 6193 phononL 0.004 0.936293 -0.69404 -0.0343056 0
0 6194 phononL 0.004 1.31579 -0.64558 0.0131331 0
0 6195 phononL 0.004 0.953518 -1.55734 0.0285722 0
0 6196 phononL 0.004 0.457623 0.70434 -0.0103499 0
0 6197 phononL 0.004 1.08449 2.14015 0.0077938 0
0 6198 phononL 0.004 -1.80773 -1.85412 0.00861392 0
0 6199 phononL 0.004 -1.67019 0.0472898 0.0374712 0
0 6200 phononL 0.004 -0.118051 1.74287 -0.00725215 0
0 6201 phononL 0.004 -1.89057 -1.09767 0.0331233 0
0 6202 phononL 0.004 -0.188993 -1.26964 -0.0102232 0
0 6203 phononL 0.004 -1.94287 0.265386 -0.0337811 0
0 6204 phononL 0.004 -1.7917 0.136176 0.00173019 0
0 6205 phononL 0.004 0.771014 1.21973 -0.0337708 0
0 6206 phononL 0.004 1.42723 -1.83484 0.0243555 0
0 6207 phononL 0.004 -1.55176 0.633424 0.0290329 0
0 6208 phononL 0.004 -1.7734 -2.19192 -0.0373839 0
0 6209 phononL 0.004 1.51986 -1.62641 0.0188317 0
0 6210 phononL 0.004 -1.52317 1.44979 -0.0156092 0
0 6211 phononL 0.004 1.05584 -0.976034 0.013321 0
0 6212 phononL 0.004 1.42602 -0.0804723 -0.0143364 0
0 6213 phononL 0.004 -1.57651 -1.74774 -0.0283668 0
0 6214 phononL 0.004 -1.16899 -2.08706 -0.0340448 0
0 6215 phononL 0.004 -0.749255 -1.63335 -0.0177447 0
0 6216 phononL 0.004 0.545713 -0.360059 0.0393215 0
0 6217 phononL 0.004 0.739899 1.47539 0.0198146 0
0 6218 phononL 0.004 -0.605608 -0.772324 0.0107401 0
0 6219 phononL 0.004 0.719456 -1.8803 -0.0223155 0
0 6220 phononL 0.004 1.03995 0.168101 0.0292718 0
0 6221 phononL 0.004 1.04489 -1.94053 -0.00130064 0
0 6222 phononL 0.004 -0.818086 1.58536 0.0181702 0
0 6223 phononL 0.004 -0.57307 -1.83023 -0.0205782 0
0 6224 phononL 0.004 0.657168 0.174153 0.0253299 0
0 6225 phononL 0.004 1.84904 1.35144 0.0203757 0
0 6226 phononL 0.004 -0.547363 0.662591 -0.0116407 0
0 6227 phononL 0.004 0.296849 -0.0705599 0.0106515 0
0 6228 phononL 0.004 -0.435035 -1.17679 0.000601892 0
0 6229 phononL 0.004 0.904428 0.793404 0.0398061 0
0 6230 phononL 0.004 1.20792 0.612575 0.0388123 0
0 6231 phononL 0.004 -0.548909 2.219 0.00268173 0
0 6232 phononL 0.004 -0.417774 -1.12195 -0.0246722 0
0 6233 phononL 0.004 -0.634603 0.965032 0.0269654 0
0 6234 phononL 0.004 -1.59132 -0.497503 0.0328268 0
0 6235 phononL 0.004 -1.16837 1.24807 0.0108894 0
0 6236 phononL 0.004 1.46281 1.8085 0.0146807 0
0 6237 phononL 0.004 0.387435 -0.671492 0.0181037 0
0 6238 phononL 0.004 -0.276614 -1.1477 0.0194832 0
0 6239 phononL 0.004 -1.53241 -0.00707451 -0.013087 0
0 6240 phononL 0.004 1.60774 -1.61937 -0.036926 0
0 6241 phononL 0.004 0.345034 0.348289 -0.0326952 0
0 6242 phononL 0.004 1.68792 0.338016 -0.0392756 0
0 6243 phononL 0.004 1.74285 0.822232 -0.0268251 0
0 6244 phononL 0.004 1.91496 1.17031 -0.00624125 0
0 6245 phononL 0.004 -0.740632 0.841915 0.00671165 0
0 6246 phononL 0.004 -0.533894 -0.860293 -0.0217235 0
0 6247 phononL 0.004 -1.37735 -0.146817 0.0038899 0
0 6248 phononL 0.004 -1.74537 0.398801 -0.0326966 0
0 6249 phononL 0.004 -1.94572 1.79827 0.0254521 0
0 6250 phononL 0.004 -1.44231 1.52157 -0.0373747 0
0 6251 phononL 0.004 -1.11657 0.881259 -0.0223721 0
0 6252 phononL 0.004 -0.159905 1.55069 0.0138863 0
0 6253 phononL 0.004 0.537684 -1.8811 0.0264903 0
0 6254 phononL 0.004 1.40606 -1.94815 0.0243787 0
0 6255 phononL 0.004 1.07234 -0.623664 0.00228801 0
0 6256 phononL 0.004 0.768933 1.88995 -0.0178558 0
0 6257 phononL 0.004 1.60588 0.763072 0.0386487 0
0 6258 phononL 0.004 -1.9643 0.926348 -0.0258116 0
0 6259 phononL 0.004 1.20111 1.53335 0.0287078 0
0 6260 phononL 0.004 1.89746 -1.09386 0.0296245 0
0 6261 phononL 0.004 0.546375 -1.84792 -0.0348094 0
0 6262 phononL 0.004 -0.30453 0.117048 -0.0221526 0
0 6263 phononL 0.004 -1.16736 -0.447513 -0.0395824 0
0 6264 phononL 0.004 -1.87293 1.27238 -0.02814 0
0 6265 phononL 0.004 0.488285 -1.04281 -0.025709 0
0 6266 phononL 0.004 0.964388 -1.9383 -0.0224655 0
0 6267 phononL 0.004 1.559 1.49585 -0.0294325 0
0 6268 phononL 0.004 2.15779 2.02285 0.026284 0
0 6269 phononL 0.004 1.85096 -0.675027 -0.0135104 0
0 6270 phononL 0.004 2.18765 0.748513 0.0110117 0
0 6271 phononL 0.004 1.44366 1.70508 0.0374248 0
0 6272 phononL 0.004 -0.472886 -2.17354 -0.0295053 0
0 6273 phononL 0.004 0.489781 1.61728 -0.0193493 0
0 6274 phononL 0.004 -1.59169 1.28442 -0.0375982 0
0 6275 phononL 0.004 0.560888 0.723788 0.0249136 0
0 6276 phononL 0.004 -0.930126 2.08248 -0.0110711 0
0 6277 phononL 0.004 1.37869 1.92863 -0.009119 0
0 6278 phononL 0.004 -1.15207 -0.593896 -0.0349718 0
0 6279 phononL 0.004 1.39159 0.0523944 0.0164034 0
0 6280 phononL 0.004 1.42993 -1.78507 -0.00972786 0
0 6281 phononL 0.004 0.285779 -0.397803 -0.00284621 0
0 6282 phononL 0.004 1.08259 -0.70604 -0.0378341 0
0 6283 phononL 0.004 1.84476 2.05186 -0.0280331 0
0 6284 phononL 0.004 -2.17112 -0.747432 -0.0245896 0
0 6285 phononL 0.004 -0.560026 1.02137 -0.0120308 0
0 6286 phononL 0.004 1.05234 1.63224 -0.0145384 0
0 6287 phononL 0.004 1.60367 -0.477231 -0.0110459 0
0 6288 phononL 0.004 -2.07707 2.00757 0.0272023 0
0 6289 phononL 0.004 0.168952 -1.97185 0.00577383 0
0 6290 phononL 0.004 -0.999062 0.581703 -0.0148921 0
0 6291 phononL 0.004 1.43499 -0.78323 0.00654386 0
0 6292 phononL 0.004 -0.059726 1.98731 -0.0244572 0
0 6293 phononL 0.004 0.17585 0.551266 0.0178217 0
0 6294 phononL 0.004 -1.96834 0.739217 -0.0390173 0
0 6295 phononL 0.004 -0.23215 -0.0836004 -0.00384034 0
0 6296 phononL 0.004 -0.762821 -1.65934 -0.0358201 0
0 6297 phononL 0.004 1.60079 -0.714719 -0.03955 0
0 6298 phononL 0.004 -1.83906 -1.76381 0.0273052 0
0 6299 phononL 0.004 -0.845279 0.115804 0.0379075 0
0 6300 phononL 0.004 -1.26805 1.21345 -0.0258802 0
0 6301 phononL 0.004 0.576208 1.72935 -0.0344773 0
0 6302 phononL 0.004 1.79156 0.426335 -0.0377834 0
0 6303 phononL 0.004 0.618368 -1.57093 0.0234014 0
0 6304 phononL 0.004 2.02664 -0.706812 -0.0182795 0
0 6305 phononL 0.004 -1.72981 1.60553 0.0300996 0
0 6306 phononL 0.004 0.392478 -0.705442 -0.0298562 0
0 6307 phononL 0.004 1.15767 0.837865 0.0386425 0
0 6308 phononL 0.004 1.86736 -1.36044 -0.0124529 0
0 6309 phononL 0.004 2.05545 0.274909 -0.0328732 0
0 6310 phononL 0.004 0.362991 -0.496147 -0.0145122 0
0 6311 phononL 0.004 -1.91009 0.772431 0.0280044 0
0 6312 phononL 0.004 -1.13951 1.99565 0.0180445 0
0 6313 phononL 0.004 -0.152683 1.61704 0.00858118 0
0 6314 phononL 0.004 0.288877 -1.3556 0.00816992 0
0 6315 phononL 0.004 2.12792 0.730242 -0.00472993 0
0 6316 phononL 0.004 1.10083 1.11967 -0.00892109 0
0 6317 phononL 0.004 -1.49014 0.50965 -0.0300952 0
0 6318 phononL 0.004 -1.07159 1.29869 -0.00732634 0
0 6319 phononL 0.004 1.48344 -2.09827 -0.000193916 0
0 6320 phononL 0.004 -0.699366 -0.710301 -0.0259342 0
0 6321 phononL 0.004 0.843167 -1.23526 -0.0396191 0
0 6322 phononL 0.004 -0.601675 1.95435 -0.00365766 0
0 6323 phononL 0.004 -0.604528 -0.621221 0.0273435 0
0 6324 phononL 0.004 -1.65914 1.60763 0.0115059 0
0 6325 phononL 0.004 -1.0887 1.34173 0.00232507 0
0 6326 phononL 0.004 0.964298 -1.02081 -0.0248034 0
0 6327 phononL 0.004 0.67225 -1.52194 0.0229073 0
0 6328 phononL 0.004 2.16199 -2.16896 0.0281302 0
0 6329 phononL 0.004 1.91507 -1.75061 0.0142795 0
0 6330 phononL 0.004 1.79808 -0.186468 -0.0343505 0
0 6331 phononL 0.004 1.55302 1.60983 -0.0200351 0
0 6332 phononL 0.004 -0.984427 1.93148 0.0315002 0
0 6333 phononL 0.004 -1.75338 -1.51529 -0.0260399 0
0 6334 phononL 0.004 0.1227 2.16669 -0.0295461 0
0 6335 phononL 0.004 1.40684 1.2668 0.00818908 0
0 6336 phononL 0.004 1.11305 1.77407 -0.0217958 0
0 6337 phononL 0.004 -0.109492 1.16224 0.00459962 0
0 6338 phononL 0.004 1.74519 1.65983 -0.0248125 0
0 6339 phononL 0.004 1.74084 1.87353 0.0338025 0
0 6340 phononL 0.004 1.1079 1.87688 -0.0304897 0
0 6341 phononL 0.004 1.33894 1.60649 -0.0170901 0
0 6342 phononL 0.004 -1.56726 -0.0499255 -0.0135622 0
0 6343 phononL 0.004 1.07732 0.913655 -0.0202001 0
0 6344 phononL 0.004 1.48777 -1.97892 -0.0390586 0
0 6345 phononL 0.004 1.28133 -1.00028 -0.0295815 0
0 6346 phononL 0.004 -1.47723 2.13254 -0.0354941 0
0 6347 phononL 0.004 0.199788 0.765514 0.0303388 0
0 6348 phononL 0.004 1.99259 1.99093 -0.0271419 0
0 6349 phononL 0.004 0.62069 0.267304 0.00592778 0
0 6350 phononL 0.004 0.756735 0.328139 0.012608 0
0 6351 phononL 0.004 1.31842 0.691659 -0.0254238 0
0 6352 phononL 0.004 0.708788 0.2439 0.0279937 0
0 6353 phononL 0.004 0.191977 -1.473 -0.000576382 0
0 6354 phononL 0.004 1.09121 -0.315018 -0.0311322 0
0 6355 phononL 0.004 -1.98607 1.32629 0.0218613 0
0 6356 phononL 0.004 0.35401 -0.572625 -0.0335537 0
0 6357 phononL 0.004 0.745165 -1.52089 0.020997 0
0 6358 phononL 0.004 -1.08903 -1.10799 -0.0295078 0
0 6359 phononL 0.004 -1.75401 -0.854366 0.0139977 0
0 6360 phononL 0.004 1.0831 -0.0649261 0.0354144 0
0 6361 phononL 0.004 1.03648 1.17992 0.00393657 0
0 6362 phononL 0.004 -1.28348 2.08234 0.0381896 0
0 6363 phononL 0.004 1.43699 0.470621 0.00281548 0
0 6364 phononL 0.004 0.550717 1.2752 0.0312061 0
0 6365 phononL 0.004 -0.708407 0.693889 0.0369482 0
0 6366 phononL 0.004 0.396534 -2.11013 -0.0182553 0
0 6367 phononL 0.004 0.869035 2.06389 -0.00350464 0
0 6368 phononL 0.004 -1.27913 -0.154816 0.0304094 0
0 6369 phononL 0.004 -0.718803 -0.321569 -0.0149173 0
0 6370 phononL 0.004 -2.12415 2.15347 -0.00863606 0
0 6371 phononL 0.004 0.598539 2.1197 -0.00946633 0
0 6372 phononL 0.004 -0.439691 1.77758 0.0364485 0
0 6373 phononL 0.004 1.66365 -0.653692 -0.00355489 0
0 6374 phononL 0.004 -1.45652 -0.177685 0.0101365 0
0 6375 phononL 0.004 -1.7984 -1.37545 0.0394847 0
0 6376 phononL 0.004 -1.52714 -0.999429 -0.034793 0
0 6377 phononL 0.004 -0.110701 0.691703 0.018214 0
0 6378 phononL 0.004 -1.74798 0.119897 0.0106102 0
0 6379 phononL 0.004 1.2269 0.683701 -0.0336829 0
0 6380 phononL 0.004 1.82013 -0.578935 0.0356132 0
0 6381 phononL 0.004 -1.2928 0.773277 -0.0136136 0
0 6382 phononL 0.004 -1.23563 -0.820176 -0.00342091 0
0 6383 phononL 0.004 -1.6166 -0.63917 0.0221642 0
0 6384 phononL 0.004 1.71988 -0.958059 0.00758012 0
0 6385 phononL 0.004 -1.0914 -1.07545 -0.0228657 0
0 6386 phononL 0.004 2.06949 1.35161 -0.024513 0
0 6387 phononL 0.004 -1.38761 -0.992909 0.0271962 0
0 6388 phononL 0.004 -1.83078 -1.98213 0.00387749 0
0 6389 phononL 0.004 -0.664021 -1.11537 -0.0390983 0
0 6390 phononL 0.004 -1.95969 -2.14711 -0.0233105 0
0 6391 phononL 0.004 -1.70204 1.16133 0.0172107 0
0 6392 phononL 0.004 1.3633 0.199027 0.0251542 0
0 6393 phononL 0.004 -1.86527 -1.38099 0.0016892 0
0 6394 phononL 0.004 0.851166 -1.15047 7.96893e-05 0
0 6395 phononL 0.004 -0.95978 -1.22322 -0.0316392 0
0 6396 phononL 0.004 2.09814 -0.875921 -0.014931 0
0 6397 phononL 0.004 -1.98596 1.19869 -0.0298291 0
0 6398 phononL 0.004 -0.678142 1.44902 -0.021241 0
0 6399 phononL 0.004 1.43498 -0.186901 -0.020872 0
0 6400 phononL 0.004 -0.748933 0.693141 -0.0362645 0
0 6401 phononL 0.004 0.326627 1.99044 -0.0264962 0
0 6402 phononL 0.004 -0.751707 -1.13981 -0.0168424 0
0 6403 phononL 0.004 -1.35667 -0.630402 -0.0248363 0
0 6404 phononL 0.004 2.22025 2.11023 0.0356737 0
0 6405 phononL 0.004 -1.82058 -2.20827 -0.00689592 0
0 6406 phononL 0.004 1.52699 -1.36443 0.0157472 0
0 6407 phononL 0.004 -2.00642 0.580698 0.0378535 0
0 6408 phononL 0.004 1.96319 -1.71513 -0.0264521 0
0 6409 phononL 0.004 1.32428 -1.5144 0.018865 0
0 6410 phononL 0.004 -0.571532 -0.188037 -0.00852638 0
0 6411 phononL 0.004 -2.131 -0.779228 -0.0128071 0
0 6412 phononL 0.004 -1.30702 1.32617 -0.0381108 0
0 6413 phononL 0.004 -0.963582 1.57678 -0.00701308 0
0 6414 phononL 0.004 1.16779 0.0804932 -0.00565796 0
0 6415 phononL 0.004 -0.33846 -1.2013 0.0283817 0
0 6416 phononL 0.004 1.0764 -0.662103 -0.0313468 0
0 6417 phononL 0.004 1.83966 1.05829 -0.0140371 0
0 6418 phononL 0.004 0.558824 0.314021 0.0392513 0
0 6419 phononL 0.004 1.11658 -1.9717 -0.00271223 0
0 6420 phononL 0.004 -1.79282 0.685319 0.00549753 0
0 6421 phononL 0.004 2.11513 -0.518943 0.00822746 0
0 6422 phononL 0.004 1.68507 -1.94651 0.0260992 0
0 6423 phononL 0.004 1.5424 -1.20913 -0.0395757 0
0 6424 phononL 0.004 -1.13306 2.19732 -0.00949219 0
0 6425 phononL 0.004 -2.03693 -0.786904 0.00235506 0
0 6426 phononL 0.004 0.156441 1.19371 -0.0225805 0
0 6427 phononL 0.004 2.08098 -0.592343 0.0162839 0
0 6428 phononL 0.004 1.71943 -0.571519 0.0101185 0
0 6429 phononL 0.004 -1.66638 1.79754 -0.026112 0
0 6430 phononL 0.004 -0.734065 -1.644 0.0130618 0
0 6431 phononL 0.004 1.94786 0.647522 -0.0387157 0
0 6432 phononL 0.004 -2.17041 2.2213 -0.0202441 0
0 6433 phononL 0.004 -0.769546 0.254728 -0.0190009 0
0 6434 phononL 0.004 -0.872367 -1.21133 -0.0368038 0
0 6435 phononL 0.004 -1.12966 2.07736 -0.0157244 0
0 6436 phononL 0.004 0.895627 -1.87202 -0.0328783 0
0 6437 phononL 0.004 -1.18589 -2.0978 -0.0325264 0
0 6438 phononL 0.004 -0.628946 -1.55033 -0.0390053 0
0 6439 phononL 0.004 1.96851 1.11386 -0.00698827 0
0 6440 phononL 0.004 1.55849 -0.192703 0.0237804 0
0 6441 phononL 0.004 -2.18203 0.194452 0.0283938 0
0 6442 phononL 0.004 2.15754 -0.393161 -0.00557467 0
0 6443 phononL 0.004 -1.87149 1.43655 -0.0384851 0
0 6444 phononL 0.004 1.97043 1.07808 -0.00526949 0
0 6445 phononL 0.004 0.848039 -1.29654 -0.0305807 0
0 6446 phononL 0.004 1.29229 1.7064 0.0116357 0
0 6447 phononL 0.004 -2.05152 1.72047 0.033966 0
0 6448 phononL 0.004 -1.11149 -0.691795 0.0155792 0
0 6449 phononL 0.004 1.56219 2.00356 0.0236828 0
0 6450 phononL 0.004 1.57925 -0.144963 0.0136398 0
0 6451 phononL 0.004 0.44983 -1.54334 0.0204188 0
0 6452 phononL 0.004 0.226745 2.02222 -0.0034564 0
0 6453 phononL 0.004 -0.363577 1.24958 -0.0172608 0
0 6454 phononL 0.004 -1.8826 0.251264 -0.00621238 0
0 6455 phononL 0.004 -0.523905 0.664412 -0.0106763 0
0 6456 phononL 0.004 0.753054 2.1446 0.0359971 0
0 6457 phononL 0.004 -1.99611 -0.124262 0.029172 0
0 6458 phononL 0.004 1.19855 0.741609 0.00361722 0
0 6459 phononL 0.004 -1.95586 -1.42395 0.0399819 0
0 6460 phononL 0.004 1.11787 -0.351432 -0.013108 0
0 6461 phononL 0.004 2.11806 -1.36899 -0.0129629 0
0 6462 phononL 0.004 0.258317 -0.106145 -0.0281092 0
0 6463 phononL 0.004 -2.00687 1.37415 0.0105354 0
0 6464 phononL 0.004 0.704334 2.19297 -0.00991754 0
0 6465 phononL 0.004 0.162817 -2.1748 -0.0312184 0
0 6466 phononL 0.004 -0.931194 1.43323 -0.00533542 0
0 6467 phononL 0.004 -0.231579 0.152961 -0.0160516 0
0 6468 phononL 0.004 1.97552 0.613511 0.0344334 0
0 6469 phononL 0.004 0.461155 0.655539 -0.00834109 0
0 6470 phononL 0.004 1.29874 1.47459 0.0297616 0
0 6471 phononL 0.004 -1.5867 -0.503849 0.020522 0
0 6472 phononL 0.004 -1.92933 -1.31481 0.0324263 0
0 6473 phononL 0.004 0.641663 -1.31633 -0.00961744 0
0 6474 phononL 0.004 -0.892911 1.74297 0.0203432 0
0 6475 phononL 0.004 2.07701 0.986844 -0.0061567 0
0 6476 phononL 0.004 0.0727282 0.564715 -0.0288134 0
0 6477 phononL 0.004 1.77569 0.738707 -0.0326643 0
0 6478 phononL 0.004 -0.696963 -1.71095 0.035263 0
0 6479 phononL 0.004 0.414519 -1.66851 -0.0356599 0
0 6480 phononL 0.004 -1.18806 0.316368 0.0208021 0
0 6481 phononL 0.004 -1.8611 -0.212835 -0.0116845 0
0 6482 phononL 0.004 -1.93778 1.86453 0.0175614 0
0 6483 phononL 0.004 -1.22258 -0.577665 -0.0334658 0
0 6484 phononL 0.004 -1.44017 0.62018 -0.00940688 0
0 6485 phononL 0.004 1.20096 2.11638 -0.0307333 0
0 6486 phononL 0.004 1.8994 -0.671372 -0.00343454 0
0 6487 phononL 0.004 -1.31218 1.89823 -0.0329717 0
0 6488 phononL 0.004 -1.22353 -0.979059 0.0274462 0
0 6489 phononL 0.004 0.192711 -0.277854 0.0394334 0
0 6490 phononL 0.004 0.00593493 -1.0683 0.0248929 0
0 6491 phononL 0.004 -1.37804 0.185449 0.0397725 0
0 6492 phononL 0.004 1.70617 -1.50321 -0.0242564 0
0 6493 phononL 0.004 -0.920639 0.856252 -0.00131997 0
0 6494 phononL 0.004 0.410664 0.222599 -0.0369979 0
0 6495 phononL 0.004 1.8635 -1.66031 0.0324363 0
0 6496 phononL 0.004 0.973117 -2.07015 -0.0038742 0
0 6497 phononL 0.004 -1.62587 1.75094 -0.0199578 0
0 6498 phononL 0.004 -0.967217 0.681255 -0.0213884 0
0 6499 phononL 0.004 -2.13424 -1.11316 0.00776954 0
0 6500 phononL 0.004 -0.82023 -1.49371 0.0367097 0
0 6501 phononL 0.004 1.37232 -1.19527 -0.0014436 0
0 6502 phononL 0.004 1.76173 1.97946 0.0375958 0
0 6503 phononL 0.004 -1.95618 0.104849 0.00399843 0
0 6504 phononL 0.004 -0.27904 -1.57623 0.0305576 0
0 6505 phononL 0.004 -0.560593 -0.637574 0.00661658 0
0 6506 phononL 0.004 -0.561924 -1.70197 0.0351037 0
0 6507 phononL 0.004 -1.99901 1.87947 -0.0183417 0
0 6508 phononL 0.004 -1.09166 -1.39343 -0.00526439 0
0 6509 phononL 0.004 0.870313 2.13838 0.0081106 0
0 6510 phononL 0.004 0.593724 -1.98808 -0.0336341 0
0 6511 phononL 0.004 1.69856 -0.0519399 -0.0140871 0
0 6512 phononL 0.004 0.844848 0.27614 0.0369179 0
0 6513 phononL 0.004 -1.65509 -1.36517 0.0033539 0
0 6514 phononL 0.004 2.0232 0.308136 0.0116422 0
0 6515 phononL 0.004 0.344448 1.37488 0.0059536 0
0 6516 phononL 0.004 -1.75652 -1.1802 -0.0106081 0
0 6517 phononL 0.004 0.450743 0.865635 -0.00637731 0
0 6518 phononL 0.004 1.47446 -2.05616 -0.0341863 0
0 6519 phononL 0.004 -1.72491 0.699699 0.00577323 0
0 6520 phononL 0.004 -0.730219 0.924714 -0.0257204 0
0 6521 phononL 0.004 -0.468996 0.643393 -0.0120045 0
0 6522 phononL 0.004 0.358436 1.68662 -0.00667303 0
0 6523 phononL 0.004 -0.173475 0.990555 0.0236526 0
0 6524 phononL 0.004 1.45319 1.93394 -0.00309809 0
0 6525 phononL 0.004 -0.483071 0.461488 0.0300174 0
0 6526 phononL 0.004 -0.948784 -1.73177 0.0376009 0
0 6527 phononL 0.004 1.81491 2.22435 -0.0162731 0
0 6528 phononL 0.004 -0.816698 0.904745 -0.00767756 0
0 6529 phononL 0.004 -1.91918 0.0892842 -0.0357571 0
0 6530 phononL 0.004 -0.65807 -1.31315 0.0274173 0
0 6531 phononL 0.004 -0.243043 -0.772203 0.00551293 0
0 6532 phononL 0.004 -1.67497 0.0281469 -0.0305442 0
0 6533 phononL 0.004 2.22754 0.323157 0.00696336 0
0 6534 phononL 0.004 -0.16071 0.557743 0.00872722 0
0 6535 phononL 0.004 -1.57753 1.41948 -0.0205422 0
0 6536 phononL 0.004 1.65723 -1.88638 -0.0225596 0
0 6537 phononL 0.004 -0.942009 0.843793 0.0209695 0
0 6538 phononL 0.004 -1.2381 0.969111 0.0149384 0
0 6539 phononL 0.004 -2.17863 -0.913807 0.0268375 0
0 6540 phononL 0.004 -0.103081 -1.04682 -0.0355798 0
0 6541 phononL 0.004 1.39392 0.178559 0.0255981 0
0 6542 phononL 0.004 -1.88807 1.02495 -0.012626 0
0 6543 phononL 0.004 2.01774 0.916257 -0.0224184 0
0 6544 phononL 0.004 -0.932582 0.173093 0.0274829 0
0 6545 phononL 0.004 -1.21341 -1.87662 -0.0166118 0
0 6546 phononL 0.004 1.93803 1.01055 0.00566798 0
0 6547 phononL 0.004 0.882224 0.00476585 -0.00481852 0
0 6548 phononL 0.004 -1.90194 0.176709 -0.0277105 0
0 6549 phononL 0.004 1.42391 1.23137 -0.0177097 0
0 6550 phononL 0.004 -0.282961 1.8537 0.00714054 0
0 6551 phononL 0.004 1.84674 -0.248879 -0.0322254 0
0 6552 phononL 0.004 0.45398 -0.0175298 -0.0119018 0
0 6553 phononL 0.004 0.102718 -1.26415 0.0107509 0
0 6554 phononL 0.004 -1.71594 -1.18264 0.0301061 0
0 6555 phononL 0.004 0.84249 1.00457 -0.0320347 0
0 6556 phononL 0.004 -0.329388 -1.6472 -0.0247367 0
0 6557 phononL 0.004 1.72271 -1.84664 -0.0152116 0
0 6558 phononL 0.004 -1.27846 -1.77804 -0.0147598 0
0 6559 phononL 0.004 -2.05836 1.16296 0.0291817 0
0 6560 phononL 0.004 -1.47628 2.19609 -0.0153537 0
0 6561 phononL 0.004 -0.446781 1.08424 -0.0234712 0
0 6562 phononL 0.004 0.606164 -0.499641 0.0238247 0
0 6563 phononL 0.004 -0.776748 -1.27393 0.00259437 0
0 6564 phononL 0.004 1.68469 -1.83202 -0.000697795 0
0 6565 phononL 0.004 -1.30333 1.31611 -0.015991 0
0 6566 phononL 0.004 1.97829 -0.973313 -0.00561347 0
0 6567 phononL 0.004 2.19759 0.31043 -0.0312992 0
0 6568 phononL 0.004 2.18634 -2.1602 -0.000979868 0
0 6569 phononL 0.004 -1.04869 -1.34564 0.0321465 0
0 6570 phononL 0.004 0.20887 -1.02914 -0.0262978 0
0 6571 phononL 0.004 -1.78884 1.63547 0.00562931 0
0 6572 phononL 0.004 1.07998 0.891307 -0.0383231 0
0 6573 phononL 0.004 -1.8869 -1.50707 0.0202417 0
0 6574 phononL 0.004 0.90461 1.66004 -0.0308547 0
0 6575 phononL 0.004 -1.19098 2.12391 -0.0032692 0
0 6576 phononL 0.004 2.21624 0.426527 -0.0162224 0
0 6577 phononL 0.004 0.663743 -1.87738 0.0333992 0
0 6578 phononL 0.004 0.883469 -0.018704 -0.0242083 0
0 6579 phononL 0.004 2.21712 -1.88184 -0.014689 0
0 6580 phononL 0.004 0.103309 1.07439 -0.0134672 0
0 6581 phononL 0.004 -2.10417 -0.427909 0.0122684 0
0 6582 phononL 0.004 1.13489 -1.742 -0.00684791 0
0 6583 phononL 0.004 0.367013 0.949152 0.0353416 0
0 6584 phononL 0.004 1.63679 -1.64534 0.0248284 0
0 6585 phononL 0.004 -0.480285 1.00938 -0.00417431 0
0 6586 phononL 0.004 -0.796263 1.28379 0.0238056 0
0 6587 phononL 0.004 0.992575 -0.443315 0.00836356 0
0 6588 phononL 0.004 0.287762 1.50471 0.00836192 0
0 6589 phononL 0.004 0.192494 -1.02067 -0.0355065 0
0 6590 phononL 0.004 -1.26975 -1.95347 0.011923 0
0 6591 phononL 0.004 -1.71989 -0.138935 0.0104297 0
0 6592 phononL 0.004 -2.16192 0.992308 -0.0280606 0
0 6593 phononL 0.004 -1.56571 -0.60557 -0.0160746 0
0 6594 phononL 0.004 -1.50123 2.093 -0.0125966 0
0 6595 phononL 0.004 0.133548 -2.21242 0.0226221 0
0 6596 phononL 0.004 1.80674 -1.99678 -0.0391051 0
0 6597 phononL 0.004 1.84461 -1.99326 -0.0256239 0
0 6598 phononL 0.004 -0.27717 2.1155 -0.0314265 0
0 6599 phononL 0.004 1.10294 0.0140522 -0.0169483 0
0 6600 phononL 0.004 -0.66435 -0.122671 0.00795737 0
0 6601 phononL 0.004 -0.273849 -1.94675 0.00561203 0
0 6602 phononL 0.004 1.40121 0.983425 -0.0200222 0
0 6603 phononL 0.004 -0.892215 -1.81813 0.0360779 0
0 6604 phononL 0.004 -1.59263 -1.85001 0.0364063 0
0 6605 phononL 0.004 0.0705317 1.58367 0.0159189 0
0 6606 phononL 0.004 -0.242127 -1.7778 -0.020162 0
0 6607 phononL 0.004 1.55542 -1.084 0.00111344 0
0 6608 phononL 0.004 1.36292 -2.17678 -0.0196057 0
0 6609 phononL 0.004 -0.118644 -2.08402 -0.00672171 0
0 6610 phononL 0.004 -0.105626 -1.4234 -0.0120395 0
0 6611 phononL 0.004 0.08606 0.861149 -0.0174866 0
0 6612 phononL 0.004 1.99023 -1.63655 -0.0369845 0
0 6613 phononL 0.004 1.94237 -1.04048 -0.00263264 0
0 6614 phononL 0.004 0.40704 -1.38999 -0.0307323 0
0 6615 phononL 0.004 2.21688 0.830432 0.00562153 0
0 6616 phononL 0.004 -0.148496 -2.2292 0.0135966 0
0 6617 phononL 0.004 -0.784433 -1.79582 0.0342905 0
0 6618 phononL 0.004 -1.45123 -1.2905 -0.0317137 0
0 6619 phononL 0.004 -1.7859 -1.96953 0.000566247 0
0 6620 phononL 0.004 -1.91382 -0.328442 0.0209965 0
0 6621 phononL 0.004 -0.172516 -1.13129 -0.0364019 0
0 6622 phononL 0.004 1.83303 1.5796 0.031999 0
0 6623 phononL 0.004 1.34593 0.888615 -0.0161553 0
0 6624 phononL 0.004 -0.939817 0.721988 0.00601602 0
0 6625 phononL 0.004 2.01611 1.55366 0.0271854 0
0 6626 phononL 0.004 1.68425 -0.60187 -0.0187561 0
0 6627 phononL 0.004 -0.207524 1.82314 -0.0379263 0
0 6628 phononL 0.004 -2.01046 2.09334 -0.0308633 0
0 6629 phononL 0.004 0.785174 0.256475 -0.0333044 0
0 6630 phononL 0.004 -1.74487 0.0448275 0.0354405 0
0 6631 phononL 0.004 2.02251 -1.83003 0.0130216 0
0 6632 phononL 0.004 -1.38033 -1.32291 -0.0317678 0
0 6633 phononL 0.004 -1.4868 -0.197136 -0.0298446 0
0 6634 phononL 0.004 -0.595831 2.19952 0.0335767 0
0 6635 phononL 0.004 1.62837 0.408341 0.0250096 0
0 6636 phononL 0.004 -2.13562 1.07885 -0.0310817 0
0 6637 phononL 0.004 2.18809 0.111448 0.0301058 0
0 6638 phononL 0.004 -0.154897 -0.897667 -0.0318069 0
0 6639 phononL 0.004 -2.08174 1.64964 0.015849 0
0 6640 phononL 0.004 -0.443458 -0.560987 3.22788e-05 0
0 6641 phononL 0.004 -0.2309 -1.05556 0.0328929 0
0 6642 phononL 0.004 0.154656 0.0590061 0.0307737 0
0 6643 phononL 0.004 -1.38415 1.7544 0.0297619 0
0 6644 phononL 0.004 0.194986 0.171383 0.00742704 0
0 6645 phononL 0.004 -0.455198 -0.980429 -0.00125496 0
0 6646 phononL 0.004 1.58632 -0.178247 -0.0380983 0
0 6647 phononL 0.004 -1.04211 -0.71018 -0.011894 0
0 6648 phononL 0.004 1.76489 0.505541 4.37225e-05 0
0 6649 phononL 0.004 1.6964 -1.87755 0.00336747 0
0 6650 phononL 0.004 -0.297736 0.348517 0.0345053 0
0 6651 phononL 0.004 0.584341 -0.625838 0.000160738 0
0 6652 phononL 0.004 -0.871911 -1.44304 0.0318177 0
0 6653 phononL 0.004 0.087625 -1.94839 -0.0107512 0
0 6654 phononL 0.004 1.58146 -1.03315 0.029548 0
0 6655 phononL 0.004 0.645649 -2.09904 0.0115731 0
0 6656 phononL 0.004 -1.85806 -2.07721 -0.0087559 0
0 6657 phononL 0.004 0.165412 -1.92835 -0.0234172 0
0 6658 phononL 0.004 0.934121 -1.62019 -0.0123923 0
0 6659 phononL 0.004 0.678412 -1.52293 -0.00578139 0
0 6660 phononL 0.004 -2.13145 -0.268429 -0.0399485 0
0 6661 phononL 0.004 -1.74297 -2.03628 0.0231968 0
0 6662 phononL 0.004 -1.38107 0.209978 0.000108073 0
0 6663 phononL 0.004 -0.538418 -1.58788 0.0171411 0
0 6664 phononL 0.004 -1.80757 0.599173 0.020022 0
0 6665 phononL 0.004 -1.77292 -0.390182 0.00224284 0
0 6666 phononL 0.004 0.246598 1.7929 0.00605 0
0 6667 phononL 0.004 -0.447908 -1.08203 0.00435388 0
0 6668 phononL 0.004 -1.56898 2.12634 -0.0156229 0
0 6669 phononL 0.004 1.49603 1.44608 0.0131923 0
0 6670 phononL 0.004 0.0264869 -0.733548 -0.0180482 0
0 6671 phononL 0.004 -0.432767 1.21037 0.0253638 0
0 6672 phononL 0.004 -0.20937 1.30457 -0.0292413 0
0 6673 phononL 0.004 1.50025 0.452109 -0.0017089 0
0 6674 phononL 0.004 -2.09383 0.12524 -0.00988224 0
0 6675 phononL 0.004 1.24198 -1.29208 0.00622838 0
0 6676 phononL 0.004 -0.708651 -2.07822 -0.0271598 0
0 6677 phononL 0.004 -0.981347 -1.91956 0.0321061 0
0 6678 phononL 0.004 0.912838 -1.77629 0.00691725 0
0 6679 phononL 0.004 0.0647992 -0.743754 -0.0155805 0
0 6680 phononL 0.004 -1.75398 1.83971 -0.00327258 0
0 6681 phononL 0.004 -0.530924 0.048618 -0.00564522 0
0 6682 phononL 0.004 1.65279 1.10274 0.0227546 0
0 6683 phononL 0.004 1.39838 -2.21903 -0.0395126 0
0 6684 phononL 0.004 -1.45205 -1.19207 -0.0399451 0
0 6685 phononL 0.004 1.44272 0.581446 -0.00950147 0
0 6686 phononL 0.004 -1.65621 1.9284 0.010153 0
0 6687 phononL 0.004 -0.382404 1.93927 -0.0369879 0
0 6688 phononL 0.004 1.99389 2.07515 0.012883 0
0 6689 phononL 0.004 1.05968 -1.84894 -0.0357144 0
0 6690 phononL 0.004 0.874486 0.872478 -0.0397194 0
0 6691 phononL 0.004 -1.04266 -0.652257 0.03167 0
0 6692 phononL 0.004 1.45434 0.0103834 0.0360776 0
0 6693 phononL 0.004 -0.139308 -0.856376 -0.0366109 0
0 6694 phononL 0.004 -0.865932 0.376812 -0.0385142 0
0 6695 phononL 0.004 1.75705 1.93183 0.0291555 0
0 6696 phononL 0.004 1.17587 -1.57961 0.0301173 0
0 6697 phononL 0.004 0.568628 -0.0517765 0.0167302 0
0 6698 phononL 0.004 0.813792 1.94943 -0.0268477 0
0 6699 phononL 0.004 -0.245779 1.32125 -0.0389634 0
0 6700 phononL 0.004 0.858614 0.522482 -0.0242057 0
0 6701 phononL 0.004 1.00215 -2.16619 -0.011974 0
0 6702 phononL 0.004 -0.454112 1.22364 -0.0117133 0
0 6703 phononL 0.004 1.36281 2.03847 -0.0323815 0
0 6704 phononL 0.004 -0.288453 0.252678 0.00770633 0
0 6705 phononL 0.004 -2.14529 1.52776 0.00224868 0
0 6706 phononL 0.004 -1.39138 0.630887 0.0103544 0
0 6707 phononL 0.004 0.561614 1.05894 -0.0374343 0
0 6708 phononL 0.004 -0.909675 0.789942 -0.0294683 0
0 6709 phononL 0.004 -0.893536 -0.287272 -0.0185216 0
0 6710 phononL 0.004 -2.10733 1.38881 0.0214891 0
0 6711 phononL 0.004 0.781491 -0.200851 0.0272786 0
0 6712 phononL 0.004 -0.81904 -0.076263 0.000769623 0
0 6713 phononL 0.004 -0.82621 -1.44601 0.011268 0
0 6714 phononL 0.004 -2.18719 0.00679029 -0.0122593 0
0 6715 phononL 0.004 -0.825519 0.436711 0.0200729 0
0 6716 phononL 0.004 0.997533 2.19037 -0.00730355 0
0 6717 phononL 0.004 1.6217 -1.75252 0.0306942 0
0 6718 phononL 0.004 0.805912 -1.96516 -0.0371633 0
0 6719 phononL 0.004 2.17144 0.58009 -0.00036893 0
0 6720 phononL 0.004 0.767724 1.63366 0.0333426 0
0 6721 phononL 0.004 0.52989 0.902243 -0.0341672 0
0 6722 phononL 0.004 -0.372373 -0.41638 -8.13307e-05 0
0 6723 phononL 0.004 1.27974 -0.241097 0.000689106 0
0 6724 phononL 0.004 1.40188 -1.56655 -0.00497825 0
0 6725 phononL 0.004 -0.871816 1.31198 -0.0279686 0
0 6726 phononL 0.004 -0.849959 -1.30137 0.0289721 0
0 6727 phononL 0.004 -0.758209 -1.03174 0.0399023 0
0 6728 phononL 0.004 1.58543 1.60248 0.0202755 0
0 6729 phononL 0.004 0.76099 -1.64629 0.0240745 0
0 6730 phononL 0.004 0.112257 -1.86231 -0.010209 0
0 6731 phononL 0.004 0.487173 -0.237746 -0.0310245 0
0 6732 phononL 0.004 1.03923 0.510288 -0.0396737 0
0 6733 phononL 0.004 0.0753868 -0.573778 -0.0321398 0
0 6734 phononL 0.004 -0.619566 -0.0330186 0.0134368 0
0 6735 phononL 0.004 -0.304943 0.206322 -0.00237743 0
0 6736 phononL 0.004 0.599807 -0.692208 -0.0290741 0
0 6737 phononL 0.004 0.543 -0.844703 0.0183108 0
0 6738 phononL 0.004 0.0141675 1.51955 -0.0352961 0
0 6739 phononL 0.004 0.919652 1.91327 -0.00907162 0
0 6740 phononL 0.004 -1.71714 -2.11781 0.0172544 0
0 6741 phononL 0.004 0.416858 -2.1625 -0.00832677 0
0 6742 phononL 0.004 0.404021 -0.800764 -0.0337269 0
0 6743 phononL 0.004 -0.905273 -0.921446 0.0304411 0
0 6744 phononL 0.004 0.079659 1.75241 0.0049964 0
0 6745 phononL 0.004 -1.16563 2.07115 -0.00103749 0
0 6746 phononL 0.004 -0.467266 -1.03239 -0.0372034 0
0 6747 phononL 0.004 -0.605514 0.503458 -0.00578723 0
0 6748 phononL 0.004 0.119218 -0.342405 -0.0266165 0
0 6749 phononL 0.004 0.203045 -1.04886 0.00337417 0
0 6750 phononL 0.004 -0.384434 1.27473 -0.000770513 0
0 6751 phononL 0.004 -2.14648 1.80784 -0.00492691 0
0 6752 phononL 0.004 1.44144 -0.307788 0.00712169 0
0 6753 phononL 0.004 1.03972 -1.76808 0.0109341 0
0 6754 phononL 0.004 -0.561379 1.52907 0.0262807 0
0 6755 phononL 0.004 2.17224 -1.10124 0.00754317 0
0 6756 phononL 0.004 0.424258 0.242516 -0.0208683 0
0 6757 phononL 0.004 1.45164 1.04325 -0.00473183 0
0 6758 phononL 0.004 0.848684 1.30413 -0.0206598 0
0 6759 phononL 0.004 -1.24021 0.600781 0.018631 0
0 6760 phononL 0.004 -0.754462 2.15189 -0.0264155 0
0 6761 phononL 0.004 0.975345 -1.58586 -0.0315796 0
0 6762 phononL 0.004 -1.38827 0.113351 -0.0285389 0
0 6763 phononL 0.004 1.7452 1.42227 -0.0360773 0
0 6764 phononL 0.004 1.84685 1.35251 0.0132071 0
0 6765 phononL 0.004 0.413046 -1.30261 0.0319582 0
0 6766 phononL 0.004 0.501592 1.50814 -0.0292085 0
0 6767 phononL 0.004 -1.60842 -1.87174 -0.0363447 0
0 6768 phononL 0.004 1.55275 -0.313697 -0.0297036 0
0 6769 phononL 0.004 -0.151906 0.811277 -0.0290536 0
0 6770 phononL 0.004 -1.22629 -0.651284 -0.0306353 0
0 6771 phononL 0.004 -1.3532 2.05962 -0.00596127 0
0 6772 phononL 0.004 1.20421 -1.63865 -0.00525216 0
0 6773 phononL 0.004 -0.187292 -1.9534 0.0389785 0
0 6774 phononL 0.004 -0.608443 -1.53106 0.0394431 0
0 6775 phononL 0.004 0.673169 0.381902 -0.0109628 0
0 6776 phononL 0.004 -0.415831 -1.78348 0.00301909 0
0 6777 phononL 0.004 -0.710724 1.8472 -0.0395949 0
0 6778 phononL 0.004 1.6969 -1.60199 0.0394694 0
0 6779 phononL 0.004 -0.429514 0.455775 0.0217037 0
0 6780 phononL 0.004 -1.64588 -0.168742 0.00876615 0
0 6781 phononL 0.004 1.84664 1.80706 0.00597411 0
0 6782 phononL 0.004 -1.4568 0.595369 0.0288734 0
0 6783 phononL 0.004 2.1069 -2.16853 -0.0391772 0
0 6784 phononL 0.004 0.999779 1.71036 -0.0342562 0
0 6785 phononL 0.004 -0.315138 0.884413 0.00482137 0
0 6786 phononL 0.004 0.707244 0.847763 -0.038523 0
0 6787 phononL 0.004 0.4135 0.763396 -0.0304491 0
0 6788 phononL 0.004 -1.88335 -0.421671 0.0129342 0
0 6789 phononL 0.004 -2.12964 0.140199 0.0200233 0
0 6790 phononL 0.004 1.86345 -1.80821 0.0126911 0
0 6791 phononL 0.004 1.27983 -2.0017 0.038031 0
0 6792 phononL 0.004 0.94635 -1.61363 0.00812911 0
0 6793 phononL 0.004 -0.300988 0.824273 -0.0389272 0
0 6794 phononL 0.004 0.0638843 -2.15507 0.018345 0
0 6795 phononL 0.004 -0.844829 1.80797 0.0366181 0
0 6796 phononL 0.004 -0.395081 -0.00950403 0.0172683 0
0 6797 phononL 0.004 -0.958195 -0.278232 -0.0175375 0
0 6798 phononL 0.004 -0.0909527 1.88093 -0.0299274 0
0 6799 phononL 0.004 -1.18433 0.804153 0.0174261 0
0 6800 phononL 0.004 0.105621 -0.984467 0.00982492 0
0 6801 phononL 0.004 -2.08665 1.77054 0.0259288 0
0 6802 phononL 0.004 -1.22093 0.689087 -0.0249491 0
0 6803 phononL 0.004 -1.20692 0.410659 0.013677 0
0 6804 phononL 0.004 -1.13054 1.96207 -0.0221633 0
0 6805 phononL 0.004 1.2427 1.50476 -0.0313413 0
0 6806 phononL 0.004 1.94276 -1.90665 -0.0296125 0
0 6807 phononL 0.004 -0.643253 -1.08945 -0.0264983 0
0 6808 phononL 0.004 0.298476 2.13516 0.00500192 0
0 6809 phononL 0.004 2.02648 0.394046 -0.0162059 0
0 6810 phononL 0.004 -0.482694 -1.90868 0.0193895 0
0 6811 phononL 0.004 2.15975 -1.54037 -0.0372926 0
0 6812 phononL 0.004 1.72574 2.03389 -0.0340053 0
0 6813 phononL 0.004 -1.76215 -1.31961 0.0387876 0
0 6814 phononL 0.004 -2.17887 0.120864 0.0251705 0
0 6815 phononL 0.004 -1.11441 -0.761813 0.0280593 0
0 6816 phononL 0.004 1.37391 -1.17183 -0.0219408 0
0 6817 phononL 0.004 0.723769 0.933527 0.0221484 0
0 6818 phononL 0.004 1.9605 -0.502523 0.00494457 0
0 6819 phononL 0.004 1.83021 -1.71508 -0.0124489 0
0 6820 phononL 0.004 -0.821948 0.043185 -0.0300821 0
0 6821 phononL 0.004 0.584992 -0.92966 -0.0191715 0
0 6822 phononL 0.004 0.0101757 0.598321 0.00841669 0
0 6823 phononL 0.004 1.34757 -0.496284 0.0375523 0
0 6824 phononL 0.004 1.45469 -1.16884 0.0101964 0
0 6825 phononL 0.004 -0.454656 0.823739 0.0180983 0
0 6826 phononL 0.004 1.57103 1.15682 -0.00789993 0
0 6827 phononL 0.004 -1.03261 0.333274 0.0374208 0
0 6828 phononL 0.004 -1.29525 -0.196995 -0.00554338 0
0 6829 phononL 0.004 1.8012 -1.98557 -0.010368 0
0 6830 phononL 0.004 -2.2114 0.673806 -0.0343012 0
0 6831 phononL 0.004 -0.526451 1.34437 -0.0178783 0
0 6832 phononL 0.004 -2.09139 -0.0982043 -0.0289522 0
0 6833 phononL 0.004 -1.0771 1.50663 0.0111286 0
0 6834 phononL 0.004 1.91517 1.67757 0.032316 0
0 6835 phononL 0.004 0.706227 2.07259 0.0304109 0
0 6836 phononL 0.004 1.26583 -1.46414 -0.0160575 0
0 6837 phononL 0.004 -1.20177 2.14151 0.0356907 0
0 6838 phononL 0.004 -0.638442 1.52997 -0.0110847 0
0 6839 phononL 0.004 -0.66245 -1.76219 -0.0046028 0
0 6840 phononL 0.004 -1.12638 -0.23723 0.0232926 0
0 6841 phononL 0.004 -1.50046 0.0987038 0.0105867 0
0 6842 phononL 0.004 -1.51423 -0.471902 -0.029835 0
0 6843 phononL 0.004 1.57156 -0.131528 0.00933191 0
0 6844 phononL 0.004 1.60869 0.0158331 0.0159528 0
0 6845 phononL 0.004 0.00324776 -1.94517 0.00616688 0
0 6846 phononL 0.004 0.241727 0.826388 0.00199989 0
0 6847 phononL 0.004 1.8732 0.705565 -0.0390065 0
0 6848 phononL 0.004 0.158357 0.686606 0.00717432 0
0 6849 phononL 0.004 1.51688 1.07988 0.00195207 0
0 6850 phononL 0.004 0.0316702 -1.64522 0.0300859 0
0 6851 phononL 0.004 -1.77924 0.29003 -0.0264857 0
0 6852 phononL 0.004 1.08391 -0.390925 0.0252068 0
0 6853 phononL 0.004 1.0965 0.261746 -0.00157497 0
0 6854 phononL 0.004 1.74801 -1.8845 0.0356703 0
0 6855 phononL 0.004 1.32265 0.737767 0.00824915 0
0 6856 phononL 0.004 -1.32853 1.88073 -0.010749 0
0 6857 phononL 0.004 0.189643 1.07491 0.0256477 0
0 6858 phononL 0.004 1.44479 0.609709 0.0256171 0
0 6859 phononL 0.004 1.37227 1.95072 0.0151818 0
0 6860 phononL 0.004 -0.219174 -2.15479 0.00417182 0
0 6861 phononL 0.004 -1.80953 -0.824558 -0.0247693 0
0 6862 phononL 0.004 -1.76483 1.02029 0.0342607 0
0 6863 phononL 0.004 0.212918 -2.22785 -0.0122932 0
0 6864 phononL 0.004 1.90972 0.150233 0.00560166 0
0 6865 phononL 0.004 1.07905 0.260076 -0.0307631 0
0 6866 phononL 0.004 1.0919 1.86395 0.00571662 0
0 6867 phononL 0.004 -0.0558415 -1.49719 -0.0322001 0
0 6868 phononL 0.004 0.135635 -1.01625 0.0395519 0
0 6869 phononL 0.004 -0.145719 -0.216605 -0.00956239 0
0 6870 phononL 0.004 0.374194 1.99684 0.0109547 0
0 6871 phononL 0.004 -0.972623 0.483221 -0.0120006 0
0 6872 phononL 0.004 -0.838646 0.389717 -0.0370907 0
0 6873 phononL 0.004 1.13822 -0.168713 -0.00150556 0
0 6874 phononL 0.004 -1.10115 -0.795333 0.00451969 0
0 6875 phononL 0.004 1.09596 -1.0611 -0.00357835 0
0 6876 phononL 0.004 -0.189749 0.952474 0.00735957 0
0 6877 phononL 0.004 0.321728 0.431081 0.00842778 0
0 6878 phononL 0.004 0.62034 1.60915 -0.0278977 0
0 6879 phononL 0.004 -0.767808 -1.61012 0.0117123 0
0 6880 phononL 0.004 0.506041 -1.4699 -0.0112424 0
0 6881 phononL 0.004 -0.426134 0.430278 0.035175 0
0 6882 phononL 0.004 1.6438 -1.38459 0.0235464 0
0 6883 phononL 0.004 0.0957354 1.2008 -0.0118331 0
0 6884 phononL 0.004 -0.620484 -0.168168 -0.0224649 0
0 6885 phononL 0.004 -1.34764 2.13476 -0.00774982 0
0 6886 phononL 0.004 1.80104 -1.00029 0.0263442 0
0 6887 phononL 0.004 -0.923771 1.52824 -0.0339536 0
0 6888 phononL 0.004 1.46235 0.808545 -0.0313835 0
0 6889 phononL 0.004 1.38979 -0.769834 0.00651314 0
0 6890 phononL 0.004 0.916585 0.345916 -0.0215094 0
0 6891 phononL 0.004 0.601363 0.201739 -0.0214835 0
0 6892 phononL 0.004 0.134903 2.16557 -0.0282282 0
0 6893 phononL 0.004 -0.527025 0.724424 -0.0140263 0
0 6894 phononL 0.004 1.09119 2.02477 0.0178829 0
0 6895 phononL 0.004 -0.523624 -0.810593 -0.0126463 0
0 6896 phononL 0.004 -1.15911 1.67081 -0.0339582 0
0 6897 phononL 0.004 -1.90937 0.0535331 0.00981305 0
0 6898 phononL 0.004 -0.572627 -2.00753 -0.00151036 0
0 6899 phononL 0.004 0.213755 0.488877 0.0307194 0
0 6900 phononL 0.004 0.499664 -0.988779 -0.0270866 0
0 6901 phononL 0.004 0.0486762 0.047078 0.0272614 0
0 6902 phononL 0.004 1.28716 1.17263 0.0297336 0
0 6903 phononL 0.004 -2.10041 -1.59503 0.0261871 0
0 6904 phononL 0.004 -0.689121 0.801938 0.0396229 0
0 6905 phononL 0.004 1.97637 -0.450755 0.039282 0
0 6906 phononL 0.004 -1.76703 -1.67726 0.00924017 0
0 6907 phononL 0.004 1.07057 -1.9025 0.026765 0
0 6908 phononL 0.004 -0.569332 1.69003 -0.0131407 0
0 6909 phononL 0.004 -2.11398 -0.869449 -0.0247504 0
0 6910 phononL 0.004 1.45652 0.450239 0.00722664 0
0 6911 phononL 0.004 1.35588 0.378179 0.00828563 0
0 6912 phononL 0.004 0.744763 -1.49462 -0.0110294 0
0 6913 phononL 0.004 -0.0597432 -1.93838 -0.0231095 0
0 6914 phononL 0.004 -0.211783 -1.64403 0.0392642 0
0 6915 phononL 0.004 -1.77127 -0.548784 0.00251075 0
0 6916 phononL 0.004 -2.04439 0.58656 -0.00361551 0
0 6917 phononL 0.004 1.34816 1.92013 0.0233917 0
0 6918 phononL 0.004 1.67381 -0.0953522 -0.000750569 0
0 6919 phononL 0.004 1.50586 -2.17007 0.00489457 0
0 6920 phononL 0.004 1.2442 -0.865898 -0.0123566 0
0 6921 phononL 0.004 2.15595 -0.848778 -0.0349346 0
0 6922 phononL 0.004 -1.45917 -0.24058 0.0116737 0
0 6923 phononL 0.004 2.10987 -2.21501 -0.0213524 0
0 6924 phononL 0.004 -1.70847 0.840932 -0.0359486 0
0 6925 phononL 0.004 -1.70789 -1.24345 -0.0175876 0
0 6926 phononL 0.004 0.0667954 -0.0176477 0.0304692 0
0 6927 phononL 0.004 -0.846865 -0.0820545 0.0393342 0
0 6928 phononL 0.004 1.22145 2.13134 0.0391134 0
0 6929 phononL 0.004 -1.09737 -2.04784 0.0231801 0
0 6930 phononL 0.004 0.912067 -2.19364 0.0094571 0
0 6931 phononL 0.004 -0.487251 1.49704 -0.0265763 0
0 6932 phononL 0.004 -0.479873 -1.7354 -0.024631 0
0 6933 phononL 0.004 1.66226 -0.938381 -0.00437277 0
0 6934 phononL 0.004 1.50015 1.69884 -0.02413 0
0 6935 phononL 0.004 0.882731 -1.71065 0.00905878 0
0 6936 phononL 0.004 -0.875867 -1.9347 0.0333066 0
0 6937 phononL 0.004 1.95427 -0.445852 -0.0281474 0
0 6938 phononL 0.004 1.20216 -0.177589 0.0163504 0
0 6939 phononL 0.004 0.827361 -1.17337 -0.0220026 0
0 6940 phononL 0.004 -2.18874 1.50024 -0.00930913 0
0 6941 phononL 0.004 2.21661 2.20068 0.0264474 0
0 6942 phononL 0.004 -0.686725 1.48438 -0.0269179 0
0 6943 phononL 0.004 1.37147 -0.348177 -0.0132237 0
0 6944 phononL 0.004 2.04021 0.330145 -0.0376894 0
0 6945 phononL 0.004 -0.931559 1.64727 0.0204945 0
0 6946 phononL 0.004 0.000687174 1.15497 -0.0325308 0
0 6947 phononL 0.004 0.652084 2.09389 0.000261665 0
0 6948 phononL 0.004 0.0949512 0.439845 0.035044 0
0 6949 phononL 0.004 0.767804 -0.21609 0.0374181 0
0 6950 phononL 0.004 -2.0779 1.87233 -0.0205649 0
0 6951 phononL 0.004 0.188912 -0.498756 -0.00543858 0
0 6952 phononL 0.004 1.22534 -0.473495 0.0179092 0
0 6953 phononL 0.004 1.70204 -0.837642 -0.0034148 0
0 6954 phononL 0.004 -1.71267 -0.176841 -0.0116769 0
0 6955 phononL 0.004 -0.00421818 -1.28527 -0.0224 0
0 6956 phononL 0.004 1.93761 -2.04444 -0.0316256 0
0 6957 phononL 0.004 -1.89009 0.839497 -0.030918 0
0 6958 phononL 0.004 0.944244 -0.216181 0.0373426 0
0 6959 phononL 0.004 0.664531 1.04262 0.0189951 0
0 6960 phononL 0.004 2.14633 -2.16973 -0.0204541 0
0 6961 phononL 0.004 -0.905011 0.565704 -0.000241055 0
0 6962 phononL 0.004 1.2727 0.259797 -0.000991355 0
0 6963 phononL 0.004 -0.460498 0.922451 -0.0323516 0
0 6964 phononL 0.004 1.93927 0.732328 -0.00627921 0
0 6965 phononL 0.004 1.62285 2.20487 -0.0134083 0
0 6966 phononL 0.004 1.18411 -2.16829 0.0389449 0
0 6967 phononL 0.004 -1.62503 -0.434546 -0.0169776 0
0 6968 phononL 0.004 -0.850187 -0.366675 -0.00280506 0
0 6969 phononL 0.004 1.06336 -0.210546 0.0114775 0
0 6970 phononL 0.004 0.551783 -2.1078 0.0199373 0
0 6971 phononL 0.004 -0.879993 -1.09387 -0.0379633 0
0 6972 phononL 0.004 0.432453 -0.477373 0.00392997 0
0 6973 phononL 0.004 2.13727 -1.11002 -0.00296543 0
0 6974 phononL 0.004 1.25323 0.339452 0.000133154 0
0 6975 phononL 0.004 1.26764 -2.07518 -0.0266068 0
0 6976 phononL 0.004 1.00663 0.844996 -0.0126017 0
0 6977 phononL 0.004 0.827188 0.738032 -0.00296267 0
0 6978 phononL 0.004 0.170303 0.00746081 -0.0247219 0
0 6979 phononL 0.004 -1.08976 1.68411 -0.035133 0
0 6980 phononL 0.004 1.42763 -0.338041 -0.0114251 0
0 6981 phononL 0.004 1.69384 -0.820662 -0.0217812 0
0 6982 phononL 0.004 0.854453 2.15021 -0.0168141 0
0 6983 phononL 0.004 1.07064 1.60284 0.0359254 0
0 6984 phononL 0.004 0.08354 0.846735 -0.0233047 0
0 6985 phononL 0.004 0.368277 1.50931 -0.0388642 0
0 6986 phononL 0.004 -0.187479 -0.554874 -0.0125799 0
0 6987 phononL 0.004 1.00164 -0.428528 0.007987 0
0 6988 phononL 0.004 0.344895 1.27079 -0.0128421 0
0 6989 phononL 0.004 0.592876 0.0849104 -0.0142264 0
0 6990 phononL 0.004 -0.506663 -0.850486 -0.0249139 0
0 6991 phononL 0.004 2.20822 -1.34429 -0.00844609 0
0 6992 phononL 0.004 0.767422 1.00139 0.0283577 0
0 6993 phononL 0.004 -1.45975 -1.82526 0.0012131 0
0 6994 phononL 0.004 -1.78698 0.0590142 -0.035065 0
0 6995 phononL 0.004 2.07086 -0.633027 -0.0153223 0
0 6996 phononL 0.004 -1.50288 2.20871 0.03497 0
0 6997 phononL 0.004 0.160724 1.56061 0.0339253 0
0 6998 phononL 0.004 1.72896 -0.870279 -0.00891707 0
0 6999 phononL 0.004 -2.12754 1.64622 0.00968062 0
0 7000 phononL 0.004 -0.820981 1.79734 -0.00445871 0
0 7001 phononL 0.004 2.21684 -2.04521 0.0177916 0
0 7002 phononL 0.004 -0.338925 -1.6033 -0.0136814 0
0 7003 phononL 0.004 -0.257339 -0.357686 0.0309066 0
0 7004 phononL 0.004 0.385323 0.733835 -0.0311802 0
0 7005 phononL 0.004 -1.0996 -0.889564 0.0171064 0
0 7006 phononL 0.004 1.67069 -2.16677 -0.0127274 0
0 7007 phononL 0.004 -0.756666 -1.75531 0.0127807 0
0 7008 phononL 0.004 0.64342 1.05574 -0.0142177 0
0 7009 phononL 0.004 0.957966 -0.891327 0.0157605 0
0 7010 phononL 0.004 1.96201 -0.39802 -0.0277497 0
0 7011 phononL 0.004 0.277281 -0.333224 -0.0361226 0
0 7012 phononL 0.004 -1.98797 -0.124475 0.0363286 0
0 7013 phononL 0.004 1.11189 0.166827 -0.0278208 0
0 7014 phononL 0.004 1.96741 -0.209479 -0.02783 0
0 7015 phononL 0.004 1.10556 0.0269292 0.0181918 0
0 7016 phononL 0.004 0.845083 0.773458 -0.0116435 0
0 7017 phononL 0.004 0.0982274 0.0282862 -0.0148681 0
0 7018 phononL 0.004 -0.59925 -0.725442 0.0211263 0
0 7019 phononL 0.004 -0.462418 -2.01226 0.00393895 0
0 7020 phononL 0.004 -2.16833 -1.48131 -0.0272432 0
0 7021 phononL 0.004 0.237526 2.13728 0.0231681 0
0 7022 phononL 0.004 -0.475644 1.83033 0.0321801 0
0 7023 phononL 0.004 -1.98353 -0.548273 -0.0371537 0
0 7024 phononL 0.004 -0.253806 1.44629 0.0287302 0
0 7025 phononL 0.004 0.423609 0.216136 0.00318273 0
0 7026 phononL 0.004 0.763302 0.968254 0.0261621 0
0 7027 phononL 0.004 -0.546095 -1.68017 0.0117699 0
0 7028 phononL 0.004 0.586983 -1.34371 0.037718 0
0 7029 phononL 0.004 -2.01252 2.20305 -0.00685202 0
0 7030 phononL 0.004 -1.12076 0.223307 -0.00773373 0
0 7031 phononL 0.004 1.08601 -0.0122148 -0.0314075 0
0 7032 phononL 0.004 0.996152 0.289129 -0.00605782 0
0 7033 phononL 0.004 1.78066 1.54287 -0.000659633 0
0 7034 phononL 0.004 -0.177853 -0.099932 0.0256358 0
0 7035 phononL 0.004 1.54725 2.08842 0.0364263 0
0 7036 phononL 0.004 -0.665472 -1.43298 -0.0356823 0
0 7037 phononL 0.004 -1.0478 -0.595595 -0.0205984 0
0 7038 phononL 0.004 1.03795 1.71501 -0.0226613 0
0 7039 phononL 0.004 0.171806 -2.10235 0.0320454 0
0 7040 phononL 0.004 -0.652892 1.27408 -0.0252874 0
0 7041 phononL 0.004 0.0708936 0.0240288 0.0135053 0
0 7042 phononL 0.004 1.13952 -2.22284 0.011408 0
0 7043 phononL 0.004 0.691296 -1.219 0.0324152 0
0 7044 phononL 0.004 0.914959 -1.14093 0.0246613 0
0 7045 phononL 0.004 0.328006 -0.386063 0.0158305 0
0 7046 phononL 0.004 2.08175 1.12334 -0.0138127 0
0 7047 phononL 0.004 -1.49369 -1.42818 -0.026291 0
0 7048 phononL 0.004 1.655 0.403675 -0.0111638 0
0 7049 phononL 0.004 -1.31121 1.18892 -0.0261368 0
0 7050 phononL 0.004 -2.01435 -1.86333 -0.0306573 0
0 7051 phononL 0.004 -0.421652 -1.50493 0.0175702 0
0 7052 phononL 0.004 -0.911107 1.93934 -0.0309052 0
0 7053 phononL 0.004 1.51473 -1.7325 0.00219989 0
0 7054 phononL 0.004 1.43092 1.67795 -0.0193365 0
0 7055 phononL 0.004 1.83028 1.96328 0.00761769 0
0 7056 phononL 0.004 1.95847 1.32966 0.0171057 0
0 7057 phononL 0.004 -0.701517 -0.901775 0.0373043 0
0 7058 phononL 0.004 -0.745029 1.6918 -0.0128469 0
0 7059 phononL 0.004 -0.760172 0.730508 0.0137677 0
0 7060 phononL 0.004 0.213086 -1.81888 -0.0142843 0
0 7061 phononL 0.004 -2.22761 2.21217 -0.0198817 0
0 7062 phononL 0.004 -1.38057 -0.0511623 0.0241361 0
0 7063 phononL 0.004 0.787844 -2.00852 0.016998 0
0 7064 phononL 0.004 -1.50051 1.0642 -0.0185436 0
0 7065 phononL 0.004 -1.26874 -1.61684 0.0162638 0
0 7066 phononL 0.004 -0.610062 -1.62261 -0.0211161 0
0 7067 phononL 0.004 1.62887 1.71282 -0.00673737 0
0 7068 phononL 0.004 0.37495 1.30197 0.0268515 0
0 7069 phononL 0.004 1.14215 -0.751744 -0.0395311 0
0 7070 phononL 0.004 -0.417519 1.57717 0.0174251 0
0 7071 phononL 0.004 -0.374233 -0.500823 0.00252628 0
0 7072 phononL 0.004 0.794015 0.0530702 0.0346467 0
0 7073 phononL 0.004 -1.45791 0.372811 -0.0267602 0
0 7074 phononL 0.004 0.879138 -0.972449 -0.00529188 0
0 7075 phononL 0.004 -1.91382 1.54255 0.00532719 0
0 7076 phononL 0.004 -2.22254 1.81104 0.0172431 0
0 7077 phononL 0.004 -1.35913 0.775126 -0.0294202 0
0 7078 phononL 0.004 1.85808 0.191841 -0.00883467 0
0 7079 phononL 0.004 -1.67507 0.571623 0.014877 0
0 7080 phononL 0.004 0.128761 0.133378 -0.011739 0
0 7081 phononL 0.004 1.70761 -1.34311 -0.0108905 0
0 7082 phononL 0.004 1.35593 0.116642 0.0174164 0
0 7083 phononL 0.004 -1.01178 -0.905235 -0.0269935 0
0 7084 phononL 0.004 1.36956 1.23539 0.00518781 0
0 7085 phononL 0.004 -1.31774 1.23901 -0.00392131 0
0 7086 phononL 0.004 0.206896 -1.06823 0.0287364 0
0 7087 phononL 0.004 0.349793 -0.048582 0.0366104 0
0 7088 phononL 0.004 -0.714359 -0.15999 0.0370134 0
0 7089 phononL 0.004 0.839731 -0.00429641 -0.0394716 0
0 7090 phononL 0.004 -0.816267 -1.05031 -0.0234152 0
0 7091 phononL 0.004 -0.931553 0.287168 0.00895713 0
0 7092 phononL 0.004 -1.75319 2.1943 -0.0339516 0
0 7093 phononL 0.004 0.409654 -0.107865 -0.0108772 0
0 7094 phononL 0.004 -1.78375 -0.250096 0.00760495 0
0 7095 phononL 0.004 -1.29809 -0.0137557 -0.0178629 0
0 7096 phononL 0.004 0.427778 0.0882994 -0.0101659 0
0 7097 phononL 0.004 0.0417426 -2.1994 0.00363115 0
0 7098 phononL 0.004 1.02159 0.980208 0.0109415 0
0 7099 phononL 0.004 -1.00135 0.0680693 0.0215496 0
0 7100 phononL 0.004 0.972749 -1.75917 0.0288289 0
0 7101 phononL 0.004 1.13945 -2.09111 0.0116694 0
0 7102 phononL 0.004 -0.866463 -1.09123 0.00466474 0
0 7103 phononL 0.004 1.31814 -1.98724 -0.0232289 0
0 7104 phononL 0.004 -1.73613 1.47721 0.0143772 0
0 7105 phononL 0.004 0.653207 2.14816 0.0171166 0
0 7106 phononL 0.004 -1.55546 -1.77368 -0.0148785 0
0 7107 phononL 0.004 0.704235 1.45899 0.015196 0
0 7108 phononL 0.004 1.59424 -0.974965 0.0258467 0
0 7109 phononL 0.004 1.89205 0.912662 0.02122 0
0 7110 phononL 0.004 0.998484 0.169267 -0.00798813 0
0 7111 phononL 0.004 -1.72503 1.35849 -0.0115477 0
0 7112 phononL 0.004 1.78641 -1.58789 0.00586014 0
0 7113 phononL 0.004 -1.20112 1.54218 -0.0306049 0
0 7114 phononL 0.004 -0.494129 1.96859 -0.0213048 0
0 7115 phononL 0.004 -0.87319 0.323384 0.029969 0
0 7116 phononL 0.004 -1.29511 0.584203 -0.00935897 0
0 7117 phononL 0.004 0.539047 -0.578174 0.0267259 0
0 7118 phononL 0.004 0.509888 -1.25585 -0.00928259 0
0 7119 phononL 0.004 1.53953 -0.0801769 -0.0249692 0
0 7120 phononL 0.004 -2.2043 1.90432 -0.00260254 0
0 7121 phononL 0.004 2.04654 1.62398 0.0149447 0
0 7122 phononL 0.004 1.41938 -1.90933 0.0137193 0
0 7123 phononL 0.004 -2.05513 -1.49423 -0.0352134 0
0 7124 phononL 0.004 1.11567 -2.21123 -0.0291765 0
0 7125 phononL 0.004 -1.79407 -0.604206 0.0205143 0
0 7126 phononL 0.004 0.37805 -0.121497 0.0133633 0
0 7127 phononL 0.004 2.03109 -1.1207 0.0216814 0
0 7128 phononL 0.004 -0.257169 0.49815 -0.00509554 0
0 7129 phononL 0.004 1.42003 -0.647228 -0.035142 0
0 7130 phononL 0.004 1.58531 1.86948 -0.0339923 0
0 7131 phononL 0.004 -0.0632873 2.12475 0.0193483 0
0 7132 phononL 0.004 0.912251 1.26786 0.00519666 0
0 7133 phononL 0.004 -2.11121 -0.104164 -0.0252417 0
0 7134 phononL 0.004 -0.837884 -0.890056 -0.0124771 0
0 7135 phononL 0.004 -1.85632 -0.892096 -0.0253226 0
0 7136 phononL 0.004 0.307869 -0.00478103 -0.00922949 0
0 7137 phononL 0.004 1.34298 -1.96327 -0.0302221 0
0 7138 phononL 0.004 -0.697746 0.82328 -0.0330484 0
0 7139 phononL 0.004 1.31261 -1.13175 -0.0296426 0
0 7140 phononL 0.004 -0.606866 -0.502938 -0.0227628 0
0 7141 phononL 0.004 -0.556616 -0.0615192 -0.0179425 0
0 7142 phononL 0.004 2.13722 1.18242 -0.0187562 0
0 7143 phononL 0.004 -0.00117239 -1.58853 0.0390873 0
0 7144 phononL 0.004 0.522374 -0.827565 -0.00884877 0
0 7145 phononL 0.004 -1.70763 0.910548 0.00262576 0
0 7146 phononL 0.004 1.08342 1.85562 -0.0146215 0
0 7147 phononL 0.004 1.35986 1.57557 0.0251601 0
0 7148 phononL 0.004 2.22424 1.89986 -0.0185981 0
0 7149 phononL 0.004 -1.51063 -0.271029 -0.000651605 0
0 7150 phononL 0.004 -1.44774 -0.463706 -0.0119436 0
0 7151 phononL 0.004 0.513814 -0.997942 -0.0392062 0
0 7152 phononL 0.004 0.317241 -0.328825 0.0259155 0
0 7153 phononL 0.004 0.532548 -0.865862 -0.026611 0
0 7154 phononL 0.004 -0.78094 1.72053 -0.0237949 0
0 7155 phononL 0.004 0.70155 -1.18506 -0.00143289 0
0 7156 phononL 0.004 1.34752 -1.11197 0.020716 0
0 7157 phononL 0.004 -0.0828575 -1.45054 0.0153094 0
0 7158 phononL 0.004 0.230906 -1.96183 0.0299732 0
0 7159 phononL 0.004 -1.60414 -0.888797 0.0261348 0
0 7160 phononL 0.004 2.06238 1.49704 0.0323234 0
0 7161 phononL 0.004 -1.52328 0.878499 0.0262445 0
0 7162 phononL 0.004 0.0557826 -1.92867 -0.0140161 0
0 7163 phononL 0.004 0.505916 -0.70435 -0.0145804 0
0 7164 phononL 0.004 -1.72911 -0.964798 -0.013095 0
0 7165 phononL 0.004 0.507672 1.1802 -0.0180734 0
0 7166 phononL 0.004 -1.91885 -1.43251 -0.0196555 0
0 7167 phononL 0.004 1.72618 1.37864 0.0229005 0
0 7168 phononL 0.004 1.9563 0.215049 0.0282291 0
0 7169 phononL 0.004 2.13213 2.19234 -0.0145414 0
0 7170 phononL 0.004 -0.990801 -0.466949 0.0222873 0
0 7171 phononL 0.004 1.4571 0.327372 -0.00735483 0
0 7172 phononL 0.004 1.75135 -1.55387 0.00490836 0
0 7173 phononL 0.004 -0.00264259 0.366767 -0.00304784 0
0 7174 phononL 0.004 -1.18056 -0.571403 -0.0387307 0
0 7175 phononL 0.004 -0.888833 -1.5737 -0.0177087 0
0 7176 phononL 0.004 0.414123 2.19349 -0.0387148 0
0 7177 phononL 0.004 -2.0579 1.20052 0.0187506 0
0 7178 phononL 0.004 -1.99935 0.802235 0.0356732 0
0 7179 phononL 0.004 0.715755 -1.57987 0.0353198 0
0 7180 phononL 0.004 -0.0451235 -0.612286 -0.0229317 0
0 7181 phononL 0.004 -0.12796 -1.72579 0.0184341 0
0 7182 phononL 0.004 1.23453 -0.309373 -0.012734 0
0 7183 phononL 0.004 -0.507677 -1.42051 -0.0361766 0
0 7184 phononL 0.004 -0.669681 -1.26144 -0.00755227 0
0 7185 phononL 0.004 1.19534 2.19162 0.0287191 0
0 7186 phononL 0.004 -1.1167 1.56581 0.0332131 0
0 7187 phononL 0.004 0.709123 -1.92502 -0.0360882 0
0 7188 phononL 0.004 0.899346 0.228658 0.011608 0
0 7189 phononL 0.004 1.19408 0.610809 -0.0356282 0
0 7190 phononL 0.004 1.37543 -1.77109 -0.000619477 0
0 7191 phononL 0.004 -0.856476 0.169664 0.0177227 0
0 7192 phononL 0.004 -1.59152 0.0707138 0.0387229 0
0 7193 phononL 0.004 1.22121 0.268973 0.00681709 0
0 7194 phononL 0.004 0.696771 -1.43354 -0.0301729 0
0 7195 phononL 0.004 -1.35492 -0.183729 0.0249521 0
0 7196 phononL 0.004 -1.32715 -0.865697 -0.00714072 0
0 7197 phononL 0.004 1.50709 2.03804 -0.0114813 0
0 7198 phononL 0.004 1.87404 -2.17276 -0.0251282 0
0 7199 phononL 0.004 -0.121488 -1.30649 -0.00254128 0
0 7200 phononL 0.004 -0.684205 -1.76122 0.0395592 0
0 7201 phononL 0.004 -0.193469 -1.41749 0.00693764 0
0 7202 phononL 0.004 -0.781034 -0.0405238 -0.0220829 0
0 7203 phononL 0.004 -0.323873 -0.134164 0.00298453 0
0 7204 phononL 0.004 -1.24945 0.0833883 -0.00523336 0
0 7205 phononL 0.004 1.42295 -0.122613 -0.00327648 0
0 7206 phononL 0.004 2.10708 -1.24476 0.0324613 0
0 7207 phononL 0.004 -0.716742 -2.05938 0.0267059 0
0 7208 phononL 0.004 1.85372 1.46454 -0.0120386 0
0 7209 phononL 0.004 0.231356 -0.973372 -0.0218508 0
0 7210 phononL 0.004 -0.221543 -0.791502 0.0212638 0
0 7211 phononL 0.004 -0.371103 -0.390809 0.0126039 0
0 7212 phononL 0.004 -0.912055 -1.42882 -0.0338553 0
0 7213 phononL 0.004 -0.224003 1.34414 -0.00541849 0
0 7214 phononL 0.004 1.41677 0.02837 0.0139399 0
0 7215 phononL 0.004 -0.0279858 2.05216 -0.00304244 0
0 7216 phononL 0.004 -1.70957 2.21724 0.0215737 0
0 7217 phononL 0.004 -0.889447 1.5701 -0.0372899 0
0 7218 phononL 0.004 -1.58987 -1.63696 -0.00382026 0
0 7219 phononL 0.004 2.1948 0.297894 -0.0176949 0
0 7220 phononL 0.004 -1.86144 0.29795 -0.00460873 0
0 7221 phononL 0.004 0.962915 -1.31359 0.013373 0
0 7222 phononL 0.004 0.652608 -0.0775485 0.00116172 0
0 7223 phononL 0.004 1.6607 -0.454844 -0.00334904 0
0 7224 phononL 0.004 1.24229 0.682877 -0.0261607 0
0 7225 phononL 0.004 0.469807 0.280611 -0.0217513 0
0 7226 phononL 0.004 -0.637487 1.68422 0.0198518 0
0 7227 phononL 0.004 1.44729 -1.99187 -0.019059 0
0 7228 phononL 0.004 0.972684 1.06947 -0.0246315 0
0 7229 phononL 0.004 -1.83078 -0.197738 0.0177954 0
0 7230 phononL 0.004 1.4644 1.0954 -0.0104084 0
0 7231 phononL 0.004 0.679723 0.909078 0.0296714 0
0 7232 phononL 0.004 0.271215 -0.407511 -0.00384952 0
0 7233 phononL 0.004 -1.53428 1.67034 -0.0101435 0
0 7234 phononL 0.004 1.26096 0.104849 -0.0059415 0
0 7235 phononL 0.004 -1.95594 2.06374 -0.00157235 0
0 7236 phononL 0.004 1.89099 1.88756 -0.00710781 0
0 7237 phononL 0.004 0.358672 -1.75592 0.00538292 0
0 7238 phononL 0.004 1.64726 -1.46014 -0.0263253 0
0 7239 phononL 0.004 -1.3212 1.85363 0.0350175 0
0 7240 phononL 0.004 1.80158 -2.11418 0.0233624 0
0 7241 phononL 0.004 1.92658 -1.55903 0.00359351 0
0 7242 phononL 0.004 1.10256 -2.08002 -0.0256568 0
0 7243 phononL 0.004 -1.51192 0.0573951 0.0242134 0
0 7244 phononL 0.004 2.2241 0.073202 0.0199971 0
0 7245 phononL 0.004 -0.6636 -1.02473 0.0399889 0
0 7246 phononL 0.004 -2.12969 -1.88293 -0.021529 0
0 7247 phononL 0.004 2.17186 -0.901994 -0.00487308 0
0 7248 phononL 0.004 -0.626668 0.876506 -0.0103268 0
0 7249 phononL 0.004 0.834344 0.232486 0.0112932 0
0 7250 phononL 0.004 0.584756 0.284732 0.0100125 0
0 7251 phononL 0.004 2.03881 1.96355 0.031743 0
0 7252 phononL 0.004 -2.00592 -1.34855 0.038404 0
0 7253 phononL 0.004 -0.432056 0.632207 0.0194666 0
0 7254 phononL 0.004 -1.95744 -2.04177 -0.0315035 0
0 7255 phononL 0.004 -1.99065 1.10211 0.0396754 0
0 7256 phononL 0.004 0.236296 1.83659 0.02864 0
0 7257 phononL 0.004 -0.946324 1.80102 0.0110595 0
0 7258 phononL 0.004 -0.146966 2.14759 -0.0333979 0
0 7259 phononL 0.004 -0.15245 0.939262 0.0286998 0
0 7260 phononL 0.004 2.05342 -0.399713 0.0189966 0
0 7261 phononL 0.004 0.141255 0.665469 0.038483 0
0 7262 phononL 0.004 1.56112 1.97947 0.00478061 0
0 7263 phononL 0.004 -1.00877 1.13954 0.0244378 0
0 7264 phononL 0.004 -1.43017 -0.235167 -0.00856735 0
0 7265 phononL 0.004 -1.52853 -0.334427 -0.0151265 0
0 7266 phononL 0.004 0.532476 -1.41246 0.000870053 0
0 7267 phononL 0.004 -1.57191 -0.125716 0.0325625 0
0 7268 phononL 0.004 -1.7152 1.27424 0.0107864 0
0 7269 phononL 0.004 -1.67217 1.02669 0.00114153 0
0 7270 phononL 0.004 -1.25728 -0.558316 0.0247512 0
0 7271 phononL 0.004 1.36964 -0.177605 -0.0346024 0
0 7272 phononL 0.004 -1.03274 -1.27294 0.0249372 0
0 7273 phononL 0.004 -0.746654 1.08435 0.0350212 0
0 7274 phononL 0.004 0.314042 -1.75121 0.0163237 0
0 7275 phononL 0.004 1.64743 -1.88501 0.0260154 0
0 7276 phononL 0.004 0.260553 -0.633859 0.0064156 0
0 7277 phononL 0.004 -1.73895 1.19454 -0.00608721 0
0 7278 phononL 0.004 -1.16732 1.42103 0.0341473 0
0 7279 phononL 0.004 -1.2799 -0.0179474 0.00599862 0
0 7280 phononL 0.004 1.89223 -1.35629 -0.0381663 0
0 7281 phononL 0.004 -1.01717 0.0594039 -0.0268829 0
0 7282 phononL 0.004 -0.625138 -2.05064 -0.0195874 0
0 7283 phononL 0.004 1.65295 0.391966 0.0246022 0
0 7284 phononL 0.004 -0.948684 -0.152923 -0.00166669 0
0 7285 phononL 0.004 1.57769 -2.21346 -0.029441 0
0 7286 phononL 0.004 1.63457 2.19979 0.0172385 0
0 7287 phononL 0.004 -0.0553545 0.507279 0.0261114 0
0 7288 phononL 0.004 0.479385 -1.45296 -0.0366305 0
0 7289 phononL 0.004 0.9731 -1.97546 0.0163828 0
0 7290 phononL 0.004 -1.02382 0.964476 -0.0115599 0
0 7291 phononL 0.004 0.291968 0.243972 0.038622 0
0 7292 phononL 0.004 -1.09599 -0.637061 -0.0307661 0
0 7293 phononL 0.004 -1.35281 -1.91553 -0.0122248 0
0 7294 phononL 0.004 -0.274581 0.537805 -0.000332883 0
0 7295 phononL 0.004 0.369387 1.83625 -0.0149983 0
0 7296 phononL 0.004 -0.262533 -1.68774 -0.0124792 0
0 7297 phononL 0.004 1.85269 -1.56656 -0.033138 0
0 7298 phononL 0.004 1.77357 -1.70098 0.00104148 0
0 7299 phononL 0.004 -0.934278 -0.99728 -0.0146174 0
0 7300 phononL 0.004 -1.72309 -0.28718 0.00121495 0
0 7301 phononL 0.004 1.39356 0.000107818 -0.0113355 0
0 7302 phononL 0.004 -2.21325 -1.26591 -0.0024478 0
0 7303 phononL 0.004 -0.811515 1.53411 -0.0328564 0
0 7304 phononL 0.004 -1.0162 1.60877 0.0124401 0
0 7305 phononL 0.004 0.0559226 0.517119 0.00793667 0
0 7306 phononL 0.004 0.151726 -0.181672 -0.023387 0
0 7307 phononL 0.004 0.0712614 0.214468 -0.0277711 0
0 7308 phononL 0.004 -0.951781 0.820353 -0.0298815 0
0 7309 phononL 0.004 1.11399 -1.48122 -0.01307 0
0 7310 phononL 0.004 1.97075 -0.721518 -0.00181526 0
0 7311 phononL 0.004 1.27504 1.34587 -0.00619812 0
0 7312 phononL 0.004 1.20534 -0.581266 0.0290651 0
0 7313 phononL 0.004 -0.544853 -0.629803 -0.0193654 0
0 7314 phononL 0.004 0.911002 -0.233015 -0.0126745 0
0 7315 phononL 0.004 0.91025 -1.71111 0.0288793 0
0 7316 phononL 0.004 0.989251 1.80833 0.0121019 0
0 7317 phononL 0.004 1.84625 -1.81761 0.0398835 0
0 7318 phononL 0.004 -1.84823 1.75525 0.0341998 0
0 7319 phononL 0.004 -1.12451 -0.912302 0.0107817 0
0 7320 phononL 0.004 1.49722 1.96558 0.0240527 0
0 7321 phononL 0.004 -1.82344 -1.39332 0.0155254 0
0 7322 phononL 0.004 0.949641 0.865093 0.0157937 0
0 7323 phononL 0.004 -0.805754 -0.260143 0.00710226 0
0 7324 phononL 0.004 0.338748 -1.81253 -0.0377256 0
0 7325 phononL 0.004 2.08208 2.21238 -0.0383671 0
0 7326 phononL 0.004 -1.62743 -2.00326 -0.0320603 0
0 7327 phononL 0.004 1.38965 -1.88675 -0.00937444 0
0 7328 phononL 0.004 -2.10925 1.74999 0.00815687 0
0 7329 phononL 0.004 0.780557 0.600592 0.012876 0
0 7330 phononL 0.004 0.406755 0.261572 -0.0237239 0
0 7331 phononL 0.004 1.90327 -0.974437 0.0245122 0
0 7332 phononL 0.004 -1.42849 -1.51809 0.016727 0
0 7333 phononL 0.004 0.941453 0.0299485 0.00497689 0
0 7334 phononL 0.004 1.28037 -2.0391 0.0247747 0
0 7335 phononL 0.004 0.508728 0.614242 0.0199502 0
0 7336 phononL 0.004 -1.41683 -1.84346 -0.03116 0
0 7337 phononL 0.004 -0.213661 0.330138 0.00597347 0
0 7338 phononL 0.004 0.566272 0.99623 0.0320858 0
0 7339 phononL 0.004 1.35954 -1.09247 0.0299094 0
0 7340 phononL 0.004 -1.54071 -0.171833 0.0225707 0
0 7341 phononL 0.004 1.85871 0.753655 0.0173455 0
0 7342 phononL 0.004 1.10341 1.93327 0.0189609 0
0 7343 phononL 0.004 -1.69155 -1.75787 -0.0387936 0
0 7344 phononL 0.004 0.594694 1.05046 -0.00319245 0
0 7345 phononL 0.004 -0.940806 -1.0925 0.0190335 0
0 7346 phononL 0.004 2.15333 -1.89111 0.0253865 0
0 7347 phononL 0.004 -1.85936 0.90742 0.00674726 0
0 7348 phononL 0.004 0.973403 -0.663662 -0.0305869 0
0 7349 phononL 0.004 -1.17996 -0.337802 0.0287172 0
0 7350 phononL 0.004 0.29777 -0.0733417 -0.0341219 0
0 7351 phononL 0.004 -2.14267 0.783222 0.0173451 0
0 7352 phononL 0.004 -0.777191 2.19566 -0.00870008 0
0 7353 phononL 0.004 -0.103723 -1.62845 0.0327687 0
0 7354 phononL 0.004 1.51836 0.97055 0.0319935 0
0 7355 phononL 0.004 1.34846 -0.159132 -0.00281169 0
0 7356 phononL 0.004 2.17549 0.903443 -0.0050414 0
0 7357 phononL 0.004 -1.11283 -1.25086 0.0217728 0
0 7358 phononL 0.004 1.12784 -1.50643 -0.0377327 0
0 7359 phononL 0.004 0.70105 0.331116 0.0182891 0
0 7360 phononL 0.004 -0.143626 0.610944 0.0195295 0
0 7361 phononL 0.004 -1.92449 -1.1907 0.00851732 0
0 7362 phononL 0.004 0.469341 1.83496 0.00364999 0
0 7363 phononL 0.004 0.539056 1.80555 -0.0300499 0
0 7364 phononL 0.004 1.06411 -0.00850192 -0.0345755 0
0 7365 phononL 0.004 2.1633 1.76363 0.0222964 0
0 7366 phononL 0.004 -0.590816 0.209088 0.019944 0
0 7367 phononL 0.004 -1.56517 1.47357 -0.0212703 0
0 7368 phononL 0.004 0.0270714 -2.2038 0.00670636 0
0 7369 phononL 0.004 1.49644 0.104749 0.026234 0
0 7370 phononL 0.004 -1.06483 1.34683 -0.0207918 0
0 7371 phononL 0.004 1.73416 -1.12252 0.0397009 0
0 7372 phononL 0.004 0.40587 -1.50941 0.0332352 0
0 7373 phononL 0.004 0.735387 -0.886702 -0.0339805 0
0 7374 phononL 0.004 1.64023 -1.67673 0.0344221 0
0 7375 phononL 0.004 -1.39 1.07293 0.0115794 0
0 7376 phononL 0.004 -0.889064 -0.524405 0.00826499 0
0 7377 phononL 0.004 1.81005 -1.48824 0.00976284 0
0 7378 phononL 0.004 -0.260232 -2.17878 -0.011675 0
0 7379 phononL 0.004 -0.144869 -0.17 -0.03239 0
0 7380 phononL 0.004 0.813675 0.816895 -0.0358075 0
0 7381 phononL 0.004 0.669403 -0.933184 -0.00357537 0
0 7382 phononL 0.004 1.32212 -0.708976 0.00681482 0
0 7383 phononL 0.004 -1.62271 0.705889 -0.00404816 0
0 7384 phononL 0.004 -1.92128 0.671332 -0.0262308 0
0 7385 phononL 0.004 1.17046 -0.316632 -0.0181724 0
0 7386 phononL 0.004 -0.327841 1.39577 -0.0147147 0
0 7387 phononL 0.004 1.48098 -1.05381 0.0257492 0
0 7388 phononL 0.004 -2.20463 -1.05718 -0.0172167 0
0 7389 phononL 0.004 -0.409527 -2.23315 -0.0022245 0
0 7390 phononL 0.004 -1.71163 0.227287 0.0326485 0
0 7391 phononL 0.004 -1.82269 1.29842 -0.0351263 0
0 7392 phononL 0.004 1.78946 -0.319104 0.0118687 0
0 7393 phononL 0.004 -0.170452 1.09873 -0.0301948 0
0 7394 phononL 0.004 1.90974 2.11588 -0.000976038 0
0 7395 phononL 0.004 0.69172 1.1098 0.00622479 0
0 7396 phononL 0.004 -1.53512 0.987724 -0.0188598 0
0 7397 phononL 0.004 -1.56423 -1.30454 -0.0331131 0
0 7398 phononL 0.004 0.510558 1.27823 -0.00121894 0
0 7399 phononL 0.004 1.57171 1.30291 -0.0155025 0
0 7400 phononL 0.004 1.36983 0.825557 -0.0375653 0
0 7401 phononL 0.004 2.02773 0.381964 -0.0125494 0
0 7402 phononL 0.004 -1.58239 1.41901 -0.00758824 0
0 7403 phononL 0.004 1.65487 -1.62241 0.0207442 0
0 7404 phononL 0.004 1.77282 0.800355 -0.0188497 0
0 7405 phononL 0.004 1.91435 0.378727 -0.0207003 0
0 7406 phononL 0.004 1.4288 -1.13217 0.022143 0
0 7407 phononL 0.004 0.528439 -0.19413 -0.0273879 0
0 7408 phononL 0.004 -1.63864 2.08839 -0.00210538 0
0 7409 phononL 0.004 -1.75242 1.19948 0.0172078 0
0 7410 phononL 0.004 -0.879852 -0.179771 0.000983572 0
0 7411 phononL 0.004 -2.06363 -0.225161 -0.0364906 0
0 7412 phononL 0.004 1.57637 2.20593 0.0358406 0
0 7413 phononL 0.004 0.314429 1.77945 0.0293035 0
0 7414 phononL 0.004 -0.0261436 -0.434137 0.00759871 0
0 7415 phononL 0.004 1.78371 1.61105 0.0133741 0
0 7416 phononL 0.004 -0.981447 2.21665 0.0299538 0
0 7417 phononL 0.004 -1.55192 0.0751416 -0.0368357 0
0 7418 phononL 0.004 -1.07406 0.764194 -0.0378476 0
0 7419 phononL 0.004 -0.652094 -0.677125 -0.00994878 0
0 7420 phononL 0.004 -1.0998 -0.262208 0.000320363 0
0 7421 phononL 0.004 -1.41845 -2.19088 0.0331785 0
0 7422 phononL 0.004 0.229234 0.502162 0.0371771 0
0 7423 phononL 0.004 -1.82519 1.39948 -0.0383483 0
0 7424 phononL 0.004 1.81908 1.26384 0.036654 0
0 7425 phononL 0.004 -0.886984 1.26275 -0.0204953 0
0 7426 phononL 0.004 1.77336 -0.493371 -0.0188635 0
0 7427 phononL 0.004 -1.72026 0.860662 0.0336852 0
0 7428 phononL 0.004 0.325556 -0.732592 0.0230911 0
0 7429 phononL 0.004 0.816357 1.39871 0.036544 0
0 7430 phononL 0.004 -1.39916 -1.16734 0.0290493 0
0 7431 phononL 0.004 -1.47368 1.66754 -0.00356178 0
0 7432 phononL 0.004 1.64423 1.46549 -0.0243746 0
0 7433 phononL 0.004 1.8568 1.45215 0.0116099 0
0 7434 phononL 0.004 1.8796 0.816756 0.0268158 0
0 7435 phononL 0.004 -1.75469 0.4631 -0.0221466 0
0 7436 phononL 0.004 -0.900649 0.40526 0.0230328 0
0 7437 phononL 0.004 1.61512 -0.64291 -0.0216029 0
0 7438 phononL 0.004 -0.959678 0.401944 -0.0156939 0
0 7439 phononL 0.004 -1.65093 -0.880675 -0.0261935 0
0 7440 phononL 0.004 1.57495 1.25261 0.00276726 0
0 7441 phononL 0.004 2.12215 -1.44184 0.00966908 0
0 7442 phononL 0.004 -0.950054 1.63203 0.022106 0
0 7443 phononL 0.004 0.141419 1.16318 -0.0154557 0
0 7444 phononL 0.004 1.50447 1.84225 -0.0376806 0
0 7445 phononL 0.004 -1.47715 1.03519 -0.0316456 0
0 7446 phononL 0.004 0.484542 -0.089114 0.031285 0
0 7447 phononL 0.004 1.57804 0.0929187 -0.0227996 0
0 7448 phononL 0.004 0.808257 -1.34154 -0.0386427 0
0 7449 phononL 0.004 -1.64536 -0.676182 -0.00269777 0
0 7450 phononL 0.004 1.88932 -1.67181 0.0362461 0
0 7451 phononL 0.004 -1.87047 -1.33187 -0.0101261 0
0 7452 phononL 0.004 -1.70348 -2.21828 -0.0246345 0
0 7453 phononL 0.004 -0.191362 -1.5216 -0.0211132 0
0 7454 phononL 0.004 1.73451 -0.1428 -0.0357964 0
0 7455 phononL 0.004 0.744126 1.86431 0.0249271 0
0 7456 phononL 0.004 1.51441 1.31231 0.0320858 0
0 7457 phononL 0.004 1.52502 -1.41879 0.0326501 0
0 7458 phononL 0.004 -0.0234791 -0.627157 -0.0336289 0
0 7459 phononL 0.004 1.38221 0.052926 0.0393127 0
0 7460 phononL 0.004 2.09987 -1.99777 -0.00992933 0
0 7461 phononL 0.004 -1.23814 1.3585 -0.0360605 0
0 7462 phononL 0.004 -0.304554 0.993925 -0.0309725 0
0 7463 phononL 0.004 0.354493 0.317583 0.0320277 0
0 7464 phononL 0.004 -0.310304 -1.89838 0.0142368 0
0 7465 phononL 0.004 -1.63705 -0.630659 0.0195029 0
0 7466 phononL 0.004 -1.80702 0.825514 0.0395826 0
0 7467 phononL 0.004 0.200807 -0.771988 -0.0209343 0
0 7468 phononL 0.004 -1.51966 2.05432 0.0342791 0
0 7469 phononL 0.004 -0.728064 -1.19874 0.0274813 0
0 7470 phononL 0.004 1.77308 0.889421 0.0356674 0
0 7471 phononL 0.004 -0.0938396 -0.39816 -0.0212219 0
0 7472 phononL 0.004 -2.06208 -0.84079 0.0380112 0
0 7473 phononL 0.004 1.14922 2.10715 0.00546547 0
0 7474 phononL 0.004 -0.848515 -0.629729 0.0338503 0
0 7475 phononL 0.004 -1.05705 -1.13472 0.00843664 0
0 7476 phononL 0.004 -0.206399 1.01299 -0.0130648 0
0 7477 phononL 0.004 -0.809659 -0.224003 0.0262503 0
0 7478 phononL 0.004 1.25548 -0.0141139 0.0114035 0
0 7479 phononL 0.004 -0.933009 -1.19171 0.017261 0
0 7480 phononL 0.004 -1.81374 -1.71932 -0.0227686 0
0 7481 phononL 0.004 -1.79827 0.351875 0.0214227 0
0 7482 phononL 0.004 -0.126034 -0.543418 -0.0360978 0
0 7483 phononL 0.004 -0.203912 1.79919 0.0236454 0
0 7484 phononL 0.004 -1.35885 -1.6095 0.00129869 0
0 7485 phononL 0.004 1.81176 1.0498 -0.0343885 0
0 7486 phononL 0.004 1.9638 0.88821 -0.026233 0
0 7487 phononL 0.004 0.567143 1.00716 0.035264 0
0 7488 phononL 0.004 0.346866 1.89164 0.0128092 0
0 7489 phononL 0.004 -0.987805 -0.0282499 -0.0399668 0
0 7490 phononL 0.004 1.83986 -0.668243 -0.015031 0
0 7491 phononL 0.004 0.0751915 0.31905 0.000784887 0
0 7492 phononL 0.004 0.877761 -1.63606 0.0205891 0
0 7493 phononL 0.004 2.1481 -1.51476 -0.0119053 0
0 7494 phononL 0.004 -0.570763 2.10394 0.0295502 0
0 7495 phononL 0.004 1.9707 1.63933 0.0292391 0
0 7496 phononL 0.004 0.863766 -0.404277 -0.0320783 0
0 7497 phononL 0.004 -1.51261 -0.467948 -0.0115558 0
0 7498 phononL 0.004 -1.72748 -1.72067 -0.023716 0
0 7499 phononL 0.004 -1.13796 0.197245 -0.00234346 0
0 7500 phononL 0.004 1.96348 1.99025 0.0274729 0
0 7501 phononL 0.004 -0.879785 1.32811 -0.0137987 0
0 7502 phononL 0.004 -1.56844 0.575565 0.0209226 0
0 7503 phononL 0.004 1.4627 -1.32467 -0.0167154 0
0 7504 phononL 0.004 -0.709589 -1.59919 0.0299371 0
0 7505 phononL 0.004 1.71093 0.922824 -0.00198932 0
0 7506 phononL 0.004 -1.28479 -0.609894 -0.0339491 0
0 7507 phononL 0.004 0.0548279 -0.391332 0.00173211 0
0 7508 phononL 0.004 -1.43921 1.93202 0.0140103 0
0 7509 phononL 0.004 -2.21947 -0.829552 -0.0120808 0
0 7510 phononL 0.004 0.521372 2.20689 0.0211229 0
0 7511 phononL 0.004 -0.478103 2.10509 -0.0126024 0
0 7512 phononL 0.004 0.871662 -0.491835 -0.0124939 0
0 7513 phononL 0.004 1.31804 1.67446 0.00781583 0
0 7514 phononL 0.004 0.52585 0.024294 -0.0080329 0
0 7515 phononL 0.004 -0.306627 1.22686 0.0239605 0
0 7516 phononL 0.004 1.90259 0.318204 -0.0224161 0
0 7517 phononL 0.004 0.145947 0.856095 0.0399392 0
0 7518 phononL 0.004 -0.282824 -1.10523 -0.00227468 0
0 7519 phononL 0.004 0.350662 -0.35205 0.0345305 0
0 7520 phononL 0.004 -1.80831 -0.0341194 0.0324531 0
0 7521 phononL 0.004 0.821538 1.53004 -0.00310112 0
0 7522 phononL 0.004 -0.77513 -0.370116 0.0130429 0
0 7523 phononL 0.004 1.30899 -0.474212 -0.0187842 0
0 7524 phononL 0.004 1.34741 -1.75293 -0.0177352 0
0 7525 phononL 0.004 1.32823 0.348927 -0.0110881 0
0 7526 phononL 0.004 -0.189178 1.93824 -0.0268404 0
0 7527 phononL 0.004 -0.392483 -0.410594 -0.00626071 0
0 7528 phononL 0.004 -0.504282 -1.80136 0.0178246 0
0 7529 phononL 0.004 -1.12424 -0.435353 -0.0100151 0
0 7530 phononL 0.004 0.587751 1.40003 0.0096731 0
0 7531 phononL 0.004 -0.343027 0.897636 0.00375443 0
0 7532 phononL 0.004 0.29162 1.69299 0.0314636 0
0 7533 phononL 0.004 1.35541 1.12563 -0.0267556 0
0 7534 phononL 0.004 -1.64302 -1.75133 -0.00865922 0
0 7535 phononL 0.004 -1.16454 -0.989402 -0.036378 0
0 7536 phononL 0.004 -2.01763 -1.28396 0.0157607 0
0 7537 phononL 0.004 2.13531 0.163552 -0.0175894 0
0 7538 phononL 0.004 -0.881572 1.2771 -0.034453 0
0 7539 phononL 0.004 0.182852 -1.26826 0.0377229 0
0 7540 phononL 0.004 -1.60795 -0.151341 -0.0230332 0
0 7541 phononL 0.004 1.52661 -0.0177392 -0.0307462 0
0 7542 phononL 0.004 1.73941 -0.640345 0.0103463 0
0 7543 phononL 0.004 -1.00947 -0.594609 0.0385934 0
0 7544 phononL 0.004 1.87988 1.70356 0.034769 0
0 7545 phononL 0.004 1.72665 1.67351 0.0163806 0
0 7546 phononL 0.004 -1.55875 2.07096 0.0269092 0
0 7547 phononL 0.004 2.04743 -1.34706 -0.0264482 0
0 7548 phononL 0.004 -1.28052 -1.24006 0.029765 0
0 7549 phononL 0.004 1.13101 0.893004 -0.0250494 0
0 7550 phononL 0.004 2.10376 -2.19725 -0.0129968 0
0 7551 phononL 0.004 -0.253892 0.125054 0.0025481 0
0 7552 phononL 0.004 -0.285492 -0.180048 0.0177068 0
0 7553 phononL 0.004 0.786903 0.170704 0.01686 0
0 7554 phononL 0.004 0.187948 -1.09493 -0.0258746 0
0 7555 phononL 0.004 0.310514 -1.1323 0.0252218 0
0 7556 phononL 0.004 2.0993 -0.125121 -0.0044309 0
0 7557 phononL 0.004 0.889461 1.62463 -0.0234167 0
0 7558 phononL 0.004 -2.12294 -1.22421 0.0398635 0
0 7559 phononL 0.004 -0.534818 -1.91402 -0.000388992 0
0 7560 phononL 0.004 0.834187 1.73688 0.0281767 0
0 7561 phononL 0.004 -1.31422 1.04971 -0.00532913 0
0 7562 phononL 0.004 1.73205 0.0681602 0.0178446 0
0 7563 phononL 0.004 0.70809 -1.58626 -0.0357894 0
0 7564 phononL 0.004 -0.332521 -0.773908 0.00904568 0
0 7565 phononL 0.004 2.04844 1.7519 -0.0129996 0
0 7566 phononL 0.004 0.329902 -2.04513 0.00376561 0
0 7567 phononL 0.004 0.63882 1.21202 0.0309167 0
0 7568 phononL 0.004 2.13438 2.02329 -0.00580344 0
0 7569 phononL 0.004 0.946177 1.24927 -0.017052 0
0 7570 phononL 0.004 1.31209 0.518551 0.0104626 0
0 7571 phononL 0.004 1.50585 -1.32746 0.0346492 0
0 7572 phononL 0.004 1.28499 1.28055 -0.0178923 0
0 7573 phononL 0.004 -0.57575 0.968278 0.0137815 0
0 7574 phononL 0.004 -1.85288 1.02911 -0.0330356 0
0 7575 phononL 0.004 1.86795 -0.481679 -0.0262074 0
0 7576 phononL 0.004 -1.81742 1.73633 0.0212238 0
0 7577 phononL 0.004 1.21179 0.0077284 0.0335329 0
0 7578 phononL 0.004 -1.62551 -0.84646 -0.0109573 0
0 7579 phononL 0.004 0.653654 0.633364 0.0137888 0
0 7580 phononL 0.004 2.20498 0.827339 0.00364794 0
0 7581 phononL 0.004 -1.91839 2.05844 0.0195614 0
0 7582 phononL 0.004 1.24308 0.682591 0.028756 0
0 7583 phononL 0.004 0.0804603 -0.417947 0.0284235 0
0 7584 phononL 0.004 1.80653 -0.0553567 0.0170281 0
0 7585 phononL 0.004 -0.968881 -0.527746 0.0167452 0
0 7586 phononL 0.004 0.866978 -0.557848 0.00714715 0
0 7587 phononL 0.004 1.14295 0.957783 -0.0136967 0
0 7588 phononL 0.004 -1.11292 -0.296369 -0.00123561 0
0 7589 phononL 0.004 -1.34812 0.932669 -0.0198967 0
0 7590 phononL 0.004 -1.831 0.870582 0.00592387 0
0 7591 phononL 0.004 -2.1394 1.70464 0.00433548 0
0 7592 phononL 0.004 1.72146 0.287219 -0.0211716 0
0 7593 phononL 0.004 0.418247 1.15554 0.0200385 0
0 7594 phononL 0.004 -1.75089 -2.18943 -0.000698989 0
0 7595 phononL 0.004 -0.586859 -1.65195 0.0341306 0
0 7596 phononL 0.004 0.81987 1.11813 0.0333531 0
0 7597 phononL 0.004 -0.588524 -0.96555 0.0389779 0
0 7598 phononL 0.004 1.30378 -0.335401 0.00453876 0
0 7599 phononL 0.004 1.7943 1.29942 -0.0241071 0
0 7600 phononL 0.004 1.51374 1.21305 0.0160846 0
0 7601 phononL 0.004 -1.46586 0.224816 0.00121986 0
0 7602 phononL 0.004 -1.75775 -0.606929 0.0237812 0
0 7603 phononL 0.004 0.881792 -2.06253 -0.0327583 0
0 7604 phononL 0.004 0.145968 -0.643931 0.00300118 0
0 7605 phononL 0.004 -1.07414 -1.36968 0.0223839 0
0 7606 phononL 0.004 0.746028 1.45807 -0.0334381 0
0 7607 phononL 0.004 2.15637 1.07396 0.0158615 0
0 7608 phononL 0.004 -1.38724 -1.68107 -0.0213976 0
0 7609 phononL 0.004 1.25334 -0.0470143 0.0346934 0
0 7610 phononL 0.004 0.569241 -1.77689 0.0179828 0
0 7611 phononL 0.004 -0.850152 -1.95583 -0.0169584 0
0 7612 phononL 0.004 -0.060037 1.13352 0.0320818 0
0 7613 phononL 0.004 0.845532 2.15448 0.00193446 0
0 7614 phononL 0.004 0.395196 0.41218 -0.0158708 0
0 7615 phononL 0.004 -1.30918 0.0470243 -0.00206498 0
0 7616 phononL 0.004 -0.432408 1.42499 0.0207444 0
0 7617 phononL 0.004 -0.680359 1.42032 0.0372406 0
0 7618 phononL 0.004 1.32165 0.704717 -0.0188697 0
0 7619 phononL 0.004 -1.44634 -0.3463 0.00782596 0
0 7620 phononL 0.004 0.413045 0.5934 0.0042093 0
0 7621 phononL 0.004 0.344474 0.488652 -0.0136443 0
0 7622 phononL 0.004 -0.33635 -2.09356 -0.0147806 0
0 7623 phononL 0.004 0.90877 1.28363 -0.0120177 0
0 7624 phononL 0.004 1.37057 -0.674815 0.0384956 0
0 7625 phononL 0.004 0.983828 2.0208 -0.0302745 0
0 7626 phononL 0.004 0.61829 -1.17109 0.0167477 0
0 7627 phononL 0.004 0.873287 -2.16279 0.031337 0
0 7628 phononL 0.004 -1.83038 0.407072 0.0243366 0
0 7629 phononL 0.004 -0.514426 -2.05293 -0.0156942 0
0 7630 phononL 0.004 1.64027 -0.305932 -0.0352586 0
0 7631 phononL 0.004 1.82231 -1.39121 -0.00402706 0
0 7632 phononL 0.004 1.69127 -0.842581 0.0247852 0
0 7633 phononL 0.004 0.177543 -0.943202 0.0391403 0
0 7634 phononL 0.004 -2.22645 -1.62767 -0.0107871 0
0 7635 phononL 0.004 -1.43936 -1.70004 -0.0359222 0
0 7636 phononL 0.004 1.08189 -2.16433 -0.00211719 0
0 7637 phononL 0.004 1.94076 0.864484 -0.0329362 0
0 7638 phononL 0.004 -0.578919 0.519845 0.0302568 0
0 7639 phononL 0.004 -2.06605 -1.09902 -0.00553775 0
0 7640 phononL 0.004 -2.16119 2.23329 -0.0137211 0
0 7641 phononL 0.004 1.35346 -0.104722 -0.0377338 0
0 7642 phononL 0.004 1.16419 1.54834 -0.00152499 0
0 7643 phononL 0.004 1.37325 1.7292 0.00763472 0
0 7644 phononL 0.004 2.04679 1.07481 -0.0275037 0
0 7645 phononL 0.004 -1.75193 -0.532389 0.0167016 0
0 7646 phononL 0.004 -0.0499134 1.94526 0.0236619 0
0 7647 phononL 0.004 -2.04502 1.79025 0.0337352 0
0 7648 phononL 0.004 -1.22291 1.83275 0.010796 0
0 7649 phononL 0.004 -0.654429 1.16265 -0.0221959 0
0 7650 phononL 0.004 -0.782921 -0.244983 -0.0170917 0
0 7651 phononL 0.004 -1.42927 -0.0767872 0.00119349 0
0 7652 phononL 0.004 0.942937 -0.633065 -0.0244716 0
0 7653 phononL 0.004 2.14854 -1.17814 -0.01663 0
0 7654 phononL 0.004 -0.538313 -0.247918 -0.0302528 0
0 7655 phononL 0.004 -1.3836 0.429176 0.0180571 0
0 7656 phononL 0.004 0.553613 0.00288499 -0.033085 0
0 7657 phononL 0.004 1.41176 -0.51184 0.0026524 0
0 7658 phononL 0.004 -0.946854 2.22766 -0.0221654 0
0 7659 phononL 0.004 -0.326999 -1.19282 -0.0231104 0
0 7660 phononL 0.004 0.349228 -2.07938 -0.0247796 0
0 7661 phononL 0.004 0.935332 -0.288488 -0.0186098 0
0 7662 phononL 0.004 -1.55133 0.600526 -0.0387004 0
0 7663 phononL 0.004 0.253435 -0.381512 -0.00207487 0
0 7664 phononL 0.004 1.96302 1.59991 -0.018033 0
0 7665 phononL 0.004 -0.976626 -0.548798 0.0239062 0
0 7666 phononL 0.004 1.12268 -1.49466 -0.0375689 0
0 7667 phononL 0.004 -0.6838 2.0485 0.000961143 0
0 7668 phononL 0.004 -1.29737 0.47099 -0.00377218 0
0 7669 phononL 0.004 0.0815746 -1.35521 -0.000468202 0
0 7670 phononL 0.004 -0.699922 2.13744 -0.00697991 0
0 7671 phononL 0.004 1.04492 -1.14208 0.0266692 0
0 7672 phononL 0.004 -1.10185 -1.16907 -0.0231977 0
0 7673 phononL 0.004 0.668248 0.567607 -0.0325357 0
0 7674 phononL 0.004 1.80219 2.21373 -0.0312425 0
0 7675 phononL 0.004 1.76772 0.329367 0.00175016 0
0 7676 phononL 0.004 1.10228 0.981751 0.0262525 0
0 7677 phononL 0.004 -1.36034 1.19117 0.0330083 0
0 7678 phononL 0.004 -0.0420635 0.682741 -0.0227435 0
0 7679 phononL 0.004 0.299672 -1.02337 -0.0233407 0
0 7680 phononL 0.004 -1.6854 2.08809 0.0257959 0
0 7681 phononL 0.004 1.74281 0.916867 -0.0394653 0
0 7682 phononL 0.004 -0.476228 0.688582 0.0136254 0
0 7683 phononL 0.004 2.13485 0.924322 0.0141068 0
0 7684 phononL 0.004 -2.07987 -1.96784 0.0339525 0
0 7685 phononL 0.004 0.381868 1.88717 0.0150408 0
0 7686 phononL 0.004 1.92636 0.082584 -0.0216321 0
0 7687 phononL 0.004 0.323243 1.26575 -0.0305182 0
0 7688 phononL 0.004 -1.64974 -0.885622 0.00289849 0
0 7689 phononL 0.004 1.50301 -1.27924 0.00673631 0
0 7690 phononL 0.004 -1.43883 1.57532 -0.0179792 0
0 7691 phononL 0.004 -1.10854 -0.5389 -0.0324147 0
0 7692 phononL 0.004 0.266969 -0.558182 0.0168406 0
0 7693 phononL 0.004 -2.06321 -1.23598 0.0342282 0
0 7694 phononL 0.004 -2.06074 2.20666 -0.0318695 0
0 7695 phononL 0.004 0.00500474 -0.88856 0.0265848 0
0 7696 phononL 0.004 1.31669 -1.86555 0.0320233 0
0 7697 phononL 0.004 -1.71588 1.16298 -0.0230185 0
0 7698 phononL 0.004 -1.97758 -0.289966 -0.0105812 0
0 7699 phononL 0.004 -0.904617 0.905369 0.0322436 0
0 7700 phononL 0.004 -0.801484 2.21455 0.0370987 0
0 7701 phononL 0.004 -1.06217 -2.05494 -0.0225682 0
0 7702 phononL 0.004 1.64089 1.78943 0.0176325 0
0 7703 phononL 0.004 1.53382 -0.1567 -0.00424468 0
0 7704 phononL 0.004 -1.47631 -1.26148 0.0105255 0
0 7705 phononL 0.004 -1.12648 -0.993143 -0.036585 0
0 7706 phononL 0.004 -0.843624 1.1429 -0.0203732 0
0 7707 phononL 0.004 0.680476 -0.694568 -0.0392067 0
0 7708 phononL 0.004 -0.118602 -1.72482 0.03251 0
0 7709 phononL 0.004 -0.833919 -1.39731 0.0156935 0
0 7710 phononL 0.004 0.708746 0.359769 -0.0160713 0
0 7711 phononL 0.004 -2.08775 0.0647816 -0.0148802 0
0 7712 phononL 0.004 0.312541 -2.16386 3.04703e-05 0
0 7713 phononL 0.004 -1.06024 -1.0365 -0.0179348 0
0 7714 phononL 0.004 1.90196 -1.99838 0.0124152 0
0 7715 phononL 0.004 1.24405 -1.68711 -0.0094784 0
0 7716 phononL 0.004 -1.79579 -0.923304 -0.0184262 0
0 7717 phononL 0.004 -1.45118 0.855229 -0.00533478 0
0 7718 phononL 0.004 -0.291071 0.791056 0.0205468 0
0 7719 phononL 0.004 0.429544 0.130573 -0.019949 0
0 7720 phononL 0.004 -2.12527 -0.208574 0.00140075 0
0 7721 phononL 0.004 -1.40967 -0.0676775 -0.00144031 0
0 7722 phononL 0.004 -1.70834 0.288417 -0.0156363 0
0 7723 phononL 0.004 -1.91349 0.223059 -0.0314897 0
0 7724 phononL 0.004 -1.57643 0.585319 -0.0124329 0
0 7725 phononL 0.004 1.5313 0.00885651 -0.0391169 0
0 7726 phononL 0.004 2.07895 1.79109 -0.0115164 0
0 7727 phononL 0.004 -2.04876 -0.793536 0.034436 0
0 7728 phononL 0.004 0.205681 -0.169394 0.0133062 0
0 7729 phononL 0.004 -1.19553 1.45021 0.028241 0
0 7730 phononL 0.004 -1.52678 1.54661 -0.0188473 0
0 7731 phononL 0.004 -1.47596 -1.54975 0.00614679 0
0 7732 phononL 0.004 -2.10865 -2.14185 -0.00836043 0
0 7733 phononL 0.004 0.140463 0.650182 -0.0266327 0
0 7734 phononL 0.004 0.055885 -1.64576 0.0119757 0
0 7735 phononL 0.004 1.73327 1.33553 -0.0353304 0
0 7736 phononL 0.004 -1.55985 -1.56346 0.0285274 0
0 7737 phononL 0.004 1.08947 -0.312212 -0.0343759 0
0 7738 phononL 0.004 2.07673 -0.108919 -0.00998161 0
0 7739 phononL 0.004 -1.98018 1.96927 0.0280204 0
0 7740 phononL 0.004 1.62965 -0.860982 0.0210666 0
0 7741 phononL 0.004 1.43366 -1.33504 0.0174946 0
0 7742 phononL 0.004 -0.525235 0.177796 -0.028749 0
0 7743 phononL 0.004 1.49574 1.94579 0.00613833 0
0 7744 phononL 0.004 -0.478126 1.38362 0.0125672 0
0 7745 phononL 0.004 1.09669 1.72548 0.0382069 0
0 7746 phononL 0.004 1.37036 0.00153342 -0.0111228 0
0 7747 phononL 0.004 1.60723 -0.12923 -0.0354459 0
0 7748 phononL 0.004 -0.655468 -0.500905 -0.0146859 0
0 7749 phononL 0.004 -0.270595 -1.00804 -0.024195 0
0 7750 phononL 0.004 -2.13078 -0.680377 0.0216898 0
0 7751 phononL 0.004 -2.01994 -1.19303 -0.017002 0
0 7752 phononL 0.004 1.79761 0.30091 -0.00141194 0
0 7753 phononL 0.004 -1.6083 0.560117 -0.0231479 0
0 7754 phononL 0.004 0.145799 -1.79088 0.010393 0
0 7755 phononL 0.004 -1.61723 0.768349 0.00497361 0
0 7756 phononL 0.004 -0.396026 -1.71642 0.00629311 0
0 7757 phononL 0.004 -1.47418 -0.449394 -0.00850219 0
0 7758 phononL 0.004 1.33875 0.00580529 -0.00124596 0
0 7759 phononL 0.004 -0.728751 -0.606955 0.0147886 0
0 7760 phononL 0.004 -0.31845 0.181166 -0.0278066 0
0 7761 phononL 0.004 -1.90933 -1.54593 0.0308074 0
0 7762 phononL 0.004 -1.39954 0.885106 0.0354554 0
0 7763 phononL 0.004 2.00556 -2.18712 0.0385913 0
0 7764 phononL 0.004 -0.593608 0.0438145 0.0383976 0
0 7765 phononL 0.004 1.12675 -1.54632 -0.0158094 0
0 7766 phononL 0.004 0.478368 0.6443 0.0284008 0
0 7767 phononL 0.004 1.31531 -0.60013 0.0348001 0
0 7768 phononL 0.004 -0.452868 1.51187 -0.0174881 0
0 7769 phononL 0.004 -0.752629 1.10975 -0.0147858 0
0 7770 phononL 0.004 1.60873 0.622945 -0.0196494 0
0 7771 phononL 0.004 -0.895234 -2.08941 0.0367372 0
0 7772 phononL 0.004 0.0591344 1.06035 0.00835157 0
0 7773 phononL 0.004 0.24683 -1.00005 -0.0190642 0
0 7774 phononL 0.004 -2.03479 -0.178269 0.0162229 0
0 7775 phononL 0.004 -1.60086 2.09053 0.0161663 0
0 7776 phononL 0.004 2.12523 1.91825 0.0184289 0
0 7777 phononL 0.004 1.17847 1.48119 -0.010984 0
0 7778 phononL 0.004 1.00052 -1.0206 -0.00936344 0
0 7779 phononL 0.004 -1.05157 -0.118914 -0.00728356 0
0 7780 phononL 0.004 -1.62937 0.00169345 -0.0374719 0
0 7781 phononL 0.004 0.462857 0.320684 0.0268119 0
0 7782 phononL 0.004 -2.07379 1.26811 0.00639833 0
0 7783 phononL 0.004 -0.133959 0.224837 0.0173916 0
0 7784 phononL 0.004 -0.190156 1.45118 -0.0175766 0
0 7785 phononL 0.004 -1.48467 1.50966 0.000275796 0
0 7786 phononL 0.004 -1.79367 0.124616 -0.0330247 0
0 7787 phononL 0.004 -0.375851 0.930868 -0.0151534 0
0 7788 phononL 0.004 -0.864603 0.524112 -0.00718594 0
0 7789 phononL 0.004 1.31321 0.946865 0.014208 0
0 7790 phononL 0.004 1.56477 -0.817203 -0.0325888 0
0 7791 phononL 0.004 0.95183 -0.9023 0.00926239 0
0 7792 phononL 0.004 -0.696938 2.03227 0.0353757 0
0 7793 phononL 0.004 1.89996 0.306331 0.0250699 0
0 7794 phononL 0.004 0.733753 2.21462 0.0340451 0
0 7795 phononL 0.004 1.18783 -0.949213 0.0207922 0
0 7796 phononL 0.004 -2.04698 -2.15631 -0.00196141 0
0 7797 phononL 0.004 0.342172 1.70411 -0.0207176 0
0 7798 phononL 0.004 -0.485108 0.464225 0.0278015 0
0 7799 phononL 0.004 -0.502732 0.145876 0.0374663 0
0 7800 phononL 0.004 2.14451 -2.10705 0.0235359 0
0 7801 phononL 0.004 -0.956678 0.534354 0.0381568 0
0 7802 phononL 0.004 0.697964 0.847802 -0.0110202 0
0 7803 phononL 0.004 -1.85552 0.246681 -0.0108992 0
0 7804 phononL 0.004 0.163305 -0.35708 0.0315599 0
0 7805 phononL 0.004 2.1694 -1.18225 0.0218674 0
0 7806 phononL 0.004 -0.296305 1.6454 -0.0343117 0
0 7807 phononL 0.004 -2.05596 1.74904 0.0164197 0
0 7808 phononL 0.004 -2.07241 -0.842863 -0.0129137 0
0 7809 phononL 0.004 -2.02771 2.22617 0.0347346 0
0 7810 phononL 0.004 -0.256509 -1.60016 -0.00752973 0
0 7811 phononL 0.004 0.607367 -0.966633 0.0382577 0
0 7812 phononL 0.004 1.04321 0.619668 0.0098291 0
0 7813 phononL 0.004 0.600798 -0.409444 0.0330037 0
0 7814 phononL 0.004 -0.130436 -1.91594 -0.0320532 0
0 7815 phononL 0.004 1.52119 -0.98091 0.0374612 0
0 7816 phononL 0.004 -1.35505 -2.14946 0.00375113 0
0 7817 phononL 0.004 1.82146 -0.48102 0.0399095 0
0 7818 phononL 0.004 -0.260601 0.261617 -0.0357878 0
0 7819 phononL 0.004 1.98071 0.036323 -0.0291785 0
0 7820 phononL 0.004 -1.09982 0.603655 0.0344366 0
0 7821 phononL 0.004 0.441896 0.925977 0.0054877 0
0 7822 phononL 0.004 -1.84361 -0.610165 0.0330188 0
0 7823 phononL 0.004 0.649216 1.32768 0.0250483 0
0 7824 phononL 0.004 -1.91222 -1.30981 -0.0224073 0
0 7825 phononL 0.004 0.109806 2.21569 0.00869557 0
0 7826 phononL 0.004 -0.997061 -0.591378 -0.0291778 0
0 7827 phononL 0.004 1.15899 1.99817 -0.0266325 0
0 7828 phononL 0.004 0.96402 -0.516768 -0.0159967 0
0 7829 phononL 0.004 -0.0490612 0.890853 0.0392991 0
0 7830 phononL 0.004 -0.339293 2.12863 -0.00381613 0
0 7831 phononL 0.004 1.03248 -0.756956 0.0266908 0
0 7832 phononL 0.004 0.452441 -0.81319 -0.0328333 0
0 7833 phononL 0.004 -2.23027 0.448297 -0.0309458 0
0 7834 phononL 0.004 -0.118484 -1.03268 -0.0132525 0
0 7835 phononL 0.004 -0.610432 0.132438 -0.0395297 0
0 7836 phononL 0.004 -0.576442 1.63455 0.0155221 0
0 7837 phononL 0.004 -1.55578 0.498524 -0.0165963 0
0 7838 phononL 0.004 -1.53974 1.78587 -0.027572 0
0 7839 phononL 0.004 -2.08532 1.838 -0.0326343 0
0 7840 phononL 0.004 0.949657 0.122638 -0.00554786 0
0 7841 phononL 0.004 -1.65967 -1.56668 0.0155859 0
0 7842 phononL 0.004 -0.938183 -1.53478 0.0018857 0
0 7843 phononL 0.004 1.74717 -1.19621 0.00776613 0
0 7844 phononL 0.004 1.55675 1.41967 -0.0304552 0
0 7845 phononL 0.004 1.01673 0.41229 -0.00261663 0
0 7846 phononL 0.004 1.74851 1.8155 -0.0133646 0
0 7847 phononL 0.004 -0.430755 0.698569 0.00662748 0
0 7848 phononL 0.004 0.640638 -0.292393 0.000569427 0
0 7849 phononL 0.004 1.77012 2.14379 0.01015 0
0 7850 phononL 0.004 2.00247 0.951208 -0.0177072 0
0 7851 phononL 0.004 -1.56415 1.58922 0.0156654 0
0 7852 phononL 0.004 -0.677948 -0.823871 0.007968 0
0 7853 phononL 0.004 0.276998 -1.93135 -0.00455886 0
0 7854 phononL 0.004 0.575848 -0.80175 -0.0384828 0
0 7855 phononL 0.004 -1.65143 1.06071 -0.0058312 0
0 7856 phononL 0.004 2.18902 -0.943962 0.0352655 0
0 7857 phononL 0.004 -1.37759 -0.705323 -0.0104421 0
0 7858 phononL 0.004 0.542759 -1.85474 0.0112522 0
0 7859 phononL 0.004 -0.126576 0.128245 -0.03462 0
0 7860 phononL 0.004 1.14024 -1.13668 -0.0398821 0
0 7861 phononL 0.004 -1.25288 0.304797 0.0135245 0
0 7862 phononL 0.004 0.164007 0.642333 -0.0234539 0
0 7863 phononL 0.004 -2.11699 0.946669 -0.0313869 0
0 7864 phononL 0.004 1.62893 -1.78592 -0.00796116 0
0 7865 phononL 0.004 -2.14417 -0.454796 0.00690962 0
0 7866 phononL 0.004 0.012352 0.460277 -0.0269735 0
0 7867 phononL 0.004 1.28888 0.17569 -0.019274 0
0 7868 phononL 0.004 0.368715 1.46284 -0.0303427 0
0 7869 phononL 0.004 -1.68467 -0.351709 -0.00116581 0
0 7870 phononL 0.004 -1.85132 -2.0205 0.0269273 0
0 7871 phononL 0.004 -2.21926 1.37936 0.0249847 0
0 7872 phononL 0.004 -0.21204 1.58078 0.0370251 0
0 7873 phononL 0.004 -0.136411 2.12619 -0.018125 0
0 7874 phononL 0.004 -1.46369 -1.51126 0.00954282 0
0 7875 phononL 0.004 2.12842 -1.64073 -0.0394889 0
0 7876 phononL 0.004 -1.45454 -1.65507 -0.0261006 0
0 7877 phononL 0.004 -0.999513 0.920822 0.0203712 0
0 7878 phononL 0.004 0.206079 1.93968 0.0243776 0
0 7879 phononL 0.004 -1.47284 0.960946 -0.022136 0
0 7880 phononL 0.004 0.0199414 -1.66002 0.0375323 0
0 7881 phononL 0.004 1.18775 -1.14622 0.00505429 0
0 7882 phononL 0.004 1.05677 -1.54352 0.00677949 0
0 7883 phononL 0.004 -0.608082 -0.0720369 0.0279056 0
0 7884 phononL 0.004 1.71902 0.789516 -0.00832152 0
0 7885 phononL 0.004 -1.80955 -2.15439 -0.000744579 0
0 7886 phononL 0.004 0.873099 0.197703 -0.0285765 0
0 7887 phononL 0.004 2.13539 -0.983527 -0.0224105 0
0 7888 phononL 0.004 -1.65156 -1.46532 0.0149628 0
0 7889 phononL 0.004 -2.1596 -2.04741 -0.0376213 0
0 7890 phononL 0.004 1.16985 -0.354851 0.0275259 0
0 7891 phononL 0.004 0.722263 -1.39862 -0.0195485 0
0 7892 phononL 0.004 1.3977 0.699162 -0.0358429 0
0 7893 phononL 0.004 -0.309236 0.095272 -0.0212075 0
0 7894 phononL 0.004 -1.63314 1.112 0.012638 0
0 7895 phononL 0.004 0.55046 -1.03897 0.0198559 0
0 7896 phononL 0.004 1.66415 -0.228901 -0.0107746 0
0 7897 phononL 0.004 2.12506 1.44263 -0.0302381 0
0 7898 phononL 0.004 -0.310438 -1.82274 -0.000565738 0
0 7899 phononL 0.004 1.12054 0.592672 0.009362 0
0 7900 phononL 0.004 -1.42844 -1.53192 0.00424435 0
0 7901 phononL 0.004 -2.01809 -0.202326 0.0361742 0
0 7902 phononL 0.004 0.341962 -1.64023 0.00484331 0
0 7903 phononL 0.004 1.52516 1.54523 0.00896677 0
0 7904 phononL 0.004 1.76679 0.503083 0.0295047 0
0 7905 phononL 0.004 0.407547 1.97374 0.02034 0
0 7906 phononL 0.004 -0.0328517 -2.06128 0.00811813 0
0 7907 phononL 0.004 -0.934209 -0.244791 -0.000921917 0
0 7908 phononL 0.004 -0.0105735 -2.12742 -0.0191277 0
0 7909 phononL 0.004 -0.676214 0.423353 0.0217484 0
0 7910 phononL 0.004 1.02597 -2.18003 -0.00374973 0
0 7911 phononL 0.004 0.174665 2.19976 0.0347203 0
0 7912 phononL 0.004 -0.703904 -0.147482 -0.0267569 0
0 7913 phononL 0.004 1.87998 1.81845 0.000679989 0
0 7914 phononL 0.004 -1.64843 1.39671 0.0132067 0
0 7915 phononL 0.004 1.97321 2.10148 0.0218488 0
0 7916 phononL 0.004 2.00189 -0.849607 0.0366814 0
0 7917 phononL 0.004 1.06906 1.69408 -0.00748831 0
0 7918 phononL 0.004 -1.01648 1.23012 0.0326218 0
0 7919 phononL 0.004 -0.900342 -0.968308 0.0375484 0
0 7920 phononL 0.004 -1.30714 1.73921 0.0220082 0
0 7921 phononL 0.004 0.856858 1.85301 -0.0334476 0
0 7922 phononL 0.004 0.520496 0.725332 0.0120662 0
0 7923 phononL 0.004 -0.842703 -2.18817 0.00502251 0
0 7924 phononL 0.004 -1.63447 -1.06813 0.00165373 0
0 7925 phononL 0.004 -1.27135 -0.271619 0.0379226 0
0 7926 phononL 0.004 -1.10683 -0.418427 0.0284486 0
0 7927 phononL 0.004 -1.30333 0.210357 -0.03935 0
0 7928 phononL 0.004 2.12711 -1.80436 0.00337734 0
0 7929 phononL 0.004 1.56349 0.685736 -0.0369332 0
0 7930 phononL 0.004 -0.135086 0.264874 -0.0258276 0
0 7931 phononL 0.004 -0.186106 1.85015 -0.0385049 0
0 7932 phononL 0.004 0.648171 0.472202 -0.0218914 0
0 7933 phononL 0.004 -2.06899 -1.61005 -0.00925654 0
0 7934 phononL 0.004 1.76817 1.11719 0.036184 0
0 7935 phononL 0.004 -0.27748 -2.2094 -0.0377098 0
0 7936 phononL 0.004 2.18347 -0.572387 -0.0311447 0
0 7937 phononL 0.004 -1.8818 -1.17563 -0.00148618 0
0 7938 phononL 0.004 2.05141 -1.39589 0.0347102 0
0 7939 phononL 0.004 0.510471 1.37757 -0.0109429 0
0 7940 phononL 0.004 -0.197693 0.364503 0.00205842 0
0 7941 phononL 0.004 -1.95015 2.10479 -0.00314971 0
0 7942 phononL 0.004 -1.02504 0.79539 0.0137733 0
0 7943 phononL 0.004 -0.0998351 1.96018 0.020026 0
0 7944 phononL 0.004 2.00318 -1.42709 0.00727724 0
0 7945 phononL 0.004 0.111077 1.2814 0.0381244 0
0 7946 phononL 0.004 0.153171 1.24831 -0.0154618 0
0 7947 phononL 0.004 2.05779 0.330377 0.016977 0
0 7948 phononL 0.004 -0.214345 0.398592 0.0216231 0
0 7949 phononL 0.004 -0.771959 1.79448 -0.0158249 0
0 7950 phononL 0.004 1.88745 1.57746 0.00275641 0
0 7951 phononL 0.004 0.997354 -0.891158 0.019308 0
0 7952 phononL 0.004 -0.486922 0.543148 0.0088154 0
0 7953 phononL 0.004 -0.438543 -0.777392 -0.0288364 0
0 7954 phononL 0.004 2.08405 -1.22476 0.0114496 0
0 7955 phononL 0.004 0.147691 1.54872 -0.0359496 0
0 7956 phononL 0.004 1.89011 -0.657857 0.00200151 0
0 7957 phononL 0.004 1.37769 0.936798 -0.00103756 0
0 7958 phononL 0.004 1.78371 0.421856 0.0199261 0
0 7959 phononL 0.004 -1.74084 -0.018505 0.0373103 0
0 7960 phononL 0.004 -1.57073 -0.722871 0.0224615 0
0 7961 phononL 0.004 -1.74256 1.99353 -0.00572974 0
0 7962 phononL 0.004 0.406404 -1.11194 0.0330483 0
0 7963 phononL 0.004 0.286901 -1.42976 -0.0144117 0
0 7964 phononL 0.004 1.88753 -1.88717 0.0376016 0
0 7965 phononL 0.004 -0.708373 0.534201 0.00190787 0
0 7966 phononL 0.004 0.127908 1.13564 -0.000661504 0
0 7967 phononL 0.004 0.929319 -0.97356 -0.0166239 0
0 7968 phononL 0.004 2.12857 -0.86562 -0.0325967 0
0 7969 phononL 0.004 0.290408 0.0950247 -0.0224845 0
0 7970 phononL 0.004 -0.514391 1.24883 0.00525455 0
0 7971 phononL 0.004 0.738458 0.101467 0.00711194 0
0 7972 phononL 0.004 0.531948 -0.725321 0.0065991 0
0 7973 phononL 0.004 -1.77797 0.832023 -0.0345117 0
0 7974 phononL 0.004 0.592267 1.21022 -0.0150302 0
0 7975 phononL 0.004 1.85895 -1.01744 -0.010915 0
0 7976 phononL 0.004 1.21964 1.26762 0.0149636 0
0 7977 phononL 0.004 -0.508864 -0.628627 0.0270731 0
0 7978 phononL 0.004 1.86551 2.22285 0.0152063 0
0 7979 phononL 0.004 0.710241 -1.46717 0.0324881 0
0 7980 phononL 0.004 1.96599 -1.80948 0.0375852 0
0 7981 phononL 0.004 -1.24622 -0.343536 -0.00655213 0
0 7982 phononL 0.004 -0.0254061 2.02287 -0.00975151 0
0 7983 phononL 0.004 -1.73081 -0.431713 0.0197236 0
0 7984 phononL 0.004 -0.699928 -0.740667 -0.0255697 0
0 7985 phononL 0.004 -0.994803 -1.54493 0.00878129 0
0 7986 phononL 0.004 -1.49558 1.42389 -0.0152597 0
0 7987 phononL 0.004 1.20402 -1.42265 0.0154909 0
0 7988 phononL 0.004 -1.00589 -0.762395 -0.0263503 0
0 7989 phononL 0.004 -2.14495 1.36749 0.0156398 0
0 7990 phononL 0.004 -1.51394 -1.38136 0.0207059 0
0 7991 phononL 0.004 -1.08651 -2.10275 -0.0101273 0
0 7992 phononL 0.004 -1.47552 1.10553 0.00719849 0
0 7993 phononL 0.004 2.00214 0.517199 0.0124743 0
0 7994 phononL 0.004 0.0932736 0.683445 0.0242205 0
0 7995 phononL 0.004 2.06279 -1.28212 0.0118312 0
0 7996 phononL 0.004 1.70337 -0.296895 0.0339691 0
0 7997 phononL 0.004 -0.910008 -0.797134 -0.011975 0
0 7998 phononL 0.004 -1.23092 -0.0571766 0.0290805 0
0 7999 phononL 0.004 0.894199 -1.62011 0.00153818 0
0 8000 phononL 0.004 0.0924923 1.98749 0.0281182 0
0 8001 phononL 0.004 -2.1368 -1.09442 0.0266262 0
0 8002 phononL 0.004 -0.309775 0.395257 -0.0135089 0
0 8003 phononL 0.004 1.38151 -1.03753 -0.00939229 0
0 8004 phononL 0.004 -0.0864467 0.902162 -0.0344935 0
0 8005 phononL 0.004 0.607154 -1.44614 -0.00313352 0
0 8006 phononL 0.004 0.666972 -0.358636 0.00307427 0
0 8007 phononL 0.004 -0.646478 1.59086 0.00703965 0
0 8008 phononL 0.004 1.43909 2.07344 0.0294345 0
0 8009 phononL 0.004 0.994005 -1.2337 0.0312679 0
0 8010 phononL 0.004 -0.45865 -2.13669 0.0121535 0
0 8011 phononL 0.004 2.09646 1.72018 -0.0381707 0
0 8012 phononL 0.004 0.347798 1.221 -0.00270321 0
0 8013 phononL 0.004 -0.370426 -0.330306 0.000410458 0
0 8014 phononL 0.004 1.9376 0.13779 0.020414 0
0 8015 phononL 0.004 -0.698147 -1.81626 -0.0198688 0
0 8016 phononL 0.004 2.03947 -1.43985 -0.0348573 0
0 8017 phononL 0.004 -0.311281 2.19835 -0.0118157 0
0 8018 phononL 0.004 1.10503 0.12727 -0.0218717 0
0 8019 phononL 0.004 -2.11311 -1.70487 0.0244552 0
0 8020 phononL 0.004 -1.03129 -0.760343 -0.0215327 0
0 8021 phononL 0.004 -2.03608 -2.14413 -0.0325567 0
0 8022 phononL 0.004 0.0677333 -2.12779 -0.0147606 0
0 8023 phononL 0.004 -1.08408 -0.213709 -0.0283718 0
0 8024 phononL 0.004 0.0374647 -1.92395 -0.0261595 0
0 8025 phononL 0.004 0.345045 1.69707 -0.0317938 0
0 8026 phononL 0.004 0.00271928 0.791232 -0.0243559 0
0 8027 phononL 0.004 0.0941534 1.92109 -0.00898616 0
0 8028 phononL 0.004 -1.34422 1.02042 0.0143129 0
0 8029 phononL 0.004 -1.48037 -0.232084 0.00140304 0
0 8030 phononL 0.004 1.21899 -0.333249 -0.0303295 0
0 8031 phononL 0.004 2.14633 1.63769 -0.0222747 0
0 8032 phononL 0.004 -0.414029 -0.0684524 0.00175498 0
0 8033 phononL 0.004 -0.995381 1.35506 -0.0291683 0
0 8034 phononL 0.004 -0.706794 -1.8439 0.0151969 0
0 8035 phononL 0.004 0.458959 1.48623 0.0376514 0
0 8036 phononL 0.004 0.190407 1.8826 0.00264018 0
0 8037 phononL 0.004 -1.36436 -0.433606 0.00909778 0
0 8038 phononL 0.004 1.02458 -2.20262 0.00773531 0
0 8039 phononL 0.004 -0.838059 -0.78135 -0.00623584 0
0 8040 phononL 0.004 0.180696 1.28284 0.0274234 0
0 8041 phononL 0.004 -1.77911 0.325356 0.0143256 0
0 8042 phononL 0.004 0.573883 1.70169 -0.00774653 0
0 8043 phononL 0.004 -1.04103 1.75913 0.0272904 0
0 8044 phononL 0.004 -2.00881 -1.41201 0.0288143 0
0 8045 phononL 0.004 0.926231 0.329607 -0.0161583 0
0 8046 phononL 0.004 1.07232 1.70345 0.00542503 0
0 8047 phononL 0.004 -0.529799 -1.29434 0.0369016 0
0 8048 phononL 0.004 -0.707844 -0.546981 0.025051 0
0 8049 phononL 0.004 -0.0361047 0.504272 -0.0148875 0
0 8050 phononL 0.004 -1.54971 -1.83578 -0.000569706 0
0 8051 phononL 0.004 1.83047 1.1457 -0.0396901 0
0 8052 phononL 0.004 -0.305363 2.13629 -0.0334488 0
0 8053 phononL 0.004 -1.13701 -0.409661 0.029196 0
0 8054 phononL 0.004 0.0184724 -0.670248 -0.0288006 0
0 8055 phononL 0.004 -1.8517 -0.376417 0.0257016 0
0 8056 phononL 0.004 -1.75843 -0.578123 0.0288942 0
0 8057 phononL 0.004 -0.782254 -1.34974 -0.0289833 0
0 8058 phononL 0.004 -0.545738 0.876181 0.00819477 0
0 8059 phononL 0.004 0.641647 -0.0879932 0.0344042 0
0 8060 phononL 0.004 -1.12143 0.481248 0.00208859 0
0 8061 phononL 0.004 0.692986 -1.27169 0.0286556 0
0 8062 phononL 0.004 -1.1444 -0.735425 -0.00439859 0
0 8063 phononL 0.004 -1.38136 1.98122 0.00384315 0
0 8064 phononL 0.004 1.78277 1.93735 0.00966788 0
0 8065 phononL 0.004 1.13394 -2.14386 -0.0386669 0
0 8066 phononL 0.004 -2.03726 1.5707 -0.00450254 0
0 8067 phononL 0.004 1.79494 1.30394 0.000461828 0
0 8068 phononL 0.004 -0.482486 -0.0791213 0.0295537 0
0 8069 phononL 0.004 -0.216633 -1.07229 -0.037283 0
0 8070 phononL 0.004 0.304287 -0.0892412 0.0250321 0
0 8071 phononL 0.004 -0.403301 -1.07356 0.00933845 0
0 8072 phononL 0.004 1.61786 -0.650013 0.0382299 0
0 8073 phononL 0.004 2.09031 1.85189 -0.0236129 0
0 8074 phononL 0.004 -0.874199 -1.766 0.0130407 0
0 8075 phononL 0.004 0.847168 1.51463 0.0230957 0
0 8076 phononL 0.004 -0.0685592 2.01588 0.00237305 0
0 8077 phononL 0.004 -1.34169 -0.385865 0.0241033 0
0 8078 phononL 0.004 -1.75522 1.10311 0.0271483 0
0 8079 phononL 0.004 -1.29275 -0.0758062 -0.0264316 0
0 8080 phononL 0.004 1.34697 -0.031128 -0.0372692 0
0 8081 phononL 0.004 -0.139477 0.222131 0.00371257 0
0 8082 phononL 0.004 -1.9604 -0.990579 -0.0214598 0
0 8083 phononL 0.004 0.713763 -0.420447 0.0236916 0
0 8084 phononL 0.004 -1.35767 -1.96553 0.0326835 0
0 8085 phononL 0.004 1.47417 -0.40893 -0.0151914 0
0 8086 phononL 0.004 0.963019 -2.06918 0.034662 0
0 8087 phononL 0.004 -1.25299 -0.266264 0.00998261 0
0 8088 phononL 0.004 -0.362278 -2.01941 -0.0282262 0
0 8089 phononL 0.004 0.217094 0.396884 0.0119676 0
0 8090 phononL 0.004 -2.2197 1.8464 0.0145338 0
0 8091 phononL 0.004 1.66149 1.70015 0.00939834 0
0 8092 phononL 0.004 2.15505 1.44341 -0.00796947 0
0 8093 phononL 0.004 1.91949 -1.88673 -0.0035093 0
0 8094 phononL 0.004 1.38702 1.72491 0.0252428 0
0 8095 phononL 0.004 -1.80604 1.87896 0.0334945 0
0 8096 phononL 0.004 1.12923 0.410263 0.025407 0
0 8097 phononL 0.004 0.892004 0.261004 -0.0348895 0
0 8098 phononL 0.004 -1.99142 0.485482 0.0096154 0
0 8099 phononL 0.004 -1.54534 -0.557915 7.04797e-05 0
0 8100 phononL 0.004 -1.19769 0.720092 0.00487111 0
0 8101 phononL 0.004 1.39575 0.334442 0.014859 0
0 8102 phononL 0.004 2.15528 -1.61374 -0.0155999 0
0 8103 phononL 0.004 -1.06092 -0.357498 -0.00133948 0
0 8104 phononL 0.004 -1.48864 1.96717 -0.0338768 0
0 8105 phononL 0.004 1.56167 1.11735 0.00905897 0
0 8106 phononL 0.004 1.92428 1.74409 -0.0252144 0
0 8107 phononL 0.004 -0.922672 -1.97998 -0.000756151 0
0 8108 phononL 0.004 1.43789 -1.97056 -0.00186903 0
0 8109 phononL 0.004 -1.00259 1.99059 0.0371327 0
0 8110 phononL 0.004 2.23351 -1.28177 -0.0358806 0
0 8111 phononL 0.004 -2.14084 -1.48638 0.0171717 0
0 8112 phononL 0.004 -1.00633 -0.228325 -0.0215318 0
0 8113 phononL 0.004 0.441546 -0.538104 -0.0375188 0
0 8114 phononL 0.004 1.77099 0.861106 -0.0239851 0
0 8115 phononL 0.004 1.73016 0.57129 0.0386252 0
0 8116 phononL 0.004 -1.37927 -1.91187 0.0368571 0
0 8117 phononL 0.004 1.51553 -1.37664 0.0121751 0
0 8118 phononL 0.004 1.61667 1.86447 -0.0141386 0
0 8119 phononL 0.004 0.909248 1.29728 0.00667692 0
0 8120 phononL 0.004 1.73239 1.68333 -0.00341679 0
0 8121 phononL 0.004 -1.87785 2.07718 0.0395579 0
0 8122 phononL 0.004 1.67246 1.81123 -0.0123394 0
0 8123 phononL 0.004 1.96743 1.83133 -0.0104194 0
0 8124 phononL 0.004 -2.19167 1.55659 0.0395557 0
0 8125 phononL 0.004 0.254759 1.72844 0.00858782 0
0 8126 phononL 0.004 2.15738 -2.22203 0.00786321 0
0 8127 phononL 0.004 2.1883 -2.15234 -0.00501778 0
0 8128 phononL 0.004 0.0629102 -0.861257 -0.00407434 0
0 8129 phononL 0.004 -0.809644 -0.810236 0.0339326 0
0 8130 phononL 0.004 -0.818846 0.471895 0.0010012 0
0 8131 phononL 0.004 -1.33728 0.36001 -0.0124487 0
0 8132 phononL 0.004 -1.52456 1.71464 0.0309469 0
0 8133 phononL 0.004 -1.70023 -2.21779 0.0239868 0
0 8134 phononL 0.004 -0.605784 0.796111 -0.0228634 0
0 8135 phononL 0.004 -1.42645 0.637341 -0.00866978 0
0 8136 phononL 0.004 -1.1566 0.0131757 -0.0367769 0
0 8137 phononL 0.004 2.05836 -1.45999 0.0218536 0
0 8138 phononL 0.004 1.19157 2.12304 0.0193546 0
0 8139 phononL 0.004 1.82963 1.77554 0.00205823 0
0 8140 phononL 0.004 1.44643 0.849908 -0.0267699 0
0 8141 phononL 0.004 2.20324 0.153577 0.00942035 0
0 8142 phononL 0.004 0.134431 -1.01224 0.019 0
0 8143 phononL 0.004 0.977258 1.22868 -0.0257149 0
0 8144 phononL 0.004 2.08713 -1.27205 -0.0214325 0
0 8145 phononL 0.004 1.39835 1.46078 0.0164826 0
0 8146 phononL 0.004 -2.01708 -1.42816 0.0180067 0
0 8147 phononL 0.004 -1.5949 -2.13411 -0.0342516 0
0 8148 phononL 0.004 -1.44399 -1.38608 -0.00644642 0
0 8149 phononL 0.004 -0.638827 -1.64841 0.00442463 0
0 8150 phononL 0.004 -1.85962 -0.987324 -0.00523981 0
0 8151 phononL 0.004 -1.13694 0.0305651 0.0323809 0
0 8152 phononL 0.004 -0.333741 -1.31555 -0.0372219 0
0 8153 phononL 0.004 1.4614 -2.16695 0.0056493 0
0 8154 phononL 0.004 1.00565 -0.181248 -0.00939234 0
0 8155 phononL 0.004 1.74676 0.394953 0.00155808 0
0 8156 phononL 0.004 0.731432 0.192921 -0.00461126 0
0 8157 phononL 0.004 -1.42456 1.45642 -0.0200653 0
0 8158 phononL 0.004 0.855106 2.1935 -0.0277192 0
0 8159 phononL 0.004 1.83865 -2.09085 0.0108408 0
0 8160 phononL 0.004 0.86383 -1.55862 0.0185599 0
0 8161 phononL 0.004 -0.973238 1.05532 0.00966983 0
0 8162 phononL 0.004 -0.833647 -2.02386 -0.0272831 0
0 8163 phononL 0.004 0.4199 1.13131 -0.00400501 0
0 8164 phononL 0.004 0.462823 -1.73622 -0.00645349 0
0 8165 phononL 0.004 1.25293 1.23278 -0.00463371 0
0 8166 phononL 0.004 0.13325 -1.97156 -0.0115496 0
0 8167 phononL 0.004 2.11367 0.889441 0.0280768 0
0 8168 phononL 0.004 -2.20647 -0.179807 0.00457329 0
0 8169 phononL 0.004 -0.222767 0.0236927 0.0359818 0
0 8170 phononL 0.004 1.50566 2.0803 -0.0310565 0
0 8171 phononL 0.004 -0.371941 -1.73224 0.0360326 0
0 8172 phononL 0.004 -0.363341 -0.86089 -0.00463243 0
0 8173 phononL 0.004 -0.0567563 2.20317 -0.00619301 0
0 8174 phononL 0.004 -0.465163 -0.621779 -0.00539641 0
0 8175 phononL 0.004 1.60366 2.11462 -0.00994108 0
0 8176 phononL 0.004 2.13549 -1.86943 0.0109814 0
0 8177 phononL 0.004 -0.310215 -1.56065 -0.0327939 0
0 8178 phononL 0.004 -1.25502 2.15713 0.00438109 0
0 8179 phononL 0.004 -2.22425 1.66852 -0.000991585 0
0 8180 phononL 0.004 -0.885738 0.473023 -0.0136957 0
0 8181 phononL 0.004 -1.84801 -1.03108 0.00971651 0
0 8182 phononL 0.004 -1.04396 -0.479913 0.0396604 0
0 8183 phononL 0.004 0.862911 1.4789 -0.0104925 0
0 8184 phononL 0.004 -0.375348 -0.155994 0.014765 0
0 8185 phononL 0.004 -1.73077 1.22308 0.0256204 0
0 8186 phononL 0.004 1.11866 1.59943 0.0329369 0
0 8187 phononL 0.004 -0.388685 1.14438 -0.00275819 0
0 8188 phononL 0.004 -2.01458 -0.772014 -0.0144532 0
0 8189 phononL 0.004 0.532985 0.0354419 -0.00829156 0
0 8190 phononL 0.004 0.0577407 -0.400244 0.0164146 0
0 8191 phononL 0.004 1.64323 -0.52492 -0.0137 0
0 8192 phononL 0.004 1.4279 -0.273998 0.0108499 0
0 8193 phononL 0.004 -0.559589 -1.04471 0.023475 0
0 8194 phononL 0.004 1.90196 1.12593 -0.0336825 0
0 8195 phononL 0.004 0.650076 2.21169 0.0181777 0
0 8196 phononL 0.004 -0.291155 -0.153243 0.0318369 0
0 8197 phononL 0.004 -1.73747 -2.14269 -0.0216915 0
0 8198 phononL 0.004 0.883713 -0.648826 -0.0274138 0
0 8199 phononL 0.004 1.81431 -1.54243 0.0389814 0
0 8200 phononL 0.004 2.08027 1.12848 0.0388223 0
0 8201 phononL 0.004 2.03578 1.51108 0.00748743 0
0 8202 phononL 0.004 0.664489 -1.43014 -0.037157 0
0 8203 phononL 0.004 0.116347 0.976401 -0.0383387 0
0 8204 phononL 0.004 -2.11772 -2.09931 0.0311991 0
0 8205 phononL 0.004 0.935257 1.81718 0.00180298 0
0 8206 phononL 0.004 -1.39593 -1.23865 -0.0175626 0
0 8207 phononL 0.004 -2.00598 -1.40624 0.00767213 0
0 8208 phononL 0.004 -0.287704 -2.00876 0.018199 0
0 8209 phononL 0.004 2.05112 -1.3619 -0.00504031 0
0 8210 phononL 0.004 -1.944 -0.697259 0.0137448 0
0 8211 phononL 0.004 2.10808 1.02028 0.0218375 0
0 8212 phononL 0.004 0.165897 0.448232 0.0124604 0
0 8213 phononL 0.004 -0.192583 2.21102 0.0195643 0
0 8214 phononL 0.004 1.14254 0.52908 -0.0350335 0
0 8215 phononL 0.004 0.327738 -2.16887 -0.0249391 0
0 8216 phononL 0.004 0.0153283 -2.19581 0.0341131 0
0 8217 phononL 0.004 0.80979 -1.2109 0.00471754 0
0 8218 phononL 0.004 -1.93974 1.63388 0.0227002 0
0 8219 phononL 0.004 1.77946 -0.574372 0.0228193 0
0 8220 phononL 0.004 -0.497713 1.49302 -0.0390855 0
0 8221 phononL 0.004 -1.10414 -1.61254 -0.0357987 0
0 8222 phononL 0.004 2.07065 -1.85512 -0.0303038 0
0 8223 phononL 0.004 -0.363344 -2.17529 0.0348322 0
0 8224 phononL 0.004 -1.33819 -0.73449 -0.0313417 0
0 8225 phononL 0.004 0.900341 -1.59022 0.0269561 0
0 8226 phononL 0.004 -0.268815 1.796 -0.033535 0
0 8227 phononL 0.004 0.67509 0.257906 0.0148612 0
0 8228 phononL 0.004 0.236989 0.0607369 0.0141156 0
0 8229 phononL 0.004 1.95585 2.02009 0.0184075 0
0 8230 phononL 0.004 0.0342405 1.79313 0.00244103 0
0 8231 phononL 0.004 -1.49917 -0.461286 0.0205626 0
0 8232 phononL 0.004 1.67613 -1.81593 0.0159149 0
0 8233 phononL 0.004 1.70531 1.32532 -0.00952887 0
0 8234 phononL 0.004 -1.32727 1.31178 0.00345285 0
0 8235 phononL 0.004 -0.164553 1.71166 0.0325212 0
0 8236 phononL 0.004 -0.883284 -1.40518 -0.0386987 0
0 8237 phononL 0.004 0.343249 -0.877338 -0.0186387 0
0 8238 phononL 0.004 0.503843 1.09955 0.0265128 0
0 8239 phononL 0.004 0.446192 -1.47805 0.0267454 0
0 8240 phononL 0.004 0.0183979 2.03184 0.0366303 0
0 8241 phononL 0.004 -0.736273 -0.287906 0.00880191 0
0 8242 phononL 0.004 -2.08925 -1.84737 -0.0127953 0
0 8243 phononL 0.004 -1.9338 0.720113 0.0178514 0
0 8244 phononL 0.004 -0.710843 0.890729 -0.0132821 0
0 8245 phononL 0.004 1.08877 -0.57204 -0.02669 0
0 8246 phononL 0.004 -1.09385 1.64488 -0.0374483 0
0 8247 phononL 0.004 -1.46789 1.55426 -0.0394403 0
0 8248 phononL 0.004 -0.535233 -1.44911 -0.034689 0
0 8249 phononL 0.004 0.142144 0.461182 0.0125626 0
0 8250 phononL 0.004 0.806987 -1.71358 0.0384165 0
0 8251 phononL 0.004 0.631132 -2.22534 -0.0339446 0
0 8252 phononL 0.004 0.499644 0.231931 0.0148407 0
0 8253 phononL 0.004 0.295216 -1.98178 -0.0334038 0
0 8254 phononL 0.004 -0.364577 1.25838 -0.00950191 0
0 8255 phononL 0.004 -0.218037 -0.468388 -0.012657 0
0 8256 phononL 0.004 1.41934 0.494038 0.0307671 0
0 8257 phononL 0.004 -1.93929 -1.84082 -0.000517326 0
0 8258 phononL 0.004 1.63776 0.60593 0.00451215 0
0 8259 phononL 0.004 2.00781 0.973693 -0.0108568 0
0 8260 phononL 0.004 2.11329 -0.568953 -0.0247814 0
0 8261 phononL 0.004 -2.01786 -0.218927 -0.0126471 0
0 8262 phononL 0.004 -1.54209 0.33791 -0.0309713 0
0 8263 phononL 0.004 -0.69822 1.10375 0.00335271 0
0 8264 phononL 0.004 -0.199418 -1.59683 -0.0311802 0
0 8265 phononL 0.004 -1.03402 2.13978 0.00333021 0
0 8266 phononL 0.004 0.325134 -0.82735 -0.0280651 0
0 8267 phononL 0.004 -1.60108 1.57202 0.014356 0
0 8268 phononL 0.004 0.0484666 0.0400883 -0.0146522 0
0 8269 phononL 0.004 1.04587 1.44554 0.00647183 0
0 8270 phononL 0.004 2.2346 1.26936 -4.51063e-05 0
0 8271 phononL 0.004 2.09606 -2.07175 0.010546 0
0 8272 phononL 0.004 -1.50475 0.357862 -0.0282175 0
0 8273 phononL 0.004 -0.595602 -0.796108 0.0167414 0
0 8274 phononL 0.004 0.924708 -2.1861 -0.0298697 0
0 8275 phononL 0.004 1.94602 0.647591 0.00317145 0
0 8276 phononL 0.004 0.492841 -1.62346 -0.0160334 0
0 8277 phononL 0.004 1.12647 0.435241 0.0307788 0
0 8278 phononL 0.004 0.346056 0.50955 -0.0372545 0
0 8279 phononL 0.004 -1.95333 -1.34466 -0.0283599 0
0 8280 phononL 0.004 1.47208 -1.15256 -0.0148777 0
0 8281 phononL 0.004 0.153743 1.67542 0.0277136 0
0 8282 phononL 0.004 -0.51579 1.5558 0.0273293 0
0 8283 phononL 0.004 -1.14591 0.123433 0.0165806 0
0 8284 phononL 0.004 0.0169286 -1.61839 -0.0226937 0
0 8285 phononL 0.004 -2.02634 1.2529 0.0142254 0
0 8286 phononL 0.004 1.88014 -2.18463 -0.00857382 0
0 8287 phononL 0.004 -0.854312 0.282753 0.0203325 0
0 8288 phononL 0.004 -1.55874 0.611905 -0.0330784 0
0 8289 phononL 0.004 0.598173 0.541837 -0.0100694 0
0 8290 phononL 0.004 -1.75249 -0.705513 0.0377847 0
0 8291 phononL 0.004 2.1798 1.35781 -0.0197038 0
0 8292 phononL 0.004 -1.65878 -1.33122 -0.0287985 0
0 8293 phononL 0.004 1.05375 -0.257981 -0.0300877 0
0 8294 phononL 0.004 2.21296 -0.155064 0.0274228 0
0 8295 phononL 0.004 -0.453082 0.615071 0.0146356 0
0 8296 phononL 0.004 -0.0738379 -1.05624 0.0250998 0
0 8297 phononL 0.004 0.977462 -0.984021 0.0341477 0
0 8298 phononL 0.004 -0.215156 1.89774 0.0157707 0
0 8299 phononL 0.004 -1.90016 -0.380648 -0.00477682 0
0 8300 phononL 0.004 0.387598 -1.41338 0.0258749 0
0 8301 phononL 0.004 -0.977745 0.315409 -0.0165162 0
0 8302 phononL 0.004 1.20313 2.22167 -0.00266262 0
0 8303 phononL 0.004 2.11481 -0.302329 1.76556e-05 0
0 8304 phononL 0.004 0.556998 -1.83504 -0.012891 0
0 8305 phononL 0.004 2.18953 -0.360555 0.0108249 0
0 8306 phononL 0.004 1.61071 0.990713 0.0188807 0
0 8307 phononL 0.004 -2.10147 -0.350248 -0.0316766 0
0 8308 phononL 0.004 -0.345506 1.44991 0.0326616 0
0 8309 phononL 0.004 0.291353 0.0878275 -0.0383584 0
0 8310 phononL 0.004 -1.06039 0.775381 -0.030273 0
0 8311 phononL 0.004 -1.80724 0.964205 0.0320322 0
0 8312 phononL 0.004 -1.03276 -0.974893 -0.0384975 0
0 8313 phononL 0.004 -1.24458 1.84254 -0.0166342 0
0 8314 phononL 0.004 -1.7743 -0.588057 2.41416e-05 0
0 8315 phononL 0.004 -1.97319 0.191366 0.0130794 0
0 8316 phononL 0.004 0.350281 1.1951 0.00925666 0
0 8317 phononL 0.004 -0.921918 -0.928478 0.0124228 0
0 8318 phononL 0.004 0.867546 -1.16921 0.0074273 0
0 8319 phononL 0.004 0.921505 1.37142 0.00484749 0
0 8320 phononL 0.004 1.66647 1.8661 -0.00309132 0
0 8321 phononL 0.004 -0.997909 1.62334 -0.0246599 0
0 8322 phononL 0.004 1.13481 -1.6174 0.0339393 0
0 8323 phononL 0.004 -1.46778 1.29001 0.0217144 0
0 8324 phononL 0.004 1.68591 -0.739571 0.0118146 0
0 8325 phononL 0.004 0.48332 -0.719287 -0.0347456 0
0 8326 phononL 0.004 1.88881 1.69878 0.00429361 0
0 8327 phononL 0.004 0.0812562 -0.891857 -0.0372225 0
0 8328 phononL 0.004 1.2687 0.134347 -0.0147819 0
0 8329 phononL 0.004 -2.0618 0.252241 0.0248621 0
0 8330 phononL 0.004 -1.79729 0.257311 0.0214784 0
0 8331 phononL 0.004 -0.0357845 -0.437564 0.00470987 0
0 8332 phononL 0.004 -1.70529 0.833784 0.0346575 0
0 8333 phononL 0.004 0.392851 1.69067 0.00857553 0
0 8334 phononL 0.004 -1.15096 -2.11387 0.00310113 0
0 8335 phononL 0.004 1.12752 -1.41825 -0.0105371 0
0 8336 phononL 0.004 -2.06793 -1.11833 0.011237 0
0 8337 phononL 0.004 -0.759779 1.17262 0.033077 0
0 8338 phononL 0.004 -0.551728 -1.32292 0.0192048 0
0 8339 phononL 0.004 -1.69726 1.58669 0.0389753 0
0 8340 phononL 0.004 0.436288 -1.55535 0.000869313 0
0 8341 phononL 0.004 1.90608 1.9258 0.0238014 0
0 8342 phononL 0.004 -2.15326 -0.496932 -0.0340038 0
0 8343 phononL 0.004 -1.56757 1.55224 0.0200118 0
0 8344 phononL 0.004 -0.151168 -0.331124 -0.0179825 0
0 8345 phononL 0.004 -1.77672 -1.8049 -0.00180261 0
0 8346 phononL 0.004 2.10883 2.21431 0.0302763 0
0 8347 phononL 0.004 0.43659 -0.555082 -0.00739105 0
0 8348 phononL 0.004 1.47759 2.0021 0.0288684 0
0 8349 phononL 0.004 1.65597 -0.364356 -0.00315188 0
0 8350 phononL 0.004 -2.03832 0.624448 -0.0324376 0
0 8351 phononL 0.004 0.907249 -1.14662 0.0267833 0
0 8352 phononL 0.004 0.407671 -0.0944977 0.0335765 0
0 8353 phononL 0.004 -1.12292 -2.2066 0.0100486 0
0 8354 phononL 0.004 -1.1615 -0.690422 -0.0178365 0
0 8355 phononL 0.004 1.55497 -1.88108 0.0310813 0
0 8356 phononL 0.004 0.781922 -1.15796 0.0364022 0
0 8357 phononL 0.004 0.0214962 -0.190593 0.0261214 0
0 8358 phononL 0.004 0.252729 1.15723 -0.004987 0
0 8359 phononL 0.004 -0.964867 -1.81082 -0.0166022 0
0 8360 phononL 0.004 0.657362 1.69044 0.0033567 0
0 8361 phononL 0.004 1.87563 0.174368 0.0150888 0
0 8362 phononL 0.004 -1.49158 -0.884231 0.0246098 0
0 8363 phononL 0.004 0.216548 -0.693823 -0.0384848 0
0 8364 phononL 0.004 -1.83706 0.12764 0.0148535 0
0 8365 phononL 0.004 -0.568027 0.916138 0.0226705 0
0 8366 phononL 0.004 0.904863 -0.404116 -0.0331495 0
0 8367 phononL 0.004 0.441044 1.5543 -0.000781846 0
0 8368 phononL 0.004 0.767592 -1.11184 0.0201658 0
0 8369 phononL 0.004 1.39389 -1.5202 -0.0156064 0
0 8370 phononL 0.004 0.350862 -1.78512 -0.00741292 0
0 8371 phononL 0.004 -0.828564 1.71826 0.0111919 0
0 8372 phononL 0.004 -0.0909924 0.582235 -0.0103411 0
0 8373 phononL 0.004 1.08833 -0.589774 0.0323502 0
0 8374 phononL 0.004 0.488774 -1.00553 0.0340416 0
0 8375 phononL 0.004 0.855231 0.220396 -0.0314714 0
0 8376 phononL 0.004 1.91317 0.52517 -0.0246317 0
0 8377 phononL 0.004 -1.36045 1.40326 -0.00679976 0
0 8378 phononL 0.004 0.381436 -1.18386 -0.0220506 0
0 8379 phononL 0.004 0.613986 1.91911 -0.00192925 0
0 8380 phononL 0.004 -0.497857 0.828682 0.000956355 0
0 8381 phononL 0.004 2.13938 -1.70513 -0.0232628 0
0 8382 phononL 0.004 -2.04469 0.0689496 0.0138146 0
0 8383 phononL 0.004 -1.75664 -2.17281 0.0321656 0
0 8384 phononL 0.004 -0.815893 -2.02397 0.0258575 0
0 8385 phononL 0.004 -1.75276 -0.14645 -0.0282728 0
0 8386 phononL 0.004 1.68311 -0.0343056 -0.00954541 0
0 8387 phononL 0.004 -0.660112 -1.83249 0.00621181 0
0 8388 phononL 0.004 0.988867 2.03955 0.031551 0
0 8389 phononL 0.004 2.21761 -1.40952 -0.0255389 0
0 8390 phononL 0.004 0.804309 1.56804 -0.0283235 0
0 8391 phononL 0.004 -1.9586 2.22679 0.0254773 0
0 8392 phononL 0.004 -0.420815 -0.774911 -0.00244926 0
0 8393 phononL 0.004 0.399548 -1.22645 0.0163689 0
0 8394 phononL 0.004 1.32229 0.909048 0.00270305 0
0 8395 phononL 0.004 1.98057 1.64796 -0.000515179 0
0 8396 phononL 0.004 0.619779 -1.65942 0.031491 0
0 8397 phononL 0.004 -1.12425 -1.09401 -0.0304021 0
0 8398 phononL 0.004 2.19428 -0.194884 0.028952 0
0 8399 phononL 0.004 0.100247 -0.985394 0.0242642 0
0 8400 phononL 0.004 -1.1831 -0.477555 0.0343863 0
0 8401 phononL 0.004 -0.64119 -0.787359 0.033912 0
0 8402 phononL 0.004 -1.49851 -0.29934 -0.00665624 0
0 8403 phononL 0.004 -0.158249 -1.891 -0.0240186 0
0 8404 phononL 0.004 1.51763 -1.03789 -0.0284204 0
0 8405 phononL 0.004 -0.63449 -1.12031 -0.0242156 0
0 8406 phononL 0.004 0.141665 1.19259 -0.0266514 0
0 8407 phononL 0.004 0.844729 -0.260374 0.00761423 0
0 8408 phononL 0.004 1.0816 -1.37899 -0.017681 0
0 8409 phononL 0.004 0.765887 0.0844199 -0.0376884 0
0 8410 phononL 0.004 -0.81249 0.784428 -0.00861273 0
0 8411 phononL 0.004 1.60948 1.13775 -0.000454711 0
0 8412 phononL 0.004 -1.26609 1.64744 0.00567808 0
0 8413 phononL 0.004 -0.326269 -1.50878 0.0131169 0
0 8414 phononL 0.004 -1.3961 -0.886365 0.0161908 0
0 8415 phononL 0.004 -0.273683 0.229368 -0.00724234 0
0 8416 phononL 0.004 -0.630983 -1.16346 0.0290193 0
0 8417 phononL 0.004 -0.733946 2.09761 -0.0181404 0
0 8418 phononL 0.004 -1.2564 -1.72072 0.0205643 0
0 8419 phononL 0.004 -1.06396 0.303049 0.0150669 0
0 8420 phononL 0.004 -0.70088 -1.37791 -0.0234678 0
0 8421 phononL 0.004 0.264059 -0.650555 -0.0096498 0
0 8422 phononL 0.004 1.6472 -1.40014 -0.0350717 0
0 8423 phononL 0.004 0.688884 -1.35558 -0.00731147 0
0 8424 phononL 0.004 -0.929238 -1.87492 -0.0354686 0
0 8425 phononL 0.004 -1.10468 -0.815148 -0.0153193 0
0 8426 phononL 0.004 0.368521 1.00328 0.0155297 0
0 8427 phononL 0.004 -0.290453 0.73419 0.0100614 0
0 8428 phononL 0.004 1.48391 1.35384 -0.0369379 0
0 8429 phononL 0.004 1.45834 -0.0705734 -0.00313145 0
0 8430 phononL 0.004 0.544593 0.335829 0.0131475 0
0 8431 phononL 0.004 1.28759 -0.783016 -0.0231409 0
0 8432 phononL 0.004 -0.837726 1.30876 0.0257215 0
0 8433 phononL 0.004 -0.756643 2.0417 0.0161385 0
0 8434 phononL 0.004 0.798332 -0.00429703 -0.00561231 0
0 8435 phononL 0.004 -0.837663 0.390942 -0.025246 0
0 8436 phononL 0.004 -1.06677 -1.59859 0.01192 0
0 8437 phononL 0.004 -1.51132 -1.90438 -0.00798955 0
0 8438 phononL 0.004 0.990297 1.57095 0.0207969 0
0 8439 phononL 0.004 -0.000821062 2.07349 0.0249043 0
0 8440 phononL 0.004 0.239466 -0.762564 0.001895 0
0 8441 phononL 0.004 0.262937 0.870944 0.0135404 0
0 8442 phononL 0.004 -1.91849 -0.793451 0.0248025 0
0 8443 phononL 0.004 0.0830876 -0.643048 0.0236054 0
0 8444 phononL 0.004 1.46263 1.66319 -0.0226918 0
0 8445 phononL 0.004 -0.305959 -1.37167 -0.0303787 0
0 8446 phononL 0.004 1.50167 0.194816 0.0251778 0
0 8447 phononL 0.004 -0.536843 0.39354 0.0262223 0
0 8448 phononL 0.004 -0.839819 -2.08614 -0.0104221 0
0 8449 phononL 0.004 1.5164 -0.955333 -0.0259494 0
0 8450 phononL 0.004 -0.874274 0.733855 -0.022927 0
0 8451 phononL 0.004 0.746835 -0.370027 0.00451281 0
0 8452 phononL 0.004 -1.80726 -0.0021395 0.0185385 0
0 8453 phononL 0.004 0.140283 1.19385 -0.0260692 0
0 8454 phononL 0.004 -0.842921 0.620467 0.0203781 0
0 8455 phononL 0.004 -1.55188 1.5445 -0.0357319 0
0 8456 phononL 0.004 1.25608 -1.39209 -0.0103268 0
0 8457 phononL 0.004 -0.0396218 1.57519 0.0300317 0
0 8458 phononL 0.004 0.353045 1.22104 0.0226983 0
0 8459 phononL 0.004 2.12881 1.93601 -0.00252628 0
0 8460 phononL 0.004 1.92898 -2.21292 -0.0391845 0
0 8461 phononL 0.004 -2.06679 0.71584 0.019185 0
0 8462 phononL 0.004 2.00911 -1.92413 0.0110012 0
0 8463 phononL 0.004 -1.00654 1.37694 -0.0138745 0
0 8464 phononL 0.004 -2.16617 -0.221948 0.00881478 0
0 8465 phononL 0.004 -0.339982 -0.991214 0.00460562 0
0 8466 phononL 0.004 0.561263 -0.283155 0.00232491 0
0 8467 phononL 0.004 -0.0599879 1.41098 0.0281601 0
0 8468 phononL 0.004 -1.44192 -2.02435 0.0262782 0
0 8469 phononL 0.004 -0.130381 1.29712 -0.00460781 0
0 8470 phononL 0.004 0.934953 2.10432 0.0371406 0
0 8471 phononL 0.004 -0.760808 -1.47284 0.0363088 0
0 8472 phononL 0.004 1.16286 -1.41136 0.0229181 0
0 8473 phononL 0.004 -0.132177 -1.76784 -0.0169056 0
0 8474 phononL 0.004 -1.95524 -0.140848 -0.0134578 0
0 8475 phononL 0.004 0.896653 1.36841 -0.0109843 0
0 8476 phononL 0.004 0.961302 -0.0393121 0.0101043 0
0 8477 phononL 0.004 -0.646605 -0.887464 -0.00287493 0
0 8478 phononL 0.004 0.601953 -0.615062 -0.0318228 0
0 8479 phononL 0.004 -1.03337 -0.715071 -0.0117984 0
0 8480 phononL 0.004 -1.92646 1.31139 0.00504604 0
0 8481 phononL 0.004 1.86137 -1.05764 0.00248518 0
0 8482 phononL 0.004 -2.16904 -0.0865323 -0.0205527 0
0 8483 phononL 0.004 1.10897 0.609399 0.0185336 0
0 8484 phononL 0.004 2.03443 1.27694 -0.00687752 0
0 8485 phononL 0.004 -1.66415 1.17238 0.0181022 0
0 8486 phononL 0.004 1.04663 0.0430607 0.00869206 0
0 8487 phononL 0.004 0.214743 0.0787737 0.0294333 0
0 8488 phononL 0.004 1.33719 2.12089 0.0272896 0
0 8489 phononL 0.004 0.017433 -1.00764 0.00584031 0
0 8490 phononL 0.004 -0.448363 -2.09335 -0.0220122 0
0 8491 phononL 0.004 -0.0338932 -2.05513 0.0329924 0
0 8492 phononL 0.004 -1.66937 -0.147139 0.0385307 0
0 8493 phononL 0.004 1.21147 -1.62866 -0.00493686 0
0 8494 phononL 0.004 0.0194338 0.594056 -0.0350251 0
0 8495 phononL 0.004 1.18829 -0.950828 0.028005 0
0 8496 phononL 0.004 -0.896344 0.563968 0.0233953 0
0 8497 phononL 0.004 0.68181 2.14787 -0.00260405 0
0 8498 phononL 0.004 -0.297282 -0.841566 -0.0128641 0
0 8499 phononL 0.004 -0.187391 1.73217 0.0397018 0
0 8500 phononL 0.004 -1.99403 -1.06857 -0.0344943 0
0 8501 phononL 0.004 -0.455742 -1.0434 0.0136781 0
0 8502 phononL 0.004 -0.526462 -1.01671 -0.0194724 0
0 8503 phononL 0.004 -1.0521 0.709836 0.0217094 0
0 8504 phononL 0.004 0.838678 0.447685 0.0376402 0
0 8505 phononL 0.004 1.68199 1.82924 -0.0164421 0
0 8506 phononL 0.004 1.89765 0.698601 -5.10202e-05 0
0 8507 phononL 0.004 -1.70811 -1.73982 -0.00361499 0
0 8508 phononL 0.004 -1.01586 2.07047 -0.0376035 0
0 8509 phononL 0.004 1.03996 -0.489508 0.0318061 0
0 8510 phononL 0.004 0.440038 -1.26834 0.0328353 0
0 8511 phononL 0.004 -2.14558 -1.30404 -0.00489128 0
0 8512 phononL 0.004 -0.0743678 -1.77372 0.0236142 0
0 8513 phononL 0.004 2.22501 1.73735 -0.0110904 0
0 8514 phononL 0.004 -0.732264 1.02069 -0.0279732 0
0 8515 phononL 0.004 1.16234 -0.852718 0.0259196 0
0 8516 phononL 0.004 1.10394 -1.64516 0.0156512 0
0 8517 phononL 0.004 -0.6371 -2.07407 -0.0160682 0
0 8518 phononL 0.004 -1.04394 -1.82103 -0.0185763 0
0 8519 phononL 0.004 -1.67849 -2.01639 0.0139036 0
0 8520 phononL 0.004 1.94595 1.14359 -0.0290103 0
0 8521 phononL 0.004 -0.691067 2.18139 0.00999616 0
0 8522 phononL 0.004 0.294717 0.202889 -0.0120564 0
0 8523 phononL 0.004 0.593366 -0.468066 0.0106211 0
0 8524 phononL 0.004 -0.309856 -0.319905 -0.0104701 0
0 8525 phononL 0.004 0.92983 0.00433849 -0.0349531 0
0 8526 phononL 0.004 -0.951619 0.0297087 -0.0363643 0
0 8527 phononL 0.004 -0.0179446 1.34565 -0.0188107 0
0 8528 phononL 0.004 -1.82093 -1.12937 0.01403 0
0 8529 phononL 0.004 -0.1769 -1.46065 0.0312417 0
0 8530 phononL 0.004 2.02514 -1.04894 0.013004 0
0 8531 phononL 0.004 -1.06058 1.29147 -0.0080009 0
0 8532 phononL 0.004 -1.56187 -1.67043 -0.0196149 0
0 8533 phononL 0.004 -0.122587 2.13943 0.0270528 0
0 8534 phononL 0.004 -1.5784 0.34114 0.0296157 0
0 8535 phononL 0.004 -0.676241 -1.15584 0.0216631 0
0 8536 phononL 0.004 -1.4543 0.366413 -0.0236738 0
0 8537 phononL 0.004 0.603446 -1.85118 -0.0228933 0
0 8538 phononL 0.004 0.661068 1.05797 0.0322128 0
0 8539 phononL 0.004 0.95913 1.96146 0.0300124 0
0 8540 phononL 0.004 1.77895 -2.06106 0.0334182 0
0 8541 phononL 0.004 1.87459 -1.33332 0.00105732 0
0 8542 phononL 0.004 2.21187 -1.6066 -0.0080105 0
0 8543 phononL 0.004 2.06612 -0.487312 -0.0304972 0
0 8544 phononL 0.004 0.734584 1.69809 0.0174325 0
0 8545 phononL 0.004 1.08079 1.97931 0.00554709 0
0 8546 phononL 0.004 2.12802 1.31464 -0.00906985 0
0 8547 phononL 0.004 1.10515 0.508641 -0.0268819 0
0 8548 phononL 0.004 -0.529741 0.669641 -0.0187547 0
0 8549 phononL 0.004 -0.305284 -0.681979 0.0194717 0
0 8550 phononL 0.004 -1.40557 1.8831 0.00385269 0
0 8551 phononL 0.004 2.14966 1.80162 0.0306867 0
0 8552 phononL 0.004 -1.94079 -1.4914 -0.00497548 0
0 8553 phononL 0.004 -1.07384 -0.145929 -0.0313012 0
0 8554 phononL 0.004 -0.048533 -0.800765 0.0382796 0
0 8555 phononL 0.004 0.870251 -1.67055 -0.0269139 0
0 8556 phononL 0.004 -1.73997 0.876394 0.0396338 0
0 8557 phononL 0.004 -0.298718 -0.733688 -0.0356391 0
0 8558 phononL 0.004 -0.713745 -0.857537 0.00517874 0
0 8559 phononL 0.004 1.29093 -1.53873 -0.0313168 0
0 8560 phononL 0.004 -2.02595 1.20181 -0.00536437 0
0 8561 phononL 0.004 1.27066 -1.2305 0.00360637 0
0 8562 phononL 0.004 -1.21045 0.575801 0.0364741 0
0 8563 phononL 0.004 -1.21911 1.96287 0.0211802 0
0 8564 phononL 0.004 -0.342524 0.686972 -0.0044885 0
0 8565 phononL 0.004 -0.463127 1.2092 0.0204882 0
0 8566 phononL 0.004 -0.157203 1.39057 -0.0223952 0
0 8567 phononL 0.004 1.25841 -1.52544 0.0102367 0
0 8568 phononL 0.004 0.261582 0.746047 -0.00525761 0
0 8569 phononL 0.004 1.02919 -1.56939 0.0351628 0
0 8570 phononL 0.004 2.226 0.246163 -0.0023382 0
0 8571 phononL 0.004 1.79721 0.155996 0.0379807 0
0 8572 phononL 0.004 0.795677 0.330457 -0.0123569 0
0 8573 phononL 0.004 -1.25465 2.23081 -0.0280391 0
0 8574 phononL 0.004 -1.29799 0.866504 0.0104758 0
0 8575 phononL 0.004 0.816385 -2.05693 -0.0114482 0
0 8576 phononL 0.004 2.02553 -0.981101 -0.0112813 0
0 8577 phononL 0.004 -1.33805 0.735999 0.0339876 0
0 8578 phononL 0.004 -1.98171 -0.653784 -0.0151288 0
0 8579 phononL 0.004 -0.950053 -1.55881 -0.0093594 0
0 8580 phononL 0.004 1.92713 0.126259 -0.00513279 0
0 8581 phononL 0.004 1.93704 -0.226012 0.0110897 0
0 8582 phononL 0.004 -1.27678 -1.40322 -0.0205808 0
0 8583 phononL 0.004 -1.09588 1.98919 0.0207612 0
0 8584 phononL 0.004 0.230625 -1.39197 -0.00306449 0
0 8585 phononL 0.004 -2.01099 0.620241 0.00750799 0
0 8586 phononL 0.004 0.665707 0.947759 -0.015404 0
0 8587 phononL 0.004 0.908975 -0.0701595 0.0368444 0
0 8588 phononL 0.004 -1.09279 -0.642672 -0.00508402 0
0 8589 phononL 0.004 -0.405829 -1.29082 0.0278917 0
0 8590 phononL 0.004 -0.357647 1.37944 -0.0171325 0
0 8591 phononL 0.004 -1.40451 -0.504625 0.00894693 0
0 8592 phononL 0.004 -1.13688 1.89576 0.00977717 0
0 8593 phononL 0.004 -1.76429 1.93386 0.0112919 0
0 8594 phononL 0.004 1.80648 -0.537462 0.00674878 0
0 8595 phononL 0.004 0.799272 -2.10077 0.00305978 0
0 8596 phononL 0.004 -1.35608 0.869462 -0.00719844 0
0 8597 phononL 0.004 1.9268 1.61841 -0.0192987 0
0 8598 phononL 0.004 -1.05562 -0.788505 0.00888195 0
0 8599 phononL 0.004 -0.101108 1.75834 -0.0280555 0
0 8600 phononL 0.004 -1.51263 1.33548 0.0139098 0
0 8601 phononL 0.004 -2.00706 -0.0347621 0.0314107 0
0 8602 phononL 0.004 1.07507 1.96222 0.0170872 0
0 8603 phononL 0.004 -0.140274 1.38025 -0.00718209 0
0 8604 phononL 0.004 0.705936 -0.929184 0.000958405 0
0 8605 phononL 0.004 1.42235 1.21343 -0.00184876 0
0 8606 phononL 0.004 1.94881 1.17273 0.00253481 0
0 8607 phononL 0.004 0.139521 2.01479 0.003617 0
0 8608 phononL 0.004 1.64674 -1.20607 0.0231979 0
0 8609 phononL 0.004 1.3033 0.700374 -0.0252834 0
0 8610 phononL 0.004 1.57588 1.07373 -0.00946082 0
0 8611 phononL 0.004 -0.61779 1.06478 0.0145967 0
0 8612 phononL 0.004 -2.19886 1.68107 0.00704641 0
0 8613 phononL 0.004 1.05284 0.638889 -0.0249243 0
0 8614 phononL 0.004 0.997806 2.042 -0.00871705 0
0 8615 phononL 0.004 -0.80033 0.940461 -0.00487433 0
0 8616 phononL 0.004 0.0730706 1.98843 0.031707 0
0 8617 phononL 0.004 -1.7043 1.81378 0.00825036 0
0 8618 phononL 0.004 -0.293076 -0.468477 -0.00720838 0
0 8619 phononL 0.004 2.17411 2.07795 0.0139655 0
0 8620 phononL 0.004 0.0585675 -0.189126 0.0350519 0
0 8621 phononL 0.004 -1.91452 1.37736 0.0182858 0
0 8622 phononL 0.004 -2.14409 -1.57403 -0.012402 0
0 8623 phononL 0.004 -0.898605 1.30515 -0.0140821 0
0 8624 phononL 0.004 -2.15061 -1.84731 -0.0295665 0
0 8625 phononL 0.004 -1.99741 1.21338 0.0285417 0
0 8626 phononL 0.004 0.433274 -0.685558 -0.0205003 0
0 8627 phononL 0.004 -1.26206 -1.69401 -0.0357226 0
0 8628 phononL 0.004 1.21521 -1.96421 -0.0291317 0
0 8629 phononL 0.004 0.221249 0.0352435 0.0204723 0
0 8630 phononL 0.004 -1.33365 0.726226 0.0326467 0
0 8631 phononL 0.004 -0.728626 1.85876 -0.0259336 0
0 8632 phononL 0.004 -0.210503 -2.23248 0.00529185 0
0 8633 phononL 0.004 -1.2598 -0.16089 -0.0370699 0
0 8634 phononL 0.004 1.71695 1.81362 -0.0334354 0
0 8635 phononL 0.004 -0.480962 1.13557 0.000351655 0
0 8636 phononL 0.004 0.4991 0.181453 -0.0135011 0
0 8637 phononL 0.004 -1.07026 0.786918 -0.0171261 0
0 8638 phononL 0.004 -0.254015 -0.561802 -0.0102798 0
0 8639 phononL 0.004 0.406457 -0.673006 -0.0281248 0
0 8640 phononL 0.004 1.15895 1.09773 0.00196727 0
0 8641 phononL 0.004 0.102923 2.11489 0.0140554 0
0 8642 phononL 0.004 1.24625 -1.27762 -0.03516 0
0 8643 phononL 0.004 -1.20455 -0.511745 0.0398178 0
0 8644 phononL 0.004 -1.03808 -0.109188 -0.0369786 0
0 8645 phononL 0.004 -0.610882 0.317297 -0.013481 0
0 8646 phononL 0.004 1.31199 0.237186 -0.0106856 0
0 8647 phononL 0.004 -1.20829 -0.213611 0.0267684 0
0 8648 phononL 0.004 1.19176 -1.12105 -0.0115916 0
0 8649 phononL 0.004 0.193806 -0.962007 -0.0232941 0
0 8650 phononL 0.004 2.09589 -2.11492 0.0174192 0
0 8651 phononL 0.004 0.375317 2.13383 -0.0117147 0
0 8652 phononL 0.004 0.679648 1.9614 -0.0363972 0
0 8653 phononL 0.004 0.483511 0.458771 -0.00739847 0
0 8654 phononL 0.004 2.07461 -0.018409 0.0108177 0
0 8655 phononL 0.004 0.166666 -2.19039 0.0145059 0
0 8656 phononL 0.004 -0.573121 -0.374689 0.0250527 0
0 8657 phononL 0.004 -0.97151 -0.809188 -0.0162241 0
0 8658 phononL 0.004 1.02312 1.10136 0.0255331 0
0 8659 phononL 0.004 -1.24922 1.95305 -0.0190908 0
0 8660 phononL 0.004 0.150686 1.84994 -0.0180873 0
0 8661 phononL 0.004 -1.14946 0.684544 -0.0171057 0
0 8662 phononL 0.004 0.401654 -0.72467 0.0330015 0
0 8663 phononL 0.004 1.37957 0.635173 0.0389281 0
0 8664 phononL 0.004 2.03659 -0.348982 -0.00988686 0
0 8665 phononL 0.004 -0.36869 -1.22264 -0.0251817 0
0 8666 phononL 0.004 0.732189 -0.12056 0.00866346 0
0 8667 phononL 0.004 -1.61644 -0.458329 0.0267053 0
0 8668 phononL 0.004 -0.253842 1.77956 0.00018815 0
0 8669 phononL 0.004 -1.71748 1.56688 -0.0367858 0
0 8670 phononL 0.004 -0.547183 -2.06048 0.0105647 0
0 8671 phononL 0.004 -0.651585 -1.71041 -0.0346841 0
0 8672 phononL 0.004 1.48396 -1.81937 0.0177552 0
0 8673 phononL 0.004 0.876418 1.24739 -0.0130859 0
0 8674 phononL 0.004 -0.251863 2.15669 -0.0236629 0
0 8675 phononL 0.004 0.706221 -1.04738 0.0275239 0
0 8676 phononL 0.004 1.55796 -0.891893 -0.028303 0
0 8677 phononL 0.004 0.231042 -1.70969 0.0237875 0
0 8678 phononL 0.004 1.36409 0.24153 -0.0251087 0
0 8679 phononL 0.004 1.01663 0.417098 0.0128314 0
0 8680 phononL 0.004 1.78079 -1.22664 -0.0177168 0
0 8681 phononL 0.004 -0.262894 0.133173 0.0194363 0
0 8682 phononL 0.004 0.893984 1.40332 0.0140374 0
0 8683 phononL 0.004 1.55103 1.4263 -0.0110432 0
0 8684 phononL 0.004 1.3743 -2.18101 -0.00510617 0
0 8685 phononL 0.004 1.68898 -0.735754 -0.0375703 0
0 8686 phononL 0.004 -0.943379 0.495288 0.00868365 0
0 8687 phononL 0.004 -1.34126 -0.713194 0.0310608 0
0 8688 phononL 0.004 2.21955 -0.62929 0.0362112 0
0 8689 phononL 0.004 -0.512578 -0.268444 -0.0166081 0
0 8690 phononL 0.004 -0.770769 0.976622 0.0021985 0
0 8691 phononL 0.004 -0.417711 -1.1142 0.0175454 0
0 8692 phononL 0.004 1.2193 0.0404575 -0.000608852 0
0 8693 phononL 0.004 -0.828514 -0.898953 -0.00823463 0
0 8694 phononL 0.004 1.23705 -1.24974 0.0160757 0
0 8695 phononL 0.004 -0.181952 -1.78794 -0.0368405 0
0 8696 phononL 0.004 -0.686057 1.27391 0.0115181 0
0 8697 phononL 0.004 1.72461 1.66817 0.0116329 0
0 8698 phononL 0.004 -0.232913 2.01404 -0.0200022 0
0 8699 phononL 0.004 1.28908 -1.89612 -0.0376847 0
0 8700 phononL 0.004 -2.16704 0.246435 -0.038117 0
0 8701 phononL 0.004 -1.17085 -1.26123 -0.0102022 0
0 8702 phononL 0.004 -2.19972 2.17672 0.0209395 0
0 8703 phononL 0.004 0.707979 1.41949 -0.00381329 0
0 8704 phononL 0.004 0.176503 0.744325 0.0115465 0
0 8705 phononL 0.004 -0.199049 -1.06136 -0.0328234 0
0 8706 phononL 0.004 1.47111 -0.0385647 0.00464073 0
0 8707 phononL 0.004 0.640531 0.825762 0.0246847 0
0 8708 phononL 0.004 -0.964094 1.99248 0.0299245 0
0 8709 phononL 0.004 -2.10284 -0.500802 -0.0180706 0
0 8710 phononL 0.004 -1.42412 -2.08381 -0.000201033 0
0 8711 phononL 0.004 -1.56163 1.94907 0.016285 0
0 8712 phononL 0.004 0.507934 0.0846787 -0.0133725 0
0 8713 phononL 0.004 0.762449 -0.741526 -0.0120025 0
0 8714 phononL 0.004 -0.430989 0.700985 -0.00553544 0
0 8715 phononL 0.004 1.72215 -1.79103 0.0390174 0
0 8716 phononL 0.004 -1.56755 -2.04655 -0.0145546 0
0 8717 phononL 0.004 1.06476 1.79507 -0.0364137 0
0 8718 phononL 0.004 -0.85834 0.704164 0.0133065 0
0 8719 phononL 0.004 1.68595 0.346097 0.0160241 0
0 8720 phononL 0.004 -0.0999963 -1.53114 0.00480839 0
0 8721 phononL 0.004 0.321578 0.893012 0.0200353 0
0 8722 phononL 0.004 -1.63307 -0.104387 -0.0376588 0
0 8723 phononL 0.004 -2.14901 0.651443 -0.013407 0
0 8724 phononL 0.004 -0.801403 -0.540755 0.0323929 0
0 8725 phononL 0.004 -1.51129 0.66792 0.0147544 0
0 8726 phononL 0.004 -0.169883 -0.769249 0.0148246 0
0 8727 phononL 0.004 0.298888 -1.44544 0.0069456 0
0 8728 phononL 0.004 1.74022 0.265085 0.00507014 0
0 8729 phononL 0.004 -0.959959 1.88856 0.0241477 0
0 8730 phononL 0.004 1.01276 -1.68841 -0.0277314 0
0 8731 phononL 0.004 0.212367 -0.199415 -0.0213068 0
0 8732 phononL 0.004 1.66562 -1.09831 0.00028202 0
0 8733 phononL 0.004 0.926313 -1.9644 -0.03175 0
0 8734 phononL 0.004 0.778582 -1.88567 0.00225009 0
0 8735 phononL 0.004 -0.736083 0.725763 -0.0113724 0
0 8736 phononL 0.004 2.09393 1.69486 0.0329466 0
0 8737 phononL 0.004 0.233396 -0.363579 0.0250772 0
0 8738 phononL 0.004 1.43581 -1.88733 0.00911488 0
0 8739 phononL 0.004 1.68465 1.4521 -0.0069524 0
0 8740 phononL 0.004 -2.10643 0.691683 0.0155742 0
0 8741 phononL 0.004 -1.13213 0.0779086 0.005493 0
0 8742 phononL 0.004 -0.763112 1.78271 0.0339922 0
0 8743 phononL 0.004 0.452371 -0.647356 0.00751858 0
0 8744 phononL 0.004 0.694266 -0.649277 -0.000246595 0
0 8745 phononL 0.004 0.803081 0.820169 -0.0317797 0
0 8746 phononL 0.004 -1.03827 -2.10384 -0.000203111 0
0 8747 phononL 0.004 0.596764 1.10395 0.0118474 0
0 8748 phononL 0.004 0.163976 1.87224 -0.00990561 0
0 8749 phononL 0.004 0.769211 0.498519 0.00936559 0
0 8750 phononL 0.004 -1.89027 0.891461 -0.00129112 0
0 8751 phononL 0.004 -2.14218 2.02193 -0.0345448 0
0 8752 phononL 0.004 0.901069 -1.71484 0.0172614 0
0 8753 phononL 0.004 -2.22533 -1.79493 -0.0103182 0
0 8754 phononL 0.004 1.56276 -2.06024 -0.0157846 0
0 8755 phononL 0.004 2.0185 1.41197 -0.0171432 0
0 8756 phononL 0.004 0.610616 -0.980738 0.0220037 0
0 8757 phononL 0.004 1.53969 0.030568 0.026354 0
0 8758 phononL 0.004 0.983702 1.62915 -0.0320876 0
0 8759 phononL 0.004 0.696997 2.18483 -0.0254034 0
0 8760 phononL 0.004 0.855097 -0.438342 -0.000924939 0
0 8761 phononL 0.004 -0.550828 -1.64708 -0.0210181 0
0 8762 phononL 0.004 0.765967 0.687904 0.00667302 0
0 8763 phononL 0.004 -0.446275 0.760241 -0.021861 0
0 8764 phononL 0.004 1.66562 0.372531 0.00298803 0
0 8765 phononL 0.004 1.26456 -0.282628 -0.00946247 0
0 8766 phononL 0.004 -1.05526 -1.35772 -0.0227678 0
0 8767 phononL 0.004 1.88237 1.2163 0.0101151 0
0 8768 phononL 0.004 -0.390336 -1.65685 0.0200289 0
0 8769 phononL 0.004 -0.83874 0.858733 0.0318346 0
0 8770 phononL 0.004 -0.549009 1.3934 -0.0160716 0
0 8771 phononL 0.004 -0.0476558 -0.624916 0.0339166 0
0 8772 phononL 0.004 -0.227739 -2.07735 0.0317214 0
0 8773 phononL 0.004 0.0668493 1.20832 -0.0265445 0
0 8774 phononL 0.004 -1.54138 1.97558 0.00264593 0
0 8775 phononL 0.004 1.16902 1.82804 0.0112137 0
0 8776 phononL 0.004 1.57397 -0.476746 -0.0392737 0
0 8777 phononL 0.004 0.491602 1.78352 0.0276468 0
0 8778 phononL 0.004 0.879091 -0.160633 -0.0395287 0
0 8779 phononL 0.004 0.0668429 -0.0499796 -0.000606645 0
0 8780 phononL 0.004 0.2724 -1.14592 0.0377125 0
0 8781 phononL 0.004 1.72624 1.52587 -0.0258327 0
0 8782 phononL 0.004 0.234473 0.922627 -0.00819558 0
0 8783 phononL 0.004 0.993437 -1.5986 0.0273583 0
0 8784 phononL 0.004 1.85933 -0.932942 -0.0052584 0
0 8785 phononL 0.004 0.464564 -0.121494 -0.00774533 0
0 8786 phononL 0.004 0.329526 -2.01179 -0.0318084 0
0 8787 phononL 0.004 -0.319505 -1.38177 0.0270863 0
0 8788 phononL 0.004 -2.21832 0.883414 0.0178049 0
0 8789 phononL 0.004 -0.348166 -1.28557 0.00506621 0
0 8790 phononL 0.004 1.59125 0.0702599 0.0380331 0
0 8791 phononL 0.004 1.95103 1.52285 -0.000346018 0
0 8792 phononL 0.004 1.71392 0.105244 -0.0344653 0
0 8793 phononL 0.004 1.44018 1.61096 -0.0238553 0
0 8794 phononL 0.004 1.67705 -1.04713 0.0323051 0
0 8795 phononL 0.004 0.951427 0.780116 -0.00336079 0
0 8796 phononL 0.004 1.0783 1.60738 -0.0320836 0
0 8797 phononL 0.004 1.99434 -1.80716 -0.0353413 0
0 8798 phononL 0.004 0.123838 -1.81242 -0.0125646 0
0 8799 phononL 0.004 0.916688 2.0818 0.0253825 0
0 8800 phononL 0.004 1.40391 0.862958 -0.0327154 0
0 8801 phononL 0.004 -0.383076 0.36915 0.0372713 0
0 8802 phononL 0.004 -1.7282 -1.66233 -0.0344113 0
0 8803 phononL 0.004 0.0114817 1.61211 0.0198208 0
0 8804 phononL 0.004 0.523215 1.46325 0.0396623 0
0 8805 phononL 0.004 1.81672 -1.42207 -0.0223226 0
0 8806 phononL 0.004 1.56433 0.566856 -0.0108441 0
0 8807 phononL 0.004 0.627777 1.75738 -0.015929 0
0 8808 phononL 0.004 1.8621 -0.822701 0.0238636 0
0 8809 phononL 0.004 0.812657 -1.60096 0.00907028 0
0 8810 phononL 0.004 1.3044 0.317579 0.0381575 0
0 8811 phononL 0.004 -1.50582 1.94376 -0.0382707 0
0 8812 phononL 0.004 -1.52434 1.05818 0.0149513 0
0 8813 phononL 0.004 -1.33411 -0.211149 -0.0260182 0
0 8814 phononL 0.004 0.265832 1.23389 0.0398053 0
0 8815 phononL 0.004 1.16549 0.682182 0.0100157 0
0 8816 phononL 0.004 -0.164425 0.227976 -0.00920193 0
0 8817 phononL 0.004 -2.22541 1.09663 0.0128532 0
0 8818 phononL 0.004 1.57229 -1.83209 -0.0260138 0
0 8819 phononL 0.004 0.509712 -0.850122 0.0329288 0
0 8820 phononL 0.004 -0.966879 -1.76514 0.00179747 0
0 8821 phononL 0.004 1.27347 -1.87863 0.0114556 0
0 8822 phononL 0.004 0.173633 0.555 0.0130852 0
0 8823 phononL 0.004 -1.33034 1.94071 0.0142427 0
0 8824 phononL 0.004 -0.0366699 -2.15485 -0.022747 0
0 8825 phononL 0.004 0.552424 -1.74081 -0.029129 0
0 8826 phononL 0.004 -1.48141 -2.1308 0.029208 0
0 8827 phononL 0.004 1.75373 -0.471534 -0.0145102 0
0 8828 phononL 0.004 1.82492 2.09247 -0.00368368 0
0 8829 phononL 0.004 -0.882111 -2.09683 0.0292007 0
0 8830 phononL 0.004 -0.0259014 -1.00714 -0.0371533 0
0 8831 phononL 0.004 0.741144 0.533886 -0.028459 0
0 8832 phononL 0.004 -1.72735 -1.0721 -0.0339079 0
0 8833 phononL 0.004 1.81808 -1.50786 0.0348492 0
0 8834 phononL 0.004 0.315407 -1.04463 -0.014127 0
0 8835 phononL 0.004 1.82504 0.237928 0.0242537 0
0 8836 phononL 0.004 -1.47688 -0.494357 0.0330093 0
0 8837 phononL 0.004 0.807559 -0.444399 0.00195703 0
0 8838 phononL 0.004 -1.07955 1.51494 -0.0313972 0
0 8839 phononL 0.004 0.913111 0.589588 -0.0246663 0
0 8840 phononL 0.004 1.75431 -1.00162 0.0270584 0
0 8841 phononL 0.004 1.83066 -0.96657 -0.0342229 0
0 8842 phononL 0.004 0.5021 -2.08856 -0.0282341 0
0 8843 phononL 0.004 0.0888125 1.58852 0.0335413 0
0 8844 phononL 0.004 -1.39853 -0.838039 -0.0193894 0
0 8845 phononL 0.004 -1.32468 1.56058 -0.0261987 0
0 8846 phononL 0.004 -1.17047 2.18615 -0.0344816 0
0 8847 phononL 0.004 1.93702 1.98555 0.0133726 0
0 8848 phononL 0.004 2.00896 -0.697679 -0.00788297 0
0 8849 phononL 0.004 1.96284 -0.379596 0.0247307 0
0 8850 phononL 0.004 0.277156 -2.03344 0.0110729 0
0 8851 phononL 0.004 -0.394202 1.59527 -0.0318568 0
0 8852 phononL 0.004 1.83525 -0.0289426 0.00382545 0
0 8853 phononL 0.004 2.15231 1.41043 -0.0201477 0
0 8854 phononL 0.004 1.4139 -0.722164 0.0321215 0
0 8855 phononL 0.004 1.5863 -0.643578 0.00613608 0
0 8856 phononL 0.004 2.16463 -2.09136 -0.0172292 0
0 8857 phononL 0.004 -1.33096 1.46504 0.0398462 0
0 8858 phononL 0.004 1.76482 2.17576 -0.039788 0
0 8859 phononL 0.004 -2.13783 -1.45982 -0.0183726 0
0 8860 phononL 0.004 -0.890298 -0.763447 0.0346206 0
0 8861 phononL 0.004 -1.38336 -0.481328 0.00735889 0
0 8862 phononL 0.004 -1.74863 1.03274 -0.0254491 0
0 8863 phononL 0.004 0.720806 -1.51127 0.0358716 0
0 8864 phononL 0.004 1.0695 1.54053 0.0366423 0
0 8865 phononL 0.004 -1.86161 -0.275578 -0.00201988 0
0 8866 phononL 0.004 1.59378 -1.34662 0.0390311 0
0 8867 phononL 0.004 0.22626 0.189402 -0.0214825 0
0 8868 phononL 0.004 0.706293 -1.84411 0.034163 0
0 8869 phononL 0.004 2.17058 0.679452 0.00222897 0
0 8870 phononL 0.004 1.22034 -0.665592 0.0088881 0
0 8871 phononL 0.004 0.429851 -0.320411 -0.0142817 0
0 8872 phononL 0.004 -2.05713 -0.902518 0.00802628 0
0 8873 phononL 0.004 0.00152601 0.0871093 -0.0399509 0
0 8874 phononL 0.004 1.33367 -2.15737 -0.0134371 0
0 8875 phononL 0.004 -1.84703 -1.26451 -0.0126788 0
0 8876 phononL 0.004 0.371371 -0.897603 -0.015497 0
0 8877 phononL 0.004 2.06435 0.578416 -0.00893304 0
0 8878 phononL 0.004 1.46326 -0.927091 0.015825 0
0 8879 phononL 0.004 -1.70077 1.7545 -0.0183709 0
0 8880 phononL 0.004 0.295482 1.32942 -0.00879825 0
0 8881 phononL 0.004 1.19866 1.75955 -0.0169853 0
0 8882 phononL 0.004 -0.499632 2.18246 -0.0296163 0
0 8883 phononL 0.004 0.132764 1.69104 -0.0105792 0
0 8884 phononL 0.004 -0.605965 -2.16157 0.0213488 0
0 8885 phononL 0.004 1.26035 -1.46919 0.0378338 0
0 8886 phononL 0.004 -1.14974 1.94791 -0.0200841 0
0 8887 phononL 0.004 1.48519 -0.0918008 0.0136405 0
0 8888 phononL 0.004 -0.969259 -1.99486 0.0385558 0
0 8889 phononL 0.004 -0.722532 1.70979 -0.0330678 0
0 8890 phononL 0.004 0.306364 -0.222811 -0.00930869 0
0 8891 phononL 0.004 -1.00267 -1.27637 0.0309205 0
0 8892 phononL 0.004 0.487221 -0.541595 0.0131755 0
0 8893 phononL 0.004 -0.45771 -0.56 -0.0203434 0
0 8894 phononL 0.004 -0.875237 2.09714 0.0175881 0
0 8895 phononL 0.004 1.03782 1.92036 -0.0249602 0
0 8896 phononL 0.004 2.22434 -0.431893 -0.0198878 0
0 8897 phononL 0.004 0.956146 -1.82306 -0.0148249 0
0 8898 phononL 0.004 1.09485 -1.75397 -0.000419616 0
0 8899 phononL 0.004 -1.46754 1.64583 0.0374352 0
0 8900 phononL 0.004 0.122514 -1.44852 0.0345782 0
0 8901 phononL 0.004 0.00322567 0.936831 0.0293492 0
0 8902 phononL 0.004 1.6532 -0.871022 -0.000407786 0
0 8903 phononL 0.004 -1.28453 -1.99845 0.036086 0
0 8904 phononL 0.004 2.02775 0.942348 -0.0182352 0
0 8905 phononL 0.004 0.548713 -1.68164 0.0219291 0
0 8906 phononL 0.004 -1.24581 0.603716 0.0253926 0
0 8907 phononL 0.004 0.764325 1.65794 0.0151191 0
0 8908 phononL 0.004 -0.461997 -0.367875 0.00397358 0
0 8909 phononL 0.004 -1.10325 -2.03121 0.0302823 0
0 8910 phononL 0.004 -0.259658 -1.427 -0.00730917 0
0 8911 phononL 0.004 -1.56012 2.06954 -0.036829 0
0 8912 phononL 0.004 0.128119 -1.16671 0.00605293 0
0 8913 phononL 0.004 -1.18934 1.56713 -0.00853832 0
0 8914 phononL 0.004 -1.70517 -1.35659 0.0114259 0
0 8915 phononL 0.004 -0.527881 0.481793 -0.0116529 0
0 8916 phononL 0.004 -0.554603 0.479469 0.0192922 0
0 8917 phononL 0.004 1.15859 -0.363954 -0.0287013 0
0 8918 phononL 0.004 -0.740155 2.21566 -0.00412131 0
0 8919 phononL 0.004 0.962869 -2.09386 0.0399403 0
0 8920 phononL 0.004 0.0717945 2.21364 0.00332101 0
0 8921 phononL 0.004 -1.23383 1.85113 0.0278951 0
0 8922 phononL 0.004 1.65248 -1.31164 0.00558602 0
0 8923 phononL 0.004 1.91484 -2.10063 0.00175829 0
0 8924 phononL 0.004 1.06493 -1.23486 -0.0183045 0
0 8925 phononL 0.004 -0.351617 -0.677482 0.0397111 0
0 8926 phononL 0.004 -0.274013 0.334631 -0.0213498 0
0 8927 phononL 0.004 0.413654 2.02203 -0.0106786 0
0 8928 phononL 0.004 -1.97501 -1.93365 0.0354297 0
0 8929 phononL 0.004 -0.249685 2.03053 -0.0284398 0
0 8930 phononL 0.004 -1.2508 2.00905 -0.0197743 0
0 8931 phononL 0.004 -0.00874628 -0.924462 -0.0319963 0
0 8932 phononL 0.004 -2.04347 -0.562825 0.00242491 0
0 8933 phononL 0.004 -0.905622 -1.1506 0.0260226 0
0 8934 phononL 0.004 -0.302708 0.850865 -0.0348043 0
0 8935 phononL 0.004 -2.05873 -1.18719 -0.00161761 0
0 8936 phononL 0.004 -1.63056 1.15253 -0.0309125 0
0 8937 phononL 0.004 -2.1385 -0.0800046 0.00430105 0
0 8938 phononL 0.004 1.85829 -0.700451 -0.0346328 0
0 8939 phononL 0.004 1.3192 0.214383 0.0229751 0
0 8940 phononL 0.004 -1.66908 1.79082 0.0218793 0
0 8941 phononL 0.004 0.995117 0.9456 -0.0151802 0
0 8942 phononL 0.004 0.654753 0.779972 -0.00259669 0
0 8943 phononL 0.004 -2.12971 0.341104 -0.0241652 0
0 8944 phononL 0.004 -0.936181 1.21147 -0.0189908 0
0 8945 phononL 0.004 0.444602 0.85383 -0.0219985 0
0 8946 phononL 0.004 -0.0936126 -0.676757 0.0178186 0
0 8947 phononL 0.004 -0.399104 -0.55273 -0.0225404 0
0 8948 phononL 0.004 0.795985 0.569528 -0.0050904 0
0 8949 phononL 0.004 0.626192 -0.0280184 -0.00843605 0
0 8950 phononL 0.004 0.779183 0.0969196 -0.0312541 0
0 8951 phononL 0.004 1.59377 1.93807 0.0240844 0
0 8952 phononL 0.004 1.33013 1.86877 0.0297303 0
0 8953 phononL 0.004 -1.48312 1.462 -0.0158648 0
0 8954 phononL 0.004 -0.721951 -0.186499 0.0334571 0
0 8955 phononL 0.004 0.773284 1.91148 -0.0366405 0
0 8956 phononL 0.004 -0.162139 -1.69478 -0.0263139 0
0 8957 phononL 0.004 1.61164 -1.07831 -0.0314635 0
0 8958 phononL 0.004 0.511048 -0.133488 -0.00889556 0
0 8959 phononL 0.004 -0.646422 0.456025 0.0139427 0
0 8960 phononL 0.004 1.86554 1.75076 0.015199 0
0 8961 phononL 0.004 -1.59445 -1.87113 -0.0155041 0
0 8962 phononL 0.004 -1.03043 -0.908014 -0.00692349 0
0 8963 phononL 0.004 2.16832 1.61253 -0.0216052 0
0 8964 phononL 0.004 -0.990467 -2.03781 -0.0255367 0
0 8965 phononL 0.004 -1.03332 1.18532 0.00371821 0
0 8966 phononL 0.004 -1.65122 0.0547485 -0.00652292 0
0 8967 phononL 0.004 2.10364 1.53987 -0.0189847 0
0 8968 phononL 0.004 -1.81586 0.0559927 0.0202375 0
0 8969 phononL 0.004 -0.44408 0.450913 0.0222412 0
0 8970 phononL 0.004 1.60619 1.31189 0.00979424 0
0 8971 phononL 0.004 -0.582306 -1.6181 -0.0252422 0
0 8972 phononL 0.004 0.423386 -1.03764 -0.0268329 0
0 8973 phononL 0.004 1.31495 -0.52916 0.0235776 0
0 8974 phononL 0.004 -2.07577 1.94227 -0.00512168 0
0 8975 phononL 0.004 0.916178 -1.2401 -0.0275295 0
0 8976 phononL 0.004 1.51441 0.751769 0.0315013 0
0 8977 phononL 0.004 1.9592 -1.43654 -0.0377429 0
0 8978 phononL 0.004 -0.769551 0.69374 -0.00139647 0
0 8979 phononL 0.004 -0.762699 -1.84967 -0.0202246 0
0 8980 phononL 0.004 2.19023 -0.168669 -0.00127662 0
0 8981 phononL 0.004 -0.248227 1.42477 0.00101393 0
0 8982 phononL 0.004 -1.82532 -0.594733 0.0108116 0
0 8983 phononL 0.004 0.568224 -0.96911 0.0175005 0
0 8984 phononL 0.004 -0.580515 1.03009 -0.0116074 0
0 8985 phononL 0.004 -1.86924 -1.51667 -0.0129481 0
0 8986 phononL 0.004 -1.58211 -0.63495 0.0180188 0
0 8987 phononL 0.004 -1.7786 -1.76304 0.0160334 0
0 8988 phononL 0.004 1.20946 -1.96112 0.00423858 0
0 8989 phononL 0.004 0.648706 -1.27083 0.0256407 0
0 8990 phononL 0.004 -0.0650917 0.640122 0.00433273 0
0 8991 phononL 0.004 0.682903 -1.04453 -0.0339712 0
0 8992 phononL 0.004 0.34842 0.388971 -0.00585275 0
0 8993 phononL 0.004 -1.39635 0.0543019 -0.0338631 0
0 8994 phononL 0.004 -0.55906 2.02949 0.0261592 0
0 8995 phononL 0.004 0.930456 -0.892342 0.0286301 0
0 8996 phononL 0.004 1.51383 -2.00207 0.0209266 0
0 8997 phononL 0.004 -2.08098 -0.546269 -0.0268133 0
0 8998 phononL 0.004 1.09807 1.40238 -0.00361043 0
0 8999 phononL 0.004 -1.81648 2.02207 0.0288182 0
0 9000 phononL 0.004 -0.153381 -1.78261 -0.0323535 0
0 9001 phononL 0.004 0.476674 2.04134 -0.0277485 0
0 9002 phononL 0.004 -1.45016 0.836401 0.0375182 0
0 9003 phononL 0.004 -0.9248 0.062773 0.00236911 0
0 9004 phononL 0.004 1.69439 0.255078 -0.031897 0
0 9005 phononL 0.004 0.496353 -0.200812 -0.0329364 0
0 9006 phononL 0.004 0.806385 -0.472304 0.0210312 0
0 9007 phononL 0.004 -1.47004 -1.96692 0.0127642 0
0 9008 phononL 0.004 -1.32811 0.540663 -0.0158352 0
0 9009 phononL 0.004 -1.13091 -2.16786 0.0249684 0
0 9010 phononL 0.004 2.09113 1.75942 0.0283035 0
0 9011 phononL 0.004 1.85612 -0.333669 -0.022088 0
0 9012 phononL 0.004 -0.437501 1.23178 0.0270117 0
0 9013 phononL 0.004 -1.15714 -1.60288 0.0285406 0
0 9014 phononL 0.004 -1.09778 -1.71618 -0.039979 0
0 9015 phononL 0.004 1.54428 0.240073 -0.0201809 0
0 9016 phononL 0.004 -0.696276 1.34114 0.0161079 0
0 9017 phononL 0.004 1.54033 -0.964413 0.0388065 0
0 9018 phononL 0.004 0.673281 1.64409 -0.0141013 0
0 9019 phononL 0.004 -1.05424 -1.24007 0.0121262 0
0 9020 phononL 0.004 -1.18962 -2.07658 -0.0339679 0
0 9021 phononL 0.004 1.77112 0.683032 -0.0361203 0
0 9022 phononL 0.004 1.54712 0.819 0.00887993 0
0 9023 phononL 0.004 -1.84641 0.612664 0.00642401 0
0 9024 phononL 0.004 1.34931 0.16288 -0.00263489 0
0 9025 phononL 0.004 -0.862973 -0.836035 0.03698 0
0 9026 phononL 0.004 0.204779 -1.543 -0.034287 0
0 9027 phononL 0.004 1.80414 0.702665 -0.0377947 0
0 9028 phononL 0.004 -1.7558 0.255671 0.00955467 0
0 9029 phononL 0.004 1.05856 -1.47903 -0.0123094 0
0 9030 phononL 0.004 -1.97601 -0.983738 -0.0398377 0
0 9031 phononL 0.004 2.19137 -1.64516 0.0217948 0
0 9032 phononL 0.004 -0.36536 -1.1784 -0.0277765 0
0 9033 phononL 0.004 0.62094 -0.915605 -0.0146345 0
0 9034 phononL 0.004 -2.23277 -2.0675 0.014624 0
0 9035 phononL 0.004 -0.204862 0.0495481 -0.0147202 0
0 9036 phononL 0.004 1.643 -0.183266 -0.0382169 0
0 9037 phononL 0.004 2.12795 1.87473 -0.0055518 0
0 9038 phononL 0.004 1.01277 -0.981262 0.01435 0
0 9039 phononL 0.004 -1.07935 -1.9191 -0.015641 0
0 9040 phononL 0.004 1.39586 0.685119 -0.035292 0
0 9041 phononL 0.004 0.888742 1.10489 0.027575 0
0 9042 phononL 0.004 2.13362 0.0497589 -0.0395137 0
0 9043 phononL 0.004 -1.77063 1.66886 -0.0283669 0
0 9044 phononL 0.004 1.04083 -0.964372 -0.0368792 0
0 9045 phononL 0.004 0.894084 -2.14016 0.0308647 0
0 9046 phononL 0.004 0.23233 -0.153435 0.0385646 0
0 9047 phononL 0.004 -1.12867 1.35456 -0.0289083 0
0 9048 phononL 0.004 -1.19962 0.767239 -0.0251241 0
0 9049 phononL 0.004 0.797191 -1.18313 -0.0115563 0
0 9050 phononL 0.004 0.94599 -1.7472 0.0314415 0
0 9051 phononL 0.004 0.426214 -1.84381 -0.013528 0
0 9052 phononL 0.004 0.012925 2.22098 0.00568334 0
0 9053 phononL 0.004 1.61723 1.83455 0.036651 0
0 9054 phononL 0.004 -2.1544 0.0888871 0.0244116 0
0 9055 phononL 0.004 -0.676568 -1.84457 0.0331419 0
0 9056 phononL 0.004 0.0359256 -0.842861 -0.0146567 0
0 9057 phononL 0.004 -0.11666 0.916423 0.0203979 0
0 9058 phononL 0.004 -1.12965 -1.58265 -0.0169804 0
0 9059 phononL 0.004 -2.12901 1.56098 0.0104867 0
0 9060 phononL 0.004 2.04694 -0.0191049 0.029016 0
0 9061 phononL 0.004 -1.09909 -1.49351 0.0155828 0
0 9062 phononL 0.004 2.00158 2.05493 -0.0122388 0
0 9063 phononL 0.004 -0.643157 2.04514 -0.0176705 0
0 9064 phononL 0.004 -0.844449 1.60036 -0.00297012 0
0 9065 phononL 0.004 -2.17204 -1.43066 0.0131166 0
0 9066 phononL 0.004 -0.520221 -1.76374 -0.00658303 0
0 9067 phononL 0.004 -1.12406 0.19372 0.00491904 0
0 9068 phononL 0.004 1.88573 -0.934997 -0.00640371 0
0 9069 phononL 0.004 -1.00201 1.81009 -0.00691394 0
0 9070 phononL 0.004 -0.505424 1.05225 -0.00585316 0
0 9071 phononL 0.004 -0.805487 -0.401029 -0.0154442 0
0 9072 phononL 0.004 1.13563 0.379613 0.0198835 0
0 9073 phononL 0.004 -1.57516 -1.74747 -0.00368074 0
0 9074 phononL 0.004 -0.454237 -2.20138 -0.0250527 0
0 9075 phononL 0.004 -0.139397 0.797165 0.00222694 0
0 9076 phononL 0.004 -0.7148 -1.89045 -0.000127085 0
0 9077 phononL 0.004 -1.6538 -0.0886512 0.000259159 0
0 9078 phononL 0.004 -0.71454 0.65462 0.0370071 0
0 9079 phononL 0.004 2.13723 2.02872 -0.0061014 0
0 9080 phononL 0.004 0.394227 -0.418262 -0.0084273 0
0 9081 phononL 0.004 1.60279 -1.49822 0.0363238 0
0 9082 phononL 0.004 -2.1572 0.429485 0.0281019 0
0 9083 phononL 0.004 -0.842557 0.17213 0.0320786 0
0 9084 phononL 0.004 -0.251795 1.51501 -0.0249449 0
0 9085 phononL 0.004 0.83461 -1.41773 0.0107046 0
0 9086 phononL 0.004 0.226423 -0.147238 -0.00041334 0
0 9087 phononL 0.004 2.23445 0.720457 0.0291819 0
0 9088 phononL 0.004 0.663607 0.703176 0.0282832 0
0 9089 phononL 0.004 -0.402671 1.14649 0.00717088 0
0 9090 phononL 0.004 0.529351 1.37142 -0.00906692 0
0 9091 phononL 0.004 -0.501323 1.61215 -0.0348431 0
0 9092 phononL 0.004 -1.95139 -0.767042 0.0020523 0
0 9093 phononL 0.004 0.753321 -1.49144 0.0168441 0
0 9094 phononL 0.004 0.646226 -0.767156 -0.0016634 0
0 9095 phononL 0.004 -2.16516 0.493215 0.0179252 0
0 9096 phononL 0.004 -1.24663 1.76512 -0.00751151 0
0 9097 phononL 0.004 0.695736 -1.57912 0.014784 0
0 9098 phononL 0.004 -1.60534 1.58022 0.0229693 0
0 9099 phononL 0.004 -0.328631 0.671851 -0.0241258 0
0 9100 phononL 0.004 0.609909 0.97897 0.00327693 0
0 9101 phononL 0.004 1.65058 1.15877 0.020942 0
0 9102 phononL 0.004 1.20841 -1.26193 -0.0315516 0
0 9103 phononL 0.004 -0.562443 -1.52358 0.0219828 0
0 9104 phononL 0.004 -0.810828 1.47522 0.0397329 0
0 9105 phononL 0.004 -0.572505 -1.83637 -0.00826679 0
0 9106 phononL 0.004 1.29631 -0.558369 0.00619279 0
0 9107 phononL 0.004 -1.19999 1.83732 0.00114411 0
0 9108 phononL 0.004 -2.09266 -2.04804 0.014262 0
0 9109 phononL 0.004 1.48365 -2.08082 -0.0204376 0
0 9110 phononL 0.004 -2.03438 -0.155342 0.00148538 0
0 9111 phononL 0.004 -0.940289 -0.963065 -0.0119987 0
0 9112 phononL 0.004 1.22223 0.488898 0.0139097 0
0 9113 phononL 0.004 0.272108 0.0916865 -0.00299513 0
0 9114 phononL 0.004 -1.07802 0.0174822 -0.0179242 0
0 9115 phononL 0.004 -1.02188 1.06999 -0.00767198 0
0 9116 phononL 0.004 1.63553 -0.620019 -0.0304082 0
0 9117 phononL 0.004 2.04267 1.55231 0.0147033 0
0 9118 phononL 0.004 -1.04767 1.19279 -0.0362497 0
0 9119 phononL 0.004 0.67034 -1.69016 0.0340948 0
0 9120 phononL 0.004 -0.886601 0.221208 0.0221311 0
0 9121 phononL 0.004 1.23889 -0.807664 -0.0017165 0
0 9122 phononL 0.004 1.54192 1.57254 -0.022927 0
0 9123 phononL 0.004 -1.48046 1.56602 0.00569024 0
0 9124 phononL 0.004 1.80724 1.205 -0.016976 0
0 9125 phononL 0.004 -0.61425 -1.16137 0.0312133 0
0 9126 phononL 0.004 -1.77984 -0.873164 -0.0252267 0
0 9127 phononL 0.004 -0.22839 -1.5153 -0.0237258 0
0 9128 phononL 0.004 -2.07473 1.49679 -0.0392734 0
0 9129 phononL 0.004 0.699118 -0.501724 -0.0121004 0
0 9130 phononL 0.004 -0.311678 -0.399706 -0.0153686 0
0 9131 phononL 0.004 -0.869024 -1.74951 -0.0399775 0
0 9132 phononL 0.004 -1.68581 -1.20949 0.0253745 0
0 9133 phononL 0.004 -1.14587 -1.41501 -0.0246109 0
0 9134 phononL 0.004 0.201505 -0.719382 -0.0393696 0
0 9135 phononL 0.004 2.21235 0.763303 0.0297485 0
0 9136 phononL 0.004 -1.13166 -1.13832 -0.0363811 0
0 9137 phononL 0.004 1.0716 1.62452 -0.0308888 0
0 9138 phononL 0.004 -0.606792 1.37358 0.0178967 0
0 9139 phononL 0.004 -0.055723 1.81554 0.00476904 0
0 9140 phononL 0.004 1.0039 1.70973 0.00702499 0
0 9141 phononL 0.004 -1.82986 0.0224624 0.0104428 0
0 9142 phononL 0.004 -0.80484 -0.211 -0.0338123 0
0 9143 phononL 0.004 -1.29091 -1.78774 0.0109461 0
0 9144 phononL 0.004 0.67549 -0.55393 0.0244987 0
0 9145 phononL 0.004 -1.97964 2.02015 -0.0373864 0
0 9146 phononL 0.004 -1.51332 -1.14244 -0.0113229 0
0 9147 phononL 0.004 -0.149682 1.21488 -0.0393905 0
0 9148 phononL 0.004 1.01541 -0.103481 0.0212904 0
0 9149 phononL 0.004 -0.425438 -1.33249 -0.0101898 0
0 9150 phononL 0.004 0.0715886 -1.9842 0.0109558 0
0 9151 phononL 0.004 1.55428 1.60765 0.0010259 0
0 9152 phononL 0.004 -1.19052 -1.1301 0.00998562 0
0 9153 phononL 0.004 1.84279 -0.692473 -0.0253122 0
0 9154 phononL 0.004 1.33009 -0.721163 0.0295729 0
0 9155 phononL 0.004 -2.07086 0.872141 0.0212789 0
0 9156 phononL 0.004 -1.46208 0.554231 -0.0185937 0
0 9157 phononL 0.004 1.78738 -0.952956 0.031926 0
0 9158 phononL 0.004 0.987066 0.426668 -0.0086739 0
0 9159 phononL 0.004 1.53144 -1.91083 0.012981 0
0 9160 phononL 0.004 -0.37481 -0.65723 0.0190162 0
0 9161 phononL 0.004 0.155907 1.32508 -0.0347383 0
0 9162 phononL 0.004 -1.86822 -1.65453 0.0222614 0
0 9163 phononL 0.004 1.94955 -0.447233 -0.0100025 0
0 9164 phononL 0.004 2.13861 -1.29503 -0.0211161 0
0 9165 phononL 0.004 0.920436 -1.32423 -0.0315342 0
0 9166 phononL 0.004 2.10436 0.396612 0.0313116 0
0 9167 phononL 0.004 1.70795 -0.179114 0.0392818 0
0 9168 phononL 0.004 0.692117 -0.663975 0.0247138 0
0 9169 phononL 0.004 -2.15807 -2.01813 -0.00712005 0
0 9170 phononL 0.004 1.05615 -0.531596 -0.0090493 0
0 9171 phononL 0.004 0.254602 -1.07567 -0.0249794 0
0 9172 phononL 0.004 1.26864 1.14333 -0.0259763 0
0 9173 phononL 0.004 0.506572 0.608556 0.00741155 0
0 9174 phononL 0.004 2.05295 -0.796905 -0.00986996 0
0 9175 phononL 0.004 -0.936461 0.694501 -0.0105608 0
0 9176 phononL 0.004 -2.07494 1.43853 0.0398902 0
0 9177 phononL 0.004 0.482556 -0.207527 -0.00887733 0
0 9178 phononL 0.004 0.477278 0.985108 -0.0042953 0
0 9179 phononL 0.004 1.33429 1.37365 0.00827948 0
0 9180 phononL 0.004 -0.208995 -1.07515 -0.0340274 0
0 9181 phononL 0.004 -2.01965 -0.983594 0.0342008 0
0 9182 phononL 0.004 1.18131 0.349208 0.0309608 0
0 9183 phononL 0.004 -1.20794 -1.48635 0.0395937 0
0 9184 phononL 0.004 0.423259 -1.40649 0.023548 0
0 9185 phononL 0.004 0.819364 -1.22591 -0.0319059 0
0 9186 phononL 0.004 -1.40585 2.04958 0.0333541 0
0 9187 phononL 0.004 -1.43901 -1.61606 -0.0329184 0
0 9188 phononL 0.004 -0.422011 0.622393 0.0270377 0
0 9189 phononL 0.004 0.420942 1.49693 0.0116817 0
0 9190 phononL 0.004 0.834507 0.797666 -0.00536557 0
0 9191 phononL 0.004 0.460736 -1.08441 -0.0102722 0
0 9192 phononL 0.004 1.34325 -1.42559 -0.0092305 0
0 9193 phononL 0.004 1.26246 -0.857706 0.0155033 0
0 9194 phononL 0.004 -0.541674 0.579584 -0.0154002 0
0 9195 phononL 0.004 0.0578222 -0.344611 -0.0207818 0
0 9196 phononL 0.004 0.0657582 2.11632 -0.033071 0
0 9197 phononL 0.004 0.204515 -0.318731 -0.0329266 0
0 9198 phononL 0.004 1.02009 1.2421 0.0195253 0
0 9199 phononL 0.004 -0.492618 2.19746 -0.00878505 0
0 9200 phononL 0.004 -0.551957 -0.59042 0.0237513 0
0 9201 phononL 0.004 0.685967 0.594861 -0.0381493 0
0 9202 phononL 0.004 0.689986 0.683807 -0.0165266 0
0 9203 phononL 0.004 0.572474 -1.44289 0.0399111 0
0 9204 phononL 0.004 0.790695 -0.0812355 -0.0156315 0
0 9205 phononL 0.004 -2.08916 -1.19755 0.0140144 0
0 9206 phononL 0.004 -1.74629 1.41001 -0.0346595 0
0 9207 phononL 0.004 -0.160337 -0.559218 0.0200708 0
0 9208 phononL 0.004 1.60213 1.83461 -0.00447899 0
0 9209 phononL 0.004 0.378372 0.226217 -0.00181284 0
0 9210 phononL 0.004 0.324675 0.793224 0.00541078 0
0 9211 phononL 0.004 0.444242 1.88213 -0.00713115 0
0 9212 phononL 0.004 -0.954146 -0.869062 0.00910444 0
0 9213 phononL 0.004 0.314235 0.862522 -0.021015 0
0 9214 phononL 0.004 -0.183125 -0.716438 -0.0105627 0
0 9215 phononL 0.004 1.45159 0.360966 0.0216438 0
0 9216 phononL 0.004 2.15375 0.76859 0.0229913 0
0 9217 phononL 0.004 -0.217427 0.867017 0.0305594 0
0 9218 phononL 0.004 -0.00673149 -2.15224 0.0039867 0
0 9219 phononL 0.004 -0.0754326 1.37233 -0.0277826 0
0 9220 phononL 0.004 0.0745132 -1.76256 -0.0242891 0
0 9221 phononL 0.004 0.576276 -0.778367 -0.0202347 0
0 9222 phononL 0.004 2.18019 -1.94809 0.0327077 0
0 9223 phononL 0.004 -1.14677 -1.20395 0.0186162 0
0 9224 phononL 0.004 -1.02734 2.06282 -0.0276539 0
0 9225 phononL 0.004 0.118369 -1.12286 -0.00532226 0
0 9226 phononL 0.004 -0.867252 1.94756 0.00824842 0
0 9227 phononL 0.004 0.519472 1.23709 0.0319631 0
0 9228 phononL 0.004 0.0705112 -2.0971 0.0317661 0
0 9229 phononL 0.004 0.266281 0.0230452 0.0354612 0
0 9230 phononL 0.004 0.690341 -0.29281 0.00274429 0
0 9231 phononL 0.004 -1.9735 -0.676394 -0.0309633 0
0 9232 phononL 0.004 0.700212 -0.424292 -0.0185565 0
0 9233 phononL 0.004 -0.0150614 -1.90012 0.0376469 0
0 9234 phononL 0.004 2.20284 -1.57488 0.0207644 0
0 9235 phononL 0.004 -1.8736 1.30727 0.0147288 0
0 9236 phononL 0.004 0.186403 0.857708 -0.00635147 0
0 9237 phononL 0.004 -1.02917 1.01327 -0.0214446 0
0 9238 phononL 0.004 -2.01207 0.480092 0.0114654 0
0 9239 phononL 0.004 0.370416 1.61036 0.0329756 0
0 9240 phononL 0.004 1.17192 -1.0597 -0.0158952 0
0 9241 phononL 0.004 1.4816 1.68525 0.0176464 0
0 9242 phononL 0.004 0.316623 -1.59312 -0.0287733 0
0 9243 phononL 0.004 -1.58875 1.52188 0.0139201 0
0 9244 phononL 0.004 -1.24175 -0.774966 -0.0176317 0
0 9245 phononL 0.004 -1.45628 -1.8658 0.0203122 0
0 9246 phononL 0.004 2.14199 0.890632 0.0268556 0
0 9247 phononL 0.004 -1.21142 -0.0913589 -0.027837 0
0 9248 phononL 0.004 1.15531 -1.61187 0.0249348 0
0 9249 phononL 0.004 -1.12018 -2.02213 -0.0228965 0
0 9250 phononL 0.004 0.879245 1.55025 0.0259842 0
0 9251 phononL 0.004 1.64232 2.18964 -0.024424 0
0 9252 phononL 0.004 0.153539 1.42794 0.0355099 0
0 9253 phononL 0.004 -1.80532 0.966019 -0.0298758 0
0 9254 phononL 0.004 0.682975 -1.95298 0.00523573 0
0 9255 phononL 0.004 1.30666 1.56006 0.0375451 0
0 9256 phononL 0.004 -1.45823 -1.41843 -0.0285362 0
0 9257 phononL 0.004 1.66784 2.19542 -0.0132755 0
0 9258 phononL 0.004 -1.49662 1.49462 -0.00168879 0
0 9259 phononL 0.004 1.99264 -0.324224 0.0225035 0
0 9260 phononL 0.004 1.75368 0.371169 -0.00845359 0
0 9261 phononL 0.004 1.8158 -1.98295 -0.0196928 0
0 9262 phononL 0.004 -1.70082 -2.11171 -0.00921042 0
0 9263 phononL 0.004 0.704152 -0.87613 0.0390328 0
0 9264 phononL 0.004 2.17828 0.336525 -0.0228884 0
0 9265 phononL 0.004 -1.81262 1.2187 -0.0180492 0
0 9266 phononL 0.004 -1.17896 0.627008 -0.00989315 0
0 9267 phononL 0.004 -1.49726 0.126102 0.00395325 0
0 9268 phononL 0.004 1.76127 -1.30777 -0.00885546 0
0 9269 phononL 0.004 1.62326 1.03912 -0.0170157 0
0 9270 phononL 0.004 1.01706 -2.20969 -0.0394466 0
0 9271 phononL 0.004 -0.98324 0.863313 0.039637 0
0 9272 phononL 0.004 -1.89115 -0.832826 -0.0193268 0
0 9273 phononL 0.004 0.22012 0.032211 -0.0168964 0
0 9274 phononL 0.004 1.19926 1.85342 0.0249497 0
0 9275 phononL 0.004 2.07812 -1.37818 0.000607003 0
0 9276 phononL 0.004 1.26509 -2.17396 -0.00340311 0
0 9277 phononL 0.004 -0.34719 0.749362 -0.0164555 0
0 9278 phononL 0.004 1.86707 -0.685382 -0.038362 0
0 9279 phononL 0.004 1.03999 -1.39288 0.00118179 0
0 9280 phononL 0.004 -1.23469 -1.42358 -0.0219841 0
0 9281 phononL 0.004 1.67408 -1.84074 -0.0302871 0
0 9282 phononL 0.004 -0.430744 -1.96526 -0.0232716 0
0 9283 phononL 0.004 1.1569 -1.70368 -0.0323097 0
0 9284 phononL 0.004 1.98951 1.1562 0.0176596 0
0 9285 phononL 0.004 0.741171 1.10368 -0.0185959 0
0 9286 phononL 0.004 2.10542 -1.1923 -0.00383426 0
0 9287 phononL 0.004 -1.52015 -0.422847 -0.0324501 0
0 9288 phononL 0.004 0.0503959 0.248204 0.027843 0
0 9289 phononL 0.004 1.65023 1.03484 -0.0313224 0
0 9290 phononL 0.004 1.91772 -0.511732 -0.0170128 0
0 9291 phononL 0.004 -1.99562 -0.654511 -0.0218252 0
0 9292 phononL 0.004 -1.11021 1.33655 -0.00855883 0
0 9293 phononL 0.004 0.662541 -0.0991863 -0.0245504 0
0 9294 phononL 0.004 -1.99331 1.4928 0.036679 0
0 9295 phononL 0.004 -2.03627 -1.63159 0.0260843 0
0 9296 phononL 0.004 -2.17522 -1.71761 0.00966563 0
0 9297 phononL 0.004 1.63383 -0.14233 -0.0175321 0
0 9298 phononL 0.004 1.66481 1.98931 0.0201332 0
0 9299 phononL 0.004 1.87025 1.60731 -0.0224037 0
0 9300 phononL 0.004 0.087904 -2.14221 -0.00756248 0
0 9301 phononL 0.004 1.76396 -1.02473 0.0340201 0
0 9302 phononL 0.004 -0.75297 0.386676 0.0345074 0
0 9303 phononL 0.004 -1.21987 -0.742012 -0.0148993 0
0 9304 phononL 0.004 -1.02113 -0.273899 -0.0376578 0
0 9305 phononL 0.004 -2.21255 1.36608 0.005965 0
0 9306 phononL 0.004 1.59606 2.13897 -0.0132894 0
0 9307 phononL 0.004 -1.03651 1.01331 0.0303141 0
0 9308 phononL 0.004 1.26505 -2.19792 -0.0259046 0
0 9309 phononL 0.004 1.473 2.21273 -0.0187052 0
0 9310 phononL 0.004 0.794435 -1.75291 -0.0109153 0
0 9311 phononL 0.004 1.92831 -1.87624 -0.0277076 0
0 9312 phononL 0.004 0.35883 0.909626 -0.0341864 0
0 9313 phononL 0.004 -0.342363 1.04871 -0.01975 0
0 9314 phononL 0.004 0.115696 0.81488 -0.00948065 0
0 9315 phononL 0.004 -0.298767 -0.433259 0.0397288 0
0 9316 phononL 0.004 -0.0176287 0.99075 0.0269261 0
0 9317 phononL 0.004 0.541079 0.70376 0.0395224 0
0 9318 phononL 0.004 1.16968 -1.40354 -0.00551751 0
0 9319 phononL 0.004 1.89748 0.168564 -0.0252001 0
0 9320 phononL 0.004 -1.69633 -0.543112 0.0353532 0
0 9321 phononL 0.004 1.40341 -1.0234 -0.0157349 0
0 9322 phononL 0.004 0.16394 -1.16982 0.0273781 0
0 9323 phononL 0.004 -0.784528 -0.485457 0.00587397 0
0 9324 phononL 0.004 -1.33265 1.40187 -0.0392481 0
0 9325 phononL 0.004 0.212167 1.05997 0.00370195 0
0 9326 phononL 0.004 -0.462022 -1.59007 -0.0017921 0
0 9327 phononL 0.004 0.760218 -0.387597 0.0222941 0
0 9328 phononL 0.004 -0.314082 -0.590343 0.0374155 0
0 9329 phononL 0.004 -1.11176 0.530097 -0.0265023 0
0 9330 phononL 0.004 1.23215 2.02887 0.00177759 0
0 9331 phononL 0.004 0.376477 1.40027 -0.0308499 0
0 9332 phononL 0.004 1.68793 -2.14608 -0.0321821 0
0 9333 phononL 0.004 -2.07614 -0.719064 0.0134439 0
0 9334 phononL 0.004 -1.72895 -2.15421 -0.00685764 0
0 9335 phononL 0.004 -0.54316 0.532564 0.0309744 0
0 9336 phononL 0.004 1.5067 -0.865519 -0.00953818 0
0 9337 phononL 0.004 1.91108 -1.2542 0.0266261 0
0 9338 phononL 0.004 -1.84824 1.01175 0.00100395 0
0 9339 phononL 0.004 0.562306 0.0560603 -0.0306772 0
0 9340 phononL 0.004 -0.314544 1.88875 0.026349 0
0 9341 phononL 0.004 -2.01018 -0.429656 0.0295476 0
0 9342 phononL 0.004 -2.09704 -1.46166 0.0305424 0
0 9343 phononL 0.004 -1.43201 1.11907 0.00426911 0
0 9344 phononL 0.004 0.0245223 -0.985035 0.00611596 0
0 9345 phononL 0.004 0.559532 0.219199 -0.0262957 0
0 9346 phononL 0.004 2.16496 -1.95772 0.0233009 0
0 9347 phononL 0.004 -0.661368 -1.11546 0.00683376 0
0 9348 phononL 0.004 -1.21292 -2.12174 -0.0290539 0
0 9349 phononL 0.004 0.630793 0.68926 0.0339471 0
0 9350 phononL 0.004 -0.151351 1.42125 -0.0149734 0
0 9351 phononL 0.004 -2.08299 -1.19673 0.0287104 0
0 9352 phononL 0.004 0.857645 -1.93881 -0.0113763 0
0 9353 phononL 0.004 -0.550436 1.51025 -0.0275253 0
0 9354 phononL 0.004 -0.712911 -0.17926 0.0379349 0
0 9355 phononL 0.004 -0.925909 0.549866 -0.00378934 0
0 9356 phononL 0.004 -1.69656 0.953776 -0.0276281 0
0 9357 phononL 0.004 -0.0702511 -0.92947 -0.0347392 0
0 9358 phononL 0.004 0.0752563 -1.75275 0.0361611 0
0 9359 phononL 0.004 -1.96313 0.0174797 0.026854 0
0 9360 phononL 0.004 -2.07995 1.20483 0.0191753 0
0 9361 phononL 0.004 -0.206867 -1.00663 -0.000970756 0
0 9362 phononL 0.004 2.20189 0.734682 0.00431507 0
0 9363 phononL 0.004 1.06669 -0.143725 -0.00486055 0
0 9364 phononL 0.004 -1.59545 0.85594 0.00094357 0
0 9365 phononL 0.004 -1.35693 0.384137 0.0238943 0
0 9366 phononL 0.004 0.0846603 -1.38389 0.0282231 0
0 9367 phononL 0.004 0.712033 -0.119097 0.0216245 0
0 9368 phononL 0.004 -0.428512 0.999635 -0.038001 0
0 9369 phononL 0.004 1.84145 -1.06072 0.0295998 0
0 9370 phononL 0.004 -0.874831 1.61705 0.0231313 0
0 9371 phononL 0.004 0.616452 1.01965 0.0294133 0
0 9372 phononL 0.004 2.03134 0.871187 0.00964013 0
0 9373 phononL 0.004 0.174938 0.473865 0.0311165 0
0 9374 phononL 0.004 -1.63724 -0.727321 0.0289741 0
0 9375 phononL 0.004 -0.722216 2.05066 -0.00372919 0
0 9376 phononL 0.004 1.74249 -2.20951 0.0315605 0
0 9377 phononL 0.004 -1.31202 0.0267502 -0.0237705 0
0 9378 phononL 0.004 1.58624 -1.86728 -0.039144 0
0 9379 phononL 0.004 -1.40275 -1.92478 0.0249752 0
0 9380 phononL 0.004 1.17113 -0.227443 -0.0115871 0
0 9381 phononL 0.004 -1.90697 1.45567 0.024354 0
0 9382 phononL 0.004 -0.0663562 1.98629 0.0101455 0
0 9383 phononL 0.004 1.51013 1.74965 0.02988 0
0 9384 phononL 0.004 -0.586289 -1.00332 -0.0396268 0
0 9385 phononL 0.004 2.13044 -0.823101 0.0116891 0
0 9386 phononL 0.004 -0.561576 0.497315 0.0107892 0
0 9387 phononL 0.004 0.263014 -0.603349 -0.00736027 0
0 9388 phononL 0.004 -0.501253 -1.32939 0.0119905 0
0 9389 phononL 0.004 -0.334373 1.37398 -0.0215536 0
0 9390 phononL 0.004 1.16269 0.568972 0.0342223 0
0 9391 phononL 0.004 -1.28085 1.79092 0.00333538 0
0 9392 phononL 0.004 1.86209 0.946409 0.0199903 0
0 9393 phononL 0.004 -0.0879426 -2.05899 -0.0218023 0
0 9394 phononL 0.004 -1.29136 1.30094 0.0273069 0
0 9395 phononL 0.004 0.843554 0.799683 0.015561 0
0 9396 phononL 0.004 1.8501 0.544134 -0.0158777 0
0 9397 phononL 0.004 -0.219068 0.564849 0.00587615 0
0 9398 phononL 0.004 2.20608 1.93601 -0.000430847 0
0 9399 phononL 0.004 1.7605 2.0131 0.00133836 0
0 9400 phononL 0.004 -1.72414 -2.19745 -0.0132337 0
0 9401 phononL 0.004 1.60253 1.60044 -0.0235955 0
0 9402 phononL 0.004 0.619628 -1.85267 -0.019126 0
0 9403 phononL 0.004 -1.12639 -0.80606 0.0338416 0
0 9404 phononL 0.004 -0.485164 -0.403693 0.000276287 0
0 9405 phononL 0.004 -0.950312 0.605292 0.0317114 0
0 9406 phononL 0.004 1.38271 -1.38762 0.0340272 0
0 9407 phononL 0.004 -2.18696 -1.598 -0.0377027 0
0 9408 phononL 0.004 0.49661 -0.901573 -0.0322921 0
0 9409 phononL 0.004 -0.905807 -2.17264 -0.00624353 0
0 9410 phononL 0.004 0.913274 1.39831 0.0171541 0
0 9411 phononL 0.004 0.668843 -0.0563891 0.0194604 0
0 9412 phononL 0.004 0.709077 -1.45378 0.0342072 0
0 9413 phononL 0.004 -1.3742 -0.434617 0.0283568 0
0 9414 phononL 0.004 -0.718976 -1.87003 -0.0153401 0
0 9415 phononL 0.004 0.429312 1.37376 -0.0362227 0
0 9416 phononL 0.004 0.392934 -0.771195 -0.0100841 0
0 9417 phononL 0.004 1.29473 -2.14833 -0.00768153 0
0 9418 phononL 0.004 1.50776 -1.71343 0.039643 0
0 9419 phononL 0.004 1.13617 -2.01257 -0.0374903 0
0 9420 phononL 0.004 -2.08426 1.7298 -0.0135271 0
0 9421 phononL 0.004 1.10343 1.1607 -0.0167423 0
0 9422 phononL 0.004 0.031683 0.442641 0.0135652 0
0 9423 phononL 0.004 0.118065 -1.18699 0.0146144 0
0 9424 phononL 0.004 -1.4846 -1.85098 -0.00574901 0
0 9425 phononL 0.004 -1.85354 -1.96463 0.0127959 0
0 9426 phononL 0.004 1.13304 0.00800093 -0.0183756 0
0 9427 phononL 0.004 0.61064 -1.22106 -0.00567668 0
0 9428 phononL 0.004 -0.371163 0.843487 -0.020344 0
0 9429 phononL 0.004 -1.18397 -0.535272 0.0377537 0
0 9430 phononL 0.004 0.467901 0.683404 0.0252913 0
0 9431 phononL 0.004 -0.576595 1.52151 -0.0307436 0
0 9432 phononL 0.004 1.4565 1.07606 -0.0114648 0
0 9433 phononL 0.004 0.829531 1.05211 0.0361611 0
0 9434 phononL 0.004 -1.09403 1.89962 0.0179616 0
0 9435 phononL 0.004 2.03418 -1.84442 -0.0252237 0
0 9436 phononL 0.004 -0.638343 1.64987 -0.0355003 0
0 9437 phononL 0.004 -1.67458 1.70404 -0.0368503 0
0 9438 phononL 0.004 -1.20368 2.1393 0.0253379 0
0 9439 phononL 0.004 0.957376 -1.2706 -0.00819226 0
0 9440 phononL 0.004 0.333662 -0.60919 0.0245143 0
0 9441 phononL 0.004 1.20362 -0.420233 -0.0216147 0
0 9442 phononL 0.004 -1.41713 0.956386 0.0101449 0
0 9443 phononL 0.004 1.58741 -2.11545 0.0272947 0
0 9444 phononL 0.004 -1.15671 -0.692607 0.0112311 0
0 9445 phononL 0.004 -1.83826 1.11807 0.000843759 0
0 9446 phononL 0.004 -0.513622 0.712145 -0.039397 0
0 9447 phononL 0.004 1.57649 0.603707 -0.0398964 0
0 9448 phononL 0.004 1.00278 -1.78611 -0.0198153 0
0 9449 phononL 0.004 2.21863 -1.85674 0.0100106 0
0 9450 phononL 0.004 0.573413 -0.571854 0.0155594 0
0 9451 phononL 0.004 -1.00388 -1.17595 0.0234876 0
0 9452 phononL 0.004 0.614356 -1.26711 -0.00828221 0
0 9453 phononL 0.004 1.03524 -1.1929 -0.0177902 0
0 9454 phononL 0.004 1.37901 1.67789 -0.0040745 0
0 9455 phononL 0.004 1.60263 -2.03739 0.0247782 0
0 9456 phononL 0.004 1.72791 1.31082 0.0230538 0
0 9457 phononL 0.004 -0.868184 2.04781 -0.024678 0
0 9458 phononL 0.004 2.07378 1.42669 -0.0212811 0
0 9459 phononL 0.004 1.81927 -0.144419 0.0139297 0
0 9460 phononL 0.004 1.68789 -1.09363 0.00123844 0
0 9461 phononL 0.004 -0.394771 1.28829 0.0147373 0
0 9462 phononL 0.004 -1.34623 1.34941 0.0280578 0
0 9463 phononL 0.004 -0.208483 0.740472 -0.0366394 0
0 9464 phononL 0.004 0.42283 -1.4548 0.0363413 0
0 9465 phononL 0.004 2.11047 -1.90807 0.0157853 0
0 9466 phononL 0.004 -0.0518032 -2.09508 0.011163 0
0 9467 phononL 0.004 1.34467 -0.599875 0.0063784 0
0 9468 phononL 0.004 2.11073 1.39859 -0.0377967 0
0 9469 phononL 0.004 0.627163 -1.05784 -0.0365369 0
0 9470 phononL 0.004 -0.781264 -0.847367 0.0103533 0
0 9471 phononL 0.004 -1.14166 0.607917 0.0128526 0
0 9472 phononL 0.004 1.23841 -1.86179 -0.00420207 0
0 9473 phononL 0.004 1.37073 1.08449 0.036132 0
0 9474 phononL 0.004 -0.26758 -1.21409 0.0308366 0
0 9475 phononL 0.004 -0.404159 -1.89276 0.00687422 0
0 9476 phononL 0.004 -0.38902 0.741287 -0.0163487 0
0 9477 phononL 0.004 0.68465 0.851492 0.0357595 0
0 9478 phononL 0.004 0.994048 -0.0212603 0.0338714 0
0 9479 phononL 0.004 -1.22597 1.74628 0.0294829 0
0 9480 phononL 0.004 -0.214039 -1.72737 -0.0376377 0
0 9481 phononL 0.004 0.560088 0.519072 0.0388786 0
0 9482 phononL 0.004 -1.56954 -1.22412 -0.0350359 0
0 9483 phononL 0.004 -1.04218 -1.96871 0.0317242 0
0 9484 phononL 0.004 -1.66102 -1.76196 0.0178108 0
0 9485 phononL 0.004 2.03003 -0.33558 0.0389467 0
0 9486 phononL 0.004 -0.745134 -2.09662 -0.0365286 0
0 9487 phononL 0.004 0.745256 -0.866071 0.00437889 0
0 9488 phononL 0.004 -0.246431 1.70423 -0.0296715 0
0 9489 phononL 0.004 2.18857 0.90549 -0.0269221 0
0 9490 phononL 0.004 -1.06444 0.153912 0.000757404 0
0 9491 phononL 0.004 -0.769362 -0.908688 -0.0331505 0
0 9492 phononL 0.004 0.719383 -1.20361 -0.0163882 0
0 9493 phononL 0.004 1.76884 -1.18333 -0.0234418 0
0 9494 phononL 0.004 -1.69111 -2.05096 -0.037856 0
0 9495 phononL 0.004 0.857498 -0.52027 -0.0239495 0
0 9496 phononL 0.004 -1.4334 -2.14748 -0.0197149 0
0 9497 phononL 0.004 -1.42691 -0.948382 0.0244665 0
0 9498 phononL 0.004 -1.56827 -1.48085 -0.020429 0
0 9499 phononL 0.004 0.396367 0.521368 0.0210335 0
0 9500 phononL 0.004 2.11821 -1.08381 0.0223553 0
0 9501 phononL 0.004 -1.21128 0.1391 -0.00412976 0
0 9502 phononL 0.004 -1.76576 0.322199 0.0297405 0
0 9503 phononL 0.004 1.52686 -2.13725 0.0278262 0
0 9504 phononL 0.004 -0.464857 -0.529358 -0.0111877 0
0 9505 phononL 0.004 -0.450509 0.683684 0.00470712 0
0 9506 phononL 0.004 -0.434375 -1.92925 -0.0294342 0
0 9507 phononL 0.004 -0.616547 0.793917 0.0317853 0
0 9508 phononL 0.004 1.62503 -0.545373 -0.0257005 0
0 9509 phononL 0.004 -0.630035 2.12725 0.0267583 0
0 9510 phononL 0.004 0.922111 -1.2102 0.0184988 0
0 9511 phononL 0.004 1.3067 1.98432 0.0144851 0
0 9512 phononL 0.004 1.09314 0.513644 0.0356787 0
0 9513 phononL 0.004 -1.39507 -1.45396 -0.000359182 0
0 9514 phononL 0.004 1.62666 1.33541 -0.0392265 0
0 9515 phononL 0.004 0.648185 -1.13588 0.0238802 0
0 9516 phononL 0.004 -1.92007 -0.12615 0.0235753 0
0 9517 phononL 0.004 2.16956 1.87509 -0.039617 0
0 9518 phononL 0.004 1.99963 -0.603462 0.0356773 0
0 9519 phononL 0.004 -0.241974 1.95977 -0.0218722 0
0 9520 phononL 0.004 -0.846323 0.719765 -0.0386233 0
0 9521 phononL 0.004 -2.17354 1.11706 0.03824 0
0 9522 phononL 0.004 -1.25998 0.891718 0.0340186 0
0 9523 phononL 0.004 -1.32065 -0.0484625 0.0337356 0
0 9524 phononL 0.004 0.939594 0.0520789 0.0253153 0
0 9525 phononL 0.004 1.85841 -2.15043 0.033742 0
0 9526 phononL 0.004 -1.51509 2.08423 0.00843133 0
0 9527 phononL 0.004 -1.44727 -0.0869189 0.00744044 0
0 9528 phononL 0.004 1.15997 0.558741 -0.00556081 0
0 9529 phononL 0.004 -1.55713 -0.766873 0.0266821 0
0 9530 phononL 0.004 -2.00051 -0.744937 -0.0146303 0
0 9531 phononL 0.004 -1.81242 -1.83592 0.0160308 0
0 9532 phononL 0.004 -0.695098 -0.268841 0.0287066 0
0 9533 phononL 0.004 0.672154 0.112363 -0.0322487 0
0 9534 phononL 0.004 -1.80724 -0.644349 -0.0160685 0
0 9535 phononL 0.004 1.32124 1.67312 0.0126624 0
0 9536 phononL 0.004 -2.13801 2.01194 -0.012869 0
0 9537 phononL 0.004 0.97007 1.7863 0.0176505 0
0 9538 phononL 0.004 -1.21405 1.28945 0.0268349 0
0 9539 phononL 0.004 -0.97084 -2.07846 0.0197573 0
0 9540 phononL 0.004 -1.75768 -0.377559 0.000921279 0
0 9541 phononL 0.004 1.91611 2.10263 0.0365922 0
0 9542 phononL 0.004 1.3949 0.650236 0.0246373 0
0 9543 phononL 0.004 0.422798 -1.23419 -0.0265837 0
0 9544 phononL 0.004 0.45436 -1.34925 -0.0216904 0
0 9545 phononL 0.004 -0.610115 -1.10736 0.00602475 0
0 9546 phononL 0.004 2.19741 -0.912638 -0.0263795 0
0 9547 phononL 0.004 0.44933 -0.700903 0.021919 0
0 9548 phononL 0.004 -1.86855 -0.423349 -0.0199253 0
0 9549 phononL 0.004 2.08156 -0.365142 0.0248959 0
0 9550 phononL 0.004 -1.8967 -1.09384 0.0220057 0
0 9551 phononL 0.004 1.55735 1.72881 -0.0164081 0
0 9552 phononL 0.004 1.44537 -0.875219 -0.0297516 0
0 9553 phononL 0.004 0.893711 -0.214642 -0.0132637 0
0 9554 phononL 0.004 2.14838 -0.106127 -0.0266757 0
0 9555 phononL 0.004 -1.20391 -1.77532 -0.00680464 0
0 9556 phononL 0.004 1.00991 -0.0605252 -0.00145643 0
0 9557 phononL 0.004 -1.35398 0.0666029 -0.0291258 0
0 9558 phononL 0.004 0.756125 0.750189 -0.0217774 0
0 9559 phononL 0.004 -1.20793 1.99579 -0.0145174 0
0 9560 phononL 0.004 -1.03959 -1.99966 0.0326036 0
0 9561 phononL 0.004 -0.860356 -2.1831 -0.0236418 0
0 9562 phononL 0.004 -1.38832 -1.64672 -0.0343652 0
0 9563 phononL 0.004 2.1686 1.07259 0.0288451 0
0 9564 phononL 0.004 2.23313 -0.469821 0.00269357 0
0 9565 phononL 0.004 -1.63926 0.875892 -0.0121131 0
0 9566 phononL 0.004 2.05822 0.937794 -0.0197493 0
0 9567 phononL 0.004 -1.27939 0.507153 -0.00998875 0
0 9568 phononL 0.004 -1.56705 -1.76489 -0.00269976 0
0 9569 phononL 0.004 -0.842978 0.0300221 0.0167082 0
0 9570 phononL 0.004 0.55462 0.347464 -0.0209918 0
0 9571 phononL 0.004 -1.92249 1.46255 0.0185943 0
0 9572 phononL 0.004 1.35029 -1.28032 -0.0325736 0
0 9573 phononL 0.004 -1.05107 1.2032 0.00860134 0
0 9574 phononL 0.004 -1.11767 0.18328 -0.00730176 0
0 9575 phononL 0.004 -1.46796 -1.39861 -0.0156297 0
0 9576 phononL 0.004 -1.91765 -0.172953 -0.0169714 0
0 9577 phononL 0.004 -0.356903 -0.99045 -0.0197033 0
0 9578 phononL 0.004 -0.336373 1.92895 -0.0354529 0
0 9579 phononL 0.004 -1.62405 0.919504 -0.0373972 0
0 9580 phononL 0.004 -1.85446 -0.234478 -0.0175032 0
0 9581 phononL 0.004 0.00304101 -0.958321 0.00856903 0
0 9582 phononL 0.004 -0.262963 1.32317 -0.014188 0
0 9583 phononL 0.004 0.44442 -1.64503 -0.0275362 0
0 9584 phononL 0.004 -0.0181228 1.03264 0.036722 0
0 9585 phononL 0.004 -0.868818 0.844014 -0.0279687 0
0 9586 phononL 0.004 -2.04617 -1.49408 -0.0267199 0
0 9587 phononL 0.004 0.026406 1.97949 -0.0360643 0
0 9588 phononL 0.004 1.86948 -0.97307 0.0131677 0
0 9589 phononL 0.004 -0.31155 1.86275 -0.0059464 0
0 9590 phononL 0.004 0.562478 0.868278 -0.01896 0
0 9591 phononL 0.004 1.0519 1.16877 -0.0312296 0
0 9592 phononL 0.004 -0.157062 -0.598438 -0.0260281 0
0 9593 phononL 0.004 2.14067 1.48129 -0.00821809 0
0 9594 phononL 0.004 0.631862 1.6847 -0.0392577 0
0 9595 phononL 0.004 -0.953016 -0.676122 -0.0239406 0
0 9596 phononL 0.004 0.985367 -0.682326 0.0350262 0
0 9597 phononL 0.004 1.31465 -1.83872 0.00928998 0
0 9598 phononL 0.004 1.71102 -1.38125 -0.00985002 0
0 9599 phononL 0.004 1.12297 -1.77709 -0.0347354 0
0 9600 phononL 0.004 0.0343941 -0.139152 0.0337468 0
0 9601 phononL 0.004 0.937416 -0.0586798 0.0196151 0
0 9602 phononL 0.004 0.88622 1.18902 0.00566226 0
0 9603 phononL 0.004 -1.39631 2.07423 0.0164702 0
0 9604 phononL 0.004 0.52653 0.36729 0.0350919 0
0 9605 phononL 0.004 1.56025 0.276755 -0.0156696 0
0 9606 phononL 0.004 -0.797125 0.181235 0.0197252 0
0 9607 phononL 0.004 -0.802084 -0.551869 -0.0213617 0
0 9608 phononL 0.004 -0.326035 -0.227324 0.0323943 0
0 9609 phononL 0.004 -2.06504 0.714048 0.0314567 0
0 9610 phononL 0.004 -1.40489 0.500324 0.0257507 0
0 9611 phononL 0.004 -0.692196 -0.22065 -0.00951603 0
0 9612 phononL 0.004 -1.50032 -0.034587 0.012666 0
0 9613 phononL 0.004 -0.225335 -2.014 -0.012827 0
0 9614 phononL 0.004 0.0506176 -0.153239 -0.0381984 0
0 9615 phononL 0.004 0.304235 -0.109231 -0.0086886 0
0 9616 phononL 0.004 -0.245292 1.53611 -0.0203623 0
0 9617 phononL 0.004 -0.184926 2.14316 -0.0221555 0
0 9618 phononL 0.004 -1.88505 1.43662 -0.0227943 0
0 9619 phononL 0.004 -2.22744 1.16423 -0.023491 0
0 9620 phononL 0.004 -1.04422 1.72801 -0.00357472 0
0 9621 phononL 0.004 -1.51678 1.07015 0.0386983 0
0 9622 phononL 0.004 -2.21035 -0.397654 0.0300326 0
0 9623 phononL 0.004 -0.67427 -0.491609 -0.0170849 0
0 9624 phononL 0.004 -0.618358 0.118302 0.0328309 0
0 9625 phononL 0.004 2.07524 1.96131 0.0172875 0
0 9626 phononL 0.004 -0.776883 -0.574936 0.00466462 0
0 9627 phononL 0.004 1.13615 0.469632 0.0349244 0
0 9628 phononL 0.004 0.514494 1.77728 0.0126666 0
0 9629 phononL 0.004 -1.859 -0.807943 -0.0240134 0
0 9630 phononL 0.004 2.09469 -0.933238 0.0337186 0
0 9631 phononL 0.004 -0.914005 1.4849 -0.0290215 0
0 9632 phononL 0.004 -0.992986 -0.702519 -0.0295807 0
0 9633 phononL 0.004 -0.575906 -2.02304 -0.0157821 0
0 9634 phononL 0.004 1.5913 -2.03779 0.0325468 0
0 9635 phononL 0.004 -0.917391 -1.19128 0.0101122 0
0 9636 phononL 0.004 1.24361 0.321071 -0.00752648 0
0 9637 phononL 0.004 0.839122 2.1636 -0.00457819 0
0 9638 phononL 0.004 1.98837 1.91582 0.00772054 0
0 9639 phononL 0.004 -0.382684 -1.72189 0.0329647 0
0 9640 phononL 0.004 0.19745 -0.155868 -0.0142193 0
0 9641 phononL 0.004 1.77815 0.668157 0.0123123 0
0 9642 phononL 0.004 -2.03628 -0.658433 0.0282725 0
0 9643 phononL 0.004 -0.383826 0.0694719 -0.0282018 0
0 9644 phononL 0.004 1.61445 1.40024 -0.0313257 0
0 9645 phononL 0.004 1.39526 1.80796 -0.00222846 0
0 9646 phononL 0.004 1.13033 -1.35596 0.0343431 0
0 9647 phononL 0.004 0.189692 0.429921 0.0184515 0
0 9648 phononL 0.004 0.0553155 0.480691 -0.0363317 0
0 9649 phononL 0.004 2.22181 -0.364302 -0.0135025 0
0 9650 phononL 0.004 1.68601 1.23353 0.0199288 0
0 9651 phononL 0.004 0.79725 -0.974458 -0.0293114 0
0 9652 phononL 0.004 -0.0667386 0.213274 -0.00377365 0
0 9653 phononL 0.004 1.03419 0.300104 0.0203391 0
0 9654 phononL 0.004 -0.847792 0.0573681 -0.0160374 0
0 9655 phononL 0.004 1.61052 -0.0155535 -0.0229056 0
0 9656 phononL 0.004 0.914122 1.55064 0.0395793 0
0 9657 phononL 0.004 -0.290435 -2.07426 0.00594826 0
0 9658 phononL 0.004 -0.760179 0.237927 -0.00146611 0
0 9659 phononL 0.004 1.95881 -1.54198 0.0395758 0
0 9660 phononL 0.004 1.2523 0.713844 -0.00272294 0
0 9661 phononL 0.004 -0.611871 0.202263 0.0298396 0
0 9662 phononL 0.004 -1.10055 0.643046 0.0114011 0
0 9663 phononL 0.004 0.987267 -1.66877 0.0240352 0
0 9664 phononL 0.004 2.22142 1.61033 0.000966729 0
0 9665 phononL 0.004 -0.614762 1.67533 0.00205266 0
0 9666 phononL 0.004 0.691434 -0.290962 0.0301034 0
0 9667 phononL 0.004 -0.523202 0.677608 0.0206693 0
0 9668 phononL 0.004 1.55998 -1.95039 -0.0249126 0
0 9669 phononL 0.004 0.584434 0.526369 -0.00747144 0
0 9670 phononL 0.004 -1.39631 -1.90148 -0.0290433 0
0 9671 phononL 0.004 0.803485 -0.460294 -0.0324199 0
0 9672 phononL 0.004 -1.26803 0.189584 0.0229932 0
0 9673 phononL 0.004 -0.132868 -0.769762 0.0159138 0
0 9674 phononL 0.004 0.656685 -0.187964 0.0152139 0
0 9675 phononL 0.004 -0.728328 1.56592 -0.00550305 0
0 9676 phononL 0.004 2.01095 1.81351 0.0150756 0
0 9677 phononL 0.004 1.02415 2.04241 -0.0112681 0
0 9678 phononL 0.004 -1.59181 0.0619388 -0.0292903 0
0 9679 phononL 0.004 1.282 2.09234 0.014857 0
0 9680 phononL 0.004 -0.557475 0.149956 0.0161137 0
0 9681 phononL 0.004 0.356693 -1.91934 0.00294611 0
0 9682 phononL 0.004 1.63063 0.597185 -0.0338477 0
0 9683 phononL 0.004 0.627912 -1.54535 -0.0135017 0
0 9684 phononL 0.004 1.65605 0.708535 -0.0207179 0
0 9685 phononL 0.004 0.230021 1.57639 -0.0107021 0
0 9686 phononL 0.004 -1.41983 -0.648996 0.00975597 0
0 9687 phononL 0.004 0.115994 1.63705 0.0292144 0
0 9688 phononL 0.004 1.81763 1.05747 0.00259191 0
0 9689 phononL 0.004 -1.82736 1.14808 -0.0319339 0
0 9690 phononL 0.004 0.489108 -0.614487 0.0356253 0
0 9691 phononL 0.004 1.6733 1.07708 0.0298239 0
0 9692 phononL 0.004 0.892886 -1.01746 -0.00135379 0
0 9693 phononL 0.004 -1.14312 1.63845 -0.00224481 0
0 9694 phononL 0.004 1.1043 0.104965 0.0186514 0
0 9695 phononL 0.004 -0.967049 -0.400876 -0.0301215 0
0 9696 phononL 0.004 1.65321 -0.198902 0.0150249 0
0 9697 phononL 0.004 0.153888 0.250688 0.034249 0
0 9698 phononL 0.004 1.13927 -1.75253 0.0372131 0
0 9699 phononL 0.004 0.961524 -0.292599 0.0165432 0
0 9700 phononL 0.004 -1.73277 1.96105 -0.0369702 0
0 9701 phononL 0.004 1.56465 1.92427 -0.0367573 0
0 9702 phononL 0.004 -0.894296 1.46869 0.0154548 0
0 9703 phononL 0.004 -0.257207 0.586166 0.0106048 0
0 9704 phononL 0.004 2.11679 1.1536 -0.0166991 0
0 9705 phononL 0.004 1.85383 -0.845843 -0.00677162 0
0 9706 phononL 0.004 -0.300726 0.273832 -0.0167606 0
0 9707 phononL 0.004 -1.39756 -1.78718 -0.0380371 0
0 9708 phononL 0.004 0.571024 0.624711 0.000745993 0
0 9709 phononL 0.004 0.130182 2.19114 0.033871 0
0 9710 phononL 0.004 -1.41563 1.50477 -0.00784308 0
0 9711 phononL 0.004 -0.282592 0.19121 0.00438671 0
0 9712 phononL 0.004 -0.273283 -1.78551 -0.0249919 0
0 9713 phononL 0.004 1.3921 0.311286 -0.0191023 0
0 9714 phononL 0.004 2.15452 2.20193 -0.0170195 0
0 9715 phononL 0.004 1.85817 0.277251 0.0382262 0
0 9716 phononL 0.004 -0.381198 0.521105 -0.0232286 0
0 9717 phononL 0.004 -0.196819 0.495894 0.0156835 0
0 9718 phononL 0.004 -0.346709 -1.4915 -0.00574952 0
0 9719 phononL 0.004 2.2121 2.06198 -0.0112902 0
0 9720 phononL 0.004 1.59891 -1.55083 -0.0207987 0
0 9721 phononL 0.004 0.565085 -0.0324276 -0.0154009 0
0 9722 phononL 0.004 -1.31775 0.666289 0.0305799 0
0 9723 phononL 0.004 -1.75921 -0.562632 -0.034609 0
0 9724 phononL 0.004 -1.06608 2.08798 -0.00388204 0
0 9725 phononL 0.004 -0.940738 -1.14475 -0.0199135 0
0 9726 phononL 0.004 0.338318 -1.08407 0.0385853 0
0 9727 phononL 0.004 0.156074 1.85744 0.00824139 0
0 9728 phononL 0.004 1.78967 2.18472 0.0281438 0
0 9729 phononL 0.004 1.23904 1.54192 0.0354011 0
0 9730 phononL 0.004 0.462434 1.24303 0.0362046 0
0 9731 phononL 0.004 1.39798 -0.855826 -0.0312964 0
0 9732 phononL 0.004 -0.2545 -1.09549 -0.0294097 0
0 9733 phononL 0.004 -1.01748 0.0340116 -0.0204151 0
0 9734 phononL 0.004 -2.20903 1.51529 0.0105628 0
0 9735 phononL 0.004 0.103452 -1.84098 0.0331351 0
0 9736 phononL 0.004 -0.744719 -1.17837 0.0319885 0
0 9737 phononL 0.004 -1.7032 0.377115 -0.0228598 0
0 9738 phononL 0.004 1.30332 0.704807 -0.0232463 0
0 9739 phononL 0.004 -0.829181 -1.37044 0.0312862 0
0 9740 phononL 0.004 1.77308 0.507934 -0.0187465 0
0 9741 phononL 0.004 -1.54298 1.4926 -0.0229762 0
0 9742 phononL 0.004 -1.36869 0.562831 0.0399958 0
0 9743 phononL 0.004 -1.99374 -0.0243559 0.018688 0
0 9744 phononL 0.004 -1.33357 -0.237241 0.0085955 0
0 9745 phononL 0.004 -1.87811 -1.72132 0.000951466 0
0 9746 phononL 0.004 1.46735 -1.78814 -0.0377298 0
0 9747 phononL 0.004 -1.81667 -0.199473 0.014246 0
0 9748 phononL 0.004 -0.981861 1.72045 0.0266741 0
0 9749 phononL 0.004 0.480198 -0.185609 -0.0360147 0
0 9750 phononL 0.004 2.16007 1.94389 0.0315768 0
0 9751 phononL 0.004 1.16676 -1.42658 -0.0326438 0
0 9752 phononL 0.004 1.62874 0.544831 0.0141955 0
0 9753 phononL 0.004 1.796 -0.234359 0.0100093 0
0 9754 phononL 0.004 -0.781371 0.763599 -0.0194224 0
0 9755 phononL 0.004 1.20533 -0.802584 0.0309436 0
0 9756 phononL 0.004 0.680516 0.812122 -0.0326865 0
0 9757 phononL 0.004 -0.797653 -1.07882 -0.00404097 0
0 9758 phononL 0.004 2.02072 -0.375065 0.0265296 0
0 9759 phononL 0.004 -1.40094 0.443124 -0.0162517 0
0 9760 phononL 0.004 0.620992 -0.640602 -0.0193281 0
0 9761 phononL 0.004 -1.89606 0.268839 -0.00291494 0
0 9762 phononL 0.004 1.17291 -0.140049 0.0258797 0
0 9763 phononL 0.004 -1.06133 -1.62437 0.0308585 0
0 9764 phononL 0.004 -1.47994 0.719257 -0.0285636 0
0 9765 phononL 0.004 0.364214 1.81373 -0.00232459 0
0 9766 phononL 0.004 -0.580325 1.6464 0.0168616 0
0 9767 phononL 0.004 -0.136666 1.00114 0.0196748 0
0 9768 phononL 0.004 0.194915 1.90924 -0.0164743 0
0 9769 phononL 0.004 -1.4424 0.944155 -0.0211979 0
0 9770 phononL 0.004 -1.04851 2.00124 0.0298509 0
0 9771 phononL 0.004 0.994089 -0.345132 0.0286243 0
0 9772 phononL 0.004 -1.43753 0.975583 0.000797226 0
0 9773 phononL 0.004 2.22834 -1.49527 -0.00904222 0
0 9774 phononL 0.004 1.31794 -0.621461 0.0331802 0
0 9775 phononL 0.004 -0.465133 -1.89475 -0.0291981 0
0 9776 phononL 0.004 -0.600667 -2.0496 -0.00450677 0
0 9777 phononL 0.004 0.260748 -0.953999 -0.031141 0
0 9778 phononL 0.004 -0.602864 1.58214 -0.0131621 0
0 9779 phononL 0.004 0.968878 1.40212 0.00939464 0
0 9780 phononL 0.004 2.11134 -0.740877 0.0217447 0
0 9781 phononL 0.004 -0.571863 0.30425 -0.00107872 0
0 9782 phononL 0.004 0.244059 0.177473 0.0302847 0
0 9783 phononL 0.004 2.18952 -0.00155513 0.0372028 0
0 9784 phononL 0.004 0.217601 -1.16324 0.0111599 0
0 9785 phononL 0.004 2.04269 0.263359 -0.0311868 0
0 9786 phononL 0.004 -1.64198 -1.56517 0.000377298 0
0 9787 phononL 0.004 1.25224 -1.49592 -0.0383109 0
0 9788 phononL 0.004 1.61989 -0.532744 0.00912379 0
0 9789 phononL 0.004 1.60846 -2.13121 0.0234151 0
0 9790 phononL 0.004 0.376581 1.17639 0.00944504 0
0 9791 phononL 0.004 -1.3613 -2.23421 0.00483812 0
0 9792 phononL 0.004 0.727963 0.579392 0.0362583 0
0 9793 phononL 0.004 -1.71133 -1.80715 -0.0292973 0
0 9794 phononL 0.004 2.20806 -0.0674191 0.0196394 0
0 9795 phononL 0.004 -0.600943 -2.04103 -0.0396246 0
0 9796 phononL 0.004 -1.64159 0.251124 0.0146889 0
0 9797 phononL 0.004 -0.35354 1.64768 0.022548 0
0 9798 phononL 0.004 1.34679 0.776464 0.0230595 0
0 9799 phononL 0.004 0.867495 1.92392 0.00616004 0
0 9800 phononL 0.004 -0.515685 -0.121729 0.00982396 0
0 9801 phononL 0.004 0.0387833 -1.8798 0.0131972 0
0 9802 phononL 0.004 1.58106 -2.19138 0.0117394 0
0 9803 phononL 0.004 1.60666 -0.182249 0.0197 0
0 9804 phononL 0.004 -1.20244 1.50723 0.0241146 0
0 9805 phononL 0.004 -1.11481 1.48463 -0.0112092 0
0 9806 phononL 0.004 1.70488 0.960652 0.0177553 0
0 9807 phononL 0.004 -0.759548 -1.56538 -0.0311972 0
0 9808 phononL 0.004 2.17185 -1.04245 0.0122201 0
0 9809 phononL 0.004 -0.714745 -2.2317 0.0248884 0
0 9810 phononL 0.004 0.209047 -1.3806 0.0273339 0
0 9811 phononL 0.004 1.39155 1.00902 -0.0218261 0
0 9812 phononL 0.004 1.61378 2.06779 -0.0185735 0
0 9813 phononL 0.004 -1.00011 1.92881 0.0321297 0
0 9814 phononL 0.004 1.06406 -1.86579 0.00205555 0
0 9815 phononL 0.004 -0.205829 0.180305 -0.00153456 0
0 9816 phononL 0.004 -0.798213 -1.91099 -0.00837477 0
0 9817 phononL 0.004 -0.950916 -1.6175 0.00770419 0
0 9818 phononL 0.004 -1.77018 -1.1975 -3.58379e-05 0
0 9819 phononL 0.004 -0.838073 1.02814 -0.0367028 0
0 9820 phononL 0.004 1.25237 -2.19453 0.00268336 0
0 9821 phononL 0.004 0.967183 -0.803825 -0.025202 0
0 9822 phononL 0.004 -1.27437 0.419392 0.00833643 0
0 9823 phononL 0.004 0.297974 -1.06298 0.0390881 0
0 9824 phononL 0.004 -0.456074 -0.9397 0.021894 0
0 9825 phononL 0.004 -0.953521 2.21854 0.00421768 0
0 9826 phononL 0.004 -0.192836 -0.988097 0.0278927 0
0 9827 phononL 0.004 -0.806329 1.12703 -0.0345102 0
0 9828 phononL 0.004 -1.36511 -1.6269 0.0362918 0
0 9829 phononL 0.004 1.7138 1.67146 0.030461 0
0 9830 phononL 0.004 -1.38642 2.02491 -0.012939 0
0 9831 phononL 0.004 0.48866 -0.152104 -0.0374056 0
0 9832 phononL 0.004 -1.41209 0.0205025 -0.0350547 0
0 9833 phononL 0.004 -0.533877 -1.8764 -0.0108148 0
0 9834 phononL 0.004 0.0785585 -1.94899 0.000546396 0
0 9835 phononL 0.004 -0.283378 -0.518212 0.0234906 0
0 9836 phononL 0.004 0.413054 -0.275131 0.0222155 0
0 9837 phononL 0.004 -0.779803 -0.101702 -0.00231112 0
0 9838 phononL 0.004 0.762688 1.16256 -0.0191227 0
0 9839 phononL 0.004 -0.00313606 0.404463 -0.0120802 0
0 9840 phononL 0.004 -0.297475 1.88759 0.0242028 0
0 9841 phononL 0.004 -1.96835 2.06389 -0.0102364 0
0 9842 phononL 0.004 -0.465356 -1.02562 0.0088631 0
0 9843 phononL 0.004 -0.0470986 0.565978 -0.012894 0
0 9844 phononL 0.004 -0.698579 -1.90023 0.00619497 0
0 9845 phononL 0.004 1.84677 2.21382 0.0300991 0
0 9846 phononL 0.004 1.80251 0.384847 -0.0213802 0
0 9847 phononL 0.004 -0.800337 -0.929015 -0.015272 0
0 9848 phononL 0.004 0.134114 -1.28302 0.0144203 0
0 9849 phononL 0.004 1.31604 2.03344 -0.0172097 0
0 9850 phononL 0.004 1.73463 1.00226 -0.0323178 0
0 9851 phononL 0.004 -0.966801 -0.876956 0.00289087 0
0 9852 phononL 0.004 -2.13985 0.0314991 -0.0198773 0
0 9853 phononL 0.004 1.54365 -1.5207 0.0247738 0
0 9854 phononL 0.004 -0.906194 0.302407 -0.00443864 0
0 9855 phononL 0.004 2.09832 -2.07423 -0.0386886 0
0 9856 phononL 0.004 -0.825484 1.39788 0.0271087 0
0 9857 phononL 0.004 0.306892 1.86781 0.0070799 0
0 9858 phononL 0.004 -1.6829 0.0336089 0.0185423 0
0 9859 phononL 0.004 -0.671052 -1.73498 0.0372516 0
0 9860 phononL 0.004 0.555015 -0.599012 -0.0351454 0
0 9861 phononL 0.004 -0.326985 0.757906 -0.0208634 0
0 9862 phononL 0.004 1.82848 0.630482 0.000358734 0
0 9863 phononL 0.004 0.348914 -0.637149 -0.0285458 0
0 9864 phononL 0.004 -0.723135 -0.396665 -0.00718857 0
0 9865 phononL 0.004 -1.36191 -1.91081 -0.0340317 0
0 9866 phononL 0.004 0.693924 0.710831 0.0292729 0
0 9867 phononL 0.004 0.999863 -0.0841769 -0.0214325 0
0 9868 phononL 0.004 -0.124282 1.22422 -0.0262277 0
0 9869 phononL 0.004 0.395949 2.20348 -0.00537609 0
0 9870 phononL 0.004 -2.16287 2.09032 -0.0288532 0
0 9871 phononL 0.004 -2.23214 -0.142703 -0.0306614 0
0 9872 phononL 0.004 2.08756 0.914038 0.0355511 0
0 9873 phononL 0.004 -0.877955 -0.981833 -0.0307875 0
0 9874 phononL 0.004 2.17824 2.08381 -0.0374784 0
0 9875 phononL 0.004 -0.472985 1.4404 0.035884 0
0 9876 phononL 0.004 -1.74969 0.476804 0.0338144 0
0 9877 phononL 0.004 1.16139 -1.88575 -0.0297483 0
0 9878 phononL 0.004 -1.70108 0.906879 0.0363255 0
0 9879 phononL 0.004 2.21909 0.368324 -0.0181538 0
0 9880 phononL 0.004 -1.61812 -1.91604 0.0371148 0
0 9881 phononL 0.004 1.41305 1.23903 0.0328748 0
0 9882 phononL 0.004 -0.870055 -1.48802 0.0131754 0
0 9883 phononL 0.004 -0.480362 0.0452079 0.0200308 0
0 9884 phononL 0.004 1.15855 -0.101582 -0.008867 0
0 9885 phononL 0.004 1.39807 -0.221968 0.0164464 0
0 9886 phononL 0.004 0.380343 1.72983 0.0295574 0
0 9887 phononL 0.004 0.369392 -0.0187124 0.028087 0
0 9888 phononL 0.004 1.4699 1.35784 -0.0163356 0
0 9889 phononL 0.004 -2.00636 -1.60677 -0.0269854 0
0 9890 phononL 0.004 1.92621 -2.20176 0.035247 0
0 9891 phononL 0.004 0.542658 -1.14167 0.0300918 0
0 9892 phononL 0.004 1.23872 1.26785 0.032136 0
0 9893 phononL 0.004 -0.564906 0.463527 0.00333467 0
0 9894 phononL 0.004 0.780694 0.685689 -0.0318217 0
0 9895 phononL 0.004 -0.256433 -1.85697 0.0178505 0
0 9896 phononL 0.004 -0.603958 0.716086 -0.0366422 0
0 9897 phononL 0.004 -1.99897 -1.63262 -0.012808 0
0 9898 phononL 0.004 -1.96488 -1.95466 -0.00366323 0
0 9899 phononL 0.004 -1.12416 -2.20625 0.0298928 0
0 9900 phononL 0.004 -1.16165 -1.95999 -0.021878 0
0 9901 phononL 0.004 1.94655 -0.946912 -0.0348642 0
0 9902 phononL 0.004 0.364002 0.605826 -0.00902849 0
0 9903 phononL 0.004 -0.635443 2.00859 -0.0370752 0
0 9904 phononL 0.004 -1.29316 -1.37991 -0.0326724 0
0 9905 phononL 0.004 -1.29123 -1.49851 0.0378784 0
0 9906 phononL 0.004 1.5017 1.26988 -0.02383 0
0 9907 phononL 0.004 0.868376 -2.19811 0.00886035 0
0 9908 phononL 0.004 1.30466 -1.50209 -0.0242511 0
0 9909 phononL 0.004 -0.70713 1.32655 0.0172097 0
0 9910 phononL 0.004 1.42723 1.01338 -0.0192493 0
0 9911 phononL 0.004 1.79124 2.07788 0.0358571 0
0 9912 phononL 0.004 -2.04958 -0.0468538 0.0249365 0
0 9913 phononL 0.004 0.0498782 1.05656 -0.00981406 0
0 9914 phononL 0.004 -1.53189 2.13527 -0.0336336 0
0 9915 phononL 0.004 -1.10822 -1.56662 -0.0274986 0
0 9916 phononL 0.004 0.314569 -1.68652 0.00115304 0
0 9917 phononL 0.004 -0.632529 -1.13473 -0.00843859 0
0 9918 phononL 0.004 -1.53276 1.64297 0.0219564 0
0 9919 phononL 0.004 0.892634 0.622135 -0.0237405 0
0 9920 phononL 0.004 0.0123746 0.230656 -0.030876 0
0 9921 phononL 0.004 1.61399 -0.17657 -0.0388394 0
0 9922 phononL 0.004 1.4355 -0.00686587 -0.00387933 0
0 9923 phononL 0.004 -1.05628 1.27103 0.0349222 0
0 9924 phononL 0.004 2.14263 -0.758718 0.0382152 0
0 9925 phononL 0.004 1.12994 -0.209641 -0.01512 0
0 9926 phononL 0.004 -0.986403 -0.776533 0.000889216 0
0 9927 phononL 0.004 2.12367 2.07547 0.0212586 0
0 9928 phononL 0.004 -0.84981 -0.823254 0.0143048 0
0 9929 phononL 0.004 -0.267319 -0.442209 -0.0349494 0
0 9930 phononL 0.004 0.193357 -0.862039 -0.0373791 0
0 9931 phononL 0.004 1.17707 1.97649 0.0173868 0
0 9932 phononL 0.004 -1.81831 -0.152373 0.0280625 0
0 9933 phononL 0.004 -0.302479 -0.490471 0.0363696 0
0 9934 phononL 0.004 -2.14313 -0.469748 0.0328438 0
0 9935 phononL 0.004 0.272727 -2.04057 -0.0261404 0
0 9936 phononL 0.004 0.683086 1.04972 0.0361961 0
0 9937 phononL 0.004 0.0549301 0.0486697 -0.0246422 0
0 9938 phononL 0.004 -1.63489 -1.4728 -0.02635 0
0 9939 phononL 0.004 1.02526 0.732062 -0.0141618 0
0 9940 phononL 0.004 0.00242737 1.85517 0.0314912 0
0 9941 phononL 0.004 -0.0671735 -1.11439 -0.0324539 0
0 9942 phononL 0.004 1.41641 0.126337 0.0277377 0
0 9943 phononL 0.004 -1.918 -1.54899 -0.00694373 0
0 9944 phononL 0.004 1.68536 -1.63824 0.0307921 0
0 9945 phononL 0.004 1.19439 -1.7424 0.0359215 0
0 9946 phononL 0.004 -0.678534 -1.11005 -0.000110049 0
0 9947 phononL 0.004 1.98758 -0.336821 -0.0372902 0
0 9948 phononL 0.004 0.805131 1.70058 0.0209291 0
0 9949 phononL 0.004 1.69188 1.43994 -0.0148614 0
0 9950 phononL 0.004 0.339611 -0.0306372 -0.0215868 0
0 9951 phononL 0.004 1.82181 -1.13088 0.0367345 0
0 9952 phononL 0.004 -0.63428 -1.2647 0.025411 0
0 9953 phononL 0.004 -2.1636 1.75912 0.0139059 0
0 9954 phononL 0.004 -0.357641 -1.78585 0.0258664 0
0 9955 phononL 0.004 -1.90978 0.990348 -0.0086979 0
0 9956 phononL 0.004 0.581504 -1.28396 0.0254025 0
0 9957 phononL 0.004 -0.512558 -1.07839 0.0231414 0
0 9958 phononL 0.004 0.437536 0.266449 0.0221249 0
0 9959 phononL 0.004 0.359516 -2.21072 0.0360287 0
0 9960 phononL 0.004 1.88697 0.207143 0.0363638 0
0 9961 phononL 0.004 -2.09003 2.23501 -0.0264658 0
0 9962 phononL 0.004 -0.191589 -2.21635 0.00412203 0
0 9963 phononL 0.004 0.400313 0.69635 0.0126714 0
0 9964 phononL 0.004 1.83121 2.12946 0.00938793 0
0 9965 phononL 0.004 0.200845 -0.475491 -0.0270265 0
0 9966 phononL 0.004 -0.865871 -1.64675 0.0197712 0
0 9967 phononL 0.004 2.15313 1.481 0.0211361 0
0 9968 phononL 0.004 1.09361 1.08819 -0.0218726 0
0 9969 phononL 0.004 -1.11433 0.840589 -0.000859383 0
0 9970 phononL 0.004 1.41605 0.0458745 -0.0206199 0
0 9971 phononL 0.004 -1.67511 1.9584 -0.0260833 0
0 9972 phononL 0.004 0.718389 -1.5085 0.034113 0
0 9973 phononL 0.004 -1.22086 0.637462 0.0397588 0
0 9974 phononL 0.004 -1.76055 -1.98093 -0.0342119 0
0 9975 phononL 0.004 2.12162 1.61223 -0.012579 0
0 9976 phononL 0.004 1.35036 0.916084 -0.0208174 0
0 9977 phononL 0.004 1.31226 -2.20022 0.000930078 0
0 9978 phononL 0.004 1.84989 -0.323861 -0.00121235 0
0 9979 phononL 0.004 2.18635 0.797598 -0.00907817 0
0 9980 phononL 0.004 0.332709 -1.40838 -0.0231594 0
0 9981 phononL 0.004 0.499246 -0.245781 -0.0123526 0
0 9982 phononL 0.004 -0.0509314 0.905722 -0.0221629 0
0 9983 phononL 0.004 -2.04604 1.1157 0.000444932 0
0 9984 phononL 0.004 -1.96502 -1.46257 0.0257762 0
0 9985 phononL 0.004 1.00382 -0.857563 -0.0162724 0
0 9986 phononL 0.004 0.0800139 -0.695905 -0.0235575 0
0 9987 phononL 0.004 2.00509 -0.243728 0.0153178 0
0 9988 phononL 0.004 0.0815659 1.91115 -0.034629 0
0 9989 phononL 0.004 -1.97677 1.2874 0.0129514 0
0 9990 phononL 0.004 1.13467 1.51843 -0.026759 0
0 9991 phononL 0.004 -0.885206 -2.15272 -0.0144822 0
0 9992 phononL 0.004 2.12424 1.12657 0.0179476 0
0 9993 phononL 0.004 1.21481 1.0365 -0.0308837 0
0 9994 phononL 0.004 1.1565 0.582984 0.0316604 0
0 9995 phononL 0.004 -0.578839 2.07625 0.0134482 0
0 9996 phononL 0.004 -1.49161 0.909091 -0.0167865 0
0 9997 phononL 0.004 1.47308 -1.21656 0.0083495 0
0 9998 phononL 0.004 0.627649 1.55592 0.0242076 0
0 9999 phononL 0.004 -2.08746 0.163296 0.00290311 0
